Year,Season,Region,fwd,wsmax
1981,Annual,East Midlands,0.475,8.951
1982,Annual,East Midlands,0.387,6.961
1983,Annual,East Midlands,0.473,8.864
1984,Annual,East Midlands,0.435,9.524
1985,Annual,East Midlands,0.427,8.981
1986,Annual,East Midlands,0.384,7.699
1987,Annual,East Midlands,0.393,8.942
1988,Annual,East Midlands,0.374,7.825
1989,Annual,East Midlands,0.436,7.913
1990,Annual,East Midlands,0.386,7.825
1991,Annual,East Midlands,0.407,8.680
1992,Annual,East Midlands,0.419,7.087
1993,Annual,East Midlands,0.404,8.214
1994,Annual,East Midlands,0.453,7.796
1995,Annual,East Midlands,0.358,9.757
1996,Annual,East Midlands,0.454,7.680
1997,Annual,East Midlands,0.373,8.777
1998,Annual,East Midlands,0.394,8.340
1999,Annual,East Midlands,0.444,8.757
2000,Annual,East Midlands,0.392,8.223
2001,Annual,East Midlands,0.391,6.650
2002,Annual,East Midlands,0.408,8.369
2003,Annual,East Midlands,0.371,9.350
2004,Annual,East Midlands,0.435,9.825
2005,Annual,East Midlands,0.404,7.272
2006,Annual,East Midlands,0.416,8.311
2007,Annual,East Midlands,0.410,7.417
2008,Annual,East Midlands,0.430,8.369
2009,Annual,East Midlands,0.399,7.524
2010,Annual,East Midlands,0.459,8.476
2011,Annual,East Midlands,0.383,7.388
2012,Annual,East Midlands,0.413,6.476
2013,Annual,East Midlands,0.370,7.010
2014,Annual,East Midlands,0.382,8.476
2015,Annual,East Midlands,0.423,7.456
2016,Annual,East Midlands,0.398,8.369
2017,Annual,East Midlands,0.412,9.864
2018,Annual,East Midlands,0.455,7.155
2019,Annual,East Midlands,0.450,8.563
2020,Annual,East Midlands,0.430,9.728
2021,Annual,East Midlands,0.416,7.641
2022,Annual,East Midlands,0.383,8.301
2023,Annual,East Midlands,0.470,7.553
2024,Annual,East Midlands,0.420,8.233
2025,Annual,East Midlands,0.398,8.932
2026,Annual,East Midlands,0.438,9.573
2027,Annual,East Midlands,0.454,11.796
2028,Annual,East Midlands,0.390,7.563
2029,Annual,East Midlands,0.419,9.748
2030,Annual,East Midlands,0.428,11.078
2031,Annual,East Midlands,0.402,8.087
2032,Annual,East Midlands,0.426,8.233
2033,Annual,East Midlands,0.322,6.718
2034,Annual,East Midlands,0.399,9.874
2035,Annual,East Midlands,0.423,7.388
2036,Annual,East Midlands,0.441,10.184
2037,Annual,East Midlands,0.425,10.165
2038,Annual,East Midlands,0.402,8.728
2039,Annual,East Midlands,0.461,11.602
2040,Annual,East Midlands,0.371,8.777
2041,Annual,East Midlands,0.432,8.379
2042,Annual,East Midlands,0.363,7.214
2043,Annual,East Midlands,0.401,7.748
2044,Annual,East Midlands,0.487,10.049
2045,Annual,East Midlands,0.402,7.049
2046,Annual,East Midlands,0.426,9.184
2047,Annual,East Midlands,0.429,8.165
2048,Annual,East Midlands,0.424,8.592
2049,Annual,East Midlands,0.373,7.136
2050,Annual,East Midlands,0.399,8.680
2051,Annual,East Midlands,0.341,9.233
2052,Annual,East Midlands,0.429,6.534
2053,Annual,East Midlands,0.395,7.437
2054,Annual,East Midlands,0.389,8.126
2055,Annual,East Midlands,0.373,8.320
2056,Annual,East Midlands,0.403,8.728
2057,Annual,East Midlands,0.322,8.155
2058,Annual,East Midlands,0.398,7.068
2059,Annual,East Midlands,0.343,8.786
2060,Annual,East Midlands,0.329,6.699
2061,Annual,East Midlands,0.406,6.893
2062,Annual,East Midlands,0.396,6.816
2063,Annual,East Midlands,0.378,8.107
2064,Annual,East Midlands,0.431,8.282
2065,Annual,East Midlands,0.406,10.757
2066,Annual,East Midlands,0.401,7.961
2067,Annual,East Midlands,0.402,7.631
2068,Annual,East Midlands,0.368,8.534
2069,Annual,East Midlands,0.425,8.505
2070,Annual,East Midlands,0.369,7.311
2071,Annual,East Midlands,0.406,6.990
2072,Annual,East Midlands,0.370,6.641
2073,Annual,East Midlands,0.378,9.214
2074,Annual,East Midlands,0.394,7.573
2075,Annual,East Midlands,0.416,8.583
2076,Annual,East Midlands,0.346,7.738
2077,Annual,East Midlands,0.418,8.913
2078,Annual,East Midlands,0.381,11.563
2079,Annual,East Midlands,0.383,7.913
2080,Annual,East Midlands,0.355,6.718
1981,Annual,East of England,0.472,9.079
1982,Annual,East of England,0.384,7.603
1983,Annual,East of England,0.432,6.905
1984,Annual,East of England,0.415,7.032
1985,Annual,East of England,0.398,6.944
1986,Annual,East of England,0.360,7.746
1987,Annual,East of England,0.350,8.651
1988,Annual,East of England,0.353,7.008
1989,Annual,East of England,0.428,6.984
1990,Annual,East of England,0.377,6.175
1991,Annual,East of England,0.377,5.857
1992,Annual,East of England,0.360,6.651
1993,Annual,East of England,0.394,6.762
1994,Annual,East of England,0.426,7.683
1995,Annual,East of England,0.333,6.317
1996,Annual,East of England,0.415,7.738
1997,Annual,East of England,0.352,8.389
1998,Annual,East of England,0.387,7.929
1999,Annual,East of England,0.448,9.103
2000,Annual,East of England,0.359,6.857
2001,Annual,East of England,0.376,5.929
2002,Annual,East of England,0.388,9.452
2003,Annual,East of England,0.359,10.095
2004,Annual,East of England,0.403,7.810
2005,Annual,East of England,0.393,6.730
2006,Annual,East of England,0.404,6.810
2007,Annual,East of England,0.383,7.929
2008,Annual,East of England,0.380,6.976
2009,Annual,East of England,0.380,7.500
2010,Annual,East of England,0.415,9.270
2011,Annual,East of England,0.360,6.548
2012,Annual,East of England,0.391,6.905
2013,Annual,East of England,0.335,7.333
2014,Annual,East of England,0.354,7.032
2015,Annual,East of England,0.403,8.325
2016,Annual,East of England,0.387,8.683
2017,Annual,East of England,0.390,7.643
2018,Annual,East of England,0.425,7.889
2019,Annual,East of England,0.433,7.817
2020,Annual,East of England,0.402,6.516
2021,Annual,East of England,0.389,6.802
2022,Annual,East of England,0.358,8.913
2023,Annual,East of England,0.427,7.484
2024,Annual,East of England,0.402,7.706
2025,Annual,East of England,0.370,6.849
2026,Annual,East of England,0.397,8.667
2027,Annual,East of England,0.423,11.889
2028,Annual,East of England,0.373,7.587
2029,Annual,East of England,0.389,9.008
2030,Annual,East of England,0.413,9.532
2031,Annual,East of England,0.389,6.437
2032,Annual,East of England,0.418,7.476
2033,Annual,East of England,0.291,6.056
2034,Annual,East of England,0.368,7.468
2035,Annual,East of England,0.419,6.706
2036,Annual,East of England,0.411,8.246
2037,Annual,East of England,0.420,9.373
2038,Annual,East of England,0.363,9.992
2039,Annual,East of England,0.442,12.048
2040,Annual,East of England,0.329,7.921
2041,Annual,East of England,0.406,8.413
2042,Annual,East of England,0.331,8.381
2043,Annual,East of England,0.377,7.587
2044,Annual,East of England,0.449,8.532
2045,Annual,East of England,0.385,6.857
2046,Annual,East of England,0.423,7.770
2047,Annual,East of England,0.377,7.325
2048,Annual,East of England,0.396,6.746
2049,Annual,East of England,0.377,6.516
2050,Annual,East of England,0.380,7.921
2051,Annual,East of England,0.330,9.079
2052,Annual,East of England,0.413,6.278
2053,Annual,East of England,0.396,6.841
2054,Annual,East of England,0.382,6.103
2055,Annual,East of England,0.355,6.595
2056,Annual,East of England,0.380,7.484
2057,Annual,East of England,0.287,7.690
2058,Annual,East of England,0.380,6.833
2059,Annual,East of England,0.304,7.024
2060,Annual,East of England,0.302,7.802
2061,Annual,East of England,0.382,7.008
2062,Annual,East of England,0.372,6.214
2063,Annual,East of England,0.345,6.587
2064,Annual,East of England,0.400,7.103
2065,Annual,East of England,0.369,8.865
2066,Annual,East of England,0.390,9.540
2067,Annual,East of England,0.398,6.746
2068,Annual,East of England,0.340,7.159
2069,Annual,East of England,0.405,7.500
2070,Annual,East of England,0.344,6.198
2071,Annual,East of England,0.365,6.984
2072,Annual,East of England,0.354,7.159
2073,Annual,East of England,0.344,6.024
2074,Annual,East of England,0.361,6.206
2075,Annual,East of England,0.373,7.603
2076,Annual,East of England,0.334,10.317
2077,Annual,East of England,0.365,8.230
2078,Annual,East of England,0.366,8.492
2079,Annual,East of England,0.365,8.357
2080,Annual,East of England,0.348,7.143
1981,Annual,East Scotland,0.531,12.774
1982,Annual,East Scotland,0.489,15.704
1983,Annual,East Scotland,0.494,13.226
1984,Annual,East Scotland,0.469,14.478
1985,Annual,East Scotland,0.479,11.088
1986,Annual,East Scotland,0.489,12.365
1987,Annual,East Scotland,0.511,11.541
1988,Annual,East Scotland,0.474,12.289
1989,Annual,East Scotland,0.539,19.736
1990,Annual,East Scotland,0.518,12.786
1991,Annual,East Scotland,0.527,12.333
1992,Annual,East Scotland,0.513,12.893
1993,Annual,East Scotland,0.487,11.975
1994,Annual,East Scotland,0.515,12.082
1995,Annual,East Scotland,0.441,11.767
1996,Annual,East Scotland,0.530,11.459
1997,Annual,East Scotland,0.431,9.906
1998,Annual,East Scotland,0.467,11.704
1999,Annual,East Scotland,0.476,13.176
2000,Annual,East Scotland,0.480,15.340
2001,Annual,East Scotland,0.488,11.956
2002,Annual,East Scotland,0.462,12.138
2003,Annual,East Scotland,0.532,16.358
2004,Annual,East Scotland,0.527,14.994
2005,Annual,East Scotland,0.486,9.635
2006,Annual,East Scotland,0.483,11.836
2007,Annual,East Scotland,0.462,11.421
2008,Annual,East Scotland,0.501,15.541
2009,Annual,East Scotland,0.504,12.868
2010,Annual,East Scotland,0.544,15.887
2011,Annual,East Scotland,0.471,12.692
2012,Annual,East Scotland,0.481,10.409
2013,Annual,East Scotland,0.491,12.692
2014,Annual,East Scotland,0.461,10.088
2015,Annual,East Scotland,0.517,13.270
2016,Annual,East Scotland,0.493,11.465
2017,Annual,East Scotland,0.487,14.686
2018,Annual,East Scotland,0.519,15.396
2019,Annual,East Scotland,0.518,11.440
2020,Annual,East Scotland,0.524,13.761
2021,Annual,East Scotland,0.440,10.855
2022,Annual,East Scotland,0.484,12.465
2023,Annual,East Scotland,0.553,12.019
2024,Annual,East Scotland,0.502,10.730
2025,Annual,East Scotland,0.460,10.642
2026,Annual,East Scotland,0.511,13.881
2027,Annual,East Scotland,0.517,12.440
2028,Annual,East Scotland,0.466,10.013
2029,Annual,East Scotland,0.507,13.497
2030,Annual,East Scotland,0.512,13.283
2031,Annual,East Scotland,0.495,10.503
2032,Annual,East Scotland,0.475,12.522
2033,Annual,East Scotland,0.437,10.774
2034,Annual,East Scotland,0.502,12.264
2035,Annual,East Scotland,0.499,10.692
2036,Annual,East Scotland,0.551,12.591
2037,Annual,East Scotland,0.504,12.931
2038,Annual,East Scotland,0.514,12.484
2039,Annual,East Scotland,0.458,10.925
2040,Annual,East Scotland,0.497,14.572
2041,Annual,East Scotland,0.507,10.239
2042,Annual,East Scotland,0.509,12.717
2043,Annual,East Scotland,0.473,10.698
2044,Annual,East Scotland,0.558,12.031
2045,Annual,East Scotland,0.518,13.069
2046,Annual,East Scotland,0.511,11.780
2047,Annual,East Scotland,0.503,11.409
2048,Annual,East Scotland,0.476,12.969
2049,Annual,East Scotland,0.502,11.019
2050,Annual,East Scotland,0.514,12.440
2051,Annual,East Scotland,0.455,13.415
2052,Annual,East Scotland,0.547,14.472
2053,Annual,East Scotland,0.448,12.233
2054,Annual,East Scotland,0.496,13.371
2055,Annual,East Scotland,0.472,11.233
2056,Annual,East Scotland,0.513,12.723
2057,Annual,East Scotland,0.436,14.327
2058,Annual,East Scotland,0.456,13.201
2059,Annual,East Scotland,0.417,10.013
2060,Annual,East Scotland,0.438,9.994
2061,Annual,East Scotland,0.484,12.264
2062,Annual,East Scotland,0.488,14.044
2063,Annual,East Scotland,0.458,11.176
2064,Annual,East Scotland,0.514,12.208
2065,Annual,East Scotland,0.499,11.887
2066,Annual,East Scotland,0.460,10.371
2067,Annual,East Scotland,0.453,11.704
2068,Annual,East Scotland,0.460,10.673
2069,Annual,East Scotland,0.495,9.415
2070,Annual,East Scotland,0.446,10.987
2071,Annual,East Scotland,0.509,14.132
2072,Annual,East Scotland,0.480,11.623
2073,Annual,East Scotland,0.426,10.138
2074,Annual,East Scotland,0.451,11.717
2075,Annual,East Scotland,0.484,9.925
2076,Annual,East Scotland,0.462,13.673
2077,Annual,East Scotland,0.527,12.648
2078,Annual,East Scotland,0.470,12.201
2079,Annual,East Scotland,0.467,12.000
2080,Annual,East Scotland,0.435,10.453
1981,Annual,London,0.465,9.417
1982,Annual,London,0.394,8.167
1983,Annual,London,0.473,8.917
1984,Annual,London,0.429,8.833
1985,Annual,London,0.410,7.417
1986,Annual,London,0.415,8.667
1987,Annual,London,0.349,8.083
1988,Annual,London,0.325,7.000
1989,Annual,London,0.425,7.667
1990,Annual,London,0.402,8.000
1991,Annual,London,0.395,10.750
1992,Annual,London,0.357,6.167
1993,Annual,London,0.389,9.833
1994,Annual,London,0.431,7.667
1995,Annual,London,0.324,7.333
1996,Annual,London,0.450,8.750
1997,Annual,London,0.350,8.417
1998,Annual,London,0.381,8.917
1999,Annual,London,0.446,7.333
2000,Annual,London,0.388,7.083
2001,Annual,London,0.365,5.250
2002,Annual,London,0.368,7.250
2003,Annual,London,0.358,6.833
2004,Annual,London,0.402,8.667
2005,Annual,London,0.394,5.667
2006,Annual,London,0.418,7.917
2007,Annual,London,0.384,8.500
2008,Annual,London,0.355,8.167
2009,Annual,London,0.390,5.417
2010,Annual,London,0.411,7.333
2011,Annual,London,0.356,7.167
2012,Annual,London,0.383,6.167
2013,Annual,London,0.325,9.083
2014,Annual,London,0.345,6.083
2015,Annual,London,0.412,9.500
2016,Annual,London,0.412,9.083
2017,Annual,London,0.406,10.250
2018,Annual,London,0.424,7.167
2019,Annual,London,0.437,8.917
2020,Annual,London,0.415,7.250
2021,Annual,London,0.391,6.667
2022,Annual,London,0.342,9.250
2023,Annual,London,0.424,7.083
2024,Annual,London,0.428,8.500
2025,Annual,London,0.353,7.167
2026,Annual,London,0.431,8.250
2027,Annual,London,0.429,11.417
2028,Annual,London,0.385,9.000
2029,Annual,London,0.402,8.500
2030,Annual,London,0.395,9.167
2031,Annual,London,0.411,6.250
2032,Annual,London,0.407,9.417
2033,Annual,London,0.296,5.417
2034,Annual,London,0.381,10.250
2035,Annual,London,0.423,8.500
2036,Annual,London,0.452,12.000
2037,Annual,London,0.425,9.000
2038,Annual,London,0.355,9.167
2039,Annual,London,0.442,12.667
2040,Annual,London,0.326,8.417
2041,Annual,London,0.391,8.417
2042,Annual,London,0.336,6.083
2043,Annual,London,0.398,7.417
2044,Annual,London,0.465,9.750
2045,Annual,London,0.376,7.667
2046,Annual,London,0.429,6.833
2047,Annual,London,0.366,9.500
2048,Annual,London,0.386,5.833
2049,Annual,London,0.347,6.333
2050,Annual,London,0.369,7.250
2051,Annual,London,0.339,9.500
2052,Annual,London,0.436,7.167
2053,Annual,London,0.393,6.583
2054,Annual,London,0.402,6.917
2055,Annual,London,0.383,6.667
2056,Annual,London,0.375,6.667
2057,Annual,London,0.297,7.000
2058,Annual,London,0.388,6.667
2059,Annual,London,0.313,7.917
2060,Annual,London,0.283,7.000
2061,Annual,London,0.361,5.750
2062,Annual,London,0.372,5.750
2063,Annual,London,0.360,8.083
2064,Annual,London,0.385,9.083
2065,Annual,London,0.352,8.333
2066,Annual,London,0.417,10.917
2067,Annual,London,0.410,7.333
2068,Annual,London,0.351,7.917
2069,Annual,London,0.405,9.250
2070,Annual,London,0.354,5.833
2071,Annual,London,0.391,6.667
2072,Annual,London,0.346,5.667
2073,Annual,London,0.333,7.083
2074,Annual,London,0.367,7.417
2075,Annual,London,0.376,7.833
2076,Annual,London,0.321,10.833
2077,Annual,London,0.376,7.750
2078,Annual,London,0.366,7.417
2079,Annual,London,0.359,10.917
2080,Annual,London,0.327,6.417
1981,Annual,North East England,0.506,10.211
1982,Annual,North East England,0.390,8.246
1983,Annual,North East England,0.459,12.123
1984,Annual,North East England,0.415,12.316
1985,Annual,North East England,0.441,12.439
1986,Annual,North East England,0.418,8.368
1987,Annual,North East England,0.429,9.737
1988,Annual,North East England,0.423,12.860
1989,Annual,North East England,0.440,11.228
1990,Annual,North East England,0.456,10.439
1991,Annual,North East England,0.455,10.825
1992,Annual,North East England,0.457,9.842
1993,Annual,North East England,0.423,8.895
1994,Annual,North East England,0.464,10.088
1995,Annual,North East England,0.399,11.825
1996,Annual,North East England,0.487,7.596
1997,Annual,North East England,0.381,10.281
1998,Annual,North East England,0.425,9.632
1999,Annual,North East England,0.459,10.754
2000,Annual,North East England,0.410,11.175
2001,Annual,North East England,0.419,8.561
2002,Annual,North East England,0.426,11.228
2003,Annual,North East England,0.476,11.895
2004,Annual,North East England,0.473,12.509
2005,Annual,North East England,0.407,8.333
2006,Annual,North East England,0.439,11.579
2007,Annual,North East England,0.430,8.684
2008,Annual,North East England,0.444,10.193
2009,Annual,North East England,0.412,12.614
2010,Annual,North East England,0.487,10.035
2011,Annual,North East England,0.403,7.930
2012,Annual,North East England,0.423,8.105
2013,Annual,North East England,0.418,8.860
2014,Annual,North East England,0.384,8.211
2015,Annual,North East England,0.423,10.211
2016,Annual,North East England,0.440,9.491
2017,Annual,North East England,0.450,9.895
2018,Annual,North East England,0.442,9.246
2019,Annual,North East England,0.513,10.193
2020,Annual,North East England,0.486,10.070
2021,Annual,North East England,0.385,7.982
2022,Annual,North East England,0.436,9.228
2023,Annual,North East England,0.496,10.386
2024,Annual,North East England,0.428,8.737
2025,Annual,North East England,0.399,8.684
2026,Annual,North East England,0.450,9.860
2027,Annual,North East England,0.463,11.474
2028,Annual,North East England,0.445,8.684
2029,Annual,North East England,0.429,9.421
2030,Annual,North East England,0.437,11.246
2031,Annual,North East England,0.450,8.456
2032,Annual,North East England,0.447,11.246
2033,Annual,North East England,0.382,10.982
2034,Annual,North East England,0.462,10.368
2035,Annual,North East England,0.416,8.526
2036,Annual,North East England,0.463,9.175
2037,Annual,North East England,0.428,8.281
2038,Annual,North East England,0.435,8.544
2039,Annual,North East England,0.442,9.368
2040,Annual,North East England,0.441,9.228
2041,Annual,North East England,0.473,9.316
2042,Annual,North East England,0.425,9.123
2043,Annual,North East England,0.420,8.088
2044,Annual,North East England,0.512,10.754
2045,Annual,North East England,0.447,11.614
2046,Annual,North East England,0.451,8.737
2047,Annual,North East England,0.439,9.561
2048,Annual,North East England,0.437,8.737
2049,Annual,North East England,0.443,10.737
2050,Annual,North East England,0.457,8.614
2051,Annual,North East England,0.395,9.702
2052,Annual,North East England,0.463,10.632
2053,Annual,North East England,0.392,8.000
2054,Annual,North East England,0.430,6.561
2055,Annual,North East England,0.413,10.368
2056,Annual,North East England,0.457,9.333
2057,Annual,North East England,0.374,11.158
2058,Annual,North East England,0.429,8.877
2059,Annual,North East England,0.341,7.684
2060,Annual,North East England,0.370,7.000
2061,Annual,North East England,0.476,10.930
2062,Annual,North East England,0.415,7.386
2063,Annual,North East England,0.427,9.421
2064,Annual,North East England,0.455,9.912
2065,Annual,North East England,0.442,9.035
2066,Annual,North East England,0.432,9.561
2067,Annual,North East England,0.426,9.386
2068,Annual,North East England,0.397,8.684
2069,Annual,North East England,0.437,8.053
2070,Annual,North East England,0.388,7.912
2071,Annual,North East England,0.458,12.175
2072,Annual,North East England,0.419,9.930
2073,Annual,North East England,0.419,7.930
2074,Annual,North East England,0.405,8.965
2075,Annual,North East England,0.426,7.772
2076,Annual,North East England,0.404,8.842
2077,Annual,North East England,0.458,10.825
2078,Annual,North East England,0.372,8.649
2079,Annual,North East England,0.425,11.719
2080,Annual,North East England,0.389,7.912
1981,Annual,North Scotland,0.582,16.005
1982,Annual,North Scotland,0.615,26.269
1983,Annual,North Scotland,0.581,19.050
1984,Annual,North Scotland,0.566,19.965
1985,Annual,North Scotland,0.549,16.119
1986,Annual,North Scotland,0.543,17.403
1987,Annual,North Scotland,0.617,16.303
1988,Annual,North Scotland,0.558,22.428
1989,Annual,North Scotland,0.646,30.622
1990,Annual,North Scotland,0.594,18.164
1991,Annual,North Scotland,0.593,17.279
1992,Annual,North Scotland,0.611,20.473
1993,Annual,North Scotland,0.594,18.970
1994,Annual,North Scotland,0.583,19.035
1995,Annual,North Scotland,0.554,16.060
1996,Annual,North Scotland,0.588,15.950
1997,Annual,North Scotland,0.490,12.741
1998,Annual,North Scotland,0.551,16.766
1999,Annual,North Scotland,0.566,19.940
2000,Annual,North Scotland,0.578,27.383
2001,Annual,North Scotland,0.628,21.910
2002,Annual,North Scotland,0.562,18.368
2003,Annual,North Scotland,0.609,20.119
2004,Annual,North Scotland,0.579,14.239
2005,Annual,North Scotland,0.562,14.542
2006,Annual,North Scotland,0.593,17.453
2007,Annual,North Scotland,0.548,16.080
2008,Annual,North Scotland,0.562,28.383
2009,Annual,North Scotland,0.634,20.527
2010,Annual,North Scotland,0.617,18.692
2011,Annual,North Scotland,0.573,20.657
2012,Annual,North Scotland,0.599,20.970
2013,Annual,North Scotland,0.610,24.403
2014,Annual,North Scotland,0.592,17.652
2015,Annual,North Scotland,0.649,25.532
2016,Annual,North Scotland,0.574,17.587
2017,Annual,North Scotland,0.533,19.632
2018,Annual,North Scotland,0.642,23.617
2019,Annual,North Scotland,0.579,22.020
2020,Annual,North Scotland,0.573,17.746
2021,Annual,North Scotland,0.516,22.104
2022,Annual,North Scotland,0.616,24.756
2023,Annual,North Scotland,0.664,19.826
2024,Annual,North Scotland,0.569,16.463
2025,Annual,North Scotland,0.551,17.358
2026,Annual,North Scotland,0.618,24.975
2027,Annual,North Scotland,0.603,17.687
2028,Annual,North Scotland,0.529,13.900
2029,Annual,North Scotland,0.596,16.836
2030,Annual,North Scotland,0.607,22.104
2031,Annual,North Scotland,0.608,21.428
2032,Annual,North Scotland,0.556,15.692
2033,Annual,North Scotland,0.522,18.955
2034,Annual,North Scotland,0.590,16.159
2035,Annual,North Scotland,0.597,19.801
2036,Annual,North Scotland,0.662,21.682
2037,Annual,North Scotland,0.602,21.955
2038,Annual,North Scotland,0.626,18.493
2039,Annual,North Scotland,0.553,19.896
2040,Annual,North Scotland,0.603,21.677
2041,Annual,North Scotland,0.575,16.274
2042,Annual,North Scotland,0.606,18.184
2043,Annual,North Scotland,0.540,16.199
2044,Annual,North Scotland,0.634,16.488
2045,Annual,North Scotland,0.597,18.065
2046,Annual,North Scotland,0.638,22.025
2047,Annual,North Scotland,0.557,13.612
2048,Annual,North Scotland,0.539,18.438
2049,Annual,North Scotland,0.587,17.851
2050,Annual,North Scotland,0.608,20.483
2051,Annual,North Scotland,0.538,18.114
2052,Annual,North Scotland,0.620,19.154
2053,Annual,North Scotland,0.563,23.950
2054,Annual,North Scotland,0.601,21.358
2055,Annual,North Scotland,0.553,18.537
2056,Annual,North Scotland,0.566,17.403
2057,Annual,North Scotland,0.520,19.841
2058,Annual,North Scotland,0.543,22.627
2059,Annual,North Scotland,0.536,16.139
2060,Annual,North Scotland,0.563,16.239
2061,Annual,North Scotland,0.601,18.761
2062,Annual,North Scotland,0.569,20.169
2063,Annual,North Scotland,0.550,14.154
2064,Annual,North Scotland,0.566,16.070
2065,Annual,North Scotland,0.623,20.303
2066,Annual,North Scotland,0.528,13.443
2067,Annual,North Scotland,0.533,17.900
2068,Annual,North Scotland,0.555,21.965
2069,Annual,North Scotland,0.573,16.682
2070,Annual,North Scotland,0.568,18.040
2071,Annual,North Scotland,0.583,21.602
2072,Annual,North Scotland,0.591,21.274
2073,Annual,North Scotland,0.489,17.045
2074,Annual,North Scotland,0.573,17.960
2075,Annual,North Scotland,0.543,13.502
2076,Annual,North Scotland,0.537,20.090
2077,Annual,North Scotland,0.578,14.348
2078,Annual,North Scotland,0.597,20.234
2079,Annual,North Scotland,0.557,17.498
2080,Annual,North Scotland,0.501,14.851
1981,Annual,North West England,0.566,16.129
1982,Annual,North West England,0.518,15.742
1983,Annual,North West England,0.608,24.785
1984,Annual,North West England,0.551,20.484
1985,Annual,North West England,0.500,22.892
1986,Annual,North West England,0.516,16.742
1987,Annual,North West England,0.547,15.763
1988,Annual,North West England,0.446,19.129
1989,Annual,North West England,0.607,23.011
1990,Annual,North West England,0.516,14.935
1991,Annual,North West England,0.520,14.570
1992,Annual,North West England,0.532,18.032
1993,Annual,North West England,0.510,15.559
1994,Annual,North West England,0.580,20.538
1995,Annual,North West England,0.487,11.613
1996,Annual,North West England,0.560,16.452
1997,Annual,North West England,0.488,14.161
1998,Annual,North West England,0.492,16.204
1999,Annual,North West England,0.539,14.871
2000,Annual,North West England,0.499,23.978
2001,Annual,North West England,0.511,12.989
2002,Annual,North West England,0.514,17.140
2003,Annual,North West England,0.562,20.860
2004,Annual,North West England,0.505,14.484
2005,Annual,North West England,0.490,12.882
2006,Annual,North West England,0.511,19.000
2007,Annual,North West England,0.516,13.441
2008,Annual,North West England,0.535,17.419
2009,Annual,North West England,0.519,18.258
2010,Annual,North West England,0.581,16.860
2011,Annual,North West England,0.501,12.301
2012,Annual,North West England,0.551,12.871
2013,Annual,North West England,0.505,17.774
2014,Annual,North West England,0.528,18.398
2015,Annual,North West England,0.583,22.054
2016,Annual,North West England,0.495,17.903
2017,Annual,North West England,0.465,16.763
2018,Annual,North West England,0.601,18.441
2019,Annual,North West England,0.553,13.677
2020,Annual,North West England,0.496,12.989
2021,Annual,North West England,0.485,11.968
2022,Annual,North West England,0.510,18.355
2023,Annual,North West England,0.654,17.667
2024,Annual,North West England,0.537,14.323
2025,Annual,North West England,0.480,15.667
2026,Annual,North West England,0.610,26.710
2027,Annual,North West England,0.584,17.871
2028,Annual,North West England,0.450,10.645
2029,Annual,North West England,0.500,13.398
2030,Annual,North West England,0.528,15.398
2031,Annual,North West England,0.540,18.634
2032,Annual,North West England,0.490,13.699
2033,Annual,North West England,0.413,11.839
2034,Annual,North West England,0.542,17.957
2035,Annual,North West England,0.529,21.065
2036,Annual,North West England,0.603,18.086
2037,Annual,North West England,0.546,16.108
2038,Annual,North West England,0.570,18.204
2039,Annual,North West England,0.523,16.505
2040,Annual,North West England,0.515,15.075
2041,Annual,North West England,0.543,15.624
2042,Annual,North West England,0.500,12.075
2043,Annual,North West England,0.506,21.075
2044,Annual,North West England,0.579,14.817
2045,Annual,North West England,0.538,16.581
2046,Annual,North West England,0.586,16.237
2047,Annual,North West England,0.522,11.731
2048,Annual,North West England,0.496,14.688
2049,Annual,North West England,0.486,14.495
2050,Annual,North West England,0.516,13.430
2051,Annual,North West England,0.467,15.258
2052,Annual,North West England,0.591,21.301
2053,Annual,North West England,0.501,21.258
2054,Annual,North West England,0.547,16.387
2055,Annual,North West England,0.481,15.312
2056,Annual,North West England,0.495,14.344
2057,Annual,North West England,0.426,14.591
2058,Annual,North West England,0.491,11.978
2059,Annual,North West England,0.455,14.957
2060,Annual,North West England,0.450,11.742
2061,Annual,North West England,0.543,17.280
2062,Annual,North West England,0.526,16.043
2063,Annual,North West England,0.512,16.022
2064,Annual,North West England,0.507,13.839
2065,Annual,North West England,0.542,13.731
2066,Annual,North West England,0.466,10.914
2067,Annual,North West England,0.479,13.011
2068,Annual,North West England,0.486,16.656
2069,Annual,North West England,0.509,18.043
2070,Annual,North West England,0.490,12.892
2071,Annual,North West England,0.533,14.731
2072,Annual,North West England,0.496,15.226
2073,Annual,North West England,0.435,11.462
2074,Annual,North West England,0.525,20.581
2075,Annual,North West England,0.470,13.140
2076,Annual,North West England,0.473,18.000
2077,Annual,North West England,0.496,13.344
2078,Annual,North West England,0.506,15.301
2079,Annual,North West England,0.468,11.172
2080,Annual,North West England,0.422,10.441
1981,Annual,South East England,0.447,9.127
1982,Annual,South East England,0.395,9.153
1983,Annual,South East England,0.447,7.619
1984,Annual,South East England,0.424,8.873
1985,Annual,South East England,0.386,6.636
1986,Annual,South East England,0.410,7.958
1987,Annual,South East England,0.331,7.322
1988,Annual,South East England,0.314,7.364
1989,Annual,South East England,0.428,8.619
1990,Annual,South East England,0.370,6.263
1991,Annual,South East England,0.387,8.398
1992,Annual,South East England,0.357,7.246
1993,Annual,South East England,0.372,9.144
1994,Annual,South East England,0.424,8.331
1995,Annual,South East England,0.310,6.695
1996,Annual,South East England,0.445,7.941
1997,Annual,South East England,0.335,7.153
1998,Annual,South East England,0.367,9.475
1999,Annual,South East England,0.428,10.568
2000,Annual,South East England,0.379,7.542
2001,Annual,South East England,0.348,6.008
2002,Annual,South East England,0.373,9.373
2003,Annual,South East England,0.335,6.746
2004,Annual,South East England,0.383,8.737
2005,Annual,South East England,0.390,6.754
2006,Annual,South East England,0.390,9.229
2007,Annual,South East England,0.374,8.415
2008,Annual,South East England,0.349,8.136
2009,Annual,South East England,0.360,7.746
2010,Annual,South East England,0.420,8.983
2011,Annual,South East England,0.342,7.076
2012,Annual,South East England,0.373,6.339
2013,Annual,South East England,0.323,10.508
2014,Annual,South East England,0.341,6.610
2015,Annual,South East England,0.403,9.153
2016,Annual,South East England,0.387,8.458
2017,Annual,South East England,0.390,8.144
2018,Annual,South East England,0.418,7.771
2019,Annual,South East England,0.414,9.161
2020,Annual,South East England,0.385,7.280
2021,Annual,South East England,0.377,7.585
2022,Annual,South East England,0.329,8.246
2023,Annual,South East England,0.425,7.602
2024,Annual,South East England,0.399,6.949
2025,Annual,South East England,0.357,6.915
2026,Annual,South East England,0.427,8.254
2027,Annual,South East England,0.425,9.949
2028,Annual,South East England,0.360,8.153
2029,Annual,South East England,0.393,8.814
2030,Annual,South East England,0.380,9.847
2031,Annual,South East England,0.374,7.398
2032,Annual,South East England,0.412,10.068
2033,Annual,South East England,0.287,5.636
2034,Annual,South East England,0.378,11.161
2035,Annual,South East England,0.403,8.661
2036,Annual,South East England,0.434,10.797
2037,Annual,South East England,0.394,8.847
2038,Annual,South East England,0.365,8.364
2039,Annual,South East England,0.430,12.017
2040,Annual,South East England,0.313,9.364
2041,Annual,South East England,0.391,8.847
2042,Annual,South East England,0.328,6.712
2043,Annual,South East England,0.378,7.110
2044,Annual,South East England,0.453,9.729
2045,Annual,South East England,0.366,7.983
2046,Annual,South East England,0.405,6.805
2047,Annual,South East England,0.360,8.076
2048,Annual,South East England,0.370,7.042
2049,Annual,South East England,0.339,7.669
2050,Annual,South East England,0.364,7.619
2051,Annual,South East England,0.327,8.653
2052,Annual,South East England,0.432,8.525
2053,Annual,South East England,0.386,7.229
2054,Annual,South East England,0.398,7.975
2055,Annual,South East England,0.361,6.373
2056,Annual,South East England,0.355,7.432
2057,Annual,South East England,0.280,6.983
2058,Annual,South East England,0.368,8.610
2059,Annual,South East England,0.311,6.381
2060,Annual,South East England,0.279,6.619
2061,Annual,South East England,0.361,6.898
2062,Annual,South East England,0.386,7.025
2063,Annual,South East England,0.356,7.890
2064,Annual,South East England,0.366,7.602
2065,Annual,South East England,0.361,8.186
2066,Annual,South East England,0.386,9.432
2067,Annual,South East England,0.387,6.890
2068,Annual,South East England,0.344,9.619
2069,Annual,South East England,0.401,8.517
2070,Annual,South East England,0.353,7.424
2071,Annual,South East England,0.377,7.144
2072,Annual,South East England,0.333,6.034
2073,Annual,South East England,0.327,9.941
2074,Annual,South East England,0.358,6.347
2075,Annual,South East England,0.367,7.610
2076,Annual,South East England,0.316,9.449
2077,Annual,South East England,0.367,11.449
2078,Annual,South East England,0.363,8.263
2079,Annual,South East England,0.344,8.271
2080,Annual,South East England,0.315,6.559
1981,Annual,South West England,0.488,12.892
1982,Annual,South West England,0.409,10.544
1983,Annual,South West England,0.497,11.646
1984,Annual,South West England,0.463,12.595
1985,Annual,South West England,0.408,8.196
1986,Annual,South West England,0.456,9.614
1987,Annual,South West England,0.362,9.791
1988,Annual,South West England,0.354,9.506
1989,Annual,South West England,0.460,12.184
1990,Annual,South West England,0.409,9.146
1991,Annual,South West England,0.424,9.532
1992,Annual,South West England,0.402,10.570
1993,Annual,South West England,0.397,11.646
1994,Annual,South West England,0.480,14.051
1995,Annual,South West England,0.325,8.063
1996,Annual,South West England,0.511,12.563
1997,Annual,South West England,0.350,9.196
1998,Annual,South West England,0.398,14.177
1999,Annual,South West England,0.459,12.911
2000,Annual,South West England,0.424,13.297
2001,Annual,South West England,0.383,7.937
2002,Annual,South West England,0.389,9.475
2003,Annual,South West England,0.364,9.253
2004,Annual,South West England,0.418,10.215
2005,Annual,South West England,0.419,8.734
2006,Annual,South West England,0.403,10.399
2007,Annual,South West England,0.396,9.259
2008,Annual,South West England,0.381,9.190
2009,Annual,South West England,0.389,9.709
2010,Annual,South West England,0.468,9.823
2011,Annual,South West England,0.364,8.829
2012,Annual,South West England,0.404,8.133
2013,Annual,South West England,0.341,9.956
2014,Annual,South West England,0.392,10.538
2015,Annual,South West England,0.437,9.272
2016,Annual,South West England,0.418,13.038
2017,Annual,South West England,0.410,10.956
2018,Annual,South West England,0.452,10.804
2019,Annual,South West England,0.460,10.690
2020,Annual,South West England,0.400,7.399
2021,Annual,South West England,0.413,9.101
2022,Annual,South West England,0.337,9.696
2023,Annual,South West England,0.486,11.519
2024,Annual,South West England,0.421,9.582
2025,Annual,South West England,0.394,13.158
2026,Annual,South West England,0.467,10.291
2027,Annual,South West England,0.474,11.285
2028,Annual,South West England,0.369,9.848
2029,Annual,South West England,0.432,10.019
2030,Annual,South West England,0.413,11.424
2031,Annual,South West England,0.380,9.259
2032,Annual,South West England,0.390,10.671
2033,Annual,South West England,0.339,9.582
2034,Annual,South West England,0.430,11.956
2035,Annual,South West England,0.431,11.532
2036,Annual,South West England,0.467,11.924
2037,Annual,South West England,0.433,11.696
2038,Annual,South West England,0.425,12.342
2039,Annual,South West England,0.436,11.924
2040,Annual,South West England,0.334,10.342
2041,Annual,South West England,0.400,10.722
2042,Annual,South West England,0.386,9.297
2043,Annual,South West England,0.405,9.316
2044,Annual,South West England,0.464,11.608
2045,Annual,South West England,0.423,11.722
2046,Annual,South West England,0.435,8.829
2047,Annual,South West England,0.403,9.848
2048,Annual,South West England,0.387,11.133
2049,Annual,South West England,0.362,11.076
2050,Annual,South West England,0.382,8.741
2051,Annual,South West England,0.345,9.241
2052,Annual,South West England,0.472,14.241
2053,Annual,South West England,0.397,12.278
2054,Annual,South West England,0.420,11.278
2055,Annual,South West England,0.398,10.665
2056,Annual,South West England,0.376,9.684
2057,Annual,South West England,0.320,10.551
2058,Annual,South West England,0.380,10.171
2059,Annual,South West England,0.371,8.949
2060,Annual,South West England,0.325,9.063
2061,Annual,South West England,0.384,8.095
2062,Annual,South West England,0.428,11.411
2063,Annual,South West England,0.381,11.949
2064,Annual,South West England,0.406,10.525
2065,Annual,South West England,0.402,9.468
2066,Annual,South West England,0.373,9.722
2067,Annual,South West England,0.403,8.120
2068,Annual,South West England,0.374,11.051
2069,Annual,South West England,0.424,9.595
2070,Annual,South West England,0.394,9.823
2071,Annual,South West England,0.414,8.348
2072,Annual,South West England,0.358,8.462
2073,Annual,South West England,0.332,11.918
2074,Annual,South West England,0.400,9.158
2075,Annual,South West England,0.393,9.494
2076,Annual,South West England,0.352,9.880
2077,Annual,South West England,0.399,12.044
2078,Annual,South West England,0.382,8.544
2079,Annual,South West England,0.351,9.190
2080,Annual,South West England,0.357,8.411
1981,Annual,West Midlands,0.480,9.767
1982,Annual,West Midlands,0.396,6.860
1983,Annual,West Midlands,0.483,8.767
1984,Annual,West Midlands,0.430,10.116
1985,Annual,West Midlands,0.399,7.058
1986,Annual,West Midlands,0.420,8.267
1987,Annual,West Midlands,0.392,9.430
1988,Annual,West Midlands,0.352,6.977
1989,Annual,West Midlands,0.445,8.919
1990,Annual,West Midlands,0.402,9.535
1991,Annual,West Midlands,0.407,7.756
1992,Annual,West Midlands,0.412,7.186
1993,Annual,West Midlands,0.410,8.221
1994,Annual,West Midlands,0.485,9.884
1995,Annual,West Midlands,0.359,8.849
1996,Annual,West Midlands,0.476,9.244
1997,Annual,West Midlands,0.374,7.849
1998,Annual,West Midlands,0.388,8.663
1999,Annual,West Midlands,0.443,8.791
2000,Annual,West Midlands,0.409,8.930
2001,Annual,West Midlands,0.393,8.942
2002,Annual,West Midlands,0.391,8.814
2003,Annual,West Midlands,0.392,8.535
2004,Annual,West Midlands,0.411,8.500
2005,Annual,West Midlands,0.411,6.872
2006,Annual,West Midlands,0.416,10.151
2007,Annual,West Midlands,0.401,7.105
2008,Annual,West Midlands,0.412,8.430
2009,Annual,West Midlands,0.391,7.081
2010,Annual,West Midlands,0.452,8.267
2011,Annual,West Midlands,0.400,8.070
2012,Annual,West Midlands,0.412,5.919
2013,Annual,West Midlands,0.367,7.814
2014,Annual,West Midlands,0.401,9.186
2015,Annual,West Midlands,0.439,7.372
2016,Annual,West Midlands,0.404,11.326
2017,Annual,West Midlands,0.397,7.779
2018,Annual,West Midlands,0.453,7.174
2019,Annual,West Midlands,0.457,7.930
2020,Annual,West Midlands,0.418,8.593
2021,Annual,West Midlands,0.412,7.860
2022,Annual,West Midlands,0.362,7.907
2023,Annual,West Midlands,0.488,8.640
2024,Annual,West Midlands,0.438,7.884
2025,Annual,West Midlands,0.395,10.605
2026,Annual,West Midlands,0.466,8.163
2027,Annual,West Midlands,0.456,9.709
2028,Annual,West Midlands,0.380,8.663
2029,Annual,West Midlands,0.431,10.442
2030,Annual,West Midlands,0.423,11.663
2031,Annual,West Midlands,0.383,7.814
2032,Annual,West Midlands,0.419,8.500
2033,Annual,West Midlands,0.348,8.628
2034,Annual,West Midlands,0.425,10.872
2035,Annual,West Midlands,0.417,8.988
2036,Annual,West Midlands,0.452,9.744
2037,Annual,West Midlands,0.434,13.174
2038,Annual,West Midlands,0.419,9.360
2039,Annual,West Midlands,0.474,11.221
2040,Annual,West Midlands,0.371,8.674
2041,Annual,West Midlands,0.421,8.477
2042,Annual,West Midlands,0.388,6.674
2043,Annual,West Midlands,0.397,8.279
2044,Annual,West Midlands,0.474,11.779
2045,Annual,West Midlands,0.442,8.337
2046,Annual,West Midlands,0.438,8.640
2047,Annual,West Midlands,0.410,7.988
2048,Annual,West Midlands,0.410,7.837
2049,Annual,West Midlands,0.371,7.488
2050,Annual,West Midlands,0.387,7.733
2051,Annual,West Midlands,0.366,9.198
2052,Annual,West Midlands,0.454,7.407
2053,Annual,West Midlands,0.404,8.430
2054,Annual,West Midlands,0.423,6.965
2055,Annual,West Midlands,0.392,7.430
2056,Annual,West Midlands,0.396,8.767
2057,Annual,West Midlands,0.342,9.186
2058,Annual,West Midlands,0.397,7.209
2059,Annual,West Midlands,0.371,8.802
2060,Annual,West Midlands,0.341,7.826
2061,Annual,West Midlands,0.381,6.837
2062,Annual,West Midlands,0.395,7.174
2063,Annual,West Midlands,0.392,9.267
2064,Annual,West Midlands,0.422,8.919
2065,Annual,West Midlands,0.422,8.907
2066,Annual,West Midlands,0.393,8.151
2067,Annual,West Midlands,0.425,8.209
2068,Annual,West Midlands,0.383,8.395
2069,Annual,West Midlands,0.434,8.488
2070,Annual,West Midlands,0.384,7.081
2071,Annual,West Midlands,0.391,7.163
2072,Annual,West Midlands,0.371,6.953
2073,Annual,West Midlands,0.365,8.977
2074,Annual,West Midlands,0.399,8.477
2075,Annual,West Midlands,0.408,10.698
2076,Annual,West Midlands,0.358,7.593
2077,Annual,West Midlands,0.430,11.302
2078,Annual,West Midlands,0.396,9.721
2079,Annual,West Midlands,0.368,7.779
2080,Annual,West Midlands,0.367,7.140
1981,Annual,West Scotland,0.545,14.885
1982,Annual,West Scotland,0.579,21.662
1983,Annual,West Scotland,0.591,21.146
1984,Annual,West Scotland,0.547,25.269
1985,Annual,West Scotland,0.526,19.400
1986,Annual,West Scotland,0.552,21.277
1987,Annual,West Scotland,0.573,17.915
1988,Annual,West Scotland,0.493,16.831
1989,Annual,West Scotland,0.643,36.992
1990,Annual,West Scotland,0.544,15.838
1991,Annual,West Scotland,0.570,16.131
1992,Annual,West Scotland,0.563,18.031
1993,Annual,West Scotland,0.546,16.269
1994,Annual,West Scotland,0.590,19.985
1995,Annual,West Scotland,0.511,14.185
1996,Annual,West Scotland,0.579,15.338
1997,Annual,West Scotland,0.477,13.277
1998,Annual,West Scotland,0.496,18.238
1999,Annual,West Scotland,0.528,19.577
2000,Annual,West Scotland,0.539,30.023
2001,Annual,West Scotland,0.543,12.177
2002,Annual,West Scotland,0.525,17.431
2003,Annual,West Scotland,0.602,25.869
2004,Annual,West Scotland,0.538,16.262
2005,Annual,West Scotland,0.541,13.815
2006,Annual,West Scotland,0.531,16.285
2007,Annual,West Scotland,0.519,11.831
2008,Annual,West Scotland,0.578,22.385
2009,Annual,West Scotland,0.580,20.446
2010,Annual,West Scotland,0.594,20.662
2011,Annual,West Scotland,0.538,18.038
2012,Annual,West Scotland,0.580,15.646
2013,Annual,West Scotland,0.555,19.723
2014,Annual,West Scotland,0.564,17.323
2015,Annual,West Scotland,0.617,24.877
2016,Annual,West Scotland,0.524,17.023
2017,Annual,West Scotland,0.493,20.108
2018,Annual,West Scotland,0.605,19.685
2019,Annual,West Scotland,0.545,16.569
2020,Annual,West Scotland,0.518,13.685
2021,Annual,West Scotland,0.489,16.469
2022,Annual,West Scotland,0.539,20.685
2023,Annual,West Scotland,0.656,18.569
2024,Annual,West Scotland,0.534,13.508
2025,Annual,West Scotland,0.494,13.423
2026,Annual,West Scotland,0.614,22.946
2027,Annual,West Scotland,0.620,16.077
2028,Annual,West Scotland,0.475,13.162
2029,Annual,West Scotland,0.547,14.985
2030,Annual,West Scotland,0.556,18.292
2031,Annual,West Scotland,0.552,17.538
2032,Annual,West Scotland,0.487,12.946
2033,Annual,West Scotland,0.468,14.808
2034,Annual,West Scotland,0.562,20.538
2035,Annual,West Scotland,0.550,17.554
2036,Annual,West Scotland,0.647,21.969
2037,Annual,West Scotland,0.562,17.708
2038,Annual,West Scotland,0.600,20.185
2039,Annual,West Scotland,0.518,18.092
2040,Annual,West Scotland,0.535,17.285
2041,Annual,West Scotland,0.559,13.785
2042,Annual,West Scotland,0.559,14.954
2043,Annual,West Scotland,0.498,17.869
2044,Annual,West Scotland,0.603,15.369
2045,Annual,West Scotland,0.562,17.731
2046,Annual,West Scotland,0.611,18.769
2047,Annual,West Scotland,0.553,12.569
2048,Annual,West Scotland,0.494,15.669
2049,Annual,West Scotland,0.512,16.692
2050,Annual,West Scotland,0.563,18.708
2051,Annual,West Scotland,0.503,16.408
2052,Annual,West Scotland,0.632,23.062
2053,Annual,West Scotland,0.525,20.854
2054,Annual,West Scotland,0.584,20.177
2055,Annual,West Scotland,0.507,17.077
2056,Annual,West Scotland,0.528,13.585
2057,Annual,West Scotland,0.449,14.531
2058,Annual,West Scotland,0.483,12.854
2059,Annual,West Scotland,0.501,17.131
2060,Annual,West Scotland,0.498,15.377
2061,Annual,West Scotland,0.559,17.108
2062,Annual,West Scotland,0.558,21.200
2063,Annual,West Scotland,0.509,15.600
2064,Annual,West Scotland,0.542,16.115
2065,Annual,West Scotland,0.566,15.254
2066,Annual,West Scotland,0.475,11.900
2067,Annual,West Scotland,0.493,14.585
2068,Annual,West Scotland,0.530,21.908
2069,Annual,West Scotland,0.521,16.854
2070,Annual,West Scotland,0.519,18.031
2071,Annual,West Scotland,0.533,20.892
2072,Annual,West Scotland,0.541,19.538
2073,Annual,West Scotland,0.440,14.238
2074,Annual,West Scotland,0.503,18.938
2075,Annual,West Scotland,0.505,11.262
2076,Annual,West Scotland,0.514,19.062
2077,Annual,West Scotland,0.542,14.762
2078,Annual,West Scotland,0.545,16.092
2079,Annual,West Scotland,0.481,15.900
2080,Annual,West Scotland,0.445,14.162
1981,Annual,Yorkshire and Humber,0.481,10.416
1982,Annual,Yorkshire and Humber,0.378,7.545
1983,Annual,Yorkshire and Humber,0.472,10.644
1984,Annual,Yorkshire and Humber,0.444,11.901
1985,Annual,Yorkshire and Humber,0.422,9.564
1986,Annual,Yorkshire and Humber,0.404,8.089
1987,Annual,Yorkshire and Humber,0.416,9.475
1988,Annual,Yorkshire and Humber,0.392,9.158
1989,Annual,Yorkshire and Humber,0.435,8.366
1990,Annual,Yorkshire and Humber,0.425,9.535
1991,Annual,Yorkshire and Humber,0.440,9.891
1992,Annual,Yorkshire and Humber,0.437,8.347
1993,Annual,Yorkshire and Humber,0.426,9.594
1994,Annual,Yorkshire and Humber,0.457,8.267
1995,Annual,Yorkshire and Humber,0.381,9.614
1996,Annual,Yorkshire and Humber,0.455,8.238
1997,Annual,Yorkshire and Humber,0.389,12.178
1998,Annual,Yorkshire and Humber,0.399,9.119
1999,Annual,Yorkshire and Humber,0.453,10.040
2000,Annual,Yorkshire and Humber,0.410,9.842
2001,Annual,Yorkshire and Humber,0.395,7.604
2002,Annual,Yorkshire and Humber,0.421,12.535
2003,Annual,Yorkshire and Humber,0.417,10.317
2004,Annual,Yorkshire and Humber,0.447,9.584
2005,Annual,Yorkshire and Humber,0.402,6.673
2006,Annual,Yorkshire and Humber,0.429,10.871
2007,Annual,Yorkshire and Humber,0.427,8.683
2008,Annual,Yorkshire and Humber,0.458,9.277
2009,Annual,Yorkshire and Humber,0.404,9.713
2010,Annual,Yorkshire and Humber,0.482,8.782
2011,Annual,Yorkshire and Humber,0.383,6.960
2012,Annual,Yorkshire and Humber,0.421,7.921
2013,Annual,Yorkshire and Humber,0.389,9.277
2014,Annual,Yorkshire and Humber,0.378,8.941
2015,Annual,Yorkshire and Humber,0.423,8.960
2016,Annual,Yorkshire and Humber,0.410,8.366
2017,Annual,Yorkshire and Humber,0.418,10.485
2018,Annual,Yorkshire and Humber,0.470,9.426
2019,Annual,Yorkshire and Humber,0.485,9.515
2020,Annual,Yorkshire and Humber,0.451,8.376
2021,Annual,Yorkshire and Humber,0.413,8.277
2022,Annual,Yorkshire and Humber,0.398,9.970
2023,Annual,Yorkshire and Humber,0.480,9.059
2024,Annual,Yorkshire and Humber,0.417,9.040
2025,Annual,Yorkshire and Humber,0.406,7.782
2026,Annual,Yorkshire and Humber,0.450,9.386
2027,Annual,Yorkshire and Humber,0.451,10.178
2028,Annual,Yorkshire and Humber,0.404,8.099
2029,Annual,Yorkshire and Humber,0.423,9.208
2030,Annual,Yorkshire and Humber,0.430,10.772
2031,Annual,Yorkshire and Humber,0.431,8.495
2032,Annual,Yorkshire and Humber,0.431,10.188
2033,Annual,Yorkshire and Humber,0.350,8.604
2034,Annual,Yorkshire and Humber,0.429,11.337
2035,Annual,Yorkshire and Humber,0.411,8.297
2036,Annual,Yorkshire and Humber,0.458,10.327
2037,Annual,Yorkshire and Humber,0.433,9.792
2038,Annual,Yorkshire and Humber,0.439,8.822
2039,Annual,Yorkshire and Humber,0.451,10.040
2040,Annual,Yorkshire and Humber,0.406,7.911
2041,Annual,Yorkshire and Humber,0.459,8.376
2042,Annual,Yorkshire and Humber,0.386,7.663
2043,Annual,Yorkshire and Humber,0.420,8.248
2044,Annual,Yorkshire and Humber,0.497,8.842
2045,Annual,Yorkshire and Humber,0.405,8.337
2046,Annual,Yorkshire and Humber,0.437,7.990
2047,Annual,Yorkshire and Humber,0.427,6.851
2048,Annual,Yorkshire and Humber,0.437,8.416
2049,Annual,Yorkshire and Humber,0.417,8.139
2050,Annual,Yorkshire and Humber,0.415,8.149
2051,Annual,Yorkshire and Humber,0.382,9.574
2052,Annual,Yorkshire and Humber,0.454,8.891
2053,Annual,Yorkshire and Humber,0.397,9.277
2054,Annual,Yorkshire and Humber,0.417,7.040
2055,Annual,Yorkshire and Humber,0.377,8.653
2056,Annual,Yorkshire and Humber,0.424,10.416
2057,Annual,Yorkshire and Humber,0.355,9.614
2058,Annual,Yorkshire and Humber,0.423,8.465
2059,Annual,Yorkshire and Humber,0.350,7.881
2060,Annual,Yorkshire and Humber,0.351,6.723
2061,Annual,Yorkshire and Humber,0.436,9.970
2062,Annual,Yorkshire and Humber,0.403,7.069
2063,Annual,Yorkshire and Humber,0.430,8.990
2064,Annual,Yorkshire and Humber,0.444,9.495
2065,Annual,Yorkshire and Humber,0.433,10.297
2066,Annual,Yorkshire and Humber,0.426,9.317
2067,Annual,Yorkshire and Humber,0.409,8.535
2068,Annual,Yorkshire and Humber,0.389,9.089
2069,Annual,Yorkshire and Humber,0.441,9.317
2070,Annual,Yorkshire and Humber,0.362,6.376
2071,Annual,Yorkshire and Humber,0.433,9.713
2072,Annual,Yorkshire and Humber,0.390,7.723
2073,Annual,Yorkshire and Humber,0.405,7.851
2074,Annual,Yorkshire and Humber,0.407,9.307
2075,Annual,Yorkshire and Humber,0.422,8.129
2076,Annual,Yorkshire and Humber,0.389,9.733
2077,Annual,Yorkshire and Humber,0.440,9.950
2078,Annual,Yorkshire and Humber,0.387,10.257
2079,Annual,Yorkshire and Humber,0.396,9.238
2080,Annual,Yorkshire and Humber,0.370,7.960
1981,Annual,Channel Islands,0.636,19.000
1982,Annual,Channel Islands,0.496,17.000
1983,Annual,Channel Islands,0.619,30.000
1984,Annual,Channel Islands,0.568,32.000
1985,Annual,Channel Islands,0.482,14.000
1986,Annual,Channel Islands,0.499,15.000
1987,Annual,Channel Islands,0.452,11.000
1988,Annual,Channel Islands,0.410,14.000
1989,Annual,Channel Islands,0.529,23.000
1990,Annual,Channel Islands,0.477,21.000
1991,Annual,Channel Islands,0.501,16.000
1992,Annual,Channel Islands,0.448,17.000
1993,Annual,Channel Islands,0.441,18.000
1994,Annual,Channel Islands,0.523,13.000
1995,Annual,Channel Islands,0.400,11.000
1996,Annual,Channel Islands,0.585,20.000
1997,Annual,Channel Islands,0.419,14.000
1998,Annual,Channel Islands,0.490,21.000
1999,Annual,Channel Islands,0.529,13.000
2000,Annual,Channel Islands,0.467,19.000
2001,Annual,Channel Islands,0.490,11.000
2002,Annual,Channel Islands,0.501,27.000
2003,Annual,Channel Islands,0.455,22.000
2004,Annual,Channel Islands,0.503,18.000
2005,Annual,Channel Islands,0.479,13.000
2006,Annual,Channel Islands,0.515,16.000
2007,Annual,Channel Islands,0.507,14.000
2008,Annual,Channel Islands,0.413,18.000
2009,Annual,Channel Islands,0.521,27.000
2010,Annual,Channel Islands,0.578,27.000
2011,Annual,Channel Islands,0.427,19.000
2012,Annual,Channel Islands,0.478,14.000
2013,Annual,Channel Islands,0.370,17.000
2014,Annual,Channel Islands,0.493,19.000
2015,Annual,Channel Islands,0.482,16.000
2016,Annual,Channel Islands,0.481,15.000
2017,Annual,Channel Islands,0.515,17.000
2018,Annual,Channel Islands,0.537,9.000
2019,Annual,Channel Islands,0.521,13.000
2020,Annual,Channel Islands,0.500,14.000
2021,Annual,Channel Islands,0.496,19.000
2022,Annual,Channel Islands,0.452,16.000
2023,Annual,Channel Islands,0.573,24.000
2024,Annual,Channel Islands,0.508,13.000
2025,Annual,Channel Islands,0.534,26.000
2026,Annual,Channel Islands,0.542,23.000
2027,Annual,Channel Islands,0.553,11.000
2028,Annual,Channel Islands,0.448,17.000
2029,Annual,Channel Islands,0.521,16.000
2030,Annual,Channel Islands,0.438,16.000
2031,Annual,Channel Islands,0.504,16.000
2032,Annual,Channel Islands,0.486,21.000
2033,Annual,Channel Islands,0.381,21.000
2034,Annual,Channel Islands,0.488,17.000
2035,Annual,Channel Islands,0.493,20.000
2036,Annual,Channel Islands,0.596,15.000
2037,Annual,Channel Islands,0.537,21.000
2038,Annual,Channel Islands,0.518,27.000
2039,Annual,Channel Islands,0.501,19.000
2040,Annual,Channel Islands,0.399,19.000
2041,Annual,Channel Islands,0.479,16.000
2042,Annual,Channel Islands,0.444,10.000
2043,Annual,Channel Islands,0.496,10.000
2044,Annual,Channel Islands,0.566,15.000
2045,Annual,Channel Islands,0.474,12.000
2046,Annual,Channel Islands,0.545,14.000
2047,Annual,Channel Islands,0.488,19.000
2048,Annual,Channel Islands,0.478,16.000
2049,Annual,Channel Islands,0.447,18.000
2050,Annual,Channel Islands,0.474,10.000
2051,Annual,Channel Islands,0.395,11.000
2052,Annual,Channel Islands,0.536,18.000
2053,Annual,Channel Islands,0.482,27.000
2054,Annual,Channel Islands,0.504,17.000
2055,Annual,Channel Islands,0.471,16.000
2056,Annual,Channel Islands,0.478,18.000
2057,Annual,Channel Islands,0.342,22.000
2058,Annual,Channel Islands,0.477,13.000
2059,Annual,Channel Islands,0.460,14.000
2060,Annual,Channel Islands,0.369,17.000
2061,Annual,Channel Islands,0.532,17.000
2062,Annual,Channel Islands,0.545,19.000
2063,Annual,Channel Islands,0.458,17.000
2064,Annual,Channel Islands,0.459,12.000
2065,Annual,Channel Islands,0.485,18.000
2066,Annual,Channel Islands,0.485,20.000
2067,Annual,Channel Islands,0.471,15.000
2068,Annual,Channel Islands,0.470,28.000
2069,Annual,Channel Islands,0.553,20.000
2070,Annual,Channel Islands,0.490,15.000
2071,Annual,Channel Islands,0.529,21.000
2072,Annual,Channel Islands,0.404,17.000
2073,Annual,Channel Islands,0.416,21.000
2074,Annual,Channel Islands,0.499,15.000
2075,Annual,Channel Islands,0.477,15.000
2076,Annual,Channel Islands,0.393,11.000
2077,Annual,Channel Islands,0.458,20.000
2078,Annual,Channel Islands,0.455,26.000
2079,Annual,Channel Islands,0.433,12.000
2080,Annual,Channel Islands,0.415,17.000
1981,Annual,Isle of Man,0.535,16.000
1982,Annual,Isle of Man,0.510,15.333
1983,Annual,Isle of Man,0.593,18.333
1984,Annual,Isle of Man,0.547,14.000
1985,Annual,Isle of Man,0.459,9.667
1986,Annual,Isle of Man,0.553,13.667
1987,Annual,Isle of Man,0.531,16.000
1988,Annual,Isle of Man,0.462,11.333
1989,Annual,Isle of Man,0.606,16.000
1990,Annual,Isle of Man,0.522,14.000
1991,Annual,Isle of Man,0.519,12.333
1992,Annual,Isle of Man,0.547,14.333
1993,Annual,Isle of Man,0.515,11.333
1994,Annual,Isle of Man,0.565,16.000
1995,Annual,Isle of Man,0.477,12.667
1996,Annual,Isle of Man,0.577,13.667
1997,Annual,Isle of Man,0.462,14.000
1998,Annual,Isle of Man,0.496,12.000
1999,Annual,Isle of Man,0.510,12.667
2000,Annual,Isle of Man,0.509,14.667
2001,Annual,Isle of Man,0.489,12.000
2002,Annual,Isle of Man,0.505,11.667
2003,Annual,Isle of Man,0.543,17.000
2004,Annual,Isle of Man,0.519,16.667
2005,Annual,Isle of Man,0.470,9.667
2006,Annual,Isle of Man,0.526,16.333
2007,Annual,Isle of Man,0.481,8.333
2008,Annual,Isle of Man,0.505,13.000
2009,Annual,Isle of Man,0.542,16.667
2010,Annual,Isle of Man,0.565,15.667
2011,Annual,Isle of Man,0.468,13.000
2012,Annual,Isle of Man,0.538,10.000
2013,Annual,Isle of Man,0.487,15.333
2014,Annual,Isle of Man,0.521,18.000
2015,Annual,Isle of Man,0.557,10.333
2016,Annual,Isle of Man,0.484,17.333
2017,Annual,Isle of Man,0.487,13.000
2018,Annual,Isle of Man,0.571,20.000
2019,Annual,Isle of Man,0.574,17.667
2020,Annual,Isle of Man,0.484,11.667
2021,Annual,Isle of Man,0.463,12.333
2022,Annual,Isle of Man,0.500,16.667
2023,Annual,Isle of Man,0.623,14.333
2024,Annual,Isle of Man,0.550,12.000
2025,Annual,Isle of Man,0.481,13.000
2026,Annual,Isle of Man,0.565,19.000
2027,Annual,Isle of Man,0.562,13.333
2028,Annual,Isle of Man,0.447,10.333
2029,Annual,Isle of Man,0.536,12.000
2030,Annual,Isle of Man,0.511,9.333
2031,Annual,Isle of Man,0.501,15.333
2032,Annual,Isle of Man,0.476,13.333
2033,Annual,Isle of Man,0.423,15.000
2034,Annual,Isle of Man,0.544,16.333
2035,Annual,Isle of Man,0.521,17.667
2036,Annual,Isle of Man,0.557,15.667
2037,Annual,Isle of Man,0.541,11.667
2038,Annual,Isle of Man,0.542,16.333
2039,Annual,Isle of Man,0.510,20.333
2040,Annual,Isle of Man,0.476,11.667
2041,Annual,Isle of Man,0.532,13.000
2042,Annual,Isle of Man,0.533,12.000
2043,Annual,Isle of Man,0.511,16.333
2044,Annual,Isle of Man,0.567,13.000
2045,Annual,Isle of Man,0.498,11.000
2046,Annual,Isle of Man,0.565,16.333
2047,Annual,Isle of Man,0.520,12.333
2048,Annual,Isle of Man,0.470,12.667
2049,Annual,Isle of Man,0.492,11.333
2050,Annual,Isle of Man,0.505,14.333
2051,Annual,Isle of Man,0.454,12.333
2052,Annual,Isle of Man,0.563,16.000
2053,Annual,Isle of Man,0.495,12.333
2054,Annual,Isle of Man,0.569,21.333
2055,Annual,Isle of Man,0.470,17.667
2056,Annual,Isle of Man,0.495,14.333
2057,Annual,Isle of Man,0.396,10.667
2058,Annual,Isle of Man,0.465,9.667
2059,Annual,Isle of Man,0.511,19.333
2060,Annual,Isle of Man,0.448,11.333
2061,Annual,Isle of Man,0.502,15.333
2062,Annual,Isle of Man,0.526,8.667
2063,Annual,Isle of Man,0.496,15.000
2064,Annual,Isle of Man,0.511,11.000
2065,Annual,Isle of Man,0.524,12.667
2066,Annual,Isle of Man,0.461,10.000
2067,Annual,Isle of Man,0.448,15.000
2068,Annual,Isle of Man,0.481,15.000
2069,Annual,Isle of Man,0.505,16.333
2070,Annual,Isle of Man,0.467,13.667
2071,Annual,Isle of Man,0.479,11.000
2072,Annual,Isle of Man,0.454,7.667
2073,Annual,Isle of Man,0.429,10.333
2074,Annual,Isle of Man,0.470,18.667
2075,Annual,Isle of Man,0.462,12.333
2076,Annual,Isle of Man,0.466,13.000
2077,Annual,Isle of Man,0.532,14.000
2078,Annual,Isle of Man,0.459,13.000
2079,Annual,Isle of Man,0.469,14.333
2080,Annual,Isle of Man,0.403,9.667
1981,Annual,Northern Ireland,0.526,13.593
1982,Annual,Northern Ireland,0.516,14.942
1983,Annual,Northern Ireland,0.568,16.709
1984,Annual,Northern Ireland,0.518,14.128
1985,Annual,Northern Ireland,0.504,14.395
1986,Annual,Northern Ireland,0.584,13.802
1987,Annual,Northern Ireland,0.517,13.814
1988,Annual,Northern Ireland,0.480,12.035
1989,Annual,Northern Ireland,0.585,18.140
1990,Annual,Northern Ireland,0.521,12.512
1991,Annual,Northern Ireland,0.540,12.442
1992,Annual,Northern Ireland,0.559,14.628
1993,Annual,Northern Ireland,0.510,14.244
1994,Annual,Northern Ireland,0.560,15.244
1995,Annual,Northern Ireland,0.464,11.012
1996,Annual,Northern Ireland,0.553,10.616
1997,Annual,Northern Ireland,0.461,11.314
1998,Annual,Northern Ireland,0.497,11.140
1999,Annual,Northern Ireland,0.518,12.698
2000,Annual,Northern Ireland,0.523,21.942
2001,Annual,Northern Ireland,0.490,10.360
2002,Annual,Northern Ireland,0.491,11.244
2003,Annual,Northern Ireland,0.534,13.372
2004,Annual,Northern Ireland,0.524,11.779
2005,Annual,Northern Ireland,0.473,10.453
2006,Annual,Northern Ireland,0.510,12.663
2007,Annual,Northern Ireland,0.479,10.465
2008,Annual,Northern Ireland,0.507,12.000
2009,Annual,Northern Ireland,0.541,15.640
2010,Annual,Northern Ireland,0.564,13.837
2011,Annual,Northern Ireland,0.477,12.500
2012,Annual,Northern Ireland,0.551,13.116
2013,Annual,Northern Ireland,0.512,13.407
2014,Annual,Northern Ireland,0.518,13.988
2015,Annual,Northern Ireland,0.581,19.035
2016,Annual,Northern Ireland,0.496,12.198
2017,Annual,Northern Ireland,0.472,11.105
2018,Annual,Northern Ireland,0.562,15.291
2019,Annual,Northern Ireland,0.539,16.279
2020,Annual,Northern Ireland,0.515,10.849
2021,Annual,Northern Ireland,0.471,10.558
2022,Annual,Northern Ireland,0.470,14.709
2023,Annual,Northern Ireland,0.627,17.349
2024,Annual,Northern Ireland,0.507,9.547
2025,Annual,Northern Ireland,0.480,16.058
2026,Annual,Northern Ireland,0.561,13.070
2027,Annual,Northern Ireland,0.571,13.698
2028,Annual,Northern Ireland,0.447,11.035
2029,Annual,Northern Ireland,0.522,13.047
2030,Annual,Northern Ireland,0.553,22.488
2031,Annual,Northern Ireland,0.526,12.953
2032,Annual,Northern Ireland,0.460,9.698
2033,Annual,Northern Ireland,0.458,12.779
2034,Annual,Northern Ireland,0.552,13.314
2035,Annual,Northern Ireland,0.541,11.872
2036,Annual,Northern Ireland,0.582,17.791
2037,Annual,Northern Ireland,0.532,16.756
2038,Annual,Northern Ireland,0.566,13.558
2039,Annual,Northern Ireland,0.475,13.302
2040,Annual,Northern Ireland,0.508,10.709
2041,Annual,Northern Ireland,0.529,12.628
2042,Annual,Northern Ireland,0.532,13.802
2043,Annual,Northern Ireland,0.469,10.186
2044,Annual,Northern Ireland,0.556,11.616
2045,Annual,Northern Ireland,0.532,11.151
2046,Annual,Northern Ireland,0.549,12.442
2047,Annual,Northern Ireland,0.530,11.291
2048,Annual,Northern Ireland,0.482,12.849
2049,Annual,Northern Ireland,0.486,13.547
2050,Annual,Northern Ireland,0.517,13.860
2051,Annual,Northern Ireland,0.478,10.802
2052,Annual,Northern Ireland,0.571,17.988
2053,Annual,Northern Ireland,0.478,16.686
2054,Annual,Northern Ireland,0.522,12.779
2055,Annual,Northern Ireland,0.474,13.523
2056,Annual,Northern Ireland,0.497,11.884
2057,Annual,Northern Ireland,0.418,12.081
2058,Annual,Northern Ireland,0.462,12.093
2059,Annual,Northern Ireland,0.490,13.198
2060,Annual,Northern Ireland,0.438,12.140
2061,Annual,Northern Ireland,0.522,11.988
2062,Annual,Northern Ireland,0.508,11.686
2063,Annual,Northern Ireland,0.477,14.221
2064,Annual,Northern Ireland,0.507,10.151
2065,Annual,Northern Ireland,0.531,14.721
2066,Annual,Northern Ireland,0.468,10.442
2067,Annual,Northern Ireland,0.472,15.035
2068,Annual,Northern Ireland,0.468,13.988
2069,Annual,Northern Ireland,0.501,14.209
2070,Annual,Northern Ireland,0.490,12.465
2071,Annual,Northern Ireland,0.493,13.360
2072,Annual,Northern Ireland,0.508,10.616
2073,Annual,Northern Ireland,0.432,11.105
2074,Annual,Northern Ireland,0.462,12.419
2075,Annual,Northern Ireland,0.480,11.023
2076,Annual,Northern Ireland,0.469,11.267
2077,Annual,Northern Ireland,0.534,11.512
2078,Annual,Northern Ireland,0.478,10.547
2079,Annual,Northern Ireland,0.469,12.012
2080,Annual,Northern Ireland,0.430,8.535
1981,Annual,Wales,0.541,15.518
1982,Annual,Wales,0.468,11.343
1983,Annual,Wales,0.561,16.657
1984,Annual,Wales,0.518,15.942
1985,Annual,Wales,0.452,13.124
1986,Annual,Wales,0.506,11.927
1987,Annual,Wales,0.462,13.810
1988,Annual,Wales,0.422,10.599
1989,Annual,Wales,0.546,18.606
1990,Annual,Wales,0.478,11.964
1991,Annual,Wales,0.488,12.117
1992,Annual,Wales,0.472,15.613
1993,Annual,Wales,0.463,13.467
1994,Annual,Wales,0.559,17.708
1995,Annual,Wales,0.426,9.985
1996,Annual,Wales,0.554,15.182
1997,Annual,Wales,0.430,11.518
1998,Annual,Wales,0.459,16.547
1999,Annual,Wales,0.521,14.139
2000,Annual,Wales,0.470,19.219
2001,Annual,Wales,0.447,12.073
2002,Annual,Wales,0.454,12.971
2003,Annual,Wales,0.467,13.182
2004,Annual,Wales,0.469,13.190
2005,Annual,Wales,0.455,10.569
2006,Annual,Wales,0.476,14.139
2007,Annual,Wales,0.452,11.285
2008,Annual,Wales,0.463,15.007
2009,Annual,Wales,0.471,15.723
2010,Annual,Wales,0.530,12.533
2011,Annual,Wales,0.426,10.453
2012,Annual,Wales,0.494,10.898
2013,Annual,Wales,0.433,12.372
2014,Annual,Wales,0.468,12.504
2015,Annual,Wales,0.529,13.854
2016,Annual,Wales,0.462,15.599
2017,Annual,Wales,0.434,11.015
2018,Annual,Wales,0.529,13.350
2019,Annual,Wales,0.523,12.153
2020,Annual,Wales,0.469,11.650
2021,Annual,Wales,0.456,11.905
2022,Annual,Wales,0.422,13.219
2023,Annual,Wales,0.593,14.248
2024,Annual,Wales,0.500,11.146
2025,Annual,Wales,0.443,16.701
2026,Annual,Wales,0.549,18.489
2027,Annual,Wales,0.533,11.810
2028,Annual,Wales,0.421,10.540
2029,Annual,Wales,0.503,11.920
2030,Annual,Wales,0.471,14.701
2031,Annual,Wales,0.462,11.613
2032,Annual,Wales,0.463,13.803
2033,Annual,Wales,0.396,10.796
2034,Annual,Wales,0.491,13.956
2035,Annual,Wales,0.492,15.620
2036,Annual,Wales,0.540,15.745
2037,Annual,Wales,0.507,15.613
2038,Annual,Wales,0.509,15.241
2039,Annual,Wales,0.511,14.299
2040,Annual,Wales,0.425,11.036
2041,Annual,Wales,0.475,11.657
2042,Annual,Wales,0.466,10.978
2043,Annual,Wales,0.460,13.489
2044,Annual,Wales,0.522,13.774
2045,Annual,Wales,0.505,12.591
2046,Annual,Wales,0.524,11.540
2047,Annual,Wales,0.473,10.993
2048,Annual,Wales,0.454,12.657
2049,Annual,Wales,0.424,11.299
2050,Annual,Wales,0.455,10.905
2051,Annual,Wales,0.431,13.401
2052,Annual,Wales,0.526,18.723
2053,Annual,Wales,0.466,14.109
2054,Annual,Wales,0.482,12.613
2055,Annual,Wales,0.452,14.102
2056,Annual,Wales,0.441,10.839
2057,Annual,Wales,0.397,13.380
2058,Annual,Wales,0.455,13.438
2059,Annual,Wales,0.443,13.861
2060,Annual,Wales,0.408,11.255
2061,Annual,Wales,0.460,11.810
2062,Annual,Wales,0.478,13.956
2063,Annual,Wales,0.456,13.912
2064,Annual,Wales,0.455,9.934
2065,Annual,Wales,0.502,13.270
2066,Annual,Wales,0.434,9.409
2067,Annual,Wales,0.462,10.847
2068,Annual,Wales,0.445,12.358
2069,Annual,Wales,0.477,11.007
2070,Annual,Wales,0.450,11.701
2071,Annual,Wales,0.474,11.949
2072,Annual,Wales,0.447,14.876
2073,Annual,Wales,0.407,13.015
2074,Annual,Wales,0.452,14.774
2075,Annual,Wales,0.451,12.175
2076,Annual,Wales,0.420,14.949
2077,Annual,Wales,0.464,14.759
2078,Annual,Wales,0.457,12.241
2079,Annual,Wales,0.430,11.920
2080,Annual,Wales,0.406,9.701
1981,DJF,East Midlands,0.585,7.311
1982,DJF,East Midlands,0.563,5.563
1983,DJF,East Midlands,0.585,8.505
1984,DJF,East Midlands,0.550,8.359
1985,DJF,East Midlands,0.541,8.573
1986,DJF,East Midlands,0.485,7.262
1987,DJF,East Midlands,0.433,5.845
1988,DJF,East Midlands,0.476,6.194
1989,DJF,East Midlands,0.550,6.874
1990,DJF,East Midlands,0.414,5.184
1991,DJF,East Midlands,0.411,7.301
1992,DJF,East Midlands,0.541,6.903
1993,DJF,East Midlands,0.528,6.748
1994,DJF,East Midlands,0.516,6.553
1995,DJF,East Midlands,0.394,4.573
1996,DJF,East Midlands,0.542,6.204
1997,DJF,East Midlands,0.389,4.223
1998,DJF,East Midlands,0.418,6.777
1999,DJF,East Midlands,0.561,7.466
2000,DJF,East Midlands,0.524,6.903
2001,DJF,East Midlands,0.432,5.485
2002,DJF,East Midlands,0.440,7.223
2003,DJF,East Midlands,0.413,8.932
2004,DJF,East Midlands,0.555,8.019
2005,DJF,East Midlands,0.460,5.583
2006,DJF,East Midlands,0.527,7.311
2007,DJF,East Midlands,0.470,6.282
2008,DJF,East Midlands,0.404,6.291
2009,DJF,East Midlands,0.512,7.049
2010,DJF,East Midlands,0.490,6.272
2011,DJF,East Midlands,0.434,5.971
2012,DJF,East Midlands,0.415,5.097
2013,DJF,East Midlands,0.319,6.398
2014,DJF,East Midlands,0.464,6.058
2015,DJF,East Midlands,0.442,5.165
2016,DJF,East Midlands,0.513,7.893
2017,DJF,East Midlands,0.610,9.097
2018,DJF,East Midlands,0.559,5.951
2019,DJF,East Midlands,0.436,5.010
2020,DJF,East Midlands,0.480,9.350
2021,DJF,East Midlands,0.424,6.320
2022,DJF,East Midlands,0.412,5.369
2023,DJF,East Midlands,0.526,6.068
2024,DJF,East Midlands,0.476,7.786
2025,DJF,East Midlands,0.452,6.738
2026,DJF,East Midlands,0.514,6.641
2027,DJF,East Midlands,0.460,6.029
2028,DJF,East Midlands,0.441,5.544
2029,DJF,East Midlands,0.428,6.107
2030,DJF,East Midlands,0.613,10.417
2031,DJF,East Midlands,0.454,6.000
2032,DJF,East Midlands,0.513,7.427
2033,DJF,East Midlands,0.324,5.291
2034,DJF,East Midlands,0.495,9.786
2035,DJF,East Midlands,0.485,6.718
2036,DJF,East Midlands,0.450,8.078
2037,DJF,East Midlands,0.477,9.398
2038,DJF,East Midlands,0.565,8.553
2039,DJF,East Midlands,0.655,11.068
2040,DJF,East Midlands,0.467,6.029
2041,DJF,East Midlands,0.492,7.680
2042,DJF,East Midlands,0.477,5.456
2043,DJF,East Midlands,0.403,5.621
2044,DJF,East Midlands,0.569,9.981
2045,DJF,East Midlands,0.464,5.621
2046,DJF,East Midlands,0.434,5.777
2047,DJF,East Midlands,0.492,6.777
2048,DJF,East Midlands,0.486,6.612
2049,DJF,East Midlands,0.448,6.039
2050,DJF,East Midlands,0.479,5.505
2051,DJF,East Midlands,0.303,8.058
2052,DJF,East Midlands,0.576,6.476
2053,DJF,East Midlands,0.570,7.330
2054,DJF,East Midlands,0.503,8.019
2055,DJF,East Midlands,0.481,7.845
2056,DJF,East Midlands,0.404,7.447
2057,DJF,East Midlands,0.476,8.029
2058,DJF,East Midlands,0.407,3.903
2059,DJF,East Midlands,0.460,8.398
2060,DJF,East Midlands,0.354,5.078
2061,DJF,East Midlands,0.464,5.466
2062,DJF,East Midlands,0.445,4.417
2063,DJF,East Midlands,0.509,7.680
2064,DJF,East Midlands,0.535,7.466
2065,DJF,East Midlands,0.625,10.757
2066,DJF,East Midlands,0.515,5.660
2067,DJF,East Midlands,0.515,6.495
2068,DJF,East Midlands,0.484,7.757
2069,DJF,East Midlands,0.445,6.825
2070,DJF,East Midlands,0.436,6.796
2071,DJF,East Midlands,0.417,4.680
2072,DJF,East Midlands,0.467,5.903
2073,DJF,East Midlands,0.524,9.087
2074,DJF,East Midlands,0.475,6.340
2075,DJF,East Midlands,0.559,7.660
2076,DJF,East Midlands,0.385,4.612
2077,DJF,East Midlands,0.462,6.117
2078,DJF,East Midlands,0.450,5.194
2079,DJF,East Midlands,0.461,6.223
2080,DJF,East Midlands,0.429,5.699
1981,DJF,East of England,0.568,8.579
1982,DJF,East of England,0.558,6.635
1983,DJF,East of England,0.507,5.484
1984,DJF,East of England,0.576,5.905
1985,DJF,East of England,0.506,5.952
1986,DJF,East of England,0.470,6.413
1987,DJF,East of England,0.415,5.206
1988,DJF,East of England,0.437,6.516
1989,DJF,East of England,0.529,5.865
1990,DJF,East of England,0.463,5.595
1991,DJF,East of England,0.385,4.746
1992,DJF,East of England,0.526,6.587
1993,DJF,East of England,0.510,5.865
1994,DJF,East of England,0.471,6.841
1995,DJF,East of England,0.358,4.254
1996,DJF,East of England,0.493,7.000
1997,DJF,East of England,0.348,3.857
1998,DJF,East of England,0.402,7.135
1999,DJF,East of England,0.571,8.183
2000,DJF,East of England,0.483,5.246
2001,DJF,East of England,0.410,4.984
2002,DJF,East of England,0.427,9.198
2003,DJF,East of England,0.396,9.913
2004,DJF,East of England,0.486,6.849
2005,DJF,East of England,0.492,5.373
2006,DJF,East of England,0.543,6.262
2007,DJF,East of England,0.443,6.143
2008,DJF,East of England,0.389,5.357
2009,DJF,East of England,0.509,7.437
2010,DJF,East of England,0.437,5.040
2011,DJF,East of England,0.417,5.762
2012,DJF,East of England,0.385,4.095
2013,DJF,East of England,0.273,6.833
2014,DJF,East of England,0.415,4.762
2015,DJF,East of England,0.410,5.968
2016,DJF,East of England,0.498,7.254
2017,DJF,East of England,0.562,7.056
2018,DJF,East of England,0.558,5.619
2019,DJF,East of England,0.444,5.214
2020,DJF,East of England,0.434,6.167
2021,DJF,East of England,0.411,6.024
2022,DJF,East of England,0.431,5.373
2023,DJF,East of England,0.523,6.865
2024,DJF,East of England,0.480,5.929
2025,DJF,East of England,0.469,6.270
2026,DJF,East of England,0.492,5.071
2027,DJF,East of England,0.469,5.254
2028,DJF,East of England,0.408,6.302
2029,DJF,East of England,0.380,5.579
2030,DJF,East of England,0.569,8.048
2031,DJF,East of England,0.469,4.810
2032,DJF,East of England,0.517,7.032
2033,DJF,East of England,0.311,5.714
2034,DJF,East of England,0.476,6.460
2035,DJF,East of England,0.493,6.159
2036,DJF,East of England,0.455,5.635
2037,DJF,East of England,0.475,8.437
2038,DJF,East of England,0.535,9.992
2039,DJF,East of England,0.661,11.643
2040,DJF,East of England,0.377,5.286
2041,DJF,East of England,0.464,7.675
2042,DJF,East of England,0.471,5.246
2043,DJF,East of England,0.398,5.968
2044,DJF,East of England,0.573,8.119
2045,DJF,East of England,0.486,5.571
2046,DJF,East of England,0.452,6.246
2047,DJF,East of England,0.461,5.778
2048,DJF,East of England,0.486,5.532
2049,DJF,East of England,0.461,5.135
2050,DJF,East of England,0.448,5.706
2051,DJF,East of England,0.265,8.222
2052,DJF,East of England,0.546,5.706
2053,DJF,East of England,0.542,6.563
2054,DJF,East of England,0.482,5.595
2055,DJF,East of England,0.482,6.111
2056,DJF,East of England,0.362,5.976
2057,DJF,East of England,0.420,7.071
2058,DJF,East of England,0.382,4.079
2059,DJF,East of England,0.403,5.413
2060,DJF,East of England,0.334,5.056
2061,DJF,East of England,0.453,5.190
2062,DJF,East of England,0.415,3.897
2063,DJF,East of England,0.479,5.929
2064,DJF,East of England,0.508,6.341
2065,DJF,East of England,0.533,8.794
2066,DJF,East of England,0.462,5.032
2067,DJF,East of England,0.477,5.341
2068,DJF,East of England,0.455,5.381
2069,DJF,East of England,0.443,5.325
2070,DJF,East of England,0.397,4.198
2071,DJF,East of England,0.354,4.881
2072,DJF,East of England,0.521,7.024
2073,DJF,East of England,0.450,4.746
2074,DJF,East of England,0.440,5.611
2075,DJF,East of England,0.523,6.310
2076,DJF,East of England,0.383,5.825
2077,DJF,East of England,0.391,5.968
2078,DJF,East of England,0.465,4.619
2079,DJF,East of England,0.402,5.405
2080,DJF,East of England,0.413,5.857
1981,DJF,East Scotland,0.590,11.478
1982,DJF,East Scotland,0.606,14.195
1983,DJF,East Scotland,0.579,11.736
1984,DJF,East Scotland,0.608,13.277
1985,DJF,East Scotland,0.581,10.736
1986,DJF,East Scotland,0.532,8.509
1987,DJF,East Scotland,0.526,8.629
1988,DJF,East Scotland,0.575,9.038
1989,DJF,East Scotland,0.642,16.805
1990,DJF,East Scotland,0.525,10.220
1991,DJF,East Scotland,0.547,9.969
1992,DJF,East Scotland,0.589,11.522
1993,DJF,East Scotland,0.574,10.774
1994,DJF,East Scotland,0.601,11.025
1995,DJF,East Scotland,0.468,6.616
1996,DJF,East Scotland,0.620,10.472
1997,DJF,East Scotland,0.486,9.088
1998,DJF,East Scotland,0.503,9.956
1999,DJF,East Scotland,0.525,9.283
2000,DJF,East Scotland,0.606,14.434
2001,DJF,East Scotland,0.474,8.906
2002,DJF,East Scotland,0.510,10.962
2003,DJF,East Scotland,0.597,15.497
2004,DJF,East Scotland,0.587,8.761
2005,DJF,East Scotland,0.497,7.553
2006,DJF,East Scotland,0.541,8.447
2007,DJF,East Scotland,0.471,10.786
2008,DJF,East Scotland,0.552,13.950
2009,DJF,East Scotland,0.540,11.239
2010,DJF,East Scotland,0.632,12.925
2011,DJF,East Scotland,0.560,8.799
2012,DJF,East Scotland,0.493,8.289
2013,DJF,East Scotland,0.457,10.836
2014,DJF,East Scotland,0.544,8.189
2015,DJF,East Scotland,0.560,11.013
2016,DJF,East Scotland,0.539,9.572
2017,DJF,East Scotland,0.605,11.667
2018,DJF,East Scotland,0.586,12.377
2019,DJF,East Scotland,0.530,9.736
2020,DJF,East Scotland,0.597,10.648
2021,DJF,East Scotland,0.553,9.541
2022,DJF,East Scotland,0.556,11.189
2023,DJF,East Scotland,0.583,10.107
2024,DJF,East Scotland,0.526,9.352
2025,DJF,East Scotland,0.461,9.252
2026,DJF,East Scotland,0.599,12.579
2027,DJF,East Scotland,0.466,7.748
2028,DJF,East Scotland,0.470,8.736
2029,DJF,East Scotland,0.590,12.176
2030,DJF,East Scotland,0.604,10.654
2031,DJF,East Scotland,0.534,9.132
2032,DJF,East Scotland,0.568,11.962
2033,DJF,East Scotland,0.415,7.597
2034,DJF,East Scotland,0.593,11.057
2035,DJF,East Scotland,0.595,9.528
2036,DJF,East Scotland,0.559,8.566
2037,DJF,East Scotland,0.604,12.327
2038,DJF,East Scotland,0.638,11.459
2039,DJF,East Scotland,0.546,8.830
2040,DJF,East Scotland,0.551,12.528
2041,DJF,East Scotland,0.539,8.472
2042,DJF,East Scotland,0.548,7.855
2043,DJF,East Scotland,0.539,8.283
2044,DJF,East Scotland,0.637,10.780
2045,DJF,East Scotland,0.606,12.805
2046,DJF,East Scotland,0.517,9.371
2047,DJF,East Scotland,0.552,8.717
2048,DJF,East Scotland,0.577,12.346
2049,DJF,East Scotland,0.544,9.195
2050,DJF,East Scotland,0.623,11.352
2051,DJF,East Scotland,0.487,11.830
2052,DJF,East Scotland,0.639,13.314
2053,DJF,East Scotland,0.559,11.289
2054,DJF,East Scotland,0.555,8.723
2055,DJF,East Scotland,0.584,9.365
2056,DJF,East Scotland,0.499,8.667
2057,DJF,East Scotland,0.524,7.981
2058,DJF,East Scotland,0.566,9.931
2059,DJF,East Scotland,0.551,8.447
2060,DJF,East Scotland,0.448,7.736
2061,DJF,East Scotland,0.442,5.642
2062,DJF,East Scotland,0.567,12.969
2063,DJF,East Scotland,0.634,10.761
2064,DJF,East Scotland,0.640,10.484
2065,DJF,East Scotland,0.649,11.069
2066,DJF,East Scotland,0.510,8.780
2067,DJF,East Scotland,0.536,9.384
2068,DJF,East Scotland,0.576,10.069
2069,DJF,East Scotland,0.571,7.818
2070,DJF,East Scotland,0.525,9.918
2071,DJF,East Scotland,0.529,10.579
2072,DJF,East Scotland,0.565,10.434
2073,DJF,East Scotland,0.541,8.969
2074,DJF,East Scotland,0.542,9.893
2075,DJF,East Scotland,0.567,9.201
2076,DJF,East Scotland,0.464,12.138
2077,DJF,East Scotland,0.582,10.597
2078,DJF,East Scotland,0.521,8.648
2079,DJF,East Scotland,0.543,9.239
2080,DJF,East Scotland,0.471,8.667
1981,DJF,London,0.628,9.417
1982,DJF,London,0.615,7.583
1983,DJF,London,0.570,8.250
1984,DJF,London,0.611,6.667
1985,DJF,London,0.526,7.083
1986,DJF,London,0.501,7.083
1987,DJF,London,0.417,4.417
1988,DJF,London,0.442,7.000
1989,DJF,London,0.547,7.000
1990,DJF,London,0.528,8.000
1991,DJF,London,0.378,5.417
1992,DJF,London,0.504,6.167
1993,DJF,London,0.531,9.000
1994,DJF,London,0.469,5.250
1995,DJF,London,0.371,6.250
1996,DJF,London,0.523,7.667
1997,DJF,London,0.416,4.417
1998,DJF,London,0.400,8.583
1999,DJF,London,0.592,7.333
2000,DJF,London,0.561,6.250
2001,DJF,London,0.406,5.000
2002,DJF,London,0.408,7.000
2003,DJF,London,0.408,6.500
2004,DJF,London,0.540,7.417
2005,DJF,London,0.545,5.333
2006,DJF,London,0.567,7.583
2007,DJF,London,0.485,7.333
2008,DJF,London,0.389,4.833
2009,DJF,London,0.465,5.333
2010,DJF,London,0.467,6.083
2011,DJF,London,0.421,5.250
2012,DJF,London,0.404,4.250
2013,DJF,London,0.268,7.917
2014,DJF,London,0.416,4.250
2015,DJF,London,0.463,9.167
2016,DJF,London,0.519,8.500
2017,DJF,London,0.556,6.583
2018,DJF,London,0.625,6.417
2019,DJF,London,0.494,6.833
2020,DJF,London,0.436,7.250
2021,DJF,London,0.455,5.833
2022,DJF,London,0.480,8.250
2023,DJF,London,0.536,7.083
2024,DJF,London,0.551,8.250
2025,DJF,London,0.492,7.167
2026,DJF,London,0.533,5.750
2027,DJF,London,0.486,8.833
2028,DJF,London,0.430,7.917
2029,DJF,London,0.418,6.750
2030,DJF,London,0.584,8.083
2031,DJF,London,0.494,4.500
2032,DJF,London,0.542,9.417
2033,DJF,London,0.310,5.417
2034,DJF,London,0.542,9.917
2035,DJF,London,0.521,8.500
2036,DJF,London,0.530,6.333
2037,DJF,London,0.481,8.750
2038,DJF,London,0.559,9.167
2039,DJF,London,0.710,11.750
2040,DJF,London,0.404,4.750
2041,DJF,London,0.456,8.250
2042,DJF,London,0.493,5.167
2043,DJF,London,0.449,6.083
2044,DJF,London,0.589,9.750
2045,DJF,London,0.489,7.417
2046,DJF,London,0.469,5.500
2047,DJF,London,0.470,5.000
2048,DJF,London,0.518,5.000
2049,DJF,London,0.397,5.583
2050,DJF,London,0.442,4.333
2051,DJF,London,0.261,9.250
2052,DJF,London,0.577,6.333
2053,DJF,London,0.556,6.083
2054,DJF,London,0.495,5.667
2055,DJF,London,0.544,6.167
2056,DJF,London,0.399,5.750
2057,DJF,London,0.496,7.000
2058,DJF,London,0.459,5.250
2059,DJF,London,0.384,4.000
2060,DJF,London,0.342,5.000
2061,DJF,London,0.468,5.250
2062,DJF,London,0.484,4.833
2063,DJF,London,0.472,8.000
2064,DJF,London,0.507,7.250
2065,DJF,London,0.569,8.333
2066,DJF,London,0.549,7.333
2067,DJF,London,0.459,5.500
2068,DJF,London,0.468,7.250
2069,DJF,London,0.464,5.667
2070,DJF,London,0.408,4.167
2071,DJF,London,0.431,5.417
2072,DJF,London,0.529,5.417
2073,DJF,London,0.491,6.917
2074,DJF,London,0.498,7.333
2075,DJF,London,0.529,5.500
2076,DJF,London,0.389,6.167
2077,DJF,London,0.452,6.750
2078,DJF,London,0.447,5.250
2079,DJF,London,0.449,10.917
2080,DJF,London,0.421,6.167
1981,DJF,North East England,0.550,9.561
1982,DJF,North East England,0.440,5.965
1983,DJF,North East England,0.491,9.947
1984,DJF,North East England,0.471,8.649
1985,DJF,North East England,0.575,11.842
1986,DJF,North East England,0.470,6.719
1987,DJF,North East England,0.415,6.825
1988,DJF,North East England,0.499,6.579
1989,DJF,North East England,0.491,7.509
1990,DJF,North East England,0.399,6.246
1991,DJF,North East England,0.455,10.053
1992,DJF,North East England,0.530,7.772
1993,DJF,North East England,0.466,8.351
1994,DJF,North East England,0.461,7.298
1995,DJF,North East England,0.386,5.018
1996,DJF,North East England,0.510,7.123
1997,DJF,North East England,0.386,5.930
1998,DJF,North East England,0.412,6.912
1999,DJF,North East England,0.465,8.982
2000,DJF,North East England,0.489,8.895
2001,DJF,North East England,0.361,5.912
2002,DJF,North East England,0.378,6.351
2003,DJF,North East England,0.476,9.842
2004,DJF,North East England,0.567,9.368
2005,DJF,North East England,0.410,5.316
2006,DJF,North East England,0.504,8.474
2007,DJF,North East England,0.466,7.491
2008,DJF,North East England,0.429,7.439
2009,DJF,North East England,0.493,12.456
2010,DJF,North East England,0.456,6.544
2011,DJF,North East England,0.430,6.281
2012,DJF,North East England,0.374,6.000
2013,DJF,North East England,0.363,6.421
2014,DJF,North East England,0.403,5.053
2015,DJF,North East England,0.402,7.088
2016,DJF,North East England,0.476,7.544
2017,DJF,North East England,0.598,9.035
2018,DJF,North East England,0.380,5.105
2019,DJF,North East England,0.465,6.825
2020,DJF,North East England,0.518,9.175
2021,DJF,North East England,0.412,6.035
2022,DJF,North East England,0.494,8.351
2023,DJF,North East England,0.519,8.000
2024,DJF,North East England,0.409,6.053
2025,DJF,North East England,0.409,6.579
2026,DJF,North East England,0.499,7.930
2027,DJF,North East England,0.400,6.281
2028,DJF,North East England,0.471,6.404
2029,DJF,North East England,0.462,7.877
2030,DJF,North East England,0.531,7.158
2031,DJF,North East England,0.443,6.772
2032,DJF,North East England,0.551,11.018
2033,DJF,North East England,0.394,8.211
2034,DJF,North East England,0.519,9.561
2035,DJF,North East England,0.505,6.860
2036,DJF,North East England,0.445,6.912
2037,DJF,North East England,0.527,7.544
2038,DJF,North East England,0.536,7.772
2039,DJF,North East England,0.550,7.579
2040,DJF,North East England,0.467,6.421
2041,DJF,North East England,0.418,6.526
2042,DJF,North East England,0.441,5.439
2043,DJF,North East England,0.417,7.281
2044,DJF,North East England,0.553,8.754
2045,DJF,North East England,0.521,11.105
2046,DJF,North East England,0.432,7.175
2047,DJF,North East England,0.513,8.316
2048,DJF,North East England,0.466,7.351
2049,DJF,North East England,0.488,8.351
2050,DJF,North East England,0.531,6.158
2051,DJF,North East England,0.350,8.211
2052,DJF,North East England,0.523,10.456
2053,DJF,North East England,0.436,6.561
2054,DJF,North East England,0.476,4.982
2055,DJF,North East England,0.497,9.193
2056,DJF,North East England,0.407,8.561
2057,DJF,North East England,0.450,6.702
2058,DJF,North East England,0.420,6.596
2059,DJF,North East England,0.434,5.789
2060,DJF,North East England,0.343,5.754
2061,DJF,North East England,0.481,6.526
2062,DJF,North East England,0.427,5.772
2063,DJF,North East England,0.559,9.316
2064,DJF,North East England,0.539,7.140
2065,DJF,North East England,0.624,8.965
2066,DJF,North East England,0.497,6.807
2067,DJF,North East England,0.480,7.456
2068,DJF,North East England,0.514,8.509
2069,DJF,North East England,0.482,6.088
2070,DJF,North East England,0.443,6.930
2071,DJF,North East England,0.428,7.105
2072,DJF,North East England,0.470,7.351
2073,DJF,North East England,0.487,6.754
2074,DJF,North East England,0.480,7.088
2075,DJF,North East England,0.500,6.965
2076,DJF,North East England,0.384,6.421
2077,DJF,North East England,0.503,7.596
2078,DJF,North East England,0.385,5.509
2079,DJF,North East England,0.452,6.912
2080,DJF,North East England,0.437,6.930
1981,DJF,North Scotland,0.585,11.328
1982,DJF,North Scotland,0.755,20.164
1983,DJF,North Scotland,0.653,17.303
1984,DJF,North Scotland,0.673,18.065
1985,DJF,North Scotland,0.580,13.597
1986,DJF,North Scotland,0.585,13.065
1987,DJF,North Scotland,0.621,13.388
1988,DJF,North Scotland,0.580,11.090
1989,DJF,North Scotland,0.749,  NA
1990,DJF,North Scotland,0.701,17.194
1991,DJF,North Scotland,0.587,9.507
1992,DJF,North Scotland,0.708,19.687
1993,DJF,North Scotland,0.648,17.537
1994,DJF,North Scotland,0.691,18.284
1995,DJF,North Scotland,0.625,11.741
1996,DJF,North Scotland,0.630,12.154
1997,DJF,North Scotland,0.583,11.726
1998,DJF,North Scotland,0.609,14.726
1999,DJF,North Scotland,0.630,15.403
2000,DJF,North Scotland,0.757,27.040
2001,DJF,North Scotland,0.649,17.532
2002,DJF,North Scotland,0.660,16.766
2003,DJF,North Scotland,0.683,18.020
2004,DJF,North Scotland,0.576,8.687
2005,DJF,North Scotland,0.542,11.418
2006,DJF,North Scotland,0.631,12.418
2007,DJF,North Scotland,0.626,14.766
2008,DJF,North Scotland,0.694,26.587
2009,DJF,North Scotland,0.705,18.144
2010,DJF,North Scotland,0.702,16.507
2011,DJF,North Scotland,0.677,16.418
2012,DJF,North Scotland,0.727,19.408
2013,DJF,North Scotland,0.611,19.438
2014,DJF,North Scotland,0.737,17.109
2015,DJF,North Scotland,0.778,24.363
2016,DJF,North Scotland,0.636,15.483
2017,DJF,North Scotland,0.567,11.169
2018,DJF,North Scotland,0.706,21.184
2019,DJF,North Scotland,0.637,20.990
2020,DJF,North Scotland,0.691,16.109
2021,DJF,North Scotland,0.645,21.239
2022,DJF,North Scotland,0.717,23.836
2023,DJF,North Scotland,0.720,15.090
2024,DJF,North Scotland,0.647,14.627
2025,DJF,North Scotland,0.593,10.900
2026,DJF,North Scotland,0.690,17.358
2027,DJF,North Scotland,0.643,13.443
2028,DJF,North Scotland,0.557,11.816
2029,DJF,North Scotland,0.628,13.040
2030,DJF,North Scotland,0.674,19.219
2031,DJF,North Scotland,0.672,20.209
2032,DJF,North Scotland,0.577,13.428
2033,DJF,North Scotland,0.547,12.224
2034,DJF,North Scotland,0.656,13.254
2035,DJF,North Scotland,0.711,15.891
2036,DJF,North Scotland,0.674,18.796
2037,DJF,North Scotland,0.680,15.512
2038,DJF,North Scotland,0.691,16.672
2039,DJF,North Scotland,0.668,11.537
2040,DJF,North Scotland,0.683,19.368
2041,DJF,North Scotland,0.615,12.821
2042,DJF,North Scotland,0.725,17.095
2043,DJF,North Scotland,0.618,11.343
2044,DJF,North Scotland,0.635,10.881
2045,DJF,North Scotland,0.698,15.791
2046,DJF,North Scotland,0.712,19.552
2047,DJF,North Scotland,0.575,9.403
2048,DJF,North Scotland,0.630,15.035
2049,DJF,North Scotland,0.642,13.945
2050,DJF,North Scotland,0.739,16.129
2051,DJF,North Scotland,0.598,13.980
2052,DJF,North Scotland,0.714,  NA
2053,DJF,North Scotland,0.698,21.791
2054,DJF,North Scotland,0.580,11.602
2055,DJF,North Scotland,0.688,16.279
2056,DJF,North Scotland,0.545,10.826
2057,DJF,North Scotland,0.544,14.368
2058,DJF,North Scotland,0.721,20.935
2059,DJF,North Scotland,0.648,14.881
2060,DJF,North Scotland,0.613,11.060
2061,DJF,North Scotland,0.576,12.587
2062,DJF,North Scotland,0.623,18.731
2063,DJF,North Scotland,0.665,12.458
2064,DJF,North Scotland,0.706,14.502
2065,DJF,North Scotland,0.663,15.562
2066,DJF,North Scotland,0.560,9.104
2067,DJF,North Scotland,0.671,14.866
2068,DJF,North Scotland,0.690,21.259
2069,DJF,North Scotland,0.697,14.711
2070,DJF,North Scotland,0.690,17.224
2071,DJF,North Scotland,0.672,20.030
2072,DJF,North Scotland,0.657,19.338
2073,DJF,North Scotland,0.602,12.502
2074,DJF,North Scotland,0.762,16.896
2075,DJF,North Scotland,0.572,12.582
2076,DJF,North Scotland,0.539,16.104
2077,DJF,North Scotland,0.594,12.632
2078,DJF,North Scotland,0.720,16.169
2079,DJF,North Scotland,0.702,16.900
2080,DJF,North Scotland,0.571,11.025
1981,DJF,North West England,0.648,12.043
1982,DJF,North West England,0.736,14.011
1983,DJF,North West England,0.821,24.430
1984,DJF,North West England,0.784,20.387
1985,DJF,North West England,0.590,21.194
1986,DJF,North West England,0.581,12.849
1987,DJF,North West England,0.605,11.484
1988,DJF,North West England,0.542,9.419
1989,DJF,North West England,0.829,  NA
1990,DJF,North West England,0.673,14.194
1991,DJF,North West England,0.503,10.140
1992,DJF,North West England,0.694,17.806
1993,DJF,North West England,0.677,14.957
1994,DJF,North West England,0.730,20.538
1995,DJF,North West England,0.623,10.065
1996,DJF,North West England,0.705,16.086
1997,DJF,North West England,0.620,13.398
1998,DJF,North West England,0.581,15.774
1999,DJF,North West England,0.730,13.817
2000,DJF,North West England,0.728,23.441
2001,DJF,North West England,0.588,10.452
2002,DJF,North West England,0.612,15.355
2003,DJF,North West England,0.620,20.828
2004,DJF,North West England,0.646,11.226
2005,DJF,North West England,0.588,12.000
2006,DJF,North West England,0.643,13.914
2007,DJF,North West England,0.561,11.183
2008,DJF,North West England,0.644,14.731
2009,DJF,North West England,0.607,10.591
2010,DJF,North West England,0.750,16.484
2011,DJF,North West England,0.625,9.581
2012,DJF,North West England,0.712,12.022
2013,DJF,North West England,0.562,17.129
2014,DJF,North West England,0.698,17.258
2015,DJF,North West England,0.754,21.839
2016,DJF,North West England,0.650,17.441
2017,DJF,North West England,0.607,15.140
2018,DJF,North West England,0.756,13.505
2019,DJF,North West England,0.601,13.011
2020,DJF,North West England,0.627,11.796
2021,DJF,North West England,0.617,10.914
2022,DJF,North West England,0.668,18.344
2023,DJF,North West England,0.779,17.183
2024,DJF,North West England,0.611,10.699
2025,DJF,North West England,0.524,9.473
2026,DJF,North West England,0.809,25.753
2027,DJF,North West England,0.599,13.258
2028,DJF,North West England,0.478,10.161
2029,DJF,North West England,0.558,13.161
2030,DJF,North West England,0.716,14.935
2031,DJF,North West England,0.640,17.022
2032,DJF,North West England,0.600,12.226
2033,DJF,North West England,0.442,9.430
2034,DJF,North West England,0.688,17.742
2035,DJF,North West England,0.674,21.054
2036,DJF,North West England,0.635,15.409
2037,DJF,North West England,0.695,15.871
2038,DJF,North West England,0.768,18.097
2039,DJF,North West England,0.686,15.538
2040,DJF,North West England,0.735,13.785
2041,DJF,North West England,0.606,15.000
2042,DJF,North West England,0.668,10.419
2043,DJF,North West England,0.552,9.323
2044,DJF,North West England,0.649,12.806
2045,DJF,North West England,0.679,15.710
2046,DJF,North West England,0.713,15.172
2047,DJF,North West England,0.635,10.333
2048,DJF,North West England,0.632,14.645
2049,DJF,North West England,0.576,13.699
2050,DJF,North West England,0.674,11.892
2051,DJF,North West England,0.494,14.495
2052,DJF,North West England,0.778,19.989
2053,DJF,North West England,0.776,21.237
2054,DJF,North West England,0.685,12.785
2055,DJF,North West England,0.719,14.333
2056,DJF,North West England,0.517,14.108
2057,DJF,North West England,0.557,13.280
2058,DJF,North West England,0.623,9.731
2059,DJF,North West England,0.651,13.398
2060,DJF,North West England,0.557,11.645
2061,DJF,North West England,0.560,11.430
2062,DJF,North West England,0.633,15.312
2063,DJF,North West England,0.695,14.688
2064,DJF,North West England,0.678,10.419
2065,DJF,North West England,0.746,13.366
2066,DJF,North West England,0.605,8.151
2067,DJF,North West England,0.609,12.409
2068,DJF,North West England,0.657,16.559
2069,DJF,North West England,0.666,17.366
2070,DJF,North West England,0.666,11.677
2071,DJF,North West England,0.652,14.430
2072,DJF,North West England,0.584,14.570
2073,DJF,North West England,0.611,10.699
2074,DJF,North West England,0.736,20.484
2075,DJF,North West England,0.622,12.989
2076,DJF,North West England,0.522,17.774
2077,DJF,North West England,0.534,10.376
2078,DJF,North West England,0.660,12.989
2079,DJF,North West England,0.583,10.097
2080,DJF,North West England,0.534,10.280
1981,DJF,South East England,0.604,9.068
1982,DJF,South East England,0.602,8.788
1983,DJF,South East England,0.569,6.966
1984,DJF,South East England,0.602,7.720
1985,DJF,South East England,0.466,5.636
1986,DJF,South East England,0.509,6.559
1987,DJF,South East England,0.409,4.949
1988,DJF,South East England,0.389,7.153
1989,DJF,South East England,0.578,8.246
1990,DJF,South East England,0.485,6.102
1991,DJF,South East England,0.356,5.153
1992,DJF,South East England,0.500,7.161
1993,DJF,South East England,0.550,8.373
1994,DJF,South East England,0.463,6.220
1995,DJF,South East England,0.360,4.720
1996,DJF,South East England,0.526,6.873
1997,DJF,South East England,0.406,4.466
1998,DJF,South East England,0.377,8.220
1999,DJF,South East England,0.595,10.178
2000,DJF,South East England,0.565,6.797
2001,DJF,South East England,0.393,4.932
2002,DJF,South East England,0.459,8.932
2003,DJF,South East England,0.395,6.568
2004,DJF,South East England,0.520,6.483
2005,DJF,South East England,0.549,6.305
2006,DJF,South East England,0.524,6.034
2007,DJF,South East England,0.437,6.390
2008,DJF,South East England,0.382,6.169
2009,DJF,South East England,0.425,7.017
2010,DJF,South East England,0.501,6.339
2011,DJF,South East England,0.395,5.831
2012,DJF,South East England,0.399,5.288
2013,DJF,South East England,0.292,7.585
2014,DJF,South East England,0.434,5.136
2015,DJF,South East England,0.466,8.085
2016,DJF,South East England,0.516,7.966
2017,DJF,South East England,0.568,7.525
2018,DJF,South East England,0.616,7.280
2019,DJF,South East England,0.485,6.797
2020,DJF,South East England,0.428,6.890
2021,DJF,South East England,0.431,5.653
2022,DJF,South East England,0.453,6.212
2023,DJF,South East England,0.514,7.085
2024,DJF,South East England,0.506,6.432
2025,DJF,South East England,0.446,6.331
2026,DJF,South East England,0.530,6.169
2027,DJF,South East England,0.466,8.305
2028,DJF,South East England,0.374,6.237
2029,DJF,South East England,0.403,5.856
2030,DJF,South East England,0.578,9.695
2031,DJF,South East England,0.458,5.475
2032,DJF,South East England,0.559,9.644
2033,DJF,South East England,0.277,5.314
2034,DJF,South East England,0.534,11.076
2035,DJF,South East England,0.535,8.627
2036,DJF,South East England,0.529,6.949
2037,DJF,South East England,0.452,7.703
2038,DJF,South East England,0.561,8.364
2039,DJF,South East England,0.674,10.254
2040,DJF,South East England,0.424,5.220
2041,DJF,South East England,0.472,8.746
2042,DJF,South East England,0.458,4.610
2043,DJF,South East England,0.412,5.847
2044,DJF,South East England,0.606,9.475
2045,DJF,South East England,0.480,7.737
2046,DJF,South East England,0.410,4.492
2047,DJF,South East England,0.476,6.475
2048,DJF,South East England,0.500,6.161
2049,DJF,South East England,0.407,5.254
2050,DJF,South East England,0.453,6.220
2051,DJF,South East England,0.255,7.712
2052,DJF,South East England,0.600,7.966
2053,DJF,South East England,0.565,6.983
2054,DJF,South East England,0.515,6.025
2055,DJF,South East England,0.517,5.797
2056,DJF,South East England,0.377,6.695
2057,DJF,South East England,0.470,6.839
2058,DJF,South East England,0.427,7.661
2059,DJF,South East England,0.412,5.339
2060,DJF,South East England,0.342,4.915
2061,DJF,South East England,0.449,5.669
2062,DJF,South East England,0.495,6.415
2063,DJF,South East England,0.488,7.458
2064,DJF,South East England,0.464,6.441
2065,DJF,South East England,0.580,7.890
2066,DJF,South East England,0.513,5.890
2067,DJF,South East England,0.458,5.864
2068,DJF,South East England,0.483,9.102
2069,DJF,South East England,0.460,6.195
2070,DJF,South East England,0.424,6.381
2071,DJF,South East England,0.417,4.593
2072,DJF,South East England,0.533,5.839
2073,DJF,South East England,0.498,9.797
2074,DJF,South East England,0.503,6.322
2075,DJF,South East England,0.487,5.237
2076,DJF,South East England,0.392,7.305
2077,DJF,South East England,0.429,6.593
2078,DJF,South East England,0.463,6.220
2079,DJF,South East England,0.435,7.898
2080,DJF,South East England,0.404,6.136
1981,DJF,South West England,0.658,12.544
1982,DJF,South West England,0.654,10.234
1983,DJF,South West England,0.659,11.323
1984,DJF,South West England,0.702,12.342
1985,DJF,South West England,0.517,7.690
1986,DJF,South West England,0.590,8.905
1987,DJF,South West England,0.459,6.222
1988,DJF,South West England,0.475,9.443
1989,DJF,South West England,0.655,11.785
1990,DJF,South West England,0.492,8.335
1991,DJF,South West England,0.406,7.044
1992,DJF,South West England,0.548,10.234
1993,DJF,South West England,0.596,11.139
1994,DJF,South West England,0.604,13.747
1995,DJF,South West England,0.417,5.797
1996,DJF,South West England,0.620,12.152
1997,DJF,South West England,0.432,8.354
1998,DJF,South West England,0.437,11.684
1999,DJF,South West England,0.652,12.886
2000,DJF,South West England,0.648,11.658
2001,DJF,South West England,0.469,7.082
2002,DJF,South West England,0.508,8.424
2003,DJF,South West England,0.427,8.956
2004,DJF,South West England,0.591,8.367
2005,DJF,South West England,0.614,8.665
2006,DJF,South West England,0.555,7.994
2007,DJF,South West England,0.439,8.101
2008,DJF,South West England,0.472,8.392
2009,DJF,South West England,0.469,8.684
2010,DJF,South West England,0.575,7.797
2011,DJF,South West England,0.456,7.899
2012,DJF,South West England,0.469,7.234
2013,DJF,South West England,0.352,9.722
2014,DJF,South West England,0.515,8.905
2015,DJF,South West England,0.551,8.310
2016,DJF,South West England,0.624,12.690
2017,DJF,South West England,0.578,7.449
2018,DJF,South West England,0.690,10.051
2019,DJF,South West England,0.565,10.468
2020,DJF,South West England,0.466,6.994
2021,DJF,South West England,0.496,7.089
2022,DJF,South West England,0.492,8.753
2023,DJF,South West England,0.591,10.076
2024,DJF,South West England,0.542,8.418
2025,DJF,South West England,0.470,6.152
2026,DJF,South West England,0.650,9.082
2027,DJF,South West England,0.494,10.747
2028,DJF,South West England,0.370,7.291
2029,DJF,South West England,0.484,7.475
2030,DJF,South West England,0.671,11.006
2031,DJF,South West England,0.501,7.323
2032,DJF,South West England,0.595,9.766
2033,DJF,South West England,0.355,8.854
2034,DJF,South West England,0.601,11.810
2035,DJF,South West England,0.594,11.342
2036,DJF,South West England,0.572,9.816
2037,DJF,South West England,0.554,10.259
2038,DJF,South West England,0.623,12.184
2039,DJF,South West England,0.639,10.139
2040,DJF,South West England,0.496,6.810
2041,DJF,South West England,0.493,10.677
2042,DJF,South West England,0.509,6.949
2043,DJF,South West England,0.488,6.019
2044,DJF,South West England,0.621,11.475
2045,DJF,South West England,0.539,11.139
2046,DJF,South West England,0.495,7.335
2047,DJF,South West England,0.559,9.247
2048,DJF,South West England,0.561,11.019
2049,DJF,South West England,0.440,7.304
2050,DJF,South West England,0.513,7.234
2051,DJF,South West England,0.321,7.468
2052,DJF,South West England,0.696,13.411
2053,DJF,South West England,0.670,12.278
2054,DJF,South West England,0.560,8.880
2055,DJF,South West England,0.585,9.975
2056,DJF,South West England,0.424,8.981
2057,DJF,South West England,0.528,10.342
2058,DJF,South West England,0.491,9.557
2059,DJF,South West England,0.507,8.462
2060,DJF,South West England,0.471,7.804
2061,DJF,South West England,0.445,6.924
2062,DJF,South West England,0.586,10.886
2063,DJF,South West England,0.569,11.778
2064,DJF,South West England,0.524,7.804
2065,DJF,South West England,0.646,8.829
2066,DJF,South West England,0.524,5.924
2067,DJF,South West England,0.538,7.449
2068,DJF,South West England,0.556,10.937
2069,DJF,South West England,0.490,7.247
2070,DJF,South West England,0.475,8.253
2071,DJF,South West England,0.487,6.810
2072,DJF,South West England,0.555,8.114
2073,DJF,South West England,0.547,11.785
2074,DJF,South West England,0.545,9.139
2075,DJF,South West England,0.540,7.823
2076,DJF,South West England,0.450,9.633
2077,DJF,South West England,0.457,7.753
2078,DJF,South West England,0.493,7.614
2079,DJF,South West England,0.471,8.949
2080,DJF,South West England,0.479,7.810
1981,DJF,West Midlands,0.607,8.291
1982,DJF,West Midlands,0.590,5.849
1983,DJF,West Midlands,0.602,8.395
1984,DJF,West Midlands,0.596,9.023
1985,DJF,West Midlands,0.502,6.442
1986,DJF,West Midlands,0.523,6.826
1987,DJF,West Midlands,0.451,6.140
1988,DJF,West Midlands,0.437,5.837
1989,DJF,West Midlands,0.541,6.186
1990,DJF,West Midlands,0.479,5.802
1991,DJF,West Midlands,0.371,5.349
1992,DJF,West Midlands,0.521,6.942
1993,DJF,West Midlands,0.540,6.500
1994,DJF,West Midlands,0.566,9.093
1995,DJF,West Midlands,0.431,5.500
1996,DJF,West Midlands,0.588,8.291
1997,DJF,West Midlands,0.424,4.977
1998,DJF,West Midlands,0.398,7.035
1999,DJF,West Midlands,0.599,8.174
2000,DJF,West Midlands,0.588,7.953
2001,DJF,West Midlands,0.454,6.488
2002,DJF,West Midlands,0.446,8.674
2003,DJF,West Midlands,0.424,6.977
2004,DJF,West Midlands,0.529,7.547
2005,DJF,West Midlands,0.536,6.372
2006,DJF,West Midlands,0.524,7.186
2007,DJF,West Midlands,0.462,6.047
2008,DJF,West Midlands,0.450,7.651
2009,DJF,West Midlands,0.465,6.012
2010,DJF,West Midlands,0.525,6.407
2011,DJF,West Midlands,0.470,6.942
2012,DJF,West Midlands,0.460,4.907
2013,DJF,West Midlands,0.373,7.372
2014,DJF,West Midlands,0.505,7.221
2015,DJF,West Midlands,0.503,6.395
2016,DJF,West Midlands,0.531,10.709
2017,DJF,West Midlands,0.560,7.174
2018,DJF,West Midlands,0.567,6.012
2019,DJF,West Midlands,0.473,6.244
2020,DJF,West Midlands,0.462,8.326
2021,DJF,West Midlands,0.436,6.360
2022,DJF,West Midlands,0.462,5.593
2023,DJF,West Midlands,0.536,6.674
2024,DJF,West Midlands,0.510,6.942
2025,DJF,West Midlands,0.446,5.628
2026,DJF,West Midlands,0.575,6.942
2027,DJF,West Midlands,0.456,8.058
2028,DJF,West Midlands,0.393,5.372
2029,DJF,West Midlands,0.457,6.291
2030,DJF,West Midlands,0.626,11.593
2031,DJF,West Midlands,0.409,5.767
2032,DJF,West Midlands,0.521,8.291
2033,DJF,West Midlands,0.344,8.000
2034,DJF,West Midlands,0.526,10.837
2035,DJF,West Midlands,0.491,8.058
2036,DJF,West Midlands,0.454,8.965
2037,DJF,West Midlands,0.509,13.105
2038,DJF,West Midlands,0.579,9.186
2039,DJF,West Midlands,0.640,10.314
2040,DJF,West Midlands,0.523,7.128
2041,DJF,West Midlands,0.496,7.500
2042,DJF,West Midlands,0.502,5.302
2043,DJF,West Midlands,0.408,6.105
2044,DJF,West Midlands,0.577,11.663
2045,DJF,West Midlands,0.499,7.116
2046,DJF,West Midlands,0.460,4.733
2047,DJF,West Midlands,0.485,5.814
2048,DJF,West Midlands,0.484,7.163
2049,DJF,West Midlands,0.435,5.674
2050,DJF,West Midlands,0.494,6.337
2051,DJF,West Midlands,0.341,7.988
2052,DJF,West Midlands,0.600,7.140
2053,DJF,West Midlands,0.596,8.140
2054,DJF,West Midlands,0.530,6.651
2055,DJF,West Midlands,0.501,6.000
2056,DJF,West Midlands,0.424,8.395
2057,DJF,West Midlands,0.525,9.128
2058,DJF,West Midlands,0.449,5.128
2059,DJF,West Midlands,0.505,8.407
2060,DJF,West Midlands,0.448,7.430
2061,DJF,West Midlands,0.424,5.814
2062,DJF,West Midlands,0.493,6.733
2063,DJF,West Midlands,0.527,8.907
2064,DJF,West Midlands,0.555,7.977
2065,DJF,West Midlands,0.628,8.733
2066,DJF,West Midlands,0.505,4.651
2067,DJF,West Midlands,0.547,6.802
2068,DJF,West Midlands,0.502,6.919
2069,DJF,West Midlands,0.472,6.093
2070,DJF,West Midlands,0.453,6.233
2071,DJF,West Midlands,0.397,4.895
2072,DJF,West Midlands,0.487,6.605
2073,DJF,West Midlands,0.537,8.721
2074,DJF,West Midlands,0.519,7.930
2075,DJF,West Midlands,0.542,7.058
2076,DJF,West Midlands,0.386,5.558
2077,DJF,West Midlands,0.470,7.163
2078,DJF,West Midlands,0.455,5.163
2079,DJF,West Midlands,0.460,7.128
2080,DJF,West Midlands,0.458,6.616
1981,DJF,West Scotland,0.588,8.377
1982,DJF,West Scotland,0.767,20.469
1983,DJF,West Scotland,0.798,20.923
1984,DJF,West Scotland,0.799,25.223
1985,DJF,West Scotland,0.601,18.877
1986,DJF,West Scotland,0.576,11.023
1987,DJF,West Scotland,0.640,15.662
1988,DJF,West Scotland,0.591,10.269
1989,DJF,West Scotland,0.888,36.708
1990,DJF,West Scotland,0.708,14.908
1991,DJF,West Scotland,0.572,9.077
1992,DJF,West Scotland,0.679,17.338
1993,DJF,West Scotland,0.669,15.115
1994,DJF,West Scotland,0.789,19.869
1995,DJF,West Scotland,0.656,11.662
1996,DJF,West Scotland,0.726,14.746
1997,DJF,West Scotland,0.640,12.992
1998,DJF,West Scotland,0.571,18.092
1999,DJF,West Scotland,0.722,19.069
2000,DJF,West Scotland,0.748,29.400
2001,DJF,West Scotland,0.612,11.554
2002,DJF,West Scotland,0.679,17.292
2003,DJF,West Scotland,0.692,24.215
2004,DJF,West Scotland,0.610,7.900
2005,DJF,West Scotland,0.622,12.138
2006,DJF,West Scotland,0.601,12.277
2007,DJF,West Scotland,0.547,11.346
2008,DJF,West Scotland,0.733,20.985
2009,DJF,West Scotland,0.588,14.569
2010,DJF,West Scotland,0.800,20.046
2011,DJF,West Scotland,0.706,15.777
2012,DJF,West Scotland,0.742,15.200
2013,DJF,West Scotland,0.612,18.623
2014,DJF,West Scotland,0.745,16.308
2015,DJF,West Scotland,0.819,24.800
2016,DJF,West Scotland,0.695,16.962
2017,DJF,West Scotland,0.606,12.838
2018,DJF,West Scotland,0.813,17.315
2019,DJF,West Scotland,0.658,15.185
2020,DJF,West Scotland,0.652,12.992
2021,DJF,West Scotland,0.676,16.115
2022,DJF,West Scotland,0.663,20.000
2023,DJF,West Scotland,0.773,16.685
2024,DJF,West Scotland,0.617,11.777
2025,DJF,West Scotland,0.491,6.446
2026,DJF,West Scotland,0.776,18.331
2027,DJF,West Scotland,0.651,13.254
2028,DJF,West Scotland,0.498,12.977
2029,DJF,West Scotland,0.649,14.431
2030,DJF,West Scotland,0.708,17.154
2031,DJF,West Scotland,0.679,16.308
2032,DJF,West Scotland,0.598,11.838
2033,DJF,West Scotland,0.460,10.623
2034,DJF,West Scotland,0.732,20.192
2035,DJF,West Scotland,0.701,17.469
2036,DJF,West Scotland,0.675,16.862
2037,DJF,West Scotland,0.667,16.662
2038,DJF,West Scotland,0.768,19.808
2039,DJF,West Scotland,0.665,13.808
2040,DJF,West Scotland,0.755,16.331
2041,DJF,West Scotland,0.625,12.700
2042,DJF,West Scotland,0.690,10.646
2043,DJF,West Scotland,0.585,9.877
2044,DJF,West Scotland,0.653,12.131
2045,DJF,West Scotland,0.696,16.638
2046,DJF,West Scotland,0.764,18.554
2047,DJF,West Scotland,0.655,9.938
2048,DJF,West Scotland,0.648,15.423
2049,DJF,West Scotland,0.589,13.200
2050,DJF,West Scotland,0.729,17.246
2051,DJF,West Scotland,0.621,15.200
2052,DJF,West Scotland,0.825,22.677
2053,DJF,West Scotland,0.790,20.731
2054,DJF,West Scotland,0.696,14.231
2055,DJF,West Scotland,0.746,16.585
2056,DJF,West Scotland,0.588,11.715
2057,DJF,West Scotland,0.552,12.515
2058,DJF,West Scotland,0.681,12.023
2059,DJF,West Scotland,0.745,16.392
2060,DJF,West Scotland,0.639,12.654
2061,DJF,West Scotland,0.561,11.131
2062,DJF,West Scotland,0.718,20.908
2063,DJF,West Scotland,0.696,12.354
2064,DJF,West Scotland,0.750,15.823
2065,DJF,West Scotland,0.704,14.792
2066,DJF,West Scotland,0.595,9.015
2067,DJF,West Scotland,0.609,11.754
2068,DJF,West Scotland,0.714,21.769
2069,DJF,West Scotland,0.679,16.423
2070,DJF,West Scotland,0.701,16.538
2071,DJF,West Scotland,0.658,20.885
2072,DJF,West Scotland,0.635,18.438
2073,DJF,West Scotland,0.615,12.554
2074,DJF,West Scotland,0.742,18.269
2075,DJF,West Scotland,0.631,10.600
2076,DJF,West Scotland,0.557,17.746
2077,DJF,West Scotland,0.621,13.723
2078,DJF,West Scotland,0.706,10.808
2079,DJF,West Scotland,0.666,15.808
2080,DJF,West Scotland,0.559,13.823
1981,DJF,Yorkshire and Humber,0.587,9.941
1982,DJF,Yorkshire and Humber,0.504,6.218
1983,DJF,Yorkshire and Humber,0.578,9.723
1984,DJF,Yorkshire and Humber,0.544,9.099
1985,DJF,Yorkshire and Humber,0.566,9.356
1986,DJF,Yorkshire and Humber,0.454,7.059
1987,DJF,Yorkshire and Humber,0.433,5.554
1988,DJF,Yorkshire and Humber,0.492,6.703
1989,DJF,Yorkshire and Humber,0.528,7.426
1990,DJF,Yorkshire and Humber,0.420,6.426
1991,DJF,Yorkshire and Humber,0.448,8.762
1992,DJF,Yorkshire and Humber,0.529,7.089
1993,DJF,Yorkshire and Humber,0.504,7.505
1994,DJF,Yorkshire and Humber,0.474,6.307
1995,DJF,Yorkshire and Humber,0.390,4.871
1996,DJF,Yorkshire and Humber,0.511,7.634
1997,DJF,Yorkshire and Humber,0.414,6.109
1998,DJF,Yorkshire and Humber,0.406,7.347
1999,DJF,Yorkshire and Humber,0.511,8.545
2000,DJF,Yorkshire and Humber,0.526,8.733
2001,DJF,Yorkshire and Humber,0.384,5.515
2002,DJF,Yorkshire and Humber,0.400,6.099
2003,DJF,Yorkshire and Humber,0.444,10.099
2004,DJF,Yorkshire and Humber,0.558,7.624
2005,DJF,Yorkshire and Humber,0.445,5.535
2006,DJF,Yorkshire and Humber,0.537,8.653
2007,DJF,Yorkshire and Humber,0.483,6.554
2008,DJF,Yorkshire and Humber,0.443,6.881
2009,DJF,Yorkshire and Humber,0.486,9.307
2010,DJF,Yorkshire and Humber,0.495,6.842
2011,DJF,Yorkshire and Humber,0.423,4.752
2012,DJF,Yorkshire and Humber,0.408,5.851
2013,DJF,Yorkshire and Humber,0.346,7.693
2014,DJF,Yorkshire and Humber,0.436,5.851
2015,DJF,Yorkshire and Humber,0.421,6.010
2016,DJF,Yorkshire and Humber,0.481,6.693
2017,DJF,Yorkshire and Humber,0.607,10.000
2018,DJF,Yorkshire and Humber,0.492,6.287
2019,DJF,Yorkshire and Humber,0.451,5.673
2020,DJF,Yorkshire and Humber,0.502,6.921
2021,DJF,Yorkshire and Humber,0.445,5.980
2022,DJF,Yorkshire and Humber,0.455,6.990
2023,DJF,Yorkshire and Humber,0.507,8.109
2024,DJF,Yorkshire and Humber,0.451,7.723
2025,DJF,Yorkshire and Humber,0.439,6.109
2026,DJF,Yorkshire and Humber,0.524,7.673
2027,DJF,Yorkshire and Humber,0.439,5.594
2028,DJF,Yorkshire and Humber,0.443,6.386
2029,DJF,Yorkshire and Humber,0.436,6.802
2030,DJF,Yorkshire and Humber,0.606,10.535
2031,DJF,Yorkshire and Humber,0.439,6.584
2032,DJF,Yorkshire and Humber,0.548,9.921
2033,DJF,Yorkshire and Humber,0.359,4.762
2034,DJF,Yorkshire and Humber,0.514,11.297
2035,DJF,Yorkshire and Humber,0.484,6.881
2036,DJF,Yorkshire and Humber,0.444,6.634
2037,DJF,Yorkshire and Humber,0.508,8.426
2038,DJF,Yorkshire and Humber,0.562,8.574
2039,DJF,Yorkshire and Humber,0.629,9.099
2040,DJF,Yorkshire and Humber,0.478,6.228
2041,DJF,Yorkshire and Humber,0.458,7.376
2042,DJF,Yorkshire and Humber,0.442,6.218
2043,DJF,Yorkshire and Humber,0.428,6.455
2044,DJF,Yorkshire and Humber,0.529,7.505
2045,DJF,Yorkshire and Humber,0.478,7.337
2046,DJF,Yorkshire and Humber,0.456,6.921
2047,DJF,Yorkshire and Humber,0.488,5.881
2048,DJF,Yorkshire and Humber,0.482,6.743
2049,DJF,Yorkshire and Humber,0.492,7.267
2050,DJF,Yorkshire and Humber,0.514,5.901
2051,DJF,Yorkshire and Humber,0.339,8.931
2052,DJF,Yorkshire and Humber,0.557,8.495
2053,DJF,Yorkshire and Humber,0.520,8.446
2054,DJF,Yorkshire and Humber,0.514,6.277
2055,DJF,Yorkshire and Humber,0.484,8.287
2056,DJF,Yorkshire and Humber,0.388,8.307
2057,DJF,Yorkshire and Humber,0.480,7.703
2058,DJF,Yorkshire and Humber,0.424,4.634
2059,DJF,Yorkshire and Humber,0.462,7.248
2060,DJF,Yorkshire and Humber,0.369,5.832
2061,DJF,Yorkshire and Humber,0.453,5.931
2062,DJF,Yorkshire and Humber,0.443,5.149
2063,DJF,Yorkshire and Humber,0.576,8.505
2064,DJF,Yorkshire and Humber,0.510,8.208
2065,DJF,Yorkshire and Humber,0.632,10.208
2066,DJF,Yorkshire and Humber,0.512,6.218
2067,DJF,Yorkshire and Humber,0.470,6.733
2068,DJF,Yorkshire and Humber,0.520,8.673
2069,DJF,Yorkshire and Humber,0.492,7.683
2070,DJF,Yorkshire and Humber,0.448,5.812
2071,DJF,Yorkshire and Humber,0.429,6.000
2072,DJF,Yorkshire and Humber,0.469,6.248
2073,DJF,Yorkshire and Humber,0.507,6.782
2074,DJF,Yorkshire and Humber,0.505,8.426
2075,DJF,Yorkshire and Humber,0.534,7.366
2076,DJF,Yorkshire and Humber,0.404,6.327
2077,DJF,Yorkshire and Humber,0.520,6.297
2078,DJF,Yorkshire and Humber,0.414,6.436
2079,DJF,Yorkshire and Humber,0.454,6.416
2080,DJF,Yorkshire and Humber,0.440,6.960
1981,DJF,Channel Islands,0.800,13.000
1982,DJF,Channel Islands,0.733,17.000
1983,DJF,Channel Islands,0.822,30.000
1984,DJF,Channel Islands,0.802,32.000
1985,DJF,Channel Islands,0.522,9.000
1986,DJF,Channel Islands,0.622,15.000
1987,DJF,Channel Islands,0.589,11.000
1988,DJF,Channel Islands,0.516,14.000
1989,DJF,Channel Islands,0.700,23.000
1990,DJF,Channel Islands,0.622,21.000
1991,DJF,Channel Islands,0.589,16.000
1992,DJF,Channel Islands,0.692,17.000
1993,DJF,Channel Islands,0.722,18.000
1994,DJF,Channel Islands,0.567,9.000
1995,DJF,Channel Islands,0.467,8.000
1996,DJF,Channel Islands,0.692,20.000
1997,DJF,Channel Islands,0.533,12.000
1998,DJF,Channel Islands,0.556,14.000
1999,DJF,Channel Islands,0.789,13.000
2000,DJF,Channel Islands,0.659,11.000
2001,DJF,Channel Islands,0.578,11.000
2002,DJF,Channel Islands,0.611,15.000
2003,DJF,Channel Islands,0.578,22.000
2004,DJF,Channel Islands,0.736,14.000
2005,DJF,Channel Islands,0.678,13.000
2006,DJF,Channel Islands,0.722,16.000
2007,DJF,Channel Islands,0.589,10.000
2008,DJF,Channel Islands,0.473,10.000
2009,DJF,Channel Islands,0.689,27.000
2010,DJF,Channel Islands,0.722,14.000
2011,DJF,Channel Islands,0.544,19.000
2012,DJF,Channel Islands,0.549,14.000
2013,DJF,Channel Islands,0.344,9.000
2014,DJF,Channel Islands,0.600,19.000
2015,DJF,Channel Islands,0.700,16.000
2016,DJF,Channel Islands,0.659,15.000
2017,DJF,Channel Islands,0.711,14.000
2018,DJF,Channel Islands,0.733,8.000
2019,DJF,Channel Islands,0.644,13.000
2020,DJF,Channel Islands,0.604,14.000
2021,DJF,Channel Islands,0.656,10.000
2022,DJF,Channel Islands,0.667,16.000
2023,DJF,Channel Islands,0.800,19.000
2024,DJF,Channel Islands,0.659,8.000
2025,DJF,Channel Islands,0.644,8.000
2026,DJF,Channel Islands,0.722,19.000
2027,DJF,Channel Islands,0.622,11.000
2028,DJF,Channel Islands,0.363,9.000
2029,DJF,Channel Islands,0.511,16.000
2030,DJF,Channel Islands,0.711,13.000
2031,DJF,Channel Islands,0.667,10.000
2032,DJF,Channel Islands,0.725,21.000
2033,DJF,Channel Islands,0.444,7.000
2034,DJF,Channel Islands,0.667,17.000
2035,DJF,Channel Islands,0.722,20.000
2036,DJF,Channel Islands,0.758,14.000
2037,DJF,Channel Islands,0.756,13.000
2038,DJF,Channel Islands,0.789,27.000
2039,DJF,Channel Islands,0.800,19.000
2040,DJF,Channel Islands,0.593,19.000
2041,DJF,Channel Islands,0.556,16.000
2042,DJF,Channel Islands,0.544,7.000
2043,DJF,Channel Islands,0.622,10.000
2044,DJF,Channel Islands,0.747,14.000
2045,DJF,Channel Islands,0.700,12.000
2046,DJF,Channel Islands,0.589,9.000
2047,DJF,Channel Islands,0.711,19.000
2048,DJF,Channel Islands,0.692,16.000
2049,DJF,Channel Islands,0.533,10.000
2050,DJF,Channel Islands,0.689,10.000
2051,DJF,Channel Islands,0.333,7.000
2052,DJF,Channel Islands,0.703,18.000
2053,DJF,Channel Islands,0.789,27.000
2054,DJF,Channel Islands,0.633,17.000
2055,DJF,Channel Islands,0.778,12.000
2056,DJF,Channel Islands,0.473,18.000
2057,DJF,Channel Islands,0.567,22.000
2058,DJF,Channel Islands,0.589,13.000
2059,DJF,Channel Islands,0.489,12.000
2060,DJF,Channel Islands,0.484,17.000
2061,DJF,Channel Islands,0.589,14.000
2062,DJF,Channel Islands,0.622,7.000
2063,DJF,Channel Islands,0.667,17.000
2064,DJF,Channel Islands,0.659,12.000
2065,DJF,Channel Islands,0.800,18.000
2066,DJF,Channel Islands,0.656,12.000
2067,DJF,Channel Islands,0.600,15.000
2068,DJF,Channel Islands,0.692,28.000
2069,DJF,Channel Islands,0.656,13.000
2070,DJF,Channel Islands,0.611,9.000
2071,DJF,Channel Islands,0.600,13.000
2072,DJF,Channel Islands,0.670,17.000
2073,DJF,Channel Islands,0.644,21.000
2074,DJF,Channel Islands,0.611,15.000
2075,DJF,Channel Islands,0.744,15.000
2076,DJF,Channel Islands,0.571,11.000
2077,DJF,Channel Islands,0.578,9.000
2078,DJF,Channel Islands,0.689,26.000
2079,DJF,Channel Islands,0.556,10.000
2080,DJF,Channel Islands,0.538,15.000
1981,DJF,Isle of Man,0.685,11.000
1982,DJF,Isle of Man,0.730,15.333
1983,DJF,Isle of Man,0.796,17.667
1984,DJF,Isle of Man,0.762,14.000
1985,DJF,Isle of Man,0.552,9.000
1986,DJF,Isle of Man,0.585,13.333
1987,DJF,Isle of Man,0.630,13.000
1988,DJF,Isle of Man,0.601,9.333
1989,DJF,Isle of Man,0.781,16.000
1990,DJF,Isle of Man,0.633,8.333
1991,DJF,Isle of Man,0.552,10.333
1992,DJF,Isle of Man,0.656,14.333
1993,DJF,Isle of Man,0.667,10.333
1994,DJF,Isle of Man,0.696,14.667
1995,DJF,Isle of Man,0.593,8.667
1996,DJF,Isle of Man,0.718,13.333
1997,DJF,Isle of Man,0.530,10.000
1998,DJF,Isle of Man,0.552,11.333
1999,DJF,Isle of Man,0.700,12.667
2000,DJF,Isle of Man,0.722,14.000
2001,DJF,Isle of Man,0.541,9.000
2002,DJF,Isle of Man,0.607,10.667
2003,DJF,Isle of Man,0.607,17.000
2004,DJF,Isle of Man,0.597,8.333
2005,DJF,Isle of Man,0.600,6.333
2006,DJF,Isle of Man,0.652,11.333
2007,DJF,Isle of Man,0.552,5.667
2008,DJF,Isle of Man,0.641,7.333
2009,DJF,Isle of Man,0.611,7.333
2010,DJF,Isle of Man,0.752,15.000
2011,DJF,Isle of Man,0.607,12.000
2012,DJF,Isle of Man,0.634,10.000
2013,DJF,Isle of Man,0.511,14.000
2014,DJF,Isle of Man,0.689,17.667
2015,DJF,Isle of Man,0.648,9.333
2016,DJF,Isle of Man,0.674,17.333
2017,DJF,Isle of Man,0.641,13.000
2018,DJF,Isle of Man,0.715,9.667
2019,DJF,Isle of Man,0.689,17.667
2020,DJF,Isle of Man,0.630,11.667
2021,DJF,Isle of Man,0.574,8.667
2022,DJF,Isle of Man,0.633,16.667
2023,DJF,Isle of Man,0.774,14.333
2024,DJF,Isle of Man,0.648,12.000
2025,DJF,Isle of Man,0.578,8.000
2026,DJF,Isle of Man,0.719,19.000
2027,DJF,Isle of Man,0.585,7.333
2028,DJF,Isle of Man,0.502,10.333
2029,DJF,Isle of Man,0.663,11.667
2030,DJF,Isle of Man,0.659,9.333
2031,DJF,Isle of Man,0.593,10.333
2032,DJF,Isle of Man,0.685,13.333
2033,DJF,Isle of Man,0.430,5.667
2034,DJF,Isle of Man,0.670,12.667
2035,DJF,Isle of Man,0.663,17.667
2036,DJF,Isle of Man,0.608,14.000
2037,DJF,Isle of Man,0.752,11.667
2038,DJF,Isle of Man,0.763,16.333
2039,DJF,Isle of Man,0.715,19.333
2040,DJF,Isle of Man,0.722,9.667
2041,DJF,Isle of Man,0.585,10.333
2042,DJF,Isle of Man,0.663,8.667
2043,DJF,Isle of Man,0.604,12.667
2044,DJF,Isle of Man,0.641,12.000
2045,DJF,Isle of Man,0.663,10.333
2046,DJF,Isle of Man,0.689,10.000
2047,DJF,Isle of Man,0.726,12.333
2048,DJF,Isle of Man,0.612,12.667
2049,DJF,Isle of Man,0.600,10.333
2050,DJF,Isle of Man,0.674,14.333
2051,DJF,Isle of Man,0.556,12.333
2052,DJF,Isle of Man,0.755,16.000
2053,DJF,Isle of Man,0.767,12.333
2054,DJF,Isle of Man,0.726,15.667
2055,DJF,Isle of Man,0.663,12.333
2056,DJF,Isle of Man,0.549,13.333
2057,DJF,Isle of Man,0.537,9.000
2058,DJF,Isle of Man,0.585,8.667
2059,DJF,Isle of Man,0.704,19.333
2060,DJF,Isle of Man,0.597,10.333
2061,DJF,Isle of Man,0.489,8.000
2062,DJF,Isle of Man,0.630,8.667
2063,DJF,Isle of Man,0.689,14.000
2064,DJF,Isle of Man,0.744,10.333
2065,DJF,Isle of Man,0.744,12.000
2066,DJF,Isle of Man,0.604,6.000
2067,DJF,Isle of Man,0.611,14.333
2068,DJF,Isle of Man,0.667,13.333
2069,DJF,Isle of Man,0.681,16.333
2070,DJF,Isle of Man,0.600,8.000
2071,DJF,Isle of Man,0.604,11.000
2072,DJF,Isle of Man,0.568,7.333
2073,DJF,Isle of Man,0.648,10.333
2074,DJF,Isle of Man,0.667,18.667
2075,DJF,Isle of Man,0.637,12.333
2076,DJF,Isle of Man,0.531,12.333
2077,DJF,Isle of Man,0.637,11.000
2078,DJF,Isle of Man,0.593,9.333
2079,DJF,Isle of Man,0.641,13.667
2080,DJF,Isle of Man,0.516,9.667
1981,DJF,Northern Ireland,0.606,10.442
1982,DJF,Northern Ireland,0.694,14.547
1983,DJF,Northern Ireland,0.738,14.279
1984,DJF,Northern Ireland,0.745,13.581
1985,DJF,Northern Ireland,0.590,12.395
1986,DJF,Northern Ireland,0.635,11.512
1987,DJF,Northern Ireland,0.606,13.186
1988,DJF,Northern Ireland,0.579,8.058
1989,DJF,Northern Ireland,0.765,17.535
1990,DJF,Northern Ireland,0.628,9.884
1991,DJF,Northern Ireland,0.596,9.616
1992,DJF,Northern Ireland,0.668,14.047
1993,DJF,Northern Ireland,0.637,11.558
1994,DJF,Northern Ireland,0.702,15.186
1995,DJF,Northern Ireland,0.567,8.488
1996,DJF,Northern Ireland,0.659,7.558
1997,DJF,Northern Ireland,0.556,9.314
1998,DJF,Northern Ireland,0.495,10.023
1999,DJF,Northern Ireland,0.640,11.558
2000,DJF,Northern Ireland,0.732,21.895
2001,DJF,Northern Ireland,0.525,8.128
2002,DJF,Northern Ireland,0.622,10.442
2003,DJF,Northern Ireland,0.591,13.337
2004,DJF,Northern Ireland,0.571,6.977
2005,DJF,Northern Ireland,0.561,8.267
2006,DJF,Northern Ireland,0.557,9.116
2007,DJF,Northern Ireland,0.538,10.035
2008,DJF,Northern Ireland,0.609,10.535
2009,DJF,Northern Ireland,0.560,11.163
2010,DJF,Northern Ireland,0.707,12.709
2011,DJF,Northern Ireland,0.562,8.419
2012,DJF,Northern Ireland,0.669,12.733
2013,DJF,Northern Ireland,0.479,9.244
2014,DJF,Northern Ireland,0.610,13.221
2015,DJF,Northern Ireland,0.744,18.512
2016,DJF,Northern Ireland,0.657,11.930
2017,DJF,Northern Ireland,0.565,8.523
2018,DJF,Northern Ireland,0.668,9.640
2019,DJF,Northern Ireland,0.676,15.581
2020,DJF,Northern Ireland,0.605,10.488
2021,DJF,Northern Ireland,0.629,9.860
2022,DJF,Northern Ireland,0.562,14.477
2023,DJF,Northern Ireland,0.738,16.453
2024,DJF,Northern Ireland,0.574,8.570
2025,DJF,Northern Ireland,0.553,9.686
2026,DJF,Northern Ireland,0.691,10.953
2027,DJF,Northern Ireland,0.611,12.023
2028,DJF,Northern Ireland,0.467,10.337
2029,DJF,Northern Ireland,0.591,12.884
2030,DJF,Northern Ireland,0.729,22.291
2031,DJF,Northern Ireland,0.541,7.977
2032,DJF,Northern Ireland,0.589,8.791
2033,DJF,Northern Ireland,0.455,9.360
2034,DJF,Northern Ireland,0.717,10.744
2035,DJF,Northern Ireland,0.659,11.535
2036,DJF,Northern Ireland,0.646,16.884
2037,DJF,Northern Ireland,0.642,13.895
2038,DJF,Northern Ireland,0.698,12.395
2039,DJF,Northern Ireland,0.618,12.570
2040,DJF,Northern Ireland,0.632,9.919
2041,DJF,Northern Ireland,0.551,11.570
2042,DJF,Northern Ireland,0.666,12.023
2043,DJF,Northern Ireland,0.523,8.395
2044,DJF,Northern Ireland,0.589,10.686
2045,DJF,Northern Ireland,0.592,8.837
2046,DJF,Northern Ireland,0.626,10.686
2047,DJF,Northern Ireland,0.636,10.163
2048,DJF,Northern Ireland,0.590,11.314
2049,DJF,Northern Ireland,0.603,10.326
2050,DJF,Northern Ireland,0.614,11.372
2051,DJF,Northern Ireland,0.528,9.860
2052,DJF,Northern Ireland,0.757,17.477
2053,DJF,Northern Ireland,0.716,16.477
2054,DJF,Northern Ireland,0.642,11.826
2055,DJF,Northern Ireland,0.660,12.023
2056,DJF,Northern Ireland,0.554,11.512
2057,DJF,Northern Ireland,0.505,7.977
2058,DJF,Northern Ireland,0.606,10.640
2059,DJF,Northern Ireland,0.674,12.349
2060,DJF,Northern Ireland,0.535,11.988
2061,DJF,Northern Ireland,0.457,7.698
2062,DJF,Northern Ireland,0.580,10.535
2063,DJF,Northern Ireland,0.634,12.360
2064,DJF,Northern Ireland,0.658,8.977
2065,DJF,Northern Ireland,0.712,14.395
2066,DJF,Northern Ireland,0.572,7.337
2067,DJF,Northern Ireland,0.579,9.814
2068,DJF,Northern Ireland,0.637,13.849
2069,DJF,Northern Ireland,0.669,13.651
2070,DJF,Northern Ireland,0.640,11.221
2071,DJF,Northern Ireland,0.590,12.779
2072,DJF,Northern Ireland,0.577,8.302
2073,DJF,Northern Ireland,0.559,9.570
2074,DJF,Northern Ireland,0.621,12.151
2075,DJF,Northern Ireland,0.600,10.372
2076,DJF,Northern Ireland,0.525,9.930
2077,DJF,Northern Ireland,0.609,10.209
2078,DJF,Northern Ireland,0.593,8.209
2079,DJF,Northern Ireland,0.586,11.244
2080,DJF,Northern Ireland,0.494,8.221
1981,DJF,Wales,0.709,15.015
1982,DJF,Wales,0.701,11.124
1983,DJF,Wales,0.711,16.007
1984,DJF,Wales,0.752,15.073
1985,DJF,Wales,0.596,12.526
1986,DJF,Wales,0.622,10.467
1987,DJF,Wales,0.535,7.277
1988,DJF,Wales,0.536,9.314
1989,DJF,Wales,0.714,17.387
1990,DJF,Wales,0.615,10.723
1991,DJF,Wales,0.475,9.672
1992,DJF,Wales,0.628,15.197
1993,DJF,Wales,0.638,11.912
1994,DJF,Wales,0.696,17.423
1995,DJF,Wales,0.541,7.044
1996,DJF,Wales,0.701,14.971
1997,DJF,Wales,0.524,10.073
1998,DJF,Wales,0.515,13.131
1999,DJF,Wales,0.732,13.679
2000,DJF,Wales,0.714,18.438
2001,DJF,Wales,0.520,9.423
2002,DJF,Wales,0.588,11.788
2003,DJF,Wales,0.531,11.803
2004,DJF,Wales,0.607,11.679
2005,DJF,Wales,0.614,9.883
2006,DJF,Wales,0.616,10.547
2007,DJF,Wales,0.526,8.679
2008,DJF,Wales,0.567,10.577
2009,DJF,Wales,0.593,14.190
2010,DJF,Wales,0.652,10.540
2011,DJF,Wales,0.551,8.854
2012,DJF,Wales,0.613,9.431
2013,DJF,Wales,0.486,12.124
2014,DJF,Wales,0.615,10.620
2015,DJF,Wales,0.646,12.066
2016,DJF,Wales,0.651,15.153
2017,DJF,Wales,0.573,9.307
2018,DJF,Wales,0.692,11.073
2019,DJF,Wales,0.591,11.073
2020,DJF,Wales,0.560,11.255
2021,DJF,Wales,0.573,10.007
2022,DJF,Wales,0.605,12.358
2023,DJF,Wales,0.675,12.131
2024,DJF,Wales,0.599,10.394
2025,DJF,Wales,0.523,7.241
2026,DJF,Wales,0.712,17.679
2027,DJF,Wales,0.532,9.898
2028,DJF,Wales,0.439,8.511
2029,DJF,Wales,0.590,10.460
2030,DJF,Wales,0.704,14.526
2031,DJF,Wales,0.533,10.285
2032,DJF,Wales,0.624,12.314
2033,DJF,Wales,0.400,8.029
2034,DJF,Wales,0.646,13.803
2035,DJF,Wales,0.617,14.891
2036,DJF,Wales,0.602,13.102
2037,DJF,Wales,0.645,15.051
2038,DJF,Wales,0.691,14.620
2039,DJF,Wales,0.689,13.774
2040,DJF,Wales,0.606,9.365
2041,DJF,Wales,0.554,11.058
2042,DJF,Wales,0.597,8.474
2043,DJF,Wales,0.528,8.321
2044,DJF,Wales,0.648,13.117
2045,DJF,Wales,0.618,11.212
2046,DJF,Wales,0.595,9.781
2047,DJF,Wales,0.597,9.482
2048,DJF,Wales,0.567,12.175
2049,DJF,Wales,0.524,9.679
2050,DJF,Wales,0.609,9.577
2051,DJF,Wales,0.447,10.723
2052,DJF,Wales,0.727,17.263
2053,DJF,Wales,0.719,14.051
2054,DJF,Wales,0.625,10.460
2055,DJF,Wales,0.640,12.891
2056,DJF,Wales,0.466,10.380
2057,DJF,Wales,0.571,12.620
2058,DJF,Wales,0.587,12.934
2059,DJF,Wales,0.613,11.964
2060,DJF,Wales,0.553,11.015
2061,DJF,Wales,0.474,9.066
2062,DJF,Wales,0.605,12.766
2063,DJF,Wales,0.633,13.358
2064,DJF,Wales,0.623,8.781
2065,DJF,Wales,0.721,12.847
2066,DJF,Wales,0.554,6.365
2067,DJF,Wales,0.608,9.737
2068,DJF,Wales,0.625,11.679
2069,DJF,Wales,0.591,10.000
2070,DJF,Wales,0.564,9.431
2071,DJF,Wales,0.545,9.905
2072,DJF,Wales,0.595,14.387
2073,DJF,Wales,0.604,12.854
2074,DJF,Wales,0.629,13.854
2075,DJF,Wales,0.584,11.007
2076,DJF,Wales,0.499,14.277
2077,DJF,Wales,0.524,7.964
2078,DJF,Wales,0.574,10.095
2079,DJF,Wales,0.542,10.387
2080,DJF,Wales,0.505,8.810
1981,MAM,East Midlands,0.402,6.689
1982,MAM,East Midlands,0.298,5.398
1983,MAM,East Midlands,0.428,6.252
1984,MAM,East Midlands,0.409,7.612
1985,MAM,East Midlands,0.346,4.767
1986,MAM,East Midlands,0.383,5.243
1987,MAM,East Midlands,0.298,7.126
1988,MAM,East Midlands,0.331,4.777
1989,MAM,East Midlands,0.358,4.602
1990,MAM,East Midlands,0.385,4.291
1991,MAM,East Midlands,0.375,5.243
1992,MAM,East Midlands,0.468,5.641
1993,MAM,East Midlands,0.414,7.573
1994,MAM,East Midlands,0.466,4.621
1995,MAM,East Midlands,0.411,9.320
1996,MAM,East Midlands,0.406,5.534
1997,MAM,East Midlands,0.283,5.146
1998,MAM,East Midlands,0.393,7.155
1999,MAM,East Midlands,0.478,6.670
2000,MAM,East Midlands,0.324,6.223
2001,MAM,East Midlands,0.343,4.155
2002,MAM,East Midlands,0.329,4.728
2003,MAM,East Midlands,0.342,4.437
2004,MAM,East Midlands,0.456,6.175
2005,MAM,East Midlands,0.354,5.107
2006,MAM,East Midlands,0.357,5.311
2007,MAM,East Midlands,0.446,6.388
2008,MAM,East Midlands,0.496,6.845
2009,MAM,East Midlands,0.363,4.612
2010,MAM,East Midlands,0.457,5.437
2011,MAM,East Midlands,0.349,6.097
2012,MAM,East Midlands,0.422,5.097
2013,MAM,East Midlands,0.397,5.155
2014,MAM,East Midlands,0.232,4.806
2015,MAM,East Midlands,0.420,6.942
2016,MAM,East Midlands,0.339,5.379
2017,MAM,East Midlands,0.398,6.379
2018,MAM,East Midlands,0.389,5.913
2019,MAM,East Midlands,0.376,6.670
2020,MAM,East Midlands,0.394,5.524
2021,MAM,East Midlands,0.447,6.078
2022,MAM,East Midlands,0.340,5.796
2023,MAM,East Midlands,0.393,5.495
2024,MAM,East Midlands,0.409,5.650
2025,MAM,East Midlands,0.482,8.233
2026,MAM,East Midlands,0.396,7.272
2027,MAM,East Midlands,0.419,11.049
2028,MAM,East Midlands,0.468,6.155
2029,MAM,East Midlands,0.432,7.049
2030,MAM,East Midlands,0.424,9.437
2031,MAM,East Midlands,0.386,5.010
2032,MAM,East Midlands,0.383,4.951
2033,MAM,East Midlands,0.304,5.515
2034,MAM,East Midlands,0.466,5.631
2035,MAM,East Midlands,0.383,5.553
2036,MAM,East Midlands,0.554,8.621
2037,MAM,East Midlands,0.302,3.971
2038,MAM,East Midlands,0.339,4.223
2039,MAM,East Midlands,0.353,7.961
2040,MAM,East Midlands,0.245,3.913
2041,MAM,East Midlands,0.442,7.447
2042,MAM,East Midlands,0.306,6.631
2043,MAM,East Midlands,0.418,7.194
2044,MAM,East Midlands,0.471,6.534
2045,MAM,East Midlands,0.373,5.019
2046,MAM,East Midlands,0.488,5.816
2047,MAM,East Midlands,0.550,7.340
2048,MAM,East Midlands,0.356,4.282
2049,MAM,East Midlands,0.428,6.922
2050,MAM,East Midlands,0.423,8.456
2051,MAM,East Midlands,0.392,4.864
2052,MAM,East Midlands,0.379,4.631
2053,MAM,East Midlands,0.361,3.922
2054,MAM,East Midlands,0.313,4.466
2055,MAM,East Midlands,0.324,4.291
2056,MAM,East Midlands,0.413,7.631
2057,MAM,East Midlands,0.268,4.369
2058,MAM,East Midlands,0.358,6.262
2059,MAM,East Midlands,0.399,5.282
2060,MAM,East Midlands,0.388,5.913
2061,MAM,East Midlands,0.400,5.379
2062,MAM,East Midlands,0.383,4.670
2063,MAM,East Midlands,0.267,4.971
2064,MAM,East Midlands,0.479,6.476
2065,MAM,East Midlands,0.369,4.845
2066,MAM,East Midlands,0.395,5.583
2067,MAM,East Midlands,0.375,4.864
2068,MAM,East Midlands,0.403,7.854
2069,MAM,East Midlands,0.442,5.553
2070,MAM,East Midlands,0.357,4.767
2071,MAM,East Midlands,0.486,6.184
2072,MAM,East Midlands,0.335,4.243
2073,MAM,East Midlands,0.265,4.155
2074,MAM,East Midlands,0.329,4.456
2075,MAM,East Midlands,0.509,7.447
2076,MAM,East Midlands,0.343,6.466
2077,MAM,East Midlands,0.399,8.437
2078,MAM,East Midlands,0.373,5.641
2079,MAM,East Midlands,0.379,7.165
2080,MAM,East Midlands,0.340,5.340
1981,MAM,East of England,0.412,6.143
1982,MAM,East of England,0.280,6.079
1983,MAM,East of England,0.361,4.429
1984,MAM,East of England,0.362,5.270
1985,MAM,East of England,0.326,5.294
1986,MAM,East of England,0.333,4.778
1987,MAM,East of England,0.288,8.190
1988,MAM,East of England,0.328,5.833
1989,MAM,East of England,0.337,6.056
1990,MAM,East of England,0.359,4.008
1991,MAM,East of England,0.388,4.992
1992,MAM,East of England,0.358,4.071
1993,MAM,East of England,0.360,5.905
1994,MAM,East of England,0.438,4.476
1995,MAM,East of England,0.384,5.952
1996,MAM,East of England,0.336,5.246
1997,MAM,East of England,0.275,6.802
1998,MAM,East of England,0.345,6.040
1999,MAM,East of England,0.479,6.897
2000,MAM,East of England,0.279,3.857
2001,MAM,East of England,0.320,4.786
2002,MAM,East of England,0.266,3.492
2003,MAM,East of England,0.352,4.619
2004,MAM,East of England,0.462,5.532
2005,MAM,East of England,0.355,4.262
2006,MAM,East of England,0.293,4.452
2007,MAM,East of England,0.408,7.294
2008,MAM,East of England,0.439,5.984
2009,MAM,East of England,0.351,4.365
2010,MAM,East of England,0.401,5.540
2011,MAM,East of England,0.327,5.063
2012,MAM,East of England,0.416,5.563
2013,MAM,East of England,0.342,5.683
2014,MAM,East of England,0.216,3.667
2015,MAM,East of England,0.375,7.516
2016,MAM,East of England,0.353,5.413
2017,MAM,East of England,0.365,6.159
2018,MAM,East of England,0.359,6.071
2019,MAM,East of England,0.377,7.294
2020,MAM,East of England,0.415,5.095
2021,MAM,East of England,0.385,6.389
2022,MAM,East of England,0.308,4.627
2023,MAM,East of England,0.360,4.825
2024,MAM,East of England,0.408,4.952
2025,MAM,East of England,0.450,6.413
2026,MAM,East of England,0.330,4.452
2027,MAM,East of England,0.389,8.714
2028,MAM,East of England,0.459,7.000
2029,MAM,East of England,0.400,5.659
2030,MAM,East of England,0.399,7.484
2031,MAM,East of England,0.361,3.802
2032,MAM,East of England,0.367,4.802
2033,MAM,East of England,0.238,3.810
2034,MAM,East of England,0.433,6.865
2035,MAM,East of England,0.379,4.683
2036,MAM,East of England,0.504,6.929
2037,MAM,East of England,0.278,3.175
2038,MAM,East of England,0.285,4.214
2039,MAM,East of England,0.347,6.889
2040,MAM,East of England,0.215,3.111
2041,MAM,East of England,0.446,7.833
2042,MAM,East of England,0.294,8.325
2043,MAM,East of England,0.391,6.262
2044,MAM,East of England,0.387,4.913
2045,MAM,East of England,0.376,5.746
2046,MAM,East of England,0.486,5.056
2047,MAM,East of England,0.470,6.905
2048,MAM,East of England,0.319,4.190
2049,MAM,East of England,0.425,6.357
2050,MAM,East of England,0.433,7.579
2051,MAM,East of England,0.405,6.214
2052,MAM,East of England,0.370,5.159
2053,MAM,East of England,0.366,4.873
2054,MAM,East of England,0.302,4.230
2055,MAM,East of England,0.305,3.913
2056,MAM,East of England,0.406,7.087
2057,MAM,East of England,0.222,3.738
2058,MAM,East of England,0.339,6.024
2059,MAM,East of England,0.362,6.611
2060,MAM,East of England,0.398,7.286
2061,MAM,East of England,0.362,4.627
2062,MAM,East of England,0.390,5.675
2063,MAM,East of England,0.263,5.127
2064,MAM,East of England,0.465,5.722
2065,MAM,East of England,0.313,4.183
2066,MAM,East of England,0.406,5.103
2067,MAM,East of England,0.372,5.579
2068,MAM,East of England,0.337,6.778
2069,MAM,East of England,0.393,6.675
2070,MAM,East of England,0.304,4.286
2071,MAM,East of England,0.446,6.587
2072,MAM,East of England,0.303,3.190
2073,MAM,East of England,0.240,4.214
2074,MAM,East of England,0.308,4.119
2075,MAM,East of England,0.447,6.183
2076,MAM,East of England,0.307,5.294
2077,MAM,East of England,0.332,7.508
2078,MAM,East of England,0.346,5.611
2079,MAM,East of England,0.368,7.032
2080,MAM,East of England,0.347,5.127
1981,MAM,East Scotland,0.504,9.019
1982,MAM,East Scotland,0.428,6.711
1983,MAM,East Scotland,0.470,7.006
1984,MAM,East Scotland,0.425,8.358
1985,MAM,East Scotland,0.373,7.805
1986,MAM,East Scotland,0.487,9.182
1987,MAM,East Scotland,0.387,6.440
1988,MAM,East Scotland,0.357,8.283
1989,MAM,East Scotland,0.506,8.918
1990,MAM,East Scotland,0.517,8.528
1991,MAM,East Scotland,0.519,9.566
1992,MAM,East Scotland,0.523,9.333
1993,MAM,East Scotland,0.483,9.013
1994,MAM,East Scotland,0.531,7.025
1995,MAM,East Scotland,0.461,7.478
1996,MAM,East Scotland,0.456,7.252
1997,MAM,East Scotland,0.419,6.214
1998,MAM,East Scotland,0.453,8.088
1999,MAM,East Scotland,0.556,8.893
2000,MAM,East Scotland,0.408,7.358
2001,MAM,East Scotland,0.434,9.610
2002,MAM,East Scotland,0.377,6.277
2003,MAM,East Scotland,0.493,9.629
2004,MAM,East Scotland,0.512,13.440
2005,MAM,East Scotland,0.474,7.774
2006,MAM,East Scotland,0.444,9.604
2007,MAM,East Scotland,0.456,7.503
2008,MAM,East Scotland,0.506,8.887
2009,MAM,East Scotland,0.469,9.302
2010,MAM,East Scotland,0.491,10.730
2011,MAM,East Scotland,0.421,10.535
2012,MAM,East Scotland,0.461,7.409
2013,MAM,East Scotland,0.553,9.283
2014,MAM,East Scotland,0.320,4.390
2015,MAM,East Scotland,0.468,7.447
2016,MAM,East Scotland,0.471,8.182
2017,MAM,East Scotland,0.473,9.245
2018,MAM,East Scotland,0.442,8.465
2019,MAM,East Scotland,0.414,6.950
2020,MAM,East Scotland,0.496,8.314
2021,MAM,East Scotland,0.366,6.509
2022,MAM,East Scotland,0.487,6.597
2023,MAM,East Scotland,0.490,7.811
2024,MAM,East Scotland,0.465,7.358
2025,MAM,East Scotland,0.541,7.824
2026,MAM,East Scotland,0.450,8.396
2027,MAM,East Scotland,0.470,8.836
2028,MAM,East Scotland,0.517,7.113
2029,MAM,East Scotland,0.489,8.390
2030,MAM,East Scotland,0.502,8.226
2031,MAM,East Scotland,0.414,6.704
2032,MAM,East Scotland,0.449,7.308
2033,MAM,East Scotland,0.382,8.660
2034,MAM,East Scotland,0.474,8.132
2035,MAM,East Scotland,0.518,7.774
2036,MAM,East Scotland,0.555,8.654
2037,MAM,East Scotland,0.441,7.214
2038,MAM,East Scotland,0.498,7.698
2039,MAM,East Scotland,0.363,6.704
2040,MAM,East Scotland,0.405,6.082
2041,MAM,East Scotland,0.476,7.629
2042,MAM,East Scotland,0.513,11.214
2043,MAM,East Scotland,0.505,8.629
2044,MAM,East Scotland,0.471,6.403
2045,MAM,East Scotland,0.484,7.220
2046,MAM,East Scotland,0.571,8.358
2047,MAM,East Scotland,0.530,8.723
2048,MAM,East Scotland,0.428,5.862
2049,MAM,East Scotland,0.519,8.761
2050,MAM,East Scotland,0.435,6.151
2051,MAM,East Scotland,0.497,8.805
2052,MAM,East Scotland,0.474,7.000
2053,MAM,East Scotland,0.398,5.918
2054,MAM,East Scotland,0.435,6.893
2055,MAM,East Scotland,0.418,7.403
2056,MAM,East Scotland,0.464,8.912
2057,MAM,East Scotland,0.385,6.459
2058,MAM,East Scotland,0.449,10.994
2059,MAM,East Scotland,0.450,7.346
2060,MAM,East Scotland,0.458,8.252
2061,MAM,East Scotland,0.519,7.994
2062,MAM,East Scotland,0.466,8.063
2063,MAM,East Scotland,0.295,4.969
2064,MAM,East Scotland,0.510,8.591
2065,MAM,East Scotland,0.480,6.447
2066,MAM,East Scotland,0.500,7.503
2067,MAM,East Scotland,0.464,7.082
2068,MAM,East Scotland,0.521,8.119
2069,MAM,East Scotland,0.455,6.384
2070,MAM,East Scotland,0.423,6.912
2071,MAM,East Scotland,0.552,10.623
2072,MAM,East Scotland,0.403,6.025
2073,MAM,East Scotland,0.358,5.862
2074,MAM,East Scotland,0.337,6.082
2075,MAM,East Scotland,0.523,7.748
2076,MAM,East Scotland,0.460,7.591
2077,MAM,East Scotland,0.485,11.044
2078,MAM,East Scotland,0.512,9.440
2079,MAM,East Scotland,0.482,10.006
2080,MAM,East Scotland,0.399,6.484
1981,MAM,London,0.358,4.083
1982,MAM,London,0.297,4.833
1983,MAM,London,0.372,6.833
1984,MAM,London,0.334,4.917
1985,MAM,London,0.311,4.917
1986,MAM,London,0.389,7.167
1987,MAM,London,0.264,7.750
1988,MAM,London,0.293,5.333
1989,MAM,London,0.368,5.750
1990,MAM,London,0.439,5.000
1991,MAM,London,0.404,6.083
1992,MAM,London,0.359,4.583
1993,MAM,London,0.342,8.500
1994,MAM,London,0.451,4.667
1995,MAM,London,0.401,5.667
1996,MAM,London,0.360,5.750
1997,MAM,London,0.270,7.917
1998,MAM,London,0.363,6.250
1999,MAM,London,0.464,4.417
2000,MAM,London,0.295,3.417
2001,MAM,London,0.322,4.000
2002,MAM,London,0.236,4.917
2003,MAM,London,0.385,4.167
2004,MAM,London,0.454,6.833
2005,MAM,London,0.396,4.917
2006,MAM,London,0.332,4.833
2007,MAM,London,0.391,7.833
2008,MAM,London,0.404,6.500
2009,MAM,London,0.396,4.250
2010,MAM,London,0.371,5.417
2011,MAM,London,0.361,5.917
2012,MAM,London,0.449,5.667
2013,MAM,London,0.350,5.917
2014,MAM,London,0.226,3.833
2015,MAM,London,0.380,8.833
2016,MAM,London,0.379,5.167
2017,MAM,London,0.423,7.583
2018,MAM,London,0.344,4.500
2019,MAM,London,0.370,6.167
2020,MAM,London,0.410,5.000
2021,MAM,London,0.407,6.417
2022,MAM,London,0.249,2.917
2023,MAM,London,0.380,5.083
2024,MAM,London,0.483,5.417
2025,MAM,London,0.448,6.750
2026,MAM,London,0.409,5.667
2027,MAM,London,0.436,10.083
2028,MAM,London,0.495,6.083
2029,MAM,London,0.438,7.833
2030,MAM,London,0.402,8.583
2031,MAM,London,0.422,4.917
2032,MAM,London,0.350,4.667
2033,MAM,London,0.260,4.250
2034,MAM,London,0.434,7.917
2035,MAM,London,0.393,5.250
2036,MAM,London,0.571,12.000
2037,MAM,London,0.317,4.833
2038,MAM,London,0.303,5.333
2039,MAM,London,0.342,10.583
2040,MAM,London,0.220,3.000
2041,MAM,London,0.414,5.917
2042,MAM,London,0.338,5.917
2043,MAM,London,0.403,6.333
2044,MAM,London,0.421,5.250
2045,MAM,London,0.347,5.000
2046,MAM,London,0.439,4.833
2047,MAM,London,0.452,9.500
2048,MAM,London,0.300,4.833
2049,MAM,London,0.392,5.417
2050,MAM,London,0.410,7.250
2051,MAM,London,0.399,6.417
2052,MAM,London,0.395,6.667
2053,MAM,London,0.382,5.417
2054,MAM,London,0.322,4.583
2055,MAM,London,0.318,3.917
2056,MAM,London,0.407,5.833
2057,MAM,London,0.225,3.250
2058,MAM,London,0.325,6.167
2059,MAM,London,0.421,7.917
2060,MAM,London,0.375,7.000
2061,MAM,London,0.356,3.917
2062,MAM,London,0.396,5.500
2063,MAM,London,0.312,5.417
2064,MAM,London,0.476,8.250
2065,MAM,London,0.296,4.417
2066,MAM,London,0.430,5.083
2067,MAM,London,0.435,5.917
2068,MAM,London,0.371,6.000
2069,MAM,London,0.418,9.250
2070,MAM,London,0.329,5.000
2071,MAM,London,0.497,6.667
2072,MAM,London,0.284,3.000
2073,MAM,London,0.245,5.167
2074,MAM,London,0.291,3.833
2075,MAM,London,0.457,7.750
2076,MAM,London,0.321,5.833
2077,MAM,London,0.328,6.917
2078,MAM,London,0.396,6.417
2079,MAM,London,0.313,5.917
2080,MAM,London,0.340,4.917
1981,MAM,North East England,0.473,7.368
1982,MAM,North East England,0.372,6.982
1983,MAM,North East England,0.458,6.614
1984,MAM,North East England,0.412,9.526
1985,MAM,North East England,0.374,8.719
1986,MAM,North East England,0.420,6.281
1987,MAM,North East England,0.360,6.105
1988,MAM,North East England,0.339,10.561
1989,MAM,North East England,0.424,6.298
1990,MAM,North East England,0.549,8.211
1991,MAM,North East England,0.430,6.526
1992,MAM,North East England,0.494,6.912
1993,MAM,North East England,0.443,6.860
1994,MAM,North East England,0.462,5.386
1995,MAM,North East England,0.438,8.228
1996,MAM,North East England,0.471,5.474
1997,MAM,North East England,0.333,5.298
1998,MAM,North East England,0.443,8.000
1999,MAM,North East England,0.551,8.053
2000,MAM,North East England,0.335,8.263
2001,MAM,North East England,0.364,5.930
2002,MAM,North East England,0.372,5.877
2003,MAM,North East England,0.469,7.474
2004,MAM,North East England,0.474,11.316
2005,MAM,North East England,0.353,6.175
2006,MAM,North East England,0.392,6.719
2007,MAM,North East England,0.429,6.982
2008,MAM,North East England,0.496,8.000
2009,MAM,North East England,0.395,4.912
2010,MAM,North East England,0.461,6.877
2011,MAM,North East England,0.342,7.018
2012,MAM,North East England,0.419,5.877
2013,MAM,North East England,0.486,7.088
2014,MAM,North East England,0.275,4.175
2015,MAM,North East England,0.411,5.632
2016,MAM,North East England,0.424,5.333
2017,MAM,North East England,0.454,7.772
2018,MAM,North East England,0.399,6.386
2019,MAM,North East England,0.468,7.246
2020,MAM,North East England,0.502,7.228
2021,MAM,North East England,0.419,6.807
2022,MAM,North East England,0.429,5.175
2023,MAM,North East England,0.435,6.667
2024,MAM,North East England,0.424,7.404
2025,MAM,North East England,0.503,7.930
2026,MAM,North East England,0.386,6.614
2027,MAM,North East England,0.385,5.912
2028,MAM,North East England,0.498,7.825
2029,MAM,North East England,0.392,5.912
2030,MAM,North East England,0.438,7.474
2031,MAM,North East England,0.384,5.544
2032,MAM,North East England,0.443,6.509
2033,MAM,North East England,0.296,5.614
2034,MAM,North East England,0.500,7.737
2035,MAM,North East England,0.420,7.158
2036,MAM,North East England,0.520,6.544
2037,MAM,North East England,0.317,3.930
2038,MAM,North East England,0.445,6.737
2039,MAM,North East England,0.336,5.456
2040,MAM,North East England,0.337,4.684
2041,MAM,North East England,0.456,8.070
2042,MAM,North East England,0.426,7.895
2043,MAM,North East England,0.440,6.421
2044,MAM,North East England,0.399,4.544
2045,MAM,North East England,0.411,6.386
2046,MAM,North East England,0.497,5.386
2047,MAM,North East England,0.470,7.175
2048,MAM,North East England,0.431,5.544
2049,MAM,North East England,0.496,10.175
2050,MAM,North East England,0.438,7.123
2051,MAM,North East England,0.462,8.509
2052,MAM,North East England,0.423,6.088
2053,MAM,North East England,0.400,5.281
2054,MAM,North East England,0.369,5.228
2055,MAM,North East England,0.349,6.053
2056,MAM,North East England,0.426,6.596
2057,MAM,North East England,0.330,4.386
2058,MAM,North East England,0.449,8.228
2059,MAM,North East England,0.387,6.982
2060,MAM,North East England,0.426,5.719
2061,MAM,North East England,0.425,6.439
2062,MAM,North East England,0.416,5.947
2063,MAM,North East England,0.327,5.333
2064,MAM,North East England,0.510,9.140
2065,MAM,North East England,0.395,4.807
2066,MAM,North East England,0.477,8.632
2067,MAM,North East England,0.407,5.404
2068,MAM,North East England,0.434,6.123
2069,MAM,North East England,0.436,6.632
2070,MAM,North East England,0.414,6.404
2071,MAM,North East England,0.549,11.632
2072,MAM,North East England,0.366,8.281
2073,MAM,North East England,0.339,5.561
2074,MAM,North East England,0.295,5.930
2075,MAM,North East England,0.509,5.965
2076,MAM,North East England,0.388,6.404
2077,MAM,North East England,0.390,9.386
2078,MAM,North East England,0.381,5.509
2079,MAM,North East England,0.451,11.368
2080,MAM,North East England,0.396,6.246
1981,MAM,North Scotland,0.591,12.005
1982,MAM,North Scotland,0.565,10.080
1983,MAM,North Scotland,0.560,9.129
1984,MAM,North Scotland,0.536,12.358
1985,MAM,North Scotland,0.441,11.368
1986,MAM,North Scotland,0.500,8.935
1987,MAM,North Scotland,0.543,11.189
1988,MAM,North Scotland,0.495,12.657
1989,MAM,North Scotland,0.568,11.075
1990,MAM,North Scotland,0.473,10.955
1991,MAM,North Scotland,0.587,13.721
1992,MAM,North Scotland,0.513,10.532
1993,MAM,North Scotland,0.642,12.010
1994,MAM,North Scotland,0.569,7.940
1995,MAM,North Scotland,0.538,9.786
1996,MAM,North Scotland,0.465,8.234
1997,MAM,North Scotland,0.543,8.672
1998,MAM,North Scotland,0.474,10.826
1999,MAM,North Scotland,0.616,10.741
2000,MAM,North Scotland,0.495,8.418
2001,MAM,North Scotland,0.649,15.274
2002,MAM,North Scotland,0.461,8.602
2003,MAM,North Scotland,0.560,12.179
2004,MAM,North Scotland,0.582,10.299
2005,MAM,North Scotland,0.572,12.955
2006,MAM,North Scotland,0.561,14.950
2007,MAM,North Scotland,0.494,9.075
2008,MAM,North Scotland,0.461,11.597
2009,MAM,North Scotland,0.550,11.607
2010,MAM,North Scotland,0.545,12.129
2011,MAM,North Scotland,0.490,12.448
2012,MAM,North Scotland,0.551,11.811
2013,MAM,North Scotland,0.680,19.378
2014,MAM,North Scotland,0.449,6.881
2015,MAM,North Scotland,0.609,13.323
2016,MAM,North Scotland,0.547,11.204
2017,MAM,North Scotland,0.483,9.254
2018,MAM,North Scotland,0.569,8.766
2019,MAM,North Scotland,0.518,8.458
2020,MAM,North Scotland,0.479,7.806
2021,MAM,North Scotland,0.411,8.398
2022,MAM,North Scotland,0.673,13.189
2023,MAM,North Scotland,0.607,10.418
2024,MAM,North Scotland,0.451,8.915
2025,MAM,North Scotland,0.490,7.935
2026,MAM,North Scotland,0.560,10.806
2027,MAM,North Scotland,0.480,10.363
2028,MAM,North Scotland,0.560,11.647
2029,MAM,North Scotland,0.619,11.493
2030,MAM,North Scotland,0.581,9.065
2031,MAM,North Scotland,0.533,9.771
2032,MAM,North Scotland,0.565,10.811
2033,MAM,North Scotland,0.432,10.637
2034,MAM,North Scotland,0.540,8.866
2035,MAM,North Scotland,0.572,10.791
2036,MAM,North Scotland,0.611,11.682
2037,MAM,North Scotland,0.548,10.204
2038,MAM,North Scotland,0.620,9.488
2039,MAM,North Scotland,0.459,8.517
2040,MAM,North Scotland,0.560,10.741
2041,MAM,North Scotland,0.570,10.035
2042,MAM,North Scotland,0.584,11.627
2043,MAM,North Scotland,0.568,9.796
2044,MAM,North Scotland,0.637,12.343
2045,MAM,North Scotland,0.544,8.821
2046,MAM,North Scotland,0.694,12.562
2047,MAM,North Scotland,0.581,10.448
2048,MAM,North Scotland,0.500,9.915
2049,MAM,North Scotland,0.595,14.418
2050,MAM,North Scotland,0.461,10.398
2051,MAM,North Scotland,0.570,11.652
2052,MAM,North Scotland,0.497,8.851
2053,MAM,North Scotland,0.479,7.532
2054,MAM,North Scotland,0.568,9.781
2055,MAM,North Scotland,0.461,7.662
2056,MAM,North Scotland,0.495,8.577
2057,MAM,North Scotland,0.488,8.900
2058,MAM,North Scotland,0.472,11.378
2059,MAM,North Scotland,0.512,7.682
2060,MAM,North Scotland,0.613,15.333
2061,MAM,North Scotland,0.715,15.114
2062,MAM,North Scotland,0.456,10.756
2063,MAM,North Scotland,0.416,7.478
2064,MAM,North Scotland,0.524,9.871
2065,MAM,North Scotland,0.648,13.716
2066,MAM,North Scotland,0.542,11.159
2067,MAM,North Scotland,0.522,11.448
2068,MAM,North Scotland,0.559,10.542
2069,MAM,North Scotland,0.485,7.647
2070,MAM,North Scotland,0.521,9.045
2071,MAM,North Scotland,0.551,12.721
2072,MAM,North Scotland,0.551,10.473
2073,MAM,North Scotland,0.435,8.139
2074,MAM,North Scotland,0.468,7.960
2075,MAM,North Scotland,0.542,10.139
2076,MAM,North Scotland,0.569,11.637
2077,MAM,North Scotland,0.536,10.652
2078,MAM,North Scotland,0.595,15.672
2079,MAM,North Scotland,0.570,11.383
2080,MAM,North Scotland,0.352,7.418
1981,MAM,North West England,0.491,13.333
1982,MAM,North West England,0.392,7.097
1983,MAM,North West England,0.493,9.290
1984,MAM,North West England,0.466,8.828
1985,MAM,North West England,0.400,8.043
1986,MAM,North West England,0.483,8.022
1987,MAM,North West England,0.421,8.043
1988,MAM,North West England,0.389,7.290
1989,MAM,North West England,0.515,10.849
1990,MAM,North West England,0.429,6.602
1991,MAM,North West England,0.435,9.366
1992,MAM,North West England,0.480,7.634
1993,MAM,North West England,0.483,10.871
1994,MAM,North West England,0.543,6.419
1995,MAM,North West England,0.462,8.323
1996,MAM,North West England,0.390,7.269
1997,MAM,North West England,0.433,8.613
1998,MAM,North West England,0.484,8.462
1999,MAM,North West England,0.550,8.753
2000,MAM,North West England,0.358,6.925
2001,MAM,North West England,0.441,9.452
2002,MAM,North West England,0.358,6.903
2003,MAM,North West England,0.544,10.376
2004,MAM,North West England,0.490,8.086
2005,MAM,North West England,0.445,9.796
2006,MAM,North West England,0.401,10.065
2007,MAM,North West England,0.545,9.806
2008,MAM,North West England,0.476,10.763
2009,MAM,North West England,0.437,12.387
2010,MAM,North West England,0.485,8.247
2011,MAM,North West England,0.416,11.194
2012,MAM,North West England,0.521,8.194
2013,MAM,North West England,0.525,8.366
2014,MAM,North West England,0.306,6.344
2015,MAM,North West England,0.507,8.935
2016,MAM,North West England,0.411,9.785
2017,MAM,North West England,0.400,6.473
2018,MAM,North West England,0.421,6.366
2019,MAM,North West England,0.394,6.914
2020,MAM,North West England,0.412,6.419
2021,MAM,North West England,0.419,6.548
2022,MAM,North West England,0.495,6.086
2023,MAM,North West England,0.532,9.742
2024,MAM,North West England,0.452,8.409
2025,MAM,North West England,0.445,7.516
2026,MAM,North West England,0.430,8.796
2027,MAM,North West England,0.485,8.548
2028,MAM,North West England,0.498,5.968
2029,MAM,North West England,0.544,9.656
2030,MAM,North West England,0.517,8.387
2031,MAM,North West England,0.488,10.946
2032,MAM,North West England,0.409,6.344
2033,MAM,North West England,0.349,8.699
2034,MAM,North West England,0.505,7.925
2035,MAM,North West England,0.472,8.946
2036,MAM,North West England,0.623,10.301
2037,MAM,North West England,0.429,7.688
2038,MAM,North West England,0.534,9.366
2039,MAM,North West England,0.376,7.301
2040,MAM,North West England,0.339,5.903
2041,MAM,North West England,0.515,9.634
2042,MAM,North West England,0.397,8.290
2043,MAM,North West England,0.489,9.344
2044,MAM,North West England,0.523,6.720
2045,MAM,North West England,0.425,6.452
2046,MAM,North West England,0.556,9.871
2047,MAM,North West England,0.576,9.065
2048,MAM,North West England,0.395,5.849
2049,MAM,North West England,0.523,10.258
2050,MAM,North West England,0.370,7.634
2051,MAM,North West England,0.517,7.785
2052,MAM,North West England,0.491,9.280
2053,MAM,North West England,0.374,5.860
2054,MAM,North West England,0.434,5.763
2055,MAM,North West England,0.334,5.602
2056,MAM,North West England,0.423,9.570
2057,MAM,North West England,0.367,6.484
2058,MAM,North West England,0.438,7.290
2059,MAM,North West England,0.461,7.247
2060,MAM,North West England,0.488,9.462
2061,MAM,North West England,0.646,15.710
2062,MAM,North West England,0.489,9.237
2063,MAM,North West England,0.348,6.581
2064,MAM,North West England,0.537,8.065
2065,MAM,North West England,0.572,8.763
2066,MAM,North West England,0.496,8.366
2067,MAM,North West England,0.447,7.473
2068,MAM,North West England,0.530,9.978
2069,MAM,North West England,0.446,7.172
2070,MAM,North West England,0.471,7.699
2071,MAM,North West England,0.528,8.086
2072,MAM,North West England,0.450,7.280
2073,MAM,North West England,0.327,5.355
2074,MAM,North West England,0.378,6.204
2075,MAM,North West England,0.529,8.183
2076,MAM,North West England,0.473,9.194
2077,MAM,North West England,0.442,11.634
2078,MAM,North West England,0.498,6.742
2079,MAM,North West England,0.484,8.172
2080,MAM,North West England,0.356,5.301
1981,MAM,South East England,0.357,4.814
1982,MAM,South East England,0.300,4.356
1983,MAM,South East England,0.364,5.585
1984,MAM,South East England,0.325,4.949
1985,MAM,South East England,0.311,4.212
1986,MAM,South East England,0.381,6.390
1987,MAM,South East England,0.247,6.415
1988,MAM,South East England,0.290,4.797
1989,MAM,South East England,0.380,6.212
1990,MAM,South East England,0.375,4.110
1991,MAM,South East England,0.386,5.890
1992,MAM,South East England,0.371,4.678
1993,MAM,South East England,0.341,7.364
1994,MAM,South East England,0.441,5.661
1995,MAM,South East England,0.375,5.805
1996,MAM,South East England,0.378,6.195
1997,MAM,South East England,0.244,5.034
1998,MAM,South East England,0.358,6.864
1999,MAM,South East England,0.405,4.492
2000,MAM,South East England,0.293,3.907
2001,MAM,South East England,0.318,4.229
2002,MAM,South East England,0.249,4.678
2003,MAM,South East England,0.356,4.542
2004,MAM,South East England,0.414,6.720
2005,MAM,South East England,0.387,5.788
2006,MAM,South East England,0.278,5.381
2007,MAM,South East England,0.395,7.144
2008,MAM,South East England,0.395,6.034
2009,MAM,South East England,0.354,5.237
2010,MAM,South East England,0.386,5.551
2011,MAM,South East England,0.344,6.729
2012,MAM,South East England,0.423,5.305
2013,MAM,South East England,0.324,5.644
2014,MAM,South East England,0.206,3.644
2015,MAM,South East England,0.357,7.297
2016,MAM,South East England,0.370,6.161
2017,MAM,South East England,0.369,5.975
2018,MAM,South East England,0.349,4.415
2019,MAM,South East England,0.332,5.492
2020,MAM,South East England,0.397,4.661
2021,MAM,South East England,0.379,5.068
2022,MAM,South East England,0.244,3.449
2023,MAM,South East England,0.400,5.644
2024,MAM,South East England,0.437,4.915
2025,MAM,South East England,0.439,6.534
2026,MAM,South East England,0.389,5.517
2027,MAM,South East England,0.436,8.331
2028,MAM,South East England,0.466,5.975
2029,MAM,South East England,0.436,8.593
2030,MAM,South East England,0.369,5.822
2031,MAM,South East England,0.397,5.398
2032,MAM,South East England,0.343,4.924
2033,MAM,South East England,0.263,4.195
2034,MAM,South East England,0.431,7.237
2035,MAM,South East England,0.347,4.636
2036,MAM,South East England,0.535,10.483
2037,MAM,South East England,0.295,3.975
2038,MAM,South East England,0.322,4.610
2039,MAM,South East England,0.329,10.254
2040,MAM,South East England,0.213,2.966
2041,MAM,South East England,0.402,5.686
2042,MAM,South East England,0.311,5.534
2043,MAM,South East England,0.385,5.788
2044,MAM,South East England,0.382,5.441
2045,MAM,South East England,0.343,5.102
2046,MAM,South East England,0.432,4.949
2047,MAM,South East England,0.452,7.458
2048,MAM,South East England,0.287,4.669
2049,MAM,South East England,0.340,7.322
2050,MAM,South East England,0.403,7.042
2051,MAM,South East England,0.386,5.398
2052,MAM,South East England,0.403,5.822
2053,MAM,South East England,0.354,4.492
2054,MAM,South East England,0.293,4.424
2055,MAM,South East England,0.302,4.517
2056,MAM,South East England,0.396,5.941
2057,MAM,South East England,0.218,3.517
2058,MAM,South East England,0.320,5.780
2059,MAM,South East England,0.387,5.958
2060,MAM,South East England,0.366,6.314
2061,MAM,South East England,0.336,4.110
2062,MAM,South East England,0.405,5.746
2063,MAM,South East England,0.292,6.331
2064,MAM,South East England,0.429,5.847
2065,MAM,South East England,0.314,5.042
2066,MAM,South East England,0.382,5.017
2067,MAM,South East England,0.396,5.220
2068,MAM,South East England,0.346,5.720
2069,MAM,South East England,0.423,7.127
2070,MAM,South East England,0.326,5.144
2071,MAM,South East England,0.455,6.475
2072,MAM,South East England,0.263,2.831
2073,MAM,South East England,0.212,3.932
2074,MAM,South East England,0.288,3.983
2075,MAM,South East England,0.445,6.831
2076,MAM,South East England,0.317,5.161
2077,MAM,South East England,0.350,11.144
2078,MAM,South East England,0.379,5.949
2079,MAM,South East England,0.292,5.195
2080,MAM,South East England,0.313,5.059
1981,MAM,South West England,0.463,8.184
1982,MAM,South West England,0.291,5.778
1983,MAM,South West England,0.449,7.348
1984,MAM,South West England,0.338,5.918
1985,MAM,South West England,0.320,4.633
1986,MAM,South West England,0.450,6.513
1987,MAM,South West England,0.225,4.544
1988,MAM,South West England,0.342,5.563
1989,MAM,South West England,0.439,7.019
1990,MAM,South West England,0.446,5.747
1991,MAM,South West England,0.446,7.930
1992,MAM,South West England,0.422,7.082
1993,MAM,South West England,0.413,8.481
1994,MAM,South West England,0.499,6.968
1995,MAM,South West England,0.377,7.234
1996,MAM,South West England,0.454,8.120
1997,MAM,South West England,0.250,5.133
1998,MAM,South West England,0.369,6.684
1999,MAM,South West England,0.451,5.943
2000,MAM,South West England,0.346,5.899
2001,MAM,South West England,0.340,4.873
2002,MAM,South West England,0.276,5.006
2003,MAM,South West England,0.425,5.532
2004,MAM,South West England,0.427,8.456
2005,MAM,South West England,0.374,6.405
2006,MAM,South West England,0.297,6.823
2007,MAM,South West England,0.462,6.797
2008,MAM,South West England,0.381,5.285
2009,MAM,South West England,0.375,8.152
2010,MAM,South West England,0.461,7.487
2011,MAM,South West England,0.366,7.975
2012,MAM,South West England,0.442,6.146
2013,MAM,South West England,0.365,5.987
2014,MAM,South West England,0.244,5.373
2015,MAM,South West England,0.369,6.557
2016,MAM,South West England,0.396,5.690
2017,MAM,South West England,0.361,5.873
2018,MAM,South West England,0.355,5.456
2019,MAM,South West England,0.402,6.778
2020,MAM,South West England,0.412,4.658
2021,MAM,South West England,0.428,6.228
2022,MAM,South West England,0.261,4.013
2023,MAM,South West England,0.427,6.785
2024,MAM,South West England,0.434,7.373
2025,MAM,South West England,0.409,6.196
2026,MAM,South West England,0.385,6.095
2027,MAM,South West England,0.492,7.684
2028,MAM,South West England,0.469,5.728
2029,MAM,South West England,0.459,9.013
2030,MAM,South West England,0.406,6.519
2031,MAM,South West England,0.412,7.506
2032,MAM,South West England,0.287,5.399
2033,MAM,South West England,0.355,6.753
2034,MAM,South West England,0.495,7.424
2035,MAM,South West England,0.360,4.968
2036,MAM,South West England,0.559,11.013
2037,MAM,South West England,0.316,6.051
2038,MAM,South West England,0.399,5.184
2039,MAM,South West England,0.322,9.975
2040,MAM,South West England,0.232,3.873
2041,MAM,South West England,0.397,5.627
2042,MAM,South West England,0.393,8.538
2043,MAM,South West England,0.392,5.418
2044,MAM,South West England,0.452,6.892
2045,MAM,South West England,0.388,7.063
2046,MAM,South West England,0.461,6.070
2047,MAM,South West England,0.516,7.918
2048,MAM,South West England,0.283,5.443
2049,MAM,South West England,0.372,10.424
2050,MAM,South West England,0.378,7.304
2051,MAM,South West England,0.381,5.184
2052,MAM,South West England,0.444,6.804
2053,MAM,South West England,0.317,4.146
2054,MAM,South West England,0.324,4.734
2055,MAM,South West England,0.333,5.778
2056,MAM,South West England,0.417,6.608
2057,MAM,South West England,0.282,6.646
2058,MAM,South West England,0.382,6.076
2059,MAM,South West England,0.434,6.437
2060,MAM,South West England,0.339,6.063
2061,MAM,South West England,0.434,7.082
2062,MAM,South West England,0.462,7.772
2063,MAM,South West England,0.290,5.854
2064,MAM,South West England,0.454,5.367
2065,MAM,South West England,0.385,7.329
2066,MAM,South West England,0.360,6.209
2067,MAM,South West England,0.394,6.247
2068,MAM,South West England,0.392,6.342
2069,MAM,South West England,0.462,6.772
2070,MAM,South West England,0.418,7.177
2071,MAM,South West England,0.479,7.639
2072,MAM,South West England,0.283,3.835
2073,MAM,South West England,0.216,7.418
2074,MAM,South West England,0.312,4.949
2075,MAM,South West England,0.472,8.367
2076,MAM,South West England,0.364,4.962
2077,MAM,South West England,0.409,11.601
2078,MAM,South West England,0.418,5.627
2079,MAM,South West England,0.313,6.335
2080,MAM,South West England,0.352,6.278
1981,MAM,West Midlands,0.388,6.477
1982,MAM,West Midlands,0.297,5.151
1983,MAM,West Midlands,0.426,5.465
1984,MAM,West Midlands,0.366,6.721
1985,MAM,West Midlands,0.298,4.128
1986,MAM,West Midlands,0.404,6.651
1987,MAM,West Midlands,0.280,5.616
1988,MAM,West Midlands,0.329,5.174
1989,MAM,West Midlands,0.397,4.651
1990,MAM,West Midlands,0.399,6.233
1991,MAM,West Midlands,0.408,6.244
1992,MAM,West Midlands,0.436,5.709
1993,MAM,West Midlands,0.421,7.919
1994,MAM,West Midlands,0.491,4.791
1995,MAM,West Midlands,0.398,8.640
1996,MAM,West Midlands,0.389,6.523
1997,MAM,West Midlands,0.293,5.035
1998,MAM,West Midlands,0.393,6.558
1999,MAM,West Midlands,0.474,6.267
2000,MAM,West Midlands,0.313,5.198
2001,MAM,West Midlands,0.311,3.930
2002,MAM,West Midlands,0.307,5.035
2003,MAM,West Midlands,0.380,5.314
2004,MAM,West Midlands,0.419,6.349
2005,MAM,West Midlands,0.358,5.198
2006,MAM,West Midlands,0.337,6.965
2007,MAM,West Midlands,0.429,5.477
2008,MAM,West Midlands,0.411,5.919
2009,MAM,West Midlands,0.346,5.198
2010,MAM,West Midlands,0.463,6.791
2011,MAM,West Midlands,0.372,7.023
2012,MAM,West Midlands,0.438,5.488
2013,MAM,West Midlands,0.404,5.256
2014,MAM,West Midlands,0.212,3.826
2015,MAM,West Midlands,0.417,5.907
2016,MAM,West Midlands,0.336,5.744
2017,MAM,West Midlands,0.379,6.093
2018,MAM,West Midlands,0.350,5.256
2019,MAM,West Midlands,0.379,6.012
2020,MAM,West Midlands,0.370,5.140
2021,MAM,West Midlands,0.449,5.163
2022,MAM,West Midlands,0.310,4.535
2023,MAM,West Midlands,0.427,6.616
2024,MAM,West Midlands,0.436,6.860
2025,MAM,West Midlands,0.458,10.186
2026,MAM,West Midlands,0.365,6.291
2027,MAM,West Midlands,0.425,8.302
2028,MAM,West Midlands,0.474,7.140
2029,MAM,West Midlands,0.471,8.267
2030,MAM,West Midlands,0.406,6.337
2031,MAM,West Midlands,0.412,5.186
2032,MAM,West Midlands,0.354,5.070
2033,MAM,West Midlands,0.356,5.488
2034,MAM,West Midlands,0.504,7.093
2035,MAM,West Midlands,0.354,4.477
2036,MAM,West Midlands,0.558,7.477
2037,MAM,West Midlands,0.326,5.744
2038,MAM,West Midlands,0.379,4.186
2039,MAM,West Midlands,0.370,8.628
2040,MAM,West Midlands,0.268,5.616
2041,MAM,West Midlands,0.413,6.942
2042,MAM,West Midlands,0.330,6.477
2043,MAM,West Midlands,0.418,7.907
2044,MAM,West Midlands,0.488,7.547
2045,MAM,West Midlands,0.376,5.058
2046,MAM,West Midlands,0.459,5.779
2047,MAM,West Midlands,0.516,7.407
2048,MAM,West Midlands,0.324,4.721
2049,MAM,West Midlands,0.397,7.291
2050,MAM,West Midlands,0.373,7.453
2051,MAM,West Midlands,0.424,6.128
2052,MAM,West Midlands,0.418,5.128
2053,MAM,West Midlands,0.325,3.477
2054,MAM,West Midlands,0.332,4.535
2055,MAM,West Midlands,0.345,5.814
2056,MAM,West Midlands,0.389,6.256
2057,MAM,West Midlands,0.281,4.488
2058,MAM,West Midlands,0.378,5.663
2059,MAM,West Midlands,0.420,5.686
2060,MAM,West Midlands,0.376,5.953
2061,MAM,West Midlands,0.418,5.965
2062,MAM,West Midlands,0.388,4.372
2063,MAM,West Midlands,0.263,5.000
2064,MAM,West Midlands,0.451,6.047
2065,MAM,West Midlands,0.396,4.093
2066,MAM,West Midlands,0.394,6.047
2067,MAM,West Midlands,0.397,5.116
2068,MAM,West Midlands,0.428,7.663
2069,MAM,West Midlands,0.474,7.070
2070,MAM,West Midlands,0.384,6.163
2071,MAM,West Midlands,0.446,6.337
2072,MAM,West Midlands,0.319,4.163
2073,MAM,West Midlands,0.243,4.093
2074,MAM,West Midlands,0.307,4.453
2075,MAM,West Midlands,0.496,10.314
2076,MAM,West Midlands,0.370,6.547
2077,MAM,West Midlands,0.417,11.128
2078,MAM,West Midlands,0.426,6.198
2079,MAM,West Midlands,0.357,6.267
2080,MAM,West Midlands,0.357,6.302
1981,MAM,West Scotland,0.484,13.262
1982,MAM,West Scotland,0.474,8.115
1983,MAM,West Scotland,0.527,7.885
1984,MAM,West Scotland,0.430,8.238
1985,MAM,West Scotland,0.445,10.108
1986,MAM,West Scotland,0.514,9.708
1987,MAM,West Scotland,0.457,8.900
1988,MAM,West Scotland,0.369,8.823
1989,MAM,West Scotland,0.599,15.308
1990,MAM,West Scotland,0.390,7.685
1991,MAM,West Scotland,0.493,10.231
1992,MAM,West Scotland,0.490,8.777
1993,MAM,West Scotland,0.538,11.546
1994,MAM,West Scotland,0.560,8.185
1995,MAM,West Scotland,0.482,7.885
1996,MAM,West Scotland,0.389,9.062
1997,MAM,West Scotland,0.448,7.792
1998,MAM,West Scotland,0.475,9.215
1999,MAM,West Scotland,0.522,7.715
2000,MAM,West Scotland,0.395,6.662
2001,MAM,West Scotland,0.487,10.308
2002,MAM,West Scotland,0.392,6.800
2003,MAM,West Scotland,0.633,15.723
2004,MAM,West Scotland,0.523,10.338
2005,MAM,West Scotland,0.519,11.615
2006,MAM,West Scotland,0.473,14.292
2007,MAM,West Scotland,0.500,9.523
2008,MAM,West Scotland,0.515,11.800
2009,MAM,West Scotland,0.519,15.554
2010,MAM,West Scotland,0.487,12.469
2011,MAM,West Scotland,0.451,14.554
2012,MAM,West Scotland,0.552,9.338
2013,MAM,West Scotland,0.597,14.008
2014,MAM,West Scotland,0.364,4.808
2015,MAM,West Scotland,0.501,8.100
2016,MAM,West Scotland,0.450,8.815
2017,MAM,West Scotland,0.430,7.685
2018,MAM,West Scotland,0.472,7.723
2019,MAM,West Scotland,0.362,7.038
2020,MAM,West Scotland,0.417,7.677
2021,MAM,West Scotland,0.342,8.777
2022,MAM,West Scotland,0.554,9.446
2023,MAM,West Scotland,0.533,10.315
2024,MAM,West Scotland,0.440,7.238
2025,MAM,West Scotland,0.465,7.623
2026,MAM,West Scotland,0.462,9.246
2027,MAM,West Scotland,0.544,12.200
2028,MAM,West Scotland,0.524,5.877
2029,MAM,West Scotland,0.583,10.108
2030,MAM,West Scotland,0.516,8.177
2031,MAM,West Scotland,0.483,11.138
2032,MAM,West Scotland,0.392,6.877
2033,MAM,West Scotland,0.436,10.862
2034,MAM,West Scotland,0.454,6.831
2035,MAM,West Scotland,0.503,9.062
2036,MAM,West Scotland,0.622,11.431
2037,MAM,West Scotland,0.525,10.031
2038,MAM,West Scotland,0.598,9.023
2039,MAM,West Scotland,0.352,7.823
2040,MAM,West Scotland,0.380,7.331
2041,MAM,West Scotland,0.509,9.154
2042,MAM,West Scotland,0.524,12.915
2043,MAM,West Scotland,0.469,7.515
2044,MAM,West Scotland,0.544,9.138
2045,MAM,West Scotland,0.445,6.169
2046,MAM,West Scotland,0.595,8.485
2047,MAM,West Scotland,0.580,8.838
2048,MAM,West Scotland,0.406,6.523
2049,MAM,West Scotland,0.531,15.992
2050,MAM,West Scotland,0.383,6.377
2051,MAM,West Scotland,0.505,8.377
2052,MAM,West Scotland,0.487,9.969
2053,MAM,West Scotland,0.364,5.946
2054,MAM,West Scotland,0.544,9.700
2055,MAM,West Scotland,0.395,6.823
2056,MAM,West Scotland,0.432,8.592
2057,MAM,West Scotland,0.376,7.331
2058,MAM,West Scotland,0.429,8.831
2059,MAM,West Scotland,0.514,8.015
2060,MAM,West Scotland,0.495,13.946
2061,MAM,West Scotland,0.694,15.331
2062,MAM,West Scotland,0.483,9.515
2063,MAM,West Scotland,0.306,5.385
2064,MAM,West Scotland,0.511,7.692
2065,MAM,West Scotland,0.625,10.846
2066,MAM,West Scotland,0.483,8.746
2067,MAM,West Scotland,0.508,10.054
2068,MAM,West Scotland,0.547,9.985
2069,MAM,West Scotland,0.439,6.800
2070,MAM,West Scotland,0.473,7.685
2071,MAM,West Scotland,0.521,10.238
2072,MAM,West Scotland,0.467,8.462
2073,MAM,West Scotland,0.363,6.923
2074,MAM,West Scotland,0.371,6.008
2075,MAM,West Scotland,0.550,8.992
2076,MAM,West Scotland,0.546,11.877
2077,MAM,West Scotland,0.481,11.077
2078,MAM,West Scotland,0.594,13.054
2079,MAM,West Scotland,0.448,8.423
2080,MAM,West Scotland,0.317,5.169
1981,MAM,Yorkshire and Humber,0.417,7.307
1982,MAM,Yorkshire and Humber,0.325,6.624
1983,MAM,Yorkshire and Humber,0.420,5.812
1984,MAM,Yorkshire and Humber,0.430,9.248
1985,MAM,Yorkshire and Humber,0.339,5.475
1986,MAM,Yorkshire and Humber,0.433,6.515
1987,MAM,Yorkshire and Humber,0.327,5.277
1988,MAM,Yorkshire and Humber,0.341,7.079
1989,MAM,Yorkshire and Humber,0.381,4.842
1990,MAM,Yorkshire and Humber,0.478,7.119
1991,MAM,Yorkshire and Humber,0.407,6.545
1992,MAM,Yorkshire and Humber,0.475,6.545
1993,MAM,Yorkshire and Humber,0.448,8.228
1994,MAM,Yorkshire and Humber,0.488,5.515
1995,MAM,Yorkshire and Humber,0.426,7.792
1996,MAM,Yorkshire and Humber,0.437,5.050
1997,MAM,Yorkshire and Humber,0.316,4.446
1998,MAM,Yorkshire and Humber,0.408,7.129
1999,MAM,Yorkshire and Humber,0.526,6.752
2000,MAM,Yorkshire and Humber,0.349,6.842
2001,MAM,Yorkshire and Humber,0.349,5.238
2002,MAM,Yorkshire and Humber,0.313,5.743
2003,MAM,Yorkshire and Humber,0.375,5.248
2004,MAM,Yorkshire and Humber,0.459,7.713
2005,MAM,Yorkshire and Humber,0.340,5.396
2006,MAM,Yorkshire and Humber,0.362,5.921
2007,MAM,Yorkshire and Humber,0.426,7.277
2008,MAM,Yorkshire and Humber,0.486,6.406
2009,MAM,Yorkshire and Humber,0.377,5.772
2010,MAM,Yorkshire and Humber,0.478,5.990
2011,MAM,Yorkshire and Humber,0.339,6.485
2012,MAM,Yorkshire and Humber,0.412,6.267
2013,MAM,Yorkshire and Humber,0.391,5.228
2014,MAM,Yorkshire and Humber,0.233,4.426
2015,MAM,Yorkshire and Humber,0.430,6.713
2016,MAM,Yorkshire and Humber,0.381,5.881
2017,MAM,Yorkshire and Humber,0.412,7.317
2018,MAM,Yorkshire and Humber,0.411,6.891
2019,MAM,Yorkshire and Humber,0.408,6.733
2020,MAM,Yorkshire and Humber,0.412,5.871
2021,MAM,Yorkshire and Humber,0.414,6.614
2022,MAM,Yorkshire and Humber,0.358,6.475
2023,MAM,Yorkshire and Humber,0.402,6.228
2024,MAM,Yorkshire and Humber,0.398,7.475
2025,MAM,Yorkshire and Humber,0.467,6.683
2026,MAM,Yorkshire and Humber,0.367,6.297
2027,MAM,Yorkshire and Humber,0.363,6.851
2028,MAM,Yorkshire and Humber,0.463,6.347
2029,MAM,Yorkshire and Humber,0.425,6.396
2030,MAM,Yorkshire and Humber,0.413,6.921
2031,MAM,Yorkshire and Humber,0.378,5.277
2032,MAM,Yorkshire and Humber,0.383,5.465
2033,MAM,Yorkshire and Humber,0.308,6.000
2034,MAM,Yorkshire and Humber,0.477,5.822
2035,MAM,Yorkshire and Humber,0.403,6.911
2036,MAM,Yorkshire and Humber,0.537,6.911
2037,MAM,Yorkshire and Humber,0.322,5.624
2038,MAM,Yorkshire and Humber,0.415,4.881
2039,MAM,Yorkshire and Humber,0.328,6.257
2040,MAM,Yorkshire and Humber,0.272,4.109
2041,MAM,Yorkshire and Humber,0.443,6.574
2042,MAM,Yorkshire and Humber,0.352,6.099
2043,MAM,Yorkshire and Humber,0.431,7.238
2044,MAM,Yorkshire and Humber,0.441,5.604
2045,MAM,Yorkshire and Humber,0.375,4.881
2046,MAM,Yorkshire and Humber,0.476,5.733
2047,MAM,Yorkshire and Humber,0.496,5.980
2048,MAM,Yorkshire and Humber,0.407,4.703
2049,MAM,Yorkshire and Humber,0.448,7.228
2050,MAM,Yorkshire and Humber,0.400,7.257
2051,MAM,Yorkshire and Humber,0.434,4.921
2052,MAM,Yorkshire and Humber,0.381,5.337
2053,MAM,Yorkshire and Humber,0.366,4.188
2054,MAM,Yorkshire and Humber,0.360,5.059
2055,MAM,Yorkshire and Humber,0.313,4.178
2056,MAM,Yorkshire and Humber,0.422,9.040
2057,MAM,Yorkshire and Humber,0.296,5.574
2058,MAM,Yorkshire and Humber,0.427,7.663
2059,MAM,Yorkshire and Humber,0.400,5.911
2060,MAM,Yorkshire and Humber,0.391,5.594
2061,MAM,Yorkshire and Humber,0.411,6.485
2062,MAM,Yorkshire and Humber,0.388,5.198
2063,MAM,Yorkshire and Humber,0.328,5.584
2064,MAM,Yorkshire and Humber,0.497,7.267
2065,MAM,Yorkshire and Humber,0.394,4.653
2066,MAM,Yorkshire and Humber,0.442,7.396
2067,MAM,Yorkshire and Humber,0.379,4.802
2068,MAM,Yorkshire and Humber,0.434,7.119
2069,MAM,Yorkshire and Humber,0.438,5.723
2070,MAM,Yorkshire and Humber,0.378,5.347
2071,MAM,Yorkshire and Humber,0.483,8.248
2072,MAM,Yorkshire and Humber,0.329,5.079
2073,MAM,Yorkshire and Humber,0.310,5.248
2074,MAM,Yorkshire and Humber,0.313,4.723
2075,MAM,Yorkshire and Humber,0.500,6.545
2076,MAM,Yorkshire and Humber,0.348,6.386
2077,MAM,Yorkshire and Humber,0.373,9.188
2078,MAM,Yorkshire and Humber,0.375,4.941
2079,MAM,Yorkshire and Humber,0.415,8.990
2080,MAM,Yorkshire and Humber,0.359,5.990
1981,MAM,Channel Islands,0.587,10.000
1982,MAM,Channel Islands,0.402,10.000
1983,MAM,Channel Islands,0.478,11.000
1984,MAM,Channel Islands,0.457,7.000
1985,MAM,Channel Islands,0.380,5.000
1986,MAM,Channel Islands,0.478,8.000
1987,MAM,Channel Islands,0.315,6.000
1988,MAM,Channel Islands,0.348,5.000
1989,MAM,Channel Islands,0.478,9.000
1990,MAM,Channel Islands,0.446,8.000
1991,MAM,Channel Islands,0.424,9.000
1992,MAM,Channel Islands,0.446,5.000
1993,MAM,Channel Islands,0.380,9.000
1994,MAM,Channel Islands,0.543,8.000
1995,MAM,Channel Islands,0.435,11.000
1996,MAM,Channel Islands,0.489,10.000
1997,MAM,Channel Islands,0.283,5.000
1998,MAM,Channel Islands,0.424,9.000
1999,MAM,Channel Islands,0.478,6.000
2000,MAM,Channel Islands,0.402,6.000
2001,MAM,Channel Islands,0.489,11.000
2002,MAM,Channel Islands,0.326,7.000
2003,MAM,Channel Islands,0.446,8.000
2004,MAM,Channel Islands,0.424,10.000
2005,MAM,Channel Islands,0.413,6.000
2006,MAM,Channel Islands,0.326,7.000
2007,MAM,Channel Islands,0.511,9.000
2008,MAM,Channel Islands,0.391,5.000
2009,MAM,Channel Islands,0.413,12.000
2010,MAM,Channel Islands,0.478,12.000
2011,MAM,Channel Islands,0.359,8.000
2012,MAM,Channel Islands,0.522,14.000
2013,MAM,Channel Islands,0.413,9.000
2014,MAM,Channel Islands,0.293,7.000
2015,MAM,Channel Islands,0.337,6.000
2016,MAM,Channel Islands,0.500,8.000
2017,MAM,Channel Islands,0.424,7.000
2018,MAM,Channel Islands,0.413,5.000
2019,MAM,Channel Islands,0.348,5.000
2020,MAM,Channel Islands,0.511,7.000
2021,MAM,Channel Islands,0.435,8.000
2022,MAM,Channel Islands,0.337,9.000
2023,MAM,Channel Islands,0.457,7.000
2024,MAM,Channel Islands,0.500,13.000
2025,MAM,Channel Islands,0.500,9.000
2026,MAM,Channel Islands,0.391,6.000
2027,MAM,Channel Islands,0.576,7.000
2028,MAM,Channel Islands,0.620,7.000
2029,MAM,Channel Islands,0.533,7.000
2030,MAM,Channel Islands,0.413,6.000
2031,MAM,Channel Islands,0.511,15.000
2032,MAM,Channel Islands,0.370,6.000
2033,MAM,Channel Islands,0.315,5.000
2034,MAM,Channel Islands,0.533,12.000
2035,MAM,Channel Islands,0.435,7.000
2036,MAM,Channel Islands,0.609,15.000
2037,MAM,Channel Islands,0.283,6.000
2038,MAM,Channel Islands,0.446,7.000
2039,MAM,Channel Islands,0.348,15.000
2040,MAM,Channel Islands,0.250,4.000
2041,MAM,Channel Islands,0.467,6.000
2042,MAM,Channel Islands,0.489,6.000
2043,MAM,Channel Islands,0.413,9.000
2044,MAM,Channel Islands,0.522,15.000
2045,MAM,Channel Islands,0.413,6.000
2046,MAM,Channel Islands,0.620,9.000
2047,MAM,Channel Islands,0.511,9.000
2048,MAM,Channel Islands,0.391,4.000
2049,MAM,Channel Islands,0.446,15.000
2050,MAM,Channel Islands,0.435,10.000
2051,MAM,Channel Islands,0.457,11.000
2052,MAM,Channel Islands,0.511,7.000
2053,MAM,Channel Islands,0.370,5.000
2054,MAM,Channel Islands,0.359,7.000
2055,MAM,Channel Islands,0.326,5.000
2056,MAM,Channel Islands,0.533,14.000
2057,MAM,Channel Islands,0.272,6.000
2058,MAM,Channel Islands,0.413,8.000
2059,MAM,Channel Islands,0.500,10.000
2060,MAM,Channel Islands,0.402,7.000
2061,MAM,Channel Islands,0.587,12.000
2062,MAM,Channel Islands,0.598,19.000
2063,MAM,Channel Islands,0.380,7.000
2064,MAM,Channel Islands,0.457,5.000
2065,MAM,Channel Islands,0.424,13.000
2066,MAM,Channel Islands,0.467,6.000
2067,MAM,Channel Islands,0.478,9.000
2068,MAM,Channel Islands,0.402,9.000
2069,MAM,Channel Islands,0.587,14.000
2070,MAM,Channel Islands,0.522,6.000
2071,MAM,Channel Islands,0.489,6.000
2072,MAM,Channel Islands,0.315,5.000
2073,MAM,Channel Islands,0.304,10.000
2074,MAM,Channel Islands,0.315,12.000
2075,MAM,Channel Islands,0.533,7.000
2076,MAM,Channel Islands,0.326,6.000
2077,MAM,Channel Islands,0.424,15.000
2078,MAM,Channel Islands,0.446,8.000
2079,MAM,Channel Islands,0.326,8.000
2080,MAM,Channel Islands,0.391,8.000
1981,MAM,Isle of Man,0.475,13.667
1982,MAM,Isle of Man,0.380,8.667
1983,MAM,Isle of Man,0.529,12.667
1984,MAM,Isle of Man,0.435,10.000
1985,MAM,Isle of Man,0.417,8.000
1986,MAM,Isle of Man,0.543,12.333
1987,MAM,Isle of Man,0.391,6.667
1988,MAM,Isle of Man,0.384,8.333
1989,MAM,Isle of Man,0.543,9.333
1990,MAM,Isle of Man,0.486,7.667
1991,MAM,Isle of Man,0.438,7.333
1992,MAM,Isle of Man,0.511,8.000
1993,MAM,Isle of Man,0.522,9.667
1994,MAM,Isle of Man,0.572,9.333
1995,MAM,Isle of Man,0.475,8.000
1996,MAM,Isle of Man,0.370,7.667
1997,MAM,Isle of Man,0.413,7.333
1998,MAM,Isle of Man,0.467,7.000
1999,MAM,Isle of Man,0.511,8.000
2000,MAM,Isle of Man,0.391,5.333
2001,MAM,Isle of Man,0.460,12.000
2002,MAM,Isle of Man,0.384,7.667
2003,MAM,Isle of Man,0.507,6.333
2004,MAM,Isle of Man,0.525,8.333
2005,MAM,Isle of Man,0.467,9.667
2006,MAM,Isle of Man,0.464,14.000
2007,MAM,Isle of Man,0.518,8.333
2008,MAM,Isle of Man,0.467,11.000
2009,MAM,Isle of Man,0.460,12.000
2010,MAM,Isle of Man,0.471,7.000
2011,MAM,Isle of Man,0.366,7.333
2012,MAM,Isle of Man,0.536,7.333
2013,MAM,Isle of Man,0.565,10.000
2014,MAM,Isle of Man,0.319,8.000
2015,MAM,Isle of Man,0.500,9.667
2016,MAM,Isle of Man,0.406,7.000
2017,MAM,Isle of Man,0.431,5.000
2018,MAM,Isle of Man,0.435,5.333
2019,MAM,Isle of Man,0.402,7.333
2020,MAM,Isle of Man,0.457,5.333
2021,MAM,Isle of Man,0.438,7.000
2022,MAM,Isle of Man,0.547,7.333
2023,MAM,Isle of Man,0.522,9.000
2024,MAM,Isle of Man,0.496,10.667
2025,MAM,Isle of Man,0.471,8.333
2026,MAM,Isle of Man,0.420,6.000
2027,MAM,Isle of Man,0.493,9.000
2028,MAM,Isle of Man,0.507,6.000
2029,MAM,Isle of Man,0.580,8.667
2030,MAM,Isle of Man,0.511,8.000
2031,MAM,Isle of Man,0.504,15.000
2032,MAM,Isle of Man,0.366,6.667
2033,MAM,Isle of Man,0.424,6.000
2034,MAM,Isle of Man,0.536,8.667
2035,MAM,Isle of Man,0.489,8.000
2036,MAM,Isle of Man,0.547,11.667
2037,MAM,Isle of Man,0.471,7.667
2038,MAM,Isle of Man,0.547,8.667
2039,MAM,Isle of Man,0.315,7.000
2040,MAM,Isle of Man,0.290,4.333
2041,MAM,Isle of Man,0.529,9.000
2042,MAM,Isle of Man,0.504,10.667
2043,MAM,Isle of Man,0.471,9.000
2044,MAM,Isle of Man,0.543,7.333
2045,MAM,Isle of Man,0.406,5.000
2046,MAM,Isle of Man,0.587,12.000
2047,MAM,Isle of Man,0.572,7.333
2048,MAM,Isle of Man,0.420,6.000
2049,MAM,Isle of Man,0.518,10.333
2050,MAM,Isle of Man,0.402,6.667
2051,MAM,Isle of Man,0.511,7.000
2052,MAM,Isle of Man,0.536,8.667
2053,MAM,Isle of Man,0.380,6.667
2054,MAM,Isle of Man,0.471,6.667
2055,MAM,Isle of Man,0.380,8.000
2056,MAM,Isle of Man,0.435,10.000
2057,MAM,Isle of Man,0.366,8.000
2058,MAM,Isle of Man,0.514,8.333
2059,MAM,Isle of Man,0.543,10.333
2060,MAM,Isle of Man,0.457,8.000
2061,MAM,Isle of Man,0.591,11.333
2062,MAM,Isle of Man,0.514,8.000
2063,MAM,Isle of Man,0.337,5.333
2064,MAM,Isle of Man,0.533,7.000
2065,MAM,Isle of Man,0.525,7.000
2066,MAM,Isle of Man,0.471,7.333
2067,MAM,Isle of Man,0.449,8.000
2068,MAM,Isle of Man,0.507,8.000
2069,MAM,Isle of Man,0.453,6.667
2070,MAM,Isle of Man,0.507,6.333
2071,MAM,Isle of Man,0.514,7.333
2072,MAM,Isle of Man,0.431,6.000
2073,MAM,Isle of Man,0.319,3.667
2074,MAM,Isle of Man,0.315,4.667
2075,MAM,Isle of Man,0.562,9.667
2076,MAM,Isle of Man,0.467,5.333
2077,MAM,Isle of Man,0.525,14.000
2078,MAM,Isle of Man,0.507,9.667
2079,MAM,Isle of Man,0.529,11.333
2080,MAM,Isle of Man,0.395,4.667
1981,MAM,Northern Ireland,0.553,12.953
1982,MAM,Northern Ireland,0.454,6.930
1983,MAM,Northern Ireland,0.560,13.128
1984,MAM,Northern Ireland,0.441,9.779
1985,MAM,Northern Ireland,0.438,8.209
1986,MAM,Northern Ireland,0.591,9.953
1987,MAM,Northern Ireland,0.427,6.605
1988,MAM,Northern Ireland,0.380,7.430
1989,MAM,Northern Ireland,0.537,11.337
1990,MAM,Northern Ireland,0.434,7.500
1991,MAM,Northern Ireland,0.472,10.221
1992,MAM,Northern Ireland,0.533,9.640
1993,MAM,Northern Ireland,0.495,12.128
1994,MAM,Northern Ireland,0.587,7.919
1995,MAM,Northern Ireland,0.434,7.244
1996,MAM,Northern Ireland,0.419,6.465
1997,MAM,Northern Ireland,0.451,10.256
1998,MAM,Northern Ireland,0.479,8.128
1999,MAM,Northern Ireland,0.590,8.674
2000,MAM,Northern Ireland,0.440,6.547
2001,MAM,Northern Ireland,0.483,9.442
2002,MAM,Northern Ireland,0.368,6.523
2003,MAM,Northern Ireland,0.573,7.988
2004,MAM,Northern Ireland,0.568,11.360
2005,MAM,Northern Ireland,0.442,9.965
2006,MAM,Northern Ireland,0.458,11.709
2007,MAM,Northern Ireland,0.537,8.151
2008,MAM,Northern Ireland,0.511,8.988
2009,MAM,Northern Ireland,0.514,10.628
2010,MAM,Northern Ireland,0.488,9.535
2011,MAM,Northern Ireland,0.456,11.756
2012,MAM,Northern Ireland,0.531,8.267
2013,MAM,Northern Ireland,0.539,11.419
2014,MAM,Northern Ireland,0.397,6.767
2015,MAM,Northern Ireland,0.559,9.140
2016,MAM,Northern Ireland,0.435,7.267
2017,MAM,Northern Ireland,0.420,7.721
2018,MAM,Northern Ireland,0.488,8.233
2019,MAM,Northern Ireland,0.365,7.535
2020,MAM,Northern Ireland,0.496,6.733
2021,MAM,Northern Ireland,0.355,7.023
2022,MAM,Northern Ireland,0.529,8.872
2023,MAM,Northern Ireland,0.516,9.453
2024,MAM,Northern Ireland,0.446,6.942
2025,MAM,Northern Ireland,0.466,6.919
2026,MAM,Northern Ireland,0.456,8.756
2027,MAM,Northern Ireland,0.497,7.756
2028,MAM,Northern Ireland,0.522,6.860
2029,MAM,Northern Ireland,0.570,8.140
2030,MAM,Northern Ireland,0.515,8.105
2031,MAM,Northern Ireland,0.534,12.512
2032,MAM,Northern Ireland,0.414,7.407
2033,MAM,Northern Ireland,0.426,9.849
2034,MAM,Northern Ireland,0.497,7.767
2035,MAM,Northern Ireland,0.525,8.453
2036,MAM,Northern Ireland,0.601,13.209
2037,MAM,Northern Ireland,0.550,9.419
2038,MAM,Northern Ireland,0.610,8.186
2039,MAM,Northern Ireland,0.355,8.035
2040,MAM,Northern Ireland,0.403,6.070
2041,MAM,Northern Ireland,0.524,6.698
2042,MAM,Northern Ireland,0.536,11.512
2043,MAM,Northern Ireland,0.467,7.721
2044,MAM,Northern Ireland,0.555,9.244
2045,MAM,Northern Ireland,0.478,6.395
2046,MAM,Northern Ireland,0.621,10.035
2047,MAM,Northern Ireland,0.598,8.547
2048,MAM,Northern Ireland,0.449,8.942
2049,MAM,Northern Ireland,0.500,12.570
2050,MAM,Northern Ireland,0.432,6.477
2051,MAM,Northern Ireland,0.540,8.837
2052,MAM,Northern Ireland,0.505,9.547
2053,MAM,Northern Ireland,0.355,4.733
2054,MAM,Northern Ireland,0.484,8.488
2055,MAM,Northern Ireland,0.385,7.698
2056,MAM,Northern Ireland,0.430,7.233
2057,MAM,Northern Ireland,0.361,5.512
2058,MAM,Northern Ireland,0.456,7.756
2059,MAM,Northern Ireland,0.550,10.244
2060,MAM,Northern Ireland,0.458,7.814
2061,MAM,Northern Ireland,0.651,11.105
2062,MAM,Northern Ireland,0.492,7.779
2063,MAM,Northern Ireland,0.337,5.744
2064,MAM,Northern Ireland,0.481,5.198
2065,MAM,Northern Ireland,0.542,9.779
2066,MAM,Northern Ireland,0.461,7.140
2067,MAM,Northern Ireland,0.502,9.558
2068,MAM,Northern Ireland,0.497,7.977
2069,MAM,Northern Ireland,0.426,6.163
2070,MAM,Northern Ireland,0.470,6.779
2071,MAM,Northern Ireland,0.488,7.570
2072,MAM,Northern Ireland,0.496,9.860
2073,MAM,Northern Ireland,0.386,9.640
2074,MAM,Northern Ireland,0.341,5.721
2075,MAM,Northern Ireland,0.579,9.035
2076,MAM,Northern Ireland,0.487,7.709
2077,MAM,Northern Ireland,0.484,8.779
2078,MAM,Northern Ireland,0.556,9.512
2079,MAM,Northern Ireland,0.463,7.907
2080,MAM,Northern Ireland,0.404,5.302
1981,MAM,Wales,0.457,9.482
1982,MAM,Wales,0.364,6.672
1983,MAM,Wales,0.500,9.248
1984,MAM,Wales,0.444,9.854
1985,MAM,Wales,0.342,5.058
1986,MAM,Wales,0.497,9.263
1987,MAM,Wales,0.334,6.044
1988,MAM,Wales,0.394,6.708
1989,MAM,Wales,0.504,8.117
1990,MAM,Wales,0.463,6.131
1991,MAM,Wales,0.483,7.489
1992,MAM,Wales,0.477,8.723
1993,MAM,Wales,0.464,9.219
1994,MAM,Wales,0.564,7.715
1995,MAM,Wales,0.442,8.701
1996,MAM,Wales,0.426,7.832
1997,MAM,Wales,0.349,6.321
1998,MAM,Wales,0.448,7.161
1999,MAM,Wales,0.540,8.708
2000,MAM,Wales,0.359,6.358
2001,MAM,Wales,0.393,8.679
2002,MAM,Wales,0.349,6.234
2003,MAM,Wales,0.459,7.387
2004,MAM,Wales,0.483,8.993
2005,MAM,Wales,0.402,7.993
2006,MAM,Wales,0.375,7.971
2007,MAM,Wales,0.495,9.715
2008,MAM,Wales,0.429,6.489
2009,MAM,Wales,0.419,10.489
2010,MAM,Wales,0.512,9.255
2011,MAM,Wales,0.382,8.599
2012,MAM,Wales,0.511,9.540
2013,MAM,Wales,0.461,7.482
2014,MAM,Wales,0.293,5.905
2015,MAM,Wales,0.488,7.883
2016,MAM,Wales,0.401,7.942
2017,MAM,Wales,0.414,6.839
2018,MAM,Wales,0.411,7.153
2019,MAM,Wales,0.403,6.832
2020,MAM,Wales,0.437,5.905
2021,MAM,Wales,0.457,5.766
2022,MAM,Wales,0.360,4.832
2023,MAM,Wales,0.492,9.650
2024,MAM,Wales,0.482,8.036
2025,MAM,Wales,0.449,8.876
2026,MAM,Wales,0.435,6.847
2027,MAM,Wales,0.478,6.964
2028,MAM,Wales,0.511,6.577
2029,MAM,Wales,0.525,8.956
2030,MAM,Wales,0.458,6.453
2031,MAM,Wales,0.471,9.036
2032,MAM,Wales,0.377,5.861
2033,MAM,Wales,0.404,7.810
2034,MAM,Wales,0.555,9.438
2035,MAM,Wales,0.432,6.285
2036,MAM,Wales,0.598,12.796
2037,MAM,Wales,0.401,7.409
2038,MAM,Wales,0.468,5.818
2039,MAM,Wales,0.381,9.693
2040,MAM,Wales,0.318,4.891
2041,MAM,Wales,0.470,7.912
2042,MAM,Wales,0.463,9.635
2043,MAM,Wales,0.451,7.978
2044,MAM,Wales,0.470,5.825
2045,MAM,Wales,0.442,7.620
2046,MAM,Wales,0.516,8.920
2047,MAM,Wales,0.552,9.467
2048,MAM,Wales,0.372,6.657
2049,MAM,Wales,0.453,7.599
2050,MAM,Wales,0.398,8.540
2051,MAM,Wales,0.487,8.737
2052,MAM,Wales,0.494,6.577
2053,MAM,Wales,0.352,5.905
2054,MAM,Wales,0.367,5.474
2055,MAM,Wales,0.384,7.723
2056,MAM,Wales,0.426,6.832
2057,MAM,Wales,0.334,7.409
2058,MAM,Wales,0.458,6.533
2059,MAM,Wales,0.453,6.876
2060,MAM,Wales,0.417,7.861
2061,MAM,Wales,0.526,9.080
2062,MAM,Wales,0.474,10.102
2063,MAM,Wales,0.316,6.467
2064,MAM,Wales,0.496,6.540
2065,MAM,Wales,0.480,6.635
2066,MAM,Wales,0.444,7.547
2067,MAM,Wales,0.438,7.657
2068,MAM,Wales,0.487,8.650
2069,MAM,Wales,0.496,7.788
2070,MAM,Wales,0.471,8.409
2071,MAM,Wales,0.513,8.752
2072,MAM,Wales,0.397,5.745
2073,MAM,Wales,0.293,6.788
2074,MAM,Wales,0.330,4.650
2075,MAM,Wales,0.555,10.117
2076,MAM,Wales,0.439,6.686
2077,MAM,Wales,0.449,14.182
2078,MAM,Wales,0.489,7.869
2079,MAM,Wales,0.436,9.708
2080,MAM,Wales,0.397,7.219
1981,JJA,East Midlands,0.430,5.573
1982,JJA,East Midlands,0.270,4.437
1983,JJA,East Midlands,0.439,6.398
1984,JJA,East Midlands,0.444,6.320
1985,JJA,East Midlands,0.373,5.650
1986,JJA,East Midlands,0.271,2.612
1987,JJA,East Midlands,0.377,5.039
1988,JJA,East Midlands,0.313,4.699
1989,JJA,East Midlands,0.325,6.058
1990,JJA,East Midlands,0.196,2.641
1991,JJA,East Midlands,0.494,7.117
1992,JJA,East Midlands,0.362,4.233
1993,JJA,East Midlands,0.336,4.505
1994,JJA,East Midlands,0.326,5.835
1995,JJA,East Midlands,0.231,3.650
1996,JJA,East Midlands,0.440,5.369
1997,JJA,East Midlands,0.377,5.408
1998,JJA,East Midlands,0.336,4.456
1999,JJA,East Midlands,0.223,3.825
2000,JJA,East Midlands,0.264,5.243
2001,JJA,East Midlands,0.367,4.951
2002,JJA,East Midlands,0.328,5.010
2003,JJA,East Midlands,0.318,3.602
2004,JJA,East Midlands,0.234,4.097
2005,JJA,East Midlands,0.414,6.621
2006,JJA,East Midlands,0.336,4.320
2007,JJA,East Midlands,0.356,4.709
2008,JJA,East Midlands,0.432,5.680
2009,JJA,East Midlands,0.332,4.340
2010,JJA,East Midlands,0.381,4.845
2011,JJA,East Midlands,0.392,3.951
2012,JJA,East Midlands,0.382,6.000
2013,JJA,East Midlands,0.362,3.903
2014,JJA,East Midlands,0.437,6.039
2015,JJA,East Midlands,0.463,5.000
2016,JJA,East Midlands,0.387,5.427
2017,JJA,East Midlands,0.284,5.728
2018,JJA,East Midlands,0.448,4.951
2019,JJA,East Midlands,0.464,7.165
2020,JJA,East Midlands,0.383,5.971
2021,JJA,East Midlands,0.387,4.485
2022,JJA,East Midlands,0.369,5.864
2023,JJA,East Midlands,0.459,6.233
2024,JJA,East Midlands,0.419,5.835
2025,JJA,East Midlands,0.266,3.553
2026,JJA,East Midlands,0.348,5.408
2027,JJA,East Midlands,0.450,4.990
2028,JJA,East Midlands,0.360,4.495
2029,JJA,East Midlands,0.485,7.942
2030,JJA,East Midlands,0.273,2.748
2031,JJA,East Midlands,0.405,7.272
2032,JJA,East Midlands,0.343,6.272
2033,JJA,East Midlands,0.188,2.883
2034,JJA,East Midlands,0.193,4.068
2035,JJA,East Midlands,0.419,5.107
2036,JJA,East Midlands,0.312,8.398
2037,JJA,East Midlands,0.415,6.155
2038,JJA,East Midlands,0.331,6.243
2039,JJA,East Midlands,0.318,4.515
2040,JJA,East Midlands,0.348,3.777
2041,JJA,East Midlands,0.339,5.126
2042,JJA,East Midlands,0.327,4.301
2043,JJA,East Midlands,0.358,4.223
2044,JJA,East Midlands,0.451,5.388
2045,JJA,East Midlands,0.346,4.524
2046,JJA,East Midlands,0.357,4.505
2047,JJA,East Midlands,0.200,2.505
2048,JJA,East Midlands,0.334,5.961
2049,JJA,East Midlands,0.307,3.864
2050,JJA,East Midlands,0.301,4.485
2051,JJA,East Midlands,0.315,4.961
2052,JJA,East Midlands,0.319,3.689
2053,JJA,East Midlands,0.335,4.767
2054,JJA,East Midlands,0.274,3.155
2055,JJA,East Midlands,0.199,3.777
2056,JJA,East Midlands,0.346,4.039
2057,JJA,East Midlands,0.260,4.330
2058,JJA,East Midlands,0.403,5.777
2059,JJA,East Midlands,0.189,3.165
2060,JJA,East Midlands,0.182,2.738
2061,JJA,East Midlands,0.362,6.049
2062,JJA,East Midlands,0.395,6.301
2063,JJA,East Midlands,0.325,4.990
2064,JJA,East Midlands,0.276,4.175
2065,JJA,East Midlands,0.229,4.155
2066,JJA,East Midlands,0.278,3.243
2067,JJA,East Midlands,0.288,5.777
2068,JJA,East Midlands,0.223,4.699
2069,JJA,East Midlands,0.309,4.583
2070,JJA,East Midlands,0.252,3.437
2071,JJA,East Midlands,0.362,5.223
2072,JJA,East Midlands,0.378,5.612
2073,JJA,East Midlands,0.353,5.854
2074,JJA,East Midlands,0.391,5.369
2075,JJA,East Midlands,0.316,4.398
2076,JJA,East Midlands,0.220,3.311
2077,JJA,East Midlands,0.359,4.680
2078,JJA,East Midlands,0.278,3.748
2079,JJA,East Midlands,0.303,5.029
2080,JJA,East Midlands,0.266,4.146
1981,JJA,East of England,0.383,4.389
1982,JJA,East of England,0.269,3.714
1983,JJA,East of England,0.443,6.349
1984,JJA,East of England,0.440,6.206
1985,JJA,East of England,0.336,5.135
1986,JJA,East of England,0.265,2.651
1987,JJA,East of England,0.306,3.198
1988,JJA,East of England,0.319,5.135
1989,JJA,East of England,0.345,5.397
1990,JJA,East of England,0.202,2.960
1991,JJA,East of England,0.427,4.738
1992,JJA,East of England,0.293,2.952
1993,JJA,East of England,0.335,4.778
1994,JJA,East of England,0.304,5.921
1995,JJA,East of England,0.194,3.230
1996,JJA,East of England,0.443,6.794
1997,JJA,East of England,0.362,5.865
1998,JJA,East of England,0.372,4.929
1999,JJA,East of England,0.248,5.000
2000,JJA,East of England,0.236,5.857
2001,JJA,East of England,0.375,4.405
2002,JJA,East of England,0.362,6.151
2003,JJA,East of England,0.304,3.548
2004,JJA,East of England,0.231,2.960
2005,JJA,East of England,0.345,4.659
2006,JJA,East of England,0.356,4.151
2007,JJA,East of England,0.340,3.603
2008,JJA,East of England,0.330,4.730
2009,JJA,East of England,0.314,4.706
2010,JJA,East of England,0.345,4.603
2011,JJA,East of England,0.367,3.683
2012,JJA,East of England,0.349,6.048
2013,JJA,East of England,0.352,4.040
2014,JJA,East of England,0.382,5.317
2015,JJA,East of England,0.456,5.278
2016,JJA,East of England,0.378,7.063
2017,JJA,East of England,0.283,5.595
2018,JJA,East of England,0.387,4.540
2019,JJA,East of England,0.433,5.373
2020,JJA,East of England,0.349,4.190
2021,JJA,East of England,0.337,5.556
2022,JJA,East of England,0.327,5.833
2023,JJA,East of England,0.383,5.468
2024,JJA,East of England,0.398,5.889
2025,JJA,East of England,0.230,4.103
2026,JJA,East of England,0.262,4.063
2027,JJA,East of England,0.396,4.563
2028,JJA,East of England,0.327,4.540
2029,JJA,East of England,0.410,5.373
2030,JJA,East of England,0.259,3.087
2031,JJA,East of England,0.373,5.976
2032,JJA,East of England,0.345,6.413
2033,JJA,East of England,0.173,3.929
2034,JJA,East of England,0.156,3.746
2035,JJA,East of England,0.399,5.397
2036,JJA,East of England,0.273,7.333
2037,JJA,East of England,0.409,6.373
2038,JJA,East of England,0.301,4.984
2039,JJA,East of England,0.317,4.603
2040,JJA,East of England,0.320,4.444
2041,JJA,East of England,0.299,4.302
2042,JJA,East of England,0.279,3.444
2043,JJA,East of England,0.326,3.913
2044,JJA,East of England,0.414,4.865
2045,JJA,East of England,0.319,4.619
2046,JJA,East of England,0.340,4.492
2047,JJA,East of England,0.133,2.373
2048,JJA,East of England,0.312,4.825
2049,JJA,East of England,0.285,3.516
2050,JJA,East of England,0.235,3.984
2051,JJA,East of England,0.303,5.841
2052,JJA,East of England,0.283,3.968
2053,JJA,East of England,0.335,4.167
2054,JJA,East of England,0.258,3.333
2055,JJA,East of England,0.186,3.024
2056,JJA,East of England,0.333,3.579
2057,JJA,East of England,0.235,3.492
2058,JJA,East of England,0.378,4.937
2059,JJA,East of England,0.161,3.159
2060,JJA,East of England,0.149,2.056
2061,JJA,East of England,0.353,6.246
2062,JJA,East of England,0.361,5.325
2063,JJA,East of England,0.291,4.667
2064,JJA,East of England,0.239,4.333
2065,JJA,East of England,0.234,4.484
2066,JJA,East of England,0.275,3.873
2067,JJA,East of England,0.299,4.762
2068,JJA,East of England,0.245,4.143
2069,JJA,East of England,0.317,4.603
2070,JJA,East of England,0.234,3.278
2071,JJA,East of England,0.357,4.849
2072,JJA,East of England,0.334,5.341
2073,JJA,East of England,0.339,4.984
2074,JJA,East of England,0.350,4.103
2075,JJA,East of England,0.276,4.865
2076,JJA,East of England,0.210,3.008
2077,JJA,East of England,0.346,4.238
2078,JJA,East of England,0.234,3.611
2079,JJA,East of England,0.289,4.468
2080,JJA,East of England,0.270,4.198
1981,JJA,East Scotland,0.517,7.472
1982,JJA,East Scotland,0.398,7.736
1983,JJA,East Scotland,0.411,5.956
1984,JJA,East Scotland,0.449,7.006
1985,JJA,East Scotland,0.518,6.239
1986,JJA,East Scotland,0.415,6.874
1987,JJA,East Scotland,0.548,8.472
1988,JJA,East Scotland,0.483,8.780
1989,JJA,East Scotland,0.433,9.289
1990,JJA,East Scotland,0.460,6.704
1991,JJA,East Scotland,0.516,6.516
1992,JJA,East Scotland,0.507,5.818
1993,JJA,East Scotland,0.461,6.409
1994,JJA,East Scotland,0.359,5.660
1995,JJA,East Scotland,0.329,5.818
1996,JJA,East Scotland,0.509,6.321
1997,JJA,East Scotland,0.330,5.208
1998,JJA,East Scotland,0.392,5.000
1999,JJA,East Scotland,0.284,4.522
2000,JJA,East Scotland,0.362,4.774
2001,JJA,East Scotland,0.521,7.013
2002,JJA,East Scotland,0.408,5.597
2003,JJA,East Scotland,0.505,7.050
2004,JJA,East Scotland,0.466,6.000
2005,JJA,East Scotland,0.452,6.252
2006,JJA,East Scotland,0.379,5.522
2007,JJA,East Scotland,0.404,6.371
2008,JJA,East Scotland,0.492,7.296
2009,JJA,East Scotland,0.508,7.119
2010,JJA,East Scotland,0.463,7.044
2011,JJA,East Scotland,0.509,7.755
2012,JJA,East Scotland,0.521,7.553
2013,JJA,East Scotland,0.426,6.132
2014,JJA,East Scotland,0.431,7.283
2015,JJA,East Scotland,0.521,7.308
2016,JJA,East Scotland,0.452,6.597
2017,JJA,East Scotland,0.403,6.692
2018,JJA,East Scotland,0.533,10.019
2019,JJA,East Scotland,0.556,9.075
2020,JJA,East Scotland,0.478,6.233
2021,JJA,East Scotland,0.436,6.006
2022,JJA,East Scotland,0.392,6.912
2023,JJA,East Scotland,0.563,8.428
2024,JJA,East Scotland,0.481,7.497
2025,JJA,East Scotland,0.342,5.396
2026,JJA,East Scotland,0.459,7.057
2027,JJA,East Scotland,0.548,8.893
2028,JJA,East Scotland,0.503,6.226
2029,JJA,East Scotland,0.521,7.774
2030,JJA,East Scotland,0.397,6.283
2031,JJA,East Scotland,0.551,8.277
2032,JJA,East Scotland,0.375,7.516
2033,JJA,East Scotland,0.456,6.818
2034,JJA,East Scotland,0.394,5.654
2035,JJA,East Scotland,0.489,7.950
2036,JJA,East Scotland,0.485,6.189
2037,JJA,East Scotland,0.478,6.585
2038,JJA,East Scotland,0.400,5.497
2039,JJA,East Scotland,0.350,6.208
2040,JJA,East Scotland,0.463,8.289
2041,JJA,East Scotland,0.450,6.302
2042,JJA,East Scotland,0.425,7.541
2043,JJA,East Scotland,0.375,4.403
2044,JJA,East Scotland,0.534,8.811
2045,JJA,East Scotland,0.425,6.969
2046,JJA,East Scotland,0.449,6.201
2047,JJA,East Scotland,0.382,4.648
2048,JJA,East Scotland,0.368,7.371
2049,JJA,East Scotland,0.475,7.277
2050,JJA,East Scotland,0.493,9.396
2051,JJA,East Scotland,0.377,6.296
2052,JJA,East Scotland,0.501,6.409
2053,JJA,East Scotland,0.401,5.994
2054,JJA,East Scotland,0.418,6.308
2055,JJA,East Scotland,0.323,4.830
2056,JJA,East Scotland,0.491,6.792
2057,JJA,East Scotland,0.373,8.201
2058,JJA,East Scotland,0.390,8.057
2059,JJA,East Scotland,0.263,3.761
2060,JJA,East Scotland,0.364,6.252
2061,JJA,East Scotland,0.532,10.585
2062,JJA,East Scotland,0.414,6.503
2063,JJA,East Scotland,0.368,6.686
2064,JJA,East Scotland,0.376,4.943
2065,JJA,East Scotland,0.418,5.006
2066,JJA,East Scotland,0.428,7.629
2067,JJA,East Scotland,0.280,3.717
2068,JJA,East Scotland,0.300,3.862
2069,JJA,East Scotland,0.418,6.755
2070,JJA,East Scotland,0.326,4.113
2071,JJA,East Scotland,0.472,8.591
2072,JJA,East Scotland,0.477,6.579
2073,JJA,East Scotland,0.398,6.774
2074,JJA,East Scotland,0.486,7.088
2075,JJA,East Scotland,0.394,4.610
2076,JJA,East Scotland,0.446,8.346
2077,JJA,East Scotland,0.527,6.679
2078,JJA,East Scotland,0.323,5.384
2079,JJA,East Scotland,0.396,5.465
2080,JJA,East Scotland,0.377,5.094
1981,JJA,London,0.417,5.417
1982,JJA,London,0.231,3.833
1983,JJA,London,0.468,6.583
1984,JJA,London,0.463,6.083
1985,JJA,London,0.327,5.500
1986,JJA,London,0.319,5.417
1987,JJA,London,0.291,3.333
1988,JJA,London,0.261,4.333
1989,JJA,London,0.324,6.833
1990,JJA,London,0.166,2.167
1991,JJA,London,0.472,10.667
1992,JJA,London,0.334,3.250
1993,JJA,London,0.322,4.583
1994,JJA,London,0.291,6.667
1995,JJA,London,0.186,3.833
1996,JJA,London,0.459,7.333
1997,JJA,London,0.315,4.167
1998,JJA,London,0.381,4.833
1999,JJA,London,0.250,4.167
2000,JJA,London,0.266,6.167
2001,JJA,London,0.339,4.333
2002,JJA,London,0.351,6.250
2003,JJA,London,0.301,4.000
2004,JJA,London,0.209,3.000
2005,JJA,London,0.317,5.333
2006,JJA,London,0.348,4.833
2007,JJA,London,0.289,4.417
2008,JJA,London,0.293,4.667
2009,JJA,London,0.348,5.167
2010,JJA,London,0.323,5.583
2011,JJA,London,0.312,3.167
2012,JJA,London,0.282,5.583
2013,JJA,London,0.360,4.000
2014,JJA,London,0.347,4.333
2015,JJA,London,0.433,4.333
2016,JJA,London,0.397,7.500
2017,JJA,London,0.292,9.083
2018,JJA,London,0.388,6.750
2019,JJA,London,0.369,5.750
2020,JJA,London,0.361,3.917
2021,JJA,London,0.293,4.833
2022,JJA,London,0.294,4.000
2023,JJA,London,0.353,3.833
2024,JJA,London,0.364,4.250
2025,JJA,London,0.169,3.333
2026,JJA,London,0.268,5.333
2027,JJA,London,0.393,4.417
2028,JJA,London,0.296,5.667
2029,JJA,London,0.398,7.083
2030,JJA,London,0.224,3.167
2031,JJA,London,0.391,6.083
2032,JJA,London,0.278,4.000
2033,JJA,London,0.164,3.583
2034,JJA,London,0.146,3.000
2035,JJA,London,0.381,5.250
2036,JJA,London,0.255,7.500
2037,JJA,London,0.400,7.000
2038,JJA,London,0.236,4.250
2039,JJA,London,0.325,4.417
2040,JJA,London,0.296,5.167
2041,JJA,London,0.274,4.667
2042,JJA,London,0.226,3.833
2043,JJA,London,0.303,5.667
2044,JJA,London,0.371,4.917
2045,JJA,London,0.318,5.417
2046,JJA,London,0.387,5.833
2047,JJA,London,0.119,2.583
2048,JJA,London,0.311,4.500
2049,JJA,London,0.254,3.167
2050,JJA,London,0.237,3.833
2051,JJA,London,0.310,5.250
2052,JJA,London,0.295,3.250
2053,JJA,London,0.324,3.333
2054,JJA,London,0.236,3.833
2055,JJA,London,0.157,3.167
2056,JJA,London,0.309,3.500
2057,JJA,London,0.231,3.083
2058,JJA,London,0.345,4.167
2059,JJA,London,0.165,3.167
2060,JJA,London,0.146,2.000
2061,JJA,London,0.317,5.500
2062,JJA,London,0.323,4.000
2063,JJA,London,0.304,7.000
2064,JJA,London,0.213,4.667
2065,JJA,London,0.218,3.750
2066,JJA,London,0.281,2.250
2067,JJA,London,0.314,5.833
2068,JJA,London,0.218,3.417
2069,JJA,London,0.251,4.083
2070,JJA,London,0.250,2.417
2071,JJA,London,0.336,3.417
2072,JJA,London,0.308,5.333
2073,JJA,London,0.299,4.750
2074,JJA,London,0.321,3.833
2075,JJA,London,0.243,4.000
2076,JJA,London,0.163,2.500
2077,JJA,London,0.326,3.917
2078,JJA,London,0.207,3.000
2079,JJA,London,0.292,5.417
2080,JJA,London,0.228,4.000
1981,JJA,North East England,0.464,5.544
1982,JJA,North East England,0.346,4.386
1983,JJA,North East England,0.438,9.053
1984,JJA,North East England,0.441,6.807
1985,JJA,North East England,0.418,5.333
1986,JJA,North East England,0.346,5.000
1987,JJA,North East England,0.430,5.807
1988,JJA,North East England,0.397,6.333
1989,JJA,North East England,0.350,7.702
1990,JJA,North East England,0.351,4.333
1991,JJA,North East England,0.488,7.088
1992,JJA,North East England,0.455,4.825
1993,JJA,North East England,0.410,5.421
1994,JJA,North East England,0.394,6.123
1995,JJA,North East England,0.307,5.544
1996,JJA,North East England,0.495,5.982
1997,JJA,North East England,0.340,5.053
1998,JJA,North East England,0.375,5.175
1999,JJA,North East England,0.257,3.860
2000,JJA,North East England,0.334,4.439
2001,JJA,North East England,0.487,6.053
2002,JJA,North East England,0.363,5.333
2003,JJA,North East England,0.490,7.123
2004,JJA,North East England,0.321,4.298
2005,JJA,North East England,0.413,4.947
2006,JJA,North East England,0.317,5.175
2007,JJA,North East England,0.400,6.912
2008,JJA,North East England,0.426,5.596
2009,JJA,North East England,0.364,4.947
2010,JJA,North East England,0.481,6.386
2011,JJA,North East England,0.465,6.140
2012,JJA,North East England,0.460,6.193
2013,JJA,North East England,0.368,4.860
2014,JJA,North East England,0.414,6.737
2015,JJA,North East England,0.493,6.877
2016,JJA,North East England,0.430,6.281
2017,JJA,North East England,0.351,6.000
2018,JJA,North East England,0.525,7.018
2019,JJA,North East England,0.550,8.491
2020,JJA,North East England,0.449,5.404
2021,JJA,North East England,0.384,5.877
2022,JJA,North East England,0.373,5.228
2023,JJA,North East England,0.489,7.754
2024,JJA,North East England,0.418,6.930
2025,JJA,North East England,0.286,4.228
2026,JJA,North East England,0.450,5.211
2027,JJA,North East England,0.496,7.333
2028,JJA,North East England,0.453,5.491
2029,JJA,North East England,0.476,6.719
2030,JJA,North East England,0.295,4.053
2031,JJA,North East England,0.535,6.684
2032,JJA,North East England,0.357,6.509
2033,JJA,North East England,0.306,4.877
2034,JJA,North East England,0.355,5.228
2035,JJA,North East England,0.401,6.333
2036,JJA,North East England,0.424,7.035
2037,JJA,North East England,0.408,6.088
2038,JJA,North East England,0.351,4.579
2039,JJA,North East England,0.342,4.912
2040,JJA,North East England,0.454,6.105
2041,JJA,North East England,0.463,6.825
2042,JJA,North East England,0.363,5.053
2043,JJA,North East England,0.376,4.298
2044,JJA,North East England,0.578,8.526
2045,JJA,North East England,0.395,6.298
2046,JJA,North East England,0.436,5.088
2047,JJA,North East England,0.276,3.561
2048,JJA,North East England,0.341,6.596
2049,JJA,North East England,0.408,6.439
2050,JJA,North East England,0.399,5.561
2051,JJA,North East England,0.358,6.368
2052,JJA,North East England,0.384,5.263
2053,JJA,North East England,0.378,6.333
2054,JJA,North East England,0.357,4.228
2055,JJA,North East England,0.266,4.351
2056,JJA,North East England,0.461,6.561
2057,JJA,North East England,0.365,8.368
2058,JJA,North East England,0.416,5.807
2059,JJA,North East England,0.201,3.211
2060,JJA,North East England,0.280,5.333
2061,JJA,North East England,0.517,10.105
2062,JJA,North East England,0.402,5.439
2063,JJA,North East England,0.319,6.368
2064,JJA,North East England,0.320,3.772
2065,JJA,North East England,0.365,4.561
2066,JJA,North East England,0.327,5.140
2067,JJA,North East England,0.321,6.333
2068,JJA,North East England,0.243,4.088
2069,JJA,North East England,0.323,5.877
2070,JJA,North East England,0.248,3.877
2071,JJA,North East England,0.420,7.860
2072,JJA,North East England,0.494,6.982
2073,JJA,North East England,0.382,5.772
2074,JJA,North East England,0.485,6.351
2075,JJA,North East England,0.340,4.544
2076,JJA,North East England,0.327,5.404
2077,JJA,North East England,0.425,4.228
2078,JJA,North East England,0.269,4.719
2079,JJA,North East England,0.356,5.509
2080,JJA,North East England,0.292,4.491
1981,JJA,North Scotland,0.517,7.846
1982,JJA,North Scotland,0.457,10.095
1983,JJA,North Scotland,0.487,9.060
1984,JJA,North Scotland,0.526,10.214
1985,JJA,North Scotland,0.643,11.428
1986,JJA,North Scotland,0.503,10.264
1987,JJA,North Scotland,0.647,11.149
1988,JJA,North Scotland,0.591,12.080
1989,JJA,North Scotland,0.574,13.572
1990,JJA,North Scotland,0.597,10.189
1991,JJA,North Scotland,0.575,8.597
1992,JJA,North Scotland,0.650,12.279
1993,JJA,North Scotland,0.502,7.627
1994,JJA,North Scotland,0.455,10.015
1995,JJA,North Scotland,0.452,12.408
1996,JJA,North Scotland,0.641,12.637
1997,JJA,North Scotland,0.331,6.985
1998,JJA,North Scotland,0.499,7.070
1999,JJA,North Scotland,0.334,4.801
2000,JJA,North Scotland,0.426,6.055
2001,JJA,North Scotland,0.600,10.542
2002,JJA,North Scotland,0.498,7.652
2003,JJA,North Scotland,0.582,11.507
2004,JJA,North Scotland,0.582,9.821
2005,JJA,North Scotland,0.538,6.672
2006,JJA,North Scotland,0.531,9.502
2007,JJA,North Scotland,0.465,8.025
2008,JJA,North Scotland,0.558,13.219
2009,JJA,North Scotland,0.603,10.114
2010,JJA,North Scotland,0.532,8.980
2011,JJA,North Scotland,0.639,14.164
2012,JJA,North Scotland,0.564,12.010
2013,JJA,North Scotland,0.510,8.234
2014,JJA,North Scotland,0.506,9.607
2015,JJA,North Scotland,0.619,9.930
2016,JJA,North Scotland,0.512,8.542
2017,JJA,North Scotland,0.464,9.363
2018,JJA,North Scotland,0.613,13.075
2019,JJA,North Scotland,0.542,11.711
2020,JJA,North Scotland,0.532,7.373
2021,JJA,North Scotland,0.497,7.945
2022,JJA,North Scotland,0.468,7.587
2023,JJA,North Scotland,0.626,11.851
2024,JJA,North Scotland,0.569,10.458
2025,JJA,North Scotland,0.440,8.124
2026,JJA,North Scotland,0.524,11.453
2027,JJA,North Scotland,0.649,15.423
2028,JJA,North Scotland,0.571,8.438
2029,JJA,North Scotland,0.599,11.915
2030,JJA,North Scotland,0.531,10.433
2031,JJA,North Scotland,0.626,11.109
2032,JJA,North Scotland,0.456,7.433
2033,JJA,North Scotland,0.617,11.378
2034,JJA,North Scotland,0.481,8.861
2035,JJA,North Scotland,0.589,14.264
2036,JJA,North Scotland,0.587,9.428
2037,JJA,North Scotland,0.574,10.716
2038,JJA,North Scotland,0.545,10.458
2039,JJA,North Scotland,0.397,6.040
2040,JJA,North Scotland,0.544,12.647
2041,JJA,North Scotland,0.516,9.294
2042,JJA,North Scotland,0.550,9.517
2043,JJA,North Scotland,0.386,6.070
2044,JJA,North Scotland,0.610,11.080
2045,JJA,North Scotland,0.450,8.612
2046,JJA,North Scotland,0.517,8.532
2047,JJA,North Scotland,0.446,7.209
2048,JJA,North Scotland,0.396,11.612
2049,JJA,North Scotland,0.567,12.826
2050,JJA,North Scotland,0.562,16.905
2051,JJA,North Scotland,0.446,7.950
2052,JJA,North Scotland,0.623,10.020
2053,JJA,North Scotland,0.488,9.716
2054,JJA,North Scotland,0.576,9.458
2055,JJA,North Scotland,0.457,7.109
2056,JJA,North Scotland,0.595,10.697
2057,JJA,North Scotland,0.463,12.308
2058,JJA,North Scotland,0.452,8.806
2059,JJA,North Scotland,0.380,6.005
2060,JJA,North Scotland,0.433,8.239
2061,JJA,North Scotland,0.582,12.463
2062,JJA,North Scotland,0.517,10.423
2063,JJA,North Scotland,0.438,10.035
2064,JJA,North Scotland,0.442,6.348
2065,JJA,North Scotland,0.562,7.124
2066,JJA,North Scotland,0.510,9.557
2067,JJA,North Scotland,0.317,4.453
2068,JJA,North Scotland,0.395,5.746
2069,JJA,North Scotland,0.530,9.562
2070,JJA,North Scotland,0.465,6.194
2071,JJA,North Scotland,0.566,9.139
2072,JJA,North Scotland,0.557,11.219
2073,JJA,North Scotland,0.484,9.831
2074,JJA,North Scotland,0.497,6.826
2075,JJA,North Scotland,0.515,7.418
2076,JJA,North Scotland,0.510,8.612
2077,JJA,North Scotland,0.607,7.746
2078,JJA,North Scotland,0.404,6.960
2079,JJA,North Scotland,0.447,6.761
2080,JJA,North Scotland,0.425,7.159
1981,JJA,North West England,0.518,5.882
1982,JJA,North West England,0.373,6.398
1983,JJA,North West England,0.497,10.054
1984,JJA,North West England,0.474,8.118
1985,JJA,North West England,0.468,6.591
1986,JJA,North West England,0.389,4.505
1987,JJA,North West England,0.508,8.806
1988,JJA,North West England,0.417,9.839
1989,JJA,North West England,0.456,9.484
1990,JJA,North West England,0.335,6.710
1991,JJA,North West England,0.577,11.075
1992,JJA,North West England,0.520,6.452
1993,JJA,North West England,0.446,8.409
1994,JJA,North West England,0.415,7.849
1995,JJA,North West England,0.329,8.054
1996,JJA,North West England,0.587,9.914
1997,JJA,North West England,0.398,6.032
1998,JJA,North West England,0.428,5.613
1999,JJA,North West England,0.277,4.527
2000,JJA,North West England,0.357,5.011
2001,JJA,North West England,0.503,6.247
2002,JJA,North West England,0.405,7.269
2003,JJA,North West England,0.504,6.688
2004,JJA,North West England,0.342,5.849
2005,JJA,North West England,0.422,5.290
2006,JJA,North West England,0.378,4.871
2007,JJA,North West England,0.362,5.774
2008,JJA,North West England,0.506,7.516
2009,JJA,North West England,0.495,8.097
2010,JJA,North West England,0.450,5.742
2011,JJA,North West England,0.519,7.398
2012,JJA,North West England,0.467,7.914
2013,JJA,North West England,0.397,6.538
2014,JJA,North West England,0.484,6.710
2015,JJA,North West England,0.538,7.387
2016,JJA,North West England,0.486,10.473
2017,JJA,North West England,0.377,8.720
2018,JJA,North West England,0.644,11.505
2019,JJA,North West England,0.577,10.484
2020,JJA,North West England,0.441,6.215
2021,JJA,North West England,0.453,6.151
2022,JJA,North West England,0.388,4.946
2023,JJA,North West England,0.576,9.753
2024,JJA,North West England,0.500,7.559
2025,JJA,North West England,0.326,5.968
2026,JJA,North West England,0.496,9.075
2027,JJA,North West England,0.591,10.591
2028,JJA,North West England,0.460,7.839
2029,JJA,North West England,0.524,7.892
2030,JJA,North West England,0.360,4.892
2031,JJA,North West England,0.526,9.989
2032,JJA,North West England,0.359,5.839
2033,JJA,North West England,0.334,5.000
2034,JJA,North West England,0.340,5.538
2035,JJA,North West England,0.481,7.785
2036,JJA,North West England,0.445,7.828
2037,JJA,North West England,0.497,9.323
2038,JJA,North West England,0.433,7.290
2039,JJA,North West England,0.371,6.301
2040,JJA,North West England,0.441,5.968
2041,JJA,North West England,0.459,7.441
2042,JJA,North West England,0.389,6.914
2043,JJA,North West England,0.398,5.645
2044,JJA,North West England,0.604,10.968
2045,JJA,North West England,0.463,6.484
2046,JJA,North West England,0.512,8.581
2047,JJA,North West England,0.311,4.237
2048,JJA,North West England,0.410,7.935
2049,JJA,North West England,0.392,8.462
2050,JJA,North West England,0.473,7.667
2051,JJA,North West England,0.344,4.516
2052,JJA,North West England,0.473,7.538
2053,JJA,North West England,0.414,6.387
2054,JJA,North West England,0.369,5.247
2055,JJA,North West England,0.249,4.849
2056,JJA,North West England,0.477,6.742
2057,JJA,North West England,0.353,7.108
2058,JJA,North West England,0.397,7.688
2059,JJA,North West England,0.229,3.860
2060,JJA,North West England,0.272,4.860
2061,JJA,North West England,0.520,11.570
2062,JJA,North West England,0.427,5.484
2063,JJA,North West England,0.369,10.355
2064,JJA,North West England,0.308,3.473
2065,JJA,North West England,0.348,5.581
2066,JJA,North West England,0.359,8.032
2067,JJA,North West England,0.304,5.140
2068,JJA,North West England,0.245,3.903
2069,JJA,North West England,0.370,5.581
2070,JJA,North West England,0.279,4.032
2071,JJA,North West England,0.466,8.226
2072,JJA,North West England,0.516,7.032
2073,JJA,North West England,0.374,6.688
2074,JJA,North West England,0.496,7.247
2075,JJA,North West England,0.362,5.065
2076,JJA,North West England,0.325,4.860
2077,JJA,North West England,0.433,6.237
2078,JJA,North West England,0.306,4.925
2079,JJA,North West England,0.360,6.011
2080,JJA,North West England,0.330,4.925
1981,JJA,South East England,0.391,4.568
1982,JJA,South East England,0.228,3.186
1983,JJA,South East England,0.432,5.119
1984,JJA,South East England,0.438,5.720
1985,JJA,South East England,0.313,5.924
1986,JJA,South East England,0.321,3.814
1987,JJA,South East England,0.277,4.297
1988,JJA,South East England,0.249,4.873
1989,JJA,South East England,0.292,4.737
1990,JJA,South East England,0.138,2.246
1991,JJA,South East England,0.468,7.653
1992,JJA,South East England,0.308,3.331
1993,JJA,South East England,0.262,4.136
1994,JJA,South East England,0.296,6.890
1995,JJA,South East England,0.184,3.678
1996,JJA,South East England,0.440,6.559
1997,JJA,South East England,0.311,4.763
1998,JJA,South East England,0.329,4.703
1999,JJA,South East England,0.225,3.958
2000,JJA,South East England,0.229,4.127
2001,JJA,South East England,0.298,4.602
2002,JJA,South East England,0.304,5.534
2003,JJA,South East England,0.239,3.102
2004,JJA,South East England,0.185,2.763
2005,JJA,South East England,0.309,4.458
2006,JJA,South East England,0.324,4.763
2007,JJA,South East England,0.292,4.051
2008,JJA,South East England,0.302,4.297
2009,JJA,South East England,0.324,4.881
2010,JJA,South East England,0.318,4.483
2011,JJA,South East England,0.314,3.424
2012,JJA,South East England,0.280,4.890
2013,JJA,South East England,0.333,4.364
2014,JJA,South East England,0.352,5.288
2015,JJA,South East England,0.416,4.271
2016,JJA,South East England,0.346,7.034
2017,JJA,South East England,0.250,5.195
2018,JJA,South East England,0.372,5.898
2019,JJA,South East England,0.340,4.576
2020,JJA,South East England,0.298,3.814
2021,JJA,South East England,0.308,4.610
2022,JJA,South East England,0.273,4.703
2023,JJA,South East England,0.354,5.703
2024,JJA,South East England,0.315,4.780
2025,JJA,South East England,0.179,3.381
2026,JJA,South East England,0.254,4.602
2027,JJA,South East England,0.395,4.508
2028,JJA,South East England,0.287,4.508
2029,JJA,South East England,0.422,5.941
2030,JJA,South East England,0.237,3.229
2031,JJA,South East England,0.366,7.085
2032,JJA,South East England,0.270,4.331
2033,JJA,South East England,0.176,3.432
2034,JJA,South East England,0.125,3.212
2035,JJA,South East England,0.353,4.669
2036,JJA,South East England,0.229,5.314
2037,JJA,South East England,0.359,5.288
2038,JJA,South East England,0.242,3.322
2039,JJA,South East England,0.318,5.263
2040,JJA,South East England,0.266,4.000
2041,JJA,South East England,0.260,4.958
2042,JJA,South East England,0.236,3.839
2043,JJA,South East England,0.296,6.059
2044,JJA,South East England,0.355,3.610
2045,JJA,South East England,0.311,5.508
2046,JJA,South East England,0.391,5.729
2047,JJA,South East England,0.107,2.068
2048,JJA,South East England,0.265,3.949
2049,JJA,South East England,0.262,3.542
2050,JJA,South East England,0.212,3.356
2051,JJA,South East England,0.284,4.458
2052,JJA,South East England,0.257,3.534
2053,JJA,South East England,0.307,4.203
2054,JJA,South East England,0.227,3.398
2055,JJA,South East England,0.140,3.136
2056,JJA,South East England,0.279,3.305
2057,JJA,South East England,0.188,2.907
2058,JJA,South East England,0.328,5.534
2059,JJA,South East England,0.139,2.831
2060,JJA,South East England,0.130,2.178
2061,JJA,South East England,0.313,5.602
2062,JJA,South East England,0.316,4.780
2063,JJA,South East England,0.298,5.949
2064,JJA,South East England,0.211,3.492
2065,JJA,South East England,0.196,3.364
2066,JJA,South East England,0.266,3.288
2067,JJA,South East England,0.282,5.288
2068,JJA,South East England,0.205,3.873
2069,JJA,South East England,0.258,4.025
2070,JJA,South East England,0.240,3.339
2071,JJA,South East England,0.312,3.559
2072,JJA,South East England,0.286,5.364
2073,JJA,South East England,0.298,3.941
2074,JJA,South East England,0.324,4.025
2075,JJA,South East England,0.242,4.008
2076,JJA,South East England,0.155,2.398
2077,JJA,South East England,0.290,3.873
2078,JJA,South East England,0.201,3.186
2079,JJA,South East England,0.272,4.636
2080,JJA,South East England,0.221,3.924
1981,JJA,South West England,0.418,5.171
1982,JJA,South West England,0.251,4.108
1983,JJA,South West England,0.435,5.544
1984,JJA,South West England,0.451,6.582
1985,JJA,South West England,0.312,4.196
1986,JJA,South West England,0.331,4.437
1987,JJA,South West England,0.290,4.354
1988,JJA,South West England,0.256,5.703
1989,JJA,South West England,0.262,4.766
1990,JJA,South West England,0.143,2.684
1991,JJA,South West England,0.469,6.544
1992,JJA,South West England,0.321,3.285
1993,JJA,South West England,0.211,4.449
1994,JJA,South West England,0.273,5.342
1995,JJA,South West England,0.206,4.032
1996,JJA,South West England,0.470,6.234
1997,JJA,South West England,0.315,5.190
1998,JJA,South West England,0.300,4.209
1999,JJA,South West England,0.241,3.880
2000,JJA,South West England,0.241,3.627
2001,JJA,South West England,0.337,5.278
2002,JJA,South West England,0.225,3.918
2003,JJA,South West England,0.202,2.601
2004,JJA,South West England,0.181,2.861
2005,JJA,South West England,0.349,4.291
2006,JJA,South West England,0.288,4.671
2007,JJA,South West England,0.277,3.525
2008,JJA,South West England,0.321,4.816
2009,JJA,South West England,0.338,5.228
2010,JJA,South West England,0.331,4.316
2011,JJA,South West England,0.288,3.962
2012,JJA,South West England,0.284,4.728
2013,JJA,South West England,0.298,4.595
2014,JJA,South West England,0.390,7.424
2015,JJA,South West England,0.396,4.975
2016,JJA,South West England,0.334,7.696
2017,JJA,South West England,0.261,6.975
2018,JJA,South West England,0.391,5.519
2019,JJA,South West England,0.380,5.633
2020,JJA,South West England,0.294,3.911
2021,JJA,South West England,0.331,4.475
2022,JJA,South West England,0.238,4.652
2023,JJA,South West England,0.422,7.437
2024,JJA,South West England,0.273,4.728
2025,JJA,South West England,0.203,3.930
2026,JJA,South West England,0.263,4.829
2027,JJA,South West England,0.411,4.747
2028,JJA,South West England,0.315,5.500
2029,JJA,South West England,0.479,7.854
2030,JJA,South West England,0.222,3.215
2031,JJA,South West England,0.356,6.924
2032,JJA,South West England,0.212,3.215
2033,JJA,South West England,0.190,3.608
2034,JJA,South West England,0.139,2.741
2035,JJA,South West England,0.347,4.373
2036,JJA,South West England,0.250,4.278
2037,JJA,South West England,0.377,4.703
2038,JJA,South West England,0.274,4.297
2039,JJA,South West England,0.305,4.722
2040,JJA,South West England,0.246,3.854
2041,JJA,South West England,0.265,4.797
2042,JJA,South West England,0.248,3.646
2043,JJA,South West England,0.277,5.222
2044,JJA,South West England,0.352,4.291
2045,JJA,South West England,0.348,5.399
2046,JJA,South West England,0.382,5.525
2047,JJA,South West England,0.115,2.259
2048,JJA,South West England,0.294,4.367
2049,JJA,South West England,0.256,3.627
2050,JJA,South West England,0.236,4.000
2051,JJA,South West England,0.259,5.671
2052,JJA,South West England,0.276,4.196
2053,JJA,South West England,0.291,3.791
2054,JJA,South West England,0.207,3.494
2055,JJA,South West England,0.123,3.019
2056,JJA,South West England,0.280,3.272
2057,JJA,South West England,0.200,3.101
2058,JJA,South West England,0.226,4.253
2059,JJA,South West England,0.149,2.715
2060,JJA,South West England,0.126,2.937
2061,JJA,South West England,0.310,5.696
2062,JJA,South West England,0.316,5.937
2063,JJA,South West England,0.312,5.886
2064,JJA,South West England,0.209,3.013
2065,JJA,South West England,0.170,2.943
2066,JJA,South West England,0.205,3.424
2067,JJA,South West England,0.268,5.608
2068,JJA,South West England,0.173,3.747
2069,JJA,South West England,0.251,4.234
2070,JJA,South West England,0.251,4.525
2071,JJA,South West England,0.306,4.291
2072,JJA,South West England,0.302,5.449
2073,JJA,South West England,0.262,4.335
2074,JJA,South West England,0.340,4.506
2075,JJA,South West England,0.267,4.310
2076,JJA,South West England,0.157,2.665
2077,JJA,South West England,0.286,4.297
2078,JJA,South West England,0.206,3.392
2079,JJA,South West England,0.238,4.006
2080,JJA,South West England,0.224,3.481
1981,JJA,West Midlands,0.481,7.128
1982,JJA,West Midlands,0.268,4.919
1983,JJA,West Midlands,0.442,6.756
1984,JJA,West Midlands,0.432,8.360
1985,JJA,West Midlands,0.355,4.593
1986,JJA,West Midlands,0.324,3.895
1987,JJA,West Midlands,0.369,4.291
1988,JJA,West Midlands,0.309,4.826
1989,JJA,West Midlands,0.315,6.733
1990,JJA,West Midlands,0.190,3.349
1991,JJA,West Midlands,0.488,6.698
1992,JJA,West Midlands,0.372,4.302
1993,JJA,West Midlands,0.320,4.523
1994,JJA,West Midlands,0.328,6.407
1995,JJA,West Midlands,0.218,3.395
1996,JJA,West Midlands,0.472,6.430
1997,JJA,West Midlands,0.353,4.581
1998,JJA,West Midlands,0.302,3.756
1999,JJA,West Midlands,0.218,3.291
2000,JJA,West Midlands,0.254,4.488
2001,JJA,West Midlands,0.351,4.953
2002,JJA,West Midlands,0.289,3.616
2003,JJA,West Midlands,0.322,3.837
2004,JJA,West Midlands,0.204,3.267
2005,JJA,West Midlands,0.385,4.628
2006,JJA,West Midlands,0.308,3.977
2007,JJA,West Midlands,0.315,4.000
2008,JJA,West Midlands,0.414,5.140
2009,JJA,West Midlands,0.352,4.953
2010,JJA,West Midlands,0.346,4.907
2011,JJA,West Midlands,0.394,4.802
2012,JJA,West Midlands,0.334,5.267
2013,JJA,West Midlands,0.292,4.047
2014,JJA,West Midlands,0.433,6.767
2015,JJA,West Midlands,0.426,4.744
2016,JJA,West Midlands,0.400,8.081
2017,JJA,West Midlands,0.287,5.221
2018,JJA,West Midlands,0.461,6.372
2019,JJA,West Midlands,0.447,6.326
2020,JJA,West Midlands,0.380,5.465
2021,JJA,West Midlands,0.398,4.814
2022,JJA,West Midlands,0.310,6.500
2023,JJA,West Midlands,0.447,7.047
2024,JJA,West Midlands,0.377,5.767
2025,JJA,West Midlands,0.253,3.919
2026,JJA,West Midlands,0.369,5.105
2027,JJA,West Midlands,0.428,5.105
2028,JJA,West Midlands,0.348,5.500
2029,JJA,West Midlands,0.516,10.093
2030,JJA,West Midlands,0.272,2.953
2031,JJA,West Midlands,0.377,6.651
2032,JJA,West Midlands,0.343,6.314
2033,JJA,West Midlands,0.209,3.756
2034,JJA,West Midlands,0.201,3.709
2035,JJA,West Midlands,0.407,4.977
2036,JJA,West Midlands,0.312,6.895
2037,JJA,West Midlands,0.394,5.500
2038,JJA,West Midlands,0.329,4.326
2039,JJA,West Midlands,0.379,6.302
2040,JJA,West Midlands,0.307,3.884
2041,JJA,West Midlands,0.330,5.942
2042,JJA,West Midlands,0.347,4.128
2043,JJA,West Midlands,0.323,4.744
2044,JJA,West Midlands,0.436,5.477
2045,JJA,West Midlands,0.407,6.000
2046,JJA,West Midlands,0.431,5.651
2047,JJA,West Midlands,0.168,2.384
2048,JJA,West Midlands,0.344,4.674
2049,JJA,West Midlands,0.317,4.570
2050,JJA,West Midlands,0.276,4.872
2051,JJA,West Midlands,0.311,4.674
2052,JJA,West Midlands,0.349,5.209
2053,JJA,West Midlands,0.361,5.605
2054,JJA,West Midlands,0.295,3.593
2055,JJA,West Midlands,0.178,3.256
2056,JJA,West Midlands,0.330,4.000
2057,JJA,West Midlands,0.258,4.326
2058,JJA,West Midlands,0.339,6.256
2059,JJA,West Midlands,0.182,3.302
2060,JJA,West Midlands,0.156,2.581
2061,JJA,West Midlands,0.328,5.860
2062,JJA,West Midlands,0.333,4.698
2063,JJA,West Midlands,0.324,5.953
2064,JJA,West Midlands,0.247,3.512
2065,JJA,West Midlands,0.237,3.802
2066,JJA,West Midlands,0.261,3.826
2067,JJA,West Midlands,0.294,6.826
2068,JJA,West Midlands,0.223,4.140
2069,JJA,West Midlands,0.311,4.616
2070,JJA,West Midlands,0.270,4.779
2071,JJA,West Midlands,0.326,4.698
2072,JJA,West Midlands,0.365,5.907
2073,JJA,West Midlands,0.351,5.814
2074,JJA,West Midlands,0.377,5.279
2075,JJA,West Midlands,0.306,3.942
2076,JJA,West Midlands,0.210,3.291
2077,JJA,West Midlands,0.339,4.872
2078,JJA,West Midlands,0.266,3.907
2079,JJA,West Midlands,0.278,4.872
2080,JJA,West Midlands,0.269,3.849
1981,JJA,West Scotland,0.525,6.954
1982,JJA,West Scotland,0.401,8.346
1983,JJA,West Scotland,0.413,6.815
1984,JJA,West Scotland,0.468,8.477
1985,JJA,West Scotland,0.535,8.123
1986,JJA,West Scotland,0.449,7.646
1987,JJA,West Scotland,0.555,10.800
1988,JJA,West Scotland,0.502,10.846
1989,JJA,West Scotland,0.455,7.969
1990,JJA,West Scotland,0.464,8.015
1991,JJA,West Scotland,0.577,8.815
1992,JJA,West Scotland,0.566,8.369
1993,JJA,West Scotland,0.477,7.815
1994,JJA,West Scotland,0.350,7.531
1995,JJA,West Scotland,0.372,10.569
1996,JJA,West Scotland,0.562,8.338
1997,JJA,West Scotland,0.350,5.262
1998,JJA,West Scotland,0.429,5.154
1999,JJA,West Scotland,0.278,4.831
2000,JJA,West Scotland,0.400,5.469
2001,JJA,West Scotland,0.528,7.838
2002,JJA,West Scotland,0.436,8.608
2003,JJA,West Scotland,0.476,6.415
2004,JJA,West Scotland,0.460,7.977
2005,JJA,West Scotland,0.463,6.062
2006,JJA,West Scotland,0.394,6.346
2007,JJA,West Scotland,0.399,6.392
2008,JJA,West Scotland,0.510,9.846
2009,JJA,West Scotland,0.604,10.600
2010,JJA,West Scotland,0.457,6.731
2011,JJA,West Scotland,0.538,10.569
2012,JJA,West Scotland,0.528,8.931
2013,JJA,West Scotland,0.442,6.585
2014,JJA,West Scotland,0.490,8.415
2015,JJA,West Scotland,0.556,7.485
2016,JJA,West Scotland,0.461,7.985
2017,JJA,West Scotland,0.398,9.777
2018,JJA,West Scotland,0.564,12.015
2019,JJA,West Scotland,0.543,11.992
2020,JJA,West Scotland,0.479,6.946
2021,JJA,West Scotland,0.472,8.538
2022,JJA,West Scotland,0.373,6.023
2023,JJA,West Scotland,0.576,8.854
2024,JJA,West Scotland,0.478,6.846
2025,JJA,West Scotland,0.363,7.408
2026,JJA,West Scotland,0.508,9.031
2027,JJA,West Scotland,0.604,13.269
2028,JJA,West Scotland,0.496,6.631
2029,JJA,West Scotland,0.531,8.915
2030,JJA,West Scotland,0.427,8.115
2031,JJA,West Scotland,0.539,7.915
2032,JJA,West Scotland,0.352,6.092
2033,JJA,West Scotland,0.458,7.454
2034,JJA,West Scotland,0.397,6.346
2035,JJA,West Scotland,0.531,8.092
2036,JJA,West Scotland,0.509,7.146
2037,JJA,West Scotland,0.508,8.692
2038,JJA,West Scotland,0.435,7.485
2039,JJA,West Scotland,0.367,6.446
2040,JJA,West Scotland,0.448,7.415
2041,JJA,West Scotland,0.474,8.577
2042,JJA,West Scotland,0.433,6.800
2043,JJA,West Scotland,0.357,4.508
2044,JJA,West Scotland,0.577,11.538
2045,JJA,West Scotland,0.436,8.346
2046,JJA,West Scotland,0.487,7.562
2047,JJA,West Scotland,0.394,6.323
2048,JJA,West Scotland,0.348,6.069
2049,JJA,West Scotland,0.444,7.769
2050,JJA,West Scotland,0.537,14.631
2051,JJA,West Scotland,0.348,4.985
2052,JJA,West Scotland,0.524,6.546
2053,JJA,West Scotland,0.416,7.000
2054,JJA,West Scotland,0.366,6.523
2055,JJA,West Scotland,0.286,4.731
2056,JJA,West Scotland,0.498,7.077
2057,JJA,West Scotland,0.389,8.162
2058,JJA,West Scotland,0.361,6.754
2059,JJA,West Scotland,0.233,3.685
2060,JJA,West Scotland,0.327,6.046
2061,JJA,West Scotland,0.530,9.900
2062,JJA,West Scotland,0.430,7.469
2063,JJA,West Scotland,0.387,10.738
2064,JJA,West Scotland,0.337,4.238
2065,JJA,West Scotland,0.422,4.962
2066,JJA,West Scotland,0.403,8.238
2067,JJA,West Scotland,0.276,3.854
2068,JJA,West Scotland,0.278,3.685
2069,JJA,West Scotland,0.410,6.931
2070,JJA,West Scotland,0.309,4.454
2071,JJA,West Scotland,0.462,7.200
2072,JJA,West Scotland,0.522,8.431
2073,JJA,West Scotland,0.387,6.715
2074,JJA,West Scotland,0.424,6.015
2075,JJA,West Scotland,0.354,4.908
2076,JJA,West Scotland,0.442,7.231
2077,JJA,West Scotland,0.530,8.431
2078,JJA,West Scotland,0.296,4.954
2079,JJA,West Scotland,0.407,5.938
2080,JJA,West Scotland,0.373,5.885
1981,JJA,Yorkshire and Humber,0.432,4.594
1982,JJA,Yorkshire and Humber,0.287,3.772
1983,JJA,Yorkshire and Humber,0.432,7.782
1984,JJA,Yorkshire and Humber,0.458,7.020
1985,JJA,Yorkshire and Humber,0.395,4.792
1986,JJA,Yorkshire and Humber,0.288,3.218
1987,JJA,Yorkshire and Humber,0.390,5.228
1988,JJA,Yorkshire and Humber,0.331,5.178
1989,JJA,Yorkshire and Humber,0.328,5.406
1990,JJA,Yorkshire and Humber,0.258,3.842
1991,JJA,Yorkshire and Humber,0.499,6.861
1992,JJA,Yorkshire and Humber,0.404,4.119
1993,JJA,Yorkshire and Humber,0.393,5.772
1994,JJA,Yorkshire and Humber,0.345,6.079
1995,JJA,Yorkshire and Humber,0.258,4.653
1996,JJA,Yorkshire and Humber,0.443,5.188
1997,JJA,Yorkshire and Humber,0.363,5.842
1998,JJA,Yorkshire and Humber,0.371,5.059
1999,JJA,Yorkshire and Humber,0.236,4.129
2000,JJA,Yorkshire and Humber,0.315,4.584
2001,JJA,Yorkshire and Humber,0.405,5.178
2002,JJA,Yorkshire and Humber,0.366,6.366
2003,JJA,Yorkshire and Humber,0.401,4.901
2004,JJA,Yorkshire and Humber,0.267,3.743
2005,JJA,Yorkshire and Humber,0.409,4.356
2006,JJA,Yorkshire and Humber,0.318,4.040
2007,JJA,Yorkshire and Humber,0.359,5.050
2008,JJA,Yorkshire and Humber,0.472,6.743
2009,JJA,Yorkshire and Humber,0.334,4.198
2010,JJA,Yorkshire and Humber,0.436,4.980
2011,JJA,Yorkshire and Humber,0.391,4.545
2012,JJA,Yorkshire and Humber,0.410,6.327
2013,JJA,Yorkshire and Humber,0.370,4.515
2014,JJA,Yorkshire and Humber,0.403,5.673
2015,JJA,Yorkshire and Humber,0.468,6.554
2016,JJA,Yorkshire and Humber,0.396,6.634
2017,JJA,Yorkshire and Humber,0.286,5.307
2018,JJA,Yorkshire and Humber,0.523,5.782
2019,JJA,Yorkshire and Humber,0.524,7.772
2020,JJA,Yorkshire and Humber,0.402,5.277
2021,JJA,Yorkshire and Humber,0.389,4.921
2022,JJA,Yorkshire and Humber,0.377,5.178
2023,JJA,Yorkshire and Humber,0.495,5.743
2024,JJA,Yorkshire and Humber,0.405,5.465
2025,JJA,Yorkshire and Humber,0.277,4.109
2026,JJA,Yorkshire and Humber,0.416,6.228
2027,JJA,Yorkshire and Humber,0.470,5.564
2028,JJA,Yorkshire and Humber,0.392,4.535
2029,JJA,Yorkshire and Humber,0.474,6.980
2030,JJA,Yorkshire and Humber,0.282,3.248
2031,JJA,Yorkshire and Humber,0.475,6.842
2032,JJA,Yorkshire and Humber,0.340,5.386
2033,JJA,Yorkshire and Humber,0.250,3.614
2034,JJA,Yorkshire and Humber,0.240,3.317
2035,JJA,Yorkshire and Humber,0.375,5.267
2036,JJA,Yorkshire and Humber,0.371,8.941
2037,JJA,Yorkshire and Humber,0.404,5.663
2038,JJA,Yorkshire and Humber,0.350,5.396
2039,JJA,Yorkshire and Humber,0.322,4.327
2040,JJA,Yorkshire and Humber,0.399,5.099
2041,JJA,Yorkshire and Humber,0.418,5.733
2042,JJA,Yorkshire and Humber,0.338,4.693
2043,JJA,Yorkshire and Humber,0.396,4.842
2044,JJA,Yorkshire and Humber,0.543,7.248
2045,JJA,Yorkshire and Humber,0.351,4.782
2046,JJA,Yorkshire and Humber,0.400,5.099
2047,JJA,Yorkshire and Humber,0.261,3.149
2048,JJA,Yorkshire and Humber,0.342,6.723
2049,JJA,Yorkshire and Humber,0.363,5.693
2050,JJA,Yorkshire and Humber,0.349,4.446
2051,JJA,Yorkshire and Humber,0.357,4.653
2052,JJA,Yorkshire and Humber,0.383,4.832
2053,JJA,Yorkshire and Humber,0.357,6.010
2054,JJA,Yorkshire and Humber,0.297,3.386
2055,JJA,Yorkshire and Humber,0.210,3.554
2056,JJA,Yorkshire and Humber,0.403,6.079
2057,JJA,Yorkshire and Humber,0.317,6.594
2058,JJA,Yorkshire and Humber,0.414,6.089
2059,JJA,Yorkshire and Humber,0.205,2.832
2060,JJA,Yorkshire and Humber,0.216,3.465
2061,JJA,Yorkshire and Humber,0.463,9.089
2062,JJA,Yorkshire and Humber,0.405,5.525
2063,JJA,Yorkshire and Humber,0.317,6.713
2064,JJA,Yorkshire and Humber,0.318,4.446
2065,JJA,Yorkshire and Humber,0.291,4.703
2066,JJA,Yorkshire and Humber,0.317,4.990
2067,JJA,Yorkshire and Humber,0.315,6.574
2068,JJA,Yorkshire and Humber,0.203,4.188
2069,JJA,Yorkshire and Humber,0.300,4.475
2070,JJA,Yorkshire and Humber,0.225,2.950
2071,JJA,Yorkshire and Humber,0.406,5.436
2072,JJA,Yorkshire and Humber,0.438,6.426
2073,JJA,Yorkshire and Humber,0.358,5.386
2074,JJA,Yorkshire and Humber,0.451,6.257
2075,JJA,Yorkshire and Humber,0.353,4.614
2076,JJA,Yorkshire and Humber,0.289,4.901
2077,JJA,Yorkshire and Humber,0.378,6.129
2078,JJA,Yorkshire and Humber,0.306,4.703
2079,JJA,Yorkshire and Humber,0.307,3.941
2080,JJA,Yorkshire and Humber,0.283,4.287
1981,JJA,Channel Islands,0.500,10.000
1982,JJA,Channel Islands,0.304,6.000
1983,JJA,Channel Islands,0.522,13.000
1984,JJA,Channel Islands,0.565,11.000
1985,JJA,Channel Islands,0.370,8.000
1986,JJA,Channel Islands,0.326,5.000
1987,JJA,Channel Islands,0.348,7.000
1988,JJA,Channel Islands,0.304,12.000
1989,JJA,Channel Islands,0.348,5.000
1990,JJA,Channel Islands,0.196,4.000
1991,JJA,Channel Islands,0.511,16.000
1992,JJA,Channel Islands,0.283,3.000
1993,JJA,Channel Islands,0.207,5.000
1994,JJA,Channel Islands,0.348,6.000
1995,JJA,Channel Islands,0.228,7.000
1996,JJA,Channel Islands,0.554,8.000
1997,JJA,Channel Islands,0.348,10.000
1998,JJA,Channel Islands,0.348,6.000
1999,JJA,Channel Islands,0.228,3.000
2000,JJA,Channel Islands,0.217,4.000
2001,JJA,Channel Islands,0.424,9.000
2002,JJA,Channel Islands,0.370,7.000
2003,JJA,Channel Islands,0.293,5.000
2004,JJA,Channel Islands,0.207,3.000
2005,JJA,Channel Islands,0.348,7.000
2006,JJA,Channel Islands,0.446,11.000
2007,JJA,Channel Islands,0.326,11.000
2008,JJA,Channel Islands,0.370,6.000
2009,JJA,Channel Islands,0.457,17.000
2010,JJA,Channel Islands,0.380,7.000
2011,JJA,Channel Islands,0.283,5.000
2012,JJA,Channel Islands,0.272,4.000
2013,JJA,Channel Islands,0.337,9.000
2014,JJA,Channel Islands,0.478,9.000
2015,JJA,Channel Islands,0.424,7.000
2016,JJA,Channel Islands,0.348,5.000
2017,JJA,Channel Islands,0.380,10.000
2018,JJA,Channel Islands,0.500,6.000
2019,JJA,Channel Islands,0.446,8.000
2020,JJA,Channel Islands,0.315,5.000
2021,JJA,Channel Islands,0.315,5.000
2022,JJA,Channel Islands,0.337,8.000
2023,JJA,Channel Islands,0.391,13.000
2024,JJA,Channel Islands,0.380,7.000
2025,JJA,Channel Islands,0.304,8.000
2026,JJA,Channel Islands,0.283,7.000
2027,JJA,Channel Islands,0.446,5.000
2028,JJA,Channel Islands,0.293,9.000
2029,JJA,Channel Islands,0.500,6.000
2030,JJA,Channel Islands,0.185,3.000
2031,JJA,Channel Islands,0.370,6.000
2032,JJA,Channel Islands,0.207,5.000
2033,JJA,Channel Islands,0.228,3.000
2034,JJA,Channel Islands,0.207,5.000
2035,JJA,Channel Islands,0.283,7.000
2036,JJA,Channel Islands,0.359,6.000
2037,JJA,Channel Islands,0.500,7.000
2038,JJA,Channel Islands,0.337,4.000
2039,JJA,Channel Islands,0.261,6.000
2040,JJA,Channel Islands,0.315,5.000
2041,JJA,Channel Islands,0.337,7.000
2042,JJA,Channel Islands,0.228,4.000
2043,JJA,Channel Islands,0.424,10.000
2044,JJA,Channel Islands,0.424,5.000
2045,JJA,Channel Islands,0.370,7.000
2046,JJA,Channel Islands,0.391,5.000
2047,JJA,Channel Islands,0.098,2.000
2048,JJA,Channel Islands,0.239,3.000
2049,JJA,Channel Islands,0.293,5.000
2050,JJA,Channel Islands,0.261,3.000
2051,JJA,Channel Islands,0.272,4.000
2052,JJA,Channel Islands,0.337,6.000
2053,JJA,Channel Islands,0.370,13.000
2054,JJA,Channel Islands,0.250,5.000
2055,JJA,Channel Islands,0.152,6.000
2056,JJA,Channel Islands,0.359,6.000
2057,JJA,Channel Islands,0.217,2.000
2058,JJA,Channel Islands,0.293,5.000
2059,JJA,Channel Islands,0.207,3.000
2060,JJA,Channel Islands,0.130,5.000
2061,JJA,Channel Islands,0.348,6.000
2062,JJA,Channel Islands,0.446,9.000
2063,JJA,Channel Islands,0.370,8.000
2064,JJA,Channel Islands,0.261,4.000
2065,JJA,Channel Islands,0.163,3.000
2066,JJA,Channel Islands,0.272,2.000
2067,JJA,Channel Islands,0.315,6.000
2068,JJA,Channel Islands,0.250,5.000
2069,JJA,Channel Islands,0.359,6.000
2070,JJA,Channel Islands,0.250,6.000
2071,JJA,Channel Islands,0.457,7.000
2072,JJA,Channel Islands,0.250,5.000
2073,JJA,Channel Islands,0.359,5.000
2074,JJA,Channel Islands,0.402,5.000
2075,JJA,Channel Islands,0.283,6.000
2076,JJA,Channel Islands,0.185,2.000
2077,JJA,Channel Islands,0.250,5.000
2078,JJA,Channel Islands,0.207,4.000
2079,JJA,Channel Islands,0.304,3.000
2080,JJA,Channel Islands,0.239,4.000
1981,JJA,Isle of Man,0.486,6.333
1982,JJA,Isle of Man,0.359,8.667
1983,JJA,Isle of Man,0.431,9.667
1984,JJA,Isle of Man,0.500,6.333
1985,JJA,Isle of Man,0.417,6.667
1986,JJA,Isle of Man,0.460,5.667
1987,JJA,Isle of Man,0.486,9.667
1988,JJA,Isle of Man,0.391,8.333
1989,JJA,Isle of Man,0.449,8.667
1990,JJA,Isle of Man,0.330,7.000
1991,JJA,Isle of Man,0.540,11.000
1992,JJA,Isle of Man,0.543,6.667
1993,JJA,Isle of Man,0.391,6.000
1994,JJA,Isle of Man,0.355,8.667
1995,JJA,Isle of Man,0.333,11.333
1996,JJA,Isle of Man,0.598,7.667
1997,JJA,Isle of Man,0.362,4.667
1998,JJA,Isle of Man,0.424,4.333
1999,JJA,Isle of Man,0.246,4.333
2000,JJA,Isle of Man,0.362,4.000
2001,JJA,Isle of Man,0.460,4.667
2002,JJA,Isle of Man,0.348,5.667
2003,JJA,Isle of Man,0.449,6.667
2004,JJA,Isle of Man,0.341,5.667
2005,JJA,Isle of Man,0.319,8.000
2006,JJA,Isle of Man,0.315,4.667
2007,JJA,Isle of Man,0.297,5.000
2008,JJA,Isle of Man,0.413,6.000
2009,JJA,Isle of Man,0.518,8.333
2010,JJA,Isle of Man,0.377,5.000
2011,JJA,Isle of Man,0.522,9.000
2012,JJA,Isle of Man,0.507,8.667
2013,JJA,Isle of Man,0.348,4.000
2014,JJA,Isle of Man,0.514,10.333
2015,JJA,Isle of Man,0.522,7.333
2016,JJA,Isle of Man,0.424,6.333
2017,JJA,Isle of Man,0.341,7.667
2018,JJA,Isle of Man,0.580,11.333
2019,JJA,Isle of Man,0.547,9.667
2020,JJA,Isle of Man,0.351,5.000
2021,JJA,Isle of Man,0.409,6.000
2022,JJA,Isle of Man,0.308,3.333
2023,JJA,Isle of Man,0.536,7.000
2024,JJA,Isle of Man,0.482,7.000
2025,JJA,Isle of Man,0.290,6.333
2026,JJA,Isle of Man,0.467,7.667
2027,JJA,Isle of Man,0.496,9.000
2028,JJA,Isle of Man,0.449,7.667
2029,JJA,Isle of Man,0.518,7.667
2030,JJA,Isle of Man,0.333,5.667
2031,JJA,Isle of Man,0.453,4.667
2032,JJA,Isle of Man,0.290,6.667
2033,JJA,Isle of Man,0.286,4.667
2034,JJA,Isle of Man,0.341,6.333
2035,JJA,Isle of Man,0.438,7.333
2036,JJA,Isle of Man,0.417,6.000
2037,JJA,Isle of Man,0.413,7.333
2038,JJA,Isle of Man,0.359,7.333
2039,JJA,Isle of Man,0.308,4.667
2040,JJA,Isle of Man,0.391,8.000
2041,JJA,Isle of Man,0.359,7.000
2042,JJA,Isle of Man,0.362,5.667
2043,JJA,Isle of Man,0.326,5.000
2044,JJA,Isle of Man,0.551,11.333
2045,JJA,Isle of Man,0.395,4.667
2046,JJA,Isle of Man,0.460,5.667
2047,JJA,Isle of Man,0.217,4.333
2048,JJA,Isle of Man,0.370,6.000
2049,JJA,Isle of Man,0.388,6.000
2050,JJA,Isle of Man,0.438,6.000
2051,JJA,Isle of Man,0.261,3.667
2052,JJA,Isle of Man,0.359,5.000
2053,JJA,Isle of Man,0.402,8.667
2054,JJA,Isle of Man,0.351,7.000
2055,JJA,Isle of Man,0.210,4.333
2056,JJA,Isle of Man,0.442,6.000
2057,JJA,Isle of Man,0.290,9.333
2058,JJA,Isle of Man,0.297,5.000
2059,JJA,Isle of Man,0.199,3.667
2060,JJA,Isle of Man,0.196,4.000
2061,JJA,Isle of Man,0.435,6.000
2062,JJA,Isle of Man,0.409,5.667
2063,JJA,Isle of Man,0.333,8.000
2064,JJA,Isle of Man,0.279,2.333
2065,JJA,Isle of Man,0.257,3.333
2066,JJA,Isle of Man,0.315,7.333
2067,JJA,Isle of Man,0.243,3.667
2068,JJA,Isle of Man,0.243,3.667
2069,JJA,Isle of Man,0.297,5.000
2070,JJA,Isle of Man,0.228,5.000
2071,JJA,Isle of Man,0.377,6.667
2072,JJA,Isle of Man,0.420,5.667
2073,JJA,Isle of Man,0.348,5.333
2074,JJA,Isle of Man,0.380,6.667
2075,JJA,Isle of Man,0.279,3.667
2076,JJA,Isle of Man,0.304,5.667
2077,JJA,Isle of Man,0.409,8.667
2078,JJA,Isle of Man,0.221,3.000
2079,JJA,Isle of Man,0.283,3.000
2080,JJA,Isle of Man,0.304,6.333
1981,JJA,Northern Ireland,0.481,7.221
1982,JJA,Northern Ireland,0.353,6.814
1983,JJA,Northern Ireland,0.406,8.535
1984,JJA,Northern Ireland,0.504,6.849
1985,JJA,Northern Ireland,0.482,8.791
1986,JJA,Northern Ireland,0.495,7.686
1987,JJA,Northern Ireland,0.452,7.709
1988,JJA,Northern Ireland,0.445,10.326
1989,JJA,Northern Ireland,0.464,9.593
1990,JJA,Northern Ireland,0.415,6.163
1991,JJA,Northern Ireland,0.560,9.279
1992,JJA,Northern Ireland,0.554,8.186
1993,JJA,Northern Ireland,0.449,5.826
1994,JJA,Northern Ireland,0.365,5.709
1995,JJA,Northern Ireland,0.406,8.802
1996,JJA,Northern Ireland,0.564,8.291
1997,JJA,Northern Ireland,0.398,6.244
1998,JJA,Northern Ireland,0.460,4.988
1999,JJA,Northern Ireland,0.271,4.512
2000,JJA,Northern Ireland,0.350,5.337
2001,JJA,Northern Ireland,0.464,7.500
2002,JJA,Northern Ireland,0.406,7.151
2003,JJA,Northern Ireland,0.430,5.442
2004,JJA,Northern Ireland,0.403,5.674
2005,JJA,Northern Ireland,0.394,6.302
2006,JJA,Northern Ireland,0.414,6.209
2007,JJA,Northern Ireland,0.322,4.767
2008,JJA,Northern Ireland,0.434,6.140
2009,JJA,Northern Ireland,0.528,10.221
2010,JJA,Northern Ireland,0.452,6.116
2011,JJA,Northern Ireland,0.519,8.279
2012,JJA,Northern Ireland,0.485,7.093
2013,JJA,Northern Ireland,0.482,8.453
2014,JJA,Northern Ireland,0.499,7.488
2015,JJA,Northern Ireland,0.508,5.919
2016,JJA,Northern Ireland,0.444,8.907
2017,JJA,Northern Ireland,0.394,6.907
2018,JJA,Northern Ireland,0.546,9.756
2019,JJA,Northern Ireland,0.561,9.837
2020,JJA,Northern Ireland,0.443,6.453
2021,JJA,Northern Ireland,0.445,6.965
2022,JJA,Northern Ireland,0.320,5.628
2023,JJA,Northern Ireland,0.583,9.233
2024,JJA,Northern Ireland,0.466,7.198
2025,JJA,Northern Ireland,0.334,5.779
2026,JJA,Northern Ireland,0.487,10.337
2027,JJA,Northern Ireland,0.535,10.209
2028,JJA,Northern Ireland,0.475,8.279
2029,JJA,Northern Ireland,0.517,6.547
2030,JJA,Northern Ireland,0.415,5.663
2031,JJA,Northern Ireland,0.580,9.000
2032,JJA,Northern Ireland,0.319,5.430
2033,JJA,Northern Ireland,0.385,8.651
2034,JJA,Northern Ireland,0.387,7.477
2035,JJA,Northern Ireland,0.506,6.779
2036,JJA,Northern Ireland,0.451,6.837
2037,JJA,Northern Ireland,0.471,7.105
2038,JJA,Northern Ireland,0.384,7.186
2039,JJA,Northern Ireland,0.285,4.140
2040,JJA,Northern Ireland,0.451,5.442
2041,JJA,Northern Ireland,0.466,6.953
2042,JJA,Northern Ireland,0.402,5.209
2043,JJA,Northern Ireland,0.347,4.884
2044,JJA,Northern Ireland,0.528,8.442
2045,JJA,Northern Ireland,0.452,7.733
2046,JJA,Northern Ireland,0.438,6.151
2047,JJA,Northern Ireland,0.349,5.988
2048,JJA,Northern Ireland,0.401,6.267
2049,JJA,Northern Ireland,0.403,6.116
2050,JJA,Northern Ireland,0.495,11.326
2051,JJA,Northern Ireland,0.332,4.488
2052,JJA,Northern Ireland,0.411,5.023
2053,JJA,Northern Ireland,0.408,6.105
2054,JJA,Northern Ireland,0.326,5.837
2055,JJA,Northern Ireland,0.237,4.663
2056,JJA,Northern Ireland,0.476,5.942
2057,JJA,Northern Ireland,0.335,5.674
2058,JJA,Northern Ireland,0.321,9.942
2059,JJA,Northern Ireland,0.228,3.477
2060,JJA,Northern Ireland,0.271,5.012
2061,JJA,Northern Ireland,0.473,7.477
2062,JJA,Northern Ireland,0.408,6.395
2063,JJA,Northern Ireland,0.381,7.233
2064,JJA,Northern Ireland,0.335,4.640
2065,JJA,Northern Ireland,0.375,4.953
2066,JJA,Northern Ireland,0.356,5.988
2067,JJA,Northern Ireland,0.241,3.895
2068,JJA,Northern Ireland,0.266,3.407
2069,JJA,Northern Ireland,0.407,8.012
2070,JJA,Northern Ireland,0.328,4.535
2071,JJA,Northern Ireland,0.428,8.791
2072,JJA,Northern Ireland,0.504,6.430
2073,JJA,Northern Ireland,0.403,5.744
2074,JJA,Northern Ireland,0.428,5.791
2075,JJA,Northern Ireland,0.322,3.860
2076,JJA,Northern Ireland,0.357,6.337
2077,JJA,Northern Ireland,0.467,8.965
2078,JJA,Northern Ireland,0.266,3.465
2079,JJA,Northern Ireland,0.411,6.116
2080,JJA,Northern Ireland,0.362,6.047
1981,JJA,Wales,0.499,5.978
1982,JJA,Wales,0.313,4.956
1983,JJA,Wales,0.498,9.555
1984,JJA,Wales,0.468,8.934
1985,JJA,Wales,0.365,5.117
1986,JJA,Wales,0.382,4.416
1987,JJA,Wales,0.407,5.336
1988,JJA,Wales,0.349,6.314
1989,JJA,Wales,0.359,9.839
1990,JJA,Wales,0.246,5.401
1991,JJA,Wales,0.547,9.635
1992,JJA,Wales,0.422,4.912
1993,JJA,Wales,0.319,5.737
1994,JJA,Wales,0.367,6.431
1995,JJA,Wales,0.282,4.854
1996,JJA,Wales,0.566,7.131
1997,JJA,Wales,0.371,5.752
1998,JJA,Wales,0.349,4.321
1999,JJA,Wales,0.256,3.934
2000,JJA,Wales,0.285,4.438
2001,JJA,Wales,0.423,5.584
2002,JJA,Wales,0.269,4.161
2003,JJA,Wales,0.374,4.423
2004,JJA,Wales,0.243,3.934
2005,JJA,Wales,0.388,4.861
2006,JJA,Wales,0.351,4.613
2007,JJA,Wales,0.318,4.007
2008,JJA,Wales,0.404,4.956
2009,JJA,Wales,0.381,5.796
2010,JJA,Wales,0.405,5.891
2011,JJA,Wales,0.392,5.898
2012,JJA,Wales,0.380,5.328
2013,JJA,Wales,0.326,5.124
2014,JJA,Wales,0.465,8.036
2015,JJA,Wales,0.512,6.971
2016,JJA,Wales,0.415,8.876
2017,JJA,Wales,0.320,6.620
2018,JJA,Wales,0.515,8.255
2019,JJA,Wales,0.488,6.730
2020,JJA,Wales,0.394,4.978
2021,JJA,Wales,0.382,5.277
2022,JJA,Wales,0.301,4.555
2023,JJA,Wales,0.541,8.701
2024,JJA,Wales,0.394,5.949
2025,JJA,Wales,0.251,4.416
2026,JJA,Wales,0.408,7.022
2027,JJA,Wales,0.511,7.876
2028,JJA,Wales,0.382,6.599
2029,JJA,Wales,0.545,8.832
2030,JJA,Wales,0.289,4.124
2031,JJA,Wales,0.444,7.759
2032,JJA,Wales,0.313,4.562
2033,JJA,Wales,0.272,4.292
2034,JJA,Wales,0.214,3.394
2035,JJA,Wales,0.433,7.146
2036,JJA,Wales,0.375,7.124
2037,JJA,Wales,0.448,5.686
2038,JJA,Wales,0.367,5.956
2039,JJA,Wales,0.362,5.219
2040,JJA,Wales,0.339,4.949
2041,JJA,Wales,0.351,6.190
2042,JJA,Wales,0.321,5.000
2043,JJA,Wales,0.333,5.701
2044,JJA,Wales,0.498,7.460
2045,JJA,Wales,0.425,6.212
2046,JJA,Wales,0.485,6.029
2047,JJA,Wales,0.203,3.263
2048,JJA,Wales,0.388,6.161
2049,JJA,Wales,0.323,5.701
2050,JJA,Wales,0.348,5.832
2051,JJA,Wales,0.308,3.898
2052,JJA,Wales,0.370,5.139
2053,JJA,Wales,0.397,6.234
2054,JJA,Wales,0.307,4.489
2055,JJA,Wales,0.166,4.168
2056,JJA,Wales,0.389,4.248
2057,JJA,Wales,0.277,5.175
2058,JJA,Wales,0.282,5.161
2059,JJA,Wales,0.216,3.861
2060,JJA,Wales,0.198,3.387
2061,JJA,Wales,0.417,9.219
2062,JJA,Wales,0.370,5.898
2063,JJA,Wales,0.337,6.285
2064,JJA,Wales,0.217,3.058
2065,JJA,Wales,0.288,4.555
2066,JJA,Wales,0.274,6.299
2067,JJA,Wales,0.284,5.394
2068,JJA,Wales,0.213,4.073
2069,JJA,Wales,0.309,4.803
2070,JJA,Wales,0.293,4.730
2071,JJA,Wales,0.382,6.810
2072,JJA,Wales,0.426,5.891
2073,JJA,Wales,0.344,5.847
2074,JJA,Wales,0.386,5.920
2075,JJA,Wales,0.328,4.672
2076,JJA,Wales,0.217,3.336
2077,JJA,Wales,0.336,4.526
2078,JJA,Wales,0.265,3.686
2079,JJA,Wales,0.299,4.088
2080,JJA,Wales,0.295,3.723
1981,SON,East Midlands,0.485,6.951
1982,SON,East Midlands,0.420,6.019
1983,SON,East Midlands,0.441,5.408
1984,SON,East Midlands,0.338,5.699
1985,SON,East Midlands,0.449,6.068
1986,SON,East Midlands,0.400,6.107
1987,SON,East Midlands,0.467,7.660
1988,SON,East Midlands,0.374,7.495
1989,SON,East Midlands,0.514,5.670
1990,SON,East Midlands,0.551,7.417
1991,SON,East Midlands,0.348,4.359
1992,SON,East Midlands,0.307,4.447
1993,SON,East Midlands,0.341,4.350
1994,SON,East Midlands,0.508,6.019
1995,SON,East Midlands,0.399,6.689
1996,SON,East Midlands,0.430,6.932
1997,SON,East Midlands,0.446,8.485
1998,SON,East Midlands,0.430,7.476
1999,SON,East Midlands,0.518,7.282
2000,SON,East Midlands,0.458,5.359
2001,SON,East Midlands,0.422,5.961
2002,SON,East Midlands,0.538,7.330
2003,SON,East Midlands,0.413,6.660
2004,SON,East Midlands,0.496,9.214
2005,SON,East Midlands,0.388,5.359
2006,SON,East Midlands,0.448,7.078
2007,SON,East Midlands,0.371,5.845
2008,SON,East Midlands,0.386,7.699
2009,SON,East Midlands,0.393,5.650
2010,SON,East Midlands,0.508,7.466
2011,SON,East Midlands,0.359,6.485
2012,SON,East Midlands,0.430,5.214
2013,SON,East Midlands,0.402,5.573
2014,SON,East Midlands,0.397,7.427
2015,SON,East Midlands,0.368,3.417
2016,SON,East Midlands,0.353,6.214
2017,SON,East Midlands,0.361,4.350
2018,SON,East Midlands,0.425,6.097
2019,SON,East Midlands,0.525,4.913
2020,SON,East Midlands,0.463,5.718
2021,SON,East Midlands,0.407,6.466
2022,SON,East Midlands,0.413,7.233
2023,SON,East Midlands,0.502,4.883
2024,SON,East Midlands,0.373,6.029
2025,SON,East Midlands,0.392,5.631
2026,SON,East Midlands,0.495,8.350
2027,SON,East Midlands,0.486,6.573
2028,SON,East Midlands,0.290,6.223
2029,SON,East Midlands,0.331,7.689
2030,SON,East Midlands,0.405,6.816
2031,SON,East Midlands,0.365,4.874
2032,SON,East Midlands,0.466,5.641
2033,SON,East Midlands,0.473,5.553
2034,SON,East Midlands,0.445,4.369
2035,SON,East Midlands,0.405,5.417
2036,SON,East Midlands,0.446,5.767
2037,SON,East Midlands,0.508,7.816
2038,SON,East Midlands,0.378,4.777
2039,SON,East Midlands,0.523,7.447
2040,SON,East Midlands,0.425,8.534
2041,SON,East Midlands,0.458,5.340
2042,SON,East Midlands,0.345,4.553
2043,SON,East Midlands,0.426,6.078
2044,SON,East Midlands,0.457,5.058
2045,SON,East Midlands,0.426,5.738
2046,SON,East Midlands,0.425,8.097
2047,SON,East Midlands,0.475,4.971
2048,SON,East Midlands,0.522,8.214
2049,SON,East Midlands,0.310,4.223
2050,SON,East Midlands,0.393,5.291
2051,SON,East Midlands,0.355,8.563
2052,SON,East Midlands,0.446,4.922
2053,SON,East Midlands,0.318,3.971
2054,SON,East Midlands,0.469,5.291
2055,SON,East Midlands,0.493,6.039
2056,SON,East Midlands,0.450,6.301
2057,SON,East Midlands,0.286,4.350
2058,SON,East Midlands,0.423,5.689
2059,SON,East Midlands,0.328,6.282
2060,SON,East Midlands,0.392,5.573
2061,SON,East Midlands,0.400,4.641
2062,SON,East Midlands,0.365,4.146
2063,SON,East Midlands,0.413,4.893
2064,SON,East Midlands,0.435,6.738
2065,SON,East Midlands,0.407,5.515
2066,SON,East Midlands,0.419,7.437
2067,SON,East Midlands,0.434,5.214
2068,SON,East Midlands,0.363,4.126
2069,SON,East Midlands,0.508,7.612
2070,SON,East Midlands,0.434,5.485
2071,SON,East Midlands,0.358,6.155
2072,SON,East Midlands,0.300,4.204
2073,SON,East Midlands,0.374,5.631
2074,SON,East Midlands,0.383,5.252
2075,SON,East Midlands,0.281,5.544
2076,SON,East Midlands,0.438,6.660
2077,SON,East Midlands,0.452,5.748
2078,SON,East Midlands,0.423,11.505
2079,SON,East Midlands,0.389,6.544
2080,SON,East Midlands,0.386,6.311
1981,SON,East of England,0.529,6.103
1982,SON,East of England,0.433,5.627
1983,SON,East of England,0.420,5.040
1984,SON,East of England,0.281,5.333
1985,SON,East of England,0.426,6.452
1986,SON,East of England,0.377,7.135
1987,SON,East of England,0.393,6.373
1988,SON,East of England,0.329,5.254
1989,SON,East of England,0.503,5.873
1990,SON,East of England,0.488,5.032
1991,SON,East of England,0.308,3.595
1992,SON,East of England,0.264,4.905
1993,SON,East of England,0.373,5.579
1994,SON,East of England,0.491,5.540
1995,SON,East of England,0.397,4.429
1996,SON,East of England,0.389,5.317
1997,SON,East of England,0.422,7.079
1998,SON,East of England,0.428,6.238
1999,SON,East of England,0.495,6.913
2000,SON,East of England,0.440,5.667
2001,SON,East of England,0.400,5.421
2002,SON,East of England,0.498,7.270
2003,SON,East of England,0.385,6.103
2004,SON,East of England,0.435,7.127
2005,SON,East of England,0.381,6.413
2006,SON,East of England,0.429,5.849
2007,SON,East of England,0.341,5.413
2008,SON,East of England,0.363,5.579
2009,SON,East of England,0.347,3.714
2010,SON,East of England,0.479,8.976
2011,SON,East of England,0.332,6.079
2012,SON,East of England,0.415,4.897
2013,SON,East of England,0.374,6.381
2014,SON,East of England,0.404,6.754
2015,SON,East of England,0.369,3.635
2016,SON,East of England,0.320,6.841
2017,SON,East of England,0.354,4.833
2018,SON,East of England,0.400,6.413
2019,SON,East of England,0.480,6.302
2020,SON,East of England,0.410,5.127
2021,SON,East of England,0.422,5.643
2022,SON,East of England,0.368,8.706
2023,SON,East of England,0.443,6.071
2024,SON,East of England,0.323,6.468
2025,SON,East of England,0.334,4.333
2026,SON,East of England,0.506,8.635
2027,SON,East of England,0.440,10.278
2028,SON,East of England,0.295,6.190
2029,SON,East of England,0.368,8.016
2030,SON,East of England,0.426,5.929
2031,SON,East of England,0.355,4.825
2032,SON,East of England,0.445,5.468
2033,SON,East of England,0.445,4.738
2034,SON,East of England,0.412,3.500
2035,SON,East of England,0.405,4.992
2036,SON,East of England,0.414,5.246
2037,SON,East of England,0.519,8.325
2038,SON,East of England,0.337,4.206
2039,SON,East of England,0.449,7.635
2040,SON,East of England,0.404,7.389
2041,SON,East of England,0.414,5.317
2042,SON,East of England,0.281,3.540
2043,SON,East of England,0.392,5.730
2044,SON,East of England,0.424,4.413
2045,SON,East of England,0.361,3.825
2046,SON,East of England,0.413,6.516
2047,SON,East of England,0.446,4.754
2048,SON,East of England,0.468,6.278
2049,SON,East of England,0.337,4.317
2050,SON,East of England,0.407,5.262
2051,SON,East of England,0.348,6.476
2052,SON,East of England,0.454,5.389
2053,SON,East of England,0.344,4.143
2054,SON,East of England,0.488,5.849
2055,SON,East of England,0.451,5.040
2056,SON,East of England,0.418,6.040
2057,SON,East of England,0.274,5.333
2058,SON,East of England,0.421,5.103
2059,SON,East of England,0.293,4.254
2060,SON,East of England,0.327,6.468
2061,SON,East of England,0.361,5.000
2062,SON,East of England,0.322,4.000
2063,SON,East of England,0.352,4.294
2064,SON,East of England,0.388,4.492
2065,SON,East of England,0.400,4.492
2066,SON,East of England,0.419,9.508
2067,SON,East of England,0.447,6.040
2068,SON,East of England,0.323,3.040
2069,SON,East of England,0.468,5.952
2070,SON,East of England,0.444,6.103
2071,SON,East of England,0.301,5.675
2072,SON,East of England,0.257,4.040
2073,SON,East of England,0.351,5.286
2074,SON,East of England,0.348,5.127
2075,SON,East of England,0.250,4.802
2076,SON,East of England,0.436,10.214
2077,SON,East of England,0.393,6.325
2078,SON,East of England,0.420,8.278
2079,SON,East of England,0.404,6.437
2080,SON,East of England,0.363,7.040
1981,SON,East Scotland,0.515,8.145
1982,SON,East Scotland,0.528,9.220
1983,SON,East Scotland,0.519,10.025
1984,SON,East Scotland,0.394,5.654
1985,SON,East Scotland,0.446,6.088
1986,SON,East Scotland,0.522,10.686
1987,SON,East Scotland,0.582,10.522
1988,SON,East Scotland,0.481,8.447
1989,SON,East Scotland,0.578,8.994
1990,SON,East Scotland,0.573,8.635
1991,SON,East Scotland,0.525,9.088
1992,SON,East Scotland,0.433,7.333
1993,SON,East Scotland,0.432,6.736
1994,SON,East Scotland,0.574,7.648
1995,SON,East Scotland,0.508,10.956
1996,SON,East Scotland,0.535,7.503
1997,SON,East Scotland,0.492,7.151
1998,SON,East Scotland,0.519,8.811
1999,SON,East Scotland,0.542,11.943
2000,SON,East Scotland,0.546,9.101
2001,SON,East Scotland,0.524,8.189
2002,SON,East Scotland,0.557,8.629
2003,SON,East Scotland,0.533,8.881
2004,SON,East Scotland,0.546,10.818
2005,SON,East Scotland,0.522,6.862
2006,SON,East Scotland,0.568,9.409
2007,SON,East Scotland,0.518,7.214
2008,SON,East Scotland,0.452,8.302
2009,SON,East Scotland,0.498,8.428
2010,SON,East Scotland,0.593,12.000
2011,SON,East Scotland,0.394,7.428
2012,SON,East Scotland,0.450,6.245
2013,SON,East Scotland,0.529,7.013
2014,SON,East Scotland,0.552,8.189
2015,SON,East Scotland,0.521,8.755
2016,SON,East Scotland,0.509,8.553
2017,SON,East Scotland,0.470,10.667
2018,SON,East Scotland,0.515,8.818
2019,SON,East Scotland,0.572,8.415
2020,SON,East Scotland,0.524,12.421
2021,SON,East Scotland,0.405,6.849
2022,SON,East Scotland,0.501,7.654
2023,SON,East Scotland,0.578,8.044
2024,SON,East Scotland,0.537,8.233
2025,SON,East Scotland,0.497,7.057
2026,SON,East Scotland,0.538,7.692
2027,SON,East Scotland,0.583,10.327
2028,SON,East Scotland,0.374,5.881
2029,SON,East Scotland,0.429,8.384
2030,SON,East Scotland,0.546,11.503
2031,SON,East Scotland,0.480,5.579
2032,SON,East Scotland,0.510,7.170
2033,SON,East Scotland,0.496,8.730
2034,SON,East Scotland,0.549,7.050
2035,SON,East Scotland,0.394,5.912
2036,SON,East Scotland,0.607,11.208
2037,SON,East Scotland,0.494,7.654
2038,SON,East Scotland,0.521,8.491
2039,SON,East Scotland,0.578,9.327
2040,SON,East Scotland,0.569,10.855
2041,SON,East Scotland,0.564,7.755
2042,SON,East Scotland,0.553,8.044
2043,SON,East Scotland,0.473,8.579
2044,SON,East Scotland,0.593,9.780
2045,SON,East Scotland,0.557,7.465
2046,SON,East Scotland,0.506,8.157
2047,SON,East Scotland,0.549,8.465
2048,SON,East Scotland,0.531,8.208
2049,SON,East Scotland,0.470,8.415
2050,SON,East Scotland,0.505,9.082
2051,SON,East Scotland,0.461,8.478
2052,SON,East Scotland,0.575,9.107
2053,SON,East Scotland,0.437,6.956
2054,SON,East Scotland,0.577,12.704
2055,SON,East Scotland,0.567,8.553
2056,SON,East Scotland,0.599,11.579
2057,SON,East Scotland,0.466,14.044
2058,SON,East Scotland,0.418,6.239
2059,SON,East Scotland,0.406,4.667
2060,SON,East Scotland,0.483,6.730
2061,SON,East Scotland,0.440,8.918
2062,SON,East Scotland,0.508,7.000
2063,SON,East Scotland,0.541,7.245
2064,SON,East Scotland,0.531,9.629
2065,SON,East Scotland,0.451,7.987
2066,SON,East Scotland,0.401,6.038
2067,SON,East Scotland,0.536,10.503
2068,SON,East Scotland,0.445,6.340
2069,SON,East Scotland,0.539,7.358
2070,SON,East Scotland,0.510,7.755
2071,SON,East Scotland,0.483,9.491
2072,SON,East Scotland,0.477,8.057
2073,SON,East Scotland,0.409,7.937
2074,SON,East Scotland,0.441,7.912
2075,SON,East Scotland,0.455,5.780
2076,SON,East Scotland,0.478,6.597
2077,SON,East Scotland,0.516,7.239
2078,SON,East Scotland,0.527,10.075
2079,SON,East Scotland,0.449,6.415
2080,SON,East Scotland,0.493,8.774
1981,SON,London,0.462,4.833
1982,SON,London,0.439,7.000
1983,SON,London,0.484,5.167
1984,SON,London,0.309,8.833
1985,SON,London,0.479,6.083
1986,SON,London,0.452,7.500
1987,SON,London,0.426,5.833
1988,SON,London,0.304,5.417
1989,SON,London,0.462,6.083
1990,SON,London,0.480,4.417
1991,SON,London,0.325,6.000
1992,SON,London,0.231,3.083
1993,SON,London,0.365,5.000
1994,SON,London,0.514,5.167
1995,SON,London,0.337,4.417
1996,SON,London,0.461,5.000
1997,SON,London,0.401,6.500
1998,SON,London,0.380,7.417
1999,SON,London,0.484,6.167
2000,SON,London,0.431,4.167
2001,SON,London,0.392,5.083
2002,SON,London,0.479,6.917
2003,SON,London,0.339,5.833
2004,SON,London,0.405,8.000
2005,SON,London,0.321,4.000
2006,SON,London,0.428,6.917
2007,SON,London,0.374,5.417
2008,SON,London,0.334,7.000
2009,SON,London,0.352,3.250
2010,SON,London,0.484,6.333
2011,SON,London,0.331,7.000
2012,SON,London,0.399,4.250
2013,SON,London,0.321,8.417
2014,SON,London,0.392,5.667
2015,SON,London,0.371,3.333
2016,SON,London,0.355,7.083
2017,SON,London,0.357,5.000
2018,SON,London,0.344,4.000
2019,SON,London,0.518,8.083
2020,SON,London,0.454,4.667
2021,SON,London,0.410,4.917
2022,SON,London,0.347,8.250
2023,SON,London,0.427,5.500
2024,SON,London,0.315,4.000
2025,SON,London,0.305,4.167
2026,SON,London,0.515,8.167
2027,SON,London,0.400,6.500
2028,SON,London,0.317,9.000
2029,SON,London,0.353,5.750
2030,SON,London,0.374,5.333
2031,SON,London,0.339,4.000
2032,SON,London,0.459,6.417
2033,SON,London,0.451,4.083
2034,SON,London,0.405,3.333
2035,SON,London,0.398,5.750
2036,SON,London,0.454,6.833
2037,SON,London,0.502,7.167
2038,SON,London,0.325,3.667
2039,SON,London,0.397,6.000
2040,SON,London,0.385,8.417
2041,SON,London,0.422,5.500
2042,SON,London,0.289,3.667
2043,SON,London,0.440,6.000
2044,SON,London,0.481,5.583
2045,SON,London,0.351,6.000
2046,SON,London,0.421,5.333
2047,SON,London,0.424,5.750
2048,SON,London,0.418,5.583
2049,SON,London,0.346,5.917
2050,SON,London,0.388,5.417
2051,SON,London,0.383,6.417
2052,SON,London,0.480,5.417
2053,SON,London,0.314,4.917
2054,SON,London,0.557,6.583
2055,SON,London,0.517,6.000
2056,SON,London,0.385,5.250
2057,SON,London,0.242,4.333
2058,SON,London,0.423,6.000
2059,SON,London,0.284,3.750
2060,SON,London,0.268,5.667
2061,SON,London,0.303,3.667
2062,SON,London,0.287,2.833
2063,SON,London,0.354,4.000
2064,SON,London,0.346,4.167
2065,SON,London,0.329,3.833
2066,SON,London,0.412,10.833
2067,SON,London,0.433,5.667
2068,SON,London,0.349,4.083
2069,SON,London,0.490,6.417
2070,SON,London,0.430,5.750
2071,SON,London,0.299,5.167
2072,SON,London,0.262,3.250
2073,SON,London,0.300,5.083
2074,SON,London,0.360,5.000
2075,SON,London,0.279,6.583
2076,SON,London,0.412,10.833
2077,SON,London,0.400,6.667
2078,SON,London,0.414,6.250
2079,SON,London,0.384,6.167
2080,SON,London,0.321,6.250
1981,SON,North East England,0.538,6.965
1982,SON,North East England,0.402,5.561
1983,SON,North East England,0.449,6.053
1984,SON,North East England,0.334,3.842
1985,SON,North East England,0.398,4.737
1986,SON,North East England,0.438,6.351
1987,SON,North East England,0.512,8.702
1988,SON,North East England,0.461,7.982
1989,SON,North East England,0.498,6.386
1990,SON,North East England,0.526,8.579
1991,SON,North East England,0.448,7.351
1992,SON,North East England,0.350,6.982
1993,SON,North East England,0.375,4.947
1994,SON,North East England,0.541,6.719
1995,SON,North East England,0.468,10.982
1996,SON,North East England,0.473,5.386
1997,SON,North East England,0.464,9.491
1998,SON,North East England,0.471,7.333
1999,SON,North East England,0.565,9.193
2000,SON,North East England,0.482,7.667
2001,SON,North East England,0.463,7.719
2002,SON,North East England,0.591,10.281
2003,SON,North East England,0.467,7.614
2004,SON,North East England,0.533,10.105
2005,SON,North East England,0.450,7.772
2006,SON,North East England,0.546,11.421
2007,SON,North East England,0.426,5.421
2008,SON,North East England,0.422,5.912
2009,SON,North East England,0.398,5.421
2010,SON,North East England,0.549,8.982
2011,SON,North East England,0.377,5.158
2012,SON,North East England,0.439,5.667
2013,SON,North East England,0.453,7.035
2014,SON,North East England,0.446,5.965
2015,SON,North East England,0.386,5.175
2016,SON,North East England,0.429,7.193
2017,SON,North East England,0.400,5.158
2018,SON,North East England,0.465,7.263
2019,SON,North East England,0.570,7.789
2020,SON,North East England,0.477,8.000
2021,SON,North East England,0.324,5.579
2022,SON,North East England,0.451,6.684
2023,SON,North East England,0.542,7.386
2024,SON,North East England,0.462,5.421
2025,SON,North East England,0.400,5.053
2026,SON,North East England,0.467,6.719
2027,SON,North East England,0.570,11.070
2028,SON,North East England,0.357,7.053
2029,SON,North East England,0.387,6.596
2030,SON,North East England,0.488,10.947
2031,SON,North East England,0.438,5.246
2032,SON,North East England,0.437,5.614
2033,SON,North East England,0.535,10.211
2034,SON,North East England,0.476,4.895
2035,SON,North East England,0.341,5.474
2036,SON,North East England,0.461,7.175
2037,SON,North East England,0.462,6.053
2038,SON,North East England,0.409,6.123
2039,SON,North East England,0.543,8.474
2040,SON,North East England,0.507,8.491
2041,SON,North East England,0.555,6.351
2042,SON,North East England,0.472,7.614
2043,SON,North East England,0.446,6.228
2044,SON,North East England,0.521,8.333
2045,SON,North East England,0.461,6.965
2046,SON,North East England,0.441,5.544
2047,SON,North East England,0.501,6.316
2048,SON,North East England,0.511,6.860
2049,SON,North East England,0.378,5.982
2050,SON,North East England,0.461,6.333
2051,SON,North East England,0.410,5.649
2052,SON,North East England,0.525,6.193
2053,SON,North East England,0.354,5.404
2054,SON,North East England,0.520,6.018
2055,SON,North East England,0.544,8.053
2056,SON,North East England,0.534,6.667
2057,SON,North East England,0.354,9.175
2058,SON,North East England,0.430,5.351
2059,SON,North East England,0.343,3.947
2060,SON,North East England,0.432,4.281
2061,SON,North East England,0.480,6.702
2062,SON,North East England,0.415,6.070
2063,SON,North East England,0.506,5.702
2064,SON,North East England,0.450,7.439
2065,SON,North East England,0.389,4.474
2066,SON,North East England,0.427,6.386
2067,SON,North East England,0.496,7.404
2068,SON,North East England,0.399,5.333
2069,SON,North East England,0.510,6.404
2070,SON,North East England,0.447,5.351
2071,SON,North East England,0.433,6.947
2072,SON,North East England,0.344,5.719
2073,SON,North East England,0.470,6.684
2074,SON,North East England,0.363,7.053
2075,SON,North East England,0.358,5.632
2076,SON,North East England,0.517,7.474
2077,SON,North East England,0.517,7.842
2078,SON,North East England,0.454,8.316
2079,SON,North East England,0.439,6.772
2080,SON,North East England,0.430,6.333
1981,SON,North Scotland,0.637,13.512
1982,SON,North Scotland,0.688,24.617
1983,SON,North Scotland,0.627,12.557
1984,SON,North Scotland,0.531,8.119
1985,SON,North Scotland,0.533,9.940
1986,SON,North Scotland,0.585,15.587
1987,SON,North Scotland,0.660,13.582
1988,SON,North Scotland,0.566,19.652
1989,SON,North Scotland,0.696,14.065
1990,SON,North Scotland,0.608,11.075
1991,SON,North Scotland,0.625,15.050
1992,SON,North Scotland,0.575,10.398
1993,SON,North Scotland,0.584,10.761
1994,SON,North Scotland,0.620,9.597
1995,SON,North Scotland,0.602,12.726
1996,SON,North Scotland,0.619,10.935
1997,SON,North Scotland,0.503,8.134
1998,SON,North Scotland,0.622,12.612
1999,SON,North Scotland,0.687,16.786
2000,SON,North Scotland,0.637,17.045
2001,SON,North Scotland,0.615,13.408
2002,SON,North Scotland,0.633,12.507
2003,SON,North Scotland,0.612,11.428
2004,SON,North Scotland,0.578,12.632
2005,SON,North Scotland,0.596,10.891
2006,SON,North Scotland,0.652,12.239
2007,SON,North Scotland,0.610,11.915
2008,SON,North Scotland,0.537,12.388
2009,SON,North Scotland,0.679,15.294
2010,SON,North Scotland,0.692,13.050
2011,SON,North Scotland,0.490,15.706
2012,SON,North Scotland,0.556,11.015
2013,SON,North Scotland,0.638,12.886
2014,SON,North Scotland,0.681,10.925
2015,SON,North Scotland,0.592,12.343
2016,SON,North Scotland,0.602,14.144
2017,SON,North Scotland,0.619,18.204
2018,SON,North Scotland,0.683,13.323
2019,SON,North Scotland,0.620,10.274
2020,SON,North Scotland,0.590,13.104
2021,SON,North Scotland,0.513,10.219
2022,SON,North Scotland,0.608,11.507
2023,SON,North Scotland,0.705,15.209
2024,SON,North Scotland,0.611,12.517
2025,SON,North Scotland,0.684,16.144
2026,SON,North Scotland,0.702,21.796
2027,SON,North Scotland,0.640,12.383
2028,SON,North Scotland,0.427,9.886
2029,SON,North Scotland,0.536,13.567
2030,SON,North Scotland,0.643,17.652
2031,SON,North Scotland,0.602,8.184
2032,SON,North Scotland,0.626,11.562
2033,SON,North Scotland,0.493,16.816
2034,SON,North Scotland,0.684,12.010
2035,SON,North Scotland,0.519,12.856
2036,SON,North Scotland,0.777,19.687
2037,SON,North Scotland,0.610,19.925
2038,SON,North Scotland,0.648,12.816
2039,SON,North Scotland,0.692,19.214
2040,SON,North Scotland,0.624,12.891
2041,SON,North Scotland,0.602,14.408
2042,SON,North Scotland,0.568,10.527
2043,SON,North Scotland,0.592,15.080
2044,SON,North Scotland,0.653,13.910
2045,SON,North Scotland,0.699,14.080
2046,SON,North Scotland,0.629,15.303
2047,SON,North Scotland,0.625,12.194
2048,SON,North Scotland,0.633,15.388
2049,SON,North Scotland,0.543,11.119
2050,SON,North Scotland,0.674,14.900
2051,SON,North Scotland,0.538,13.358
2052,SON,North Scotland,0.650,15.378
2053,SON,North Scotland,0.590,11.428
2054,SON,North Scotland,0.678,20.766
2055,SON,North Scotland,0.609,11.517
2056,SON,North Scotland,0.632,16.229
2057,SON,North Scotland,0.584,16.393
2058,SON,North Scotland,0.528,9.856
2059,SON,North Scotland,0.609,11.154
2060,SON,North Scotland,0.594,10.433
2061,SON,North Scotland,0.530,12.060
2062,SON,North Scotland,0.684,12.687
2063,SON,North Scotland,0.686,10.239
2064,SON,North Scotland,0.595,12.697
2065,SON,North Scotland,0.617,17.502
2066,SON,North Scotland,0.499,10.502
2067,SON,North Scotland,0.626,15.532
2068,SON,North Scotland,0.577,11.159
2069,SON,North Scotland,0.583,12.164
2070,SON,North Scotland,0.601,12.801
2071,SON,North Scotland,0.545,8.751
2072,SON,North Scotland,0.598,15.652
2073,SON,North Scotland,0.435,12.970
2074,SON,North Scotland,0.570,13.567
2075,SON,North Scotland,0.545,9.328
2076,SON,North Scotland,0.528,15.373
2077,SON,North Scotland,0.576,8.284
2078,SON,North Scotland,0.671,16.950
2079,SON,North Scotland,0.510,9.254
2080,SON,North Scotland,0.658,13.607
1981,SON,North West England,0.611,13.215
1982,SON,North West England,0.577,12.161
1983,SON,North West England,0.626,14.226
1984,SON,North West England,0.480,9.258
1985,SON,North West England,0.546,12.828
1986,SON,North West England,0.615,15.978
1987,SON,North West England,0.654,14.860
1988,SON,North West England,0.439,17.710
1989,SON,North West England,0.634,8.065
1990,SON,North West England,0.633,11.011
1991,SON,North West England,0.567,12.645
1992,SON,North West England,0.432,8.505
1993,SON,North West England,0.437,6.032
1994,SON,North West England,0.636,9.699
1995,SON,North West England,0.539,8.710
1996,SON,North West England,0.560,10.172
1997,SON,North West England,0.504,9.613
1998,SON,North West England,0.479,7.785
1999,SON,North West England,0.605,12.000
2000,SON,North West England,0.558,16.108
2001,SON,North West England,0.515,11.290
2002,SON,North West England,0.687,13.731
2003,SON,North West England,0.581,10.710
2004,SON,North West England,0.543,13.140
2005,SON,North West England,0.506,8.817
2006,SON,North West England,0.626,16.817
2007,SON,North West England,0.599,12.258
2008,SON,North West England,0.515,14.387
2009,SON,North West England,0.537,16.086
2010,SON,North West England,0.644,12.183
2011,SON,North West England,0.446,9.441
2012,SON,North West England,0.507,9.785
2013,SON,North West England,0.540,10.688
2014,SON,North West England,0.628,14.785
2015,SON,North West England,0.536,11.538
2016,SON,North West England,0.436,6.462
2017,SON,North West England,0.479,11.828
2018,SON,North West England,0.587,16.925
2019,SON,North West England,0.641,9.204
2020,SON,North West England,0.508,10.667
2021,SON,North West England,0.455,10.495
2022,SON,North West England,0.493,9.430
2023,SON,North West England,0.734,13.129
2024,SON,North West England,0.585,13.022
2025,SON,North West England,0.627,15.516
2026,SON,North West England,0.712,17.699
2027,SON,North West England,0.664,16.312
2028,SON,North West England,0.361,7.613
2029,SON,North West England,0.374,6.086
2030,SON,North West England,0.524,10.559
2031,SON,North West England,0.510,8.097
2032,SON,North West England,0.594,10.968
2033,SON,North West England,0.528,10.753
2034,SON,North West England,0.638,12.376
2035,SON,North West England,0.490,7.667
2036,SON,North West England,0.712,15.323
2037,SON,North West England,0.566,10.065
2038,SON,North West England,0.550,8.925
2039,SON,North West England,0.665,12.731
2040,SON,North West England,0.548,11.656
2041,SON,North West England,0.595,9.505
2042,SON,North West England,0.548,9.989
2043,SON,North West England,0.587,20.935
2044,SON,North West England,0.539,9.505
2045,SON,North West England,0.588,12.591
2046,SON,North West England,0.564,9.269
2047,SON,North West England,0.570,8.882
2048,SON,North West England,0.549,7.581
2049,SON,North West England,0.457,8.806
2050,SON,North West England,0.551,11.301
2051,SON,North West England,0.514,13.011
2052,SON,North West England,0.623,13.688
2053,SON,North West England,0.444,8.247
2054,SON,North West England,0.704,14.161
2055,SON,North West England,0.630,11.118
2056,SON,North West England,0.566,8.570
2057,SON,North West England,0.431,10.753
2058,SON,North West England,0.508,10.925
2059,SON,North West England,0.483,11.204
2060,SON,North West England,0.485,6.247
2061,SON,North West England,0.444,7.140
2062,SON,North West England,0.559,9.871
2063,SON,North West England,0.640,14.032
2064,SON,North West England,0.506,12.645
2065,SON,North West England,0.505,7.828
2066,SON,North West England,0.406,9.376
2067,SON,North West England,0.560,9.387
2068,SON,North West England,0.514,9.129
2069,SON,North West England,0.559,10.613
2070,SON,North West England,0.550,10.280
2071,SON,North West England,0.486,8.548
2072,SON,North West England,0.434,10.118
2073,SON,North West England,0.431,8.247
2074,SON,North West England,0.494,12.548
2075,SON,North West England,0.370,7.108
2076,SON,North West England,0.572,8.774
2077,SON,North West England,0.577,10.183
2078,SON,North West England,0.564,12.742
2079,SON,North West England,0.449,6.968
2080,SON,North West England,0.468,7.602
1981,SON,South East England,0.437,5.347
1982,SON,South East England,0.455,6.254
1983,SON,South East England,0.426,5.263
1984,SON,South East England,0.333,8.441
1985,SON,South East England,0.458,5.220
1986,SON,South East England,0.431,6.542
1987,SON,South East England,0.393,5.712
1988,SON,South East England,0.328,5.864
1989,SON,South East England,0.465,5.644
1990,SON,South East England,0.483,4.839
1991,SON,South East England,0.336,5.102
1992,SON,South East England,0.251,3.398
1993,SON,South East England,0.339,4.229
1994,SON,South East England,0.499,6.500
1995,SON,South East England,0.324,5.042
1996,SON,South East England,0.438,6.127
1997,SON,South East England,0.383,6.729
1998,SON,South East England,0.406,8.381
1999,SON,South East England,0.490,6.780
2000,SON,South East England,0.432,5.576
2001,SON,South East England,0.386,5.619
2002,SON,South East England,0.483,6.983
2003,SON,South East England,0.353,5.449
2004,SON,South East England,0.413,8.169
2005,SON,South East England,0.318,5.051
2006,SON,South East England,0.438,9.195
2007,SON,South East England,0.373,5.381
2008,SON,South East England,0.316,7.119
2009,SON,South East England,0.338,4.237
2010,SON,South East England,0.477,8.619
2011,SON,South East England,0.317,5.254
2012,SON,South East England,0.390,4.246
2013,SON,South East England,0.341,9.737
2014,SON,South East England,0.372,5.500
2015,SON,South East England,0.374,5.475
2016,SON,South East England,0.319,6.492
2017,SON,South East England,0.375,5.339
2018,SON,South East England,0.339,4.500
2019,SON,South East England,0.502,8.390
2020,SON,South East England,0.416,5.695
2021,SON,South East England,0.393,6.831
2022,SON,South East England,0.348,7.856
2023,SON,South East England,0.434,4.517
2024,SON,South East England,0.340,5.305
2025,SON,South East England,0.364,4.636
2026,SON,South East England,0.538,8.119
2027,SON,South East England,0.404,6.500
2028,SON,South East England,0.313,7.398
2029,SON,South East England,0.309,5.390
2030,SON,South East England,0.340,4.814
2031,SON,South East England,0.276,4.051
2032,SON,South East England,0.476,7.729
2033,SON,South East England,0.434,4.508
2034,SON,South East England,0.427,4.110
2035,SON,South East England,0.381,5.602
2036,SON,South East England,0.446,6.585
2037,SON,South East England,0.470,7.856
2038,SON,South East England,0.340,4.025
2039,SON,South East England,0.402,5.263
2040,SON,South East England,0.351,9.364
2041,SON,South East England,0.434,5.797
2042,SON,South East England,0.309,4.627
2043,SON,South East England,0.418,4.992
2044,SON,South East England,0.473,6.178
2045,SON,South East England,0.331,5.331
2046,SON,South East England,0.388,5.712
2047,SON,South East England,0.410,5.551
2048,SON,South East England,0.432,6.356
2049,SON,South East England,0.348,5.331
2050,SON,South East England,0.389,5.966
2051,SON,South East England,0.380,7.153
2052,SON,South East England,0.470,6.678
2053,SON,South East England,0.320,4.941
2054,SON,South East England,0.563,7.212
2055,SON,South East England,0.488,5.364
2056,SON,South East England,0.368,5.254
2057,SON,South East England,0.248,5.102
2058,SON,South East England,0.400,5.297
2059,SON,South East England,0.308,3.492
2060,SON,South East England,0.279,5.517
2061,SON,South East England,0.348,5.729
2062,SON,South East England,0.328,3.737
2063,SON,South East England,0.349,3.864
2064,SON,South East England,0.362,6.551
2065,SON,South East England,0.358,4.297
2066,SON,South East England,0.383,8.814
2067,SON,South East England,0.415,5.186
2068,SON,South East England,0.345,5.508
2069,SON,South East England,0.465,7.229
2070,SON,South East England,0.425,5.983
2071,SON,South East England,0.326,5.771
2072,SON,South East England,0.253,3.746
2073,SON,South East England,0.302,5.271
2074,SON,South East England,0.321,4.237
2075,SON,South East England,0.294,6.525
2076,SON,South East England,0.403,8.449
2077,SON,South East England,0.400,5.797
2078,SON,South East England,0.411,7.322
2079,SON,South East England,0.379,5.195
2080,SON,South East England,0.324,6.000
1981,SON,South West England,0.419,6.639
1982,SON,South West England,0.443,5.095
1983,SON,South West England,0.450,6.956
1984,SON,South West England,0.362,8.095
1985,SON,South West England,0.488,6.456
1986,SON,South West England,0.456,7.335
1987,SON,South West England,0.479,9.747
1988,SON,South West England,0.345,5.835
1989,SON,South West England,0.489,7.342
1990,SON,South West England,0.561,7.620
1991,SON,South West England,0.373,4.601
1992,SON,South West England,0.316,4.848
1993,SON,South West England,0.372,4.405
1994,SON,South West England,0.546,9.557
1995,SON,South West England,0.300,6.703
1996,SON,South West England,0.504,6.506
1997,SON,South West England,0.405,7.241
1998,SON,South West England,0.486,12.652
1999,SON,South West England,0.494,7.019
2000,SON,South West England,0.465,11.032
2001,SON,South West England,0.388,7.196
2002,SON,South West England,0.551,8.120
2003,SON,South West England,0.404,5.911
2004,SON,South West England,0.474,8.924
2005,SON,South West England,0.344,5.462
2006,SON,South West England,0.475,8.665
2007,SON,South West England,0.408,7.152
2008,SON,South West England,0.352,7.272
2009,SON,South West England,0.373,5.861
2010,SON,South West England,0.506,8.462
2011,SON,South West England,0.347,5.684
2012,SON,South West England,0.423,6.589
2013,SON,South West England,0.351,5.975
2014,SON,South West England,0.423,7.804
2015,SON,South West England,0.434,7.500
2016,SON,South West England,0.321,6.766
2017,SON,South West England,0.446,9.614
2018,SON,South West England,0.376,7.481
2019,SON,South West England,0.497,6.196
2020,SON,South West England,0.428,5.494
2021,SON,South West England,0.399,7.930
2022,SON,South West England,0.362,8.000
2023,SON,South West England,0.504,8.184
2024,SON,South West England,0.436,7.044
2025,SON,South West England,0.496,12.949
2026,SON,South West England,0.575,8.899
2027,SON,South West England,0.501,7.665
2028,SON,South West England,0.320,8.981
2029,SON,South West England,0.306,5.013
2030,SON,South West England,0.359,6.380
2031,SON,South West England,0.253,3.696
2032,SON,South West England,0.469,8.854
2033,SON,South West England,0.456,5.759
2034,SON,South West England,0.487,6.557
2035,SON,South West England,0.427,7.222
2036,SON,South West England,0.489,7.120
2037,SON,South West England,0.489,9.266
2038,SON,South West England,0.409,6.462
2039,SON,South West England,0.481,6.899
2040,SON,South West England,0.364,10.025
2041,SON,South West England,0.447,6.101
2042,SON,South West England,0.397,5.646
2043,SON,South West England,0.466,8.196
2044,SON,South West England,0.432,6.101
2045,SON,South West England,0.421,7.241
2046,SON,South West England,0.404,7.203
2047,SON,South West England,0.425,5.538
2048,SON,South West England,0.413,5.475
2049,SON,South West England,0.381,6.943
2050,SON,South West England,0.405,6.614
2051,SON,South West England,0.421,8.228
2052,SON,South West England,0.472,10.171
2053,SON,South West England,0.316,4.557
2054,SON,South West England,0.594,9.570
2055,SON,South West England,0.556,8.405
2056,SON,South West England,0.385,5.430
2057,SON,South West England,0.273,5.278
2058,SON,South West England,0.424,6.013
2059,SON,South West England,0.396,6.285
2060,SON,South West England,0.364,6.000
2061,SON,South West England,0.348,5.899
2062,SON,South West England,0.351,3.937
2063,SON,South West England,0.358,4.823
2064,SON,South West England,0.438,9.722
2065,SON,South West England,0.414,6.481
2066,SON,South West England,0.407,9.386
2067,SON,South West England,0.415,4.525
2068,SON,South West England,0.376,6.968
2069,SON,South West England,0.495,8.057
2070,SON,South West England,0.435,7.880
2071,SON,South West England,0.385,5.563
2072,SON,South West England,0.294,5.063
2073,SON,South West England,0.308,6.139
2074,SON,South West England,0.408,5.165
2075,SON,South West England,0.295,5.601
2076,SON,South West England,0.439,6.576
2077,SON,South West England,0.447,5.354
2078,SON,South West England,0.413,6.646
2079,SON,South West England,0.384,5.759
2080,SON,South West England,0.374,7.063
1981,SON,West Midlands,0.447,6.570
1982,SON,West Midlands,0.432,4.849
1983,SON,West Midlands,0.463,6.198
1984,SON,West Midlands,0.325,6.186
1985,SON,West Midlands,0.443,5.709
1986,SON,West Midlands,0.431,7.360
1987,SON,West Midlands,0.469,9.419
1988,SON,West Midlands,0.333,6.442
1989,SON,West Midlands,0.531,7.326
1990,SON,West Midlands,0.544,9.395
1991,SON,West Midlands,0.360,5.070
1992,SON,West Midlands,0.318,4.326
1993,SON,West Midlands,0.362,4.488
1994,SON,West Midlands,0.556,7.395
1995,SON,West Midlands,0.392,5.384
1996,SON,West Midlands,0.455,7.000
1997,SON,West Midlands,0.426,7.488
1998,SON,West Midlands,0.458,7.407
1999,SON,West Midlands,0.483,5.919
2000,SON,West Midlands,0.484,7.128
2001,SON,West Midlands,0.459,8.814
2002,SON,West Midlands,0.523,6.535
2003,SON,West Midlands,0.444,7.442
2004,SON,West Midlands,0.496,7.430
2005,SON,West Midlands,0.367,4.756
2006,SON,West Midlands,0.499,9.884
2007,SON,West Midlands,0.398,6.337
2008,SON,West Midlands,0.372,7.605
2009,SON,West Midlands,0.404,5.802
2010,SON,West Midlands,0.477,6.186
2011,SON,West Midlands,0.364,6.663
2012,SON,West Midlands,0.419,4.919
2013,SON,West Midlands,0.400,7.128
2014,SON,West Midlands,0.457,8.023
2015,SON,West Midlands,0.413,5.198
2016,SON,West Midlands,0.352,6.070
2017,SON,West Midlands,0.367,5.209
2018,SON,West Midlands,0.434,5.500
2019,SON,West Midlands,0.531,5.872
2020,SON,West Midlands,0.461,5.965
2021,SON,West Midlands,0.364,6.988
2022,SON,West Midlands,0.368,7.360
2023,SON,West Midlands,0.543,5.244
2024,SON,West Midlands,0.432,6.093
2025,SON,West Midlands,0.423,6.512
2026,SON,West Midlands,0.559,7.360
2027,SON,West Midlands,0.514,6.419
2028,SON,West Midlands,0.304,8.047
2029,SON,West Midlands,0.277,4.163
2030,SON,West Midlands,0.392,5.674
2031,SON,West Midlands,0.336,5.070
2032,SON,West Midlands,0.460,5.419
2033,SON,West Midlands,0.485,5.267
2034,SON,West Midlands,0.472,6.163
2035,SON,West Midlands,0.420,6.977
2036,SON,West Midlands,0.484,5.442
2037,SON,West Midlands,0.509,8.209
2038,SON,West Midlands,0.391,5.337
2039,SON,West Midlands,0.511,6.116
2040,SON,West Midlands,0.387,7.779
2041,SON,West Midlands,0.447,4.953
2042,SON,West Midlands,0.376,4.884
2043,SON,West Midlands,0.439,5.977
2044,SON,West Midlands,0.394,4.628
2045,SON,West Midlands,0.488,6.791
2046,SON,West Midlands,0.402,7.698
2047,SON,West Midlands,0.472,5.849
2048,SON,West Midlands,0.488,6.314
2049,SON,West Midlands,0.333,5.000
2050,SON,West Midlands,0.407,5.547
2051,SON,West Midlands,0.388,7.756
2052,SON,West Midlands,0.451,5.744
2053,SON,West Midlands,0.337,4.779
2054,SON,West Midlands,0.540,5.791
2055,SON,West Midlands,0.549,5.907
2056,SON,West Midlands,0.444,6.070
2057,SON,West Midlands,0.308,4.709
2058,SON,West Midlands,0.422,6.128
2059,SON,West Midlands,0.380,6.198
2060,SON,West Midlands,0.387,5.628
2061,SON,West Midlands,0.356,4.651
2062,SON,West Midlands,0.370,4.488
2063,SON,West Midlands,0.456,5.709
2064,SON,West Midlands,0.437,6.988
2065,SON,West Midlands,0.432,6.081
2066,SON,West Midlands,0.416,7.837
2067,SON,West Midlands,0.467,5.872
2068,SON,West Midlands,0.380,6.326
2069,SON,West Midlands,0.481,6.640
2070,SON,West Midlands,0.432,4.640
2071,SON,West Midlands,0.398,6.186
2072,SON,West Midlands,0.315,4.372
2073,SON,West Midlands,0.334,4.744
2074,SON,West Midlands,0.396,6.581
2075,SON,West Midlands,0.290,5.535
2076,SON,West Midlands,0.466,6.163
2077,SON,West Midlands,0.497,5.733
2078,SON,West Midlands,0.437,9.547
2079,SON,West Midlands,0.380,6.267
2080,SON,West Midlands,0.384,5.570
1981,SON,West Scotland,0.585,12.085
1982,SON,West Scotland,0.681,15.723
1983,SON,West Scotland,0.630,13.577
1984,SON,West Scotland,0.493,8.038
1985,SON,West Scotland,0.526,9.431
1986,SON,West Scotland,0.670,21.223
1987,SON,West Scotland,0.643,14.477
1988,SON,West Scotland,0.513,15.131
1989,SON,West Scotland,0.638,9.608
1990,SON,West Scotland,0.619,11.523
1991,SON,West Scotland,0.639,15.392
1992,SON,West Scotland,0.519,10.654
1993,SON,West Scotland,0.503,9.685
1994,SON,West Scotland,0.666,10.092
1995,SON,West Scotland,0.538,10.646
1996,SON,West Scotland,0.643,11.254
1997,SON,West Scotland,0.476,7.931
1998,SON,West Scotland,0.511,8.477
1999,SON,West Scotland,0.593,12.877
2000,SON,West Scotland,0.618,16.762
2001,SON,West Scotland,0.546,8.415
2002,SON,West Scotland,0.596,9.015
2003,SON,West Scotland,0.609,11.815
2004,SON,West Scotland,0.560,15.831
2005,SON,West Scotland,0.563,9.485
2006,SON,West Scotland,0.656,12.931
2007,SON,West Scotland,0.631,8.992
2008,SON,West Scotland,0.555,13.985
2009,SON,West Scotland,0.610,16.485
2010,SON,West Scotland,0.638,12.700
2011,SON,West Scotland,0.461,10.315
2012,SON,West Scotland,0.499,9.877
2013,SON,West Scotland,0.572,9.677
2014,SON,West Scotland,0.664,14.154
2015,SON,West Scotland,0.596,13.223
2016,SON,West Scotland,0.492,7.800
2017,SON,West Scotland,0.542,17.308
2018,SON,West Scotland,0.577,14.500
2019,SON,West Scotland,0.619,9.715
2020,SON,West Scotland,0.525,10.108
2021,SON,West Scotland,0.470,8.669
2022,SON,West Scotland,0.569,12.577
2023,SON,West Scotland,0.746,15.708
2024,SON,West Scotland,0.603,11.323
2025,SON,West Scotland,0.660,12.762
2026,SON,West Scotland,0.715,18.500
2027,SON,West Scotland,0.682,13.085
2028,SON,West Scotland,0.383,6.454
2029,SON,West Scotland,0.427,8.177
2030,SON,West Scotland,0.574,15.100
2031,SON,West Scotland,0.509,7.662
2032,SON,West Scotland,0.608,10.877
2033,SON,West Scotland,0.518,13.938
2034,SON,West Scotland,0.669,10.885
2035,SON,West Scotland,0.468,6.877
2036,SON,West Scotland,0.784,21.277
2037,SON,West Scotland,0.549,10.908
2038,SON,West Scotland,0.603,12.362
2039,SON,West Scotland,0.693,16.723
2040,SON,West Scotland,0.559,13.238
2041,SON,West Scotland,0.628,11.008
2042,SON,West Scotland,0.594,12.269
2043,SON,West Scotland,0.583,17.600
2044,SON,West Scotland,0.640,12.946
2045,SON,West Scotland,0.675,13.638
2046,SON,West Scotland,0.602,9.892
2047,SON,West Scotland,0.586,10.300
2048,SON,West Scotland,0.578,9.223
2049,SON,West Scotland,0.485,9.554
2050,SON,West Scotland,0.608,12.962
2051,SON,West Scotland,0.543,10.346
2052,SON,West Scotland,0.693,13.208
2053,SON,West Scotland,0.537,10.115
2054,SON,West Scotland,0.734,19.838
2055,SON,West Scotland,0.608,10.469
2056,SON,West Scotland,0.594,10.762
2057,SON,West Scotland,0.483,12.623
2058,SON,West Scotland,0.465,9.569
2059,SON,West Scotland,0.517,9.623
2060,SON,West Scotland,0.533,8.046
2061,SON,West Scotland,0.451,12.062
2062,SON,West Scotland,0.603,10.608
2063,SON,West Scotland,0.652,14.038
2064,SON,West Scotland,0.574,11.000
2065,SON,West Scotland,0.514,9.315
2066,SON,West Scotland,0.419,10.446
2067,SON,West Scotland,0.582,13.254
2068,SON,West Scotland,0.583,10.500
2069,SON,West Scotland,0.559,9.431
2070,SON,West Scotland,0.597,14.669
2071,SON,West Scotland,0.495,7.462
2072,SON,West Scotland,0.539,10.908
2073,SON,West Scotland,0.396,11.000
2074,SON,West Scotland,0.478,11.938
2075,SON,West Scotland,0.486,6.015
2076,SON,West Scotland,0.512,11.508
2077,SON,West Scotland,0.539,7.946
2078,SON,West Scotland,0.588,13.423
2079,SON,West Scotland,0.407,6.331
2080,SON,West Scotland,0.532,9.677
1981,SON,Yorkshire and Humber,0.491,6.287
1982,SON,Yorkshire and Humber,0.401,4.653
1983,SON,Yorkshire and Humber,0.462,6.495
1984,SON,Yorkshire and Humber,0.342,4.931
1985,SON,Yorkshire and Humber,0.389,4.604
1986,SON,Yorkshire and Humber,0.443,6.673
1987,SON,Yorkshire and Humber,0.518,9.010
1988,SON,Yorkshire and Humber,0.406,7.386
1989,SON,Yorkshire and Humber,0.505,5.584
1990,SON,Yorkshire and Humber,0.543,7.505
1991,SON,Yorkshire and Humber,0.406,5.554
1992,SON,Yorkshire and Humber,0.340,5.931
1993,SON,Yorkshire and Humber,0.360,4.564
1994,SON,Yorkshire and Humber,0.525,6.366
1995,SON,Yorkshire and Humber,0.452,7.990
1996,SON,Yorkshire and Humber,0.427,6.228
1997,SON,Yorkshire and Humber,0.462,11.465
1998,SON,Yorkshire and Humber,0.412,6.554
1999,SON,Yorkshire and Humber,0.539,8.505
2000,SON,Yorkshire and Humber,0.453,7.099
2001,SON,Yorkshire and Humber,0.443,7.109
2002,SON,Yorkshire and Humber,0.608,11.624
2003,SON,Yorkshire and Humber,0.449,5.931
2004,SON,Yorkshire and Humber,0.507,8.743
2005,SON,Yorkshire and Humber,0.417,5.743
2006,SON,Yorkshire and Humber,0.503,10.149
2007,SON,Yorkshire and Humber,0.439,6.465
2008,SON,Yorkshire and Humber,0.432,7.812
2009,SON,Yorkshire and Humber,0.420,5.525
2010,SON,Yorkshire and Humber,0.519,7.545
2011,SON,Yorkshire and Humber,0.379,5.505
2012,SON,Yorkshire and Humber,0.453,6.089
2013,SON,Yorkshire and Humber,0.447,8.050
2014,SON,Yorkshire and Humber,0.442,7.911
2015,SON,Yorkshire and Humber,0.374,4.584
2016,SON,Yorkshire and Humber,0.383,6.267
2017,SON,Yorkshire and Humber,0.371,4.733
2018,SON,Yorkshire and Humber,0.455,8.010
2019,SON,Yorkshire and Humber,0.556,7.693
2020,SON,Yorkshire and Humber,0.487,7.099
2021,SON,Yorkshire and Humber,0.406,7.554
2022,SON,Yorkshire and Humber,0.404,7.980
2023,SON,Yorkshire and Humber,0.519,6.455
2024,SON,Yorkshire and Humber,0.414,5.624
2025,SON,Yorkshire and Humber,0.443,5.624
2026,SON,Yorkshire and Humber,0.495,7.743
2027,SON,Yorkshire and Humber,0.532,8.911
2028,SON,Yorkshire and Humber,0.315,7.099
2029,SON,Yorkshire and Humber,0.354,7.000
2030,SON,Yorkshire and Humber,0.421,8.010
2031,SON,Yorkshire and Humber,0.433,5.990
2032,SON,Yorkshire and Humber,0.456,5.673
2033,SON,Yorkshire and Humber,0.486,8.228
2034,SON,Yorkshire and Humber,0.486,5.921
2035,SON,Yorkshire and Humber,0.384,5.267
2036,SON,Yorkshire and Humber,0.478,5.683
2037,SON,Yorkshire and Humber,0.498,8.396
2038,SON,Yorkshire and Humber,0.433,7.000
2039,SON,Yorkshire and Humber,0.529,7.733
2040,SON,Yorkshire and Humber,0.475,6.891
2041,SON,Yorkshire and Humber,0.516,5.941
2042,SON,Yorkshire and Humber,0.412,5.465
2043,SON,Yorkshire and Humber,0.427,6.099
2044,SON,Yorkshire and Humber,0.477,5.990
2045,SON,Yorkshire and Humber,0.420,6.980
2046,SON,Yorkshire and Humber,0.414,5.426
2047,SON,Yorkshire and Humber,0.464,5.743
2048,SON,Yorkshire and Humber,0.518,6.832
2049,SON,Yorkshire and Humber,0.366,5.446
2050,SON,Yorkshire and Humber,0.400,5.960
2051,SON,Yorkshire and Humber,0.396,8.287
2052,SON,Yorkshire and Humber,0.497,6.050
2053,SON,Yorkshire and Humber,0.348,5.564
2054,SON,Yorkshire and Humber,0.500,5.921
2055,SON,Yorkshire and Humber,0.507,6.416
2056,SON,Yorkshire and Humber,0.485,6.168
2057,SON,Yorkshire and Humber,0.330,6.980
2058,SON,Yorkshire and Humber,0.427,6.436
2059,SON,Yorkshire and Humber,0.338,5.059
2060,SON,Yorkshire and Humber,0.428,4.950
2061,SON,Yorkshire and Humber,0.418,5.119
2062,SON,Yorkshire and Humber,0.379,5.396
2063,SON,Yorkshire and Humber,0.504,6.158
2064,SON,Yorkshire and Humber,0.452,8.139
2065,SON,Yorkshire and Humber,0.419,6.594
2066,SON,Yorkshire and Humber,0.437,8.119
2067,SON,Yorkshire and Humber,0.474,6.248
2068,SON,Yorkshire and Humber,0.402,5.723
2069,SON,Yorkshire and Humber,0.537,8.218
2070,SON,Yorkshire and Humber,0.400,4.634
2071,SON,Yorkshire and Humber,0.415,7.941
2072,SON,Yorkshire and Humber,0.327,5.416
2073,SON,Yorkshire and Humber,0.448,6.871
2074,SON,Yorkshire and Humber,0.363,5.762
2075,SON,Yorkshire and Humber,0.301,5.119
2076,SON,Yorkshire and Humber,0.519,8.287
2077,SON,Yorkshire and Humber,0.492,6.614
2078,SON,Yorkshire and Humber,0.454,10.059
2079,SON,Yorkshire and Humber,0.409,6.525
2080,SON,Yorkshire and Humber,0.400,6.386
1981,SON,Channel Islands,0.659,19.000
1982,SON,Channel Islands,0.549,10.000
1983,SON,Channel Islands,0.659,17.000
1984,SON,Channel Islands,0.451,26.000
1985,SON,Channel Islands,0.659,14.000
1986,SON,Channel Islands,0.571,9.000
1987,SON,Channel Islands,0.560,8.000
1988,SON,Channel Islands,0.473,12.000
1989,SON,Channel Islands,0.593,13.000
1990,SON,Channel Islands,0.648,19.000
1991,SON,Channel Islands,0.484,7.000
1992,SON,Channel Islands,0.374,8.000
1993,SON,Channel Islands,0.462,5.000
1994,SON,Channel Islands,0.637,13.000
1995,SON,Channel Islands,0.473,5.000
1996,SON,Channel Islands,0.604,10.000
1997,SON,Channel Islands,0.516,14.000
1998,SON,Channel Islands,0.637,21.000
1999,SON,Channel Islands,0.626,13.000
2000,SON,Channel Islands,0.593,19.000
2001,SON,Channel Islands,0.473,10.000
2002,SON,Channel Islands,0.703,27.000
2003,SON,Channel Islands,0.505,8.000
2004,SON,Channel Islands,0.648,18.000
2005,SON,Channel Islands,0.484,9.000
2006,SON,Channel Islands,0.571,15.000
2007,SON,Channel Islands,0.604,14.000
2008,SON,Channel Islands,0.418,18.000
2009,SON,Channel Islands,0.527,16.000
2010,SON,Channel Islands,0.736,27.000
2011,SON,Channel Islands,0.527,17.000
2012,SON,Channel Islands,0.571,14.000
2013,SON,Channel Islands,0.385,17.000
2014,SON,Channel Islands,0.604,11.000
2015,SON,Channel Islands,0.473,11.000
2016,SON,Channel Islands,0.418,7.000
2017,SON,Channel Islands,0.549,17.000
2018,SON,Channel Islands,0.505,9.000
2019,SON,Channel Islands,0.648,11.000
2020,SON,Channel Islands,0.571,11.000
2021,SON,Channel Islands,0.582,19.000
2022,SON,Channel Islands,0.473,9.000
2023,SON,Channel Islands,0.648,24.000
2024,SON,Channel Islands,0.495,12.000
2025,SON,Channel Islands,0.692,26.000
2026,SON,Channel Islands,0.780,23.000
2027,SON,Channel Islands,0.571,8.000
2028,SON,Channel Islands,0.516,17.000
2029,SON,Channel Islands,0.538,12.000
2030,SON,Channel Islands,0.451,16.000
2031,SON,Channel Islands,0.473,16.000
2032,SON,Channel Islands,0.648,11.000
2033,SON,Channel Islands,0.538,21.000
2034,SON,Channel Islands,0.549,7.000
2035,SON,Channel Islands,0.538,12.000
2036,SON,Channel Islands,0.659,14.000
2037,SON,Channel Islands,0.615,21.000
2038,SON,Channel Islands,0.505,12.000
2039,SON,Channel Islands,0.604,9.000
2040,SON,Channel Islands,0.440,17.000
2041,SON,Channel Islands,0.560,12.000
2042,SON,Channel Islands,0.516,10.000
2043,SON,Channel Islands,0.527,10.000
2044,SON,Channel Islands,0.571,8.000
2045,SON,Channel Islands,0.418,9.000
2046,SON,Channel Islands,0.582,14.000
2047,SON,Channel Islands,0.637,12.000
2048,SON,Channel Islands,0.593,14.000
2049,SON,Channel Islands,0.516,18.000
2050,SON,Channel Islands,0.516,8.000
2051,SON,Channel Islands,0.516,11.000
2052,SON,Channel Islands,0.593,9.000
2053,SON,Channel Islands,0.407,6.000
2054,SON,Channel Islands,0.780,17.000
2055,SON,Channel Islands,0.637,16.000
2056,SON,Channel Islands,0.549,10.000
2057,SON,Channel Islands,0.319,11.000
2058,SON,Channel Islands,0.615,9.000
2059,SON,Channel Islands,0.648,14.000
2060,SON,Channel Islands,0.462,10.000
2061,SON,Channel Islands,0.604,17.000
2062,SON,Channel Islands,0.516,8.000
2063,SON,Channel Islands,0.418,6.000
2064,SON,Channel Islands,0.462,8.000
2065,SON,Channel Islands,0.560,8.000
2066,SON,Channel Islands,0.549,20.000
2067,SON,Channel Islands,0.495,6.000
2068,SON,Channel Islands,0.538,10.000
2069,SON,Channel Islands,0.615,20.000
2070,SON,Channel Islands,0.582,15.000
2071,SON,Channel Islands,0.571,21.000
2072,SON,Channel Islands,0.385,6.000
2073,SON,Channel Islands,0.363,10.000
2074,SON,Channel Islands,0.670,15.000
2075,SON,Channel Islands,0.352,8.000
2076,SON,Channel Islands,0.495,10.000
2077,SON,Channel Islands,0.582,20.000
2078,SON,Channel Islands,0.484,13.000
2079,SON,Channel Islands,0.549,12.000
2080,SON,Channel Islands,0.495,17.000
1981,SON,Isle of Man,0.498,16.000
1982,SON,Isle of Man,0.575,9.333
1983,SON,Isle of Man,0.619,10.333
1984,SON,Isle of Man,0.495,10.333
1985,SON,Isle of Man,0.454,9.667
1986,SON,Isle of Man,0.626,11.667
1987,SON,Isle of Man,0.619,14.333
1988,SON,Isle of Man,0.473,7.000
1989,SON,Isle of Man,0.656,12.667
1990,SON,Isle of Man,0.645,14.000
1991,SON,Isle of Man,0.546,9.000
1992,SON,Isle of Man,0.480,7.333
1993,SON,Isle of Man,0.484,8.333
1994,SON,Isle of Man,0.641,12.667
1995,SON,Isle of Man,0.509,10.000
1996,SON,Isle of Man,0.623,11.000
1997,SON,Isle of Man,0.546,12.667
1998,SON,Isle of Man,0.542,9.000
1999,SON,Isle of Man,0.586,8.667
2000,SON,Isle of Man,0.564,13.000
2001,SON,Isle of Man,0.495,8.333
2002,SON,Isle of Man,0.685,9.333
2003,SON,Isle of Man,0.612,8.667
2004,SON,Isle of Man,0.615,16.667
2005,SON,Isle of Man,0.498,7.000
2006,SON,Isle of Man,0.678,14.000
2007,SON,Isle of Man,0.560,6.000
2008,SON,Isle of Man,0.498,11.333
2009,SON,Isle of Man,0.582,16.667
2010,SON,Isle of Man,0.667,14.000
2011,SON,Isle of Man,0.381,7.333
2012,SON,Isle of Man,0.476,6.333
2013,SON,Isle of Man,0.524,12.000
2014,SON,Isle of Man,0.568,10.000
2015,SON,Isle of Man,0.560,9.667
2016,SON,Isle of Man,0.432,6.000
2017,SON,Isle of Man,0.538,9.333
2018,SON,Isle of Man,0.557,20.000
2019,SON,Isle of Man,0.663,10.667
2020,SON,Isle of Man,0.498,7.333
2021,SON,Isle of Man,0.432,12.333
2022,SON,Isle of Man,0.513,15.667
2023,SON,Isle of Man,0.663,11.000
2024,SON,Isle of Man,0.575,6.667
2025,SON,Isle of Man,0.590,12.000
2026,SON,Isle of Man,0.659,9.667
2027,SON,Isle of Man,0.674,13.000
2028,SON,Isle of Man,0.330,5.333
2029,SON,Isle of Man,0.385,5.000
2030,SON,Isle of Man,0.542,8.000
2031,SON,Isle of Man,0.458,7.000
2032,SON,Isle of Man,0.568,7.667
2033,SON,Isle of Man,0.553,15.000
2034,SON,Isle of Man,0.634,15.000
2035,SON,Isle of Man,0.498,7.000
2036,SON,Isle of Man,0.659,14.000
2037,SON,Isle of Man,0.531,8.667
2038,SON,Isle of Man,0.502,12.000
2039,SON,Isle of Man,0.707,10.667
2040,SON,Isle of Man,0.505,8.000
2041,SON,Isle of Man,0.656,12.333
2042,SON,Isle of Man,0.608,11.667
2043,SON,Isle of Man,0.648,16.000
2044,SON,Isle of Man,0.535,7.667
2045,SON,Isle of Man,0.531,10.333
2046,SON,Isle of Man,0.527,16.000
2047,SON,Isle of Man,0.568,9.333
2048,SON,Isle of Man,0.480,6.333
2049,SON,Isle of Man,0.465,8.667
2050,SON,Isle of Man,0.509,8.667
2051,SON,Isle of Man,0.491,10.667
2052,SON,Isle of Man,0.604,8.000
2053,SON,Isle of Man,0.436,6.333
2054,SON,Isle of Man,0.733,17.333
2055,SON,Isle of Man,0.634,16.333
2056,SON,Isle of Man,0.553,12.000
2057,SON,Isle of Man,0.396,8.000
2058,SON,Isle of Man,0.465,9.333
2059,SON,Isle of Man,0.601,8.000
2060,SON,Isle of Man,0.546,8.333
2061,SON,Isle of Man,0.495,14.667
2062,SON,Isle of Man,0.553,7.333
2063,SON,Isle of Man,0.630,14.000
2064,SON,Isle of Man,0.491,9.333
2065,SON,Isle of Man,0.575,11.667
2066,SON,Isle of Man,0.458,9.667
2067,SON,Isle of Man,0.495,13.333
2068,SON,Isle of Man,0.509,14.667
2069,SON,Isle of Man,0.593,9.000
2070,SON,Isle of Man,0.535,13.667
2071,SON,Isle of Man,0.421,5.333
2072,SON,Isle of Man,0.399,7.333
2073,SON,Isle of Man,0.407,6.667
2074,SON,Isle of Man,0.524,12.333
2075,SON,Isle of Man,0.374,6.667
2076,SON,Isle of Man,0.564,10.000
2077,SON,Isle of Man,0.557,10.333
2078,SON,Isle of Man,0.520,12.333
2079,SON,Isle of Man,0.429,5.000
2080,SON,Isle of Man,0.399,5.000
1981,SON,Northern Ireland,0.465,6.977
1982,SON,Northern Ireland,0.568,10.000
1983,SON,Northern Ireland,0.573,7.535
1984,SON,Northern Ireland,0.382,5.733
1985,SON,Northern Ireland,0.510,10.198
1986,SON,Northern Ireland,0.614,12.291
1987,SON,Northern Ireland,0.584,10.419
1988,SON,Northern Ireland,0.518,9.116
1989,SON,Northern Ireland,0.578,8.733
1990,SON,Northern Ireland,0.609,11.488
1991,SON,Northern Ireland,0.533,9.651
1992,SON,Northern Ireland,0.480,7.349
1993,SON,Northern Ireland,0.461,6.651
1994,SON,Northern Ireland,0.591,7.977
1995,SON,Northern Ireland,0.451,6.849
1996,SON,Northern Ireland,0.572,9.651
1997,SON,Northern Ireland,0.442,6.930
1998,SON,Northern Ireland,0.554,7.942
1999,SON,Northern Ireland,0.572,9.535
2000,SON,Northern Ireland,0.572,9.698
2001,SON,Northern Ireland,0.491,6.512
2002,SON,Northern Ireland,0.573,9.140
2003,SON,Northern Ireland,0.544,7.047
2004,SON,Northern Ireland,0.557,9.453
2005,SON,Northern Ireland,0.495,6.291
2006,SON,Northern Ireland,0.613,9.663
2007,SON,Northern Ireland,0.521,7.070
2008,SON,Northern Ireland,0.473,9.593
2009,SON,Northern Ireland,0.565,13.930
2010,SON,Northern Ireland,0.614,10.535
2011,SON,Northern Ireland,0.373,9.174
2012,SON,Northern Ireland,0.518,7.826
2013,SON,Northern Ireland,0.547,9.628
2014,SON,Northern Ireland,0.567,8.849
2015,SON,Northern Ireland,0.514,10.826
2016,SON,Northern Ireland,0.452,5.872
2017,SON,Northern Ireland,0.513,10.512
2018,SON,Northern Ireland,0.550,14.837
2019,SON,Northern Ireland,0.558,8.698
2020,SON,Northern Ireland,0.518,7.837
2021,SON,Northern Ireland,0.458,8.360
2022,SON,Northern Ireland,0.470,8.337
2023,SON,Northern Ireland,0.672,11.767
2024,SON,Northern Ireland,0.543,6.953
2025,SON,Northern Ireland,0.570,15.419
2026,SON,Northern Ireland,0.613,10.442
2027,SON,Northern Ireland,0.644,10.384
2028,SON,Northern Ireland,0.325,5.477
2029,SON,Northern Ireland,0.408,6.244
2030,SON,Northern Ireland,0.557,10.186
2031,SON,Northern Ireland,0.447,5.547
2032,SON,Northern Ireland,0.519,8.081
2033,SON,Northern Ireland,0.565,10.395
2034,SON,Northern Ireland,0.612,11.221
2035,SON,Northern Ireland,0.478,7.267
2036,SON,Northern Ireland,0.631,9.756
2037,SON,Northern Ireland,0.468,11.814
2038,SON,Northern Ireland,0.574,10.721
2039,SON,Northern Ireland,0.646,10.326
2040,SON,Northern Ireland,0.546,8.488
2041,SON,Northern Ireland,0.575,10.500
2042,SON,Northern Ireland,0.526,8.733
2043,SON,Northern Ireland,0.542,9.349
2044,SON,Northern Ireland,0.554,7.198
2045,SON,Northern Ireland,0.609,9.407
2046,SON,Northern Ireland,0.512,9.256
2047,SON,Northern Ireland,0.540,9.140
2048,SON,Northern Ireland,0.489,9.442
2049,SON,Northern Ireland,0.438,7.360
2050,SON,Northern Ireland,0.531,10.709
2051,SON,Northern Ireland,0.512,6.965
2052,SON,Northern Ireland,0.614,7.663
2053,SON,Northern Ireland,0.439,5.698
2054,SON,Northern Ireland,0.638,10.744
2055,SON,Northern Ireland,0.618,9.884
2056,SON,Northern Ireland,0.528,6.465
2057,SON,Northern Ireland,0.473,11.721
2058,SON,Northern Ireland,0.470,8.616
2059,SON,Northern Ireland,0.513,7.523
2060,SON,Northern Ireland,0.490,7.419
2061,SON,Northern Ireland,0.507,8.558
2062,SON,Northern Ireland,0.552,9.570
2063,SON,Northern Ireland,0.561,11.942
2064,SON,Northern Ireland,0.558,8.895
2065,SON,Northern Ireland,0.500,9.151
2066,SON,Northern Ireland,0.485,9.233
2067,SON,Northern Ireland,0.569,14.593
2068,SON,Northern Ireland,0.476,6.698
2069,SON,Northern Ireland,0.505,8.291
2070,SON,Northern Ireland,0.527,9.593
2071,SON,Northern Ireland,0.469,6.372
2072,SON,Northern Ireland,0.457,7.860
2073,SON,Northern Ireland,0.383,6.605
2074,SON,Northern Ireland,0.460,7.023
2075,SON,Northern Ireland,0.422,4.802
2076,SON,Northern Ireland,0.506,8.884
2077,SON,Northern Ireland,0.578,7.337
2078,SON,Northern Ireland,0.500,7.174
2079,SON,Northern Ireland,0.417,6.291
2080,SON,Northern Ireland,0.460,6.523
1981,SON,Wales,0.501,10.314
1982,SON,Wales,0.501,5.934
1983,SON,Wales,0.539,8.161
1984,SON,Wales,0.410,7.701
1985,SON,Wales,0.511,8.723
1986,SON,Wales,0.524,10.058
1987,SON,Wales,0.573,13.766
1988,SON,Wales,0.412,7.584
1989,SON,Wales,0.610,8.781
1990,SON,Wales,0.593,9.766
1991,SON,Wales,0.445,7.825
1992,SON,Wales,0.361,6.029
1993,SON,Wales,0.433,6.737
1994,SON,Wales,0.611,9.642
1995,SON,Wales,0.440,8.153
1996,SON,Wales,0.523,8.161
1997,SON,Wales,0.479,9.891
1998,SON,Wales,0.526,14.832
1999,SON,Wales,0.562,8.380
2000,SON,Wales,0.523,12.007
2001,SON,Wales,0.452,10.686
2002,SON,Wales,0.613,11.496
2003,SON,Wales,0.506,9.985
2004,SON,Wales,0.547,10.474
2005,SON,Wales,0.417,6.051
2006,SON,Wales,0.565,13.117
2007,SON,Wales,0.473,8.255
2008,SON,Wales,0.454,14.474
2009,SON,Wales,0.493,8.854
2010,SON,Wales,0.552,9.197
2011,SON,Wales,0.383,7.146
2012,SON,Wales,0.473,6.577
2013,SON,Wales,0.459,8.022
2014,SON,Wales,0.502,8.540
2015,SON,Wales,0.475,9.321
2016,SON,Wales,0.380,5.832
2017,SON,Wales,0.433,8.307
2018,SON,Wales,0.502,9.927
2019,SON,Wales,0.613,10.036
2020,SON,Wales,0.487,8.175
2021,SON,Wales,0.415,10.080
2022,SON,Wales,0.426,9.109
2023,SON,Wales,0.664,12.175
2024,SON,Wales,0.525,7.701
2025,SON,Wales,0.552,15.788
2026,SON,Wales,0.645,13.015
2027,SON,Wales,0.612,10.504
2028,SON,Wales,0.352,9.321
2029,SON,Wales,0.354,6.387
2030,SON,Wales,0.437,7.847
2031,SON,Wales,0.402,6.438
2032,SON,Wales,0.539,9.540
2033,SON,Wales,0.508,9.241
2034,SON,Wales,0.552,7.401
2035,SON,Wales,0.490,9.672
2036,SON,Wales,0.586,10.642
2037,SON,Wales,0.536,9.920
2038,SON,Wales,0.515,10.438
2039,SON,Wales,0.617,9.058
2040,SON,Wales,0.439,9.453
2041,SON,Wales,0.526,8.190
2042,SON,Wales,0.488,6.796
2043,SON,Wales,0.529,12.664
2044,SON,Wales,0.474,7.599
2045,SON,Wales,0.537,10.139
2046,SON,Wales,0.502,9.212
2047,SON,Wales,0.542,7.460
2048,SON,Wales,0.489,7.161
2049,SON,Wales,0.400,8.686
2050,SON,Wales,0.468,9.504
2051,SON,Wales,0.484,12.000
2052,SON,Wales,0.516,14.314
2053,SON,Wales,0.399,4.569
2054,SON,Wales,0.636,10.949
2055,SON,Wales,0.622,10.350
2056,SON,Wales,0.484,7.358
2057,SON,Wales,0.411,9.577
2058,SON,Wales,0.497,6.839
2059,SON,Wales,0.494,11.401
2060,SON,Wales,0.466,5.993
2061,SON,Wales,0.424,7.577
2062,SON,Wales,0.466,6.584
2063,SON,Wales,0.545,9.657
2064,SON,Wales,0.486,8.482
2065,SON,Wales,0.521,8.474
2066,SON,Wales,0.469,8.474
2067,SON,Wales,0.522,8.496
2068,SON,Wales,0.458,7.854
2069,SON,Wales,0.516,8.555
2070,SON,Wales,0.474,9.562
2071,SON,Wales,0.455,7.796
2072,SON,Wales,0.373,8.270
2073,SON,Wales,0.389,6.584
2074,SON,Wales,0.469,9.540
2075,SON,Wales,0.339,6.328
2076,SON,Wales,0.527,8.569
2077,SON,Wales,0.550,8.022
2078,SON,Wales,0.503,9.766
2079,SON,Wales,0.446,7.387
2080,SON,Wales,0.430,6.650
