Year,Season,Region,fwd,wsmax
1981,Annual,East Midlands,0.490,10.654
1982,Annual,East Midlands,0.482,12.115
1983,Annual,East Midlands,0.525,11.173
1984,Annual,East Midlands,0.503,9.096
1985,Annual,East Midlands,0.482,10.481
1986,Annual,East Midlands,0.430,10.596
1987,Annual,East Midlands,0.488,10.240
1988,Annual,East Midlands,0.498,9.971
1989,Annual,East Midlands,0.519,11.038
1990,Annual,East Midlands,0.511,11.769
1991,Annual,East Midlands,0.509,10.337
1992,Annual,East Midlands,0.491,10.375
1993,Annual,East Midlands,0.414,9.115
1994,Annual,East Midlands,0.492,11.442
1995,Annual,East Midlands,0.475,12.192
1996,Annual,East Midlands,0.462,9.673
1997,Annual,East Midlands,0.442,9.894
1998,Annual,East Midlands,0.514,10.721
1999,Annual,East Midlands,0.435,8.490
2000,Annual,East Midlands,0.430,8.538
2001,Annual,East Midlands,0.527,10.683
2002,Annual,East Midlands,0.473,11.279
2003,Annual,East Midlands,0.447,8.038
2004,Annual,East Midlands,0.530,14.163
2005,Annual,East Midlands,0.492,9.529
2006,Annual,East Midlands,0.484,10.231
2007,Annual,East Midlands,0.429,9.721
2008,Annual,East Midlands,0.454,11.125
2009,Annual,East Midlands,0.527,10.490
2010,Annual,East Midlands,0.478,9.327
2011,Annual,East Midlands,0.464,11.490
2012,Annual,East Midlands,0.396,9.423
2013,Annual,East Midlands,0.444,10.087
2014,Annual,East Midlands,0.524,12.029
2015,Annual,East Midlands,0.526,13.163
2016,Annual,East Midlands,0.501,10.029
2017,Annual,East Midlands,0.475,8.712
2018,Annual,East Midlands,0.534,10.865
2019,Annual,East Midlands,0.530,10.356
2020,Annual,East Midlands,0.488,11.865
2021,Annual,East Midlands,0.473,12.048
2022,Annual,East Midlands,0.443,9.221
2023,Annual,East Midlands,0.456,9.846
2024,Annual,East Midlands,0.444,7.885
2025,Annual,East Midlands,0.452,11.615
2026,Annual,East Midlands,0.414,8.558
2027,Annual,East Midlands,0.418,10.115
2028,Annual,East Midlands,0.489,9.558
2029,Annual,East Midlands,0.467,9.769
2030,Annual,East Midlands,0.492,10.481
2031,Annual,East Midlands,0.499,11.250
2032,Annual,East Midlands,0.427,9.827
2033,Annual,East Midlands,0.460,10.019
2034,Annual,East Midlands,0.469,10.587
2035,Annual,East Midlands,0.425,10.519
2036,Annual,East Midlands,0.447,9.413
2037,Annual,East Midlands,0.489,11.298
2038,Annual,East Midlands,0.421,8.952
2039,Annual,East Midlands,0.452,10.865
2040,Annual,East Midlands,0.484,9.721
2041,Annual,East Midlands,0.423,10.000
2042,Annual,East Midlands,0.488,12.058
2043,Annual,East Midlands,0.480,10.115
2044,Annual,East Midlands,0.414,11.077
2045,Annual,East Midlands,0.404,12.202
2046,Annual,East Midlands,0.519,15.404
2047,Annual,East Midlands,0.462,12.212
2048,Annual,East Midlands,0.500,9.615
2049,Annual,East Midlands,0.432,9.712
2050,Annual,East Midlands,0.376,7.721
2051,Annual,East Midlands,0.475,14.317
2052,Annual,East Midlands,0.520,9.567
2053,Annual,East Midlands,0.394,10.327
2054,Annual,East Midlands,0.468,11.904
2055,Annual,East Midlands,0.448,10.769
2056,Annual,East Midlands,0.400,8.779
2057,Annual,East Midlands,0.493,9.663
2058,Annual,East Midlands,0.448,13.317
2059,Annual,East Midlands,0.401,8.625
2060,Annual,East Midlands,0.396,10.981
2061,Annual,East Midlands,0.454,11.788
2062,Annual,East Midlands,0.533,11.654
2063,Annual,East Midlands,0.460,7.798
2064,Annual,East Midlands,0.486,10.240
2065,Annual,East Midlands,0.392,7.519
2066,Annual,East Midlands,0.529,15.875
2067,Annual,East Midlands,0.552,11.990
2068,Annual,East Midlands,0.401,9.173
2069,Annual,East Midlands,0.496,11.615
2070,Annual,East Midlands,0.419,7.817
2071,Annual,East Midlands,0.416,8.394
2072,Annual,East Midlands,0.389,7.885
2073,Annual,East Midlands,0.416,10.529
2074,Annual,East Midlands,0.417,8.798
2075,Annual,East Midlands,0.380,9.385
2076,Annual,East Midlands,0.411,8.087
2077,Annual,East Midlands,0.461,11.067
2078,Annual,East Midlands,0.466,9.308
2079,Annual,East Midlands,0.476,9.740
2080,Annual,East Midlands,0.455,15.260
1981,Annual,East of England,0.431,9.346
1982,Annual,East of England,0.441,9.031
1983,Annual,East of England,0.489,9.538
1984,Annual,East of England,0.461,8.315
1985,Annual,East of England,0.438,10.554
1986,Annual,East of England,0.412,11.615
1987,Annual,East of England,0.440,10.792
1988,Annual,East of England,0.492,10.331
1989,Annual,East of England,0.492,9.008
1990,Annual,East of England,0.486,14.800
1991,Annual,East of England,0.472,9.531
1992,Annual,East of England,0.471,10.223
1993,Annual,East of England,0.371,8.969
1994,Annual,East of England,0.434,10.638
1995,Annual,East of England,0.429,8.538
1996,Annual,East of England,0.431,8.200
1997,Annual,East of England,0.394,8.769
1998,Annual,East of England,0.499,9.700
1999,Annual,East of England,0.423,6.938
2000,Annual,East of England,0.394,7.608
2001,Annual,East of England,0.511,11.315
2002,Annual,East of England,0.456,10.769
2003,Annual,East of England,0.411,6.923
2004,Annual,East of England,0.496,12.162
2005,Annual,East of England,0.460,10.192
2006,Annual,East of England,0.457,10.838
2007,Annual,East of England,0.394,7.238
2008,Annual,East of England,0.442,11.492
2009,Annual,East of England,0.481,8.815
2010,Annual,East of England,0.438,9.277
2011,Annual,East of England,0.417,9.538
2012,Annual,East of England,0.397,8.462
2013,Annual,East of England,0.413,8.823
2014,Annual,East of England,0.491,11.523
2015,Annual,East of England,0.477,13.677
2016,Annual,East of England,0.475,8.854
2017,Annual,East of England,0.437,7.692
2018,Annual,East of England,0.500,10.554
2019,Annual,East of England,0.517,8.923
2020,Annual,East of England,0.431,10.100
2021,Annual,East of England,0.445,10.177
2022,Annual,East of England,0.426,8.731
2023,Annual,East of England,0.429,9.400
2024,Annual,East of England,0.406,8.146
2025,Annual,East of England,0.443,10.185
2026,Annual,East of England,0.387,6.700
2027,Annual,East of England,0.407,9.115
2028,Annual,East of England,0.432,7.969
2029,Annual,East of England,0.431,8.546
2030,Annual,East of England,0.466,11.562
2031,Annual,East of England,0.491,11.031
2032,Annual,East of England,0.405,9.785
2033,Annual,East of England,0.443,9.815
2034,Annual,East of England,0.414,9.262
2035,Annual,East of England,0.397,7.315
2036,Annual,East of England,0.394,7.323
2037,Annual,East of England,0.452,9.962
2038,Annual,East of England,0.398,8.692
2039,Annual,East of England,0.434,10.923
2040,Annual,East of England,0.454,10.477
2041,Annual,East of England,0.418,9.423
2042,Annual,East of England,0.431,9.631
2043,Annual,East of England,0.449,10.262
2044,Annual,East of England,0.380,9.162
2045,Annual,East of England,0.366,8.069
2046,Annual,East of England,0.489,11.654
2047,Annual,East of England,0.425,10.531
2048,Annual,East of England,0.476,9.615
2049,Annual,East of England,0.400,7.431
2050,Annual,East of England,0.352,6.938
2051,Annual,East of England,0.446,12.177
2052,Annual,East of England,0.501,10.762
2053,Annual,East of England,0.367,10.031
2054,Annual,East of England,0.459,12.900
2055,Annual,East of England,0.391,9.338
2056,Annual,East of England,0.362,7.523
2057,Annual,East of England,0.463,10.269
2058,Annual,East of England,0.414,12.762
2059,Annual,East of England,0.386,8.700
2060,Annual,East of England,0.387,8.823
2061,Annual,East of England,0.447,9.754
2062,Annual,East of England,0.493,9.785
2063,Annual,East of England,0.425,7.692
2064,Annual,East of England,0.454,8.562
2065,Annual,East of England,0.378,8.838
2066,Annual,East of England,0.491,11.408
2067,Annual,East of England,0.514,11.362
2068,Annual,East of England,0.383,8.500
2069,Annual,East of England,0.475,9.808
2070,Annual,East of England,0.397,8.492
2071,Annual,East of England,0.366,7.569
2072,Annual,East of England,0.361,8.354
2073,Annual,East of England,0.394,10.992
2074,Annual,East of England,0.404,9.246
2075,Annual,East of England,0.334,9.162
2076,Annual,East of England,0.389,7.523
2077,Annual,East of England,0.440,11.062
2078,Annual,East of England,0.444,10.692
2079,Annual,East of England,0.438,9.769
2080,Annual,East of England,0.425,14.162
1981,Annual,East Scotland,0.626,18.259
1982,Annual,East Scotland,0.602,15.611
1983,Annual,East Scotland,0.657,16.623
1984,Annual,East Scotland,0.642,17.216
1985,Annual,East Scotland,0.601,15.537
1986,Annual,East Scotland,0.593,14.290
1987,Annual,East Scotland,0.614,14.222
1988,Annual,East Scotland,0.624,18.648
1989,Annual,East Scotland,0.661,18.728
1990,Annual,East Scotland,0.573,16.062
1991,Annual,East Scotland,0.614,18.981
1992,Annual,East Scotland,0.616,18.963
1993,Annual,East Scotland,0.577,15.346
1994,Annual,East Scotland,0.559,17.185
1995,Annual,East Scotland,0.584,16.235
1996,Annual,East Scotland,0.596,14.926
1997,Annual,East Scotland,0.528,13.426
1998,Annual,East Scotland,0.620,17.469
1999,Annual,East Scotland,0.554,14.772
2000,Annual,East Scotland,0.591,14.580
2001,Annual,East Scotland,0.650,16.667
2002,Annual,East Scotland,0.619,18.259
2003,Annual,East Scotland,0.586,15.265
2004,Annual,East Scotland,0.628,19.340
2005,Annual,East Scotland,0.673,20.290
2006,Annual,East Scotland,0.601,14.772
2007,Annual,East Scotland,0.593,15.512
2008,Annual,East Scotland,0.644,19.556
2009,Annual,East Scotland,0.604,16.790
2010,Annual,East Scotland,0.610,14.469
2011,Annual,East Scotland,0.611,15.099
2012,Annual,East Scotland,0.606,17.481
2013,Annual,East Scotland,0.618,15.568
2014,Annual,East Scotland,0.609,15.549
2015,Annual,East Scotland,0.651,17.167
2016,Annual,East Scotland,0.677,19.185
2017,Annual,East Scotland,0.617,17.093
2018,Annual,East Scotland,0.682,17.556
2019,Annual,East Scotland,0.651,16.586
2020,Annual,East Scotland,0.617,14.833
2021,Annual,East Scotland,0.582,16.815
2022,Annual,East Scotland,0.567,13.765
2023,Annual,East Scotland,0.576,15.247
2024,Annual,East Scotland,0.607,17.475
2025,Annual,East Scotland,0.589,17.938
2026,Annual,East Scotland,0.609,20.037
2027,Annual,East Scotland,0.639,18.352
2028,Annual,East Scotland,0.655,19.438
2029,Annual,East Scotland,0.605,20.154
2030,Annual,East Scotland,0.620,19.000
2031,Annual,East Scotland,0.651,18.747
2032,Annual,East Scotland,0.575,16.920
2033,Annual,East Scotland,0.598,16.901
2034,Annual,East Scotland,0.598,17.710
2035,Annual,East Scotland,0.577,16.802
2036,Annual,East Scotland,0.562,15.846
2037,Annual,East Scotland,0.583,14.099
2038,Annual,East Scotland,0.600,18.679
2039,Annual,East Scotland,0.612,16.309
2040,Annual,East Scotland,0.628,18.759
2041,Annual,East Scotland,0.622,15.685
2042,Annual,East Scotland,0.632,18.426
2043,Annual,East Scotland,0.636,17.525
2044,Annual,East Scotland,0.630,20.716
2045,Annual,East Scotland,0.518,13.444
2046,Annual,East Scotland,0.655,17.889
2047,Annual,East Scotland,0.579,14.907
2048,Annual,East Scotland,0.624,18.556
2049,Annual,East Scotland,0.555,14.537
2050,Annual,East Scotland,0.580,13.957
2051,Annual,East Scotland,0.591,20.154
2052,Annual,East Scotland,0.626,15.086
2053,Annual,East Scotland,0.550,16.136
2054,Annual,East Scotland,0.609,18.457
2055,Annual,East Scotland,0.563,13.315
2056,Annual,East Scotland,0.561,19.506
2057,Annual,East Scotland,0.635,17.852
2058,Annual,East Scotland,0.561,14.043
2059,Annual,East Scotland,0.536,13.636
2060,Annual,East Scotland,0.541,18.500
2061,Annual,East Scotland,0.551,14.833
2062,Annual,East Scotland,0.653,19.062
2063,Annual,East Scotland,0.554,14.302
2064,Annual,East Scotland,0.662,17.136
2065,Annual,East Scotland,0.601,17.210
2066,Annual,East Scotland,0.633,17.216
2067,Annual,East Scotland,0.665,20.988
2068,Annual,East Scotland,0.532,15.247
2069,Annual,East Scotland,0.618,15.265
2070,Annual,East Scotland,0.591,14.765
2071,Annual,East Scotland,0.593,16.765
2072,Annual,East Scotland,0.510,12.475
2073,Annual,East Scotland,0.553,14.623
2074,Annual,East Scotland,0.554,13.735
2075,Annual,East Scotland,0.573,16.179
2076,Annual,East Scotland,0.589,15.704
2077,Annual,East Scotland,0.628,19.901
2078,Annual,East Scotland,0.618,15.969
2079,Annual,East Scotland,0.595,19.605
2080,Annual,East Scotland,0.573,12.716
1981,Annual,London,0.448,12.583
1982,Annual,London,0.460,9.667
1983,Annual,London,0.500,10.417
1984,Annual,London,0.487,8.917
1985,Annual,London,0.459,11.583
1986,Annual,London,0.420,10.167
1987,Annual,London,0.466,12.667
1988,Annual,London,0.491,13.750
1989,Annual,London,0.529,9.917
1990,Annual,London,0.505,20.000
1991,Annual,London,0.469,10.250
1992,Annual,London,0.476,9.833
1993,Annual,London,0.395,7.917
1994,Annual,London,0.457,11.833
1995,Annual,London,0.457,9.667
1996,Annual,London,0.458,10.167
1997,Annual,London,0.422,9.917
1998,Annual,London,0.485,10.500
1999,Annual,London,0.437,10.250
2000,Annual,London,0.411,8.250
2001,Annual,London,0.510,10.833
2002,Annual,London,0.483,15.833
2003,Annual,London,0.415,7.000
2004,Annual,London,0.503,10.833
2005,Annual,London,0.474,12.417
2006,Annual,London,0.457,11.833
2007,Annual,London,0.406,7.167
2008,Annual,London,0.463,13.167
2009,Annual,London,0.492,8.750
2010,Annual,London,0.470,11.417
2011,Annual,London,0.424,10.583
2012,Annual,London,0.397,9.917
2013,Annual,London,0.425,9.917
2014,Annual,London,0.497,12.000
2015,Annual,London,0.512,12.250
2016,Annual,London,0.468,8.667
2017,Annual,London,0.450,12.750
2018,Annual,London,0.505,13.833
2019,Annual,London,0.542,9.667
2020,Annual,London,0.432,7.667
2021,Annual,London,0.451,11.417
2022,Annual,London,0.446,9.250
2023,Annual,London,0.436,8.500
2024,Annual,London,0.418,8.333
2025,Annual,London,0.440,11.417
2026,Annual,London,0.413,7.000
2027,Annual,London,0.446,12.583
2028,Annual,London,0.464,7.917
2029,Annual,London,0.447,11.417
2030,Annual,London,0.444,12.000
2031,Annual,London,0.513,12.333
2032,Annual,London,0.400,10.000
2033,Annual,London,0.474,12.500
2034,Annual,London,0.426,11.000
2035,Annual,London,0.421,8.583
2036,Annual,London,0.398,7.500
2037,Annual,London,0.454,10.167
2038,Annual,London,0.420,9.667
2039,Annual,London,0.435,11.417
2040,Annual,London,0.439,12.750
2041,Annual,London,0.422,8.917
2042,Annual,London,0.458,9.750
2043,Annual,London,0.436,9.833
2044,Annual,London,0.398,14.000
2045,Annual,London,0.369,8.167
2046,Annual,London,0.503,11.500
2047,Annual,London,0.422,11.417
2048,Annual,London,0.496,10.417
2049,Annual,London,0.394,8.417
2050,Annual,London,0.363,8.583
2051,Annual,London,0.470,13.833
2052,Annual,London,0.520,12.667
2053,Annual,London,0.360,8.917
2054,Annual,London,0.448,11.667
2055,Annual,London,0.379,8.500
2056,Annual,London,0.366,10.000
2057,Annual,London,0.473,11.167
2058,Annual,London,0.421,11.000
2059,Annual,London,0.409,10.083
2060,Annual,London,0.403,11.250
2061,Annual,London,0.476,10.917
2062,Annual,London,0.493,10.833
2063,Annual,London,0.419,8.750
2064,Annual,London,0.450,8.333
2065,Annual,London,0.368,9.167
2066,Annual,London,0.483,12.000
2067,Annual,London,0.514,11.667
2068,Annual,London,0.384,8.083
2069,Annual,London,0.480,9.333
2070,Annual,London,0.410,10.667
2071,Annual,London,0.371,7.000
2072,Annual,London,0.355,8.333
2073,Annual,London,0.415,12.750
2074,Annual,London,0.414,11.167
2075,Annual,London,0.356,10.917
2076,Annual,London,0.387,8.500
2077,Annual,London,0.429,10.333
2078,Annual,London,0.458,10.750
2079,Annual,London,0.421,9.583
2080,Annual,London,0.424,14.333
1981,Annual,North East England,0.570,15.561
1982,Annual,North East England,0.557,14.561
1983,Annual,North East England,0.605,15.719
1984,Annual,North East England,0.580,12.965
1985,Annual,North East England,0.548,13.281
1986,Annual,North East England,0.554,13.053
1987,Annual,North East England,0.559,15.140
1988,Annual,North East England,0.567,14.561
1989,Annual,North East England,0.580,13.456
1990,Annual,North East England,0.522,14.105
1991,Annual,North East England,0.542,14.912
1992,Annual,North East England,0.568,15.368
1993,Annual,North East England,0.491,14.070
1994,Annual,North East England,0.542,15.228
1995,Annual,North East England,0.535,14.912
1996,Annual,North East England,0.544,11.930
1997,Annual,North East England,0.462,9.561
1998,Annual,North East England,0.596,13.386
1999,Annual,North East England,0.487,16.193
2000,Annual,North East England,0.535,13.140
2001,Annual,North East England,0.600,14.263
2002,Annual,North East England,0.554,13.632
2003,Annual,North East England,0.519,11.509
2004,Annual,North East England,0.613,14.719
2005,Annual,North East England,0.583,13.947
2006,Annual,North East England,0.538,12.193
2007,Annual,North East England,0.516,11.175
2008,Annual,North East England,0.554,10.316
2009,Annual,North East England,0.583,14.316
2010,Annual,North East England,0.560,12.018
2011,Annual,North East England,0.560,13.088
2012,Annual,North East England,0.506,15.018
2013,Annual,North East England,0.547,12.246
2014,Annual,North East England,0.571,12.123
2015,Annual,North East England,0.586,13.211
2016,Annual,North East England,0.583,13.877
2017,Annual,North East England,0.574,12.877
2018,Annual,North East England,0.616,12.263
2019,Annual,North East England,0.601,12.316
2020,Annual,North East England,0.564,16.368
2021,Annual,North East England,0.519,13.298
2022,Annual,North East England,0.502,11.140
2023,Annual,North East England,0.515,14.088
2024,Annual,North East England,0.525,12.526
2025,Annual,North East England,0.525,15.070
2026,Annual,North East England,0.525,13.175
2027,Annual,North East England,0.531,13.772
2028,Annual,North East England,0.588,15.719
2029,Annual,North East England,0.564,17.088
2030,Annual,North East England,0.550,13.509
2031,Annual,North East England,0.577,14.930
2032,Annual,North East England,0.518,15.737
2033,Annual,North East England,0.557,14.211
2034,Annual,North East England,0.525,10.000
2035,Annual,North East England,0.525,13.965
2036,Annual,North East England,0.506,11.719
2037,Annual,North East England,0.543,11.316
2038,Annual,North East England,0.526,13.368
2039,Annual,North East England,0.528,11.684
2040,Annual,North East England,0.574,15.193
2041,Annual,North East England,0.547,12.684
2042,Annual,North East England,0.543,12.298
2043,Annual,North East England,0.563,13.649
2044,Annual,North East England,0.536,13.737
2045,Annual,North East England,0.477,13.316
2046,Annual,North East England,0.620,14.000
2047,Annual,North East England,0.548,14.667
2048,Annual,North East England,0.554,14.930
2049,Annual,North East England,0.456,11.509
2050,Annual,North East England,0.484,10.912
2051,Annual,North East England,0.523,13.947
2052,Annual,North East England,0.557,12.456
2053,Annual,North East England,0.455,12.860
2054,Annual,North East England,0.509,14.877
2055,Annual,North East England,0.519,14.596
2056,Annual,North East England,0.473,10.579
2057,Annual,North East England,0.585,12.842
2058,Annual,North East England,0.522,13.053
2059,Annual,North East England,0.471,9.947
2060,Annual,North East England,0.470,11.509
2061,Annual,North East England,0.509,11.211
2062,Annual,North East England,0.658,15.754
2063,Annual,North East England,0.534,12.053
2064,Annual,North East England,0.602,14.035
2065,Annual,North East England,0.516,12.947
2066,Annual,North East England,0.608,13.474
2067,Annual,North East England,0.581,12.456
2068,Annual,North East England,0.464,10.877
2069,Annual,North East England,0.563,14.421
2070,Annual,North East England,0.530,12.439
2071,Annual,North East England,0.533,10.912
2072,Annual,North East England,0.459,13.561
2073,Annual,North East England,0.487,11.930
2074,Annual,North East England,0.494,14.544
2075,Annual,North East England,0.461,9.965
2076,Annual,North East England,0.501,10.316
2077,Annual,North East England,0.553,14.368
2078,Annual,North East England,0.565,17.877
2079,Annual,North East England,0.539,13.982
2080,Annual,North East England,0.498,10.825
1981,Annual,North Scotland,0.690,23.621
1982,Annual,North Scotland,0.670,21.692
1983,Annual,North Scotland,0.749,26.033
1984,Annual,North Scotland,0.726,24.949
1985,Annual,North Scotland,0.681,24.995
1986,Annual,North Scotland,0.670,22.939
1987,Annual,North Scotland,0.662,21.112
1988,Annual,North Scotland,0.685,28.692
1989,Annual,North Scotland,0.735,29.654
1990,Annual,North Scotland,0.661,20.023
1991,Annual,North Scotland,0.720,33.285
1992,Annual,North Scotland,0.666,26.093
1993,Annual,North Scotland,0.665,21.075
1994,Annual,North Scotland,0.643,26.542
1995,Annual,North Scotland,0.695,24.477
1996,Annual,North Scotland,0.674,28.995
1997,Annual,North Scotland,0.605,17.808
1998,Annual,North Scotland,0.689,23.589
1999,Annual,North Scotland,0.634,20.556
2000,Annual,North Scotland,0.652,23.304
2001,Annual,North Scotland,0.727,22.051
2002,Annual,North Scotland,0.659,20.673
2003,Annual,North Scotland,0.723,30.986
2004,Annual,North Scotland,0.665,22.808
2005,Annual,North Scotland,0.724,25.958
2006,Annual,North Scotland,0.673,22.065
2007,Annual,North Scotland,0.695,27.379
2008,Annual,North Scotland,0.700,27.617
2009,Annual,North Scotland,0.652,24.196
2010,Annual,North Scotland,0.693,24.079
2011,Annual,North Scotland,0.715,26.411
2012,Annual,North Scotland,0.751,25.818
2013,Annual,North Scotland,0.676,20.935
2014,Annual,North Scotland,0.698,23.575
2015,Annual,North Scotland,0.736,24.257
2016,Annual,North Scotland,0.756,29.159
2017,Annual,North Scotland,0.658,24.350
2018,Annual,North Scotland,0.790,39.575
2019,Annual,North Scotland,0.744,30.009
2020,Annual,North Scotland,0.703,22.930
2021,Annual,North Scotland,0.681,27.192
2022,Annual,North Scotland,0.654,22.533
2023,Annual,North Scotland,0.637,27.117
2024,Annual,North Scotland,0.707,22.009
2025,Annual,North Scotland,0.638,25.720
2026,Annual,North Scotland,0.725,29.005
2027,Annual,North Scotland,0.726,29.140
2028,Annual,North Scotland,0.721,28.874
2029,Annual,North Scotland,0.675,24.556
2030,Annual,North Scotland,0.708,34.290
2031,Annual,North Scotland,0.743,34.537
2032,Annual,North Scotland,0.672,26.164
2033,Annual,North Scotland,0.643,21.435
2034,Annual,North Scotland,0.665,25.925
2035,Annual,North Scotland,0.673,23.121
2036,Annual,North Scotland,0.628,18.486
2037,Annual,North Scotland,0.633,20.692
2038,Annual,North Scotland,0.669,26.206
2039,Annual,North Scotland,0.703,22.640
2040,Annual,North Scotland,0.681,23.491
2041,Annual,North Scotland,0.675,23.458
2042,Annual,North Scotland,0.716,24.589
2043,Annual,North Scotland,0.686,25.453
2044,Annual,North Scotland,0.727,34.631
2045,Annual,North Scotland,0.593,24.014
2046,Annual,North Scotland,0.704,26.477
2047,Annual,North Scotland,0.672,19.710
2048,Annual,North Scotland,0.693,28.766
2049,Annual,North Scotland,0.687,23.075
2050,Annual,North Scotland,0.676,23.374
2051,Annual,North Scotland,0.687,34.757
2052,Annual,North Scotland,0.681,23.603
2053,Annual,North Scotland,0.669,21.519
2054,Annual,North Scotland,0.697,24.388
2055,Annual,North Scotland,0.675,19.813
2056,Annual,North Scotland,0.658,22.907
2057,Annual,North Scotland,0.697,23.607
2058,Annual,North Scotland,0.658,18.743
2059,Annual,North Scotland,0.597,19.061
2060,Annual,North Scotland,0.652,33.322
2061,Annual,North Scotland,0.617,25.799
2062,Annual,North Scotland,0.713,26.355
2063,Annual,North Scotland,0.640,20.963
2064,Annual,North Scotland,0.724,24.065
2065,Annual,North Scotland,0.706,22.336
2066,Annual,North Scotland,0.675,20.701
2067,Annual,North Scotland,0.743,28.257
2068,Annual,North Scotland,0.603,18.776
2069,Annual,North Scotland,0.689,22.430
2070,Annual,North Scotland,0.670,23.210
2071,Annual,North Scotland,0.659,26.439
2072,Annual,North Scotland,0.596,17.813
2073,Annual,North Scotland,0.687,22.252
2074,Annual,North Scotland,0.631,19.776
2075,Annual,North Scotland,0.658,17.804
2076,Annual,North Scotland,0.655,19.084
2077,Annual,North Scotland,0.707,31.224
2078,Annual,North Scotland,0.730,26.397
2079,Annual,North Scotland,0.699,29.780
2080,Annual,North Scotland,0.681,25.369
1981,Annual,North West England,0.618,20.642
1982,Annual,North West England,0.589,16.295
1983,Annual,North West England,0.661,23.600
1984,Annual,North West England,0.634,19.137
1985,Annual,North West England,0.586,16.432
1986,Annual,North West England,0.555,14.516
1987,Annual,North West England,0.582,14.295
1988,Annual,North West England,0.607,20.421
1989,Annual,North West England,0.642,19.600
1990,Annual,North West England,0.573,18.242
1991,Annual,North West England,0.602,15.537
1992,Annual,North West England,0.584,19.421
1993,Annual,North West England,0.534,19.758
1994,Annual,North West England,0.564,22.358
1995,Annual,North West England,0.599,22.768
1996,Annual,North West England,0.584,18.379
1997,Annual,North West England,0.518,11.705
1998,Annual,North West England,0.603,16.042
1999,Annual,North West England,0.539,18.389
2000,Annual,North West England,0.546,17.811
2001,Annual,North West England,0.630,15.758
2002,Annual,North West England,0.600,22.926
2003,Annual,North West England,0.609,19.232
2004,Annual,North West England,0.622,17.716
2005,Annual,North West England,0.612,19.884
2006,Annual,North West England,0.597,15.158
2007,Annual,North West England,0.565,17.011
2008,Annual,North West England,0.587,13.158
2009,Annual,North West England,0.613,17.147
2010,Annual,North West England,0.584,19.663
2011,Annual,North West England,0.626,18.305
2012,Annual,North West England,0.557,18.800
2013,Annual,North West England,0.571,13.821
2014,Annual,North West England,0.618,15.884
2015,Annual,North West England,0.658,20.326
2016,Annual,North West England,0.667,20.505
2017,Annual,North West England,0.587,20.053
2018,Annual,North West England,0.694,18.242
2019,Annual,North West England,0.653,15.832
2020,Annual,North West England,0.582,16.600
2021,Annual,North West England,0.557,20.547
2022,Annual,North West England,0.527,14.621
2023,Annual,North West England,0.533,15.032
2024,Annual,North West England,0.588,15.137
2025,Annual,North West England,0.571,19.705
2026,Annual,North West England,0.593,20.295
2027,Annual,North West England,0.596,16.295
2028,Annual,North West England,0.634,23.484
2029,Annual,North West England,0.606,19.937
2030,Annual,North West England,0.590,18.958
2031,Annual,North West England,0.649,17.453
2032,Annual,North West England,0.561,22.284
2033,Annual,North West England,0.567,18.589
2034,Annual,North West England,0.590,16.253
2035,Annual,North West England,0.545,15.758
2036,Annual,North West England,0.552,15.305
2037,Annual,North West England,0.572,16.274
2038,Annual,North West England,0.556,17.232
2039,Annual,North West England,0.565,15.442
2040,Annual,North West England,0.610,17.253
2041,Annual,North West England,0.514,14.663
2042,Annual,North West England,0.593,18.853
2043,Annual,North West England,0.579,17.168
2044,Annual,North West England,0.608,22.379
2045,Annual,North West England,0.477,14.568
2046,Annual,North West England,0.622,19.621
2047,Annual,North West England,0.574,14.232
2048,Annual,North West England,0.596,16.032
2049,Annual,North West England,0.548,21.895
2050,Annual,North West England,0.524,13.589
2051,Annual,North West England,0.593,29.126
2052,Annual,North West England,0.621,17.137
2053,Annual,North West England,0.493,12.884
2054,Annual,North West England,0.585,18.442
2055,Annual,North West England,0.528,17.305
2056,Annual,North West England,0.525,13.147
2057,Annual,North West England,0.589,14.326
2058,Annual,North West England,0.519,15.274
2059,Annual,North West England,0.495,14.021
2060,Annual,North West England,0.509,22.632
2061,Annual,North West England,0.534,17.147
2062,Annual,North West England,0.674,18.958
2063,Annual,North West England,0.549,13.505
2064,Annual,North West England,0.607,16.737
2065,Annual,North West England,0.569,15.768
2066,Annual,North West England,0.588,17.074
2067,Annual,North West England,0.684,18.463
2068,Annual,North West England,0.488,16.137
2069,Annual,North West England,0.588,16.547
2070,Annual,North West England,0.556,15.863
2071,Annual,North West England,0.545,12.611
2072,Annual,North West England,0.461,11.295
2073,Annual,North West England,0.524,15.211
2074,Annual,North West England,0.528,16.505
2075,Annual,North West England,0.523,15.000
2076,Annual,North West England,0.525,15.758
2077,Annual,North West England,0.602,27.411
2078,Annual,North West England,0.635,24.442
2079,Annual,North West England,0.603,16.053
2080,Annual,North West England,0.523,17.432
1981,Annual,South East England,0.464,10.570
1982,Annual,South East England,0.454,11.595
1983,Annual,South East England,0.505,11.835
1984,Annual,South East England,0.498,10.669
1985,Annual,South East England,0.472,14.190
1986,Annual,South East England,0.411,11.769
1987,Annual,South East England,0.463,10.818
1988,Annual,South East England,0.483,11.727
1989,Annual,South East England,0.520,12.620
1990,Annual,South East England,0.508,15.934
1991,Annual,South East England,0.465,11.281
1992,Annual,South East England,0.500,13.661
1993,Annual,South East England,0.409,10.488
1994,Annual,South East England,0.471,12.256
1995,Annual,South East England,0.467,11.190
1996,Annual,South East England,0.451,11.612
1997,Annual,South East England,0.435,9.893
1998,Annual,South East England,0.490,9.380
1999,Annual,South East England,0.440,9.612
2000,Annual,South East England,0.407,9.752
2001,Annual,South East England,0.532,13.041
2002,Annual,South East England,0.502,14.182
2003,Annual,South East England,0.436,9.901
2004,Annual,South East England,0.507,13.479
2005,Annual,South East England,0.487,13.595
2006,Annual,South East England,0.461,11.909
2007,Annual,South East England,0.401,9.322
2008,Annual,South East England,0.459,12.818
2009,Annual,South East England,0.492,9.653
2010,Annual,South East England,0.473,12.124
2011,Annual,South East England,0.433,11.025
2012,Annual,South East England,0.370,8.678
2013,Annual,South East England,0.447,12.488
2014,Annual,South East England,0.494,10.992
2015,Annual,South East England,0.529,13.653
2016,Annual,South East England,0.482,11.240
2017,Annual,South East England,0.438,9.405
2018,Annual,South East England,0.502,11.347
2019,Annual,South East England,0.541,10.107
2020,Annual,South East England,0.431,9.091
2021,Annual,South East England,0.448,12.008
2022,Annual,South East England,0.452,9.901
2023,Annual,South East England,0.425,9.942
2024,Annual,South East England,0.444,9.397
2025,Annual,South East England,0.442,13.463
2026,Annual,South East England,0.406,8.116
2027,Annual,South East England,0.472,16.818
2028,Annual,South East England,0.465,11.785
2029,Annual,South East England,0.457,8.760
2030,Annual,South East England,0.456,12.149
2031,Annual,South East England,0.517,14.215
2032,Annual,South East England,0.410,9.851
2033,Annual,South East England,0.486,11.165
2034,Annual,South East England,0.443,14.711
2035,Annual,South East England,0.415,10.033
2036,Annual,South East England,0.414,8.306
2037,Annual,South East England,0.463,11.372
2038,Annual,South East England,0.432,9.711
2039,Annual,South East England,0.443,12.273
2040,Annual,South East England,0.458,11.438
2041,Annual,South East England,0.419,11.917
2042,Annual,South East England,0.465,11.289
2043,Annual,South East England,0.433,11.107
2044,Annual,South East England,0.398,14.099
2045,Annual,South East England,0.383,9.107
2046,Annual,South East England,0.503,12.008
2047,Annual,South East England,0.420,10.926
2048,Annual,South East England,0.496,11.025
2049,Annual,South East England,0.395,10.612
2050,Annual,South East England,0.360,8.463
2051,Annual,South East England,0.479,15.388
2052,Annual,South East England,0.533,11.851
2053,Annual,South East England,0.354,8.496
2054,Annual,South East England,0.476,15.496
2055,Annual,South East England,0.380,7.463
2056,Annual,South East England,0.368,9.380
2057,Annual,South East England,0.471,9.868
2058,Annual,South East England,0.416,13.074
2059,Annual,South East England,0.410,10.091
2060,Annual,South East England,0.406,10.479
2061,Annual,South East England,0.471,12.083
2062,Annual,South East England,0.506,11.529
2063,Annual,South East England,0.433,9.157
2064,Annual,South East England,0.469,9.314
2065,Annual,South East England,0.380,10.264
2066,Annual,South East England,0.504,13.628
2067,Annual,South East England,0.512,11.686
2068,Annual,South East England,0.375,10.132
2069,Annual,South East England,0.478,11.397
2070,Annual,South East England,0.402,10.306
2071,Annual,South East England,0.383,7.248
2072,Annual,South East England,0.351,10.017
2073,Annual,South East England,0.413,13.826
2074,Annual,South East England,0.429,11.041
2075,Annual,South East England,0.368,12.000
2076,Annual,South East England,0.394,10.405
2077,Annual,South East England,0.458,12.248
2078,Annual,South East England,0.455,10.983
2079,Annual,South East England,0.434,10.041
2080,Annual,South East England,0.434,16.884
1981,Annual,South West England,0.537,13.113
1982,Annual,South West England,0.505,14.800
1983,Annual,South West England,0.585,16.356
1984,Annual,South West England,0.567,15.544
1985,Annual,South West England,0.543,17.663
1986,Annual,South West England,0.472,13.713
1987,Annual,South West England,0.536,13.281
1988,Annual,South West England,0.540,15.044
1989,Annual,South West England,0.559,16.019
1990,Annual,South West England,0.542,17.306
1991,Annual,South West England,0.562,19.488
1992,Annual,South West England,0.536,20.275
1993,Annual,South West England,0.499,17.219
1994,Annual,South West England,0.524,16.806
1995,Annual,South West England,0.531,15.456
1996,Annual,South West England,0.515,15.094
1997,Annual,South West England,0.481,13.325
1998,Annual,South West England,0.547,12.238
1999,Annual,South West England,0.478,14.856
2000,Annual,South West England,0.457,12.856
2001,Annual,South West England,0.571,14.812
2002,Annual,South West England,0.550,17.512
2003,Annual,South West England,0.517,15.581
2004,Annual,South West England,0.575,16.044
2005,Annual,South West England,0.552,16.219
2006,Annual,South West England,0.512,12.756
2007,Annual,South West England,0.458,12.762
2008,Annual,South West England,0.533,14.631
2009,Annual,South West England,0.557,14.206
2010,Annual,South West England,0.530,16.575
2011,Annual,South West England,0.512,16.094
2012,Annual,South West England,0.407,11.100
2013,Annual,South West England,0.497,18.444
2014,Annual,South West England,0.539,15.444
2015,Annual,South West England,0.612,18.375
2016,Annual,South West England,0.547,20.769
2017,Annual,South West England,0.489,17.913
2018,Annual,South West England,0.585,13.113
2019,Annual,South West England,0.591,14.269
2020,Annual,South West England,0.469,11.312
2021,Annual,South West England,0.497,16.100
2022,Annual,South West England,0.495,12.369
2023,Annual,South West England,0.465,12.825
2024,Annual,South West England,0.511,11.706
2025,Annual,South West England,0.486,17.781
2026,Annual,South West England,0.478,16.212
2027,Annual,South West England,0.547,18.731
2028,Annual,South West England,0.541,19.188
2029,Annual,South West England,0.522,12.856
2030,Annual,South West England,0.513,14.581
2031,Annual,South West England,0.569,16.494
2032,Annual,South West England,0.477,14.113
2033,Annual,South West England,0.546,15.162
2034,Annual,South West England,0.527,14.188
2035,Annual,South West England,0.479,14.131
2036,Annual,South West England,0.487,13.131
2037,Annual,South West England,0.515,16.200
2038,Annual,South West England,0.484,12.350
2039,Annual,South West England,0.490,16.369
2040,Annual,South West England,0.546,18.000
2041,Annual,South West England,0.466,14.681
2042,Annual,South West England,0.522,14.037
2043,Annual,South West England,0.463,15.806
2044,Annual,South West England,0.482,17.212
2045,Annual,South West England,0.446,14.438
2046,Annual,South West England,0.550,17.163
2047,Annual,South West England,0.490,13.419
2048,Annual,South West England,0.564,15.169
2049,Annual,South West England,0.439,15.425
2050,Annual,South West England,0.412,11.419
2051,Annual,South West England,0.536,19.637
2052,Annual,South West England,0.575,15.581
2053,Annual,South West England,0.398,10.131
2054,Annual,South West England,0.532,18.156
2055,Annual,South West England,0.419,8.169
2056,Annual,South West England,0.406,10.550
2057,Annual,South West England,0.512,11.719
2058,Annual,South West England,0.445,13.238
2059,Annual,South West England,0.475,13.838
2060,Annual,South West England,0.455,21.606
2061,Annual,South West England,0.514,16.031
2062,Annual,South West England,0.546,12.800
2063,Annual,South West England,0.486,11.244
2064,Annual,South West England,0.526,15.100
2065,Annual,South West England,0.425,12.181
2066,Annual,South West England,0.539,15.881
2067,Annual,South West England,0.572,13.575
2068,Annual,South West England,0.428,15.012
2069,Annual,South West England,0.516,12.481
2070,Annual,South West England,0.449,13.256
2071,Annual,South West England,0.440,8.238
2072,Annual,South West England,0.373,12.613
2073,Annual,South West England,0.448,17.369
2074,Annual,South West England,0.487,15.756
2075,Annual,South West England,0.427,17.625
2076,Annual,South West England,0.460,13.750
2077,Annual,South West England,0.514,21.006
2078,Annual,South West England,0.520,14.456
2079,Annual,South West England,0.487,12.231
2080,Annual,South West England,0.494,18.819
1981,Annual,West Midlands,0.515,10.802
1982,Annual,West Midlands,0.490,11.593
1983,Annual,West Midlands,0.529,11.872
1984,Annual,West Midlands,0.523,10.837
1985,Annual,West Midlands,0.502,10.291
1986,Annual,West Midlands,0.454,12.826
1987,Annual,West Midlands,0.501,10.419
1988,Annual,West Midlands,0.492,11.558
1989,Annual,West Midlands,0.523,13.744
1990,Annual,West Midlands,0.515,11.791
1991,Annual,West Midlands,0.524,10.953
1992,Annual,West Midlands,0.509,12.779
1993,Annual,West Midlands,0.452,10.616
1994,Annual,West Midlands,0.491,11.616
1995,Annual,West Midlands,0.503,12.884
1996,Annual,West Midlands,0.497,10.023
1997,Annual,West Midlands,0.480,10.442
1998,Annual,West Midlands,0.522,10.256
1999,Annual,West Midlands,0.461,11.384
2000,Annual,West Midlands,0.445,9.965
2001,Annual,West Midlands,0.546,11.349
2002,Annual,West Midlands,0.489,11.070
2003,Annual,West Midlands,0.484,11.465
2004,Annual,West Midlands,0.554,13.581
2005,Annual,West Midlands,0.504,10.826
2006,Annual,West Midlands,0.491,9.674
2007,Annual,West Midlands,0.431,8.163
2008,Annual,West Midlands,0.485,9.384
2009,Annual,West Midlands,0.529,11.593
2010,Annual,West Midlands,0.516,11.965
2011,Annual,West Midlands,0.468,10.930
2012,Annual,West Midlands,0.398,9.895
2013,Annual,West Midlands,0.461,10.326
2014,Annual,West Midlands,0.520,11.837
2015,Annual,West Midlands,0.549,12.884
2016,Annual,West Midlands,0.525,11.709
2017,Annual,West Midlands,0.466,10.965
2018,Annual,West Midlands,0.541,11.314
2019,Annual,West Midlands,0.540,9.581
2020,Annual,West Midlands,0.485,10.791
2021,Annual,West Midlands,0.455,11.174
2022,Annual,West Midlands,0.453,9.686
2023,Annual,West Midlands,0.443,8.860
2024,Annual,West Midlands,0.477,8.035
2025,Annual,West Midlands,0.465,13.640
2026,Annual,West Midlands,0.447,10.733
2027,Annual,West Midlands,0.474,13.500
2028,Annual,West Midlands,0.505,11.360
2029,Annual,West Midlands,0.490,11.012
2030,Annual,West Midlands,0.498,10.453
2031,Annual,West Midlands,0.521,14.047
2032,Annual,West Midlands,0.446,9.895
2033,Annual,West Midlands,0.475,9.221
2034,Annual,West Midlands,0.472,12.558
2035,Annual,West Midlands,0.462,10.198
2036,Annual,West Midlands,0.485,11.081
2037,Annual,West Midlands,0.496,11.570
2038,Annual,West Midlands,0.455,11.791
2039,Annual,West Midlands,0.458,13.174
2040,Annual,West Midlands,0.494,12.174
2041,Annual,West Midlands,0.422,10.128
2042,Annual,West Midlands,0.502,10.605
2043,Annual,West Midlands,0.472,13.360
2044,Annual,West Midlands,0.427,11.023
2045,Annual,West Midlands,0.411,12.907
2046,Annual,West Midlands,0.531,14.500
2047,Annual,West Midlands,0.472,10.616
2048,Annual,West Midlands,0.501,11.523
2049,Annual,West Midlands,0.434,12.209
2050,Annual,West Midlands,0.403,8.628
2051,Annual,West Midlands,0.494,14.151
2052,Annual,West Midlands,0.538,11.000
2053,Annual,West Midlands,0.387,9.058
2054,Annual,West Midlands,0.487,17.326
2055,Annual,West Midlands,0.421,8.070
2056,Annual,West Midlands,0.398,9.884
2057,Annual,West Midlands,0.495,9.640
2058,Annual,West Midlands,0.430,12.849
2059,Annual,West Midlands,0.436,10.140
2060,Annual,West Midlands,0.411,11.709
2061,Annual,West Midlands,0.469,11.698
2062,Annual,West Midlands,0.541,11.384
2063,Annual,West Midlands,0.466,8.163
2064,Annual,West Midlands,0.488,10.628
2065,Annual,West Midlands,0.406,8.081
2066,Annual,West Midlands,0.532,15.314
2067,Annual,West Midlands,0.550,11.256
2068,Annual,West Midlands,0.392,9.977
2069,Annual,West Midlands,0.501,11.407
2070,Annual,West Midlands,0.413,8.756
2071,Annual,West Midlands,0.417,9.000
2072,Annual,West Midlands,0.383,7.756
2073,Annual,West Midlands,0.419,10.581
2074,Annual,West Midlands,0.454,9.942
2075,Annual,West Midlands,0.411,11.244
2076,Annual,West Midlands,0.426,9.465
2077,Annual,West Midlands,0.463,10.198
2078,Annual,West Midlands,0.493,10.267
2079,Annual,West Midlands,0.497,9.523
2080,Annual,West Midlands,0.471,15.872
1981,Annual,West Scotland,0.648,24.258
1982,Annual,West Scotland,0.640,18.795
1983,Annual,West Scotland,0.712,26.008
1984,Annual,West Scotland,0.699,26.098
1985,Annual,West Scotland,0.649,19.856
1986,Annual,West Scotland,0.612,17.720
1987,Annual,West Scotland,0.638,16.697
1988,Annual,West Scotland,0.656,30.159
1989,Annual,West Scotland,0.706,23.924
1990,Annual,West Scotland,0.628,22.455
1991,Annual,West Scotland,0.641,17.015
1992,Annual,West Scotland,0.635,25.932
1993,Annual,West Scotland,0.615,17.758
1994,Annual,West Scotland,0.583,23.023
1995,Annual,West Scotland,0.654,26.197
1996,Annual,West Scotland,0.638,21.205
1997,Annual,West Scotland,0.584,17.500
1998,Annual,West Scotland,0.633,18.833
1999,Annual,West Scotland,0.598,17.773
2000,Annual,West Scotland,0.616,20.053
2001,Annual,West Scotland,0.657,19.992
2002,Annual,West Scotland,0.652,20.962
2003,Annual,West Scotland,0.675,24.523
2004,Annual,West Scotland,0.647,23.492
2005,Annual,West Scotland,0.674,26.439
2006,Annual,West Scotland,0.644,20.538
2007,Annual,West Scotland,0.661,21.576
2008,Annual,West Scotland,0.691,21.864
2009,Annual,West Scotland,0.609,21.758
2010,Annual,West Scotland,0.650,23.265
2011,Annual,West Scotland,0.672,20.091
2012,Annual,West Scotland,0.663,23.894
2013,Annual,West Scotland,0.650,18.886
2014,Annual,West Scotland,0.629,18.424
2015,Annual,West Scotland,0.712,23.295
2016,Annual,West Scotland,0.739,26.992
2017,Annual,West Scotland,0.656,25.629
2018,Annual,West Scotland,0.770,25.106
2019,Annual,West Scotland,0.698,23.682
2020,Annual,West Scotland,0.646,20.576
2021,Annual,West Scotland,0.605,22.205
2022,Annual,West Scotland,0.586,16.977
2023,Annual,West Scotland,0.591,22.523
2024,Annual,West Scotland,0.668,21.061
2025,Annual,West Scotland,0.613,19.742
2026,Annual,West Scotland,0.678,28.992
2027,Annual,West Scotland,0.692,25.295
2028,Annual,West Scotland,0.710,28.538
2029,Annual,West Scotland,0.663,26.470
2030,Annual,West Scotland,0.677,30.129
2031,Annual,West Scotland,0.707,25.303
2032,Annual,West Scotland,0.631,23.705
2033,Annual,West Scotland,0.619,24.788
2034,Annual,West Scotland,0.649,24.591
2035,Annual,West Scotland,0.610,17.530
2036,Annual,West Scotland,0.610,23.114
2037,Annual,West Scotland,0.587,18.114
2038,Annual,West Scotland,0.638,22.621
2039,Annual,West Scotland,0.638,18.826
2040,Annual,West Scotland,0.674,24.629
2041,Annual,West Scotland,0.585,18.045
2042,Annual,West Scotland,0.679,22.341
2043,Annual,West Scotland,0.644,22.235
2044,Annual,West Scotland,0.701,30.553
2045,Annual,West Scotland,0.533,22.167
2046,Annual,West Scotland,0.666,21.598
2047,Annual,West Scotland,0.622,16.977
2048,Annual,West Scotland,0.659,22.159
2049,Annual,West Scotland,0.613,20.008
2050,Annual,West Scotland,0.621,20.485
2051,Annual,West Scotland,0.656,36.970
2052,Annual,West Scotland,0.643,23.864
2053,Annual,West Scotland,0.595,20.235
2054,Annual,West Scotland,0.673,22.833
2055,Annual,West Scotland,0.610,17.902
2056,Annual,West Scotland,0.600,22.848
2057,Annual,West Scotland,0.660,19.939
2058,Annual,West Scotland,0.587,15.856
2059,Annual,West Scotland,0.553,17.932
2060,Annual,West Scotland,0.584,27.098
2061,Annual,West Scotland,0.569,21.939
2062,Annual,West Scotland,0.678,24.924
2063,Annual,West Scotland,0.583,16.295
2064,Annual,West Scotland,0.672,19.250
2065,Annual,West Scotland,0.677,23.902
2066,Annual,West Scotland,0.623,21.636
2067,Annual,West Scotland,0.730,25.864
2068,Annual,West Scotland,0.546,18.606
2069,Annual,West Scotland,0.658,18.720
2070,Annual,West Scotland,0.623,19.992
2071,Annual,West Scotland,0.613,21.902
2072,Annual,West Scotland,0.538,14.432
2073,Annual,West Scotland,0.604,21.015
2074,Annual,West Scotland,0.582,19.689
2075,Annual,West Scotland,0.624,20.727
2076,Annual,West Scotland,0.610,20.439
2077,Annual,West Scotland,0.657,29.803
2078,Annual,West Scotland,0.695,27.621
2079,Annual,West Scotland,0.664,18.939
2080,Annual,West Scotland,0.589,18.667
1981,Annual,Yorkshire and Humber,0.538,14.178
1982,Annual,Yorkshire and Humber,0.521,13.198
1983,Annual,Yorkshire and Humber,0.560,13.188
1984,Annual,Yorkshire and Humber,0.538,10.248
1985,Annual,Yorkshire and Humber,0.513,12.297
1986,Annual,Yorkshire and Humber,0.502,11.614
1987,Annual,Yorkshire and Humber,0.527,11.218
1988,Annual,Yorkshire and Humber,0.531,12.079
1989,Annual,Yorkshire and Humber,0.551,13.752
1990,Annual,Yorkshire and Humber,0.531,13.426
1991,Annual,Yorkshire and Humber,0.531,12.495
1992,Annual,Yorkshire and Humber,0.533,13.762
1993,Annual,Yorkshire and Humber,0.451,14.446
1994,Annual,Yorkshire and Humber,0.507,13.594
1995,Annual,Yorkshire and Humber,0.502,13.851
1996,Annual,Yorkshire and Humber,0.499,10.366
1997,Annual,Yorkshire and Humber,0.449,9.545
1998,Annual,Yorkshire and Humber,0.546,11.228
1999,Annual,Yorkshire and Humber,0.465,13.287
2000,Annual,Yorkshire and Humber,0.470,10.861
2001,Annual,Yorkshire and Humber,0.556,12.168
2002,Annual,Yorkshire and Humber,0.507,13.228
2003,Annual,Yorkshire and Humber,0.483,11.139
2004,Annual,Yorkshire and Humber,0.578,14.614
2005,Annual,Yorkshire and Humber,0.529,11.406
2006,Annual,Yorkshire and Humber,0.515,13.119
2007,Annual,Yorkshire and Humber,0.486,10.327
2008,Annual,Yorkshire and Humber,0.493,11.347
2009,Annual,Yorkshire and Humber,0.560,12.515
2010,Annual,Yorkshire and Humber,0.512,11.069
2011,Annual,Yorkshire and Humber,0.535,13.782
2012,Annual,Yorkshire and Humber,0.457,12.861
2013,Annual,Yorkshire and Humber,0.496,12.079
2014,Annual,Yorkshire and Humber,0.546,12.752
2015,Annual,Yorkshire and Humber,0.565,12.040
2016,Annual,Yorkshire and Humber,0.548,13.030
2017,Annual,Yorkshire and Humber,0.538,12.574
2018,Annual,Yorkshire and Humber,0.601,12.000
2019,Annual,Yorkshire and Humber,0.556,10.960
2020,Annual,Yorkshire and Humber,0.525,13.238
2021,Annual,Yorkshire and Humber,0.482,12.901
2022,Annual,Yorkshire and Humber,0.475,10.436
2023,Annual,Yorkshire and Humber,0.481,12.000
2024,Annual,Yorkshire and Humber,0.477,10.733
2025,Annual,Yorkshire and Humber,0.480,12.267
2026,Annual,Yorkshire and Humber,0.480,11.228
2027,Annual,Yorkshire and Humber,0.469,11.554
2028,Annual,Yorkshire and Humber,0.546,12.822
2029,Annual,Yorkshire and Humber,0.528,12.168
2030,Annual,Yorkshire and Humber,0.531,11.762
2031,Annual,Yorkshire and Humber,0.533,13.396
2032,Annual,Yorkshire and Humber,0.473,11.683
2033,Annual,Yorkshire and Humber,0.502,11.525
2034,Annual,Yorkshire and Humber,0.499,11.564
2035,Annual,Yorkshire and Humber,0.455,11.772
2036,Annual,Yorkshire and Humber,0.488,11.228
2037,Annual,Yorkshire and Humber,0.527,11.584
2038,Annual,Yorkshire and Humber,0.471,10.634
2039,Annual,Yorkshire and Humber,0.488,10.931
2040,Annual,Yorkshire and Humber,0.538,11.832
2041,Annual,Yorkshire and Humber,0.485,12.297
2042,Annual,Yorkshire and Humber,0.508,11.564
2043,Annual,Yorkshire and Humber,0.519,11.881
2044,Annual,Yorkshire and Humber,0.484,12.644
2045,Annual,Yorkshire and Humber,0.448,13.723
2046,Annual,Yorkshire and Humber,0.562,14.743
2047,Annual,Yorkshire and Humber,0.501,12.010
2048,Annual,Yorkshire and Humber,0.513,11.673
2049,Annual,Yorkshire and Humber,0.450,10.554
2050,Annual,Yorkshire and Humber,0.438,9.455
2051,Annual,Yorkshire and Humber,0.502,17.228
2052,Annual,Yorkshire and Humber,0.535,10.624
2053,Annual,Yorkshire and Humber,0.417,12.624
2054,Annual,Yorkshire and Humber,0.495,14.257
2055,Annual,Yorkshire and Humber,0.481,11.970
2056,Annual,Yorkshire and Humber,0.437,9.446
2057,Annual,Yorkshire and Humber,0.540,11.149
2058,Annual,Yorkshire and Humber,0.474,12.079
2059,Annual,Yorkshire and Humber,0.441,9.307
2060,Annual,Yorkshire and Humber,0.424,12.198
2061,Annual,Yorkshire and Humber,0.480,11.683
2062,Annual,Yorkshire and Humber,0.601,14.079
2063,Annual,Yorkshire and Humber,0.508,10.881
2064,Annual,Yorkshire and Humber,0.553,11.000
2065,Annual,Yorkshire and Humber,0.461,9.376
2066,Annual,Yorkshire and Humber,0.576,15.812
2067,Annual,Yorkshire and Humber,0.572,12.465
2068,Annual,Yorkshire and Humber,0.426,9.426
2069,Annual,Yorkshire and Humber,0.535,14.317
2070,Annual,Yorkshire and Humber,0.458,9.505
2071,Annual,Yorkshire and Humber,0.472,9.446
2072,Annual,Yorkshire and Humber,0.432,9.950
2073,Annual,Yorkshire and Humber,0.455,10.574
2074,Annual,Yorkshire and Humber,0.451,11.436
2075,Annual,Yorkshire and Humber,0.415,9.822
2076,Annual,Yorkshire and Humber,0.457,9.059
2077,Annual,Yorkshire and Humber,0.500,13.545
2078,Annual,Yorkshire and Humber,0.513,13.228
2079,Annual,Yorkshire and Humber,0.501,12.604
2080,Annual,Yorkshire and Humber,0.480,12.149
1981,Annual,Channel Islands,0.455,12.000
1982,Annual,Channel Islands,0.471,16.000
1983,Annual,Channel Islands,0.496,13.000
1984,Annual,Channel Islands,0.508,15.000
1985,Annual,Channel Islands,0.466,18.000
1986,Annual,Channel Islands,0.408,13.000
1987,Annual,Channel Islands,0.466,12.000
1988,Annual,Channel Islands,0.475,9.000
1989,Annual,Channel Islands,0.488,19.000
1990,Annual,Channel Islands,0.490,17.000
1991,Annual,Channel Islands,0.455,16.000
1992,Annual,Channel Islands,0.495,15.000
1993,Annual,Channel Islands,0.458,14.000
1994,Annual,Channel Islands,0.510,21.000
1995,Annual,Channel Islands,0.452,12.000
1996,Annual,Channel Islands,0.467,12.000
1997,Annual,Channel Islands,0.422,16.000
1998,Annual,Channel Islands,0.455,17.000
1999,Annual,Channel Islands,0.427,10.000
2000,Annual,Channel Islands,0.388,10.000
2001,Annual,Channel Islands,0.573,18.000
2002,Annual,Channel Islands,0.529,13.000
2003,Annual,Channel Islands,0.477,11.000
2004,Annual,Channel Islands,0.516,15.000
2005,Annual,Channel Islands,0.479,14.000
2006,Annual,Channel Islands,0.463,20.000
2007,Annual,Channel Islands,0.436,11.000
2008,Annual,Channel Islands,0.451,28.000
2009,Annual,Channel Islands,0.493,21.000
2010,Annual,Channel Islands,0.422,20.000
2011,Annual,Channel Islands,0.488,21.000
2012,Annual,Channel Islands,0.366,14.000
2013,Annual,Channel Islands,0.395,19.000
2014,Annual,Channel Islands,0.485,28.000
2015,Annual,Channel Islands,0.518,22.000
2016,Annual,Channel Islands,0.489,15.000
2017,Annual,Channel Islands,0.474,14.000
2018,Annual,Channel Islands,0.482,14.000
2019,Annual,Channel Islands,0.570,18.000
2020,Annual,Channel Islands,0.399,11.000
2021,Annual,Channel Islands,0.452,18.000
2022,Annual,Channel Islands,0.471,12.000
2023,Annual,Channel Islands,0.397,15.000
2024,Annual,Channel Islands,0.429,18.000
2025,Annual,Channel Islands,0.427,18.000
2026,Annual,Channel Islands,0.422,14.000
2027,Annual,Channel Islands,0.537,19.000
2028,Annual,Channel Islands,0.508,17.000
2029,Annual,Channel Islands,0.408,14.000
2030,Annual,Channel Islands,0.433,14.000
2031,Annual,Channel Islands,0.499,16.000
2032,Annual,Channel Islands,0.418,19.000
2033,Annual,Channel Islands,0.534,18.000
2034,Annual,Channel Islands,0.422,15.000
2035,Annual,Channel Islands,0.405,11.000
2036,Annual,Channel Islands,0.402,24.000
2037,Annual,Channel Islands,0.414,15.000
2038,Annual,Channel Islands,0.397,9.000
2039,Annual,Channel Islands,0.496,13.000
2040,Annual,Channel Islands,0.443,19.000
2041,Annual,Channel Islands,0.433,13.000
2042,Annual,Channel Islands,0.419,12.000
2043,Annual,Channel Islands,0.414,12.000
2044,Annual,Channel Islands,0.423,17.000
2045,Annual,Channel Islands,0.444,10.000
2046,Annual,Channel Islands,0.540,20.000
2047,Annual,Channel Islands,0.466,11.000
2048,Annual,Channel Islands,0.511,11.000
2049,Annual,Channel Islands,0.422,15.000
2050,Annual,Channel Islands,0.332,10.000
2051,Annual,Channel Islands,0.463,35.000
2052,Annual,Channel Islands,0.497,14.000
2053,Annual,Channel Islands,0.315,13.000
2054,Annual,Channel Islands,0.447,23.000
2055,Annual,Channel Islands,0.351,12.000
2056,Annual,Channel Islands,0.366,11.000
2057,Annual,Channel Islands,0.447,10.000
2058,Annual,Channel Islands,0.386,12.000
2059,Annual,Channel Islands,0.419,10.000
2060,Annual,Channel Islands,0.399,17.000
2061,Annual,Channel Islands,0.471,14.000
2062,Annual,Channel Islands,0.504,12.000
2063,Annual,Channel Islands,0.422,14.000
2064,Annual,Channel Islands,0.462,19.000
2065,Annual,Channel Islands,0.367,11.000
2066,Annual,Channel Islands,0.466,10.000
2067,Annual,Channel Islands,0.512,20.000
2068,Annual,Channel Islands,0.363,16.000
2069,Annual,Channel Islands,0.425,13.000
2070,Annual,Channel Islands,0.444,18.000
2071,Annual,Channel Islands,0.381,13.000
2072,Annual,Channel Islands,0.265,8.000
2073,Annual,Channel Islands,0.403,15.000
2074,Annual,Channel Islands,0.447,16.000
2075,Annual,Channel Islands,0.359,12.000
2076,Annual,Channel Islands,0.363,12.000
2077,Annual,Channel Islands,0.458,20.000
2078,Annual,Channel Islands,0.436,17.000
2079,Annual,Channel Islands,0.395,14.000
2080,Annual,Channel Islands,0.410,9.000
1981,Annual,Isle of Man,0.598,16.333
1982,Annual,Isle of Man,0.567,13.333
1983,Annual,Isle of Man,0.587,16.000
1984,Annual,Isle of Man,0.597,15.667
1985,Annual,Isle of Man,0.567,20.333
1986,Annual,Isle of Man,0.529,12.000
1987,Annual,Isle of Man,0.591,15.000
1988,Annual,Isle of Man,0.577,20.000
1989,Annual,Isle of Man,0.616,16.000
1990,Annual,Isle of Man,0.564,18.333
1991,Annual,Isle of Man,0.563,13.000
1992,Annual,Isle of Man,0.581,23.333
1993,Annual,Isle of Man,0.537,22.333
1994,Annual,Isle of Man,0.535,19.333
1995,Annual,Isle of Man,0.586,17.667
1996,Annual,Isle of Man,0.563,20.000
1997,Annual,Isle of Man,0.508,12.333
1998,Annual,Isle of Man,0.530,13.667
1999,Annual,Isle of Man,0.534,14.333
2000,Annual,Isle of Man,0.527,12.000
2001,Annual,Isle of Man,0.593,18.000
2002,Annual,Isle of Man,0.582,23.667
2003,Annual,Isle of Man,0.582,17.333
2004,Annual,Isle of Man,0.594,17.000
2005,Annual,Isle of Man,0.612,23.000
2006,Annual,Isle of Man,0.594,13.667
2007,Annual,Isle of Man,0.564,20.000
2008,Annual,Isle of Man,0.621,17.000
2009,Annual,Isle of Man,0.584,18.333
2010,Annual,Isle of Man,0.584,20.333
2011,Annual,Isle of Man,0.574,19.333
2012,Annual,Isle of Man,0.532,15.333
2013,Annual,Isle of Man,0.548,12.333
2014,Annual,Isle of Man,0.542,11.667
2015,Annual,Isle of Man,0.638,19.000
2016,Annual,Isle of Man,0.626,17.000
2017,Annual,Isle of Man,0.570,19.333
2018,Annual,Isle of Man,0.643,15.000
2019,Annual,Isle of Man,0.624,15.333
2020,Annual,Isle of Man,0.506,14.000
2021,Annual,Isle of Man,0.528,20.000
2022,Annual,Isle of Man,0.526,13.333
2023,Annual,Isle of Man,0.484,17.333
2024,Annual,Isle of Man,0.585,14.000
2025,Annual,Isle of Man,0.550,18.333
2026,Annual,Isle of Man,0.579,20.000
2027,Annual,Isle of Man,0.606,24.000
2028,Annual,Isle of Man,0.608,18.000
2029,Annual,Isle of Man,0.545,11.667
2030,Annual,Isle of Man,0.584,22.000
2031,Annual,Isle of Man,0.594,13.667
2032,Annual,Isle of Man,0.558,16.667
2033,Annual,Isle of Man,0.561,22.667
2034,Annual,Isle of Man,0.541,12.667
2035,Annual,Isle of Man,0.520,20.667
2036,Annual,Isle of Man,0.527,17.000
2037,Annual,Isle of Man,0.535,14.000
2038,Annual,Isle of Man,0.516,16.333
2039,Annual,Isle of Man,0.565,17.000
2040,Annual,Isle of Man,0.570,17.667
2041,Annual,Isle of Man,0.500,13.000
2042,Annual,Isle of Man,0.566,15.000
2043,Annual,Isle of Man,0.536,12.667
2044,Annual,Isle of Man,0.575,15.000
2045,Annual,Isle of Man,0.469,14.333
2046,Annual,Isle of Man,0.608,14.333
2047,Annual,Isle of Man,0.550,10.000
2048,Annual,Isle of Man,0.597,13.667
2049,Annual,Isle of Man,0.541,20.333
2050,Annual,Isle of Man,0.458,13.000
2051,Annual,Isle of Man,0.556,14.333
2052,Annual,Isle of Man,0.583,19.667
2053,Annual,Isle of Man,0.430,12.000
2054,Annual,Isle of Man,0.561,26.000
2055,Annual,Isle of Man,0.466,10.667
2056,Annual,Isle of Man,0.486,9.000
2057,Annual,Isle of Man,0.561,13.333
2058,Annual,Isle of Man,0.470,11.000
2059,Annual,Isle of Man,0.482,14.667
2060,Annual,Isle of Man,0.477,22.667
2061,Annual,Isle of Man,0.525,34.333
2062,Annual,Isle of Man,0.584,14.333
2063,Annual,Isle of Man,0.517,13.667
2064,Annual,Isle of Man,0.585,19.667
2065,Annual,Isle of Man,0.560,18.000
2066,Annual,Isle of Man,0.591,14.000
2067,Annual,Isle of Man,0.627,14.000
2068,Annual,Isle of Man,0.459,10.000
2069,Annual,Isle of Man,0.542,10.667
2070,Annual,Isle of Man,0.512,17.000
2071,Annual,Isle of Man,0.505,11.000
2072,Annual,Isle of Man,0.440,13.333
2073,Annual,Isle of Man,0.469,32.667
2074,Annual,Isle of Man,0.518,26.000
2075,Annual,Isle of Man,0.510,19.333
2076,Annual,Isle of Man,0.502,12.667
2077,Annual,Isle of Man,0.577,22.000
2078,Annual,Isle of Man,0.610,18.000
2079,Annual,Isle of Man,0.567,13.667
2080,Annual,Isle of Man,0.543,15.000
1981,Annual,Northern Ireland,0.651,21.034
1982,Annual,Northern Ireland,0.627,17.195
1983,Annual,Northern Ireland,0.674,21.069
1984,Annual,Northern Ireland,0.662,19.517
1985,Annual,Northern Ireland,0.642,17.356
1986,Annual,Northern Ireland,0.637,15.931
1987,Annual,Northern Ireland,0.652,15.667
1988,Annual,Northern Ireland,0.659,24.839
1989,Annual,Northern Ireland,0.675,23.253
1990,Annual,Northern Ireland,0.603,16.287
1991,Annual,Northern Ireland,0.654,21.770
1992,Annual,Northern Ireland,0.612,24.138
1993,Annual,Northern Ireland,0.627,15.138
1994,Annual,Northern Ireland,0.566,25.448
1995,Annual,Northern Ireland,0.627,18.851
1996,Annual,Northern Ireland,0.647,19.908
1997,Annual,Northern Ireland,0.560,14.402
1998,Annual,Northern Ireland,0.616,15.483
1999,Annual,Northern Ireland,0.585,17.149
2000,Annual,Northern Ireland,0.590,17.218
2001,Annual,Northern Ireland,0.655,14.586
2002,Annual,Northern Ireland,0.634,17.908
2003,Annual,Northern Ireland,0.650,17.046
2004,Annual,Northern Ireland,0.662,17.908
2005,Annual,Northern Ireland,0.664,18.069
2006,Annual,Northern Ireland,0.618,17.667
2007,Annual,Northern Ireland,0.631,18.437
2008,Annual,Northern Ireland,0.656,18.621
2009,Annual,Northern Ireland,0.610,15.816
2010,Annual,Northern Ireland,0.659,16.552
2011,Annual,Northern Ireland,0.617,14.931
2012,Annual,Northern Ireland,0.643,22.287
2013,Annual,Northern Ireland,0.601,14.494
2014,Annual,Northern Ireland,0.620,15.310
2015,Annual,Northern Ireland,0.707,23.138
2016,Annual,Northern Ireland,0.683,18.437
2017,Annual,Northern Ireland,0.643,20.046
2018,Annual,Northern Ireland,0.737,25.333
2019,Annual,Northern Ireland,0.704,20.080
2020,Annual,Northern Ireland,0.603,18.299
2021,Annual,Northern Ireland,0.600,21.172
2022,Annual,Northern Ireland,0.570,14.494
2023,Annual,Northern Ireland,0.569,17.207
2024,Annual,Northern Ireland,0.659,17.713
2025,Annual,Northern Ireland,0.597,13.598
2026,Annual,Northern Ireland,0.640,19.011
2027,Annual,Northern Ireland,0.654,18.862
2028,Annual,Northern Ireland,0.688,21.701
2029,Annual,Northern Ireland,0.644,19.253
2030,Annual,Northern Ireland,0.668,22.483
2031,Annual,Northern Ireland,0.659,26.621
2032,Annual,Northern Ireland,0.630,23.713
2033,Annual,Northern Ireland,0.610,20.356
2034,Annual,Northern Ireland,0.596,21.713
2035,Annual,Northern Ireland,0.602,19.655
2036,Annual,Northern Ireland,0.604,17.862
2037,Annual,Northern Ireland,0.598,15.230
2038,Annual,Northern Ireland,0.623,17.621
2039,Annual,Northern Ireland,0.623,14.575
2040,Annual,Northern Ireland,0.679,23.230
2041,Annual,Northern Ireland,0.590,14.851
2042,Annual,Northern Ireland,0.654,18.011
2043,Annual,Northern Ireland,0.636,15.954
2044,Annual,Northern Ireland,0.665,23.241
2045,Annual,Northern Ireland,0.510,15.609
2046,Annual,Northern Ireland,0.677,19.161
2047,Annual,Northern Ireland,0.609,16.276
2048,Annual,Northern Ireland,0.635,22.103
2049,Annual,Northern Ireland,0.597,14.931
2050,Annual,Northern Ireland,0.589,17.471
2051,Annual,Northern Ireland,0.623,19.690
2052,Annual,Northern Ireland,0.662,20.632
2053,Annual,Northern Ireland,0.565,18.287
2054,Annual,Northern Ireland,0.656,22.736
2055,Annual,Northern Ireland,0.598,12.586
2056,Annual,Northern Ireland,0.566,19.379
2057,Annual,Northern Ireland,0.642,17.989
2058,Annual,Northern Ireland,0.569,15.253
2059,Annual,Northern Ireland,0.549,14.391
2060,Annual,Northern Ireland,0.572,14.172
2061,Annual,Northern Ireland,0.575,17.517
2062,Annual,Northern Ireland,0.668,21.506
2063,Annual,Northern Ireland,0.580,15.540
2064,Annual,Northern Ireland,0.681,22.494
2065,Annual,Northern Ireland,0.633,16.264
2066,Annual,Northern Ireland,0.631,17.954
2067,Annual,Northern Ireland,0.688,19.782
2068,Annual,Northern Ireland,0.546,15.920
2069,Annual,Northern Ireland,0.668,16.264
2070,Annual,Northern Ireland,0.615,13.621
2071,Annual,Northern Ireland,0.596,15.529
2072,Annual,Northern Ireland,0.529,12.816
2073,Annual,Northern Ireland,0.557,14.448
2074,Annual,Northern Ireland,0.547,14.908
2075,Annual,Northern Ireland,0.588,17.839
2076,Annual,Northern Ireland,0.588,15.414
2077,Annual,Northern Ireland,0.645,23.621
2078,Annual,Northern Ireland,0.669,19.747
2079,Annual,Northern Ireland,0.647,14.276
2080,Annual,Northern Ireland,0.614,16.115
1981,Annual,Wales,0.630,21.734
1982,Annual,Wales,0.577,13.899
1983,Annual,Wales,0.635,20.928
1984,Annual,Wales,0.637,17.993
1985,Annual,Wales,0.597,18.604
1986,Annual,Wales,0.563,15.302
1987,Annual,Wales,0.604,17.000
1988,Annual,Wales,0.613,19.252
1989,Annual,Wales,0.625,20.122
1990,Annual,Wales,0.593,19.079
1991,Annual,Wales,0.632,19.597
1992,Annual,Wales,0.609,24.885
1993,Annual,Wales,0.565,21.022
1994,Annual,Wales,0.572,23.072
1995,Annual,Wales,0.603,21.791
1996,Annual,Wales,0.614,21.022
1997,Annual,Wales,0.553,12.453
1998,Annual,Wales,0.615,15.676
1999,Annual,Wales,0.538,16.935
2000,Annual,Wales,0.552,18.986
2001,Annual,Wales,0.637,16.899
2002,Annual,Wales,0.594,18.108
2003,Annual,Wales,0.618,21.633
2004,Annual,Wales,0.652,18.410
2005,Annual,Wales,0.629,20.079
2006,Annual,Wales,0.612,14.978
2007,Annual,Wales,0.556,18.554
2008,Annual,Wales,0.611,13.914
2009,Annual,Wales,0.626,18.597
2010,Annual,Wales,0.608,22.640
2011,Annual,Wales,0.585,17.144
2012,Annual,Wales,0.528,17.655
2013,Annual,Wales,0.570,16.317
2014,Annual,Wales,0.605,18.475
2015,Annual,Wales,0.674,20.835
2016,Annual,Wales,0.631,28.281
2017,Annual,Wales,0.584,20.237
2018,Annual,Wales,0.677,17.734
2019,Annual,Wales,0.662,15.317
2020,Annual,Wales,0.558,14.612
2021,Annual,Wales,0.555,19.360
2022,Annual,Wales,0.546,12.525
2023,Annual,Wales,0.536,14.065
2024,Annual,Wales,0.577,14.453
2025,Annual,Wales,0.541,19.669
2026,Annual,Wales,0.583,22.568
2027,Annual,Wales,0.601,18.194
2028,Annual,Wales,0.625,23.230
2029,Annual,Wales,0.596,14.935
2030,Annual,Wales,0.601,24.669
2031,Annual,Wales,0.653,23.065
2032,Annual,Wales,0.566,20.173
2033,Annual,Wales,0.581,17.568
2034,Annual,Wales,0.586,20.993
2035,Annual,Wales,0.547,14.496
2036,Annual,Wales,0.562,16.353
2037,Annual,Wales,0.590,18.216
2038,Annual,Wales,0.555,14.763
2039,Annual,Wales,0.563,17.993
2040,Annual,Wales,0.616,18.849
2041,Annual,Wales,0.523,14.144
2042,Annual,Wales,0.583,15.978
2043,Annual,Wales,0.566,19.957
2044,Annual,Wales,0.572,19.345
2045,Annual,Wales,0.494,17.547
2046,Annual,Wales,0.612,18.259
2047,Annual,Wales,0.571,15.324
2048,Annual,Wales,0.621,19.453
2049,Annual,Wales,0.543,19.065
2050,Annual,Wales,0.503,14.165
2051,Annual,Wales,0.596,24.266
2052,Annual,Wales,0.651,16.978
2053,Annual,Wales,0.473,14.216
2054,Annual,Wales,0.584,21.281
2055,Annual,Wales,0.500,12.266
2056,Annual,Wales,0.501,14.597
2057,Annual,Wales,0.596,14.065
2058,Annual,Wales,0.500,15.360
2059,Annual,Wales,0.529,17.165
2060,Annual,Wales,0.516,24.036
2061,Annual,Wales,0.559,18.237
2062,Annual,Wales,0.635,18.504
2063,Annual,Wales,0.549,12.698
2064,Annual,Wales,0.611,16.597
2065,Annual,Wales,0.542,16.698
2066,Annual,Wales,0.604,17.201
2067,Annual,Wales,0.666,19.201
2068,Annual,Wales,0.493,15.734
2069,Annual,Wales,0.594,16.626
2070,Annual,Wales,0.542,19.784
2071,Annual,Wales,0.535,11.273
2072,Annual,Wales,0.449,12.367
2073,Annual,Wales,0.524,18.986
2074,Annual,Wales,0.541,20.475
2075,Annual,Wales,0.508,16.108
2076,Annual,Wales,0.547,19.094
2077,Annual,Wales,0.601,24.360
2078,Annual,Wales,0.631,28.597
2079,Annual,Wales,0.613,18.914
2080,Annual,Wales,0.545,21.950
1981,DJF,East Midlands,0.517,8.260
1982,DJF,East Midlands,0.520,7.952
1983,DJF,East Midlands,0.501,6.288
1984,DJF,East Midlands,0.539,5.904
1985,DJF,East Midlands,0.523,9.029
1986,DJF,East Midlands,0.441,6.288
1987,DJF,East Midlands,0.444,6.144
1988,DJF,East Midlands,0.576,8.442
1989,DJF,East Midlands,0.565,8.721
1990,DJF,East Midlands,0.489,9.202
1991,DJF,East Midlands,0.622,8.981
1992,DJF,East Midlands,0.623,8.779
1993,DJF,East Midlands,0.534,8.548
1994,DJF,East Midlands,0.571,9.183
1995,DJF,East Midlands,0.618,9.413
1996,DJF,East Midlands,0.569,7.827
1997,DJF,East Midlands,0.480,8.115
1998,DJF,East Midlands,0.357,5.096
1999,DJF,East Midlands,0.463,6.029
2000,DJF,East Midlands,0.464,7.529
2001,DJF,East Midlands,0.523,6.885
2002,DJF,East Midlands,0.405,9.952
2003,DJF,East Midlands,0.567,5.721
2004,DJF,East Midlands,0.572,10.231
2005,DJF,East Midlands,0.591,7.894
2006,DJF,East Midlands,0.512,7.644
2007,DJF,East Midlands,0.516,7.173
2008,DJF,East Midlands,0.378,6.490
2009,DJF,East Midlands,0.456,7.087
2010,DJF,East Midlands,0.481,6.837
2011,DJF,East Midlands,0.635,9.856
2012,DJF,East Midlands,0.445,6.990
2013,DJF,East Midlands,0.526,8.971
2014,DJF,East Midlands,0.478,6.971
2015,DJF,East Midlands,0.441,5.750
2016,DJF,East Midlands,0.601,7.519
2017,DJF,East Midlands,0.473,5.856
2018,DJF,East Midlands,0.562,10.106
2019,DJF,East Midlands,0.500,6.365
2020,DJF,East Midlands,0.453,8.510
2021,DJF,East Midlands,0.529,8.288
2022,DJF,East Midlands,0.519,7.327
2023,DJF,East Midlands,0.454,8.615
2024,DJF,East Midlands,0.483,5.337
2025,DJF,East Midlands,0.380,9.615
2026,DJF,East Midlands,0.535,8.115
2027,DJF,East Midlands,0.432,6.096
2028,DJF,East Midlands,0.539,8.481
2029,DJF,East Midlands,0.410,7.827
2030,DJF,East Midlands,0.485,8.356
2031,DJF,East Midlands,0.537,9.125
2032,DJF,East Midlands,0.447,8.798
2033,DJF,East Midlands,0.449,6.702
2034,DJF,East Midlands,0.538,7.462
2035,DJF,East Midlands,0.399,5.500
2036,DJF,East Midlands,0.412,7.413
2037,DJF,East Midlands,0.551,9.769
2038,DJF,East Midlands,0.415,6.529
2039,DJF,East Midlands,0.550,7.865
2040,DJF,East Midlands,0.443,5.942
2041,DJF,East Midlands,0.543,7.077
2042,DJF,East Midlands,0.478,9.144
2043,DJF,East Midlands,0.575,8.558
2044,DJF,East Midlands,0.527,7.769
2045,DJF,East Midlands,0.474,8.558
2046,DJF,East Midlands,0.569,7.337
2047,DJF,East Midlands,0.553,10.269
2048,DJF,East Midlands,0.545,6.413
2049,DJF,East Midlands,0.570,9.154
2050,DJF,East Midlands,0.355,6.644
2051,DJF,East Midlands,0.646,9.067
2052,DJF,East Midlands,0.538,7.462
2053,DJF,East Midlands,0.421,6.471
2054,DJF,East Midlands,0.670,9.596
2055,DJF,East Midlands,0.353,8.481
2056,DJF,East Midlands,0.490,5.346
2057,DJF,East Midlands,0.445,6.798
2058,DJF,East Midlands,0.523,9.250
2059,DJF,East Midlands,0.538,7.933
2060,DJF,East Midlands,0.573,10.971
2061,DJF,East Midlands,0.619,8.529
2062,DJF,East Midlands,0.518,6.308
2063,DJF,East Midlands,0.486,6.442
2064,DJF,East Midlands,0.484,9.288
2065,DJF,East Midlands,0.474,6.452
2066,DJF,East Midlands,0.553,15.327
2067,DJF,East Midlands,0.486,7.952
2068,DJF,East Midlands,0.373,5.808
2069,DJF,East Midlands,0.437,6.048
2070,DJF,East Midlands,0.492,6.221
2071,DJF,East Midlands,0.374,4.740
2072,DJF,East Midlands,0.331,3.952
2073,DJF,East Midlands,0.516,10.173
2074,DJF,East Midlands,0.560,6.904
2075,DJF,East Midlands,0.406,8.683
2076,DJF,East Midlands,0.512,6.038
2077,DJF,East Midlands,0.602,9.625
2078,DJF,East Midlands,0.534,9.183
2079,DJF,East Midlands,0.467,7.413
2080,DJF,East Midlands,0.517,15.163
1981,DJF,East of England,0.469,6.777
1982,DJF,East of England,0.493,8.092
1983,DJF,East of England,0.454,4.554
1984,DJF,East of England,0.498,5.438
1985,DJF,East of England,0.506,9.569
1986,DJF,East of England,0.418,6.362
1987,DJF,East of England,0.441,5.846
1988,DJF,East of England,0.584,8.662
1989,DJF,East of England,0.555,7.454
1990,DJF,East of England,0.449,9.169
1991,DJF,East of England,0.579,7.592
1992,DJF,East of England,0.589,8.131
1993,DJF,East of England,0.482,8.454
1994,DJF,East of England,0.549,6.800
1995,DJF,East of England,0.593,7.531
1996,DJF,East of England,0.517,6.323
1997,DJF,East of England,0.468,7.746
1998,DJF,East of England,0.381,7.131
1999,DJF,East of England,0.446,5.577
2000,DJF,East of England,0.454,6.531
2001,DJF,East of England,0.518,6.731
2002,DJF,East of England,0.390,8.200
2003,DJF,East of England,0.554,5.292
2004,DJF,East of England,0.531,10.231
2005,DJF,East of England,0.596,9.515
2006,DJF,East of England,0.495,8.177
2007,DJF,East of England,0.504,6.038
2008,DJF,East of England,0.455,10.385
2009,DJF,East of England,0.392,6.346
2010,DJF,East of England,0.422,5.823
2011,DJF,East of England,0.575,8.777
2012,DJF,East of England,0.470,5.885
2013,DJF,East of England,0.507,7.346
2014,DJF,East of England,0.442,6.008
2015,DJF,East of England,0.407,5.531
2016,DJF,East of England,0.583,7.992
2017,DJF,East of England,0.453,4.831
2018,DJF,East of England,0.522,6.600
2019,DJF,East of England,0.501,6.062
2020,DJF,East of England,0.432,6.408
2021,DJF,East of England,0.494,7.523
2022,DJF,East of England,0.477,6.469
2023,DJF,East of England,0.465,8.469
2024,DJF,East of England,0.495,7.623
2025,DJF,East of England,0.377,7.162
2026,DJF,East of England,0.494,6.038
2027,DJF,East of England,0.443,6.000
2028,DJF,East of England,0.496,5.892
2029,DJF,East of England,0.367,7.200
2030,DJF,East of England,0.433,5.215
2031,DJF,East of England,0.553,7.454
2032,DJF,East of England,0.449,7.623
2033,DJF,East of England,0.416,6.992
2034,DJF,East of England,0.522,6.431
2035,DJF,East of England,0.385,5.200
2036,DJF,East of England,0.360,6.146
2037,DJF,East of England,0.514,7.015
2038,DJF,East of England,0.384,6.100
2039,DJF,East of England,0.566,7.308
2040,DJF,East of England,0.439,5.915
2041,DJF,East of England,0.571,7.546
2042,DJF,East of England,0.452,9.169
2043,DJF,East of England,0.588,9.615
2044,DJF,East of England,0.559,8.238
2045,DJF,East of England,0.427,6.569
2046,DJF,East of England,0.511,7.215
2047,DJF,East of England,0.519,8.977
2048,DJF,East of England,0.508,5.592
2049,DJF,East of England,0.526,6.992
2050,DJF,East of England,0.363,6.431
2051,DJF,East of England,0.617,11.492
2052,DJF,East of England,0.538,8.646
2053,DJF,East of England,0.410,5.200
2054,DJF,East of England,0.695,12.631
2055,DJF,East of England,0.328,9.123
2056,DJF,East of England,0.493,5.646
2057,DJF,East of England,0.391,6.300
2058,DJF,East of England,0.457,7.369
2059,DJF,East of England,0.507,7.977
2060,DJF,East of England,0.521,8.077
2061,DJF,East of England,0.611,7.092
2062,DJF,East of England,0.508,5.885
2063,DJF,East of England,0.444,6.154
2064,DJF,East of England,0.469,6.931
2065,DJF,East of England,0.497,8.508
2066,DJF,East of England,0.514,9.377
2067,DJF,East of England,0.483,10.323
2068,DJF,East of England,0.399,6.023
2069,DJF,East of England,0.446,6.762
2070,DJF,East of England,0.452,7.085
2071,DJF,East of England,0.373,5.023
2072,DJF,East of England,0.339,4.854
2073,DJF,East of England,0.510,10.862
2074,DJF,East of England,0.580,7.762
2075,DJF,East of England,0.332,7.392
2076,DJF,East of England,0.529,6.646
2077,DJF,East of England,0.593,9.038
2078,DJF,East of England,0.529,10.046
2079,DJF,East of England,0.474,6.292
2080,DJF,East of England,0.531,13.169
1981,DJF,East Scotland,0.588,12.500
1982,DJF,East Scotland,0.639,11.278
1983,DJF,East Scotland,0.661,11.679
1984,DJF,East Scotland,0.638,12.049
1985,DJF,East Scotland,0.610,11.247
1986,DJF,East Scotland,0.596,10.914
1987,DJF,East Scotland,0.612,10.043
1988,DJF,East Scotland,0.677,12.469
1989,DJF,East Scotland,0.725,14.846
1990,DJF,East Scotland,0.601,14.025
1991,DJF,East Scotland,0.705,16.420
1992,DJF,East Scotland,0.714,15.685
1993,DJF,East Scotland,0.626,12.938
1994,DJF,East Scotland,0.604,14.265
1995,DJF,East Scotland,0.662,14.753
1996,DJF,East Scotland,0.636,11.883
1997,DJF,East Scotland,0.601,10.111
1998,DJF,East Scotland,0.572,11.642
1999,DJF,East Scotland,0.518,9.142
2000,DJF,East Scotland,0.614,11.901
2001,DJF,East Scotland,0.639,13.173
2002,DJF,East Scotland,0.556,10.556
2003,DJF,East Scotland,0.674,11.333
2004,DJF,East Scotland,0.618,12.389
2005,DJF,East Scotland,0.706,12.457
2006,DJF,East Scotland,0.637,10.710
2007,DJF,East Scotland,0.635,14.636
2008,DJF,East Scotland,0.574,13.012
2009,DJF,East Scotland,0.483,9.827
2010,DJF,East Scotland,0.581,8.932
2011,DJF,East Scotland,0.703,11.623
2012,DJF,East Scotland,0.577,11.500
2013,DJF,East Scotland,0.601,12.735
2014,DJF,East Scotland,0.616,10.772
2015,DJF,East Scotland,0.678,13.377
2016,DJF,East Scotland,0.665,14.407
2017,DJF,East Scotland,0.600,9.543
2018,DJF,East Scotland,0.719,13.963
2019,DJF,East Scotland,0.660,13.111
2020,DJF,East Scotland,0.589,11.340
2021,DJF,East Scotland,0.615,12.160
2022,DJF,East Scotland,0.611,10.370
2023,DJF,East Scotland,0.663,13.167
2024,DJF,East Scotland,0.502,8.833
2025,DJF,East Scotland,0.516,12.630
2026,DJF,East Scotland,0.665,17.951
2027,DJF,East Scotland,0.673,13.975
2028,DJF,East Scotland,0.739,17.481
2029,DJF,East Scotland,0.606,18.469
2030,DJF,East Scotland,0.613,15.296
2031,DJF,East Scotland,0.688,15.204
2032,DJF,East Scotland,0.607,14.512
2033,DJF,East Scotland,0.555,11.123
2034,DJF,East Scotland,0.605,10.981
2035,DJF,East Scotland,0.511,10.006
2036,DJF,East Scotland,0.560,10.099
2037,DJF,East Scotland,0.680,13.031
2038,DJF,East Scotland,0.615,11.525
2039,DJF,East Scotland,0.669,13.574
2040,DJF,East Scotland,0.553,9.000
2041,DJF,East Scotland,0.698,12.765
2042,DJF,East Scotland,0.524,10.043
2043,DJF,East Scotland,0.705,15.790
2044,DJF,East Scotland,0.704,15.599
2045,DJF,East Scotland,0.582,9.549
2046,DJF,East Scotland,0.691,15.481
2047,DJF,East Scotland,0.613,9.154
2048,DJF,East Scotland,0.622,9.741
2049,DJF,East Scotland,0.665,10.463
2050,DJF,East Scotland,0.589,10.840
2051,DJF,East Scotland,0.736,17.525
2052,DJF,East Scotland,0.608,11.111
2053,DJF,East Scotland,0.607,11.469
2054,DJF,East Scotland,0.728,12.290
2055,DJF,East Scotland,0.531,10.549
2056,DJF,East Scotland,0.531,10.765
2057,DJF,East Scotland,0.629,13.704
2058,DJF,East Scotland,0.560,9.426
2059,DJF,East Scotland,0.609,12.216
2060,DJF,East Scotland,0.739,17.802
2061,DJF,East Scotland,0.697,12.167
2062,DJF,East Scotland,0.668,17.889
2063,DJF,East Scotland,0.507,9.741
2064,DJF,East Scotland,0.638,11.130
2065,DJF,East Scotland,0.644,13.883
2066,DJF,East Scotland,0.635,11.580
2067,DJF,East Scotland,0.627,12.778
2068,DJF,East Scotland,0.542,13.006
2069,DJF,East Scotland,0.566,9.420
2070,DJF,East Scotland,0.596,10.778
2071,DJF,East Scotland,0.552,8.654
2072,DJF,East Scotland,0.457,8.772
2073,DJF,East Scotland,0.560,10.154
2074,DJF,East Scotland,0.685,12.006
2075,DJF,East Scotland,0.564,9.148
2076,DJF,East Scotland,0.598,10.784
2077,DJF,East Scotland,0.713,17.086
2078,DJF,East Scotland,0.718,15.148
2079,DJF,East Scotland,0.553,9.605
2080,DJF,East Scotland,0.551,7.463
1981,DJF,London,0.464,8.417
1982,DJF,London,0.497,8.833
1983,DJF,London,0.509,8.917
1984,DJF,London,0.560,7.583
1985,DJF,London,0.588,11.250
1986,DJF,London,0.481,8.750
1987,DJF,London,0.451,7.500
1988,DJF,London,0.559,11.417
1989,DJF,London,0.581,9.333
1990,DJF,London,0.510,8.500
1991,DJF,London,0.565,8.000
1992,DJF,London,0.643,9.500
1993,DJF,London,0.479,7.083
1994,DJF,London,0.579,11.500
1995,DJF,London,0.648,9.417
1996,DJF,London,0.567,7.667
1997,DJF,London,0.462,8.667
1998,DJF,London,0.356,7.083
1999,DJF,London,0.531,9.167
2000,DJF,London,0.473,7.083
2001,DJF,London,0.545,9.000
2002,DJF,London,0.406,7.000
2003,DJF,London,0.574,5.333
2004,DJF,London,0.576,8.833
2005,DJF,London,0.619,12.417
2006,DJF,London,0.525,11.500
2007,DJF,London,0.536,5.750
2008,DJF,London,0.475,12.750
2009,DJF,London,0.371,8.000
2010,DJF,London,0.444,7.750
2011,DJF,London,0.552,7.167
2012,DJF,London,0.506,8.417
2013,DJF,London,0.562,9.167
2014,DJF,London,0.446,8.250
2015,DJF,London,0.514,9.000
2016,DJF,London,0.610,8.000
2017,DJF,London,0.474,5.500
2018,DJF,London,0.581,7.833
2019,DJF,London,0.559,7.667
2020,DJF,London,0.443,7.667
2021,DJF,London,0.538,9.333
2022,DJF,London,0.489,7.333
2023,DJF,London,0.453,8.000
2024,DJF,London,0.506,8.333
2025,DJF,London,0.356,7.333
2026,DJF,London,0.515,7.000
2027,DJF,London,0.495,9.500
2028,DJF,London,0.557,6.667
2029,DJF,London,0.385,5.500
2030,DJF,London,0.440,5.167
2031,DJF,London,0.586,8.750
2032,DJF,London,0.445,5.500
2033,DJF,London,0.426,6.167
2034,DJF,London,0.570,9.667
2035,DJF,London,0.460,7.417
2036,DJF,London,0.364,5.333
2037,DJF,London,0.512,6.500
2038,DJF,London,0.428,7.833
2039,DJF,London,0.612,7.917
2040,DJF,London,0.432,6.000
2041,DJF,London,0.585,8.167
2042,DJF,London,0.489,9.750
2043,DJF,London,0.607,9.583
2044,DJF,London,0.619,10.750
2045,DJF,London,0.442,6.750
2046,DJF,London,0.517,6.833
2047,DJF,London,0.570,9.333
2048,DJF,London,0.493,6.083
2049,DJF,London,0.548,6.000
2050,DJF,London,0.399,8.500
2051,DJF,London,0.660,13.500
2052,DJF,London,0.609,12.667
2053,DJF,London,0.434,7.583
2054,DJF,London,0.673,11.417
2055,DJF,London,0.308,6.083
2056,DJF,London,0.493,8.000
2057,DJF,London,0.421,5.750
2058,DJF,London,0.462,6.500
2059,DJF,London,0.569,10.083
2060,DJF,London,0.575,9.250
2061,DJF,London,0.676,9.000
2062,DJF,London,0.559,9.333
2063,DJF,London,0.431,5.583
2064,DJF,London,0.466,7.333
2065,DJF,London,0.531,9.167
2066,DJF,London,0.466,10.167
2067,DJF,London,0.506,10.917
2068,DJF,London,0.462,7.583
2069,DJF,London,0.478,8.333
2070,DJF,London,0.461,7.583
2071,DJF,London,0.406,5.167
2072,DJF,London,0.345,5.583
2073,DJF,London,0.539,11.667
2074,DJF,London,0.624,8.667
2075,DJF,London,0.372,10.250
2076,DJF,London,0.549,8.000
2077,DJF,London,0.624,10.333
2078,DJF,London,0.581,10.750
2079,DJF,London,0.489,8.250
2080,DJF,London,0.514,13.417
1981,DJF,North East England,0.537,9.105
1982,DJF,North East England,0.602,13.544
1983,DJF,North East England,0.576,11.579
1984,DJF,North East England,0.556,6.912
1985,DJF,North East England,0.579,10.807
1986,DJF,North East England,0.535,9.193
1987,DJF,North East England,0.533,8.632
1988,DJF,North East England,0.618,12.088
1989,DJF,North East England,0.609,10.070
1990,DJF,North East England,0.514,11.860
1991,DJF,North East England,0.641,12.070
1992,DJF,North East England,0.643,13.789
1993,DJF,North East England,0.569,12.684
1994,DJF,North East England,0.583,11.246
1995,DJF,North East England,0.663,14.596
1996,DJF,North East England,0.595,9.614
1997,DJF,North East England,0.567,8.263
1998,DJF,North East England,0.506,8.754
1999,DJF,North East England,0.425,6.754
2000,DJF,North East England,0.578,11.684
2001,DJF,North East England,0.596,9.175
2002,DJF,North East England,0.431,7.912
2003,DJF,North East England,0.610,6.982
2004,DJF,North East England,0.566,11.404
2005,DJF,North East England,0.641,9.404
2006,DJF,North East England,0.554,7.737
2007,DJF,North East England,0.576,10.088
2008,DJF,North East England,0.447,6.860
2009,DJF,North East England,0.527,9.895
2010,DJF,North East England,0.495,7.316
2011,DJF,North East England,0.644,8.965
2012,DJF,North East England,0.498,9.789
2013,DJF,North East England,0.598,9.614
2014,DJF,North East England,0.555,7.386
2015,DJF,North East England,0.606,10.526
2016,DJF,North East England,0.597,10.053
2017,DJF,North East England,0.597,7.561
2018,DJF,North East England,0.657,9.316
2019,DJF,North East England,0.597,10.175
2020,DJF,North East England,0.496,9.246
2021,DJF,North East England,0.564,11.123
2022,DJF,North East England,0.528,8.193
2023,DJF,North East England,0.526,13.105
2024,DJF,North East England,0.467,6.333
2025,DJF,North East England,0.472,13.298
2026,DJF,North East England,0.601,11.737
2027,DJF,North East England,0.542,8.123
2028,DJF,North East England,0.680,15.193
2029,DJF,North East England,0.521,13.842
2030,DJF,North East England,0.516,10.579
2031,DJF,North East England,0.608,8.754
2032,DJF,North East England,0.509,12.895
2033,DJF,North East England,0.495,8.561
2034,DJF,North East England,0.541,7.246
2035,DJF,North East England,0.453,6.368
2036,DJF,North East England,0.479,9.246
2037,DJF,North East England,0.622,10.211
2038,DJF,North East England,0.495,7.333
2039,DJF,North East England,0.568,10.158
2040,DJF,North East England,0.502,8.228
2041,DJF,North East England,0.617,11.807
2042,DJF,North East England,0.507,7.982
2043,DJF,North East England,0.638,13.140
2044,DJF,North East England,0.606,10.649
2045,DJF,North East England,0.528,8.632
2046,DJF,North East England,0.622,8.684
2047,DJF,North East England,0.612,9.474
2048,DJF,North East England,0.532,6.947
2049,DJF,North East England,0.604,8.737
2050,DJF,North East England,0.462,7.912
2051,DJF,North East England,0.656,13.193
2052,DJF,North East England,0.516,7.667
2053,DJF,North East England,0.470,7.930
2054,DJF,North East England,0.675,8.614
2055,DJF,North East England,0.469,11.228
2056,DJF,North East England,0.476,6.298
2057,DJF,North East England,0.538,8.105
2058,DJF,North East England,0.572,11.211
2059,DJF,North East England,0.555,9.579
2060,DJF,North East England,0.638,11.351
2061,DJF,North East England,0.610,8.895
2062,DJF,North East England,0.638,12.140
2063,DJF,North East England,0.521,9.842
2064,DJF,North East England,0.596,9.947
2065,DJF,North East England,0.538,10.088
2066,DJF,North East England,0.633,11.316
2067,DJF,North East England,0.554,9.930
2068,DJF,North East England,0.453,7.649
2069,DJF,North East England,0.521,7.421
2070,DJF,North East England,0.610,10.053
2071,DJF,North East England,0.460,7.123
2072,DJF,North East England,0.410,8.456
2073,DJF,North East England,0.528,8.018
2074,DJF,North East England,0.639,12.632
2075,DJF,North East England,0.473,7.579
2076,DJF,North East England,0.531,7.456
2077,DJF,North East England,0.632,12.754
2078,DJF,North East England,0.704,17.754
2079,DJF,North East England,0.504,7.491
2080,DJF,North East England,0.530,9.070
1981,DJF,North Scotland,0.701,18.084
1982,DJF,North Scotland,0.712,17.696
1983,DJF,North Scotland,0.830,23.318
1984,DJF,North Scotland,0.767,19.729
1985,DJF,North Scotland,0.694,18.304
1986,DJF,North Scotland,0.700,19.187
1987,DJF,North Scotland,0.635,13.336
1988,DJF,North Scotland,0.789,22.729
1989,DJF,North Scotland,0.846,27.196
1990,DJF,North Scotland,0.717,17.360
1991,DJF,North Scotland,0.812,31.505
1992,DJF,North Scotland,0.765,21.033
1993,DJF,North Scotland,0.789,19.360
1994,DJF,North Scotland,0.709,19.902
1995,DJF,North Scotland,0.754,22.117
1996,DJF,North Scotland,0.739,26.374
1997,DJF,North Scotland,0.703,15.519
1998,DJF,North Scotland,0.712,20.678
1999,DJF,North Scotland,0.594,13.724
2000,DJF,North Scotland,0.661,16.598
2001,DJF,North Scotland,0.770,15.458
2002,DJF,North Scotland,0.677,14.888
2003,DJF,North Scotland,0.824,24.650
2004,DJF,North Scotland,0.744,17.336
2005,DJF,North Scotland,0.715,16.565
2006,DJF,North Scotland,0.747,18.883
2007,DJF,North Scotland,0.757,26.383
2008,DJF,North Scotland,0.635,21.299
2009,DJF,North Scotland,0.494,11.374
2010,DJF,North Scotland,0.711,20.860
2011,DJF,North Scotland,0.816,24.262
2012,DJF,North Scotland,0.742,21.178
2013,DJF,North Scotland,0.607,14.173
2014,DJF,North Scotland,0.816,21.407
2015,DJF,North Scotland,0.754,16.589
2016,DJF,North Scotland,0.731,20.645
2017,DJF,North Scotland,0.600,12.827
2018,DJF,North Scotland,0.883,  NA
2019,DJF,North Scotland,0.747,24.533
2020,DJF,North Scotland,0.815,21.252
2021,DJF,North Scotland,0.747,18.593
2022,DJF,North Scotland,0.729,19.458
2023,DJF,North Scotland,0.788,26.986
2024,DJF,North Scotland,0.689,14.229
2025,DJF,North Scotland,0.601,20.935
2026,DJF,North Scotland,0.785,28.056
2027,DJF,North Scotland,0.800,23.911
2028,DJF,North Scotland,0.828,26.893
2029,DJF,North Scotland,0.778,22.234
2030,DJF,North Scotland,0.793,28.612
2031,DJF,North Scotland,0.822,28.383
2032,DJF,North Scotland,0.798,24.458
2033,DJF,North Scotland,0.641,14.126
2034,DJF,North Scotland,0.694,15.794
2035,DJF,North Scotland,0.682,20.706
2036,DJF,North Scotland,0.607,11.804
2037,DJF,North Scotland,0.667,18.888
2038,DJF,North Scotland,0.767,24.379
2039,DJF,North Scotland,0.693,14.551
2040,DJF,North Scotland,0.649,12.103
2041,DJF,North Scotland,0.703,18.528
2042,DJF,North Scotland,0.594,12.533
2043,DJF,North Scotland,0.710,22.299
2044,DJF,North Scotland,0.790,18.986
2045,DJF,North Scotland,0.772,15.860
2046,DJF,North Scotland,0.778,24.911
2047,DJF,North Scotland,0.664,12.505
2048,DJF,North Scotland,0.726,18.953
2049,DJF,North Scotland,0.744,13.107
2050,DJF,North Scotland,0.749,19.140
2051,DJF,North Scotland,0.867,32.846
2052,DJF,North Scotland,0.723,17.668
2053,DJF,North Scotland,0.749,17.780
2054,DJF,North Scotland,0.761,18.070
2055,DJF,North Scotland,0.679,15.159
2056,DJF,North Scotland,0.622,16.860
2057,DJF,North Scotland,0.751,17.687
2058,DJF,North Scotland,0.652,15.818
2059,DJF,North Scotland,0.604,12.907
2060,DJF,North Scotland,0.846,32.121
2061,DJF,North Scotland,0.828,24.290
2062,DJF,North Scotland,0.744,24.234
2063,DJF,North Scotland,0.551,10.654
2064,DJF,North Scotland,0.748,19.860
2065,DJF,North Scotland,0.750,18.743
2066,DJF,North Scotland,0.619,11.495
2067,DJF,North Scotland,0.719,20.664
2068,DJF,North Scotland,0.668,18.075
2069,DJF,North Scotland,0.642,15.505
2070,DJF,North Scotland,0.729,19.935
2071,DJF,North Scotland,0.634,13.720
2072,DJF,North Scotland,0.592,14.313
2073,DJF,North Scotland,0.735,16.715
2074,DJF,North Scotland,0.703,17.308
2075,DJF,North Scotland,0.675,12.621
2076,DJF,North Scotland,0.698,13.285
2077,DJF,North Scotland,0.798,21.262
2078,DJF,North Scotland,0.818,25.112
2079,DJF,North Scotland,0.685,14.033
2080,DJF,North Scotland,0.619,11.542
1981,DJF,North West England,0.639,17.000
1982,DJF,North West England,0.624,15.463
1983,DJF,North West England,0.766,23.000
1984,DJF,North West England,0.732,17.800
1985,DJF,North West England,0.676,15.221
1986,DJF,North West England,0.621,11.832
1987,DJF,North West England,0.527,8.895
1988,DJF,North West England,0.692,19.505
1989,DJF,North West England,0.747,16.674
1990,DJF,North West England,0.654,16.368
1991,DJF,North West England,0.710,13.242
1992,DJF,North West England,0.755,17.200
1993,DJF,North West England,0.717,19.663
1994,DJF,North West England,0.721,20.874
1995,DJF,North West England,0.745,20.158
1996,DJF,North West England,0.713,15.432
1997,DJF,North West England,0.651,10.126
1998,DJF,North West England,0.492,7.326
1999,DJF,North West England,0.553,10.442
2000,DJF,North West England,0.612,16.926
2001,DJF,North West England,0.659,14.926
2002,DJF,North West England,0.580,12.379
2003,DJF,North West England,0.801,13.800
2004,DJF,North West England,0.673,15.926
2005,DJF,North West England,0.661,13.989
2006,DJF,North West England,0.723,13.779
2007,DJF,North West England,0.697,16.589
2008,DJF,North West England,0.532,9.453
2009,DJF,North West England,0.429,10.558
2010,DJF,North West England,0.602,13.295
2011,DJF,North West England,0.795,15.800
2012,DJF,North West England,0.574,15.842
2013,DJF,North West England,0.630,13.105
2014,DJF,North West England,0.698,14.168
2015,DJF,North West England,0.682,12.811
2016,DJF,North West England,0.722,16.947
2017,DJF,North West England,0.565,12.484
2018,DJF,North West England,0.820,16.211
2019,DJF,North West England,0.673,11.779
2020,DJF,North West England,0.620,14.800
2021,DJF,North West England,0.684,19.842
2022,DJF,North West England,0.604,11.884
2023,DJF,North West England,0.624,13.853
2024,DJF,North West England,0.561,8.642
2025,DJF,North West England,0.535,18.400
2026,DJF,North West England,0.680,20.137
2027,DJF,North West England,0.677,13.442
2028,DJF,North West England,0.814,23.337
2029,DJF,North West England,0.645,19.442
2030,DJF,North West England,0.641,16.621
2031,DJF,North West England,0.750,14.684
2032,DJF,North West England,0.663,21.905
2033,DJF,North West England,0.544,13.926
2034,DJF,North West England,0.651,13.821
2035,DJF,North West England,0.546,12.895
2036,DJF,North West England,0.535,10.916
2037,DJF,North West England,0.656,14.463
2038,DJF,North West England,0.610,10.116
2039,DJF,North West England,0.659,11.526
2040,DJF,North West England,0.583,9.747
2041,DJF,North West England,0.632,13.253
2042,DJF,North West England,0.503,12.158
2043,DJF,North West England,0.654,14.842
2044,DJF,North West England,0.756,18.263
2045,DJF,North West England,0.635,12.379
2046,DJF,North West England,0.721,16.011
2047,DJF,North West England,0.630,8.253
2048,DJF,North West England,0.673,12.189
2049,DJF,North West England,0.748,11.905
2050,DJF,North West England,0.582,13.305
2051,DJF,North West England,0.870,28.726
2052,DJF,North West England,0.694,16.463
2053,DJF,North West England,0.606,12.305
2054,DJF,North West England,0.749,14.295
2055,DJF,North West England,0.534,16.968
2056,DJF,North West England,0.543,11.000
2057,DJF,North West England,0.621,12.653
2058,DJF,North West England,0.552,10.684
2059,DJF,North West England,0.623,13.716
2060,DJF,North West England,0.793,22.611
2061,DJF,North West England,0.771,16.189
2062,DJF,North West England,0.739,17.863
2063,DJF,North West England,0.510,7.421
2064,DJF,North West England,0.629,16.368
2065,DJF,North West England,0.659,15.411
2066,DJF,North West England,0.509,10.495
2067,DJF,North West England,0.645,13.811
2068,DJF,North West England,0.511,12.895
2069,DJF,North West England,0.537,8.589
2070,DJF,North West England,0.660,11.095
2071,DJF,North West England,0.508,8.221
2072,DJF,North West England,0.427,9.853
2073,DJF,North West England,0.665,14.379
2074,DJF,North West England,0.683,12.242
2075,DJF,North West England,0.584,13.295
2076,DJF,North West England,0.651,11.663
2077,DJF,North West England,0.789,26.821
2078,DJF,North West England,0.807,23.947
2079,DJF,North West England,0.607,9.284
2080,DJF,North West England,0.515,12.105
1981,DJF,South East England,0.518,9.215
1982,DJF,South East England,0.512,9.066
1983,DJF,South East England,0.523,7.430
1984,DJF,South East England,0.595,6.289
1985,DJF,South East England,0.630,14.132
1986,DJF,South East England,0.497,10.645
1987,DJF,South East England,0.478,7.017
1988,DJF,South East England,0.562,9.397
1989,DJF,South East England,0.601,10.182
1990,DJF,South East England,0.551,9.322
1991,DJF,South East England,0.577,9.347
1992,DJF,South East England,0.694,13.248
1993,DJF,South East England,0.504,9.744
1994,DJF,South East England,0.634,11.174
1995,DJF,South East England,0.678,9.983
1996,DJF,South East England,0.563,8.430
1997,DJF,South East England,0.524,9.050
1998,DJF,South East England,0.353,7.248
1999,DJF,South East England,0.541,8.802
2000,DJF,South East England,0.462,7.364
2001,DJF,South East England,0.529,11.645
2002,DJF,South East England,0.447,7.058
2003,DJF,South East England,0.626,7.736
2004,DJF,South East England,0.616,11.917
2005,DJF,South East England,0.639,13.198
2006,DJF,South East England,0.541,10.132
2007,DJF,South East England,0.523,7.835
2008,DJF,South East England,0.510,12.554
2009,DJF,South East England,0.378,7.868
2010,DJF,South East England,0.476,8.777
2011,DJF,South East England,0.587,8.446
2012,DJF,South East England,0.491,7.777
2013,DJF,South East England,0.591,12.157
2014,DJF,South East England,0.447,8.289
2015,DJF,South East England,0.544,8.893
2016,DJF,South East England,0.622,10.372
2017,DJF,South East England,0.465,5.636
2018,DJF,South East England,0.605,8.785
2019,DJF,South East England,0.584,9.314
2020,DJF,South East England,0.437,8.355
2021,DJF,South East England,0.495,8.545
2022,DJF,South East England,0.518,8.223
2023,DJF,South East England,0.461,8.405
2024,DJF,South East England,0.544,9.066
2025,DJF,South East England,0.370,11.025
2026,DJF,South East England,0.542,7.537
2027,DJF,South East England,0.532,13.975
2028,DJF,South East England,0.601,11.289
2029,DJF,South East England,0.411,5.678
2030,DJF,South East England,0.443,6.504
2031,DJF,South East England,0.623,10.917
2032,DJF,South East England,0.474,6.702
2033,DJF,South East England,0.470,7.008
2034,DJF,South East England,0.607,14.041
2035,DJF,South East England,0.462,9.413
2036,DJF,South East England,0.411,6.446
2037,DJF,South East England,0.548,9.512
2038,DJF,South East England,0.459,7.545
2039,DJF,South East England,0.642,11.099
2040,DJF,South East England,0.468,7.050
2041,DJF,South East England,0.593,8.769
2042,DJF,South East England,0.490,10.331
2043,DJF,South East England,0.573,10.215
2044,DJF,South East England,0.608,10.124
2045,DJF,South East England,0.454,7.438
2046,DJF,South East England,0.541,6.463
2047,DJF,South East England,0.556,9.397
2048,DJF,South East England,0.524,7.521
2049,DJF,South East England,0.558,7.339
2050,DJF,South East England,0.389,8.231
2051,DJF,South East England,0.692,15.116
2052,DJF,South East England,0.622,10.174
2053,DJF,South East England,0.418,7.653
2054,DJF,South East England,0.719,14.488
2055,DJF,South East England,0.288,5.711
2056,DJF,South East England,0.508,8.620
2057,DJF,South East England,0.444,7.322
2058,DJF,South East England,0.452,6.182
2059,DJF,South East England,0.584,10.041
2060,DJF,South East England,0.591,9.455
2061,DJF,South East England,0.676,10.455
2062,DJF,South East England,0.586,6.636
2063,DJF,South East England,0.462,7.157
2064,DJF,South East England,0.500,8.570
2065,DJF,South East England,0.583,10.231
2066,DJF,South East England,0.497,11.818
2067,DJF,South East England,0.512,11.372
2068,DJF,South East England,0.435,9.694
2069,DJF,South East England,0.510,10.860
2070,DJF,South East England,0.445,7.116
2071,DJF,South East England,0.418,5.504
2072,DJF,South East England,0.340,6.975
2073,DJF,South East England,0.535,12.207
2074,DJF,South East England,0.647,10.289
2075,DJF,South East England,0.399,9.479
2076,DJF,South East England,0.585,9.537
2077,DJF,South East England,0.658,12.231
2078,DJF,South East England,0.592,10.587
2079,DJF,South East England,0.494,8.140
2080,DJF,South East England,0.528,16.612
1981,DJF,South West England,0.604,12.131
1982,DJF,South West England,0.557,10.294
1983,DJF,South West England,0.658,15.119
1984,DJF,South West England,0.672,13.344
1985,DJF,South West England,0.670,16.512
1986,DJF,South West England,0.604,13.075
1987,DJF,South West England,0.543,9.581
1988,DJF,South West England,0.638,12.681
1989,DJF,South West England,0.674,13.488
1990,DJF,South West England,0.622,13.938
1991,DJF,South West England,0.706,19.306
1992,DJF,South West England,0.774,20.144
1993,DJF,South West England,0.597,15.719
1994,DJF,South West England,0.714,16.156
1995,DJF,South West England,0.752,13.869
1996,DJF,South West England,0.651,11.481
1997,DJF,South West England,0.604,12.394
1998,DJF,South West England,0.420,9.000
1999,DJF,South West England,0.597,14.381
2000,DJF,South West England,0.514,11.531
2001,DJF,South West England,0.578,12.906
2002,DJF,South West England,0.524,10.838
2003,DJF,South West England,0.733,13.662
2004,DJF,South West England,0.672,12.325
2005,DJF,South West England,0.716,14.713
2006,DJF,South West England,0.618,10.969
2007,DJF,South West England,0.609,11.956
2008,DJF,South West England,0.554,13.744
2009,DJF,South West England,0.453,12.500
2010,DJF,South West England,0.566,11.875
2011,DJF,South West England,0.682,14.675
2012,DJF,South West England,0.510,9.925
2013,DJF,South West England,0.651,18.425
2014,DJF,South West England,0.539,14.581
2015,DJF,South West England,0.654,10.344
2016,DJF,South West England,0.718,20.444
2017,DJF,South West England,0.543,12.400
2018,DJF,South West England,0.698,12.575
2019,DJF,South West England,0.691,12.438
2020,DJF,South West England,0.464,8.806
2021,DJF,South West England,0.586,12.150
2022,DJF,South West England,0.594,11.294
2023,DJF,South West England,0.544,11.200
2024,DJF,South West England,0.570,10.325
2025,DJF,South West England,0.454,14.450
2026,DJF,South West England,0.639,15.981
2027,DJF,South West England,0.590,15.425
2028,DJF,South West England,0.739,19.075
2029,DJF,South West England,0.536,9.531
2030,DJF,South West England,0.559,12.069
2031,DJF,South West England,0.704,14.194
2032,DJF,South West England,0.577,12.575
2033,DJF,South West England,0.549,12.162
2034,DJF,South West England,0.662,13.350
2035,DJF,South West England,0.546,13.238
2036,DJF,South West England,0.478,9.925
2037,DJF,South West England,0.617,13.806
2038,DJF,South West England,0.539,8.588
2039,DJF,South West England,0.734,16.106
2040,DJF,South West England,0.602,14.181
2041,DJF,South West England,0.656,10.738
2042,DJF,South West England,0.514,11.406
2043,DJF,South West England,0.635,15.125
2044,DJF,South West England,0.713,12.444
2045,DJF,South West England,0.577,13.294
2046,DJF,South West England,0.617,8.269
2047,DJF,South West England,0.579,9.188
2048,DJF,South West England,0.662,9.994
2049,DJF,South West England,0.638,9.781
2050,DJF,South West England,0.441,11.088
2051,DJF,South West England,0.804,18.944
2052,DJF,South West England,0.698,14.262
2053,DJF,South West England,0.470,8.644
2054,DJF,South West England,0.787,17.600
2055,DJF,South West England,0.362,7.419
2056,DJF,South West England,0.557,10.150
2057,DJF,South West England,0.560,11.044
2058,DJF,South West England,0.450,6.737
2059,DJF,South West England,0.667,13.500
2060,DJF,South West England,0.694,21.500
2061,DJF,South West England,0.766,15.713
2062,DJF,South West England,0.689,10.425
2063,DJF,South West England,0.506,8.681
2064,DJF,South West England,0.549,14.537
2065,DJF,South West England,0.641,12.169
2066,DJF,South West England,0.528,14.300
2067,DJF,South West England,0.571,12.981
2068,DJF,South West England,0.498,14.281
2069,DJF,South West England,0.562,11.494
2070,DJF,South West England,0.501,9.738
2071,DJF,South West England,0.513,7.131
2072,DJF,South West England,0.342,8.906
2073,DJF,South West England,0.602,15.887
2074,DJF,South West England,0.675,13.050
2075,DJF,South West England,0.482,9.969
2076,DJF,South West England,0.688,12.450
2077,DJF,South West England,0.777,20.387
2078,DJF,South West England,0.698,14.356
2079,DJF,South West England,0.560,10.713
2080,DJF,South West England,0.569,18.325
1981,DJF,West Midlands,0.532,8.244
1982,DJF,West Midlands,0.509,7.140
1983,DJF,West Midlands,0.531,6.453
1984,DJF,West Midlands,0.563,6.395
1985,DJF,West Midlands,0.577,9.593
1986,DJF,West Midlands,0.522,9.895
1987,DJF,West Midlands,0.450,6.000
1988,DJF,West Midlands,0.547,7.895
1989,DJF,West Midlands,0.610,10.430
1990,DJF,West Midlands,0.548,10.279
1991,DJF,West Midlands,0.618,9.767
1992,DJF,West Midlands,0.659,11.907
1993,DJF,West Midlands,0.549,9.442
1994,DJF,West Midlands,0.612,9.872
1995,DJF,West Midlands,0.659,9.488
1996,DJF,West Midlands,0.582,8.209
1997,DJF,West Midlands,0.548,8.953
1998,DJF,West Midlands,0.361,5.802
1999,DJF,West Midlands,0.484,7.151
2000,DJF,West Midlands,0.444,6.826
2001,DJF,West Midlands,0.475,8.360
2002,DJF,West Midlands,0.456,7.326
2003,DJF,West Midlands,0.651,8.151
2004,DJF,West Midlands,0.607,11.721
2005,DJF,West Midlands,0.615,10.453
2006,DJF,West Midlands,0.545,8.651
2007,DJF,West Midlands,0.534,7.000
2008,DJF,West Midlands,0.424,6.895
2009,DJF,West Midlands,0.406,8.256
2010,DJF,West Midlands,0.536,8.953
2011,DJF,West Midlands,0.610,10.535
2012,DJF,West Midlands,0.456,8.477
2013,DJF,West Midlands,0.570,10.081
2014,DJF,West Midlands,0.460,8.128
2015,DJF,West Midlands,0.529,5.953
2016,DJF,West Midlands,0.669,10.942
2017,DJF,West Midlands,0.450,5.105
2018,DJF,West Midlands,0.590,10.407
2019,DJF,West Midlands,0.557,6.674
2020,DJF,West Midlands,0.463,9.023
2021,DJF,West Midlands,0.502,6.488
2022,DJF,West Midlands,0.536,7.419
2023,DJF,West Midlands,0.461,7.477
2024,DJF,West Midlands,0.496,6.605
2025,DJF,West Midlands,0.402,12.919
2026,DJF,West Midlands,0.558,9.477
2027,DJF,West Midlands,0.469,5.860
2028,DJF,West Midlands,0.600,11.326
2029,DJF,West Midlands,0.431,6.802
2030,DJF,West Midlands,0.534,8.872
2031,DJF,West Midlands,0.582,10.279
2032,DJF,West Midlands,0.474,8.128
2033,DJF,West Midlands,0.461,6.709
2034,DJF,West Midlands,0.551,7.512
2035,DJF,West Midlands,0.468,6.802
2036,DJF,West Midlands,0.427,7.535
2037,DJF,West Midlands,0.586,11.465
2038,DJF,West Midlands,0.445,7.221
2039,DJF,West Midlands,0.611,11.988
2040,DJF,West Midlands,0.486,7.221
2041,DJF,West Midlands,0.537,7.860
2042,DJF,West Midlands,0.461,9.058
2043,DJF,West Midlands,0.589,10.221
2044,DJF,West Midlands,0.560,7.814
2045,DJF,West Midlands,0.499,10.326
2046,DJF,West Midlands,0.581,7.198
2047,DJF,West Midlands,0.553,8.488
2048,DJF,West Midlands,0.547,6.733
2049,DJF,West Midlands,0.559,8.349
2050,DJF,West Midlands,0.401,7.581
2051,DJF,West Midlands,0.678,9.477
2052,DJF,West Midlands,0.593,8.826
2053,DJF,West Midlands,0.444,7.686
2054,DJF,West Midlands,0.672,9.942
2055,DJF,West Midlands,0.318,5.628
2056,DJF,West Midlands,0.484,5.581
2057,DJF,West Midlands,0.464,7.767
2058,DJF,West Midlands,0.442,5.907
2059,DJF,West Midlands,0.599,10.081
2060,DJF,West Midlands,0.596,11.698
2061,DJF,West Midlands,0.644,9.174
2062,DJF,West Midlands,0.583,7.616
2063,DJF,West Midlands,0.484,6.837
2064,DJF,West Midlands,0.505,9.756
2065,DJF,West Midlands,0.535,7.767
2066,DJF,West Midlands,0.503,13.767
2067,DJF,West Midlands,0.498,8.000
2068,DJF,West Midlands,0.400,8.826
2069,DJF,West Midlands,0.466,8.779
2070,DJF,West Midlands,0.460,6.256
2071,DJF,West Midlands,0.413,5.012
2072,DJF,West Midlands,0.315,5.674
2073,DJF,West Midlands,0.524,10.081
2074,DJF,West Midlands,0.601,8.116
2075,DJF,West Midlands,0.425,7.081
2076,DJF,West Midlands,0.587,7.500
2077,DJF,West Midlands,0.635,9.651
2078,DJF,West Midlands,0.560,9.430
2079,DJF,West Midlands,0.504,7.488
2080,DJF,West Midlands,0.513,15.709
1981,DJF,West Scotland,0.675,19.614
1982,DJF,West Scotland,0.680,16.220
1983,DJF,West Scotland,0.843,25.720
1984,DJF,West Scotland,0.788,25.227
1985,DJF,West Scotland,0.738,17.568
1986,DJF,West Scotland,0.669,16.674
1987,DJF,West Scotland,0.651,12.727
1988,DJF,West Scotland,0.746,27.023
1989,DJF,West Scotland,0.857,22.424
1990,DJF,West Scotland,0.752,21.189
1991,DJF,West Scotland,0.725,13.417
1992,DJF,West Scotland,0.797,24.326
1993,DJF,West Scotland,0.768,17.341
1994,DJF,West Scotland,0.712,21.712
1995,DJF,West Scotland,0.714,24.485
1996,DJF,West Scotland,0.710,16.909
1997,DJF,West Scotland,0.719,14.045
1998,DJF,West Scotland,0.571,12.515
1999,DJF,West Scotland,0.637,13.129
2000,DJF,West Scotland,0.671,17.758
2001,DJF,West Scotland,0.708,18.371
2002,DJF,West Scotland,0.686,17.318
2003,DJF,West Scotland,0.801,17.477
2004,DJF,West Scotland,0.687,19.909
2005,DJF,West Scotland,0.672,15.780
2006,DJF,West Scotland,0.774,19.303
2007,DJF,West Scotland,0.730,20.773
2008,DJF,West Scotland,0.655,17.455
2009,DJF,West Scotland,0.385,10.455
2010,DJF,West Scotland,0.705,15.553
2011,DJF,West Scotland,0.825,17.364
2012,DJF,West Scotland,0.631,15.311
2013,DJF,West Scotland,0.647,17.174
2014,DJF,West Scotland,0.762,17.348
2015,DJF,West Scotland,0.781,17.523
2016,DJF,West Scotland,0.807,26.568
2017,DJF,West Scotland,0.566,11.432
2018,DJF,West Scotland,0.867,20.742
2019,DJF,West Scotland,0.701,17.826
2020,DJF,West Scotland,0.720,17.205
2021,DJF,West Scotland,0.713,19.856
2022,DJF,West Scotland,0.685,14.083
2023,DJF,West Scotland,0.724,21.735
2024,DJF,West Scotland,0.625,11.477
2025,DJF,West Scotland,0.557,15.432
2026,DJF,West Scotland,0.766,28.447
2027,DJF,West Scotland,0.786,17.523
2028,DJF,West Scotland,0.861,28.470
2029,DJF,West Scotland,0.771,24.985
2030,DJF,West Scotland,0.755,28.432
2031,DJF,West Scotland,0.801,23.212
2032,DJF,West Scotland,0.753,23.189
2033,DJF,West Scotland,0.566,17.364
2034,DJF,West Scotland,0.702,19.280
2035,DJF,West Scotland,0.611,15.318
2036,DJF,West Scotland,0.606,11.205
2037,DJF,West Scotland,0.671,17.235
2038,DJF,West Scotland,0.776,19.811
2039,DJF,West Scotland,0.714,15.182
2040,DJF,West Scotland,0.663,12.788
2041,DJF,West Scotland,0.688,16.848
2042,DJF,West Scotland,0.547,14.598
2043,DJF,West Scotland,0.697,20.977
2044,DJF,West Scotland,0.779,21.182
2045,DJF,West Scotland,0.687,11.288
2046,DJF,West Scotland,0.778,20.205
2047,DJF,West Scotland,0.638,9.273
2048,DJF,West Scotland,0.745,17.962
2049,DJF,West Scotland,0.765,14.977
2050,DJF,West Scotland,0.706,18.553
2051,DJF,West Scotland,0.907,36.742
2052,DJF,West Scotland,0.747,23.644
2053,DJF,West Scotland,0.723,16.795
2054,DJF,West Scotland,0.779,15.439
2055,DJF,West Scotland,0.641,17.045
2056,DJF,West Scotland,0.567,12.576
2057,DJF,West Scotland,0.753,15.644
2058,DJF,West Scotland,0.543,9.523
2059,DJF,West Scotland,0.632,14.924
2060,DJF,West Scotland,0.853,26.720
2061,DJF,West Scotland,0.795,21.538
2062,DJF,West Scotland,0.754,24.644
2063,DJF,West Scotland,0.460,6.886
2064,DJF,West Scotland,0.674,17.083
2065,DJF,West Scotland,0.792,23.788
2066,DJF,West Scotland,0.539,8.553
2067,DJF,West Scotland,0.732,17.561
2068,DJF,West Scotland,0.618,17.879
2069,DJF,West Scotland,0.595,13.894
2070,DJF,West Scotland,0.695,13.515
2071,DJF,West Scotland,0.550,11.705
2072,DJF,West Scotland,0.530,12.470
2073,DJF,West Scotland,0.707,18.076
2074,DJF,West Scotland,0.715,16.750
2075,DJF,West Scotland,0.649,14.083
2076,DJF,West Scotland,0.649,15.917
2077,DJF,West Scotland,0.813,28.258
2078,DJF,West Scotland,0.842,27.591
2079,DJF,West Scotland,0.682,12.568
2080,DJF,West Scotland,0.540,8.606
1981,DJF,Yorkshire and Humber,0.548,11.079
1982,DJF,Yorkshire and Humber,0.583,10.386
1983,DJF,Yorkshire and Humber,0.563,10.743
1984,DJF,Yorkshire and Humber,0.551,7.733
1985,DJF,Yorkshire and Humber,0.575,10.584
1986,DJF,Yorkshire and Humber,0.506,8.059
1987,DJF,Yorkshire and Humber,0.502,8.079
1988,DJF,Yorkshire and Humber,0.589,11.604
1989,DJF,Yorkshire and Humber,0.585,8.634
1990,DJF,Yorkshire and Humber,0.512,9.901
1991,DJF,Yorkshire and Humber,0.649,10.366
1992,DJF,Yorkshire and Humber,0.637,10.416
1993,DJF,Yorkshire and Humber,0.565,14.297
1994,DJF,Yorkshire and Humber,0.590,10.505
1995,DJF,Yorkshire and Humber,0.649,12.376
1996,DJF,Yorkshire and Humber,0.605,8.832
1997,DJF,Yorkshire and Humber,0.525,7.495
1998,DJF,Yorkshire and Humber,0.404,5.545
1999,DJF,Yorkshire and Humber,0.451,6.772
2000,DJF,Yorkshire and Humber,0.514,10.040
2001,DJF,Yorkshire and Humber,0.565,9.703
2002,DJF,Yorkshire and Humber,0.415,9.238
2003,DJF,Yorkshire and Humber,0.593,7.495
2004,DJF,Yorkshire and Humber,0.605,12.525
2005,DJF,Yorkshire and Humber,0.626,9.119
2006,DJF,Yorkshire and Humber,0.535,6.990
2007,DJF,Yorkshire and Humber,0.585,8.040
2008,DJF,Yorkshire and Humber,0.396,5.931
2009,DJF,Yorkshire and Humber,0.478,8.188
2010,DJF,Yorkshire and Humber,0.479,9.366
2011,DJF,Yorkshire and Humber,0.664,8.842
2012,DJF,Yorkshire and Humber,0.507,10.475
2013,DJF,Yorkshire and Humber,0.557,9.950
2014,DJF,Yorkshire and Humber,0.534,6.119
2015,DJF,Yorkshire and Humber,0.515,7.525
2016,DJF,Yorkshire and Humber,0.577,8.733
2017,DJF,Yorkshire and Humber,0.553,7.109
2018,DJF,Yorkshire and Humber,0.640,9.950
2019,DJF,Yorkshire and Humber,0.540,8.010
2020,DJF,Yorkshire and Humber,0.472,10.515
2021,DJF,Yorkshire and Humber,0.533,10.198
2022,DJF,Yorkshire and Humber,0.539,8.475
2023,DJF,Yorkshire and Humber,0.500,11.248
2024,DJF,Yorkshire and Humber,0.465,5.188
2025,DJF,Yorkshire and Humber,0.448,11.069
2026,DJF,Yorkshire and Humber,0.572,10.218
2027,DJF,Yorkshire and Humber,0.517,9.911
2028,DJF,Yorkshire and Humber,0.609,11.228
2029,DJF,Yorkshire and Humber,0.500,10.267
2030,DJF,Yorkshire and Humber,0.501,10.059
2031,DJF,Yorkshire and Humber,0.559,9.950
2032,DJF,Yorkshire and Humber,0.481,10.723
2033,DJF,Yorkshire and Humber,0.459,7.941
2034,DJF,Yorkshire and Humber,0.561,10.376
2035,DJF,Yorkshire and Humber,0.431,7.406
2036,DJF,Yorkshire and Humber,0.439,8.792
2037,DJF,Yorkshire and Humber,0.582,8.624
2038,DJF,Yorkshire and Humber,0.465,6.129
2039,DJF,Yorkshire and Humber,0.558,9.386
2040,DJF,Yorkshire and Humber,0.495,7.079
2041,DJF,Yorkshire and Humber,0.577,9.871
2042,DJF,Yorkshire and Humber,0.505,8.020
2043,DJF,Yorkshire and Humber,0.603,11.069
2044,DJF,Yorkshire and Humber,0.606,10.911
2045,DJF,Yorkshire and Humber,0.533,11.208
2046,DJF,Yorkshire and Humber,0.603,8.752
2047,DJF,Yorkshire and Humber,0.580,7.891
2048,DJF,Yorkshire and Humber,0.553,7.168
2049,DJF,Yorkshire and Humber,0.570,7.475
2050,DJF,Yorkshire and Humber,0.409,7.149
2051,DJF,Yorkshire and Humber,0.692,14.099
2052,DJF,Yorkshire and Humber,0.530,8.594
2053,DJF,Yorkshire and Humber,0.450,7.673
2054,DJF,Yorkshire and Humber,0.694,9.505
2055,DJF,Yorkshire and Humber,0.396,9.842
2056,DJF,Yorkshire and Humber,0.502,5.891
2057,DJF,Yorkshire and Humber,0.494,7.020
2058,DJF,Yorkshire and Humber,0.550,8.426
2059,DJF,Yorkshire and Humber,0.567,8.861
2060,DJF,Yorkshire and Humber,0.590,11.911
2061,DJF,Yorkshire and Humber,0.614,8.822
2062,DJF,Yorkshire and Humber,0.586,11.119
2063,DJF,Yorkshire and Humber,0.500,7.891
2064,DJF,Yorkshire and Humber,0.575,9.257
2065,DJF,Yorkshire and Humber,0.468,7.356
2066,DJF,Yorkshire and Humber,0.600,15.000
2067,DJF,Yorkshire and Humber,0.515,8.703
2068,DJF,Yorkshire and Humber,0.411,6.129
2069,DJF,Yorkshire and Humber,0.467,6.238
2070,DJF,Yorkshire and Humber,0.563,7.723
2071,DJF,Yorkshire and Humber,0.424,5.990
2072,DJF,Yorkshire and Humber,0.360,5.693
2073,DJF,Yorkshire and Humber,0.556,9.168
2074,DJF,Yorkshire and Humber,0.612,10.030
2075,DJF,Yorkshire and Humber,0.461,7.772
2076,DJF,Yorkshire and Humber,0.525,7.772
2077,DJF,Yorkshire and Humber,0.615,11.139
2078,DJF,Yorkshire and Humber,0.622,12.861
2079,DJF,Yorkshire and Humber,0.482,6.871
2080,DJF,Yorkshire and Humber,0.513,11.574
1981,DJF,Channel Islands,0.489,7.000
1982,DJF,Channel Islands,0.556,11.000
1983,DJF,Channel Islands,0.644,10.000
1984,DJF,Channel Islands,0.670,15.000
1985,DJF,Channel Islands,0.689,18.000
1986,DJF,Channel Islands,0.456,13.000
1987,DJF,Channel Islands,0.578,12.000
1988,DJF,Channel Islands,0.593,9.000
1989,DJF,Channel Islands,0.622,18.000
1990,DJF,Channel Islands,0.578,12.000
1991,DJF,Channel Islands,0.644,16.000
1992,DJF,Channel Islands,0.736,15.000
1993,DJF,Channel Islands,0.522,14.000
1994,DJF,Channel Islands,0.744,21.000
1995,DJF,Channel Islands,0.822,12.000
1996,DJF,Channel Islands,0.626,12.000
1997,DJF,Channel Islands,0.644,16.000
1998,DJF,Channel Islands,0.378,10.000
1999,DJF,Channel Islands,0.622,10.000
2000,DJF,Channel Islands,0.440,8.000
2001,DJF,Channel Islands,0.667,18.000
2002,DJF,Channel Islands,0.500,13.000
2003,DJF,Channel Islands,0.700,11.000
2004,DJF,Channel Islands,0.648,15.000
2005,DJF,Channel Islands,0.722,9.000
2006,DJF,Channel Islands,0.544,9.000
2007,DJF,Channel Islands,0.600,8.000
2008,DJF,Channel Islands,0.549,28.000
2009,DJF,Channel Islands,0.511,11.000
2010,DJF,Channel Islands,0.378,5.000
2011,DJF,Channel Islands,0.744,21.000
2012,DJF,Channel Islands,0.495,14.000
2013,DJF,Channel Islands,0.600,19.000
2014,DJF,Channel Islands,0.589,28.000
2015,DJF,Channel Islands,0.589,13.000
2016,DJF,Channel Islands,0.670,15.000
2017,DJF,Channel Islands,0.600,14.000
2018,DJF,Channel Islands,0.700,14.000
2019,DJF,Channel Islands,0.722,11.000
2020,DJF,Channel Islands,0.527,11.000
2021,DJF,Channel Islands,0.678,16.000
2022,DJF,Channel Islands,0.633,12.000
2023,DJF,Channel Islands,0.533,15.000
2024,DJF,Channel Islands,0.560,18.000
2025,DJF,Channel Islands,0.478,18.000
2026,DJF,Channel Islands,0.622,14.000
2027,DJF,Channel Islands,0.667,19.000
2028,DJF,Channel Islands,0.769,17.000
2029,DJF,Channel Islands,0.500,14.000
2030,DJF,Channel Islands,0.489,14.000
2031,DJF,Channel Islands,0.644,16.000
2032,DJF,Channel Islands,0.516,19.000
2033,DJF,Channel Islands,0.656,14.000
2034,DJF,Channel Islands,0.678,15.000
2035,DJF,Channel Islands,0.478,8.000
2036,DJF,Channel Islands,0.495,24.000
2037,DJF,Channel Islands,0.567,15.000
2038,DJF,Channel Islands,0.422,9.000
2039,DJF,Channel Islands,0.778,13.000
2040,DJF,Channel Islands,0.495,19.000
2041,DJF,Channel Islands,0.689,13.000
2042,DJF,Channel Islands,0.511,12.000
2043,DJF,Channel Islands,0.622,12.000
2044,DJF,Channel Islands,0.769,17.000
2045,DJF,Channel Islands,0.556,9.000
2046,DJF,Channel Islands,0.589,8.000
2047,DJF,Channel Islands,0.656,11.000
2048,DJF,Channel Islands,0.758,11.000
2049,DJF,Channel Islands,0.756,13.000
2050,DJF,Channel Islands,0.356,10.000
2051,DJF,Channel Islands,0.778,35.000
2052,DJF,Channel Islands,0.615,11.000
2053,DJF,Channel Islands,0.333,5.000
2054,DJF,Channel Islands,0.756,23.000
2055,DJF,Channel Islands,0.333,12.000
2056,DJF,Channel Islands,0.527,11.000
2057,DJF,Channel Islands,0.467,7.000
2058,DJF,Channel Islands,0.467,7.000
2059,DJF,Channel Islands,0.622,9.000
2060,DJF,Channel Islands,0.615,17.000
2061,DJF,Channel Islands,0.700,14.000
2062,DJF,Channel Islands,0.722,12.000
2063,DJF,Channel Islands,0.567,12.000
2064,DJF,Channel Islands,0.593,19.000
2065,DJF,Channel Islands,0.633,11.000
2066,DJF,Channel Islands,0.511,7.000
2067,DJF,Channel Islands,0.533,18.000
2068,DJF,Channel Islands,0.407,16.000
2069,DJF,Channel Islands,0.511,13.000
2070,DJF,Channel Islands,0.544,10.000
2071,DJF,Channel Islands,0.544,13.000
2072,DJF,Channel Islands,0.330,8.000
2073,DJF,Channel Islands,0.556,15.000
2074,DJF,Channel Islands,0.733,16.000
2075,DJF,Channel Islands,0.467,9.000
2076,DJF,Channel Islands,0.604,12.000
2077,DJF,Channel Islands,0.833,20.000
2078,DJF,Channel Islands,0.589,15.000
2079,DJF,Channel Islands,0.567,12.000
2080,DJF,Channel Islands,0.604,7.000
1981,DJF,Isle of Man,0.637,15.333
1982,DJF,Isle of Man,0.652,13.000
1983,DJF,Isle of Man,0.744,16.000
1984,DJF,Isle of Man,0.703,15.000
1985,DJF,Isle of Man,0.670,20.000
1986,DJF,Isle of Man,0.604,9.000
1987,DJF,Isle of Man,0.585,15.000
1988,DJF,Isle of Man,0.733,19.667
1989,DJF,Isle of Man,0.722,10.667
1990,DJF,Isle of Man,0.626,11.333
1991,DJF,Isle of Man,0.700,12.000
1992,DJF,Isle of Man,0.795,13.000
1993,DJF,Isle of Man,0.667,22.000
1994,DJF,Isle of Man,0.741,19.333
1995,DJF,Isle of Man,0.774,17.000
1996,DJF,Isle of Man,0.718,15.667
1997,DJF,Isle of Man,0.674,8.667
1998,DJF,Isle of Man,0.433,4.000
1999,DJF,Isle of Man,0.589,9.333
2000,DJF,Isle of Man,0.615,9.667
2001,DJF,Isle of Man,0.630,18.000
2002,DJF,Isle of Man,0.552,14.333
2003,DJF,Isle of Man,0.785,15.667
2004,DJF,Isle of Man,0.714,17.000
2005,DJF,Isle of Man,0.674,11.333
2006,DJF,Isle of Man,0.685,12.333
2007,DJF,Isle of Man,0.711,20.000
2008,DJF,Isle of Man,0.549,8.000
2009,DJF,Isle of Man,0.407,9.333
2010,DJF,Isle of Man,0.574,10.000
2011,DJF,Isle of Man,0.781,13.333
2012,DJF,Isle of Man,0.579,11.667
2013,DJF,Isle of Man,0.619,12.333
2014,DJF,Isle of Man,0.674,11.667
2015,DJF,Isle of Man,0.615,8.667
2016,DJF,Isle of Man,0.780,17.000
2017,DJF,Isle of Man,0.552,13.333
2018,DJF,Isle of Man,0.789,15.000
2019,DJF,Isle of Man,0.730,14.000
2020,DJF,Isle of Man,0.560,12.333
2021,DJF,Isle of Man,0.641,20.000
2022,DJF,Isle of Man,0.648,12.333
2023,DJF,Isle of Man,0.589,17.333
2024,DJF,Isle of Man,0.535,8.000
2025,DJF,Isle of Man,0.570,14.000
2026,DJF,Isle of Man,0.704,20.000
2027,DJF,Isle of Man,0.659,10.667
2028,DJF,Isle of Man,0.802,18.000
2029,DJF,Isle of Man,0.626,11.333
2030,DJF,Isle of Man,0.648,22.000
2031,DJF,Isle of Man,0.659,11.000
2032,DJF,Isle of Man,0.681,16.000
2033,DJF,Isle of Man,0.581,12.333
2034,DJF,Isle of Man,0.644,9.667
2035,DJF,Isle of Man,0.552,15.667
2036,DJF,Isle of Man,0.557,17.000
2037,DJF,Isle of Man,0.589,10.000
2038,DJF,Isle of Man,0.578,9.000
2039,DJF,Isle of Man,0.778,17.000
2040,DJF,Isle of Man,0.648,17.667
2041,DJF,Isle of Man,0.659,12.667
2042,DJF,Isle of Man,0.474,11.667
2043,DJF,Isle of Man,0.648,7.000
2044,DJF,Isle of Man,0.751,15.000
2045,DJF,Isle of Man,0.563,8.667
2046,DJF,Isle of Man,0.711,9.333
2047,DJF,Isle of Man,0.681,7.333
2048,DJF,Isle of Man,0.685,13.000
2049,DJF,Isle of Man,0.700,12.000
2050,DJF,Isle of Man,0.544,13.000
2051,DJF,Isle of Man,0.796,12.000
2052,DJF,Isle of Man,0.744,19.000
2053,DJF,Isle of Man,0.570,8.000
2054,DJF,Isle of Man,0.811,26.000
2055,DJF,Isle of Man,0.474,10.000
2056,DJF,Isle of Man,0.542,9.000
2057,DJF,Isle of Man,0.633,12.667
2058,DJF,Isle of Man,0.496,8.333
2059,DJF,Isle of Man,0.596,13.333
2060,DJF,Isle of Man,0.736,22.667
2061,DJF,Isle of Man,0.804,34.333
2062,DJF,Isle of Man,0.726,14.333
2063,DJF,Isle of Man,0.500,6.667
2064,DJF,Isle of Man,0.667,19.667
2065,DJF,Isle of Man,0.704,18.000
2066,DJF,Isle of Man,0.559,14.000
2067,DJF,Isle of Man,0.596,13.333
2068,DJF,Isle of Man,0.491,10.000
2069,DJF,Isle of Man,0.541,7.333
2070,DJF,Isle of Man,0.567,7.000
2071,DJF,Isle of Man,0.515,10.000
2072,DJF,Isle of Man,0.399,10.000
2073,DJF,Isle of Man,0.674,23.000
2074,DJF,Isle of Man,0.759,25.000
2075,DJF,Isle of Man,0.585,10.000
2076,DJF,Isle of Man,0.659,10.333
2077,DJF,Isle of Man,0.796,22.000
2078,DJF,Isle of Man,0.741,18.000
2079,DJF,Isle of Man,0.622,10.000
2080,DJF,Isle of Man,0.612,11.667
1981,DJF,Northern Ireland,0.690,15.241
1982,DJF,Northern Ireland,0.641,14.552
1983,DJF,Northern Ireland,0.761,20.057
1984,DJF,Northern Ireland,0.723,16.138
1985,DJF,Northern Ireland,0.681,15.989
1986,DJF,Northern Ireland,0.666,13.782
1987,DJF,Northern Ireland,0.601,11.218
1988,DJF,Northern Ireland,0.723,19.851
1989,DJF,Northern Ireland,0.820,20.540
1990,DJF,Northern Ireland,0.665,15.264
1991,DJF,Northern Ireland,0.740,17.552
1992,DJF,Northern Ireland,0.726,18.034
1993,DJF,Northern Ireland,0.705,13.954
1994,DJF,Northern Ireland,0.646,15.287
1995,DJF,Northern Ireland,0.752,15.115
1996,DJF,Northern Ireland,0.784,17.161
1997,DJF,Northern Ireland,0.643,12.506
1998,DJF,Northern Ireland,0.546,8.885
1999,DJF,Northern Ireland,0.568,10.310
2000,DJF,Northern Ireland,0.598,13.966
2001,DJF,Northern Ireland,0.693,11.506
2002,DJF,Northern Ireland,0.608,10.241
2003,DJF,Northern Ireland,0.751,11.862
2004,DJF,Northern Ireland,0.705,13.816
2005,DJF,Northern Ireland,0.726,16.310
2006,DJF,Northern Ireland,0.667,8.425
2007,DJF,Northern Ireland,0.750,18.345
2008,DJF,Northern Ireland,0.497,9.391
2009,DJF,Northern Ireland,0.391,6.828
2010,DJF,Northern Ireland,0.654,9.851
2011,DJF,Northern Ireland,0.738,11.736
2012,DJF,Northern Ireland,0.580,10.655
2013,DJF,Northern Ireland,0.587,14.023
2014,DJF,Northern Ireland,0.709,13.908
2015,DJF,Northern Ireland,0.710,14.069
2016,DJF,Northern Ireland,0.750,11.092
2017,DJF,Northern Ireland,0.535,10.828
2018,DJF,Northern Ireland,0.800,20.000
2019,DJF,Northern Ireland,0.701,14.172
2020,DJF,Northern Ireland,0.617,8.483
2021,DJF,Northern Ireland,0.692,16.724
2022,DJF,Northern Ireland,0.657,11.770
2023,DJF,Northern Ireland,0.680,12.161
2024,DJF,Northern Ireland,0.572,8.851
2025,DJF,Northern Ireland,0.557,11.000
2026,DJF,Northern Ireland,0.733,18.345
2027,DJF,Northern Ireland,0.671,12.862
2028,DJF,Northern Ireland,0.783,20.253
2029,DJF,Northern Ireland,0.661,15.805
2030,DJF,Northern Ireland,0.695,21.851
2031,DJF,Northern Ireland,0.681,11.034
2032,DJF,Northern Ireland,0.663,19.345
2033,DJF,Northern Ireland,0.559,12.195
2034,DJF,Northern Ireland,0.616,11.092
2035,DJF,Northern Ireland,0.565,10.621
2036,DJF,Northern Ireland,0.588,10.425
2037,DJF,Northern Ireland,0.615,11.402
2038,DJF,Northern Ireland,0.745,14.839
2039,DJF,Northern Ireland,0.685,10.839
2040,DJF,Northern Ireland,0.700,11.230
2041,DJF,Northern Ireland,0.685,11.264
2042,DJF,Northern Ireland,0.496,9.943
2043,DJF,Northern Ireland,0.663,15.034
2044,DJF,Northern Ireland,0.755,19.069
2045,DJF,Northern Ireland,0.568,9.667
2046,DJF,Northern Ireland,0.737,17.598
2047,DJF,Northern Ireland,0.658,8.609
2048,DJF,Northern Ireland,0.671,11.575
2049,DJF,Northern Ireland,0.757,14.483
2050,DJF,Northern Ireland,0.646,13.793
2051,DJF,Northern Ireland,0.808,18.460
2052,DJF,Northern Ireland,0.733,19.103
2053,DJF,Northern Ireland,0.704,15.368
2054,DJF,Northern Ireland,0.811,13.851
2055,DJF,Northern Ireland,0.595,10.770
2056,DJF,Northern Ireland,0.554,7.701
2057,DJF,Northern Ireland,0.666,11.057
2058,DJF,Northern Ireland,0.527,12.069
2059,DJF,Northern Ireland,0.644,12.977
2060,DJF,Northern Ireland,0.760,13.264
2061,DJF,Northern Ireland,0.763,14.402
2062,DJF,Northern Ireland,0.703,18.839
2063,DJF,Northern Ireland,0.474,7.816
2064,DJF,Northern Ireland,0.630,11.184
2065,DJF,Northern Ireland,0.696,14.023
2066,DJF,Northern Ireland,0.572,10.264
2067,DJF,Northern Ireland,0.685,13.805
2068,DJF,Northern Ireland,0.568,12.770
2069,DJF,Northern Ireland,0.614,12.483
2070,DJF,Northern Ireland,0.620,9.966
2071,DJF,Northern Ireland,0.593,9.195
2072,DJF,Northern Ireland,0.484,10.448
2073,DJF,Northern Ireland,0.611,13.241
2074,DJF,Northern Ireland,0.603,7.678
2075,DJF,Northern Ireland,0.587,8.000
2076,DJF,Northern Ireland,0.657,11.529
2077,DJF,Northern Ireland,0.744,21.253
2078,DJF,Northern Ireland,0.756,19.287
2079,DJF,Northern Ireland,0.608,10.310
2080,DJF,Northern Ireland,0.575,7.391
1981,DJF,Wales,0.661,15.827
1982,DJF,Wales,0.601,11.914
1983,DJF,Wales,0.726,20.561
1984,DJF,Wales,0.737,15.576
1985,DJF,Wales,0.708,16.547
1986,DJF,Wales,0.676,14.432
1987,DJF,Wales,0.560,9.827
1988,DJF,Wales,0.682,16.899
1989,DJF,Wales,0.774,15.518
1990,DJF,Wales,0.672,16.691
1991,DJF,Wales,0.761,19.072
1992,DJF,Wales,0.843,24.640
1993,DJF,Wales,0.710,20.878
1994,DJF,Wales,0.766,19.022
1995,DJF,Wales,0.814,19.906
1996,DJF,Wales,0.753,20.223
1997,DJF,Wales,0.694,11.820
1998,DJF,Wales,0.495,7.245
1999,DJF,Wales,0.588,13.439
2000,DJF,Wales,0.604,18.281
2001,DJF,Wales,0.644,15.532
2002,DJF,Wales,0.594,11.777
2003,DJF,Wales,0.838,20.338
2004,DJF,Wales,0.749,16.230
2005,DJF,Wales,0.754,16.496
2006,DJF,Wales,0.747,13.813
2007,DJF,Wales,0.701,18.209
2008,DJF,Wales,0.560,11.698
2009,DJF,Wales,0.450,13.043
2010,DJF,Wales,0.641,13.676
2011,DJF,Wales,0.762,14.309
2012,DJF,Wales,0.581,15.273
2013,DJF,Wales,0.683,15.640
2014,DJF,Wales,0.654,17.396
2015,DJF,Wales,0.698,10.971
2016,DJF,Wales,0.757,27.863
2017,DJF,Wales,0.586,13.568
2018,DJF,Wales,0.814,16.129
2019,DJF,Wales,0.757,13.806
2020,DJF,Wales,0.594,13.201
2021,DJF,Wales,0.675,17.374
2022,DJF,Wales,0.639,9.662
2023,DJF,Wales,0.644,12.683
2024,DJF,Wales,0.601,11.871
2025,DJF,Wales,0.521,18.597
2026,DJF,Wales,0.697,22.345
2027,DJF,Wales,0.670,13.619
2028,DJF,Wales,0.782,23.173
2029,DJF,Wales,0.614,13.237
2030,DJF,Wales,0.650,23.993
2031,DJF,Wales,0.767,22.086
2032,DJF,Wales,0.683,19.662
2033,DJF,Wales,0.575,12.014
2034,DJF,Wales,0.701,18.094
2035,DJF,Wales,0.607,13.755
2036,DJF,Wales,0.543,13.374
2037,DJF,Wales,0.664,16.626
2038,DJF,Wales,0.620,10.266
2039,DJF,Wales,0.771,17.338
2040,DJF,Wales,0.659,16.446
2041,DJF,Wales,0.682,11.129
2042,DJF,Wales,0.515,11.683
2043,DJF,Wales,0.706,18.662
2044,DJF,Wales,0.771,15.719
2045,DJF,Wales,0.637,16.504
2046,DJF,Wales,0.703,14.489
2047,DJF,Wales,0.645,11.187
2048,DJF,Wales,0.715,14.597
2049,DJF,Wales,0.723,10.921
2050,DJF,Wales,0.539,13.806
2051,DJF,Wales,0.851,24.072
2052,DJF,Wales,0.752,16.209
2053,DJF,Wales,0.596,13.094
2054,DJF,Wales,0.794,16.763
2055,DJF,Wales,0.477,11.065
2056,DJF,Wales,0.610,13.568
2057,DJF,Wales,0.640,12.698
2058,DJF,Wales,0.509,8.935
2059,DJF,Wales,0.714,16.504
2060,DJF,Wales,0.792,24.022
2061,DJF,Wales,0.788,16.827
2062,DJF,Wales,0.788,16.050
2063,DJF,Wales,0.574,9.324
2064,DJF,Wales,0.628,15.360
2065,DJF,Wales,0.724,16.504
2066,DJF,Wales,0.563,15.086
2067,DJF,Wales,0.643,11.784
2068,DJF,Wales,0.559,15.532
2069,DJF,Wales,0.598,11.252
2070,DJF,Wales,0.612,10.669
2071,DJF,Wales,0.550,8.381
2072,DJF,Wales,0.392,9.496
2073,DJF,Wales,0.677,18.237
2074,DJF,Wales,0.715,16.950
2075,DJF,Wales,0.566,11.899
2076,DJF,Wales,0.761,16.417
2077,DJF,Wales,0.819,23.511
2078,DJF,Wales,0.827,28.324
2079,DJF,Wales,0.659,15.784
2080,DJF,Wales,0.560,21.899
1981,MAM,East Midlands,0.424,5.308
1982,MAM,East Midlands,0.510,11.702
1983,MAM,East Midlands,0.563,8.567
1984,MAM,East Midlands,0.559,7.029
1985,MAM,East Midlands,0.402,8.087
1986,MAM,East Midlands,0.539,10.106
1987,MAM,East Midlands,0.458,9.404
1988,MAM,East Midlands,0.460,7.260
1989,MAM,East Midlands,0.412,7.029
1990,MAM,East Midlands,0.439,7.394
1991,MAM,East Midlands,0.441,8.606
1992,MAM,East Midlands,0.398,6.779
1993,MAM,East Midlands,0.490,7.096
1994,MAM,East Midlands,0.373,7.029
1995,MAM,East Midlands,0.431,7.413
1996,MAM,East Midlands,0.456,7.760
1997,MAM,East Midlands,0.304,5.894
1998,MAM,East Midlands,0.554,9.740
1999,MAM,East Midlands,0.362,7.452
2000,MAM,East Midlands,0.461,7.865
2001,MAM,East Midlands,0.575,9.433
2002,MAM,East Midlands,0.448,5.019
2003,MAM,East Midlands,0.353,6.240
2004,MAM,East Midlands,0.476,13.375
2005,MAM,East Midlands,0.471,8.385
2006,MAM,East Midlands,0.541,8.673
2007,MAM,East Midlands,0.404,5.096
2008,MAM,East Midlands,0.444,5.625
2009,MAM,East Midlands,0.604,8.538
2010,MAM,East Midlands,0.392,6.173
2011,MAM,East Midlands,0.386,10.173
2012,MAM,East Midlands,0.367,6.413
2013,MAM,East Midlands,0.521,6.337
2014,MAM,East Midlands,0.628,9.971
2015,MAM,East Midlands,0.507,5.798
2016,MAM,East Midlands,0.523,8.365
2017,MAM,East Midlands,0.511,6.808
2018,MAM,East Midlands,0.504,9.096
2019,MAM,East Midlands,0.629,10.154
2020,MAM,East Midlands,0.577,10.067
2021,MAM,East Midlands,0.644,11.135
2022,MAM,East Midlands,0.506,6.712
2023,MAM,East Midlands,0.488,6.769
2024,MAM,East Midlands,0.564,7.163
2025,MAM,East Midlands,0.521,10.000
2026,MAM,East Midlands,0.377,4.942
2027,MAM,East Midlands,0.447,9.702
2028,MAM,East Midlands,0.540,6.298
2029,MAM,East Midlands,0.488,7.904
2030,MAM,East Midlands,0.577,8.990
2031,MAM,East Midlands,0.589,9.952
2032,MAM,East Midlands,0.477,8.048
2033,MAM,East Midlands,0.463,7.135
2034,MAM,East Midlands,0.382,7.250
2035,MAM,East Midlands,0.476,9.029
2036,MAM,East Midlands,0.515,7.885
2037,MAM,East Midlands,0.433,5.365
2038,MAM,East Midlands,0.377,5.846
2039,MAM,East Midlands,0.511,9.452
2040,MAM,East Midlands,0.619,9.587
2041,MAM,East Midlands,0.458,8.337
2042,MAM,East Midlands,0.488,9.462
2043,MAM,East Midlands,0.527,8.115
2044,MAM,East Midlands,0.226,4.519
2045,MAM,East Midlands,0.419,10.913
2046,MAM,East Midlands,0.635,14.510
2047,MAM,East Midlands,0.570,10.154
2048,MAM,East Midlands,0.493,8.221
2049,MAM,East Midlands,0.431,4.221
2050,MAM,East Midlands,0.411,5.500
2051,MAM,East Midlands,0.494,13.587
2052,MAM,East Midlands,0.535,8.404
2053,MAM,East Midlands,0.458,7.808
2054,MAM,East Midlands,0.284,4.163
2055,MAM,East Midlands,0.475,6.337
2056,MAM,East Midlands,0.324,6.288
2057,MAM,East Midlands,0.532,8.625
2058,MAM,East Midlands,0.551,8.423
2059,MAM,East Midlands,0.381,5.885
2060,MAM,East Midlands,0.356,5.192
2061,MAM,East Midlands,0.450,11.096
2062,MAM,East Midlands,0.618,11.317
2063,MAM,East Midlands,0.435,6.500
2064,MAM,East Midlands,0.515,8.038
2065,MAM,East Midlands,0.442,5.462
2066,MAM,East Midlands,0.576,10.846
2067,MAM,East Midlands,0.671,11.683
2068,MAM,East Midlands,0.456,6.356
2069,MAM,East Midlands,0.524,11.183
2070,MAM,East Midlands,0.410,7.135
2071,MAM,East Midlands,0.402,7.269
2072,MAM,East Midlands,0.448,7.279
2073,MAM,East Midlands,0.372,7.798
2074,MAM,East Midlands,0.434,6.471
2075,MAM,East Midlands,0.343,5.721
2076,MAM,East Midlands,0.428,6.404
2077,MAM,East Midlands,0.419,6.798
2078,MAM,East Midlands,0.474,5.913
2079,MAM,East Midlands,0.591,8.894
2080,MAM,East Midlands,0.448,6.865
1981,MAM,East of England,0.350,7.038
1982,MAM,East of England,0.451,7.031
1983,MAM,East of England,0.516,6.531
1984,MAM,East of England,0.535,7.008
1985,MAM,East of England,0.373,9.338
1986,MAM,East of England,0.555,11.569
1987,MAM,East of England,0.379,9.923
1988,MAM,East of England,0.550,9.569
1989,MAM,East of England,0.394,4.785
1990,MAM,East of England,0.406,6.338
1991,MAM,East of England,0.393,5.977
1992,MAM,East of England,0.392,6.785
1993,MAM,East of England,0.458,6.331
1994,MAM,East of England,0.273,4.654
1995,MAM,East of England,0.356,4.900
1996,MAM,East of England,0.415,6.546
1997,MAM,East of England,0.220,4.462
1998,MAM,East of England,0.492,8.623
1999,MAM,East of England,0.327,5.415
2000,MAM,East of England,0.426,7.369
2001,MAM,East of England,0.560,9.631
2002,MAM,East of England,0.445,5.546
2003,MAM,East of England,0.331,5.346
2004,MAM,East of England,0.464,9.808
2005,MAM,East of England,0.417,7.531
2006,MAM,East of England,0.508,9.969
2007,MAM,East of England,0.295,3.523
2008,MAM,East of England,0.415,4.754
2009,MAM,East of England,0.585,7.969
2010,MAM,East of England,0.376,5.431
2011,MAM,East of England,0.380,7.515
2012,MAM,East of England,0.402,7.223
2013,MAM,East of England,0.506,6.954
2014,MAM,East of England,0.591,8.700
2015,MAM,East of England,0.474,5.431
2016,MAM,East of England,0.457,7.031
2017,MAM,East of England,0.487,6.762
2018,MAM,East of England,0.503,8.669
2019,MAM,East of England,0.599,8.023
2020,MAM,East of England,0.539,9.915
2021,MAM,East of England,0.609,8.600
2022,MAM,East of England,0.491,7.854
2023,MAM,East of England,0.439,6.131
2024,MAM,East of England,0.470,6.231
2025,MAM,East of England,0.483,8.685
2026,MAM,East of England,0.382,5.169
2027,MAM,East of England,0.408,7.915
2028,MAM,East of England,0.448,4.638
2029,MAM,East of England,0.490,7.208
2030,MAM,East of England,0.550,10.146
2031,MAM,East of England,0.574,9.454
2032,MAM,East of England,0.421,8.208
2033,MAM,East of England,0.463,7.708
2034,MAM,East of England,0.303,4.831
2035,MAM,East of England,0.446,6.685
2036,MAM,East of England,0.459,6.638
2037,MAM,East of England,0.405,4.954
2038,MAM,East of England,0.335,4.469
2039,MAM,East of England,0.491,10.485
2040,MAM,East of England,0.573,10.269
2041,MAM,East of England,0.446,8.777
2042,MAM,East of England,0.415,7.838
2043,MAM,East of England,0.487,8.185
2044,MAM,East of England,0.233,4.969
2045,MAM,East of England,0.384,5.638
2046,MAM,East of England,0.590,10.723
2047,MAM,East of England,0.581,9.554
2048,MAM,East of England,0.505,7.708
2049,MAM,East of England,0.425,5.215
2050,MAM,East of England,0.378,3.777
2051,MAM,East of England,0.448,8.146
2052,MAM,East of England,0.480,10.308
2053,MAM,East of England,0.427,6.677
2054,MAM,East of England,0.294,4.554
2055,MAM,East of England,0.430,5.315
2056,MAM,East of England,0.292,5.185
2057,MAM,East of England,0.496,7.400
2058,MAM,East of England,0.542,8.115
2059,MAM,East of England,0.357,7.015
2060,MAM,East of England,0.378,5.615
2061,MAM,East of England,0.402,9.654
2062,MAM,East of England,0.557,8.708
2063,MAM,East of England,0.380,5.669
2064,MAM,East of England,0.509,5.654
2065,MAM,East of England,0.405,5.777
2066,MAM,East of England,0.537,8.692
2067,MAM,East of England,0.635,10.192
2068,MAM,East of England,0.414,5.154
2069,MAM,East of England,0.506,9.462
2070,MAM,East of England,0.355,5.938
2071,MAM,East of England,0.342,6.500
2072,MAM,East of England,0.392,6.569
2073,MAM,East of England,0.333,7.038
2074,MAM,East of England,0.398,8.062
2075,MAM,East of England,0.320,4.808
2076,MAM,East of England,0.392,5.885
2077,MAM,East of England,0.395,5.431
2078,MAM,East of England,0.425,5.508
2079,MAM,East of England,0.553,8.254
2080,MAM,East of England,0.382,9.477
1981,MAM,East Scotland,0.616,12.926
1982,MAM,East Scotland,0.611,11.290
1983,MAM,East Scotland,0.610,10.389
1984,MAM,East Scotland,0.667,13.938
1985,MAM,East Scotland,0.521,10.710
1986,MAM,East Scotland,0.564,10.963
1987,MAM,East Scotland,0.561,11.383
1988,MAM,East Scotland,0.551,10.179
1989,MAM,East Scotland,0.552,12.290
1990,MAM,East Scotland,0.539,11.716
1991,MAM,East Scotland,0.504,12.907
1992,MAM,East Scotland,0.522,9.580
1993,MAM,East Scotland,0.635,11.846
1994,MAM,East Scotland,0.470,6.988
1995,MAM,East Scotland,0.521,10.093
1996,MAM,East Scotland,0.552,11.593
1997,MAM,East Scotland,0.370,7.315
1998,MAM,East Scotland,0.613,12.969
1999,MAM,East Scotland,0.464,10.327
2000,MAM,East Scotland,0.596,11.667
2001,MAM,East Scotland,0.666,12.080
2002,MAM,East Scotland,0.667,12.173
2003,MAM,East Scotland,0.550,10.772
2004,MAM,East Scotland,0.580,13.142
2005,MAM,East Scotland,0.577,13.809
2006,MAM,East Scotland,0.638,12.815
2007,MAM,East Scotland,0.540,10.377
2008,MAM,East Scotland,0.687,12.593
2009,MAM,East Scotland,0.589,9.938
2010,MAM,East Scotland,0.527,8.747
2011,MAM,East Scotland,0.542,10.414
2012,MAM,East Scotland,0.555,14.037
2013,MAM,East Scotland,0.666,10.346
2014,MAM,East Scotland,0.657,13.926
2015,MAM,East Scotland,0.580,10.006
2016,MAM,East Scotland,0.660,14.932
2017,MAM,East Scotland,0.585,11.568
2018,MAM,East Scotland,0.647,12.840
2019,MAM,East Scotland,0.650,10.932
2020,MAM,East Scotland,0.656,12.648
2021,MAM,East Scotland,0.701,15.926
2022,MAM,East Scotland,0.607,11.556
2023,MAM,East Scotland,0.550,9.556
2024,MAM,East Scotland,0.641,15.648
2025,MAM,East Scotland,0.641,15.191
2026,MAM,East Scotland,0.533,12.494
2027,MAM,East Scotland,0.590,14.247
2028,MAM,East Scotland,0.656,12.228
2029,MAM,East Scotland,0.498,8.562
2030,MAM,East Scotland,0.660,14.506
2031,MAM,East Scotland,0.649,12.210
2032,MAM,East Scotland,0.582,12.278
2033,MAM,East Scotland,0.594,15.222
2034,MAM,East Scotland,0.487,13.914
2035,MAM,East Scotland,0.603,13.222
2036,MAM,East Scotland,0.566,10.340
2037,MAM,East Scotland,0.559,9.957
2038,MAM,East Scotland,0.592,14.093
2039,MAM,East Scotland,0.587,12.654
2040,MAM,East Scotland,0.655,12.222
2041,MAM,East Scotland,0.587,12.198
2042,MAM,East Scotland,0.620,14.019
2043,MAM,East Scotland,0.590,9.679
2044,MAM,East Scotland,0.395,6.920
2045,MAM,East Scotland,0.475,8.648
2046,MAM,East Scotland,0.660,12.142
2047,MAM,East Scotland,0.573,12.457
2048,MAM,East Scotland,0.584,10.401
2049,MAM,East Scotland,0.594,11.512
2050,MAM,East Scotland,0.547,9.148
2051,MAM,East Scotland,0.494,10.574
2052,MAM,East Scotland,0.573,11.370
2053,MAM,East Scotland,0.541,10.932
2054,MAM,East Scotland,0.420,13.580
2055,MAM,East Scotland,0.575,9.938
2056,MAM,East Scotland,0.408,7.710
2057,MAM,East Scotland,0.647,14.556
2058,MAM,East Scotland,0.675,11.679
2059,MAM,East Scotland,0.524,6.846
2060,MAM,East Scotland,0.442,7.019
2061,MAM,East Scotland,0.434,11.321
2062,MAM,East Scotland,0.654,11.784
2063,MAM,East Scotland,0.553,8.543
2064,MAM,East Scotland,0.660,10.864
2065,MAM,East Scotland,0.624,13.506
2066,MAM,East Scotland,0.677,15.623
2067,MAM,East Scotland,0.677,18.975
2068,MAM,East Scotland,0.523,10.642
2069,MAM,East Scotland,0.589,13.228
2070,MAM,East Scotland,0.519,8.475
2071,MAM,East Scotland,0.493,8.784
2072,MAM,East Scotland,0.584,11.210
2073,MAM,East Scotland,0.491,9.975
2074,MAM,East Scotland,0.579,11.630
2075,MAM,East Scotland,0.462,9.457
2076,MAM,East Scotland,0.559,11.327
2077,MAM,East Scotland,0.685,15.049
2078,MAM,East Scotland,0.596,11.043
2079,MAM,East Scotland,0.671,16.741
2080,MAM,East Scotland,0.618,10.543
1981,MAM,London,0.412,11.917
1982,MAM,London,0.518,9.167
1983,MAM,London,0.512,6.583
1984,MAM,London,0.549,7.250
1985,MAM,London,0.357,7.917
1986,MAM,London,0.581,9.750
1987,MAM,London,0.378,12.083
1988,MAM,London,0.561,13.417
1989,MAM,London,0.438,5.000
1990,MAM,London,0.410,6.500
1991,MAM,London,0.410,7.333
1992,MAM,London,0.395,8.083
1993,MAM,London,0.483,7.750
1994,MAM,London,0.284,5.417
1995,MAM,London,0.419,5.583
1996,MAM,London,0.463,8.333
1997,MAM,London,0.287,5.333
1998,MAM,London,0.486,10.500
1999,MAM,London,0.360,5.917
2000,MAM,London,0.446,7.167
2001,MAM,London,0.600,9.833
2002,MAM,London,0.432,6.917
2003,MAM,London,0.342,4.667
2004,MAM,London,0.454,9.750
2005,MAM,London,0.423,7.000
2006,MAM,London,0.512,9.333
2007,MAM,London,0.340,3.917
2008,MAM,London,0.447,5.833
2009,MAM,London,0.602,7.750
2010,MAM,London,0.409,6.167
2011,MAM,London,0.400,6.250
2012,MAM,London,0.360,7.167
2013,MAM,London,0.532,7.667
2014,MAM,London,0.595,7.167
2015,MAM,London,0.443,5.500
2016,MAM,London,0.479,7.667
2017,MAM,London,0.551,12.750
2018,MAM,London,0.515,8.750
2019,MAM,London,0.630,9.500
2020,MAM,London,0.531,6.833
2021,MAM,London,0.613,10.333
2022,MAM,London,0.497,7.083
2023,MAM,London,0.428,5.500
2024,MAM,London,0.498,5.500
2025,MAM,London,0.517,11.167
2026,MAM,London,0.409,6.500
2027,MAM,London,0.489,11.083
2028,MAM,London,0.507,4.500
2029,MAM,London,0.566,11.417
2030,MAM,London,0.578,11.583
2031,MAM,London,0.600,8.333
2032,MAM,London,0.466,10.000
2033,MAM,London,0.505,8.750
2034,MAM,London,0.290,4.917
2035,MAM,London,0.476,7.833
2036,MAM,London,0.447,5.333
2037,MAM,London,0.430,5.333
2038,MAM,London,0.361,5.083
2039,MAM,London,0.487,11.417
2040,MAM,London,0.576,12.750
2041,MAM,London,0.470,8.250
2042,MAM,London,0.453,8.000
2043,MAM,London,0.506,8.250
2044,MAM,London,0.185,3.833
2045,MAM,London,0.396,5.167
2046,MAM,London,0.622,10.083
2047,MAM,London,0.564,11.000
2048,MAM,London,0.594,8.167
2049,MAM,London,0.393,6.083
2050,MAM,London,0.424,4.250
2051,MAM,London,0.466,9.167
2052,MAM,London,0.510,9.833
2053,MAM,London,0.426,8.000
2054,MAM,London,0.256,3.000
2055,MAM,London,0.436,4.833
2056,MAM,London,0.295,6.000
2057,MAM,London,0.503,6.667
2058,MAM,London,0.546,8.667
2059,MAM,London,0.390,6.417
2060,MAM,London,0.374,6.083
2061,MAM,London,0.415,10.500
2062,MAM,London,0.584,10.833
2063,MAM,London,0.400,5.167
2064,MAM,London,0.529,6.500
2065,MAM,London,0.361,3.667
2066,MAM,London,0.540,10.500
2067,MAM,London,0.661,11.167
2068,MAM,London,0.461,6.833
2069,MAM,London,0.507,8.333
2070,MAM,London,0.421,9.250
2071,MAM,London,0.336,6.000
2072,MAM,London,0.374,5.500
2073,MAM,London,0.358,9.500
2074,MAM,London,0.418,10.250
2075,MAM,London,0.348,5.500
2076,MAM,London,0.404,6.000
2077,MAM,London,0.380,4.833
2078,MAM,London,0.425,5.500
2079,MAM,London,0.494,7.083
2080,MAM,London,0.380,8.833
1981,MAM,North East England,0.553,11.263
1982,MAM,North East England,0.552,11.070
1983,MAM,North East England,0.615,9.702
1984,MAM,North East England,0.645,12.491
1985,MAM,North East England,0.460,11.702
1986,MAM,North East England,0.588,11.895
1987,MAM,North East England,0.534,14.456
1988,MAM,North East England,0.542,10.175
1989,MAM,North East England,0.507,10.053
1990,MAM,North East England,0.441,8.035
1991,MAM,North East England,0.414,6.895
1992,MAM,North East England,0.503,9.526
1993,MAM,North East England,0.573,10.614
1994,MAM,North East England,0.469,7.246
1995,MAM,North East England,0.451,7.105
1996,MAM,North East England,0.516,8.947
1997,MAM,North East England,0.304,5.930
1998,MAM,North East England,0.666,10.860
1999,MAM,North East England,0.393,7.667
2000,MAM,North East England,0.569,9.246
2001,MAM,North East England,0.586,11.474
2002,MAM,North East England,0.616,9.719
2003,MAM,North East England,0.454,9.982
2004,MAM,North East England,0.585,13.860
2005,MAM,North East England,0.564,12.298
2006,MAM,North East England,0.610,10.404
2007,MAM,North East England,0.461,8.491
2008,MAM,North East England,0.547,7.614
2009,MAM,North East England,0.629,11.088
2010,MAM,North East England,0.487,7.491
2011,MAM,North East England,0.467,8.754
2012,MAM,North East England,0.461,10.526
2013,MAM,North East England,0.601,7.754
2014,MAM,North East England,0.662,10.702
2015,MAM,North East England,0.572,8.825
2016,MAM,North East England,0.590,11.561
2017,MAM,North East England,0.510,6.947
2018,MAM,North East England,0.568,10.667
2019,MAM,North East England,0.642,9.456
2020,MAM,North East England,0.685,15.982
2021,MAM,North East England,0.657,10.526
2022,MAM,North East England,0.592,9.561
2023,MAM,North East England,0.573,8.404
2024,MAM,North East England,0.579,12.070
2025,MAM,North East England,0.569,9.754
2026,MAM,North East England,0.437,8.158
2027,MAM,North East England,0.550,12.649
2028,MAM,North East England,0.588,7.175
2029,MAM,North East England,0.486,9.105
2030,MAM,North East England,0.656,10.754
2031,MAM,North East England,0.617,12.175
2032,MAM,North East England,0.585,14.140
2033,MAM,North East England,0.633,12.491
2034,MAM,North East England,0.462,7.404
2035,MAM,North East England,0.601,12.351
2036,MAM,North East England,0.518,10.088
2037,MAM,North East England,0.510,6.965
2038,MAM,North East England,0.505,12.825
2039,MAM,North East England,0.573,9.825
2040,MAM,North East England,0.676,14.368
2041,MAM,North East England,0.553,10.614
2042,MAM,North East England,0.504,8.947
2043,MAM,North East England,0.558,8.088
2044,MAM,North East England,0.364,6.035
2045,MAM,North East England,0.499,11.789
2046,MAM,North East England,0.705,12.491
2047,MAM,North East England,0.592,13.070
2048,MAM,North East England,0.532,10.825
2049,MAM,North East England,0.513,9.544
2050,MAM,North East England,0.504,7.263
2051,MAM,North East England,0.512,6.982
2052,MAM,North East England,0.546,9.719
2053,MAM,North East England,0.502,11.211
2054,MAM,North East England,0.304,7.000
2055,MAM,North East England,0.512,6.579
2056,MAM,North East England,0.355,5.333
2057,MAM,North East England,0.622,10.947
2058,MAM,North East England,0.623,9.789
2059,MAM,North East England,0.464,5.614
2060,MAM,North East England,0.419,6.193
2061,MAM,North East England,0.466,9.386
2062,MAM,North East England,0.703,14.333
2063,MAM,North East England,0.503,9.053
2064,MAM,North East England,0.589,9.737
2065,MAM,North East England,0.565,7.456
2066,MAM,North East England,0.645,11.842
2067,MAM,North East England,0.613,10.947
2068,MAM,North East England,0.503,8.632
2069,MAM,North East England,0.524,12.649
2070,MAM,North East England,0.475,8.263
2071,MAM,North East England,0.497,8.526
2072,MAM,North East England,0.572,13.526
2073,MAM,North East England,0.451,9.491
2074,MAM,North East England,0.557,12.000
2075,MAM,North East England,0.375,5.702
2076,MAM,North East England,0.511,8.386
2077,MAM,North East England,0.569,9.895
2078,MAM,North East England,0.538,6.860
2079,MAM,North East England,0.607,12.263
2080,MAM,North East England,0.523,9.105
1981,MAM,North Scotland,0.711,18.939
1982,MAM,North Scotland,0.633,11.388
1983,MAM,North Scotland,0.656,11.168
1984,MAM,North Scotland,0.689,13.187
1985,MAM,North Scotland,0.584,9.841
1986,MAM,North Scotland,0.644,15.636
1987,MAM,North Scotland,0.620,12.280
1988,MAM,North Scotland,0.539,15.930
1989,MAM,North Scotland,0.640,13.173
1990,MAM,North Scotland,0.602,15.411
1991,MAM,North Scotland,0.589,16.883
1992,MAM,North Scotland,0.553,14.154
1993,MAM,North Scotland,0.613,10.056
1994,MAM,North Scotland,0.495,7.533
1995,MAM,North Scotland,0.630,17.173
1996,MAM,North Scotland,0.595,11.748
1997,MAM,North Scotland,0.415,8.449
1998,MAM,North Scotland,0.593,17.743
1999,MAM,North Scotland,0.531,13.935
2000,MAM,North Scotland,0.510,9.855
2001,MAM,North Scotland,0.728,17.519
2002,MAM,North Scotland,0.688,15.874
2003,MAM,North Scotland,0.630,17.888
2004,MAM,North Scotland,0.543,9.687
2005,MAM,North Scotland,0.622,13.832
2006,MAM,North Scotland,0.655,15.355
2007,MAM,North Scotland,0.608,13.131
2008,MAM,North Scotland,0.780,16.570
2009,MAM,North Scotland,0.594,14.206
2010,MAM,North Scotland,0.571,10.383
2011,MAM,North Scotland,0.638,14.103
2012,MAM,North Scotland,0.661,18.383
2013,MAM,North Scotland,0.714,12.561
2014,MAM,North Scotland,0.648,11.341
2015,MAM,North Scotland,0.620,12.252
2016,MAM,North Scotland,0.634,20.042
2017,MAM,North Scotland,0.590,14.131
2018,MAM,North Scotland,0.708,15.224
2019,MAM,North Scotland,0.710,16.439
2020,MAM,North Scotland,0.640,11.523
2021,MAM,North Scotland,0.680,15.472
2022,MAM,North Scotland,0.632,13.813
2023,MAM,North Scotland,0.584,11.757
2024,MAM,North Scotland,0.643,17.238
2025,MAM,North Scotland,0.720,19.224
2026,MAM,North Scotland,0.619,13.304
2027,MAM,North Scotland,0.664,21.136
2028,MAM,North Scotland,0.663,12.033
2029,MAM,North Scotland,0.510,9.687
2030,MAM,North Scotland,0.712,17.154
2031,MAM,North Scotland,0.659,18.607
2032,MAM,North Scotland,0.612,11.308
2033,MAM,North Scotland,0.492,12.107
2034,MAM,North Scotland,0.497,14.495
2035,MAM,North Scotland,0.612,10.131
2036,MAM,North Scotland,0.614,13.463
2037,MAM,North Scotland,0.640,10.276
2038,MAM,North Scotland,0.635,13.154
2039,MAM,North Scotland,0.664,18.664
2040,MAM,North Scotland,0.606,12.972
2041,MAM,North Scotland,0.644,11.907
2042,MAM,North Scotland,0.717,16.449
2043,MAM,North Scotland,0.663,11.472
2044,MAM,North Scotland,0.460,9.121
2045,MAM,North Scotland,0.494,10.836
2046,MAM,North Scotland,0.621,11.472
2047,MAM,North Scotland,0.636,12.836
2048,MAM,North Scotland,0.634,13.537
2049,MAM,North Scotland,0.745,18.850
2050,MAM,North Scotland,0.596,12.841
2051,MAM,North Scotland,0.531,11.967
2052,MAM,North Scotland,0.579,12.776
2053,MAM,North Scotland,0.663,16.864
2054,MAM,North Scotland,0.516,19.173
2055,MAM,North Scotland,0.701,15.874
2056,MAM,North Scotland,0.501,13.369
2057,MAM,North Scotland,0.619,16.402
2058,MAM,North Scotland,0.751,15.168
2059,MAM,North Scotland,0.522,7.542
2060,MAM,North Scotland,0.495,9.528
2061,MAM,North Scotland,0.432,13.079
2062,MAM,North Scotland,0.589,8.911
2063,MAM,North Scotland,0.661,14.757
2064,MAM,North Scotland,0.695,18.061
2065,MAM,North Scotland,0.721,16.336
2066,MAM,North Scotland,0.701,18.304
2067,MAM,North Scotland,0.728,22.061
2068,MAM,North Scotland,0.504,9.117
2069,MAM,North Scotland,0.598,14.855
2070,MAM,North Scotland,0.463,11.477
2071,MAM,North Scotland,0.526,11.491
2072,MAM,North Scotland,0.636,15.402
2073,MAM,North Scotland,0.624,12.341
2074,MAM,North Scotland,0.583,13.435
2075,MAM,North Scotland,0.601,12.659
2076,MAM,North Scotland,0.550,10.556
2077,MAM,North Scotland,0.751,19.509
2078,MAM,North Scotland,0.710,17.220
2079,MAM,North Scotland,0.775,24.397
2080,MAM,North Scotland,0.711,22.248
1981,MAM,North West England,0.617,13.126
1982,MAM,North West England,0.591,11.168
1983,MAM,North West England,0.597,11.074
1984,MAM,North West England,0.603,12.516
1985,MAM,North West England,0.433,8.400
1986,MAM,North West England,0.567,12.516
1987,MAM,North West England,0.538,13.737
1988,MAM,North West England,0.512,8.495
1989,MAM,North West England,0.485,8.716
1990,MAM,North West England,0.472,9.189
1991,MAM,North West England,0.499,10.926
1992,MAM,North West England,0.391,6.863
1993,MAM,North West England,0.518,9.442
1994,MAM,North West England,0.397,5.768
1995,MAM,North West England,0.519,12.768
1996,MAM,North West England,0.527,9.463
1997,MAM,North West England,0.280,5.105
1998,MAM,North West England,0.572,14.021
1999,MAM,North West England,0.414,7.916
2000,MAM,North West England,0.505,10.021
2001,MAM,North West England,0.612,12.895
2002,MAM,North West England,0.577,7.084
2003,MAM,North West England,0.492,14.947
2004,MAM,North West England,0.475,10.358
2005,MAM,North West England,0.461,10.200
2006,MAM,North West England,0.614,13.463
2007,MAM,North West England,0.474,10.947
2008,MAM,North West England,0.590,10.695
2009,MAM,North West England,0.639,9.695
2010,MAM,North West England,0.383,5.684
2011,MAM,North West England,0.495,10.642
2012,MAM,North West England,0.459,9.347
2013,MAM,North West England,0.627,9.611
2014,MAM,North West England,0.641,10.232
2015,MAM,North West England,0.538,10.179
2016,MAM,North West England,0.607,11.653
2017,MAM,North West England,0.578,9.600
2018,MAM,North West England,0.591,13.768
2019,MAM,North West England,0.640,9.884
2020,MAM,North West England,0.551,9.505
2021,MAM,North West England,0.652,14.674
2022,MAM,North West England,0.521,8.200
2023,MAM,North West England,0.473,9.074
2024,MAM,North West England,0.636,11.779
2025,MAM,North West England,0.638,11.168
2026,MAM,North West England,0.506,6.747
2027,MAM,North West England,0.553,12.937
2028,MAM,North West England,0.575,9.158
2029,MAM,North West England,0.459,9.316
2030,MAM,North West England,0.654,16.316
2031,MAM,North West England,0.595,10.137
2032,MAM,North West England,0.527,9.021
2033,MAM,North West England,0.498,13.684
2034,MAM,North West England,0.449,7.663
2035,MAM,North West England,0.474,10.537
2036,MAM,North West England,0.552,11.947
2037,MAM,North West England,0.504,7.379
2038,MAM,North West England,0.532,11.358
2039,MAM,North West England,0.598,11.832
2040,MAM,North West England,0.697,12.442
2041,MAM,North West England,0.456,9.074
2042,MAM,North West England,0.562,10.537
2043,MAM,North West England,0.587,9.653
2044,MAM,North West England,0.343,7.442
2045,MAM,North West England,0.468,12.495
2046,MAM,North West England,0.642,13.505
2047,MAM,North West England,0.533,10.495
2048,MAM,North West England,0.485,9.611
2049,MAM,North West England,0.534,8.011
2050,MAM,North West England,0.414,6.432
2051,MAM,North West England,0.437,9.821
2052,MAM,North West England,0.549,10.505
2053,MAM,North West England,0.520,11.158
2054,MAM,North West England,0.335,9.221
2055,MAM,North West England,0.475,7.758
2056,MAM,North West England,0.372,7.116
2057,MAM,North West England,0.528,9.211
2058,MAM,North West England,0.612,10.274
2059,MAM,North West England,0.432,5.274
2060,MAM,North West England,0.363,6.516
2061,MAM,North West England,0.404,12.253
2062,MAM,North West England,0.599,13.074
2063,MAM,North West England,0.549,12.232
2064,MAM,North West England,0.581,10.274
2065,MAM,North West England,0.553,8.505
2066,MAM,North West England,0.654,13.484
2067,MAM,North West England,0.741,15.484
2068,MAM,North West England,0.481,7.411
2069,MAM,North West England,0.539,14.116
2070,MAM,North West England,0.420,7.389
2071,MAM,North West England,0.478,9.958
2072,MAM,North West England,0.500,7.547
2073,MAM,North West England,0.449,8.442
2074,MAM,North West England,0.516,13.505
2075,MAM,North West England,0.396,8.979
2076,MAM,North West England,0.426,7.526
2077,MAM,North West England,0.639,11.158
2078,MAM,North West England,0.613,9.084
2079,MAM,North West England,0.694,12.116
2080,MAM,North West England,0.571,12.937
1981,MAM,South East England,0.430,8.455
1982,MAM,South East England,0.533,11.240
1983,MAM,South East England,0.496,7.380
1984,MAM,South East England,0.544,9.694
1985,MAM,South East England,0.353,7.025
1986,MAM,South East England,0.527,9.603
1987,MAM,South East England,0.397,8.785
1988,MAM,South East England,0.526,8.587
1989,MAM,South East England,0.418,6.322
1990,MAM,South East England,0.410,6.488
1991,MAM,South East England,0.404,6.388
1992,MAM,South East England,0.395,6.967
1993,MAM,South East England,0.486,8.289
1994,MAM,South East England,0.293,5.256
1995,MAM,South East England,0.422,6.587
1996,MAM,South East England,0.459,8.132
1997,MAM,South East England,0.265,5.496
1998,MAM,South East England,0.475,7.669
1999,MAM,South East England,0.355,7.645
2000,MAM,South East England,0.415,7.702
2001,MAM,South East England,0.599,9.826
2002,MAM,South East England,0.439,6.165
2003,MAM,South East England,0.365,5.438
2004,MAM,South East England,0.434,9.983
2005,MAM,South East England,0.419,6.314
2006,MAM,South East England,0.512,10.231
2007,MAM,South East England,0.329,4.083
2008,MAM,South East England,0.443,6.752
2009,MAM,South East England,0.586,7.686
2010,MAM,South East England,0.420,5.727
2011,MAM,South East England,0.393,6.777
2012,MAM,South East England,0.331,7.215
2013,MAM,South East England,0.495,6.736
2014,MAM,South East England,0.614,9.017
2015,MAM,South East England,0.461,6.033
2016,MAM,South East England,0.512,8.909
2017,MAM,South East England,0.501,8.802
2018,MAM,South East England,0.495,8.314
2019,MAM,South East England,0.604,8.628
2020,MAM,South East England,0.492,7.554
2021,MAM,South East England,0.625,11.397
2022,MAM,South East England,0.473,7.777
2023,MAM,South East England,0.400,5.554
2024,MAM,South East England,0.536,6.364
2025,MAM,South East England,0.484,9.388
2026,MAM,South East England,0.382,6.843
2027,MAM,South East England,0.482,11.107
2028,MAM,South East England,0.490,5.066
2029,MAM,South East England,0.507,7.397
2030,MAM,South East England,0.571,8.810
2031,MAM,South East England,0.595,9.983
2032,MAM,South East England,0.446,9.355
2033,MAM,South East England,0.511,7.207
2034,MAM,South East England,0.305,4.876
2035,MAM,South East England,0.446,6.884
2036,MAM,South East England,0.452,6.504
2037,MAM,South East England,0.453,6.380
2038,MAM,South East England,0.372,6.099
2039,MAM,South East England,0.507,10.545
2040,MAM,South East England,0.581,10.950
2041,MAM,South East England,0.431,6.636
2042,MAM,South East England,0.482,9.719
2043,MAM,South East England,0.520,9.967
2044,MAM,South East England,0.190,4.537
2045,MAM,South East England,0.395,6.950
2046,MAM,South East England,0.620,10.752
2047,MAM,South East England,0.561,9.727
2048,MAM,South East England,0.568,8.107
2049,MAM,South East England,0.378,5.901
2050,MAM,South East England,0.395,4.736
2051,MAM,South East England,0.469,9.636
2052,MAM,South East England,0.504,10.074
2053,MAM,South East England,0.441,7.446
2054,MAM,South East England,0.275,3.702
2055,MAM,South East England,0.418,5.116
2056,MAM,South East England,0.275,5.694
2057,MAM,South East England,0.500,6.810
2058,MAM,South East England,0.547,9.562
2059,MAM,South East England,0.370,6.388
2060,MAM,South East England,0.361,5.620
2061,MAM,South East England,0.441,10.273
2062,MAM,South East England,0.574,11.281
2063,MAM,South East England,0.398,6.116
2064,MAM,South East England,0.537,6.471
2065,MAM,South East England,0.380,4.653
2066,MAM,South East England,0.549,9.521
2067,MAM,South East England,0.629,9.587
2068,MAM,South East England,0.439,6.223
2069,MAM,South East England,0.510,8.091
2070,MAM,South East England,0.423,9.140
2071,MAM,South East England,0.351,6.231
2072,MAM,South East England,0.364,5.041
2073,MAM,South East England,0.348,7.901
2074,MAM,South East England,0.421,6.926
2075,MAM,South East England,0.327,5.777
2076,MAM,South East England,0.395,5.595
2077,MAM,South East England,0.417,5.744
2078,MAM,South East England,0.457,6.157
2079,MAM,South East England,0.504,7.430
2080,MAM,South East England,0.412,8.455
1981,MAM,South West England,0.522,7.088
1982,MAM,South West England,0.586,14.150
1983,MAM,South West England,0.553,9.325
1984,MAM,South West England,0.565,9.506
1985,MAM,South West England,0.404,6.456
1986,MAM,South West England,0.536,11.025
1987,MAM,South West England,0.456,9.744
1988,MAM,South West England,0.539,9.356
1989,MAM,South West England,0.397,10.806
1990,MAM,South West England,0.445,8.844
1991,MAM,South West England,0.480,9.412
1992,MAM,South West England,0.380,8.769
1993,MAM,South West England,0.557,10.769
1994,MAM,South West England,0.363,5.875
1995,MAM,South West England,0.462,10.406
1996,MAM,South West England,0.520,8.762
1997,MAM,South West England,0.284,5.362
1998,MAM,South West England,0.578,8.287
1999,MAM,South West England,0.413,9.338
2000,MAM,South West England,0.395,8.012
2001,MAM,South West England,0.631,11.719
2002,MAM,South West England,0.513,6.713
2003,MAM,South West England,0.443,8.312
2004,MAM,South West England,0.455,13.075
2005,MAM,South West England,0.429,7.869
2006,MAM,South West England,0.548,11.331
2007,MAM,South West England,0.433,7.812
2008,MAM,South West England,0.506,8.406
2009,MAM,South West England,0.647,9.669
2010,MAM,South West England,0.412,7.225
2011,MAM,South West England,0.428,8.294
2012,MAM,South West England,0.354,7.375
2013,MAM,South West England,0.532,8.488
2014,MAM,South West England,0.608,10.887
2015,MAM,South West England,0.523,10.181
2016,MAM,South West England,0.550,9.675
2017,MAM,South West England,0.530,11.019
2018,MAM,South West England,0.554,9.688
2019,MAM,South West England,0.636,9.919
2020,MAM,South West England,0.472,7.156
2021,MAM,South West England,0.659,14.200
2022,MAM,South West England,0.486,9.525
2023,MAM,South West England,0.395,7.581
2024,MAM,South West England,0.587,9.156
2025,MAM,South West England,0.508,12.756
2026,MAM,South West England,0.408,7.850
2027,MAM,South West England,0.564,13.875
2028,MAM,South West England,0.524,8.731
2029,MAM,South West England,0.474,7.825
2030,MAM,South West England,0.651,10.831
2031,MAM,South West England,0.637,11.919
2032,MAM,South West England,0.473,10.075
2033,MAM,South West England,0.552,8.650
2034,MAM,South West England,0.406,8.537
2035,MAM,South West England,0.487,9.494
2036,MAM,South West England,0.515,9.394
2037,MAM,South West England,0.498,6.606
2038,MAM,South West England,0.437,8.381
2039,MAM,South West England,0.535,10.537
2040,MAM,South West England,0.669,16.094
2041,MAM,South West England,0.488,8.725
2042,MAM,South West England,0.521,11.456
2043,MAM,South West England,0.537,10.050
2044,MAM,South West England,0.229,5.600
2045,MAM,South West England,0.443,10.137
2046,MAM,South West England,0.684,12.800
2047,MAM,South West England,0.592,12.625
2048,MAM,South West England,0.550,12.050
2049,MAM,South West England,0.381,7.500
2050,MAM,South West England,0.372,5.481
2051,MAM,South West England,0.477,13.256
2052,MAM,South West England,0.531,10.463
2053,MAM,South West England,0.458,8.031
2054,MAM,South West England,0.305,6.256
2055,MAM,South West England,0.416,6.406
2056,MAM,South West England,0.291,6.013
2057,MAM,South West England,0.526,7.906
2058,MAM,South West England,0.536,9.556
2059,MAM,South West England,0.437,6.956
2060,MAM,South West England,0.323,5.956
2061,MAM,South West England,0.488,10.719
2062,MAM,South West England,0.534,11.219
2063,MAM,South West England,0.451,7.638
2064,MAM,South West England,0.605,8.994
2065,MAM,South West England,0.377,6.963
2066,MAM,South West England,0.624,12.325
2067,MAM,South West England,0.674,10.338
2068,MAM,South West England,0.479,8.850
2069,MAM,South West England,0.551,10.569
2070,MAM,South West England,0.492,9.088
2071,MAM,South West England,0.361,5.881
2072,MAM,South West England,0.391,5.219
2073,MAM,South West England,0.339,6.412
2074,MAM,South West England,0.469,9.050
2075,MAM,South West England,0.340,8.269
2076,MAM,South West England,0.419,6.600
2077,MAM,South West England,0.477,8.512
2078,MAM,South West England,0.506,6.769
2079,MAM,South West England,0.553,8.175
2080,MAM,South West England,0.506,10.956
1981,MAM,West Midlands,0.489,7.605
1982,MAM,West Midlands,0.566,11.081
1983,MAM,West Midlands,0.555,9.663
1984,MAM,West Midlands,0.579,7.802
1985,MAM,West Midlands,0.386,6.663
1986,MAM,West Midlands,0.523,11.663
1987,MAM,West Midlands,0.465,8.802
1988,MAM,West Midlands,0.489,9.070
1989,MAM,West Midlands,0.361,9.384
1990,MAM,West Midlands,0.428,7.942
1991,MAM,West Midlands,0.499,9.116
1992,MAM,West Midlands,0.405,9.093
1993,MAM,West Midlands,0.546,8.349
1994,MAM,West Midlands,0.336,4.977
1995,MAM,West Midlands,0.457,10.558
1996,MAM,West Midlands,0.520,8.093
1997,MAM,West Midlands,0.280,4.907
1998,MAM,West Midlands,0.581,9.291
1999,MAM,West Midlands,0.428,9.756
2000,MAM,West Midlands,0.459,8.605
2001,MAM,West Midlands,0.644,10.477
2002,MAM,West Midlands,0.469,6.116
2003,MAM,West Midlands,0.379,6.070
2004,MAM,West Midlands,0.456,10.314
2005,MAM,West Midlands,0.429,7.453
2006,MAM,West Midlands,0.550,8.326
2007,MAM,West Midlands,0.412,5.640
2008,MAM,West Midlands,0.497,7.663
2009,MAM,West Midlands,0.588,8.012
2010,MAM,West Midlands,0.392,5.512
2011,MAM,West Midlands,0.373,7.721
2012,MAM,West Midlands,0.328,6.407
2013,MAM,West Midlands,0.512,7.140
2014,MAM,West Midlands,0.658,9.965
2015,MAM,West Midlands,0.493,6.674
2016,MAM,West Midlands,0.546,8.791
2017,MAM,West Midlands,0.523,9.953
2018,MAM,West Midlands,0.501,10.047
2019,MAM,West Midlands,0.565,8.151
2020,MAM,West Midlands,0.537,8.721
2021,MAM,West Midlands,0.588,10.360
2022,MAM,West Midlands,0.461,6.581
2023,MAM,West Midlands,0.411,6.442
2024,MAM,West Midlands,0.595,7.116
2025,MAM,West Midlands,0.521,9.767
2026,MAM,West Midlands,0.389,4.907
2027,MAM,West Midlands,0.511,13.105
2028,MAM,West Midlands,0.503,6.628
2029,MAM,West Midlands,0.468,7.977
2030,MAM,West Midlands,0.629,8.953
2031,MAM,West Midlands,0.613,11.640
2032,MAM,West Midlands,0.485,8.581
2033,MAM,West Midlands,0.467,7.105
2034,MAM,West Midlands,0.373,7.407
2035,MAM,West Midlands,0.479,9.233
2036,MAM,West Midlands,0.522,8.163
2037,MAM,West Midlands,0.461,5.872
2038,MAM,West Midlands,0.429,7.849
2039,MAM,West Midlands,0.508,8.791
2040,MAM,West Midlands,0.619,12.140
2041,MAM,West Midlands,0.461,8.953
2042,MAM,West Midlands,0.525,8.593
2043,MAM,West Midlands,0.553,11.988
2044,MAM,West Midlands,0.210,5.628
2045,MAM,West Midlands,0.438,11.674
2046,MAM,West Midlands,0.677,14.128
2047,MAM,West Midlands,0.544,9.500
2048,MAM,West Midlands,0.481,7.279
2049,MAM,West Midlands,0.410,4.826
2050,MAM,West Midlands,0.406,5.151
2051,MAM,West Midlands,0.475,13.302
2052,MAM,West Midlands,0.558,9.581
2053,MAM,West Midlands,0.444,7.384
2054,MAM,West Midlands,0.292,4.581
2055,MAM,West Midlands,0.417,5.500
2056,MAM,West Midlands,0.283,4.849
2057,MAM,West Midlands,0.539,7.279
2058,MAM,West Midlands,0.517,8.942
2059,MAM,West Midlands,0.405,5.244
2060,MAM,West Midlands,0.324,5.895
2061,MAM,West Midlands,0.450,10.791
2062,MAM,West Midlands,0.573,10.628
2063,MAM,West Midlands,0.444,6.198
2064,MAM,West Midlands,0.539,8.233
2065,MAM,West Midlands,0.418,6.105
2066,MAM,West Midlands,0.581,10.674
2067,MAM,West Midlands,0.649,9.942
2068,MAM,West Midlands,0.450,7.860
2069,MAM,West Midlands,0.547,11.140
2070,MAM,West Midlands,0.450,6.360
2071,MAM,West Midlands,0.387,6.953
2072,MAM,West Midlands,0.452,5.814
2073,MAM,West Midlands,0.346,8.023
2074,MAM,West Midlands,0.490,8.256
2075,MAM,West Midlands,0.334,7.767
2076,MAM,West Midlands,0.401,6.826
2077,MAM,West Midlands,0.441,7.209
2078,MAM,West Midlands,0.493,5.581
2079,MAM,West Midlands,0.581,8.209
2080,MAM,West Midlands,0.498,9.942
1981,MAM,West Scotland,0.658,16.652
1982,MAM,West Scotland,0.625,11.129
1983,MAM,West Scotland,0.598,9.545
1984,MAM,West Scotland,0.652,12.455
1985,MAM,West Scotland,0.501,8.311
1986,MAM,West Scotland,0.552,11.644
1987,MAM,West Scotland,0.577,12.712
1988,MAM,West Scotland,0.551,10.417
1989,MAM,West Scotland,0.554,9.417
1990,MAM,West Scotland,0.558,13.735
1991,MAM,West Scotland,0.514,10.568
1992,MAM,West Scotland,0.458,9.061
1993,MAM,West Scotland,0.612,10.174
1994,MAM,West Scotland,0.406,6.697
1995,MAM,West Scotland,0.604,16.136
1996,MAM,West Scotland,0.591,12.288
1997,MAM,West Scotland,0.355,6.326
1998,MAM,West Scotland,0.568,16.326
1999,MAM,West Scotland,0.500,11.735
2000,MAM,West Scotland,0.528,10.235
2001,MAM,West Scotland,0.627,15.591
2002,MAM,West Scotland,0.668,11.977
2003,MAM,West Scotland,0.598,14.652
2004,MAM,West Scotland,0.505,10.083
2005,MAM,West Scotland,0.474,10.409
2006,MAM,West Scotland,0.615,15.250
2007,MAM,West Scotland,0.573,11.962
2008,MAM,West Scotland,0.710,12.409
2009,MAM,West Scotland,0.566,9.758
2010,MAM,West Scotland,0.474,7.606
2011,MAM,West Scotland,0.554,10.674
2012,MAM,West Scotland,0.577,21.417
2013,MAM,West Scotland,0.686,13.053
2014,MAM,West Scotland,0.615,11.303
2015,MAM,West Scotland,0.556,10.076
2016,MAM,West Scotland,0.659,13.909
2017,MAM,West Scotland,0.646,14.439
2018,MAM,West Scotland,0.681,15.803
2019,MAM,West Scotland,0.660,12.591
2020,MAM,West Scotland,0.596,10.424
2021,MAM,West Scotland,0.656,17.174
2022,MAM,West Scotland,0.569,12.129
2023,MAM,West Scotland,0.509,10.780
2024,MAM,West Scotland,0.678,19.258
2025,MAM,West Scotland,0.701,15.326
2026,MAM,West Scotland,0.582,12.629
2027,MAM,West Scotland,0.592,16.030
2028,MAM,West Scotland,0.705,13.909
2029,MAM,West Scotland,0.417,7.576
2030,MAM,West Scotland,0.678,20.371
2031,MAM,West Scotland,0.606,15.621
2032,MAM,West Scotland,0.572,13.439
2033,MAM,West Scotland,0.493,13.545
2034,MAM,West Scotland,0.471,16.614
2035,MAM,West Scotland,0.486,7.886
2036,MAM,West Scotland,0.596,14.432
2037,MAM,West Scotland,0.573,11.455
2038,MAM,West Scotland,0.582,13.780
2039,MAM,West Scotland,0.600,11.992
2040,MAM,West Scotland,0.652,13.462
2041,MAM,West Scotland,0.495,9.106
2042,MAM,West Scotland,0.685,12.205
2043,MAM,West Scotland,0.599,8.667
2044,MAM,West Scotland,0.410,6.561
2045,MAM,West Scotland,0.481,9.295
2046,MAM,West Scotland,0.601,11.409
2047,MAM,West Scotland,0.530,12.167
2048,MAM,West Scotland,0.554,11.098
2049,MAM,West Scotland,0.631,12.712
2050,MAM,West Scotland,0.464,8.758
2051,MAM,West Scotland,0.447,11.242
2052,MAM,West Scotland,0.518,10.144
2053,MAM,West Scotland,0.583,13.652
2054,MAM,West Scotland,0.460,15.659
2055,MAM,West Scotland,0.595,11.091
2056,MAM,West Scotland,0.401,9.758
2057,MAM,West Scotland,0.559,16.614
2058,MAM,West Scotland,0.679,13.909
2059,MAM,West Scotland,0.504,6.758
2060,MAM,West Scotland,0.407,8.333
2061,MAM,West Scotland,0.392,12.720
2062,MAM,West Scotland,0.561,12.045
2063,MAM,West Scotland,0.631,13.053
2064,MAM,West Scotland,0.627,12.682
2065,MAM,West Scotland,0.654,15.576
2066,MAM,West Scotland,0.681,18.917
2067,MAM,West Scotland,0.687,22.598
2068,MAM,West Scotland,0.471,9.083
2069,MAM,West Scotland,0.590,13.038
2070,MAM,West Scotland,0.428,8.659
2071,MAM,West Scotland,0.483,10.235
2072,MAM,West Scotland,0.574,11.432
2073,MAM,West Scotland,0.510,11.341
2074,MAM,West Scotland,0.544,14.758
2075,MAM,West Scotland,0.520,13.886
2076,MAM,West Scotland,0.495,11.174
2077,MAM,West Scotland,0.717,19.083
2078,MAM,West Scotland,0.661,13.697
2079,MAM,West Scotland,0.713,13.879
2080,MAM,West Scotland,0.660,15.432
1981,MAM,Yorkshire and Humber,0.487,8.010
1982,MAM,Yorkshire and Humber,0.518,11.347
1983,MAM,Yorkshire and Humber,0.581,9.436
1984,MAM,Yorkshire and Humber,0.592,9.089
1985,MAM,Yorkshire and Humber,0.410,9.762
1986,MAM,Yorkshire and Humber,0.562,10.624
1987,MAM,Yorkshire and Humber,0.492,9.713
1988,MAM,Yorkshire and Humber,0.466,8.099
1989,MAM,Yorkshire and Humber,0.424,7.109
1990,MAM,Yorkshire and Humber,0.434,7.139
1991,MAM,Yorkshire and Humber,0.438,8.347
1992,MAM,Yorkshire and Humber,0.430,8.812
1993,MAM,Yorkshire and Humber,0.516,8.010
1994,MAM,Yorkshire and Humber,0.399,6.188
1995,MAM,Yorkshire and Humber,0.444,7.188
1996,MAM,Yorkshire and Humber,0.447,7.050
1997,MAM,Yorkshire and Humber,0.287,6.129
1998,MAM,Yorkshire and Humber,0.599,9.703
1999,MAM,Yorkshire and Humber,0.389,8.505
2000,MAM,Yorkshire and Humber,0.507,8.040
2001,MAM,Yorkshire and Humber,0.579,10.941
2002,MAM,Yorkshire and Humber,0.517,6.188
2003,MAM,Yorkshire and Humber,0.405,8.703
2004,MAM,Yorkshire and Humber,0.522,12.624
2005,MAM,Yorkshire and Humber,0.494,9.772
2006,MAM,Yorkshire and Humber,0.561,10.752
2007,MAM,Yorkshire and Humber,0.427,7.515
2008,MAM,Yorkshire and Humber,0.479,5.970
2009,MAM,Yorkshire and Humber,0.630,10.109
2010,MAM,Yorkshire and Humber,0.412,6.416
2011,MAM,Yorkshire and Humber,0.407,11.931
2012,MAM,Yorkshire and Humber,0.394,7.248
2013,MAM,Yorkshire and Humber,0.546,8.079
2014,MAM,Yorkshire and Humber,0.610,9.406
2015,MAM,Yorkshire and Humber,0.533,7.139
2016,MAM,Yorkshire and Humber,0.555,11.634
2017,MAM,Yorkshire and Humber,0.507,6.475
2018,MAM,Yorkshire and Humber,0.514,9.307
2019,MAM,Yorkshire and Humber,0.632,10.030
2020,MAM,Yorkshire and Humber,0.615,10.673
2021,MAM,Yorkshire and Humber,0.628,10.861
2022,MAM,Yorkshire and Humber,0.549,7.297
2023,MAM,Yorkshire and Humber,0.515,8.574
2024,MAM,Yorkshire and Humber,0.563,9.515
2025,MAM,Yorkshire and Humber,0.525,9.386
2026,MAM,Yorkshire and Humber,0.426,5.376
2027,MAM,Yorkshire and Humber,0.506,9.851
2028,MAM,Yorkshire and Humber,0.573,7.119
2029,MAM,Yorkshire and Humber,0.484,8.267
2030,MAM,Yorkshire and Humber,0.621,9.921
2031,MAM,Yorkshire and Humber,0.577,10.059
2032,MAM,Yorkshire and Humber,0.511,8.446
2033,MAM,Yorkshire and Humber,0.516,8.158
2034,MAM,Yorkshire and Humber,0.409,7.198
2035,MAM,Yorkshire and Humber,0.479,8.614
2036,MAM,Yorkshire and Humber,0.546,9.634
2037,MAM,Yorkshire and Humber,0.471,6.901
2038,MAM,Yorkshire and Humber,0.455,9.218
2039,MAM,Yorkshire and Humber,0.551,9.069
2040,MAM,Yorkshire and Humber,0.664,11.000
2041,MAM,Yorkshire and Humber,0.511,9.594
2042,MAM,Yorkshire and Humber,0.477,8.832
2043,MAM,Yorkshire and Humber,0.531,8.228
2044,MAM,Yorkshire and Humber,0.301,5.941
2045,MAM,Yorkshire and Humber,0.468,11.327
2046,MAM,Yorkshire and Humber,0.651,13.000
2047,MAM,Yorkshire and Humber,0.557,10.178
2048,MAM,Yorkshire and Humber,0.457,8.891
2049,MAM,Yorkshire and Humber,0.479,8.050
2050,MAM,Yorkshire and Humber,0.444,6.149
2051,MAM,Yorkshire and Humber,0.507,11.792
2052,MAM,Yorkshire and Humber,0.519,7.010
2053,MAM,Yorkshire and Humber,0.457,7.931
2054,MAM,Yorkshire and Humber,0.278,5.455
2055,MAM,Yorkshire and Humber,0.479,6.891
2056,MAM,Yorkshire and Humber,0.343,5.307
2057,MAM,Yorkshire and Humber,0.550,8.980
2058,MAM,Yorkshire and Humber,0.567,8.495
2059,MAM,Yorkshire and Humber,0.420,5.465
2060,MAM,Yorkshire and Humber,0.388,5.851
2061,MAM,Yorkshire and Humber,0.455,11.307
2062,MAM,Yorkshire and Humber,0.647,12.604
2063,MAM,Yorkshire and Humber,0.464,7.990
2064,MAM,Yorkshire and Humber,0.557,8.465
2065,MAM,Yorkshire and Humber,0.522,6.287
2066,MAM,Yorkshire and Humber,0.609,11.297
2067,MAM,Yorkshire and Humber,0.621,11.782
2068,MAM,Yorkshire and Humber,0.483,7.891
2069,MAM,Yorkshire and Humber,0.520,11.228
2070,MAM,Yorkshire and Humber,0.425,7.495
2071,MAM,Yorkshire and Humber,0.449,8.624
2072,MAM,Yorkshire and Humber,0.526,9.277
2073,MAM,Yorkshire and Humber,0.405,7.446
2074,MAM,Yorkshire and Humber,0.487,9.040
2075,MAM,Yorkshire and Humber,0.353,7.198
2076,MAM,Yorkshire and Humber,0.459,6.891
2077,MAM,Yorkshire and Humber,0.501,7.554
2078,MAM,Yorkshire and Humber,0.503,5.733
2079,MAM,Yorkshire and Humber,0.621,10.604
2080,MAM,Yorkshire and Humber,0.505,7.970
1981,MAM,Channel Islands,0.402,6.000
1982,MAM,Channel Islands,0.511,15.000
1983,MAM,Channel Islands,0.457,7.000
1984,MAM,Channel Islands,0.478,8.000
1985,MAM,Channel Islands,0.315,5.000
1986,MAM,Channel Islands,0.511,9.000
1987,MAM,Channel Islands,0.370,12.000
1988,MAM,Channel Islands,0.478,7.000
1989,MAM,Channel Islands,0.359,6.000
1990,MAM,Channel Islands,0.380,8.000
1991,MAM,Channel Islands,0.359,8.000
1992,MAM,Channel Islands,0.348,8.000
1993,MAM,Channel Islands,0.511,8.000
1994,MAM,Channel Islands,0.348,5.000
1995,MAM,Channel Islands,0.293,4.000
1996,MAM,Channel Islands,0.413,8.000
1997,MAM,Channel Islands,0.196,3.000
1998,MAM,Channel Islands,0.413,5.000
1999,MAM,Channel Islands,0.304,8.000
2000,MAM,Channel Islands,0.348,6.000
2001,MAM,Channel Islands,0.587,12.000
2002,MAM,Channel Islands,0.489,11.000
2003,MAM,Channel Islands,0.380,7.000
2004,MAM,Channel Islands,0.478,14.000
2005,MAM,Channel Islands,0.402,9.000
2006,MAM,Channel Islands,0.489,12.000
2007,MAM,Channel Islands,0.359,9.000
2008,MAM,Channel Islands,0.402,6.000
2009,MAM,Channel Islands,0.641,12.000
2010,MAM,Channel Islands,0.370,5.000
2011,MAM,Channel Islands,0.402,5.000
2012,MAM,Channel Islands,0.304,7.000
2013,MAM,Channel Islands,0.435,8.000
2014,MAM,Channel Islands,0.500,8.000
2015,MAM,Channel Islands,0.413,4.000
2016,MAM,Channel Islands,0.489,7.000
2017,MAM,Channel Islands,0.402,10.000
2018,MAM,Channel Islands,0.413,5.000
2019,MAM,Channel Islands,0.598,9.000
2020,MAM,Channel Islands,0.337,5.000
2021,MAM,Channel Islands,0.620,18.000
2022,MAM,Channel Islands,0.489,9.000
2023,MAM,Channel Islands,0.261,7.000
2024,MAM,Channel Islands,0.446,9.000
2025,MAM,Channel Islands,0.391,7.000
2026,MAM,Channel Islands,0.315,8.000
2027,MAM,Channel Islands,0.478,9.000
2028,MAM,Channel Islands,0.522,7.000
2029,MAM,Channel Islands,0.391,5.000
2030,MAM,Channel Islands,0.533,11.000
2031,MAM,Channel Islands,0.522,11.000
2032,MAM,Channel Islands,0.337,10.000
2033,MAM,Channel Islands,0.522,9.000
2034,MAM,Channel Islands,0.315,5.000
2035,MAM,Channel Islands,0.467,8.000
2036,MAM,Channel Islands,0.457,8.000
2037,MAM,Channel Islands,0.359,7.000
2038,MAM,Channel Islands,0.413,9.000
2039,MAM,Channel Islands,0.533,12.000
2040,MAM,Channel Islands,0.630,16.000
2041,MAM,Channel Islands,0.446,8.000
2042,MAM,Channel Islands,0.337,4.000
2043,MAM,Channel Islands,0.467,10.000
2044,MAM,Channel Islands,0.174,5.000
2045,MAM,Channel Islands,0.457,8.000
2046,MAM,Channel Islands,0.630,10.000
2047,MAM,Channel Islands,0.598,9.000
2048,MAM,Channel Islands,0.489,10.000
2049,MAM,Channel Islands,0.293,10.000
2050,MAM,Channel Islands,0.370,7.000
2051,MAM,Channel Islands,0.359,4.000
2052,MAM,Channel Islands,0.478,14.000
2053,MAM,Channel Islands,0.359,7.000
2054,MAM,Channel Islands,0.207,3.000
2055,MAM,Channel Islands,0.370,7.000
2056,MAM,Channel Islands,0.261,8.000
2057,MAM,Channel Islands,0.511,8.000
2058,MAM,Channel Islands,0.424,7.000
2059,MAM,Channel Islands,0.315,6.000
2060,MAM,Channel Islands,0.239,4.000
2061,MAM,Channel Islands,0.467,9.000
2062,MAM,Channel Islands,0.500,9.000
2063,MAM,Channel Islands,0.337,5.000
2064,MAM,Channel Islands,0.500,5.000
2065,MAM,Channel Islands,0.326,7.000
2066,MAM,Channel Islands,0.522,10.000
2067,MAM,Channel Islands,0.641,17.000
2068,MAM,Channel Islands,0.359,9.000
2069,MAM,Channel Islands,0.533,12.000
2070,MAM,Channel Islands,0.413,6.000
2071,MAM,Channel Islands,0.326,8.000
2072,MAM,Channel Islands,0.185,4.000
2073,MAM,Channel Islands,0.315,5.000
2074,MAM,Channel Islands,0.359,7.000
2075,MAM,Channel Islands,0.293,12.000
2076,MAM,Channel Islands,0.283,6.000
2077,MAM,Channel Islands,0.304,4.000
2078,MAM,Channel Islands,0.370,5.000
2079,MAM,Channel Islands,0.457,11.000
2080,MAM,Channel Islands,0.391,9.000
1981,MAM,Isle of Man,0.609,13.000
1982,MAM,Isle of Man,0.536,10.333
1983,MAM,Isle of Man,0.489,6.000
1984,MAM,Isle of Man,0.540,10.000
1985,MAM,Isle of Man,0.373,5.000
1986,MAM,Isle of Man,0.511,10.000
1987,MAM,Isle of Man,0.507,7.000
1988,MAM,Isle of Man,0.496,10.000
1989,MAM,Isle of Man,0.446,9.000
1990,MAM,Isle of Man,0.514,14.667
1991,MAM,Isle of Man,0.446,7.000
1992,MAM,Isle of Man,0.348,5.333
1993,MAM,Isle of Man,0.511,8.667
1994,MAM,Isle of Man,0.370,5.000
1995,MAM,Isle of Man,0.507,13.667
1996,MAM,Isle of Man,0.572,12.667
1997,MAM,Isle of Man,0.210,3.667
1998,MAM,Isle of Man,0.536,10.333
1999,MAM,Isle of Man,0.435,11.000
2000,MAM,Isle of Man,0.420,12.000
2001,MAM,Isle of Man,0.591,9.000
2002,MAM,Isle of Man,0.583,7.333
2003,MAM,Isle of Man,0.475,14.667
2004,MAM,Isle of Man,0.435,10.333
2005,MAM,Isle of Man,0.424,8.333
2006,MAM,Isle of Man,0.616,13.333
2007,MAM,Isle of Man,0.493,8.000
2008,MAM,Isle of Man,0.576,12.000
2009,MAM,Isle of Man,0.591,9.667
2010,MAM,Isle of Man,0.435,5.667
2011,MAM,Isle of Man,0.402,8.000
2012,MAM,Isle of Man,0.428,11.000
2013,MAM,Isle of Man,0.572,8.000
2014,MAM,Isle of Man,0.536,9.000
2015,MAM,Isle of Man,0.489,12.333
2016,MAM,Isle of Man,0.471,11.333
2017,MAM,Isle of Man,0.551,8.000
2018,MAM,Isle of Man,0.591,11.333
2019,MAM,Isle of Man,0.605,11.333
2020,MAM,Isle of Man,0.449,8.000
2021,MAM,Isle of Man,0.652,11.667
2022,MAM,Isle of Man,0.500,10.000
2023,MAM,Isle of Man,0.370,7.667
2024,MAM,Isle of Man,0.656,11.333
2025,MAM,Isle of Man,0.576,8.000
2026,MAM,Isle of Man,0.449,5.333
2027,MAM,Isle of Man,0.522,10.000
2028,MAM,Isle of Man,0.616,12.000
2029,MAM,Isle of Man,0.395,6.333
2030,MAM,Isle of Man,0.638,13.667
2031,MAM,Isle of Man,0.630,9.333
2032,MAM,Isle of Man,0.507,8.333
2033,MAM,Isle of Man,0.482,13.667
2034,MAM,Isle of Man,0.351,7.000
2035,MAM,Isle of Man,0.457,20.667
2036,MAM,Isle of Man,0.533,9.000
2037,MAM,Isle of Man,0.511,9.000
2038,MAM,Isle of Man,0.478,9.000
2039,MAM,Isle of Man,0.594,7.667
2040,MAM,Isle of Man,0.623,7.000
2041,MAM,Isle of Man,0.478,9.000
2042,MAM,Isle of Man,0.536,7.000
2043,MAM,Isle of Man,0.478,6.000
2044,MAM,Isle of Man,0.286,4.667
2045,MAM,Isle of Man,0.417,11.333
2046,MAM,Isle of Man,0.591,7.667
2047,MAM,Isle of Man,0.496,7.000
2048,MAM,Isle of Man,0.504,10.000
2049,MAM,Isle of Man,0.453,5.333
2050,MAM,Isle of Man,0.264,4.000
2051,MAM,Isle of Man,0.406,11.667
2052,MAM,Isle of Man,0.500,10.000
2053,MAM,Isle of Man,0.460,12.000
2054,MAM,Isle of Man,0.319,7.000
2055,MAM,Isle of Man,0.435,5.000
2056,MAM,Isle of Man,0.290,5.000
2057,MAM,Isle of Man,0.493,10.667
2058,MAM,Isle of Man,0.540,7.667
2059,MAM,Isle of Man,0.406,8.000
2060,MAM,Isle of Man,0.333,7.000
2061,MAM,Isle of Man,0.399,12.000
2062,MAM,Isle of Man,0.420,10.667
2063,MAM,Isle of Man,0.500,8.667
2064,MAM,Isle of Man,0.565,11.333
2065,MAM,Isle of Man,0.522,10.333
2066,MAM,Isle of Man,0.645,12.667
2067,MAM,Isle of Man,0.663,9.000
2068,MAM,Isle of Man,0.431,9.000
2069,MAM,Isle of Man,0.518,8.667
2070,MAM,Isle of Man,0.406,6.333
2071,MAM,Isle of Man,0.391,6.000
2072,MAM,Isle of Man,0.449,9.667
2073,MAM,Isle of Man,0.301,6.333
2074,MAM,Isle of Man,0.475,17.667
2075,MAM,Isle of Man,0.391,12.000
2076,MAM,Isle of Man,0.413,9.000
2077,MAM,Isle of Man,0.652,11.000
2078,MAM,Isle of Man,0.536,6.667
2079,MAM,Isle of Man,0.652,10.333
2080,MAM,Isle of Man,0.569,13.000
1981,MAM,Northern Ireland,0.616,15.356
1982,MAM,Northern Ireland,0.671,15.080
1983,MAM,Northern Ireland,0.563,7.655
1984,MAM,Northern Ireland,0.611,12.483
1985,MAM,Northern Ireland,0.517,8.989
1986,MAM,Northern Ireland,0.581,9.805
1987,MAM,Northern Ireland,0.619,13.770
1988,MAM,Northern Ireland,0.588,11.736
1989,MAM,Northern Ireland,0.515,12.977
1990,MAM,Northern Ireland,0.570,11.770
1991,MAM,Northern Ireland,0.536,17.149
1992,MAM,Northern Ireland,0.475,9.885
1993,MAM,Northern Ireland,0.677,10.782
1994,MAM,Northern Ireland,0.407,6.425
1995,MAM,Northern Ireland,0.553,15.782
1996,MAM,Northern Ireland,0.593,12.023
1997,MAM,Northern Ireland,0.369,6.828
1998,MAM,Northern Ireland,0.607,14.793
1999,MAM,Northern Ireland,0.489,10.437
2000,MAM,Northern Ireland,0.564,15.667
2001,MAM,Northern Ireland,0.641,11.701
2002,MAM,Northern Ireland,0.646,10.138
2003,MAM,Northern Ireland,0.589,12.920
2004,MAM,Northern Ireland,0.573,14.471
2005,MAM,Northern Ireland,0.451,11.356
2006,MAM,Northern Ireland,0.588,17.563
2007,MAM,Northern Ireland,0.541,12.920
2008,MAM,Northern Ireland,0.695,12.724
2009,MAM,Northern Ireland,0.689,12.414
2010,MAM,Northern Ireland,0.554,8.414
2011,MAM,Northern Ireland,0.509,11.161
2012,MAM,Northern Ireland,0.580,19.172
2013,MAM,Northern Ireland,0.602,10.184
2014,MAM,Northern Ireland,0.641,10.115
2015,MAM,Northern Ireland,0.573,14.644
2016,MAM,Northern Ireland,0.597,16.598
2017,MAM,Northern Ireland,0.707,16.851
2018,MAM,Northern Ireland,0.656,13.678
2019,MAM,Northern Ireland,0.648,12.310
2020,MAM,Northern Ireland,0.574,9.552
2021,MAM,Northern Ireland,0.701,19.103
2022,MAM,Northern Ireland,0.580,9.828
2023,MAM,Northern Ireland,0.522,16.057
2024,MAM,Northern Ireland,0.705,16.046
2025,MAM,Northern Ireland,0.652,11.989
2026,MAM,Northern Ireland,0.558,10.713
2027,MAM,Northern Ireland,0.607,13.253
2028,MAM,Northern Ireland,0.716,16.851
2029,MAM,Northern Ireland,0.478,8.241
2030,MAM,Northern Ireland,0.666,13.644
2031,MAM,Northern Ireland,0.631,26.218
2032,MAM,Northern Ireland,0.627,12.276
2033,MAM,Northern Ireland,0.545,13.218
2034,MAM,Northern Ireland,0.421,11.253
2035,MAM,Northern Ireland,0.522,16.851
2036,MAM,Northern Ireland,0.625,13.770
2037,MAM,Northern Ireland,0.639,12.885
2038,MAM,Northern Ireland,0.590,12.701
2039,MAM,Northern Ireland,0.655,13.195
2040,MAM,Northern Ireland,0.698,16.632
2041,MAM,Northern Ireland,0.543,10.437
2042,MAM,Northern Ireland,0.696,13.632
2043,MAM,Northern Ireland,0.622,8.885
2044,MAM,Northern Ireland,0.402,7.333
2045,MAM,Northern Ireland,0.461,7.862
2046,MAM,Northern Ireland,0.656,12.218
2047,MAM,Northern Ireland,0.555,12.057
2048,MAM,Northern Ireland,0.550,13.207
2049,MAM,Northern Ireland,0.599,9.126
2050,MAM,Northern Ireland,0.458,5.598
2051,MAM,Northern Ireland,0.472,14.103
2052,MAM,Northern Ireland,0.618,10.851
2053,MAM,Northern Ireland,0.576,11.126
2054,MAM,Northern Ireland,0.436,12.655
2055,MAM,Northern Ireland,0.622,10.218
2056,MAM,Northern Ireland,0.353,7.207
2057,MAM,Northern Ireland,0.585,17.034
2058,MAM,Northern Ireland,0.658,11.207
2059,MAM,Northern Ireland,0.521,9.667
2060,MAM,Northern Ireland,0.446,8.839
2061,MAM,Northern Ireland,0.474,14.414
2062,MAM,Northern Ireland,0.577,15.851
2063,MAM,Northern Ireland,0.579,12.161
2064,MAM,Northern Ireland,0.692,16.552
2065,MAM,Northern Ireland,0.621,14.724
2066,MAM,Northern Ireland,0.710,15.310
2067,MAM,Northern Ireland,0.675,13.782
2068,MAM,Northern Ireland,0.519,9.724
2069,MAM,Northern Ireland,0.607,10.897
2070,MAM,Northern Ireland,0.532,11.805
2071,MAM,Northern Ireland,0.482,9.437
2072,MAM,Northern Ireland,0.593,10.897
2073,MAM,Northern Ireland,0.497,7.851
2074,MAM,Northern Ireland,0.532,13.943
2075,MAM,Northern Ireland,0.536,13.931
2076,MAM,Northern Ireland,0.543,11.264
2077,MAM,Northern Ireland,0.678,13.736
2078,MAM,Northern Ireland,0.668,13.184
2079,MAM,Northern Ireland,0.691,9.977
2080,MAM,Northern Ireland,0.628,13.609
1981,MAM,Wales,0.624,10.914
1982,MAM,Wales,0.618,12.252
1983,MAM,Wales,0.579,9.338
1984,MAM,Wales,0.616,11.273
1985,MAM,Wales,0.423,7.317
1986,MAM,Wales,0.565,12.482
1987,MAM,Wales,0.533,12.173
1988,MAM,Wales,0.560,8.791
1989,MAM,Wales,0.430,11.079
1990,MAM,Wales,0.496,13.791
1991,MAM,Wales,0.544,12.129
1992,MAM,Wales,0.426,10.072
1993,MAM,Wales,0.580,10.748
1994,MAM,Wales,0.364,4.957
1995,MAM,Wales,0.536,16.957
1996,MAM,Wales,0.582,11.338
1997,MAM,Wales,0.322,5.230
1998,MAM,Wales,0.641,13.209
1999,MAM,Wales,0.443,11.216
2000,MAM,Wales,0.497,9.763
2001,MAM,Wales,0.683,11.813
2002,MAM,Wales,0.569,8.784
2003,MAM,Wales,0.524,11.784
2004,MAM,Wales,0.505,12.547
2005,MAM,Wales,0.455,7.705
2006,MAM,Wales,0.609,12.007
2007,MAM,Wales,0.494,10.885
2008,MAM,Wales,0.628,12.309
2009,MAM,Wales,0.705,11.453
2010,MAM,Wales,0.471,9.007
2011,MAM,Wales,0.478,12.201
2012,MAM,Wales,0.433,10.432
2013,MAM,Wales,0.593,11.410
2014,MAM,Wales,0.672,10.906
2015,MAM,Wales,0.550,12.741
2016,MAM,Wales,0.578,12.871
2017,MAM,Wales,0.603,13.367
2018,MAM,Wales,0.600,13.583
2019,MAM,Wales,0.640,9.842
2020,MAM,Wales,0.531,8.417
2021,MAM,Wales,0.660,16.468
2022,MAM,Wales,0.504,9.165
2023,MAM,Wales,0.452,7.460
2024,MAM,Wales,0.624,9.741
2025,MAM,Wales,0.573,11.518
2026,MAM,Wales,0.510,8.950
2027,MAM,Wales,0.583,13.662
2028,MAM,Wales,0.587,11.223
2029,MAM,Wales,0.499,9.504
2030,MAM,Wales,0.717,13.878
2031,MAM,Wales,0.669,12.561
2032,MAM,Wales,0.561,11.842
2033,MAM,Wales,0.546,9.583
2034,MAM,Wales,0.452,7.676
2035,MAM,Wales,0.494,9.885
2036,MAM,Wales,0.560,11.230
2037,MAM,Wales,0.567,8.079
2038,MAM,Wales,0.499,9.151
2039,MAM,Wales,0.581,10.626
2040,MAM,Wales,0.688,13.935
2041,MAM,Wales,0.517,9.547
2042,MAM,Wales,0.575,14.547
2043,MAM,Wales,0.600,12.604
2044,MAM,Wales,0.321,7.655
2045,MAM,Wales,0.481,13.194
2046,MAM,Wales,0.725,16.245
2047,MAM,Wales,0.561,10.496
2048,MAM,Wales,0.548,10.302
2049,MAM,Wales,0.492,5.971
2050,MAM,Wales,0.414,5.791
2051,MAM,Wales,0.482,13.583
2052,MAM,Wales,0.621,10.813
2053,MAM,Wales,0.506,10.317
2054,MAM,Wales,0.327,8.612
2055,MAM,Wales,0.444,7.029
2056,MAM,Wales,0.354,6.950
2057,MAM,Wales,0.588,9.871
2058,MAM,Wales,0.586,12.122
2059,MAM,Wales,0.454,6.439
2060,MAM,Wales,0.373,8.928
2061,MAM,Wales,0.508,12.302
2062,MAM,Wales,0.552,13.050
2063,MAM,Wales,0.534,10.554
2064,MAM,Wales,0.646,13.165
2065,MAM,Wales,0.518,8.309
2066,MAM,Wales,0.666,13.122
2067,MAM,Wales,0.720,15.669
2068,MAM,Wales,0.529,10.072
2069,MAM,Wales,0.594,16.050
2070,MAM,Wales,0.530,11.612
2071,MAM,Wales,0.444,7.986
2072,MAM,Wales,0.496,6.460
2073,MAM,Wales,0.413,8.158
2074,MAM,Wales,0.525,14.813
2075,MAM,Wales,0.394,10.755
2076,MAM,Wales,0.468,8.022
2077,MAM,Wales,0.592,9.532
2078,MAM,Wales,0.571,7.065
2079,MAM,Wales,0.679,12.122
2080,MAM,Wales,0.577,12.489
1981,JJA,East Midlands,0.581,9.596
1982,JJA,East Midlands,0.412,7.154
1983,JJA,East Midlands,0.577,10.308
1984,JJA,East Midlands,0.431,7.933
1985,JJA,East Midlands,0.513,6.529
1986,JJA,East Midlands,0.430,6.952
1987,JJA,East Midlands,0.555,8.760
1988,JJA,East Midlands,0.485,6.760
1989,JJA,East Midlands,0.538,9.769
1990,JJA,East Midlands,0.510,10.288
1991,JJA,East Midlands,0.536,8.212
1992,JJA,East Midlands,0.514,8.375
1993,JJA,East Midlands,0.184,3.567
1994,JJA,East Midlands,0.387,7.615
1995,JJA,East Midlands,0.407,9.212
1996,JJA,East Midlands,0.348,5.298
1997,JJA,East Midlands,0.534,9.663
1998,JJA,East Midlands,0.552,8.827
1999,JJA,East Midlands,0.423,6.433
2000,JJA,East Midlands,0.358,5.260
2001,JJA,East Midlands,0.451,8.635
2002,JJA,East Midlands,0.505,8.654
2003,JJA,East Midlands,0.359,6.558
2004,JJA,East Midlands,0.518,7.346
2005,JJA,East Midlands,0.425,7.192
2006,JJA,East Midlands,0.502,8.385
2007,JJA,East Midlands,0.339,7.644
2008,JJA,East Midlands,0.556,10.875
2009,JJA,East Midlands,0.603,9.135
2010,JJA,East Midlands,0.475,7.115
2011,JJA,East Midlands,0.407,6.077
2012,JJA,East Midlands,0.354,8.615
2013,JJA,East Midlands,0.355,8.019
2014,JJA,East Midlands,0.555,11.442
2015,JJA,East Midlands,0.585,13.106
2016,JJA,East Midlands,0.422,7.885
2017,JJA,East Midlands,0.375,6.510
2018,JJA,East Midlands,0.548,6.769
2019,JJA,East Midlands,0.422,6.356
2020,JJA,East Midlands,0.411,7.077
2021,JJA,East Midlands,0.434,9.038
2022,JJA,East Midlands,0.419,6.106
2023,JJA,East Midlands,0.349,7.308
2024,JJA,East Midlands,0.368,4.038
2025,JJA,East Midlands,0.406,4.933
2026,JJA,East Midlands,0.305,4.971
2027,JJA,East Midlands,0.344,6.529
2028,JJA,East Midlands,0.469,7.596
2029,JJA,East Midlands,0.485,8.625
2030,JJA,East Midlands,0.544,8.317
2031,JJA,East Midlands,0.388,5.029
2032,JJA,East Midlands,0.403,7.029
2033,JJA,East Midlands,0.431,7.644
2034,JJA,East Midlands,0.461,6.308
2035,JJA,East Midlands,0.411,9.038
2036,JJA,East Midlands,0.337,5.692
2037,JJA,East Midlands,0.518,10.404
2038,JJA,East Midlands,0.493,8.471
2039,JJA,East Midlands,0.372,7.510
2040,JJA,East Midlands,0.441,6.135
2041,JJA,East Midlands,0.240,3.654
2042,JJA,East Midlands,0.457,7.952
2043,JJA,East Midlands,0.391,6.067
2044,JJA,East Midlands,0.333,6.327
2045,JJA,East Midlands,0.291,4.577
2046,JJA,East Midlands,0.393,6.413
2047,JJA,East Midlands,0.358,5.577
2048,JJA,East Midlands,0.479,7.971
2049,JJA,East Midlands,0.259,4.115
2050,JJA,East Midlands,0.385,6.038
2051,JJA,East Midlands,0.235,4.038
2052,JJA,East Midlands,0.518,7.519
2053,JJA,East Midlands,0.292,5.856
2054,JJA,East Midlands,0.487,11.038
2055,JJA,East Midlands,0.540,9.894
2056,JJA,East Midlands,0.307,5.067
2057,JJA,East Midlands,0.518,6.510
2058,JJA,East Midlands,0.352,11.202
2059,JJA,East Midlands,0.264,5.644
2060,JJA,East Midlands,0.193,4.106
2061,JJA,East Midlands,0.325,5.240
2062,JJA,East Midlands,0.427,8.442
2063,JJA,East Midlands,0.481,6.635
2064,JJA,East Midlands,0.532,8.096
2065,JJA,East Midlands,0.302,6.269
2066,JJA,East Midlands,0.476,6.856
2067,JJA,East Midlands,0.460,6.981
2068,JJA,East Midlands,0.365,7.144
2069,JJA,East Midlands,0.440,6.644
2070,JJA,East Midlands,0.280,3.615
2071,JJA,East Midlands,0.432,7.356
2072,JJA,East Midlands,0.392,6.337
2073,JJA,East Midlands,0.334,5.385
2074,JJA,East Midlands,0.238,3.500
2075,JJA,East Midlands,0.274,6.567
2076,JJA,East Midlands,0.289,3.654
2077,JJA,East Midlands,0.319,7.067
2078,JJA,East Midlands,0.349,4.721
2079,JJA,East Midlands,0.433,5.856
2080,JJA,East Midlands,0.466,6.279
1981,JJA,East of England,0.528,7.162
1982,JJA,East of England,0.343,5.408
1983,JJA,East of England,0.546,7.915
1984,JJA,East of England,0.392,7.477
1985,JJA,East of England,0.448,5.062
1986,JJA,East of England,0.359,6.262
1987,JJA,East of England,0.515,8.169
1988,JJA,East of England,0.428,5.346
1989,JJA,East of England,0.455,6.508
1990,JJA,East of England,0.471,11.592
1991,JJA,East of England,0.491,8.685
1992,JJA,East of England,0.454,7.069
1993,JJA,East of England,0.140,3.508
1994,JJA,East of England,0.339,9.777
1995,JJA,East of England,0.358,6.815
1996,JJA,East of England,0.360,5.215
1997,JJA,East of England,0.470,7.523
1998,JJA,East of England,0.555,7.931
1999,JJA,East of England,0.428,5.754
2000,JJA,East of England,0.315,4.423
2001,JJA,East of England,0.395,6.992
2002,JJA,East of England,0.483,9.308
2003,JJA,East of England,0.314,6.077
2004,JJA,East of England,0.462,7.031
2005,JJA,East of England,0.412,6.431
2006,JJA,East of England,0.458,7.469
2007,JJA,East of England,0.300,6.677
2008,JJA,East of England,0.494,9.523
2009,JJA,East of England,0.520,7.031
2010,JJA,East of England,0.409,5.992
2011,JJA,East of England,0.309,4.854
2012,JJA,East of England,0.307,7.231
2013,JJA,East of England,0.266,6.908
2014,JJA,East of England,0.474,11.246
2015,JJA,East of England,0.546,13.631
2016,JJA,East of England,0.415,6.938
2017,JJA,East of England,0.321,4.215
2018,JJA,East of England,0.490,6.346
2019,JJA,East of England,0.433,7.192
2020,JJA,East of England,0.321,4.508
2021,JJA,East of England,0.422,8.962
2022,JJA,East of England,0.411,7.015
2023,JJA,East of England,0.317,8.085
2024,JJA,East of England,0.363,4.138
2025,JJA,East of England,0.411,6.115
2026,JJA,East of England,0.252,3.700
2027,JJA,East of England,0.343,6.892
2028,JJA,East of England,0.383,7.046
2029,JJA,East of England,0.442,6.046
2030,JJA,East of England,0.536,9.585
2031,JJA,East of England,0.346,4.931
2032,JJA,East of England,0.410,8.138
2033,JJA,East of England,0.429,6.700
2034,JJA,East of England,0.387,5.292
2035,JJA,East of England,0.389,5.462
2036,JJA,East of England,0.330,4.777
2037,JJA,East of England,0.441,8.246
2038,JJA,East of England,0.473,7.792
2039,JJA,East of England,0.317,6.446
2040,JJA,East of England,0.398,5.631
2041,JJA,East of England,0.236,3.969
2042,JJA,East of England,0.376,6.631
2043,JJA,East of England,0.357,6.300
2044,JJA,East of England,0.245,5.492
2045,JJA,East of England,0.256,4.469
2046,JJA,East of England,0.366,6.285
2047,JJA,East of England,0.290,4.723
2048,JJA,East of England,0.446,6.185
2049,JJA,East of England,0.199,4.015
2050,JJA,East of England,0.322,6.069
2051,JJA,East of England,0.193,4.277
2052,JJA,East of England,0.553,8.315
2053,JJA,East of England,0.252,4.908
2054,JJA,East of England,0.451,9.392
2055,JJA,East of England,0.441,5.977
2056,JJA,East of England,0.256,5.208
2057,JJA,East of England,0.494,9.162
2058,JJA,East of England,0.352,12.077
2059,JJA,East of England,0.290,5.969
2060,JJA,East of England,0.172,3.000
2061,JJA,East of England,0.359,5.169
2062,JJA,East of England,0.378,7.008
2063,JJA,East of England,0.418,6.777
2064,JJA,East of England,0.444,7.938
2065,JJA,East of England,0.284,5.569
2066,JJA,East of England,0.478,8.054
2067,JJA,East of England,0.408,5.708
2068,JJA,East of England,0.330,4.523
2069,JJA,East of England,0.408,6.131
2070,JJA,East of England,0.254,3.562
2071,JJA,East of England,0.334,6.054
2072,JJA,East of England,0.315,6.238
2073,JJA,East of England,0.311,5.146
2074,JJA,East of England,0.239,4.631
2075,JJA,East of England,0.244,5.200
2076,JJA,East of England,0.229,3.331
2077,JJA,East of England,0.283,4.438
2078,JJA,East of England,0.316,4.292
2079,JJA,East of England,0.405,6.631
2080,JJA,East of England,0.427,6.823
1981,JJA,East Scotland,0.723,16.395
1982,JJA,East Scotland,0.584,10.790
1983,JJA,East Scotland,0.741,14.438
1984,JJA,East Scotland,0.680,12.741
1985,JJA,East Scotland,0.666,13.228
1986,JJA,East Scotland,0.610,12.432
1987,JJA,East Scotland,0.647,11.660
1988,JJA,East Scotland,0.709,17.167
1989,JJA,East Scotland,0.723,13.543
1990,JJA,East Scotland,0.524,9.969
1991,JJA,East Scotland,0.722,13.963
1992,JJA,East Scotland,0.656,14.951
1993,JJA,East Scotland,0.444,6.241
1994,JJA,East Scotland,0.449,10.167
1995,JJA,East Scotland,0.515,10.315
1996,JJA,East Scotland,0.535,8.685
1997,JJA,East Scotland,0.586,10.469
1998,JJA,East Scotland,0.629,13.154
1999,JJA,East Scotland,0.590,13.506
2000,JJA,East Scotland,0.530,9.605
2001,JJA,East Scotland,0.649,12.438
2002,JJA,East Scotland,0.610,15.062
2003,JJA,East Scotland,0.505,6.586
2004,JJA,East Scotland,0.728,16.272
2005,JJA,East Scotland,0.712,11.562
2006,JJA,East Scotland,0.610,10.827
2007,JJA,East Scotland,0.635,10.302
2008,JJA,East Scotland,0.729,17.586
2009,JJA,East Scotland,0.675,14.259
2010,JJA,East Scotland,0.660,12.253
2011,JJA,East Scotland,0.614,12.815
2012,JJA,East Scotland,0.690,15.241
2013,JJA,East Scotland,0.583,9.519
2014,JJA,East Scotland,0.601,10.278
2015,JJA,East Scotland,0.672,14.358
2016,JJA,East Scotland,0.683,12.889
2017,JJA,East Scotland,0.596,14.691
2018,JJA,East Scotland,0.673,12.574
2019,JJA,East Scotland,0.619,10.951
2020,JJA,East Scotland,0.572,9.802
2021,JJA,East Scotland,0.530,11.315
2022,JJA,East Scotland,0.514,11.284
2023,JJA,East Scotland,0.442,7.012
2024,JJA,East Scotland,0.696,13.272
2025,JJA,East Scotland,0.572,12.475
2026,JJA,East Scotland,0.611,11.630
2027,JJA,East Scotland,0.648,13.340
2028,JJA,East Scotland,0.653,14.333
2029,JJA,East Scotland,0.641,13.463
2030,JJA,East Scotland,0.695,11.722
2031,JJA,East Scotland,0.653,12.531
2032,JJA,East Scotland,0.608,11.210
2033,JJA,East Scotland,0.583,9.747
2034,JJA,East Scotland,0.668,13.914
2035,JJA,East Scotland,0.591,10.136
2036,JJA,East Scotland,0.480,8.327
2037,JJA,East Scotland,0.550,9.914
2038,JJA,East Scotland,0.606,15.864
2039,JJA,East Scotland,0.640,13.278
2040,JJA,East Scotland,0.690,14.204
2041,JJA,East Scotland,0.567,10.926
2042,JJA,East Scotland,0.710,14.191
2043,JJA,East Scotland,0.627,11.741
2044,JJA,East Scotland,0.711,15.889
2045,JJA,East Scotland,0.451,7.753
2046,JJA,East Scotland,0.639,13.123
2047,JJA,East Scotland,0.588,10.025
2048,JJA,East Scotland,0.703,17.630
2049,JJA,East Scotland,0.448,8.698
2050,JJA,East Scotland,0.646,12.228
2051,JJA,East Scotland,0.488,12.056
2052,JJA,East Scotland,0.650,11.833
2053,JJA,East Scotland,0.517,13.802
2054,JJA,East Scotland,0.692,13.586
2055,JJA,East Scotland,0.618,10.432
2056,JJA,East Scotland,0.678,18.352
2057,JJA,East Scotland,0.694,13.056
2058,JJA,East Scotland,0.458,8.704
2059,JJA,East Scotland,0.444,8.179
2060,JJA,East Scotland,0.443,8.025
2061,JJA,East Scotland,0.474,8.580
2062,JJA,East Scotland,0.669,12.926
2063,JJA,East Scotland,0.604,12.685
2064,JJA,East Scotland,0.743,14.475
2065,JJA,East Scotland,0.581,10.506
2066,JJA,East Scotland,0.565,9.759
2067,JJA,East Scotland,0.684,14.414
2068,JJA,East Scotland,0.543,11.531
2069,JJA,East Scotland,0.674,12.494
2070,JJA,East Scotland,0.605,12.926
2071,JJA,East Scotland,0.675,15.167
2072,JJA,East Scotland,0.511,8.272
2073,JJA,East Scotland,0.532,8.630
2074,JJA,East Scotland,0.366,6.019
2075,JJA,East Scotland,0.537,12.815
2076,JJA,East Scotland,0.626,13.327
2077,JJA,East Scotland,0.522,9.086
2078,JJA,East Scotland,0.593,8.549
2079,JJA,East Scotland,0.623,17.358
2080,JJA,East Scotland,0.552,8.636
1981,JJA,London,0.513,7.250
1982,JJA,London,0.341,4.167
1983,JJA,London,0.530,9.333
1984,JJA,London,0.371,6.000
1985,JJA,London,0.446,5.833
1986,JJA,London,0.341,4.750
1987,JJA,London,0.576,11.333
1988,JJA,London,0.462,6.500
1989,JJA,London,0.511,7.333
1990,JJA,London,0.444,20.000
1991,JJA,London,0.442,7.667
1992,JJA,London,0.438,7.000
1993,JJA,London,0.161,4.000
1994,JJA,London,0.351,6.417
1995,JJA,London,0.348,6.750
1996,JJA,London,0.349,7.250
1997,JJA,London,0.528,9.667
1998,JJA,London,0.525,6.667
1999,JJA,London,0.389,5.000
2000,JJA,London,0.279,4.750
2001,JJA,London,0.384,8.083
2002,JJA,London,0.519,15.167
2003,JJA,London,0.325,6.000
2004,JJA,London,0.476,6.000
2005,JJA,London,0.394,5.417
2006,JJA,London,0.440,8.500
2007,JJA,London,0.291,6.333
2008,JJA,London,0.494,10.917
2009,JJA,London,0.534,7.417
2010,JJA,London,0.451,5.000
2011,JJA,London,0.292,4.667
2012,JJA,London,0.288,9.833
2013,JJA,London,0.281,6.917
2014,JJA,London,0.498,12.000
2015,JJA,London,0.520,11.750
2016,JJA,London,0.368,7.917
2017,JJA,London,0.263,4.833
2018,JJA,London,0.436,4.833
2019,JJA,London,0.414,6.750
2020,JJA,London,0.310,4.000
2021,JJA,London,0.403,9.083
2022,JJA,London,0.421,9.167
2023,JJA,London,0.326,5.083
2024,JJA,London,0.329,5.250
2025,JJA,London,0.362,4.417
2026,JJA,London,0.310,3.917
2027,JJA,London,0.299,5.833
2028,JJA,London,0.370,6.833
2029,JJA,London,0.409,5.000
2030,JJA,London,0.418,6.333
2031,JJA,London,0.309,4.333
2032,JJA,London,0.367,9.083
2033,JJA,London,0.409,6.250
2034,JJA,London,0.366,4.083
2035,JJA,London,0.361,5.833
2036,JJA,London,0.295,3.917
2037,JJA,London,0.393,7.667
2038,JJA,London,0.466,7.500
2039,JJA,London,0.293,6.583
2040,JJA,London,0.348,3.750
2041,JJA,London,0.196,3.250
2042,JJA,London,0.353,6.000
2043,JJA,London,0.289,5.667
2044,JJA,London,0.270,4.917
2045,JJA,London,0.237,3.083
2046,JJA,London,0.355,8.500
2047,JJA,London,0.254,3.500
2048,JJA,London,0.426,6.083
2049,JJA,London,0.161,3.250
2050,JJA,London,0.312,6.833
2051,JJA,London,0.187,3.917
2052,JJA,London,0.510,7.667
2053,JJA,London,0.253,5.917
2054,JJA,London,0.470,10.000
2055,JJA,London,0.389,7.000
2056,JJA,London,0.244,8.083
2057,JJA,London,0.495,10.833
2058,JJA,London,0.344,10.917
2059,JJA,London,0.245,5.333
2060,JJA,London,0.196,3.333
2061,JJA,London,0.380,4.917
2062,JJA,London,0.327,6.750
2063,JJA,London,0.389,8.083
2064,JJA,London,0.385,6.667
2065,JJA,London,0.277,4.667
2066,JJA,London,0.462,8.583
2067,JJA,London,0.365,6.167
2068,JJA,London,0.264,3.833
2069,JJA,London,0.412,5.333
2070,JJA,London,0.256,5.250
2071,JJA,London,0.314,5.667
2072,JJA,London,0.293,6.250
2073,JJA,London,0.322,5.917
2074,JJA,London,0.215,4.667
2075,JJA,London,0.222,6.167
2076,JJA,London,0.194,2.667
2077,JJA,London,0.270,6.583
2078,JJA,London,0.302,4.000
2079,JJA,London,0.385,6.917
2080,JJA,London,0.424,5.500
1981,JJA,North East England,0.654,14.386
1982,JJA,North East England,0.516,8.018
1983,JJA,North East England,0.682,11.930
1984,JJA,North East England,0.583,8.053
1985,JJA,North East England,0.616,8.491
1986,JJA,North East England,0.545,9.561
1987,JJA,North East England,0.618,9.632
1988,JJA,North East England,0.587,12.316
1989,JJA,North East England,0.644,11.246
1990,JJA,North East England,0.557,9.158
1991,JJA,North East England,0.643,13.860
1992,JJA,North East England,0.606,11.228
1993,JJA,North East England,0.306,4.263
1994,JJA,North East England,0.440,13.719
1995,JJA,North East England,0.458,7.193
1996,JJA,North East England,0.469,7.386
1997,JJA,North East England,0.539,8.263
1998,JJA,North East England,0.582,11.158
1999,JJA,North East England,0.575,15.316
2000,JJA,North East England,0.431,7.386
2001,JJA,North East England,0.610,13.246
2002,JJA,North East England,0.574,11.982
2003,JJA,North East England,0.433,9.404
2004,JJA,North East England,0.670,10.035
2005,JJA,North East England,0.572,9.982
2006,JJA,North East England,0.555,10.561
2007,JJA,North East England,0.507,8.281
2008,JJA,North East England,0.646,8.421
2009,JJA,North East England,0.637,11.754
2010,JJA,North East England,0.589,10.175
2011,JJA,North East England,0.576,8.982
2012,JJA,North East England,0.557,14.263
2013,JJA,North East England,0.498,8.702
2014,JJA,North East England,0.583,9.421
2015,JJA,North East England,0.570,8.930
2016,JJA,North East England,0.601,9.930
2017,JJA,North East England,0.530,10.070
2018,JJA,North East England,0.604,9.860
2019,JJA,North East England,0.511,8.105
2020,JJA,North East England,0.474,7.281
2021,JJA,North East England,0.495,7.982
2022,JJA,North East England,0.463,8.491
2023,JJA,North East England,0.381,7.088
2024,JJA,North East England,0.541,6.246
2025,JJA,North East England,0.506,9.211
2026,JJA,North East England,0.480,6.316
2027,JJA,North East England,0.476,7.895
2028,JJA,North East England,0.598,10.000
2029,JJA,North East England,0.662,13.070
2030,JJA,North East England,0.632,10.035
2031,JJA,North East England,0.543,7.526
2032,JJA,North East England,0.545,9.526
2033,JJA,North East England,0.525,10.246
2034,JJA,North East England,0.560,8.877
2035,JJA,North East England,0.482,8.702
2036,JJA,North East England,0.477,8.158
2037,JJA,North East England,0.567,9.825
2038,JJA,North East England,0.553,9.018
2039,JJA,North East England,0.507,8.965
2040,JJA,North East England,0.592,8.368
2041,JJA,North East England,0.449,6.053
2042,JJA,North East England,0.565,9.386
2043,JJA,North East England,0.552,9.421
2044,JJA,North East England,0.581,11.561
2045,JJA,North East England,0.394,4.895
2046,JJA,North East England,0.548,10.140
2047,JJA,North East England,0.522,8.193
2048,JJA,North East England,0.639,13.351
2049,JJA,North East England,0.284,4.684
2050,JJA,North East England,0.527,9.439
2051,JJA,North East England,0.379,5.193
2052,JJA,North East England,0.580,10.211
2053,JJA,North East England,0.387,7.526
2054,JJA,North East England,0.580,13.544
2055,JJA,North East England,0.599,12.877
2056,JJA,North East England,0.497,8.000
2057,JJA,North East England,0.605,9.509
2058,JJA,North East England,0.434,9.474
2059,JJA,North East England,0.359,6.333
2060,JJA,North East England,0.366,7.123
2061,JJA,North East England,0.424,6.596
2062,JJA,North East England,0.650,9.719
2063,JJA,North East England,0.570,9.088
2064,JJA,North East England,0.663,10.930
2065,JJA,North East England,0.458,9.088
2066,JJA,North East England,0.581,10.105
2067,JJA,North East England,0.551,8.860
2068,JJA,North East England,0.449,8.561
2069,JJA,North East England,0.608,10.018
2070,JJA,North East England,0.454,5.544
2071,JJA,North East England,0.568,6.772
2072,JJA,North East England,0.441,7.754
2073,JJA,North East England,0.466,9.702
2074,JJA,North East England,0.283,3.596
2075,JJA,North East England,0.406,8.667
2076,JJA,North East England,0.477,7.439
2077,JJA,North East England,0.403,7.526
2078,JJA,North East England,0.481,6.561
2079,JJA,North East England,0.559,11.526
2080,JJA,North East England,0.484,8.000
1981,JJA,North Scotland,0.765,19.262
1982,JJA,North Scotland,0.683,17.182
1983,JJA,North Scotland,0.793,20.364
1984,JJA,North Scotland,0.789,21.000
1985,JJA,North Scotland,0.702,18.411
1986,JJA,North Scotland,0.658,16.168
1987,JJA,North Scotland,0.718,18.266
1988,JJA,North Scotland,0.797,23.397
1989,JJA,North Scotland,0.765,18.561
1990,JJA,North Scotland,0.599,9.864
1991,JJA,North Scotland,0.764,19.364
1992,JJA,North Scotland,0.698,20.822
1993,JJA,North Scotland,0.577,9.720
1994,JJA,North Scotland,0.575,13.715
1995,JJA,North Scotland,0.615,14.201
1996,JJA,North Scotland,0.619,12.486
1997,JJA,North Scotland,0.607,12.023
1998,JJA,North Scotland,0.689,14.397
1999,JJA,North Scotland,0.662,15.220
2000,JJA,North Scotland,0.650,12.243
2001,JJA,North Scotland,0.690,15.453
2002,JJA,North Scotland,0.656,15.341
2003,JJA,North Scotland,0.644,10.327
2004,JJA,North Scotland,0.759,18.640
2005,JJA,North Scotland,0.766,15.949
2006,JJA,North Scotland,0.684,13.715
2007,JJA,North Scotland,0.767,17.121
2008,JJA,North Scotland,0.763,23.028
2009,JJA,North Scotland,0.713,20.458
2010,JJA,North Scotland,0.779,16.603
2011,JJA,North Scotland,0.685,15.103
2012,JJA,North Scotland,0.817,18.888
2013,JJA,North Scotland,0.691,15.407
2014,JJA,North Scotland,0.608,17.107
2015,JJA,North Scotland,0.761,19.000
2016,JJA,North Scotland,0.818,23.570
2017,JJA,North Scotland,0.673,15.042
2018,JJA,North Scotland,0.738,17.014
2019,JJA,North Scotland,0.721,15.425
2020,JJA,North Scotland,0.648,15.224
2021,JJA,North Scotland,0.657,12.752
2022,JJA,North Scotland,0.591,18.005
2023,JJA,North Scotland,0.482,8.047
2024,JJA,North Scotland,0.783,16.089
2025,JJA,North Scotland,0.595,15.930
2026,JJA,North Scotland,0.718,16.907
2027,JJA,North Scotland,0.727,16.257
2028,JJA,North Scotland,0.700,17.173
2029,JJA,North Scotland,0.646,17.855
2030,JJA,North Scotland,0.749,17.841
2031,JJA,North Scotland,0.768,21.224
2032,JJA,North Scotland,0.716,16.495
2033,JJA,North Scotland,0.709,14.248
2034,JJA,North Scotland,0.723,18.131
2035,JJA,North Scotland,0.685,13.584
2036,JJA,North Scotland,0.609,13.579
2037,JJA,North Scotland,0.588,12.640
2038,JJA,North Scotland,0.649,17.425
2039,JJA,North Scotland,0.755,19.593
2040,JJA,North Scotland,0.762,21.444
2041,JJA,North Scotland,0.688,18.000
2042,JJA,North Scotland,0.782,19.224
2043,JJA,North Scotland,0.718,16.752
2044,JJA,North Scotland,0.780,30.477
2045,JJA,North Scotland,0.515,10.706
2046,JJA,North Scotland,0.739,17.192
2047,JJA,North Scotland,0.713,15.304
2048,JJA,North Scotland,0.803,26.463
2049,JJA,North Scotland,0.623,15.724
2050,JJA,North Scotland,0.708,19.925
2051,JJA,North Scotland,0.597,20.967
2052,JJA,North Scotland,0.685,18.435
2053,JJA,North Scotland,0.601,18.075
2054,JJA,North Scotland,0.802,16.907
2055,JJA,North Scotland,0.684,15.995
2056,JJA,North Scotland,0.792,19.864
2057,JJA,North Scotland,0.815,19.706
2058,JJA,North Scotland,0.546,11.850
2059,JJA,North Scotland,0.634,14.196
2060,JJA,North Scotland,0.577,11.981
2061,JJA,North Scotland,0.543,12.519
2062,JJA,North Scotland,0.750,17.206
2063,JJA,North Scotland,0.704,18.430
2064,JJA,North Scotland,0.775,18.710
2065,JJA,North Scotland,0.651,12.645
2066,JJA,North Scotland,0.650,12.808
2067,JJA,North Scotland,0.787,19.785
2068,JJA,North Scotland,0.655,13.897
2069,JJA,North Scotland,0.769,18.042
2070,JJA,North Scotland,0.745,19.659
2071,JJA,North Scotland,0.767,24.603
2072,JJA,North Scotland,0.626,11.014
2073,JJA,North Scotland,0.660,16.089
2074,JJA,North Scotland,0.549,10.164
2075,JJA,North Scotland,0.634,15.771
2076,JJA,North Scotland,0.722,17.056
2077,JJA,North Scotland,0.641,15.379
2078,JJA,North Scotland,0.686,12.065
2079,JJA,North Scotland,0.729,24.738
2080,JJA,North Scotland,0.726,19.991
1981,JJA,North West England,0.683,17.442
1982,JJA,North West England,0.537,8.389
1983,JJA,North West England,0.701,13.042
1984,JJA,North West England,0.610,9.463
1985,JJA,North West England,0.578,10.474
1986,JJA,North West England,0.565,11.400
1987,JJA,North West England,0.644,9.716
1988,JJA,North West England,0.673,17.337
1989,JJA,North West England,0.695,15.537
1990,JJA,North West England,0.453,8.621
1991,JJA,North West England,0.656,11.274
1992,JJA,North West England,0.675,16.253
1993,JJA,North West England,0.309,5.263
1994,JJA,North West England,0.370,7.526
1995,JJA,North West England,0.469,8.705
1996,JJA,North West England,0.457,8.484
1997,JJA,North West England,0.574,9.284
1998,JJA,North West England,0.619,10.874
1999,JJA,North West England,0.558,17.116
2000,JJA,North West England,0.434,7.411
2001,JJA,North West England,0.601,10.884
2002,JJA,North West England,0.601,14.516
2003,JJA,North West England,0.462,8.800
2004,JJA,North West England,0.674,14.632
2005,JJA,North West England,0.599,10.758
2006,JJA,North West England,0.564,11.179
2007,JJA,North West England,0.544,9.021
2008,JJA,North West England,0.641,9.611
2009,JJA,North West England,0.673,11.979
2010,JJA,North West England,0.638,10.979
2011,JJA,North West England,0.560,10.632
2012,JJA,North West England,0.586,16.842
2013,JJA,North West England,0.502,8.147
2014,JJA,North West England,0.572,12.179
2015,JJA,North West England,0.660,12.074
2016,JJA,North West England,0.639,15.705
2017,JJA,North West England,0.438,10.305
2018,JJA,North West England,0.609,12.063
2019,JJA,North West England,0.559,9.632
2020,JJA,North West England,0.474,9.200
2021,JJA,North West England,0.464,7.653
2022,JJA,North West England,0.488,12.621
2023,JJA,North West England,0.404,6.358
2024,JJA,North West England,0.559,7.368
2025,JJA,North West England,0.501,9.053
2026,JJA,North West England,0.535,8.516
2027,JJA,North West England,0.497,12.116
2028,JJA,North West England,0.613,10.526
2029,JJA,North West England,0.626,12.158
2030,JJA,North West England,0.630,10.295
2031,JJA,North West England,0.570,9.158
2032,JJA,North West England,0.561,11.663
2033,JJA,North West England,0.538,10.126
2034,JJA,North West England,0.618,10.579
2035,JJA,North West England,0.517,9.979
2036,JJA,North West England,0.432,8.537
2037,JJA,North West England,0.567,10.411
2038,JJA,North West England,0.545,11.516
2039,JJA,North West England,0.478,9.326
2040,JJA,North West England,0.602,8.926
2041,JJA,North West England,0.410,5.579
2042,JJA,North West England,0.645,12.505
2043,JJA,North West England,0.527,8.505
2044,JJA,North West England,0.555,9.979
2045,JJA,North West England,0.328,5.400
2046,JJA,North West England,0.516,10.905
2047,JJA,North West England,0.540,8.800
2048,JJA,North West England,0.694,14.211
2049,JJA,North West England,0.332,5.663
2050,JJA,North West England,0.572,9.432
2051,JJA,North West England,0.375,8.263
2052,JJA,North West England,0.596,10.789
2053,JJA,North West England,0.391,7.463
2054,JJA,North West England,0.659,16.442
2055,JJA,North West England,0.592,10.074
2056,JJA,North West England,0.559,10.568
2057,JJA,North West England,0.632,10.453
2058,JJA,North West England,0.395,7.926
2059,JJA,North West England,0.377,7.463
2060,JJA,North West England,0.359,7.926
2061,JJA,North West England,0.375,7.463
2062,JJA,North West England,0.614,9.684
2063,JJA,North West England,0.571,10.842
2064,JJA,North West England,0.682,9.811
2065,JJA,North West England,0.537,10.474
2066,JJA,North West England,0.537,8.295
2067,JJA,North West England,0.620,11.800
2068,JJA,North West England,0.485,15.242
2069,JJA,North West England,0.579,9.221
2070,JJA,North West England,0.464,8.779
2071,JJA,North West England,0.614,9.368
2072,JJA,North West England,0.480,9.495
2073,JJA,North West England,0.416,6.505
2074,JJA,North West England,0.281,4.105
2075,JJA,North West England,0.423,11.442
2076,JJA,North West England,0.462,8.495
2077,JJA,North West England,0.384,9.063
2078,JJA,North West England,0.508,9.389
2079,JJA,North West England,0.567,13.779
2080,JJA,North West England,0.483,11.411
1981,JJA,South East England,0.501,6.570
1982,JJA,South East England,0.313,4.050
1983,JJA,South East England,0.565,10.446
1984,JJA,South East England,0.408,6.198
1985,JJA,South East England,0.433,6.281
1986,JJA,South East England,0.332,6.050
1987,JJA,South East England,0.502,10.099
1988,JJA,South East England,0.452,8.331
1989,JJA,South East England,0.494,7.983
1990,JJA,South East England,0.409,12.926
1991,JJA,South East England,0.419,7.107
1992,JJA,South East England,0.494,7.926
1993,JJA,South East England,0.177,3.711
1994,JJA,South East England,0.343,7.661
1995,JJA,South East England,0.328,6.190
1996,JJA,South East England,0.311,6.132
1997,JJA,South East England,0.504,7.868
1998,JJA,South East England,0.513,7.430
1999,JJA,South East England,0.385,4.843
2000,JJA,South East England,0.304,5.207
2001,JJA,South East England,0.438,8.256
2002,JJA,South East England,0.523,10.669
2003,JJA,South East England,0.320,6.843
2004,JJA,South East England,0.477,7.347
2005,JJA,South East England,0.374,5.826
2006,JJA,South East England,0.421,7.785
2007,JJA,South East England,0.251,5.074
2008,JJA,South East England,0.458,8.281
2009,JJA,South East England,0.549,7.264
2010,JJA,South East England,0.412,5.785
2011,JJA,South East England,0.304,5.331
2012,JJA,South East England,0.252,7.207
2013,JJA,South East England,0.326,6.678
2014,JJA,South East England,0.458,9.421
2015,JJA,South East England,0.509,11.256
2016,JJA,South East England,0.355,6.612
2017,JJA,South East England,0.267,4.421
2018,JJA,South East England,0.424,4.876
2019,JJA,South East England,0.397,6.165
2020,JJA,South East England,0.329,4.562
2021,JJA,South East England,0.417,9.281
2022,JJA,South East England,0.413,8.744
2023,JJA,South East England,0.324,6.661
2024,JJA,South East England,0.326,4.504
2025,JJA,South East England,0.371,6.802
2026,JJA,South East England,0.253,3.835
2027,JJA,South East England,0.307,7.017
2028,JJA,South East England,0.365,7.463
2029,JJA,South East England,0.433,6.686
2030,JJA,South East England,0.449,7.430
2031,JJA,South East England,0.315,4.215
2032,JJA,South East England,0.371,6.860
2033,JJA,South East England,0.399,6.620
2034,JJA,South East England,0.366,4.537
2035,JJA,South East England,0.353,6.463
2036,JJA,South East England,0.302,4.876
2037,JJA,South East England,0.391,7.851
2038,JJA,South East England,0.481,8.620
2039,JJA,South East England,0.271,6.455
2040,JJA,South East England,0.382,5.355
2041,JJA,South East England,0.199,3.752
2042,JJA,South East England,0.371,6.736
2043,JJA,South East England,0.271,4.769
2044,JJA,South East England,0.273,6.612
2045,JJA,South East England,0.250,3.298
2046,JJA,South East England,0.356,7.000
2047,JJA,South East England,0.244,3.769
2048,JJA,South East England,0.417,6.355
2049,JJA,South East England,0.167,3.702
2050,JJA,South East England,0.312,6.744
2051,JJA,South East England,0.196,4.372
2052,JJA,South East England,0.515,7.306
2053,JJA,South East England,0.249,5.380
2054,JJA,South East England,0.474,9.868
2055,JJA,South East England,0.420,6.926
2056,JJA,South East England,0.254,4.744
2057,JJA,South East England,0.460,7.165
2058,JJA,South East England,0.314,11.950
2059,JJA,South East England,0.232,4.496
2060,JJA,South East England,0.184,3.645
2061,JJA,South East England,0.335,4.554
2062,JJA,South East England,0.346,6.727
2063,JJA,South East England,0.401,6.992
2064,JJA,South East England,0.404,5.992
2065,JJA,South East England,0.271,4.562
2066,JJA,South East England,0.448,7.909
2067,JJA,South East England,0.356,6.132
2068,JJA,South East England,0.258,4.554
2069,JJA,South East England,0.365,5.207
2070,JJA,South East England,0.210,3.413
2071,JJA,South East England,0.314,5.752
2072,JJA,South East England,0.301,5.636
2073,JJA,South East England,0.296,6.240
2074,JJA,South East England,0.225,4.248
2075,JJA,South East England,0.220,5.884
2076,JJA,South East England,0.191,3.074
2077,JJA,South East England,0.275,6.066
2078,JJA,South East England,0.261,5.017
2079,JJA,South East England,0.397,8.140
2080,JJA,South East England,0.396,5.587
1981,JJA,South West England,0.529,6.638
1982,JJA,South West England,0.328,4.950
1983,JJA,South West England,0.637,11.162
1984,JJA,South West England,0.501,9.919
1985,JJA,South West England,0.524,8.725
1986,JJA,South West England,0.369,8.281
1987,JJA,South West England,0.528,10.188
1988,JJA,South West England,0.518,10.444
1989,JJA,South West England,0.557,8.581
1990,JJA,South West England,0.388,11.838
1991,JJA,South West England,0.517,8.269
1992,JJA,South West England,0.527,9.081
1993,JJA,South West England,0.276,4.375
1994,JJA,South West England,0.346,7.644
1995,JJA,South West England,0.400,8.988
1996,JJA,South West England,0.327,4.650
1997,JJA,South West England,0.508,7.938
1998,JJA,South West England,0.526,10.506
1999,JJA,South West England,0.381,5.806
2000,JJA,South West England,0.356,5.750
2001,JJA,South West England,0.485,7.612
2002,JJA,South West England,0.525,10.787
2003,JJA,South West England,0.372,11.219
2004,JJA,South West England,0.578,10.956
2005,JJA,South West England,0.462,7.381
2006,JJA,South West England,0.406,7.050
2007,JJA,South West England,0.269,5.312
2008,JJA,South West England,0.558,9.494
2009,JJA,South West England,0.617,9.331
2010,JJA,South West England,0.454,7.138
2011,JJA,South West England,0.382,5.894
2012,JJA,South West England,0.330,9.650
2013,JJA,South West England,0.356,6.194
2014,JJA,South West England,0.517,7.775
2015,JJA,South West England,0.607,15.856
2016,JJA,South West England,0.376,8.662
2017,JJA,South West England,0.271,5.213
2018,JJA,South West England,0.553,7.194
2019,JJA,South West England,0.402,6.700
2020,JJA,South West England,0.372,6.369
2021,JJA,South West England,0.441,10.300
2022,JJA,South West England,0.418,9.125
2023,JJA,South West England,0.348,6.481
2024,JJA,South West England,0.395,6.388
2025,JJA,South West England,0.397,7.900
2026,JJA,South West England,0.335,7.119
2027,JJA,South West England,0.352,7.325
2028,JJA,South West England,0.418,5.750
2029,JJA,South West England,0.494,7.487
2030,JJA,South West England,0.470,7.075
2031,JJA,South West England,0.335,4.125
2032,JJA,South West England,0.397,7.763
2033,JJA,South West England,0.443,7.713
2034,JJA,South West England,0.468,5.969
2035,JJA,South West England,0.397,7.513
2036,JJA,South West England,0.331,5.900
2037,JJA,South West England,0.421,8.569
2038,JJA,South West England,0.507,7.794
2039,JJA,South West England,0.276,6.612
2040,JJA,South West England,0.473,6.681
2041,JJA,South West England,0.221,3.694
2042,JJA,South West England,0.459,7.494
2043,JJA,South West England,0.238,4.181
2044,JJA,South West England,0.352,7.331
2045,JJA,South West England,0.297,3.987
2046,JJA,South West England,0.328,8.025
2047,JJA,South West England,0.334,4.631
2048,JJA,South West England,0.498,8.838
2049,JJA,South West England,0.196,4.062
2050,JJA,South West England,0.418,7.306
2051,JJA,South West England,0.249,7.544
2052,JJA,South West England,0.513,8.988
2053,JJA,South West England,0.295,6.138
2054,JJA,South West England,0.530,12.381
2055,JJA,South West England,0.459,6.138
2056,JJA,South West England,0.272,3.562
2057,JJA,South West England,0.462,5.787
2058,JJA,South West England,0.338,8.012
2059,JJA,South West England,0.249,4.450
2060,JJA,South West England,0.216,5.394
2061,JJA,South West England,0.323,6.013
2062,JJA,South West England,0.357,7.019
2063,JJA,South West England,0.450,6.831
2064,JJA,South West England,0.472,7.394
2065,JJA,South West England,0.306,5.144
2066,JJA,South West England,0.463,7.394
2067,JJA,South West England,0.405,6.725
2068,JJA,South West England,0.268,7.269
2069,JJA,South West England,0.373,6.050
2070,JJA,South West England,0.187,3.163
2071,JJA,South West England,0.397,6.706
2072,JJA,South West England,0.342,6.756
2073,JJA,South West England,0.298,6.956
2074,JJA,South West England,0.267,4.138
2075,JJA,South West England,0.236,6.044
2076,JJA,South West England,0.254,3.737
2077,JJA,South West England,0.257,5.731
2078,JJA,South West England,0.285,4.675
2079,JJA,South West England,0.408,7.513
2080,JJA,South West England,0.394,6.688
1981,JJA,West Midlands,0.583,8.942
1982,JJA,West Midlands,0.393,5.302
1983,JJA,West Midlands,0.575,10.453
1984,JJA,West Midlands,0.451,10.477
1985,JJA,West Midlands,0.536,6.988
1986,JJA,West Midlands,0.426,8.512
1987,JJA,West Midlands,0.558,8.593
1988,JJA,West Midlands,0.505,8.686
1989,JJA,West Midlands,0.545,9.105
1990,JJA,West Midlands,0.449,10.221
1991,JJA,West Midlands,0.521,8.128
1992,JJA,West Midlands,0.538,9.605
1993,JJA,West Midlands,0.266,3.988
1994,JJA,West Midlands,0.366,7.256
1995,JJA,West Midlands,0.406,8.698
1996,JJA,West Midlands,0.382,5.163
1997,JJA,West Midlands,0.559,9.826
1998,JJA,West Midlands,0.534,8.651
1999,JJA,West Midlands,0.405,5.988
2000,JJA,West Midlands,0.396,6.465
2001,JJA,West Midlands,0.513,8.430
2002,JJA,West Midlands,0.518,8.791
2003,JJA,West Midlands,0.380,7.488
2004,JJA,West Midlands,0.574,9.814
2005,JJA,West Midlands,0.440,5.279
2006,JJA,West Midlands,0.456,6.558
2007,JJA,West Midlands,0.304,4.605
2008,JJA,West Midlands,0.544,7.674
2009,JJA,West Midlands,0.615,8.919
2010,JJA,West Midlands,0.532,7.558
2011,JJA,West Midlands,0.400,7.570
2012,JJA,West Midlands,0.355,8.547
2013,JJA,West Midlands,0.361,5.895
2014,JJA,West Midlands,0.527,10.186
2015,JJA,West Midlands,0.574,12.035
2016,JJA,West Midlands,0.407,7.419
2017,JJA,West Midlands,0.331,5.372
2018,JJA,West Midlands,0.561,8.291
2019,JJA,West Midlands,0.423,5.953
2020,JJA,West Midlands,0.417,7.779
2021,JJA,West Midlands,0.440,8.953
2022,JJA,West Midlands,0.411,5.953
2023,JJA,West Midlands,0.376,6.570
2024,JJA,West Midlands,0.389,4.942
2025,JJA,West Midlands,0.401,5.012
2026,JJA,West Midlands,0.362,7.930
2027,JJA,West Midlands,0.338,7.372
2028,JJA,West Midlands,0.479,7.291
2029,JJA,West Midlands,0.528,9.814
2030,JJA,West Midlands,0.490,6.430
2031,JJA,West Midlands,0.384,4.744
2032,JJA,West Midlands,0.421,7.860
2033,JJA,West Midlands,0.401,6.663
2034,JJA,West Midlands,0.445,6.279
2035,JJA,West Midlands,0.420,8.326
2036,JJA,West Midlands,0.353,6.174
2037,JJA,West Midlands,0.479,7.814
2038,JJA,West Midlands,0.523,10.698
2039,JJA,West Midlands,0.318,6.814
2040,JJA,West Midlands,0.450,5.779
2041,JJA,West Midlands,0.245,3.651
2042,JJA,West Midlands,0.464,7.128
2043,JJA,West Midlands,0.340,5.081
2044,JJA,West Midlands,0.344,5.872
2045,JJA,West Midlands,0.265,3.767
2046,JJA,West Midlands,0.343,6.570
2047,JJA,West Midlands,0.366,5.047
2048,JJA,West Midlands,0.506,7.942
2049,JJA,West Midlands,0.244,4.500
2050,JJA,West Midlands,0.383,5.128
2051,JJA,West Midlands,0.257,5.791
2052,JJA,West Midlands,0.538,7.547
2053,JJA,West Midlands,0.297,5.779
2054,JJA,West Midlands,0.541,16.837
2055,JJA,West Midlands,0.518,7.733
2056,JJA,West Midlands,0.319,5.174
2057,JJA,West Midlands,0.475,4.756
2058,JJA,West Midlands,0.355,8.395
2059,JJA,West Midlands,0.240,4.023
2060,JJA,West Midlands,0.210,5.860
2061,JJA,West Midlands,0.318,5.837
2062,JJA,West Midlands,0.417,7.593
2063,JJA,West Midlands,0.459,7.500
2064,JJA,West Midlands,0.505,8.279
2065,JJA,West Midlands,0.315,5.919
2066,JJA,West Midlands,0.504,6.895
2067,JJA,West Midlands,0.451,7.721
2068,JJA,West Midlands,0.333,7.302
2069,JJA,West Midlands,0.387,4.930
2070,JJA,West Midlands,0.208,2.860
2071,JJA,West Midlands,0.433,8.023
2072,JJA,West Midlands,0.381,6.965
2073,JJA,West Midlands,0.325,5.779
2074,JJA,West Midlands,0.241,4.047
2075,JJA,West Midlands,0.271,6.407
2076,JJA,West Midlands,0.291,3.767
2077,JJA,West Midlands,0.292,5.930
2078,JJA,West Midlands,0.368,6.012
2079,JJA,West Midlands,0.452,6.372
2080,JJA,West Midlands,0.456,8.953
1981,JJA,West Scotland,0.701,20.371
1982,JJA,West Scotland,0.656,15.689
1983,JJA,West Scotland,0.753,16.795
1984,JJA,West Scotland,0.741,15.341
1985,JJA,West Scotland,0.640,15.417
1986,JJA,West Scotland,0.622,14.697
1987,JJA,West Scotland,0.644,13.735
1988,JJA,West Scotland,0.783,24.015
1989,JJA,West Scotland,0.737,13.970
1990,JJA,West Scotland,0.459,8.561
1991,JJA,West Scotland,0.758,14.273
1992,JJA,West Scotland,0.703,18.477
1993,JJA,West Scotland,0.462,8.864
1994,JJA,West Scotland,0.448,7.561
1995,JJA,West Scotland,0.549,11.182
1996,JJA,West Scotland,0.524,9.432
1997,JJA,West Scotland,0.635,12.008
1998,JJA,West Scotland,0.632,12.674
1999,JJA,West Scotland,0.571,16.083
2000,JJA,West Scotland,0.556,9.720
2001,JJA,West Scotland,0.612,11.083
2002,JJA,West Scotland,0.610,14.280
2003,JJA,West Scotland,0.560,6.856
2004,JJA,West Scotland,0.762,18.265
2005,JJA,West Scotland,0.733,14.894
2006,JJA,West Scotland,0.619,11.864
2007,JJA,West Scotland,0.710,13.864
2008,JJA,West Scotland,0.746,17.705
2009,JJA,West Scotland,0.705,16.909
2010,JJA,West Scotland,0.692,12.030
2011,JJA,West Scotland,0.603,12.242
2012,JJA,West Scotland,0.772,20.212
2013,JJA,West Scotland,0.597,10.894
2014,JJA,West Scotland,0.533,13.371
2015,JJA,West Scotland,0.722,14.598
2016,JJA,West Scotland,0.688,15.348
2017,JJA,West Scotland,0.591,15.417
2018,JJA,West Scotland,0.726,16.053
2019,JJA,West Scotland,0.654,11.712
2020,JJA,West Scotland,0.545,17.227
2021,JJA,West Scotland,0.528,9.773
2022,JJA,West Scotland,0.503,14.500
2023,JJA,West Scotland,0.479,7.129
2024,JJA,West Scotland,0.698,14.212
2025,JJA,West Scotland,0.563,12.879
2026,JJA,West Scotland,0.644,13.818
2027,JJA,West Scotland,0.675,16.424
2028,JJA,West Scotland,0.671,15.409
2029,JJA,West Scotland,0.680,18.750
2030,JJA,West Scotland,0.734,13.606
2031,JJA,West Scotland,0.710,16.689
2032,JJA,West Scotland,0.658,13.038
2033,JJA,West Scotland,0.636,11.485
2034,JJA,West Scotland,0.698,15.970
2035,JJA,West Scotland,0.622,11.038
2036,JJA,West Scotland,0.482,8.447
2037,JJA,West Scotland,0.518,9.705
2038,JJA,West Scotland,0.609,16.189
2039,JJA,West Scotland,0.660,16.712
2040,JJA,West Scotland,0.736,22.250
2041,JJA,West Scotland,0.541,10.311
2042,JJA,West Scotland,0.753,19.098
2043,JJA,West Scotland,0.642,13.303
2044,JJA,West Scotland,0.766,17.144
2045,JJA,West Scotland,0.435,7.932
2046,JJA,West Scotland,0.648,15.462
2047,JJA,West Scotland,0.660,14.030
2048,JJA,West Scotland,0.758,19.750
2049,JJA,West Scotland,0.448,9.159
2050,JJA,West Scotland,0.684,16.015
2051,JJA,West Scotland,0.517,18.439
2052,JJA,West Scotland,0.620,15.288
2053,JJA,West Scotland,0.526,15.492
2054,JJA,West Scotland,0.758,15.553
2055,JJA,West Scotland,0.623,12.098
2056,JJA,West Scotland,0.740,21.129
2057,JJA,West Scotland,0.729,13.356
2058,JJA,West Scotland,0.493,9.720
2059,JJA,West Scotland,0.468,9.167
2060,JJA,West Scotland,0.493,11.735
2061,JJA,West Scotland,0.451,11.053
2062,JJA,West Scotland,0.671,13.348
2063,JJA,West Scotland,0.628,13.561
2064,JJA,West Scotland,0.781,15.917
2065,JJA,West Scotland,0.629,13.076
2066,JJA,West Scotland,0.565,8.023
2067,JJA,West Scotland,0.745,15.803
2068,JJA,West Scotland,0.591,14.720
2069,JJA,West Scotland,0.704,15.652
2070,JJA,West Scotland,0.639,16.333
2071,JJA,West Scotland,0.718,20.644
2072,JJA,West Scotland,0.530,9.780
2073,JJA,West Scotland,0.527,9.265
2074,JJA,West Scotland,0.365,6.402
2075,JJA,West Scotland,0.556,18.826
2076,JJA,West Scotland,0.667,16.212
2077,JJA,West Scotland,0.514,11.348
2078,JJA,West Scotland,0.630,11.545
2079,JJA,West Scotland,0.645,17.705
2080,JJA,West Scotland,0.567,15.932
1981,JJA,Yorkshire and Humber,0.607,11.129
1982,JJA,Yorkshire and Humber,0.439,7.267
1983,JJA,Yorkshire and Humber,0.620,9.079
1984,JJA,Yorkshire and Humber,0.512,7.158
1985,JJA,Yorkshire and Humber,0.517,7.683
1986,JJA,Yorkshire and Humber,0.509,7.891
1987,JJA,Yorkshire and Humber,0.576,8.653
1988,JJA,Yorkshire and Humber,0.548,8.515
1989,JJA,Yorkshire and Humber,0.618,13.277
1990,JJA,Yorkshire and Humber,0.556,9.891
1991,JJA,Yorkshire and Humber,0.556,10.644
1992,JJA,Yorkshire and Humber,0.585,11.980
1993,JJA,Yorkshire and Humber,0.226,4.099
1994,JJA,Yorkshire and Humber,0.387,10.356
1995,JJA,Yorkshire and Humber,0.410,8.584
1996,JJA,Yorkshire and Humber,0.397,5.604
1997,JJA,Yorkshire and Humber,0.533,8.089
1998,JJA,Yorkshire and Humber,0.588,9.525
1999,JJA,Yorkshire and Humber,0.494,12.158
2000,JJA,Yorkshire and Humber,0.378,5.356
2001,JJA,Yorkshire and Humber,0.508,8.941
2002,JJA,Yorkshire and Humber,0.550,11.139
2003,JJA,Yorkshire and Humber,0.390,7.881
2004,JJA,Yorkshire and Humber,0.564,7.723
2005,JJA,Yorkshire and Humber,0.481,7.208
2006,JJA,Yorkshire and Humber,0.575,11.188
2007,JJA,Yorkshire and Humber,0.408,5.228
2008,JJA,Yorkshire and Humber,0.595,10.644
2009,JJA,Yorkshire and Humber,0.624,10.525
2010,JJA,Yorkshire and Humber,0.531,8.218
2011,JJA,Yorkshire and Humber,0.519,7.653
2012,JJA,Yorkshire and Humber,0.455,11.495
2013,JJA,Yorkshire and Humber,0.445,9.574
2014,JJA,Yorkshire and Humber,0.595,11.812
2015,JJA,Yorkshire and Humber,0.589,10.634
2016,JJA,Yorkshire and Humber,0.519,9.079
2017,JJA,Yorkshire and Humber,0.445,9.327
2018,JJA,Yorkshire and Humber,0.599,9.356
2019,JJA,Yorkshire and Humber,0.481,6.782
2020,JJA,Yorkshire and Humber,0.428,7.287
2021,JJA,Yorkshire and Humber,0.454,7.584
2022,JJA,Yorkshire and Humber,0.430,8.386
2023,JJA,Yorkshire and Humber,0.368,7.327
2024,JJA,Yorkshire and Humber,0.434,5.178
2025,JJA,Yorkshire and Humber,0.411,5.931
2026,JJA,Yorkshire and Humber,0.399,5.911
2027,JJA,Yorkshire and Humber,0.361,6.921
2028,JJA,Yorkshire and Humber,0.546,7.931
2029,JJA,Yorkshire and Humber,0.578,9.901
2030,JJA,Yorkshire and Humber,0.596,8.842
2031,JJA,Yorkshire and Humber,0.450,6.297
2032,JJA,Yorkshire and Humber,0.477,7.891
2033,JJA,Yorkshire and Humber,0.496,10.485
2034,JJA,Yorkshire and Humber,0.521,7.465
2035,JJA,Yorkshire and Humber,0.426,9.772
2036,JJA,Yorkshire and Humber,0.407,8.050
2037,JJA,Yorkshire and Humber,0.573,10.535
2038,JJA,Yorkshire and Humber,0.500,7.495
2039,JJA,Yorkshire and Humber,0.425,7.376
2040,JJA,Yorkshire and Humber,0.488,7.208
2041,JJA,Yorkshire and Humber,0.322,4.545
2042,JJA,Yorkshire and Humber,0.511,7.871
2043,JJA,Yorkshire and Humber,0.481,8.376
2044,JJA,Yorkshire and Humber,0.419,8.020
2045,JJA,Yorkshire and Humber,0.324,5.208
2046,JJA,Yorkshire and Humber,0.457,7.535
2047,JJA,Yorkshire and Humber,0.436,6.921
2048,JJA,Yorkshire and Humber,0.589,9.861
2049,JJA,Yorkshire and Humber,0.306,4.317
2050,JJA,Yorkshire and Humber,0.516,8.188
2051,JJA,Yorkshire and Humber,0.269,3.861
2052,JJA,Yorkshire and Humber,0.558,8.832
2053,JJA,Yorkshire and Humber,0.326,6.683
2054,JJA,Yorkshire and Humber,0.541,13.436
2055,JJA,Yorkshire and Humber,0.572,10.851
2056,JJA,Yorkshire and Humber,0.396,7.178
2057,JJA,Yorkshire and Humber,0.557,7.653
2058,JJA,Yorkshire and Humber,0.370,10.050
2059,JJA,Yorkshire and Humber,0.321,6.455
2060,JJA,Yorkshire and Humber,0.260,4.545
2061,JJA,Yorkshire and Humber,0.368,6.030
2062,JJA,Yorkshire and Humber,0.543,9.139
2063,JJA,Yorkshire and Humber,0.552,9.436
2064,JJA,Yorkshire and Humber,0.603,8.851
2065,JJA,Yorkshire and Humber,0.398,8.010
2066,JJA,Yorkshire and Humber,0.525,7.396
2067,JJA,Yorkshire and Humber,0.543,8.950
2068,JJA,Yorkshire and Humber,0.377,7.525
2069,JJA,Yorkshire and Humber,0.535,8.812
2070,JJA,Yorkshire and Humber,0.334,4.257
2071,JJA,Yorkshire and Humber,0.506,7.198
2072,JJA,Yorkshire and Humber,0.440,6.891
2073,JJA,Yorkshire and Humber,0.371,5.535
2074,JJA,Yorkshire and Humber,0.221,2.842
2075,JJA,Yorkshire and Humber,0.341,8.139
2076,JJA,Yorkshire and Humber,0.393,4.832
2077,JJA,Yorkshire and Humber,0.347,7.267
2078,JJA,Yorkshire and Humber,0.414,5.842
2079,JJA,Yorkshire and Humber,0.465,9.297
2080,JJA,Yorkshire and Humber,0.480,7.624
1981,JJA,Channel Islands,0.457,8.000
1982,JJA,Channel Islands,0.239,4.000
1983,JJA,Channel Islands,0.435,5.000
1984,JJA,Channel Islands,0.391,6.000
1985,JJA,Channel Islands,0.348,8.000
1986,JJA,Channel Islands,0.304,4.000
1987,JJA,Channel Islands,0.413,5.000
1988,JJA,Channel Islands,0.413,8.000
1989,JJA,Channel Islands,0.391,5.000
1990,JJA,Channel Islands,0.326,8.000
1991,JJA,Channel Islands,0.304,5.000
1992,JJA,Channel Islands,0.380,6.000
1993,JJA,Channel Islands,0.239,4.000
1994,JJA,Channel Islands,0.283,7.000
1995,JJA,Channel Islands,0.239,3.000
1996,JJA,Channel Islands,0.239,4.000
1997,JJA,Channel Islands,0.359,13.000
1998,JJA,Channel Islands,0.337,7.000
1999,JJA,Channel Islands,0.207,6.000
2000,JJA,Channel Islands,0.304,4.000
2001,JJA,Channel Islands,0.413,9.000
2002,JJA,Channel Islands,0.489,9.000
2003,JJA,Channel Islands,0.304,9.000
2004,JJA,Channel Islands,0.402,5.000
2005,JJA,Channel Islands,0.272,2.000
2006,JJA,Channel Islands,0.370,6.000
2007,JJA,Channel Islands,0.196,4.000
2008,JJA,Channel Islands,0.380,5.000
2009,JJA,Channel Islands,0.337,5.000
2010,JJA,Channel Islands,0.283,7.000
2011,JJA,Channel Islands,0.272,8.000
2012,JJA,Channel Islands,0.185,5.000
2013,JJA,Channel Islands,0.152,3.000
2014,JJA,Channel Islands,0.402,5.000
2015,JJA,Channel Islands,0.446,10.000
2016,JJA,Channel Islands,0.326,4.000
2017,JJA,Channel Islands,0.228,7.000
2018,JJA,Channel Islands,0.326,6.000
2019,JJA,Channel Islands,0.348,7.000
2020,JJA,Channel Islands,0.207,4.000
2021,JJA,Channel Islands,0.348,7.000
2022,JJA,Channel Islands,0.315,4.000
2023,JJA,Channel Islands,0.217,5.000
2024,JJA,Channel Islands,0.283,4.000
2025,JJA,Channel Islands,0.304,8.000
2026,JJA,Channel Islands,0.250,5.000
2027,JJA,Channel Islands,0.315,8.000
2028,JJA,Channel Islands,0.304,5.000
2029,JJA,Channel Islands,0.293,4.000
2030,JJA,Channel Islands,0.348,4.000
2031,JJA,Channel Islands,0.239,3.000
2032,JJA,Channel Islands,0.272,5.000
2033,JJA,Channel Islands,0.370,8.000
2034,JJA,Channel Islands,0.239,3.000
2035,JJA,Channel Islands,0.272,4.000
2036,JJA,Channel Islands,0.239,4.000
2037,JJA,Channel Islands,0.272,3.000
2038,JJA,Channel Islands,0.359,7.000
2039,JJA,Channel Islands,0.196,4.000
2040,JJA,Channel Islands,0.261,6.000
2041,JJA,Channel Islands,0.152,4.000
2042,JJA,Channel Islands,0.315,8.000
2043,JJA,Channel Islands,0.120,4.000
2044,JJA,Channel Islands,0.207,4.000
2045,JJA,Channel Islands,0.272,5.000
2046,JJA,Channel Islands,0.326,4.000
2047,JJA,Channel Islands,0.207,2.000
2048,JJA,Channel Islands,0.283,10.000
2049,JJA,Channel Islands,0.098,2.000
2050,JJA,Channel Islands,0.207,5.000
2051,JJA,Channel Islands,0.141,4.000
2052,JJA,Channel Islands,0.359,7.000
2053,JJA,Channel Islands,0.217,7.000
2054,JJA,Channel Islands,0.380,15.000
2055,JJA,Channel Islands,0.283,4.000
2056,JJA,Channel Islands,0.228,4.000
2057,JJA,Channel Islands,0.348,6.000
2058,JJA,Channel Islands,0.283,12.000
2059,JJA,Channel Islands,0.228,4.000
2060,JJA,Channel Islands,0.174,2.000
2061,JJA,Channel Islands,0.239,3.000
2062,JJA,Channel Islands,0.163,2.000
2063,JJA,Channel Islands,0.337,8.000
2064,JJA,Channel Islands,0.261,4.000
2065,JJA,Channel Islands,0.228,3.000
2066,JJA,Channel Islands,0.315,7.000
2067,JJA,Channel Islands,0.261,6.000
2068,JJA,Channel Islands,0.217,5.000
2069,JJA,Channel Islands,0.217,4.000
2070,JJA,Channel Islands,0.217,6.000
2071,JJA,Channel Islands,0.228,4.000
2072,JJA,Channel Islands,0.207,5.000
2073,JJA,Channel Islands,0.217,9.000
2074,JJA,Channel Islands,0.185,4.000
2075,JJA,Channel Islands,0.163,5.000
2076,JJA,Channel Islands,0.185,3.000
2077,JJA,Channel Islands,0.163,4.000
2078,JJA,Channel Islands,0.120,2.000
2079,JJA,Channel Islands,0.261,8.000
2080,JJA,Channel Islands,0.261,3.000
1981,JJA,Isle of Man,0.587,9.667
1982,JJA,Isle of Man,0.442,5.000
1983,JJA,Isle of Man,0.598,8.333
1984,JJA,Isle of Man,0.533,9.000
1985,JJA,Isle of Man,0.507,9.333
1986,JJA,Isle of Man,0.496,12.000
1987,JJA,Isle of Man,0.612,7.000
1988,JJA,Isle of Man,0.565,12.333
1989,JJA,Isle of Man,0.652,13.667
1990,JJA,Isle of Man,0.380,7.000
1991,JJA,Isle of Man,0.594,7.667
1992,JJA,Isle of Man,0.627,21.667
1993,JJA,Isle of Man,0.330,6.000
1994,JJA,Isle of Man,0.344,9.333
1995,JJA,Isle of Man,0.377,6.000
1996,JJA,Isle of Man,0.308,4.333
1997,JJA,Isle of Man,0.478,11.000
1998,JJA,Isle of Man,0.482,9.333
1999,JJA,Isle of Man,0.460,11.667
2000,JJA,Isle of Man,0.449,9.667
2001,JJA,Isle of Man,0.507,7.333
2002,JJA,Isle of Man,0.565,13.667
2003,JJA,Isle of Man,0.380,4.333
2004,JJA,Isle of Man,0.612,13.000
2005,JJA,Isle of Man,0.576,6.667
2006,JJA,Isle of Man,0.489,7.000
2007,JJA,Isle of Man,0.460,5.667
2008,JJA,Isle of Man,0.746,14.333
2009,JJA,Isle of Man,0.630,13.000
2010,JJA,Isle of Man,0.598,13.000
2011,JJA,Isle of Man,0.475,7.000
2012,JJA,Isle of Man,0.551,14.667
2013,JJA,Isle of Man,0.424,6.000
2014,JJA,Isle of Man,0.438,6.000
2015,JJA,Isle of Man,0.659,11.000
2016,JJA,Isle of Man,0.547,13.000
2017,JJA,Isle of Man,0.413,12.667
2018,JJA,Isle of Man,0.536,8.333
2019,JJA,Isle of Man,0.453,9.333
2020,JJA,Isle of Man,0.384,5.333
2021,JJA,Isle of Man,0.435,6.333
2022,JJA,Isle of Man,0.435,11.333
2023,JJA,Isle of Man,0.315,3.000
2024,JJA,Isle of Man,0.540,8.667
2025,JJA,Isle of Man,0.435,10.000
2026,JJA,Isle of Man,0.475,8.333
2027,JJA,Isle of Man,0.547,11.667
2028,JJA,Isle of Man,0.543,7.667
2029,JJA,Isle of Man,0.540,9.333
2030,JJA,Isle of Man,0.609,9.667
2031,JJA,Isle of Man,0.467,6.667
2032,JJA,Isle of Man,0.536,16.667
2033,JJA,Isle of Man,0.482,7.000
2034,JJA,Isle of Man,0.569,12.667
2035,JJA,Isle of Man,0.464,4.000
2036,JJA,Isle of Man,0.315,5.333
2037,JJA,Isle of Man,0.496,7.333
2038,JJA,Isle of Man,0.486,8.667
2039,JJA,Isle of Man,0.380,7.000
2040,JJA,Isle of Man,0.471,7.000
2041,JJA,Isle of Man,0.279,5.667
2042,JJA,Isle of Man,0.583,9.667
2043,JJA,Isle of Man,0.460,6.000
2044,JJA,Isle of Man,0.547,9.667
2045,JJA,Isle of Man,0.330,6.000
2046,JJA,Isle of Man,0.478,9.000
2047,JJA,Isle of Man,0.457,7.000
2048,JJA,Isle of Man,0.623,12.333
2049,JJA,Isle of Man,0.286,5.667
2050,JJA,Isle of Man,0.554,9.000
2051,JJA,Isle of Man,0.391,11.000
2052,JJA,Isle of Man,0.420,9.667
2053,JJA,Isle of Man,0.301,5.667
2054,JJA,Isle of Man,0.551,14.667
2055,JJA,Isle of Man,0.460,5.667
2056,JJA,Isle of Man,0.467,6.000
2057,JJA,Isle of Man,0.533,8.000
2058,JJA,Isle of Man,0.337,5.333
2059,JJA,Isle of Man,0.243,5.333
2060,JJA,Isle of Man,0.319,4.333
2061,JJA,Isle of Man,0.333,7.667
2062,JJA,Isle of Man,0.464,9.333
2063,JJA,Isle of Man,0.500,13.667
2064,JJA,Isle of Man,0.569,8.000
2065,JJA,Isle of Man,0.511,13.000
2066,JJA,Isle of Man,0.478,7.000
2067,JJA,Isle of Man,0.533,9.000
2068,JJA,Isle of Man,0.377,6.667
2069,JJA,Isle of Man,0.449,7.000
2070,JJA,Isle of Man,0.442,7.000
2071,JJA,Isle of Man,0.525,7.667
2072,JJA,Isle of Man,0.449,9.333
2073,JJA,Isle of Man,0.380,4.000
2074,JJA,Isle of Man,0.236,4.000
2075,JJA,Isle of Man,0.341,4.000
2076,JJA,Isle of Man,0.424,6.000
2077,JJA,Isle of Man,0.308,5.000
2078,JJA,Isle of Man,0.457,7.000
2079,JJA,Isle of Man,0.453,5.000
2080,JJA,Isle of Man,0.413,8.667
1981,JJA,Northern Ireland,0.716,17.989
1982,JJA,Northern Ireland,0.638,11.161
1983,JJA,Northern Ireland,0.777,17.402
1984,JJA,Northern Ireland,0.753,15.931
1985,JJA,Northern Ireland,0.660,14.023
1986,JJA,Northern Ireland,0.661,13.460
1987,JJA,Northern Ireland,0.697,11.931
1988,JJA,Northern Ireland,0.781,21.437
1989,JJA,Northern Ireland,0.759,17.391
1990,JJA,Northern Ireland,0.508,10.874
1991,JJA,Northern Ireland,0.737,15.138
1992,JJA,Northern Ireland,0.701,20.816
1993,JJA,Northern Ireland,0.493,7.161
1994,JJA,Northern Ireland,0.474,5.368
1995,JJA,Northern Ireland,0.518,7.954
1996,JJA,Northern Ireland,0.535,9.161
1997,JJA,Northern Ireland,0.632,12.609
1998,JJA,Northern Ireland,0.658,12.253
1999,JJA,Northern Ireland,0.590,16.828
2000,JJA,Northern Ireland,0.552,9.080
2001,JJA,Northern Ireland,0.613,10.207
2002,JJA,Northern Ireland,0.635,17.471
2003,JJA,Northern Ireland,0.566,7.299
2004,JJA,Northern Ireland,0.724,12.621
2005,JJA,Northern Ireland,0.726,14.149
2006,JJA,Northern Ireland,0.628,10.770
2007,JJA,Northern Ireland,0.643,11.195
2008,JJA,Northern Ireland,0.770,17.322
2009,JJA,Northern Ireland,0.688,12.161
2010,JJA,Northern Ireland,0.730,13.276
2011,JJA,Northern Ireland,0.627,12.874
2012,JJA,Northern Ireland,0.751,16.851
2013,JJA,Northern Ireland,0.577,9.897
2014,JJA,Northern Ireland,0.584,11.448
2015,JJA,Northern Ireland,0.752,15.724
2016,JJA,Northern Ireland,0.680,12.747
2017,JJA,Northern Ireland,0.568,14.494
2018,JJA,Northern Ireland,0.761,19.207
2019,JJA,Northern Ireland,0.697,11.402
2020,JJA,Northern Ireland,0.531,17.276
2021,JJA,Northern Ireland,0.562,12.931
2022,JJA,Northern Ireland,0.504,12.138
2023,JJA,Northern Ireland,0.466,7.448
2024,JJA,Northern Ireland,0.707,12.805
2025,JJA,Northern Ireland,0.580,9.345
2026,JJA,Northern Ireland,0.614,9.793
2027,JJA,Northern Ireland,0.697,17.701
2028,JJA,Northern Ireland,0.672,15.793
2029,JJA,Northern Ireland,0.695,18.161
2030,JJA,Northern Ireland,0.768,14.218
2031,JJA,Northern Ireland,0.690,12.483
2032,JJA,Northern Ireland,0.688,17.862
2033,JJA,Northern Ireland,0.608,10.460
2034,JJA,Northern Ireland,0.681,17.885
2035,JJA,Northern Ireland,0.646,9.356
2036,JJA,Northern Ireland,0.460,8.069
2037,JJA,Northern Ireland,0.559,12.310
2038,JJA,Northern Ireland,0.605,14.885
2039,JJA,Northern Ireland,0.624,10.747
2040,JJA,Northern Ireland,0.718,20.092
2041,JJA,Northern Ireland,0.520,7.287
2042,JJA,Northern Ireland,0.750,16.218
2043,JJA,Northern Ireland,0.646,12.103
2044,JJA,Northern Ireland,0.718,16.425
2045,JJA,Northern Ireland,0.447,7.356
2046,JJA,Northern Ireland,0.634,11.885
2047,JJA,Northern Ireland,0.595,11.506
2048,JJA,Northern Ireland,0.758,21.782
2049,JJA,Northern Ireland,0.429,7.103
2050,JJA,Northern Ireland,0.689,16.034
2051,JJA,Northern Ireland,0.491,12.494
2052,JJA,Northern Ireland,0.660,16.253
2053,JJA,Northern Ireland,0.450,8.678
2054,JJA,Northern Ireland,0.753,17.517
2055,JJA,Northern Ireland,0.602,9.977
2056,JJA,Northern Ireland,0.668,19.057
2057,JJA,Northern Ireland,0.729,11.345
2058,JJA,Northern Ireland,0.479,10.621
2059,JJA,Northern Ireland,0.433,7.241
2060,JJA,Northern Ireland,0.476,10.494
2061,JJA,Northern Ireland,0.420,10.494
2062,JJA,Northern Ireland,0.645,14.080
2063,JJA,Northern Ireland,0.639,14.655
2064,JJA,Northern Ireland,0.782,20.115
2065,JJA,Northern Ireland,0.606,12.402
2066,JJA,Northern Ireland,0.612,9.563
2067,JJA,Northern Ireland,0.691,17.862
2068,JJA,Northern Ireland,0.552,13.989
2069,JJA,Northern Ireland,0.708,13.402
2070,JJA,Northern Ireland,0.609,11.494
2071,JJA,Northern Ireland,0.702,15.103
2072,JJA,Northern Ireland,0.512,9.391
2073,JJA,Northern Ireland,0.501,7.908
2074,JJA,Northern Ireland,0.393,6.080
2075,JJA,Northern Ireland,0.469,14.115
2076,JJA,Northern Ireland,0.639,13.379
2077,JJA,Northern Ireland,0.536,9.575
2078,JJA,Northern Ireland,0.601,9.322
2079,JJA,Northern Ireland,0.702,13.874
2080,JJA,Northern Ireland,0.650,13.517
1981,JJA,Wales,0.671,14.252
1982,JJA,Wales,0.472,7.460
1983,JJA,Wales,0.684,11.475
1984,JJA,Wales,0.601,13.201
1985,JJA,Wales,0.596,10.086
1986,JJA,Wales,0.515,10.331
1987,JJA,Wales,0.630,10.237
1988,JJA,Wales,0.646,16.856
1989,JJA,Wales,0.636,11.201
1990,JJA,Wales,0.463,11.842
1991,JJA,Wales,0.634,11.388
1992,JJA,Wales,0.624,11.216
1993,JJA,Wales,0.344,5.173
1994,JJA,Wales,0.397,8.540
1995,JJA,Wales,0.446,8.101
1996,JJA,Wales,0.450,6.568
1997,JJA,Wales,0.569,9.698
1998,JJA,Wales,0.596,9.705
1999,JJA,Wales,0.484,11.978
2000,JJA,Wales,0.467,9.108
2001,JJA,Wales,0.579,10.331
2002,JJA,Wales,0.576,12.662
2003,JJA,Wales,0.449,10.496
2004,JJA,Wales,0.669,15.237
2005,JJA,Wales,0.579,9.417
2006,JJA,Wales,0.556,9.324
2007,JJA,Wales,0.434,6.964
2008,JJA,Wales,0.636,8.647
2009,JJA,Wales,0.681,13.540
2010,JJA,Wales,0.615,9.835
2011,JJA,Wales,0.491,9.050
2012,JJA,Wales,0.520,14.698
2013,JJA,Wales,0.476,7.899
2014,JJA,Wales,0.550,9.460
2015,JJA,Wales,0.684,12.273
2016,JJA,Wales,0.553,13.906
2017,JJA,Wales,0.394,11.072
2018,JJA,Wales,0.610,9.885
2019,JJA,Wales,0.531,7.489
2020,JJA,Wales,0.447,7.036
2021,JJA,Wales,0.495,10.338
2022,JJA,Wales,0.516,9.878
2023,JJA,Wales,0.397,7.496
2024,JJA,Wales,0.508,6.403
2025,JJA,Wales,0.437,7.647
2026,JJA,Wales,0.469,8.619
2027,JJA,Wales,0.452,10.050
2028,JJA,Wales,0.570,9.626
2029,JJA,Wales,0.604,10.158
2030,JJA,Wales,0.613,9.525
2031,JJA,Wales,0.497,7.899
2032,JJA,Wales,0.514,10.906
2033,JJA,Wales,0.514,10.058
2034,JJA,Wales,0.555,7.777
2035,JJA,Wales,0.477,7.978
2036,JJA,Wales,0.424,6.978
2037,JJA,Wales,0.549,10.173
2038,JJA,Wales,0.579,9.986
2039,JJA,Wales,0.391,8.856
2040,JJA,Wales,0.589,9.712
2041,JJA,Wales,0.336,4.906
2042,JJA,Wales,0.584,10.295
2043,JJA,Wales,0.404,6.511
2044,JJA,Wales,0.463,7.820
2045,JJA,Wales,0.336,4.928
2046,JJA,Wales,0.409,11.266
2047,JJA,Wales,0.480,7.424
2048,JJA,Wales,0.628,12.899
2049,JJA,Wales,0.328,5.245
2050,JJA,Wales,0.497,7.453
2051,JJA,Wales,0.360,10.842
2052,JJA,Wales,0.585,11.424
2053,JJA,Wales,0.370,6.396
2054,JJA,Wales,0.638,18.554
2055,JJA,Wales,0.584,9.209
2056,JJA,Wales,0.424,7.014
2057,JJA,Wales,0.582,8.014
2058,JJA,Wales,0.402,9.626
2059,JJA,Wales,0.337,6.950
2060,JJA,Wales,0.309,6.173
2061,JJA,Wales,0.351,6.237
2062,JJA,Wales,0.471,8.964
2063,JJA,Wales,0.514,8.583
2064,JJA,Wales,0.646,9.554
2065,JJA,Wales,0.420,7.079
2066,JJA,Wales,0.559,7.755
2067,JJA,Wales,0.569,11.317
2068,JJA,Wales,0.374,8.496
2069,JJA,Wales,0.498,8.892
2070,JJA,Wales,0.345,6.180
2071,JJA,Wales,0.553,9.532
2072,JJA,Wales,0.467,10.223
2073,JJA,Wales,0.400,7.626
2074,JJA,Wales,0.308,5.223
2075,JJA,Wales,0.345,8.086
2076,JJA,Wales,0.399,6.252
2077,JJA,Wales,0.361,7.302
2078,JJA,Wales,0.447,6.863
2079,JJA,Wales,0.566,10.309
2080,JJA,Wales,0.496,9.058
1981,SON,East Midlands,0.439,8.740
1982,SON,East Midlands,0.488,7.221
1983,SON,East Midlands,0.460,5.817
1984,SON,East Midlands,0.486,7.365
1985,SON,East Midlands,0.491,8.875
1986,SON,East Midlands,0.309,4.442
1987,SON,East Midlands,0.495,6.279
1988,SON,East Midlands,0.472,7.125
1989,SON,East Midlands,0.565,7.692
1990,SON,East Midlands,0.607,9.394
1991,SON,East Midlands,0.440,5.913
1992,SON,East Midlands,0.431,6.500
1993,SON,East Midlands,0.451,5.827
1994,SON,East Midlands,0.639,10.712
1995,SON,East Midlands,0.445,8.346
1996,SON,East Midlands,0.476,8.269
1997,SON,East Midlands,0.451,6.663
1998,SON,East Midlands,0.589,6.375
1999,SON,East Midlands,0.493,7.087
2000,SON,East Midlands,0.437,6.192
2001,SON,East Midlands,0.558,8.692
2002,SON,East Midlands,0.535,8.452
2003,SON,East Midlands,0.512,6.846
2004,SON,East Midlands,0.555,9.663
2005,SON,East Midlands,0.482,6.587
2006,SON,East Midlands,0.380,4.375
2007,SON,East Midlands,0.458,6.269
2008,SON,East Midlands,0.438,5.365
2009,SON,East Midlands,0.443,9.173
2010,SON,East Midlands,0.567,7.923
2011,SON,East Midlands,0.430,6.125
2012,SON,East Midlands,0.421,6.317
2013,SON,East Midlands,0.374,7.250
2014,SON,East Midlands,0.431,4.692
2015,SON,East Midlands,0.568,8.135
2016,SON,East Midlands,0.457,5.904
2017,SON,East Midlands,0.543,7.087
2018,SON,East Midlands,0.524,6.163
2019,SON,East Midlands,0.570,6.971
2020,SON,East Midlands,0.513,9.433
2021,SON,East Midlands,0.282,4.904
2022,SON,East Midlands,0.326,7.510
2023,SON,East Midlands,0.533,7.538
2024,SON,East Midlands,0.361,5.481
2025,SON,East Midlands,0.501,6.471
2026,SON,East Midlands,0.443,5.952
2027,SON,East Midlands,0.450,6.596
2028,SON,East Midlands,0.406,4.885
2029,SON,East Midlands,0.482,6.029
2030,SON,East Midlands,0.361,4.615
2031,SON,East Midlands,0.483,8.673
2032,SON,East Midlands,0.381,6.231
2033,SON,East Midlands,0.497,8.529
2034,SON,East Midlands,0.495,9.010
2035,SON,East Midlands,0.415,5.442
2036,SON,East Midlands,0.526,7.481
2037,SON,East Midlands,0.457,6.365
2038,SON,East Midlands,0.399,5.856
2039,SON,East Midlands,0.376,8.048
2040,SON,East Midlands,0.433,6.942
2041,SON,East Midlands,0.454,8.635
2042,SON,East Midlands,0.532,8.760
2043,SON,East Midlands,0.430,7.163
2044,SON,East Midlands,0.571,9.654
2045,SON,East Midlands,0.435,9.000
2046,SON,East Midlands,0.482,10.558
2047,SON,East Midlands,0.367,4.827
2048,SON,East Midlands,0.483,7.019
2049,SON,East Midlands,0.471,6.837
2050,SON,East Midlands,0.352,4.606
2051,SON,East Midlands,0.531,8.260
2052,SON,East Midlands,0.488,7.683
2053,SON,East Midlands,0.407,9.510
2054,SON,East Midlands,0.433,5.231
2055,SON,East Midlands,0.420,5.596
2056,SON,East Midlands,0.479,8.250
2057,SON,East Midlands,0.477,6.375
2058,SON,East Midlands,0.366,10.500
2059,SON,East Midlands,0.424,4.173
2060,SON,East Midlands,0.463,6.135
2061,SON,East Midlands,0.423,5.769
2062,SON,East Midlands,0.569,7.808
2063,SON,East Midlands,0.439,5.394
2064,SON,East Midlands,0.411,6.654
2065,SON,East Midlands,0.353,5.462
2066,SON,East Midlands,0.513,8.798
2067,SON,East Midlands,0.592,7.096
2068,SON,East Midlands,0.411,7.846
2069,SON,East Midlands,0.582,7.587
2070,SON,East Midlands,0.497,6.394
2071,SON,East Midlands,0.455,5.519
2072,SON,East Midlands,0.383,5.760
2073,SON,East Midlands,0.446,6.048
2074,SON,East Midlands,0.438,8.260
2075,SON,East Midlands,0.498,6.740
2076,SON,East Midlands,0.415,7.365
2077,SON,East Midlands,0.506,7.904
2078,SON,East Midlands,0.510,6.769
2079,SON,East Midlands,0.411,7.125
2080,SON,East Midlands,0.388,4.981
1981,SON,East of England,0.378,7.038
1982,SON,East of England,0.480,7.262
1983,SON,East of England,0.437,7.469
1984,SON,East of England,0.421,6.069
1985,SON,East of England,0.428,6.908
1986,SON,East of England,0.315,6.454
1987,SON,East of England,0.425,5.631
1988,SON,East of England,0.408,4.531
1989,SON,East of England,0.567,8.477
1990,SON,East of England,0.617,12.162
1991,SON,East of England,0.426,5.915
1992,SON,East of England,0.451,8.462
1993,SON,East of England,0.408,6.292
1994,SON,East of England,0.580,8.077
1995,SON,East of England,0.412,6.846
1996,SON,East of England,0.434,6.500
1997,SON,East of England,0.418,4.985
1998,SON,East of England,0.564,6.646
1999,SON,East of England,0.491,6.585
2000,SON,East of England,0.381,5.354
2001,SON,East of England,0.571,10.062
2002,SON,East of England,0.503,7.577
2003,SON,East of England,0.449,6.538
2004,SON,East of England,0.527,8.408
2005,SON,East of England,0.415,5.731
2006,SON,East of England,0.368,5.138
2007,SON,East of England,0.480,5.038
2008,SON,East of England,0.405,6.023
2009,SON,East of England,0.423,7.700
2010,SON,East of England,0.548,8.354
2011,SON,East of England,0.409,6.338
2012,SON,East of England,0.412,6.262
2013,SON,East of England,0.373,5.631
2014,SON,East of England,0.457,5.185
2015,SON,East of England,0.478,6.562
2016,SON,East of England,0.445,5.669
2017,SON,East of England,0.486,6.615
2018,SON,East of England,0.484,9.069
2019,SON,East of England,0.537,6.438
2020,SON,East of England,0.433,7.192
2021,SON,East of England,0.254,3.654
2022,SON,East of England,0.324,5.946
2023,SON,East of England,0.497,6.800
2024,SON,East of England,0.295,5.462
2025,SON,East of England,0.500,7.169
2026,SON,East of England,0.423,4.923
2027,SON,East of England,0.435,4.946
2028,SON,East of England,0.404,6.023
2029,SON,East of England,0.422,6.200
2030,SON,East of England,0.344,4.608
2031,SON,East of England,0.491,9.669
2032,SON,East of England,0.339,5.162
2033,SON,East of England,0.463,8.715
2034,SON,East of England,0.448,8.762
2035,SON,East of England,0.367,5.585
2036,SON,East of England,0.425,5.677
2037,SON,East of England,0.449,7.077
2038,SON,East of England,0.401,7.454
2039,SON,East of England,0.365,6.138
2040,SON,East of England,0.405,6.423
2041,SON,East of England,0.421,5.400
2042,SON,East of England,0.482,6.423
2043,SON,East of England,0.366,5.485
2044,SON,East of England,0.488,7.431
2045,SON,East of England,0.398,7.269
2046,SON,East of England,0.489,10.315
2047,SON,East of England,0.310,4.223
2048,SON,East of England,0.445,8.046
2049,SON,East of England,0.454,6.138
2050,SON,East of England,0.344,4.331
2051,SON,East of England,0.530,7.838
2052,SON,East of England,0.433,6.600
2053,SON,East of England,0.378,9.808
2054,SON,East of England,0.400,4.892
2055,SON,East of England,0.365,5.423
2056,SON,East of England,0.408,7.169
2057,SON,East of England,0.469,7.215
2058,SON,East of England,0.304,4.715
2059,SON,East of England,0.391,4.215
2060,SON,East of England,0.479,6.985
2061,SON,East of England,0.421,5.877
2062,SON,East of England,0.531,8.723
2063,SON,East of England,0.458,5.500
2064,SON,East of England,0.392,6.538
2065,SON,East of England,0.327,4.838
2066,SON,East of England,0.436,8.315
2067,SON,East of England,0.530,5.800
2068,SON,East of England,0.389,8.323
2069,SON,East of England,0.537,6.892
2070,SON,East of England,0.532,7.069
2071,SON,East of England,0.415,5.954
2072,SON,East of England,0.396,7.162
2073,SON,East of England,0.426,7.331
2074,SON,East of England,0.402,6.408
2075,SON,East of England,0.441,8.108
2076,SON,East of England,0.407,6.415
2077,SON,East of England,0.495,10.015
2078,SON,East of England,0.510,9.077
2079,SON,East of England,0.321,7.038
2080,SON,East of England,0.361,4.500
1981,SON,East Scotland,0.575,11.667
1982,SON,East Scotland,0.575,13.568
1983,SON,East Scotland,0.616,11.235
1984,SON,East Scotland,0.583,9.846
1985,SON,East Scotland,0.610,11.272
1986,SON,East Scotland,0.603,11.599
1987,SON,East Scotland,0.635,10.525
1988,SON,East Scotland,0.560,11.037
1989,SON,East Scotland,0.644,11.031
1990,SON,East Scotland,0.628,12.012
1991,SON,East Scotland,0.527,8.901
1992,SON,East Scotland,0.574,10.636
1993,SON,East Scotland,0.604,9.617
1994,SON,East Scotland,0.714,12.938
1995,SON,East Scotland,0.640,12.222
1996,SON,East Scotland,0.661,12.025
1997,SON,East Scotland,0.558,11.543
1998,SON,East Scotland,0.667,11.389
1999,SON,East Scotland,0.645,10.191
2000,SON,East Scotland,0.627,10.889
2001,SON,East Scotland,0.644,11.093
2002,SON,East Scotland,0.640,13.926
2003,SON,East Scotland,0.617,13.154
2004,SON,East Scotland,0.584,10.531
2005,SON,East Scotland,0.698,17.562
2006,SON,East Scotland,0.519,7.506
2007,SON,East Scotland,0.564,11.216
2008,SON,East Scotland,0.582,11.241
2009,SON,East Scotland,0.667,13.586
2010,SON,East Scotland,0.674,11.086
2011,SON,East Scotland,0.586,9.636
2012,SON,East Scotland,0.602,11.691
2013,SON,East Scotland,0.622,12.716
2014,SON,East Scotland,0.564,9.321
2015,SON,East Scotland,0.677,11.290
2016,SON,East Scotland,0.701,12.006
2017,SON,East Scotland,0.690,13.105
2018,SON,East Scotland,0.689,12.938
2019,SON,East Scotland,0.674,12.994
2020,SON,East Scotland,0.651,9.827
2021,SON,East Scotland,0.481,8.525
2022,SON,East Scotland,0.539,10.747
2023,SON,East Scotland,0.650,12.198
2024,SON,East Scotland,0.587,12.000
2025,SON,East Scotland,0.626,8.685
2026,SON,East Scotland,0.629,11.123
2027,SON,East Scotland,0.646,11.290
2028,SON,East Scotland,0.573,10.519
2029,SON,East Scotland,0.678,10.235
2030,SON,East Scotland,0.511,9.605
2031,SON,East Scotland,0.616,13.049
2032,SON,East Scotland,0.501,8.111
2033,SON,East Scotland,0.661,11.883
2034,SON,East Scotland,0.631,10.407
2035,SON,East Scotland,0.602,10.617
2036,SON,East Scotland,0.644,14.148
2037,SON,East Scotland,0.545,10.858
2038,SON,East Scotland,0.589,11.963
2039,SON,East Scotland,0.551,9.309
2040,SON,East Scotland,0.611,16.611
2041,SON,East Scotland,0.638,11.759
2042,SON,East Scotland,0.670,12.963
2043,SON,East Scotland,0.621,11.506
2044,SON,East Scotland,0.710,16.080
2045,SON,East Scotland,0.567,12.852
2046,SON,East Scotland,0.632,11.747
2047,SON,East Scotland,0.544,11.062
2048,SON,East Scotland,0.586,10.741
2049,SON,East Scotland,0.516,12.420
2050,SON,East Scotland,0.538,8.475
2051,SON,East Scotland,0.651,10.802
2052,SON,East Scotland,0.672,10.691
2053,SON,East Scotland,0.538,9.043
2054,SON,East Scotland,0.598,11.593
2055,SON,East Scotland,0.524,9.019
2056,SON,East Scotland,0.628,12.309
2057,SON,East Scotland,0.570,9.821
2058,SON,East Scotland,0.552,10.395
2059,SON,East Scotland,0.568,10.031
2060,SON,East Scotland,0.543,9.315
2061,SON,East Scotland,0.602,11.019
2062,SON,East Scotland,0.622,10.623
2063,SON,East Scotland,0.553,8.556
2064,SON,East Scotland,0.605,14.290
2065,SON,East Scotland,0.555,12.321
2066,SON,East Scotland,0.655,13.099
2067,SON,East Scotland,0.671,11.926
2068,SON,East Scotland,0.518,9.920
2069,SON,East Scotland,0.640,11.222
2070,SON,East Scotland,0.646,10.815
2071,SON,East Scotland,0.649,12.006
2072,SON,East Scotland,0.488,8.716
2073,SON,East Scotland,0.632,13.086
2074,SON,East Scotland,0.590,8.772
2075,SON,East Scotland,0.730,13.154
2076,SON,East Scotland,0.575,10.500
2077,SON,East Scotland,0.594,12.975
2078,SON,East Scotland,0.567,9.623
2079,SON,East Scotland,0.531,8.025
2080,SON,East Scotland,0.568,10.302
1981,SON,London,0.403,9.083
1982,SON,London,0.486,8.500
1983,SON,London,0.450,8.333
1984,SON,London,0.470,6.833
1985,SON,London,0.447,6.417
1986,SON,London,0.277,5.250
1987,SON,London,0.461,4.917
1988,SON,London,0.383,4.250
1989,SON,London,0.586,8.750
1990,SON,London,0.658,11.667
1991,SON,London,0.462,8.500
1992,SON,London,0.428,6.917
1993,SON,London,0.459,6.250
1994,SON,London,0.619,8.583
1995,SON,London,0.416,7.500
1996,SON,London,0.453,9.917
1997,SON,London,0.410,5.750
1998,SON,London,0.572,5.583
1999,SON,London,0.473,8.583
2000,SON,London,0.447,7.583
2001,SON,London,0.512,9.000
2002,SON,London,0.573,15.000
2003,SON,London,0.423,6.833
2004,SON,London,0.505,7.250
2005,SON,London,0.464,9.000
2006,SON,London,0.353,6.917
2007,SON,London,0.462,5.667
2008,SON,London,0.434,6.667
2009,SON,London,0.455,6.167
2010,SON,London,0.575,11.417
2011,SON,London,0.455,10.333
2012,SON,London,0.434,7.000
2013,SON,London,0.329,4.250
2014,SON,London,0.446,5.750
2015,SON,London,0.572,9.667
2016,SON,London,0.417,5.583
2017,SON,London,0.514,6.667
2018,SON,London,0.492,13.833
2019,SON,London,0.564,7.583
2020,SON,London,0.443,6.833
2021,SON,London,0.249,3.917
2022,SON,London,0.378,6.833
2023,SON,London,0.538,8.500
2024,SON,London,0.337,6.667
2025,SON,London,0.525,6.833
2026,SON,London,0.423,4.250
2027,SON,London,0.504,8.583
2028,SON,London,0.424,7.833
2029,SON,London,0.428,6.250
2030,SON,London,0.337,8.000
2031,SON,London,0.558,12.250
2032,SON,London,0.322,4.083
2033,SON,London,0.557,12.500
2034,SON,London,0.483,9.167
2035,SON,London,0.387,6.333
2036,SON,London,0.484,7.500
2037,SON,London,0.481,9.167
2038,SON,London,0.426,9.500
2039,SON,London,0.351,5.917
2040,SON,London,0.397,6.250
2041,SON,London,0.440,5.583
2042,SON,London,0.537,6.417
2043,SON,London,0.345,5.500
2044,SON,London,0.523,13.250
2045,SON,London,0.402,7.667
2046,SON,London,0.518,10.833
2047,SON,London,0.300,4.083
2048,SON,London,0.470,9.667
2049,SON,London,0.476,8.333
2050,SON,London,0.318,4.000
2051,SON,London,0.573,9.250
2052,SON,London,0.451,6.833
2053,SON,London,0.327,6.333
2054,SON,London,0.398,6.833
2055,SON,London,0.383,5.500
2056,SON,London,0.436,8.417
2057,SON,London,0.473,7.750
2058,SON,London,0.330,5.667
2059,SON,London,0.437,6.583
2060,SON,London,0.471,11.000
2061,SON,London,0.438,6.750
2062,SON,London,0.502,8.750
2063,SON,London,0.456,7.833
2064,SON,London,0.419,6.917
2065,SON,London,0.307,4.083
2066,SON,London,0.465,8.500
2067,SON,London,0.522,6.250
2068,SON,London,0.349,7.667
2069,SON,London,0.522,6.417
2070,SON,London,0.502,7.000
2071,SON,London,0.431,6.417
2072,SON,London,0.409,8.250
2073,SON,London,0.445,10.667
2074,SON,London,0.402,6.083
2075,SON,London,0.484,9.833
2076,SON,London,0.405,7.583
2077,SON,London,0.449,8.167
2078,SON,London,0.526,7.917
2079,SON,London,0.315,7.500
2080,SON,London,0.381,6.833
1981,SON,North East England,0.534,9.526
1982,SON,North East England,0.558,8.053
1983,SON,North East England,0.544,11.632
1984,SON,North East England,0.536,7.860
1985,SON,North East England,0.537,8.947
1986,SON,North East England,0.548,8.860
1987,SON,North East England,0.553,9.018
1988,SON,North East England,0.520,8.333
1989,SON,North East England,0.559,7.544
1990,SON,North East England,0.578,11.175
1991,SON,North East England,0.470,6.737
1992,SON,North East England,0.519,7.912
1993,SON,North East England,0.519,6.947
1994,SON,North East England,0.678,12.298
1995,SON,North East England,0.570,8.561
1996,SON,North East England,0.597,9.053
1997,SON,North East England,0.440,7.526
1998,SON,North East England,0.626,7.789
1999,SON,North East England,0.557,9.158
2000,SON,North East England,0.561,9.193
2001,SON,North East England,0.607,10.404
2002,SON,North East England,0.593,10.596
2003,SON,North East England,0.583,8.333
2004,SON,North East England,0.629,9.789
2005,SON,North East England,0.559,10.123
2006,SON,North East England,0.431,5.684
2007,SON,North East England,0.520,7.333
2008,SON,North East England,0.575,8.737
2009,SON,North East England,0.538,10.439
2010,SON,North East England,0.669,10.579
2011,SON,North East England,0.555,12.684
2012,SON,North East England,0.509,8.807
2013,SON,North East England,0.493,11.018
2014,SON,North East England,0.482,7.211
2015,SON,North East England,0.597,9.491
2016,SON,North East England,0.544,8.175
2017,SON,North East England,0.658,11.509
2018,SON,North East England,0.638,9.561
2019,SON,North East England,0.656,9.842
2020,SON,North East England,0.602,8.982
2021,SON,North East England,0.361,7.298
2022,SON,North East England,0.424,7.772
2023,SON,North East England,0.581,10.035
2024,SON,North East England,0.511,9.421
2025,SON,North East England,0.552,6.754
2026,SON,North East England,0.583,7.842
2027,SON,North East England,0.558,8.877
2028,SON,North East England,0.487,6.965
2029,SON,North East England,0.588,7.895
2030,SON,North East England,0.395,6.474
2031,SON,North East England,0.540,13.316
2032,SON,North East England,0.433,7.088
2033,SON,North East England,0.574,7.807
2034,SON,North East England,0.536,6.351
2035,SON,North East England,0.561,9.386
2036,SON,North East England,0.552,7.667
2037,SON,North East England,0.475,7.088
2038,SON,North East England,0.551,9.351
2039,SON,North East England,0.465,7.316
2040,SON,North East England,0.526,10.632
2041,SON,North East England,0.571,9.404
2042,SON,North East England,0.596,9.509
2043,SON,North East England,0.502,8.070
2044,SON,North East England,0.592,10.316
2045,SON,North East England,0.488,11.281
2046,SON,North East England,0.605,11.246
2047,SON,North East England,0.466,9.000
2048,SON,North East England,0.513,11.053
2049,SON,North East England,0.427,8.912
2050,SON,North East England,0.441,5.439
2051,SON,North East England,0.547,7.404
2052,SON,North East England,0.584,10.561
2053,SON,North East England,0.460,10.088
2054,SON,North East England,0.481,7.895
2055,SON,North East England,0.495,8.246
2056,SON,North East England,0.564,9.842
2057,SON,North East England,0.574,9.860
2058,SON,North East England,0.462,8.368
2059,SON,North East England,0.507,6.561
2060,SON,North East England,0.459,7.404
2061,SON,North East England,0.537,8.684
2062,SON,North East England,0.640,8.912
2063,SON,North East England,0.544,9.614
2064,SON,North East England,0.561,12.193
2065,SON,North East England,0.503,11.614
2066,SON,North East England,0.574,9.351
2067,SON,North East England,0.608,7.947
2068,SON,North East England,0.449,5.596
2069,SON,North East England,0.596,11.386
2070,SON,North East England,0.584,10.596
2071,SON,North East England,0.605,9.965
2072,SON,North East England,0.412,5.614
2073,SON,North East England,0.504,8.228
2074,SON,North East England,0.501,8.316
2075,SON,North East England,0.590,8.737
2076,SON,North East England,0.484,9.018
2077,SON,North East England,0.611,11.912
2078,SON,North East England,0.539,8.947
2079,SON,North East England,0.486,9.263
2080,SON,North East England,0.455,6.825
1981,SON,North Scotland,0.580,18.117
1982,SON,North Scotland,0.652,15.841
1983,SON,North Scotland,0.717,17.743
1984,SON,North Scotland,0.657,11.949
1985,SON,North Scotland,0.744,21.463
1986,SON,North Scotland,0.681,14.598
1987,SON,North Scotland,0.675,17.332
1988,SON,North Scotland,0.616,12.131
1989,SON,North Scotland,0.689,18.360
1990,SON,North Scotland,0.727,17.327
1991,SON,North Scotland,0.718,14.528
1992,SON,North Scotland,0.646,17.346
1993,SON,North Scotland,0.682,17.930
1994,SON,North Scotland,0.796,24.014
1995,SON,North Scotland,0.784,16.140
1996,SON,North Scotland,0.744,19.780
1997,SON,North Scotland,0.699,15.360
1998,SON,North Scotland,0.764,14.416
1999,SON,North Scotland,0.751,16.047
2000,SON,North Scotland,0.789,22.383
2001,SON,North Scotland,0.722,15.617
2002,SON,North Scotland,0.616,15.925
2003,SON,North Scotland,0.796,26.467
2004,SON,North Scotland,0.615,16.210
2005,SON,North Scotland,0.793,23.841
2006,SON,North Scotland,0.610,13.874
2007,SON,North Scotland,0.649,14.935
2008,SON,North Scotland,0.619,11.612
2009,SON,North Scotland,0.808,21.720
2010,SON,North Scotland,0.710,16.963
2011,SON,North Scotland,0.721,16.598
2012,SON,North Scotland,0.786,19.421
2013,SON,North Scotland,0.692,16.187
2014,SON,North Scotland,0.724,13.752
2015,SON,North Scotland,0.809,19.589
2016,SON,North Scotland,0.840,17.093
2017,SON,North Scotland,0.769,22.252
2018,SON,North Scotland,0.834,32.000
2019,SON,North Scotland,0.797,27.140
2020,SON,North Scotland,0.711,14.318
2021,SON,North Scotland,0.639,21.495
2022,SON,North Scotland,0.664,12.079
2023,SON,North Scotland,0.700,12.481
2024,SON,North Scotland,0.714,17.570
2025,SON,North Scotland,0.635,12.252
2026,SON,North Scotland,0.779,18.383
2027,SON,North Scotland,0.717,18.752
2028,SON,North Scotland,0.694,15.042
2029,SON,North Scotland,0.769,14.654
2030,SON,North Scotland,0.580,23.981
2031,SON,North Scotland,0.725,19.070
2032,SON,North Scotland,0.561,9.790
2033,SON,North Scotland,0.731,19.215
2034,SON,North Scotland,0.747,23.042
2035,SON,North Scotland,0.713,16.720
2036,SON,North Scotland,0.680,16.388
2037,SON,North Scotland,0.638,15.879
2038,SON,North Scotland,0.627,15.584
2039,SON,North Scotland,0.699,11.449
2040,SON,North Scotland,0.707,19.841
2041,SON,North Scotland,0.667,13.710
2042,SON,North Scotland,0.768,19.551
2043,SON,North Scotland,0.652,14.607
2044,SON,North Scotland,0.881,25.916
2045,SON,North Scotland,0.595,22.304
2046,SON,North Scotland,0.679,18.131
2047,SON,North Scotland,0.674,17.790
2048,SON,North Scotland,0.609,9.874
2049,SON,North Scotland,0.637,17.911
2050,SON,North Scotland,0.654,12.762
2051,SON,North Scotland,0.758,15.911
2052,SON,North Scotland,0.737,19.463
2053,SON,North Scotland,0.663,13.285
2054,SON,North Scotland,0.711,17.953
2055,SON,North Scotland,0.635,11.425
2056,SON,North Scotland,0.715,14.762
2057,SON,North Scotland,0.604,10.308
2058,SON,North Scotland,0.685,11.224
2059,SON,North Scotland,0.627,17.341
2060,SON,North Scotland,0.693,16.790
2061,SON,North Scotland,0.672,15.421
2062,SON,North Scotland,0.771,21.019
2063,SON,North Scotland,0.645,13.215
2064,SON,North Scotland,0.678,15.308
2065,SON,North Scotland,0.702,17.696
2066,SON,North Scotland,0.727,16.084
2067,SON,North Scotland,0.736,17.285
2068,SON,North Scotland,0.584,11.584
2069,SON,North Scotland,0.746,19.093
2070,SON,North Scotland,0.743,15.374
2071,SON,North Scotland,0.708,17.374
2072,SON,North Scotland,0.529,10.318
2073,SON,North Scotland,0.732,18.407
2074,SON,North Scotland,0.690,11.561
2075,SON,North Scotland,0.725,13.706
2076,SON,North Scotland,0.651,14.696
2077,SON,North Scotland,0.639,26.341
2078,SON,North Scotland,0.706,14.364
2079,SON,North Scotland,0.608,14.449
2080,SON,North Scotland,0.665,13.869
1981,SON,North West England,0.532,14.958
1982,SON,North West England,0.603,11.147
1983,SON,North West England,0.579,11.158
1984,SON,North West England,0.594,9.179
1985,SON,North West England,0.660,13.137
1986,SON,North West England,0.467,6.789
1987,SON,North West England,0.617,12.032
1988,SON,North West England,0.550,8.000
1989,SON,North West England,0.644,10.568
1990,SON,North West England,0.717,15.853
1991,SON,North West England,0.545,8.389
1992,SON,North West England,0.514,8.716
1993,SON,North West England,0.597,8.905
1994,SON,North West England,0.772,17.621
1995,SON,North West England,0.668,16.905
1996,SON,North West England,0.643,16.674
1997,SON,North West England,0.570,10.568
1998,SON,North West England,0.728,12.779
1999,SON,North West England,0.631,11.411
2000,SON,North West England,0.636,14.168
2001,SON,North West England,0.647,9.179
2002,SON,North West England,0.641,21.874
2003,SON,North West England,0.685,17.495
2004,SON,North West England,0.666,13.779
2005,SON,North West England,0.730,18.916
2006,SON,North West England,0.488,7.979
2007,SON,North West England,0.549,11.074
2008,SON,North West England,0.583,11.495
2009,SON,North West England,0.708,16.242
2010,SON,North West England,0.715,18.389
2011,SON,North West England,0.660,15.726
2012,SON,North West England,0.607,13.053
2013,SON,North West England,0.524,10.916
2014,SON,North West England,0.564,7.937
2015,SON,North West England,0.755,19.537
2016,SON,North West England,0.700,10.832
2017,SON,North West England,0.768,19.453
2018,SON,North West England,0.759,13.863
2019,SON,North West England,0.740,14.526
2020,SON,North West England,0.685,12.821
2021,SON,North West England,0.431,9.863
2022,SON,North West England,0.494,11.168
2023,SON,North West England,0.633,11.905
2024,SON,North West England,0.598,14.179
2025,SON,North West England,0.610,9.758
2026,SON,North West England,0.651,10.263
2027,SON,North West England,0.661,11.821
2028,SON,North West England,0.534,11.158
2029,SON,North West England,0.695,11.274
2030,SON,North West England,0.432,11.495
2031,SON,North West England,0.683,14.232
2032,SON,North West England,0.493,11.211
2033,SON,North West England,0.690,17.821
2034,SON,North West England,0.644,14.305
2035,SON,North West England,0.645,11.158
2036,SON,North West England,0.690,13.053
2037,SON,North West England,0.564,12.747
2038,SON,North West England,0.539,13.621
2039,SON,North West England,0.525,10.695
2040,SON,North West England,0.556,16.221
2041,SON,North West England,0.560,11.463
2042,SON,North West England,0.662,16.389
2043,SON,North West England,0.550,15.232
2044,SON,North West England,0.782,19.821
2045,SON,North West England,0.481,11.737
2046,SON,North West England,0.612,17.684
2047,SON,North West England,0.595,12.842
2048,SON,North West England,0.532,11.295
2049,SON,North West England,0.581,21.758
2050,SON,North West England,0.529,9.042
2051,SON,North West England,0.698,11.695
2052,SON,North West England,0.647,11.032
2053,SON,North West England,0.455,7.189
2054,SON,North West England,0.601,12.568
2055,SON,North West England,0.510,9.526
2056,SON,North West England,0.627,10.979
2057,SON,North West England,0.574,12.168
2058,SON,North West England,0.516,14.421
2059,SON,North West England,0.554,9.453
2060,SON,North West England,0.526,9.389
2061,SON,North West England,0.590,10.074
2062,SON,North West England,0.745,12.253
2063,SON,North West England,0.567,8.821
2064,SON,North West England,0.536,9.789
2065,SON,North West England,0.531,10.516
2066,SON,North West England,0.652,16.516
2067,SON,North West England,0.728,12.389
2068,SON,North West England,0.477,6.095
2069,SON,North West England,0.696,14.253
2070,SON,North West England,0.683,15.305
2071,SON,North West England,0.577,10.811
2072,SON,North West England,0.436,8.379
2073,SON,North West England,0.570,12.011
2074,SON,North West England,0.636,13.411
2075,SON,North West England,0.694,12.063
2076,SON,North West England,0.563,15.074
2077,SON,North West England,0.602,15.421
2078,SON,North West England,0.617,11.126
2079,SON,North West England,0.544,10.895
2080,SON,North West England,0.524,9.726
1981,SON,South East England,0.409,9.058
1982,SON,South East England,0.458,8.570
1983,SON,South East England,0.434,8.207
1984,SON,South East England,0.443,6.033
1985,SON,South East England,0.475,7.033
1986,SON,South East England,0.289,5.182
1987,SON,South East England,0.476,6.281
1988,SON,South East England,0.392,6.165
1989,SON,South East England,0.569,11.917
1990,SON,South East England,0.667,13.397
1991,SON,South East England,0.464,9.347
1992,SON,South East England,0.421,5.612
1993,SON,South East England,0.472,6.884
1994,SON,South East England,0.617,9.347
1995,SON,South East England,0.443,9.083
1996,SON,South East England,0.474,11.165
1997,SON,South East England,0.448,6.645
1998,SON,South East England,0.617,7.215
1999,SON,South East England,0.484,6.835
2000,SON,South East England,0.448,8.248
2001,SON,South East England,0.561,10.099
2002,SON,South East England,0.597,13.752
2003,SON,South East England,0.437,7.926
2004,SON,South East England,0.501,6.421
2005,SON,South East England,0.521,9.008
2006,SON,South East England,0.373,5.876
2007,SON,South East England,0.502,7.777
2008,SON,South East England,0.427,6.587
2009,SON,South East England,0.451,7.975
2010,SON,South East England,0.585,11.537
2011,SON,South East England,0.454,10.066
2012,SON,South East England,0.410,6.446
2013,SON,South East England,0.377,7.182
2014,SON,South East England,0.455,6.281
2015,SON,South East England,0.603,10.347
2016,SON,South East England,0.438,5.868
2017,SON,South East England,0.520,7.579
2018,SON,South East England,0.485,10.380
2019,SON,South East England,0.580,7.645
2020,SON,South East England,0.466,7.215
2021,SON,South East England,0.254,4.826
2022,SON,South East England,0.405,7.479
2023,SON,South East England,0.517,8.347
2024,SON,South East England,0.370,6.785
2025,SON,South East England,0.541,9.669
2026,SON,South East England,0.452,5.826
2027,SON,South East England,0.568,13.595
2028,SON,South East England,0.406,7.215
2029,SON,South East England,0.477,7.174
2030,SON,South East England,0.358,10.231
2031,SON,South East England,0.535,13.157
2032,SON,South East England,0.350,4.893
2033,SON,South East England,0.566,10.802
2034,SON,South East England,0.500,9.008
2035,SON,South East England,0.401,6.066
2036,SON,South East England,0.493,7.488
2037,SON,South East England,0.463,8.174
2038,SON,South East England,0.418,7.289
2039,SON,South East England,0.356,5.793
2040,SON,South East England,0.400,7.711
2041,SON,South East England,0.456,10.223
2042,SON,South East England,0.518,7.174
2043,SON,South East England,0.369,5.959
2044,SON,South East England,0.524,13.496
2045,SON,South East England,0.437,7.620
2046,SON,South East England,0.499,10.678
2047,SON,South East England,0.320,4.008
2048,SON,South East England,0.476,9.405
2049,SON,South East England,0.482,10.331
2050,SON,South East England,0.343,5.537
2051,SON,South East England,0.563,9.248
2052,SON,South East England,0.492,7.529
2053,SON,South East England,0.309,6.008
2054,SON,South East England,0.442,6.413
2055,SON,South East England,0.390,5.091
2056,SON,South East England,0.436,6.818
2057,SON,South East England,0.480,8.182
2058,SON,South East England,0.351,7.760
2059,SON,South East England,0.456,7.512
2060,SON,South East England,0.490,8.777
2061,SON,South East England,0.437,6.372
2062,SON,South East England,0.518,7.083
2063,SON,South East England,0.471,7.182
2064,SON,South East England,0.433,8.339
2065,SON,South East England,0.291,4.587
2066,SON,South East England,0.521,11.116
2067,SON,South East England,0.551,7.182
2068,SON,South East England,0.368,7.223
2069,SON,South East England,0.528,6.917
2070,SON,South East England,0.532,6.182
2071,SON,South East England,0.451,5.967
2072,SON,South East England,0.399,9.380
2073,SON,South East England,0.475,11.471
2074,SON,South East England,0.429,7.058
2075,SON,South East England,0.527,11.587
2076,SON,South East England,0.407,8.479
2077,SON,South East England,0.486,7.455
2078,SON,South East England,0.513,8.579
2079,SON,South East England,0.339,8.190
2080,SON,South East England,0.402,7.612
1981,SON,South West England,0.493,10.775
1982,SON,South West England,0.549,9.250
1983,SON,South West England,0.494,9.512
1984,SON,South West England,0.533,8.131
1985,SON,South West England,0.575,12.662
1986,SON,South West England,0.380,6.487
1987,SON,South West England,0.619,10.681
1988,SON,South West England,0.465,10.050
1989,SON,South West England,0.610,14.194
1990,SON,South West England,0.718,14.588
1991,SON,South West England,0.546,11.950
1992,SON,South West England,0.464,6.894
1993,SON,South West England,0.570,9.756
1994,SON,South West England,0.676,11.969
1995,SON,South West England,0.515,10.838
1996,SON,South West England,0.565,13.206
1997,SON,South West England,0.532,8.494
1998,SON,South West England,0.663,9.338
1999,SON,South West England,0.523,8.250
2000,SON,South West England,0.565,9.650
2001,SON,South West England,0.590,10.756
2002,SON,South West England,0.637,16.700
2003,SON,South West England,0.527,10.119
2004,SON,South West England,0.597,9.181
2005,SON,South West England,0.607,12.344
2006,SON,South West England,0.479,8.225
2007,SON,South West England,0.525,9.963
2008,SON,South West England,0.513,8.106
2009,SON,South West England,0.507,11.450
2010,SON,South West England,0.692,15.631
2011,SON,South West England,0.558,13.225
2012,SON,South West England,0.436,7.906
2013,SON,South West England,0.453,6.806
2014,SON,South West England,0.492,7.750
2015,SON,South West England,0.663,14.481
2016,SON,South West England,0.544,7.025
2017,SON,South West England,0.614,16.969
2018,SON,South West England,0.537,8.206
2019,SON,South West England,0.636,11.137
2020,SON,South West England,0.570,10.825
2021,SON,South West England,0.300,7.744
2022,SON,South West England,0.482,8.787
2023,SON,South West England,0.576,11.450
2024,SON,South West England,0.491,8.856
2025,SON,South West England,0.586,12.875
2026,SON,South West England,0.533,7.056
2027,SON,South West England,0.682,15.356
2028,SON,South West England,0.486,9.688
2029,SON,South West England,0.586,11.350
2030,SON,South West England,0.373,10.006
2031,SON,South West England,0.604,13.006
2032,SON,South West England,0.461,8.050
2033,SON,South West England,0.641,13.969
2034,SON,South West England,0.575,10.494
2035,SON,South West England,0.488,7.569
2036,SON,South West England,0.625,10.869
2037,SON,South West England,0.528,13.356
2038,SON,South West England,0.454,11.475
2039,SON,South West England,0.417,9.456
2040,SON,South West England,0.440,8.644
2041,SON,South West England,0.503,13.706
2042,SON,South West England,0.594,10.400
2043,SON,South West England,0.448,8.838
2044,SON,South West England,0.638,16.688
2045,SON,South West England,0.468,10.162
2046,SON,South West England,0.573,15.175
2047,SON,South West England,0.458,7.606
2048,SON,South West England,0.545,11.625
2049,SON,South West England,0.548,15.100
2050,SON,South West England,0.419,9.000
2051,SON,South West England,0.622,13.387
2052,SON,South West England,0.562,10.875
2053,SON,South West England,0.369,7.112
2054,SON,South West England,0.510,9.963
2055,SON,South West England,0.437,5.912
2056,SON,South West England,0.509,7.719
2057,SON,South West England,0.500,9.600
2058,SON,South West England,0.458,12.756
2059,SON,South West England,0.551,10.825
2060,SON,South West England,0.593,11.338
2061,SON,South West England,0.485,10.319
2062,SON,South West England,0.607,9.969
2063,SON,South West England,0.540,9.956
2064,SON,South West England,0.479,9.450
2065,SON,South West England,0.380,6.325
2066,SON,South West England,0.543,10.981
2067,SON,South West England,0.637,9.806
2068,SON,South West England,0.468,7.506
2069,SON,South West England,0.581,8.750
2070,SON,South West England,0.618,11.131
2071,SON,South West England,0.490,5.525
2072,SON,South West England,0.416,12.387
2073,SON,South West England,0.557,13.369
2074,SON,South West England,0.542,13.262
2075,SON,South West England,0.652,17.494
2076,SON,South West England,0.484,11.713
2077,SON,South West England,0.553,11.481
2078,SON,South West England,0.596,10.312
2079,SON,South West England,0.428,9.869
2080,SON,South West England,0.510,10.206
1981,SON,West Midlands,0.455,8.012
1982,SON,West Midlands,0.492,8.279
1983,SON,West Midlands,0.454,6.779
1984,SON,West Midlands,0.499,6.628
1985,SON,West Midlands,0.509,7.872
1986,SON,West Midlands,0.345,5.849
1987,SON,West Midlands,0.531,8.291
1988,SON,West Midlands,0.427,7.360
1989,SON,West Midlands,0.580,9.558
1990,SON,West Midlands,0.637,8.267
1991,SON,West Midlands,0.458,5.360
1992,SON,West Midlands,0.434,6.047
1993,SON,West Midlands,0.451,6.012
1994,SON,West Midlands,0.653,10.500
1995,SON,West Midlands,0.494,9.791
1996,SON,West Midlands,0.505,8.779
1997,SON,West Midlands,0.537,6.860
1998,SON,West Midlands,0.610,8.012
1999,SON,West Midlands,0.527,7.384
2000,SON,West Midlands,0.483,8.453
2001,SON,West Midlands,0.549,7.581
2002,SON,West Midlands,0.512,10.000
2003,SON,West Midlands,0.528,10.233
2004,SON,West Midlands,0.581,8.291
2005,SON,West Midlands,0.535,7.581
2006,SON,West Midlands,0.411,5.186
2007,SON,West Midlands,0.476,7.337
2008,SON,West Midlands,0.473,6.081
2009,SON,West Midlands,0.506,10.279
2010,SON,West Midlands,0.607,10.651
2011,SON,West Midlands,0.492,7.151
2012,SON,West Midlands,0.453,7.535
2013,SON,West Midlands,0.404,5.535
2014,SON,West Midlands,0.435,5.198
2015,SON,West Midlands,0.598,9.686
2016,SON,West Midlands,0.481,5.419
2017,SON,West Midlands,0.560,8.500
2018,SON,West Midlands,0.513,5.884
2019,SON,West Midlands,0.618,8.802
2020,SON,West Midlands,0.524,8.070
2021,SON,West Midlands,0.289,5.779
2022,SON,West Midlands,0.408,9.128
2023,SON,West Midlands,0.527,7.698
2024,SON,West Midlands,0.428,6.535
2025,SON,West Midlands,0.537,6.977
2026,SON,West Midlands,0.482,6.698
2027,SON,West Midlands,0.581,9.698
2028,SON,West Midlands,0.439,6.779
2029,SON,West Midlands,0.532,7.337
2030,SON,West Midlands,0.340,4.430
2031,SON,West Midlands,0.508,11.500
2032,SON,West Midlands,0.404,7.047
2033,SON,West Midlands,0.571,8.570
2034,SON,West Midlands,0.519,12.174
2035,SON,West Midlands,0.481,6.163
2036,SON,West Midlands,0.641,10.477
2037,SON,West Midlands,0.459,6.965
2038,SON,West Midlands,0.421,9.686
2039,SON,West Midlands,0.400,7.698
2040,SON,West Midlands,0.422,7.128
2041,SON,West Midlands,0.449,7.872
2042,SON,West Midlands,0.559,8.465
2043,SON,West Midlands,0.407,6.012
2044,SON,West Midlands,0.599,10.744
2045,SON,West Midlands,0.445,9.674
2046,SON,West Midlands,0.526,8.535
2047,SON,West Midlands,0.427,6.198
2048,SON,West Midlands,0.469,10.547
2049,SON,West Midlands,0.527,11.407
2050,SON,West Midlands,0.420,7.465
2051,SON,West Midlands,0.569,8.884
2052,SON,West Midlands,0.462,7.535
2053,SON,West Midlands,0.365,5.942
2054,SON,West Midlands,0.446,4.977
2055,SON,West Midlands,0.427,5.837
2056,SON,West Midlands,0.507,9.733
2057,SON,West Midlands,0.501,7.558
2058,SON,West Midlands,0.405,11.779
2059,SON,West Midlands,0.504,6.198
2060,SON,West Midlands,0.515,5.663
2061,SON,West Midlands,0.468,7.035
2062,SON,West Midlands,0.593,8.198
2063,SON,West Midlands,0.478,6.419
2064,SON,West Midlands,0.403,7.860
2065,SON,West Midlands,0.360,5.198
2066,SON,West Midlands,0.541,10.384
2067,SON,West Midlands,0.603,8.512
2068,SON,West Midlands,0.387,6.488
2069,SON,West Midlands,0.604,7.442
2070,SON,West Midlands,0.538,8.081
2071,SON,West Midlands,0.435,4.593
2072,SON,West Midlands,0.384,5.733
2073,SON,West Midlands,0.483,7.988
2074,SON,West Midlands,0.486,8.465
2075,SON,West Midlands,0.618,10.256
2076,SON,West Midlands,0.425,8.151
2077,SON,West Midlands,0.489,7.593
2078,SON,West Midlands,0.553,8.523
2079,SON,West Midlands,0.449,7.256
2080,SON,West Midlands,0.418,5.535
1981,SON,West Scotland,0.557,17.076
1982,SON,West Scotland,0.601,14.742
1983,SON,West Scotland,0.655,15.295
1984,SON,West Scotland,0.616,10.386
1985,SON,West Scotland,0.722,16.250
1986,SON,West Scotland,0.608,10.992
1987,SON,West Scotland,0.681,14.462
1988,SON,West Scotland,0.545,13.508
1989,SON,West Scotland,0.677,15.136
1990,SON,West Scotland,0.747,16.674
1991,SON,West Scotland,0.568,10.705
1992,SON,West Scotland,0.583,11.000
1993,SON,West Scotland,0.621,12.189
1994,SON,West Scotland,0.771,18.053
1995,SON,West Scotland,0.752,18.992
1996,SON,West Scotland,0.731,18.826
1997,SON,West Scotland,0.630,15.152
1998,SON,West Scotland,0.761,15.689
1999,SON,West Scotland,0.684,12.545
2000,SON,West Scotland,0.712,17.871
2001,SON,West Scotland,0.682,12.106
2002,SON,West Scotland,0.644,18.076
2003,SON,West Scotland,0.745,22.803
2004,SON,West Scotland,0.632,14.114
2005,SON,West Scotland,0.820,26.144
2006,SON,West Scotland,0.569,10.879
2007,SON,West Scotland,0.634,17.008
2008,SON,West Scotland,0.650,16.917
2009,SON,West Scotland,0.777,20.318
2010,SON,West Scotland,0.730,21.447
2011,SON,West Scotland,0.708,17.530
2012,SON,West Scotland,0.673,17.811
2013,SON,West Scotland,0.671,12.742
2014,SON,West Scotland,0.608,10.424
2015,SON,West Scotland,0.789,21.705
2016,SON,West Scotland,0.803,14.470
2017,SON,West Scotland,0.820,24.333
2018,SON,West Scotland,0.808,20.659
2019,SON,West Scotland,0.776,22.280
2020,SON,West Scotland,0.725,12.500
2021,SON,West Scotland,0.525,11.977
2022,SON,West Scotland,0.589,12.379
2023,SON,West Scotland,0.656,14.621
2024,SON,West Scotland,0.670,16.894
2025,SON,West Scotland,0.630,9.932
2026,SON,West Scotland,0.723,16.803
2027,SON,West Scotland,0.719,19.470
2028,SON,West Scotland,0.604,12.515
2029,SON,West Scotland,0.790,15.136
2030,SON,West Scotland,0.540,14.076
2031,SON,West Scotland,0.712,12.629
2032,SON,West Scotland,0.541,10.530
2033,SON,West Scotland,0.782,22.689
2034,SON,West Scotland,0.728,19.311
2035,SON,West Scotland,0.720,13.455
2036,SON,West Scotland,0.756,22.795
2037,SON,West Scotland,0.586,13.545
2038,SON,West Scotland,0.587,15.697
2039,SON,West Scotland,0.579,11.091
2040,SON,West Scotland,0.646,18.030
2041,SON,West Scotland,0.619,12.341
2042,SON,West Scotland,0.730,17.909
2043,SON,West Scotland,0.641,16.636
2044,SON,West Scotland,0.850,28.720
2045,SON,West Scotland,0.533,21.712
2046,SON,West Scotland,0.642,14.568
2047,SON,West Scotland,0.661,14.811
2048,SON,West Scotland,0.580,8.879
2049,SON,West Scotland,0.612,18.742
2050,SON,West Scotland,0.631,11.614
2051,SON,West Scotland,0.758,15.106
2052,SON,West Scotland,0.688,13.121
2053,SON,West Scotland,0.553,10.758
2054,SON,West Scotland,0.699,20.386
2055,SON,West Scotland,0.583,13.992
2056,SON,West Scotland,0.694,14.894
2057,SON,West Scotland,0.599,11.773
2058,SON,West Scotland,0.632,13.712
2059,SON,West Scotland,0.609,15.545
2060,SON,West Scotland,0.585,11.492
2061,SON,West Scotland,0.641,13.485
2062,SON,West Scotland,0.729,15.795
2063,SON,West Scotland,0.610,9.424
2064,SON,West Scotland,0.604,13.629
2065,SON,West Scotland,0.634,15.606
2066,SON,West Scotland,0.705,19.682
2067,SON,West Scotland,0.755,19.250
2068,SON,West Scotland,0.504,10.409
2069,SON,West Scotland,0.745,15.235
2070,SON,West Scotland,0.733,17.311
2071,SON,West Scotland,0.701,16.235
2072,SON,West Scotland,0.519,10.818
2073,SON,West Scotland,0.676,18.455
2074,SON,West Scotland,0.710,14.114
2075,SON,West Scotland,0.771,13.386
2076,SON,West Scotland,0.630,17.076
2077,SON,West Scotland,0.584,17.576
2078,SON,West Scotland,0.649,10.788
2079,SON,West Scotland,0.615,11.061
2080,SON,West Scotland,0.588,12.621
1981,SON,Yorkshire and Humber,0.511,11.218
1982,SON,Yorkshire and Humber,0.545,7.317
1983,SON,Yorkshire and Humber,0.473,7.525
1984,SON,Yorkshire and Humber,0.497,7.614
1985,SON,Yorkshire and Humber,0.553,9.238
1986,SON,Yorkshire and Humber,0.432,6.703
1987,SON,Yorkshire and Humber,0.539,8.257
1988,SON,Yorkshire and Humber,0.521,7.218
1989,SON,Yorkshire and Humber,0.579,8.366
1990,SON,Yorkshire and Humber,0.621,11.178
1991,SON,Yorkshire and Humber,0.483,7.178
1992,SON,Yorkshire and Humber,0.481,8.000
1993,SON,Yorkshire and Humber,0.500,6.297
1994,SON,Yorkshire and Humber,0.656,10.554
1995,SON,Yorkshire and Humber,0.510,9.050
1996,SON,Yorkshire and Humber,0.550,9.248
1997,SON,Yorkshire and Humber,0.452,7.149
1998,SON,Yorkshire and Humber,0.591,7.921
1999,SON,Yorkshire and Humber,0.525,7.218
2000,SON,Yorkshire and Humber,0.483,6.624
2001,SON,Yorkshire and Humber,0.571,8.228
2002,SON,Yorkshire and Humber,0.546,10.317
2003,SON,Yorkshire and Humber,0.546,9.455
2004,SON,Yorkshire and Humber,0.622,11.535
2005,SON,Yorkshire and Humber,0.515,8.980
2006,SON,Yorkshire and Humber,0.389,4.554
2007,SON,Yorkshire and Humber,0.528,8.604
2008,SON,Yorkshire and Humber,0.501,6.475
2009,SON,Yorkshire and Humber,0.503,9.327
2010,SON,Yorkshire and Humber,0.625,8.683
2011,SON,Yorkshire and Humber,0.555,10.911
2012,SON,Yorkshire and Humber,0.474,6.941
2013,SON,Yorkshire and Humber,0.437,8.950
2014,SON,Yorkshire and Humber,0.445,6.624
2015,SON,Yorkshire and Humber,0.624,9.733
2016,SON,Yorkshire and Humber,0.543,7.723
2017,SON,Yorkshire and Humber,0.649,11.446
2018,SON,Yorkshire and Humber,0.655,9.693
2019,SON,Yorkshire and Humber,0.570,7.208
2020,SON,Yorkshire and Humber,0.584,9.040
2021,SON,Yorkshire and Humber,0.312,6.139
2022,SON,Yorkshire and Humber,0.384,8.594
2023,SON,Yorkshire and Humber,0.543,8.446
2024,SON,Yorkshire and Humber,0.447,9.228
2025,SON,Yorkshire and Humber,0.535,7.347
2026,SON,Yorkshire and Humber,0.527,8.168
2027,SON,Yorkshire and Humber,0.492,6.772
2028,SON,Yorkshire and Humber,0.456,6.446
2029,SON,Yorkshire and Humber,0.549,6.376
2030,SON,Yorkshire and Humber,0.403,6.059
2031,SON,Yorkshire and Humber,0.546,11.010
2032,SON,Yorkshire and Humber,0.423,7.059
2033,SON,Yorkshire and Humber,0.538,8.347
2034,SON,Yorkshire and Humber,0.507,7.347
2035,SON,Yorkshire and Humber,0.482,6.871
2036,SON,Yorkshire and Humber,0.561,8.604
2037,SON,Yorkshire and Humber,0.484,7.446
2038,SON,Yorkshire and Humber,0.463,7.653
2039,SON,Yorkshire and Humber,0.420,6.535
2040,SON,Yorkshire and Humber,0.503,9.634
2041,SON,Yorkshire and Humber,0.535,10.673
2042,SON,Yorkshire and Humber,0.541,9.495
2043,SON,Yorkshire and Humber,0.463,7.327
2044,SON,Yorkshire and Humber,0.611,9.752
2045,SON,Yorkshire and Humber,0.471,10.545
2046,SON,Yorkshire and Humber,0.538,11.762
2047,SON,Yorkshire and Humber,0.430,7.772
2048,SON,Yorkshire and Humber,0.454,8.941
2049,SON,Yorkshire and Humber,0.447,8.970
2050,SON,Yorkshire and Humber,0.382,5.218
2051,SON,Yorkshire and Humber,0.544,8.287
2052,SON,Yorkshire and Humber,0.535,7.980
2053,SON,Yorkshire and Humber,0.436,11.554
2054,SON,Yorkshire and Humber,0.472,7.287
2055,SON,Yorkshire and Humber,0.475,6.198
2056,SON,Yorkshire and Humber,0.508,8.703
2057,SON,Yorkshire and Humber,0.557,9.812
2058,SON,Yorkshire and Humber,0.411,9.129
2059,SON,Yorkshire and Humber,0.460,5.545
2060,SON,Yorkshire and Humber,0.460,7.911
2061,SON,Yorkshire and Humber,0.485,6.911
2062,SON,Yorkshire and Humber,0.629,8.901
2063,SON,Yorkshire and Humber,0.515,7.129
2064,SON,Yorkshire and Humber,0.478,6.673
2065,SON,Yorkshire and Humber,0.458,6.436
2066,SON,Yorkshire and Humber,0.570,9.792
2067,SON,Yorkshire and Humber,0.608,8.020
2068,SON,Yorkshire and Humber,0.434,5.396
2069,SON,Yorkshire and Humber,0.618,12.366
2070,SON,Yorkshire and Humber,0.512,7.446
2071,SON,Yorkshire and Humber,0.509,6.644
2072,SON,Yorkshire and Humber,0.400,6.901
2073,SON,Yorkshire and Humber,0.490,7.871
2074,SON,Yorkshire and Humber,0.489,8.762
2075,SON,Yorkshire and Humber,0.506,7.683
2076,SON,Yorkshire and Humber,0.452,8.040
2077,SON,Yorkshire and Humber,0.539,10.970
2078,SON,Yorkshire and Humber,0.517,8.079
2079,SON,Yorkshire and Humber,0.434,8.604
2080,SON,Yorkshire and Humber,0.424,5.673
1981,SON,Channel Islands,0.473,12.000
1982,SON,Channel Islands,0.582,16.000
1983,SON,Channel Islands,0.451,13.000
1984,SON,Channel Islands,0.495,10.000
1985,SON,Channel Islands,0.516,14.000
1986,SON,Channel Islands,0.363,8.000
1987,SON,Channel Islands,0.505,8.000
1988,SON,Channel Islands,0.418,6.000
1989,SON,Channel Islands,0.582,19.000
1990,SON,Channel Islands,0.681,17.000
1991,SON,Channel Islands,0.516,7.000
1992,SON,Channel Islands,0.516,12.000
1993,SON,Channel Islands,0.560,11.000
1994,SON,Channel Islands,0.670,11.000
1995,SON,Channel Islands,0.462,10.000
1996,SON,Channel Islands,0.593,10.000
1997,SON,Channel Islands,0.495,6.000
1998,SON,Channel Islands,0.692,17.000
1999,SON,Channel Islands,0.582,9.000
2000,SON,Channel Islands,0.462,10.000
2001,SON,Channel Islands,0.626,8.000
2002,SON,Channel Islands,0.637,13.000
2003,SON,Channel Islands,0.527,11.000
2004,SON,Channel Islands,0.538,9.000
2005,SON,Channel Islands,0.527,14.000
2006,SON,Channel Islands,0.451,20.000
2007,SON,Channel Islands,0.593,11.000
2008,SON,Channel Islands,0.473,11.000
2009,SON,Channel Islands,0.484,21.000
2010,SON,Channel Islands,0.659,20.000
2011,SON,Channel Islands,0.538,11.000
2012,SON,Channel Islands,0.484,10.000
2013,SON,Channel Islands,0.396,5.000
2014,SON,Channel Islands,0.451,14.000
2015,SON,Channel Islands,0.626,22.000
2016,SON,Channel Islands,0.473,10.000
2017,SON,Channel Islands,0.670,10.000
2018,SON,Channel Islands,0.495,9.000
2019,SON,Channel Islands,0.615,18.000
2020,SON,Channel Islands,0.527,11.000
2021,SON,Channel Islands,0.165,2.000
2022,SON,Channel Islands,0.451,10.000
2023,SON,Channel Islands,0.582,8.000
2024,SON,Channel Islands,0.429,10.000
2025,SON,Channel Islands,0.538,12.000
2026,SON,Channel Islands,0.505,7.000
2027,SON,Channel Islands,0.692,16.000
2028,SON,Channel Islands,0.440,10.000
2029,SON,Channel Islands,0.451,7.000
2030,SON,Channel Islands,0.363,9.000
2031,SON,Channel Islands,0.593,16.000
2032,SON,Channel Islands,0.549,15.000
2033,SON,Channel Islands,0.593,18.000
2034,SON,Channel Islands,0.462,8.000
2035,SON,Channel Islands,0.407,11.000
2036,SON,Channel Islands,0.418,11.000
2037,SON,Channel Islands,0.462,5.000
2038,SON,Channel Islands,0.396,7.000
2039,SON,Channel Islands,0.484,8.000
2040,SON,Channel Islands,0.385,9.000
2041,SON,Channel Islands,0.451,11.000
2042,SON,Channel Islands,0.516,11.000
2043,SON,Channel Islands,0.451,8.000
2044,SON,Channel Islands,0.549,13.000
2045,SON,Channel Islands,0.495,10.000
2046,SON,Channel Islands,0.615,20.000
2047,SON,Channel Islands,0.407,8.000
2048,SON,Channel Islands,0.516,11.000
2049,SON,Channel Islands,0.549,15.000
2050,SON,Channel Islands,0.396,9.000
2051,SON,Channel Islands,0.582,11.000
2052,SON,Channel Islands,0.538,10.000
2053,SON,Channel Islands,0.352,13.000
2054,SON,Channel Islands,0.451,13.000
2055,SON,Channel Islands,0.418,11.000
2056,SON,Channel Islands,0.451,9.000
2057,SON,Channel Islands,0.462,10.000
2058,SON,Channel Islands,0.374,11.000
2059,SON,Channel Islands,0.516,10.000
2060,SON,Channel Islands,0.571,17.000
2061,SON,Channel Islands,0.484,14.000
2062,SON,Channel Islands,0.637,12.000
2063,SON,Channel Islands,0.451,14.000
2064,SON,Channel Islands,0.495,11.000
2065,SON,Channel Islands,0.286,6.000
2066,SON,Channel Islands,0.516,10.000
2067,SON,Channel Islands,0.615,20.000
2068,SON,Channel Islands,0.473,8.000
2069,SON,Channel Islands,0.440,5.000
2070,SON,Channel Islands,0.604,18.000
2071,SON,Channel Islands,0.429,5.000
2072,SON,Channel Islands,0.341,8.000
2073,SON,Channel Islands,0.527,8.000
2074,SON,Channel Islands,0.516,14.000
2075,SON,Channel Islands,0.516,9.000
2076,SON,Channel Islands,0.385,12.000
2077,SON,Channel Islands,0.538,8.000
2078,SON,Channel Islands,0.670,17.000
2079,SON,Channel Islands,0.297,14.000
2080,SON,Channel Islands,0.385,8.000
1981,SON,Isle of Man,0.560,12.667
1982,SON,Isle of Man,0.641,8.667
1983,SON,Isle of Man,0.520,8.000
1984,SON,Isle of Man,0.612,9.667
1985,SON,Isle of Man,0.722,18.667
1986,SON,Isle of Man,0.505,8.333
1987,SON,Isle of Man,0.659,12.667
1988,SON,Isle of Man,0.513,11.000
1989,SON,Isle of Man,0.645,13.000
1990,SON,Isle of Man,0.740,18.000
1991,SON,Isle of Man,0.516,11.000
1992,SON,Isle of Man,0.557,9.333
1993,SON,Isle of Man,0.645,9.667
1994,SON,Isle of Man,0.692,11.000
1995,SON,Isle of Man,0.692,13.000
1996,SON,Isle of Man,0.656,20.000
1997,SON,Isle of Man,0.674,12.333
1998,SON,Isle of Man,0.667,12.667
1999,SON,Isle of Man,0.656,10.000
2000,SON,Isle of Man,0.626,11.000
2001,SON,Isle of Man,0.645,10.000
2002,SON,Isle of Man,0.626,23.333
2003,SON,Isle of Man,0.692,16.667
2004,SON,Isle of Man,0.615,9.667
2005,SON,Isle of Man,0.777,23.000
2006,SON,Isle of Man,0.586,11.333
2007,SON,Isle of Man,0.597,10.333
2008,SON,Isle of Man,0.612,14.000
2009,SON,Isle of Man,0.703,18.333
2010,SON,Isle of Man,0.729,20.333
2011,SON,Isle of Man,0.641,18.000
2012,SON,Isle of Man,0.571,10.667
2013,SON,Isle of Man,0.579,8.333
2014,SON,Isle of Man,0.520,6.333
2015,SON,Isle of Man,0.791,19.000
2016,SON,Isle of Man,0.707,7.000
2017,SON,Isle of Man,0.766,19.333
2018,SON,Isle of Man,0.659,9.333
2019,SON,Isle of Man,0.711,14.333
2020,SON,Isle of Man,0.634,12.333
2021,SON,Isle of Man,0.385,8.000
2022,SON,Isle of Man,0.524,10.333
2023,SON,Isle of Man,0.667,14.000
2024,SON,Isle of Man,0.608,10.667
2025,SON,Isle of Man,0.619,18.333
2026,SON,Isle of Man,0.692,11.667
2027,SON,Isle of Man,0.700,24.000
2028,SON,Isle of Man,0.473,9.000
2029,SON,Isle of Man,0.623,7.000
2030,SON,Isle of Man,0.443,9.000
2031,SON,Isle of Man,0.619,13.667
2032,SON,Isle of Man,0.509,11.333
2033,SON,Isle of Man,0.700,22.667
2034,SON,Isle of Man,0.601,9.333
2035,SON,Isle of Man,0.608,10.333
2036,SON,Isle of Man,0.707,15.333
2037,SON,Isle of Man,0.546,14.000
2038,SON,Isle of Man,0.524,16.333
2039,SON,Isle of Man,0.513,9.000
2040,SON,Isle of Man,0.538,10.000
2041,SON,Isle of Man,0.586,11.000
2042,SON,Isle of Man,0.670,15.000
2043,SON,Isle of Man,0.560,12.667
2044,SON,Isle of Man,0.718,12.333
2045,SON,Isle of Man,0.571,14.333
2046,SON,Isle of Man,0.656,14.333
2047,SON,Isle of Man,0.568,10.000
2048,SON,Isle of Man,0.575,8.333
2049,SON,Isle of Man,0.729,20.333
2050,SON,Isle of Man,0.473,7.000
2051,SON,Isle of Man,0.637,10.667
2052,SON,Isle of Man,0.670,14.667
2053,SON,Isle of Man,0.392,5.000
2054,SON,Isle of Man,0.568,15.333
2055,SON,Isle of Man,0.495,8.667
2056,SON,Isle of Man,0.648,7.333
2057,SON,Isle of Man,0.586,9.333
2058,SON,Isle of Man,0.509,11.000
2059,SON,Isle of Man,0.689,14.667
2060,SON,Isle of Man,0.524,7.333
2061,SON,Isle of Man,0.571,13.333
2062,SON,Isle of Man,0.729,9.000
2063,SON,Isle of Man,0.568,10.333
2064,SON,Isle of Man,0.538,12.000
2065,SON,Isle of Man,0.505,7.000
2066,SON,Isle of Man,0.681,12.333
2067,SON,Isle of Man,0.718,11.667
2068,SON,Isle of Man,0.538,7.000
2069,SON,Isle of Man,0.659,10.667
2070,SON,Isle of Man,0.637,17.000
2071,SON,Isle of Man,0.590,8.333
2072,SON,Isle of Man,0.462,12.000
2073,SON,Isle of Man,0.527,32.667
2074,SON,Isle of Man,0.608,8.333
2075,SON,Isle of Man,0.725,19.333
2076,SON,Isle of Man,0.513,12.667
2077,SON,Isle of Man,0.557,13.000
2078,SON,Isle of Man,0.711,16.667
2079,SON,Isle of Man,0.542,12.333
2080,SON,Isle of Man,0.579,14.333
1981,SON,Northern Ireland,0.582,15.264
1982,SON,Northern Ireland,0.557,10.034
1983,SON,Northern Ireland,0.596,10.862
1984,SON,Northern Ireland,0.560,9.713
1985,SON,Northern Ireland,0.711,12.460
1986,SON,Northern Ireland,0.642,11.793
1987,SON,Northern Ireland,0.691,13.011
1988,SON,Northern Ireland,0.543,11.609
1989,SON,Northern Ireland,0.608,10.690
1990,SON,Northern Ireland,0.670,12.264
1991,SON,Northern Ireland,0.604,15.897
1992,SON,Northern Ireland,0.546,8.793
1993,SON,Northern Ireland,0.633,10.862
1994,SON,Northern Ireland,0.741,25.172
1995,SON,Northern Ireland,0.690,15.425
1996,SON,Northern Ireland,0.679,16.529
1997,SON,Northern Ireland,0.596,9.506
1998,SON,Northern Ireland,0.650,10.322
1999,SON,Northern Ireland,0.694,9.931
2000,SON,Northern Ireland,0.648,11.851
2001,SON,Northern Ireland,0.676,11.701
2002,SON,Northern Ireland,0.645,10.264
2003,SON,Northern Ireland,0.695,16.011
2004,SON,Northern Ireland,0.645,12.184
2005,SON,Northern Ireland,0.754,14.161
2006,SON,Northern Ireland,0.592,8.782
2007,SON,Northern Ireland,0.592,10.299
2008,SON,Northern Ireland,0.659,13.195
2009,SON,Northern Ireland,0.668,14.149
2010,SON,Northern Ireland,0.698,14.931
2011,SON,Northern Ireland,0.595,9.322
2012,SON,Northern Ireland,0.661,14.954
2013,SON,Northern Ireland,0.638,8.667
2014,SON,Northern Ireland,0.545,6.943
2015,SON,Northern Ireland,0.792,17.989
2016,SON,Northern Ireland,0.707,12.690
2017,SON,Northern Ireland,0.761,14.184
2018,SON,Northern Ireland,0.732,10.149
2019,SON,Northern Ireland,0.771,18.977
2020,SON,Northern Ireland,0.691,10.448
2021,SON,Northern Ireland,0.446,6.874
2022,SON,Northern Ireland,0.541,10.805
2023,SON,Northern Ireland,0.610,9.310
2024,SON,Northern Ireland,0.650,13.034
2025,SON,Northern Ireland,0.600,9.747
2026,SON,Northern Ireland,0.657,10.172
2027,SON,Northern Ireland,0.643,12.839
2028,SON,Northern Ireland,0.581,10.621
2029,SON,Northern Ireland,0.742,10.230
2030,SON,Northern Ireland,0.543,8.793
2031,SON,Northern Ireland,0.632,10.920
2032,SON,Northern Ireland,0.540,8.609
2033,SON,Northern Ireland,0.729,18.517
2034,SON,Northern Ireland,0.669,14.414
2035,SON,Northern Ireland,0.674,12.885
2036,SON,Northern Ireland,0.744,17.391
2037,SON,Northern Ireland,0.579,10.977
2038,SON,Northern Ireland,0.553,9.793
2039,SON,Northern Ireland,0.528,8.184
2040,SON,Northern Ireland,0.597,14.793
2041,SON,Northern Ireland,0.616,13.540
2042,SON,Northern Ireland,0.671,11.391
2043,SON,Northern Ireland,0.612,9.575
2044,SON,Northern Ireland,0.789,18.839
2045,SON,Northern Ireland,0.567,15.414
2046,SON,Northern Ireland,0.683,12.977
2047,SON,Northern Ireland,0.630,13.966
2048,SON,Northern Ireland,0.562,7.138
2049,SON,Northern Ireland,0.606,11.701
2050,SON,Northern Ireland,0.564,8.782
2051,SON,Northern Ireland,0.728,10.851
2052,SON,Northern Ireland,0.637,12.161
2053,SON,Northern Ireland,0.532,15.368
2054,SON,Northern Ireland,0.627,19.851
2055,SON,Northern Ireland,0.572,9.379
2056,SON,Northern Ireland,0.692,9.828
2057,SON,Northern Ireland,0.588,10.000
2058,SON,Northern Ireland,0.610,13.126
2059,SON,Northern Ireland,0.599,11.759
2060,SON,Northern Ireland,0.606,9.690
2061,SON,Northern Ireland,0.648,13.793
2062,SON,Northern Ireland,0.749,14.747
2063,SON,Northern Ireland,0.627,9.172
2064,SON,Northern Ireland,0.620,10.862
2065,SON,Northern Ireland,0.613,11.299
2066,SON,Northern Ireland,0.629,15.425
2067,SON,Northern Ireland,0.702,11.828
2068,SON,Northern Ireland,0.546,9.184
2069,SON,Northern Ireland,0.743,10.828
2070,SON,Northern Ireland,0.701,10.506
2071,SON,Northern Ireland,0.609,10.563
2072,SON,Northern Ireland,0.529,9.310
2073,SON,Northern Ireland,0.621,12.345
2074,SON,Northern Ireland,0.663,12.299
2075,SON,Northern Ireland,0.761,12.207
2076,SON,Northern Ireland,0.513,11.184
2077,SON,Northern Ireland,0.623,12.609
2078,SON,Northern Ireland,0.652,12.046
2079,SON,Northern Ireland,0.586,10.126
2080,SON,Northern Ireland,0.602,11.126
1981,SON,Wales,0.565,19.417
1982,SON,Wales,0.621,9.302
1983,SON,Wales,0.554,11.086
1984,SON,Wales,0.595,10.561
1985,SON,Wales,0.663,14.381
1986,SON,Wales,0.499,7.935
1987,SON,Wales,0.694,15.914
1988,SON,Wales,0.563,8.108
1989,SON,Wales,0.662,16.914
1990,SON,Wales,0.742,15.209
1991,SON,Wales,0.589,11.058
1992,SON,Wales,0.546,8.928
1993,SON,Wales,0.630,10.403
1994,SON,Wales,0.766,20.432
1995,SON,Wales,0.622,15.921
1996,SON,Wales,0.671,14.475
1997,SON,Wales,0.631,9.799
1998,SON,Wales,0.727,13.755
1999,SON,Wales,0.638,10.604
2000,SON,Wales,0.642,13.669
2001,SON,Wales,0.642,9.957
2002,SON,Wales,0.636,17.000
2003,SON,Wales,0.665,17.367
2004,SON,Wales,0.689,12.813
2005,SON,Wales,0.732,18.460
2006,SON,Wales,0.540,9.770
2007,SON,Wales,0.599,12.576
2008,SON,Wales,0.622,11.295
2009,SON,Wales,0.662,16.561
2010,SON,Wales,0.705,21.540
2011,SON,Wales,0.612,13.655
2012,SON,Wales,0.577,13.633
2013,SON,Wales,0.529,8.964
2014,SON,Wales,0.543,7.914
2015,SON,Wales,0.766,19.518
2016,SON,Wales,0.636,10.216
2017,SON,Wales,0.757,19.230
2018,SON,Wales,0.689,12.022
2019,SON,Wales,0.724,13.201
2020,SON,Wales,0.660,12.022
2021,SON,Wales,0.389,13.302
2022,SON,Wales,0.526,11.791
2023,SON,Wales,0.654,11.662
2024,SON,Wales,0.574,12.525
2025,SON,Wales,0.635,12.115
2026,SON,Wales,0.659,11.748
2027,SON,Wales,0.701,15.439
2028,SON,Wales,0.561,9.842
2029,SON,Wales,0.670,11.878
2030,SON,Wales,0.423,9.281
2031,SON,Wales,0.683,14.698
2032,SON,Wales,0.507,11.662
2033,SON,Wales,0.689,17.072
2034,SON,Wales,0.640,18.597
2035,SON,Wales,0.613,8.115
2036,SON,Wales,0.723,14.432
2037,SON,Wales,0.580,15.050
2038,SON,Wales,0.522,13.547
2039,SON,Wales,0.513,10.626
2040,SON,Wales,0.528,11.842
2041,SON,Wales,0.560,13.281
2042,SON,Wales,0.657,10.338
2043,SON,Wales,0.559,12.460
2044,SON,Wales,0.735,18.072
2045,SON,Wales,0.524,14.576
2046,SON,Wales,0.614,13.511
2047,SON,Wales,0.599,14.259
2048,SON,Wales,0.592,16.813
2049,SON,Wales,0.632,18.957
2050,SON,Wales,0.564,10.417
2051,SON,Wales,0.695,13.122
2052,SON,Wales,0.649,10.799
2053,SON,Wales,0.422,10.086
2054,SON,Wales,0.582,11.245
2055,SON,Wales,0.493,7.576
2056,SON,Wales,0.621,10.597
2057,SON,Wales,0.576,11.410
2058,SON,Wales,0.503,13.180
2059,SON,Wales,0.613,12.410
2060,SON,Wales,0.594,10.295
2061,SON,Wales,0.597,13.058
2062,SON,Wales,0.732,14.892
2063,SON,Wales,0.573,9.094
2064,SON,Wales,0.525,10.050
2065,SON,Wales,0.509,8.705
2066,SON,Wales,0.629,13.748
2067,SON,Wales,0.734,15.043
2068,SON,Wales,0.511,6.986
2069,SON,Wales,0.688,11.115
2070,SON,Wales,0.684,18.561
2071,SON,Wales,0.593,9.453
2072,SON,Wales,0.440,10.633
2073,SON,Wales,0.612,13.540
2074,SON,Wales,0.622,14.367
2075,SON,Wales,0.732,15.230
2076,SON,Wales,0.562,15.482
2077,SON,Wales,0.637,15.878
2078,SON,Wales,0.686,14.180
2079,SON,Wales,0.546,15.669
2080,SON,Wales,0.545,9.871
