Year,Season,Region,fwd,wsmax
1981,Annual,East Midlands,0.438,16.424
1982,Annual,East Midlands,0.440,10.556
1983,Annual,East Midlands,0.446,11.414
1984,Annual,East Midlands,0.376,7.869
1985,Annual,East Midlands,0.459,9.182
1986,Annual,East Midlands,0.447,8.545
1987,Annual,East Midlands,0.500,13.444
1988,Annual,East Midlands,0.438,11.313
1989,Annual,East Midlands,0.488,13.626
1990,Annual,East Midlands,0.458,11.616
1991,Annual,East Midlands,0.398,9.283
1992,Annual,East Midlands,0.430,11.606
1993,Annual,East Midlands,0.435,12.010
1994,Annual,East Midlands,0.417,13.596
1995,Annual,East Midlands,0.441,10.949
1996,Annual,East Midlands,0.482,14.949
1997,Annual,East Midlands,0.471,13.192
1998,Annual,East Midlands,0.513,11.848
1999,Annual,East Midlands,0.457,14.414
2000,Annual,East Midlands,0.411,9.030
2001,Annual,East Midlands,0.439,10.253
2002,Annual,East Midlands,0.460,10.626
2003,Annual,East Midlands,0.423,9.242
2004,Annual,East Midlands,0.485,12.727
2005,Annual,East Midlands,0.428,9.505
2006,Annual,East Midlands,0.396,9.535
2007,Annual,East Midlands,0.494,13.202
2008,Annual,East Midlands,0.438,15.455
2009,Annual,East Midlands,0.530,13.222
2010,Annual,East Midlands,0.445,9.717
2011,Annual,East Midlands,0.424,12.384
2012,Annual,East Midlands,0.453,11.424
2013,Annual,East Midlands,0.445,9.495
2014,Annual,East Midlands,0.396,10.818
2015,Annual,East Midlands,0.449,12.828
2016,Annual,East Midlands,0.410,9.515
2017,Annual,East Midlands,0.422,11.707
2018,Annual,East Midlands,0.477,8.778
2019,Annual,East Midlands,0.451,10.505
2020,Annual,East Midlands,0.472,9.879
2021,Annual,East Midlands,0.428,9.758
2022,Annual,East Midlands,0.406,8.980
2023,Annual,East Midlands,0.396,10.424
2024,Annual,East Midlands,0.422,9.374
2025,Annual,East Midlands,0.382,7.556
2026,Annual,East Midlands,0.457,10.374
2027,Annual,East Midlands,0.482,10.051
2028,Annual,East Midlands,0.431,12.222
2029,Annual,East Midlands,0.442,10.677
2030,Annual,East Midlands,0.404,8.687
2031,Annual,East Midlands,0.504,12.010
2032,Annual,East Midlands,0.370,6.364
2033,Annual,East Midlands,0.453,11.687
2034,Annual,East Midlands,0.450,9.212
2035,Annual,East Midlands,0.440,9.475
2036,Annual,East Midlands,0.436,9.990
2037,Annual,East Midlands,0.409,8.636
2038,Annual,East Midlands,0.492,13.758
2039,Annual,East Midlands,0.487,12.636
2040,Annual,East Midlands,0.377,7.505
2041,Annual,East Midlands,0.426,11.051
2042,Annual,East Midlands,0.414,8.424
2043,Annual,East Midlands,0.473,12.354
2044,Annual,East Midlands,0.459,11.798
2045,Annual,East Midlands,0.437,9.747
2046,Annual,East Midlands,0.445,14.374
2047,Annual,East Midlands,0.417,11.061
2048,Annual,East Midlands,0.435,9.051
2049,Annual,East Midlands,0.435,9.101
2050,Annual,East Midlands,0.437,10.293
2051,Annual,East Midlands,0.473,12.687
2052,Annual,East Midlands,0.503,9.889
2053,Annual,East Midlands,0.428,9.354
2054,Annual,East Midlands,0.404,8.828
2055,Annual,East Midlands,0.430,10.374
2056,Annual,East Midlands,0.417,8.960
2057,Annual,East Midlands,0.417,9.051
2058,Annual,East Midlands,0.419,8.737
2059,Annual,East Midlands,0.366,7.273
2060,Annual,East Midlands,0.409,9.061
2061,Annual,East Midlands,0.395,6.697
2062,Annual,East Midlands,0.440,8.657
2063,Annual,East Midlands,0.440,9.879
2064,Annual,East Midlands,0.476,10.960
2065,Annual,East Midlands,0.476,10.071
2066,Annual,East Midlands,0.467,9.303
2067,Annual,East Midlands,0.396,9.970
2068,Annual,East Midlands,0.451,9.737
2069,Annual,East Midlands,0.441,11.545
2070,Annual,East Midlands,0.473,12.141
2071,Annual,East Midlands,0.434,11.737
2072,Annual,East Midlands,0.427,10.081
2073,Annual,East Midlands,0.381,8.293
2074,Annual,East Midlands,0.442,14.000
2075,Annual,East Midlands,0.483,9.576
2076,Annual,East Midlands,0.454,13.172
2077,Annual,East Midlands,0.448,11.374
2078,Annual,East Midlands,0.478,10.848
2079,Annual,East Midlands,0.432,11.586
1981,Annual,East of England,0.414,13.200
1982,Annual,East of England,0.437,10.192
1983,Annual,East of England,0.439,10.375
1984,Annual,East of England,0.375,7.217
1985,Annual,East of England,0.444,9.358
1986,Annual,East of England,0.418,8.183
1987,Annual,East of England,0.484,12.925
1988,Annual,East of England,0.408,8.308
1989,Annual,East of England,0.447,11.492
1990,Annual,East of England,0.449,9.850
1991,Annual,East of England,0.389,7.033
1992,Annual,East of England,0.404,11.133
1993,Annual,East of England,0.425,12.708
1994,Annual,East of England,0.408,15.258
1995,Annual,East of England,0.406,9.042
1996,Annual,East of England,0.467,12.533
1997,Annual,East of England,0.416,10.250
1998,Annual,East of England,0.507,14.858
1999,Annual,East of England,0.432,12.942
2000,Annual,East of England,0.402,8.483
2001,Annual,East of England,0.444,10.817
2002,Annual,East of England,0.484,10.867
2003,Annual,East of England,0.426,8.858
2004,Annual,East of England,0.486,10.408
2005,Annual,East of England,0.410,9.208
2006,Annual,East of England,0.377,8.592
2007,Annual,East of England,0.478,13.350
2008,Annual,East of England,0.434,13.708
2009,Annual,East of England,0.530,13.258
2010,Annual,East of England,0.439,9.783
2011,Annual,East of England,0.409,12.708
2012,Annual,East of England,0.462,11.175
2013,Annual,East of England,0.455,9.958
2014,Annual,East of England,0.374,7.083
2015,Annual,East of England,0.426,8.717
2016,Annual,East of England,0.410,9.108
2017,Annual,East of England,0.427,12.983
2018,Annual,East of England,0.460,10.567
2019,Annual,East of England,0.442,9.317
2020,Annual,East of England,0.444,8.625
2021,Annual,East of England,0.432,10.108
2022,Annual,East of England,0.384,8.008
2023,Annual,East of England,0.391,11.983
2024,Annual,East of England,0.404,8.100
2025,Annual,East of England,0.361,7.367
2026,Annual,East of England,0.463,12.025
2027,Annual,East of England,0.462,9.392
2028,Annual,East of England,0.417,11.092
2029,Annual,East of England,0.402,8.867
2030,Annual,East of England,0.384,8.125
2031,Annual,East of England,0.507,10.492
2032,Annual,East of England,0.369,6.942
2033,Annual,East of England,0.435,9.792
2034,Annual,East of England,0.424,8.633
2035,Annual,East of England,0.436,9.575
2036,Annual,East of England,0.428,11.633
2037,Annual,East of England,0.403,9.342
2038,Annual,East of England,0.461,12.517
2039,Annual,East of England,0.474,10.333
2040,Annual,East of England,0.372,7.683
2041,Annual,East of England,0.411,11.275
2042,Annual,East of England,0.418,8.067
2043,Annual,East of England,0.494,11.875
2044,Annual,East of England,0.433,9.950
2045,Annual,East of England,0.432,9.508
2046,Annual,East of England,0.447,15.425
2047,Annual,East of England,0.434,10.658
2048,Annual,East of England,0.406,9.042
2049,Annual,East of England,0.433,11.950
2050,Annual,East of England,0.441,9.658
2051,Annual,East of England,0.472,12.658
2052,Annual,East of England,0.476,9.650
2053,Annual,East of England,0.405,11.567
2054,Annual,East of England,0.425,7.633
2055,Annual,East of England,0.433,10.717
2056,Annual,East of England,0.377,9.750
2057,Annual,East of England,0.430,8.550
2058,Annual,East of England,0.415,9.525
2059,Annual,East of England,0.359,6.383
2060,Annual,East of England,0.408,9.242
2061,Annual,East of England,0.398,7.583
2062,Annual,East of England,0.442,7.667
2063,Annual,East of England,0.443,8.992
2064,Annual,East of England,0.458,8.858
2065,Annual,East of England,0.478,9.000
2066,Annual,East of England,0.480,10.650
2067,Annual,East of England,0.381,8.717
2068,Annual,East of England,0.445,9.867
2069,Annual,East of England,0.449,14.775
2070,Annual,East of England,0.487,9.875
2071,Annual,East of England,0.410,9.817
2072,Annual,East of England,0.411,8.658
2073,Annual,East of England,0.357,8.450
2074,Annual,East of England,0.434,14.358
2075,Annual,East of England,0.455,9.467
2076,Annual,East of England,0.443,12.575
2077,Annual,East of England,0.440,11.450
2078,Annual,East of England,0.456,9.467
2079,Annual,East of England,0.406,9.317
1981,Annual,East Scotland,0.521,19.821
1982,Annual,East Scotland,0.519,14.513
1983,Annual,East Scotland,0.500,12.167
1984,Annual,East Scotland,0.481,10.987
1985,Annual,East Scotland,0.570,14.910
1986,Annual,East Scotland,0.535,11.955
1987,Annual,East Scotland,0.561,19.558
1988,Annual,East Scotland,0.512,13.994
1989,Annual,East Scotland,0.549,18.885
1990,Annual,East Scotland,0.516,13.795
1991,Annual,East Scotland,0.504,13.814
1992,Annual,East Scotland,0.530,15.212
1993,Annual,East Scotland,0.552,15.083
1994,Annual,East Scotland,0.508,16.327
1995,Annual,East Scotland,0.553,15.821
1996,Annual,East Scotland,0.562,16.878
1997,Annual,East Scotland,0.518,15.949
1998,Annual,East Scotland,0.530,13.045
1999,Annual,East Scotland,0.496,10.583
2000,Annual,East Scotland,0.497,13.436
2001,Annual,East Scotland,0.534,18.192
2002,Annual,East Scotland,0.473,13.468
2003,Annual,East Scotland,0.490,10.365
2004,Annual,East Scotland,0.529,13.327
2005,Annual,East Scotland,0.512,12.891
2006,Annual,East Scotland,0.498,13.090
2007,Annual,East Scotland,0.539,12.904
2008,Annual,East Scotland,0.524,18.141
2009,Annual,East Scotland,0.564,14.263
2010,Annual,East Scotland,0.531,13.051
2011,Annual,East Scotland,0.521,21.365
2012,Annual,East Scotland,0.512,13.429
2013,Annual,East Scotland,0.535,13.321
2014,Annual,East Scotland,0.465,9.853
2015,Annual,East Scotland,0.517,11.571
2016,Annual,East Scotland,0.494,11.103
2017,Annual,East Scotland,0.525,12.750
2018,Annual,East Scotland,0.522,12.327
2019,Annual,East Scotland,0.494,14.615
2020,Annual,East Scotland,0.539,13.551
2021,Annual,East Scotland,0.519,14.641
2022,Annual,East Scotland,0.495,11.744
2023,Annual,East Scotland,0.451,12.077
2024,Annual,East Scotland,0.515,9.788
2025,Annual,East Scotland,0.470,11.122
2026,Annual,East Scotland,0.541,17.122
2027,Annual,East Scotland,0.565,12.596
2028,Annual,East Scotland,0.513,13.019
2029,Annual,East Scotland,0.567,14.788
2030,Annual,East Scotland,0.493,11.571
2031,Annual,East Scotland,0.559,18.224
2032,Annual,East Scotland,0.481,10.987
2033,Annual,East Scotland,0.478,13.571
2034,Annual,East Scotland,0.483,13.218
2035,Annual,East Scotland,0.545,16.263
2036,Annual,East Scotland,0.468,10.615
2037,Annual,East Scotland,0.513,12.244
2038,Annual,East Scotland,0.554,14.532
2039,Annual,East Scotland,0.521,14.167
2040,Annual,East Scotland,0.498,9.904
2041,Annual,East Scotland,0.535,15.096
2042,Annual,East Scotland,0.539,12.603
2043,Annual,East Scotland,0.541,14.551
2044,Annual,East Scotland,0.536,14.769
2045,Annual,East Scotland,0.485,9.462
2046,Annual,East Scotland,0.515,13.404
2047,Annual,East Scotland,0.489,15.032
2048,Annual,East Scotland,0.533,12.506
2049,Annual,East Scotland,0.507,12.423
2050,Annual,East Scotland,0.459,11.481
2051,Annual,East Scotland,0.508,15.923
2052,Annual,East Scotland,0.513,12.763
2053,Annual,East Scotland,0.537,11.942
2054,Annual,East Scotland,0.491,12.064
2055,Annual,East Scotland,0.502,13.269
2056,Annual,East Scotland,0.526,11.276
2057,Annual,East Scotland,0.483,15.109
2058,Annual,East Scotland,0.467,8.878
2059,Annual,East Scotland,0.466,10.019
2060,Annual,East Scotland,0.503,12.635
2061,Annual,East Scotland,0.504,11.346
2062,Annual,East Scotland,0.498,12.538
2063,Annual,East Scotland,0.540,12.513
2064,Annual,East Scotland,0.513,13.519
2065,Annual,East Scotland,0.512,10.872
2066,Annual,East Scotland,0.517,11.154
2067,Annual,East Scotland,0.501,13.429
2068,Annual,East Scotland,0.501,11.096
2069,Annual,East Scotland,0.513,16.859
2070,Annual,East Scotland,0.542,12.968
2071,Annual,East Scotland,0.481,12.500
2072,Annual,East Scotland,0.520,12.891
2073,Annual,East Scotland,0.508,14.551
2074,Annual,East Scotland,0.499,13.436
2075,Annual,East Scotland,0.570,15.340
2076,Annual,East Scotland,0.505,13.513
2077,Annual,East Scotland,0.553,12.628
2078,Annual,East Scotland,0.584,12.353
2079,Annual,East Scotland,0.513,13.231
1981,Annual,London,0.433,13.200
1982,Annual,London,0.448,9.600
1983,Annual,London,0.470,12.900
1984,Annual,London,0.384,7.000
1985,Annual,London,0.455,8.100
1986,Annual,London,0.453,9.400
1987,Annual,London,0.498,10.000
1988,Annual,London,0.437,8.200
1989,Annual,London,0.470,12.400
1990,Annual,London,0.456,10.800
1991,Annual,London,0.415,10.600
1992,Annual,London,0.447,11.300
1993,Annual,London,0.444,10.300
1994,Annual,London,0.420,10.200
1995,Annual,London,0.413,7.700
1996,Annual,London,0.463,11.400
1997,Annual,London,0.428,7.100
1998,Annual,London,0.513,13.500
1999,Annual,London,0.454,14.300
2000,Annual,London,0.406,7.200
2001,Annual,London,0.455,11.300
2002,Annual,London,0.493,10.700
2003,Annual,London,0.432,7.900
2004,Annual,London,0.487,9.400
2005,Annual,London,0.397,8.600
2006,Annual,London,0.377,8.100
2007,Annual,London,0.473,12.200
2008,Annual,London,0.455,13.600
2009,Annual,London,0.532,11.200
2010,Annual,London,0.471,12.000
2011,Annual,London,0.427,9.800
2012,Annual,London,0.503,10.200
2013,Annual,London,0.455,11.300
2014,Annual,London,0.396,8.300
2015,Annual,London,0.446,8.400
2016,Annual,London,0.408,8.300
2017,Annual,London,0.436,13.300
2018,Annual,London,0.462,9.100
2019,Annual,London,0.424,7.700
2020,Annual,London,0.479,9.200
2021,Annual,London,0.447,12.800
2022,Annual,London,0.387,7.200
2023,Annual,London,0.426,12.300
2024,Annual,London,0.413,7.700
2025,Annual,London,0.370,7.000
2026,Annual,London,0.458,11.900
2027,Annual,London,0.488,10.300
2028,Annual,London,0.420,9.200
2029,Annual,London,0.442,9.400
2030,Annual,London,0.399,8.700
2031,Annual,London,0.498,12.000
2032,Annual,London,0.398,7.500
2033,Annual,London,0.461,10.500
2034,Annual,London,0.416,7.000
2035,Annual,London,0.464,10.700
2036,Annual,London,0.448,10.700
2037,Annual,London,0.449,11.200
2038,Annual,London,0.468,12.600
2039,Annual,London,0.499,9.300
2040,Annual,London,0.396,10.200
2041,Annual,London,0.402,10.000
2042,Annual,London,0.440,8.400
2043,Annual,London,0.493,13.500
2044,Annual,London,0.425,11.800
2045,Annual,London,0.433,8.600
2046,Annual,London,0.458,14.300
2047,Annual,London,0.447,11.600
2048,Annual,London,0.430,12.200
2049,Annual,London,0.442,17.700
2050,Annual,London,0.414,7.300
2051,Annual,London,0.511,17.100
2052,Annual,London,0.509,10.900
2053,Annual,London,0.419,8.200
2054,Annual,London,0.433,7.600
2055,Annual,London,0.438,7.900
2056,Annual,London,0.393,10.300
2057,Annual,London,0.438,9.400
2058,Annual,London,0.422,12.400
2059,Annual,London,0.366,6.500
2060,Annual,London,0.393,8.700
2061,Annual,London,0.421,8.500
2062,Annual,London,0.452,8.100
2063,Annual,London,0.444,11.200
2064,Annual,London,0.478,8.400
2065,Annual,London,0.508,9.800
2066,Annual,London,0.492,11.700
2067,Annual,London,0.391,7.800
2068,Annual,London,0.467,12.800
2069,Annual,London,0.469,15.500
2070,Annual,London,0.481,9.800
2071,Annual,London,0.410,8.700
2072,Annual,London,0.457,8.600
2073,Annual,London,0.360,7.000
2074,Annual,London,0.445,14.300
2075,Annual,London,0.467,10.000
2076,Annual,London,0.452,10.100
2077,Annual,London,0.429,9.000
2078,Annual,London,0.478,9.900
2079,Annual,London,0.451,13.800
1981,Annual,North East England,0.475,14.037
1982,Annual,North East England,0.486,11.167
1983,Annual,North East England,0.474,10.593
1984,Annual,North East England,0.471,10.278
1985,Annual,North East England,0.507,12.815
1986,Annual,North East England,0.482,9.278
1987,Annual,North East England,0.515,12.000
1988,Annual,North East England,0.500,14.167
1989,Annual,North East England,0.519,17.833
1990,Annual,North East England,0.490,13.722
1991,Annual,North East England,0.460,11.426
1992,Annual,North East England,0.478,13.407
1993,Annual,North East England,0.502,14.130
1994,Annual,North East England,0.469,13.167
1995,Annual,North East England,0.478,11.259
1996,Annual,North East England,0.517,13.815
1997,Annual,North East England,0.491,16.444
1998,Annual,North East England,0.502,12.093
1999,Annual,North East England,0.458,10.519
2000,Annual,North East England,0.463,12.778
2001,Annual,North East England,0.518,15.722
2002,Annual,North East England,0.454,11.833
2003,Annual,North East England,0.488,10.056
2004,Annual,North East England,0.501,13.259
2005,Annual,North East England,0.454,10.852
2006,Annual,North East England,0.441,11.537
2007,Annual,North East England,0.531,13.630
2008,Annual,North East England,0.455,14.444
2009,Annual,North East England,0.560,15.093
2010,Annual,North East England,0.514,12.630
2011,Annual,North East England,0.466,13.333
2012,Annual,North East England,0.479,11.648
2013,Annual,North East England,0.482,11.056
2014,Annual,North East England,0.435,10.019
2015,Annual,North East England,0.489,10.333
2016,Annual,North East England,0.467,9.481
2017,Annual,North East England,0.467,10.111
2018,Annual,North East England,0.507,10.704
2019,Annual,North East England,0.459,11.130
2020,Annual,North East England,0.480,11.259
2021,Annual,North East England,0.485,11.111
2022,Annual,North East England,0.460,11.278
2023,Annual,North East England,0.425,11.074
2024,Annual,North East England,0.451,8.426
2025,Annual,North East England,0.424,9.481
2026,Annual,North East England,0.514,13.000
2027,Annual,North East England,0.530,11.481
2028,Annual,North East England,0.476,12.278
2029,Annual,North East England,0.482,11.648
2030,Annual,North East England,0.459,9.870
2031,Annual,North East England,0.526,12.056
2032,Annual,North East England,0.435,9.889
2033,Annual,North East England,0.455,10.481
2034,Annual,North East England,0.453,10.796
2035,Annual,North East England,0.501,12.222
2036,Annual,North East England,0.451,9.500
2037,Annual,North East England,0.468,9.333
2038,Annual,North East England,0.514,14.259
2039,Annual,North East England,0.507,12.037
2040,Annual,North East England,0.468,8.926
2041,Annual,North East England,0.477,15.926
2042,Annual,North East England,0.474,9.759
2043,Annual,North East England,0.497,11.685
2044,Annual,North East England,0.509,11.981
2045,Annual,North East England,0.444,9.315
2046,Annual,North East England,0.486,14.759
2047,Annual,North East England,0.441,9.333
2048,Annual,North East England,0.482,10.537
2049,Annual,North East England,0.495,12.796
2050,Annual,North East England,0.448,12.296
2051,Annual,North East England,0.486,15.185
2052,Annual,North East England,0.510,10.741
2053,Annual,North East England,0.475,9.722
2054,Annual,North East England,0.467,10.019
2055,Annual,North East England,0.484,14.185
2056,Annual,North East England,0.480,11.352
2057,Annual,North East England,0.462,12.204
2058,Annual,North East England,0.442,8.556
2059,Annual,North East England,0.411,8.148
2060,Annual,North East England,0.485,10.704
2061,Annual,North East England,0.457,8.611
2062,Annual,North East England,0.451,12.278
2063,Annual,North East England,0.490,10.370
2064,Annual,North East England,0.491,11.630
2065,Annual,North East England,0.476,8.870
2066,Annual,North East England,0.491,9.315
2067,Annual,North East England,0.473,14.296
2068,Annual,North East England,0.457,8.981
2069,Annual,North East England,0.471,16.611
2070,Annual,North East England,0.520,12.389
2071,Annual,North East England,0.475,12.870
2072,Annual,North East England,0.478,12.315
2073,Annual,North East England,0.460,15.056
2074,Annual,North East England,0.463,11.722
2075,Annual,North East England,0.547,12.389
2076,Annual,North East England,0.489,15.278
2077,Annual,North East England,0.515,10.389
2078,Annual,North East England,0.530,10.463
2079,Annual,North East England,0.489,10.852
1981,Annual,North Scotland,0.593,26.740
1982,Annual,North Scotland,0.594,18.432
1983,Annual,North Scotland,0.556,19.000
1984,Annual,North Scotland,0.544,13.746
1985,Annual,North Scotland,0.644,19.491
1986,Annual,North Scotland,0.613,17.426
1987,Annual,North Scotland,0.649,21.254
1988,Annual,North Scotland,0.540,17.178
1989,Annual,North Scotland,0.607,23.444
1990,Annual,North Scotland,0.589,15.438
1991,Annual,North Scotland,0.602,21.047
1992,Annual,North Scotland,0.597,18.006
1993,Annual,North Scotland,0.632,19.314
1994,Annual,North Scotland,0.577,20.781
1995,Annual,North Scotland,0.639,22.651
1996,Annual,North Scotland,0.615,19.692
1997,Annual,North Scotland,0.600,19.840
1998,Annual,North Scotland,0.605,18.178
1999,Annual,North Scotland,0.579,17.124
2000,Annual,North Scotland,0.556,17.178
2001,Annual,North Scotland,0.616,17.888
2002,Annual,North Scotland,0.538,18.053
2003,Annual,North Scotland,0.553,16.083
2004,Annual,North Scotland,0.617,18.053
2005,Annual,North Scotland,0.611,17.740
2006,Annual,North Scotland,0.573,17.598
2007,Annual,North Scotland,0.569,19.556
2008,Annual,North Scotland,0.609,22.006
2009,Annual,North Scotland,0.565,16.237
2010,Annual,North Scotland,0.617,17.515
2011,Annual,North Scotland,0.627,21.657
2012,Annual,North Scotland,0.613,21.905
2013,Annual,North Scotland,0.597,18.686
2014,Annual,North Scotland,0.573,13.538
2015,Annual,North Scotland,0.574,14.527
2016,Annual,North Scotland,0.564,17.047
2017,Annual,North Scotland,0.614,16.964
2018,Annual,North Scotland,0.565,17.947
2019,Annual,North Scotland,0.577,17.195
2020,Annual,North Scotland,0.639,20.462
2021,Annual,North Scotland,0.587,14.154
2022,Annual,North Scotland,0.561,17.278
2023,Annual,North Scotland,0.564,16.817
2024,Annual,North Scotland,0.640,19.740
2025,Annual,North Scotland,0.586,19.195
2026,Annual,North Scotland,0.590,17.225
2027,Annual,North Scotland,0.623,15.568
2028,Annual,North Scotland,0.618,17.698
2029,Annual,North Scotland,0.642,18.734
2030,Annual,North Scotland,0.566,19.053
2031,Annual,North Scotland,0.623,18.426
2032,Annual,North Scotland,0.589,18.130
2033,Annual,North Scotland,0.552,16.544
2034,Annual,North Scotland,0.534,15.923
2035,Annual,North Scotland,0.624,21.355
2036,Annual,North Scotland,0.550,16.462
2037,Annual,North Scotland,0.574,17.302
2038,Annual,North Scotland,0.620,15.947
2039,Annual,North Scotland,0.597,16.953
2040,Annual,North Scotland,0.577,15.521
2041,Annual,North Scotland,0.638,18.769
2042,Annual,North Scotland,0.619,18.426
2043,Annual,North Scotland,0.608,16.828
2044,Annual,North Scotland,0.625,19.308
2045,Annual,North Scotland,0.586,14.970
2046,Annual,North Scotland,0.611,15.686
2047,Annual,North Scotland,0.591,19.485
2048,Annual,North Scotland,0.620,18.118
2049,Annual,North Scotland,0.598,16.680
2050,Annual,North Scotland,0.524,14.988
2051,Annual,North Scotland,0.584,18.101
2052,Annual,North Scotland,0.569,20.231
2053,Annual,North Scotland,0.623,17.101
2054,Annual,North Scotland,0.571,20.213
2055,Annual,North Scotland,0.582,16.343
2056,Annual,North Scotland,0.639,17.260
2057,Annual,North Scotland,0.530,16.675
2058,Annual,North Scotland,0.554,13.657
2059,Annual,North Scotland,0.585,17.485
2060,Annual,North Scotland,0.579,15.479
2061,Annual,North Scotland,0.592,15.166
2062,Annual,North Scotland,0.620,21.444
2063,Annual,North Scotland,0.662,21.509
2064,Annual,North Scotland,0.588,20.775
2065,Annual,North Scotland,0.608,19.041
2066,Annual,North Scotland,0.595,16.355
2067,Annual,North Scotland,0.597,17.793
2068,Annual,North Scotland,0.588,17.183
2069,Annual,North Scotland,0.612,20.870
2070,Annual,North Scotland,0.613,18.615
2071,Annual,North Scotland,0.547,13.467
2072,Annual,North Scotland,0.591,16.562
2073,Annual,North Scotland,0.592,19.024
2074,Annual,North Scotland,0.604,20.201
2075,Annual,North Scotland,0.643,21.278
2076,Annual,North Scotland,0.589,16.112
2077,Annual,North Scotland,0.641,20.669
2078,Annual,North Scotland,0.680,19.237
2079,Annual,North Scotland,0.613,18.645
1981,Annual,North West England,0.581,20.923
1982,Annual,North West England,0.583,18.872
1983,Annual,North West England,0.567,18.205
1984,Annual,North West England,0.523,11.513
1985,Annual,North West England,0.636,19.154
1986,Annual,North West England,0.592,13.218
1987,Annual,North West England,0.649,19.846
1988,Annual,North West England,0.531,15.910
1989,Annual,North West England,0.601,19.487
1990,Annual,North West England,0.630,18.795
1991,Annual,North West England,0.572,16.333
1992,Annual,North West England,0.572,17.115
1993,Annual,North West England,0.644,18.333
1994,Annual,North West England,0.564,15.910
1995,Annual,North West England,0.625,15.128
1996,Annual,North West England,0.633,18.538
1997,Annual,North West England,0.592,15.897
1998,Annual,North West England,0.631,15.218
1999,Annual,North West England,0.594,19.769
2000,Annual,North West England,0.528,13.833
2001,Annual,North West England,0.621,18.462
2002,Annual,North West England,0.531,14.308
2003,Annual,North West England,0.554,12.808
2004,Annual,North West England,0.605,16.038
2005,Annual,North West England,0.590,16.308
2006,Annual,North West England,0.545,14.256
2007,Annual,North West England,0.561,14.449
2008,Annual,North West England,0.579,15.885
2009,Annual,North West England,0.615,17.410
2010,Annual,North West England,0.600,16.449
2011,Annual,North West England,0.594,18.705
2012,Annual,North West England,0.611,19.910
2013,Annual,North West England,0.583,13.423
2014,Annual,North West England,0.558,15.487
2015,Annual,North West England,0.553,14.654
2016,Annual,North West England,0.559,13.128
2017,Annual,North West England,0.628,15.141
2018,Annual,North West England,0.569,14.885
2019,Annual,North West England,0.545,15.859
2020,Annual,North West England,0.635,19.090
2021,Annual,North West England,0.605,16.090
2022,Annual,North West England,0.506,12.705
2023,Annual,North West England,0.550,15.590
2024,Annual,North West England,0.611,17.218
2025,Annual,North West England,0.585,15.154
2026,Annual,North West England,0.556,14.051
2027,Annual,North West England,0.633,14.192
2028,Annual,North West England,0.597,15.179
2029,Annual,North West England,0.629,19.128
2030,Annual,North West England,0.521,13.667
2031,Annual,North West England,0.624,15.397
2032,Annual,North West England,0.523,13.859
2033,Annual,North West England,0.565,15.538
2034,Annual,North West England,0.554,14.910
2035,Annual,North West England,0.597,17.974
2036,Annual,North West England,0.554,13.128
2037,Annual,North West England,0.553,14.090
2038,Annual,North West England,0.637,19.128
2039,Annual,North West England,0.618,16.026
2040,Annual,North West England,0.560,13.936
2041,Annual,North West England,0.593,16.628
2042,Annual,North West England,0.552,12.474
2043,Annual,North West England,0.589,15.692
2044,Annual,North West England,0.583,17.064
2045,Annual,North West England,0.546,12.231
2046,Annual,North West England,0.580,16.000
2047,Annual,North West England,0.554,13.013
2048,Annual,North West England,0.615,15.731
2049,Annual,North West England,0.621,16.154
2050,Annual,North West England,0.526,17.487
2051,Annual,North West England,0.548,16.513
2052,Annual,North West England,0.634,21.115
2053,Annual,North West England,0.600,18.679
2054,Annual,North West England,0.549,15.474
2055,Annual,North West England,0.558,15.500
2056,Annual,North West England,0.572,15.269
2057,Annual,North West England,0.514,12.103
2058,Annual,North West England,0.527,12.487
2059,Annual,North West England,0.544,13.141
2060,Annual,North West England,0.540,13.974
2061,Annual,North West England,0.540,11.859
2062,Annual,North West England,0.595,18.551
2063,Annual,North West England,0.657,20.385
2064,Annual,North West England,0.589,18.564
2065,Annual,North West England,0.617,14.987
2066,Annual,North West England,0.597,17.821
2067,Annual,North West England,0.539,15.256
2068,Annual,North West England,0.565,15.897
2069,Annual,North West England,0.611,15.513
2070,Annual,North West England,0.614,14.513
2071,Annual,North West England,0.564,16.346
2072,Annual,North West England,0.575,14.551
2073,Annual,North West England,0.553,16.808
2074,Annual,North West England,0.603,16.308
2075,Annual,North West England,0.653,18.192
2076,Annual,North West England,0.569,11.692
2077,Annual,North West England,0.633,17.244
2078,Annual,North West England,0.640,15.244
2079,Annual,North West England,0.573,14.962
1981,Annual,South East England,0.426,12.726
1982,Annual,South East England,0.453,10.434
1983,Annual,South East England,0.485,16.358
1984,Annual,South East England,0.379,7.340
1985,Annual,South East England,0.460,11.028
1986,Annual,South East England,0.470,10.396
1987,Annual,South East England,0.500,11.311
1988,Annual,South East England,0.432,9.349
1989,Annual,South East England,0.464,12.472
1990,Annual,South East England,0.448,10.415
1991,Annual,South East England,0.407,9.245
1992,Annual,South East England,0.431,10.830
1993,Annual,South East England,0.438,10.821
1994,Annual,South East England,0.414,12.509
1995,Annual,South East England,0.438,11.670
1996,Annual,South East England,0.474,12.264
1997,Annual,South East England,0.441,9.151
1998,Annual,South East England,0.509,12.066
1999,Annual,South East England,0.444,13.575
2000,Annual,South East England,0.404,9.434
2001,Annual,South East England,0.470,14.604
2002,Annual,South East England,0.490,11.057
2003,Annual,South East England,0.431,8.283
2004,Annual,South East England,0.473,10.613
2005,Annual,South East England,0.419,9.292
2006,Annual,South East England,0.384,7.802
2007,Annual,South East England,0.492,13.991
2008,Annual,South East England,0.453,13.962
2009,Annual,South East England,0.532,11.981
2010,Annual,South East England,0.477,12.679
2011,Annual,South East England,0.415,8.915
2012,Annual,South East England,0.496,10.377
2013,Annual,South East England,0.467,10.085
2014,Annual,South East England,0.401,7.953
2015,Annual,South East England,0.445,10.679
2016,Annual,South East England,0.411,9.113
2017,Annual,South East England,0.437,11.953
2018,Annual,South East England,0.471,9.877
2019,Annual,South East England,0.432,8.274
2020,Annual,South East England,0.473,9.274
2021,Annual,South East England,0.444,11.368
2022,Annual,South East England,0.395,7.142
2023,Annual,South East England,0.435,10.519
2024,Annual,South East England,0.411,8.189
2025,Annual,South East England,0.382,7.830
2026,Annual,South East England,0.460,11.849
2027,Annual,South East England,0.495,11.066
2028,Annual,South East England,0.422,9.821
2029,Annual,South East England,0.448,9.085
2030,Annual,South East England,0.419,9.321
2031,Annual,South East England,0.475,10.821
2032,Annual,South East England,0.402,7.075
2033,Annual,South East England,0.447,10.000
2034,Annual,South East England,0.436,8.245
2035,Annual,South East England,0.454,9.047
2036,Annual,South East England,0.446,10.377
2037,Annual,South East England,0.456,9.821
2038,Annual,South East England,0.481,13.585
2039,Annual,South East England,0.498,11.415
2040,Annual,South East England,0.406,10.783
2041,Annual,South East England,0.425,11.358
2042,Annual,South East England,0.424,7.585
2043,Annual,South East England,0.505,15.198
2044,Annual,South East England,0.438,9.830
2045,Annual,South East England,0.431,9.396
2046,Annual,South East England,0.461,15.802
2047,Annual,South East England,0.430,11.208
2048,Annual,South East England,0.425,11.708
2049,Annual,South East England,0.433,11.642
2050,Annual,South East England,0.423,9.943
2051,Annual,South East England,0.487,13.717
2052,Annual,South East England,0.510,10.736
2053,Annual,South East England,0.431,8.557
2054,Annual,South East England,0.443,9.170
2055,Annual,South East England,0.436,9.717
2056,Annual,South East England,0.396,9.538
2057,Annual,South East England,0.426,8.557
2058,Annual,South East England,0.433,11.217
2059,Annual,South East England,0.375,6.764
2060,Annual,South East England,0.404,10.057
2061,Annual,South East England,0.419,8.387
2062,Annual,South East England,0.450,8.434
2063,Annual,South East England,0.438,11.349
2064,Annual,South East England,0.477,9.028
2065,Annual,South East England,0.492,9.689
2066,Annual,South East England,0.480,11.528
2067,Annual,South East England,0.400,9.340
2068,Annual,South East England,0.465,11.509
2069,Annual,South East England,0.473,12.160
2070,Annual,South East England,0.487,11.981
2071,Annual,South East England,0.413,9.170
2072,Annual,South East England,0.450,8.925
2073,Annual,South East England,0.363,8.047
2074,Annual,South East England,0.446,13.292
2075,Annual,South East England,0.469,9.811
2076,Annual,South East England,0.457,10.462
2077,Annual,South East England,0.443,12.519
2078,Annual,South East England,0.484,9.736
2079,Annual,South East England,0.438,13.509
1981,Annual,South West England,0.522,14.185
1982,Annual,South West England,0.520,13.123
1983,Annual,South West England,0.532,17.538
1984,Annual,South West England,0.438,9.315
1985,Annual,South West England,0.520,12.615
1986,Annual,South West England,0.533,14.008
1987,Annual,South West England,0.580,14.123
1988,Annual,South West England,0.479,11.838
1989,Annual,South West England,0.522,13.554
1990,Annual,South West England,0.498,12.738
1991,Annual,South West England,0.480,13.585
1992,Annual,South West England,0.476,13.754
1993,Annual,South West England,0.527,15.892
1994,Annual,South West England,0.471,12.446
1995,Annual,South West England,0.517,12.900
1996,Annual,South West England,0.542,15.500
1997,Annual,South West England,0.509,11.300
1998,Annual,South West England,0.583,14.400
1999,Annual,South West England,0.513,13.554
2000,Annual,South West England,0.462,12.208
2001,Annual,South West England,0.511,15.131
2002,Annual,South West England,0.542,12.138
2003,Annual,South West England,0.510,12.254
2004,Annual,South West England,0.561,14.015
2005,Annual,South West England,0.493,10.531
2006,Annual,South West England,0.486,10.200
2007,Annual,South West England,0.555,15.169
2008,Annual,South West England,0.536,15.938
2009,Annual,South West England,0.568,13.454
2010,Annual,South West England,0.534,15.546
2011,Annual,South West England,0.479,11.385
2012,Annual,South West England,0.546,13.115
2013,Annual,South West England,0.510,12.438
2014,Annual,South West England,0.481,9.769
2015,Annual,South West England,0.507,11.585
2016,Annual,South West England,0.464,12.262
2017,Annual,South West England,0.519,13.277
2018,Annual,South West England,0.533,11.385
2019,Annual,South West England,0.488,11.146
2020,Annual,South West England,0.533,11.938
2021,Annual,South West England,0.495,13.077
2022,Annual,South West England,0.457,10.654
2023,Annual,South West England,0.495,11.915
2024,Annual,South West England,0.478,11.215
2025,Annual,South West England,0.470,11.738
2026,Annual,South West England,0.507,12.215
2027,Annual,South West England,0.596,15.562
2028,Annual,South West England,0.484,12.969
2029,Annual,South West England,0.523,12.615
2030,Annual,South West England,0.478,11.038
2031,Annual,South West England,0.538,12.815
2032,Annual,South West England,0.476,9.531
2033,Annual,South West England,0.538,13.300
2034,Annual,South West England,0.514,12.046
2035,Annual,South West England,0.518,11.931
2036,Annual,South West England,0.500,12.454
2037,Annual,South West England,0.505,13.338
2038,Annual,South West England,0.530,15.108
2039,Annual,South West England,0.557,14.885
2040,Annual,South West England,0.480,11.808
2041,Annual,South West England,0.490,14.054
2042,Annual,South West England,0.493,11.238
2043,Annual,South West England,0.572,15.723
2044,Annual,South West England,0.497,13.362
2045,Annual,South West England,0.479,13.531
2046,Annual,South West England,0.528,16.146
2047,Annual,South West England,0.472,11.315
2048,Annual,South West England,0.495,12.454
2049,Annual,South West England,0.499,13.400
2050,Annual,South West England,0.478,14.046
2051,Annual,South West England,0.531,13.492
2052,Annual,South West England,0.579,16.377
2053,Annual,South West England,0.495,12.654
2054,Annual,South West England,0.506,14.369
2055,Annual,South West England,0.481,14.892
2056,Annual,South West England,0.449,11.469
2057,Annual,South West England,0.474,12.600
2058,Annual,South West England,0.484,11.177
2059,Annual,South West England,0.447,9.900
2060,Annual,South West England,0.454,10.638
2061,Annual,South West England,0.468,9.854
2062,Annual,South West England,0.519,11.646
2063,Annual,South West England,0.512,16.969
2064,Annual,South West England,0.534,11.992
2065,Annual,South West England,0.536,12.854
2066,Annual,South West England,0.531,14.169
2067,Annual,South West England,0.451,10.269
2068,Annual,South West England,0.509,13.992
2069,Annual,South West England,0.532,11.900
2070,Annual,South West England,0.540,13.908
2071,Annual,South West England,0.496,12.608
2072,Annual,South West England,0.508,11.723
2073,Annual,South West England,0.441,9.146
2074,Annual,South West England,0.510,14.546
2075,Annual,South West England,0.544,13.623
2076,Annual,South West England,0.514,11.438
2077,Annual,South West England,0.497,13.962
2078,Annual,South West England,0.556,12.477
2079,Annual,South West England,0.504,16.908
1981,Annual,West Midlands,0.470,17.951
1982,Annual,West Midlands,0.481,11.951
1983,Annual,West Midlands,0.482,12.877
1984,Annual,West Midlands,0.416,7.407
1985,Annual,West Midlands,0.484,10.123
1986,Annual,West Midlands,0.490,9.667
1987,Annual,West Midlands,0.531,12.568
1988,Annual,West Midlands,0.432,11.481
1989,Annual,West Midlands,0.507,15.444
1990,Annual,West Midlands,0.484,16.259
1991,Annual,West Midlands,0.425,10.691
1992,Annual,West Midlands,0.454,11.333
1993,Annual,West Midlands,0.492,12.321
1994,Annual,West Midlands,0.443,13.889
1995,Annual,West Midlands,0.485,12.753
1996,Annual,West Midlands,0.501,15.160
1997,Annual,West Midlands,0.469,14.099
1998,Annual,West Midlands,0.533,13.963
1999,Annual,West Midlands,0.492,13.321
2000,Annual,West Midlands,0.425,9.963
2001,Annual,West Midlands,0.470,10.802
2002,Annual,West Midlands,0.479,10.852
2003,Annual,West Midlands,0.459,10.025
2004,Annual,West Midlands,0.510,11.494
2005,Annual,West Midlands,0.459,9.877
2006,Annual,West Midlands,0.439,9.457
2007,Annual,West Midlands,0.502,16.136
2008,Annual,West Midlands,0.488,17.543
2009,Annual,West Midlands,0.540,17.111
2010,Annual,West Midlands,0.492,11.568
2011,Annual,West Midlands,0.455,12.136
2012,Annual,West Midlands,0.477,9.593
2013,Annual,West Midlands,0.459,8.580
2014,Annual,West Midlands,0.450,13.222
2015,Annual,West Midlands,0.471,13.284
2016,Annual,West Midlands,0.434,9.852
2017,Annual,West Midlands,0.484,11.074
2018,Annual,West Midlands,0.504,10.395
2019,Annual,West Midlands,0.458,10.568
2020,Annual,West Midlands,0.500,10.494
2021,Annual,West Midlands,0.458,10.284
2022,Annual,West Midlands,0.419,8.123
2023,Annual,West Midlands,0.460,13.222
2024,Annual,West Midlands,0.460,8.136
2025,Annual,West Midlands,0.412,7.753
2026,Annual,West Midlands,0.475,9.346
2027,Annual,West Midlands,0.516,10.593
2028,Annual,West Midlands,0.450,11.630
2029,Annual,West Midlands,0.479,10.938
2030,Annual,West Midlands,0.430,9.432
2031,Annual,West Midlands,0.526,15.778
2032,Annual,West Midlands,0.414,6.556
2033,Annual,West Midlands,0.473,11.790
2034,Annual,West Midlands,0.479,9.654
2035,Annual,West Midlands,0.484,12.691
2036,Annual,West Midlands,0.459,9.457
2037,Annual,West Midlands,0.451,10.407
2038,Annual,West Midlands,0.512,16.123
2039,Annual,West Midlands,0.521,12.407
2040,Annual,West Midlands,0.425,8.457
2041,Annual,West Midlands,0.457,12.802
2042,Annual,West Midlands,0.434,7.444
2043,Annual,West Midlands,0.494,12.667
2044,Annual,West Midlands,0.474,11.938
2045,Annual,West Midlands,0.448,10.605
2046,Annual,West Midlands,0.475,20.099
2047,Annual,West Midlands,0.447,11.840
2048,Annual,West Midlands,0.460,11.383
2049,Annual,West Midlands,0.469,11.617
2050,Annual,West Midlands,0.456,11.062
2051,Annual,West Midlands,0.492,10.926
2052,Annual,West Midlands,0.539,11.531
2053,Annual,West Midlands,0.457,9.778
2054,Annual,West Midlands,0.444,10.593
2055,Annual,West Midlands,0.445,9.988
2056,Annual,West Midlands,0.429,9.074
2057,Annual,West Midlands,0.413,9.494
2058,Annual,West Midlands,0.432,8.556
2059,Annual,West Midlands,0.392,7.778
2060,Annual,West Midlands,0.440,9.790
2061,Annual,West Midlands,0.413,7.111
2062,Annual,West Midlands,0.471,10.358
2063,Annual,West Midlands,0.482,10.395
2064,Annual,West Midlands,0.489,10.938
2065,Annual,West Midlands,0.501,11.173
2066,Annual,West Midlands,0.498,13.235
2067,Annual,West Midlands,0.405,7.926
2068,Annual,West Midlands,0.458,10.358
2069,Annual,West Midlands,0.487,12.741
2070,Annual,West Midlands,0.495,13.247
2071,Annual,West Midlands,0.446,11.383
2072,Annual,West Midlands,0.465,11.457
2073,Annual,West Midlands,0.416,7.975
2074,Annual,West Midlands,0.455,12.025
2075,Annual,West Midlands,0.516,10.704
2076,Annual,West Midlands,0.482,9.765
2077,Annual,West Midlands,0.473,13.074
2078,Annual,West Midlands,0.523,12.617
2079,Annual,West Midlands,0.451,13.346
1981,Annual,West Scotland,0.598,20.544
1982,Annual,West Scotland,0.612,18.278
1983,Annual,West Scotland,0.572,19.356
1984,Annual,West Scotland,0.554,15.600
1985,Annual,West Scotland,0.668,19.378
1986,Annual,West Scotland,0.625,16.367
1987,Annual,West Scotland,0.647,21.911
1988,Annual,West Scotland,0.531,13.867
1989,Annual,West Scotland,0.609,21.789
1990,Annual,West Scotland,0.612,18.056
1991,Annual,West Scotland,0.604,18.311
1992,Annual,West Scotland,0.613,19.789
1993,Annual,West Scotland,0.653,18.489
1994,Annual,West Scotland,0.578,19.122
1995,Annual,West Scotland,0.648,18.233
1996,Annual,West Scotland,0.655,18.322
1997,Annual,West Scotland,0.607,16.856
1998,Annual,West Scotland,0.625,15.244
1999,Annual,West Scotland,0.583,15.167
2000,Annual,West Scotland,0.560,15.867
2001,Annual,West Scotland,0.629,18.978
2002,Annual,West Scotland,0.528,15.456
2003,Annual,West Scotland,0.560,13.767
2004,Annual,West Scotland,0.614,15.244
2005,Annual,West Scotland,0.617,16.967
2006,Annual,West Scotland,0.589,18.011
2007,Annual,West Scotland,0.582,16.756
2008,Annual,West Scotland,0.617,23.411
2009,Annual,West Scotland,0.601,15.611
2010,Annual,West Scotland,0.613,16.511
2011,Annual,West Scotland,0.629,19.422
2012,Annual,West Scotland,0.612,21.556
2013,Annual,West Scotland,0.602,16.022
2014,Annual,West Scotland,0.585,14.856
2015,Annual,West Scotland,0.566,13.222
2016,Annual,West Scotland,0.574,13.467
2017,Annual,West Scotland,0.635,17.922
2018,Annual,West Scotland,0.563,18.611
2019,Annual,West Scotland,0.545,16.656
2020,Annual,West Scotland,0.645,17.711
2021,Annual,West Scotland,0.616,16.389
2022,Annual,West Scotland,0.530,14.133
2023,Annual,West Scotland,0.566,16.344
2024,Annual,West Scotland,0.630,16.367
2025,Annual,West Scotland,0.589,16.411
2026,Annual,West Scotland,0.563,14.822
2027,Annual,West Scotland,0.635,15.500
2028,Annual,West Scotland,0.606,15.711
2029,Annual,West Scotland,0.650,17.867
2030,Annual,West Scotland,0.554,14.378
2031,Annual,West Scotland,0.645,19.467
2032,Annual,West Scotland,0.552,13.900
2033,Annual,West Scotland,0.553,16.522
2034,Annual,West Scotland,0.563,13.622
2035,Annual,West Scotland,0.617,19.767
2036,Annual,West Scotland,0.556,14.578
2037,Annual,West Scotland,0.576,14.578
2038,Annual,West Scotland,0.645,16.622
2039,Annual,West Scotland,0.602,15.689
2040,Annual,West Scotland,0.583,14.456
2041,Annual,West Scotland,0.608,18.700
2042,Annual,West Scotland,0.616,17.211
2043,Annual,West Scotland,0.604,16.700
2044,Annual,West Scotland,0.609,16.567
2045,Annual,West Scotland,0.558,12.844
2046,Annual,West Scotland,0.602,15.767
2047,Annual,West Scotland,0.584,17.844
2048,Annual,West Scotland,0.632,19.611
2049,Annual,West Scotland,0.615,17.578
2050,Annual,West Scotland,0.527,16.611
2051,Annual,West Scotland,0.544,16.244
2052,Annual,West Scotland,0.602,20.378
2053,Annual,West Scotland,0.634,18.111
2054,Annual,West Scotland,0.558,17.844
2055,Annual,West Scotland,0.588,14.667
2056,Annual,West Scotland,0.609,15.156
2057,Annual,West Scotland,0.512,14.922
2058,Annual,West Scotland,0.547,11.789
2059,Annual,West Scotland,0.560,15.556
2060,Annual,West Scotland,0.551,15.411
2061,Annual,West Scotland,0.566,14.233
2062,Annual,West Scotland,0.606,18.978
2063,Annual,West Scotland,0.656,17.400
2064,Annual,West Scotland,0.585,17.344
2065,Annual,West Scotland,0.626,17.267
2066,Annual,West Scotland,0.618,16.333
2067,Annual,West Scotland,0.569,14.678
2068,Annual,West Scotland,0.574,16.444
2069,Annual,West Scotland,0.615,19.767
2070,Annual,West Scotland,0.621,16.789
2071,Annual,West Scotland,0.560,14.033
2072,Annual,West Scotland,0.601,14.244
2073,Annual,West Scotland,0.582,14.489
2074,Annual,West Scotland,0.593,15.733
2075,Annual,West Scotland,0.653,17.567
2076,Annual,West Scotland,0.594,16.133
2077,Annual,West Scotland,0.628,18.000
2078,Annual,West Scotland,0.651,15.889
2079,Annual,West Scotland,0.574,15.522
1981,Annual,Yorkshire and Humber,0.470,13.752
1982,Annual,Yorkshire and Humber,0.464,11.436
1983,Annual,Yorkshire and Humber,0.458,10.079
1984,Annual,Yorkshire and Humber,0.443,8.673
1985,Annual,Yorkshire and Humber,0.490,11.842
1986,Annual,Yorkshire and Humber,0.459,8.327
1987,Annual,Yorkshire and Humber,0.512,12.297
1988,Annual,Yorkshire and Humber,0.471,11.297
1989,Annual,Yorkshire and Humber,0.502,15.059
1990,Annual,Yorkshire and Humber,0.485,11.851
1991,Annual,Yorkshire and Humber,0.440,11.604
1992,Annual,Yorkshire and Humber,0.462,13.149
1993,Annual,Yorkshire and Humber,0.483,13.535
1994,Annual,Yorkshire and Humber,0.460,11.921
1995,Annual,Yorkshire and Humber,0.459,10.257
1996,Annual,Yorkshire and Humber,0.515,14.099
1997,Annual,Yorkshire and Humber,0.479,14.386
1998,Annual,Yorkshire and Humber,0.526,12.287
1999,Annual,Yorkshire and Humber,0.473,12.089
2000,Annual,Yorkshire and Humber,0.420,10.644
2001,Annual,Yorkshire and Humber,0.481,13.446
2002,Annual,Yorkshire and Humber,0.464,11.822
2003,Annual,Yorkshire and Humber,0.461,11.089
2004,Annual,Yorkshire and Humber,0.495,14.525
2005,Annual,Yorkshire and Humber,0.461,11.317
2006,Annual,Yorkshire and Humber,0.430,12.772
2007,Annual,Yorkshire and Humber,0.517,14.337
2008,Annual,Yorkshire and Humber,0.450,14.871
2009,Annual,Yorkshire and Humber,0.540,13.099
2010,Annual,Yorkshire and Humber,0.481,11.109
2011,Annual,Yorkshire and Humber,0.441,12.376
2012,Annual,Yorkshire and Humber,0.468,10.772
2013,Annual,Yorkshire and Humber,0.465,10.921
2014,Annual,Yorkshire and Humber,0.423,11.495
2015,Annual,Yorkshire and Humber,0.479,14.772
2016,Annual,Yorkshire and Humber,0.457,9.832
2017,Annual,Yorkshire and Humber,0.456,10.901
2018,Annual,Yorkshire and Humber,0.494,9.119
2019,Annual,Yorkshire and Humber,0.466,10.762
2020,Annual,Yorkshire and Humber,0.495,8.851
2021,Annual,Yorkshire and Humber,0.462,10.653
2022,Annual,Yorkshire and Humber,0.436,10.931
2023,Annual,Yorkshire and Humber,0.426,11.337
2024,Annual,Yorkshire and Humber,0.447,9.653
2025,Annual,Yorkshire and Humber,0.431,9.347
2026,Annual,Yorkshire and Humber,0.478,11.990
2027,Annual,Yorkshire and Humber,0.529,11.010
2028,Annual,Yorkshire and Humber,0.456,12.297
2029,Annual,Yorkshire and Humber,0.470,11.030
2030,Annual,Yorkshire and Humber,0.445,10.653
2031,Annual,Yorkshire and Humber,0.517,12.010
2032,Annual,Yorkshire and Humber,0.401,8.683
2033,Annual,Yorkshire and Humber,0.465,11.772
2034,Annual,Yorkshire and Humber,0.459,10.960
2035,Annual,Yorkshire and Humber,0.483,11.960
2036,Annual,Yorkshire and Humber,0.449,9.495
2037,Annual,Yorkshire and Humber,0.445,9.446
2038,Annual,Yorkshire and Humber,0.520,15.257
2039,Annual,Yorkshire and Humber,0.528,11.950
2040,Annual,Yorkshire and Humber,0.430,8.871
2041,Annual,Yorkshire and Humber,0.453,12.337
2042,Annual,Yorkshire and Humber,0.449,8.812
2043,Annual,Yorkshire and Humber,0.479,11.406
2044,Annual,Yorkshire and Humber,0.488,11.079
2045,Annual,Yorkshire and Humber,0.453,10.198
2046,Annual,Yorkshire and Humber,0.455,12.535
2047,Annual,Yorkshire and Humber,0.434,12.198
2048,Annual,Yorkshire and Humber,0.477,9.822
2049,Annual,Yorkshire and Humber,0.463,9.832
2050,Annual,Yorkshire and Humber,0.443,10.683
2051,Annual,Yorkshire and Humber,0.479,14.079
2052,Annual,Yorkshire and Humber,0.509,11.337
2053,Annual,Yorkshire and Humber,0.455,9.752
2054,Annual,Yorkshire and Humber,0.441,8.644
2055,Annual,Yorkshire and Humber,0.472,11.812
2056,Annual,Yorkshire and Humber,0.451,12.139
2057,Annual,Yorkshire and Humber,0.440,9.208
2058,Annual,Yorkshire and Humber,0.431,8.178
2059,Annual,Yorkshire and Humber,0.399,9.366
2060,Annual,Yorkshire and Humber,0.432,9.426
2061,Annual,Yorkshire and Humber,0.416,7.396
2062,Annual,Yorkshire and Humber,0.456,11.525
2063,Annual,Yorkshire and Humber,0.486,10.277
2064,Annual,Yorkshire and Humber,0.481,11.564
2065,Annual,Yorkshire and Humber,0.486,8.891
2066,Annual,Yorkshire and Humber,0.484,9.921
2067,Annual,Yorkshire and Humber,0.444,13.881
2068,Annual,Yorkshire and Humber,0.460,10.297
2069,Annual,Yorkshire and Humber,0.469,14.881
2070,Annual,Yorkshire and Humber,0.515,11.851
2071,Annual,Yorkshire and Humber,0.466,15.723
2072,Annual,Yorkshire and Humber,0.454,13.010
2073,Annual,Yorkshire and Humber,0.435,11.436
2074,Annual,Yorkshire and Humber,0.458,10.851
2075,Annual,Yorkshire and Humber,0.522,12.812
2076,Annual,Yorkshire and Humber,0.476,12.069
2077,Annual,Yorkshire and Humber,0.493,12.337
2078,Annual,Yorkshire and Humber,0.492,9.347
2079,Annual,Yorkshire and Humber,0.477,10.802
1981,Annual,Channel Islands,0.474,17.000
1982,Annual,Channel Islands,0.512,15.000
1983,Annual,Channel Islands,0.586,21.000
1984,Annual,Channel Islands,0.456,21.000
1985,Annual,Channel Islands,0.510,14.000
1986,Annual,Channel Islands,0.553,14.000
1987,Annual,Channel Islands,0.567,21.000
1988,Annual,Channel Islands,0.538,16.000
1989,Annual,Channel Islands,0.589,19.000
1990,Annual,Channel Islands,0.471,12.000
1991,Annual,Channel Islands,0.523,24.000
1992,Annual,Channel Islands,0.467,21.000
1993,Annual,Channel Islands,0.562,23.000
1994,Annual,Channel Islands,0.458,17.000
1995,Annual,Channel Islands,0.474,15.000
1996,Annual,Channel Islands,0.568,21.000
1997,Annual,Channel Islands,0.496,16.000
1998,Annual,Channel Islands,0.562,25.000
1999,Annual,Channel Islands,0.542,14.000
2000,Annual,Channel Islands,0.536,27.000
2001,Annual,Channel Islands,0.551,25.000
2002,Annual,Channel Islands,0.559,17.000
2003,Annual,Channel Islands,0.512,20.000
2004,Annual,Channel Islands,0.593,27.000
2005,Annual,Channel Islands,0.540,29.000
2006,Annual,Channel Islands,0.510,14.000
2007,Annual,Channel Islands,0.570,19.000
2008,Annual,Channel Islands,0.549,14.000
2009,Annual,Channel Islands,0.649,29.000
2010,Annual,Channel Islands,0.490,24.000
2011,Annual,Channel Islands,0.452,9.000
2012,Annual,Channel Islands,0.612,22.000
2013,Annual,Channel Islands,0.589,28.000
2014,Annual,Channel Islands,0.463,16.000
2015,Annual,Channel Islands,0.515,26.000
2016,Annual,Channel Islands,0.486,25.000
2017,Annual,Channel Islands,0.523,12.000
2018,Annual,Channel Islands,0.545,12.000
2019,Annual,Channel Islands,0.507,23.000
2020,Annual,Channel Islands,0.563,15.000
2021,Annual,Channel Islands,0.477,17.000
2022,Annual,Channel Islands,0.485,12.000
2023,Annual,Channel Islands,0.501,11.000
2024,Annual,Channel Islands,0.486,13.000
2025,Annual,Channel Islands,0.471,21.000
2026,Annual,Channel Islands,0.526,15.000
2027,Annual,Channel Islands,0.575,23.000
2028,Annual,Channel Islands,0.497,15.000
2029,Annual,Channel Islands,0.493,23.000
2030,Annual,Channel Islands,0.545,12.000
2031,Annual,Channel Islands,0.518,16.000
2032,Annual,Channel Islands,0.464,14.000
2033,Annual,Channel Islands,0.529,22.000
2034,Annual,Channel Islands,0.518,17.000
2035,Annual,Channel Islands,0.499,15.000
2036,Annual,Channel Islands,0.516,12.000
2037,Annual,Channel Islands,0.479,21.000
2038,Annual,Channel Islands,0.515,16.000
2039,Annual,Channel Islands,0.630,23.000
2040,Annual,Channel Islands,0.505,16.000
2041,Annual,Channel Islands,0.474,16.000
2042,Annual,Channel Islands,0.507,15.000
2043,Annual,Channel Islands,0.600,18.000
2044,Annual,Channel Islands,0.514,26.000
2045,Annual,Channel Islands,0.474,13.000
2046,Annual,Channel Islands,0.521,18.000
2047,Annual,Channel Islands,0.460,15.000
2048,Annual,Channel Islands,0.500,16.000
2049,Annual,Channel Islands,0.515,13.000
2050,Annual,Channel Islands,0.466,15.000
2051,Annual,Channel Islands,0.595,16.000
2052,Annual,Channel Islands,0.557,30.000
2053,Annual,Channel Islands,0.488,16.000
2054,Annual,Channel Islands,0.540,24.000
2055,Annual,Channel Islands,0.540,34.000
2056,Annual,Channel Islands,0.484,26.000
2057,Annual,Channel Islands,0.496,25.000
2058,Annual,Channel Islands,0.540,20.000
2059,Annual,Channel Islands,0.416,22.000
2060,Annual,Channel Islands,0.467,8.000
2061,Annual,Channel Islands,0.515,19.000
2062,Annual,Channel Islands,0.521,16.000
2063,Annual,Channel Islands,0.512,14.000
2064,Annual,Channel Islands,0.585,17.000
2065,Annual,Channel Islands,0.529,15.000
2066,Annual,Channel Islands,0.567,20.000
2067,Annual,Channel Islands,0.449,16.000
2068,Annual,Channel Islands,0.511,27.000
2069,Annual,Channel Islands,0.562,16.000
2070,Annual,Channel Islands,0.564,29.000
2071,Annual,Channel Islands,0.512,23.000
2072,Annual,Channel Islands,0.500,17.000
2073,Annual,Channel Islands,0.449,18.000
2074,Annual,Channel Islands,0.518,20.000
2075,Annual,Channel Islands,0.553,20.000
2076,Annual,Channel Islands,0.492,17.000
2077,Annual,Channel Islands,0.422,14.000
2078,Annual,Channel Islands,0.564,15.000
2079,Annual,Channel Islands,0.512,22.000
1981,Annual,Isle of Man,0.512,20.000
1982,Annual,Isle of Man,0.529,9.000
1983,Annual,Isle of Man,0.512,9.000
1984,Annual,Isle of Man,0.527,10.000
1985,Annual,Isle of Man,0.603,14.000
1986,Annual,Isle of Man,0.559,19.000
1987,Annual,Isle of Man,0.597,15.000
1988,Annual,Isle of Man,0.478,12.000
1989,Annual,Isle of Man,0.567,27.000
1990,Annual,Isle of Man,0.600,27.000
1991,Annual,Isle of Man,0.512,11.000
1992,Annual,Isle of Man,0.514,9.000
1993,Annual,Isle of Man,0.562,16.000
1994,Annual,Isle of Man,0.537,14.000
1995,Annual,Isle of Man,0.545,12.000
1996,Annual,Isle of Man,0.609,13.000
1997,Annual,Isle of Man,0.578,27.000
1998,Annual,Isle of Man,0.625,16.000
1999,Annual,Isle of Man,0.523,10.000
2000,Annual,Isle of Man,0.522,10.000
2001,Annual,Isle of Man,0.553,11.000
2002,Annual,Isle of Man,0.553,13.000
2003,Annual,Isle of Man,0.529,11.000
2004,Annual,Isle of Man,0.557,12.000
2005,Annual,Isle of Man,0.537,9.000
2006,Annual,Isle of Man,0.490,11.000
2007,Annual,Isle of Man,0.573,7.000
2008,Annual,Isle of Man,0.533,14.000
2009,Annual,Isle of Man,0.616,17.000
2010,Annual,Isle of Man,0.545,9.000
2011,Annual,Isle of Man,0.551,11.000
2012,Annual,Isle of Man,0.503,8.000
2013,Annual,Isle of Man,0.542,11.000
2014,Annual,Isle of Man,0.518,11.000
2015,Annual,Isle of Man,0.482,13.000
2016,Annual,Isle of Man,0.486,9.000
2017,Annual,Isle of Man,0.540,12.000
2018,Annual,Isle of Man,0.523,8.000
2019,Annual,Isle of Man,0.479,10.000
2020,Annual,Isle of Man,0.568,19.000
2021,Annual,Isle of Man,0.581,15.000
2022,Annual,Isle of Man,0.518,14.000
2023,Annual,Isle of Man,0.510,7.000
2024,Annual,Isle of Man,0.516,10.000
2025,Annual,Isle of Man,0.501,11.000
2026,Annual,Isle of Man,0.540,9.000
2027,Annual,Isle of Man,0.589,17.000
2028,Annual,Isle of Man,0.522,10.000
2029,Annual,Isle of Man,0.573,10.000
2030,Annual,Isle of Man,0.441,9.000
2031,Annual,Isle of Man,0.630,11.000
2032,Annual,Isle of Man,0.492,8.000
2033,Annual,Isle of Man,0.488,14.000
2034,Annual,Isle of Man,0.501,11.000
2035,Annual,Isle of Man,0.559,15.000
2036,Annual,Isle of Man,0.495,8.000
2037,Annual,Isle of Man,0.540,11.000
2038,Annual,Isle of Man,0.578,9.000
2039,Annual,Isle of Man,0.581,15.000
2040,Annual,Isle of Man,0.492,10.000
2041,Annual,Isle of Man,0.523,13.000
2042,Annual,Isle of Man,0.501,10.000
2043,Annual,Isle of Man,0.600,12.000
2044,Annual,Isle of Man,0.549,10.000
2045,Annual,Isle of Man,0.515,12.000
2046,Annual,Isle of Man,0.523,9.000
2047,Annual,Isle of Man,0.529,10.000
2048,Annual,Isle of Man,0.577,14.000
2049,Annual,Isle of Man,0.542,10.000
2050,Annual,Isle of Man,0.523,10.000
2051,Annual,Isle of Man,0.474,9.000
2052,Annual,Isle of Man,0.590,13.000
2053,Annual,Isle of Man,0.510,11.000
2054,Annual,Isle of Man,0.501,13.000
2055,Annual,Isle of Man,0.570,16.000
2056,Annual,Isle of Man,0.511,9.000
2057,Annual,Isle of Man,0.504,11.000
2058,Annual,Isle of Man,0.496,8.000
2059,Annual,Isle of Man,0.493,10.000
2060,Annual,Isle of Man,0.489,9.000
2061,Annual,Isle of Man,0.510,12.000
2062,Annual,Isle of Man,0.542,16.000
2063,Annual,Isle of Man,0.575,13.000
2064,Annual,Isle of Man,0.574,19.000
2065,Annual,Isle of Man,0.545,11.000
2066,Annual,Isle of Man,0.567,9.000
2067,Annual,Isle of Man,0.564,11.000
2068,Annual,Isle of Man,0.522,11.000
2069,Annual,Isle of Man,0.537,17.000
2070,Annual,Isle of Man,0.605,13.000
2071,Annual,Isle of Man,0.542,10.000
2072,Annual,Isle of Man,0.571,11.000
2073,Annual,Isle of Man,0.523,9.000
2074,Annual,Isle of Man,0.512,9.000
2075,Annual,Isle of Man,0.638,14.000
2076,Annual,Isle of Man,0.538,9.000
2077,Annual,Isle of Man,0.573,10.000
2078,Annual,Isle of Man,0.540,10.000
2079,Annual,Isle of Man,0.556,13.000
1981,Annual,Northern Ireland,0.567,23.698
1982,Annual,Northern Ireland,0.560,19.314
1983,Annual,Northern Ireland,0.525,14.256
1984,Annual,Northern Ireland,0.539,13.291
1985,Annual,Northern Ireland,0.601,16.453
1986,Annual,Northern Ireland,0.593,19.884
1987,Annual,Northern Ireland,0.613,24.174
1988,Annual,Northern Ireland,0.505,13.093
1989,Annual,Northern Ireland,0.588,20.756
1990,Annual,Northern Ireland,0.561,16.965
1991,Annual,Northern Ireland,0.548,16.942
1992,Annual,Northern Ireland,0.584,23.360
1993,Annual,Northern Ireland,0.590,18.500
1994,Annual,Northern Ireland,0.539,19.314
1995,Annual,Northern Ireland,0.568,22.686
1996,Annual,Northern Ireland,0.603,20.163
1997,Annual,Northern Ireland,0.569,14.314
1998,Annual,Northern Ireland,0.597,13.849
1999,Annual,Northern Ireland,0.531,13.279
2000,Annual,Northern Ireland,0.537,18.628
2001,Annual,Northern Ireland,0.569,20.047
2002,Annual,Northern Ireland,0.542,14.209
2003,Annual,Northern Ireland,0.539,14.907
2004,Annual,Northern Ireland,0.581,14.558
2005,Annual,Northern Ireland,0.578,16.116
2006,Annual,Northern Ireland,0.564,20.663
2007,Annual,Northern Ireland,0.561,22.442
2008,Annual,Northern Ireland,0.577,25.221
2009,Annual,Northern Ireland,0.588,18.174
2010,Annual,Northern Ireland,0.585,11.465
2011,Annual,Northern Ireland,0.588,16.419
2012,Annual,Northern Ireland,0.586,18.012
2013,Annual,Northern Ireland,0.552,14.023
2014,Annual,Northern Ireland,0.544,14.360
2015,Annual,Northern Ireland,0.540,14.314
2016,Annual,Northern Ireland,0.522,12.628
2017,Annual,Northern Ireland,0.558,15.058
2018,Annual,Northern Ireland,0.539,14.186
2019,Annual,Northern Ireland,0.519,17.453
2020,Annual,Northern Ireland,0.600,16.779
2021,Annual,Northern Ireland,0.573,14.395
2022,Annual,Northern Ireland,0.477,15.512
2023,Annual,Northern Ireland,0.528,13.686
2024,Annual,Northern Ireland,0.556,12.430
2025,Annual,Northern Ireland,0.516,10.779
2026,Annual,Northern Ireland,0.534,12.384
2027,Annual,Northern Ireland,0.621,15.407
2028,Annual,Northern Ireland,0.547,18.988
2029,Annual,Northern Ireland,0.585,15.849
2030,Annual,Northern Ireland,0.507,15.465
2031,Annual,Northern Ireland,0.633,19.419
2032,Annual,Northern Ireland,0.532,14.209
2033,Annual,Northern Ireland,0.520,15.174
2034,Annual,Northern Ireland,0.567,15.686
2035,Annual,Northern Ireland,0.597,24.174
2036,Annual,Northern Ireland,0.518,11.651
2037,Annual,Northern Ireland,0.548,13.093
2038,Annual,Northern Ireland,0.591,14.256
2039,Annual,Northern Ireland,0.591,16.884
2040,Annual,Northern Ireland,0.543,12.093
2041,Annual,Northern Ireland,0.546,17.012
2042,Annual,Northern Ireland,0.559,12.035
2043,Annual,Northern Ireland,0.586,14.419
2044,Annual,Northern Ireland,0.563,14.244
2045,Annual,Northern Ireland,0.505,13.384
2046,Annual,Northern Ireland,0.556,15.744
2047,Annual,Northern Ireland,0.521,18.093
2048,Annual,Northern Ireland,0.556,13.628
2049,Annual,Northern Ireland,0.581,14.477
2050,Annual,Northern Ireland,0.496,12.558
2051,Annual,Northern Ireland,0.526,14.709
2052,Annual,Northern Ireland,0.582,15.953
2053,Annual,Northern Ireland,0.574,12.360
2054,Annual,Northern Ireland,0.547,15.558
2055,Annual,Northern Ireland,0.567,16.547
2056,Annual,Northern Ireland,0.549,12.116
2057,Annual,Northern Ireland,0.465,15.221
2058,Annual,Northern Ireland,0.487,10.965
2059,Annual,Northern Ireland,0.528,12.826
2060,Annual,Northern Ireland,0.509,13.349
2061,Annual,Northern Ireland,0.516,9.593
2062,Annual,Northern Ireland,0.548,14.360
2063,Annual,Northern Ireland,0.597,13.744
2064,Annual,Northern Ireland,0.564,19.756
2065,Annual,Northern Ireland,0.537,13.000
2066,Annual,Northern Ireland,0.553,11.919
2067,Annual,Northern Ireland,0.526,11.302
2068,Annual,Northern Ireland,0.525,13.709
2069,Annual,Northern Ireland,0.557,14.919
2070,Annual,Northern Ireland,0.581,15.105
2071,Annual,Northern Ireland,0.518,15.663
2072,Annual,Northern Ireland,0.532,15.244
2073,Annual,Northern Ireland,0.532,17.802
2074,Annual,Northern Ireland,0.535,13.581
2075,Annual,Northern Ireland,0.605,15.721
2076,Annual,Northern Ireland,0.545,13.779
2077,Annual,Northern Ireland,0.544,12.093
2078,Annual,Northern Ireland,0.596,16.151
2079,Annual,Northern Ireland,0.510,13.430
1981,Annual,Wales,0.568,18.716
1982,Annual,Wales,0.563,14.294
1983,Annual,Wales,0.559,16.560
1984,Annual,Wales,0.514,10.624
1985,Annual,Wales,0.575,13.716
1986,Annual,Wales,0.575,14.064
1987,Annual,Wales,0.616,15.560
1988,Annual,Wales,0.497,11.358
1989,Annual,Wales,0.569,15.367
1990,Annual,Wales,0.574,17.532
1991,Annual,Wales,0.530,16.294
1992,Annual,Wales,0.543,15.807
1993,Annual,Wales,0.595,17.954
1994,Annual,Wales,0.525,12.073
1995,Annual,Wales,0.569,14.780
1996,Annual,Wales,0.577,16.000
1997,Annual,Wales,0.559,12.835
1998,Annual,Wales,0.613,16.119
1999,Annual,Wales,0.560,18.275
2000,Annual,Wales,0.500,12.440
2001,Annual,Wales,0.569,14.459
2002,Annual,Wales,0.547,12.954
2003,Annual,Wales,0.551,13.431
2004,Annual,Wales,0.594,16.349
2005,Annual,Wales,0.561,13.358
2006,Annual,Wales,0.541,12.000
2007,Annual,Wales,0.579,16.064
2008,Annual,Wales,0.575,15.101
2009,Annual,Wales,0.604,15.422
2010,Annual,Wales,0.563,14.560
2011,Annual,Wales,0.542,12.789
2012,Annual,Wales,0.588,15.899
2013,Annual,Wales,0.538,11.642
2014,Annual,Wales,0.536,14.853
2015,Annual,Wales,0.533,12.743
2016,Annual,Wales,0.529,13.394
2017,Annual,Wales,0.563,13.706
2018,Annual,Wales,0.568,13.651
2019,Annual,Wales,0.517,13.119
2020,Annual,Wales,0.588,15.991
2021,Annual,Wales,0.568,14.101
2022,Annual,Wales,0.501,13.110
2023,Annual,Wales,0.544,14.147
2024,Annual,Wales,0.559,14.908
2025,Annual,Wales,0.520,12.661
2026,Annual,Wales,0.544,12.119
2027,Annual,Wales,0.629,14.514
2028,Annual,Wales,0.535,14.771
2029,Annual,Wales,0.595,16.789
2030,Annual,Wales,0.497,11.413
2031,Annual,Wales,0.594,13.853
2032,Annual,Wales,0.523,10.899
2033,Annual,Wales,0.560,14.376
2034,Annual,Wales,0.560,11.661
2035,Annual,Wales,0.572,14.358
2036,Annual,Wales,0.538,11.670
2037,Annual,Wales,0.546,14.633
2038,Annual,Wales,0.591,16.606
2039,Annual,Wales,0.592,15.028
2040,Annual,Wales,0.525,13.440
2041,Annual,Wales,0.556,15.844
2042,Annual,Wales,0.516,11.119
2043,Annual,Wales,0.595,17.312
2044,Annual,Wales,0.548,16.174
2045,Annual,Wales,0.526,11.954
2046,Annual,Wales,0.560,14.339
2047,Annual,Wales,0.531,12.936
2048,Annual,Wales,0.567,14.028
2049,Annual,Wales,0.562,15.459
2050,Annual,Wales,0.529,15.817
2051,Annual,Wales,0.554,13.165
2052,Annual,Wales,0.613,19.110
2053,Annual,Wales,0.554,18.404
2054,Annual,Wales,0.536,14.193
2055,Annual,Wales,0.532,14.468
2056,Annual,Wales,0.532,14.174
2057,Annual,Wales,0.487,12.009
2058,Annual,Wales,0.517,11.817
2059,Annual,Wales,0.504,11.908
2060,Annual,Wales,0.499,12.477
2061,Annual,Wales,0.515,12.908
2062,Annual,Wales,0.559,14.606
2063,Annual,Wales,0.585,19.073
2064,Annual,Wales,0.583,15.128
2065,Annual,Wales,0.583,14.156
2066,Annual,Wales,0.576,17.505
2067,Annual,Wales,0.506,11.908
2068,Annual,Wales,0.549,15.844
2069,Annual,Wales,0.573,14.450
2070,Annual,Wales,0.588,14.450
2071,Annual,Wales,0.548,13.945
2072,Annual,Wales,0.555,12.486
2073,Annual,Wales,0.525,14.587
2074,Annual,Wales,0.559,14.954
2075,Annual,Wales,0.601,15.321
2076,Annual,Wales,0.560,12.202
2077,Annual,Wales,0.579,16.275
2078,Annual,Wales,0.613,15.615
2079,Annual,Wales,0.564,20.679
1981,DJF,East Midlands,0.259,3.939
1982,DJF,East Midlands,0.371,4.303
1983,DJF,East Midlands,0.380,6.727
1984,DJF,East Midlands,0.370,6.010
1985,DJF,East Midlands,0.336,6.010
1986,DJF,East Midlands,0.378,5.091
1987,DJF,East Midlands,0.373,5.030
1988,DJF,East Midlands,0.317,4.232
1989,DJF,East Midlands,0.294,4.152
1990,DJF,East Midlands,0.367,3.848
1991,DJF,East Midlands,0.370,5.556
1992,DJF,East Midlands,0.288,4.990
1993,DJF,East Midlands,0.336,3.687
1994,DJF,East Midlands,0.331,3.717
1995,DJF,East Midlands,0.389,7.566
1996,DJF,East Midlands,0.365,4.626
1997,DJF,East Midlands,0.420,4.525
1998,DJF,East Midlands,0.341,4.727
1999,DJF,East Midlands,0.407,5.010
2000,DJF,East Midlands,0.365,4.828
2001,DJF,East Midlands,0.396,5.525
2002,DJF,East Midlands,0.328,5.768
2003,DJF,East Midlands,0.316,3.737
2004,DJF,East Midlands,0.342,4.727
2005,DJF,East Midlands,0.369,3.859
2006,DJF,East Midlands,0.345,3.606
2007,DJF,East Midlands,0.394,5.586
2008,DJF,East Midlands,0.311,3.980
2009,DJF,East Midlands,0.486,4.495
2010,DJF,East Midlands,0.379,4.576
2011,DJF,East Midlands,0.345,3.727
2012,DJF,East Midlands,0.469,8.525
2013,DJF,East Midlands,0.404,5.636
2014,DJF,East Midlands,0.284,3.980
2015,DJF,East Midlands,0.311,4.576
2016,DJF,East Midlands,0.363,5.364
2017,DJF,East Midlands,0.373,3.848
2018,DJF,East Midlands,0.427,5.222
2019,DJF,East Midlands,0.425,6.737
2020,DJF,East Midlands,0.419,4.465
2021,DJF,East Midlands,0.358,4.636
2022,DJF,East Midlands,0.362,5.707
2023,DJF,East Midlands,0.324,4.444
2024,DJF,East Midlands,0.349,3.929
2025,DJF,East Midlands,0.413,4.566
2026,DJF,East Midlands,0.364,5.545
2027,DJF,East Midlands,0.480,4.414
2028,DJF,East Midlands,0.289,3.606
2029,DJF,East Midlands,0.415,4.758
2030,DJF,East Midlands,0.237,4.162
2031,DJF,East Midlands,0.429,6.313
2032,DJF,East Midlands,0.360,3.495
2033,DJF,East Midlands,0.400,4.444
2034,DJF,East Midlands,0.370,5.384
2035,DJF,East Midlands,0.397,3.778
2036,DJF,East Midlands,0.399,5.182
2037,DJF,East Midlands,0.364,5.253
2038,DJF,East Midlands,0.459,6.636
2039,DJF,East Midlands,0.352,6.475
2040,DJF,East Midlands,0.414,6.556
2041,DJF,East Midlands,0.483,5.788
2042,DJF,East Midlands,0.447,5.081
2043,DJF,East Midlands,0.461,8.636
2044,DJF,East Midlands,0.337,5.182
2045,DJF,East Midlands,0.403,5.192
2046,DJF,East Midlands,0.425,9.424
2047,DJF,East Midlands,0.356,3.828
2048,DJF,East Midlands,0.499,7.384
2049,DJF,East Midlands,0.369,4.838
2050,DJF,East Midlands,0.458,5.747
2051,DJF,East Midlands,0.417,4.980
2052,DJF,East Midlands,0.490,6.919
2053,DJF,East Midlands,0.324,5.303
2054,DJF,East Midlands,0.354,5.202
2055,DJF,East Midlands,0.385,5.455
2056,DJF,East Midlands,0.427,5.333
2057,DJF,East Midlands,0.315,5.586
2058,DJF,East Midlands,0.383,5.667
2059,DJF,East Midlands,0.336,3.859
2060,DJF,East Midlands,0.328,6.798
2061,DJF,East Midlands,0.367,4.697
2062,DJF,East Midlands,0.481,4.778
2063,DJF,East Midlands,0.499,7.788
2064,DJF,East Midlands,0.420,6.071
2065,DJF,East Midlands,0.446,5.333
2066,DJF,East Midlands,0.467,7.303
2067,DJF,East Midlands,0.297,5.101
2068,DJF,East Midlands,0.420,7.040
2069,DJF,East Midlands,0.453,6.374
2070,DJF,East Midlands,0.446,5.707
2071,DJF,East Midlands,0.460,5.333
2072,DJF,East Midlands,0.405,5.838
2073,DJF,East Midlands,0.346,6.333
2074,DJF,East Midlands,0.434,7.455
2075,DJF,East Midlands,0.448,6.364
2076,DJF,East Midlands,0.440,6.626
2077,DJF,East Midlands,0.545,9.101
2078,DJF,East Midlands,0.454,5.646
2079,DJF,East Midlands,0.351,5.626
1981,DJF,East of England,0.264,3.350
1982,DJF,East of England,0.388,4.117
1983,DJF,East of England,0.354,5.008
1984,DJF,East of England,0.374,6.142
1985,DJF,East of England,0.331,5.250
1986,DJF,East of England,0.374,4.417
1987,DJF,East of England,0.368,5.025
1988,DJF,East of England,0.302,3.800
1989,DJF,East of England,0.290,3.833
1990,DJF,East of England,0.399,4.350
1991,DJF,East of England,0.359,5.292
1992,DJF,East of England,0.304,4.492
1993,DJF,East of England,0.362,4.125
1994,DJF,East of England,0.356,4.167
1995,DJF,East of England,0.379,7.850
1996,DJF,East of England,0.353,3.742
1997,DJF,East of England,0.385,4.608
1998,DJF,East of England,0.348,4.250
1999,DJF,East of England,0.411,4.917
2000,DJF,East of England,0.389,4.692
2001,DJF,East of England,0.401,5.058
2002,DJF,East of England,0.395,6.275
2003,DJF,East of England,0.324,3.783
2004,DJF,East of England,0.360,4.950
2005,DJF,East of England,0.388,3.992
2006,DJF,East of England,0.370,4.583
2007,DJF,East of England,0.367,4.975
2008,DJF,East of England,0.349,3.975
2009,DJF,East of England,0.474,5.250
2010,DJF,East of England,0.384,4.375
2011,DJF,East of England,0.335,3.833
2012,DJF,East of England,0.466,6.808
2013,DJF,East of England,0.449,6.050
2014,DJF,East of England,0.310,4.175
2015,DJF,East of England,0.343,6.225
2016,DJF,East of England,0.357,4.758
2017,DJF,East of England,0.387,4.667
2018,DJF,East of England,0.410,5.958
2019,DJF,East of England,0.414,5.142
2020,DJF,East of England,0.409,4.675
2021,DJF,East of England,0.353,3.217
2022,DJF,East of England,0.332,5.208
2023,DJF,East of England,0.366,4.667
2024,DJF,East of England,0.332,3.175
2025,DJF,East of England,0.390,4.042
2026,DJF,East of England,0.381,5.250
2027,DJF,East of England,0.506,4.858
2028,DJF,East of England,0.318,4.617
2029,DJF,East of England,0.337,3.933
2030,DJF,East of England,0.249,3.558
2031,DJF,East of England,0.463,8.075
2032,DJF,East of England,0.358,3.617
2033,DJF,East of England,0.419,5.658
2034,DJF,East of England,0.359,4.517
2035,DJF,East of England,0.417,3.942
2036,DJF,East of England,0.405,6.617
2037,DJF,East of England,0.381,4.633
2038,DJF,East of England,0.462,6.967
2039,DJF,East of England,0.366,5.783
2040,DJF,East of England,0.432,6.417
2041,DJF,East of England,0.475,5.850
2042,DJF,East of England,0.459,5.975
2043,DJF,East of England,0.483,7.300
2044,DJF,East of England,0.343,4.858
2045,DJF,East of England,0.389,5.517
2046,DJF,East of England,0.400,10.300
2047,DJF,East of England,0.400,4.508
2048,DJF,East of England,0.485,6.650
2049,DJF,East of England,0.366,5.125
2050,DJF,East of England,0.450,6.542
2051,DJF,East of England,0.452,5.958
2052,DJF,East of England,0.452,5.742
2053,DJF,East of England,0.347,4.067
2054,DJF,East of England,0.379,4.925
2055,DJF,East of England,0.428,6.058
2056,DJF,East of England,0.395,4.950
2057,DJF,East of England,0.352,6.317
2058,DJF,East of England,0.392,4.875
2059,DJF,East of England,0.357,3.942
2060,DJF,East of England,0.344,7.350
2061,DJF,East of England,0.373,5.275
2062,DJF,East of England,0.485,5.117
2063,DJF,East of England,0.506,7.875
2064,DJF,East of England,0.411,5.192
2065,DJF,East of England,0.462,5.500
2066,DJF,East of England,0.468,7.033
2067,DJF,East of England,0.318,4.950
2068,DJF,East of England,0.417,5.867
2069,DJF,East of England,0.425,5.758
2070,DJF,East of England,0.457,5.742
2071,DJF,East of England,0.458,5.917
2072,DJF,East of England,0.375,5.400
2073,DJF,East of England,0.350,6.300
2074,DJF,East of England,0.449,6.092
2075,DJF,East of England,0.431,5.617
2076,DJF,East of England,0.424,6.517
2077,DJF,East of England,0.541,10.050
2078,DJF,East of England,0.444,6.150
2079,DJF,East of England,0.351,5.467
1981,DJF,East Scotland,0.353,6.179
1982,DJF,East Scotland,0.428,6.564
1983,DJF,East Scotland,0.478,6.949
1984,DJF,East Scotland,0.361,5.442
1985,DJF,East Scotland,0.437,9.321
1986,DJF,East Scotland,0.452,5.801
1987,DJF,East Scotland,0.453,7.083
1988,DJF,East Scotland,0.355,6.731
1989,DJF,East Scotland,0.273,4.301
1990,DJF,East Scotland,0.397,5.212
1991,DJF,East Scotland,0.452,6.763
1992,DJF,East Scotland,0.434,8.321
1993,DJF,East Scotland,0.531,8.013
1994,DJF,East Scotland,0.356,5.788
1995,DJF,East Scotland,0.496,8.256
1996,DJF,East Scotland,0.483,7.526
1997,DJF,East Scotland,0.461,6.269
1998,DJF,East Scotland,0.408,6.103
1999,DJF,East Scotland,0.474,6.051
2000,DJF,East Scotland,0.379,6.212
2001,DJF,East Scotland,0.486,6.429
2002,DJF,East Scotland,0.303,5.250
2003,DJF,East Scotland,0.326,4.615
2004,DJF,East Scotland,0.429,9.853
2005,DJF,East Scotland,0.412,7.000
2006,DJF,East Scotland,0.480,6.494
2007,DJF,East Scotland,0.504,7.026
2008,DJF,East Scotland,0.347,4.333
2009,DJF,East Scotland,0.498,7.077
2010,DJF,East Scotland,0.435,6.949
2011,DJF,East Scotland,0.337,4.147
2012,DJF,East Scotland,0.497,6.994
2013,DJF,East Scotland,0.464,6.878
2014,DJF,East Scotland,0.360,5.256
2015,DJF,East Scotland,0.351,5.212
2016,DJF,East Scotland,0.383,5.513
2017,DJF,East Scotland,0.491,9.814
2018,DJF,East Scotland,0.460,6.365
2019,DJF,East Scotland,0.437,7.404
2020,DJF,East Scotland,0.505,9.038
2021,DJF,East Scotland,0.433,5.955
2022,DJF,East Scotland,0.429,7.103
2023,DJF,East Scotland,0.443,8.064
2024,DJF,East Scotland,0.520,6.526
2025,DJF,East Scotland,0.487,7.122
2026,DJF,East Scotland,0.449,8.179
2027,DJF,East Scotland,0.509,7.590
2028,DJF,East Scotland,0.361,4.840
2029,DJF,East Scotland,0.489,8.513
2030,DJF,East Scotland,0.276,5.506
2031,DJF,East Scotland,0.524,10.244
2032,DJF,East Scotland,0.454,6.776
2033,DJF,East Scotland,0.469,6.782
2034,DJF,East Scotland,0.439,8.750
2035,DJF,East Scotland,0.454,6.365
2036,DJF,East Scotland,0.333,6.199
2037,DJF,East Scotland,0.443,7.917
2038,DJF,East Scotland,0.515,7.429
2039,DJF,East Scotland,0.369,5.917
2040,DJF,East Scotland,0.515,6.404
2041,DJF,East Scotland,0.526,9.660
2042,DJF,East Scotland,0.547,9.519
2043,DJF,East Scotland,0.472,8.724
2044,DJF,East Scotland,0.434,6.904
2045,DJF,East Scotland,0.459,6.564
2046,DJF,East Scotland,0.521,7.840
2047,DJF,East Scotland,0.393,5.942
2048,DJF,East Scotland,0.458,7.096
2049,DJF,East Scotland,0.451,7.455
2050,DJF,East Scotland,0.510,8.301
2051,DJF,East Scotland,0.353,4.942
2052,DJF,East Scotland,0.494,8.692
2053,DJF,East Scotland,0.467,7.558
2054,DJF,East Scotland,0.412,6.154
2055,DJF,East Scotland,0.423,6.462
2056,DJF,East Scotland,0.477,5.987
2057,DJF,East Scotland,0.382,8.558
2058,DJF,East Scotland,0.382,6.045
2059,DJF,East Scotland,0.370,6.083
2060,DJF,East Scotland,0.421,7.731
2061,DJF,East Scotland,0.434,5.712
2062,DJF,East Scotland,0.501,6.692
2063,DJF,East Scotland,0.541,7.603
2064,DJF,East Scotland,0.427,6.782
2065,DJF,East Scotland,0.518,5.962
2066,DJF,East Scotland,0.537,8.692
2067,DJF,East Scotland,0.363,6.128
2068,DJF,East Scotland,0.407,6.103
2069,DJF,East Scotland,0.464,5.724
2070,DJF,East Scotland,0.504,8.994
2071,DJF,East Scotland,0.476,5.827
2072,DJF,East Scotland,0.535,7.724
2073,DJF,East Scotland,0.474,6.244
2074,DJF,East Scotland,0.456,7.128
2075,DJF,East Scotland,0.490,8.115
2076,DJF,East Scotland,0.446,6.872
2077,DJF,East Scotland,0.522,8.981
2078,DJF,East Scotland,0.554,8.660
2079,DJF,East Scotland,0.469,6.756
1981,DJF,London,0.304,4.800
1982,DJF,London,0.382,4.000
1983,DJF,London,0.392,7.400
1984,DJF,London,0.370,6.300
1985,DJF,London,0.377,5.900
1986,DJF,London,0.402,6.700
1987,DJF,London,0.424,5.000
1988,DJF,London,0.367,4.800
1989,DJF,London,0.317,4.000
1990,DJF,London,0.433,5.000
1991,DJF,London,0.394,5.500
1992,DJF,London,0.382,7.500
1993,DJF,London,0.387,6.800
1994,DJF,London,0.384,4.600
1995,DJF,London,0.420,5.900
1996,DJF,London,0.348,3.200
1997,DJF,London,0.462,5.100
1998,DJF,London,0.364,4.600
1999,DJF,London,0.462,5.800
2000,DJF,London,0.342,4.600
2001,DJF,London,0.452,5.400
2002,DJF,London,0.391,7.700
2003,DJF,London,0.351,3.700
2004,DJF,London,0.359,4.700
2005,DJF,London,0.429,3.800
2006,DJF,London,0.420,5.700
2007,DJF,London,0.354,4.600
2008,DJF,London,0.385,4.700
2009,DJF,London,0.501,9.300
2010,DJF,London,0.437,5.500
2011,DJF,London,0.369,4.400
2012,DJF,London,0.565,8.700
2013,DJF,London,0.449,7.000
2014,DJF,London,0.361,5.900
2015,DJF,London,0.368,4.800
2016,DJF,London,0.400,5.900
2017,DJF,London,0.403,4.800
2018,DJF,London,0.422,7.400
2019,DJF,London,0.439,7.000
2020,DJF,London,0.478,7.200
2021,DJF,London,0.352,3.900
2022,DJF,London,0.332,5.800
2023,DJF,London,0.409,4.800
2024,DJF,London,0.337,3.700
2025,DJF,London,0.396,6.600
2026,DJF,London,0.391,5.500
2027,DJF,London,0.533,5.300
2028,DJF,London,0.382,5.200
2029,DJF,London,0.446,8.400
2030,DJF,London,0.269,4.000
2031,DJF,London,0.469,8.800
2032,DJF,London,0.405,5.000
2033,DJF,London,0.451,7.000
2034,DJF,London,0.379,5.500
2035,DJF,London,0.461,5.700
2036,DJF,London,0.425,4.900
2037,DJF,London,0.460,8.000
2038,DJF,London,0.527,8.600
2039,DJF,London,0.418,7.100
2040,DJF,London,0.467,5.300
2041,DJF,London,0.468,6.800
2042,DJF,London,0.494,7.400
2043,DJF,London,0.480,13.500
2044,DJF,London,0.366,5.200
2045,DJF,London,0.443,5.100
2046,DJF,London,0.413,7.500
2047,DJF,London,0.439,4.600
2048,DJF,London,0.546,12.000
2049,DJF,London,0.391,5.500
2050,DJF,London,0.418,5.800
2051,DJF,London,0.459,5.900
2052,DJF,London,0.534,6.800
2053,DJF,London,0.369,4.500
2054,DJF,London,0.422,5.600
2055,DJF,London,0.438,7.900
2056,DJF,London,0.422,5.100
2057,DJF,London,0.382,8.700
2058,DJF,London,0.402,5.700
2059,DJF,London,0.336,3.100
2060,DJF,London,0.369,6.300
2061,DJF,London,0.428,7.400
2062,DJF,London,0.529,6.800
2063,DJF,London,0.524,10.700
2064,DJF,London,0.464,6.900
2065,DJF,London,0.518,6.100
2066,DJF,London,0.521,9.800
2067,DJF,London,0.371,4.800
2068,DJF,London,0.459,5.400
2069,DJF,London,0.454,5.400
2070,DJF,London,0.462,5.100
2071,DJF,London,0.496,7.500
2072,DJF,London,0.416,7.400
2073,DJF,London,0.377,6.100
2074,DJF,London,0.464,6.100
2075,DJF,London,0.443,5.700
2076,DJF,London,0.453,7.900
2077,DJF,London,0.511,7.000
2078,DJF,London,0.503,6.700
2079,DJF,London,0.381,6.700
1981,DJF,North East England,0.327,4.574
1982,DJF,North East England,0.393,5.185
1983,DJF,North East England,0.394,4.963
1984,DJF,North East England,0.388,6.556
1985,DJF,North East England,0.347,7.389
1986,DJF,North East England,0.400,5.000
1987,DJF,North East England,0.409,5.074
1988,DJF,North East England,0.372,8.056
1989,DJF,North East England,0.314,4.722
1990,DJF,North East England,0.347,4.000
1991,DJF,North East England,0.416,7.704
1992,DJF,North East England,0.327,6.778
1993,DJF,North East England,0.454,6.130
1994,DJF,North East England,0.340,4.519
1995,DJF,North East England,0.416,5.704
1996,DJF,North East England,0.416,5.963
1997,DJF,North East England,0.413,5.815
1998,DJF,North East England,0.350,4.611
1999,DJF,North East England,0.388,5.537
2000,DJF,North East England,0.384,6.074
2001,DJF,North East England,0.450,6.333
2002,DJF,North East England,0.300,6.333
2003,DJF,North East England,0.390,5.463
2004,DJF,North East England,0.375,8.981
2005,DJF,North East England,0.384,4.685
2006,DJF,North East England,0.400,4.537
2007,DJF,North East England,0.481,6.407
2008,DJF,North East England,0.311,3.630
2009,DJF,North East England,0.492,7.407
2010,DJF,North East England,0.394,5.833
2011,DJF,North East England,0.333,4.185
2012,DJF,North East England,0.470,6.074
2013,DJF,North East England,0.372,4.593
2014,DJF,North East England,0.284,4.685
2015,DJF,North East England,0.339,5.037
2016,DJF,North East England,0.400,5.481
2017,DJF,North East England,0.404,5.944
2018,DJF,North East England,0.469,7.352
2019,DJF,North East England,0.401,6.056
2020,DJF,North East England,0.433,6.019
2021,DJF,North East England,0.390,4.481
2022,DJF,North East England,0.414,6.611
2023,DJF,North East England,0.396,6.296
2024,DJF,North East England,0.405,5.167
2025,DJF,North East England,0.427,6.259
2026,DJF,North East England,0.405,6.148
2027,DJF,North East England,0.436,4.667
2028,DJF,North East England,0.302,3.981
2029,DJF,North East England,0.388,5.630
2030,DJF,North East England,0.276,4.148
2031,DJF,North East England,0.493,7.981
2032,DJF,North East England,0.405,5.519
2033,DJF,North East England,0.453,7.759
2034,DJF,North East England,0.372,6.352
2035,DJF,North East England,0.416,4.852
2036,DJF,North East England,0.402,5.611
2037,DJF,North East England,0.405,7.167
2038,DJF,North East England,0.431,5.463
2039,DJF,North East England,0.389,6.685
2040,DJF,North East England,0.488,6.167
2041,DJF,North East England,0.518,7.056
2042,DJF,North East England,0.503,7.796
2043,DJF,North East England,0.449,6.981
2044,DJF,North East England,0.377,6.130
2045,DJF,North East England,0.387,4.519
2046,DJF,North East England,0.465,9.481
2047,DJF,North East England,0.356,4.593
2048,DJF,North East England,0.440,5.556
2049,DJF,North East England,0.385,5.037
2050,DJF,North East England,0.474,7.685
2051,DJF,North East England,0.409,6.037
2052,DJF,North East England,0.471,6.926
2053,DJF,North East England,0.383,4.611
2054,DJF,North East England,0.389,5.130
2055,DJF,North East England,0.402,6.519
2056,DJF,North East England,0.441,5.148
2057,DJF,North East England,0.330,9.056
2058,DJF,North East England,0.392,5.685
2059,DJF,North East England,0.339,4.537
2060,DJF,North East England,0.401,6.611
2061,DJF,North East England,0.388,5.481
2062,DJF,North East England,0.438,5.537
2063,DJF,North East England,0.478,5.296
2064,DJF,North East England,0.369,4.981
2065,DJF,North East England,0.435,5.259
2066,DJF,North East England,0.465,6.185
2067,DJF,North East England,0.356,5.130
2068,DJF,North East England,0.356,4.981
2069,DJF,North East England,0.434,5.481
2070,DJF,North East England,0.499,6.926
2071,DJF,North East England,0.441,4.981
2072,DJF,North East England,0.446,5.296
2073,DJF,North East England,0.428,6.093
2074,DJF,North East England,0.412,5.593
2075,DJF,North East England,0.452,6.704
2076,DJF,North East England,0.422,5.833
2077,DJF,North East England,0.516,6.926
2078,DJF,North East England,0.480,7.333
2079,DJF,North East England,0.378,4.815
1981,DJF,North Scotland,0.496,12.609
1982,DJF,North Scotland,0.582,9.864
1983,DJF,North Scotland,0.670,14.734
1984,DJF,North Scotland,0.402,5.988
1985,DJF,North Scotland,0.636,14.651
1986,DJF,North Scotland,0.528,8.550
1987,DJF,North Scotland,0.548,11.284
1988,DJF,North Scotland,0.318,7.266
1989,DJF,North Scotland,0.338,6.225
1990,DJF,North Scotland,0.553,8.941
1991,DJF,North Scotland,0.575,12.615
1992,DJF,North Scotland,0.567,13.432
1993,DJF,North Scotland,0.632,14.213
1994,DJF,North Scotland,0.452,7.444
1995,DJF,North Scotland,0.553,11.367
1996,DJF,North Scotland,0.597,11.846
1997,DJF,North Scotland,0.522,9.207
1998,DJF,North Scotland,0.555,12.858
1999,DJF,North Scotland,0.619,13.166
2000,DJF,North Scotland,0.401,8.391
2001,DJF,North Scotland,0.609,10.538
2002,DJF,North Scotland,0.364,6.858
2003,DJF,North Scotland,0.330,7.402
2004,DJF,North Scotland,0.556,12.994
2005,DJF,North Scotland,0.518,11.213
2006,DJF,North Scotland,0.577,12.154
2007,DJF,North Scotland,0.458,6.686
2008,DJF,North Scotland,0.477,8.828
2009,DJF,North Scotland,0.470,7.627
2010,DJF,North Scotland,0.566,10.124
2011,DJF,North Scotland,0.475,6.361
2012,DJF,North Scotland,0.639,15.621
2013,DJF,North Scotland,0.527,11.935
2014,DJF,North Scotland,0.512,8.917
2015,DJF,North Scotland,0.425,8.710
2016,DJF,North Scotland,0.390,5.953
2017,DJF,North Scotland,0.632,14.734
2018,DJF,North Scotland,0.485,8.432
2019,DJF,North Scotland,0.480,11.166
2020,DJF,North Scotland,0.703,17.905
2021,DJF,North Scotland,0.586,9.876
2022,DJF,North Scotland,0.467,9.988
2023,DJF,North Scotland,0.510,11.811
2024,DJF,North Scotland,0.674,15.769
2025,DJF,North Scotland,0.671,15.876
2026,DJF,North Scotland,0.523,9.456
2027,DJF,North Scotland,0.573,10.320
2028,DJF,North Scotland,0.567,9.284
2029,DJF,North Scotland,0.623,14.645
2030,DJF,North Scotland,0.311,8.609
2031,DJF,North Scotland,0.572,9.124
2032,DJF,North Scotland,0.648,15.272
2033,DJF,North Scotland,0.570,10.183
2034,DJF,North Scotland,0.484,12.030
2035,DJF,North Scotland,0.552,9.876
2036,DJF,North Scotland,0.445,13.314
2037,DJF,North Scotland,0.467,10.953
2038,DJF,North Scotland,0.595,12.698
2039,DJF,North Scotland,0.444,9.769
2040,DJF,North Scotland,0.592,11.645
2041,DJF,North Scotland,0.622,11.817
2042,DJF,North Scotland,0.559,13.817
2043,DJF,North Scotland,0.547,11.059
2044,DJF,North Scotland,0.480,8.408
2045,DJF,North Scotland,0.545,12.817
2046,DJF,North Scotland,0.637,11.846
2047,DJF,North Scotland,0.559,9.840
2048,DJF,North Scotland,0.559,13.692
2049,DJF,North Scotland,0.526,9.059
2050,DJF,North Scotland,0.613,14.041
2051,DJF,North Scotland,0.408,8.846
2052,DJF,North Scotland,0.554,12.243
2053,DJF,North Scotland,0.648,14.385
2054,DJF,North Scotland,0.515,9.828
2055,DJF,North Scotland,0.515,9.935
2056,DJF,North Scotland,0.587,11.414
2057,DJF,North Scotland,0.395,6.367
2058,DJF,North Scotland,0.452,7.225
2059,DJF,North Scotland,0.470,8.538
2060,DJF,North Scotland,0.467,11.071
2061,DJF,North Scotland,0.543,8.982
2062,DJF,North Scotland,0.692,15.959
2063,DJF,North Scotland,0.726,17.503
2064,DJF,North Scotland,0.579,14.355
2065,DJF,North Scotland,0.614,12.213
2066,DJF,North Scotland,0.640,12.580
2067,DJF,North Scotland,0.499,10.053
2068,DJF,North Scotland,0.469,8.396
2069,DJF,North Scotland,0.522,8.793
2070,DJF,North Scotland,0.635,15.053
2071,DJF,North Scotland,0.539,10.059
2072,DJF,North Scotland,0.598,11.467
2073,DJF,North Scotland,0.551,10.888
2074,DJF,North Scotland,0.530,10.148
2075,DJF,North Scotland,0.587,16.142
2076,DJF,North Scotland,0.412,7.331
2077,DJF,North Scotland,0.562,12.036
2078,DJF,North Scotland,0.666,11.527
2079,DJF,North Scotland,0.618,10.970
1981,DJF,North West England,0.472,10.679
1982,DJF,North West England,0.605,9.231
1983,DJF,North West England,0.712,16.923
1984,DJF,North West England,0.442,9.000
1985,DJF,North West England,0.648,15.974
1986,DJF,North West England,0.539,10.115
1987,DJF,North West England,0.616,10.628
1988,DJF,North West England,0.362,8.128
1989,DJF,North West England,0.291,5.090
1990,DJF,North West England,0.576,8.154
1991,DJF,North West England,0.621,13.397
1992,DJF,North West England,0.553,14.974
1993,DJF,North West England,0.700,15.282
1994,DJF,North West England,0.478,9.936
1995,DJF,North West England,0.594,11.577
1996,DJF,North West England,0.694,13.718
1997,DJF,North West England,0.584,9.000
1998,DJF,North West England,0.599,11.628
1999,DJF,North West England,0.711,16.667
2000,DJF,North West England,0.421,10.026
2001,DJF,North West England,0.686,13.436
2002,DJF,North West England,0.381,10.936
2003,DJF,North West England,0.369,6.128
2004,DJF,North West England,0.587,10.128
2005,DJF,North West England,0.609,12.795
2006,DJF,North West England,0.622,10.244
2007,DJF,North West England,0.510,7.667
2008,DJF,North West England,0.455,6.436
2009,DJF,North West England,0.613,10.564
2010,DJF,North West England,0.608,12.526
2011,DJF,North West England,0.514,6.359
2012,DJF,North West England,0.783,17.782
2013,DJF,North West England,0.560,9.282
2014,DJF,North West England,0.501,9.218
2015,DJF,North West England,0.419,7.397
2016,DJF,North West England,0.490,10.449
2017,DJF,North West England,0.666,13.756
2018,DJF,North West England,0.591,10.731
2019,DJF,North West England,0.559,14.667
2020,DJF,North West England,0.757,18.192
2021,DJF,North West England,0.653,9.577
2022,DJF,North West England,0.466,8.526
2023,DJF,North West England,0.542,13.038
2024,DJF,North West England,0.650,12.603
2025,DJF,North West England,0.724,13.859
2026,DJF,North West England,0.474,8.385
2027,DJF,North West England,0.667,11.103
2028,DJF,North West England,0.610,11.090
2029,DJF,North West England,0.738,17.923
2030,DJF,North West England,0.283,7.282
2031,DJF,North West England,0.618,10.692
2032,DJF,North West England,0.609,12.615
2033,DJF,North West England,0.643,12.577
2034,DJF,North West England,0.485,12.936
2035,DJF,North West England,0.554,9.218
2036,DJF,North West England,0.520,11.128
2037,DJF,North West England,0.518,10.590
2038,DJF,North West England,0.691,11.295
2039,DJF,North West England,0.519,10.218
2040,DJF,North West England,0.652,12.244
2041,DJF,North West England,0.691,13.795
2042,DJF,North West England,0.635,11.821
2043,DJF,North West England,0.584,14.872
2044,DJF,North West England,0.465,9.436
2045,DJF,North West England,0.590,11.179
2046,DJF,North West England,0.629,12.654
2047,DJF,North West England,0.521,7.821
2048,DJF,North West England,0.652,14.538
2049,DJF,North West England,0.573,11.436
2050,DJF,North West England,0.694,17.026
2051,DJF,North West England,0.395,5.167
2052,DJF,North West England,0.693,20.538
2053,DJF,North West England,0.623,11.833
2054,DJF,North West England,0.532,10.821
2055,DJF,North West England,0.538,11.397
2056,DJF,North West England,0.652,12.974
2057,DJF,North West England,0.391,8.064
2058,DJF,North West England,0.487,11.628
2059,DJF,North West England,0.510,11.205
2060,DJF,North West England,0.447,9.641
2061,DJF,North West England,0.564,8.564
2062,DJF,North West England,0.734,17.718
2063,DJF,North West England,0.797,19.192
2064,DJF,North West England,0.612,15.026
2065,DJF,North West England,0.633,8.885
2066,DJF,North West England,0.673,14.526
2067,DJF,North West England,0.485,9.551
2068,DJF,North West England,0.473,8.859
2069,DJF,North West England,0.623,9.654
2070,DJF,North West England,0.699,12.103
2071,DJF,North West England,0.642,10.346
2072,DJF,North West England,0.582,9.295
2073,DJF,North West England,0.532,9.513
2074,DJF,North West England,0.594,11.641
2075,DJF,North West England,0.653,12.103
2076,DJF,North West England,0.481,8.372
2077,DJF,North West England,0.659,15.692
2078,DJF,North West England,0.701,13.282
2079,DJF,North West England,0.563,10.667
1981,DJF,South East England,0.264,4.594
1982,DJF,South East England,0.394,4.670
1983,DJF,South East England,0.397,8.085
1984,DJF,South East England,0.358,5.585
1985,DJF,South East England,0.368,5.632
1986,DJF,South East England,0.422,6.604
1987,DJF,South East England,0.442,5.849
1988,DJF,South East England,0.359,5.038
1989,DJF,South East England,0.315,3.821
1990,DJF,South East England,0.407,4.283
1991,DJF,South East England,0.381,5.774
1992,DJF,South East England,0.361,6.415
1993,DJF,South East England,0.388,5.519
1994,DJF,South East England,0.377,5.198
1995,DJF,South East England,0.485,10.736
1996,DJF,South East England,0.388,3.953
1997,DJF,South East England,0.491,6.519
1998,DJF,South East England,0.365,4.877
1999,DJF,South East England,0.457,6.877
2000,DJF,South East England,0.352,5.075
2001,DJF,South East England,0.439,6.208
2002,DJF,South East England,0.377,6.509
2003,DJF,South East England,0.371,4.019
2004,DJF,South East England,0.337,4.066
2005,DJF,South East England,0.450,5.443
2006,DJF,South East England,0.410,4.906
2007,DJF,South East England,0.380,4.811
2008,DJF,South East England,0.375,3.972
2009,DJF,South East England,0.534,7.462
2010,DJF,South East England,0.446,5.415
2011,DJF,South East England,0.368,4.208
2012,DJF,South East England,0.545,8.236
2013,DJF,South East England,0.474,7.019
2014,DJF,South East England,0.355,5.858
2015,DJF,South East England,0.353,5.689
2016,DJF,South East England,0.414,7.104
2017,DJF,South East England,0.401,4.292
2018,DJF,South East England,0.423,7.877
2019,DJF,South East England,0.425,6.406
2020,DJF,South East England,0.464,5.387
2021,DJF,South East England,0.377,4.991
2022,DJF,South East England,0.365,5.094
2023,DJF,South East England,0.416,4.736
2024,DJF,South East England,0.353,4.066
2025,DJF,South East England,0.398,5.849
2026,DJF,South East England,0.366,4.858
2027,DJF,South East England,0.583,6.660
2028,DJF,South East England,0.367,5.453
2029,DJF,South East England,0.468,6.283
2030,DJF,South East England,0.295,5.736
2031,DJF,South East England,0.460,5.585
2032,DJF,South East England,0.397,4.443
2033,DJF,South East England,0.445,7.104
2034,DJF,South East England,0.372,4.943
2035,DJF,South East England,0.454,5.019
2036,DJF,South East England,0.422,5.264
2037,DJF,South East England,0.483,6.585
2038,DJF,South East England,0.534,8.500
2039,DJF,South East England,0.404,6.415
2040,DJF,South East England,0.483,7.358
2041,DJF,South East England,0.462,6.000
2042,DJF,South East England,0.518,6.208
2043,DJF,South East England,0.502,14.774
2044,DJF,South East England,0.363,6.538
2045,DJF,South East England,0.461,6.321
2046,DJF,South East England,0.415,7.434
2047,DJF,South East England,0.404,4.547
2048,DJF,South East England,0.539,11.311
2049,DJF,South East England,0.375,5.830
2050,DJF,South East England,0.446,7.009
2051,DJF,South East England,0.434,4.717
2052,DJF,South East England,0.533,8.038
2053,DJF,South East England,0.388,5.302
2054,DJF,South East England,0.427,6.179
2055,DJF,South East England,0.426,9.019
2056,DJF,South East England,0.439,5.887
2057,DJF,South East England,0.378,7.198
2058,DJF,South East England,0.400,7.028
2059,DJF,South East England,0.359,4.226
2060,DJF,South East England,0.394,6.670
2061,DJF,South East England,0.411,7.009
2062,DJF,South East England,0.517,7.075
2063,DJF,South East England,0.520,10.198
2064,DJF,South East England,0.457,6.085
2065,DJF,South East England,0.496,6.075
2066,DJF,South East England,0.513,9.085
2067,DJF,South East England,0.361,5.557
2068,DJF,South East England,0.492,6.613
2069,DJF,South East England,0.456,6.849
2070,DJF,South East England,0.474,5.972
2071,DJF,South East England,0.496,6.170
2072,DJF,South East England,0.415,6.962
2073,DJF,South East England,0.376,6.953
2074,DJF,South East England,0.474,7.868
2075,DJF,South East England,0.449,6.028
2076,DJF,South East England,0.480,9.387
2077,DJF,South East England,0.527,9.387
2078,DJF,South East England,0.517,6.802
2079,DJF,South East England,0.394,6.396
1981,DJF,South West England,0.344,6.154
1982,DJF,South West England,0.490,7.315
1983,DJF,South West England,0.512,10.708
1984,DJF,South West England,0.414,6.962
1985,DJF,South West England,0.482,8.331
1986,DJF,South West England,0.493,9.485
1987,DJF,South West England,0.540,8.869
1988,DJF,South West England,0.404,7.615
1989,DJF,South West England,0.335,4.392
1990,DJF,South West England,0.498,5.931
1991,DJF,South West England,0.520,10.654
1992,DJF,South West England,0.423,7.538
1993,DJF,South West England,0.485,7.162
1994,DJF,South West England,0.449,7.062
1995,DJF,South West England,0.516,8.969
1996,DJF,South West England,0.502,7.362
1997,DJF,South West England,0.554,7.500
1998,DJF,South West England,0.487,8.646
1999,DJF,South West England,0.592,10.431
2000,DJF,South West England,0.407,6.062
2001,DJF,South West England,0.507,7.477
2002,DJF,South West England,0.461,8.577
2003,DJF,South West England,0.433,7.238
2004,DJF,South West England,0.468,6.069
2005,DJF,South West England,0.517,6.969
2006,DJF,South West England,0.517,7.031
2007,DJF,South West England,0.483,6.031
2008,DJF,South West England,0.464,5.885
2009,DJF,South West England,0.581,8.800
2010,DJF,South West England,0.548,10.308
2011,DJF,South West England,0.445,6.023
2012,DJF,South West England,0.630,11.715
2013,DJF,South West England,0.538,8.038
2014,DJF,South West England,0.458,7.262
2015,DJF,South West England,0.399,5.362
2016,DJF,South West England,0.468,8.823
2017,DJF,South West England,0.535,8.754
2018,DJF,South West England,0.525,8.608
2019,DJF,South West England,0.509,9.892
2020,DJF,South West England,0.571,9.000
2021,DJF,South West England,0.474,7.569
2022,DJF,South West England,0.455,9.238
2023,DJF,South West England,0.484,8.908
2024,DJF,South West England,0.440,7.146
2025,DJF,South West England,0.561,10.062
2026,DJF,South West England,0.424,5.000
2027,DJF,South West England,0.698,12.538
2028,DJF,South West England,0.456,6.385
2029,DJF,South West England,0.597,10.123
2030,DJF,South West England,0.360,8.223
2031,DJF,South West England,0.519,8.215
2032,DJF,South West England,0.512,6.938
2033,DJF,South West England,0.586,11.700
2034,DJF,South West England,0.458,7.400
2035,DJF,South West England,0.536,6.508
2036,DJF,South West England,0.496,6.908
2037,DJF,South West England,0.555,10.869
2038,DJF,South West England,0.607,9.915
2039,DJF,South West England,0.479,7.585
2040,DJF,South West England,0.562,9.262
2041,DJF,South West England,0.552,11.608
2042,DJF,South West England,0.631,10.038
2043,DJF,South West England,0.559,14.608
2044,DJF,South West England,0.383,8.285
2045,DJF,South West England,0.522,9.638
2046,DJF,South West England,0.518,8.615
2047,DJF,South West England,0.472,6.246
2048,DJF,South West England,0.589,10.962
2049,DJF,South West England,0.471,8.969
2050,DJF,South West England,0.556,9.508
2051,DJF,South West England,0.455,4.592
2052,DJF,South West England,0.628,14.738
2053,DJF,South West England,0.458,7.208
2054,DJF,South West England,0.532,11.631
2055,DJF,South West England,0.484,14.085
2056,DJF,South West England,0.527,9.492
2057,DJF,South West England,0.453,10.485
2058,DJF,South West England,0.461,8.554
2059,DJF,South West England,0.461,8.885
2060,DJF,South West England,0.470,8.446
2061,DJF,South West England,0.495,7.346
2062,DJF,South West England,0.622,9.715
2063,DJF,South West England,0.622,14.977
2064,DJF,South West England,0.550,9.446
2065,DJF,South West England,0.584,8.231
2066,DJF,South West England,0.613,10.992
2067,DJF,South West England,0.427,7.531
2068,DJF,South West England,0.500,8.246
2069,DJF,South West England,0.548,7.554
2070,DJF,South West England,0.556,8.685
2071,DJF,South West England,0.579,8.092
2072,DJF,South West England,0.464,7.569
2073,DJF,South West England,0.481,7.531
2074,DJF,South West England,0.539,9.677
2075,DJF,South West England,0.553,9.469
2076,DJF,South West England,0.523,9.923
2077,DJF,South West England,0.583,11.231
2078,DJF,South West England,0.609,9.346
2079,DJF,South West England,0.463,7.500
1981,DJF,West Midlands,0.264,3.827
1982,DJF,West Midlands,0.427,5.049
1983,DJF,West Midlands,0.424,9.284
1984,DJF,West Midlands,0.393,6.025
1985,DJF,West Midlands,0.398,6.469
1986,DJF,West Midlands,0.414,5.951
1987,DJF,West Midlands,0.421,6.123
1988,DJF,West Midlands,0.304,4.926
1989,DJF,West Midlands,0.293,3.901
1990,DJF,West Midlands,0.391,3.877
1991,DJF,West Midlands,0.395,5.877
1992,DJF,West Midlands,0.313,5.506
1993,DJF,West Midlands,0.362,4.037
1994,DJF,West Midlands,0.353,4.914
1995,DJF,West Midlands,0.425,7.272
1996,DJF,West Midlands,0.389,4.099
1997,DJF,West Midlands,0.447,4.988
1998,DJF,West Midlands,0.375,4.481
1999,DJF,West Midlands,0.467,6.012
2000,DJF,West Midlands,0.356,5.469
2001,DJF,West Midlands,0.438,6.123
2002,DJF,West Midlands,0.357,7.506
2003,DJF,West Midlands,0.329,3.580
2004,DJF,West Midlands,0.388,4.716
2005,DJF,West Midlands,0.399,3.593
2006,DJF,West Midlands,0.400,4.444
2007,DJF,West Midlands,0.401,4.864
2008,DJF,West Midlands,0.362,3.938
2009,DJF,West Midlands,0.511,6.247
2010,DJF,West Midlands,0.453,5.704
2011,DJF,West Midlands,0.367,4.296
2012,DJF,West Midlands,0.497,8.247
2013,DJF,West Midlands,0.424,5.840
2014,DJF,West Midlands,0.335,4.494
2015,DJF,West Midlands,0.336,4.198
2016,DJF,West Midlands,0.383,6.111
2017,DJF,West Midlands,0.428,5.358
2018,DJF,West Midlands,0.466,7.457
2019,DJF,West Midlands,0.442,7.370
2020,DJF,West Midlands,0.473,5.099
2021,DJF,West Midlands,0.401,4.914
2022,DJF,West Midlands,0.376,6.136
2023,DJF,West Midlands,0.369,5.074
2024,DJF,West Midlands,0.404,4.765
2025,DJF,West Midlands,0.432,4.519
2026,DJF,West Midlands,0.370,5.852
2027,DJF,West Midlands,0.556,6.877
2028,DJF,West Midlands,0.356,4.543
2029,DJF,West Midlands,0.486,6.321
2030,DJF,West Midlands,0.227,5.519
2031,DJF,West Midlands,0.443,6.383
2032,DJF,West Midlands,0.419,4.185
2033,DJF,West Midlands,0.444,5.580
2034,DJF,West Midlands,0.366,5.358
2035,DJF,West Midlands,0.441,4.877
2036,DJF,West Midlands,0.402,5.494
2037,DJF,West Midlands,0.430,5.877
2038,DJF,West Midlands,0.516,6.086
2039,DJF,West Midlands,0.383,6.333
2040,DJF,West Midlands,0.481,6.667
2041,DJF,West Midlands,0.502,6.235
2042,DJF,West Midlands,0.491,5.407
2043,DJF,West Midlands,0.463,9.778
2044,DJF,West Midlands,0.338,7.543
2045,DJF,West Midlands,0.441,7.210
2046,DJF,West Midlands,0.435,6.346
2047,DJF,West Midlands,0.370,4.333
2048,DJF,West Midlands,0.503,11.037
2049,DJF,West Midlands,0.384,5.963
2050,DJF,West Midlands,0.500,7.136
2051,DJF,West Midlands,0.394,4.531
2052,DJF,West Midlands,0.542,8.062
2053,DJF,West Midlands,0.375,6.025
2054,DJF,West Midlands,0.414,5.247
2055,DJF,West Midlands,0.399,6.185
2056,DJF,West Midlands,0.443,6.951
2057,DJF,West Midlands,0.348,5.667
2058,DJF,West Midlands,0.413,5.901
2059,DJF,West Midlands,0.350,4.123
2060,DJF,West Midlands,0.379,7.938
2061,DJF,West Midlands,0.410,5.506
2062,DJF,West Midlands,0.526,7.086
2063,DJF,West Midlands,0.571,9.123
2064,DJF,West Midlands,0.456,6.790
2065,DJF,West Midlands,0.472,6.012
2066,DJF,West Midlands,0.510,7.667
2067,DJF,West Midlands,0.346,6.506
2068,DJF,West Midlands,0.402,6.667
2069,DJF,West Midlands,0.500,8.469
2070,DJF,West Midlands,0.522,7.654
2071,DJF,West Midlands,0.482,5.951
2072,DJF,West Midlands,0.437,7.333
2073,DJF,West Midlands,0.390,6.259
2074,DJF,West Midlands,0.444,8.198
2075,DJF,West Midlands,0.468,6.235
2076,DJF,West Midlands,0.461,7.543
2077,DJF,West Midlands,0.549,8.272
2078,DJF,West Midlands,0.508,6.667
2079,DJF,West Midlands,0.372,6.383
1981,DJF,West Scotland,0.520,11.478
1982,DJF,West Scotland,0.627,11.767
1983,DJF,West Scotland,0.698,14.478
1984,DJF,West Scotland,0.425,7.478
1985,DJF,West Scotland,0.656,13.633
1986,DJF,West Scotland,0.572,10.600
1987,DJF,West Scotland,0.614,14.156
1988,DJF,West Scotland,0.356,6.844
1989,DJF,West Scotland,0.315,5.078
1990,DJF,West Scotland,0.555,8.456
1991,DJF,West Scotland,0.600,12.856
1992,DJF,West Scotland,0.553,17.344
1993,DJF,West Scotland,0.721,14.078
1994,DJF,West Scotland,0.452,8.811
1995,DJF,West Scotland,0.585,11.244
1996,DJF,West Scotland,0.691,13.822
1997,DJF,West Scotland,0.583,9.089
1998,DJF,West Scotland,0.578,10.078
1999,DJF,West Scotland,0.684,12.944
2000,DJF,West Scotland,0.392,10.056
2001,DJF,West Scotland,0.635,11.111
2002,DJF,West Scotland,0.378,8.989
2003,DJF,West Scotland,0.362,6.722
2004,DJF,West Scotland,0.614,12.822
2005,DJF,West Scotland,0.600,10.822
2006,DJF,West Scotland,0.631,13.144
2007,DJF,West Scotland,0.540,8.533
2008,DJF,West Scotland,0.478,7.356
2009,DJF,West Scotland,0.601,11.122
2010,DJF,West Scotland,0.615,14.578
2011,DJF,West Scotland,0.470,6.044
2012,DJF,West Scotland,0.721,18.811
2013,DJF,West Scotland,0.550,9.256
2014,DJF,West Scotland,0.519,9.678
2015,DJF,West Scotland,0.443,7.844
2016,DJF,West Scotland,0.446,6.500
2017,DJF,West Scotland,0.661,16.511
2018,DJF,West Scotland,0.540,9.656
2019,DJF,West Scotland,0.530,13.956
2020,DJF,West Scotland,0.740,14.689
2021,DJF,West Scotland,0.619,10.500
2022,DJF,West Scotland,0.484,7.167
2023,DJF,West Scotland,0.560,13.100
2024,DJF,West Scotland,0.669,12.900
2025,DJF,West Scotland,0.715,14.311
2026,DJF,West Scotland,0.468,10.811
2027,DJF,West Scotland,0.613,9.478
2028,DJF,West Scotland,0.608,10.278
2029,DJF,West Scotland,0.687,15.822
2030,DJF,West Scotland,0.290,8.122
2031,DJF,West Scotland,0.645,12.000
2032,DJF,West Scotland,0.630,10.989
2033,DJF,West Scotland,0.629,12.389
2034,DJF,West Scotland,0.518,10.989
2035,DJF,West Scotland,0.563,9.222
2036,DJF,West Scotland,0.459,12.056
2037,DJF,West Scotland,0.532,10.744
2038,DJF,West Scotland,0.668,11.044
2039,DJF,West Scotland,0.472,9.400
2040,DJF,West Scotland,0.632,12.056
2041,DJF,West Scotland,0.674,16.533
2042,DJF,West Scotland,0.677,16.089
2043,DJF,West Scotland,0.587,13.944
2044,DJF,West Scotland,0.520,10.289
2045,DJF,West Scotland,0.579,11.011
2046,DJF,West Scotland,0.681,12.544
2047,DJF,West Scotland,0.551,9.689
2048,DJF,West Scotland,0.585,12.644
2049,DJF,West Scotland,0.584,11.622
2050,DJF,West Scotland,0.658,15.978
2051,DJF,West Scotland,0.393,6.233
2052,DJF,West Scotland,0.646,18.978
2053,DJF,West Scotland,0.645,12.867
2054,DJF,West Scotland,0.538,9.989
2055,DJF,West Scotland,0.514,10.144
2056,DJF,West Scotland,0.638,11.333
2057,DJF,West Scotland,0.395,6.989
2058,DJF,West Scotland,0.488,8.956
2059,DJF,West Scotland,0.485,10.156
2060,DJF,West Scotland,0.473,11.856
2061,DJF,West Scotland,0.552,8.444
2062,DJF,West Scotland,0.735,17.178
2063,DJF,West Scotland,0.770,15.378
2064,DJF,West Scotland,0.563,12.289
2065,DJF,West Scotland,0.643,10.022
2066,DJF,West Scotland,0.718,16.011
2067,DJF,West Scotland,0.516,11.156
2068,DJF,West Scotland,0.441,8.889
2069,DJF,West Scotland,0.557,8.478
2070,DJF,West Scotland,0.704,14.478
2071,DJF,West Scotland,0.613,10.356
2072,DJF,West Scotland,0.641,9.744
2073,DJF,West Scotland,0.550,9.822
2074,DJF,West Scotland,0.568,10.167
2075,DJF,West Scotland,0.625,13.400
2076,DJF,West Scotland,0.491,9.322
2077,DJF,West Scotland,0.592,13.900
2078,DJF,West Scotland,0.697,13.511
2079,DJF,West Scotland,0.596,12.789
1981,DJF,Yorkshire and Humber,0.293,4.871
1982,DJF,Yorkshire and Humber,0.407,5.327
1983,DJF,Yorkshire and Humber,0.419,6.248
1984,DJF,Yorkshire and Humber,0.401,6.535
1985,DJF,Yorkshire and Humber,0.356,6.723
1986,DJF,Yorkshire and Humber,0.371,4.703
1987,DJF,Yorkshire and Humber,0.403,5.436
1988,DJF,Yorkshire and Humber,0.332,5.218
1989,DJF,Yorkshire and Humber,0.278,4.426
1990,DJF,Yorkshire and Humber,0.365,4.178
1991,DJF,Yorkshire and Humber,0.424,6.881
1992,DJF,Yorkshire and Humber,0.329,6.772
1993,DJF,Yorkshire and Humber,0.430,5.386
1994,DJF,Yorkshire and Humber,0.367,4.614
1995,DJF,Yorkshire and Humber,0.416,6.277
1996,DJF,Yorkshire and Humber,0.410,5.941
1997,DJF,Yorkshire and Humber,0.398,4.832
1998,DJF,Yorkshire and Humber,0.370,5.297
1999,DJF,Yorkshire and Humber,0.435,6.782
2000,DJF,Yorkshire and Humber,0.359,4.832
2001,DJF,Yorkshire and Humber,0.441,5.881
2002,DJF,Yorkshire and Humber,0.321,5.000
2003,DJF,Yorkshire and Humber,0.359,4.604
2004,DJF,Yorkshire and Humber,0.374,5.733
2005,DJF,Yorkshire and Humber,0.415,5.248
2006,DJF,Yorkshire and Humber,0.396,4.465
2007,DJF,Yorkshire and Humber,0.442,5.911
2008,DJF,Yorkshire and Humber,0.322,4.178
2009,DJF,Yorkshire and Humber,0.467,5.257
2010,DJF,Yorkshire and Humber,0.401,6.099
2011,DJF,Yorkshire and Humber,0.348,4.158
2012,DJF,Yorkshire and Humber,0.502,8.733
2013,DJF,Yorkshire and Humber,0.386,4.317
2014,DJF,Yorkshire and Humber,0.309,4.911
2015,DJF,Yorkshire and Humber,0.348,4.703
2016,DJF,Yorkshire and Humber,0.408,6.317
2017,DJF,Yorkshire and Humber,0.414,5.465
2018,DJF,Yorkshire and Humber,0.483,6.149
2019,DJF,Yorkshire and Humber,0.418,6.416
2020,DJF,Yorkshire and Humber,0.480,5.574
2021,DJF,Yorkshire and Humber,0.404,4.366
2022,DJF,Yorkshire and Humber,0.395,6.228
2023,DJF,Yorkshire and Humber,0.369,6.149
2024,DJF,Yorkshire and Humber,0.401,5.990
2025,DJF,Yorkshire and Humber,0.467,6.485
2026,DJF,Yorkshire and Humber,0.389,5.832
2027,DJF,Yorkshire and Humber,0.477,4.812
2028,DJF,Yorkshire and Humber,0.316,4.228
2029,DJF,Yorkshire and Humber,0.432,5.653
2030,DJF,Yorkshire and Humber,0.288,5.495
2031,DJF,Yorkshire and Humber,0.465,7.050
2032,DJF,Yorkshire and Humber,0.383,5.050
2033,DJF,Yorkshire and Humber,0.439,5.634
2034,DJF,Yorkshire and Humber,0.366,7.119
2035,DJF,Yorkshire and Humber,0.405,4.812
2036,DJF,Yorkshire and Humber,0.422,7.000
2037,DJF,Yorkshire and Humber,0.397,6.366
2038,DJF,Yorkshire and Humber,0.467,6.059
2039,DJF,Yorkshire and Humber,0.411,7.634
2040,DJF,Yorkshire and Humber,0.457,6.990
2041,DJF,Yorkshire and Humber,0.504,7.752
2042,DJF,Yorkshire and Humber,0.491,6.347
2043,DJF,Yorkshire and Humber,0.470,7.960
2044,DJF,Yorkshire and Humber,0.368,5.713
2045,DJF,Yorkshire and Humber,0.407,4.891
2046,DJF,Yorkshire and Humber,0.447,9.772
2047,DJF,Yorkshire and Humber,0.358,4.158
2048,DJF,Yorkshire and Humber,0.500,7.089
2049,DJF,Yorkshire and Humber,0.381,4.723
2050,DJF,Yorkshire and Humber,0.501,7.366
2051,DJF,Yorkshire and Humber,0.385,4.663
2052,DJF,Yorkshire and Humber,0.497,7.574
2053,DJF,Yorkshire and Humber,0.355,4.980
2054,DJF,Yorkshire and Humber,0.384,6.040
2055,DJF,Yorkshire and Humber,0.427,5.624
2056,DJF,Yorkshire and Humber,0.467,5.752
2057,DJF,Yorkshire and Humber,0.315,6.535
2058,DJF,Yorkshire and Humber,0.385,5.396
2059,DJF,Yorkshire and Humber,0.339,4.644
2060,DJF,Yorkshire and Humber,0.390,6.604
2061,DJF,Yorkshire and Humber,0.366,4.901
2062,DJF,Yorkshire and Humber,0.490,6.564
2063,DJF,Yorkshire and Humber,0.544,8.772
2064,DJF,Yorkshire and Humber,0.406,8.010
2065,DJF,Yorkshire and Humber,0.459,4.782
2066,DJF,Yorkshire and Humber,0.470,6.802
2067,DJF,Yorkshire and Humber,0.337,4.772
2068,DJF,Yorkshire and Humber,0.410,5.871
2069,DJF,Yorkshire and Humber,0.475,7.485
2070,DJF,Yorkshire and Humber,0.483,6.050
2071,DJF,Yorkshire and Humber,0.447,4.149
2072,DJF,Yorkshire and Humber,0.447,7.030
2073,DJF,Yorkshire and Humber,0.378,6.485
2074,DJF,Yorkshire and Humber,0.433,6.069
2075,DJF,Yorkshire and Humber,0.450,6.960
2076,DJF,Yorkshire and Humber,0.428,6.743
2077,DJF,Yorkshire and Humber,0.534,9.950
2078,DJF,Yorkshire and Humber,0.483,6.257
2079,DJF,Yorkshire and Humber,0.368,4.525
1981,DJF,Channel Islands,0.422,8.000
1982,DJF,Channel Islands,0.744,15.000
1983,DJF,Channel Islands,0.667,21.000
1984,DJF,Channel Islands,0.615,12.000
1985,DJF,Channel Islands,0.611,12.000
1986,DJF,Channel Islands,0.700,13.000
1987,DJF,Channel Islands,0.700,11.000
1988,DJF,Channel Islands,0.703,16.000
1989,DJF,Channel Islands,0.733,19.000
1990,DJF,Channel Islands,0.578,9.000
1991,DJF,Channel Islands,0.700,24.000
1992,DJF,Channel Islands,0.637,11.000
1993,DJF,Channel Islands,0.733,12.000
1994,DJF,Channel Islands,0.589,12.000
1995,DJF,Channel Islands,0.744,13.000
1996,DJF,Channel Islands,0.714,18.000
1997,DJF,Channel Islands,0.744,16.000
1998,DJF,Channel Islands,0.622,18.000
1999,DJF,Channel Islands,0.689,13.000
2000,DJF,Channel Islands,0.758,10.000
2001,DJF,Channel Islands,0.744,14.000
2002,DJF,Channel Islands,0.678,12.000
2003,DJF,Channel Islands,0.733,20.000
2004,DJF,Channel Islands,0.637,18.000
2005,DJF,Channel Islands,0.800,14.000
2006,DJF,Channel Islands,0.778,11.000
2007,DJF,Channel Islands,0.711,19.000
2008,DJF,Channel Islands,0.703,11.000
2009,DJF,Channel Islands,0.711,20.000
2010,DJF,Channel Islands,0.656,10.000
2011,DJF,Channel Islands,0.533,6.000
2012,DJF,Channel Islands,0.780,18.000
2013,DJF,Channel Islands,0.656,13.000
2014,DJF,Channel Islands,0.678,16.000
2015,DJF,Channel Islands,0.622,10.000
2016,DJF,Channel Islands,0.593,25.000
2017,DJF,Channel Islands,0.689,9.000
2018,DJF,Channel Islands,0.622,12.000
2019,DJF,Channel Islands,0.633,14.000
2020,DJF,Channel Islands,0.769,14.000
2021,DJF,Channel Islands,0.600,9.000
2022,DJF,Channel Islands,0.633,9.000
2023,DJF,Channel Islands,0.622,11.000
2024,DJF,Channel Islands,0.560,12.000
2025,DJF,Channel Islands,0.689,21.000
2026,DJF,Channel Islands,0.722,11.000
2027,DJF,Channel Islands,0.700,21.000
2028,DJF,Channel Islands,0.571,11.000
2029,DJF,Channel Islands,0.689,18.000
2030,DJF,Channel Islands,0.622,9.000
2031,DJF,Channel Islands,0.678,16.000
2032,DJF,Channel Islands,0.670,9.000
2033,DJF,Channel Islands,0.700,14.000
2034,DJF,Channel Islands,0.600,12.000
2035,DJF,Channel Islands,0.633,9.000
2036,DJF,Channel Islands,0.626,12.000
2037,DJF,Channel Islands,0.678,21.000
2038,DJF,Channel Islands,0.633,9.000
2039,DJF,Channel Islands,0.722,19.000
2040,DJF,Channel Islands,0.736,16.000
2041,DJF,Channel Islands,0.722,16.000
2042,DJF,Channel Islands,0.744,15.000
2043,DJF,Channel Islands,0.678,18.000
2044,DJF,Channel Islands,0.582,10.000
2045,DJF,Channel Islands,0.600,11.000
2046,DJF,Channel Islands,0.644,18.000
2047,DJF,Channel Islands,0.633,8.000
2048,DJF,Channel Islands,0.758,10.000
2049,DJF,Channel Islands,0.689,13.000
2050,DJF,Channel Islands,0.633,9.000
2051,DJF,Channel Islands,0.811,15.000
2052,DJF,Channel Islands,0.714,13.000
2053,DJF,Channel Islands,0.578,16.000
2054,DJF,Channel Islands,0.600,20.000
2055,DJF,Channel Islands,0.722,14.000
2056,DJF,Channel Islands,0.725,19.000
2057,DJF,Channel Islands,0.611,25.000
2058,DJF,Channel Islands,0.622,13.000
2059,DJF,Channel Islands,0.533,12.000
2060,DJF,Channel Islands,0.593,7.000
2061,DJF,Channel Islands,0.711,14.000
2062,DJF,Channel Islands,0.789,16.000
2063,DJF,Channel Islands,0.678,13.000
2064,DJF,Channel Islands,0.758,17.000
2065,DJF,Channel Islands,0.678,11.000
2066,DJF,Channel Islands,0.733,20.000
2067,DJF,Channel Islands,0.500,16.000
2068,DJF,Channel Islands,0.637,10.000
2069,DJF,Channel Islands,0.711,16.000
2070,DJF,Channel Islands,0.589,9.000
2071,DJF,Channel Islands,0.789,23.000
2072,DJF,Channel Islands,0.549,6.000
2073,DJF,Channel Islands,0.633,10.000
2074,DJF,Channel Islands,0.689,7.000
2075,DJF,Channel Islands,0.667,14.000
2076,DJF,Channel Islands,0.615,13.000
2077,DJF,Channel Islands,0.578,14.000
2078,DJF,Channel Islands,0.678,13.000
2079,DJF,Channel Islands,0.544,11.000
1981,DJF,Isle of Man,0.400,5.000
1982,DJF,Isle of Man,0.478,5.000
1983,DJF,Isle of Man,0.511,9.000
1984,DJF,Isle of Man,0.374,4.000
1985,DJF,Isle of Man,0.500,8.000
1986,DJF,Isle of Man,0.456,6.000
1987,DJF,Isle of Man,0.544,6.000
1988,DJF,Isle of Man,0.319,7.000
1989,DJF,Isle of Man,0.289,3.000
1990,DJF,Isle of Man,0.500,6.000
1991,DJF,Isle of Man,0.411,7.000
1992,DJF,Isle of Man,0.418,6.000
1993,DJF,Isle of Man,0.522,8.000
1994,DJF,Isle of Man,0.433,5.000
1995,DJF,Isle of Man,0.478,6.000
1996,DJF,Isle of Man,0.505,7.000
1997,DJF,Isle of Man,0.567,6.000
1998,DJF,Isle of Man,0.522,4.000
1999,DJF,Isle of Man,0.500,5.000
2000,DJF,Isle of Man,0.341,6.000
2001,DJF,Isle of Man,0.522,5.000
2002,DJF,Isle of Man,0.367,9.000
2003,DJF,Isle of Man,0.322,3.000
2004,DJF,Isle of Man,0.418,7.000
2005,DJF,Isle of Man,0.467,4.000
2006,DJF,Isle of Man,0.444,6.000
2007,DJF,Isle of Man,0.544,7.000
2008,DJF,Isle of Man,0.385,4.000
2009,DJF,Isle of Man,0.644,17.000
2010,DJF,Isle of Man,0.578,7.000
2011,DJF,Isle of Man,0.411,7.000
2012,DJF,Isle of Man,0.473,6.000
2013,DJF,Isle of Man,0.433,4.000
2014,DJF,Isle of Man,0.367,6.000
2015,DJF,Isle of Man,0.344,4.000
2016,DJF,Isle of Man,0.516,6.000
2017,DJF,Isle of Man,0.467,7.000
2018,DJF,Isle of Man,0.544,8.000
2019,DJF,Isle of Man,0.444,5.000
2020,DJF,Isle of Man,0.495,5.000
2021,DJF,Isle of Man,0.489,7.000
2022,DJF,Isle of Man,0.456,8.000
2023,DJF,Isle of Man,0.456,4.000
2024,DJF,Isle of Man,0.451,4.000
2025,DJF,Isle of Man,0.522,5.000
2026,DJF,Isle of Man,0.422,7.000
2027,DJF,Isle of Man,0.522,5.000
2028,DJF,Isle of Man,0.429,5.000
2029,DJF,Isle of Man,0.500,7.000
2030,DJF,Isle of Man,0.167,3.000
2031,DJF,Isle of Man,0.611,6.000
2032,DJF,Isle of Man,0.451,4.000
2033,DJF,Isle of Man,0.522,7.000
2034,DJF,Isle of Man,0.333,5.000
2035,DJF,Isle of Man,0.522,8.000
2036,DJF,Isle of Man,0.396,3.000
2037,DJF,Isle of Man,0.589,6.000
2038,DJF,Isle of Man,0.556,5.000
2039,DJF,Isle of Man,0.467,8.000
2040,DJF,Isle of Man,0.582,5.000
2041,DJF,Isle of Man,0.600,11.000
2042,DJF,Isle of Man,0.544,7.000
2043,DJF,Isle of Man,0.567,6.000
2044,DJF,Isle of Man,0.429,9.000
2045,DJF,Isle of Man,0.500,12.000
2046,DJF,Isle of Man,0.511,6.000
2047,DJF,Isle of Man,0.411,3.000
2048,DJF,Isle of Man,0.549,6.000
2049,DJF,Isle of Man,0.422,5.000
2050,DJF,Isle of Man,0.589,6.000
2051,DJF,Isle of Man,0.322,4.000
2052,DJF,Isle of Man,0.571,7.000
2053,DJF,Isle of Man,0.456,8.000
2054,DJF,Isle of Man,0.400,6.000
2055,DJF,Isle of Man,0.478,7.000
2056,DJF,Isle of Man,0.582,9.000
2057,DJF,Isle of Man,0.400,9.000
2058,DJF,Isle of Man,0.467,6.000
2059,DJF,Isle of Man,0.478,4.000
2060,DJF,Isle of Man,0.462,6.000
2061,DJF,Isle of Man,0.456,7.000
2062,DJF,Isle of Man,0.589,7.000
2063,DJF,Isle of Man,0.611,8.000
2064,DJF,Isle of Man,0.527,8.000
2065,DJF,Isle of Man,0.533,5.000
2066,DJF,Isle of Man,0.556,6.000
2067,DJF,Isle of Man,0.444,6.000
2068,DJF,Isle of Man,0.418,5.000
2069,DJF,Isle of Man,0.522,11.000
2070,DJF,Isle of Man,0.656,13.000
2071,DJF,Isle of Man,0.556,9.000
2072,DJF,Isle of Man,0.582,6.000
2073,DJF,Isle of Man,0.578,7.000
2074,DJF,Isle of Man,0.511,8.000
2075,DJF,Isle of Man,0.556,7.000
2076,DJF,Isle of Man,0.637,9.000
2077,DJF,Isle of Man,0.556,8.000
2078,DJF,Isle of Man,0.589,7.000
2079,DJF,Isle of Man,0.522,5.000
1981,DJF,Northern Ireland,0.402,6.349
1982,DJF,Northern Ireland,0.479,6.547
1983,DJF,Northern Ireland,0.539,7.605
1984,DJF,Northern Ireland,0.387,5.151
1985,DJF,Northern Ireland,0.503,8.919
1986,DJF,Northern Ireland,0.489,7.500
1987,DJF,Northern Ireland,0.479,5.442
1988,DJF,Northern Ireland,0.304,4.663
1989,DJF,Northern Ireland,0.311,4.593
1990,DJF,Northern Ireland,0.464,5.988
1991,DJF,Northern Ireland,0.487,8.709
1992,DJF,Northern Ireland,0.410,10.209
1993,DJF,Northern Ireland,0.523,8.244
1994,DJF,Northern Ireland,0.378,5.512
1995,DJF,Northern Ireland,0.427,5.116
1996,DJF,Northern Ireland,0.522,7.198
1997,DJF,Northern Ireland,0.474,6.593
1998,DJF,Northern Ireland,0.516,6.872
1999,DJF,Northern Ireland,0.502,6.977
2000,DJF,Northern Ireland,0.342,6.570
2001,DJF,Northern Ireland,0.506,6.826
2002,DJF,Northern Ireland,0.348,7.221
2003,DJF,Northern Ireland,0.304,5.395
2004,DJF,Northern Ireland,0.501,8.279
2005,DJF,Northern Ireland,0.439,6.186
2006,DJF,Northern Ireland,0.472,5.500
2007,DJF,Northern Ireland,0.434,5.407
2008,DJF,Northern Ireland,0.393,4.605
2009,DJF,Northern Ireland,0.512,7.372
2010,DJF,Northern Ireland,0.554,7.977
2011,DJF,Northern Ireland,0.417,5.442
2012,DJF,Northern Ireland,0.581,9.535
2013,DJF,Northern Ireland,0.443,4.826
2014,DJF,Northern Ireland,0.422,6.767
2015,DJF,Northern Ireland,0.379,4.744
2016,DJF,Northern Ireland,0.413,4.721
2017,DJF,Northern Ireland,0.522,8.302
2018,DJF,Northern Ireland,0.477,7.163
2019,DJF,Northern Ireland,0.446,9.186
2020,DJF,Northern Ireland,0.613,12.105
2021,DJF,Northern Ireland,0.495,6.523
2022,DJF,Northern Ireland,0.398,9.105
2023,DJF,Northern Ireland,0.472,7.721
2024,DJF,Northern Ireland,0.483,7.023
2025,DJF,Northern Ireland,0.583,8.116
2026,DJF,Northern Ireland,0.395,6.023
2027,DJF,Northern Ireland,0.543,6.919
2028,DJF,Northern Ireland,0.439,6.337
2029,DJF,Northern Ireland,0.518,7.779
2030,DJF,Northern Ireland,0.219,5.593
2031,DJF,Northern Ireland,0.593,13.116
2032,DJF,Northern Ireland,0.485,9.442
2033,DJF,Northern Ireland,0.516,7.058
2034,DJF,Northern Ireland,0.471,8.884
2035,DJF,Northern Ireland,0.497,6.674
2036,DJF,Northern Ireland,0.391,5.349
2037,DJF,Northern Ireland,0.486,8.733
2038,DJF,Northern Ireland,0.565,7.337
2039,DJF,Northern Ireland,0.436,6.221
2040,DJF,Northern Ireland,0.523,6.221
2041,DJF,Northern Ireland,0.554,11.372
2042,DJF,Northern Ireland,0.578,10.000
2043,DJF,Northern Ireland,0.503,9.105
2044,DJF,Northern Ireland,0.478,8.884
2045,DJF,Northern Ireland,0.466,11.000
2046,DJF,Northern Ireland,0.578,7.244
2047,DJF,Northern Ireland,0.453,8.349
2048,DJF,Northern Ireland,0.439,7.209
2049,DJF,Northern Ireland,0.516,6.837
2050,DJF,Northern Ireland,0.564,7.907
2051,DJF,Northern Ireland,0.359,5.395
2052,DJF,Northern Ireland,0.600,11.884
2053,DJF,Northern Ireland,0.480,8.384
2054,DJF,Northern Ireland,0.513,8.221
2055,DJF,Northern Ireland,0.482,6.733
2056,DJF,Northern Ireland,0.531,7.453
2057,DJF,Northern Ireland,0.365,5.616
2058,DJF,Northern Ireland,0.406,5.395
2059,DJF,Northern Ireland,0.426,6.767
2060,DJF,Northern Ireland,0.420,8.116
2061,DJF,Northern Ireland,0.516,7.779
2062,DJF,Northern Ireland,0.583,9.267
2063,DJF,Northern Ireland,0.643,11.360
2064,DJF,Northern Ireland,0.469,7.000
2065,DJF,Northern Ireland,0.528,8.279
2066,DJF,Northern Ireland,0.546,8.860
2067,DJF,Northern Ireland,0.466,7.884
2068,DJF,Northern Ireland,0.409,5.721
2069,DJF,Northern Ireland,0.515,8.686
2070,DJF,Northern Ireland,0.608,12.523
2071,DJF,Northern Ireland,0.549,7.826
2072,DJF,Northern Ireland,0.530,12.442
2073,DJF,Northern Ireland,0.476,8.860
2074,DJF,Northern Ireland,0.513,7.093
2075,DJF,Northern Ireland,0.535,8.279
2076,DJF,Northern Ireland,0.430,7.965
2077,DJF,Northern Ireland,0.557,9.128
2078,DJF,Northern Ireland,0.555,6.616
2079,DJF,Northern Ireland,0.470,7.233
1981,DJF,Wales,0.424,7.963
1982,DJF,Wales,0.565,9.083
1983,DJF,Wales,0.577,14.661
1984,DJF,Wales,0.479,8.532
1985,DJF,Wales,0.559,10.596
1986,DJF,Wales,0.534,9.578
1987,DJF,Wales,0.571,9.349
1988,DJF,Wales,0.424,7.798
1989,DJF,Wales,0.354,5.028
1990,DJF,Wales,0.573,8.064
1991,DJF,Wales,0.570,13.642
1992,DJF,Wales,0.512,11.073
1993,DJF,Wales,0.581,11.725
1994,DJF,Wales,0.475,7.725
1995,DJF,Wales,0.572,9.908
1996,DJF,Wales,0.578,9.312
1997,DJF,Wales,0.585,9.321
1998,DJF,Wales,0.533,9.046
1999,DJF,Wales,0.645,13.431
2000,DJF,Wales,0.430,7.560
2001,DJF,Wales,0.596,11.275
2002,DJF,Wales,0.446,9.367
2003,DJF,Wales,0.415,6.872
2004,DJF,Wales,0.562,9.009
2005,DJF,Wales,0.583,9.495
2006,DJF,Wales,0.573,9.128
2007,DJF,Wales,0.534,6.982
2008,DJF,Wales,0.484,6.881
2009,DJF,Wales,0.641,11.037
2010,DJF,Wales,0.593,11.532
2011,DJF,Wales,0.483,6.697
2012,DJF,Wales,0.708,14.872
2013,DJF,Wales,0.533,7.459
2014,DJF,Wales,0.488,8.349
2015,DJF,Wales,0.428,6.394
2016,DJF,Wales,0.497,9.670
2017,DJF,Wales,0.554,8.651
2018,DJF,Wales,0.593,9.661
2019,DJF,Wales,0.534,11.596
2020,DJF,Wales,0.649,12.954
2021,DJF,Wales,0.567,9.009
2022,DJF,Wales,0.475,9.138
2023,DJF,Wales,0.532,8.908
2024,DJF,Wales,0.556,11.376
2025,DJF,Wales,0.637,11.156
2026,DJF,Wales,0.463,6.505
2027,DJF,Wales,0.689,10.761
2028,DJF,Wales,0.520,8.872
2029,DJF,Wales,0.693,14.560
2030,DJF,Wales,0.333,8.468
2031,DJF,Wales,0.571,9.404
2032,DJF,Wales,0.577,8.697
2033,DJF,Wales,0.608,10.633
2034,DJF,Wales,0.497,7.780
2035,DJF,Wales,0.575,8.523
2036,DJF,Wales,0.528,7.972
2037,DJF,Wales,0.577,12.009
2038,DJF,Wales,0.662,10.697
2039,DJF,Wales,0.487,8.890
2040,DJF,Wales,0.593,10.193
2041,DJF,Wales,0.619,13.284
2042,DJF,Wales,0.633,10.349
2043,DJF,Wales,0.581,16.422
2044,DJF,Wales,0.422,8.303
2045,DJF,Wales,0.551,9.771
2046,DJF,Wales,0.580,9.954
2047,DJF,Wales,0.484,7.037
2048,DJF,Wales,0.617,12.303
2049,DJF,Wales,0.517,10.468
2050,DJF,Wales,0.651,13.523
2051,DJF,Wales,0.461,5.358
2052,DJF,Wales,0.671,17.523
2053,DJF,Wales,0.541,9.541
2054,DJF,Wales,0.534,10.936
2055,DJF,Wales,0.508,12.826
2056,DJF,Wales,0.599,11.358
2057,DJF,Wales,0.442,7.936
2058,DJF,Wales,0.506,9.165
2059,DJF,Wales,0.499,9.624
2060,DJF,Wales,0.470,9.872
2061,DJF,Wales,0.553,8.092
2062,DJF,Wales,0.676,12.725
2063,DJF,Wales,0.697,17.220
2064,DJF,Wales,0.596,11.587
2065,DJF,Wales,0.617,9.239
2066,DJF,Wales,0.642,13.633
2067,DJF,Wales,0.465,8.752
2068,DJF,Wales,0.483,8.550
2069,DJF,Wales,0.585,10.000
2070,DJF,Wales,0.662,10.284
2071,DJF,Wales,0.624,10.220
2072,DJF,Wales,0.544,9.422
2073,DJF,Wales,0.550,9.459
2074,DJF,Wales,0.579,10.734
2075,DJF,Wales,0.594,11.404
2076,DJF,Wales,0.535,9.761
2077,DJF,Wales,0.603,12.780
2078,DJF,Wales,0.634,11.367
2079,DJF,Wales,0.555,8.532
1981,MAM,East Midlands,0.467,6.646
1982,MAM,East Midlands,0.561,8.374
1983,MAM,East Midlands,0.542,8.040
1984,MAM,East Midlands,0.386,6.040
1985,MAM,East Midlands,0.592,7.768
1986,MAM,East Midlands,0.555,8.303
1987,MAM,East Midlands,0.593,12.798
1988,MAM,East Midlands,0.576,10.495
1989,MAM,East Midlands,0.543,12.091
1990,MAM,East Midlands,0.468,9.485
1991,MAM,East Midlands,0.446,8.485
1992,MAM,East Midlands,0.530,6.970
1993,MAM,East Midlands,0.468,9.899
1994,MAM,East Midlands,0.500,13.485
1995,MAM,East Midlands,0.515,10.596
1996,MAM,East Midlands,0.677,13.273
1997,MAM,East Midlands,0.447,8.808
1998,MAM,East Midlands,0.596,11.192
1999,MAM,East Midlands,0.543,14.212
2000,MAM,East Midlands,0.521,8.626
2001,MAM,East Midlands,0.514,9.737
2002,MAM,East Midlands,0.556,8.990
2003,MAM,East Midlands,0.418,5.616
2004,MAM,East Midlands,0.610,10.758
2005,MAM,East Midlands,0.427,7.545
2006,MAM,East Midlands,0.508,7.394
2007,MAM,East Midlands,0.653,11.192
2008,MAM,East Midlands,0.492,14.273
2009,MAM,East Midlands,0.625,12.343
2010,MAM,East Midlands,0.613,9.556
2011,MAM,East Midlands,0.456,7.677
2012,MAM,East Midlands,0.517,9.889
2013,MAM,East Midlands,0.570,7.899
2014,MAM,East Midlands,0.461,7.616
2015,MAM,East Midlands,0.600,12.566
2016,MAM,East Midlands,0.440,7.768
2017,MAM,East Midlands,0.534,11.515
2018,MAM,East Midlands,0.545,7.808
2019,MAM,East Midlands,0.534,8.758
2020,MAM,East Midlands,0.492,9.626
2021,MAM,East Midlands,0.445,6.152
2022,MAM,East Midlands,0.482,6.939
2023,MAM,East Midlands,0.538,10.414
2024,MAM,East Midlands,0.459,8.707
2025,MAM,East Midlands,0.426,7.323
2026,MAM,East Midlands,0.482,8.566
2027,MAM,East Midlands,0.637,10.051
2028,MAM,East Midlands,0.495,11.949
2029,MAM,East Midlands,0.477,8.323
2030,MAM,East Midlands,0.529,8.616
2031,MAM,East Midlands,0.576,11.394
2032,MAM,East Midlands,0.396,5.778
2033,MAM,East Midlands,0.560,11.515
2034,MAM,East Midlands,0.575,8.828
2035,MAM,East Midlands,0.354,7.364
2036,MAM,East Midlands,0.458,9.556
2037,MAM,East Midlands,0.458,7.919
2038,MAM,East Midlands,0.554,13.667
2039,MAM,East Midlands,0.653,12.485
2040,MAM,East Midlands,0.329,5.424
2041,MAM,East Midlands,0.569,11.051
2042,MAM,East Midlands,0.470,7.828
2043,MAM,East Midlands,0.644,11.697
2044,MAM,East Midlands,0.593,11.596
2045,MAM,East Midlands,0.496,9.242
2046,MAM,East Midlands,0.519,13.020
2047,MAM,East Midlands,0.513,11.040
2048,MAM,East Midlands,0.504,8.323
2049,MAM,East Midlands,0.495,8.131
2050,MAM,East Midlands,0.534,9.939
2051,MAM,East Midlands,0.502,12.657
2052,MAM,East Midlands,0.500,9.000
2053,MAM,East Midlands,0.447,6.909
2054,MAM,East Midlands,0.527,8.677
2055,MAM,East Midlands,0.480,8.747
2056,MAM,East Midlands,0.582,8.535
2057,MAM,East Midlands,0.449,8.657
2058,MAM,East Midlands,0.513,8.434
2059,MAM,East Midlands,0.476,7.071
2060,MAM,East Midlands,0.458,8.414
2061,MAM,East Midlands,0.512,6.152
2062,MAM,East Midlands,0.377,8.202
2063,MAM,East Midlands,0.442,8.475
2064,MAM,East Midlands,0.528,10.545
2065,MAM,East Midlands,0.518,9.596
2066,MAM,East Midlands,0.603,7.606
2067,MAM,East Midlands,0.456,9.687
2068,MAM,East Midlands,0.576,9.455
2069,MAM,East Midlands,0.536,11.081
2070,MAM,East Midlands,0.553,11.737
2071,MAM,East Midlands,0.589,11.091
2072,MAM,East Midlands,0.501,9.596
2073,MAM,East Midlands,0.461,7.242
2074,MAM,East Midlands,0.504,13.879
2075,MAM,East Midlands,0.609,9.303
2076,MAM,East Midlands,0.579,12.970
2077,MAM,East Midlands,0.516,10.293
2078,MAM,East Midlands,0.516,7.909
2079,MAM,East Midlands,0.459,11.172
1981,MAM,East of England,0.494,7.325
1982,MAM,East of England,0.529,7.650
1983,MAM,East of England,0.583,8.825
1984,MAM,East of England,0.387,5.142
1985,MAM,East of England,0.579,7.867
1986,MAM,East of England,0.517,8.092
1987,MAM,East of England,0.540,12.433
1988,MAM,East of England,0.525,7.492
1989,MAM,East of England,0.468,9.650
1990,MAM,East of England,0.457,8.875
1991,MAM,East of England,0.432,5.675
1992,MAM,East of England,0.461,5.542
1993,MAM,East of England,0.409,8.917
1994,MAM,East of England,0.503,15.225
1995,MAM,East of England,0.486,8.183
1996,MAM,East of England,0.664,12.058
1997,MAM,East of England,0.441,7.433
1998,MAM,East of England,0.560,13.833
1999,MAM,East of England,0.545,12.942
2000,MAM,East of England,0.530,8.225
2001,MAM,East of England,0.532,10.317
2002,MAM,East of England,0.573,9.350
2003,MAM,East of England,0.393,6.117
2004,MAM,East of England,0.560,8.517
2005,MAM,East of England,0.406,7.692
2006,MAM,East of England,0.463,6.100
2007,MAM,East of England,0.681,12.608
2008,MAM,East of England,0.471,10.933
2009,MAM,East of England,0.635,12.225
2010,MAM,East of England,0.613,9.467
2011,MAM,East of England,0.429,6.708
2012,MAM,East of England,0.545,9.967
2013,MAM,East of England,0.548,9.150
2014,MAM,East of England,0.428,5.892
2015,MAM,East of England,0.542,7.900
2016,MAM,East of England,0.431,7.383
2017,MAM,East of England,0.543,12.817
2018,MAM,East of England,0.531,7.958
2019,MAM,East of England,0.511,8.825
2020,MAM,East of England,0.486,8.242
2021,MAM,East of England,0.489,7.533
2022,MAM,East of England,0.446,5.958
2023,MAM,East of England,0.515,11.983
2024,MAM,East of England,0.471,6.750
2025,MAM,East of England,0.420,7.142
2026,MAM,East of England,0.509,10.758
2027,MAM,East of England,0.592,8.992
2028,MAM,East of England,0.480,10.992
2029,MAM,East of England,0.449,7.650
2030,MAM,East of England,0.472,7.458
2031,MAM,East of England,0.571,8.883
2032,MAM,East of England,0.366,5.925
2033,MAM,East of England,0.510,9.375
2034,MAM,East of England,0.577,8.567
2035,MAM,East of England,0.378,7.392
2036,MAM,East of England,0.452,11.050
2037,MAM,East of England,0.467,8.725
2038,MAM,East of England,0.545,12.400
2039,MAM,East of England,0.645,10.192
2040,MAM,East of England,0.300,5.383
2041,MAM,East of England,0.548,11.183
2042,MAM,East of England,0.440,6.925
2043,MAM,East of England,0.676,11.325
2044,MAM,East of England,0.557,9.800
2045,MAM,East of England,0.476,8.833
2046,MAM,East of England,0.554,14.708
2047,MAM,East of England,0.529,10.592
2048,MAM,East of England,0.452,8.650
2049,MAM,East of England,0.483,9.000
2050,MAM,East of England,0.557,9.433
2051,MAM,East of England,0.507,12.300
2052,MAM,East of England,0.461,9.283
2053,MAM,East of England,0.400,6.200
2054,MAM,East of England,0.504,7.425
2055,MAM,East of England,0.492,9.092
2056,MAM,East of England,0.528,9.692
2057,MAM,East of England,0.415,7.617
2058,MAM,East of England,0.504,8.692
2059,MAM,East of England,0.418,6.133
2060,MAM,East of England,0.467,7.525
2061,MAM,East of England,0.540,7.417
2062,MAM,East of England,0.350,6.892
2063,MAM,East of England,0.435,6.658
2064,MAM,East of England,0.512,8.117
2065,MAM,East of England,0.491,8.717
2066,MAM,East of England,0.637,9.750
2067,MAM,East of England,0.419,8.467
2068,MAM,East of England,0.553,9.400
2069,MAM,East of England,0.548,14.692
2070,MAM,East of England,0.518,9.542
2071,MAM,East of England,0.522,9.675
2072,MAM,East of England,0.457,7.908
2073,MAM,East of England,0.411,8.092
2074,MAM,East of England,0.496,14.325
2075,MAM,East of England,0.576,8.842
2076,MAM,East of England,0.551,12.492
2077,MAM,East of England,0.509,9.333
2078,MAM,East of England,0.475,6.425
2079,MAM,East of England,0.441,9.025
1981,MAM,East Scotland,0.542,8.750
1982,MAM,East Scotland,0.614,11.141
1983,MAM,East Scotland,0.464,8.064
1984,MAM,East Scotland,0.484,7.577
1985,MAM,East Scotland,0.653,10.609
1986,MAM,East Scotland,0.598,10.135
1987,MAM,East Scotland,0.648,16.756
1988,MAM,East Scotland,0.546,12.013
1989,MAM,East Scotland,0.683,15.019
1990,MAM,East Scotland,0.485,9.519
1991,MAM,East Scotland,0.570,12.564
1992,MAM,East Scotland,0.658,13.679
1993,MAM,East Scotland,0.558,8.590
1994,MAM,East Scotland,0.566,15.853
1995,MAM,East Scotland,0.608,13.353
1996,MAM,East Scotland,0.737,16.128
1997,MAM,East Scotland,0.456,12.282
1998,MAM,East Scotland,0.530,9.487
1999,MAM,East Scotland,0.506,9.474
2000,MAM,East Scotland,0.575,11.000
2001,MAM,East Scotland,0.547,17.365
2002,MAM,East Scotland,0.521,8.949
2003,MAM,East Scotland,0.555,8.436
2004,MAM,East Scotland,0.591,10.788
2005,MAM,East Scotland,0.615,10.929
2006,MAM,East Scotland,0.589,11.199
2007,MAM,East Scotland,0.598,11.160
2008,MAM,East Scotland,0.648,17.756
2009,MAM,East Scotland,0.695,13.782
2010,MAM,East Scotland,0.599,11.679
2011,MAM,East Scotland,0.592,12.359
2012,MAM,East Scotland,0.605,12.827
2013,MAM,East Scotland,0.625,11.205
2014,MAM,East Scotland,0.505,7.615
2015,MAM,East Scotland,0.602,10.878
2016,MAM,East Scotland,0.528,9.212
2017,MAM,East Scotland,0.525,8.513
2018,MAM,East Scotland,0.584,9.173
2019,MAM,East Scotland,0.549,12.981
2020,MAM,East Scotland,0.561,11.513
2021,MAM,East Scotland,0.532,8.590
2022,MAM,East Scotland,0.448,8.853
2023,MAM,East Scotland,0.513,10.449
2024,MAM,East Scotland,0.486,8.122
2025,MAM,East Scotland,0.476,9.686
2026,MAM,East Scotland,0.611,16.731
2027,MAM,East Scotland,0.639,10.462
2028,MAM,East Scotland,0.579,11.891
2029,MAM,East Scotland,0.630,13.385
2030,MAM,East Scotland,0.563,10.071
2031,MAM,East Scotland,0.558,16.340
2032,MAM,East Scotland,0.557,10.295
2033,MAM,East Scotland,0.534,13.487
2034,MAM,East Scotland,0.487,8.455
2035,MAM,East Scotland,0.546,15.474
2036,MAM,East Scotland,0.525,8.936
2037,MAM,East Scotland,0.587,11.404
2038,MAM,East Scotland,0.548,10.218
2039,MAM,East Scotland,0.655,12.692
2040,MAM,East Scotland,0.456,7.756
2041,MAM,East Scotland,0.575,13.853
2042,MAM,East Scotland,0.580,8.923
2043,MAM,East Scotland,0.685,13.974
2044,MAM,East Scotland,0.635,12.647
2045,MAM,East Scotland,0.549,7.481
2046,MAM,East Scotland,0.616,12.532
2047,MAM,East Scotland,0.540,14.686
2048,MAM,East Scotland,0.594,10.340
2049,MAM,East Scotland,0.573,10.583
2050,MAM,East Scotland,0.488,10.372
2051,MAM,East Scotland,0.565,14.199
2052,MAM,East Scotland,0.492,8.692
2053,MAM,East Scotland,0.534,8.096
2054,MAM,East Scotland,0.491,9.532
2055,MAM,East Scotland,0.590,12.942
2056,MAM,East Scotland,0.644,10.551
2057,MAM,East Scotland,0.526,13.192
2058,MAM,East Scotland,0.571,8.154
2059,MAM,East Scotland,0.538,8.981
2060,MAM,East Scotland,0.602,11.750
2061,MAM,East Scotland,0.616,10.026
2062,MAM,East Scotland,0.531,11.731
2063,MAM,East Scotland,0.571,10.474
2064,MAM,East Scotland,0.557,12.538
2065,MAM,East Scotland,0.540,10.455
2066,MAM,East Scotland,0.555,8.987
2067,MAM,East Scotland,0.594,12.314
2068,MAM,East Scotland,0.612,9.872
2069,MAM,East Scotland,0.577,15.186
2070,MAM,East Scotland,0.631,11.308
2071,MAM,East Scotland,0.584,11.859
2072,MAM,East Scotland,0.583,11.994
2073,MAM,East Scotland,0.644,14.391
2074,MAM,East Scotland,0.499,12.994
2075,MAM,East Scotland,0.667,13.987
2076,MAM,East Scotland,0.609,12.308
2077,MAM,East Scotland,0.588,11.346
2078,MAM,East Scotland,0.604,9.026
2079,MAM,East Scotland,0.499,9.910
1981,MAM,London,0.493,8.600
1982,MAM,London,0.535,8.400
1983,MAM,London,0.645,12.300
1984,MAM,London,0.405,5.200
1985,MAM,London,0.586,6.400
1986,MAM,London,0.527,8.700
1987,MAM,London,0.553,9.500
1988,MAM,London,0.585,8.000
1989,MAM,London,0.488,11.400
1990,MAM,London,0.473,9.300
1991,MAM,London,0.440,9.100
1992,MAM,London,0.489,5.700
1993,MAM,London,0.455,8.400
1994,MAM,London,0.510,9.800
1995,MAM,London,0.512,7.400
1996,MAM,London,0.640,9.600
1997,MAM,London,0.430,5.100
1998,MAM,London,0.578,13.500
1999,MAM,London,0.551,14.300
2000,MAM,London,0.563,6.500
2001,MAM,London,0.534,11.300
2002,MAM,London,0.577,9.200
2003,MAM,London,0.379,5.200
2004,MAM,London,0.547,7.500
2005,MAM,London,0.389,6.900
2006,MAM,London,0.478,6.400
2007,MAM,London,0.702,8.200
2008,MAM,London,0.473,11.200
2009,MAM,London,0.609,10.100
2010,MAM,London,0.658,12.000
2011,MAM,London,0.434,7.300
2012,MAM,London,0.516,8.400
2013,MAM,London,0.573,11.300
2014,MAM,London,0.450,7.300
2015,MAM,London,0.572,7.600
2016,MAM,London,0.440,8.100
2017,MAM,London,0.549,13.300
2018,MAM,London,0.536,7.900
2019,MAM,London,0.477,6.800
2020,MAM,London,0.479,7.900
2021,MAM,London,0.491,6.700
2022,MAM,London,0.448,5.400
2023,MAM,London,0.535,12.300
2024,MAM,London,0.476,6.700
2025,MAM,London,0.439,5.900
2026,MAM,London,0.493,8.400
2027,MAM,London,0.608,9.900
2028,MAM,London,0.433,9.100
2029,MAM,London,0.455,7.600
2030,MAM,London,0.551,8.400
2031,MAM,London,0.572,12.000
2032,MAM,London,0.358,6.300
2033,MAM,London,0.513,10.400
2034,MAM,London,0.546,6.100
2035,MAM,London,0.424,9.400
2036,MAM,London,0.482,10.200
2037,MAM,London,0.528,10.600
2038,MAM,London,0.554,12.200
2039,MAM,London,0.623,8.900
2040,MAM,London,0.343,10.200
2041,MAM,London,0.514,9.700
2042,MAM,London,0.483,7.100
2043,MAM,London,0.626,9.200
2044,MAM,London,0.546,11.800
2045,MAM,London,0.428,8.200
2046,MAM,London,0.554,13.800
2047,MAM,London,0.550,11.600
2048,MAM,London,0.459,8.300
2049,MAM,London,0.539,17.000
2050,MAM,London,0.476,7.200
2051,MAM,London,0.540,15.900
2052,MAM,London,0.518,10.800
2053,MAM,London,0.411,5.400
2054,MAM,London,0.497,7.600
2055,MAM,London,0.464,6.400
2056,MAM,London,0.559,10.300
2057,MAM,London,0.411,8.200
2058,MAM,London,0.521,12.400
2059,MAM,London,0.423,6.500
2060,MAM,London,0.428,6.100
2061,MAM,London,0.552,7.600
2062,MAM,London,0.316,6.300
2063,MAM,London,0.440,6.800
2064,MAM,London,0.543,8.200
2065,MAM,London,0.524,9.100
2066,MAM,London,0.671,10.000
2067,MAM,London,0.395,6.600
2068,MAM,London,0.550,10.300
2069,MAM,London,0.538,15.500
2070,MAM,London,0.454,7.900
2071,MAM,London,0.543,8.300
2072,MAM,London,0.477,6.000
2073,MAM,London,0.374,6.700
2074,MAM,London,0.485,14.300
2075,MAM,London,0.592,10.000
2076,MAM,London,0.538,9.700
2077,MAM,London,0.520,8.400
2078,MAM,London,0.489,9.200
2079,MAM,London,0.505,13.800
1981,MAM,North East England,0.513,10.167
1982,MAM,North East England,0.590,8.648
1983,MAM,North East England,0.480,7.000
1984,MAM,North East England,0.454,5.241
1985,MAM,North East England,0.628,10.333
1986,MAM,North East England,0.559,7.593
1987,MAM,North East England,0.578,10.352
1988,MAM,North East England,0.573,10.167
1989,MAM,North East England,0.598,16.796
1990,MAM,North East England,0.483,10.056
1991,MAM,North East England,0.510,9.241
1992,MAM,North East England,0.551,8.333
1993,MAM,North East England,0.516,9.426
1994,MAM,North East England,0.555,12.981
1995,MAM,North East England,0.529,9.593
1996,MAM,North East England,0.699,13.259
1997,MAM,North East England,0.474,11.315
1998,MAM,North East England,0.544,10.722
1999,MAM,North East England,0.517,10.074
2000,MAM,North East England,0.582,12.704
2001,MAM,North East England,0.601,15.278
2002,MAM,North East England,0.525,9.222
2003,MAM,North East England,0.522,6.778
2004,MAM,North East England,0.605,11.926
2005,MAM,North East England,0.495,6.981
2006,MAM,North East England,0.523,10.444
2007,MAM,North East England,0.629,13.093
2008,MAM,North East England,0.545,13.407
2009,MAM,North East England,0.681,14.611
2010,MAM,North East England,0.643,11.370
2011,MAM,North East England,0.553,9.815
2012,MAM,North East England,0.547,11.130
2013,MAM,North East England,0.608,7.944
2014,MAM,North East England,0.507,6.333
2015,MAM,North East England,0.572,9.389
2016,MAM,North East England,0.503,7.722
2017,MAM,North East England,0.529,7.778
2018,MAM,North East England,0.596,9.019
2019,MAM,North East England,0.580,10.778
2020,MAM,North East England,0.479,7.648
2021,MAM,North East England,0.510,8.593
2022,MAM,North East England,0.513,9.222
2023,MAM,North East England,0.508,10.370
2024,MAM,North East England,0.471,6.889
2025,MAM,North East England,0.438,8.593
2026,MAM,North East England,0.563,11.352
2027,MAM,North East England,0.654,11.241
2028,MAM,North East England,0.541,11.667
2029,MAM,North East England,0.504,10.833
2030,MAM,North East England,0.540,7.926
2031,MAM,North East England,0.560,10.241
2032,MAM,North East England,0.512,9.185
2033,MAM,North East England,0.524,9.407
2034,MAM,North East England,0.533,7.315
2035,MAM,North East England,0.475,11.481
2036,MAM,North East England,0.480,8.796
2037,MAM,North East England,0.539,8.370
2038,MAM,North East England,0.535,10.907
2039,MAM,North East England,0.663,11.852
2040,MAM,North East England,0.413,7.333
2041,MAM,North East England,0.527,15.519
2042,MAM,North East England,0.478,6.648
2043,MAM,North East England,0.670,10.833
2044,MAM,North East England,0.593,9.500
2045,MAM,North East England,0.527,9.056
2046,MAM,North East England,0.594,14.500
2047,MAM,North East England,0.493,8.667
2048,MAM,North East England,0.562,10.056
2049,MAM,North East England,0.596,12.463
2050,MAM,North East England,0.560,11.352
2051,MAM,North East England,0.551,15.111
2052,MAM,North East England,0.531,8.759
2053,MAM,North East England,0.460,6.000
2054,MAM,North East England,0.506,8.222
2055,MAM,North East England,0.572,13.611
2056,MAM,North East England,0.624,11.093
2057,MAM,North East England,0.515,10.630
2058,MAM,North East England,0.542,7.926
2059,MAM,North East England,0.480,7.611
2060,MAM,North East England,0.528,10.389
2061,MAM,North East England,0.552,7.981
2062,MAM,North East England,0.494,11.815
2063,MAM,North East England,0.506,10.037
2064,MAM,North East England,0.550,10.222
2065,MAM,North East England,0.515,8.500
2066,MAM,North East England,0.555,8.278
2067,MAM,North East England,0.603,14.278
2068,MAM,North East England,0.582,8.648
2069,MAM,North East England,0.562,15.759
2070,MAM,North East England,0.596,11.407
2071,MAM,North East England,0.626,12.333
2072,MAM,North East England,0.545,11.815
2073,MAM,North East England,0.595,14.963
2074,MAM,North East England,0.497,11.556
2075,MAM,North East England,0.651,11.093
2076,MAM,North East England,0.602,15.167
2077,MAM,North East England,0.559,8.352
2078,MAM,North East England,0.610,9.019
2079,MAM,North East England,0.492,8.722
1981,MAM,North Scotland,0.572,8.160
1982,MAM,North Scotland,0.652,14.361
1983,MAM,North Scotland,0.474,10.006
1984,MAM,North Scotland,0.543,10.071
1985,MAM,North Scotland,0.692,12.402
1986,MAM,North Scotland,0.662,14.024
1987,MAM,North Scotland,0.699,16.083
1988,MAM,North Scotland,0.523,14.870
1989,MAM,North Scotland,0.730,15.763
1990,MAM,North Scotland,0.499,10.609
1991,MAM,North Scotland,0.682,15.888
1992,MAM,North Scotland,0.741,16.243
1993,MAM,North Scotland,0.625,9.592
1994,MAM,North Scotland,0.629,19.207
1995,MAM,North Scotland,0.691,19.509
1996,MAM,North Scotland,0.781,17.556
1997,MAM,North Scotland,0.537,12.095
1998,MAM,North Scotland,0.542,10.686
1999,MAM,North Scotland,0.514,11.136
2000,MAM,North Scotland,0.610,11.438
2001,MAM,North Scotland,0.592,14.355
2002,MAM,North Scotland,0.527,10.349
2003,MAM,North Scotland,0.625,12.852
2004,MAM,North Scotland,0.659,11.893
2005,MAM,North Scotland,0.693,14.047
2006,MAM,North Scotland,0.698,15.272
2007,MAM,North Scotland,0.652,17.337
2008,MAM,North Scotland,0.720,21.077
2009,MAM,North Scotland,0.697,13.734
2010,MAM,North Scotland,0.644,14.633
2011,MAM,North Scotland,0.647,14.254
2012,MAM,North Scotland,0.711,19.692
2013,MAM,North Scotland,0.667,13.870
2014,MAM,North Scotland,0.563,9.148
2015,MAM,North Scotland,0.652,11.988
2016,MAM,North Scotland,0.595,13.698
2017,MAM,North Scotland,0.558,10.402
2018,MAM,North Scotland,0.624,10.385
2019,MAM,North Scotland,0.619,14.917
2020,MAM,North Scotland,0.626,15.012
2021,MAM,North Scotland,0.556,8.959
2022,MAM,North Scotland,0.505,10.834
2023,MAM,North Scotland,0.577,13.148
2024,MAM,North Scotland,0.601,10.491
2025,MAM,North Scotland,0.537,12.515
2026,MAM,North Scotland,0.613,14.947
2027,MAM,North Scotland,0.652,9.763
2028,MAM,North Scotland,0.653,14.018
2029,MAM,North Scotland,0.697,14.331
2030,MAM,North Scotland,0.677,15.864
2031,MAM,North Scotland,0.614,17.396
2032,MAM,North Scotland,0.650,13.414
2033,MAM,North Scotland,0.585,12.959
2034,MAM,North Scotland,0.485,10.805
2035,MAM,North Scotland,0.599,19.805
2036,MAM,North Scotland,0.551,8.846
2037,MAM,North Scotland,0.662,13.385
2038,MAM,North Scotland,0.623,10.852
2039,MAM,North Scotland,0.698,13.692
2040,MAM,North Scotland,0.498,7.041
2041,MAM,North Scotland,0.642,14.669
2042,MAM,North Scotland,0.659,13.710
2043,MAM,North Scotland,0.687,11.953
2044,MAM,North Scotland,0.685,16.012
2045,MAM,North Scotland,0.645,9.598
2046,MAM,North Scotland,0.663,12.805
2047,MAM,North Scotland,0.589,18.201
2048,MAM,North Scotland,0.671,12.633
2049,MAM,North Scotland,0.623,11.059
2050,MAM,North Scotland,0.481,9.219
2051,MAM,North Scotland,0.627,13.012
2052,MAM,North Scotland,0.495,8.964
2053,MAM,North Scotland,0.591,9.663
2054,MAM,North Scotland,0.551,12.379
2055,MAM,North Scotland,0.669,15.592
2056,MAM,North Scotland,0.706,12.899
2057,MAM,North Scotland,0.572,15.544
2058,MAM,North Scotland,0.595,11.231
2059,MAM,North Scotland,0.614,12.864
2060,MAM,North Scotland,0.671,12.083
2061,MAM,North Scotland,0.672,13.408
2062,MAM,North Scotland,0.572,15.698
2063,MAM,North Scotland,0.659,15.231
2064,MAM,North Scotland,0.601,16.166
2065,MAM,North Scotland,0.594,16.426
2066,MAM,North Scotland,0.568,8.976
2067,MAM,North Scotland,0.662,13.556
2068,MAM,North Scotland,0.664,11.089
2069,MAM,North Scotland,0.606,15.858
2070,MAM,North Scotland,0.640,10.521
2071,MAM,North Scotland,0.628,11.740
2072,MAM,North Scotland,0.619,11.805
2073,MAM,North Scotland,0.704,17.473
2074,MAM,North Scotland,0.534,16.426
2075,MAM,North Scotland,0.700,13.444
2076,MAM,North Scotland,0.651,11.178
2077,MAM,North Scotland,0.664,13.367
2078,MAM,North Scotland,0.659,11.402
2079,MAM,North Scotland,0.565,14.669
1981,MAM,North West England,0.593,9.782
1982,MAM,North West England,0.626,12.936
1983,MAM,North West England,0.492,8.667
1984,MAM,North West England,0.469,7.910
1985,MAM,North West England,0.687,9.179
1986,MAM,North West England,0.607,10.000
1987,MAM,North West England,0.695,16.923
1988,MAM,North West England,0.567,10.936
1989,MAM,North West England,0.671,16.769
1990,MAM,North West England,0.534,14.962
1991,MAM,North West England,0.600,13.474
1992,MAM,North West England,0.662,12.385
1993,MAM,North West England,0.620,10.564
1994,MAM,North West England,0.581,15.474
1995,MAM,North West England,0.643,13.410
1996,MAM,North West England,0.749,15.397
1997,MAM,North West England,0.499,11.718
1998,MAM,North West England,0.585,10.372
1999,MAM,North West England,0.564,13.064
2000,MAM,North West England,0.564,9.782
2001,MAM,North West England,0.591,15.744
2002,MAM,North West England,0.563,9.385
2003,MAM,North West England,0.563,10.218
2004,MAM,North West England,0.653,11.667
2005,MAM,North West England,0.595,9.910
2006,MAM,North West England,0.642,13.500
2007,MAM,North West England,0.670,13.859
2008,MAM,North West England,0.613,14.987
2009,MAM,North West England,0.692,17.115
2010,MAM,North West England,0.666,11.564
2011,MAM,North West England,0.587,14.962
2012,MAM,North West England,0.624,15.590
2013,MAM,North West England,0.666,9.654
2014,MAM,North West England,0.528,8.897
2015,MAM,North West England,0.538,9.833
2016,MAM,North West England,0.536,10.256
2017,MAM,North West England,0.604,10.346
2018,MAM,North West England,0.526,7.974
2019,MAM,North West England,0.528,11.321
2020,MAM,North West England,0.588,11.000
2021,MAM,North West England,0.494,9.692
2022,MAM,North West England,0.451,7.782
2023,MAM,North West England,0.595,12.654
2024,MAM,North West England,0.517,10.013
2025,MAM,North West England,0.507,11.346
2026,MAM,North West England,0.545,9.782
2027,MAM,North West England,0.666,9.538
2028,MAM,North West England,0.546,12.231
2029,MAM,North West England,0.564,10.179
2030,MAM,North West England,0.632,11.821
2031,MAM,North West England,0.654,14.538
2032,MAM,North West England,0.536,10.474
2033,MAM,North West England,0.536,11.679
2034,MAM,North West England,0.591,8.244
2035,MAM,North West England,0.497,17.115
2036,MAM,North West England,0.526,9.513
2037,MAM,North West England,0.612,12.513
2038,MAM,North West England,0.595,12.474
2039,MAM,North West England,0.716,15.577
2040,MAM,North West England,0.386,6.128
2041,MAM,North West England,0.547,13.833
2042,MAM,North West England,0.514,6.590
2043,MAM,North West England,0.650,11.218
2044,MAM,North West England,0.602,10.436
2045,MAM,North West England,0.546,10.410
2046,MAM,North West England,0.589,13.167
2047,MAM,North West England,0.582,12.269
2048,MAM,North West England,0.621,12.256
2049,MAM,North West England,0.610,11.167
2050,MAM,North West England,0.465,8.449
2051,MAM,North West England,0.552,15.346
2052,MAM,North West England,0.550,10.833
2053,MAM,North West England,0.514,7.821
2054,MAM,North West England,0.577,10.372
2055,MAM,North West England,0.554,12.333
2056,MAM,North West England,0.666,10.577
2057,MAM,North West England,0.526,11.154
2058,MAM,North West England,0.561,7.385
2059,MAM,North West England,0.568,10.321
2060,MAM,North West England,0.548,10.923
2061,MAM,North West England,0.601,10.154
2062,MAM,North West England,0.509,12.462
2063,MAM,North West England,0.545,13.821
2064,MAM,North West England,0.583,14.154
2065,MAM,North West England,0.610,11.897
2066,MAM,North West England,0.602,9.449
2067,MAM,North West England,0.518,14.372
2068,MAM,North West England,0.608,9.949
2069,MAM,North West England,0.581,11.808
2070,MAM,North West England,0.582,11.090
2071,MAM,North West England,0.665,15.385
2072,MAM,North West England,0.572,12.808
2073,MAM,North West England,0.629,12.500
2074,MAM,North West England,0.528,13.231
2075,MAM,North West England,0.677,17.551
2076,MAM,North West England,0.580,9.744
2077,MAM,North West England,0.600,8.218
2078,MAM,North West England,0.571,8.667
2079,MAM,North West England,0.502,12.090
1981,MAM,South East England,0.508,7.783
1982,MAM,South East England,0.581,8.962
1983,MAM,South East England,0.649,15.755
1984,MAM,South East England,0.402,6.321
1985,MAM,South East England,0.570,7.792
1986,MAM,South East England,0.542,9.915
1987,MAM,South East England,0.532,10.472
1988,MAM,South East England,0.552,7.887
1989,MAM,South East England,0.487,10.858
1990,MAM,South East England,0.465,8.906
1991,MAM,South East England,0.443,8.189
1992,MAM,South East England,0.483,6.057
1993,MAM,South East England,0.449,8.830
1994,MAM,South East England,0.477,11.708
1995,MAM,South East England,0.517,7.481
1996,MAM,South East England,0.622,11.094
1997,MAM,South East England,0.416,6.670
1998,MAM,South East England,0.586,10.925
1999,MAM,South East England,0.550,12.943
2000,MAM,South East England,0.548,9.217
2001,MAM,South East England,0.562,14.519
2002,MAM,South East England,0.559,8.708
2003,MAM,South East England,0.385,5.415
2004,MAM,South East England,0.556,8.519
2005,MAM,South East England,0.402,8.311
2006,MAM,South East England,0.477,6.642
2007,MAM,South East England,0.697,13.057
2008,MAM,South East England,0.472,12.453
2009,MAM,South East England,0.589,10.849
2010,MAM,South East England,0.642,12.632
2011,MAM,South East England,0.419,6.358
2012,MAM,South East England,0.523,8.009
2013,MAM,South East England,0.574,8.840
2014,MAM,South East England,0.458,7.330
2015,MAM,South East England,0.567,9.217
2016,MAM,South East England,0.459,8.453
2017,MAM,South East England,0.514,11.717
2018,MAM,South East England,0.550,7.585
2019,MAM,South East England,0.516,7.547
2020,MAM,South East England,0.475,8.113
2021,MAM,South East England,0.470,6.877
2022,MAM,South East England,0.456,5.802
2023,MAM,South East England,0.533,10.462
2024,MAM,South East England,0.463,7.132
2025,MAM,South East England,0.459,6.679
2026,MAM,South East England,0.501,9.160
2027,MAM,South East England,0.585,10.792
2028,MAM,South East England,0.437,9.028
2029,MAM,South East England,0.430,7.170
2030,MAM,South East England,0.551,8.623
2031,MAM,South East England,0.541,10.594
2032,MAM,South East England,0.390,5.340
2033,MAM,South East England,0.506,9.311
2034,MAM,South East England,0.563,7.311
2035,MAM,South East England,0.390,8.104
2036,MAM,South East England,0.457,8.736
2037,MAM,South East England,0.492,8.604
2038,MAM,South East England,0.539,13.387
2039,MAM,South East England,0.632,10.877
2040,MAM,South East England,0.342,9.802
2041,MAM,South East England,0.563,10.849
2042,MAM,South East England,0.451,6.651
2043,MAM,South East England,0.624,10.396
2044,MAM,South East England,0.536,9.349
2045,MAM,South East England,0.447,8.736
2046,MAM,South East England,0.554,15.538
2047,MAM,South East England,0.541,11.160
2048,MAM,South East England,0.444,9.075
2049,MAM,South East England,0.505,10.623
2050,MAM,South East England,0.476,9.717
2051,MAM,South East England,0.523,11.226
2052,MAM,South East England,0.510,9.123
2053,MAM,South East England,0.418,5.377
2054,MAM,South East England,0.531,8.755
2055,MAM,South East England,0.474,7.821
2056,MAM,South East England,0.532,9.406
2057,MAM,South East England,0.412,7.179
2058,MAM,South East England,0.518,9.915
2059,MAM,South East England,0.447,6.179
2060,MAM,South East England,0.437,7.660
2061,MAM,South East England,0.519,7.170
2062,MAM,South East England,0.330,6.038
2063,MAM,South East England,0.431,7.868
2064,MAM,South East England,0.535,8.189
2065,MAM,South East England,0.515,7.972
2066,MAM,South East England,0.629,8.075
2067,MAM,South East England,0.397,7.236
2068,MAM,South East England,0.531,8.519
2069,MAM,South East England,0.549,11.972
2070,MAM,South East England,0.508,11.236
2071,MAM,South East England,0.528,8.415
2072,MAM,South East England,0.480,8.104
2073,MAM,South East England,0.363,6.406
2074,MAM,South East England,0.471,13.085
2075,MAM,South East England,0.605,9.453
2076,MAM,South East England,0.525,8.396
2077,MAM,South East England,0.503,10.991
2078,MAM,South East England,0.471,8.066
2079,MAM,South East England,0.475,12.594
1981,MAM,South West England,0.595,10.008
1982,MAM,South West England,0.617,11.923
1983,MAM,South West England,0.627,16.569
1984,MAM,South West England,0.479,7.046
1985,MAM,South West England,0.586,7.654
1986,MAM,South West England,0.609,11.969
1987,MAM,South West England,0.591,11.131
1988,MAM,South West England,0.598,8.623
1989,MAM,South West England,0.566,11.762
1990,MAM,South West England,0.505,11.408
1991,MAM,South West England,0.477,10.185
1992,MAM,South West England,0.554,9.277
1993,MAM,South West England,0.555,12.408
1994,MAM,South West England,0.517,11.354
1995,MAM,South West England,0.605,11.408
1996,MAM,South West England,0.678,12.338
1997,MAM,South West England,0.468,9.662
1998,MAM,South West England,0.663,11.285
1999,MAM,South West England,0.540,9.685
2000,MAM,South West England,0.555,11.331
2001,MAM,South West England,0.578,14.200
2002,MAM,South West England,0.574,9.277
2003,MAM,South West England,0.484,9.454
2004,MAM,South West England,0.646,11.815
2005,MAM,South West England,0.485,8.308
2006,MAM,South West England,0.589,9.292
2007,MAM,South West England,0.739,14.154
2008,MAM,South West England,0.534,12.738
2009,MAM,South West England,0.606,11.746
2010,MAM,South West England,0.676,14.285
2011,MAM,South West England,0.452,6.738
2012,MAM,South West England,0.516,6.869
2013,MAM,South West England,0.603,11.623
2014,MAM,South West England,0.503,8.031
2015,MAM,South West England,0.584,9.900
2016,MAM,South West England,0.525,10.446
2017,MAM,South West England,0.532,11.908
2018,MAM,South West England,0.554,8.092
2019,MAM,South West England,0.546,8.723
2020,MAM,South West England,0.460,7.738
2021,MAM,South West England,0.463,7.923
2022,MAM,South West England,0.505,7.415
2023,MAM,South West England,0.601,10.400
2024,MAM,South West England,0.474,8.400
2025,MAM,South West England,0.507,8.277
2026,MAM,South West England,0.569,10.715
2027,MAM,South West England,0.662,12.585
2028,MAM,South West England,0.485,11.862
2029,MAM,South West England,0.433,8.362
2030,MAM,South West England,0.625,9.746
2031,MAM,South West England,0.600,11.592
2032,MAM,South West England,0.463,7.962
2033,MAM,South West England,0.573,9.085
2034,MAM,South West England,0.594,9.838
2035,MAM,South West England,0.407,9.362
2036,MAM,South West England,0.459,8.862
2037,MAM,South West England,0.494,9.062
2038,MAM,South West England,0.551,14.292
2039,MAM,South West England,0.676,13.600
2040,MAM,South West England,0.429,9.200
2041,MAM,South West England,0.604,11.692
2042,MAM,South West England,0.462,6.808
2043,MAM,South West England,0.668,11.154
2044,MAM,South West England,0.598,10.869
2045,MAM,South West England,0.511,12.192
2046,MAM,South West England,0.603,15.031
2047,MAM,South West England,0.572,10.800
2048,MAM,South West England,0.495,9.785
2049,MAM,South West England,0.552,11.508
2050,MAM,South West England,0.473,11.346
2051,MAM,South West England,0.557,12.346
2052,MAM,South West England,0.577,10.077
2053,MAM,South West England,0.467,6.238
2054,MAM,South West England,0.541,11.277
2055,MAM,South West England,0.494,7.346
2056,MAM,South West England,0.552,8.969
2057,MAM,South West England,0.484,9.085
2058,MAM,South West England,0.544,9.931
2059,MAM,South West England,0.488,6.400
2060,MAM,South West England,0.446,8.600
2061,MAM,South West England,0.484,6.000
2062,MAM,South West England,0.387,7.677
2063,MAM,South West England,0.448,8.623
2064,MAM,South West England,0.556,9.562
2065,MAM,South West England,0.526,9.885
2066,MAM,South West England,0.594,9.277
2067,MAM,South West England,0.404,7.069
2068,MAM,South West England,0.524,7.431
2069,MAM,South West England,0.567,10.600
2070,MAM,South West England,0.566,11.485
2071,MAM,South West England,0.607,12.254
2072,MAM,South West England,0.519,9.823
2073,MAM,South West England,0.414,5.615
2074,MAM,South West England,0.527,13.377
2075,MAM,South West England,0.634,13.069
2076,MAM,South West England,0.573,8.215
2077,MAM,South West England,0.499,10.069
2078,MAM,South West England,0.543,8.908
2079,MAM,South West England,0.508,13.977
1981,MAM,West Midlands,0.526,8.049
1982,MAM,West Midlands,0.595,10.333
1983,MAM,West Midlands,0.577,11.321
1984,MAM,West Midlands,0.432,6.247
1985,MAM,West Midlands,0.609,7.481
1986,MAM,West Midlands,0.580,9.309
1987,MAM,West Midlands,0.593,11.889
1988,MAM,West Midlands,0.566,9.840
1989,MAM,West Midlands,0.583,14.370
1990,MAM,West Midlands,0.499,14.370
1991,MAM,West Midlands,0.443,9.741
1992,MAM,West Midlands,0.561,7.605
1993,MAM,West Midlands,0.552,11.037
1994,MAM,West Midlands,0.533,13.840
1995,MAM,West Midlands,0.588,12.519
1996,MAM,West Midlands,0.664,12.025
1997,MAM,West Midlands,0.436,9.321
1998,MAM,West Midlands,0.658,13.926
1999,MAM,West Midlands,0.585,13.198
2000,MAM,West Midlands,0.541,9.556
2001,MAM,West Midlands,0.542,10.062
2002,MAM,West Midlands,0.538,9.370
2003,MAM,West Midlands,0.478,7.901
2004,MAM,West Midlands,0.617,9.975
2005,MAM,West Midlands,0.493,8.963
2006,MAM,West Midlands,0.569,9.160
2007,MAM,West Midlands,0.681,14.284
2008,MAM,West Midlands,0.531,14.593
2009,MAM,West Midlands,0.614,16.778
2010,MAM,West Midlands,0.664,11.407
2011,MAM,West Midlands,0.495,7.630
2012,MAM,West Midlands,0.523,7.741
2013,MAM,West Midlands,0.580,8.000
2014,MAM,West Midlands,0.504,9.914
2015,MAM,West Midlands,0.593,12.309
2016,MAM,West Midlands,0.505,8.741
2017,MAM,West Midlands,0.562,10.543
2018,MAM,West Midlands,0.546,7.654
2019,MAM,West Midlands,0.528,8.420
2020,MAM,West Midlands,0.487,9.531
2021,MAM,West Midlands,0.477,7.420
2022,MAM,West Midlands,0.508,7.284
2023,MAM,West Midlands,0.612,13.222
2024,MAM,West Midlands,0.484,7.556
2025,MAM,West Midlands,0.426,7.457
2026,MAM,West Midlands,0.552,8.963
2027,MAM,West Midlands,0.625,10.235
2028,MAM,West Midlands,0.475,11.457
2029,MAM,West Midlands,0.463,8.272
2030,MAM,West Midlands,0.592,9.432
2031,MAM,West Midlands,0.629,15.704
2032,MAM,West Midlands,0.431,5.617
2033,MAM,West Midlands,0.576,11.716
2034,MAM,West Midlands,0.603,9.000
2035,MAM,West Midlands,0.391,9.123
2036,MAM,West Midlands,0.465,8.765
2037,MAM,West Midlands,0.489,9.901
2038,MAM,West Midlands,0.565,15.926
2039,MAM,West Midlands,0.667,12.148
2040,MAM,West Midlands,0.360,6.765
2041,MAM,West Midlands,0.599,12.790
2042,MAM,West Midlands,0.475,5.852
2043,MAM,West Midlands,0.652,11.420
2044,MAM,West Midlands,0.611,11.877
2045,MAM,West Midlands,0.494,10.062
2046,MAM,West Midlands,0.559,20.099
2047,MAM,West Midlands,0.576,11.827
2048,MAM,West Midlands,0.541,7.963
2049,MAM,West Midlands,0.550,11.432
2050,MAM,West Midlands,0.528,10.469
2051,MAM,West Midlands,0.514,10.531
2052,MAM,West Midlands,0.520,10.321
2053,MAM,West Midlands,0.480,7.963
2054,MAM,West Midlands,0.559,10.457
2055,MAM,West Midlands,0.469,8.432
2056,MAM,West Midlands,0.585,7.889
2057,MAM,West Midlands,0.473,9.198
2058,MAM,West Midlands,0.520,8.198
2059,MAM,West Midlands,0.511,7.728
2060,MAM,West Midlands,0.484,8.975
2061,MAM,West Midlands,0.522,6.815
2062,MAM,West Midlands,0.436,9.259
2063,MAM,West Midlands,0.455,9.025
2064,MAM,West Midlands,0.545,10.506
2065,MAM,West Midlands,0.527,11.111
2066,MAM,West Midlands,0.631,10.259
2067,MAM,West Midlands,0.414,6.988
2068,MAM,West Midlands,0.565,8.136
2069,MAM,West Midlands,0.571,12.247
2070,MAM,West Midlands,0.520,12.914
2071,MAM,West Midlands,0.587,10.951
2072,MAM,West Midlands,0.548,11.210
2073,MAM,West Midlands,0.492,6.704
2074,MAM,West Midlands,0.518,11.728
2075,MAM,West Midlands,0.626,10.444
2076,MAM,West Midlands,0.586,9.432
2077,MAM,West Midlands,0.537,12.148
2078,MAM,West Midlands,0.545,8.580
2079,MAM,West Midlands,0.458,12.802
1981,MAM,West Scotland,0.571,9.156
1982,MAM,West Scotland,0.674,15.200
1983,MAM,West Scotland,0.437,6.889
1984,MAM,West Scotland,0.545,10.922
1985,MAM,West Scotland,0.698,10.789
1986,MAM,West Scotland,0.649,13.044
1987,MAM,West Scotland,0.693,16.867
1988,MAM,West Scotland,0.510,11.422
1989,MAM,West Scotland,0.724,15.667
1990,MAM,West Scotland,0.514,12.689
1991,MAM,West Scotland,0.651,15.422
1992,MAM,West Scotland,0.726,15.556
1993,MAM,West Scotland,0.605,9.744
1994,MAM,West Scotland,0.629,18.578
1995,MAM,West Scotland,0.660,14.378
1996,MAM,West Scotland,0.798,15.633
1997,MAM,West Scotland,0.504,10.811
1998,MAM,West Scotland,0.568,9.078
1999,MAM,West Scotland,0.512,8.867
2000,MAM,West Scotland,0.597,9.956
2001,MAM,West Scotland,0.586,16.722
2002,MAM,West Scotland,0.556,10.233
2003,MAM,West Scotland,0.585,10.233
2004,MAM,West Scotland,0.613,9.756
2005,MAM,West Scotland,0.649,13.067
2006,MAM,West Scotland,0.673,13.867
2007,MAM,West Scotland,0.653,13.033
2008,MAM,West Scotland,0.718,22.789
2009,MAM,West Scotland,0.695,14.867
2010,MAM,West Scotland,0.619,10.578
2011,MAM,West Scotland,0.666,16.811
2012,MAM,West Scotland,0.659,15.922
2013,MAM,West Scotland,0.678,11.878
2014,MAM,West Scotland,0.553,7.756
2015,MAM,West Scotland,0.541,10.578
2016,MAM,West Scotland,0.541,10.289
2017,MAM,West Scotland,0.557,9.622
2018,MAM,West Scotland,0.554,8.567
2019,MAM,West Scotland,0.495,13.000
2020,MAM,West Scotland,0.619,13.111
2021,MAM,West Scotland,0.525,10.167
2022,MAM,West Scotland,0.431,8.722
2023,MAM,West Scotland,0.585,13.433
2024,MAM,West Scotland,0.537,9.467
2025,MAM,West Scotland,0.516,11.878
2026,MAM,West Scotland,0.596,11.878
2027,MAM,West Scotland,0.625,10.922
2028,MAM,West Scotland,0.593,13.278
2029,MAM,West Scotland,0.646,13.267
2030,MAM,West Scotland,0.642,12.033
2031,MAM,West Scotland,0.622,18.078
2032,MAM,West Scotland,0.590,11.444
2033,MAM,West Scotland,0.534,11.978
2034,MAM,West Scotland,0.548,8.856
2035,MAM,West Scotland,0.550,18.689
2036,MAM,West Scotland,0.545,8.744
2037,MAM,West Scotland,0.617,11.733
2038,MAM,West Scotland,0.601,10.744
2039,MAM,West Scotland,0.689,13.622
2040,MAM,West Scotland,0.452,7.511
2041,MAM,West Scotland,0.557,12.333
2042,MAM,West Scotland,0.594,9.333
2043,MAM,West Scotland,0.622,11.800
2044,MAM,West Scotland,0.624,10.367
2045,MAM,West Scotland,0.570,9.389
2046,MAM,West Scotland,0.626,13.022
2047,MAM,West Scotland,0.593,16.056
2048,MAM,West Scotland,0.647,13.400
2049,MAM,West Scotland,0.598,12.222
2050,MAM,West Scotland,0.447,9.578
2051,MAM,West Scotland,0.557,14.256
2052,MAM,West Scotland,0.523,9.856
2053,MAM,West Scotland,0.570,8.711
2054,MAM,West Scotland,0.534,13.033
2055,MAM,West Scotland,0.611,13.067
2056,MAM,West Scotland,0.648,10.644
2057,MAM,West Scotland,0.520,14.167
2058,MAM,West Scotland,0.604,8.911
2059,MAM,West Scotland,0.570,10.533
2060,MAM,West Scotland,0.579,11.511
2061,MAM,West Scotland,0.620,12.678
2062,MAM,West Scotland,0.521,13.100
2063,MAM,West Scotland,0.557,10.078
2064,MAM,West Scotland,0.577,15.611
2065,MAM,West Scotland,0.623,16.211
2066,MAM,West Scotland,0.552,8.022
2067,MAM,West Scotland,0.534,10.844
2068,MAM,West Scotland,0.636,11.222
2069,MAM,West Scotland,0.628,13.978
2070,MAM,West Scotland,0.614,10.544
2071,MAM,West Scotland,0.629,12.778
2072,MAM,West Scotland,0.584,11.322
2073,MAM,West Scotland,0.667,13.556
2074,MAM,West Scotland,0.523,12.811
2075,MAM,West Scotland,0.665,13.111
2076,MAM,West Scotland,0.601,8.567
2077,MAM,West Scotland,0.593,10.156
2078,MAM,West Scotland,0.585,8.767
2079,MAM,West Scotland,0.461,8.111
1981,MAM,Yorkshire and Humber,0.510,7.842
1982,MAM,Yorkshire and Humber,0.559,8.119
1983,MAM,Yorkshire and Humber,0.479,7.376
1984,MAM,Yorkshire and Humber,0.403,4.713
1985,MAM,Yorkshire and Humber,0.620,9.881
1986,MAM,Yorkshire and Humber,0.530,7.594
1987,MAM,Yorkshire and Humber,0.586,10.881
1988,MAM,Yorkshire and Humber,0.574,10.069
1989,MAM,Yorkshire and Humber,0.556,14.050
1990,MAM,Yorkshire and Humber,0.488,9.416
1991,MAM,Yorkshire and Humber,0.505,9.337
1992,MAM,Yorkshire and Humber,0.538,7.832
1993,MAM,Yorkshire and Humber,0.481,9.871
1994,MAM,Yorkshire and Humber,0.529,11.149
1995,MAM,Yorkshire and Humber,0.526,9.515
1996,MAM,Yorkshire and Humber,0.700,13.475
1997,MAM,Yorkshire and Humber,0.457,8.356
1998,MAM,Yorkshire and Humber,0.591,11.238
1999,MAM,Yorkshire and Humber,0.512,10.188
2000,MAM,Yorkshire and Humber,0.518,10.366
2001,MAM,Yorkshire and Humber,0.537,12.851
2002,MAM,Yorkshire and Humber,0.556,10.040
2003,MAM,Yorkshire and Humber,0.469,10.515
2004,MAM,Yorkshire and Humber,0.602,12.881
2005,MAM,Yorkshire and Humber,0.428,6.743
2006,MAM,Yorkshire and Humber,0.538,11.901
2007,MAM,Yorkshire and Humber,0.672,13.792
2008,MAM,Yorkshire and Humber,0.518,13.822
2009,MAM,Yorkshire and Humber,0.649,12.703
2010,MAM,Yorkshire and Humber,0.626,9.911
2011,MAM,Yorkshire and Humber,0.494,9.455
2012,MAM,Yorkshire and Humber,0.507,9.238
2013,MAM,Yorkshire and Humber,0.583,7.109
2014,MAM,Yorkshire and Humber,0.478,7.228
2015,MAM,Yorkshire and Humber,0.585,14.535
2016,MAM,Yorkshire and Humber,0.485,8.139
2017,MAM,Yorkshire and Humber,0.520,10.406
2018,MAM,Yorkshire and Humber,0.521,7.505
2019,MAM,Yorkshire and Humber,0.567,9.683
2020,MAM,Yorkshire and Humber,0.471,7.238
2021,MAM,Yorkshire and Humber,0.445,7.010
2022,MAM,Yorkshire and Humber,0.484,7.248
2023,MAM,Yorkshire and Humber,0.533,11.109
2024,MAM,Yorkshire and Humber,0.436,8.020
2025,MAM,Yorkshire and Humber,0.427,8.267
2026,MAM,Yorkshire and Humber,0.498,10.277
2027,MAM,Yorkshire and Humber,0.673,10.743
2028,MAM,Yorkshire and Humber,0.506,11.941
2029,MAM,Yorkshire and Humber,0.457,7.614
2030,MAM,Yorkshire and Humber,0.533,10.059
2031,MAM,Yorkshire and Humber,0.562,10.455
2032,MAM,Yorkshire and Humber,0.463,7.861
2033,MAM,Yorkshire and Humber,0.541,11.208
2034,MAM,Yorkshire and Humber,0.542,7.941
2035,MAM,Yorkshire and Humber,0.428,9.564
2036,MAM,Yorkshire and Humber,0.455,8.822
2037,MAM,Yorkshire and Humber,0.510,8.733
2038,MAM,Yorkshire and Humber,0.560,12.871
2039,MAM,Yorkshire and Humber,0.680,11.861
2040,MAM,Yorkshire and Humber,0.360,6.257
2041,MAM,Yorkshire and Humber,0.525,11.594
2042,MAM,Yorkshire and Humber,0.474,7.475
2043,MAM,Yorkshire and Humber,0.637,10.545
2044,MAM,Yorkshire and Humber,0.587,10.228
2045,MAM,Yorkshire and Humber,0.539,10.050
2046,MAM,Yorkshire and Humber,0.528,11.297
2047,MAM,Yorkshire and Humber,0.500,12.089
2048,MAM,Yorkshire and Humber,0.543,9.485
2049,MAM,Yorkshire and Humber,0.537,9.109
2050,MAM,Yorkshire and Humber,0.510,9.406
2051,MAM,Yorkshire and Humber,0.548,13.950
2052,MAM,Yorkshire and Humber,0.506,9.634
2053,MAM,Yorkshire and Humber,0.444,6.406
2054,MAM,Yorkshire and Humber,0.516,7.673
2055,MAM,Yorkshire and Humber,0.500,9.941
2056,MAM,Yorkshire and Humber,0.618,11.960
2057,MAM,Yorkshire and Humber,0.503,8.267
2058,MAM,Yorkshire and Humber,0.518,7.465
2059,MAM,Yorkshire and Humber,0.482,9.089
2060,MAM,Yorkshire and Humber,0.465,8.762
2061,MAM,Yorkshire and Humber,0.515,7.020
2062,MAM,Yorkshire and Humber,0.436,10.515
2063,MAM,Yorkshire and Humber,0.489,8.604
2064,MAM,Yorkshire and Humber,0.525,9.554
2065,MAM,Yorkshire and Humber,0.517,8.139
2066,MAM,Yorkshire and Humber,0.573,8.921
2067,MAM,Yorkshire and Humber,0.523,13.762
2068,MAM,Yorkshire and Humber,0.569,10.129
2069,MAM,Yorkshire and Humber,0.556,14.495
2070,MAM,Yorkshire and Humber,0.602,11.208
2071,MAM,Yorkshire and Humber,0.627,14.842
2072,MAM,Yorkshire and Humber,0.530,12.931
2073,MAM,Yorkshire and Humber,0.545,11.010
2074,MAM,Yorkshire and Humber,0.490,10.396
2075,MAM,Yorkshire and Humber,0.640,11.743
2076,MAM,Yorkshire and Humber,0.555,11.703
2077,MAM,Yorkshire and Humber,0.546,10.178
2078,MAM,Yorkshire and Humber,0.523,7.851
2079,MAM,Yorkshire and Humber,0.480,8.911
1981,MAM,Channel Islands,0.511,6.000
1982,MAM,Channel Islands,0.446,6.000
1983,MAM,Channel Islands,0.620,16.000
1984,MAM,Channel Islands,0.380,8.000
1985,MAM,Channel Islands,0.522,11.000
1986,MAM,Channel Islands,0.478,9.000
1987,MAM,Channel Islands,0.435,8.000
1988,MAM,Channel Islands,0.533,12.000
1989,MAM,Channel Islands,0.446,6.000
1990,MAM,Channel Islands,0.391,6.000
1991,MAM,Channel Islands,0.467,6.000
1992,MAM,Channel Islands,0.348,6.000
1993,MAM,Channel Islands,0.391,8.000
1994,MAM,Channel Islands,0.391,8.000
1995,MAM,Channel Islands,0.413,5.000
1996,MAM,Channel Islands,0.598,8.000
1997,MAM,Channel Islands,0.402,4.000
1998,MAM,Channel Islands,0.467,4.000
1999,MAM,Channel Islands,0.435,9.000
2000,MAM,Channel Islands,0.446,5.000
2001,MAM,Channel Islands,0.446,8.000
2002,MAM,Channel Islands,0.435,8.000
2003,MAM,Channel Islands,0.217,3.000
2004,MAM,Channel Islands,0.522,7.000
2005,MAM,Channel Islands,0.315,5.000
2006,MAM,Channel Islands,0.478,10.000
2007,MAM,Channel Islands,0.609,7.000
2008,MAM,Channel Islands,0.424,10.000
2009,MAM,Channel Islands,0.609,12.000
2010,MAM,Channel Islands,0.522,7.000
2011,MAM,Channel Islands,0.250,6.000
2012,MAM,Channel Islands,0.489,6.000
2013,MAM,Channel Islands,0.587,11.000
2014,MAM,Channel Islands,0.326,4.000
2015,MAM,Channel Islands,0.446,5.000
2016,MAM,Channel Islands,0.424,5.000
2017,MAM,Channel Islands,0.435,11.000
2018,MAM,Channel Islands,0.489,6.000
2019,MAM,Channel Islands,0.500,8.000
2020,MAM,Channel Islands,0.380,5.000
2021,MAM,Channel Islands,0.304,5.000
2022,MAM,Channel Islands,0.359,6.000
2023,MAM,Channel Islands,0.533,10.000
2024,MAM,Channel Islands,0.359,5.000
2025,MAM,Channel Islands,0.413,5.000
2026,MAM,Channel Islands,0.402,7.000
2027,MAM,Channel Islands,0.467,5.000
2028,MAM,Channel Islands,0.359,10.000
2029,MAM,Channel Islands,0.293,6.000
2030,MAM,Channel Islands,0.467,9.000
2031,MAM,Channel Islands,0.446,5.000
2032,MAM,Channel Islands,0.283,6.000
2033,MAM,Channel Islands,0.348,6.000
2034,MAM,Channel Islands,0.435,6.000
2035,MAM,Channel Islands,0.283,4.000
2036,MAM,Channel Islands,0.326,7.000
2037,MAM,Channel Islands,0.402,6.000
2038,MAM,Channel Islands,0.424,7.000
2039,MAM,Channel Islands,0.587,6.000
2040,MAM,Channel Islands,0.304,7.000
2041,MAM,Channel Islands,0.533,9.000
2042,MAM,Channel Islands,0.293,4.000
2043,MAM,Channel Islands,0.554,8.000
2044,MAM,Channel Islands,0.435,7.000
2045,MAM,Channel Islands,0.370,5.000
2046,MAM,Channel Islands,0.489,8.000
2047,MAM,Channel Islands,0.391,8.000
2048,MAM,Channel Islands,0.315,10.000
2049,MAM,Channel Islands,0.326,3.000
2050,MAM,Channel Islands,0.402,6.000
2051,MAM,Channel Islands,0.478,9.000
2052,MAM,Channel Islands,0.380,5.000
2053,MAM,Channel Islands,0.304,5.000
2054,MAM,Channel Islands,0.489,9.000
2055,MAM,Channel Islands,0.435,8.000
2056,MAM,Channel Islands,0.337,5.000
2057,MAM,Channel Islands,0.370,8.000
2058,MAM,Channel Islands,0.391,5.000
2059,MAM,Channel Islands,0.293,4.000
2060,MAM,Channel Islands,0.293,8.000
2061,MAM,Channel Islands,0.424,6.000
2062,MAM,Channel Islands,0.217,3.000
2063,MAM,Channel Islands,0.370,13.000
2064,MAM,Channel Islands,0.402,5.000
2065,MAM,Channel Islands,0.435,8.000
2066,MAM,Channel Islands,0.467,5.000
2067,MAM,Channel Islands,0.283,9.000
2068,MAM,Channel Islands,0.402,6.000
2069,MAM,Channel Islands,0.435,10.000
2070,MAM,Channel Islands,0.446,8.000
2071,MAM,Channel Islands,0.413,6.000
2072,MAM,Channel Islands,0.315,4.000
2073,MAM,Channel Islands,0.207,5.000
2074,MAM,Channel Islands,0.348,6.000
2075,MAM,Channel Islands,0.489,7.000
2076,MAM,Channel Islands,0.413,8.000
2077,MAM,Channel Islands,0.315,5.000
2078,MAM,Channel Islands,0.446,8.000
2079,MAM,Channel Islands,0.359,7.000
1981,MAM,Isle of Man,0.467,4.000
1982,MAM,Isle of Man,0.511,6.000
1983,MAM,Isle of Man,0.467,5.000
1984,MAM,Isle of Man,0.500,6.000
1985,MAM,Isle of Man,0.641,8.000
1986,MAM,Isle of Man,0.522,5.000
1987,MAM,Isle of Man,0.620,15.000
1988,MAM,Isle of Man,0.435,8.000
1989,MAM,Isle of Man,0.630,11.000
1990,MAM,Isle of Man,0.533,11.000
1991,MAM,Isle of Man,0.500,11.000
1992,MAM,Isle of Man,0.576,6.000
1993,MAM,Isle of Man,0.500,9.000
1994,MAM,Isle of Man,0.543,14.000
1995,MAM,Isle of Man,0.576,7.000
1996,MAM,Isle of Man,0.728,13.000
1997,MAM,Isle of Man,0.478,10.000
1998,MAM,Isle of Man,0.522,15.000
1999,MAM,Isle of Man,0.500,8.000
2000,MAM,Isle of Man,0.554,9.000
2001,MAM,Isle of Man,0.543,7.000
2002,MAM,Isle of Man,0.554,7.000
2003,MAM,Isle of Man,0.554,8.000
2004,MAM,Isle of Man,0.609,9.000
2005,MAM,Isle of Man,0.565,9.000
2006,MAM,Isle of Man,0.565,7.000
2007,MAM,Isle of Man,0.630,7.000
2008,MAM,Isle of Man,0.576,14.000
2009,MAM,Isle of Man,0.761,12.000
2010,MAM,Isle of Man,0.533,6.000
2011,MAM,Isle of Man,0.620,8.000
2012,MAM,Isle of Man,0.543,7.000
2013,MAM,Isle of Man,0.674,7.000
2014,MAM,Isle of Man,0.511,7.000
2015,MAM,Isle of Man,0.446,6.000
2016,MAM,Isle of Man,0.424,8.000
2017,MAM,Isle of Man,0.478,6.000
2018,MAM,Isle of Man,0.478,5.000
2019,MAM,Isle of Man,0.424,10.000
2020,MAM,Isle of Man,0.522,9.000
2021,MAM,Isle of Man,0.413,11.000
2022,MAM,Isle of Man,0.435,10.000
2023,MAM,Isle of Man,0.543,7.000
2024,MAM,Isle of Man,0.478,7.000
2025,MAM,Isle of Man,0.446,11.000
2026,MAM,Isle of Man,0.478,5.000
2027,MAM,Isle of Man,0.641,8.000
2028,MAM,Isle of Man,0.489,10.000
2029,MAM,Isle of Man,0.554,7.000
2030,MAM,Isle of Man,0.489,6.000
2031,MAM,Isle of Man,0.620,10.000
2032,MAM,Isle of Man,0.543,8.000
2033,MAM,Isle of Man,0.446,14.000
2034,MAM,Isle of Man,0.511,5.000
2035,MAM,Isle of Man,0.435,15.000
2036,MAM,Isle of Man,0.435,8.000
2037,MAM,Isle of Man,0.576,10.000
2038,MAM,Isle of Man,0.554,8.000
2039,MAM,Isle of Man,0.663,15.000
2040,MAM,Isle of Man,0.413,5.000
2041,MAM,Isle of Man,0.511,11.000
2042,MAM,Isle of Man,0.424,9.000
2043,MAM,Isle of Man,0.565,8.000
2044,MAM,Isle of Man,0.565,8.000
2045,MAM,Isle of Man,0.457,10.000
2046,MAM,Isle of Man,0.543,9.000
2047,MAM,Isle of Man,0.554,10.000
2048,MAM,Isle of Man,0.630,14.000
2049,MAM,Isle of Man,0.565,10.000
2050,MAM,Isle of Man,0.489,10.000
2051,MAM,Isle of Man,0.500,8.000
2052,MAM,Isle of Man,0.554,8.000
2053,MAM,Isle of Man,0.457,4.000
2054,MAM,Isle of Man,0.500,11.000
2055,MAM,Isle of Man,0.609,16.000
2056,MAM,Isle of Man,0.587,7.000
2057,MAM,Isle of Man,0.435,5.000
2058,MAM,Isle of Man,0.489,8.000
2059,MAM,Isle of Man,0.533,10.000
2060,MAM,Isle of Man,0.457,9.000
2061,MAM,Isle of Man,0.565,9.000
2062,MAM,Isle of Man,0.467,16.000
2063,MAM,Isle of Man,0.522,13.000
2064,MAM,Isle of Man,0.554,19.000
2065,MAM,Isle of Man,0.457,6.000
2066,MAM,Isle of Man,0.565,7.000
2067,MAM,Isle of Man,0.522,10.000
2068,MAM,Isle of Man,0.500,11.000
2069,MAM,Isle of Man,0.587,17.000
2070,MAM,Isle of Man,0.543,8.000
2071,MAM,Isle of Man,0.576,8.000
2072,MAM,Isle of Man,0.554,11.000
2073,MAM,Isle of Man,0.543,9.000
2074,MAM,Isle of Man,0.457,9.000
2075,MAM,Isle of Man,0.663,14.000
2076,MAM,Isle of Man,0.543,4.000
2077,MAM,Isle of Man,0.554,5.000
2078,MAM,Isle of Man,0.522,6.000
2079,MAM,Isle of Man,0.467,13.000
1981,MAM,Northern Ireland,0.583,8.081
1982,MAM,Northern Ireland,0.642,17.907
1983,MAM,Northern Ireland,0.459,6.721
1984,MAM,Northern Ireland,0.596,10.349
1985,MAM,Northern Ireland,0.677,10.942
1986,MAM,Northern Ireland,0.748,19.581
1987,MAM,Northern Ireland,0.701,22.977
1988,MAM,Northern Ireland,0.559,11.442
1989,MAM,Northern Ireland,0.709,16.360
1990,MAM,Northern Ireland,0.532,14.209
1991,MAM,Northern Ireland,0.658,14.860
1992,MAM,Northern Ireland,0.772,21.465
1993,MAM,Northern Ireland,0.642,14.779
1994,MAM,Northern Ireland,0.659,19.267
1995,MAM,Northern Ireland,0.701,22.628
1996,MAM,Northern Ireland,0.806,19.302
1997,MAM,Northern Ireland,0.552,10.953
1998,MAM,Northern Ireland,0.617,12.953
1999,MAM,Northern Ireland,0.559,11.663
2000,MAM,Northern Ireland,0.662,18.337
2001,MAM,Northern Ireland,0.596,18.465
2002,MAM,Northern Ireland,0.616,12.221
2003,MAM,Northern Ireland,0.664,14.081
2004,MAM,Northern Ireland,0.636,11.419
2005,MAM,Northern Ireland,0.696,14.663
2006,MAM,Northern Ireland,0.754,20.233
2007,MAM,Northern Ireland,0.751,21.419
2008,MAM,Northern Ireland,0.722,25.116
2009,MAM,Northern Ireland,0.731,18.000
2010,MAM,Northern Ireland,0.645,9.581
2011,MAM,Northern Ireland,0.681,13.686
2012,MAM,Northern Ireland,0.696,16.988
2013,MAM,Northern Ireland,0.698,12.244
2014,MAM,Northern Ireland,0.620,11.151
2015,MAM,Northern Ireland,0.585,14.244
2016,MAM,Northern Ireland,0.539,11.128
2017,MAM,Northern Ireland,0.540,13.791
2018,MAM,Northern Ireland,0.603,9.919
2019,MAM,Northern Ireland,0.555,16.814
2020,MAM,Northern Ireland,0.644,13.174
2021,MAM,Northern Ireland,0.573,10.814
2022,MAM,Northern Ireland,0.493,14.942
2023,MAM,Northern Ireland,0.639,13.384
2024,MAM,Northern Ireland,0.586,10.174
2025,MAM,Northern Ireland,0.514,9.093
2026,MAM,Northern Ireland,0.607,11.151
2027,MAM,Northern Ireland,0.662,13.035
2028,MAM,Northern Ireland,0.613,18.826
2029,MAM,Northern Ireland,0.644,14.942
2030,MAM,Northern Ireland,0.662,15.314
2031,MAM,Northern Ireland,0.688,18.105
2032,MAM,Northern Ireland,0.661,13.221
2033,MAM,Northern Ireland,0.604,14.744
2034,MAM,Northern Ireland,0.690,14.186
2035,MAM,Northern Ireland,0.614,21.302
2036,MAM,Northern Ireland,0.562,10.477
2037,MAM,Northern Ireland,0.621,11.000
2038,MAM,Northern Ireland,0.619,11.953
2039,MAM,Northern Ireland,0.730,15.919
2040,MAM,Northern Ireland,0.482,9.919
2041,MAM,Northern Ireland,0.569,16.256
2042,MAM,Northern Ireland,0.597,10.023
2043,MAM,Northern Ireland,0.678,13.581
2044,MAM,Northern Ireland,0.648,11.535
2045,MAM,Northern Ireland,0.588,12.070
2046,MAM,Northern Ireland,0.647,15.628
2047,MAM,Northern Ireland,0.582,17.942
2048,MAM,Northern Ireland,0.678,13.291
2049,MAM,Northern Ireland,0.686,12.988
2050,MAM,Northern Ireland,0.533,10.884
2051,MAM,Northern Ireland,0.603,13.942
2052,MAM,Northern Ireland,0.534,10.326
2053,MAM,Northern Ireland,0.582,9.616
2054,MAM,Northern Ireland,0.565,13.849
2055,MAM,Northern Ireland,0.646,16.442
2056,MAM,Northern Ireland,0.679,10.988
2057,MAM,Northern Ireland,0.533,15.058
2058,MAM,Northern Ireland,0.584,10.512
2059,MAM,Northern Ireland,0.626,12.221
2060,MAM,Northern Ireland,0.563,13.093
2061,MAM,Northern Ireland,0.607,8.512
2062,MAM,Northern Ireland,0.519,12.163
2063,MAM,Northern Ireland,0.589,12.081
2064,MAM,Northern Ireland,0.661,19.651
2065,MAM,Northern Ireland,0.572,12.744
2066,MAM,Northern Ireland,0.602,10.465
2067,MAM,Northern Ireland,0.562,8.919
2068,MAM,Northern Ireland,0.620,13.233
2069,MAM,Northern Ireland,0.628,13.058
2070,MAM,Northern Ireland,0.634,12.058
2071,MAM,Northern Ireland,0.634,15.419
2072,MAM,Northern Ireland,0.581,12.174
2073,MAM,Northern Ireland,0.689,17.337
2074,MAM,Northern Ireland,0.527,13.163
2075,MAM,Northern Ireland,0.688,13.593
2076,MAM,Northern Ireland,0.659,11.430
2077,MAM,Northern Ireland,0.582,9.395
2078,MAM,Northern Ireland,0.631,9.512
2079,MAM,Northern Ireland,0.499,12.477
1981,MAM,Wales,0.608,9.606
1982,MAM,Wales,0.625,11.119
1983,MAM,Wales,0.577,11.523
1984,MAM,Wales,0.523,7.183
1985,MAM,Wales,0.640,8.725
1986,MAM,Wales,0.609,10.303
1987,MAM,Wales,0.632,12.477
1988,MAM,Wales,0.553,9.193
1989,MAM,Wales,0.618,13.505
1990,MAM,Wales,0.536,13.752
1991,MAM,Wales,0.511,11.312
1992,MAM,Wales,0.627,11.945
1993,MAM,Wales,0.600,12.459
1994,MAM,Wales,0.564,10.606
1995,MAM,Wales,0.618,12.670
1996,MAM,Wales,0.695,12.725
1997,MAM,Wales,0.489,9.229
1998,MAM,Wales,0.686,12.550
1999,MAM,Wales,0.547,10.817
2000,MAM,Wales,0.582,10.642
2001,MAM,Wales,0.602,11.798
2002,MAM,Wales,0.556,9.147
2003,MAM,Wales,0.571,10.541
2004,MAM,Wales,0.673,12.734
2005,MAM,Wales,0.528,8.743
2006,MAM,Wales,0.630,10.615
2007,MAM,Wales,0.717,13.743
2008,MAM,Wales,0.564,11.156
2009,MAM,Wales,0.643,13.248
2010,MAM,Wales,0.643,10.982
2011,MAM,Wales,0.528,9.798
2012,MAM,Wales,0.570,9.092
2013,MAM,Wales,0.636,10.284
2014,MAM,Wales,0.545,9.541
2015,MAM,Wales,0.580,9.596
2016,MAM,Wales,0.555,9.642
2017,MAM,Wales,0.560,8.835
2018,MAM,Wales,0.525,7.330
2019,MAM,Wales,0.533,7.523
2020,MAM,Wales,0.515,9.450
2021,MAM,Wales,0.539,9.486
2022,MAM,Wales,0.522,7.615
2023,MAM,Wales,0.606,12.128
2024,MAM,Wales,0.518,10.257
2025,MAM,Wales,0.473,9.560
2026,MAM,Wales,0.570,9.330
2027,MAM,Wales,0.657,12.110
2028,MAM,Wales,0.498,9.459
2029,MAM,Wales,0.502,9.954
2030,MAM,Wales,0.595,9.385
2031,MAM,Wales,0.647,12.349
2032,MAM,Wales,0.542,8.248
2033,MAM,Wales,0.570,9.165
2034,MAM,Wales,0.618,8.624
2035,MAM,Wales,0.448,11.083
2036,MAM,Wales,0.482,8.569
2037,MAM,Wales,0.556,11.367
2038,MAM,Wales,0.588,14.468
2039,MAM,Wales,0.684,13.642
2040,MAM,Wales,0.431,7.367
2041,MAM,Wales,0.608,12.211
2042,MAM,Wales,0.497,5.972
2043,MAM,Wales,0.660,10.110
2044,MAM,Wales,0.614,10.596
2045,MAM,Wales,0.520,9.853
2046,MAM,Wales,0.605,12.000
2047,MAM,Wales,0.611,12.138
2048,MAM,Wales,0.570,11.202
2049,MAM,Wales,0.592,12.358
2050,MAM,Wales,0.499,10.651
2051,MAM,Wales,0.530,10.541
2052,MAM,Wales,0.538,9.532
2053,MAM,Wales,0.482,6.844
2054,MAM,Wales,0.559,12.092
2055,MAM,Wales,0.504,7.606
2056,MAM,Wales,0.620,9.578
2057,MAM,Wales,0.499,9.532
2058,MAM,Wales,0.556,9.367
2059,MAM,Wales,0.527,8.596
2060,MAM,Wales,0.467,8.404
2061,MAM,Wales,0.557,7.578
2062,MAM,Wales,0.460,9.954
2063,MAM,Wales,0.513,8.936
2064,MAM,Wales,0.599,12.339
2065,MAM,Wales,0.534,10.817
2066,MAM,Wales,0.612,9.220
2067,MAM,Wales,0.447,7.807
2068,MAM,Wales,0.561,8.872
2069,MAM,Wales,0.588,11.275
2070,MAM,Wales,0.562,11.514
2071,MAM,Wales,0.638,12.101
2072,MAM,Wales,0.551,9.633
2073,MAM,Wales,0.537,7.798
2074,MAM,Wales,0.535,12.284
2075,MAM,Wales,0.645,13.330
2076,MAM,Wales,0.594,8.358
2077,MAM,Wales,0.558,9.899
2078,MAM,Wales,0.574,8.376
2079,MAM,Wales,0.502,14.716
1981,JJA,East Midlands,0.665,16.424
1982,JJA,East Midlands,0.447,10.030
1983,JJA,East Midlands,0.511,10.303
1984,JJA,East Midlands,0.419,6.939
1985,JJA,East Midlands,0.493,8.232
1986,JJA,East Midlands,0.473,6.313
1987,JJA,East Midlands,0.627,9.394
1988,JJA,East Midlands,0.554,8.242
1989,JJA,East Midlands,0.589,12.242
1990,JJA,East Midlands,0.543,10.747
1991,JJA,East Midlands,0.382,6.606
1992,JJA,East Midlands,0.424,11.364
1993,JJA,East Midlands,0.545,11.020
1994,JJA,East Midlands,0.462,6.333
1995,JJA,East Midlands,0.479,7.384
1996,JJA,East Midlands,0.489,12.273
1997,JJA,East Midlands,0.575,11.071
1998,JJA,East Midlands,0.641,9.242
1999,JJA,East Midlands,0.433,6.949
2000,JJA,East Midlands,0.435,7.010
2001,JJA,East Midlands,0.497,6.949
2002,JJA,East Midlands,0.533,9.242
2003,JJA,East Midlands,0.507,8.717
2004,JJA,East Midlands,0.577,11.111
2005,JJA,East Midlands,0.481,8.242
2006,JJA,East Midlands,0.357,8.848
2007,JJA,East Midlands,0.586,11.212
2008,JJA,East Midlands,0.581,13.990
2009,JJA,East Midlands,0.533,11.323
2010,JJA,East Midlands,0.367,4.879
2011,JJA,East Midlands,0.598,11.778
2012,JJA,East Midlands,0.440,8.788
2013,JJA,East Midlands,0.443,8.697
2014,JJA,East Midlands,0.499,10.576
2015,JJA,East Midlands,0.392,5.394
2016,JJA,East Midlands,0.481,8.758
2017,JJA,East Midlands,0.434,6.444
2018,JJA,East Midlands,0.524,7.303
2019,JJA,East Midlands,0.461,8.778
2020,JJA,East Midlands,0.525,6.838
2021,JJA,East Midlands,0.471,8.768
2022,JJA,East Midlands,0.404,8.495
2023,JJA,East Midlands,0.335,4.434
2024,JJA,East Midlands,0.484,7.192
2025,JJA,East Midlands,0.379,5.939
2026,JJA,East Midlands,0.566,9.222
2027,JJA,East Midlands,0.452,5.717
2028,JJA,East Midlands,0.479,7.364
2029,JJA,East Midlands,0.468,10.212
2030,JJA,East Midlands,0.514,5.859
2031,JJA,East Midlands,0.552,8.576
2032,JJA,East Midlands,0.324,4.303
2033,JJA,East Midlands,0.412,7.394
2034,JJA,East Midlands,0.477,6.424
2035,JJA,East Midlands,0.514,8.677
2036,JJA,East Midlands,0.434,6.303
2037,JJA,East Midlands,0.359,5.121
2038,JJA,East Midlands,0.537,7.687
2039,JJA,East Midlands,0.444,7.515
2040,JJA,East Midlands,0.433,6.303
2041,JJA,East Midlands,0.322,5.616
2042,JJA,East Midlands,0.436,6.626
2043,JJA,East Midlands,0.426,5.788
2044,JJA,East Midlands,0.519,7.141
2045,JJA,East Midlands,0.481,6.020
2046,JJA,East Midlands,0.425,7.222
2047,JJA,East Midlands,0.388,5.404
2048,JJA,East Midlands,0.341,4.586
2049,JJA,East Midlands,0.412,7.667
2050,JJA,East Midlands,0.385,6.061
2051,JJA,East Midlands,0.511,6.303
2052,JJA,East Midlands,0.512,6.949
2053,JJA,East Midlands,0.482,8.818
2054,JJA,East Midlands,0.378,4.545
2055,JJA,East Midlands,0.380,9.081
2056,JJA,East Midlands,0.354,4.545
2057,JJA,East Midlands,0.484,5.020
2058,JJA,East Midlands,0.376,4.818
2059,JJA,East Midlands,0.271,4.293
2060,JJA,East Midlands,0.380,4.970
2061,JJA,East Midlands,0.359,5.636
2062,JJA,East Midlands,0.491,5.788
2063,JJA,East Midlands,0.356,4.687
2064,JJA,East Midlands,0.529,6.859
2065,JJA,East Midlands,0.391,4.505
2066,JJA,East Midlands,0.377,4.879
2067,JJA,East Midlands,0.420,5.869
2068,JJA,East Midlands,0.316,5.121
2069,JJA,East Midlands,0.430,7.414
2070,JJA,East Midlands,0.497,8.354
2071,JJA,East Midlands,0.382,7.869
2072,JJA,East Midlands,0.437,6.303
2073,JJA,East Midlands,0.360,5.778
2074,JJA,East Midlands,0.428,5.657
2075,JJA,East Midlands,0.427,6.707
2076,JJA,East Midlands,0.384,5.061
2077,JJA,East Midlands,0.314,3.838
2078,JJA,East Midlands,0.617,10.434
2079,JJA,East Midlands,0.437,5.576
1981,JJA,East of England,0.565,13.200
1982,JJA,East of England,0.460,9.900
1983,JJA,East of England,0.474,9.017
1984,JJA,East of England,0.434,6.700
1985,JJA,East of England,0.464,8.775
1986,JJA,East of England,0.379,5.800
1987,JJA,East of England,0.591,7.875
1988,JJA,East of England,0.522,6.942
1989,JJA,East of England,0.566,11.125
1990,JJA,East of England,0.511,8.817
1991,JJA,East of England,0.378,6.375
1992,JJA,East of England,0.363,10.583
1993,JJA,East of England,0.524,12.325
1994,JJA,East of England,0.419,5.642
1995,JJA,East of England,0.436,6.417
1996,JJA,East of England,0.422,8.142
1997,JJA,East of England,0.453,9.092
1998,JJA,East of England,0.654,9.333
1999,JJA,East of England,0.352,7.158
2000,JJA,East of England,0.419,6.467
2001,JJA,East of England,0.480,6.950
2002,JJA,East of England,0.529,9.858
2003,JJA,East of England,0.534,8.383
2004,JJA,East of England,0.567,9.358
2005,JJA,East of England,0.454,8.625
2006,JJA,East of England,0.282,8.417
2007,JJA,East of England,0.569,10.600
2008,JJA,East of England,0.556,13.175
2009,JJA,East of England,0.515,11.283
2010,JJA,East of England,0.325,4.342
2011,JJA,East of England,0.574,12.542
2012,JJA,East of England,0.438,9.617
2013,JJA,East of England,0.415,8.050
2014,JJA,East of England,0.435,6.633
2015,JJA,East of England,0.402,5.450
2016,JJA,East of England,0.484,8.375
2017,JJA,East of England,0.381,6.650
2018,JJA,East of England,0.527,9.792
2019,JJA,East of England,0.461,6.650
2020,JJA,East of England,0.446,6.358
2021,JJA,East of England,0.444,8.058
2022,JJA,East of England,0.395,7.183
2023,JJA,East of England,0.337,5.058
2024,JJA,East of England,0.467,7.100
2025,JJA,East of England,0.321,4.967
2026,JJA,East of England,0.562,9.400
2027,JJA,East of England,0.410,6.525
2028,JJA,East of England,0.444,5.542
2029,JJA,East of England,0.447,8.050
2030,JJA,East of England,0.458,6.525
2031,JJA,East of England,0.554,8.008
2032,JJA,East of England,0.335,4.783
2033,JJA,East of England,0.392,7.567
2034,JJA,East of England,0.390,5.625
2035,JJA,East of England,0.494,7.858
2036,JJA,East of England,0.413,6.992
2037,JJA,East of England,0.364,7.542
2038,JJA,East of England,0.458,7.942
2039,JJA,East of England,0.394,5.950
2040,JJA,East of England,0.436,6.392
2041,JJA,East of England,0.300,5.067
2042,JJA,East of England,0.427,6.342
2043,JJA,East of England,0.437,5.833
2044,JJA,East of England,0.441,6.917
2045,JJA,East of England,0.495,6.450
2046,JJA,East of England,0.406,8.133
2047,JJA,East of England,0.398,4.458
2048,JJA,East of England,0.324,4.125
2049,JJA,East of England,0.421,11.350
2050,JJA,East of England,0.408,6.258
2051,JJA,East of England,0.472,7.342
2052,JJA,East of England,0.486,7.108
2053,JJA,East of England,0.459,11.442
2054,JJA,East of England,0.413,4.617
2055,JJA,East of England,0.351,8.950
2056,JJA,East of England,0.283,3.767
2057,JJA,East of England,0.522,6.192
2058,JJA,East of England,0.377,6.017
2059,JJA,East of England,0.259,3.392
2060,JJA,East of England,0.353,6.650
2061,JJA,East of England,0.339,4.425
2062,JJA,East of England,0.514,5.917
2063,JJA,East of England,0.347,5.958
2064,JJA,East of England,0.505,7.242
2065,JJA,East of England,0.408,5.583
2066,JJA,East of England,0.396,5.100
2067,JJA,East of England,0.357,4.783
2068,JJA,East of England,0.309,5.167
2069,JJA,East of England,0.485,7.442
2070,JJA,East of England,0.512,7.092
2071,JJA,East of England,0.364,5.633
2072,JJA,East of England,0.440,6.675
2073,JJA,East of England,0.311,4.625
2074,JJA,East of England,0.394,5.192
2075,JJA,East of England,0.363,7.292
2076,JJA,East of England,0.375,4.717
2077,JJA,East of England,0.306,4.033
2078,JJA,East of England,0.540,8.758
2079,JJA,East of England,0.362,5.342
1981,JJA,East Scotland,0.754,19.705
1982,JJA,East Scotland,0.584,13.494
1983,JJA,East Scotland,0.577,8.885
1984,JJA,East Scotland,0.604,10.385
1985,JJA,East Scotland,0.675,13.731
1986,JJA,East Scotland,0.574,10.231
1987,JJA,East Scotland,0.734,14.679
1988,JJA,East Scotland,0.695,11.526
1989,JJA,East Scotland,0.703,17.397
1990,JJA,East Scotland,0.635,12.327
1991,JJA,East Scotland,0.539,11.141
1992,JJA,East Scotland,0.566,10.237
1993,JJA,East Scotland,0.691,14.679
1994,JJA,East Scotland,0.623,9.237
1995,JJA,East Scotland,0.703,12.949
1996,JJA,East Scotland,0.630,11.372
1997,JJA,East Scotland,0.664,13.558
1998,JJA,East Scotland,0.637,11.859
1999,JJA,East Scotland,0.515,7.410
2000,JJA,East Scotland,0.583,11.763
2001,JJA,East Scotland,0.623,11.494
2002,JJA,East Scotland,0.613,12.635
2003,JJA,East Scotland,0.580,9.237
2004,JJA,East Scotland,0.670,10.449
2005,JJA,East Scotland,0.518,9.987
2006,JJA,East Scotland,0.563,10.212
2007,JJA,East Scotland,0.592,10.269
2008,JJA,East Scotland,0.639,10.712
2009,JJA,East Scotland,0.567,9.224
2010,JJA,East Scotland,0.516,8.968
2011,JJA,East Scotland,0.707,20.237
2012,JJA,East Scotland,0.500,7.250
2013,JJA,East Scotland,0.594,11.808
2014,JJA,East Scotland,0.545,8.923
2015,JJA,East Scotland,0.559,8.288
2016,JJA,East Scotland,0.601,9.615
2017,JJA,East Scotland,0.579,10.096
2018,JJA,East Scotland,0.624,11.545
2019,JJA,East Scotland,0.548,8.282
2020,JJA,East Scotland,0.604,8.526
2021,JJA,East Scotland,0.621,13.987
2022,JJA,East Scotland,0.547,9.147
2023,JJA,East Scotland,0.443,8.019
2024,JJA,East Scotland,0.560,8.628
2025,JJA,East Scotland,0.501,8.833
2026,JJA,East Scotland,0.668,10.173
2027,JJA,East Scotland,0.620,9.923
2028,JJA,East Scotland,0.589,10.462
2029,JJA,East Scotland,0.658,9.968
2030,JJA,East Scotland,0.658,9.436
2031,JJA,East Scotland,0.666,13.712
2032,JJA,East Scotland,0.429,7.006
2033,JJA,East Scotland,0.474,7.654
2034,JJA,East Scotland,0.554,11.795
2035,JJA,East Scotland,0.656,12.628
2036,JJA,East Scotland,0.543,8.019
2037,JJA,East Scotland,0.485,7.923
2038,JJA,East Scotland,0.638,13.301
2039,JJA,East Scotland,0.591,10.981
2040,JJA,East Scotland,0.589,8.692
2041,JJA,East Scotland,0.529,9.173
2042,JJA,East Scotland,0.619,10.365
2043,JJA,East Scotland,0.549,8.885
2044,JJA,East Scotland,0.610,11.410
2045,JJA,East Scotland,0.502,7.199
2046,JJA,East Scotland,0.499,7.397
2047,JJA,East Scotland,0.579,8.654
2048,JJA,East Scotland,0.604,10.032
2049,JJA,East Scotland,0.513,9.365
2050,JJA,East Scotland,0.448,6.026
2051,JJA,East Scotland,0.619,11.327
2052,JJA,East Scotland,0.632,11.096
2053,JJA,East Scotland,0.579,8.814
2054,JJA,East Scotland,0.624,11.192
2055,JJA,East Scotland,0.501,7.481
2056,JJA,East Scotland,0.564,8.115
2057,JJA,East Scotland,0.569,11.481
2058,JJA,East Scotland,0.465,5.994
2059,JJA,East Scotland,0.497,8.032
2060,JJA,East Scotland,0.494,7.647
2061,JJA,East Scotland,0.510,9.205
2062,JJA,East Scotland,0.536,8.295
2063,JJA,East Scotland,0.554,8.929
2064,JJA,East Scotland,0.620,10.686
2065,JJA,East Scotland,0.508,7.045
2066,JJA,East Scotland,0.512,6.115
2067,JJA,East Scotland,0.536,8.769
2068,JJA,East Scotland,0.490,6.949
2069,JJA,East Scotland,0.591,13.179
2070,JJA,East Scotland,0.633,9.615
2071,JJA,East Scotland,0.460,8.776
2072,JJA,East Scotland,0.571,8.750
2073,JJA,East Scotland,0.503,7.083
2074,JJA,East Scotland,0.548,7.750
2075,JJA,East Scotland,0.612,11.212
2076,JJA,East Scotland,0.509,7.731
2077,JJA,East Scotland,0.555,8.910
2078,JJA,East Scotland,0.677,10.891
2079,JJA,East Scotland,0.583,11.917
1981,JJA,London,0.579,13.200
1982,JJA,London,0.441,9.300
1983,JJA,London,0.472,8.100
1984,JJA,London,0.405,6.200
1985,JJA,London,0.450,7.500
1986,JJA,London,0.442,8.300
1987,JJA,London,0.593,9.000
1988,JJA,London,0.526,6.800
1989,JJA,London,0.590,11.700
1990,JJA,London,0.454,9.700
1991,JJA,London,0.362,7.200
1992,JJA,London,0.386,11.300
1993,JJA,London,0.516,9.800
1994,JJA,London,0.416,5.700
1995,JJA,London,0.418,4.500
1996,JJA,London,0.427,11.200
1997,JJA,London,0.410,5.900
1998,JJA,London,0.620,7.500
1999,JJA,London,0.374,8.000
2000,JJA,London,0.417,6.100
2001,JJA,London,0.466,5.800
2002,JJA,London,0.534,6.900
2003,JJA,London,0.504,7.200
2004,JJA,London,0.541,9.200
2005,JJA,London,0.355,7.200
2006,JJA,London,0.228,7.200
2007,JJA,London,0.534,11.800
2008,JJA,London,0.560,12.600
2009,JJA,London,0.478,8.000
2010,JJA,London,0.335,4.300
2011,JJA,London,0.568,9.700
2012,JJA,London,0.408,8.800
2013,JJA,London,0.375,7.700
2014,JJA,London,0.432,7.700
2015,JJA,London,0.387,5.000
2016,JJA,London,0.397,4.900
2017,JJA,London,0.393,7.000
2018,JJA,London,0.513,8.100
2019,JJA,London,0.383,4.600
2020,JJA,London,0.442,7.100
2021,JJA,London,0.479,12.000
2022,JJA,London,0.361,6.100
2023,JJA,London,0.379,6.400
2024,JJA,London,0.487,7.500
2025,JJA,London,0.316,3.900
2026,JJA,London,0.542,11.100
2027,JJA,London,0.435,6.100
2028,JJA,London,0.432,5.700
2029,JJA,London,0.446,8.400
2030,JJA,London,0.408,5.800
2031,JJA,London,0.515,6.700
2032,JJA,London,0.379,4.300
2033,JJA,London,0.392,6.500
2034,JJA,London,0.364,5.600
2035,JJA,London,0.439,7.400
2036,JJA,London,0.421,7.100
2037,JJA,London,0.360,8.600
2038,JJA,London,0.422,6.600
2039,JJA,London,0.384,5.700
2040,JJA,London,0.438,5.500
2041,JJA,London,0.275,4.900
2042,JJA,London,0.427,5.200
2043,JJA,London,0.440,5.300
2044,JJA,London,0.391,6.000
2045,JJA,London,0.475,6.800
2046,JJA,London,0.405,7.800
2047,JJA,London,0.357,3.600
2048,JJA,London,0.301,3.300
2049,JJA,London,0.370,10.800
2050,JJA,London,0.428,5.300
2051,JJA,London,0.517,15.200
2052,JJA,London,0.425,7.400
2053,JJA,London,0.460,7.800
2054,JJA,London,0.383,5.100
2055,JJA,London,0.334,5.900
2056,JJA,London,0.261,3.800
2057,JJA,London,0.446,4.700
2058,JJA,London,0.343,4.400
2059,JJA,London,0.285,4.200
2060,JJA,London,0.295,5.700
2061,JJA,London,0.329,4.400
2062,JJA,London,0.491,4.800
2063,JJA,London,0.318,5.000
2064,JJA,London,0.498,5.200
2065,JJA,London,0.401,6.000
2066,JJA,London,0.371,3.000
2067,JJA,London,0.322,5.700
2068,JJA,London,0.278,4.700
2069,JJA,London,0.492,5.400
2070,JJA,London,0.530,9.100
2071,JJA,London,0.343,6.200
2072,JJA,London,0.483,7.400
2073,JJA,London,0.303,4.100
2074,JJA,London,0.407,4.100
2075,JJA,London,0.351,5.400
2076,JJA,London,0.386,5.700
2077,JJA,London,0.279,4.300
2078,JJA,London,0.508,6.900
2079,JJA,London,0.376,5.700
1981,JJA,North East England,0.693,13.167
1982,JJA,North East England,0.534,10.019
1983,JJA,North East England,0.572,10.296
1984,JJA,North East England,0.596,9.759
1985,JJA,North East England,0.585,11.130
1986,JJA,North East England,0.536,8.704
1987,JJA,North East England,0.687,10.185
1988,JJA,North East England,0.676,12.204
1989,JJA,North East England,0.612,11.889
1990,JJA,North East England,0.622,12.852
1991,JJA,North East England,0.509,9.722
1992,JJA,North East England,0.589,12.815
1993,JJA,North East England,0.645,13.352
1994,JJA,North East England,0.554,7.407
1995,JJA,North East England,0.606,9.463
1996,JJA,North East England,0.580,9.370
1997,JJA,North East England,0.647,13.074
1998,JJA,North East England,0.642,10.074
1999,JJA,North East England,0.463,8.278
2000,JJA,North East England,0.496,7.667
2001,JJA,North East England,0.607,11.500
2002,JJA,North East England,0.556,9.833
2003,JJA,North East England,0.581,9.741
2004,JJA,North East England,0.588,8.537
2005,JJA,North East England,0.510,9.741
2006,JJA,North East England,0.481,7.944
2007,JJA,North East England,0.557,9.981
2008,JJA,North East England,0.595,11.407
2009,JJA,North East England,0.570,9.889
2010,JJA,North East England,0.482,7.907
2011,JJA,North East England,0.610,11.926
2012,JJA,North East England,0.482,6.481
2013,JJA,North East England,0.565,10.685
2014,JJA,North East England,0.548,9.852
2015,JJA,North East England,0.523,8.130
2016,JJA,North East England,0.552,8.778
2017,JJA,North East England,0.508,8.167
2018,JJA,North East England,0.561,8.648
2019,JJA,North East England,0.523,7.315
2020,JJA,North East England,0.574,9.667
2021,JJA,North East England,0.561,10.241
2022,JJA,North East England,0.483,10.130
2023,JJA,North East England,0.392,5.630
2024,JJA,North East England,0.495,7.370
2025,JJA,North East England,0.475,6.981
2026,JJA,North East England,0.647,11.056
2027,JJA,North East England,0.572,8.056
2028,JJA,North East England,0.548,8.981
2029,JJA,North East England,0.573,7.907
2030,JJA,North East England,0.617,9.000
2031,JJA,North East England,0.603,10.685
2032,JJA,North East England,0.365,5.833
2033,JJA,North East England,0.439,7.148
2034,JJA,North East England,0.540,10.426
2035,JJA,North East England,0.601,8.889
2036,JJA,North East England,0.489,6.463
2037,JJA,North East England,0.452,6.074
2038,JJA,North East England,0.643,13.963
2039,JJA,North East England,0.543,7.222
2040,JJA,North East England,0.570,7.315
2041,JJA,North East England,0.429,6.407
2042,JJA,North East England,0.553,8.259
2043,JJA,North East England,0.475,6.630
2044,JJA,North East England,0.630,11.222
2045,JJA,North East England,0.508,6.111
2046,JJA,North East England,0.485,8.352
2047,JJA,North East England,0.525,7.444
2048,JJA,North East England,0.533,8.167
2049,JJA,North East England,0.503,7.037
2050,JJA,North East England,0.425,6.222
2051,JJA,North East England,0.566,8.074
2052,JJA,North East England,0.589,9.056
2053,JJA,North East England,0.565,8.815
2054,JJA,North East England,0.533,9.037
2055,JJA,North East England,0.485,8.611
2056,JJA,North East England,0.519,7.426
2057,JJA,North East England,0.569,9.241
2058,JJA,North East England,0.390,4.185
2059,JJA,North East England,0.428,5.537
2060,JJA,North East England,0.508,7.463
2061,JJA,North East England,0.486,7.778
2062,JJA,North East England,0.496,7.389
2063,JJA,North East England,0.508,7.093
2064,JJA,North East England,0.591,9.296
2065,JJA,North East England,0.468,5.796
2066,JJA,North East England,0.498,6.519
2067,JJA,North East England,0.477,7.444
2068,JJA,North East England,0.421,6.000
2069,JJA,North East England,0.541,12.167
2070,JJA,North East England,0.573,9.278
2071,JJA,North East England,0.449,8.778
2072,JJA,North East England,0.534,7.537
2073,JJA,North East England,0.487,7.333
2074,JJA,North East England,0.507,6.185
2075,JJA,North East England,0.585,10.426
2076,JJA,North East England,0.498,6.852
2077,JJA,North East England,0.473,9.259
2078,JJA,North East England,0.625,8.407
2079,JJA,North East England,0.574,9.185
1981,JJA,North Scotland,0.770,26.024
1982,JJA,North Scotland,0.626,16.041
1983,JJA,North Scotland,0.627,12.290
1984,JJA,North Scotland,0.666,12.941
1985,JJA,North Scotland,0.740,16.615
1986,JJA,North Scotland,0.647,15.349
1987,JJA,North Scotland,0.768,17.621
1988,JJA,North Scotland,0.740,13.272
1989,JJA,North Scotland,0.723,22.893
1990,JJA,North Scotland,0.680,13.077
1991,JJA,North Scotland,0.591,13.562
1992,JJA,North Scotland,0.574,10.462
1993,JJA,North Scotland,0.763,17.095
1994,JJA,North Scotland,0.706,14.178
1995,JJA,North Scotland,0.784,15.781
1996,JJA,North Scotland,0.662,14.036
1997,JJA,North Scotland,0.720,18.568
1998,JJA,North Scotland,0.713,16.213
1999,JJA,North Scotland,0.621,10.172
2000,JJA,North Scotland,0.659,15.272
2001,JJA,North Scotland,0.675,14.935
2002,JJA,North Scotland,0.739,17.923
2003,JJA,North Scotland,0.613,11.479
2004,JJA,North Scotland,0.771,16.154
2005,JJA,North Scotland,0.598,15.036
2006,JJA,North Scotland,0.629,11.556
2007,JJA,North Scotland,0.632,12.154
2008,JJA,North Scotland,0.654,15.118
2009,JJA,North Scotland,0.582,13.000
2010,JJA,North Scotland,0.618,13.107
2011,JJA,North Scotland,0.759,19.479
2012,JJA,North Scotland,0.567,10.047
2013,JJA,North Scotland,0.675,15.556
2014,JJA,North Scotland,0.644,11.692
2015,JJA,North Scotland,0.644,11.266
2016,JJA,North Scotland,0.667,13.213
2017,JJA,North Scotland,0.623,12.414
2018,JJA,North Scotland,0.655,17.101
2019,JJA,North Scotland,0.649,11.148
2020,JJA,North Scotland,0.668,9.574
2021,JJA,North Scotland,0.709,12.361
2022,JJA,North Scotland,0.623,13.899
2023,JJA,North Scotland,0.584,11.970
2024,JJA,North Scotland,0.624,15.402
2025,JJA,North Scotland,0.580,15.609
2026,JJA,North Scotland,0.741,14.633
2027,JJA,North Scotland,0.708,14.491
2028,JJA,North Scotland,0.666,15.006
2029,JJA,North Scotland,0.725,12.402
2030,JJA,North Scotland,0.744,14.160
2031,JJA,North Scotland,0.729,12.793
2032,JJA,North Scotland,0.506,8.769
2033,JJA,North Scotland,0.531,13.041
2034,JJA,North Scotland,0.575,11.254
2035,JJA,North Scotland,0.716,17.497
2036,JJA,North Scotland,0.633,11.976
2037,JJA,North Scotland,0.561,11.349
2038,JJA,North Scotland,0.656,12.479
2039,JJA,North Scotland,0.673,12.911
2040,JJA,North Scotland,0.641,12.734
2041,JJA,North Scotland,0.663,15.728
2042,JJA,North Scotland,0.718,13.521
2043,JJA,North Scotland,0.656,14.538
2044,JJA,North Scotland,0.690,13.361
2045,JJA,North Scotland,0.618,11.698
2046,JJA,North Scotland,0.589,10.598
2047,JJA,North Scotland,0.675,11.734
2048,JJA,North Scotland,0.698,13.710
2049,JJA,North Scotland,0.624,12.811
2050,JJA,North Scotland,0.494,6.899
2051,JJA,North Scotland,0.684,15.095
2052,JJA,North Scotland,0.709,17.864
2053,JJA,North Scotland,0.579,9.491
2054,JJA,North Scotland,0.690,19.509
2055,JJA,North Scotland,0.554,7.852
2056,JJA,North Scotland,0.674,14.550
2057,JJA,North Scotland,0.648,12.444
2058,JJA,North Scotland,0.618,10.337
2059,JJA,North Scotland,0.620,15.692
2060,JJA,North Scotland,0.574,9.408
2061,JJA,North Scotland,0.592,11.314
2062,JJA,North Scotland,0.650,13.959
2063,JJA,North Scotland,0.641,14.237
2064,JJA,North Scotland,0.702,15.586
2065,JJA,North Scotland,0.643,9.686
2066,JJA,North Scotland,0.624,12.089
2067,JJA,North Scotland,0.676,13.970
2068,JJA,North Scotland,0.591,12.822
2069,JJA,North Scotland,0.666,16.201
2070,JJA,North Scotland,0.730,15.556
2071,JJA,North Scotland,0.534,10.320
2072,JJA,North Scotland,0.642,11.828
2073,JJA,North Scotland,0.574,10.379
2074,JJA,North Scotland,0.699,14.598
2075,JJA,North Scotland,0.741,17.947
2076,JJA,North Scotland,0.625,12.432
2077,JJA,North Scotland,0.690,19.402
2078,JJA,North Scotland,0.727,15.337
2079,JJA,North Scotland,0.663,14.544
1981,JJA,North West England,0.749,20.731
1982,JJA,North West England,0.554,16.923
1983,JJA,North West England,0.575,10.808
1984,JJA,North West England,0.583,9.397
1985,JJA,North West England,0.622,16.590
1986,JJA,North West England,0.616,12.000
1987,JJA,North West England,0.710,16.795
1988,JJA,North West England,0.680,15.513
1989,JJA,North West England,0.731,17.654
1990,JJA,North West England,0.675,14.000
1991,JJA,North West England,0.484,8.051
1992,JJA,North West England,0.467,10.654
1993,JJA,North West England,0.680,15.410
1994,JJA,North West England,0.653,10.462
1995,JJA,North West England,0.681,10.449
1996,JJA,North West England,0.585,12.744
1997,JJA,North West England,0.658,13.308
1998,JJA,North West England,0.693,12.936
1999,JJA,North West England,0.492,7.949
2000,JJA,North West England,0.571,12.872
2001,JJA,North West England,0.611,11.923
2002,JJA,North West England,0.656,12.577
2003,JJA,North West England,0.627,9.103
2004,JJA,North West England,0.673,14.744
2005,JJA,North West England,0.553,10.667
2006,JJA,North West England,0.482,9.577
2007,JJA,North West England,0.553,9.641
2008,JJA,North West England,0.669,12.731
2009,JJA,North West England,0.573,9.641
2010,JJA,North West England,0.477,9.167
2011,JJA,North West England,0.681,14.346
2012,JJA,North West England,0.465,6.577
2013,JJA,North West England,0.589,10.692
2014,JJA,North West England,0.613,13.705
2015,JJA,North West England,0.550,8.269
2016,JJA,North West England,0.596,10.385
2017,JJA,North West England,0.642,11.526
2018,JJA,North West England,0.630,13.974
2019,JJA,North West England,0.531,8.705
2020,JJA,North West England,0.574,9.769
2021,JJA,North West England,0.646,12.321
2022,JJA,North West England,0.537,9.064
2023,JJA,North West England,0.449,6.692
2024,JJA,North West England,0.554,8.654
2025,JJA,North West England,0.542,8.564
2026,JJA,North West England,0.681,12.526
2027,JJA,North West England,0.620,11.885
2028,JJA,North West England,0.592,11.192
2029,JJA,North West England,0.584,8.628
2030,JJA,North West England,0.648,8.821
2031,JJA,North West England,0.625,9.167
2032,JJA,North West England,0.395,6.423
2033,JJA,North West England,0.477,9.436
2034,JJA,North West England,0.552,11.231
2035,JJA,North West England,0.631,10.692
2036,JJA,North West England,0.526,8.641
2037,JJA,North West England,0.448,7.936
2038,JJA,North West England,0.643,16.423
2039,JJA,North West England,0.584,9.756
2040,JJA,North West England,0.589,9.692
2041,JJA,North West England,0.489,10.462
2042,JJA,North West England,0.605,9.205
2043,JJA,North West England,0.578,9.051
2044,JJA,North West England,0.587,11.359
2045,JJA,North West England,0.496,6.154
2046,JJA,North West England,0.524,7.756
2047,JJA,North West England,0.554,8.487
2048,JJA,North West England,0.573,10.000
2049,JJA,North West England,0.576,9.654
2050,JJA,North West England,0.439,7.192
2051,JJA,North West England,0.609,11.462
2052,JJA,North West England,0.650,9.615
2053,JJA,North West England,0.537,9.526
2054,JJA,North West England,0.567,14.897
2055,JJA,North West England,0.446,8.462
2056,JJA,North West England,0.515,8.667
2057,JJA,North West England,0.555,8.179
2058,JJA,North West England,0.472,7.038
2059,JJA,North West England,0.440,8.615
2060,JJA,North West England,0.515,6.897
2061,JJA,North West England,0.421,7.936
2062,JJA,North West England,0.566,9.551
2063,JJA,North West England,0.579,10.154
2064,JJA,North West England,0.620,10.962
2065,JJA,North West England,0.540,9.013
2066,JJA,North West England,0.534,6.641
2067,JJA,North West England,0.556,8.756
2068,JJA,North West England,0.465,7.590
2069,JJA,North West England,0.547,12.603
2070,JJA,North West England,0.667,12.231
2071,JJA,North West England,0.478,11.385
2072,JJA,North West England,0.573,8.859
2073,JJA,North West England,0.487,7.628
2074,JJA,North West England,0.588,12.346
2075,JJA,North West England,0.619,10.769
2076,JJA,North West England,0.540,7.551
2077,JJA,North West England,0.524,10.231
2078,JJA,North West England,0.671,12.667
2079,JJA,North West England,0.526,9.923
1981,JJA,South East England,0.564,12.443
1982,JJA,South East England,0.434,8.349
1983,JJA,South East England,0.490,9.887
1984,JJA,South East England,0.380,6.274
1985,JJA,South East England,0.468,9.962
1986,JJA,South East England,0.441,7.528
1987,JJA,South East England,0.605,9.292
1988,JJA,South East England,0.497,7.906
1989,JJA,South East England,0.562,11.585
1990,JJA,South East England,0.444,8.925
1991,JJA,South East England,0.332,5.736
1992,JJA,South East England,0.358,9.255
1993,JJA,South East England,0.487,9.651
1994,JJA,South East England,0.405,5.689
1995,JJA,South East England,0.406,5.387
1996,JJA,South East England,0.431,9.981
1997,JJA,South East England,0.428,6.849
1998,JJA,South East England,0.574,7.142
1999,JJA,South East England,0.335,7.594
2000,JJA,South East England,0.403,6.481
2001,JJA,South East England,0.477,6.642
2002,JJA,South East England,0.534,8.585
2003,JJA,South East England,0.488,7.349
2004,JJA,South East England,0.542,9.425
2005,JJA,South East England,0.398,7.009
2006,JJA,South East England,0.230,6.226
2007,JJA,South East England,0.541,9.415
2008,JJA,South East England,0.559,11.764
2009,JJA,South East England,0.462,7.028
2010,JJA,South East England,0.350,5.198
2011,JJA,South East England,0.532,8.670
2012,JJA,South East England,0.398,9.123
2013,JJA,South East England,0.371,8.434
2014,JJA,South East England,0.440,6.613
2015,JJA,South East England,0.382,5.472
2016,JJA,South East England,0.396,4.991
2017,JJA,South East England,0.411,7.821
2018,JJA,South East England,0.506,8.236
2019,JJA,South East England,0.382,5.311
2020,JJA,South East England,0.442,6.972
2021,JJA,South East England,0.438,10.387
2022,JJA,South East England,0.354,5.340
2023,JJA,South East England,0.359,5.575
2024,JJA,South East England,0.445,6.811
2025,JJA,South East England,0.313,4.689
2026,JJA,South East England,0.531,10.000
2027,JJA,South East England,0.416,5.396
2028,JJA,South East England,0.424,5.575
2029,JJA,South East England,0.421,7.151
2030,JJA,South East England,0.441,6.236
2031,JJA,South East England,0.474,7.330
2032,JJA,South East England,0.351,4.774
2033,JJA,South East England,0.380,5.547
2034,JJA,South East England,0.408,6.217
2035,JJA,South East England,0.450,7.075
2036,JJA,South East England,0.413,6.528
2037,JJA,South East England,0.356,7.047
2038,JJA,South East England,0.445,7.226
2039,JJA,South East England,0.368,6.000
2040,JJA,South East England,0.462,5.887
2041,JJA,South East England,0.286,5.066
2042,JJA,South East England,0.403,5.377
2043,JJA,South East England,0.436,5.858
2044,JJA,South East England,0.400,5.981
2045,JJA,South East England,0.423,6.585
2046,JJA,South East England,0.401,6.943
2047,JJA,South East England,0.338,3.717
2048,JJA,South East England,0.289,3.717
2049,JJA,South East England,0.360,7.113
2050,JJA,South East England,0.405,5.321
2051,JJA,South East England,0.472,10.830
2052,JJA,South East England,0.452,6.264
2053,JJA,South East England,0.458,7.547
2054,JJA,South East England,0.401,4.962
2055,JJA,South East England,0.297,4.972
2056,JJA,South East England,0.273,4.047
2057,JJA,South East England,0.396,4.330
2058,JJA,South East England,0.349,5.245
2059,JJA,South East England,0.257,4.066
2060,JJA,South East England,0.298,4.849
2061,JJA,South East England,0.327,5.566
2062,JJA,South East England,0.491,5.981
2063,JJA,South East England,0.304,4.604
2064,JJA,South East England,0.478,5.698
2065,JJA,South East England,0.356,5.358
2066,JJA,South East England,0.357,3.642
2067,JJA,South East England,0.349,5.208
2068,JJA,South East England,0.263,4.377
2069,JJA,South East England,0.472,5.915
2070,JJA,South East England,0.495,8.415
2071,JJA,South East England,0.345,5.953
2072,JJA,South East England,0.450,5.311
2073,JJA,South East England,0.312,4.557
2074,JJA,South East England,0.395,5.434
2075,JJA,South East England,0.359,5.349
2076,JJA,South East England,0.387,7.028
2077,JJA,South East England,0.275,3.915
2078,JJA,South East England,0.527,8.047
2079,JJA,South East England,0.328,4.651
1981,JJA,South West England,0.642,13.608
1982,JJA,South West England,0.489,8.900
1983,JJA,South West England,0.537,10.485
1984,JJA,South West England,0.378,5.915
1985,JJA,South West England,0.494,10.338
1986,JJA,South West England,0.483,8.654
1987,JJA,South West England,0.661,11.746
1988,JJA,South West England,0.481,10.238
1989,JJA,South West England,0.619,10.915
1990,JJA,South West England,0.446,9.031
1991,JJA,South West England,0.379,6.400
1992,JJA,South West England,0.388,10.408
1993,JJA,South West England,0.544,10.169
1994,JJA,South West England,0.416,6.892
1995,JJA,South West England,0.472,5.969
1996,JJA,South West England,0.468,12.392
1997,JJA,South West England,0.486,7.854
1998,JJA,South West England,0.566,7.338
1999,JJA,South West England,0.406,6.192
2000,JJA,South West England,0.451,8.254
2001,JJA,South West England,0.491,7.492
2002,JJA,South West England,0.599,8.931
2003,JJA,South West England,0.548,10.438
2004,JJA,South West England,0.621,10.708
2005,JJA,South West England,0.458,6.523
2006,JJA,South West England,0.339,5.715
2007,JJA,South West England,0.558,10.692
2008,JJA,South West England,0.644,14.177
2009,JJA,South West England,0.515,8.354
2010,JJA,South West England,0.371,5.692
2011,JJA,South West England,0.567,10.308
2012,JJA,South West England,0.453,9.531
2013,JJA,South West England,0.399,6.715
2014,JJA,South West England,0.530,8.723
2015,JJA,South West England,0.447,7.123
2016,JJA,South West England,0.420,5.254
2017,JJA,South West England,0.496,8.146
2018,JJA,South West England,0.580,10.192
2019,JJA,South West England,0.395,6.608
2020,JJA,South West England,0.521,8.938
2021,JJA,South West England,0.479,10.746
2022,JJA,South West England,0.401,7.069
2023,JJA,South West England,0.377,5.869
2024,JJA,South West England,0.489,6.377
2025,JJA,South West England,0.374,5.138
2026,JJA,South West England,0.529,9.554
2027,JJA,South West England,0.495,7.862
2028,JJA,South West England,0.461,7.200
2029,JJA,South West England,0.497,9.185
2030,JJA,South West England,0.470,5.923
2031,JJA,South West England,0.486,7.931
2032,JJA,South West England,0.414,6.308
2033,JJA,South West England,0.452,7.423
2034,JJA,South West England,0.499,7.892
2035,JJA,South West England,0.502,9.731
2036,JJA,South West England,0.437,5.754
2037,JJA,South West England,0.406,7.531
2038,JJA,South West England,0.480,9.869
2039,JJA,South West England,0.443,7.054
2040,JJA,South West England,0.491,7.538
2041,JJA,South West England,0.322,5.477
2042,JJA,South West England,0.467,7.985
2043,JJA,South West England,0.524,7.831
2044,JJA,South West England,0.457,5.777
2045,JJA,South West England,0.394,5.608
2046,JJA,South West England,0.443,6.785
2047,JJA,South West England,0.366,4.700
2048,JJA,South West England,0.347,4.885
2049,JJA,South West England,0.425,6.900
2050,JJA,South West England,0.411,5.762
2051,JJA,South West England,0.512,9.746
2052,JJA,South West England,0.504,6.485
2053,JJA,South West England,0.477,8.154
2054,JJA,South West England,0.476,7.423
2055,JJA,South West England,0.309,4.877
2056,JJA,South West England,0.316,5.685
2057,JJA,South West England,0.379,5.169
2058,JJA,South West England,0.397,5.731
2059,JJA,South West England,0.311,5.954
2060,JJA,South West England,0.374,6.285
2061,JJA,South West England,0.388,8.277
2062,JJA,South West England,0.519,7.938
2063,JJA,South West England,0.367,6.892
2064,JJA,South West England,0.520,7.323
2065,JJA,South West England,0.361,5.385
2066,JJA,South West England,0.395,4.723
2067,JJA,South West England,0.419,6.369
2068,JJA,South West England,0.339,6.315
2069,JJA,South West England,0.490,7.331
2070,JJA,South West England,0.536,9.985
2071,JJA,South West England,0.404,7.600
2072,JJA,South West England,0.513,8.638
2073,JJA,South West England,0.398,6.423
2074,JJA,South West England,0.447,6.223
2075,JJA,South West England,0.421,7.269
2076,JJA,South West England,0.403,7.900
2077,JJA,South West England,0.321,5.554
2078,JJA,South West England,0.592,10.754
2079,JJA,South West England,0.399,5.269
1981,JJA,West Midlands,0.694,17.951
1982,JJA,West Midlands,0.481,10.778
1983,JJA,West Midlands,0.539,8.716
1984,JJA,West Midlands,0.436,5.914
1985,JJA,West Midlands,0.485,9.840
1986,JJA,West Midlands,0.505,7.494
1987,JJA,West Midlands,0.668,9.346
1988,JJA,West Midlands,0.524,9.358
1989,JJA,West Midlands,0.617,12.543
1990,JJA,West Midlands,0.551,14.790
1991,JJA,West Midlands,0.405,6.568
1992,JJA,West Midlands,0.456,10.667
1993,JJA,West Midlands,0.594,11.037
1994,JJA,West Midlands,0.474,6.432
1995,JJA,West Midlands,0.503,6.617
1996,JJA,West Midlands,0.507,13.963
1997,JJA,West Midlands,0.529,10.926
1998,JJA,West Midlands,0.603,8.062
1999,JJA,West Midlands,0.420,7.556
2000,JJA,West Midlands,0.450,7.000
2001,JJA,West Midlands,0.508,7.790
2002,JJA,West Midlands,0.577,9.420
2003,JJA,West Midlands,0.536,8.568
2004,JJA,West Midlands,0.601,9.988
2005,JJA,West Midlands,0.493,6.136
2006,JJA,West Midlands,0.355,6.395
2007,JJA,West Midlands,0.565,11.778
2008,JJA,West Midlands,0.636,15.630
2009,JJA,West Midlands,0.527,9.975
2010,JJA,West Midlands,0.371,5.568
2011,JJA,West Midlands,0.601,11.840
2012,JJA,West Midlands,0.429,6.593
2013,JJA,West Midlands,0.431,7.272
2014,JJA,West Midlands,0.564,12.556
2015,JJA,West Midlands,0.429,5.556
2016,JJA,West Midlands,0.482,8.272
2017,JJA,West Midlands,0.531,8.481
2018,JJA,West Midlands,0.566,9.802
2019,JJA,West Midlands,0.446,9.099
2020,JJA,West Midlands,0.554,8.580
2021,JJA,West Midlands,0.488,8.481
2022,JJA,West Midlands,0.395,6.901
2023,JJA,West Midlands,0.383,5.272
2024,JJA,West Midlands,0.510,6.185
2025,JJA,West Midlands,0.402,6.062
2026,JJA,West Midlands,0.543,7.160
2027,JJA,West Midlands,0.462,6.617
2028,JJA,West Midlands,0.488,6.704
2029,JJA,West Midlands,0.512,10.284
2030,JJA,West Midlands,0.518,5.556
2031,JJA,West Midlands,0.536,9.037
2032,JJA,West Midlands,0.366,5.037
2033,JJA,West Midlands,0.412,5.988
2034,JJA,West Midlands,0.531,7.938
2035,JJA,West Midlands,0.570,11.889
2036,JJA,West Midlands,0.458,7.469
2037,JJA,West Midlands,0.356,5.222
2038,JJA,West Midlands,0.524,9.741
2039,JJA,West Midlands,0.470,8.716
2040,JJA,West Midlands,0.498,6.160
2041,JJA,West Midlands,0.353,6.111
2042,JJA,West Midlands,0.461,6.667
2043,JJA,West Midlands,0.439,6.667
2044,JJA,West Midlands,0.492,5.827
2045,JJA,West Midlands,0.419,4.667
2046,JJA,West Midlands,0.445,7.247
2047,JJA,West Midlands,0.419,5.815
2048,JJA,West Midlands,0.364,4.790
2049,JJA,West Midlands,0.431,7.395
2050,JJA,West Midlands,0.413,6.667
2051,JJA,West Midlands,0.547,8.457
2052,JJA,West Midlands,0.523,7.469
2053,JJA,West Midlands,0.459,8.235
2054,JJA,West Midlands,0.401,4.778
2055,JJA,West Midlands,0.381,8.198
2056,JJA,West Midlands,0.347,4.420
2057,JJA,West Midlands,0.399,5.049
2058,JJA,West Midlands,0.355,4.605
2059,JJA,West Midlands,0.286,4.025
2060,JJA,West Midlands,0.404,5.716
2061,JJA,West Midlands,0.326,4.765
2062,JJA,West Midlands,0.499,7.407
2063,JJA,West Midlands,0.375,4.741
2064,JJA,West Midlands,0.526,6.593
2065,JJA,West Midlands,0.392,5.444
2066,JJA,West Midlands,0.384,4.556
2067,JJA,West Midlands,0.424,6.383
2068,JJA,West Midlands,0.303,4.642
2069,JJA,West Midlands,0.458,7.123
2070,JJA,West Midlands,0.531,8.741
2071,JJA,West Midlands,0.399,8.704
2072,JJA,West Midlands,0.447,5.556
2073,JJA,West Midlands,0.379,6.543
2074,JJA,West Midlands,0.421,5.321
2075,JJA,West Midlands,0.468,7.235
2076,JJA,West Midlands,0.424,5.457
2077,JJA,West Midlands,0.335,4.543
2078,JJA,West Midlands,0.640,12.247
2079,JJA,West Midlands,0.442,5.531
1981,JJA,West Scotland,0.754,20.189
1982,JJA,West Scotland,0.593,15.633
1983,JJA,West Scotland,0.611,12.978
1984,JJA,West Scotland,0.612,13.689
1985,JJA,West Scotland,0.697,17.667
1986,JJA,West Scotland,0.644,12.922
1987,JJA,West Scotland,0.711,17.189
1988,JJA,West Scotland,0.703,12.144
1989,JJA,West Scotland,0.737,21.178
1990,JJA,West Scotland,0.687,12.944
1991,JJA,West Scotland,0.546,10.733
1992,JJA,West Scotland,0.556,10.511
1993,JJA,West Scotland,0.716,16.722
1994,JJA,West Scotland,0.700,11.956
1995,JJA,West Scotland,0.741,14.400
1996,JJA,West Scotland,0.644,13.411
1997,JJA,West Scotland,0.672,15.133
1998,JJA,West Scotland,0.668,12.667
1999,JJA,West Scotland,0.537,9.089
2000,JJA,West Scotland,0.642,14.678
2001,JJA,West Scotland,0.643,13.244
2002,JJA,West Scotland,0.674,14.556
2003,JJA,West Scotland,0.640,11.211
2004,JJA,West Scotland,0.747,13.578
2005,JJA,West Scotland,0.580,13.978
2006,JJA,West Scotland,0.598,12.567
2007,JJA,West Scotland,0.585,9.144
2008,JJA,West Scotland,0.662,15.378
2009,JJA,West Scotland,0.530,8.789
2010,JJA,West Scotland,0.550,12.144
2011,JJA,West Scotland,0.732,15.522
2012,JJA,West Scotland,0.501,7.011
2013,JJA,West Scotland,0.649,14.144
2014,JJA,West Scotland,0.651,13.922
2015,JJA,West Scotland,0.619,10.500
2016,JJA,West Scotland,0.646,10.811
2017,JJA,West Scotland,0.645,12.711
2018,JJA,West Scotland,0.631,18.111
2019,JJA,West Scotland,0.572,8.567
2020,JJA,West Scotland,0.590,9.711
2021,JJA,West Scotland,0.693,13.700
2022,JJA,West Scotland,0.564,9.944
2023,JJA,West Scotland,0.520,10.611
2024,JJA,West Scotland,0.596,13.778
2025,JJA,West Scotland,0.540,11.944
2026,JJA,West Scotland,0.683,11.967
2027,JJA,West Scotland,0.691,14.433
2028,JJA,West Scotland,0.602,12.811
2029,JJA,West Scotland,0.667,10.644
2030,JJA,West Scotland,0.709,10.411
2031,JJA,West Scotland,0.694,12.767
2032,JJA,West Scotland,0.454,7.589
2033,JJA,West Scotland,0.496,13.633
2034,JJA,West Scotland,0.605,11.078
2035,JJA,West Scotland,0.695,14.289
2036,JJA,West Scotland,0.583,9.478
2037,JJA,West Scotland,0.515,9.600
2038,JJA,West Scotland,0.647,13.178
2039,JJA,West Scotland,0.615,11.289
2040,JJA,West Scotland,0.602,10.000
2041,JJA,West Scotland,0.553,12.044
2042,JJA,West Scotland,0.673,12.000
2043,JJA,West Scotland,0.619,12.733
2044,JJA,West Scotland,0.621,13.133
2045,JJA,West Scotland,0.506,8.122
2046,JJA,West Scotland,0.540,9.556
2047,JJA,West Scotland,0.630,11.500
2048,JJA,West Scotland,0.651,16.033
2049,JJA,West Scotland,0.583,11.889
2050,JJA,West Scotland,0.495,7.811
2051,JJA,West Scotland,0.610,10.878
2052,JJA,West Scotland,0.658,12.278
2053,JJA,West Scotland,0.590,10.978
2054,JJA,West Scotland,0.629,15.889
2055,JJA,West Scotland,0.526,8.189
2056,JJA,West Scotland,0.640,10.389
2057,JJA,West Scotland,0.583,10.678
2058,JJA,West Scotland,0.529,8.211
2059,JJA,West Scotland,0.542,14.344
2060,JJA,West Scotland,0.509,8.811
2061,JJA,West Scotland,0.523,10.922
2062,JJA,West Scotland,0.595,9.911
2063,JJA,West Scotland,0.622,14.000
2064,JJA,West Scotland,0.668,12.267
2065,JJA,West Scotland,0.586,9.111
2066,JJA,West Scotland,0.628,9.444
2067,JJA,West Scotland,0.618,10.933
2068,JJA,West Scotland,0.545,10.044
2069,JJA,West Scotland,0.593,14.978
2070,JJA,West Scotland,0.697,13.033
2071,JJA,West Scotland,0.502,10.967
2072,JJA,West Scotland,0.621,10.778
2073,JJA,West Scotland,0.544,9.456
2074,JJA,West Scotland,0.613,12.433
2075,JJA,West Scotland,0.674,13.967
2076,JJA,West Scotland,0.597,10.278
2077,JJA,West Scotland,0.608,15.567
2078,JJA,West Scotland,0.680,13.122
2079,JJA,West Scotland,0.579,10.778
1981,JJA,Yorkshire and Humber,0.693,13.465
1982,JJA,Yorkshire and Humber,0.489,10.723
1983,JJA,Yorkshire and Humber,0.533,8.465
1984,JJA,Yorkshire and Humber,0.554,8.020
1985,JJA,Yorkshire and Humber,0.518,9.683
1986,JJA,Yorkshire and Humber,0.507,7.307
1987,JJA,Yorkshire and Humber,0.654,9.980
1988,JJA,Yorkshire and Humber,0.607,9.406
1989,JJA,Yorkshire and Humber,0.606,11.069
1990,JJA,Yorkshire and Humber,0.565,10.485
1991,JJA,Yorkshire and Humber,0.419,9.554
1992,JJA,Yorkshire and Humber,0.503,12.584
1993,JJA,Yorkshire and Humber,0.602,12.723
1994,JJA,Yorkshire and Humber,0.528,7.218
1995,JJA,Yorkshire and Humber,0.516,7.604
1996,JJA,Yorkshire and Humber,0.544,10.109
1997,JJA,Yorkshire and Humber,0.588,13.554
1998,JJA,Yorkshire and Humber,0.633,9.564
1999,JJA,Yorkshire and Humber,0.481,8.119
2000,JJA,Yorkshire and Humber,0.431,6.604
2001,JJA,Yorkshire and Humber,0.557,8.604
2002,JJA,Yorkshire and Humber,0.540,9.851
2003,JJA,Yorkshire and Humber,0.553,8.267
2004,JJA,Yorkshire and Humber,0.569,12.040
2005,JJA,Yorkshire and Humber,0.514,9.663
2006,JJA,Yorkshire and Humber,0.419,8.119
2007,JJA,Yorkshire and Humber,0.556,10.564
2008,JJA,Yorkshire and Humber,0.590,11.842
2009,JJA,Yorkshire and Humber,0.548,10.960
2010,JJA,Yorkshire and Humber,0.411,7.020
2011,JJA,Yorkshire and Humber,0.589,10.871
2012,JJA,Yorkshire and Humber,0.471,7.663
2013,JJA,Yorkshire and Humber,0.508,10.356
2014,JJA,Yorkshire and Humber,0.507,11.010
2015,JJA,Yorkshire and Humber,0.475,6.406
2016,JJA,Yorkshire and Humber,0.521,8.931
2017,JJA,Yorkshire and Humber,0.490,6.277
2018,JJA,Yorkshire and Humber,0.574,8.614
2019,JJA,Yorkshire and Humber,0.501,8.010
2020,JJA,Yorkshire and Humber,0.562,6.723
2021,JJA,Yorkshire and Humber,0.515,9.386
2022,JJA,Yorkshire and Humber,0.464,10.158
2023,JJA,Yorkshire and Humber,0.350,5.396
2024,JJA,Yorkshire and Humber,0.496,6.901
2025,JJA,Yorkshire and Humber,0.470,6.802
2026,JJA,Yorkshire and Humber,0.614,9.950
2027,JJA,Yorkshire and Humber,0.537,7.307
2028,JJA,Yorkshire and Humber,0.496,7.713
2029,JJA,Yorkshire and Humber,0.544,9.683
2030,JJA,Yorkshire and Humber,0.575,6.822
2031,JJA,Yorkshire and Humber,0.577,10.505
2032,JJA,Yorkshire and Humber,0.333,5.069
2033,JJA,Yorkshire and Humber,0.423,6.525
2034,JJA,Yorkshire and Humber,0.523,9.802
2035,JJA,Yorkshire and Humber,0.566,10.545
2036,JJA,Yorkshire and Humber,0.458,5.792
2037,JJA,Yorkshire and Humber,0.413,6.505
2038,JJA,Yorkshire and Humber,0.604,12.921
2039,JJA,Yorkshire and Humber,0.526,7.050
2040,JJA,Yorkshire and Humber,0.513,7.505
2041,JJA,Yorkshire and Humber,0.384,6.208
2042,JJA,Yorkshire and Humber,0.494,6.634
2043,JJA,Yorkshire and Humber,0.439,5.891
2044,JJA,Yorkshire and Humber,0.557,8.545
2045,JJA,Yorkshire and Humber,0.484,5.356
2046,JJA,Yorkshire and Humber,0.451,5.881
2047,JJA,Yorkshire and Humber,0.465,6.644
2048,JJA,Yorkshire and Humber,0.442,6.327
2049,JJA,Yorkshire and Humber,0.434,6.851
2050,JJA,Yorkshire and Humber,0.398,5.931
2051,JJA,Yorkshire and Humber,0.512,7.139
2052,JJA,Yorkshire and Humber,0.539,7.347
2053,JJA,Yorkshire and Humber,0.515,8.802
2054,JJA,Yorkshire and Humber,0.453,6.723
2055,JJA,Yorkshire and Humber,0.451,9.574
2056,JJA,Yorkshire and Humber,0.413,4.970
2057,JJA,Yorkshire and Humber,0.525,6.238
2058,JJA,Yorkshire and Humber,0.381,4.564
2059,JJA,Yorkshire and Humber,0.346,4.733
2060,JJA,Yorkshire and Humber,0.409,5.604
2061,JJA,Yorkshire and Humber,0.401,6.030
2062,JJA,Yorkshire and Humber,0.491,7.228
2063,JJA,Yorkshire and Humber,0.430,5.584
2064,JJA,Yorkshire and Humber,0.545,7.832
2065,JJA,Yorkshire and Humber,0.433,5.366
2066,JJA,Yorkshire and Humber,0.428,5.158
2067,JJA,Yorkshire and Humber,0.459,6.455
2068,JJA,Yorkshire and Humber,0.357,5.228
2069,JJA,Yorkshire and Humber,0.469,8.792
2070,JJA,Yorkshire and Humber,0.562,8.723
2071,JJA,Yorkshire and Humber,0.427,11.663
2072,JJA,Yorkshire and Humber,0.460,6.624
2073,JJA,Yorkshire and Humber,0.434,6.426
2074,JJA,Yorkshire and Humber,0.468,5.881
2075,JJA,Yorkshire and Humber,0.501,9.436
2076,JJA,Yorkshire and Humber,0.471,7.248
2077,JJA,Yorkshire and Humber,0.398,5.931
2078,JJA,Yorkshire and Humber,0.618,7.960
2079,JJA,Yorkshire and Humber,0.515,7.317
1981,JJA,Channel Islands,0.391,9.000
1982,JJA,Channel Islands,0.250,4.000
1983,JJA,Channel Islands,0.435,6.000
1984,JJA,Channel Islands,0.207,4.000
1985,JJA,Channel Islands,0.272,4.000
1986,JJA,Channel Islands,0.315,8.000
1987,JJA,Channel Islands,0.467,8.000
1988,JJA,Channel Islands,0.413,12.000
1989,JJA,Channel Islands,0.446,12.000
1990,JJA,Channel Islands,0.326,6.000
1991,JJA,Channel Islands,0.239,6.000
1992,JJA,Channel Islands,0.304,16.000
1993,JJA,Channel Islands,0.348,13.000
1994,JJA,Channel Islands,0.228,12.000
1995,JJA,Channel Islands,0.304,4.000
1996,JJA,Channel Islands,0.348,7.000
1997,JJA,Channel Islands,0.293,5.000
1998,JJA,Channel Islands,0.467,6.000
1999,JJA,Channel Islands,0.348,6.000
2000,JJA,Channel Islands,0.348,7.000
2001,JJA,Channel Islands,0.359,7.000
2002,JJA,Channel Islands,0.380,6.000
2003,JJA,Channel Islands,0.402,12.000
2004,JJA,Channel Islands,0.413,15.000
2005,JJA,Channel Islands,0.370,9.000
2006,JJA,Channel Islands,0.120,2.000
2007,JJA,Channel Islands,0.435,7.000
2008,JJA,Channel Islands,0.457,14.000
2009,JJA,Channel Islands,0.467,29.000
2010,JJA,Channel Islands,0.174,4.000
2011,JJA,Channel Islands,0.435,7.000
2012,JJA,Channel Islands,0.413,9.000
2013,JJA,Channel Islands,0.359,10.000
2014,JJA,Channel Islands,0.380,10.000
2015,JJA,Channel Islands,0.304,10.000
2016,JJA,Channel Islands,0.315,5.000
2017,JJA,Channel Islands,0.326,4.000
2018,JJA,Channel Islands,0.413,6.000
2019,JJA,Channel Islands,0.272,6.000
2020,JJA,Channel Islands,0.337,7.000
2021,JJA,Channel Islands,0.272,4.000
2022,JJA,Channel Islands,0.315,9.000
2023,JJA,Channel Islands,0.250,4.000
2024,JJA,Channel Islands,0.380,13.000
2025,JJA,Channel Islands,0.250,4.000
2026,JJA,Channel Islands,0.391,6.000
2027,JJA,Channel Islands,0.413,10.000
2028,JJA,Channel Islands,0.337,7.000
2029,JJA,Channel Islands,0.293,9.000
2030,JJA,Channel Islands,0.380,8.000
2031,JJA,Channel Islands,0.261,15.000
2032,JJA,Channel Islands,0.239,5.000
2033,JJA,Channel Islands,0.370,13.000
2034,JJA,Channel Islands,0.402,5.000
2035,JJA,Channel Islands,0.348,12.000
2036,JJA,Channel Islands,0.370,7.000
2037,JJA,Channel Islands,0.315,6.000
2038,JJA,Channel Islands,0.348,16.000
2039,JJA,Channel Islands,0.391,5.000
2040,JJA,Channel Islands,0.370,8.000
2041,JJA,Channel Islands,0.196,5.000
2042,JJA,Channel Islands,0.348,11.000
2043,JJA,Channel Islands,0.435,7.000
2044,JJA,Channel Islands,0.293,6.000
2045,JJA,Channel Islands,0.326,7.000
2046,JJA,Channel Islands,0.304,7.000
2047,JJA,Channel Islands,0.217,8.000
2048,JJA,Channel Islands,0.207,4.000
2049,JJA,Channel Islands,0.315,8.000
2050,JJA,Channel Islands,0.326,8.000
2051,JJA,Channel Islands,0.391,6.000
2052,JJA,Channel Islands,0.348,8.000
2053,JJA,Channel Islands,0.413,9.000
2054,JJA,Channel Islands,0.348,9.000
2055,JJA,Channel Islands,0.207,3.000
2056,JJA,Channel Islands,0.217,7.000
2057,JJA,Channel Islands,0.261,4.000
2058,JJA,Channel Islands,0.359,4.000
2059,JJA,Channel Islands,0.196,5.000
2060,JJA,Channel Islands,0.293,6.000
2061,JJA,Channel Islands,0.261,19.000
2062,JJA,Channel Islands,0.337,5.000
2063,JJA,Channel Islands,0.283,11.000
2064,JJA,Channel Islands,0.457,9.000
2065,JJA,Channel Islands,0.272,4.000
2066,JJA,Channel Islands,0.315,4.000
2067,JJA,Channel Islands,0.370,7.000
2068,JJA,Channel Islands,0.196,9.000
2069,JJA,Channel Islands,0.370,5.000
2070,JJA,Channel Islands,0.435,9.000
2071,JJA,Channel Islands,0.261,8.000
2072,JJA,Channel Islands,0.391,6.000
2073,JJA,Channel Islands,0.293,4.000
2074,JJA,Channel Islands,0.359,8.000
2075,JJA,Channel Islands,0.283,6.000
2076,JJA,Channel Islands,0.239,5.000
2077,JJA,Channel Islands,0.217,9.000
2078,JJA,Channel Islands,0.489,11.000
2079,JJA,Channel Islands,0.272,14.000
1981,JJA,Isle of Man,0.696,20.000
1982,JJA,Isle of Man,0.576,9.000
1983,JJA,Isle of Man,0.620,9.000
1984,JJA,Isle of Man,0.620,10.000
1985,JJA,Isle of Man,0.620,14.000
1986,JJA,Isle of Man,0.598,10.000
1987,JJA,Isle of Man,0.663,9.000
1988,JJA,Isle of Man,0.707,12.000
1989,JJA,Isle of Man,0.739,27.000
1990,JJA,Isle of Man,0.685,27.000
1991,JJA,Isle of Man,0.554,8.000
1992,JJA,Isle of Man,0.478,7.000
1993,JJA,Isle of Man,0.685,16.000
1994,JJA,Isle of Man,0.641,8.000
1995,JJA,Isle of Man,0.663,12.000
1996,JJA,Isle of Man,0.674,13.000
1997,JJA,Isle of Man,0.674,27.000
1998,JJA,Isle of Man,0.739,16.000
1999,JJA,Isle of Man,0.500,8.000
2000,JJA,Isle of Man,0.609,10.000
2001,JJA,Isle of Man,0.609,11.000
2002,JJA,Isle of Man,0.663,13.000
2003,JJA,Isle of Man,0.641,7.000
2004,JJA,Isle of Man,0.674,12.000
2005,JJA,Isle of Man,0.598,9.000
2006,JJA,Isle of Man,0.511,11.000
2007,JJA,Isle of Man,0.522,6.000
2008,JJA,Isle of Man,0.652,8.000
2009,JJA,Isle of Man,0.446,5.000
2010,JJA,Isle of Man,0.467,9.000
2011,JJA,Isle of Man,0.652,10.000
2012,JJA,Isle of Man,0.424,5.000
2013,JJA,Isle of Man,0.554,11.000
2014,JJA,Isle of Man,0.620,11.000
2015,JJA,Isle of Man,0.565,13.000
2016,JJA,Isle of Man,0.522,9.000
2017,JJA,Isle of Man,0.641,12.000
2018,JJA,Isle of Man,0.565,8.000
2019,JJA,Isle of Man,0.543,7.000
2020,JJA,Isle of Man,0.598,10.000
2021,JJA,Isle of Man,0.717,7.000
2022,JJA,Isle of Man,0.554,8.000
2023,JJA,Isle of Man,0.424,7.000
2024,JJA,Isle of Man,0.620,10.000
2025,JJA,Isle of Man,0.500,10.000
2026,JJA,Isle of Man,0.707,9.000
2027,JJA,Isle of Man,0.587,9.000
2028,JJA,Isle of Man,0.554,9.000
2029,JJA,Isle of Man,0.598,10.000
2030,JJA,Isle of Man,0.587,9.000
2031,JJA,Isle of Man,0.609,11.000
2032,JJA,Isle of Man,0.424,6.000
2033,JJA,Isle of Man,0.446,10.000
2034,JJA,Isle of Man,0.630,11.000
2035,JJA,Isle of Man,0.685,7.000
2036,JJA,Isle of Man,0.554,8.000
2037,JJA,Isle of Man,0.413,10.000
2038,JJA,Isle of Man,0.620,7.000
2039,JJA,Isle of Man,0.576,11.000
2040,JJA,Isle of Man,0.511,10.000
2041,JJA,Isle of Man,0.391,8.000
2042,JJA,Isle of Man,0.630,10.000
2043,JJA,Isle of Man,0.652,10.000
2044,JJA,Isle of Man,0.609,10.000
2045,JJA,Isle of Man,0.533,6.000
2046,JJA,Isle of Man,0.576,8.000
2047,JJA,Isle of Man,0.630,6.000
2048,JJA,Isle of Man,0.576,8.000
2049,JJA,Isle of Man,0.554,10.000
2050,JJA,Isle of Man,0.533,6.000
2051,JJA,Isle of Man,0.554,9.000
2052,JJA,Isle of Man,0.630,13.000
2053,JJA,Isle of Man,0.533,8.000
2054,JJA,Isle of Man,0.565,13.000
2055,JJA,Isle of Man,0.522,9.000
2056,JJA,Isle of Man,0.533,8.000
2057,JJA,Isle of Man,0.576,8.000
2058,JJA,Isle of Man,0.511,5.000
2059,JJA,Isle of Man,0.446,5.000
2060,JJA,Isle of Man,0.478,6.000
2061,JJA,Isle of Man,0.489,12.000
2062,JJA,Isle of Man,0.533,8.000
2063,JJA,Isle of Man,0.533,8.000
2064,JJA,Isle of Man,0.685,17.000
2065,JJA,Isle of Man,0.565,11.000
2066,JJA,Isle of Man,0.630,7.000
2067,JJA,Isle of Man,0.609,6.000
2068,JJA,Isle of Man,0.576,6.000
2069,JJA,Isle of Man,0.565,10.000
2070,JJA,Isle of Man,0.717,8.000
2071,JJA,Isle of Man,0.511,10.000
2072,JJA,Isle of Man,0.598,8.000
2073,JJA,Isle of Man,0.446,5.000
2074,JJA,Isle of Man,0.554,7.000
2075,JJA,Isle of Man,0.674,14.000
2076,JJA,Isle of Man,0.424,7.000
2077,JJA,Isle of Man,0.565,9.000
2078,JJA,Isle of Man,0.554,10.000
2079,JJA,Isle of Man,0.609,11.000
1981,JJA,Northern Ireland,0.799,23.698
1982,JJA,Northern Ireland,0.659,15.244
1983,JJA,Northern Ireland,0.633,13.081
1984,JJA,Northern Ireland,0.674,12.233
1985,JJA,Northern Ireland,0.705,15.744
1986,JJA,Northern Ireland,0.621,10.198
1987,JJA,Northern Ireland,0.748,17.244
1988,JJA,Northern Ireland,0.709,11.744
1989,JJA,Northern Ireland,0.748,19.744
1990,JJA,Northern Ireland,0.679,15.000
1991,JJA,Northern Ireland,0.546,13.674
1992,JJA,Northern Ireland,0.615,17.256
1993,JJA,Northern Ireland,0.712,16.198
1994,JJA,Northern Ireland,0.697,11.360
1995,JJA,Northern Ireland,0.696,11.384
1996,JJA,Northern Ireland,0.643,14.209
1997,JJA,Northern Ireland,0.677,13.860
1998,JJA,Northern Ireland,0.678,9.977
1999,JJA,Northern Ireland,0.539,9.267
2000,JJA,Northern Ireland,0.653,11.744
2001,JJA,Northern Ireland,0.634,13.674
2002,JJA,Northern Ireland,0.658,12.698
2003,JJA,Northern Ireland,0.638,10.628
2004,JJA,Northern Ireland,0.742,13.500
2005,JJA,Northern Ireland,0.625,12.198
2006,JJA,Northern Ireland,0.572,10.930
2007,JJA,Northern Ireland,0.644,13.791
2008,JJA,Northern Ireland,0.702,15.488
2009,JJA,Northern Ireland,0.602,11.279
2010,JJA,Northern Ireland,0.581,10.198
2011,JJA,Northern Ireland,0.722,15.012
2012,JJA,Northern Ireland,0.593,9.802
2013,JJA,Northern Ireland,0.618,12.337
2014,JJA,Northern Ireland,0.652,13.186
2015,JJA,Northern Ireland,0.649,9.093
2016,JJA,Northern Ireland,0.648,11.488
2017,JJA,Northern Ireland,0.627,11.651
2018,JJA,Northern Ireland,0.595,13.849
2019,JJA,Northern Ireland,0.589,7.070
2020,JJA,Northern Ireland,0.635,11.430
2021,JJA,Northern Ireland,0.675,13.721
2022,JJA,Northern Ireland,0.522,8.709
2023,JJA,Northern Ireland,0.507,8.198
2024,JJA,Northern Ireland,0.610,10.360
2025,JJA,Northern Ireland,0.540,9.035
2026,JJA,Northern Ireland,0.666,10.895
2027,JJA,Northern Ireland,0.714,14.221
2028,JJA,Northern Ireland,0.596,10.686
2029,JJA,Northern Ireland,0.633,11.360
2030,JJA,Northern Ireland,0.673,8.279
2031,JJA,Northern Ireland,0.706,12.849
2032,JJA,Northern Ireland,0.519,8.221
2033,JJA,Northern Ireland,0.478,9.279
2034,JJA,Northern Ireland,0.637,12.198
2035,JJA,Northern Ireland,0.690,21.477
2036,JJA,Northern Ireland,0.563,8.942
2037,JJA,Northern Ireland,0.515,10.209
2038,JJA,Northern Ireland,0.676,12.291
2039,JJA,Northern Ireland,0.624,12.953
2040,JJA,Northern Ireland,0.656,10.826
2041,JJA,Northern Ireland,0.540,9.058
2042,JJA,Northern Ireland,0.646,9.733
2043,JJA,Northern Ireland,0.641,10.791
2044,JJA,Northern Ireland,0.624,13.628
2045,JJA,Northern Ireland,0.515,6.709
2046,JJA,Northern Ireland,0.492,6.698
2047,JJA,Northern Ireland,0.571,8.919
2048,JJA,Northern Ireland,0.590,9.047
2049,JJA,Northern Ireland,0.559,9.791
2050,JJA,Northern Ireland,0.500,7.186
2051,JJA,Northern Ireland,0.643,11.698
2052,JJA,Northern Ireland,0.673,13.733
2053,JJA,Northern Ireland,0.644,11.163
2054,JJA,Northern Ireland,0.606,12.128
2055,JJA,Northern Ireland,0.539,7.802
2056,JJA,Northern Ireland,0.624,9.279
2057,JJA,Northern Ireland,0.499,9.105
2058,JJA,Northern Ireland,0.461,5.872
2059,JJA,Northern Ireland,0.510,8.128
2060,JJA,Northern Ireland,0.496,10.453
2061,JJA,Northern Ireland,0.475,6.802
2062,JJA,Northern Ireland,0.589,11.384
2063,JJA,Northern Ireland,0.591,9.640
2064,JJA,Northern Ireland,0.636,10.291
2065,JJA,Northern Ireland,0.523,5.942
2066,JJA,Northern Ireland,0.592,7.267
2067,JJA,Northern Ireland,0.609,10.070
2068,JJA,Northern Ireland,0.523,8.058
2069,JJA,Northern Ireland,0.590,13.140
2070,JJA,Northern Ireland,0.630,8.012
2071,JJA,Northern Ireland,0.447,9.070
2072,JJA,Northern Ireland,0.591,7.407
2073,JJA,Northern Ireland,0.512,6.872
2074,JJA,Northern Ireland,0.551,8.058
2075,JJA,Northern Ireland,0.643,13.523
2076,JJA,Northern Ireland,0.555,11.326
2077,JJA,Northern Ireland,0.470,9.291
2078,JJA,Northern Ireland,0.694,15.570
2079,JJA,Northern Ireland,0.591,10.721
1981,JJA,Wales,0.708,18.349
1982,JJA,Wales,0.522,10.083
1983,JJA,Wales,0.597,9.550
1984,JJA,Wales,0.488,6.697
1985,JJA,Wales,0.541,11.486
1986,JJA,Wales,0.553,10.284
1987,JJA,Wales,0.710,12.624
1988,JJA,Wales,0.554,9.431
1989,JJA,Wales,0.660,11.881
1990,JJA,Wales,0.555,11.229
1991,JJA,Wales,0.453,6.679
1992,JJA,Wales,0.466,11.743
1993,JJA,Wales,0.614,13.817
1994,JJA,Wales,0.517,8.193
1995,JJA,Wales,0.569,8.743
1996,JJA,Wales,0.514,12.743
1997,JJA,Wales,0.554,8.771
1998,JJA,Wales,0.608,10.321
1999,JJA,Wales,0.445,7.064
2000,JJA,Wales,0.511,10.128
2001,JJA,Wales,0.525,9.688
2002,JJA,Wales,0.622,10.936
2003,JJA,Wales,0.602,9.642
2004,JJA,Wales,0.618,9.697
2005,JJA,Wales,0.552,8.275
2006,JJA,Wales,0.417,7.275
2007,JJA,Wales,0.569,13.073
2008,JJA,Wales,0.693,12.890
2009,JJA,Wales,0.537,8.798
2010,JJA,Wales,0.408,6.679
2011,JJA,Wales,0.641,10.633
2012,JJA,Wales,0.495,7.394
2013,JJA,Wales,0.443,6.468
2014,JJA,Wales,0.591,12.156
2015,JJA,Wales,0.476,6.862
2016,JJA,Wales,0.539,9.239
2017,JJA,Wales,0.568,8.523
2018,JJA,Wales,0.611,12.330
2019,JJA,Wales,0.469,8.615
2020,JJA,Wales,0.581,10.367
2021,JJA,Wales,0.558,9.450
2022,JJA,Wales,0.471,8.303
2023,JJA,Wales,0.450,6.183
2024,JJA,Wales,0.550,7.716
2025,JJA,Wales,0.440,7.202
2026,JJA,Wales,0.614,10.413
2027,JJA,Wales,0.564,8.936
2028,JJA,Wales,0.506,10.422
2029,JJA,Wales,0.570,8.899
2030,JJA,Wales,0.547,7.183
2031,JJA,Wales,0.527,7.037
2032,JJA,Wales,0.422,6.092
2033,JJA,Wales,0.473,9.780
2034,JJA,Wales,0.566,9.064
2035,JJA,Wales,0.583,11.119
2036,JJA,Wales,0.509,7.220
2037,JJA,Wales,0.430,6.817
2038,JJA,Wales,0.571,12.046
2039,JJA,Wales,0.542,9.789
2040,JJA,Wales,0.546,7.917
2041,JJA,Wales,0.431,7.679
2042,JJA,Wales,0.494,7.743
2043,JJA,Wales,0.557,8.193
2044,JJA,Wales,0.512,6.541
2045,JJA,Wales,0.479,5.734
2046,JJA,Wales,0.477,7.532
2047,JJA,Wales,0.493,8.266
2048,JJA,Wales,0.482,7.037
2049,JJA,Wales,0.492,7.642
2050,JJA,Wales,0.462,7.587
2051,JJA,Wales,0.600,9.110
2052,JJA,Wales,0.580,8.119
2053,JJA,Wales,0.512,8.780
2054,JJA,Wales,0.518,9.917
2055,JJA,Wales,0.425,7.275
2056,JJA,Wales,0.468,8.147
2057,JJA,Wales,0.429,6.220
2058,JJA,Wales,0.429,6.450
2059,JJA,Wales,0.385,7.486
2060,JJA,Wales,0.457,6.404
2061,JJA,Wales,0.416,7.670
2062,JJA,Wales,0.525,8.138
2063,JJA,Wales,0.441,8.743
2064,JJA,Wales,0.572,9.413
2065,JJA,Wales,0.455,7.064
2066,JJA,Wales,0.473,6.321
2067,JJA,Wales,0.507,8.358
2068,JJA,Wales,0.419,6.706
2069,JJA,Wales,0.528,8.569
2070,JJA,Wales,0.605,10.523
2071,JJA,Wales,0.438,9.321
2072,JJA,Wales,0.529,8.275
2073,JJA,Wales,0.446,7.147
2074,JJA,Wales,0.502,7.578
2075,JJA,Wales,0.547,10.789
2076,JJA,Wales,0.500,7.064
2077,JJA,Wales,0.463,7.798
2078,JJA,Wales,0.664,12.927
2079,JJA,Wales,0.511,7.156
1981,SON,East Midlands,0.357,4.192
1982,SON,East Midlands,0.379,4.596
1983,SON,East Midlands,0.350,4.505
1984,SON,East Midlands,0.327,3.697
1985,SON,East Midlands,0.411,5.747
1986,SON,East Midlands,0.382,4.303
1987,SON,East Midlands,0.404,4.364
1988,SON,East Midlands,0.301,4.687
1989,SON,East Midlands,0.521,6.455
1990,SON,East Midlands,0.455,5.172
1991,SON,East Midlands,0.395,4.626
1992,SON,East Midlands,0.479,7.828
1993,SON,East Midlands,0.389,4.414
1994,SON,East Midlands,0.373,5.081
1995,SON,East Midlands,0.379,4.364
1996,SON,East Midlands,0.394,5.263
1997,SON,East Midlands,0.441,5.596
1998,SON,East Midlands,0.471,5.172
1999,SON,East Midlands,0.442,6.343
2000,SON,East Midlands,0.320,3.848
2001,SON,East Midlands,0.349,4.545
2002,SON,East Midlands,0.419,5.717
2003,SON,East Midlands,0.450,5.121
2004,SON,East Midlands,0.409,5.384
2005,SON,East Midlands,0.434,5.838
2006,SON,East Midlands,0.371,4.990
2007,SON,East Midlands,0.340,4.414
2008,SON,East Midlands,0.368,4.818
2009,SON,East Midlands,0.474,5.384
2010,SON,East Midlands,0.422,6.000
2011,SON,East Midlands,0.296,3.081
2012,SON,East Midlands,0.384,3.889
2013,SON,East Midlands,0.361,3.727
2014,SON,East Midlands,0.337,3.293
2015,SON,East Midlands,0.491,8.758
2016,SON,East Midlands,0.356,5.535
2017,SON,East Midlands,0.344,3.535
2018,SON,East Midlands,0.411,4.374
2019,SON,East Midlands,0.384,5.505
2020,SON,East Midlands,0.450,6.152
2021,SON,East Midlands,0.439,7.404
2022,SON,East Midlands,0.376,4.374
2023,SON,East Midlands,0.387,4.071
2024,SON,East Midlands,0.395,3.485
2025,SON,East Midlands,0.312,3.899
2026,SON,East Midlands,0.412,5.616
2027,SON,East Midlands,0.356,3.465
2028,SON,East Midlands,0.461,5.818
2029,SON,East Midlands,0.406,4.677
2030,SON,East Midlands,0.334,3.818
2031,SON,East Midlands,0.456,5.697
2032,SON,East Midlands,0.398,5.293
2033,SON,East Midlands,0.439,5.899
2034,SON,East Midlands,0.376,4.889
2035,SON,East Midlands,0.495,5.758
2036,SON,East Midlands,0.452,5.232
2037,SON,East Midlands,0.456,6.697
2038,SON,East Midlands,0.417,4.909
2039,SON,East Midlands,0.495,5.616
2040,SON,East Midlands,0.332,3.707
2041,SON,East Midlands,0.331,4.758
2042,SON,East Midlands,0.302,3.232
2043,SON,East Midlands,0.360,5.222
2044,SON,East Midlands,0.387,4.404
2045,SON,East Midlands,0.364,4.818
2046,SON,East Midlands,0.411,5.384
2047,SON,East Midlands,0.408,4.525
2048,SON,East Midlands,0.395,4.434
2049,SON,East Midlands,0.462,5.202
2050,SON,East Midlands,0.371,4.293
2051,SON,East Midlands,0.463,6.354
2052,SON,East Midlands,0.509,5.879
2053,SON,East Midlands,0.456,5.303
2054,SON,East Midlands,0.355,4.444
2055,SON,East Midlands,0.473,5.071
2056,SON,East Midlands,0.301,4.131
2057,SON,East Midlands,0.417,5.222
2058,SON,East Midlands,0.401,6.586
2059,SON,East Midlands,0.381,3.596
2060,SON,East Midlands,0.470,4.515
2061,SON,East Midlands,0.343,3.747
2062,SON,East Midlands,0.412,4.374
2063,SON,East Midlands,0.466,5.545
2064,SON,East Midlands,0.426,4.768
2065,SON,East Midlands,0.551,7.717
2066,SON,East Midlands,0.420,6.838
2067,SON,East Midlands,0.408,5.141
2068,SON,East Midlands,0.494,7.576
2069,SON,East Midlands,0.345,3.949
2070,SON,East Midlands,0.396,4.354
2071,SON,East Midlands,0.304,5.081
2072,SON,East Midlands,0.363,4.980
2073,SON,East Midlands,0.354,4.232
2074,SON,East Midlands,0.403,6.141
2075,SON,East Midlands,0.448,5.424
2076,SON,East Midlands,0.414,5.455
2077,SON,East Midlands,0.419,5.152
2078,SON,East Midlands,0.324,3.525
2079,SON,East Midlands,0.479,6.848
1981,SON,East of England,0.330,3.667
1982,SON,East of England,0.367,4.492
1983,SON,East of England,0.341,6.000
1984,SON,East of England,0.305,4.292
1985,SON,East of England,0.400,5.058
1986,SON,East of England,0.400,4.200
1987,SON,East of England,0.433,4.567
1988,SON,East of England,0.282,5.100
1989,SON,East of England,0.463,5.608
1990,SON,East of England,0.427,4.642
1991,SON,East of England,0.386,4.167
1992,SON,East of England,0.486,7.092
1993,SON,East of England,0.403,4.608
1994,SON,East of England,0.352,5.350
1995,SON,East of England,0.321,3.533
1996,SON,East of England,0.428,5.458
1997,SON,East of England,0.385,4.675
1998,SON,East of England,0.460,5.267
1999,SON,East of England,0.418,4.542
2000,SON,East of England,0.267,2.900
2001,SON,East of England,0.362,4.258
2002,SON,East of England,0.436,5.767
2003,SON,East of England,0.453,5.758
2004,SON,East of England,0.454,6.017
2005,SON,East of England,0.392,5.033
2006,SON,East of England,0.392,5.083
2007,SON,East of England,0.288,3.958
2008,SON,East of England,0.359,4.033
2009,SON,East of England,0.494,6.417
2010,SON,East of England,0.432,6.892
2011,SON,East of England,0.294,3.200
2012,SON,East of England,0.400,4.558
2013,SON,East of England,0.408,4.642
2014,SON,East of England,0.320,3.242
2015,SON,East of England,0.416,6.033
2016,SON,East of England,0.369,6.133
2017,SON,East of England,0.394,3.900
2018,SON,East of England,0.370,4.125
2019,SON,East of England,0.380,4.825
2020,SON,East of England,0.434,5.917
2021,SON,East of England,0.439,8.283
2022,SON,East of England,0.363,4.750
2023,SON,East of England,0.345,3.525
2024,SON,East of England,0.343,3.417
2025,SON,East of England,0.313,5.058
2026,SON,East of England,0.396,4.642
2027,SON,East of England,0.339,3.300
2028,SON,East of England,0.426,5.000
2029,SON,East of England,0.372,4.125
2030,SON,East of England,0.354,4.058
2031,SON,East of England,0.437,5.908
2032,SON,East of England,0.417,5.850
2033,SON,East of England,0.421,5.950
2034,SON,East of England,0.365,4.267
2035,SON,East of England,0.456,4.867
2036,SON,East of England,0.440,5.817
2037,SON,East of England,0.402,4.792
2038,SON,East of England,0.377,3.767
2039,SON,East of England,0.487,6.033
2040,SON,East of England,0.318,3.658
2041,SON,East of England,0.320,4.708
2042,SON,East of England,0.346,5.092
2043,SON,East of England,0.379,4.383
2044,SON,East of England,0.390,4.850
2045,SON,East of England,0.368,4.567
2046,SON,East of England,0.426,6.525
2047,SON,East of England,0.407,5.442
2048,SON,East of England,0.361,4.642
2049,SON,East of England,0.461,5.967
2050,SON,East of England,0.349,4.033
2051,SON,East of England,0.455,6.167
2052,SON,East of England,0.506,5.808
2053,SON,East of England,0.413,5.408
2054,SON,East of England,0.404,4.842
2055,SON,East of England,0.462,4.725
2056,SON,East of England,0.302,4.008
2057,SON,East of England,0.428,4.700
2058,SON,East of England,0.386,5.750
2059,SON,East of England,0.402,4.975
2060,SON,East of England,0.468,5.808
2061,SON,East of England,0.337,3.433
2062,SON,East of England,0.419,4.992
2063,SON,East of England,0.484,6.700
2064,SON,East of England,0.404,4.967
2065,SON,East of England,0.549,6.483
2066,SON,East of England,0.415,7.283
2067,SON,East of England,0.430,5.575
2068,SON,East of England,0.500,7.717
2069,SON,East of England,0.336,3.492
2070,SON,East of England,0.461,4.808
2071,SON,East of England,0.295,4.383
2072,SON,East of England,0.373,4.508
2073,SON,East of England,0.355,4.150
2074,SON,East of England,0.397,6.483
2075,SON,East of England,0.451,6.175
2076,SON,East of England,0.420,4.558
2077,SON,East of England,0.407,4.317
2078,SON,East of England,0.363,4.992
2079,SON,East of England,0.468,5.675
1981,SON,East Scotland,0.431,6.526
1982,SON,East Scotland,0.446,8.263
1983,SON,East Scotland,0.480,9.904
1984,SON,East Scotland,0.475,6.846
1985,SON,East Scotland,0.512,8.436
1986,SON,East Scotland,0.515,6.731
1987,SON,East Scotland,0.406,6.006
1988,SON,East Scotland,0.449,5.788
1989,SON,East Scotland,0.531,7.814
1990,SON,East Scotland,0.545,9.814
1991,SON,East Scotland,0.453,6.282
1992,SON,East Scotland,0.460,8.333
1993,SON,East Scotland,0.427,5.949
1994,SON,East Scotland,0.484,6.731
1995,SON,East Scotland,0.401,5.301
1996,SON,East Scotland,0.397,5.609
1997,SON,East Scotland,0.492,7.571
1998,SON,East Scotland,0.543,7.410
1999,SON,East Scotland,0.488,6.622
2000,SON,East Scotland,0.450,6.468
2001,SON,East Scotland,0.480,6.167
2002,SON,East Scotland,0.453,5.372
2003,SON,East Scotland,0.495,6.468
2004,SON,East Scotland,0.425,6.333
2005,SON,East Scotland,0.503,7.468
2006,SON,East Scotland,0.357,4.660
2007,SON,East Scotland,0.463,7.378
2008,SON,East Scotland,0.460,8.064
2009,SON,East Scotland,0.493,5.167
2010,SON,East Scotland,0.573,8.865
2011,SON,East Scotland,0.444,5.936
2012,SON,East Scotland,0.443,6.160
2013,SON,East Scotland,0.455,6.679
2014,SON,East Scotland,0.448,5.295
2015,SON,East Scotland,0.551,6.686
2016,SON,East Scotland,0.462,5.859
2017,SON,East Scotland,0.503,6.699
2018,SON,East Scotland,0.417,5.955
2019,SON,East Scotland,0.441,6.821
2020,SON,East Scotland,0.486,6.481
2021,SON,East Scotland,0.488,7.359
2022,SON,East Scotland,0.555,8.205
2023,SON,East Scotland,0.402,5.051
2024,SON,East Scotland,0.494,6.218
2025,SON,East Scotland,0.416,5.462
2026,SON,East Scotland,0.432,5.141
2027,SON,East Scotland,0.491,7.782
2028,SON,East Scotland,0.520,7.513
2029,SON,East Scotland,0.489,5.609
2030,SON,East Scotland,0.468,6.712
2031,SON,East Scotland,0.487,6.231
2032,SON,East Scotland,0.484,7.026
2033,SON,East Scotland,0.433,5.462
2034,SON,East Scotland,0.450,6.135
2035,SON,East Scotland,0.521,5.987
2036,SON,East Scotland,0.469,6.756
2037,SON,East Scotland,0.536,6.647
2038,SON,East Scotland,0.513,7.218
2039,SON,East Scotland,0.462,7.038
2040,SON,East Scotland,0.431,5.654
2041,SON,East Scotland,0.509,6.827
2042,SON,East Scotland,0.407,6.615
2043,SON,East Scotland,0.454,7.506
2044,SON,East Scotland,0.460,5.987
2045,SON,East Scotland,0.429,5.987
2046,SON,East Scotland,0.423,5.218
2047,SON,East Scotland,0.441,5.994
2048,SON,East Scotland,0.475,7.199
2049,SON,East Scotland,0.489,6.737
2050,SON,East Scotland,0.392,6.013
2051,SON,East Scotland,0.490,6.821
2052,SON,East Scotland,0.433,5.583
2053,SON,East Scotland,0.565,9.615
2054,SON,East Scotland,0.433,5.763
2055,SON,East Scotland,0.492,5.788
2056,SON,East Scotland,0.419,6.090
2057,SON,East Scotland,0.453,5.455
2058,SON,East Scotland,0.446,5.776
2059,SON,East Scotland,0.458,5.917
2060,SON,East Scotland,0.495,6.103
2061,SON,East Scotland,0.452,6.718
2062,SON,East Scotland,0.425,5.391
2063,SON,East Scotland,0.492,7.064
2064,SON,East Scotland,0.448,5.795
2065,SON,East Scotland,0.482,6.500
2066,SON,East Scotland,0.463,6.647
2067,SON,East Scotland,0.510,8.679
2068,SON,East Scotland,0.494,7.032
2069,SON,East Scotland,0.417,5.596
2070,SON,East Scotland,0.396,5.154
2071,SON,East Scotland,0.402,6.071
2072,SON,East Scotland,0.391,5.417
2073,SON,East Scotland,0.411,6.987
2074,SON,East Scotland,0.492,7.378
2075,SON,East Scotland,0.510,7.301
2076,SON,East Scotland,0.454,5.718
2077,SON,East Scotland,0.547,6.660
2078,SON,East Scotland,0.502,6.962
2079,SON,East Scotland,0.498,7.577
1981,SON,London,0.349,3.500
1982,SON,London,0.433,6.900
1983,SON,London,0.369,5.700
1984,SON,London,0.356,4.000
1985,SON,London,0.404,6.600
1986,SON,London,0.440,5.400
1987,SON,London,0.420,5.100
1988,SON,London,0.266,3.800
1989,SON,London,0.481,8.900
1990,SON,London,0.463,4.700
1991,SON,London,0.465,7.000
1992,SON,London,0.532,6.500
1993,SON,London,0.418,4.700
1994,SON,London,0.368,7.000
1995,SON,London,0.299,4.600
1996,SON,London,0.435,5.200
1997,SON,London,0.410,5.100
1998,SON,London,0.487,5.500
1999,SON,London,0.430,6.200
2000,SON,London,0.301,3.300
2001,SON,London,0.365,4.600
2002,SON,London,0.468,7.800
2003,SON,London,0.491,6.900
2004,SON,London,0.500,7.200
2005,SON,London,0.414,5.800
2006,SON,London,0.384,7.700
2007,SON,London,0.299,4.000
2008,SON,London,0.402,5.700
2009,SON,London,0.538,6.000
2010,SON,London,0.453,5.500
2011,SON,London,0.333,3.600
2012,SON,London,0.525,6.400
2013,SON,London,0.421,5.600
2014,SON,London,0.340,3.800
2015,SON,London,0.456,6.300
2016,SON,London,0.393,7.000
2017,SON,London,0.398,4.900
2018,SON,London,0.377,5.500
2019,SON,London,0.396,5.400
2020,SON,London,0.515,6.400
2021,SON,London,0.465,8.300
2022,SON,London,0.405,5.300
2023,SON,London,0.380,4.000
2024,SON,London,0.352,3.500
2025,SON,London,0.330,5.500
2026,SON,London,0.404,4.800
2027,SON,London,0.375,4.200
2028,SON,London,0.432,5.700
2029,SON,London,0.421,5.600
2030,SON,London,0.364,4.500
2031,SON,London,0.433,5.300
2032,SON,London,0.451,7.200
2033,SON,London,0.487,7.900
2034,SON,London,0.374,5.400
2035,SON,London,0.532,6.200
2036,SON,London,0.464,6.900
2037,SON,London,0.449,5.100
2038,SON,London,0.368,4.100
2039,SON,London,0.573,7.100
2040,SON,London,0.336,3.300
2041,SON,London,0.353,5.500
2042,SON,London,0.356,3.900
2043,SON,London,0.426,5.700
2044,SON,London,0.398,6.000
2045,SON,London,0.386,5.100
2046,SON,London,0.456,6.000
2047,SON,London,0.442,5.700
2048,SON,London,0.414,4.600
2049,SON,London,0.468,5.600
2050,SON,London,0.333,5.000
2051,SON,London,0.525,8.900
2052,SON,London,0.560,5.300
2053,SON,London,0.436,5.900
2054,SON,London,0.432,4.400
2055,SON,London,0.516,5.500
2056,SON,London,0.329,4.600
2057,SON,London,0.512,6.500
2058,SON,London,0.421,7.400
2059,SON,London,0.422,5.200
2060,SON,London,0.481,8.700
2061,SON,London,0.373,3.200
2062,SON,London,0.475,6.400
2063,SON,London,0.493,7.600
2064,SON,London,0.407,3.800
2065,SON,London,0.590,7.700
2066,SON,London,0.407,8.800
2067,SON,London,0.477,7.500
2068,SON,London,0.580,11.800
2069,SON,London,0.390,4.200
2070,SON,London,0.476,6.400
2071,SON,London,0.259,3.500
2072,SON,London,0.449,4.500
2073,SON,London,0.388,4.700
2074,SON,London,0.426,7.400
2075,SON,London,0.480,6.100
2076,SON,London,0.433,4.700
2077,SON,London,0.407,5.000
2078,SON,London,0.412,5.300
2079,SON,London,0.541,7.200
1981,SON,North East England,0.362,5.222
1982,SON,North East England,0.425,5.111
1983,SON,North East England,0.449,7.296
1984,SON,North East England,0.446,5.685
1985,SON,North East England,0.465,7.056
1986,SON,North East England,0.429,5.167
1987,SON,North East England,0.381,5.167
1988,SON,North East England,0.378,5.370
1989,SON,North East England,0.548,7.833
1990,SON,North East England,0.506,6.593
1991,SON,North East England,0.403,5.204
1992,SON,North East England,0.441,6.870
1993,SON,North East England,0.389,4.944
1994,SON,North East England,0.424,6.315
1995,SON,North East England,0.358,4.185
1996,SON,North East England,0.368,5.463
1997,SON,North East England,0.429,5.185
1998,SON,North East England,0.470,6.019
1999,SON,North East England,0.464,6.241
2000,SON,North East England,0.387,4.815
2001,SON,North East England,0.410,5.352
2002,SON,North East England,0.431,5.278
2003,SON,North East England,0.458,5.500
2004,SON,North East England,0.432,4.648
2005,SON,North East England,0.427,7.426
2006,SON,North East England,0.359,4.407
2007,SON,North East England,0.454,6.944
2008,SON,North East England,0.366,5.093
2009,SON,North East England,0.496,5.759
2010,SON,North East England,0.532,9.333
2011,SON,North East England,0.365,4.519
2012,SON,North East England,0.416,5.870
2013,SON,North East England,0.378,4.370
2014,SON,North East England,0.398,5.019
2015,SON,North East England,0.519,6.074
2016,SON,North East England,0.411,6.648
2017,SON,North East England,0.425,4.481
2018,SON,North East England,0.400,5.259
2019,SON,North East England,0.330,4.259
2020,SON,North East England,0.433,6.222
2021,SON,North East England,0.475,6.815
2022,SON,North East England,0.426,4.815
2023,SON,North East England,0.402,4.852
2024,SON,North East England,0.431,5.111
2025,SON,North East England,0.354,4.389
2026,SON,North East England,0.438,5.611
2027,SON,North East England,0.454,6.241
2028,SON,North East England,0.511,6.556
2029,SON,North East England,0.461,4.667
2030,SON,North East England,0.397,5.611
2031,SON,North East England,0.446,4.593
2032,SON,North East England,0.458,6.333
2033,SON,North East England,0.405,4.463
2034,SON,North East England,0.367,5.500
2035,SON,North East England,0.512,5.519
2036,SON,North East England,0.431,6.130
2037,SON,North East England,0.474,5.111
2038,SON,North East England,0.444,5.648
2039,SON,North East England,0.429,5.278
2040,SON,North East England,0.401,4.481
2041,SON,North East England,0.435,5.981
2042,SON,North East England,0.361,4.407
2043,SON,North East England,0.393,6.574
2044,SON,North East England,0.434,4.667
2045,SON,North East England,0.349,4.407
2046,SON,North East England,0.399,4.630
2047,SON,North East England,0.388,5.093
2048,SON,North East England,0.393,4.704
2049,SON,North East England,0.495,5.296
2050,SON,North East England,0.333,4.889
2051,SON,North East England,0.414,5.704
2052,SON,North East England,0.449,5.907
2053,SON,North East England,0.490,7.556
2054,SON,North East England,0.436,6.426
2055,SON,North East England,0.476,5.685
2056,SON,North East England,0.334,4.389
2057,SON,North East England,0.431,4.241
2058,SON,North East England,0.442,5.352
2059,SON,North East England,0.395,4.704
2060,SON,North East England,0.502,5.426
2061,SON,North East England,0.399,4.722
2062,SON,North East England,0.375,4.759
2063,SON,North East England,0.467,5.778
2064,SON,North East England,0.454,6.648
2065,SON,North East England,0.486,6.204
2066,SON,North East England,0.443,5.074
2067,SON,North East England,0.454,7.426
2068,SON,North East England,0.468,5.537
2069,SON,North East England,0.347,5.611
2070,SON,North East England,0.411,5.241
2071,SON,North East England,0.382,5.296
2072,SON,North East England,0.384,4.111
2073,SON,North East England,0.329,5.796
2074,SON,North East England,0.432,4.574
2075,SON,North East England,0.499,7.630
2076,SON,North East England,0.431,4.593
2077,SON,North East England,0.511,6.611
2078,SON,North East England,0.404,4.519
2079,SON,North East England,0.508,7.130
1981,SON,North Scotland,0.529,9.491
1982,SON,North Scotland,0.515,10.095
1983,SON,North Scotland,0.456,13.970
1984,SON,North Scotland,0.562,9.692
1985,SON,North Scotland,0.509,7.852
1986,SON,North Scotland,0.611,9.828
1987,SON,North Scotland,0.577,10.101
1988,SON,North Scotland,0.579,10.130
1989,SON,North Scotland,0.633,9.615
1990,SON,North Scotland,0.625,11.675
1991,SON,North Scotland,0.561,14.556
1992,SON,North Scotland,0.505,8.734
1993,SON,North Scotland,0.508,9.905
1994,SON,North Scotland,0.519,7.893
1995,SON,North Scotland,0.524,8.550
1996,SON,North Scotland,0.418,7.373
1997,SON,North Scotland,0.620,12.000
1998,SON,North Scotland,0.608,9.361
1999,SON,North Scotland,0.563,8.396
2000,SON,North Scotland,0.554,10.574
2001,SON,North Scotland,0.588,8.947
2002,SON,North Scotland,0.517,8.402
2003,SON,North Scotland,0.641,12.769
2004,SON,North Scotland,0.479,6.994
2005,SON,North Scotland,0.631,11.030
2006,SON,North Scotland,0.387,5.929
2007,SON,North Scotland,0.530,12.467
2008,SON,North Scotland,0.584,13.621
2009,SON,North Scotland,0.509,6.704
2010,SON,North Scotland,0.639,10.663
2011,SON,North Scotland,0.625,11.373
2012,SON,North Scotland,0.534,8.254
2013,SON,North Scotland,0.518,7.917
2014,SON,North Scotland,0.572,8.982
2015,SON,North Scotland,0.572,9.509
2016,SON,North Scotland,0.603,11.503
2017,SON,North Scotland,0.645,11.290
2018,SON,North Scotland,0.492,10.568
2019,SON,North Scotland,0.558,10.254
2020,SON,North Scotland,0.558,10.089
2021,SON,North Scotland,0.495,9.432
2022,SON,North Scotland,0.646,12.604
2023,SON,North Scotland,0.583,10.450
2024,SON,North Scotland,0.662,10.787
2025,SON,North Scotland,0.558,8.189
2026,SON,North Scotland,0.480,8.467
2027,SON,North Scotland,0.557,9.680
2028,SON,North Scotland,0.587,12.160
2029,SON,North Scotland,0.522,7.769
2030,SON,North Scotland,0.527,10.864
2031,SON,North Scotland,0.577,8.414
2032,SON,North Scotland,0.553,10.243
2033,SON,North Scotland,0.522,7.379
2034,SON,North Scotland,0.593,8.988
2035,SON,North Scotland,0.626,10.024
2036,SON,North Scotland,0.569,11.976
2037,SON,North Scotland,0.605,12.178
2038,SON,North Scotland,0.607,9.485
2039,SON,North Scotland,0.570,11.047
2040,SON,North Scotland,0.579,10.450
2041,SON,North Scotland,0.626,11.225
2042,SON,North Scotland,0.536,10.207
2043,SON,North Scotland,0.541,10.036
2044,SON,North Scotland,0.643,12.444
2045,SON,North Scotland,0.534,8.154
2046,SON,North Scotland,0.553,10.189
2047,SON,North Scotland,0.538,10.769
2048,SON,North Scotland,0.552,9.178
2049,SON,North Scotland,0.619,13.716
2050,SON,North Scotland,0.508,7.183
2051,SON,North Scotland,0.615,10.095
2052,SON,North Scotland,0.516,8.408
2053,SON,North Scotland,0.673,13.746
2054,SON,North Scotland,0.524,11.337
2055,SON,North Scotland,0.590,8.964
2056,SON,North Scotland,0.586,9.361
2057,SON,North Scotland,0.499,6.822
2058,SON,North Scotland,0.549,10.089
2059,SON,North Scotland,0.633,9.982
2060,SON,North Scotland,0.605,11.101
2061,SON,North Scotland,0.558,10.101
2062,SON,North Scotland,0.568,10.337
2063,SON,North Scotland,0.622,11.136
2064,SON,North Scotland,0.470,9.142
2065,SON,North Scotland,0.581,11.929
2066,SON,North Scotland,0.549,7.817
2067,SON,North Scotland,0.549,10.432
2068,SON,North Scotland,0.628,13.385
2069,SON,North Scotland,0.654,14.509
2070,SON,North Scotland,0.448,7.420
2071,SON,North Scotland,0.488,8.154
2072,SON,North Scotland,0.504,10.349
2073,SON,North Scotland,0.538,9.574
2074,SON,North Scotland,0.652,12.112
2075,SON,North Scotland,0.543,9.805
2076,SON,North Scotland,0.667,11.485
2077,SON,North Scotland,0.644,11.840
2078,SON,North Scotland,0.666,14.811
2079,SON,North Scotland,0.608,10.331
1981,SON,North West England,0.506,9.359
1982,SON,North West England,0.549,11.192
1983,SON,North West England,0.492,11.000
1984,SON,North West England,0.598,9.808
1985,SON,North West England,0.586,8.474
1986,SON,North West England,0.605,9.218
1987,SON,North West England,0.574,10.808
1988,SON,North West England,0.511,7.064
1989,SON,North West England,0.704,11.679
1990,SON,North West England,0.735,14.949
1991,SON,North West England,0.582,12.000
1992,SON,North West England,0.607,12.385
1993,SON,North West England,0.577,11.410
1994,SON,North West England,0.541,8.833
1995,SON,North West England,0.581,10.167
1996,SON,North West England,0.503,7.897
1997,SON,North West England,0.625,10.769
1998,SON,North West England,0.647,11.744
1999,SON,North West England,0.613,14.179
2000,SON,North West England,0.556,8.115
2001,SON,North West England,0.598,9.526
2002,SON,North West England,0.519,7.038
2003,SON,North West England,0.654,11.744
2004,SON,North West England,0.506,9.782
2005,SON,North West England,0.602,13.051
2006,SON,North West England,0.434,6.179
2007,SON,North West England,0.508,9.474
2008,SON,North West England,0.579,10.090
2009,SON,North West England,0.581,6.679
2010,SON,North West England,0.649,13.115
2011,SON,North West England,0.593,9.397
2012,SON,North West England,0.573,13.038
2013,SON,North West England,0.517,9.872
2014,SON,North West England,0.588,11.474
2015,SON,North West England,0.703,13.321
2016,SON,North West England,0.615,9.551
2017,SON,North West England,0.599,8.564
2018,SON,North West England,0.528,8.731
2019,SON,North West England,0.561,9.654
2020,SON,North West England,0.622,13.385
2021,SON,North West England,0.627,14.179
2022,SON,North West England,0.571,11.218
2023,SON,North West England,0.614,8.846
2024,SON,North West England,0.723,16.269
2025,SON,North West England,0.569,7.821
2026,SON,North West England,0.521,9.872
2027,SON,North West England,0.579,9.987
2028,SON,North West England,0.642,11.500
2029,SON,North West England,0.631,10.564
2030,SON,North West England,0.515,10.628
2031,SON,North West England,0.599,8.846
2032,SON,North West England,0.555,8.808
2033,SON,North West England,0.607,10.397
2034,SON,North West England,0.587,9.231
2035,SON,North West England,0.707,10.705
2036,SON,North West England,0.643,10.423
2037,SON,North West England,0.634,10.256
2038,SON,North West England,0.619,14.577
2039,SON,North West England,0.652,10.141
2040,SON,North West England,0.617,11.115
2041,SON,North West England,0.649,12.731
2042,SON,North West England,0.455,7.487
2043,SON,North West England,0.542,9.910
2044,SON,North West England,0.678,14.423
2045,SON,North West England,0.554,7.526
2046,SON,North West England,0.580,10.128
2047,SON,North West England,0.559,9.590
2048,SON,North West England,0.616,10.141
2049,SON,North West England,0.724,14.333
2050,SON,North West England,0.509,9.192
2051,SON,North West England,0.631,11.423
2052,SON,North West England,0.641,11.692
2053,SON,North West England,0.729,17.846
2054,SON,North West England,0.520,11.154
2055,SON,North West England,0.695,13.782
2056,SON,North West England,0.454,9.936
2057,SON,North West England,0.581,8.115
2058,SON,North West England,0.587,9.577
2059,SON,North West England,0.659,10.154
2060,SON,North West England,0.653,11.859
2061,SON,North West England,0.575,9.321
2062,SON,North West England,0.573,9.769
2063,SON,North West England,0.708,11.167
2064,SON,North West England,0.539,11.692
2065,SON,North West England,0.688,12.705
2066,SON,North West England,0.581,16.205
2067,SON,North West England,0.596,10.500
2068,SON,North West England,0.714,15.179
2069,SON,North West England,0.693,12.474
2070,SON,North West England,0.507,8.705
2071,SON,North West England,0.473,6.218
2072,SON,North West England,0.574,10.321
2073,SON,North West England,0.562,14.295
2074,SON,North West England,0.701,9.821
2075,SON,North West England,0.663,9.833
2076,SON,North West England,0.676,10.269
2077,SON,North West England,0.752,13.910
2078,SON,North West England,0.618,11.333
2079,SON,North West England,0.701,12.128
1981,SON,South East England,0.365,4.132
1982,SON,South East England,0.402,6.472
1983,SON,South East England,0.399,6.858
1984,SON,South East England,0.378,4.198
1985,SON,South East England,0.433,8.132
1986,SON,South East England,0.473,5.840
1987,SON,South East England,0.419,4.594
1988,SON,South East England,0.319,4.632
1989,SON,South East England,0.490,7.349
1990,SON,South East England,0.476,5.651
1991,SON,South East England,0.471,6.019
1992,SON,South East England,0.523,7.830
1993,SON,South East England,0.425,4.585
1994,SON,South East England,0.398,8.368
1995,SON,South East England,0.342,4.226
1996,SON,South East England,0.452,7.047
1997,SON,South East England,0.430,5.764
1998,SON,South East England,0.506,7.830
1999,SON,South East England,0.436,7.557
2000,SON,South East England,0.310,3.594
2001,SON,South East England,0.398,4.915
2002,SON,South East England,0.489,8.906
2003,SON,South East England,0.479,6.509
2004,SON,South East England,0.456,6.142
2005,SON,South East England,0.429,4.962
2006,SON,South East England,0.421,5.840
2007,SON,South East England,0.344,4.802
2008,SON,South East England,0.403,5.802
2009,SON,South East England,0.543,7.849
2010,SON,South East England,0.468,6.575
2011,SON,South East England,0.339,3.877
2012,SON,South East England,0.519,7.670
2013,SON,South East England,0.449,5.538
2014,SON,South East England,0.351,3.575
2015,SON,South East England,0.477,7.708
2016,SON,South East England,0.373,5.557
2017,SON,South East England,0.423,5.198
2018,SON,South East England,0.403,5.443
2019,SON,South East England,0.402,5.283
2020,SON,South East England,0.511,6.962
2021,SON,South East England,0.491,7.302
2022,SON,South East England,0.403,5.368
2023,SON,South East England,0.431,5.972
2024,SON,South East England,0.383,4.745
2025,SON,South East England,0.359,5.830
2026,SON,South East England,0.439,5.217
2027,SON,South East England,0.397,4.708
2028,SON,South East England,0.459,6.434
2029,SON,South East England,0.475,6.387
2030,SON,South East England,0.385,5.113
2031,SON,South East England,0.425,5.123
2032,SON,South East England,0.470,6.698
2033,SON,South East England,0.456,5.604
2034,SON,South East England,0.398,5.321
2035,SON,South East England,0.524,5.330
2036,SON,South East England,0.493,8.000
2037,SON,South East England,0.494,6.708
2038,SON,South East England,0.406,5.123
2039,SON,South East England,0.587,7.632
2040,SON,South East England,0.336,4.019
2041,SON,South East England,0.390,6.642
2042,SON,South East England,0.324,3.642
2043,SON,South East England,0.457,6.802
2044,SON,South East England,0.453,6.632
2045,SON,South East England,0.393,5.557
2046,SON,South East England,0.473,6.415
2047,SON,South East England,0.436,5.594
2048,SON,South East England,0.428,5.557
2049,SON,South East England,0.490,5.953
2050,SON,South East England,0.365,4.453
2051,SON,South East England,0.519,8.925
2052,SON,South East England,0.547,7.736
2053,SON,South East England,0.458,6.264
2054,SON,South East England,0.412,5.519
2055,SON,South East England,0.548,6.160
2056,SON,South East England,0.341,4.368
2057,SON,South East England,0.519,6.349
2058,SON,South East England,0.465,7.651
2059,SON,South East England,0.438,5.104
2060,SON,South East England,0.490,7.943
2061,SON,South East England,0.417,5.047
2062,SON,South East England,0.461,5.321
2063,SON,South East England,0.501,6.651
2064,SON,South East England,0.436,5.651
2065,SON,South East England,0.603,8.802
2066,SON,South East England,0.421,9.500
2067,SON,South East England,0.493,8.472
2068,SON,South East England,0.574,10.613
2069,SON,South East England,0.415,5.302
2070,SON,South East England,0.469,7.104
2071,SON,South East England,0.283,4.472
2072,SON,South East England,0.455,4.774
2073,SON,South East England,0.403,5.783
2074,SON,South East England,0.445,6.387
2075,SON,South East England,0.465,6.019
2076,SON,South East England,0.437,4.415
2077,SON,South East England,0.468,6.830
2078,SON,South East England,0.420,6.245
2079,SON,South East England,0.554,8.547
1981,SON,South West England,0.503,6.377
1982,SON,South West England,0.483,7.554
1983,SON,South West England,0.452,7.492
1984,SON,South West England,0.482,7.385
1985,SON,South West England,0.515,9.538
1986,SON,South West England,0.548,7.931
1987,SON,South West England,0.528,9.077
1988,SON,South West England,0.431,6.692
1989,SON,South West England,0.564,9.823
1990,SON,South West England,0.545,7.885
1991,SON,South West England,0.546,9.146
1992,SON,South West England,0.538,10.715
1993,SON,South West England,0.524,9.908
1994,SON,South West England,0.502,8.831
1995,SON,South West England,0.475,8.969
1996,SON,South West England,0.518,9.731
1997,SON,South West England,0.529,7.138
1998,SON,South West England,0.614,11.977
1999,SON,South West England,0.518,10.308
2000,SON,South West England,0.433,6.485
2001,SON,South West England,0.468,8.015
2002,SON,South West England,0.532,9.023
2003,SON,South West England,0.575,8.500
2004,SON,South West England,0.507,10.000
2005,SON,South West England,0.513,7.108
2006,SON,South West England,0.501,6.785
2007,SON,South West England,0.437,6.477
2008,SON,South West England,0.500,7.838
2009,SON,South West England,0.572,8.446
2010,SON,South West England,0.540,9.100
2011,SON,South West England,0.450,6.738
2012,SON,South West England,0.585,9.438
2013,SON,South West England,0.501,6.554
2014,SON,South West England,0.431,5.554
2015,SON,South West England,0.596,9.300
2016,SON,South West England,0.443,8.092
2017,SON,South West England,0.515,7.408
2018,SON,South West England,0.472,7.469
2019,SON,South West England,0.501,8.054
2020,SON,South West England,0.580,8.523
2021,SON,South West England,0.564,9.800
2022,SON,South West England,0.467,7.454
2023,SON,South West England,0.517,7.308
2024,SON,South West England,0.507,8.646
2025,SON,South West England,0.438,7.931
2026,SON,South West England,0.506,7.562
2027,SON,South West England,0.529,8.815
2028,SON,South West England,0.537,8.177
2029,SON,South West England,0.568,9.408
2030,SON,South West England,0.455,6.362
2031,SON,South West England,0.546,7.808
2032,SON,South West England,0.515,7.162
2033,SON,South West England,0.541,8.969
2034,SON,South West England,0.503,8.708
2035,SON,South West England,0.629,8.669
2036,SON,South West England,0.609,11.292
2037,SON,South West England,0.568,7.877
2038,SON,South West England,0.484,7.300
2039,SON,South West England,0.629,10.146
2040,SON,South West England,0.440,7.285
2041,SON,South West England,0.485,9.338
2042,SON,South West England,0.415,5.600
2043,SON,South West England,0.538,9.123
2044,SON,South West England,0.548,10.031
2045,SON,South West England,0.490,8.100
2046,SON,South West England,0.547,7.685
2047,SON,South West England,0.477,6.085
2048,SON,South West England,0.552,7.577
2049,SON,South West England,0.548,7.569
2050,SON,South West England,0.473,9.169
2051,SON,South West England,0.601,10.023
2052,SON,South West England,0.609,10.431
2053,SON,South West England,0.578,11.523
2054,SON,South West England,0.477,7.615
2055,SON,South West England,0.638,9.662
2056,SON,South West England,0.402,6.308
2057,SON,South West England,0.580,9.085
2058,SON,South West England,0.533,7.562
2059,SON,South West England,0.531,7.246
2060,SON,South West England,0.527,7.700
2061,SON,South West England,0.508,7.038
2062,SON,South West England,0.552,7.946
2063,SON,South West England,0.615,11.523
2064,SON,South West England,0.511,7.262
2065,SON,South West England,0.674,11.054
2066,SON,South West England,0.523,12.262
2067,SON,South West England,0.552,8.754
2068,SON,South West England,0.673,13.200
2069,SON,South West England,0.522,8.092
2070,SON,South West England,0.503,9.315
2071,SON,South West England,0.394,5.723
2072,SON,South West England,0.538,8.108
2073,SON,South West England,0.474,6.946
2074,SON,South West England,0.526,9.385
2075,SON,South West England,0.568,7.723
2076,SON,South West England,0.559,7.354
2077,SON,South West England,0.586,8.354
2078,SON,South West England,0.481,7.169
2079,SON,South West England,0.646,13.731
1981,SON,West Midlands,0.389,5.198
1982,SON,West Midlands,0.417,5.506
1983,SON,West Midlands,0.387,4.914
1984,SON,West Midlands,0.402,4.519
1985,SON,West Midlands,0.441,6.074
1986,SON,West Midlands,0.458,4.704
1987,SON,West Midlands,0.440,6.037
1988,SON,West Midlands,0.332,4.099
1989,SON,West Midlands,0.529,6.593
1990,SON,West Midlands,0.493,5.370
1991,SON,West Midlands,0.460,6.593
1992,SON,West Midlands,0.486,7.716
1993,SON,West Midlands,0.457,5.346
1994,SON,West Midlands,0.408,5.432
1995,SON,West Midlands,0.423,5.679
1996,SON,West Midlands,0.443,5.506
1997,SON,West Midlands,0.462,5.840
1998,SON,West Midlands,0.491,6.432
1999,SON,West Midlands,0.496,7.111
2000,SON,West Midlands,0.350,3.778
2001,SON,West Midlands,0.391,5.457
2002,SON,West Midlands,0.441,5.642
2003,SON,West Midlands,0.493,6.346
2004,SON,West Midlands,0.432,5.333
2005,SON,West Midlands,0.451,6.531
2006,SON,West Midlands,0.433,5.642
2007,SON,West Midlands,0.358,4.926
2008,SON,West Midlands,0.420,5.827
2009,SON,West Midlands,0.507,6.099
2010,SON,West Midlands,0.478,7.420
2011,SON,West Midlands,0.355,4.432
2012,SON,West Midlands,0.460,5.840
2013,SON,West Midlands,0.400,4.346
2014,SON,West Midlands,0.394,3.840
2015,SON,West Midlands,0.523,10.889
2016,SON,West Midlands,0.366,4.642
2017,SON,West Midlands,0.413,4.728
2018,SON,West Midlands,0.436,5.519
2019,SON,West Midlands,0.412,5.741
2020,SON,West Midlands,0.484,5.963
2021,SON,West Midlands,0.464,9.198
2022,SON,West Midlands,0.395,4.901
2023,SON,West Midlands,0.475,5.469
2024,SON,West Midlands,0.440,4.765
2025,SON,West Midlands,0.388,4.778
2026,SON,West Midlands,0.433,5.802
2027,SON,West Midlands,0.421,5.123
2028,SON,West Midlands,0.482,5.716
2029,SON,West Midlands,0.454,5.481
2030,SON,West Midlands,0.379,4.259
2031,SON,West Midlands,0.494,5.173
2032,SON,West Midlands,0.441,5.778
2033,SON,West Midlands,0.460,5.889
2034,SON,West Midlands,0.411,5.543
2035,SON,West Midlands,0.535,6.012
2036,SON,West Midlands,0.513,6.074
2037,SON,West Midlands,0.530,8.346
2038,SON,West Midlands,0.443,6.160
2039,SON,West Midlands,0.559,7.148
2040,SON,West Midlands,0.359,4.037
2041,SON,West Midlands,0.374,5.321
2042,SON,West Midlands,0.309,4.037
2043,SON,West Midlands,0.419,6.074
2044,SON,West Midlands,0.454,5.802
2045,SON,West Midlands,0.440,5.654
2046,SON,West Midlands,0.462,5.864
2047,SON,West Midlands,0.423,5.185
2048,SON,West Midlands,0.432,4.605
2049,SON,West Midlands,0.511,5.519
2050,SON,West Midlands,0.383,4.889
2051,SON,West Midlands,0.512,7.062
2052,SON,West Midlands,0.570,7.790
2053,SON,West Midlands,0.512,8.025
2054,SON,West Midlands,0.399,6.086
2055,SON,West Midlands,0.530,6.951
2056,SON,West Midlands,0.343,4.975
2057,SON,West Midlands,0.430,5.568
2058,SON,West Midlands,0.441,5.667
2059,SON,West Midlands,0.420,4.136
2060,SON,West Midlands,0.492,5.296
2061,SON,West Midlands,0.395,4.519
2062,SON,West Midlands,0.424,5.556
2063,SON,West Midlands,0.527,5.753
2064,SON,West Midlands,0.427,4.531
2065,SON,West Midlands,0.613,7.988
2066,SON,West Midlands,0.468,11.667
2067,SON,West Midlands,0.437,5.049
2068,SON,West Midlands,0.564,9.346
2069,SON,West Midlands,0.421,4.679
2070,SON,West Midlands,0.406,4.605
2071,SON,West Midlands,0.316,4.802
2072,SON,West Midlands,0.428,5.679
2073,SON,West Midlands,0.403,5.383
2074,SON,West Midlands,0.435,7.272
2075,SON,West Midlands,0.499,5.790
2076,SON,West Midlands,0.457,5.593
2077,SON,West Midlands,0.475,5.926
2078,SON,West Midlands,0.397,4.765
2079,SON,West Midlands,0.531,8.160
1981,SON,West Scotland,0.543,9.278
1982,SON,West Scotland,0.553,11.600
1983,SON,West Scotland,0.542,17.589
1984,SON,West Scotland,0.633,12.200
1985,SON,West Scotland,0.619,12.500
1986,SON,West Scotland,0.636,11.833
1987,SON,West Scotland,0.568,11.556
1988,SON,West Scotland,0.552,9.067
1989,SON,West Scotland,0.655,10.833
1990,SON,West Scotland,0.693,16.011
1991,SON,West Scotland,0.620,14.089
1992,SON,West Scotland,0.616,12.811
1993,SON,West Scotland,0.572,10.900
1994,SON,West Scotland,0.527,8.722
1995,SON,West Scotland,0.604,9.967
1996,SON,West Scotland,0.485,6.967
1997,SON,West Scotland,0.668,13.378
1998,SON,West Scotland,0.686,13.300
1999,SON,West Scotland,0.602,11.611
2000,SON,West Scotland,0.610,11.022
2001,SON,West Scotland,0.652,11.311
2002,SON,West Scotland,0.502,8.344
2003,SON,West Scotland,0.650,11.422
2004,SON,West Scotland,0.482,8.567
2005,SON,West Scotland,0.639,10.844
2006,SON,West Scotland,0.453,6.656
2007,SON,West Scotland,0.547,14.722
2008,SON,West Scotland,0.606,11.289
2009,SON,West Scotland,0.578,6.744
2010,SON,West Scotland,0.670,11.633
2011,SON,West Scotland,0.643,11.800
2012,SON,West Scotland,0.570,11.178
2013,SON,West Scotland,0.530,9.822
2014,SON,West Scotland,0.615,11.267
2015,SON,West Scotland,0.660,9.722
2016,SON,West Scotland,0.664,11.656
2017,SON,West Scotland,0.677,11.567
2018,SON,West Scotland,0.527,11.589
2019,SON,West Scotland,0.582,10.189
2020,SON,West Scotland,0.632,13.667
2021,SON,West Scotland,0.626,13.167
2022,SON,West Scotland,0.641,12.644
2023,SON,West Scotland,0.598,8.233
2024,SON,West Scotland,0.720,12.311
2025,SON,West Scotland,0.589,8.244
2026,SON,West Scotland,0.504,9.067
2027,SON,West Scotland,0.611,12.389
2028,SON,West Scotland,0.620,10.133
2029,SON,West Scotland,0.599,8.978
2030,SON,West Scotland,0.570,12.322
2031,SON,West Scotland,0.619,9.078
2032,SON,West Scotland,0.534,8.911
2033,SON,West Scotland,0.557,8.311
2034,SON,West Scotland,0.583,10.622
2035,SON,West Scotland,0.661,9.067
2036,SON,West Scotland,0.637,11.733
2037,SON,West Scotland,0.640,10.700
2038,SON,West Scotland,0.664,13.244
2039,SON,West Scotland,0.628,11.000
2040,SON,West Scotland,0.648,11.356
2041,SON,West Scotland,0.651,12.889
2042,SON,West Scotland,0.520,10.433
2043,SON,West Scotland,0.586,10.600
2044,SON,West Scotland,0.671,13.533
2045,SON,West Scotland,0.579,8.300
2046,SON,West Scotland,0.560,9.067
2047,SON,West Scotland,0.562,10.611
2048,SON,West Scotland,0.646,12.778
2049,SON,West Scotland,0.694,14.956
2050,SON,West Scotland,0.510,10.267
2051,SON,West Scotland,0.613,11.533
2052,SON,West Scotland,0.581,9.656
2053,SON,West Scotland,0.732,17.278
2054,SON,West Scotland,0.528,9.100
2055,SON,West Scotland,0.703,11.322
2056,SON,West Scotland,0.507,11.100
2057,SON,West Scotland,0.547,8.111
2058,SON,West Scotland,0.565,10.489
2059,SON,West Scotland,0.640,11.178
2060,SON,West Scotland,0.645,12.700
2061,SON,West Scotland,0.570,9.467
2062,SON,West Scotland,0.575,9.689
2063,SON,West Scotland,0.677,11.367
2064,SON,West Scotland,0.533,7.478
2065,SON,West Scotland,0.654,11.522
2066,SON,West Scotland,0.574,8.711
2067,SON,West Scotland,0.608,10.656
2068,SON,West Scotland,0.675,14.844
2069,SON,West Scotland,0.683,15.567
2070,SON,West Scotland,0.470,8.122
2071,SON,West Scotland,0.495,7.511
2072,SON,West Scotland,0.557,9.656
2073,SON,West Scotland,0.564,9.533
2074,SON,West Scotland,0.667,10.733
2075,SON,West Scotland,0.647,10.156
2076,SON,West Scotland,0.687,14.800
2077,SON,West Scotland,0.720,11.344
2078,SON,West Scotland,0.644,11.633
2079,SON,West Scotland,0.660,11.156
1981,SON,Yorkshire and Humber,0.381,4.505
1982,SON,Yorkshire and Humber,0.399,4.723
1983,SON,Yorkshire and Humber,0.401,5.079
1984,SON,Yorkshire and Humber,0.414,5.455
1985,SON,Yorkshire and Humber,0.461,7.762
1986,SON,Yorkshire and Humber,0.426,6.040
1987,SON,Yorkshire and Humber,0.404,5.158
1988,SON,Yorkshire and Humber,0.369,6.307
1989,SON,Yorkshire and Humber,0.564,7.535
1990,SON,Yorkshire and Humber,0.518,7.267
1991,SON,Yorkshire and Humber,0.410,5.495
1992,SON,Yorkshire and Humber,0.476,7.713
1993,SON,Yorkshire and Humber,0.417,5.347
1994,SON,Yorkshire and Humber,0.415,5.693
1995,SON,Yorkshire and Humber,0.377,4.871
1996,SON,Yorkshire and Humber,0.402,5.505
1997,SON,Yorkshire and Humber,0.470,6.347
1998,SON,Yorkshire and Humber,0.506,7.485
1999,SON,Yorkshire and Humber,0.463,8.238
2000,SON,Yorkshire and Humber,0.371,4.950
2001,SON,Yorkshire and Humber,0.389,5.119
2002,SON,Yorkshire and Humber,0.436,5.050
2003,SON,Yorkshire and Humber,0.461,5.168
2004,SON,Yorkshire and Humber,0.434,5.208
2005,SON,Yorkshire and Humber,0.486,9.208
2006,SON,Yorkshire and Humber,0.364,5.030
2007,SON,Yorkshire and Humber,0.395,5.297
2008,SON,Yorkshire and Humber,0.368,5.079
2009,SON,Yorkshire and Humber,0.494,6.069
2010,SON,Yorkshire and Humber,0.483,7.594
2011,SON,Yorkshire and Humber,0.330,3.614
2012,SON,Yorkshire and Humber,0.394,4.772
2013,SON,Yorkshire and Humber,0.378,4.495
2014,SON,Yorkshire and Humber,0.396,4.436
2015,SON,Yorkshire and Humber,0.507,7.079
2016,SON,Yorkshire and Humber,0.413,7.446
2017,SON,Yorkshire and Humber,0.398,4.584
2018,SON,Yorkshire and Humber,0.395,4.812
2019,SON,Yorkshire and Humber,0.375,5.673
2020,SON,Yorkshire and Humber,0.468,6.733
2021,SON,Yorkshire and Humber,0.484,7.911
2022,SON,Yorkshire and Humber,0.401,5.545
2023,SON,Yorkshire and Humber,0.451,5.545
2024,SON,Yorkshire and Humber,0.454,5.495
2025,SON,Yorkshire and Humber,0.362,4.356
2026,SON,Yorkshire and Humber,0.408,5.822
2027,SON,Yorkshire and Humber,0.427,4.980
2028,SON,Yorkshire and Humber,0.505,6.188
2029,SON,Yorkshire and Humber,0.447,5.426
2030,SON,Yorkshire and Humber,0.379,5.248
2031,SON,Yorkshire and Humber,0.464,5.069
2032,SON,Yorkshire and Humber,0.424,5.574
2033,SON,Yorkshire and Humber,0.456,5.683
2034,SON,Yorkshire and Humber,0.402,6.297
2035,SON,Yorkshire and Humber,0.533,6.465
2036,SON,Yorkshire and Humber,0.458,5.614
2037,SON,Yorkshire and Humber,0.459,6.446
2038,SON,Yorkshire and Humber,0.449,7.287
2039,SON,Yorkshire and Humber,0.493,5.723
2040,SON,Yorkshire and Humber,0.391,5.376
2041,SON,Yorkshire and Humber,0.401,6.376
2042,SON,Yorkshire and Humber,0.337,4.505
2043,SON,Yorkshire and Humber,0.370,5.990
2044,SON,Yorkshire and Humber,0.440,5.723
2045,SON,Yorkshire and Humber,0.379,5.139
2046,SON,Yorkshire and Humber,0.394,4.782
2047,SON,Yorkshire and Humber,0.410,5.040
2048,SON,Yorkshire and Humber,0.422,5.030
2049,SON,Yorkshire and Humber,0.500,5.683
2050,SON,Yorkshire and Humber,0.364,5.307
2051,SON,Yorkshire and Humber,0.467,6.347
2052,SON,Yorkshire and Humber,0.496,6.000
2053,SON,Yorkshire and Humber,0.503,6.891
2054,SON,Yorkshire and Humber,0.410,6.119
2055,SON,Yorkshire and Humber,0.509,6.584
2056,SON,Yorkshire and Humber,0.305,4.238
2057,SON,Yorkshire and Humber,0.416,4.238
2058,SON,Yorkshire and Humber,0.440,5.228
2059,SON,Yorkshire and Humber,0.425,4.861
2060,SON,Yorkshire and Humber,0.466,5.574
2061,SON,Yorkshire and Humber,0.381,4.376
2062,SON,Yorkshire and Humber,0.409,4.901
2063,SON,Yorkshire and Humber,0.484,6.059
2064,SON,Yorkshire and Humber,0.448,6.812
2065,SON,Yorkshire and Humber,0.533,7.000
2066,SON,Yorkshire and Humber,0.466,7.455
2067,SON,Yorkshire and Humber,0.455,6.188
2068,SON,Yorkshire and Humber,0.504,6.426
2069,SON,Yorkshire and Humber,0.374,5.990
2070,SON,Yorkshire and Humber,0.409,4.673
2071,SON,Yorkshire and Humber,0.360,5.921
2072,SON,Yorkshire and Humber,0.377,4.356
2073,SON,Yorkshire and Humber,0.379,5.376
2074,SON,Yorkshire and Humber,0.442,4.356
2075,SON,Yorkshire and Humber,0.493,6.069
2076,SON,Yorkshire and Humber,0.451,5.050
2077,SON,Yorkshire and Humber,0.494,7.792
2078,SON,Yorkshire and Humber,0.344,4.149
2079,SON,Yorkshire and Humber,0.544,8.911
1981,SON,Channel Islands,0.571,17.000
1982,SON,Channel Islands,0.615,8.000
1983,SON,Channel Islands,0.626,10.000
1984,SON,Channel Islands,0.626,21.000
1985,SON,Channel Islands,0.637,14.000
1986,SON,Channel Islands,0.725,14.000
1987,SON,Channel Islands,0.670,21.000
1988,SON,Channel Islands,0.505,11.000
1989,SON,Channel Islands,0.736,16.000
1990,SON,Channel Islands,0.593,12.000
1991,SON,Channel Islands,0.692,18.000
1992,SON,Channel Islands,0.582,21.000
1993,SON,Channel Islands,0.780,23.000
1994,SON,Channel Islands,0.626,17.000
1995,SON,Channel Islands,0.440,15.000
1996,SON,Channel Islands,0.615,21.000
1997,SON,Channel Islands,0.549,9.000
1998,SON,Channel Islands,0.692,25.000
1999,SON,Channel Islands,0.703,14.000
2000,SON,Channel Islands,0.593,27.000
2001,SON,Channel Islands,0.659,25.000
2002,SON,Channel Islands,0.747,17.000
2003,SON,Channel Islands,0.703,16.000
2004,SON,Channel Islands,0.802,27.000
2005,SON,Channel Islands,0.681,29.000
2006,SON,Channel Islands,0.670,14.000
2007,SON,Channel Islands,0.527,18.000
2008,SON,Channel Islands,0.615,12.000
2009,SON,Channel Islands,0.813,22.000
2010,SON,Channel Islands,0.615,24.000
2011,SON,Channel Islands,0.593,9.000
2012,SON,Channel Islands,0.769,22.000
2013,SON,Channel Islands,0.758,28.000
2014,SON,Channel Islands,0.473,10.000
2015,SON,Channel Islands,0.692,26.000
2016,SON,Channel Islands,0.615,17.000
2017,SON,Channel Islands,0.648,12.000
2018,SON,Channel Islands,0.659,9.000
2019,SON,Channel Islands,0.626,23.000
2020,SON,Channel Islands,0.769,15.000
2021,SON,Channel Islands,0.736,17.000
2022,SON,Channel Islands,0.637,12.000
2023,SON,Channel Islands,0.604,10.000
2024,SON,Channel Islands,0.648,12.000
2025,SON,Channel Islands,0.538,10.000
2026,SON,Channel Islands,0.593,15.000
2027,SON,Channel Islands,0.725,23.000
2028,SON,Channel Islands,0.725,15.000
2029,SON,Channel Islands,0.703,23.000
2030,SON,Channel Islands,0.714,12.000
2031,SON,Channel Islands,0.692,15.000
2032,SON,Channel Islands,0.670,14.000
2033,SON,Channel Islands,0.703,22.000
2034,SON,Channel Islands,0.637,17.000
2035,SON,Channel Islands,0.736,15.000
2036,SON,Channel Islands,0.747,12.000
2037,SON,Channel Islands,0.527,10.000
2038,SON,Channel Islands,0.659,14.000
2039,SON,Channel Islands,0.824,23.000
2040,SON,Channel Islands,0.615,13.000
2041,SON,Channel Islands,0.451,11.000
2042,SON,Channel Islands,0.648,14.000
2043,SON,Channel Islands,0.736,16.000
2044,SON,Channel Islands,0.747,26.000
2045,SON,Channel Islands,0.604,13.000
2046,SON,Channel Islands,0.648,17.000
2047,SON,Channel Islands,0.604,15.000
2048,SON,Channel Islands,0.725,16.000
2049,SON,Channel Islands,0.736,10.000
2050,SON,Channel Islands,0.505,15.000
2051,SON,Channel Islands,0.703,16.000
2052,SON,Channel Islands,0.791,30.000
2053,SON,Channel Islands,0.659,11.000
2054,SON,Channel Islands,0.725,24.000
2055,SON,Channel Islands,0.802,34.000
2056,SON,Channel Islands,0.659,26.000
2057,SON,Channel Islands,0.747,14.000
2058,SON,Channel Islands,0.791,20.000
2059,SON,Channel Islands,0.648,22.000
2060,SON,Channel Islands,0.692,8.000
2061,SON,Channel Islands,0.670,12.000
2062,SON,Channel Islands,0.747,14.000
2063,SON,Channel Islands,0.725,14.000
2064,SON,Channel Islands,0.725,13.000
2065,SON,Channel Islands,0.736,15.000
2066,SON,Channel Islands,0.758,19.000
2067,SON,Channel Islands,0.648,10.000
2068,SON,Channel Islands,0.813,27.000
2069,SON,Channel Islands,0.736,13.000
2070,SON,Channel Islands,0.791,29.000
2071,SON,Channel Islands,0.593,9.000
2072,SON,Channel Islands,0.747,17.000
2073,SON,Channel Islands,0.670,18.000
2074,SON,Channel Islands,0.681,20.000
2075,SON,Channel Islands,0.780,20.000
2076,SON,Channel Islands,0.703,17.000
2077,SON,Channel Islands,0.582,11.000
2078,SON,Channel Islands,0.648,15.000
2079,SON,Channel Islands,0.879,22.000
1981,SON,Isle of Man,0.484,7.000
1982,SON,Isle of Man,0.549,9.000
1983,SON,Isle of Man,0.451,7.000
1984,SON,Isle of Man,0.615,10.000
1985,SON,Isle of Man,0.648,9.000
1986,SON,Isle of Man,0.659,19.000
1987,SON,Isle of Man,0.560,10.000
1988,SON,Isle of Man,0.451,6.000
1989,SON,Isle of Man,0.604,8.000
1990,SON,Isle of Man,0.681,9.000
1991,SON,Isle of Man,0.582,9.000
1992,SON,Isle of Man,0.582,9.000
1993,SON,Isle of Man,0.538,8.000
1994,SON,Isle of Man,0.527,6.000
1995,SON,Isle of Man,0.462,6.000
1996,SON,Isle of Man,0.527,7.000
1997,SON,Isle of Man,0.593,9.000
1998,SON,Isle of Man,0.714,9.000
1999,SON,Isle of Man,0.593,10.000
2000,SON,Isle of Man,0.582,9.000
2001,SON,Isle of Man,0.538,7.000
2002,SON,Isle of Man,0.626,13.000
2003,SON,Isle of Man,0.593,11.000
2004,SON,Isle of Man,0.527,6.000
2005,SON,Isle of Man,0.516,8.000
2006,SON,Isle of Man,0.440,4.000
2007,SON,Isle of Man,0.593,4.000
2008,SON,Isle of Man,0.516,8.000
2009,SON,Isle of Man,0.615,10.000
2010,SON,Isle of Man,0.604,8.000
2011,SON,Isle of Man,0.516,11.000
2012,SON,Isle of Man,0.571,8.000
2013,SON,Isle of Man,0.505,7.000
2014,SON,Isle of Man,0.571,6.000
2015,SON,Isle of Man,0.571,9.000
2016,SON,Isle of Man,0.484,8.000
2017,SON,Isle of Man,0.571,7.000
2018,SON,Isle of Man,0.505,8.000
2019,SON,Isle of Man,0.505,6.000
2020,SON,Isle of Man,0.659,19.000
2021,SON,Isle of Man,0.703,15.000
2022,SON,Isle of Man,0.626,14.000
2023,SON,Isle of Man,0.615,6.000
2024,SON,Isle of Man,0.516,5.000
2025,SON,Isle of Man,0.538,6.000
2026,SON,Isle of Man,0.549,6.000
2027,SON,Isle of Man,0.604,17.000
2028,SON,Isle of Man,0.615,7.000
2029,SON,Isle of Man,0.637,10.000
2030,SON,Isle of Man,0.516,7.000
2031,SON,Isle of Man,0.681,11.000
2032,SON,Isle of Man,0.549,8.000
2033,SON,Isle of Man,0.538,11.000
2034,SON,Isle of Man,0.527,9.000
2035,SON,Isle of Man,0.593,5.000
2036,SON,Isle of Man,0.593,7.000
2037,SON,Isle of Man,0.582,11.000
2038,SON,Isle of Man,0.582,9.000
2039,SON,Isle of Man,0.615,13.000
2040,SON,Isle of Man,0.462,5.000
2041,SON,Isle of Man,0.593,13.000
2042,SON,Isle of Man,0.407,4.000
2043,SON,Isle of Man,0.615,12.000
2044,SON,Isle of Man,0.593,7.000
2045,SON,Isle of Man,0.571,6.000
2046,SON,Isle of Man,0.462,7.000
2047,SON,Isle of Man,0.516,8.000
2048,SON,Isle of Man,0.549,6.000
2049,SON,Isle of Man,0.626,7.000
2050,SON,Isle of Man,0.484,9.000
2051,SON,Isle of Man,0.516,7.000
2052,SON,Isle of Man,0.604,6.000
2053,SON,Isle of Man,0.593,11.000
2054,SON,Isle of Man,0.538,7.000
2055,SON,Isle of Man,0.670,8.000
2056,SON,Isle of Man,0.341,6.000
2057,SON,Isle of Man,0.604,11.000
2058,SON,Isle of Man,0.516,6.000
2059,SON,Isle of Man,0.516,5.000
2060,SON,Isle of Man,0.560,6.000
2061,SON,Isle of Man,0.527,4.000
2062,SON,Isle of Man,0.582,7.000
2063,SON,Isle of Man,0.637,6.000
2064,SON,Isle of Man,0.527,6.000
2065,SON,Isle of Man,0.626,7.000
2066,SON,Isle of Man,0.516,9.000
2067,SON,Isle of Man,0.681,11.000
2068,SON,Isle of Man,0.593,6.000
2069,SON,Isle of Man,0.473,7.000
2070,SON,Isle of Man,0.505,6.000
2071,SON,Isle of Man,0.527,7.000
2072,SON,Isle of Man,0.549,9.000
2073,SON,Isle of Man,0.527,5.000
2074,SON,Isle of Man,0.527,4.000
2075,SON,Isle of Man,0.659,9.000
2076,SON,Isle of Man,0.549,4.000
2077,SON,Isle of Man,0.615,10.000
2078,SON,Isle of Man,0.495,6.000
2079,SON,Isle of Man,0.626,8.000
1981,SON,Northern Ireland,0.478,7.860
1982,SON,Northern Ireland,0.458,8.279
1983,SON,Northern Ireland,0.469,10.674
1984,SON,Northern Ireland,0.499,7.256
1985,SON,Northern Ireland,0.517,6.721
1986,SON,Northern Ireland,0.512,7.233
1987,SON,Northern Ireland,0.519,6.674
1988,SON,Northern Ireland,0.443,5.791
1989,SON,Northern Ireland,0.580,8.151
1990,SON,Northern Ireland,0.568,9.535
1991,SON,Northern Ireland,0.500,7.500
1992,SON,Northern Ireland,0.536,8.256
1993,SON,Northern Ireland,0.481,6.326
1994,SON,Northern Ireland,0.418,6.616
1995,SON,Northern Ireland,0.445,6.395
1996,SON,Northern Ireland,0.439,5.174
1997,SON,Northern Ireland,0.572,8.291
1998,SON,Northern Ireland,0.574,8.651
1999,SON,Northern Ireland,0.524,8.267
2000,SON,Northern Ireland,0.491,6.721
2001,SON,Northern Ireland,0.537,7.779
2002,SON,Northern Ireland,0.544,6.965
2003,SON,Northern Ireland,0.544,8.267
2004,SON,Northern Ireland,0.444,5.860
2005,SON,Northern Ireland,0.547,8.070
2006,SON,Northern Ireland,0.456,5.651
2007,SON,Northern Ireland,0.411,8.465
2008,SON,Northern Ireland,0.488,7.267
2009,SON,Northern Ireland,0.505,6.430
2010,SON,Northern Ireland,0.560,8.453
2011,SON,Northern Ireland,0.527,7.721
2012,SON,Northern Ireland,0.470,9.430
2013,SON,Northern Ireland,0.445,7.430
2014,SON,Northern Ireland,0.477,6.407
2015,SON,Northern Ireland,0.543,7.674
2016,SON,Northern Ireland,0.485,7.035
2017,SON,Northern Ireland,0.541,7.512
2018,SON,Northern Ireland,0.480,6.895
2019,SON,Northern Ireland,0.484,7.116
2020,SON,Northern Ireland,0.506,9.233
2021,SON,Northern Ireland,0.548,9.674
2022,SON,Northern Ireland,0.492,6.291
2023,SON,Northern Ireland,0.493,6.872
2024,SON,Northern Ireland,0.546,7.593
2025,SON,Northern Ireland,0.427,5.233
2026,SON,Northern Ireland,0.463,6.442
2027,SON,Northern Ireland,0.562,8.895
2028,SON,Northern Ireland,0.540,5.895
2029,SON,Northern Ireland,0.543,6.930
2030,SON,Northern Ireland,0.467,8.407
2031,SON,Northern Ireland,0.542,6.709
2032,SON,Northern Ireland,0.463,6.186
2033,SON,Northern Ireland,0.481,6.686
2034,SON,Northern Ireland,0.467,6.977
2035,SON,Northern Ireland,0.585,6.407
2036,SON,Northern Ireland,0.554,6.919
2037,SON,Northern Ireland,0.570,7.895
2038,SON,Northern Ireland,0.504,7.256
2039,SON,Northern Ireland,0.571,9.140
2040,SON,Northern Ireland,0.510,6.035
2041,SON,Northern Ireland,0.522,7.302
2042,SON,Northern Ireland,0.413,5.988
2043,SON,Northern Ireland,0.519,7.012
2044,SON,Northern Ireland,0.500,6.744
2045,SON,Northern Ireland,0.448,6.012
2046,SON,Northern Ireland,0.508,6.721
2047,SON,Northern Ireland,0.476,7.535
2048,SON,Northern Ireland,0.515,7.221
2049,SON,Northern Ireland,0.561,10.256
2050,SON,Northern Ireland,0.387,7.919
2051,SON,Northern Ireland,0.495,7.791
2052,SON,Northern Ireland,0.521,7.640
2053,SON,Northern Ireland,0.590,8.012
2054,SON,Northern Ireland,0.504,7.070
2055,SON,Northern Ireland,0.601,7.698
2056,SON,Northern Ireland,0.361,6.605
2057,SON,Northern Ireland,0.462,5.174
2058,SON,Northern Ireland,0.496,6.837
2059,SON,Northern Ireland,0.546,6.465
2060,SON,Northern Ireland,0.557,7.233
2061,SON,Northern Ireland,0.464,6.860
2062,SON,Northern Ireland,0.503,6.035
2063,SON,Northern Ireland,0.566,7.605
2064,SON,Northern Ireland,0.487,5.372
2065,SON,Northern Ireland,0.526,7.140
2066,SON,Northern Ireland,0.472,5.791
2067,SON,Northern Ireland,0.464,6.326
2068,SON,Northern Ireland,0.547,8.640
2069,SON,Northern Ireland,0.494,7.267
2070,SON,Northern Ireland,0.453,6.860
2071,SON,Northern Ireland,0.441,7.535
2072,SON,Northern Ireland,0.424,4.558
2073,SON,Northern Ireland,0.449,6.930
2074,SON,Northern Ireland,0.547,6.860
2075,SON,Northern Ireland,0.551,8.360
2076,SON,Northern Ireland,0.538,7.826
2077,SON,Northern Ireland,0.565,6.209
2078,SON,Northern Ireland,0.501,6.256
2079,SON,Northern Ireland,0.479,6.209
1981,SON,Wales,0.531,8.128
1982,SON,Wales,0.538,11.468
1983,SON,Wales,0.484,9.055
1984,SON,Wales,0.565,8.523
1985,SON,Wales,0.558,9.367
1986,SON,Wales,0.604,11.092
1987,SON,Wales,0.552,10.477
1988,SON,Wales,0.455,5.862
1989,SON,Wales,0.640,11.083
1990,SON,Wales,0.633,12.450
1991,SON,Wales,0.587,10.413
1992,SON,Wales,0.568,11.550
1993,SON,Wales,0.583,11.982
1994,SON,Wales,0.542,9.651
1995,SON,Wales,0.516,10.560
1996,SON,Wales,0.522,11.560
1997,SON,Wales,0.609,9.862
1998,SON,Wales,0.623,12.752
1999,SON,Wales,0.604,14.578
2000,SON,Wales,0.478,6.459
2001,SON,Wales,0.553,10.358
2002,SON,Wales,0.560,8.339
2003,SON,Wales,0.615,10.844
2004,SON,Wales,0.522,10.826
2005,SON,Wales,0.579,10.899
2006,SON,Wales,0.545,7.009
2007,SON,Wales,0.495,6.771
2008,SON,Wales,0.556,10.055
2009,SON,Wales,0.596,9.606
2010,SON,Wales,0.608,10.725
2011,SON,Wales,0.515,8.156
2012,SON,Wales,0.583,11.083
2013,SON,Wales,0.538,8.596
2014,SON,Wales,0.517,10.587
2015,SON,Wales,0.648,11.018
2016,SON,Wales,0.526,9.303
2017,SON,Wales,0.571,11.119
2018,SON,Wales,0.544,8.899
2019,SON,Wales,0.532,8.881
2020,SON,Wales,0.608,10.872
2021,SON,Wales,0.608,13.119
2022,SON,Wales,0.535,11.477
2023,SON,Wales,0.587,10.706
2024,SON,Wales,0.612,11.156
2025,SON,Wales,0.531,7.193
2026,SON,Wales,0.527,8.422
2027,SON,Wales,0.606,11.055
2028,SON,Wales,0.616,10.220
2029,SON,Wales,0.619,11.697
2030,SON,Wales,0.508,9.000
2031,SON,Wales,0.631,10.229
2032,SON,Wales,0.553,8.514
2033,SON,Wales,0.589,11.523
2034,SON,Wales,0.559,9.560
2035,SON,Wales,0.683,11.963
2036,SON,Wales,0.633,10.303
2037,SON,Wales,0.624,9.899
2038,SON,Wales,0.543,9.917
2039,SON,Wales,0.654,11.404
2040,SON,Wales,0.530,10.431
2041,SON,Wales,0.566,11.183
2042,SON,Wales,0.441,7.202
2043,SON,Wales,0.581,10.303
2044,SON,Wales,0.644,13.991
2045,SON,Wales,0.554,8.596
2046,SON,Wales,0.578,8.156
2047,SON,Wales,0.537,8.083
2048,SON,Wales,0.598,10.615
2049,SON,Wales,0.648,11.514
2050,SON,Wales,0.508,11.009
2051,SON,Wales,0.623,11.477
2052,SON,Wales,0.665,11.688
2053,SON,Wales,0.684,17.587
2054,SON,Wales,0.532,10.202
2055,SON,Wales,0.693,11.532
2056,SON,Wales,0.440,7.835
2057,SON,Wales,0.577,10.541
2058,SON,Wales,0.577,8.514
2059,SON,Wales,0.604,8.761
2060,SON,Wales,0.603,9.239
2061,SON,Wales,0.537,11.358
2062,SON,Wales,0.579,9.339
2063,SON,Wales,0.692,13.459
2064,SON,Wales,0.567,10.505
2065,SON,Wales,0.727,12.440
2066,SON,Wales,0.579,14.908
2067,SON,Wales,0.607,10.147
2068,SON,Wales,0.736,14.789
2069,SON,Wales,0.590,10.780
2070,SON,Wales,0.524,9.752
2071,SON,Wales,0.492,7.523
2072,SON,Wales,0.597,9.752
2073,SON,Wales,0.570,13.459
2074,SON,Wales,0.621,11.211
2075,SON,Wales,0.620,10.321
2076,SON,Wales,0.610,9.881
2077,SON,Wales,0.693,12.468
2078,SON,Wales,0.580,11.404
2079,SON,Wales,0.691,18.028
