Year,Season,Region,fwd,wsmax
1981,Annual,East Midlands,0.375,7.524
1982,Annual,East Midlands,0.432,8.680
1983,Annual,East Midlands,0.409,6.893
1984,Annual,East Midlands,0.399,6.689
1985,Annual,East Midlands,0.373,6.699
1986,Annual,East Midlands,0.415,7.748
1987,Annual,East Midlands,0.468,9.515
1988,Annual,East Midlands,0.426,8.709
1989,Annual,East Midlands,0.494,10.748
1990,Annual,East Midlands,0.470,9.602
1991,Annual,East Midlands,0.476,9.709
1992,Annual,East Midlands,0.437,7.854
1993,Annual,East Midlands,0.442,7.670
1994,Annual,East Midlands,0.482,9.078
1995,Annual,East Midlands,0.406,8.592
1996,Annual,East Midlands,0.408,7.146
1997,Annual,East Midlands,0.467,7.777
1998,Annual,East Midlands,0.441,7.602
1999,Annual,East Midlands,0.433,8.816
2000,Annual,East Midlands,0.397,8.184
2001,Annual,East Midlands,0.484,9.417
2002,Annual,East Midlands,0.485,9.010
2003,Annual,East Midlands,0.479,9.835
2004,Annual,East Midlands,0.441,10.146
2005,Annual,East Midlands,0.412,7.204
2006,Annual,East Midlands,0.405,8.029
2007,Annual,East Midlands,0.372,7.466
2008,Annual,East Midlands,0.456,9.252
2009,Annual,East Midlands,0.339,7.524
2010,Annual,East Midlands,0.414,11.631
2011,Annual,East Midlands,0.421,8.388
2012,Annual,East Midlands,0.432,9.010
2013,Annual,East Midlands,0.431,8.447
2014,Annual,East Midlands,0.422,7.650
2015,Annual,East Midlands,0.427,10.748
2016,Annual,East Midlands,0.402,8.359
2017,Annual,East Midlands,0.413,10.155
2018,Annual,East Midlands,0.385,7.117
2019,Annual,East Midlands,0.450,7.951
2020,Annual,East Midlands,0.457,7.786
2021,Annual,East Midlands,0.448,7.913
2022,Annual,East Midlands,0.420,8.524
2023,Annual,East Midlands,0.405,9.350
2024,Annual,East Midlands,0.458,8.621
2025,Annual,East Midlands,0.396,8.369
2026,Annual,East Midlands,0.396,7.262
2027,Annual,East Midlands,0.397,9.680
2028,Annual,East Midlands,0.446,9.515
2029,Annual,East Midlands,0.452,9.893
2030,Annual,East Midlands,0.429,8.029
2031,Annual,East Midlands,0.447,7.369
2032,Annual,East Midlands,0.430,10.903
2033,Annual,East Midlands,0.451,9.379
2034,Annual,East Midlands,0.462,9.932
2035,Annual,East Midlands,0.440,8.612
2036,Annual,East Midlands,0.426,8.117
2037,Annual,East Midlands,0.355,8.777
2038,Annual,East Midlands,0.408,8.990
2039,Annual,East Midlands,0.430,8.291
2040,Annual,East Midlands,0.477,9.379
2041,Annual,East Midlands,0.419,7.573
2042,Annual,East Midlands,0.387,7.311
2043,Annual,East Midlands,0.418,9.204
2044,Annual,East Midlands,0.413,7.282
2045,Annual,East Midlands,0.436,6.981
2046,Annual,East Midlands,0.472,8.680
2047,Annual,East Midlands,0.429,8.621
2048,Annual,East Midlands,0.439,13.340
2049,Annual,East Midlands,0.382,7.388
2050,Annual,East Midlands,0.382,8.913
2051,Annual,East Midlands,0.446,9.087
2052,Annual,East Midlands,0.449,8.563
2053,Annual,East Midlands,0.461,10.107
2054,Annual,East Midlands,0.382,9.282
2055,Annual,East Midlands,0.428,7.864
2056,Annual,East Midlands,0.421,7.058
2057,Annual,East Midlands,0.461,7.631
2058,Annual,East Midlands,0.424,8.146
2059,Annual,East Midlands,0.432,8.971
2060,Annual,East Midlands,0.419,7.553
2061,Annual,East Midlands,0.423,9.641
2062,Annual,East Midlands,0.435,7.913
2063,Annual,East Midlands,0.363,9.359
2064,Annual,East Midlands,0.429,9.728
2065,Annual,East Midlands,0.376,7.068
2066,Annual,East Midlands,0.392,9.320
2067,Annual,East Midlands,0.391,7.990
2068,Annual,East Midlands,0.426,9.369
2069,Annual,East Midlands,0.390,7.097
2070,Annual,East Midlands,0.376,8.573
2071,Annual,East Midlands,0.385,6.845
2072,Annual,East Midlands,0.357,6.913
2073,Annual,East Midlands,0.481,11.155
2074,Annual,East Midlands,0.447,8.641
2075,Annual,East Midlands,0.401,9.039
2076,Annual,East Midlands,0.391,6.641
2077,Annual,East Midlands,0.454,7.874
2078,Annual,East Midlands,0.373,8.146
2079,Annual,East Midlands,0.430,8.602
2080,Annual,East Midlands,0.422,10.631
1981,Annual,East of England,0.328,5.873
1982,Annual,East of England,0.421,7.683
1983,Annual,East of England,0.393,8.921
1984,Annual,East of England,0.388,7.254
1985,Annual,East of England,0.362,6.714
1986,Annual,East of England,0.395,7.159
1987,Annual,East of England,0.452,9.032
1988,Annual,East of England,0.396,8.270
1989,Annual,East of England,0.459,9.325
1990,Annual,East of England,0.422,8.833
1991,Annual,East of England,0.469,9.230
1992,Annual,East of England,0.422,7.397
1993,Annual,East of England,0.401,8.008
1994,Annual,East of England,0.486,9.421
1995,Annual,East of England,0.400,10.016
1996,Annual,East of England,0.405,7.992
1997,Annual,East of England,0.439,7.619
1998,Annual,East of England,0.410,6.206
1999,Annual,East of England,0.420,9.389
2000,Annual,East of England,0.374,7.675
2001,Annual,East of England,0.455,8.214
2002,Annual,East of England,0.466,13.190
2003,Annual,East of England,0.449,7.952
2004,Annual,East of England,0.430,12.524
2005,Annual,East of England,0.395,7.206
2006,Annual,East of England,0.395,7.111
2007,Annual,East of England,0.380,7.437
2008,Annual,East of England,0.451,7.905
2009,Annual,East of England,0.301,5.802
2010,Annual,East of England,0.373,8.937
2011,Annual,East of England,0.397,8.833
2012,Annual,East of England,0.393,7.579
2013,Annual,East of England,0.416,10.373
2014,Annual,East of England,0.388,6.143
2015,Annual,East of England,0.404,11.230
2016,Annual,East of England,0.361,6.119
2017,Annual,East of England,0.405,9.349
2018,Annual,East of England,0.364,6.651
2019,Annual,East of England,0.416,6.405
2020,Annual,East of England,0.433,7.381
2021,Annual,East of England,0.419,8.810
2022,Annual,East of England,0.378,7.460
2023,Annual,East of England,0.386,8.056
2024,Annual,East of England,0.443,7.802
2025,Annual,East of England,0.366,8.825
2026,Annual,East of England,0.378,8.643
2027,Annual,East of England,0.374,11.159
2028,Annual,East of England,0.425,7.437
2029,Annual,East of England,0.429,8.381
2030,Annual,East of England,0.384,6.659
2031,Annual,East of England,0.421,6.698
2032,Annual,East of England,0.396,7.929
2033,Annual,East of England,0.432,8.032
2034,Annual,East of England,0.439,9.778
2035,Annual,East of England,0.403,7.492
2036,Annual,East of England,0.411,7.063
2037,Annual,East of England,0.335,6.921
2038,Annual,East of England,0.395,7.230
2039,Annual,East of England,0.388,6.746
2040,Annual,East of England,0.459,6.714
2041,Annual,East of England,0.421,7.556
2042,Annual,East of England,0.382,6.952
2043,Annual,East of England,0.378,7.151
2044,Annual,East of England,0.372,6.556
2045,Annual,East of England,0.441,7.151
2046,Annual,East of England,0.419,7.865
2047,Annual,East of England,0.409,7.000
2048,Annual,East of England,0.426,11.151
2049,Annual,East of England,0.371,7.587
2050,Annual,East of England,0.341,8.841
2051,Annual,East of England,0.408,6.762
2052,Annual,East of England,0.405,7.381
2053,Annual,East of England,0.417,7.857
2054,Annual,East of England,0.362,8.675
2055,Annual,East of England,0.378,7.294
2056,Annual,East of England,0.399,6.421
2057,Annual,East of England,0.431,6.778
2058,Annual,East of England,0.409,8.167
2059,Annual,East of England,0.403,7.381
2060,Annual,East of England,0.388,7.484
2061,Annual,East of England,0.398,7.881
2062,Annual,East of England,0.419,7.897
2063,Annual,East of England,0.361,7.476
2064,Annual,East of England,0.386,7.722
2065,Annual,East of England,0.346,6.048
2066,Annual,East of England,0.349,8.286
2067,Annual,East of England,0.376,8.738
2068,Annual,East of England,0.387,6.690
2069,Annual,East of England,0.370,6.619
2070,Annual,East of England,0.359,8.111
2071,Annual,East of England,0.377,7.619
2072,Annual,East of England,0.338,6.730
2073,Annual,East of England,0.457,10.024
2074,Annual,East of England,0.424,7.056
2075,Annual,East of England,0.379,8.159
2076,Annual,East of England,0.382,6.698
2077,Annual,East of England,0.425,8.310
2078,Annual,East of England,0.377,10.643
2079,Annual,East of England,0.404,8.722
2080,Annual,East of England,0.385,7.897
1981,Annual,East Scotland,0.476,15.270
1982,Annual,East Scotland,0.521,11.195
1983,Annual,East Scotland,0.481,10.572
1984,Annual,East Scotland,0.503,13.415
1985,Annual,East Scotland,0.465,11.289
1986,Annual,East Scotland,0.549,14.541
1987,Annual,East Scotland,0.537,12.686
1988,Annual,East Scotland,0.455,11.956
1989,Annual,East Scotland,0.513,10.686
1990,Annual,East Scotland,0.504,12.799
1991,Annual,East Scotland,0.541,13.667
1992,Annual,East Scotland,0.504,9.874
1993,Annual,East Scotland,0.529,11.742
1994,Annual,East Scotland,0.515,11.327
1995,Annual,East Scotland,0.471,11.516
1996,Annual,East Scotland,0.491,11.767
1997,Annual,East Scotland,0.510,10.635
1998,Annual,East Scotland,0.521,11.824
1999,Annual,East Scotland,0.552,13.686
2000,Annual,East Scotland,0.502,11.836
2001,Annual,East Scotland,0.532,11.654
2002,Annual,East Scotland,0.538,11.698
2003,Annual,East Scotland,0.519,13.572
2004,Annual,East Scotland,0.458,13.906
2005,Annual,East Scotland,0.485,11.195
2006,Annual,East Scotland,0.472,11.252
2007,Annual,East Scotland,0.477,11.371
2008,Annual,East Scotland,0.502,13.176
2009,Annual,East Scotland,0.456,10.969
2010,Annual,East Scotland,0.436,10.031
2011,Annual,East Scotland,0.511,11.862
2012,Annual,East Scotland,0.477,11.969
2013,Annual,East Scotland,0.521,13.723
2014,Annual,East Scotland,0.513,12.352
2015,Annual,East Scotland,0.545,16.289
2016,Annual,East Scotland,0.491,14.572
2017,Annual,East Scotland,0.484,10.296
2018,Annual,East Scotland,0.474,10.327
2019,Annual,East Scotland,0.504,10.264
2020,Annual,East Scotland,0.585,14.786
2021,Annual,East Scotland,0.480,12.755
2022,Annual,East Scotland,0.513,11.761
2023,Annual,East Scotland,0.467,11.535
2024,Annual,East Scotland,0.507,12.164
2025,Annual,East Scotland,0.480,13.943
2026,Annual,East Scotland,0.490,11.069
2027,Annual,East Scotland,0.466,12.220
2028,Annual,East Scotland,0.558,14.943
2029,Annual,East Scotland,0.499,13.088
2030,Annual,East Scotland,0.485,14.560
2031,Annual,East Scotland,0.501,12.358
2032,Annual,East Scotland,0.538,12.981
2033,Annual,East Scotland,0.504,11.119
2034,Annual,East Scotland,0.496,13.289
2035,Annual,East Scotland,0.553,19.516
2036,Annual,East Scotland,0.492,10.214
2037,Annual,East Scotland,0.476,11.233
2038,Annual,East Scotland,0.450,12.698
2039,Annual,East Scotland,0.501,10.981
2040,Annual,East Scotland,0.548,13.050
2041,Annual,East Scotland,0.486,13.308
2042,Annual,East Scotland,0.459,12.396
2043,Annual,East Scotland,0.480,10.887
2044,Annual,East Scotland,0.526,12.151
2045,Annual,East Scotland,0.481,13.786
2046,Annual,East Scotland,0.545,15.308
2047,Annual,East Scotland,0.513,10.566
2048,Annual,East Scotland,0.484,12.478
2049,Annual,East Scotland,0.474,12.931
2050,Annual,East Scotland,0.468,10.421
2051,Annual,East Scotland,0.532,11.553
2052,Annual,East Scotland,0.515,10.270
2053,Annual,East Scotland,0.483,13.824
2054,Annual,East Scotland,0.463,14.597
2055,Annual,East Scotland,0.519,12.107
2056,Annual,East Scotland,0.456,9.302
2057,Annual,East Scotland,0.560,15.214
2058,Annual,East Scotland,0.517,12.264
2059,Annual,East Scotland,0.484,10.824
2060,Annual,East Scotland,0.511,12.836
2061,Annual,East Scotland,0.463,12.585
2062,Annual,East Scotland,0.504,13.145
2063,Annual,East Scotland,0.447,11.692
2064,Annual,East Scotland,0.548,13.057
2065,Annual,East Scotland,0.483,11.107
2066,Annual,East Scotland,0.494,13.642
2067,Annual,East Scotland,0.491,12.635
2068,Annual,East Scotland,0.469,11.214
2069,Annual,East Scotland,0.482,11.195
2070,Annual,East Scotland,0.513,12.428
2071,Annual,East Scotland,0.468,10.226
2072,Annual,East Scotland,0.416,11.434
2073,Annual,East Scotland,0.490,11.918
2074,Annual,East Scotland,0.532,12.415
2075,Annual,East Scotland,0.462,11.465
2076,Annual,East Scotland,0.472,11.208
2077,Annual,East Scotland,0.475,10.484
2078,Annual,East Scotland,0.469,12.075
2079,Annual,East Scotland,0.495,10.245
2080,Annual,East Scotland,0.462,8.824
1981,Annual,London,0.335,6.333
1982,Annual,London,0.417,7.000
1983,Annual,London,0.404,9.333
1984,Annual,London,0.404,6.167
1985,Annual,London,0.374,8.333
1986,Annual,London,0.398,7.833
1987,Annual,London,0.467,8.500
1988,Annual,London,0.414,8.750
1989,Annual,London,0.499,12.000
1990,Annual,London,0.436,8.167
1991,Annual,London,0.481,11.167
1992,Annual,London,0.442,7.083
1993,Annual,London,0.404,8.750
1994,Annual,London,0.493,7.833
1995,Annual,London,0.421,9.833
1996,Annual,London,0.385,9.500
1997,Annual,London,0.439,7.000
1998,Annual,London,0.390,6.750
1999,Annual,London,0.426,12.333
2000,Annual,London,0.375,6.083
2001,Annual,London,0.469,8.500
2002,Annual,London,0.468,14.083
2003,Annual,London,0.458,7.583
2004,Annual,London,0.469,14.250
2005,Annual,London,0.391,9.583
2006,Annual,London,0.405,8.167
2007,Annual,London,0.418,7.417
2008,Annual,London,0.447,8.917
2009,Annual,London,0.321,6.083
2010,Annual,London,0.372,8.583
2011,Annual,London,0.360,6.000
2012,Annual,London,0.401,8.667
2013,Annual,London,0.429,10.167
2014,Annual,London,0.420,7.083
2015,Annual,London,0.413,12.000
2016,Annual,London,0.375,5.833
2017,Annual,London,0.396,9.917
2018,Annual,London,0.380,7.167
2019,Annual,London,0.434,6.667
2020,Annual,London,0.415,5.917
2021,Annual,London,0.432,10.167
2022,Annual,London,0.388,8.000
2023,Annual,London,0.412,9.167
2024,Annual,London,0.451,7.083
2025,Annual,London,0.385,6.667
2026,Annual,London,0.384,9.583
2027,Annual,London,0.390,10.500
2028,Annual,London,0.452,8.667
2029,Annual,London,0.415,6.917
2030,Annual,London,0.400,5.667
2031,Annual,London,0.438,7.667
2032,Annual,London,0.380,6.417
2033,Annual,London,0.447,8.917
2034,Annual,London,0.462,10.250
2035,Annual,London,0.405,8.333
2036,Annual,London,0.423,7.583
2037,Annual,London,0.333,8.000
2038,Annual,London,0.423,9.083
2039,Annual,London,0.407,7.250
2040,Annual,London,0.472,6.833
2041,Annual,London,0.449,11.000
2042,Annual,London,0.367,8.000
2043,Annual,London,0.401,7.667
2044,Annual,London,0.398,6.667
2045,Annual,London,0.464,8.333
2046,Annual,London,0.415,7.000
2047,Annual,London,0.409,7.583
2048,Annual,London,0.451,12.667
2049,Annual,London,0.397,5.750
2050,Annual,London,0.331,9.667
2051,Annual,London,0.401,6.667
2052,Annual,London,0.408,7.250
2053,Annual,London,0.414,9.750
2054,Annual,London,0.371,9.667
2055,Annual,London,0.374,7.083
2056,Annual,London,0.408,6.500
2057,Annual,London,0.450,7.333
2058,Annual,London,0.410,11.333
2059,Annual,London,0.424,7.000
2060,Annual,London,0.372,7.750
2061,Annual,London,0.401,8.167
2062,Annual,London,0.446,8.917
2063,Annual,London,0.363,8.417
2064,Annual,London,0.373,9.000
2065,Annual,London,0.337,6.333
2066,Annual,London,0.360,8.083
2067,Annual,London,0.395,8.833
2068,Annual,London,0.386,7.167
2069,Annual,London,0.385,6.167
2070,Annual,London,0.368,6.833
2071,Annual,London,0.363,9.833
2072,Annual,London,0.362,7.500
2073,Annual,London,0.462,14.000
2074,Annual,London,0.403,8.750
2075,Annual,London,0.398,10.417
2076,Annual,London,0.372,7.250
2077,Annual,London,0.431,9.083
2078,Annual,London,0.375,9.083
2079,Annual,London,0.403,9.500
2080,Annual,London,0.413,9.500
1981,Annual,North East England,0.381,9.228
1982,Annual,North East England,0.484,10.228
1983,Annual,North East England,0.428,8.719
1984,Annual,North East England,0.429,9.228
1985,Annual,North East England,0.430,9.140
1986,Annual,North East England,0.490,11.930
1987,Annual,North East England,0.509,12.491
1988,Annual,North East England,0.403,9.246
1989,Annual,North East England,0.480,10.579
1990,Annual,North East England,0.489,11.386
1991,Annual,North East England,0.519,11.930
1992,Annual,North East England,0.457,7.649
1993,Annual,North East England,0.483,10.018
1994,Annual,North East England,0.454,10.158
1995,Annual,North East England,0.463,10.719
1996,Annual,North East England,0.449,10.895
1997,Annual,North East England,0.480,8.333
1998,Annual,North East England,0.461,7.772
1999,Annual,North East England,0.497,12.596
2000,Annual,North East England,0.431,10.947
2001,Annual,North East England,0.503,10.930
2002,Annual,North East England,0.534,10.772
2003,Annual,North East England,0.483,11.596
2004,Annual,North East England,0.419,10.193
2005,Annual,North East England,0.447,10.877
2006,Annual,North East England,0.419,7.719
2007,Annual,North East England,0.433,9.386
2008,Annual,North East England,0.475,11.474
2009,Annual,North East England,0.394,10.404
2010,Annual,North East England,0.443,10.789
2011,Annual,North East England,0.474,11.509
2012,Annual,North East England,0.440,8.649
2013,Annual,North East England,0.466,10.053
2014,Annual,North East England,0.462,9.509
2015,Annual,North East England,0.510,12.123
2016,Annual,North East England,0.485,16.333
2017,Annual,North East England,0.483,10.649
2018,Annual,North East England,0.440,10.175
2019,Annual,North East England,0.466,8.474
2020,Annual,North East England,0.526,12.351
2021,Annual,North East England,0.444,10.526
2022,Annual,North East England,0.474,11.228
2023,Annual,North East England,0.434,10.018
2024,Annual,North East England,0.488,9.526
2025,Annual,North East England,0.447,14.632
2026,Annual,North East England,0.459,9.509
2027,Annual,North East England,0.428,9.070
2028,Annual,North East England,0.474,10.404
2029,Annual,North East England,0.462,10.105
2030,Annual,North East England,0.465,9.982
2031,Annual,North East England,0.459,10.281
2032,Annual,North East England,0.486,13.070
2033,Annual,North East England,0.440,7.684
2034,Annual,North East England,0.491,9.228
2035,Annual,North East England,0.485,12.491
2036,Annual,North East England,0.437,8.298
2037,Annual,North East England,0.426,10.281
2038,Annual,North East England,0.423,10.404
2039,Annual,North East England,0.477,10.140
2040,Annual,North East England,0.471,12.860
2041,Annual,North East England,0.460,10.474
2042,Annual,North East England,0.414,7.281
2043,Annual,North East England,0.444,10.386
2044,Annual,North East England,0.476,9.702
2045,Annual,North East England,0.455,10.070
2046,Annual,North East England,0.498,11.404
2047,Annual,North East England,0.472,9.649
2048,Annual,North East England,0.480,14.474
2049,Annual,North East England,0.426,9.509
2050,Annual,North East England,0.410,8.158
2051,Annual,North East England,0.479,11.526
2052,Annual,North East England,0.491,8.439
2053,Annual,North East England,0.457,10.649
2054,Annual,North East England,0.437,13.228
2055,Annual,North East England,0.476,9.158
2056,Annual,North East England,0.414,8.684
2057,Annual,North East England,0.538,11.368
2058,Annual,North East England,0.467,8.263
2059,Annual,North East England,0.455,10.561
2060,Annual,North East England,0.467,8.737
2061,Annual,North East England,0.446,10.316
2062,Annual,North East England,0.450,10.158
2063,Annual,North East England,0.397,8.333
2064,Annual,North East England,0.480,10.333
2065,Annual,North East England,0.423,8.947
2066,Annual,North East England,0.442,10.877
2067,Annual,North East England,0.459,10.386
2068,Annual,North East England,0.448,8.614
2069,Annual,North East England,0.420,9.018
2070,Annual,North East England,0.457,11.000
2071,Annual,North East England,0.431,8.509
2072,Annual,North East England,0.390,9.561
2073,Annual,North East England,0.517,13.123
2074,Annual,North East England,0.498,9.228
2075,Annual,North East England,0.422,8.509
2076,Annual,North East England,0.455,10.807
2077,Annual,North East England,0.474,8.316
2078,Annual,North East England,0.429,8.526
2079,Annual,North East England,0.438,7.544
2080,Annual,North East England,0.426,9.281
1981,Annual,North Scotland,0.615,33.144
1982,Annual,North Scotland,0.620,18.493
1983,Annual,North Scotland,0.557,15.856
1984,Annual,North Scotland,0.577,22.308
1985,Annual,North Scotland,0.530,13.249
1986,Annual,North Scotland,0.593,18.035
1987,Annual,North Scotland,0.593,17.274
1988,Annual,North Scotland,0.569,19.950
1989,Annual,North Scotland,0.579,16.065
1990,Annual,North Scotland,0.561,21.851
1991,Annual,North Scotland,0.569,22.642
1992,Annual,North Scotland,0.564,15.403
1993,Annual,North Scotland,0.632,19.602
1994,Annual,North Scotland,0.611,20.403
1995,Annual,North Scotland,0.516,16.080
1996,Annual,North Scotland,0.591,18.542
1997,Annual,North Scotland,0.560,20.035
1998,Annual,North Scotland,0.567,15.239
1999,Annual,North Scotland,0.571,17.721
2000,Annual,North Scotland,0.588,19.129
2001,Annual,North Scotland,0.582,14.453
2002,Annual,North Scotland,0.592,15.488
2003,Annual,North Scotland,0.601,24.274
2004,Annual,North Scotland,0.545,20.597
2005,Annual,North Scotland,0.598,19.687
2006,Annual,North Scotland,0.567,17.622
2007,Annual,North Scotland,0.534,14.119
2008,Annual,North Scotland,0.555,17.323
2009,Annual,North Scotland,0.510,13.955
2010,Annual,North Scotland,0.449,10.139
2011,Annual,North Scotland,0.627,19.348
2012,Annual,North Scotland,0.559,19.597
2013,Annual,North Scotland,0.595,17.746
2014,Annual,North Scotland,0.604,15.463
2015,Annual,North Scotland,0.595,21.826
2016,Annual,North Scotland,0.513,15.025
2017,Annual,North Scotland,0.549,17.801
2018,Annual,North Scotland,0.530,13.363
2019,Annual,North Scotland,0.527,17.303
2020,Annual,North Scotland,0.565,12.229
2021,Annual,North Scotland,0.545,14.224
2022,Annual,North Scotland,0.573,15.194
2023,Annual,North Scotland,0.539,17.204
2024,Annual,North Scotland,0.550,21.667
2025,Annual,North Scotland,0.537,16.498
2026,Annual,North Scotland,0.559,16.318
2027,Annual,North Scotland,0.481,13.338
2028,Annual,North Scotland,0.606,20.602
2029,Annual,North Scotland,0.553,22.065
2030,Annual,North Scotland,0.517,23.463
2031,Annual,North Scotland,0.605,17.294
2032,Annual,North Scotland,0.567,14.517
2033,Annual,North Scotland,0.562,14.144
2034,Annual,North Scotland,0.523,16.547
2035,Annual,North Scotland,0.585,18.587
2036,Annual,North Scotland,0.555,15.353
2037,Annual,North Scotland,0.567,12.920
2038,Annual,North Scotland,0.487,13.095
2039,Annual,North Scotland,0.589,16.602
2040,Annual,North Scotland,0.627,22.881
2041,Annual,North Scotland,0.545,17.891
2042,Annual,North Scotland,0.575,17.905
2043,Annual,North Scotland,0.560,16.637
2044,Annual,North Scotland,0.556,15.965
2045,Annual,North Scotland,0.594,19.751
2046,Annual,North Scotland,0.586,16.846
2047,Annual,North Scotland,0.582,15.557
2048,Annual,North Scotland,0.525,17.030
2049,Annual,North Scotland,0.523,14.975
2050,Annual,North Scotland,0.576,18.224
2051,Annual,North Scotland,0.563,15.751
2052,Annual,North Scotland,0.562,14.960
2053,Annual,North Scotland,0.528,13.627
2054,Annual,North Scotland,0.537,18.204
2055,Annual,North Scotland,0.606,15.836
2056,Annual,North Scotland,0.552,13.468
2057,Annual,North Scotland,0.589,16.264
2058,Annual,North Scotland,0.617,19.119
2059,Annual,North Scotland,0.539,15.159
2060,Annual,North Scotland,0.581,17.627
2061,Annual,North Scotland,0.510,16.776
2062,Annual,North Scotland,0.576,18.229
2063,Annual,North Scotland,0.545,16.841
2064,Annual,North Scotland,0.630,18.597
2065,Annual,North Scotland,0.551,16.607
2066,Annual,North Scotland,0.547,14.060
2067,Annual,North Scotland,0.540,19.930
2068,Annual,North Scotland,0.512,18.229
2069,Annual,North Scotland,0.557,15.488
2070,Annual,North Scotland,0.570,13.831
2071,Annual,North Scotland,0.567,15.502
2072,Annual,North Scotland,0.503,15.453
2073,Annual,North Scotland,0.510,14.323
2074,Annual,North Scotland,0.556,13.333
2075,Annual,North Scotland,0.502,15.209
2076,Annual,North Scotland,0.537,13.453
2077,Annual,North Scotland,0.523,15.294
2078,Annual,North Scotland,0.576,20.453
2079,Annual,North Scotland,0.563,15.950
2080,Annual,North Scotland,0.507,11.756
1981,Annual,North West England,0.548,19.312
1982,Annual,North West England,0.560,17.925
1983,Annual,North West England,0.538,14.140
1984,Annual,North West England,0.539,17.527
1985,Annual,North West England,0.476,12.677
1986,Annual,North West England,0.518,17.151
1987,Annual,North West England,0.550,16.409
1988,Annual,North West England,0.498,16.774
1989,Annual,North West England,0.572,17.441
1990,Annual,North West England,0.552,22.344
1991,Annual,North West England,0.545,13.237
1992,Annual,North West England,0.536,14.699
1993,Annual,North West England,0.591,18.527
1994,Annual,North West England,0.609,18.333
1995,Annual,North West England,0.455,14.667
1996,Annual,North West England,0.536,13.925
1997,Annual,North West England,0.574,16.344
1998,Annual,North West England,0.542,12.505
1999,Annual,North West England,0.566,11.710
2000,Annual,North West England,0.542,13.731
2001,Annual,North West England,0.560,15.280
2002,Annual,North West England,0.586,16.333
2003,Annual,North West England,0.594,19.699
2004,Annual,North West England,0.574,20.957
2005,Annual,North West England,0.551,17.688
2006,Annual,North West England,0.504,16.505
2007,Annual,North West England,0.461,14.226
2008,Annual,North West England,0.510,14.753
2009,Annual,North West England,0.460,12.538
2010,Annual,North West England,0.440,15.280
2011,Annual,North West England,0.532,18.688
2012,Annual,North West England,0.521,18.935
2013,Annual,North West England,0.557,17.333
2014,Annual,North West England,0.517,14.344
2015,Annual,North West England,0.588,15.817
2016,Annual,North West England,0.446,17.097
2017,Annual,North West England,0.486,13.989
2018,Annual,North West England,0.478,12.452
2019,Annual,North West England,0.565,19.516
2020,Annual,North West England,0.560,14.839
2021,Annual,North West England,0.542,12.634
2022,Annual,North West England,0.513,12.753
2023,Annual,North West England,0.510,16.215
2024,Annual,North West England,0.565,16.548
2025,Annual,North West England,0.496,14.258
2026,Annual,North West England,0.483,14.151
2027,Annual,North West England,0.459,11.882
2028,Annual,North West England,0.593,23.108
2029,Annual,North West England,0.548,19.043
2030,Annual,North West England,0.510,18.731
2031,Annual,North West England,0.537,15.742
2032,Annual,North West England,0.530,15.462
2033,Annual,North West England,0.518,13.613
2034,Annual,North West England,0.539,13.935
2035,Annual,North West England,0.516,14.258
2036,Annual,North West England,0.512,16.366
2037,Annual,North West England,0.496,14.333
2038,Annual,North West England,0.426,9.860
2039,Annual,North West England,0.545,16.065
2040,Annual,North West England,0.609,25.548
2041,Annual,North West England,0.556,19.065
2042,Annual,North West England,0.509,14.430
2043,Annual,North West England,0.510,17.753
2044,Annual,North West England,0.546,15.419
2045,Annual,North West England,0.552,19.075
2046,Annual,North West England,0.582,15.237
2047,Annual,North West England,0.550,18.226
2048,Annual,North West England,0.520,13.409
2049,Annual,North West England,0.493,17.387
2050,Annual,North West England,0.486,12.763
2051,Annual,North West England,0.563,20.634
2052,Annual,North West England,0.542,11.763
2053,Annual,North West England,0.502,14.978
2054,Annual,North West England,0.471,15.129
2055,Annual,North West England,0.566,13.366
2056,Annual,North West England,0.501,11.839
2057,Annual,North West England,0.596,17.645
2058,Annual,North West England,0.577,14.376
2059,Annual,North West England,0.521,17.247
2060,Annual,North West England,0.559,14.462
2061,Annual,North West England,0.493,17.882
2062,Annual,North West England,0.540,14.366
2063,Annual,North West England,0.466,13.054
2064,Annual,North West England,0.583,14.559
2065,Annual,North West England,0.489,17.441
2066,Annual,North West England,0.495,13.796
2067,Annual,North West England,0.492,11.935
2068,Annual,North West England,0.523,18.677
2069,Annual,North West England,0.499,10.376
2070,Annual,North West England,0.502,14.398
2071,Annual,North West England,0.500,12.237
2072,Annual,North West England,0.439,11.548
2073,Annual,North West England,0.536,13.484
2074,Annual,North West England,0.528,14.957
2075,Annual,North West England,0.456,9.366
2076,Annual,North West England,0.491,12.108
2077,Annual,North West England,0.499,13.140
2078,Annual,North West England,0.522,16.946
2079,Annual,North West England,0.548,17.538
2080,Annual,North West England,0.500,14.957
1981,Annual,South East England,0.344,7.593
1982,Annual,South East England,0.407,7.390
1983,Annual,South East England,0.403,7.932
1984,Annual,South East England,0.404,8.822
1985,Annual,South East England,0.352,7.068
1986,Annual,South East England,0.386,7.212
1987,Annual,South East England,0.435,8.644
1988,Annual,South East England,0.392,7.890
1989,Annual,South East England,0.482,11.441
1990,Annual,South East England,0.426,7.636
1991,Annual,South East England,0.452,9.110
1992,Annual,South East England,0.424,7.186
1993,Annual,South East England,0.387,8.797
1994,Annual,South East England,0.478,9.059
1995,Annual,South East England,0.383,8.686
1996,Annual,South East England,0.388,9.025
1997,Annual,South East England,0.441,7.068
1998,Annual,South East England,0.388,6.585
1999,Annual,South East England,0.406,8.127
2000,Annual,South East England,0.360,6.915
2001,Annual,South East England,0.432,7.814
2002,Annual,South East England,0.440,12.483
2003,Annual,South East England,0.446,8.542
2004,Annual,South East England,0.468,13.017
2005,Annual,South East England,0.380,10.763
2006,Annual,South East England,0.379,6.805
2007,Annual,South East England,0.383,7.356
2008,Annual,South East England,0.433,8.644
2009,Annual,South East England,0.324,7.186
2010,Annual,South East England,0.367,7.127
2011,Annual,South East England,0.346,7.373
2012,Annual,South East England,0.405,8.169
2013,Annual,South East England,0.424,9.585
2014,Annual,South East England,0.396,7.822
2015,Annual,South East England,0.404,11.136
2016,Annual,South East England,0.351,6.907
2017,Annual,South East England,0.356,7.983
2018,Annual,South East England,0.358,6.627
2019,Annual,South East England,0.423,7.280
2020,Annual,South East England,0.423,7.686
2021,Annual,South East England,0.412,9.008
2022,Annual,South East England,0.378,8.788
2023,Annual,South East England,0.401,9.178
2024,Annual,South East England,0.437,8.102
2025,Annual,South East England,0.371,6.390
2026,Annual,South East England,0.365,8.729
2027,Annual,South East England,0.367,13.237
2028,Annual,South East England,0.441,8.712
2029,Annual,South East England,0.409,8.839
2030,Annual,South East England,0.387,7.212
2031,Annual,South East England,0.420,6.915
2032,Annual,South East England,0.381,8.161
2033,Annual,South East England,0.419,7.966
2034,Annual,South East England,0.428,8.949
2035,Annual,South East England,0.378,7.466
2036,Annual,South East England,0.414,8.568
2037,Annual,South East England,0.324,6.661
2038,Annual,South East England,0.418,8.729
2039,Annual,South East England,0.401,9.161
2040,Annual,South East England,0.456,8.169
2041,Annual,South East England,0.434,9.915
2042,Annual,South East England,0.356,8.076
2043,Annual,South East England,0.377,6.525
2044,Annual,South East England,0.397,8.568
2045,Annual,South East England,0.426,7.966
2046,Annual,South East England,0.411,7.729
2047,Annual,South East England,0.396,7.466
2048,Annual,South East England,0.435,10.271
2049,Annual,South East England,0.378,8.186
2050,Annual,South East England,0.331,12.390
2051,Annual,South East England,0.414,8.339
2052,Annual,South East England,0.405,7.424
2053,Annual,South East England,0.404,9.712
2054,Annual,South East England,0.361,9.678
2055,Annual,South East England,0.387,7.525
2056,Annual,South East England,0.391,7.678
2057,Annual,South East England,0.430,7.492
2058,Annual,South East England,0.406,9.051
2059,Annual,South East England,0.419,7.153
2060,Annual,South East England,0.371,7.542
2061,Annual,South East England,0.383,7.542
2062,Annual,South East England,0.448,9.712
2063,Annual,South East England,0.352,10.280
2064,Annual,South East England,0.383,8.847
2065,Annual,South East England,0.335,7.288
2066,Annual,South East England,0.356,8.831
2067,Annual,South East England,0.393,8.178
2068,Annual,South East England,0.383,7.492
2069,Annual,South East England,0.375,8.085
2070,Annual,South East England,0.345,6.280
2071,Annual,South East England,0.353,7.669
2072,Annual,South East England,0.339,7.500
2073,Annual,South East England,0.445,10.890
2074,Annual,South East England,0.392,8.729
2075,Annual,South East England,0.371,7.712
2076,Annual,South East England,0.362,6.746
2077,Annual,South East England,0.419,8.085
2078,Annual,South East England,0.373,8.661
2079,Annual,South East England,0.400,11.034
2080,Annual,South East England,0.393,8.839
1981,Annual,South West England,0.385,11.076
1982,Annual,South West England,0.435,8.873
1983,Annual,South West England,0.438,8.810
1984,Annual,South West England,0.444,11.006
1985,Annual,South West England,0.373,7.418
1986,Annual,South West England,0.441,11.152
1987,Annual,South West England,0.449,10.722
1988,Annual,South West England,0.424,7.791
1989,Annual,South West England,0.524,17.620
1990,Annual,South West England,0.439,9.475
1991,Annual,South West England,0.463,10.861
1992,Annual,South West England,0.479,9.994
1993,Annual,South West England,0.445,10.196
1994,Annual,South West England,0.515,11.576
1995,Annual,South West England,0.396,9.646
1996,Annual,South West England,0.435,11.557
1997,Annual,South West England,0.479,9.386
1998,Annual,South West England,0.440,10.411
1999,Annual,South West England,0.430,8.082
2000,Annual,South West England,0.395,8.513
2001,Annual,South West England,0.477,10.146
2002,Annual,South West England,0.473,15.044
2003,Annual,South West England,0.466,12.785
2004,Annual,South West England,0.490,13.101
2005,Annual,South West England,0.428,12.247
2006,Annual,South West England,0.408,8.127
2007,Annual,South West England,0.411,9.114
2008,Annual,South West England,0.442,12.418
2009,Annual,South West England,0.406,10.481
2010,Annual,South West England,0.405,8.114
2011,Annual,South West England,0.372,9.228
2012,Annual,South West England,0.448,10.443
2013,Annual,South West England,0.455,9.994
2014,Annual,South West England,0.430,10.804
2015,Annual,South West England,0.440,10.165
2016,Annual,South West England,0.371,10.127
2017,Annual,South West England,0.338,9.196
2018,Annual,South West England,0.389,7.734
2019,Annual,South West England,0.462,11.133
2020,Annual,South West England,0.471,10.734
2021,Annual,South West England,0.455,10.133
2022,Annual,South West England,0.412,9.570
2023,Annual,South West England,0.435,11.671
2024,Annual,South West England,0.482,10.139
2025,Annual,South West England,0.418,8.652
2026,Annual,South West England,0.397,8.943
2027,Annual,South West England,0.376,10.848
2028,Annual,South West England,0.486,11.241
2029,Annual,South West England,0.456,14.405
2030,Annual,South West England,0.438,10.228
2031,Annual,South West England,0.471,10.741
2032,Annual,South West England,0.399,12.563
2033,Annual,South West England,0.448,9.190
2034,Annual,South West England,0.446,9.886
2035,Annual,South West England,0.434,9.595
2036,Annual,South West England,0.462,11.234
2037,Annual,South West England,0.347,9.456
2038,Annual,South West England,0.421,9.437
2039,Annual,South West England,0.446,9.810
2040,Annual,South West England,0.481,12.139
2041,Annual,South West England,0.478,13.437
2042,Annual,South West England,0.397,9.291
2043,Annual,South West England,0.397,8.095
2044,Annual,South West England,0.439,11.785
2045,Annual,South West England,0.425,10.633
2046,Annual,South West England,0.443,8.576
2047,Annual,South West England,0.452,9.544
2048,Annual,South West England,0.459,12.525
2049,Annual,South West England,0.420,10.892
2050,Annual,South West England,0.370,17.171
2051,Annual,South West England,0.449,10.215
2052,Annual,South West England,0.431,8.165
2053,Annual,South West England,0.438,13.342
2054,Annual,South West England,0.359,9.620
2055,Annual,South West England,0.435,9.791
2056,Annual,South West England,0.424,9.082
2057,Annual,South West England,0.470,10.538
2058,Annual,South West England,0.420,10.108
2059,Annual,South West England,0.463,9.506
2060,Annual,South West England,0.413,10.006
2061,Annual,South West England,0.437,9.797
2062,Annual,South West England,0.488,11.994
2063,Annual,South West England,0.381,10.051
2064,Annual,South West England,0.433,10.589
2065,Annual,South West England,0.377,10.791
2066,Annual,South West England,0.398,10.544
2067,Annual,South West England,0.416,8.741
2068,Annual,South West England,0.432,9.278
2069,Annual,South West England,0.406,9.962
2070,Annual,South West England,0.392,9.981
2071,Annual,South West England,0.398,12.462
2072,Annual,South West England,0.363,8.551
2073,Annual,South West England,0.463,12.563
2074,Annual,South West England,0.420,12.373
2075,Annual,South West England,0.390,6.797
2076,Annual,South West England,0.383,8.690
2077,Annual,South West England,0.411,9.487
2078,Annual,South West England,0.387,9.848
2079,Annual,South West England,0.441,12.304
2080,Annual,South West England,0.423,9.905
1981,Annual,West Midlands,0.388,8.267
1982,Annual,West Midlands,0.428,8.244
1983,Annual,West Midlands,0.444,7.174
1984,Annual,West Midlands,0.410,6.698
1985,Annual,West Midlands,0.372,7.988
1986,Annual,West Midlands,0.421,8.826
1987,Annual,West Midlands,0.442,9.547
1988,Annual,West Midlands,0.419,7.233
1989,Annual,West Midlands,0.517,10.605
1990,Annual,West Midlands,0.456,8.977
1991,Annual,West Midlands,0.464,9.628
1992,Annual,West Midlands,0.435,7.698
1993,Annual,West Midlands,0.471,8.965
1994,Annual,West Midlands,0.487,9.837
1995,Annual,West Midlands,0.391,8.116
1996,Annual,West Midlands,0.420,8.256
1997,Annual,West Midlands,0.474,8.291
1998,Annual,West Midlands,0.444,7.640
1999,Annual,West Midlands,0.448,7.988
2000,Annual,West Midlands,0.388,8.430
2001,Annual,West Midlands,0.495,9.140
2002,Annual,West Midlands,0.482,9.453
2003,Annual,West Midlands,0.478,11.070
2004,Annual,West Midlands,0.459,9.919
2005,Annual,West Midlands,0.407,7.605
2006,Annual,West Midlands,0.411,8.128
2007,Annual,West Midlands,0.388,7.756
2008,Annual,West Midlands,0.449,8.919
2009,Annual,West Midlands,0.365,8.128
2010,Annual,West Midlands,0.425,10.163
2011,Annual,West Midlands,0.396,6.651
2012,Annual,West Midlands,0.433,8.360
2013,Annual,West Midlands,0.444,9.209
2014,Annual,West Midlands,0.408,8.244
2015,Annual,West Midlands,0.451,12.244
2016,Annual,West Midlands,0.381,7.640
2017,Annual,West Midlands,0.372,8.558
2018,Annual,West Midlands,0.397,8.430
2019,Annual,West Midlands,0.468,8.151
2020,Annual,West Midlands,0.455,8.733
2021,Annual,West Midlands,0.457,8.326
2022,Annual,West Midlands,0.437,9.419
2023,Annual,West Midlands,0.418,9.663
2024,Annual,West Midlands,0.468,8.593
2025,Annual,West Midlands,0.405,8.523
2026,Annual,West Midlands,0.401,7.465
2027,Annual,West Midlands,0.386,9.616
2028,Annual,West Midlands,0.453,9.151
2029,Annual,West Midlands,0.465,11.174
2030,Annual,West Midlands,0.423,7.023
2031,Annual,West Midlands,0.446,8.116
2032,Annual,West Midlands,0.414,8.337
2033,Annual,West Midlands,0.466,9.012
2034,Annual,West Midlands,0.466,10.105
2035,Annual,West Midlands,0.442,7.919
2036,Annual,West Midlands,0.444,7.593
2037,Annual,West Midlands,0.368,8.802
2038,Annual,West Midlands,0.425,8.163
2039,Annual,West Midlands,0.462,9.640
2040,Annual,West Midlands,0.486,10.302
2041,Annual,West Midlands,0.434,8.105
2042,Annual,West Midlands,0.391,9.128
2043,Annual,West Midlands,0.414,8.872
2044,Annual,West Midlands,0.446,8.198
2045,Annual,West Midlands,0.434,7.105
2046,Annual,West Midlands,0.469,8.326
2047,Annual,West Midlands,0.452,8.605
2048,Annual,West Midlands,0.449,12.605
2049,Annual,West Midlands,0.406,7.628
2050,Annual,West Midlands,0.392,9.372
2051,Annual,West Midlands,0.460,12.140
2052,Annual,West Midlands,0.445,8.453
2053,Annual,West Midlands,0.443,9.930
2054,Annual,West Midlands,0.369,7.570
2055,Annual,West Midlands,0.450,8.488
2056,Annual,West Midlands,0.437,8.023
2057,Annual,West Midlands,0.475,9.070
2058,Annual,West Midlands,0.420,8.419
2059,Annual,West Midlands,0.451,9.465
2060,Annual,West Midlands,0.439,8.802
2061,Annual,West Midlands,0.449,9.930
2062,Annual,West Midlands,0.459,8.791
2063,Annual,West Midlands,0.394,10.523
2064,Annual,West Midlands,0.448,10.895
2065,Annual,West Midlands,0.380,8.035
2066,Annual,West Midlands,0.412,8.930
2067,Annual,West Midlands,0.402,7.547
2068,Annual,West Midlands,0.445,9.895
2069,Annual,West Midlands,0.423,8.523
2070,Annual,West Midlands,0.399,8.047
2071,Annual,West Midlands,0.418,10.116
2072,Annual,West Midlands,0.360,7.651
2073,Annual,West Midlands,0.475,10.105
2074,Annual,West Midlands,0.422,11.267
2075,Annual,West Midlands,0.398,6.953
2076,Annual,West Midlands,0.398,7.512
2077,Annual,West Midlands,0.431,10.081
2078,Annual,West Midlands,0.394,8.674
2079,Annual,West Midlands,0.461,10.116
2080,Annual,West Midlands,0.442,9.395
1981,Annual,West Scotland,0.596,25.031
1982,Annual,West Scotland,0.577,16.685
1983,Annual,West Scotland,0.538,14.423
1984,Annual,West Scotland,0.566,18.277
1985,Annual,West Scotland,0.488,11.369
1986,Annual,West Scotland,0.546,17.477
1987,Annual,West Scotland,0.574,18.323
1988,Annual,West Scotland,0.503,18.515
1989,Annual,West Scotland,0.565,17.254
1990,Annual,West Scotland,0.536,18.492
1991,Annual,West Scotland,0.539,15.931
1992,Annual,West Scotland,0.552,14.292
1993,Annual,West Scotland,0.593,15.646
1994,Annual,West Scotland,0.613,15.431
1995,Annual,West Scotland,0.449,12.562
1996,Annual,West Scotland,0.547,18.131
1997,Annual,West Scotland,0.542,14.469
1998,Annual,West Scotland,0.555,14.069
1999,Annual,West Scotland,0.583,14.469
2000,Annual,West Scotland,0.558,15.115
2001,Annual,West Scotland,0.539,14.577
2002,Annual,West Scotland,0.570,14.962
2003,Annual,West Scotland,0.609,18.746
2004,Annual,West Scotland,0.569,22.469
2005,Annual,West Scotland,0.560,15.869
2006,Annual,West Scotland,0.512,15.231
2007,Annual,West Scotland,0.491,15.992
2008,Annual,West Scotland,0.522,15.077
2009,Annual,West Scotland,0.492,12.292
2010,Annual,West Scotland,0.421,12.415
2011,Annual,West Scotland,0.560,14.162
2012,Annual,West Scotland,0.530,17.277
2013,Annual,West Scotland,0.564,18.831
2014,Annual,West Scotland,0.548,14.400
2015,Annual,West Scotland,0.596,24.854
2016,Annual,West Scotland,0.459,14.485
2017,Annual,West Scotland,0.493,14.838
2018,Annual,West Scotland,0.494,12.515
2019,Annual,West Scotland,0.542,14.792
2020,Annual,West Scotland,0.587,15.638
2021,Annual,West Scotland,0.519,12.862
2022,Annual,West Scotland,0.515,11.731
2023,Annual,West Scotland,0.519,16.369
2024,Annual,West Scotland,0.556,19.585
2025,Annual,West Scotland,0.512,15.538
2026,Annual,West Scotland,0.494,11.677
2027,Annual,West Scotland,0.452,12.808
2028,Annual,West Scotland,0.616,23.631
2029,Annual,West Scotland,0.565,21.569
2030,Annual,West Scotland,0.517,21.069
2031,Annual,West Scotland,0.534,16.200
2032,Annual,West Scotland,0.523,14.746
2033,Annual,West Scotland,0.547,13.462
2034,Annual,West Scotland,0.513,13.092
2035,Annual,West Scotland,0.537,19.038
2036,Annual,West Scotland,0.505,13.908
2037,Annual,West Scotland,0.533,14.292
2038,Annual,West Scotland,0.428,13.031
2039,Annual,West Scotland,0.551,12.654
2040,Annual,West Scotland,0.612,23.277
2041,Annual,West Scotland,0.550,17.162
2042,Annual,West Scotland,0.526,16.077
2043,Annual,West Scotland,0.526,13.892
2044,Annual,West Scotland,0.540,13.454
2045,Annual,West Scotland,0.551,18.300
2046,Annual,West Scotland,0.587,19.431
2047,Annual,West Scotland,0.552,14.554
2048,Annual,West Scotland,0.501,15.046
2049,Annual,West Scotland,0.501,16.438
2050,Annual,West Scotland,0.529,15.254
2051,Annual,West Scotland,0.574,16.169
2052,Annual,West Scotland,0.542,11.969
2053,Annual,West Scotland,0.493,13.769
2054,Annual,West Scotland,0.463,14.346
2055,Annual,West Scotland,0.565,13.631
2056,Annual,West Scotland,0.496,13.346
2057,Annual,West Scotland,0.567,18.723
2058,Annual,West Scotland,0.597,17.769
2059,Annual,West Scotland,0.536,17.915
2060,Annual,West Scotland,0.560,14.777
2061,Annual,West Scotland,0.490,15.785
2062,Annual,West Scotland,0.535,17.300
2063,Annual,West Scotland,0.487,14.454
2064,Annual,West Scotland,0.602,17.846
2065,Annual,West Scotland,0.526,18.392
2066,Annual,West Scotland,0.511,12.600
2067,Annual,West Scotland,0.504,13.808
2068,Annual,West Scotland,0.518,17.054
2069,Annual,West Scotland,0.529,12.831
2070,Annual,West Scotland,0.530,18.792
2071,Annual,West Scotland,0.517,14.046
2072,Annual,West Scotland,0.459,13.785
2073,Annual,West Scotland,0.506,12.092
2074,Annual,West Scotland,0.514,13.900
2075,Annual,West Scotland,0.459,13.308
2076,Annual,West Scotland,0.491,12.592
2077,Annual,West Scotland,0.495,14.862
2078,Annual,West Scotland,0.547,17.962
2079,Annual,West Scotland,0.560,15.177
2080,Annual,West Scotland,0.487,11.731
1981,Annual,Yorkshire and Humber,0.392,8.634
1982,Annual,Yorkshire and Humber,0.455,9.683
1983,Annual,Yorkshire and Humber,0.415,7.792
1984,Annual,Yorkshire and Humber,0.419,8.040
1985,Annual,Yorkshire and Humber,0.378,7.050
1986,Annual,Yorkshire and Humber,0.466,9.386
1987,Annual,Yorkshire and Humber,0.484,11.822
1988,Annual,Yorkshire and Humber,0.418,9.525
1989,Annual,Yorkshire and Humber,0.478,11.545
1990,Annual,Yorkshire and Humber,0.479,10.683
1991,Annual,Yorkshire and Humber,0.504,10.545
1992,Annual,Yorkshire and Humber,0.452,8.752
1993,Annual,Yorkshire and Humber,0.479,11.139
1994,Annual,Yorkshire and Humber,0.483,8.980
1995,Annual,Yorkshire and Humber,0.429,9.455
1996,Annual,Yorkshire and Humber,0.429,8.406
1997,Annual,Yorkshire and Humber,0.485,9.149
1998,Annual,Yorkshire and Humber,0.461,7.545
1999,Annual,Yorkshire and Humber,0.470,10.693
2000,Annual,Yorkshire and Humber,0.406,8.644
2001,Annual,Yorkshire and Humber,0.496,9.277
2002,Annual,Yorkshire and Humber,0.507,10.089
2003,Annual,Yorkshire and Humber,0.489,11.574
2004,Annual,Yorkshire and Humber,0.436,10.386
2005,Annual,Yorkshire and Humber,0.422,8.347
2006,Annual,Yorkshire and Humber,0.408,8.475
2007,Annual,Yorkshire and Humber,0.404,8.000
2008,Annual,Yorkshire and Humber,0.472,11.772
2009,Annual,Yorkshire and Humber,0.376,9.842
2010,Annual,Yorkshire and Humber,0.423,14.168
2011,Annual,Yorkshire and Humber,0.456,11.386
2012,Annual,Yorkshire and Humber,0.445,9.960
2013,Annual,Yorkshire and Humber,0.459,8.356
2014,Annual,Yorkshire and Humber,0.456,8.614
2015,Annual,Yorkshire and Humber,0.481,9.703
2016,Annual,Yorkshire and Humber,0.444,13.267
2017,Annual,Yorkshire and Humber,0.437,10.584
2018,Annual,Yorkshire and Humber,0.416,8.198
2019,Annual,Yorkshire and Humber,0.466,8.693
2020,Annual,Yorkshire and Humber,0.493,10.752
2021,Annual,Yorkshire and Humber,0.454,8.743
2022,Annual,Yorkshire and Humber,0.446,10.871
2023,Annual,Yorkshire and Humber,0.421,8.762
2024,Annual,Yorkshire and Humber,0.465,9.050
2025,Annual,Yorkshire and Humber,0.429,11.683
2026,Annual,Yorkshire and Humber,0.436,8.762
2027,Annual,Yorkshire and Humber,0.400,9.139
2028,Annual,Yorkshire and Humber,0.466,9.911
2029,Annual,Yorkshire and Humber,0.456,12.238
2030,Annual,Yorkshire and Humber,0.452,9.446
2031,Annual,Yorkshire and Humber,0.467,10.000
2032,Annual,Yorkshire and Humber,0.453,12.020
2033,Annual,Yorkshire and Humber,0.436,9.465
2034,Annual,Yorkshire and Humber,0.498,9.832
2035,Annual,Yorkshire and Humber,0.461,9.693
2036,Annual,Yorkshire and Humber,0.433,8.416
2037,Annual,Yorkshire and Humber,0.396,9.465
2038,Annual,Yorkshire and Humber,0.411,11.574
2039,Annual,Yorkshire and Humber,0.445,8.950
2040,Annual,Yorkshire and Humber,0.488,12.158
2041,Annual,Yorkshire and Humber,0.454,8.356
2042,Annual,Yorkshire and Humber,0.406,7.495
2043,Annual,Yorkshire and Humber,0.446,9.733
2044,Annual,Yorkshire and Humber,0.455,9.436
2045,Annual,Yorkshire and Humber,0.450,8.812
2046,Annual,Yorkshire and Humber,0.485,9.495
2047,Annual,Yorkshire and Humber,0.456,9.495
2048,Annual,Yorkshire and Humber,0.456,13.743
2049,Annual,Yorkshire and Humber,0.413,9.208
2050,Annual,Yorkshire and Humber,0.398,7.644
2051,Annual,Yorkshire and Humber,0.482,9.960
2052,Annual,Yorkshire and Humber,0.469,9.188
2053,Annual,Yorkshire and Humber,0.466,10.188
2054,Annual,Yorkshire and Humber,0.416,10.495
2055,Annual,Yorkshire and Humber,0.449,8.158
2056,Annual,Yorkshire and Humber,0.410,8.030
2057,Annual,Yorkshire and Humber,0.493,10.317
2058,Annual,Yorkshire and Humber,0.441,8.030
2059,Annual,Yorkshire and Humber,0.448,10.089
2060,Annual,Yorkshire and Humber,0.452,7.842
2061,Annual,Yorkshire and Humber,0.438,10.653
2062,Annual,Yorkshire and Humber,0.437,8.832
2063,Annual,Yorkshire and Humber,0.362,8.020
2064,Annual,Yorkshire and Humber,0.461,9.347
2065,Annual,Yorkshire and Humber,0.395,8.505
2066,Annual,Yorkshire and Humber,0.415,9.257
2067,Annual,Yorkshire and Humber,0.422,9.188
2068,Annual,Yorkshire and Humber,0.458,9.149
2069,Annual,Yorkshire and Humber,0.403,8.644
2070,Annual,Yorkshire and Humber,0.404,9.307
2071,Annual,Yorkshire and Humber,0.409,7.317
2072,Annual,Yorkshire and Humber,0.357,8.406
2073,Annual,Yorkshire and Humber,0.497,11.871
2074,Annual,Yorkshire and Humber,0.482,9.554
2075,Annual,Yorkshire and Humber,0.427,8.941
2076,Annual,Yorkshire and Humber,0.426,8.396
2077,Annual,Yorkshire and Humber,0.466,8.327
2078,Annual,Yorkshire and Humber,0.393,8.386
2079,Annual,Yorkshire and Humber,0.435,8.792
2080,Annual,Yorkshire and Humber,0.436,12.386
1981,Annual,Channel Islands,0.463,19.000
1982,Annual,Channel Islands,0.553,12.000
1983,Annual,Channel Islands,0.553,12.000
1984,Annual,Channel Islands,0.536,18.000
1985,Annual,Channel Islands,0.501,11.000
1986,Annual,Channel Islands,0.523,23.000
1987,Annual,Channel Islands,0.556,16.000
1988,Annual,Channel Islands,0.505,13.000
1989,Annual,Channel Islands,0.647,30.000
1990,Annual,Channel Islands,0.523,10.000
1991,Annual,Channel Islands,0.562,22.000
1992,Annual,Channel Islands,0.582,30.000
1993,Annual,Channel Islands,0.556,17.000
1994,Annual,Channel Islands,0.658,34.000
1995,Annual,Channel Islands,0.507,14.000
1996,Annual,Channel Islands,0.522,21.000
1997,Annual,Channel Islands,0.567,12.000
1998,Annual,Channel Islands,0.573,22.000
1999,Annual,Channel Islands,0.501,12.000
2000,Annual,Channel Islands,0.470,12.000
2001,Annual,Channel Islands,0.592,27.000
2002,Annual,Channel Islands,0.573,20.000
2003,Annual,Channel Islands,0.553,24.000
2004,Annual,Channel Islands,0.577,20.000
2005,Annual,Channel Islands,0.537,12.000
2006,Annual,Channel Islands,0.537,18.000
2007,Annual,Channel Islands,0.553,12.000
2008,Annual,Channel Islands,0.596,23.000
2009,Annual,Channel Islands,0.460,21.000
2010,Annual,Channel Islands,0.521,14.000
2011,Annual,Channel Islands,0.466,10.000
2012,Annual,Channel Islands,0.541,24.000
2013,Annual,Channel Islands,0.603,25.000
2014,Annual,Channel Islands,0.529,18.000
2015,Annual,Channel Islands,0.575,20.000
2016,Annual,Channel Islands,0.500,20.000
2017,Annual,Channel Islands,0.452,12.000
2018,Annual,Channel Islands,0.455,16.000
2019,Annual,Channel Islands,0.616,28.000
2020,Annual,Channel Islands,0.601,17.000
2021,Annual,Channel Islands,0.581,15.000
2022,Annual,Channel Islands,0.479,30.000
2023,Annual,Channel Islands,0.562,17.000
2024,Annual,Channel Islands,0.661,22.000
2025,Annual,Channel Islands,0.490,17.000
2026,Annual,Channel Islands,0.529,11.000
2027,Annual,Channel Islands,0.471,13.000
2028,Annual,Channel Islands,0.604,18.000
2029,Annual,Channel Islands,0.592,21.000
2030,Annual,Channel Islands,0.562,18.000
2031,Annual,Channel Islands,0.586,17.000
2032,Annual,Channel Islands,0.514,21.000
2033,Annual,Channel Islands,0.564,19.000
2034,Annual,Channel Islands,0.542,18.000
2035,Annual,Channel Islands,0.499,22.000
2036,Annual,Channel Islands,0.571,15.000
2037,Annual,Channel Islands,0.485,18.000
2038,Annual,Channel Islands,0.510,15.000
2039,Annual,Channel Islands,0.523,10.000
2040,Annual,Channel Islands,0.612,40.000
2041,Annual,Channel Islands,0.644,26.000
2042,Annual,Channel Islands,0.534,14.000
2043,Annual,Channel Islands,0.499,11.000
2044,Annual,Channel Islands,0.538,30.000
2045,Annual,Channel Islands,0.575,24.000
2046,Annual,Channel Islands,0.542,27.000
2047,Annual,Channel Islands,0.575,15.000
2048,Annual,Channel Islands,0.555,21.000
2049,Annual,Channel Islands,0.537,31.000
2050,Annual,Channel Islands,0.455,33.000
2051,Annual,Channel Islands,0.537,17.000
2052,Annual,Channel Islands,0.508,18.000
2053,Annual,Channel Islands,0.521,24.000
2054,Annual,Channel Islands,0.466,13.000
2055,Annual,Channel Islands,0.559,12.000
2056,Annual,Channel Islands,0.563,34.000
2057,Annual,Channel Islands,0.595,27.000
2058,Annual,Channel Islands,0.518,20.000
2059,Annual,Channel Islands,0.592,12.000
2060,Annual,Channel Islands,0.514,11.000
2061,Annual,Channel Islands,0.523,16.000
2062,Annual,Channel Islands,0.616,40.000
2063,Annual,Channel Islands,0.515,23.000
2064,Annual,Channel Islands,0.582,14.000
2065,Annual,Channel Islands,0.499,19.000
2066,Annual,Channel Islands,0.479,12.000
2067,Annual,Channel Islands,0.534,12.000
2068,Annual,Channel Islands,0.497,10.000
2069,Annual,Channel Islands,0.499,13.000
2070,Annual,Channel Islands,0.496,18.000
2071,Annual,Channel Islands,0.501,16.000
2072,Annual,Channel Islands,0.484,14.000
2073,Annual,Channel Islands,0.589,29.000
2074,Annual,Channel Islands,0.537,11.000
2075,Annual,Channel Islands,0.466,9.000
2076,Annual,Channel Islands,0.536,14.000
2077,Annual,Channel Islands,0.518,14.000
2078,Annual,Channel Islands,0.482,24.000
2079,Annual,Channel Islands,0.529,15.000
2080,Annual,Channel Islands,0.511,13.000
1981,Annual,Isle of Man,0.505,10.667
1982,Annual,Isle of Man,0.558,11.000
1983,Annual,Isle of Man,0.570,13.000
1984,Annual,Isle of Man,0.550,18.000
1985,Annual,Isle of Man,0.439,12.000
1986,Annual,Isle of Man,0.556,9.667
1987,Annual,Isle of Man,0.534,16.000
1988,Annual,Isle of Man,0.516,10.000
1989,Annual,Isle of Man,0.574,18.000
1990,Annual,Isle of Man,0.549,12.333
1991,Annual,Isle of Man,0.564,11.000
1992,Annual,Isle of Man,0.558,14.333
1993,Annual,Isle of Man,0.568,11.333
1994,Annual,Isle of Man,0.577,15.000
1995,Annual,Isle of Man,0.456,13.333
1996,Annual,Isle of Man,0.520,14.000
1997,Annual,Isle of Man,0.545,16.000
1998,Annual,Isle of Man,0.527,15.333
1999,Annual,Isle of Man,0.585,13.000
2000,Annual,Isle of Man,0.504,11.333
2001,Annual,Isle of Man,0.579,12.000
2002,Annual,Isle of Man,0.539,14.667
2003,Annual,Isle of Man,0.569,13.667
2004,Annual,Isle of Man,0.570,20.333
2005,Annual,Isle of Man,0.563,15.667
2006,Annual,Isle of Man,0.497,11.333
2007,Annual,Isle of Man,0.475,15.000
2008,Annual,Isle of Man,0.538,13.333
2009,Annual,Isle of Man,0.494,15.000
2010,Annual,Isle of Man,0.474,13.000
2011,Annual,Isle of Man,0.533,16.000
2012,Annual,Isle of Man,0.533,17.000
2013,Annual,Isle of Man,0.559,17.333
2014,Annual,Isle of Man,0.501,14.000
2015,Annual,Isle of Man,0.566,12.000
2016,Annual,Isle of Man,0.470,16.000
2017,Annual,Isle of Man,0.491,17.667
2018,Annual,Isle of Man,0.521,15.000
2019,Annual,Isle of Man,0.574,14.000
2020,Annual,Isle of Man,0.574,17.333
2021,Annual,Isle of Man,0.561,17.000
2022,Annual,Isle of Man,0.479,9.000
2023,Annual,Isle of Man,0.534,13.667
2024,Annual,Isle of Man,0.570,19.667
2025,Annual,Isle of Man,0.517,12.667
2026,Annual,Isle of Man,0.491,14.000
2027,Annual,Isle of Man,0.500,11.000
2028,Annual,Isle of Man,0.618,21.000
2029,Annual,Isle of Man,0.560,17.000
2030,Annual,Isle of Man,0.496,19.333
2031,Annual,Isle of Man,0.523,18.000
2032,Annual,Isle of Man,0.546,15.000
2033,Annual,Isle of Man,0.558,13.000
2034,Annual,Isle of Man,0.543,14.333
2035,Annual,Isle of Man,0.531,11.333
2036,Annual,Isle of Man,0.498,13.667
2037,Annual,Isle of Man,0.478,11.000
2038,Annual,Isle of Man,0.437,10.000
2039,Annual,Isle of Man,0.542,15.667
2040,Annual,Isle of Man,0.584,17.667
2041,Annual,Isle of Man,0.534,11.667
2042,Annual,Isle of Man,0.501,12.667
2043,Annual,Isle of Man,0.507,17.667
2044,Annual,Isle of Man,0.515,15.000
2045,Annual,Isle of Man,0.565,17.333
2046,Annual,Isle of Man,0.605,16.000
2047,Annual,Isle of Man,0.546,12.667
2048,Annual,Isle of Man,0.526,12.000
2049,Annual,Isle of Man,0.496,13.000
2050,Annual,Isle of Man,0.488,10.667
2051,Annual,Isle of Man,0.548,14.000
2052,Annual,Isle of Man,0.541,13.333
2053,Annual,Isle of Man,0.527,13.667
2054,Annual,Isle of Man,0.454,14.000
2055,Annual,Isle of Man,0.526,10.000
2056,Annual,Isle of Man,0.486,9.667
2057,Annual,Isle of Man,0.586,18.333
2058,Annual,Isle of Man,0.516,13.000
2059,Annual,Isle of Man,0.521,10.667
2060,Annual,Isle of Man,0.548,14.333
2061,Annual,Isle of Man,0.521,19.333
2062,Annual,Isle of Man,0.537,19.667
2063,Annual,Isle of Man,0.462,13.000
2064,Annual,Isle of Man,0.587,15.667
2065,Annual,Isle of Man,0.481,16.000
2066,Annual,Isle of Man,0.479,14.333
2067,Annual,Isle of Man,0.521,10.333
2068,Annual,Isle of Man,0.485,11.667
2069,Annual,Isle of Man,0.515,11.667
2070,Annual,Isle of Man,0.489,11.000
2071,Annual,Isle of Man,0.475,11.000
2072,Annual,Isle of Man,0.451,12.667
2073,Annual,Isle of Man,0.504,13.000
2074,Annual,Isle of Man,0.524,14.667
2075,Annual,Isle of Man,0.455,15.000
2076,Annual,Isle of Man,0.508,11.333
2077,Annual,Isle of Man,0.514,10.667
2078,Annual,Isle of Man,0.480,17.333
2079,Annual,Isle of Man,0.553,14.000
2080,Annual,Isle of Man,0.513,12.000
1981,Annual,Northern Ireland,0.539,15.698
1982,Annual,Northern Ireland,0.593,14.419
1983,Annual,Northern Ireland,0.551,14.035
1984,Annual,Northern Ireland,0.524,12.291
1985,Annual,Northern Ireland,0.445,11.012
1986,Annual,Northern Ireland,0.561,13.674
1987,Annual,Northern Ireland,0.525,13.837
1988,Annual,Northern Ireland,0.512,13.058
1989,Annual,Northern Ireland,0.568,14.709
1990,Annual,Northern Ireland,0.518,17.663
1991,Annual,Northern Ireland,0.516,13.151
1992,Annual,Northern Ireland,0.547,12.628
1993,Annual,Northern Ireland,0.556,11.640
1994,Annual,Northern Ireland,0.578,12.663
1995,Annual,Northern Ireland,0.468,10.395
1996,Annual,Northern Ireland,0.543,12.535
1997,Annual,Northern Ireland,0.537,13.907
1998,Annual,Northern Ireland,0.515,8.605
1999,Annual,Northern Ireland,0.542,14.093
2000,Annual,Northern Ireland,0.521,11.895
2001,Annual,Northern Ireland,0.561,13.465
2002,Annual,Northern Ireland,0.532,11.674
2003,Annual,Northern Ireland,0.564,13.616
2004,Annual,Northern Ireland,0.515,12.012
2005,Annual,Northern Ireland,0.556,15.326
2006,Annual,Northern Ireland,0.480,10.953
2007,Annual,Northern Ireland,0.463,12.116
2008,Annual,Northern Ireland,0.496,13.907
2009,Annual,Northern Ireland,0.493,13.698
2010,Annual,Northern Ireland,0.448,15.674
2011,Annual,Northern Ireland,0.542,13.465
2012,Annual,Northern Ireland,0.479,10.093
2013,Annual,Northern Ireland,0.516,13.093
2014,Annual,Northern Ireland,0.546,12.488
2015,Annual,Northern Ireland,0.531,11.360
2016,Annual,Northern Ireland,0.468,10.000
2017,Annual,Northern Ireland,0.495,12.035
2018,Annual,Northern Ireland,0.484,12.163
2019,Annual,Northern Ireland,0.535,13.907
2020,Annual,Northern Ireland,0.568,13.453
2021,Annual,Northern Ireland,0.517,14.267
2022,Annual,Northern Ireland,0.498,10.116
2023,Annual,Northern Ireland,0.505,11.523
2024,Annual,Northern Ireland,0.513,13.372
2025,Annual,Northern Ireland,0.500,11.116
2026,Annual,Northern Ireland,0.495,11.116
2027,Annual,Northern Ireland,0.446,10.767
2028,Annual,Northern Ireland,0.553,11.884
2029,Annual,Northern Ireland,0.516,11.337
2030,Annual,Northern Ireland,0.502,15.081
2031,Annual,Northern Ireland,0.520,11.919
2032,Annual,Northern Ireland,0.522,14.593
2033,Annual,Northern Ireland,0.543,13.314
2034,Annual,Northern Ireland,0.544,15.140
2035,Annual,Northern Ireland,0.511,11.709
2036,Annual,Northern Ireland,0.493,11.837
2037,Annual,Northern Ireland,0.499,10.826
2038,Annual,Northern Ireland,0.442,10.314
2039,Annual,Northern Ireland,0.515,11.884
2040,Annual,Northern Ireland,0.577,15.384
2041,Annual,Northern Ireland,0.531,11.860
2042,Annual,Northern Ireland,0.484,11.128
2043,Annual,Northern Ireland,0.495,13.314
2044,Annual,Northern Ireland,0.495,10.616
2045,Annual,Northern Ireland,0.513,11.047
2046,Annual,Northern Ireland,0.559,13.128
2047,Annual,Northern Ireland,0.533,11.512
2048,Annual,Northern Ireland,0.495,10.895
2049,Annual,Northern Ireland,0.497,10.988
2050,Annual,Northern Ireland,0.490,11.349
2051,Annual,Northern Ireland,0.529,10.686
2052,Annual,Northern Ireland,0.524,10.651
2053,Annual,Northern Ireland,0.472,11.384
2054,Annual,Northern Ireland,0.454,14.674
2055,Annual,Northern Ireland,0.532,10.547
2056,Annual,Northern Ireland,0.486,13.209
2057,Annual,Northern Ireland,0.563,15.895
2058,Annual,Northern Ireland,0.531,10.535
2059,Annual,Northern Ireland,0.497,12.756
2060,Annual,Northern Ireland,0.525,12.047
2061,Annual,Northern Ireland,0.510,12.837
2062,Annual,Northern Ireland,0.524,10.070
2063,Annual,Northern Ireland,0.460,10.767
2064,Annual,Northern Ireland,0.555,13.942
2065,Annual,Northern Ireland,0.482,12.384
2066,Annual,Northern Ireland,0.483,10.267
2067,Annual,Northern Ireland,0.493,15.756
2068,Annual,Northern Ireland,0.497,12.047
2069,Annual,Northern Ireland,0.500,11.116
2070,Annual,Northern Ireland,0.497,13.895
2071,Annual,Northern Ireland,0.496,10.570
2072,Annual,Northern Ireland,0.444,10.442
2073,Annual,Northern Ireland,0.467,10.558
2074,Annual,Northern Ireland,0.487,11.756
2075,Annual,Northern Ireland,0.442,9.942
2076,Annual,Northern Ireland,0.494,11.419
2077,Annual,Northern Ireland,0.491,10.070
2078,Annual,Northern Ireland,0.498,16.942
2079,Annual,Northern Ireland,0.534,12.256
2080,Annual,Northern Ireland,0.460,11.477
1981,Annual,Wales,0.478,12.577
1982,Annual,Wales,0.521,13.307
1983,Annual,Wales,0.526,13.555
1984,Annual,Wales,0.521,15.277
1985,Annual,Wales,0.432,10.730
1986,Annual,Wales,0.500,12.416
1987,Annual,Wales,0.507,12.146
1988,Annual,Wales,0.483,10.445
1989,Annual,Wales,0.572,18.898
1990,Annual,Wales,0.506,13.234
1991,Annual,Wales,0.527,12.540
1992,Annual,Wales,0.513,10.891
1993,Annual,Wales,0.536,13.832
1994,Annual,Wales,0.581,16.197
1995,Annual,Wales,0.445,11.197
1996,Annual,Wales,0.500,14.277
1997,Annual,Wales,0.529,12.088
1998,Annual,Wales,0.516,12.146
1999,Annual,Wales,0.523,11.022
2000,Annual,Wales,0.478,12.015
2001,Annual,Wales,0.557,15.139
2002,Annual,Wales,0.531,14.555
2003,Annual,Wales,0.541,17.723
2004,Annual,Wales,0.545,15.190
2005,Annual,Wales,0.511,14.701
2006,Annual,Wales,0.466,11.832
2007,Annual,Wales,0.449,16.431
2008,Annual,Wales,0.519,13.796
2009,Annual,Wales,0.446,12.540
2010,Annual,Wales,0.451,12.350
2011,Annual,Wales,0.461,12.518
2012,Annual,Wales,0.514,15.701
2013,Annual,Wales,0.520,14.394
2014,Annual,Wales,0.503,14.015
2015,Annual,Wales,0.539,14.080
2016,Annual,Wales,0.441,13.723
2017,Annual,Wales,0.445,10.891
2018,Annual,Wales,0.448,11.942
2019,Annual,Wales,0.542,16.416
2020,Annual,Wales,0.530,14.051
2021,Annual,Wales,0.511,11.255
2022,Annual,Wales,0.493,12.109
2023,Annual,Wales,0.492,16.562
2024,Annual,Wales,0.534,14.781
2025,Annual,Wales,0.482,12.197
2026,Annual,Wales,0.456,11.197
2027,Annual,Wales,0.424,10.058
2028,Annual,Wales,0.556,18.234
2029,Annual,Wales,0.541,17.182
2030,Annual,Wales,0.487,13.139
2031,Annual,Wales,0.534,14.153
2032,Annual,Wales,0.484,15.299
2033,Annual,Wales,0.523,11.861
2034,Annual,Wales,0.520,13.307
2035,Annual,Wales,0.505,14.387
2036,Annual,Wales,0.519,13.022
2037,Annual,Wales,0.429,11.942
2038,Annual,Wales,0.460,10.745
2039,Annual,Wales,0.517,14.949
2040,Annual,Wales,0.565,20.657
2041,Annual,Wales,0.525,15.248
2042,Annual,Wales,0.479,12.540
2043,Annual,Wales,0.478,14.752
2044,Annual,Wales,0.501,15.270
2045,Annual,Wales,0.524,14.781
2046,Annual,Wales,0.535,13.394
2047,Annual,Wales,0.535,14.577
2048,Annual,Wales,0.531,16.416
2049,Annual,Wales,0.467,14.255
2050,Annual,Wales,0.456,17.365
2051,Annual,Wales,0.528,20.569
2052,Annual,Wales,0.509,10.372
2053,Annual,Wales,0.491,15.416
2054,Annual,Wales,0.425,12.474
2055,Annual,Wales,0.510,12.869
2056,Annual,Wales,0.504,12.993
2057,Annual,Wales,0.564,15.255
2058,Annual,Wales,0.502,13.810
2059,Annual,Wales,0.508,11.971
2060,Annual,Wales,0.509,14.467
2061,Annual,Wales,0.499,12.664
2062,Annual,Wales,0.536,14.547
2063,Annual,Wales,0.467,16.745
2064,Annual,Wales,0.540,14.307
2065,Annual,Wales,0.440,12.693
2066,Annual,Wales,0.477,12.664
2067,Annual,Wales,0.470,10.569
2068,Annual,Wales,0.503,15.883
2069,Annual,Wales,0.488,11.533
2070,Annual,Wales,0.458,10.854
2071,Annual,Wales,0.482,12.394
2072,Annual,Wales,0.426,11.153
2073,Annual,Wales,0.521,12.920
2074,Annual,Wales,0.478,14.569
2075,Annual,Wales,0.441,9.650
2076,Annual,Wales,0.463,9.891
2077,Annual,Wales,0.482,11.752
2078,Annual,Wales,0.453,13.416
2079,Annual,Wales,0.529,18.197
2080,Annual,Wales,0.493,12.912
1981,DJF,East Midlands,0.503,6.835
1982,DJF,East Midlands,0.476,7.165
1983,DJF,East Midlands,0.498,5.903
1984,DJF,East Midlands,0.450,4.903
1985,DJF,East Midlands,0.417,4.699
1986,DJF,East Midlands,0.510,7.165
1987,DJF,East Midlands,0.477,8.301
1988,DJF,East Midlands,0.529,8.456
1989,DJF,East Midlands,0.578,7.641
1990,DJF,East Midlands,0.646,8.505
1991,DJF,East Midlands,0.515,6.437
1992,DJF,East Midlands,0.467,6.786
1993,DJF,East Midlands,0.553,6.097
1994,DJF,East Midlands,0.592,7.447
1995,DJF,East Midlands,0.413,5.903
1996,DJF,East Midlands,0.506,6.524
1997,DJF,East Midlands,0.449,5.981
1998,DJF,East Midlands,0.462,5.039
1999,DJF,East Midlands,0.424,6.796
2000,DJF,East Midlands,0.399,4.495
2001,DJF,East Midlands,0.520,7.068
2002,DJF,East Midlands,0.606,8.233
2003,DJF,East Midlands,0.585,9.136
2004,DJF,East Midlands,0.494,9.680
2005,DJF,East Midlands,0.489,6.408
2006,DJF,East Midlands,0.415,4.573
2007,DJF,East Midlands,0.438,6.359
2008,DJF,East Midlands,0.584,9.010
2009,DJF,East Midlands,0.465,6.748
2010,DJF,East Midlands,0.472,10.117
2011,DJF,East Midlands,0.436,6.447
2012,DJF,East Midlands,0.454,6.039
2013,DJF,East Midlands,0.619,8.175
2014,DJF,East Midlands,0.528,6.806
2015,DJF,East Midlands,0.406,5.680
2016,DJF,East Midlands,0.574,7.311
2017,DJF,East Midlands,0.355,7.282
2018,DJF,East Midlands,0.367,6.485
2019,DJF,East Midlands,0.614,7.233
2020,DJF,East Midlands,0.535,6.680
2021,DJF,East Midlands,0.442,6.447
2022,DJF,East Midlands,0.497,8.398
2023,DJF,East Midlands,0.459,6.272
2024,DJF,East Midlands,0.543,6.078
2025,DJF,East Midlands,0.475,6.049
2026,DJF,East Midlands,0.431,6.631
2027,DJF,East Midlands,0.425,8.117
2028,DJF,East Midlands,0.500,6.369
2029,DJF,East Midlands,0.542,9.777
2030,DJF,East Midlands,0.544,7.117
2031,DJF,East Midlands,0.516,7.029
2032,DJF,East Midlands,0.475,8.243
2033,DJF,East Midlands,0.421,4.981
2034,DJF,East Midlands,0.517,9.068
2035,DJF,East Midlands,0.482,6.136
2036,DJF,East Midlands,0.428,6.379
2037,DJF,East Midlands,0.438,8.175
2038,DJF,East Midlands,0.556,8.515
2039,DJF,East Midlands,0.476,7.718
2040,DJF,East Midlands,0.531,8.039
2041,DJF,East Midlands,0.448,5.252
2042,DJF,East Midlands,0.517,6.922
2043,DJF,East Midlands,0.465,7.903
2044,DJF,East Midlands,0.507,6.592
2045,DJF,East Midlands,0.574,6.757
2046,DJF,East Midlands,0.531,7.903
2047,DJF,East Midlands,0.489,6.320
2048,DJF,East Midlands,0.560,9.029
2049,DJF,East Midlands,0.499,7.068
2050,DJF,East Midlands,0.500,8.330
2051,DJF,East Midlands,0.559,7.913
2052,DJF,East Midlands,0.500,7.466
2053,DJF,East Midlands,0.583,9.806
2054,DJF,East Midlands,0.582,9.282
2055,DJF,East Midlands,0.431,7.796
2056,DJF,East Midlands,0.472,6.718
2057,DJF,East Midlands,0.488,6.029
2058,DJF,East Midlands,0.504,7.728
2059,DJF,East Midlands,0.399,5.340
2060,DJF,East Midlands,0.497,6.311
2061,DJF,East Midlands,0.476,8.738
2062,DJF,East Midlands,0.577,6.806
2063,DJF,East Midlands,0.596,9.350
2064,DJF,East Midlands,0.521,4.903
2065,DJF,East Midlands,0.459,6.272
2066,DJF,East Midlands,0.460,8.408
2067,DJF,East Midlands,0.436,7.650
2068,DJF,East Midlands,0.520,7.641
2069,DJF,East Midlands,0.417,5.942
2070,DJF,East Midlands,0.546,7.680
2071,DJF,East Midlands,0.467,6.126
2072,DJF,East Midlands,0.428,6.505
2073,DJF,East Midlands,0.606,7.340
2074,DJF,East Midlands,0.584,7.534
2075,DJF,East Midlands,0.409,5.913
2076,DJF,East Midlands,0.414,6.029
2077,DJF,East Midlands,0.460,6.612
2078,DJF,East Midlands,0.412,4.680
2079,DJF,East Midlands,0.494,8.155
2080,DJF,East Midlands,0.435,6.835
1981,DJF,East of England,0.448,5.548
1982,DJF,East of England,0.486,6.198
1983,DJF,East of England,0.532,8.095
1984,DJF,East of England,0.469,6.111
1985,DJF,East of England,0.469,5.492
1986,DJF,East of England,0.485,6.667
1987,DJF,East of England,0.452,7.841
1988,DJF,East of England,0.529,7.635
1989,DJF,East of England,0.539,5.929
1990,DJF,East of England,0.564,6.683
1991,DJF,East of England,0.490,7.135
1992,DJF,East of England,0.450,6.119
1993,DJF,East of England,0.551,7.484
1994,DJF,East of England,0.610,7.468
1995,DJF,East of England,0.438,6.556
1996,DJF,East of England,0.531,7.603
1997,DJF,East of England,0.465,7.349
1998,DJF,East of England,0.449,4.698
1999,DJF,East of England,0.386,5.159
2000,DJF,East of England,0.392,5.103
2001,DJF,East of England,0.492,6.944
2002,DJF,East of England,0.589,13.151
2003,DJF,East of England,0.593,7.341
2004,DJF,East of England,0.502,10.516
2005,DJF,East of England,0.455,7.024
2006,DJF,East of England,0.389,4.952
2007,DJF,East of England,0.465,6.722
2008,DJF,East of England,0.558,7.127
2009,DJF,East of England,0.388,4.214
2010,DJF,East of England,0.452,8.825
2011,DJF,East of England,0.469,6.238
2012,DJF,East of England,0.384,4.397
2013,DJF,East of England,0.592,10.373
2014,DJF,East of England,0.519,6.032
2015,DJF,East of England,0.385,4.952
2016,DJF,East of England,0.494,5.349
2017,DJF,East of England,0.303,7.667
2018,DJF,East of England,0.362,6.643
2019,DJF,East of England,0.563,6.127
2020,DJF,East of England,0.501,5.754
2021,DJF,East of England,0.365,5.611
2022,DJF,East of England,0.475,7.079
2023,DJF,East of England,0.454,5.452
2024,DJF,East of England,0.540,6.786
2025,DJF,East of England,0.488,6.762
2026,DJF,East of England,0.417,8.294
2027,DJF,East of England,0.429,10.683
2028,DJF,East of England,0.489,5.667
2029,DJF,East of England,0.485,5.881
2030,DJF,East of England,0.513,5.500
2031,DJF,East of England,0.466,5.071
2032,DJF,East of England,0.432,5.897
2033,DJF,East of England,0.420,4.516
2034,DJF,East of England,0.501,9.683
2035,DJF,East of England,0.496,6.984
2036,DJF,East of England,0.428,5.460
2037,DJF,East of England,0.409,6.810
2038,DJF,East of England,0.533,7.135
2039,DJF,East of England,0.472,6.111
2040,DJF,East of England,0.497,5.690
2041,DJF,East of England,0.478,5.968
2042,DJF,East of England,0.538,6.579
2043,DJF,East of England,0.456,6.056
2044,DJF,East of England,0.436,5.389
2045,DJF,East of England,0.572,6.413
2046,DJF,East of England,0.527,7.817
2047,DJF,East of England,0.480,6.040
2048,DJF,East of England,0.525,5.857
2049,DJF,East of England,0.454,5.484
2050,DJF,East of England,0.482,8.770
2051,DJF,East of England,0.487,4.151
2052,DJF,East of England,0.463,7.056
2053,DJF,East of England,0.510,7.214
2054,DJF,East of England,0.561,8.333
2055,DJF,East of England,0.381,7.032
2056,DJF,East of England,0.435,4.476
2057,DJF,East of England,0.487,5.397
2058,DJF,East of England,0.535,7.508
2059,DJF,East of England,0.413,5.897
2060,DJF,East of England,0.486,6.929
2061,DJF,East of England,0.472,5.524
2062,DJF,East of England,0.602,7.175
2063,DJF,East of England,0.570,7.413
2064,DJF,East of England,0.444,4.294
2065,DJF,East of England,0.435,5.317
2066,DJF,East of England,0.455,8.262
2067,DJF,East of England,0.403,8.675
2068,DJF,East of England,0.476,5.270
2069,DJF,East of England,0.392,4.643
2070,DJF,East of England,0.518,6.706
2071,DJF,East of England,0.485,6.738
2072,DJF,East of England,0.398,5.897
2073,DJF,East of England,0.620,8.476
2074,DJF,East of England,0.548,6.937
2075,DJF,East of England,0.353,6.198
2076,DJF,East of England,0.445,5.349
2077,DJF,East of England,0.425,6.413
2078,DJF,East of England,0.399,4.206
2079,DJF,East of England,0.451,5.690
2080,DJF,East of England,0.408,6.563
1981,DJF,East Scotland,0.602,13.887
1982,DJF,East Scotland,0.481,7.748
1983,DJF,East Scotland,0.549,9.082
1984,DJF,East Scotland,0.581,12.101
1985,DJF,East Scotland,0.502,9.013
1986,DJF,East Scotland,0.634,13.686
1987,DJF,East Scotland,0.539,9.566
1988,DJF,East Scotland,0.550,10.748
1989,DJF,East Scotland,0.577,9.132
1990,DJF,East Scotland,0.657,12.516
1991,DJF,East Scotland,0.649,10.912
1992,DJF,East Scotland,0.550,8.679
1993,DJF,East Scotland,0.614,10.176
1994,DJF,East Scotland,0.541,8.094
1995,DJF,East Scotland,0.453,7.673
1996,DJF,East Scotland,0.610,10.642
1997,DJF,East Scotland,0.538,8.428
1998,DJF,East Scotland,0.526,9.063
1999,DJF,East Scotland,0.557,11.742
2000,DJF,East Scotland,0.547,9.855
2001,DJF,East Scotland,0.594,9.956
2002,DJF,East Scotland,0.516,8.415
2003,DJF,East Scotland,0.626,12.623
2004,DJF,East Scotland,0.541,11.616
2005,DJF,East Scotland,0.559,9.931
2006,DJF,East Scotland,0.555,10.352
2007,DJF,East Scotland,0.479,7.252
2008,DJF,East Scotland,0.562,11.824
2009,DJF,East Scotland,0.560,10.220
2010,DJF,East Scotland,0.451,8.138
2011,DJF,East Scotland,0.501,8.396
2012,DJF,East Scotland,0.550,9.673
2013,DJF,East Scotland,0.631,12.509
2014,DJF,East Scotland,0.507,8.277
2015,DJF,East Scotland,0.574,14.767
2016,DJF,East Scotland,0.613,13.642
2017,DJF,East Scotland,0.371,6.597
2018,DJF,East Scotland,0.469,8.610
2019,DJF,East Scotland,0.623,9.415
2020,DJF,East Scotland,0.662,13.730
2021,DJF,East Scotland,0.552,8.566
2022,DJF,East Scotland,0.574,10.220
2023,DJF,East Scotland,0.498,9.069
2024,DJF,East Scotland,0.593,9.472
2025,DJF,East Scotland,0.593,12.252
2026,DJF,East Scotland,0.500,7.572
2027,DJF,East Scotland,0.520,10.113
2028,DJF,East Scotland,0.611,13.560
2029,DJF,East Scotland,0.568,10.472
2030,DJF,East Scotland,0.556,11.428
2031,DJF,East Scotland,0.550,10.849
2032,DJF,East Scotland,0.571,9.447
2033,DJF,East Scotland,0.498,9.094
2034,DJF,East Scotland,0.589,10.881
2035,DJF,East Scotland,0.567,10.616
2036,DJF,East Scotland,0.490,7.761
2037,DJF,East Scotland,0.529,10.327
2038,DJF,East Scotland,0.505,12.302
2039,DJF,East Scotland,0.487,8.396
2040,DJF,East Scotland,0.586,10.994
2041,DJF,East Scotland,0.611,12.818
2042,DJF,East Scotland,0.568,11.522
2043,DJF,East Scotland,0.530,9.403
2044,DJF,East Scotland,0.582,10.164
2045,DJF,East Scotland,0.619,9.736
2046,DJF,East Scotland,0.674,14.151
2047,DJF,East Scotland,0.625,9.805
2048,DJF,East Scotland,0.579,10.969
2049,DJF,East Scotland,0.607,10.459
2050,DJF,East Scotland,0.537,8.887
2051,DJF,East Scotland,0.619,10.541
2052,DJF,East Scotland,0.486,7.969
2053,DJF,East Scotland,0.568,9.975
2054,DJF,East Scotland,0.568,14.119
2055,DJF,East Scotland,0.531,10.516
2056,DJF,East Scotland,0.478,7.472
2057,DJF,East Scotland,0.595,13.327
2058,DJF,East Scotland,0.600,9.522
2059,DJF,East Scotland,0.470,6.333
2060,DJF,East Scotland,0.582,9.660
2061,DJF,East Scotland,0.531,8.358
2062,DJF,East Scotland,0.601,10.384
2063,DJF,East Scotland,0.539,8.000
2064,DJF,East Scotland,0.620,11.931
2065,DJF,East Scotland,0.502,7.522
2066,DJF,East Scotland,0.618,11.289
2067,DJF,East Scotland,0.603,10.421
2068,DJF,East Scotland,0.600,9.270
2069,DJF,East Scotland,0.485,8.899
2070,DJF,East Scotland,0.642,11.346
2071,DJF,East Scotland,0.557,8.610
2072,DJF,East Scotland,0.478,8.270
2073,DJF,East Scotland,0.621,11.610
2074,DJF,East Scotland,0.633,10.340
2075,DJF,East Scotland,0.505,8.730
2076,DJF,East Scotland,0.533,9.553
2077,DJF,East Scotland,0.556,8.736
2078,DJF,East Scotland,0.515,9.277
2079,DJF,East Scotland,0.507,7.264
2080,DJF,East Scotland,0.508,7.132
1981,DJF,London,0.452,5.500
1982,DJF,London,0.453,5.667
1983,DJF,London,0.526,5.667
1984,DJF,London,0.556,5.833
1985,DJF,London,0.469,5.667
1986,DJF,London,0.462,7.333
1987,DJF,London,0.468,8.083
1988,DJF,London,0.515,8.667
1989,DJF,London,0.559,5.417
1990,DJF,London,0.610,6.083
1991,DJF,London,0.497,8.250
1992,DJF,London,0.523,6.000
1993,DJF,London,0.581,7.250
1994,DJF,London,0.627,6.333
1995,DJF,London,0.464,9.500
1996,DJF,London,0.552,9.500
1997,DJF,London,0.460,7.000
1998,DJF,London,0.402,4.083
1999,DJF,London,0.376,5.083
2000,DJF,London,0.385,4.417
2001,DJF,London,0.524,7.417
2002,DJF,London,0.615,14.000
2003,DJF,London,0.618,7.167
2004,DJF,London,0.554,12.000
2005,DJF,London,0.532,9.583
2006,DJF,London,0.406,4.000
2007,DJF,London,0.492,6.583
2008,DJF,London,0.545,6.833
2009,DJF,London,0.418,4.000
2010,DJF,London,0.432,5.583
2011,DJF,London,0.416,4.750
2012,DJF,London,0.420,5.500
2013,DJF,London,0.649,10.167
2014,DJF,London,0.561,7.000
2015,DJF,London,0.402,3.917
2016,DJF,London,0.535,5.667
2017,DJF,London,0.310,6.917
2018,DJF,London,0.378,7.000
2019,DJF,London,0.597,6.667
2020,DJF,London,0.491,5.250
2021,DJF,London,0.412,8.167
2022,DJF,London,0.460,7.250
2023,DJF,London,0.500,6.417
2024,DJF,London,0.560,6.667
2025,DJF,London,0.509,6.000
2026,DJF,London,0.446,9.583
2027,DJF,London,0.452,8.917
2028,DJF,London,0.528,6.000
2029,DJF,London,0.497,5.417
2030,DJF,London,0.586,5.250
2031,DJF,London,0.508,7.500
2032,DJF,London,0.424,4.417
2033,DJF,London,0.430,3.583
2034,DJF,London,0.555,10.250
2035,DJF,London,0.521,8.167
2036,DJF,London,0.484,7.583
2037,DJF,London,0.401,8.000
2038,DJF,London,0.568,8.333
2039,DJF,London,0.488,6.500
2040,DJF,London,0.515,5.833
2041,DJF,London,0.558,6.583
2042,DJF,London,0.570,6.333
2043,DJF,London,0.499,7.500
2044,DJF,London,0.429,4.167
2045,DJF,London,0.611,7.667
2046,DJF,London,0.548,6.417
2047,DJF,London,0.479,7.333
2048,DJF,London,0.582,12.333
2049,DJF,London,0.479,5.667
2050,DJF,London,0.502,9.667
2051,DJF,London,0.505,6.250
2052,DJF,London,0.462,6.750
2053,DJF,London,0.552,9.750
2054,DJF,London,0.580,9.667
2055,DJF,London,0.406,7.083
2056,DJF,London,0.465,4.750
2057,DJF,London,0.522,5.667
2058,DJF,London,0.559,11.333
2059,DJF,London,0.406,5.833
2060,DJF,London,0.482,6.500
2061,DJF,London,0.467,8.083
2062,DJF,London,0.623,8.250
2063,DJF,London,0.601,8.333
2064,DJF,London,0.472,6.083
2065,DJF,London,0.444,5.500
2066,DJF,London,0.456,7.917
2067,DJF,London,0.447,8.833
2068,DJF,London,0.484,6.500
2069,DJF,London,0.456,4.583
2070,DJF,London,0.542,6.167
2071,DJF,London,0.514,7.333
2072,DJF,London,0.426,7.250
2073,DJF,London,0.606,14.000
2074,DJF,London,0.578,8.750
2075,DJF,London,0.402,9.583
2076,DJF,London,0.446,5.667
2077,DJF,London,0.437,7.750
2078,DJF,London,0.421,4.750
2079,DJF,London,0.520,9.500
2080,DJF,London,0.463,8.167
1981,DJF,North East England,0.453,8.193
1982,DJF,North East England,0.474,6.614
1983,DJF,North East England,0.453,6.544
1984,DJF,North East England,0.481,7.684
1985,DJF,North East England,0.493,7.789
1986,DJF,North East England,0.559,10.632
1987,DJF,North East England,0.478,9.316
1988,DJF,North East England,0.461,7.719
1989,DJF,North East England,0.493,6.772
1990,DJF,North East England,0.642,11.368
1991,DJF,North East England,0.610,9.175
1992,DJF,North East England,0.477,7.228
1993,DJF,North East England,0.535,8.000
1994,DJF,North East England,0.452,6.877
1995,DJF,North East England,0.443,6.579
1996,DJF,North East England,0.516,8.351
1997,DJF,North East England,0.478,7.526
1998,DJF,North East England,0.473,5.965
1999,DJF,North East England,0.470,10.684
2000,DJF,North East England,0.387,5.474
2001,DJF,North East England,0.585,10.211
2002,DJF,North East England,0.556,9.175
2003,DJF,North East England,0.516,9.526
2004,DJF,North East England,0.457,8.561
2005,DJF,North East England,0.491,7.053
2006,DJF,North East England,0.467,6.351
2007,DJF,North East England,0.439,6.474
2008,DJF,North East England,0.537,11.088
2009,DJF,North East England,0.519,10.263
2010,DJF,North East England,0.488,9.509
2011,DJF,North East England,0.549,8.702
2012,DJF,North East England,0.488,8.000
2013,DJF,North East England,0.561,8.404
2014,DJF,North East England,0.493,6.123
2015,DJF,North East England,0.492,11.351
2016,DJF,North East England,0.620,13.474
2017,DJF,North East England,0.469,8.544
2018,DJF,North East England,0.416,6.649
2019,DJF,North East England,0.589,7.772
2020,DJF,North East England,0.597,11.684
2021,DJF,North East England,0.446,7.351
2022,DJF,North East England,0.565,10.474
2023,DJF,North East England,0.472,8.088
2024,DJF,North East England,0.542,6.667
2025,DJF,North East England,0.519,7.807
2026,DJF,North East England,0.438,7.737
2027,DJF,North East England,0.505,8.632
2028,DJF,North East England,0.513,8.719
2029,DJF,North East England,0.573,9.912
2030,DJF,North East England,0.484,7.421
2031,DJF,North East England,0.521,9.421
2032,DJF,North East England,0.499,8.105
2033,DJF,North East England,0.437,6.789
2034,DJF,North East England,0.563,7.175
2035,DJF,North East England,0.530,7.018
2036,DJF,North East England,0.405,6.754
2037,DJF,North East England,0.443,8.842
2038,DJF,North East England,0.533,9.632
2039,DJF,North East England,0.469,9.333
2040,DJF,North East England,0.444,9.298
2041,DJF,North East England,0.519,9.895
2042,DJF,North East England,0.497,6.632
2043,DJF,North East England,0.489,8.719
2044,DJF,North East England,0.523,7.544
2045,DJF,North East England,0.597,9.439
2046,DJF,North East England,0.567,9.579
2047,DJF,North East England,0.571,8.228
2048,DJF,North East England,0.572,12.895
2049,DJF,North East England,0.527,7.667
2050,DJF,North East England,0.460,6.947
2051,DJF,North East England,0.527,9.579
2052,DJF,North East England,0.444,5.263
2053,DJF,North East England,0.537,9.860
2054,DJF,North East England,0.597,13.228
2055,DJF,North East England,0.486,9.000
2056,DJF,North East England,0.398,5.737
2057,DJF,North East England,0.558,10.263
2058,DJF,North East England,0.507,6.807
2059,DJF,North East England,0.405,5.193
2060,DJF,North East England,0.528,7.211
2061,DJF,North East England,0.534,6.877
2062,DJF,North East England,0.520,8.491
2063,DJF,North East England,0.527,7.702
2064,DJF,North East England,0.511,8.193
2065,DJF,North East England,0.426,6.351
2066,DJF,North East England,0.586,9.965
2067,DJF,North East England,0.513,6.702
2068,DJF,North East England,0.538,7.421
2069,DJF,North East England,0.442,8.070
2070,DJF,North East England,0.559,8.281
2071,DJF,North East England,0.481,7.333
2072,DJF,North East England,0.445,6.386
2073,DJF,North East England,0.613,11.596
2074,DJF,North East England,0.551,7.930
2075,DJF,North East England,0.386,5.158
2076,DJF,North East England,0.545,9.877
2077,DJF,North East England,0.492,7.579
2078,DJF,North East England,0.465,7.123
2079,DJF,North East England,0.425,5.649
2080,DJF,North East England,0.462,6.930
1981,DJF,North Scotland,0.738,32.294
1982,DJF,North Scotland,0.659,13.224
1983,DJF,North Scotland,0.651,14.234
1984,DJF,North Scotland,0.667,20.975
1985,DJF,North Scotland,0.508,9.184
1986,DJF,North Scotland,0.687,16.557
1987,DJF,North Scotland,0.658,15.572
1988,DJF,North Scotland,0.714,18.194
1989,DJF,North Scotland,0.654,14.169
1990,DJF,North Scotland,0.669,21.000
1991,DJF,North Scotland,0.583,13.642
1992,DJF,North Scotland,0.570,11.821
1993,DJF,North Scotland,0.700,17.403
1994,DJF,North Scotland,0.643,17.876
1995,DJF,North Scotland,0.508,12.483
1996,DJF,North Scotland,0.759,17.806
1997,DJF,North Scotland,0.709,19.075
1998,DJF,North Scotland,0.587,13.483
1999,DJF,North Scotland,0.645,15.164
2000,DJF,North Scotland,0.708,16.871
2001,DJF,North Scotland,0.608,10.756
2002,DJF,North Scotland,0.589,12.423
2003,DJF,North Scotland,0.681,21.587
2004,DJF,North Scotland,0.674,20.224
2005,DJF,North Scotland,0.653,17.776
2006,DJF,North Scotland,0.671,14.761
2007,DJF,North Scotland,0.539,10.294
2008,DJF,North Scotland,0.573,12.124
2009,DJF,North Scotland,0.592,12.343
2010,DJF,North Scotland,0.506,9.090
2011,DJF,North Scotland,0.665,17.836
2012,DJF,North Scotland,0.623,15.622
2013,DJF,North Scotland,0.720,16.876
2014,DJF,North Scotland,0.617,13.159
2015,DJF,North Scotland,0.661,20.930
2016,DJF,North Scotland,0.595,14.662
2017,DJF,North Scotland,0.406,12.945
2018,DJF,North Scotland,0.537,9.786
2019,DJF,North Scotland,0.627,14.980
2020,DJF,North Scotland,0.579,10.547
2021,DJF,North Scotland,0.597,9.527
2022,DJF,North Scotland,0.562,13.005
2023,DJF,North Scotland,0.549,15.104
2024,DJF,North Scotland,0.640,15.682
2025,DJF,North Scotland,0.694,15.134
2026,DJF,North Scotland,0.631,13.090
2027,DJF,North Scotland,0.542,11.333
2028,DJF,North Scotland,0.668,19.318
2029,DJF,North Scotland,0.582,11.413
2030,DJF,North Scotland,0.686,21.512
2031,DJF,North Scotland,0.655,12.378
2032,DJF,North Scotland,0.599,10.279
2033,DJF,North Scotland,0.578,9.866
2034,DJF,North Scotland,0.561,10.950
2035,DJF,North Scotland,0.618,14.622
2036,DJF,North Scotland,0.643,12.627
2037,DJF,North Scotland,0.662,11.602
2038,DJF,North Scotland,0.466,10.682
2039,DJF,North Scotland,0.591,13.159
2040,DJF,North Scotland,0.740,21.104
2041,DJF,North Scotland,0.681,17.100
2042,DJF,North Scotland,0.715,17.562
2043,DJF,North Scotland,0.631,14.726
2044,DJF,North Scotland,0.575,10.955
2045,DJF,North Scotland,0.745,  NA
2046,DJF,North Scotland,0.657,15.124
2047,DJF,North Scotland,0.710,14.418
2048,DJF,North Scotland,0.642,16.517
2049,DJF,North Scotland,0.641,13.488
2050,DJF,North Scotland,0.638,14.453
2051,DJF,North Scotland,0.734,15.199
2052,DJF,North Scotland,0.592,12.209
2053,DJF,North Scotland,0.572,10.090
2054,DJF,North Scotland,0.582,16.647
2055,DJF,North Scotland,0.620,12.383
2056,DJF,North Scotland,0.621,12.254
2057,DJF,North Scotland,0.642,14.378
2058,DJF,North Scotland,0.699,17.199
2059,DJF,North Scotland,0.622,10.413
2060,DJF,North Scotland,0.663,13.851
2061,DJF,North Scotland,0.514,8.995
2062,DJF,North Scotland,0.673,15.065
2063,DJF,North Scotland,0.600,12.667
2064,DJF,North Scotland,0.676,17.219
2065,DJF,North Scotland,0.619,10.806
2066,DJF,North Scotland,0.591,9.637
2067,DJF,North Scotland,0.642,16.239
2068,DJF,North Scotland,0.654,13.627
2069,DJF,North Scotland,0.565,10.726
2070,DJF,North Scotland,0.716,12.557
2071,DJF,North Scotland,0.662,12.343
2072,DJF,North Scotland,0.641,14.493
2073,DJF,North Scotland,0.608,10.537
2074,DJF,North Scotland,0.645,11.726
2075,DJF,North Scotland,0.618,13.935
2076,DJF,North Scotland,0.540,10.308
2077,DJF,North Scotland,0.647,13.861
2078,DJF,North Scotland,0.701,19.065
2079,DJF,North Scotland,0.647,14.303
2080,DJF,North Scotland,0.573,9.990
1981,DJF,North West England,0.812,19.237
1982,DJF,North West England,0.565,10.828
1983,DJF,North West England,0.678,13.387
1984,DJF,North West England,0.720,17.129
1985,DJF,North West England,0.480,7.925
1986,DJF,North West England,0.629,14.409
1987,DJF,North West England,0.628,15.430
1988,DJF,North West England,0.711,16.333
1989,DJF,North West England,0.688,13.806
1990,DJF,North West England,0.724,21.989
1991,DJF,North West England,0.647,10.753
1992,DJF,North West England,0.572,11.419
1993,DJF,North West England,0.734,18.183
1994,DJF,North West England,0.771,17.667
1995,DJF,North West England,0.455,8.172
1996,DJF,North West England,0.780,13.022
1997,DJF,North West England,0.608,11.129
1998,DJF,North West England,0.634,10.108
1999,DJF,North West England,0.665,10.247
2000,DJF,North West England,0.631,11.624
2001,DJF,North West England,0.582,12.763
2002,DJF,North West England,0.634,15.462
2003,DJF,North West England,0.750,19.258
2004,DJF,North West England,0.740,20.903
2005,DJF,North West England,0.677,15.667
2006,DJF,North West England,0.609,9.935
2007,DJF,North West England,0.488,10.226
2008,DJF,North West England,0.623,14.161
2009,DJF,North West England,0.585,11.290
2010,DJF,North West England,0.423,8.387
2011,DJF,North West England,0.579,17.688
2012,DJF,North West England,0.571,12.699
2013,DJF,North West England,0.777,16.441
2014,DJF,North West England,0.604,12.129
2015,DJF,North West England,0.655,15.011
2016,DJF,North West England,0.681,17.097
2017,DJF,North West England,0.379,8.129
2018,DJF,North West England,0.522,10.634
2019,DJF,North West England,0.811,19.398
2020,DJF,North West England,0.637,14.344
2021,DJF,North West England,0.573,10.430
2022,DJF,North West England,0.574,11.871
2023,DJF,North West England,0.536,12.989
2024,DJF,North West England,0.714,15.183
2025,DJF,North West England,0.602,13.290
2026,DJF,North West England,0.537,12.129
2027,DJF,North West England,0.529,10.527
2028,DJF,North West England,0.741,21.011
2029,DJF,North West England,0.641,17.914
2030,DJF,North West England,0.757,18.570
2031,DJF,North West England,0.647,14.989
2032,DJF,North West England,0.584,10.720
2033,DJF,North West England,0.517,11.860
2034,DJF,North West England,0.599,12.054
2035,DJF,North West England,0.602,12.355
2036,DJF,North West England,0.581,16.043
2037,DJF,North West England,0.656,13.763
2038,DJF,North West England,0.481,8.667
2039,DJF,North West England,0.571,15.398
2040,DJF,North West England,0.778,23.559
2041,DJF,North West England,0.671,18.387
2042,DJF,North West England,0.674,12.763
2043,DJF,North West England,0.614,16.806
2044,DJF,North West England,0.598,9.925
2045,DJF,North West England,0.776,17.333
2046,DJF,North West England,0.726,15.108
2047,DJF,North West England,0.746,16.731
2048,DJF,North West England,0.678,12.226
2049,DJF,North West England,0.683,17.000
2050,DJF,North West England,0.651,12.161
2051,DJF,North West England,0.786,20.624
2052,DJF,North West England,0.601,9.860
2053,DJF,North West England,0.605,13.688
2054,DJF,North West England,0.541,15.129
2055,DJF,North West England,0.580,12.925
2056,DJF,North West England,0.627,11.505
2057,DJF,North West England,0.611,15.548
2058,DJF,North West England,0.719,12.366
2059,DJF,North West England,0.563,10.914
2060,DJF,North West England,0.702,13.280
2061,DJF,North West England,0.563,15.570
2062,DJF,North West England,0.743,13.817
2063,DJF,North West England,0.611,10.871
2064,DJF,North West England,0.666,13.581
2065,DJF,North West England,0.607,16.065
2066,DJF,North West England,0.575,11.452
2067,DJF,North West England,0.522,8.462
2068,DJF,North West England,0.690,18.323
2069,DJF,North West England,0.532,9.118
2070,DJF,North West England,0.710,14.323
2071,DJF,North West England,0.612,11.677
2072,DJF,North West England,0.535,10.559
2073,DJF,North West England,0.670,12.043
2074,DJF,North West England,0.644,14.118
2075,DJF,North West England,0.536,8.559
2076,DJF,North West England,0.522,9.237
2077,DJF,North West England,0.569,10.613
2078,DJF,North West England,0.699,16.366
2079,DJF,North West England,0.679,16.871
2080,DJF,North West England,0.577,13.226
1981,DJF,South East England,0.513,7.280
1982,DJF,South East England,0.419,4.814
1983,DJF,South East England,0.526,6.339
1984,DJF,South East England,0.549,8.000
1985,DJF,South East England,0.462,6.644
1986,DJF,South East England,0.461,6.517
1987,DJF,South East England,0.403,6.983
1988,DJF,South East England,0.460,7.754
1989,DJF,South East England,0.560,6.288
1990,DJF,South East England,0.555,6.771
1991,DJF,South East England,0.523,7.364
1992,DJF,South East England,0.480,5.669
1993,DJF,South East England,0.554,7.475
1994,DJF,South East England,0.621,8.458
1995,DJF,South East England,0.395,6.483
1996,DJF,South East England,0.539,7.805
1997,DJF,South East England,0.391,6.695
1998,DJF,South East England,0.409,4.644
1999,DJF,South East England,0.378,5.508
2000,DJF,South East England,0.378,5.153
2001,DJF,South East England,0.488,6.661
2002,DJF,South East England,0.574,12.449
2003,DJF,South East England,0.598,8.424
2004,DJF,South East England,0.576,11.653
2005,DJF,South East England,0.524,10.746
2006,DJF,South East England,0.373,4.763
2007,DJF,South East England,0.453,6.178
2008,DJF,South East England,0.554,7.297
2009,DJF,South East England,0.450,6.627
2010,DJF,South East England,0.435,5.763
2011,DJF,South East England,0.376,4.814
2012,DJF,South East England,0.438,6.034
2013,DJF,South East England,0.627,9.585
2014,DJF,South East England,0.528,7.246
2015,DJF,South East England,0.426,5.390
2016,DJF,South East England,0.543,6.720
2017,DJF,South East England,0.246,5.805
2018,DJF,South East England,0.370,6.415
2019,DJF,South East England,0.593,7.212
2020,DJF,South East England,0.499,5.458
2021,DJF,South East England,0.424,7.212
2022,DJF,South East England,0.468,8.288
2023,DJF,South East England,0.492,7.042
2024,DJF,South East England,0.544,6.898
2025,DJF,South East England,0.453,5.059
2026,DJF,South East England,0.410,8.661
2027,DJF,South East England,0.440,13.008
2028,DJF,South East England,0.534,6.220
2029,DJF,South East England,0.509,8.407
2030,DJF,South East England,0.564,6.576
2031,DJF,South East England,0.511,6.669
2032,DJF,South East England,0.402,5.220
2033,DJF,South East England,0.404,4.797
2034,DJF,South East England,0.495,8.737
2035,DJF,South East England,0.478,7.339
2036,DJF,South East England,0.467,8.212
2037,DJF,South East England,0.376,6.347
2038,DJF,South East England,0.522,7.076
2039,DJF,South East England,0.473,8.534
2040,DJF,South East England,0.513,6.127
2041,DJF,South East England,0.561,8.212
2042,DJF,South East England,0.531,7.602
2043,DJF,South East England,0.449,5.983
2044,DJF,South East England,0.444,4.847
2045,DJF,South East England,0.581,7.619
2046,DJF,South East England,0.551,7.186
2047,DJF,South East England,0.452,6.780
2048,DJF,South East England,0.563,9.076
2049,DJF,South East England,0.487,7.610
2050,DJF,South East England,0.521,12.390
2051,DJF,South East England,0.552,8.144
2052,DJF,South East England,0.466,7.169
2053,DJF,South East England,0.519,9.034
2054,DJF,South East England,0.530,9.653
2055,DJF,South East England,0.404,7.407
2056,DJF,South East England,0.461,6.517
2057,DJF,South East England,0.495,6.458
2058,DJF,South East England,0.551,8.559
2059,DJF,South East England,0.443,5.356
2060,DJF,South East England,0.492,6.203
2061,DJF,South East England,0.439,6.822
2062,DJF,South East England,0.631,8.186
2063,DJF,South East England,0.579,9.593
2064,DJF,South East England,0.487,5.559
2065,DJF,South East England,0.437,6.678
2066,DJF,South East England,0.458,8.381
2067,DJF,South East England,0.418,7.542
2068,DJF,South East England,0.473,5.992
2069,DJF,South East England,0.459,7.407
2070,DJF,South East England,0.495,5.085
2071,DJF,South East England,0.500,7.034
2072,DJF,South East England,0.396,6.780
2073,DJF,South East England,0.601,10.763
2074,DJF,South East England,0.581,8.720
2075,DJF,South East England,0.397,6.500
2076,DJF,South East England,0.444,5.619
2077,DJF,South East England,0.458,6.797
2078,DJF,South East England,0.431,5.136
2079,DJF,South East England,0.507,10.593
2080,DJF,South East England,0.459,8.390
1981,DJF,South West England,0.622,10.772
1982,DJF,South West England,0.455,6.576
1983,DJF,South West England,0.556,8.259
1984,DJF,South West England,0.588,9.943
1985,DJF,South West England,0.466,6.070
1986,DJF,South West England,0.524,10.595
1987,DJF,South West England,0.446,10.158
1988,DJF,South West England,0.509,7.285
1989,DJF,South West England,0.691,16.829
1990,DJF,South West England,0.552,8.019
1991,DJF,South West England,0.587,9.468
1992,DJF,South West England,0.557,7.684
1993,DJF,South West England,0.624,9.937
1994,DJF,South West England,0.657,10.759
1995,DJF,South West England,0.431,7.943
1996,DJF,South West England,0.630,10.424
1997,DJF,South West England,0.406,7.741
1998,DJF,South West England,0.496,7.063
1999,DJF,South West England,0.478,7.449
2000,DJF,South West England,0.450,6.361
2001,DJF,South West England,0.555,8.316
2002,DJF,South West England,0.594,14.962
2003,DJF,South West England,0.646,12.557
2004,DJF,South West England,0.651,12.759
2005,DJF,South West England,0.590,11.987
2006,DJF,South West England,0.440,6.690
2007,DJF,South West England,0.507,7.329
2008,DJF,South West England,0.597,10.051
2009,DJF,South West England,0.562,9.962
2010,DJF,South West England,0.422,6.867
2011,DJF,South West England,0.374,8.228
2012,DJF,South West England,0.499,7.222
2013,DJF,South West England,0.662,9.411
2014,DJF,South West England,0.555,9.576
2015,DJF,South West England,0.486,8.158
2016,DJF,South West England,0.597,9.829
2017,DJF,South West England,0.249,7.158
2018,DJF,South West England,0.384,6.671
2019,DJF,South West England,0.660,10.924
2020,DJF,South West England,0.576,9.184
2021,DJF,South West England,0.498,7.506
2022,DJF,South West England,0.526,8.880
2023,DJF,South West England,0.558,10.297
2024,DJF,South West England,0.631,9.234
2025,DJF,South West England,0.525,7.962
2026,DJF,South West England,0.410,7.766
2027,DJF,South West England,0.405,9.361
2028,DJF,South West England,0.585,9.608
2029,DJF,South West England,0.582,14.297
2030,DJF,South West England,0.620,9.741
2031,DJF,South West England,0.560,10.089
2032,DJF,South West England,0.390,7.677
2033,DJF,South West England,0.424,6.146
2034,DJF,South West England,0.525,8.696
2035,DJF,South West England,0.512,7.797
2036,DJF,South West England,0.508,10.601
2037,DJF,South West England,0.410,9.241
2038,DJF,South West England,0.542,9.114
2039,DJF,South West England,0.512,8.019
2040,DJF,South West England,0.585,10.677
2041,DJF,South West England,0.605,10.481
2042,DJF,South West England,0.579,7.937
2043,DJF,South West England,0.466,7.310
2044,DJF,South West England,0.512,7.354
2045,DJF,South West England,0.618,10.272
2046,DJF,South West England,0.583,8.076
2047,DJF,South West England,0.535,8.108
2048,DJF,South West England,0.611,11.316
2049,DJF,South West England,0.581,9.956
2050,DJF,South West England,0.606,17.171
2051,DJF,South West England,0.625,9.937
2052,DJF,South West England,0.532,7.823
2053,DJF,South West England,0.603,13.203
2054,DJF,South West England,0.514,9.551
2055,DJF,South West England,0.473,9.462
2056,DJF,South West England,0.490,8.551
2057,DJF,South West England,0.536,8.778
2058,DJF,South West England,0.615,9.114
2059,DJF,South West England,0.498,5.911
2060,DJF,South West England,0.576,9.222
2061,DJF,South West England,0.496,9.449
2062,DJF,South West England,0.668,10.196
2063,DJF,South West England,0.642,9.899
2064,DJF,South West England,0.545,6.785
2065,DJF,South West England,0.533,10.741
2066,DJF,South West England,0.485,9.228
2067,DJF,South West England,0.452,7.152
2068,DJF,South West England,0.502,7.063
2069,DJF,South West England,0.510,9.481
2070,DJF,South West England,0.547,8.285
2071,DJF,South West England,0.596,12.215
2072,DJF,South West England,0.430,7.854
2073,DJF,South West England,0.628,12.000
2074,DJF,South West England,0.638,12.228
2075,DJF,South West England,0.439,5.968
2076,DJF,South West England,0.491,7.930
2077,DJF,South West England,0.490,8.304
2078,DJF,South West England,0.529,7.924
2079,DJF,South West England,0.592,11.481
2080,DJF,South West England,0.490,9.095
1981,DJF,West Midlands,0.536,7.616
1982,DJF,West Midlands,0.457,7.535
1983,DJF,West Midlands,0.530,5.279
1984,DJF,West Midlands,0.500,5.128
1985,DJF,West Midlands,0.367,4.628
1986,DJF,West Midlands,0.484,8.698
1987,DJF,West Midlands,0.451,8.826
1988,DJF,West Midlands,0.517,6.779
1989,DJF,West Midlands,0.613,8.419
1990,DJF,West Midlands,0.599,8.221
1991,DJF,West Midlands,0.546,7.023
1992,DJF,West Midlands,0.444,5.395
1993,DJF,West Midlands,0.557,6.721
1994,DJF,West Midlands,0.568,6.674
1995,DJF,West Midlands,0.385,5.488
1996,DJF,West Midlands,0.528,7.291
1997,DJF,West Midlands,0.385,4.965
1998,DJF,West Midlands,0.493,5.674
1999,DJF,West Midlands,0.446,5.767
2000,DJF,West Midlands,0.421,5.314
2001,DJF,West Midlands,0.555,7.267
2002,DJF,West Midlands,0.553,9.140
2003,DJF,West Midlands,0.613,10.500
2004,DJF,West Midlands,0.497,9.733
2005,DJF,West Midlands,0.504,6.744
2006,DJF,West Midlands,0.426,4.570
2007,DJF,West Midlands,0.445,5.930
2008,DJF,West Midlands,0.584,8.895
2009,DJF,West Midlands,0.453,7.686
2010,DJF,West Midlands,0.441,9.314
2011,DJF,West Midlands,0.395,5.012
2012,DJF,West Midlands,0.485,6.465
2013,DJF,West Midlands,0.636,9.000
2014,DJF,West Midlands,0.474,6.035
2015,DJF,West Midlands,0.433,6.907
2016,DJF,West Midlands,0.593,7.477
2017,DJF,West Midlands,0.274,6.605
2018,DJF,West Midlands,0.386,7.872
2019,DJF,West Midlands,0.611,7.407
2020,DJF,West Midlands,0.505,6.733
2021,DJF,West Midlands,0.469,6.535
2022,DJF,West Midlands,0.500,8.547
2023,DJF,West Midlands,0.500,7.593
2024,DJF,West Midlands,0.557,7.442
2025,DJF,West Midlands,0.489,5.767
2026,DJF,West Midlands,0.394,5.709
2027,DJF,West Midlands,0.428,8.930
2028,DJF,West Midlands,0.502,5.105
2029,DJF,West Midlands,0.548,11.047
2030,DJF,West Midlands,0.561,6.256
2031,DJF,West Midlands,0.524,7.872
2032,DJF,West Midlands,0.431,5.721
2033,DJF,West Midlands,0.411,4.942
2034,DJF,West Midlands,0.526,7.605
2035,DJF,West Midlands,0.489,7.174
2036,DJF,West Midlands,0.456,6.919
2037,DJF,West Midlands,0.450,8.198
2038,DJF,West Midlands,0.520,6.965
2039,DJF,West Midlands,0.498,9.314
2040,DJF,West Midlands,0.556,8.209
2041,DJF,West Midlands,0.483,5.733
2042,DJF,West Midlands,0.553,8.965
2043,DJF,West Midlands,0.465,7.279
2044,DJF,West Midlands,0.541,7.465
2045,DJF,West Midlands,0.565,6.837
2046,DJF,West Midlands,0.554,7.605
2047,DJF,West Midlands,0.513,6.419
2048,DJF,West Midlands,0.575,9.407
2049,DJF,West Midlands,0.492,7.198
2050,DJF,West Midlands,0.550,9.372
2051,DJF,West Midlands,0.618,12.012
2052,DJF,West Midlands,0.504,6.779
2053,DJF,West Midlands,0.556,8.860
2054,DJF,West Midlands,0.496,7.465
2055,DJF,West Midlands,0.450,8.279
2056,DJF,West Midlands,0.509,6.872
2057,DJF,West Midlands,0.493,7.977
2058,DJF,West Midlands,0.530,7.919
2059,DJF,West Midlands,0.456,5.860
2060,DJF,West Midlands,0.531,7.302
2061,DJF,West Midlands,0.471,8.372
2062,DJF,West Midlands,0.600,7.663
2063,DJF,West Midlands,0.648,10.500
2064,DJF,West Midlands,0.515,6.919
2065,DJF,West Midlands,0.468,7.628
2066,DJF,West Midlands,0.453,7.709
2067,DJF,West Midlands,0.455,6.709
2068,DJF,West Midlands,0.535,8.628
2069,DJF,West Midlands,0.466,7.244
2070,DJF,West Midlands,0.516,7.140
2071,DJF,West Midlands,0.498,8.326
2072,DJF,West Midlands,0.407,6.919
2073,DJF,West Midlands,0.602,8.302
2074,DJF,West Midlands,0.597,10.674
2075,DJF,West Midlands,0.449,5.895
2076,DJF,West Midlands,0.428,5.593
2077,DJF,West Midlands,0.471,10.000
2078,DJF,West Midlands,0.465,5.465
2079,DJF,West Midlands,0.538,8.826
2080,DJF,West Midlands,0.475,7.733
1981,DJF,West Scotland,0.844,24.877
1982,DJF,West Scotland,0.558,11.277
1983,DJF,West Scotland,0.680,12.769
1984,DJF,West Scotland,0.724,18.100
1985,DJF,West Scotland,0.510,9.654
1986,DJF,West Scotland,0.647,16.192
1987,DJF,West Scotland,0.662,17.331
1988,DJF,West Scotland,0.700,18.492
1989,DJF,West Scotland,0.700,15.777
1990,DJF,West Scotland,0.692,18.015
1991,DJF,West Scotland,0.649,14.815
1992,DJF,West Scotland,0.583,11.338
1993,DJF,West Scotland,0.700,14.769
1994,DJF,West Scotland,0.753,13.808
1995,DJF,West Scotland,0.467,8.877
1996,DJF,West Scotland,0.774,17.915
1997,DJF,West Scotland,0.604,11.800
1998,DJF,West Scotland,0.615,12.177
1999,DJF,West Scotland,0.722,12.092
2000,DJF,West Scotland,0.696,14.254
2001,DJF,West Scotland,0.586,13.754
2002,DJF,West Scotland,0.539,10.246
2003,DJF,West Scotland,0.741,18.485
2004,DJF,West Scotland,0.745,20.169
2005,DJF,West Scotland,0.704,14.146
2006,DJF,West Scotland,0.639,13.062
2007,DJF,West Scotland,0.533,9.608
2008,DJF,West Scotland,0.627,14.577
2009,DJF,West Scotland,0.582,10.454
2010,DJF,West Scotland,0.399,6.415
2011,DJF,West Scotland,0.529,11.708
2012,DJF,West Scotland,0.568,14.869
2013,DJF,West Scotland,0.750,18.023
2014,DJF,West Scotland,0.597,13.408
2015,DJF,West Scotland,0.669,23.769
2016,DJF,West Scotland,0.620,14.208
2017,DJF,West Scotland,0.344,8.123
2018,DJF,West Scotland,0.579,12.200
2019,DJF,West Scotland,0.711,12.800
2020,DJF,West Scotland,0.674,15.200
2021,DJF,West Scotland,0.611,8.308
2022,DJF,West Scotland,0.516,9.754
2023,DJF,West Scotland,0.551,14.277
2024,DJF,West Scotland,0.681,15.777
2025,DJF,West Scotland,0.654,14.285
2026,DJF,West Scotland,0.538,9.585
2027,DJF,West Scotland,0.518,12.162
2028,DJF,West Scotland,0.759,23.500
2029,DJF,West Scotland,0.601,13.792
2030,DJF,West Scotland,0.757,20.408
2031,DJF,West Scotland,0.636,13.238
2032,DJF,West Scotland,0.578,10.108
2033,DJF,West Scotland,0.582,12.054
2034,DJF,West Scotland,0.570,10.831
2035,DJF,West Scotland,0.598,18.023
2036,DJF,West Scotland,0.575,13.415
2037,DJF,West Scotland,0.705,14.162
2038,DJF,West Scotland,0.437,11.338
2039,DJF,West Scotland,0.569,11.638
2040,DJF,West Scotland,0.795,23.108
2041,DJF,West Scotland,0.668,15.869
2042,DJF,West Scotland,0.707,15.608
2043,DJF,West Scotland,0.629,12.808
2044,DJF,West Scotland,0.620,11.100
2045,DJF,West Scotland,0.764,16.315
2046,DJF,West Scotland,0.736,19.146
2047,DJF,West Scotland,0.776,14.338
2048,DJF,West Scotland,0.631,14.854
2049,DJF,West Scotland,0.706,15.892
2050,DJF,West Scotland,0.677,14.131
2051,DJF,West Scotland,0.765,15.931
2052,DJF,West Scotland,0.586,10.623
2053,DJF,West Scotland,0.564,12.592
2054,DJF,West Scotland,0.480,13.492
2055,DJF,West Scotland,0.593,12.008
2056,DJF,West Scotland,0.592,11.054
2057,DJF,West Scotland,0.611,17.877
2058,DJF,West Scotland,0.757,15.762
2059,DJF,West Scotland,0.573,9.531
2060,DJF,West Scotland,0.726,14.162
2061,DJF,West Scotland,0.554,9.954
2062,DJF,West Scotland,0.732,16.462
2063,DJF,West Scotland,0.546,10.292
2064,DJF,West Scotland,0.674,16.862
2065,DJF,West Scotland,0.649,15.838
2066,DJF,West Scotland,0.586,10.938
2067,DJF,West Scotland,0.604,11.431
2068,DJF,West Scotland,0.721,14.246
2069,DJF,West Scotland,0.537,9.785
2070,DJF,West Scotland,0.750,18.777
2071,DJF,West Scotland,0.657,13.862
2072,DJF,West Scotland,0.594,10.877
2073,DJF,West Scotland,0.654,11.315
2074,DJF,West Scotland,0.605,13.746
2075,DJF,West Scotland,0.619,12.992
2076,DJF,West Scotland,0.561,10.854
2077,DJF,West Scotland,0.611,13.354
2078,DJF,West Scotland,0.708,17.531
2079,DJF,West Scotland,0.713,14.615
2080,DJF,West Scotland,0.577,11.023
1981,DJF,Yorkshire and Humber,0.514,8.554
1982,DJF,Yorkshire and Humber,0.449,7.416
1983,DJF,Yorkshire and Humber,0.475,6.990
1984,DJF,Yorkshire and Humber,0.495,6.436
1985,DJF,Yorkshire and Humber,0.420,5.752
1986,DJF,Yorkshire and Humber,0.536,8.287
1987,DJF,Yorkshire and Humber,0.480,8.168
1988,DJF,Yorkshire and Humber,0.521,9.109
1989,DJF,Yorkshire and Humber,0.529,6.624
1990,DJF,Yorkshire and Humber,0.648,10.455
1991,DJF,Yorkshire and Humber,0.574,9.079
1992,DJF,Yorkshire and Humber,0.504,7.822
1993,DJF,Yorkshire and Humber,0.584,9.871
1994,DJF,Yorkshire and Humber,0.538,6.594
1995,DJF,Yorkshire and Humber,0.432,6.881
1996,DJF,Yorkshire and Humber,0.549,7.178
1997,DJF,Yorkshire and Humber,0.476,6.406
1998,DJF,Yorkshire and Humber,0.502,5.960
1999,DJF,Yorkshire and Humber,0.474,8.941
2000,DJF,Yorkshire and Humber,0.420,4.802
2001,DJF,Yorkshire and Humber,0.553,8.149
2002,DJF,Yorkshire and Humber,0.587,9.327
2003,DJF,Yorkshire and Humber,0.555,10.119
2004,DJF,Yorkshire and Humber,0.480,9.584
2005,DJF,Yorkshire and Humber,0.481,7.030
2006,DJF,Yorkshire and Humber,0.448,5.574
2007,DJF,Yorkshire and Humber,0.448,6.307
2008,DJF,Yorkshire and Humber,0.591,11.733
2009,DJF,Yorkshire and Humber,0.505,9.485
2010,DJF,Yorkshire and Humber,0.466,11.020
2011,DJF,Yorkshire and Humber,0.488,7.356
2012,DJF,Yorkshire and Humber,0.464,7.257
2013,DJF,Yorkshire and Humber,0.627,7.832
2014,DJF,Yorkshire and Humber,0.521,6.574
2015,DJF,Yorkshire and Humber,0.462,8.366
2016,DJF,Yorkshire and Humber,0.615,12.495
2017,DJF,Yorkshire and Humber,0.427,8.010
2018,DJF,Yorkshire and Humber,0.371,5.762
2019,DJF,Yorkshire and Humber,0.628,8.317
2020,DJF,Yorkshire and Humber,0.570,10.099
2021,DJF,Yorkshire and Humber,0.450,7.554
2022,DJF,Yorkshire and Humber,0.538,10.673
2023,DJF,Yorkshire and Humber,0.483,7.386
2024,DJF,Yorkshire and Humber,0.511,6.386
2025,DJF,Yorkshire and Humber,0.496,8.158
2026,DJF,Yorkshire and Humber,0.439,7.941
2027,DJF,Yorkshire and Humber,0.430,8.287
2028,DJF,Yorkshire and Humber,0.542,7.525
2029,DJF,Yorkshire and Humber,0.562,12.178
2030,DJF,Yorkshire and Humber,0.541,7.891
2031,DJF,Yorkshire and Humber,0.534,8.861
2032,DJF,Yorkshire and Humber,0.480,7.802
2033,DJF,Yorkshire and Humber,0.435,6.208
2034,DJF,Yorkshire and Humber,0.552,7.960
2035,DJF,Yorkshire and Humber,0.524,6.455
2036,DJF,Yorkshire and Humber,0.432,7.079
2037,DJF,Yorkshire and Humber,0.452,8.812
2038,DJF,Yorkshire and Humber,0.588,11.446
2039,DJF,Yorkshire and Humber,0.478,6.941
2040,DJF,Yorkshire and Humber,0.518,10.950
2041,DJF,Yorkshire and Humber,0.528,6.911
2042,DJF,Yorkshire and Humber,0.514,6.891
2043,DJF,Yorkshire and Humber,0.500,8.465
2044,DJF,Yorkshire and Humber,0.539,8.238
2045,DJF,Yorkshire and Humber,0.608,8.416
2046,DJF,Yorkshire and Humber,0.551,8.673
2047,DJF,Yorkshire and Humber,0.531,7.248
2048,DJF,Yorkshire and Humber,0.553,8.495
2049,DJF,Yorkshire and Humber,0.556,8.653
2050,DJF,Yorkshire and Humber,0.475,6.634
2051,DJF,Yorkshire and Humber,0.557,9.089
2052,DJF,Yorkshire and Humber,0.481,6.158
2053,DJF,Yorkshire and Humber,0.592,9.782
2054,DJF,Yorkshire and Humber,0.595,10.475
2055,DJF,Yorkshire and Humber,0.464,7.980
2056,DJF,Yorkshire and Humber,0.425,6.020
2057,DJF,Yorkshire and Humber,0.513,8.703
2058,DJF,Yorkshire and Humber,0.501,6.743
2059,DJF,Yorkshire and Humber,0.422,6.436
2060,DJF,Yorkshire and Humber,0.530,6.416
2061,DJF,Yorkshire and Humber,0.521,8.347
2062,DJF,Yorkshire and Humber,0.545,7.634
2063,DJF,Yorkshire and Humber,0.554,7.743
2064,DJF,Yorkshire and Humber,0.523,6.653
2065,DJF,Yorkshire and Humber,0.434,6.634
2066,DJF,Yorkshire and Humber,0.505,8.426
2067,DJF,Yorkshire and Humber,0.461,7.960
2068,DJF,Yorkshire and Humber,0.555,8.040
2069,DJF,Yorkshire and Humber,0.459,8.168
2070,DJF,Yorkshire and Humber,0.525,6.495
2071,DJF,Yorkshire and Humber,0.453,5.891
2072,DJF,Yorkshire and Humber,0.413,6.495
2073,DJF,Yorkshire and Humber,0.637,8.396
2074,DJF,Yorkshire and Humber,0.560,6.911
2075,DJF,Yorkshire and Humber,0.420,5.941
2076,DJF,Yorkshire and Humber,0.469,6.663
2077,DJF,Yorkshire and Humber,0.477,6.624
2078,DJF,Yorkshire and Humber,0.442,6.327
2079,DJF,Yorkshire and Humber,0.482,7.396
2080,DJF,Yorkshire and Humber,0.463,6.970
1981,DJF,Channel Islands,0.767,12.000
1982,DJF,Channel Islands,0.567,9.000
1983,DJF,Channel Islands,0.722,12.000
1984,DJF,Channel Islands,0.747,18.000
1985,DJF,Channel Islands,0.622,11.000
1986,DJF,Channel Islands,0.756,23.000
1987,DJF,Channel Islands,0.511,11.000
1988,DJF,Channel Islands,0.615,10.000
1989,DJF,Channel Islands,0.778,30.000
1990,DJF,Channel Islands,0.578,10.000
1991,DJF,Channel Islands,0.711,22.000
1992,DJF,Channel Islands,0.769,17.000
1993,DJF,Channel Islands,0.811,11.000
1994,DJF,Channel Islands,0.889,34.000
1995,DJF,Channel Islands,0.589,9.000
1996,DJF,Channel Islands,0.791,14.000
1997,DJF,Channel Islands,0.567,8.000
1998,DJF,Channel Islands,0.711,16.000
1999,DJF,Channel Islands,0.567,6.000
2000,DJF,Channel Islands,0.440,9.000
2001,DJF,Channel Islands,0.633,22.000
2002,DJF,Channel Islands,0.711,20.000
2003,DJF,Channel Islands,0.778,24.000
2004,DJF,Channel Islands,0.813,20.000
2005,DJF,Channel Islands,0.689,12.000
2006,DJF,Channel Islands,0.544,9.000
2007,DJF,Channel Islands,0.633,11.000
2008,DJF,Channel Islands,0.813,21.000
2009,DJF,Channel Islands,0.678,21.000
2010,DJF,Channel Islands,0.656,14.000
2011,DJF,Channel Islands,0.511,5.000
2012,DJF,Channel Islands,0.571,8.000
2013,DJF,Channel Islands,0.744,23.000
2014,DJF,Channel Islands,0.756,18.000
2015,DJF,Channel Islands,0.667,20.000
2016,DJF,Channel Islands,0.670,20.000
2017,DJF,Channel Islands,0.356,11.000
2018,DJF,Channel Islands,0.478,9.000
2019,DJF,Channel Islands,0.778,28.000
2020,DJF,Channel Islands,0.758,17.000
2021,DJF,Channel Islands,0.589,8.000
2022,DJF,Channel Islands,0.656,30.000
2023,DJF,Channel Islands,0.644,10.000
2024,DJF,Channel Islands,0.813,20.000
2025,DJF,Channel Islands,0.567,14.000
2026,DJF,Channel Islands,0.589,11.000
2027,DJF,Channel Islands,0.511,8.000
2028,DJF,Channel Islands,0.703,18.000
2029,DJF,Channel Islands,0.822,21.000
2030,DJF,Channel Islands,0.800,16.000
2031,DJF,Channel Islands,0.644,12.000
2032,DJF,Channel Islands,0.549,12.000
2033,DJF,Channel Islands,0.556,14.000
2034,DJF,Channel Islands,0.722,18.000
2035,DJF,Channel Islands,0.656,15.000
2036,DJF,Channel Islands,0.681,12.000
2037,DJF,Channel Islands,0.511,18.000
2038,DJF,Channel Islands,0.633,15.000
2039,DJF,Channel Islands,0.622,10.000
2040,DJF,Channel Islands,0.692,40.000
2041,DJF,Channel Islands,0.800,26.000
2042,DJF,Channel Islands,0.744,12.000
2043,DJF,Channel Islands,0.633,11.000
2044,DJF,Channel Islands,0.637,8.000
2045,DJF,Channel Islands,0.811,24.000
2046,DJF,Channel Islands,0.811,27.000
2047,DJF,Channel Islands,0.656,15.000
2048,DJF,Channel Islands,0.736,21.000
2049,DJF,Channel Islands,0.744,31.000
2050,DJF,Channel Islands,0.778,33.000
2051,DJF,Channel Islands,0.778,17.000
2052,DJF,Channel Islands,0.626,18.000
2053,DJF,Channel Islands,0.667,24.000
2054,DJF,Channel Islands,0.633,13.000
2055,DJF,Channel Islands,0.600,9.000
2056,DJF,Channel Islands,0.714,34.000
2057,DJF,Channel Islands,0.678,13.000
2058,DJF,Channel Islands,0.711,16.000
2059,DJF,Channel Islands,0.656,8.000
2060,DJF,Channel Islands,0.703,11.000
2061,DJF,Channel Islands,0.656,16.000
2062,DJF,Channel Islands,0.889,40.000
2063,DJF,Channel Islands,0.822,20.000
2064,DJF,Channel Islands,0.736,14.000
2065,DJF,Channel Islands,0.722,19.000
2066,DJF,Channel Islands,0.633,12.000
2067,DJF,Channel Islands,0.522,12.000
2068,DJF,Channel Islands,0.549,10.000
2069,DJF,Channel Islands,0.578,7.000
2070,DJF,Channel Islands,0.667,12.000
2071,DJF,Channel Islands,0.744,16.000
2072,DJF,Channel Islands,0.593,14.000
2073,DJF,Channel Islands,0.789,29.000
2074,DJF,Channel Islands,0.689,11.000
2075,DJF,Channel Islands,0.422,6.000
2076,DJF,Channel Islands,0.747,14.000
2077,DJF,Channel Islands,0.633,13.000
2078,DJF,Channel Islands,0.733,19.000
2079,DJF,Channel Islands,0.689,15.000
2080,DJF,Channel Islands,0.582,13.000
1981,DJF,Isle of Man,0.730,10.667
1982,DJF,Isle of Man,0.563,9.333
1983,DJF,Isle of Man,0.693,13.000
1984,DJF,Isle of Man,0.700,12.333
1985,DJF,Isle of Man,0.456,5.000
1986,DJF,Isle of Man,0.674,9.667
1987,DJF,Isle of Man,0.600,15.333
1988,DJF,Isle of Man,0.696,9.667
1989,DJF,Isle of Man,0.741,18.000
1990,DJF,Isle of Man,0.737,11.000
1991,DJF,Isle of Man,0.707,10.333
1992,DJF,Isle of Man,0.648,7.333
1993,DJF,Isle of Man,0.681,11.000
1994,DJF,Isle of Man,0.670,7.000
1995,DJF,Isle of Man,0.459,5.333
1996,DJF,Isle of Man,0.747,14.000
1997,DJF,Isle of Man,0.548,9.667
1998,DJF,Isle of Man,0.626,8.667
1999,DJF,Isle of Man,0.667,9.667
2000,DJF,Isle of Man,0.560,9.000
2001,DJF,Isle of Man,0.674,12.000
2002,DJF,Isle of Man,0.544,14.667
2003,DJF,Isle of Man,0.678,11.000
2004,DJF,Isle of Man,0.667,12.667
2005,DJF,Isle of Man,0.719,10.667
2006,DJF,Isle of Man,0.626,9.667
2007,DJF,Isle of Man,0.526,12.000
2008,DJF,Isle of Man,0.707,12.667
2009,DJF,Isle of Man,0.656,15.000
2010,DJF,Isle of Man,0.441,7.667
2011,DJF,Isle of Man,0.544,16.000
2012,DJF,Isle of Man,0.593,11.667
2013,DJF,Isle of Man,0.807,13.000
2014,DJF,Isle of Man,0.574,13.000
2015,DJF,Isle of Man,0.633,11.000
2016,DJF,Isle of Man,0.722,16.000
2017,DJF,Isle of Man,0.352,7.000
2018,DJF,Isle of Man,0.563,11.667
2019,DJF,Isle of Man,0.744,8.667
2020,DJF,Isle of Man,0.656,17.000
2021,DJF,Isle of Man,0.615,12.000
2022,DJF,Isle of Man,0.567,8.333
2023,DJF,Isle of Man,0.559,11.333
2024,DJF,Isle of Man,0.733,15.667
2025,DJF,Isle of Man,0.652,11.000
2026,DJF,Isle of Man,0.541,14.000
2027,DJF,Isle of Man,0.552,11.000
2028,DJF,Isle of Man,0.758,20.667
2029,DJF,Isle of Man,0.641,16.667
2030,DJF,Isle of Man,0.663,7.333
2031,DJF,Isle of Man,0.674,18.000
2032,DJF,Isle of Man,0.582,7.333
2033,DJF,Isle of Man,0.578,8.667
2034,DJF,Isle of Man,0.711,13.333
2035,DJF,Isle of Man,0.633,11.333
2036,DJF,Isle of Man,0.527,12.333
2037,DJF,Isle of Man,0.593,9.000
2038,DJF,Isle of Man,0.485,6.000
2039,DJF,Isle of Man,0.637,15.333
2040,DJF,Isle of Man,0.762,17.000
2041,DJF,Isle of Man,0.707,10.333
2042,DJF,Isle of Man,0.704,10.000
2043,DJF,Isle of Man,0.652,17.667
2044,DJF,Isle of Man,0.615,12.333
2045,DJF,Isle of Man,0.778,11.333
2046,DJF,Isle of Man,0.778,13.000
2047,DJF,Isle of Man,0.774,12.667
2048,DJF,Isle of Man,0.656,12.000
2049,DJF,Isle of Man,0.715,11.667
2050,DJF,Isle of Man,0.700,10.667
2051,DJF,Isle of Man,0.707,14.000
2052,DJF,Isle of Man,0.597,7.667
2053,DJF,Isle of Man,0.611,13.667
2054,DJF,Isle of Man,0.581,14.000
2055,DJF,Isle of Man,0.548,9.000
2056,DJF,Isle of Man,0.604,9.333
2057,DJF,Isle of Man,0.611,12.667
2058,DJF,Isle of Man,0.630,8.000
2059,DJF,Isle of Man,0.581,8.333
2060,DJF,Isle of Man,0.729,14.333
2061,DJF,Isle of Man,0.581,13.667
2062,DJF,Isle of Man,0.759,19.667
2063,DJF,Isle of Man,0.630,13.000
2064,DJF,Isle of Man,0.667,7.000
2065,DJF,Isle of Man,0.619,13.333
2066,DJF,Isle of Man,0.663,13.333
2067,DJF,Isle of Man,0.663,7.667
2068,DJF,Isle of Man,0.623,10.333
2069,DJF,Isle of Man,0.604,11.000
2070,DJF,Isle of Man,0.652,9.667
2071,DJF,Isle of Man,0.630,9.333
2072,DJF,Isle of Man,0.604,12.667
2073,DJF,Isle of Man,0.685,12.000
2074,DJF,Isle of Man,0.641,14.667
2075,DJF,Isle of Man,0.537,7.667
2076,DJF,Isle of Man,0.626,9.667
2077,DJF,Isle of Man,0.626,9.667
2078,DJF,Isle of Man,0.667,17.333
2079,DJF,Isle of Man,0.678,14.000
2080,DJF,Isle of Man,0.623,11.333
1981,DJF,Northern Ireland,0.716,15.395
1982,DJF,Northern Ireland,0.625,10.326
1983,DJF,Northern Ireland,0.648,12.267
1984,DJF,Northern Ireland,0.605,9.256
1985,DJF,Northern Ireland,0.476,6.733
1986,DJF,Northern Ireland,0.638,10.047
1987,DJF,Northern Ireland,0.576,12.814
1988,DJF,Northern Ireland,0.649,12.000
1989,DJF,Northern Ireland,0.720,14.302
1990,DJF,Northern Ireland,0.654,17.337
1991,DJF,Northern Ireland,0.608,8.477
1992,DJF,Northern Ireland,0.623,9.953
1993,DJF,Northern Ireland,0.628,9.372
1994,DJF,Northern Ireland,0.688,10.744
1995,DJF,Northern Ireland,0.494,8.674
1996,DJF,Northern Ireland,0.681,11.488
1997,DJF,Northern Ireland,0.549,11.047
1998,DJF,Northern Ireland,0.570,7.663
1999,DJF,Northern Ireland,0.649,13.419
2000,DJF,Northern Ireland,0.583,10.919
2001,DJF,Northern Ireland,0.611,11.093
2002,DJF,Northern Ireland,0.509,9.000
2003,DJF,Northern Ireland,0.668,12.884
2004,DJF,Northern Ireland,0.608,10.605
2005,DJF,Northern Ireland,0.687,13.279
2006,DJF,Northern Ireland,0.536,7.384
2007,DJF,Northern Ireland,0.530,8.233
2008,DJF,Northern Ireland,0.631,13.535
2009,DJF,Northern Ireland,0.608,12.802
2010,DJF,Northern Ireland,0.346,5.186
2011,DJF,Northern Ireland,0.528,12.663
2012,DJF,Northern Ireland,0.508,8.465
2013,DJF,Northern Ireland,0.693,13.023
2014,DJF,Northern Ireland,0.539,10.256
2015,DJF,Northern Ireland,0.575,9.023
2016,DJF,Northern Ireland,0.623,9.628
2017,DJF,Northern Ireland,0.323,8.105
2018,DJF,Northern Ireland,0.532,10.047
2019,DJF,Northern Ireland,0.675,12.244
2020,DJF,Northern Ireland,0.594,11.849
2021,DJF,Northern Ireland,0.570,6.907
2022,DJF,Northern Ireland,0.522,7.105
2023,DJF,Northern Ireland,0.555,10.791
2024,DJF,Northern Ireland,0.639,12.314
2025,DJF,Northern Ireland,0.637,9.919
2026,DJF,Northern Ireland,0.505,9.174
2027,DJF,Northern Ireland,0.482,10.174
2028,DJF,Northern Ireland,0.657,11.070
2029,DJF,Northern Ireland,0.529,9.895
2030,DJF,Northern Ireland,0.696,14.174
2031,DJF,Northern Ireland,0.640,10.895
2032,DJF,Northern Ireland,0.508,7.221
2033,DJF,Northern Ireland,0.549,11.140
2034,DJF,Northern Ireland,0.605,11.628
2035,DJF,Northern Ireland,0.594,9.698
2036,DJF,Northern Ireland,0.478,9.419
2037,DJF,Northern Ireland,0.582,9.221
2038,DJF,Northern Ireland,0.497,7.849
2039,DJF,Northern Ireland,0.572,10.907
2040,DJF,Northern Ireland,0.748,14.988
2041,DJF,Northern Ireland,0.616,11.000
2042,DJF,Northern Ireland,0.639,10.744
2043,DJF,Northern Ireland,0.577,12.709
2044,DJF,Northern Ireland,0.556,8.326
2045,DJF,Northern Ireland,0.705,10.291
2046,DJF,Northern Ireland,0.672,10.523
2047,DJF,Northern Ireland,0.712,10.977
2048,DJF,Northern Ireland,0.601,9.814
2049,DJF,Northern Ireland,0.630,10.209
2050,DJF,Northern Ireland,0.636,11.023
2051,DJF,Northern Ireland,0.647,9.721
2052,DJF,Northern Ireland,0.529,9.477
2053,DJF,Northern Ireland,0.537,10.884
2054,DJF,Northern Ireland,0.507,14.640
2055,DJF,Northern Ireland,0.506,8.593
2056,DJF,Northern Ireland,0.556,11.860
2057,DJF,Northern Ireland,0.627,14.372
2058,DJF,Northern Ireland,0.611,7.930
2059,DJF,Northern Ireland,0.491,6.733
2060,DJF,Northern Ireland,0.673,11.105
2061,DJF,Northern Ireland,0.599,11.837
2062,DJF,Northern Ireland,0.639,8.709
2063,DJF,Northern Ireland,0.601,9.512
2064,DJF,Northern Ireland,0.591,11.477
2065,DJF,Northern Ireland,0.616,11.035
2066,DJF,Northern Ireland,0.540,7.047
2067,DJF,Northern Ireland,0.597,10.174
2068,DJF,Northern Ireland,0.659,11.244
2069,DJF,Northern Ireland,0.539,6.442
2070,DJF,Northern Ireland,0.674,13.430
2071,DJF,Northern Ireland,0.611,10.093
2072,DJF,Northern Ireland,0.542,9.593
2073,DJF,Northern Ireland,0.592,8.547
2074,DJF,Northern Ireland,0.640,11.453
2075,DJF,Northern Ireland,0.539,8.640
2076,DJF,Northern Ireland,0.553,7.674
2077,DJF,Northern Ireland,0.607,9.372
2078,DJF,Northern Ireland,0.660,16.826
2079,DJF,Northern Ireland,0.613,9.837
2080,DJF,Northern Ireland,0.546,11.221
1981,DJF,Wales,0.697,11.781
1982,DJF,Wales,0.561,9.876
1983,DJF,Wales,0.670,12.102
1984,DJF,Wales,0.659,14.058
1985,DJF,Wales,0.471,9.109
1986,DJF,Wales,0.593,11.540
1987,DJF,Wales,0.563,11.153
1988,DJF,Wales,0.622,9.511
1989,DJF,Wales,0.709,18.204
1990,DJF,Wales,0.667,11.715
1991,DJF,Wales,0.648,10.292
1992,DJF,Wales,0.561,7.839
1993,DJF,Wales,0.665,12.803
1994,DJF,Wales,0.692,13.095
1995,DJF,Wales,0.465,8.964
1996,DJF,Wales,0.678,11.387
1997,DJF,Wales,0.489,7.993
1998,DJF,Wales,0.628,10.416
1999,DJF,Wales,0.615,10.058
2000,DJF,Wales,0.572,7.956
2001,DJF,Wales,0.631,10.927
2002,DJF,Wales,0.607,14.088
2003,DJF,Wales,0.725,16.088
2004,DJF,Wales,0.668,14.701
2005,DJF,Wales,0.655,13.642
2006,DJF,Wales,0.561,8.898
2007,DJF,Wales,0.537,8.518
2008,DJF,Wales,0.681,12.715
2009,DJF,Wales,0.571,11.635
2010,DJF,Wales,0.434,8.679
2011,DJF,Wales,0.473,11.898
2012,DJF,Wales,0.574,9.730
2013,DJF,Wales,0.735,12.372
2014,DJF,Wales,0.606,13.022
2015,DJF,Wales,0.545,10.416
2016,DJF,Wales,0.683,13.657
2017,DJF,Wales,0.359,7.737
2018,DJF,Wales,0.464,10.467
2019,DJF,Wales,0.753,16.109
2020,DJF,Wales,0.580,12.015
2021,DJF,Wales,0.530,6.876
2022,DJF,Wales,0.594,10.766
2023,DJF,Wales,0.602,16.460
2024,DJF,Wales,0.658,11.022
2025,DJF,Wales,0.601,10.445
2026,DJF,Wales,0.488,9.934
2027,DJF,Wales,0.480,9.431
2028,DJF,Wales,0.662,15.555
2029,DJF,Wales,0.632,16.934
2030,DJF,Wales,0.665,11.854
2031,DJF,Wales,0.627,13.518
2032,DJF,Wales,0.513,7.131
2033,DJF,Wales,0.486,9.285
2034,DJF,Wales,0.605,10.562
2035,DJF,Wales,0.610,11.307
2036,DJF,Wales,0.560,11.029
2037,DJF,Wales,0.542,11.336
2038,DJF,Wales,0.573,9.547
2039,DJF,Wales,0.584,14.504
2040,DJF,Wales,0.704,17.715
2041,DJF,Wales,0.654,13.686
2042,DJF,Wales,0.671,11.124
2043,DJF,Wales,0.564,14.044
2044,DJF,Wales,0.611,9.394
2045,DJF,Wales,0.712,13.745
2046,DJF,Wales,0.680,13.226
2047,DJF,Wales,0.652,12.526
2048,DJF,Wales,0.668,13.628
2049,DJF,Wales,0.623,13.657
2050,DJF,Wales,0.633,17.175
2051,DJF,Wales,0.764,20.511
2052,DJF,Wales,0.581,8.591
2053,DJF,Wales,0.624,14.861
2054,DJF,Wales,0.545,12.453
2055,DJF,Wales,0.517,11.445
2056,DJF,Wales,0.596,11.883
2057,DJF,Wales,0.597,11.788
2058,DJF,Wales,0.654,12.759
2059,DJF,Wales,0.528,7.752
2060,DJF,Wales,0.657,12.766
2061,DJF,Wales,0.579,11.591
2062,DJF,Wales,0.692,13.226
2063,DJF,Wales,0.712,16.095
2064,DJF,Wales,0.628,9.818
2065,DJF,Wales,0.569,11.445
2066,DJF,Wales,0.553,8.861
2067,DJF,Wales,0.524,6.942
2068,DJF,Wales,0.628,14.788
2069,DJF,Wales,0.563,10.679
2070,DJF,Wales,0.617,9.956
2071,DJF,Wales,0.644,11.409
2072,DJF,Wales,0.491,9.832
2073,DJF,Wales,0.661,11.161
2074,DJF,Wales,0.661,14.423
2075,DJF,Wales,0.482,7.781
2076,DJF,Wales,0.546,7.453
2077,DJF,Wales,0.572,10.482
2078,DJF,Wales,0.621,12.482
2079,DJF,Wales,0.658,17.423
2080,DJF,Wales,0.561,11.942
1981,MAM,East Midlands,0.276,4.223
1982,MAM,East Midlands,0.361,5.767
1983,MAM,East Midlands,0.388,5.175
1984,MAM,East Midlands,0.421,5.718
1985,MAM,East Midlands,0.336,5.515
1986,MAM,East Midlands,0.463,5.650
1987,MAM,East Midlands,0.447,6.631
1988,MAM,East Midlands,0.386,4.796
1989,MAM,East Midlands,0.477,7.689
1990,MAM,East Midlands,0.505,8.485
1991,MAM,East Midlands,0.415,7.583
1992,MAM,East Midlands,0.428,5.291
1993,MAM,East Midlands,0.354,5.223
1994,MAM,East Midlands,0.450,6.563
1995,MAM,East Midlands,0.425,7.631
1996,MAM,East Midlands,0.319,5.175
1997,MAM,East Midlands,0.444,5.000
1998,MAM,East Midlands,0.424,7.427
1999,MAM,East Midlands,0.440,7.456
2000,MAM,East Midlands,0.429,5.204
2001,MAM,East Midlands,0.445,6.951
2002,MAM,East Midlands,0.470,4.932
2003,MAM,East Midlands,0.474,6.087
2004,MAM,East Midlands,0.460,5.524
2005,MAM,East Midlands,0.294,5.359
2006,MAM,East Midlands,0.438,6.951
2007,MAM,East Midlands,0.321,5.806
2008,MAM,East Midlands,0.356,5.359
2009,MAM,East Midlands,0.316,4.951
2010,MAM,East Midlands,0.468,6.971
2011,MAM,East Midlands,0.382,5.689
2012,MAM,East Midlands,0.342,6.466
2013,MAM,East Midlands,0.341,4.544
2014,MAM,East Midlands,0.400,5.417
2015,MAM,East Midlands,0.457,6.592
2016,MAM,East Midlands,0.301,3.583
2017,MAM,East Midlands,0.419,9.864
2018,MAM,East Midlands,0.398,5.544
2019,MAM,East Midlands,0.401,6.835
2020,MAM,East Midlands,0.510,6.350
2021,MAM,East Midlands,0.488,6.379
2022,MAM,East Midlands,0.420,5.272
2023,MAM,East Midlands,0.353,5.233
2024,MAM,East Midlands,0.330,6.621
2025,MAM,East Midlands,0.327,7.524
2026,MAM,East Midlands,0.425,4.641
2027,MAM,East Midlands,0.360,6.893
2028,MAM,East Midlands,0.452,8.126
2029,MAM,East Midlands,0.371,5.097
2030,MAM,East Midlands,0.377,4.961
2031,MAM,East Midlands,0.446,4.864
2032,MAM,East Midlands,0.463,9.350
2033,MAM,East Midlands,0.559,9.233
2034,MAM,East Midlands,0.413,5.748
2035,MAM,East Midlands,0.353,5.049
2036,MAM,East Midlands,0.377,6.728
2037,MAM,East Midlands,0.265,4.456
2038,MAM,East Midlands,0.382,5.282
2039,MAM,East Midlands,0.396,5.087
2040,MAM,East Midlands,0.337,4.942
2041,MAM,East Midlands,0.477,6.563
2042,MAM,East Midlands,0.283,5.534
2043,MAM,East Midlands,0.364,6.039
2044,MAM,East Midlands,0.270,4.010
2045,MAM,East Midlands,0.392,5.282
2046,MAM,East Midlands,0.492,6.223
2047,MAM,East Midlands,0.344,4.311
2048,MAM,East Midlands,0.551,13.175
2049,MAM,East Midlands,0.300,5.612
2050,MAM,East Midlands,0.332,4.631
2051,MAM,East Midlands,0.382,5.553
2052,MAM,East Midlands,0.495,6.204
2053,MAM,East Midlands,0.423,4.854
2054,MAM,East Midlands,0.283,3.670
2055,MAM,East Midlands,0.377,4.495
2056,MAM,East Midlands,0.325,4.583
2057,MAM,East Midlands,0.493,6.437
2058,MAM,East Midlands,0.330,5.194
2059,MAM,East Midlands,0.441,7.709
2060,MAM,East Midlands,0.405,6.029
2061,MAM,East Midlands,0.247,3.272
2062,MAM,East Midlands,0.392,6.155
2063,MAM,East Midlands,0.222,3.699
2064,MAM,East Midlands,0.446,9.466
2065,MAM,East Midlands,0.297,4.757
2066,MAM,East Midlands,0.487,6.340
2067,MAM,East Midlands,0.311,4.777
2068,MAM,East Midlands,0.422,6.893
2069,MAM,East Midlands,0.387,4.767
2070,MAM,East Midlands,0.225,3.320
2071,MAM,East Midlands,0.314,4.718
2072,MAM,East Midlands,0.330,5.845
2073,MAM,East Midlands,0.491,8.495
2074,MAM,East Midlands,0.387,4.786
2075,MAM,East Midlands,0.280,7.010
2076,MAM,East Midlands,0.353,5.748
2077,MAM,East Midlands,0.461,6.175
2078,MAM,East Midlands,0.407,7.583
2079,MAM,East Midlands,0.421,6.437
2080,MAM,East Midlands,0.419,10.505
1981,MAM,East of England,0.277,4.317
1982,MAM,East of England,0.373,5.579
1983,MAM,East of England,0.364,6.921
1984,MAM,East of England,0.376,5.571
1985,MAM,East of England,0.287,5.881
1986,MAM,East of England,0.419,4.944
1987,MAM,East of England,0.396,4.825
1988,MAM,East of England,0.367,4.722
1989,MAM,East of England,0.418,6.746
1990,MAM,East of England,0.461,7.468
1991,MAM,East of England,0.385,5.881
1992,MAM,East of England,0.389,5.206
1993,MAM,East of England,0.320,4.183
1994,MAM,East of England,0.465,7.889
1995,MAM,East of England,0.444,9.690
1996,MAM,East of England,0.292,5.183
1997,MAM,East of England,0.418,5.056
1998,MAM,East of England,0.358,4.897
1999,MAM,East of England,0.437,6.849
2000,MAM,East of England,0.423,5.127
2001,MAM,East of England,0.458,6.873
2002,MAM,East of England,0.459,5.571
2003,MAM,East of England,0.436,4.952
2004,MAM,East of England,0.424,4.302
2005,MAM,East of England,0.285,4.151
2006,MAM,East of England,0.419,4.960
2007,MAM,East of England,0.343,5.341
2008,MAM,East of England,0.394,6.238
2009,MAM,East of England,0.296,5.571
2010,MAM,East of England,0.418,5.992
2011,MAM,East of England,0.356,4.238
2012,MAM,East of England,0.381,7.437
2013,MAM,East of England,0.306,4.024
2014,MAM,East of England,0.322,4.103
2015,MAM,East of England,0.447,5.992
2016,MAM,East of England,0.307,3.865
2017,MAM,East of England,0.433,8.492
2018,MAM,East of England,0.329,4.222
2019,MAM,East of England,0.364,4.897
2020,MAM,East of England,0.472,6.016
2021,MAM,East of England,0.465,5.262
2022,MAM,East of England,0.387,5.460
2023,MAM,East of England,0.329,6.302
2024,MAM,East of England,0.311,5.238
2025,MAM,East of England,0.317,8.278
2026,MAM,East of England,0.379,5.119
2027,MAM,East of England,0.304,6.929
2028,MAM,East of England,0.438,5.976
2029,MAM,East of England,0.351,5.254
2030,MAM,East of England,0.312,4.611
2031,MAM,East of England,0.448,5.786
2032,MAM,East of England,0.416,6.960
2033,MAM,East of England,0.539,8.016
2034,MAM,East of England,0.388,5.325
2035,MAM,East of England,0.330,4.048
2036,MAM,East of England,0.357,5.167
2037,MAM,East of England,0.246,3.786
2038,MAM,East of England,0.388,5.063
2039,MAM,East of England,0.321,4.000
2040,MAM,East of England,0.366,4.254
2041,MAM,East of England,0.469,6.611
2042,MAM,East of England,0.286,4.317
2043,MAM,East of England,0.333,5.452
2044,MAM,East of England,0.239,3.762
2045,MAM,East of England,0.433,6.048
2046,MAM,East of England,0.404,5.111
2047,MAM,East of England,0.321,4.579
2048,MAM,East of England,0.535,11.040
2049,MAM,East of England,0.300,7.238
2050,MAM,East of England,0.283,3.937
2051,MAM,East of England,0.340,5.048
2052,MAM,East of England,0.421,4.452
2053,MAM,East of England,0.408,5.071
2054,MAM,East of England,0.258,3.008
2055,MAM,East of England,0.335,3.825
2056,MAM,East of England,0.294,4.159
2057,MAM,East of England,0.422,5.048
2058,MAM,East of England,0.335,5.198
2059,MAM,East of England,0.390,6.468
2060,MAM,East of England,0.397,4.833
2061,MAM,East of England,0.262,3.698
2062,MAM,East of England,0.411,6.373
2063,MAM,East of England,0.233,4.087
2064,MAM,East of England,0.432,7.571
2065,MAM,East of England,0.296,5.540
2066,MAM,East of England,0.446,5.579
2067,MAM,East of England,0.275,4.238
2068,MAM,East of England,0.369,5.111
2069,MAM,East of England,0.360,3.611
2070,MAM,East of England,0.204,3.540
2071,MAM,East of England,0.288,4.032
2072,MAM,East of England,0.322,6.159
2073,MAM,East of England,0.456,8.873
2074,MAM,East of England,0.386,5.175
2075,MAM,East of England,0.287,6.024
2076,MAM,East of England,0.341,6.111
2077,MAM,East of England,0.437,5.754
2078,MAM,East of England,0.426,10.619
2079,MAM,East of England,0.397,5.444
2080,MAM,East of England,0.368,7.437
1981,MAM,East Scotland,0.333,7.673
1982,MAM,East Scotland,0.507,7.931
1983,MAM,East Scotland,0.447,7.352
1984,MAM,East Scotland,0.494,8.962
1985,MAM,East Scotland,0.490,6.604
1986,MAM,East Scotland,0.535,7.648
1987,MAM,East Scotland,0.497,8.333
1988,MAM,East Scotland,0.397,5.547
1989,MAM,East Scotland,0.461,7.673
1990,MAM,East Scotland,0.446,6.516
1991,MAM,East Scotland,0.557,11.931
1992,MAM,East Scotland,0.531,7.591
1993,MAM,East Scotland,0.461,5.465
1994,MAM,East Scotland,0.574,9.484
1995,MAM,East Scotland,0.455,9.352
1996,MAM,East Scotland,0.348,6.252
1997,MAM,East Scotland,0.500,8.654
1998,MAM,East Scotland,0.503,7.541
1999,MAM,East Scotland,0.515,10.107
2000,MAM,East Scotland,0.560,9.176
2001,MAM,East Scotland,0.496,8.365
2002,MAM,East Scotland,0.564,8.981
2003,MAM,East Scotland,0.556,9.862
2004,MAM,East Scotland,0.431,7.516
2005,MAM,East Scotland,0.371,6.887
2006,MAM,East Scotland,0.453,7.365
2007,MAM,East Scotland,0.385,8.057
2008,MAM,East Scotland,0.431,7.044
2009,MAM,East Scotland,0.419,6.981
2010,MAM,East Scotland,0.514,8.730
2011,MAM,East Scotland,0.511,8.057
2012,MAM,East Scotland,0.477,9.214
2013,MAM,East Scotland,0.460,6.717
2014,MAM,East Scotland,0.534,11.176
2015,MAM,East Scotland,0.587,11.233
2016,MAM,East Scotland,0.334,6.761
2017,MAM,East Scotland,0.542,8.220
2018,MAM,East Scotland,0.584,8.321
2019,MAM,East Scotland,0.428,7.214
2020,MAM,East Scotland,0.583,9.138
2021,MAM,East Scotland,0.501,10.893
2022,MAM,East Scotland,0.552,9.465
2023,MAM,East Scotland,0.477,8.516
2024,MAM,East Scotland,0.380,6.931
2025,MAM,East Scotland,0.433,10.503
2026,MAM,East Scotland,0.499,8.755
2027,MAM,East Scotland,0.501,10.258
2028,MAM,East Scotland,0.546,8.969
2029,MAM,East Scotland,0.478,9.862
2030,MAM,East Scotland,0.432,10.535
2031,MAM,East Scotland,0.518,7.824
2032,MAM,East Scotland,0.587,10.805
2033,MAM,East Scotland,0.576,8.541
2034,MAM,East Scotland,0.480,10.006
2035,MAM,East Scotland,0.517,8.151
2036,MAM,East Scotland,0.478,8.277
2037,MAM,East Scotland,0.406,6.038
2038,MAM,East Scotland,0.433,6.245
2039,MAM,East Scotland,0.464,7.755
2040,MAM,East Scotland,0.435,7.623
2041,MAM,East Scotland,0.512,8.333
2042,MAM,East Scotland,0.389,5.327
2043,MAM,East Scotland,0.549,7.226
2044,MAM,East Scotland,0.406,7.277
2045,MAM,East Scotland,0.418,6.887
2046,MAM,East Scotland,0.525,9.667
2047,MAM,East Scotland,0.445,7.013
2048,MAM,East Scotland,0.453,6.566
2049,MAM,East Scotland,0.400,10.157
2050,MAM,East Scotland,0.448,8.843
2051,MAM,East Scotland,0.485,7.346
2052,MAM,East Scotland,0.550,7.698
2053,MAM,East Scotland,0.395,6.346
2054,MAM,East Scotland,0.442,6.283
2055,MAM,East Scotland,0.486,7.189
2056,MAM,East Scotland,0.485,7.874
2057,MAM,East Scotland,0.656,12.038
2058,MAM,East Scotland,0.455,9.635
2059,MAM,East Scotland,0.416,6.358
2060,MAM,East Scotland,0.478,8.805
2061,MAM,East Scotland,0.314,4.899
2062,MAM,East Scotland,0.487,7.289
2063,MAM,East Scotland,0.384,7.421
2064,MAM,East Scotland,0.556,9.528
2065,MAM,East Scotland,0.353,7.170
2066,MAM,East Scotland,0.561,11.597
2067,MAM,East Scotland,0.473,8.447
2068,MAM,East Scotland,0.486,6.767
2069,MAM,East Scotland,0.476,6.862
2070,MAM,East Scotland,0.433,8.214
2071,MAM,East Scotland,0.398,6.459
2072,MAM,East Scotland,0.385,9.459
2073,MAM,East Scotland,0.440,6.220
2074,MAM,East Scotland,0.458,7.465
2075,MAM,East Scotland,0.393,8.522
2076,MAM,East Scotland,0.417,10.151
2077,MAM,East Scotland,0.467,6.208
2078,MAM,East Scotland,0.464,8.371
2079,MAM,East Scotland,0.426,5.981
2080,MAM,East Scotland,0.430,7.874
1981,MAM,London,0.256,5.167
1982,MAM,London,0.398,4.333
1983,MAM,London,0.384,8.250
1984,MAM,London,0.341,5.000
1985,MAM,London,0.286,6.750
1986,MAM,London,0.467,6.667
1987,MAM,London,0.435,5.417
1988,MAM,London,0.395,4.250
1989,MAM,London,0.495,11.917
1990,MAM,London,0.456,7.917
1991,MAM,London,0.395,6.000
1992,MAM,London,0.380,5.500
1993,MAM,London,0.277,3.417
1994,MAM,London,0.441,6.583
1995,MAM,London,0.466,7.167
1996,MAM,London,0.261,5.667
1997,MAM,London,0.445,5.750
1998,MAM,London,0.387,6.333
1999,MAM,London,0.496,12.167
2000,MAM,London,0.421,5.083
2001,MAM,London,0.498,7.750
2002,MAM,London,0.482,6.083
2003,MAM,London,0.452,5.083
2004,MAM,London,0.485,5.500
2005,MAM,London,0.258,4.667
2006,MAM,London,0.440,5.167
2007,MAM,London,0.394,5.500
2008,MAM,London,0.400,6.500
2009,MAM,London,0.308,6.000
2010,MAM,London,0.495,8.167
2011,MAM,London,0.354,5.917
2012,MAM,London,0.361,8.583
2013,MAM,London,0.334,4.000
2014,MAM,London,0.390,5.500
2015,MAM,London,0.467,8.167
2016,MAM,London,0.295,3.583
2017,MAM,London,0.398,9.500
2018,MAM,London,0.354,5.333
2019,MAM,London,0.338,3.833
2020,MAM,London,0.491,5.500
2021,MAM,London,0.445,4.667
2022,MAM,London,0.413,7.167
2023,MAM,London,0.371,9.167
2024,MAM,London,0.341,4.333
2025,MAM,London,0.295,4.917
2026,MAM,London,0.403,6.333
2027,MAM,London,0.332,9.333
2028,MAM,London,0.471,8.667
2029,MAM,London,0.341,6.417
2030,MAM,London,0.339,5.500
2031,MAM,London,0.452,5.000
2032,MAM,London,0.373,5.583
2033,MAM,London,0.594,8.917
2034,MAM,London,0.450,7.333
2035,MAM,London,0.350,5.167
2036,MAM,London,0.380,4.333
2037,MAM,London,0.287,4.833
2038,MAM,London,0.403,5.250
2039,MAM,London,0.364,5.250
2040,MAM,London,0.361,4.333
2041,MAM,London,0.502,10.667
2042,MAM,London,0.290,4.917
2043,MAM,London,0.364,4.250
2044,MAM,London,0.272,3.667
2045,MAM,London,0.419,6.417
2046,MAM,London,0.412,5.417
2047,MAM,London,0.341,4.667
2048,MAM,London,0.568,9.917
2049,MAM,London,0.323,4.250
2050,MAM,London,0.251,3.000
2051,MAM,London,0.343,4.000
2052,MAM,London,0.457,5.500
2053,MAM,London,0.404,5.250
2054,MAM,London,0.252,3.000
2055,MAM,London,0.308,4.083
2056,MAM,London,0.327,4.083
2057,MAM,London,0.511,5.333
2058,MAM,London,0.338,6.167
2059,MAM,London,0.414,7.000
2060,MAM,London,0.380,5.667
2061,MAM,London,0.297,4.083
2062,MAM,London,0.436,7.083
2063,MAM,London,0.242,3.917
2064,MAM,London,0.407,8.833
2065,MAM,London,0.293,5.333
2066,MAM,London,0.450,7.583
2067,MAM,London,0.290,4.833
2068,MAM,London,0.381,5.250
2069,MAM,London,0.340,3.500
2070,MAM,London,0.254,4.000
2071,MAM,London,0.290,5.000
2072,MAM,London,0.362,7.333
2073,MAM,London,0.466,7.167
2074,MAM,London,0.353,5.750
2075,MAM,London,0.320,8.833
2076,MAM,London,0.347,6.667
2077,MAM,London,0.441,5.750
2078,MAM,London,0.429,9.083
2079,MAM,London,0.398,5.417
2080,MAM,London,0.380,7.917
1981,MAM,North East England,0.299,5.351
1982,MAM,North East England,0.421,5.561
1983,MAM,North East England,0.423,5.719
1984,MAM,North East England,0.460,7.070
1985,MAM,North East England,0.466,7.053
1986,MAM,North East England,0.500,6.895
1987,MAM,North East England,0.439,5.860
1988,MAM,North East England,0.380,5.965
1989,MAM,North East England,0.446,6.123
1990,MAM,North East England,0.440,5.632
1991,MAM,North East England,0.484,9.912
1992,MAM,North East England,0.486,5.632
1993,MAM,North East England,0.365,4.351
1994,MAM,North East England,0.467,7.053
1995,MAM,North East England,0.456,8.018
1996,MAM,North East England,0.331,5.368
1997,MAM,North East England,0.480,6.807
1998,MAM,North East England,0.457,5.667
1999,MAM,North East England,0.477,8.684
2000,MAM,North East England,0.510,10.281
2001,MAM,North East England,0.425,6.667
2002,MAM,North East England,0.547,7.684
2003,MAM,North East England,0.506,8.088
2004,MAM,North East England,0.376,5.807
2005,MAM,North East England,0.355,9.421
2006,MAM,North East England,0.404,5.368
2007,MAM,North East England,0.339,5.246
2008,MAM,North East England,0.371,7.070
2009,MAM,North East England,0.356,4.737
2010,MAM,North East England,0.547,8.667
2011,MAM,North East England,0.437,5.930
2012,MAM,North East England,0.383,6.368
2013,MAM,North East England,0.400,5.860
2014,MAM,North East England,0.491,8.316
2015,MAM,North East England,0.576,9.368
2016,MAM,North East England,0.325,8.386
2017,MAM,North East England,0.483,6.439
2018,MAM,North East England,0.539,9.737
2019,MAM,North East England,0.410,5.684
2020,MAM,North East England,0.531,7.526
2021,MAM,North East England,0.540,9.614
2022,MAM,North East England,0.495,8.772
2023,MAM,North East England,0.380,6.018
2024,MAM,North East England,0.342,7.088
2025,MAM,North East England,0.428,14.474
2026,MAM,North East England,0.514,7.439
2027,MAM,North East England,0.407,6.544
2028,MAM,North East England,0.454,8.298
2029,MAM,North East England,0.404,6.404
2030,MAM,North East England,0.445,7.614
2031,MAM,North East England,0.451,7.807
2032,MAM,North East England,0.569,12.386
2033,MAM,North East England,0.523,6.211
2034,MAM,North East England,0.476,6.544
2035,MAM,North East England,0.455,6.649
2036,MAM,North East England,0.393,6.789
2037,MAM,North East England,0.303,5.333
2038,MAM,North East England,0.389,6.000
2039,MAM,North East England,0.431,6.404
2040,MAM,North East England,0.364,5.035
2041,MAM,North East England,0.453,5.930
2042,MAM,North East England,0.345,5.386
2043,MAM,North East England,0.389,5.053
2044,MAM,North East England,0.397,8.719
2045,MAM,North East England,0.417,5.035
2046,MAM,North East England,0.482,5.895
2047,MAM,North East England,0.402,5.088
2048,MAM,North East England,0.538,12.860
2049,MAM,North East England,0.323,6.018
2050,MAM,North East England,0.382,6.526
2051,MAM,North East England,0.433,5.737
2052,MAM,North East England,0.510,5.667
2053,MAM,North East England,0.431,5.526
2054,MAM,North East England,0.378,4.667
2055,MAM,North East England,0.441,5.526
2056,MAM,North East England,0.416,7.123
2057,MAM,North East England,0.594,8.018
2058,MAM,North East England,0.385,5.807
2059,MAM,North East England,0.385,4.842
2060,MAM,North East England,0.401,5.719
2061,MAM,North East England,0.278,4.614
2062,MAM,North East England,0.394,6.140
2063,MAM,North East England,0.314,5.649
2064,MAM,North East England,0.483,8.702
2065,MAM,North East England,0.347,5.825
2066,MAM,North East England,0.508,8.211
2067,MAM,North East England,0.440,9.228
2068,MAM,North East England,0.441,5.807
2069,MAM,North East England,0.400,7.772
2070,MAM,North East England,0.354,5.386
2071,MAM,North East England,0.341,4.982
2072,MAM,North East England,0.329,7.404
2073,MAM,North East England,0.533,10.070
2074,MAM,North East England,0.442,5.456
2075,MAM,North East England,0.363,7.930
2076,MAM,North East England,0.400,7.491
2077,MAM,North East England,0.463,5.965
2078,MAM,North East England,0.377,5.561
2079,MAM,North East England,0.412,5.526
2080,MAM,North East England,0.441,8.579
1981,MAM,North Scotland,0.497,9.990
1982,MAM,North Scotland,0.578,11.373
1983,MAM,North Scotland,0.566,12.776
1984,MAM,North Scotland,0.526,11.124
1985,MAM,North Scotland,0.589,9.129
1986,MAM,North Scotland,0.567,10.408
1987,MAM,North Scotland,0.533,7.856
1988,MAM,North Scotland,0.457,7.149
1989,MAM,North Scotland,0.572,10.333
1990,MAM,North Scotland,0.531,11.100
1991,MAM,North Scotland,0.563,12.856
1992,MAM,North Scotland,0.611,12.124
1993,MAM,North Scotland,0.619,11.547
1994,MAM,North Scotland,0.675,12.030
1995,MAM,North Scotland,0.490,10.308
1996,MAM,North Scotland,0.506,10.075
1997,MAM,North Scotland,0.520,9.104
1998,MAM,North Scotland,0.519,7.090
1999,MAM,North Scotland,0.509,11.766
2000,MAM,North Scotland,0.625,13.164
2001,MAM,North Scotland,0.576,10.562
2002,MAM,North Scotland,0.557,12.358
2003,MAM,North Scotland,0.696,16.358
2004,MAM,North Scotland,0.515,8.463
2005,MAM,North Scotland,0.438,10.418
2006,MAM,North Scotland,0.547,13.119
2007,MAM,North Scotland,0.443,9.269
2008,MAM,North Scotland,0.551,15.323
2009,MAM,North Scotland,0.508,9.657
2010,MAM,North Scotland,0.439,6.697
2011,MAM,North Scotland,0.656,12.905
2012,MAM,North Scotland,0.642,12.677
2013,MAM,North Scotland,0.536,9.955
2014,MAM,North Scotland,0.581,12.204
2015,MAM,North Scotland,0.534,10.736
2016,MAM,North Scotland,0.458,8.149
2017,MAM,North Scotland,0.671,11.239
2018,MAM,North Scotland,0.627,11.891
2019,MAM,North Scotland,0.480,9.701
2020,MAM,North Scotland,0.574,8.184
2021,MAM,North Scotland,0.540,9.970
2022,MAM,North Scotland,0.647,11.274
2023,MAM,North Scotland,0.570,10.612
2024,MAM,North Scotland,0.418,7.428
2025,MAM,North Scotland,0.448,11.542
2026,MAM,North Scotland,0.454,7.363
2027,MAM,North Scotland,0.536,8.458
2028,MAM,North Scotland,0.627,12.602
2029,MAM,North Scotland,0.632,18.328
2030,MAM,North Scotland,0.422,10.652
2031,MAM,North Scotland,0.645,14.647
2032,MAM,North Scotland,0.503,8.358
2033,MAM,North Scotland,0.572,8.831
2034,MAM,North Scotland,0.438,8.468
2035,MAM,North Scotland,0.572,10.149
2036,MAM,North Scotland,0.475,8.368
2037,MAM,North Scotland,0.533,8.970
2038,MAM,North Scotland,0.473,7.637
2039,MAM,North Scotland,0.546,11.065
2040,MAM,North Scotland,0.589,10.095
2041,MAM,North Scotland,0.580,8.980
2042,MAM,North Scotland,0.536,10.124
2043,MAM,North Scotland,0.668,13.547
2044,MAM,North Scotland,0.430,9.682
2045,MAM,North Scotland,0.602,12.746
2046,MAM,North Scotland,0.587,10.821
2047,MAM,North Scotland,0.487,8.985
2048,MAM,North Scotland,0.469,9.244
2049,MAM,North Scotland,0.452,9.463
2050,MAM,North Scotland,0.609,13.781
2051,MAM,North Scotland,0.469,8.662
2052,MAM,North Scotland,0.530,9.542
2053,MAM,North Scotland,0.431,8.776
2054,MAM,North Scotland,0.582,9.930
2055,MAM,North Scotland,0.631,12.791
2056,MAM,North Scotland,0.571,10.294
2057,MAM,North Scotland,0.643,11.229
2058,MAM,North Scotland,0.585,13.244
2059,MAM,North Scotland,0.468,9.358
2060,MAM,North Scotland,0.601,15.045
2061,MAM,North Scotland,0.449,8.980
2062,MAM,North Scotland,0.630,12.746
2063,MAM,North Scotland,0.529,10.945
2064,MAM,North Scotland,0.616,11.542
2065,MAM,North Scotland,0.429,14.935
2066,MAM,North Scotland,0.587,11.930
2067,MAM,North Scotland,0.537,11.303
2068,MAM,North Scotland,0.539,10.861
2069,MAM,North Scotland,0.576,11.343
2070,MAM,North Scotland,0.557,9.537
2071,MAM,North Scotland,0.509,11.204
2072,MAM,North Scotland,0.477,7.259
2073,MAM,North Scotland,0.372,5.657
2074,MAM,North Scotland,0.491,8.716
2075,MAM,North Scotland,0.405,8.905
2076,MAM,North Scotland,0.532,10.726
2077,MAM,North Scotland,0.558,8.746
2078,MAM,North Scotland,0.592,14.114
2079,MAM,North Scotland,0.492,7.910
2080,MAM,North Scotland,0.457,9.144
1981,MAM,North West England,0.410,6.828
1982,MAM,North West England,0.554,8.011
1983,MAM,North West England,0.576,10.688
1984,MAM,North West England,0.460,8.344
1985,MAM,North West England,0.517,8.527
1986,MAM,North West England,0.576,11.032
1987,MAM,North West England,0.523,7.935
1988,MAM,North West England,0.358,6.075
1989,MAM,North West England,0.507,13.495
1990,MAM,North West England,0.579,12.129
1991,MAM,North West England,0.489,9.011
1992,MAM,North West England,0.572,10.161
1993,MAM,North West England,0.507,8.000
1994,MAM,North West England,0.603,11.011
1995,MAM,North West England,0.384,8.215
1996,MAM,North West England,0.343,6.290
1997,MAM,North West England,0.592,15.000
1998,MAM,North West England,0.523,8.785
1999,MAM,North West England,0.527,8.129
2000,MAM,North West England,0.621,12.677
2001,MAM,North West England,0.575,11.366
2002,MAM,North West England,0.619,9.290
2003,MAM,North West England,0.673,12.194
2004,MAM,North West England,0.577,11.624
2005,MAM,North West England,0.381,11.656
2006,MAM,North West England,0.455,8.624
2007,MAM,North West England,0.360,7.839
2008,MAM,North West England,0.415,8.753
2009,MAM,North West England,0.424,7.204
2010,MAM,North West England,0.509,7.441
2011,MAM,North West England,0.575,9.312
2012,MAM,North West England,0.444,7.570
2013,MAM,North West England,0.455,6.720
2014,MAM,North West England,0.546,13.000
2015,MAM,North West England,0.552,12.226
2016,MAM,North West England,0.259,3.613
2017,MAM,North West England,0.541,8.118
2018,MAM,North West England,0.499,10.161
2019,MAM,North West England,0.469,7.505
2020,MAM,North West England,0.641,9.667
2021,MAM,North West England,0.502,9.785
2022,MAM,North West England,0.565,9.516
2023,MAM,North West England,0.493,8.032
2024,MAM,North West England,0.397,7.591
2025,MAM,North West England,0.397,9.086
2026,MAM,North West England,0.424,5.645
2027,MAM,North West England,0.413,6.290
2028,MAM,North West England,0.631,15.247
2029,MAM,North West England,0.577,13.817
2030,MAM,North West England,0.373,9.419
2031,MAM,North West England,0.560,9.409
2032,MAM,North West England,0.509,8.839
2033,MAM,North West England,0.617,9.796
2034,MAM,North West England,0.542,11.022
2035,MAM,North West England,0.507,8.581
2036,MAM,North West England,0.482,8.097
2037,MAM,North West England,0.416,9.860
2038,MAM,North West England,0.361,6.688
2039,MAM,North West England,0.458,7.667
2040,MAM,North West England,0.476,8.011
2041,MAM,North West England,0.631,11.097
2042,MAM,North West England,0.417,8.570
2043,MAM,North West England,0.504,7.882
2044,MAM,North West England,0.398,10.086
2045,MAM,North West England,0.452,6.204
2046,MAM,North West England,0.626,8.957
2047,MAM,North West England,0.382,6.301
2048,MAM,North West England,0.562,11.054
2049,MAM,North West England,0.400,9.527
2050,MAM,North West England,0.467,9.355
2051,MAM,North West England,0.430,6.624
2052,MAM,North West England,0.542,8.968
2053,MAM,North West England,0.459,10.430
2054,MAM,North West England,0.443,4.978
2055,MAM,North West England,0.537,7.989
2056,MAM,North West England,0.507,9.022
2057,MAM,North West England,0.682,11.097
2058,MAM,North West England,0.494,8.753
2059,MAM,North West England,0.451,7.656
2060,MAM,North West England,0.497,9.301
2061,MAM,North West England,0.361,6.882
2062,MAM,North West England,0.475,7.387
2063,MAM,North West England,0.414,6.086
2064,MAM,North West England,0.548,8.828
2065,MAM,North West England,0.436,13.215
2066,MAM,North West England,0.571,11.978
2067,MAM,North West England,0.482,8.118
2068,MAM,North West England,0.521,9.387
2069,MAM,North West England,0.510,8.387
2070,MAM,North West England,0.404,9.269
2071,MAM,North West England,0.455,8.258
2072,MAM,North West England,0.430,9.226
2073,MAM,North West England,0.421,7.129
2074,MAM,North West England,0.432,5.806
2075,MAM,North West England,0.332,5.710
2076,MAM,North West England,0.473,10.280
2077,MAM,North West England,0.570,9.753
2078,MAM,North West England,0.526,10.849
2079,MAM,North West England,0.481,9.075
2080,MAM,North West England,0.520,12.591
1981,MAM,South East England,0.228,4.517
1982,MAM,South East England,0.413,5.610
1983,MAM,South East England,0.392,6.119
1984,MAM,South East England,0.339,4.636
1985,MAM,South East England,0.293,5.398
1986,MAM,South East England,0.410,4.797
1987,MAM,South East England,0.413,5.661
1988,MAM,South East England,0.391,4.788
1989,MAM,South East England,0.459,9.475
1990,MAM,South East England,0.435,6.136
1991,MAM,South East England,0.369,6.322
1992,MAM,South East England,0.390,5.169
1993,MAM,South East England,0.301,4.703
1994,MAM,South East England,0.433,7.144
1995,MAM,South East England,0.408,6.331
1996,MAM,South East England,0.263,5.856
1997,MAM,South East England,0.463,5.534
1998,MAM,South East England,0.377,5.407
1999,MAM,South East England,0.453,7.271
2000,MAM,South East England,0.388,4.924
2001,MAM,South East England,0.454,5.958
2002,MAM,South East England,0.463,5.551
2003,MAM,South East England,0.449,5.025
2004,MAM,South East England,0.482,5.593
2005,MAM,South East England,0.237,4.415
2006,MAM,South East England,0.415,5.458
2007,MAM,South East England,0.347,5.254
2008,MAM,South East England,0.345,5.771
2009,MAM,South East England,0.280,5.102
2010,MAM,South East England,0.477,5.763
2011,MAM,South East England,0.329,6.780
2012,MAM,South East England,0.366,7.822
2013,MAM,South East England,0.329,4.008
2014,MAM,South East England,0.361,5.941
2015,MAM,South East England,0.454,6.966
2016,MAM,South East England,0.271,3.008
2017,MAM,South East England,0.366,6.424
2018,MAM,South East England,0.308,3.525
2019,MAM,South East England,0.315,3.822
2020,MAM,South East England,0.538,7.271
2021,MAM,South East England,0.427,7.636
2022,MAM,South East England,0.384,6.686
2023,MAM,South East England,0.350,7.771
2024,MAM,South East England,0.336,5.432
2025,MAM,South East England,0.296,5.000
2026,MAM,South East England,0.396,4.729
2027,MAM,South East England,0.316,5.678
2028,MAM,South East England,0.483,8.475
2029,MAM,South East England,0.347,4.831
2030,MAM,South East England,0.292,5.254
2031,MAM,South East England,0.434,4.508
2032,MAM,South East England,0.398,6.254
2033,MAM,South East England,0.533,7.653
2034,MAM,South East England,0.433,5.992
2035,MAM,South East England,0.325,4.898
2036,MAM,South East England,0.392,4.398
2037,MAM,South East England,0.298,4.653
2038,MAM,South East England,0.408,5.347
2039,MAM,South East England,0.352,4.331
2040,MAM,South East England,0.340,4.551
2041,MAM,South East England,0.484,7.127
2042,MAM,South East England,0.267,4.220
2043,MAM,South East England,0.354,5.229
2044,MAM,South East England,0.259,3.814
2045,MAM,South East England,0.353,5.517
2046,MAM,South East England,0.441,5.424
2047,MAM,South East England,0.333,4.085
2048,MAM,South East England,0.525,8.754
2049,MAM,South East England,0.306,5.000
2050,MAM,South East England,0.264,4.042
2051,MAM,South East England,0.358,4.712
2052,MAM,South East England,0.436,5.000
2053,MAM,South East England,0.359,4.508
2054,MAM,South East England,0.251,3.568
2055,MAM,South East England,0.347,4.203
2056,MAM,South East England,0.327,4.390
2057,MAM,South East England,0.492,5.186
2058,MAM,South East England,0.339,5.678
2059,MAM,South East England,0.409,5.466
2060,MAM,South East England,0.350,4.390
2061,MAM,South East England,0.275,3.729
2062,MAM,South East England,0.385,6.483
2063,MAM,South East England,0.259,4.076
2064,MAM,South East England,0.398,7.678
2065,MAM,South East England,0.304,5.754
2066,MAM,South East England,0.436,6.720
2067,MAM,South East England,0.302,5.271
2068,MAM,South East England,0.363,5.068
2069,MAM,South East England,0.349,4.178
2070,MAM,South East England,0.253,4.458
2071,MAM,South East England,0.312,5.178
2072,MAM,South East England,0.308,5.203
2073,MAM,South East England,0.431,5.856
2074,MAM,South East England,0.349,5.153
2075,MAM,South East England,0.273,6.186
2076,MAM,South East England,0.299,5.669
2077,MAM,South East England,0.411,5.492
2078,MAM,South East England,0.415,8.483
2079,MAM,South East England,0.400,5.669
2080,MAM,South East England,0.344,6.873
1981,MAM,South West England,0.258,5.127
1982,MAM,South West England,0.447,7.367
1983,MAM,South West England,0.409,5.646
1984,MAM,South West England,0.368,5.108
1985,MAM,South West England,0.341,5.671
1986,MAM,South West England,0.474,7.639
1987,MAM,South West England,0.447,6.468
1988,MAM,South West England,0.400,5.918
1989,MAM,South West England,0.499,7.867
1990,MAM,South West England,0.472,7.892
1991,MAM,South West England,0.386,6.538
1992,MAM,South West England,0.463,5.506
1993,MAM,South West England,0.347,5.532
1994,MAM,South West England,0.458,7.386
1995,MAM,South West England,0.419,7.418
1996,MAM,South West England,0.258,5.785
1997,MAM,South West England,0.528,8.025
1998,MAM,South West England,0.431,6.905
1999,MAM,South West England,0.421,5.937
2000,MAM,South West England,0.401,6.418
2001,MAM,South West England,0.570,8.741
2002,MAM,South West England,0.536,7.146
2003,MAM,South West England,0.495,7.304
2004,MAM,South West England,0.512,6.766
2005,MAM,South West England,0.252,5.557
2006,MAM,South West England,0.420,7.177
2007,MAM,South West England,0.365,6.266
2008,MAM,South West England,0.340,5.019
2009,MAM,South West England,0.357,7.013
2010,MAM,South West England,0.519,6.715
2011,MAM,South West England,0.349,6.823
2012,MAM,South West England,0.386,8.006
2013,MAM,South West England,0.358,5.120
2014,MAM,South West England,0.443,8.241
2015,MAM,South West England,0.512,8.019
2016,MAM,South West England,0.309,4.557
2017,MAM,South West England,0.337,4.633
2018,MAM,South West England,0.395,5.329
2019,MAM,South West England,0.379,5.215
2020,MAM,South West England,0.555,7.633
2021,MAM,South West England,0.426,8.646
2022,MAM,South West England,0.426,6.430
2023,MAM,South West England,0.382,7.184
2024,MAM,South West England,0.362,5.778
2025,MAM,South West England,0.288,5.044
2026,MAM,South West England,0.478,5.766
2027,MAM,South West England,0.351,6.342
2028,MAM,South West England,0.543,8.949
2029,MAM,South West England,0.437,6.734
2030,MAM,South West England,0.332,6.589
2031,MAM,South West England,0.455,5.994
2032,MAM,South West England,0.429,5.791
2033,MAM,South West England,0.550,8.557
2034,MAM,South West England,0.467,7.551
2035,MAM,South West England,0.410,7.487
2036,MAM,South West England,0.528,8.247
2037,MAM,South West England,0.346,6.335
2038,MAM,South West England,0.367,5.259
2039,MAM,South West England,0.419,5.810
2040,MAM,South West England,0.369,5.772
2041,MAM,South West England,0.547,11.285
2042,MAM,South West England,0.313,6.557
2043,MAM,South West England,0.377,6.538
2044,MAM,South West England,0.296,3.905
2045,MAM,South West England,0.301,5.949
2046,MAM,South West England,0.514,6.367
2047,MAM,South West England,0.426,5.500
2048,MAM,South West England,0.509,9.019
2049,MAM,South West England,0.332,6.519
2050,MAM,South West England,0.291,5.937
2051,MAM,South West England,0.335,5.285
2052,MAM,South West England,0.456,5.994
2053,MAM,South West England,0.368,4.848
2054,MAM,South West England,0.258,4.089
2055,MAM,South West England,0.414,5.671
2056,MAM,South West England,0.379,4.937
2057,MAM,South West England,0.558,7.089
2058,MAM,South West England,0.330,5.354
2059,MAM,South West England,0.460,7.215
2060,MAM,South West England,0.387,5.544
2061,MAM,South West England,0.334,5.791
2062,MAM,South West England,0.397,6.589
2063,MAM,South West England,0.264,4.854
2064,MAM,South West England,0.445,8.456
2065,MAM,South West England,0.318,6.665
2066,MAM,South West England,0.481,8.430
2067,MAM,South West England,0.387,5.500
2068,MAM,South West England,0.399,6.899
2069,MAM,South West England,0.363,5.899
2070,MAM,South West England,0.333,8.576
2071,MAM,South West England,0.398,7.835
2072,MAM,South West England,0.345,6.354
2073,MAM,South West England,0.439,7.544
2074,MAM,South West England,0.392,6.443
2075,MAM,South West England,0.300,5.019
2076,MAM,South West England,0.320,5.772
2077,MAM,South West England,0.434,6.956
2078,MAM,South West England,0.419,7.722
2079,MAM,South West England,0.441,7.658
2080,MAM,South West England,0.412,7.329
1981,MAM,West Midlands,0.258,5.198
1982,MAM,West Midlands,0.381,6.512
1983,MAM,West Midlands,0.421,5.733
1984,MAM,West Midlands,0.359,4.651
1985,MAM,West Midlands,0.361,6.802
1986,MAM,West Midlands,0.459,4.744
1987,MAM,West Midlands,0.441,6.326
1988,MAM,West Midlands,0.358,5.116
1989,MAM,West Midlands,0.470,8.640
1990,MAM,West Midlands,0.463,5.558
1991,MAM,West Midlands,0.408,7.174
1992,MAM,West Midlands,0.438,4.930
1993,MAM,West Midlands,0.378,6.314
1994,MAM,West Midlands,0.451,8.442
1995,MAM,West Midlands,0.400,6.709
1996,MAM,West Midlands,0.281,5.093
1997,MAM,West Midlands,0.469,6.407
1998,MAM,West Midlands,0.431,6.686
1999,MAM,West Midlands,0.444,7.000
2000,MAM,West Midlands,0.373,4.733
2001,MAM,West Midlands,0.485,7.244
2002,MAM,West Midlands,0.503,5.453
2003,MAM,West Midlands,0.499,6.872
2004,MAM,West Midlands,0.500,5.733
2005,MAM,West Midlands,0.283,5.605
2006,MAM,West Midlands,0.438,7.570
2007,MAM,West Midlands,0.324,5.209
2008,MAM,West Midlands,0.315,4.709
2009,MAM,West Midlands,0.344,5.860
2010,MAM,West Midlands,0.537,6.163
2011,MAM,West Midlands,0.362,5.884
2012,MAM,West Midlands,0.329,5.477
2013,MAM,West Midlands,0.353,3.581
2014,MAM,West Midlands,0.418,7.558
2015,MAM,West Midlands,0.473,7.930
2016,MAM,West Midlands,0.303,3.663
2017,MAM,West Midlands,0.385,6.407
2018,MAM,West Midlands,0.413,5.372
2019,MAM,West Midlands,0.421,6.663
2020,MAM,West Midlands,0.538,7.256
2021,MAM,West Midlands,0.430,4.942
2022,MAM,West Midlands,0.482,6.802
2023,MAM,West Midlands,0.366,5.302
2024,MAM,West Midlands,0.322,6.430
2025,MAM,West Midlands,0.305,7.419
2026,MAM,West Midlands,0.467,4.581
2027,MAM,West Midlands,0.341,5.593
2028,MAM,West Midlands,0.504,8.756
2029,MAM,West Midlands,0.447,6.605
2030,MAM,West Midlands,0.337,5.256
2031,MAM,West Midlands,0.422,5.221
2032,MAM,West Midlands,0.424,6.221
2033,MAM,West Midlands,0.572,8.884
2034,MAM,West Midlands,0.470,7.186
2035,MAM,West Midlands,0.377,5.233
2036,MAM,West Midlands,0.456,5.953
2037,MAM,West Midlands,0.335,6.500
2038,MAM,West Midlands,0.375,5.500
2039,MAM,West Midlands,0.431,5.860
2040,MAM,West Midlands,0.345,5.000
2041,MAM,West Midlands,0.499,7.140
2042,MAM,West Midlands,0.310,5.244
2043,MAM,West Midlands,0.382,7.023
2044,MAM,West Midlands,0.293,4.535
2045,MAM,West Midlands,0.327,5.430
2046,MAM,West Midlands,0.518,6.616
2047,MAM,West Midlands,0.359,4.523
2048,MAM,West Midlands,0.520,11.930
2049,MAM,West Midlands,0.323,4.965
2050,MAM,West Midlands,0.312,5.512
2051,MAM,West Midlands,0.357,5.733
2052,MAM,West Midlands,0.449,4.860
2053,MAM,West Midlands,0.392,5.477
2054,MAM,West Midlands,0.274,3.953
2055,MAM,West Midlands,0.399,4.523
2056,MAM,West Midlands,0.355,5.012
2057,MAM,West Midlands,0.537,6.965
2058,MAM,West Midlands,0.325,5.360
2059,MAM,West Midlands,0.442,7.930
2060,MAM,West Midlands,0.405,5.709
2061,MAM,West Midlands,0.322,5.628
2062,MAM,West Midlands,0.376,5.826
2063,MAM,West Midlands,0.247,3.337
2064,MAM,West Midlands,0.452,9.860
2065,MAM,West Midlands,0.327,5.628
2066,MAM,West Midlands,0.510,7.267
2067,MAM,West Midlands,0.341,5.035
2068,MAM,West Midlands,0.428,7.198
2069,MAM,West Midlands,0.425,7.209
2070,MAM,West Midlands,0.302,4.500
2071,MAM,West Midlands,0.408,9.105
2072,MAM,West Midlands,0.349,6.930
2073,MAM,West Midlands,0.444,7.081
2074,MAM,West Midlands,0.331,4.756
2075,MAM,West Midlands,0.286,4.988
2076,MAM,West Midlands,0.347,6.116
2077,MAM,West Midlands,0.456,5.942
2078,MAM,West Midlands,0.416,7.919
2079,MAM,West Midlands,0.450,6.674
2080,MAM,West Midlands,0.433,7.791
1981,MAM,West Scotland,0.443,8.092
1982,MAM,West Scotland,0.586,8.746
1983,MAM,West Scotland,0.548,11.454
1984,MAM,West Scotland,0.522,11.385
1985,MAM,West Scotland,0.523,7.277
1986,MAM,West Scotland,0.577,11.500
1987,MAM,West Scotland,0.514,8.431
1988,MAM,West Scotland,0.356,5.177
1989,MAM,West Scotland,0.495,12.208
1990,MAM,West Scotland,0.498,11.069
1991,MAM,West Scotland,0.522,9.185
1992,MAM,West Scotland,0.609,12.900
1993,MAM,West Scotland,0.579,7.615
1994,MAM,West Scotland,0.651,10.831
1995,MAM,West Scotland,0.348,7.115
1996,MAM,West Scotland,0.364,5.731
1997,MAM,West Scotland,0.551,13.223
1998,MAM,West Scotland,0.493,8.100
1999,MAM,West Scotland,0.518,11.985
2000,MAM,West Scotland,0.634,12.700
2001,MAM,West Scotland,0.575,10.554
2002,MAM,West Scotland,0.635,12.531
2003,MAM,West Scotland,0.676,12.754
2004,MAM,West Scotland,0.572,13.008
2005,MAM,West Scotland,0.409,12.054
2006,MAM,West Scotland,0.456,8.015
2007,MAM,West Scotland,0.366,6.992
2008,MAM,West Scotland,0.403,8.462
2009,MAM,West Scotland,0.456,9.169
2010,MAM,West Scotland,0.435,8.931
2011,MAM,West Scotland,0.632,10.446
2012,MAM,West Scotland,0.544,10.277
2013,MAM,West Scotland,0.470,7.531
2014,MAM,West Scotland,0.548,11.738
2015,MAM,West Scotland,0.548,13.038
2016,MAM,West Scotland,0.312,4.762
2017,MAM,West Scotland,0.524,8.185
2018,MAM,West Scotland,0.543,8.915
2019,MAM,West Scotland,0.435,7.569
2020,MAM,West Scotland,0.643,8.585
2021,MAM,West Scotland,0.459,9.423
2022,MAM,West Scotland,0.572,10.038
2023,MAM,West Scotland,0.526,8.438
2024,MAM,West Scotland,0.398,7.254
2025,MAM,West Scotland,0.402,10.469
2026,MAM,West Scotland,0.449,7.115
2027,MAM,West Scotland,0.457,7.623
2028,MAM,West Scotland,0.673,11.915
2029,MAM,West Scotland,0.666,19.608
2030,MAM,West Scotland,0.381,10.954
2031,MAM,West Scotland,0.557,12.915
2032,MAM,West Scotland,0.464,6.638
2033,MAM,West Scotland,0.621,10.438
2034,MAM,West Scotland,0.508,11.169
2035,MAM,West Scotland,0.528,9.738
2036,MAM,West Scotland,0.513,8.969
2037,MAM,West Scotland,0.483,7.615
2038,MAM,West Scotland,0.340,6.169
2039,MAM,West Scotland,0.510,9.646
2040,MAM,West Scotland,0.511,7.877
2041,MAM,West Scotland,0.619,11.985
2042,MAM,West Scotland,0.484,8.369
2043,MAM,West Scotland,0.613,10.192
2044,MAM,West Scotland,0.424,9.823
2045,MAM,West Scotland,0.479,10.377
2046,MAM,West Scotland,0.634,12.685
2047,MAM,West Scotland,0.404,7.100
2048,MAM,West Scotland,0.472,8.438
2049,MAM,West Scotland,0.447,10.477
2050,MAM,West Scotland,0.558,11.700
2051,MAM,West Scotland,0.467,7.562
2052,MAM,West Scotland,0.543,6.323
2053,MAM,West Scotland,0.423,9.123
2054,MAM,West Scotland,0.463,5.877
2055,MAM,West Scotland,0.526,7.685
2056,MAM,West Scotland,0.588,12.008
2057,MAM,West Scotland,0.680,11.354
2058,MAM,West Scotland,0.554,13.115
2059,MAM,West Scotland,0.449,7.185
2060,MAM,West Scotland,0.522,9.777
2061,MAM,West Scotland,0.385,9.108
2062,MAM,West Scotland,0.506,6.762
2063,MAM,West Scotland,0.492,9.223
2064,MAM,West Scotland,0.588,11.262
2065,MAM,West Scotland,0.409,12.177
2066,MAM,West Scotland,0.564,9.869
2067,MAM,West Scotland,0.513,9.254
2068,MAM,West Scotland,0.471,6.708
2069,MAM,West Scotland,0.543,9.377
2070,MAM,West Scotland,0.462,10.146
2071,MAM,West Scotland,0.491,7.392
2072,MAM,West Scotland,0.435,11.562
2073,MAM,West Scotland,0.356,4.938
2074,MAM,West Scotland,0.427,6.762
2075,MAM,West Scotland,0.353,7.869
2076,MAM,West Scotland,0.463,11.238
2077,MAM,West Scotland,0.541,9.262
2078,MAM,West Scotland,0.553,10.577
2079,MAM,West Scotland,0.480,6.700
2080,MAM,West Scotland,0.476,9.569
1981,MAM,Yorkshire and Humber,0.293,4.921
1982,MAM,Yorkshire and Humber,0.385,5.851
1983,MAM,Yorkshire and Humber,0.392,5.545
1984,MAM,Yorkshire and Humber,0.450,6.644
1985,MAM,Yorkshire and Humber,0.355,5.010
1986,MAM,Yorkshire and Humber,0.508,7.149
1987,MAM,Yorkshire and Humber,0.432,5.921
1988,MAM,Yorkshire and Humber,0.380,4.683
1989,MAM,Yorkshire and Humber,0.451,7.911
1990,MAM,Yorkshire and Humber,0.471,6.881
1991,MAM,Yorkshire and Humber,0.442,8.446
1992,MAM,Yorkshire and Humber,0.452,5.733
1993,MAM,Yorkshire and Humber,0.362,5.030
1994,MAM,Yorkshire and Humber,0.477,7.545
1995,MAM,Yorkshire and Humber,0.427,7.396
1996,MAM,Yorkshire and Humber,0.320,6.277
1997,MAM,Yorkshire and Humber,0.470,7.475
1998,MAM,Yorkshire and Humber,0.457,6.277
1999,MAM,Yorkshire and Humber,0.444,8.881
2000,MAM,Yorkshire and Humber,0.445,7.139
2001,MAM,Yorkshire and Humber,0.443,7.109
2002,MAM,Yorkshire and Humber,0.506,6.238
2003,MAM,Yorkshire and Humber,0.513,8.376
2004,MAM,Yorkshire and Humber,0.432,6.000
2005,MAM,Yorkshire and Humber,0.323,7.050
2006,MAM,Yorkshire and Humber,0.365,6.426
2007,MAM,Yorkshire and Humber,0.316,6.089
2008,MAM,Yorkshire and Humber,0.377,5.000
2009,MAM,Yorkshire and Humber,0.330,4.119
2010,MAM,Yorkshire and Humber,0.494,7.535
2011,MAM,Yorkshire and Humber,0.429,6.455
2012,MAM,Yorkshire and Humber,0.356,5.376
2013,MAM,Yorkshire and Humber,0.361,5.644
2014,MAM,Yorkshire and Humber,0.459,7.594
2015,MAM,Yorkshire and Humber,0.518,8.505
2016,MAM,Yorkshire and Humber,0.298,4.614
2017,MAM,Yorkshire and Humber,0.443,7.772
2018,MAM,Yorkshire and Humber,0.472,7.663
2019,MAM,Yorkshire and Humber,0.408,6.257
2020,MAM,Yorkshire and Humber,0.527,6.990
2021,MAM,Yorkshire and Humber,0.517,7.277
2022,MAM,Yorkshire and Humber,0.476,6.248
2023,MAM,Yorkshire and Humber,0.375,5.693
2024,MAM,Yorkshire and Humber,0.338,5.812
2025,MAM,Yorkshire and Humber,0.371,10.673
2026,MAM,Yorkshire and Humber,0.462,5.485
2027,MAM,Yorkshire and Humber,0.368,6.931
2028,MAM,Yorkshire and Humber,0.451,8.465
2029,MAM,Yorkshire and Humber,0.382,5.653
2030,MAM,Yorkshire and Humber,0.409,6.436
2031,MAM,Yorkshire and Humber,0.443,6.446
2032,MAM,Yorkshire and Humber,0.500,11.198
2033,MAM,Yorkshire and Humber,0.538,8.634
2034,MAM,Yorkshire and Humber,0.449,6.158
2035,MAM,Yorkshire and Humber,0.411,5.901
2036,MAM,Yorkshire and Humber,0.388,6.337
2037,MAM,Yorkshire and Humber,0.293,5.218
2038,MAM,Yorkshire and Humber,0.351,5.594
2039,MAM,Yorkshire and Humber,0.418,6.099
2040,MAM,Yorkshire and Humber,0.363,7.069
2041,MAM,Yorkshire and Humber,0.479,5.762
2042,MAM,Yorkshire and Humber,0.322,5.267
2043,MAM,Yorkshire and Humber,0.365,4.634
2044,MAM,Yorkshire and Humber,0.346,7.218
2045,MAM,Yorkshire and Humber,0.388,4.673
2046,MAM,Yorkshire and Humber,0.477,6.931
2047,MAM,Yorkshire and Humber,0.351,4.842
2048,MAM,Yorkshire and Humber,0.530,13.485
2049,MAM,Yorkshire and Humber,0.310,4.683
2050,MAM,Yorkshire and Humber,0.367,5.515
2051,MAM,Yorkshire and Humber,0.415,6.525
2052,MAM,Yorkshire and Humber,0.483,7.168
2053,MAM,Yorkshire and Humber,0.423,5.812
2054,MAM,Yorkshire and Humber,0.316,4.515
2055,MAM,Yorkshire and Humber,0.422,4.802
2056,MAM,Yorkshire and Humber,0.349,5.901
2057,MAM,Yorkshire and Humber,0.527,7.386
2058,MAM,Yorkshire and Humber,0.347,5.168
2059,MAM,Yorkshire and Humber,0.402,5.079
2060,MAM,Yorkshire and Humber,0.387,5.525
2061,MAM,Yorkshire and Humber,0.251,4.287
2062,MAM,Yorkshire and Humber,0.376,5.881
2063,MAM,Yorkshire and Humber,0.256,3.950
2064,MAM,Yorkshire and Humber,0.471,8.653
2065,MAM,Yorkshire and Humber,0.313,4.931
2066,MAM,Yorkshire and Humber,0.499,6.941
2067,MAM,Yorkshire and Humber,0.379,6.525
2068,MAM,Yorkshire and Humber,0.447,6.733
2069,MAM,Yorkshire and Humber,0.393,5.871
2070,MAM,Yorkshire and Humber,0.288,4.376
2071,MAM,Yorkshire and Humber,0.335,4.950
2072,MAM,Yorkshire and Humber,0.307,6.525
2073,MAM,Yorkshire and Humber,0.488,8.723
2074,MAM,Yorkshire and Humber,0.424,5.198
2075,MAM,Yorkshire and Humber,0.318,7.475
2076,MAM,Yorkshire and Humber,0.385,5.901
2077,MAM,Yorkshire and Humber,0.491,6.426
2078,MAM,Yorkshire and Humber,0.397,7.010
2079,MAM,Yorkshire and Humber,0.399,6.317
2080,MAM,Yorkshire and Humber,0.452,12.030
1981,MAM,Channel Islands,0.217,2.000
1982,MAM,Channel Islands,0.587,9.000
1983,MAM,Channel Islands,0.424,7.000
1984,MAM,Channel Islands,0.424,6.000
1985,MAM,Channel Islands,0.413,6.000
1986,MAM,Channel Islands,0.489,19.000
1987,MAM,Channel Islands,0.478,11.000
1988,MAM,Channel Islands,0.511,9.000
1989,MAM,Channel Islands,0.609,15.000
1990,MAM,Channel Islands,0.565,10.000
1991,MAM,Channel Islands,0.446,9.000
1992,MAM,Channel Islands,0.489,8.000
1993,MAM,Channel Islands,0.315,5.000
1994,MAM,Channel Islands,0.522,10.000
1995,MAM,Channel Islands,0.522,9.000
1996,MAM,Channel Islands,0.359,9.000
1997,MAM,Channel Islands,0.565,9.000
1998,MAM,Channel Islands,0.511,10.000
1999,MAM,Channel Islands,0.511,12.000
2000,MAM,Channel Islands,0.543,12.000
2001,MAM,Channel Islands,0.674,27.000
2002,MAM,Channel Islands,0.598,12.000
2003,MAM,Channel Islands,0.522,11.000
2004,MAM,Channel Islands,0.522,11.000
2005,MAM,Channel Islands,0.337,7.000
2006,MAM,Channel Islands,0.609,18.000
2007,MAM,Channel Islands,0.489,8.000
2008,MAM,Channel Islands,0.457,9.000
2009,MAM,Channel Islands,0.348,9.000
2010,MAM,Channel Islands,0.576,6.000
2011,MAM,Channel Islands,0.413,10.000
2012,MAM,Channel Islands,0.478,24.000
2013,MAM,Channel Islands,0.370,5.000
2014,MAM,Channel Islands,0.467,8.000
2015,MAM,Channel Islands,0.630,13.000
2016,MAM,Channel Islands,0.457,8.000
2017,MAM,Channel Islands,0.413,9.000
2018,MAM,Channel Islands,0.380,9.000
2019,MAM,Channel Islands,0.489,9.000
2020,MAM,Channel Islands,0.707,13.000
2021,MAM,Channel Islands,0.587,11.000
2022,MAM,Channel Islands,0.435,6.000
2023,MAM,Channel Islands,0.413,10.000
2024,MAM,Channel Islands,0.565,22.000
2025,MAM,Channel Islands,0.283,4.000
2026,MAM,Channel Islands,0.609,11.000
2027,MAM,Channel Islands,0.370,6.000
2028,MAM,Channel Islands,0.576,12.000
2029,MAM,Channel Islands,0.478,7.000
2030,MAM,Channel Islands,0.413,8.000
2031,MAM,Channel Islands,0.587,8.000
2032,MAM,Channel Islands,0.543,9.000
2033,MAM,Channel Islands,0.620,9.000
2034,MAM,Channel Islands,0.435,10.000
2035,MAM,Channel Islands,0.435,5.000
2036,MAM,Channel Islands,0.522,12.000
2037,MAM,Channel Islands,0.391,9.000
2038,MAM,Channel Islands,0.467,6.000
2039,MAM,Channel Islands,0.478,8.000
2040,MAM,Channel Islands,0.424,12.000
2041,MAM,Channel Islands,0.696,25.000
2042,MAM,Channel Islands,0.435,8.000
2043,MAM,Channel Islands,0.457,9.000
2044,MAM,Channel Islands,0.370,9.000
2045,MAM,Channel Islands,0.359,6.000
2046,MAM,Channel Islands,0.489,4.000
2047,MAM,Channel Islands,0.576,8.000
2048,MAM,Channel Islands,0.598,12.000
2049,MAM,Channel Islands,0.413,9.000
2050,MAM,Channel Islands,0.315,10.000
2051,MAM,Channel Islands,0.391,6.000
2052,MAM,Channel Islands,0.500,7.000
2053,MAM,Channel Islands,0.446,5.000
2054,MAM,Channel Islands,0.380,8.000
2055,MAM,Channel Islands,0.533,12.000
2056,MAM,Channel Islands,0.478,6.000
2057,MAM,Channel Islands,0.620,11.000
2058,MAM,Channel Islands,0.435,9.000
2059,MAM,Channel Islands,0.620,12.000
2060,MAM,Channel Islands,0.500,11.000
2061,MAM,Channel Islands,0.348,7.000
2062,MAM,Channel Islands,0.533,9.000
2063,MAM,Channel Islands,0.261,4.000
2064,MAM,Channel Islands,0.522,11.000
2065,MAM,Channel Islands,0.370,10.000
2066,MAM,Channel Islands,0.500,11.000
2067,MAM,Channel Islands,0.576,9.000
2068,MAM,Channel Islands,0.522,8.000
2069,MAM,Channel Islands,0.413,13.000
2070,MAM,Channel Islands,0.413,18.000
2071,MAM,Channel Islands,0.380,8.000
2072,MAM,Channel Islands,0.478,8.000
2073,MAM,Channel Islands,0.554,12.000
2074,MAM,Channel Islands,0.424,5.000
2075,MAM,Channel Islands,0.348,7.000
2076,MAM,Channel Islands,0.446,11.000
2077,MAM,Channel Islands,0.565,14.000
2078,MAM,Channel Islands,0.446,9.000
2079,MAM,Channel Islands,0.489,11.000
2080,MAM,Channel Islands,0.522,7.000
1981,MAM,Isle of Man,0.391,9.000
1982,MAM,Isle of Man,0.576,9.000
1983,MAM,Isle of Man,0.551,9.000
1984,MAM,Isle of Man,0.536,10.667
1985,MAM,Isle of Man,0.475,7.000
1986,MAM,Isle of Man,0.562,7.333
1987,MAM,Isle of Man,0.507,5.333
1988,MAM,Isle of Man,0.362,5.000
1989,MAM,Isle of Man,0.471,6.667
1990,MAM,Isle of Man,0.522,7.667
1991,MAM,Isle of Man,0.540,8.000
1992,MAM,Isle of Man,0.569,12.333
1993,MAM,Isle of Man,0.467,6.667
1994,MAM,Isle of Man,0.612,12.000
1995,MAM,Isle of Man,0.402,7.667
1996,MAM,Isle of Man,0.304,4.667
1997,MAM,Isle of Man,0.536,13.667
1998,MAM,Isle of Man,0.478,11.667
1999,MAM,Isle of Man,0.554,13.000
2000,MAM,Isle of Man,0.616,11.333
2001,MAM,Isle of Man,0.591,10.000
2002,MAM,Isle of Man,0.609,8.000
2003,MAM,Isle of Man,0.638,9.000
2004,MAM,Isle of Man,0.591,12.000
2005,MAM,Isle of Man,0.380,15.667
2006,MAM,Isle of Man,0.511,10.667
2007,MAM,Isle of Man,0.370,8.667
2008,MAM,Isle of Man,0.391,6.333
2009,MAM,Isle of Man,0.457,7.000
2010,MAM,Isle of Man,0.583,9.333
2011,MAM,Isle of Man,0.630,9.667
2012,MAM,Isle of Man,0.493,9.333
2013,MAM,Isle of Man,0.438,5.667
2014,MAM,Isle of Man,0.533,11.667
2015,MAM,Isle of Man,0.529,11.333
2016,MAM,Isle of Man,0.359,4.333
2017,MAM,Isle of Man,0.551,8.333
2018,MAM,Isle of Man,0.572,15.000
2019,MAM,Isle of Man,0.475,12.000
2020,MAM,Isle of Man,0.699,13.000
2021,MAM,Isle of Man,0.565,17.000
2022,MAM,Isle of Man,0.562,7.667
2023,MAM,Isle of Man,0.514,12.000
2024,MAM,Isle of Man,0.395,6.667
2025,MAM,Isle of Man,0.420,8.667
2026,MAM,Isle of Man,0.457,7.667
2027,MAM,Isle of Man,0.435,7.000
2028,MAM,Isle of Man,0.623,11.333
2029,MAM,Isle of Man,0.583,13.667
2030,MAM,Isle of Man,0.341,6.000
2031,MAM,Isle of Man,0.576,10.333
2032,MAM,Isle of Man,0.612,13.000
2033,MAM,Isle of Man,0.634,11.667
2034,MAM,Isle of Man,0.518,11.667
2035,MAM,Isle of Man,0.540,9.000
2036,MAM,Isle of Man,0.591,12.000
2037,MAM,Isle of Man,0.457,11.000
2038,MAM,Isle of Man,0.330,6.667
2039,MAM,Isle of Man,0.511,8.667
2040,MAM,Isle of Man,0.464,7.333
2041,MAM,Isle of Man,0.572,8.667
2042,MAM,Isle of Man,0.413,8.667
2043,MAM,Isle of Man,0.525,6.667
2044,MAM,Isle of Man,0.391,7.000
2045,MAM,Isle of Man,0.504,9.667
2046,MAM,Isle of Man,0.601,8.000
2047,MAM,Isle of Man,0.409,8.000
2048,MAM,Isle of Man,0.580,10.000
2049,MAM,Isle of Man,0.453,10.667
2050,MAM,Isle of Man,0.446,5.333
2051,MAM,Isle of Man,0.438,6.000
2052,MAM,Isle of Man,0.583,9.667
2053,MAM,Isle of Man,0.486,8.333
2054,MAM,Isle of Man,0.431,5.000
2055,MAM,Isle of Man,0.540,6.667
2056,MAM,Isle of Man,0.533,8.333
2057,MAM,Isle of Man,0.739,14.667
2058,MAM,Isle of Man,0.478,9.000
2059,MAM,Isle of Man,0.464,8.000
2060,MAM,Isle of Man,0.558,9.000
2061,MAM,Isle of Man,0.395,6.667
2062,MAM,Isle of Man,0.504,7.333
2063,MAM,Isle of Man,0.388,4.667
2064,MAM,Isle of Man,0.598,15.667
2065,MAM,Isle of Man,0.391,5.667
2066,MAM,Isle of Man,0.529,9.667
2067,MAM,Isle of Man,0.511,10.333
2068,MAM,Isle of Man,0.478,11.000
2069,MAM,Isle of Man,0.500,8.333
2070,MAM,Isle of Man,0.478,11.000
2071,MAM,Isle of Man,0.442,6.667
2072,MAM,Isle of Man,0.442,7.667
2073,MAM,Isle of Man,0.409,9.333
2074,MAM,Isle of Man,0.460,5.667
2075,MAM,Isle of Man,0.348,6.667
2076,MAM,Isle of Man,0.522,8.667
2077,MAM,Isle of Man,0.601,8.667
2078,MAM,Isle of Man,0.489,8.000
2079,MAM,Isle of Man,0.529,7.000
2080,MAM,Isle of Man,0.547,10.333
1981,MAM,Northern Ireland,0.381,7.953
1982,MAM,Northern Ireland,0.560,9.640
1983,MAM,Northern Ireland,0.551,7.872
1984,MAM,Northern Ireland,0.536,10.500
1985,MAM,Northern Ireland,0.481,8.267
1986,MAM,Northern Ireland,0.556,8.953
1987,MAM,Northern Ireland,0.507,6.628
1988,MAM,Northern Ireland,0.389,6.407
1989,MAM,Northern Ireland,0.510,8.826
1990,MAM,Northern Ireland,0.504,10.267
1991,MAM,Northern Ireland,0.527,9.744
1992,MAM,Northern Ireland,0.577,11.500
1993,MAM,Northern Ireland,0.478,7.640
1994,MAM,Northern Ireland,0.623,8.372
1995,MAM,Northern Ireland,0.413,8.267
1996,MAM,Northern Ireland,0.382,5.837
1997,MAM,Northern Ireland,0.599,12.198
1998,MAM,Northern Ireland,0.457,5.233
1999,MAM,Northern Ireland,0.509,7.302
2000,MAM,Northern Ireland,0.573,10.186
2001,MAM,Northern Ireland,0.650,11.372
2002,MAM,Northern Ireland,0.606,10.267
2003,MAM,Northern Ireland,0.664,11.477
2004,MAM,Northern Ireland,0.549,7.616
2005,MAM,Northern Ireland,0.384,11.163
2006,MAM,Northern Ireland,0.458,9.337
2007,MAM,Northern Ireland,0.367,5.826
2008,MAM,Northern Ireland,0.411,7.593
2009,MAM,Northern Ireland,0.424,6.988
2010,MAM,Northern Ireland,0.537,8.395
2011,MAM,Northern Ireland,0.609,9.907
2012,MAM,Northern Ireland,0.489,8.965
2013,MAM,Northern Ireland,0.455,5.709
2014,MAM,Northern Ireland,0.562,11.128
2015,MAM,Northern Ireland,0.521,8.663
2016,MAM,Northern Ireland,0.395,6.209
2017,MAM,Northern Ireland,0.606,10.477
2018,MAM,Northern Ireland,0.588,9.058
2019,MAM,Northern Ireland,0.453,8.988
2020,MAM,Northern Ireland,0.681,9.895
2021,MAM,Northern Ireland,0.515,11.372
2022,MAM,Northern Ireland,0.540,8.965
2023,MAM,Northern Ireland,0.505,7.407
2024,MAM,Northern Ireland,0.394,6.500
2025,MAM,Northern Ireland,0.411,8.291
2026,MAM,Northern Ireland,0.483,7.814
2027,MAM,Northern Ireland,0.461,6.907
2028,MAM,Northern Ireland,0.584,8.209
2029,MAM,Northern Ireland,0.560,9.058
2030,MAM,Northern Ireland,0.358,6.814
2031,MAM,Northern Ireland,0.540,9.453
2032,MAM,Northern Ireland,0.579,7.767
2033,MAM,Northern Ireland,0.634,10.500
2034,MAM,Northern Ireland,0.531,10.430
2035,MAM,Northern Ireland,0.487,8.744
2036,MAM,Northern Ireland,0.579,10.779
2037,MAM,Northern Ireland,0.465,8.744
2038,MAM,Northern Ireland,0.382,6.419
2039,MAM,Northern Ireland,0.433,6.221
2040,MAM,Northern Ireland,0.476,9.349
2041,MAM,Northern Ireland,0.567,9.163
2042,MAM,Northern Ireland,0.464,8.756
2043,MAM,Northern Ireland,0.550,8.640
2044,MAM,Northern Ireland,0.430,8.256
2045,MAM,Northern Ireland,0.512,8.407
2046,MAM,Northern Ireland,0.570,10.372
2047,MAM,Northern Ireland,0.377,5.174
2048,MAM,Northern Ireland,0.521,9.372
2049,MAM,Northern Ireland,0.420,7.244
2050,MAM,Northern Ireland,0.501,8.628
2051,MAM,Northern Ireland,0.410,7.267
2052,MAM,Northern Ireland,0.585,6.674
2053,MAM,Northern Ireland,0.424,8.291
2054,MAM,Northern Ireland,0.435,5.081
2055,MAM,Northern Ireland,0.560,7.698
2056,MAM,Northern Ireland,0.564,9.884
2057,MAM,Northern Ireland,0.678,12.616
2058,MAM,Northern Ireland,0.497,8.535
2059,MAM,Northern Ireland,0.480,7.116
2060,MAM,Northern Ireland,0.511,8.547
2061,MAM,Northern Ireland,0.411,9.895
2062,MAM,Northern Ireland,0.485,7.709
2063,MAM,Northern Ireland,0.434,8.337
2064,MAM,Northern Ireland,0.560,11.267
2065,MAM,Northern Ireland,0.357,8.081
2066,MAM,Northern Ireland,0.553,9.698
2067,MAM,Northern Ireland,0.510,15.081
2068,MAM,Northern Ireland,0.454,7.605
2069,MAM,Northern Ireland,0.491,8.802
2070,MAM,Northern Ireland,0.466,9.128
2071,MAM,Northern Ireland,0.453,7.465
2072,MAM,Northern Ireland,0.453,7.372
2073,MAM,Northern Ireland,0.349,8.314
2074,MAM,Northern Ireland,0.409,5.500
2075,MAM,Northern Ireland,0.395,8.407
2076,MAM,Northern Ireland,0.487,8.977
2077,MAM,Northern Ireland,0.529,7.395
2078,MAM,Northern Ireland,0.526,8.953
2079,MAM,Northern Ireland,0.461,6.953
2080,MAM,Northern Ireland,0.466,7.733
1981,MAM,Wales,0.353,7.715
1982,MAM,Wales,0.490,8.212
1983,MAM,Wales,0.502,7.701
1984,MAM,Wales,0.463,8.533
1985,MAM,Wales,0.438,6.562
1986,MAM,Wales,0.528,8.518
1987,MAM,Wales,0.481,7.117
1988,MAM,Wales,0.397,6.956
1989,MAM,Wales,0.515,8.124
1990,MAM,Wales,0.538,10.766
1991,MAM,Wales,0.457,8.708
1992,MAM,Wales,0.552,7.613
1993,MAM,Wales,0.413,7.255
1994,MAM,Wales,0.560,11.482
1995,MAM,Wales,0.444,8.058
1996,MAM,Wales,0.297,5.584
1997,MAM,Wales,0.540,9.869
1998,MAM,Wales,0.486,7.380
1999,MAM,Wales,0.480,8.642
2000,MAM,Wales,0.505,9.766
2001,MAM,Wales,0.604,13.934
2002,MAM,Wales,0.579,8.380
2003,MAM,Wales,0.587,10.234
2004,MAM,Wales,0.563,8.263
2005,MAM,Wales,0.326,10.044
2006,MAM,Wales,0.437,8.774
2007,MAM,Wales,0.386,9.117
2008,MAM,Wales,0.416,6.832
2009,MAM,Wales,0.402,7.737
2010,MAM,Wales,0.577,8.518
2011,MAM,Wales,0.472,7.642
2012,MAM,Wales,0.443,7.774
2013,MAM,Wales,0.397,5.606
2014,MAM,Wales,0.539,10.474
2015,MAM,Wales,0.564,11.044
2016,MAM,Wales,0.368,5.613
2017,MAM,Wales,0.468,5.803
2018,MAM,Wales,0.475,7.387
2019,MAM,Wales,0.461,7.153
2020,MAM,Wales,0.636,9.788
2021,MAM,Wales,0.455,9.693
2022,MAM,Wales,0.545,8.343
2023,MAM,Wales,0.440,7.526
2024,MAM,Wales,0.376,7.453
2025,MAM,Wales,0.368,8.657
2026,MAM,Wales,0.507,5.504
2027,MAM,Wales,0.385,7.693
2028,MAM,Wales,0.611,14.124
2029,MAM,Wales,0.543,11.277
2030,MAM,Wales,0.363,7.547
2031,MAM,Wales,0.538,8.759
2032,MAM,Wales,0.509,7.766
2033,MAM,Wales,0.618,9.591
2034,MAM,Wales,0.536,9.036
2035,MAM,Wales,0.474,6.650
2036,MAM,Wales,0.565,11.036
2037,MAM,Wales,0.398,8.752
2038,MAM,Wales,0.372,5.876
2039,MAM,Wales,0.477,7.153
2040,MAM,Wales,0.413,6.263
2041,MAM,Wales,0.596,10.518
2042,MAM,Wales,0.411,9.467
2043,MAM,Wales,0.424,7.474
2044,MAM,Wales,0.344,5.847
2045,MAM,Wales,0.403,7.036
2046,MAM,Wales,0.578,7.394
2047,MAM,Wales,0.429,7.058
2048,MAM,Wales,0.589,13.102
2049,MAM,Wales,0.375,7.876
2050,MAM,Wales,0.389,6.723
2051,MAM,Wales,0.379,5.314
2052,MAM,Wales,0.527,6.102
2053,MAM,Wales,0.446,7.401
2054,MAM,Wales,0.372,6.401
2055,MAM,Wales,0.515,7.438
2056,MAM,Wales,0.463,8.124
2057,MAM,Wales,0.656,9.971
2058,MAM,Wales,0.417,7.993
2059,MAM,Wales,0.508,8.839
2060,MAM,Wales,0.469,8.080
2061,MAM,Wales,0.403,6.847
2062,MAM,Wales,0.452,7.679
2063,MAM,Wales,0.337,4.971
2064,MAM,Wales,0.554,12.255
2065,MAM,Wales,0.377,8.343
2066,MAM,Wales,0.594,11.628
2067,MAM,Wales,0.433,7.000
2068,MAM,Wales,0.487,10.058
2069,MAM,Wales,0.474,8.927
2070,MAM,Wales,0.365,7.650
2071,MAM,Wales,0.479,10.124
2072,MAM,Wales,0.418,8.978
2073,MAM,Wales,0.477,8.869
2074,MAM,Wales,0.405,6.533
2075,MAM,Wales,0.351,7.416
2076,MAM,Wales,0.433,8.657
2077,MAM,Wales,0.515,8.416
2078,MAM,Wales,0.474,9.460
2079,MAM,Wales,0.506,8.613
2080,MAM,Wales,0.499,9.095
1981,JJA,East Midlands,0.369,5.019
1982,JJA,East Midlands,0.395,5.136
1983,JJA,East Midlands,0.338,4.718
1984,JJA,East Midlands,0.336,5.379
1985,JJA,East Midlands,0.349,5.311
1986,JJA,East Midlands,0.333,5.398
1987,JJA,East Midlands,0.540,5.718
1988,JJA,East Midlands,0.407,6.505
1989,JJA,East Midlands,0.384,5.767
1990,JJA,East Midlands,0.308,4.951
1991,JJA,East Midlands,0.540,8.883
1992,JJA,East Midlands,0.383,4.903
1993,JJA,East Midlands,0.426,6.097
1994,JJA,East Midlands,0.356,4.951
1995,JJA,East Midlands,0.269,3.631
1996,JJA,East Midlands,0.354,4.252
1997,JJA,East Midlands,0.478,6.029
1998,JJA,East Midlands,0.417,4.301
1999,JJA,East Midlands,0.460,5.612
2000,JJA,East Midlands,0.331,7.806
2001,JJA,East Midlands,0.431,7.311
2002,JJA,East Midlands,0.479,6.350
2003,JJA,East Midlands,0.454,6.097
2004,JJA,East Midlands,0.341,4.854
2005,JJA,East Midlands,0.423,4.437
2006,JJA,East Midlands,0.372,5.631
2007,JJA,East Midlands,0.368,5.039
2008,JJA,East Midlands,0.446,5.350
2009,JJA,East Midlands,0.233,3.670
2010,JJA,East Midlands,0.358,5.019
2011,JJA,East Midlands,0.465,7.039
2012,JJA,East Midlands,0.490,6.835
2013,JJA,East Midlands,0.352,4.262
2014,JJA,East Midlands,0.354,4.233
2015,JJA,East Midlands,0.388,5.204
2016,JJA,East Midlands,0.336,4.689
2017,JJA,East Midlands,0.415,4.728
2018,JJA,East Midlands,0.426,5.233
2019,JJA,East Midlands,0.468,5.000
2020,JJA,East Midlands,0.426,5.087
2021,JJA,East Midlands,0.430,6.689
2022,JJA,East Midlands,0.408,6.214
2023,JJA,East Midlands,0.384,8.757
2024,JJA,East Midlands,0.501,5.913
2025,JJA,East Midlands,0.320,3.641
2026,JJA,East Midlands,0.373,4.767
2027,JJA,East Midlands,0.502,8.175
2028,JJA,East Midlands,0.467,6.738
2029,JJA,East Midlands,0.482,5.340
2030,JJA,East Midlands,0.311,5.505
2031,JJA,East Midlands,0.472,5.524
2032,JJA,East Midlands,0.322,6.204
2033,JJA,East Midlands,0.360,6.476
2034,JJA,East Midlands,0.367,6.272
2035,JJA,East Midlands,0.403,5.718
2036,JJA,East Midlands,0.409,5.155
2037,JJA,East Midlands,0.314,3.922
2038,JJA,East Midlands,0.276,3.767
2039,JJA,East Midlands,0.537,7.233
2040,JJA,East Midlands,0.464,4.757
2041,JJA,East Midlands,0.415,5.738
2042,JJA,East Midlands,0.348,4.369
2043,JJA,East Midlands,0.394,6.010
2044,JJA,East Midlands,0.448,5.874
2045,JJA,East Midlands,0.355,5.000
2046,JJA,East Midlands,0.433,5.379
2047,JJA,East Midlands,0.350,4.961
2048,JJA,East Midlands,0.330,4.670
2049,JJA,East Midlands,0.369,4.709
2050,JJA,East Midlands,0.349,4.524
2051,JJA,East Midlands,0.446,6.330
2052,JJA,East Midlands,0.397,7.223
2053,JJA,East Midlands,0.443,6.485
2054,JJA,East Midlands,0.317,3.990
2055,JJA,East Midlands,0.477,5.573
2056,JJA,East Midlands,0.420,5.466
2057,JJA,East Midlands,0.453,6.291
2058,JJA,East Midlands,0.455,6.505
2059,JJA,East Midlands,0.409,5.825
2060,JJA,East Midlands,0.338,5.922
2061,JJA,East Midlands,0.420,6.146
2062,JJA,East Midlands,0.422,5.816
2063,JJA,East Midlands,0.253,3.767
2064,JJA,East Midlands,0.274,4.223
2065,JJA,East Midlands,0.351,5.097
2066,JJA,East Midlands,0.318,6.573
2067,JJA,East Midlands,0.408,5.883
2068,JJA,East Midlands,0.286,6.175
2069,JJA,East Midlands,0.345,6.252
2070,JJA,East Midlands,0.428,6.398
2071,JJA,East Midlands,0.452,5.631
2072,JJA,East Midlands,0.300,4.146
2073,JJA,East Midlands,0.458,9.689
2074,JJA,East Midlands,0.372,6.301
2075,JJA,East Midlands,0.501,7.932
2076,JJA,East Midlands,0.450,5.456
2077,JJA,East Midlands,0.404,5.922
2078,JJA,East Midlands,0.366,5.408
2079,JJA,East Midlands,0.391,5.748
2080,JJA,East Midlands,0.401,5.505
1981,JJA,East of England,0.283,4.063
1982,JJA,East of England,0.336,4.405
1983,JJA,East of England,0.302,5.190
1984,JJA,East of England,0.351,4.048
1985,JJA,East of England,0.327,4.659
1986,JJA,East of England,0.331,5.683
1987,JJA,East of England,0.502,6.032
1988,JJA,East of England,0.325,5.111
1989,JJA,East of England,0.353,6.770
1990,JJA,East of England,0.321,6.397
1991,JJA,East of England,0.523,7.056
1992,JJA,East of England,0.389,5.222
1993,JJA,East of England,0.341,4.722
1994,JJA,East of England,0.374,5.310
1995,JJA,East of England,0.242,3.119
1996,JJA,East of England,0.316,5.651
1997,JJA,East of England,0.419,5.135
1998,JJA,East of England,0.406,4.921
1999,JJA,East of England,0.491,8.381
2000,JJA,East of England,0.253,4.857
2001,JJA,East of England,0.419,6.048
2002,JJA,East of England,0.454,5.976
2003,JJA,East of England,0.443,6.000
2004,JJA,East of England,0.297,4.587
2005,JJA,East of England,0.415,4.500
2006,JJA,East of England,0.345,4.770
2007,JJA,East of England,0.329,4.040
2008,JJA,East of England,0.445,5.619
2009,JJA,East of England,0.197,2.516
2010,JJA,East of England,0.300,4.389
2011,JJA,East of England,0.375,4.310
2012,JJA,East of England,0.430,5.294
2013,JJA,East of England,0.387,4.833
2014,JJA,East of England,0.347,4.389
2015,JJA,East of England,0.380,4.429
2016,JJA,East of England,0.305,4.302
2017,JJA,East of England,0.365,4.437
2018,JJA,East of England,0.404,4.302
2019,JJA,East of England,0.406,4.833
2020,JJA,East of England,0.410,5.048
2021,JJA,East of England,0.404,8.302
2022,JJA,East of England,0.349,5.317
2023,JJA,East of England,0.346,5.825
2024,JJA,East of England,0.480,5.532
2025,JJA,East of England,0.246,3.111
2026,JJA,East of England,0.380,4.230
2027,JJA,East of England,0.433,5.802
2028,JJA,East of England,0.426,6.016
2029,JJA,East of England,0.454,7.365
2030,JJA,East of England,0.247,4.048
2031,JJA,East of England,0.403,4.921
2032,JJA,East of England,0.295,5.881
2033,JJA,East of England,0.305,4.397
2034,JJA,East of England,0.376,6.976
2035,JJA,East of England,0.338,4.405
2036,JJA,East of England,0.367,5.119
2037,JJA,East of England,0.285,3.929
2038,JJA,East of England,0.276,3.802
2039,JJA,East of England,0.470,5.000
2040,JJA,East of England,0.445,5.032
2041,JJA,East of England,0.397,5.889
2042,JJA,East of England,0.275,3.254
2043,JJA,East of England,0.352,5.571
2044,JJA,East of England,0.408,5.103
2045,JJA,East of England,0.324,4.683
2046,JJA,East of England,0.358,4.246
2047,JJA,East of England,0.331,4.825
2048,JJA,East of England,0.315,3.849
2049,JJA,East of England,0.366,4.254
2050,JJA,East of England,0.305,4.421
2051,JJA,East of England,0.412,5.984
2052,JJA,East of England,0.375,5.508
2053,JJA,East of England,0.391,6.048
2054,JJA,East of England,0.284,3.944
2055,JJA,East of England,0.379,4.024
2056,JJA,East of England,0.372,5.333
2057,JJA,East of England,0.395,5.873
2058,JJA,East of England,0.401,6.056
2059,JJA,East of England,0.366,4.611
2060,JJA,East of England,0.285,4.611
2061,JJA,East of England,0.396,5.802
2062,JJA,East of England,0.369,6.905
2063,JJA,East of England,0.266,4.032
2064,JJA,East of England,0.253,4.206
2065,JJA,East of England,0.275,3.817
2066,JJA,East of England,0.258,5.056
2067,JJA,East of England,0.422,5.024
2068,JJA,East of England,0.257,4.413
2069,JJA,East of England,0.360,6.532
2070,JJA,East of England,0.405,7.087
2071,JJA,East of England,0.416,6.056
2072,JJA,East of England,0.287,3.698
2073,JJA,East of England,0.406,5.849
2074,JJA,East of England,0.332,5.071
2075,JJA,East of England,0.483,7.206
2076,JJA,East of England,0.454,5.365
2077,JJA,East of England,0.359,5.746
2078,JJA,East of England,0.373,5.008
2079,JJA,East of England,0.370,5.437
2080,JJA,East of England,0.320,5.167
1981,JJA,East Scotland,0.508,8.648
1982,JJA,East Scotland,0.529,8.013
1983,JJA,East Scotland,0.355,6.623
1984,JJA,East Scotland,0.467,6.887
1985,JJA,East Scotland,0.454,9.579
1986,JJA,East Scotland,0.494,9.126
1987,JJA,East Scotland,0.623,9.698
1988,JJA,East Scotland,0.399,7.195
1989,JJA,East Scotland,0.523,8.025
1990,JJA,East Scotland,0.408,7.434
1991,JJA,East Scotland,0.496,6.881
1992,JJA,East Scotland,0.467,4.981
1993,JJA,East Scotland,0.506,7.000
1994,JJA,East Scotland,0.368,6.591
1995,JJA,East Scotland,0.459,7.038
1996,JJA,East Scotland,0.495,6.151
1997,JJA,East Scotland,0.452,6.937
1998,JJA,East Scotland,0.523,7.390
1999,JJA,East Scotland,0.556,8.862
2000,JJA,East Scotland,0.317,6.289
2001,JJA,East Scotland,0.440,6.717
2002,JJA,East Scotland,0.531,8.585
2003,JJA,East Scotland,0.481,6.459
2004,JJA,East Scotland,0.294,4.648
2005,JJA,East Scotland,0.522,7.000
2006,JJA,East Scotland,0.430,6.893
2007,JJA,East Scotland,0.543,9.396
2008,JJA,East Scotland,0.484,6.358
2009,JJA,East Scotland,0.380,7.075
2010,JJA,East Scotland,0.379,5.453
2011,JJA,East Scotland,0.538,10.711
2012,JJA,East Scotland,0.394,6.616
2013,JJA,East Scotland,0.461,7.082
2014,JJA,East Scotland,0.440,5.855
2015,JJA,East Scotland,0.533,7.365
2016,JJA,East Scotland,0.523,7.742
2017,JJA,East Scotland,0.496,6.830
2018,JJA,East Scotland,0.439,6.912
2019,JJA,East Scotland,0.497,6.925
2020,JJA,East Scotland,0.603,8.346
2021,JJA,East Scotland,0.390,5.774
2022,JJA,East Scotland,0.447,5.742
2023,JJA,East Scotland,0.366,6.107
2024,JJA,East Scotland,0.555,8.302
2025,JJA,East Scotland,0.416,6.673
2026,JJA,East Scotland,0.462,7.038
2027,JJA,East Scotland,0.505,7.849
2028,JJA,East Scotland,0.571,8.925
2029,JJA,East Scotland,0.494,8.050
2030,JJA,East Scotland,0.381,6.377
2031,JJA,East Scotland,0.502,7.774
2032,JJA,East Scotland,0.414,7.736
2033,JJA,East Scotland,0.427,5.994
2034,JJA,East Scotland,0.404,5.874
2035,JJA,East Scotland,0.526,7.830
2036,JJA,East Scotland,0.453,5.484
2037,JJA,East Scotland,0.465,7.069
2038,JJA,East Scotland,0.385,7.050
2039,JJA,East Scotland,0.602,8.484
2040,JJA,East Scotland,0.563,8.906
2041,JJA,East Scotland,0.423,6.566
2042,JJA,East Scotland,0.446,6.384
2043,JJA,East Scotland,0.349,6.553
2044,JJA,East Scotland,0.559,8.258
2045,JJA,East Scotland,0.381,6.396
2046,JJA,East Scotland,0.477,7.642
2047,JJA,East Scotland,0.462,6.195
2048,JJA,East Scotland,0.435,6.465
2049,JJA,East Scotland,0.463,7.094
2050,JJA,East Scotland,0.446,6.635
2051,JJA,East Scotland,0.524,7.415
2052,JJA,East Scotland,0.490,7.063
2053,JJA,East Scotland,0.505,12.755
2054,JJA,East Scotland,0.457,6.220
2055,JJA,East Scotland,0.532,7.503
2056,JJA,East Scotland,0.389,6.094
2057,JJA,East Scotland,0.490,8.994
2058,JJA,East Scotland,0.530,8.522
2059,JJA,East Scotland,0.462,7.352
2060,JJA,East Scotland,0.393,7.415
2061,JJA,East Scotland,0.383,5.327
2062,JJA,East Scotland,0.480,9.082
2063,JJA,East Scotland,0.314,5.195
2064,JJA,East Scotland,0.505,7.459
2065,JJA,East Scotland,0.575,8.553
2066,JJA,East Scotland,0.379,5.660
2067,JJA,East Scotland,0.360,6.994
2068,JJA,East Scotland,0.306,4.818
2069,JJA,East Scotland,0.435,5.509
2070,JJA,East Scotland,0.510,6.673
2071,JJA,East Scotland,0.562,7.472
2072,JJA,East Scotland,0.436,8.157
2073,JJA,East Scotland,0.420,6.497
2074,JJA,East Scotland,0.521,8.937
2075,JJA,East Scotland,0.499,6.365
2076,JJA,East Scotland,0.451,6.660
2077,JJA,East Scotland,0.340,5.270
2078,JJA,East Scotland,0.419,4.811
2079,JJA,East Scotland,0.517,7.629
2080,JJA,East Scotland,0.402,5.566
1981,JJA,London,0.325,5.833
1982,JJA,London,0.362,6.833
1983,JJA,London,0.349,7.833
1984,JJA,London,0.319,3.000
1985,JJA,London,0.378,7.583
1986,JJA,London,0.310,3.833
1987,JJA,London,0.506,4.917
1988,JJA,London,0.405,4.917
1989,JJA,London,0.389,4.917
1990,JJA,London,0.322,5.750
1991,JJA,London,0.573,9.917
1992,JJA,London,0.418,6.333
1993,JJA,London,0.353,4.000
1994,JJA,London,0.409,5.333
1995,JJA,London,0.254,3.083
1996,JJA,London,0.288,4.917
1997,JJA,London,0.374,5.167
1998,JJA,London,0.345,5.500
1999,JJA,London,0.458,8.000
2000,JJA,London,0.274,3.417
2001,JJA,London,0.404,6.000
2002,JJA,London,0.431,4.667
2003,JJA,London,0.450,5.917
2004,JJA,London,0.303,5.000
2005,JJA,London,0.387,4.417
2006,JJA,London,0.352,4.500
2007,JJA,London,0.396,5.667
2008,JJA,London,0.439,8.000
2009,JJA,London,0.242,3.250
2010,JJA,London,0.294,6.417
2011,JJA,London,0.322,2.583
2012,JJA,London,0.451,7.083
2013,JJA,London,0.352,5.500
2014,JJA,London,0.396,5.333
2015,JJA,London,0.404,5.500
2016,JJA,London,0.334,3.667
2017,JJA,London,0.351,4.000
2018,JJA,London,0.419,5.417
2019,JJA,London,0.439,4.250
2020,JJA,London,0.378,4.750
2021,JJA,London,0.442,9.750
2022,JJA,London,0.326,5.417
2023,JJA,London,0.339,4.917
2024,JJA,London,0.502,5.667
2025,JJA,London,0.262,3.417
2026,JJA,London,0.380,5.417
2027,JJA,London,0.409,6.000
2028,JJA,London,0.435,5.500
2029,JJA,London,0.417,5.083
2030,JJA,London,0.204,3.167
2031,JJA,London,0.424,5.333
2032,JJA,London,0.272,4.417
2033,JJA,London,0.287,3.750
2034,JJA,London,0.379,7.917
2035,JJA,London,0.291,5.750
2036,JJA,London,0.356,3.917
2037,JJA,London,0.311,4.333
2038,JJA,London,0.316,3.917
2039,JJA,London,0.479,6.167
2040,JJA,London,0.447,6.417
2041,JJA,London,0.401,7.667
2042,JJA,London,0.197,2.167
2043,JJA,London,0.348,4.250
2044,JJA,London,0.451,4.750
2045,JJA,London,0.382,5.583
2046,JJA,London,0.340,5.167
2047,JJA,London,0.317,5.750
2048,JJA,London,0.309,4.250
2049,JJA,London,0.393,4.083
2050,JJA,London,0.269,4.500
2051,JJA,London,0.370,6.000
2052,JJA,London,0.360,3.083
2053,JJA,London,0.332,6.000
2054,JJA,London,0.291,5.167
2055,JJA,London,0.350,4.417
2056,JJA,London,0.354,4.500
2057,JJA,London,0.340,7.167
2058,JJA,London,0.418,5.583
2059,JJA,London,0.381,5.417
2060,JJA,London,0.272,5.000
2061,JJA,London,0.400,6.333
2062,JJA,London,0.400,7.333
2063,JJA,London,0.245,4.583
2064,JJA,London,0.211,3.417
2065,JJA,London,0.254,3.000
2066,JJA,London,0.294,3.833
2067,JJA,London,0.409,4.417
2068,JJA,London,0.274,4.083
2069,JJA,London,0.359,5.583
2070,JJA,London,0.358,6.250
2071,JJA,London,0.369,9.667
2072,JJA,London,0.290,4.333
2073,JJA,London,0.452,7.333
2074,JJA,London,0.336,5.583
2075,JJA,London,0.439,5.917
2076,JJA,London,0.411,5.167
2077,JJA,London,0.336,7.583
2078,JJA,London,0.368,5.667
2079,JJA,London,0.371,5.333
2080,JJA,London,0.366,8.417
1981,JJA,North East England,0.422,5.421
1982,JJA,North East England,0.485,5.825
1983,JJA,North East England,0.343,7.228
1984,JJA,North East England,0.411,5.667
1985,JJA,North East England,0.390,7.123
1986,JJA,North East England,0.438,7.754
1987,JJA,North East England,0.576,7.281
1988,JJA,North East England,0.360,7.421
1989,JJA,North East England,0.450,7.211
1990,JJA,North East England,0.397,5.737
1991,JJA,North East England,0.518,7.281
1992,JJA,North East England,0.430,4.965
1993,JJA,North East England,0.527,7.439
1994,JJA,North East England,0.363,4.825
1995,JJA,North East England,0.417,6.404
1996,JJA,North East England,0.433,4.368
1997,JJA,North East England,0.461,5.702
1998,JJA,North East England,0.481,6.421
1999,JJA,North East England,0.524,9.018
2000,JJA,North East England,0.321,8.105
2001,JJA,North East England,0.433,6.719
2002,JJA,North East England,0.557,6.895
2003,JJA,North East England,0.472,7.842
2004,JJA,North East England,0.334,4.754
2005,JJA,North East England,0.462,6.368
2006,JJA,North East England,0.382,5.421
2007,JJA,North East England,0.506,8.877
2008,JJA,North East England,0.507,6.175
2009,JJA,North East England,0.337,5.947
2010,JJA,North East England,0.361,6.070
2011,JJA,North East England,0.463,10.754
2012,JJA,North East England,0.418,5.316
2013,JJA,North East England,0.423,6.246
2014,JJA,North East England,0.395,4.333
2015,JJA,North East England,0.472,5.982
2016,JJA,North East England,0.483,6.649
2017,JJA,North East England,0.475,7.368
2018,JJA,North East England,0.430,5.298
2019,JJA,North East England,0.505,5.649
2020,JJA,North East England,0.516,6.912
2021,JJA,North East England,0.382,5.947
2022,JJA,North East England,0.424,5.754
2023,JJA,North East England,0.405,7.281
2024,JJA,North East England,0.552,8.860
2025,JJA,North East England,0.364,5.947
2026,JJA,North East England,0.438,6.807
2027,JJA,North East England,0.461,6.281
2028,JJA,North East England,0.459,5.018
2029,JJA,North East England,0.485,6.000
2030,JJA,North East England,0.380,6.053
2031,JJA,North East England,0.477,6.193
2032,JJA,North East England,0.363,7.000
2033,JJA,North East England,0.379,4.982
2034,JJA,North East England,0.386,5.544
2035,JJA,North East England,0.410,5.930
2036,JJA,North East England,0.421,4.982
2037,JJA,North East England,0.416,5.421
2038,JJA,North East England,0.309,4.579
2039,JJA,North East England,0.597,8.158
2040,JJA,North East England,0.474,6.877
2041,JJA,North East England,0.473,6.772
2042,JJA,North East England,0.429,4.719
2043,JJA,North East England,0.384,6.123
2044,JJA,North East England,0.485,6.123
2045,JJA,North East England,0.352,5.579
2046,JJA,North East England,0.475,7.842
2047,JJA,North East England,0.444,5.491
2048,JJA,North East England,0.394,5.649
2049,JJA,North East England,0.439,6.193
2050,JJA,North East England,0.405,5.982
2051,JJA,North East England,0.459,7.018
2052,JJA,North East England,0.482,7.807
2053,JJA,North East England,0.443,8.474
2054,JJA,North East England,0.418,4.684
2055,JJA,North East England,0.507,5.053
2056,JJA,North East England,0.365,6.035
2057,JJA,North East England,0.498,8.491
2058,JJA,North East England,0.520,6.930
2059,JJA,North East England,0.494,8.018
2060,JJA,North East England,0.387,6.667
2061,JJA,North East England,0.353,6.053
2062,JJA,North East England,0.485,8.772
2063,JJA,North East England,0.305,4.509
2064,JJA,North East England,0.443,6.772
2065,JJA,North East England,0.463,5.018
2066,JJA,North East England,0.346,4.702
2067,JJA,North East England,0.411,8.439
2068,JJA,North East England,0.341,4.825
2069,JJA,North East England,0.375,3.632
2070,JJA,North East England,0.484,6.772
2071,JJA,North East England,0.541,6.421
2072,JJA,North East England,0.366,5.351
2073,JJA,North East England,0.461,9.912
2074,JJA,North East England,0.456,6.895
2075,JJA,North East England,0.482,5.509
2076,JJA,North East England,0.468,6.947
2077,JJA,North East England,0.417,5.526
2078,JJA,North East England,0.450,5.825
2079,JJA,North East England,0.463,5.965
2080,JJA,North East England,0.356,4.526
1981,JJA,North Scotland,0.590,11.498
1982,JJA,North Scotland,0.576,9.960
1983,JJA,North Scotland,0.445,9.517
1984,JJA,North Scotland,0.540,7.657
1985,JJA,North Scotland,0.494,9.652
1986,JJA,North Scotland,0.538,11.269
1987,JJA,North Scotland,0.595,9.756
1988,JJA,North Scotland,0.433,9.154
1989,JJA,North Scotland,0.542,9.249
1990,JJA,North Scotland,0.480,10.642
1991,JJA,North Scotland,0.549,8.189
1992,JJA,North Scotland,0.507,6.871
1993,JJA,North Scotland,0.519,10.100
1994,JJA,North Scotland,0.482,11.174
1995,JJA,North Scotland,0.525,9.164
1996,JJA,North Scotland,0.581,8.607
1997,JJA,North Scotland,0.376,6.308
1998,JJA,North Scotland,0.553,10.294
1999,JJA,North Scotland,0.575,8.711
2000,JJA,North Scotland,0.331,5.886
2001,JJA,North Scotland,0.520,10.955
2002,JJA,North Scotland,0.545,10.587
2003,JJA,North Scotland,0.481,8.303
2004,JJA,North Scotland,0.387,6.721
2005,JJA,North Scotland,0.609,9.507
2006,JJA,North Scotland,0.448,8.264
2007,JJA,North Scotland,0.571,10.159
2008,JJA,North Scotland,0.527,7.488
2009,JJA,North Scotland,0.455,9.547
2010,JJA,North Scotland,0.369,5.567
2011,JJA,North Scotland,0.567,12.184
2012,JJA,North Scotland,0.426,7.109
2013,JJA,North Scotland,0.531,10.771
2014,JJA,North Scotland,0.576,8.806
2015,JJA,North Scotland,0.591,11.065
2016,JJA,North Scotland,0.531,8.726
2017,JJA,North Scotland,0.512,7.333
2018,JJA,North Scotland,0.479,8.547
2019,JJA,North Scotland,0.473,7.841
2020,JJA,North Scotland,0.601,8.060
2021,JJA,North Scotland,0.403,9.229
2022,JJA,North Scotland,0.488,7.920
2023,JJA,North Scotland,0.380,7.119
2024,JJA,North Scotland,0.526,8.254
2025,JJA,North Scotland,0.480,7.517
2026,JJA,North Scotland,0.520,9.353
2027,JJA,North Scotland,0.510,9.627
2028,JJA,North Scotland,0.589,10.811
2029,JJA,North Scotland,0.447,7.154
2030,JJA,North Scotland,0.400,7.587
2031,JJA,North Scotland,0.539,9.453
2032,JJA,North Scotland,0.498,9.925
2033,JJA,North Scotland,0.440,7.159
2034,JJA,North Scotland,0.435,6.697
2035,JJA,North Scotland,0.601,10.557
2036,JJA,North Scotland,0.484,7.502
2037,JJA,North Scotland,0.531,8.388
2038,JJA,North Scotland,0.424,6.801
2039,JJA,North Scotland,0.644,10.677
2040,JJA,North Scotland,0.585,10.124
2041,JJA,North Scotland,0.441,8.129
2042,JJA,North Scotland,0.502,8.085
2043,JJA,North Scotland,0.428,8.498
2044,JJA,North Scotland,0.566,10.154
2045,JJA,North Scotland,0.389,5.368
2046,JJA,North Scotland,0.544,9.020
2047,JJA,North Scotland,0.536,9.488
2048,JJA,North Scotland,0.472,7.015
2049,JJA,North Scotland,0.492,8.124
2050,JJA,North Scotland,0.489,7.289
2051,JJA,North Scotland,0.540,8.697
2052,JJA,North Scotland,0.526,8.303
2053,JJA,North Scotland,0.507,9.184
2054,JJA,North Scotland,0.505,9.801
2055,JJA,North Scotland,0.554,9.463
2056,JJA,North Scotland,0.461,8.159
2057,JJA,North Scotland,0.490,9.373
2058,JJA,North Scotland,0.572,9.766
2059,JJA,North Scotland,0.486,8.562
2060,JJA,North Scotland,0.414,7.612
2061,JJA,North Scotland,0.429,6.965
2062,JJA,North Scotland,0.468,8.075
2063,JJA,North Scotland,0.368,6.289
2064,JJA,North Scotland,0.590,9.542
2065,JJA,North Scotland,0.575,9.930
2066,JJA,North Scotland,0.427,6.652
2067,JJA,North Scotland,0.320,6.129
2068,JJA,North Scotland,0.244,4.975
2069,JJA,North Scotland,0.498,7.343
2070,JJA,North Scotland,0.526,9.299
2071,JJA,North Scotland,0.630,11.224
2072,JJA,North Scotland,0.478,9.249
2073,JJA,North Scotland,0.449,6.070
2074,JJA,North Scotland,0.537,9.000
2075,JJA,North Scotland,0.534,7.930
2076,JJA,North Scotland,0.477,7.428
2077,JJA,North Scotland,0.369,6.259
2078,JJA,North Scotland,0.439,7.219
2079,JJA,North Scotland,0.525,8.657
2080,JJA,North Scotland,0.443,7.468
1981,JJA,North West England,0.524,8.849
1982,JJA,North West England,0.506,7.613
1983,JJA,North West England,0.360,6.280
1984,JJA,North West England,0.474,7.505
1985,JJA,North West England,0.409,10.677
1986,JJA,North West England,0.473,10.247
1987,JJA,North West England,0.563,7.484
1988,JJA,North West England,0.441,11.677
1989,JJA,North West England,0.470,8.591
1990,JJA,North West England,0.412,7.043
1991,JJA,North West England,0.521,9.720
1992,JJA,North West England,0.470,5.634
1993,JJA,North West England,0.522,7.409
1994,JJA,North West England,0.413,6.957
1995,JJA,North West England,0.403,5.355
1996,JJA,North West England,0.479,6.172
1997,JJA,North West England,0.457,5.065
1998,JJA,North West England,0.456,6.978
1999,JJA,North West England,0.552,8.548
2000,JJA,North West England,0.316,8.882
2001,JJA,North West England,0.479,6.000
2002,JJA,North West England,0.564,8.677
2003,JJA,North West England,0.488,8.258
2004,JJA,North West England,0.363,5.473
2005,JJA,North West England,0.554,10.914
2006,JJA,North West England,0.440,6.290
2007,JJA,North West England,0.537,10.237
2008,JJA,North West England,0.488,7.075
2009,JJA,North West England,0.390,8.613
2010,JJA,North West England,0.388,5.075
2011,JJA,North West England,0.540,10.634
2012,JJA,North West England,0.502,8.290
2013,JJA,North West England,0.453,7.559
2014,JJA,North West England,0.465,6.290
2015,JJA,North West England,0.550,8.194
2016,JJA,North West England,0.452,7.172
2017,JJA,North West England,0.452,7.366
2018,JJA,North West England,0.473,7.022
2019,JJA,North West England,0.539,7.581
2020,JJA,North West England,0.524,7.527
2021,JJA,North West England,0.481,8.645
2022,JJA,North West England,0.467,6.452
2023,JJA,North West England,0.417,9.538
2024,JJA,North West England,0.572,7.710
2025,JJA,North West England,0.404,5.817
2026,JJA,North West England,0.474,9.301
2027,JJA,North West England,0.546,8.452
2028,JJA,North West England,0.514,8.441
2029,JJA,North West England,0.504,7.817
2030,JJA,North West England,0.360,6.839
2031,JJA,North West England,0.532,8.667
2032,JJA,North West England,0.383,7.774
2033,JJA,North West England,0.391,6.720
2034,JJA,North West England,0.396,5.172
2035,JJA,North West England,0.501,8.720
2036,JJA,North West England,0.489,6.032
2037,JJA,North West England,0.424,6.699
2038,JJA,North West England,0.363,5.430
2039,JJA,North West England,0.698,11.108
2040,JJA,North West England,0.514,7.097
2041,JJA,North West England,0.492,7.280
2042,JJA,North West England,0.433,5.301
2043,JJA,North West England,0.423,6.935
2044,JJA,North West England,0.583,9.409
2045,JJA,North West England,0.417,5.903
2046,JJA,North West England,0.473,7.473
2047,JJA,North West England,0.468,6.527
2048,JJA,North West England,0.396,5.559
2049,JJA,North West England,0.496,8.763
2050,JJA,North West England,0.409,5.280
2051,JJA,North West England,0.517,10.086
2052,JJA,North West England,0.499,8.430
2053,JJA,North West England,0.488,9.667
2054,JJA,North West England,0.486,6.559
2055,JJA,North West England,0.587,7.624
2056,JJA,North West England,0.396,6.312
2057,JJA,North West England,0.530,7.645
2058,JJA,North West England,0.576,8.151
2059,JJA,North West England,0.484,7.333
2060,JJA,North West England,0.415,7.000
2061,JJA,North West England,0.386,8.022
2062,JJA,North West England,0.510,9.548
2063,JJA,North West England,0.281,6.022
2064,JJA,North West England,0.485,9.280
2065,JJA,North West England,0.503,7.086
2066,JJA,North West England,0.423,6.247
2067,JJA,North West England,0.428,9.269
2068,JJA,North West England,0.349,5.860
2069,JJA,North West England,0.413,6.258
2070,JJA,North West England,0.501,7.355
2071,JJA,North West England,0.544,6.054
2072,JJA,North West England,0.409,7.075
2073,JJA,North West England,0.520,9.989
2074,JJA,North West England,0.475,6.882
2075,JJA,North West England,0.494,6.903
2076,JJA,North West England,0.489,8.129
2077,JJA,North West England,0.339,4.581
2078,JJA,North West England,0.434,7.161
2079,JJA,North West England,0.505,8.817
2080,JJA,North West England,0.418,6.097
1981,JJA,South East England,0.318,5.466
1982,JJA,South East England,0.354,6.161
1983,JJA,South East England,0.313,5.034
1984,JJA,South East England,0.323,3.907
1985,JJA,South East England,0.331,4.788
1986,JJA,South East England,0.313,5.746
1987,JJA,South East England,0.478,4.966
1988,JJA,South East England,0.373,4.398
1989,JJA,South East England,0.365,5.992
1990,JJA,South East England,0.342,5.347
1991,JJA,South East England,0.484,7.551
1992,JJA,South East England,0.368,5.525
1993,JJA,South East England,0.315,3.915
1994,JJA,South East England,0.395,5.237
1995,JJA,South East England,0.236,3.551
1996,JJA,South East England,0.313,4.856
1997,JJA,South East England,0.415,5.322
1998,JJA,South East England,0.319,4.483
1999,JJA,South East England,0.409,6.602
2000,JJA,South East England,0.256,3.551
2001,JJA,South East England,0.365,6.093
2002,JJA,South East England,0.409,5.441
2003,JJA,South East England,0.393,5.441
2004,JJA,South East England,0.305,4.932
2005,JJA,South East England,0.367,4.305
2006,JJA,South East England,0.331,4.390
2007,JJA,South East England,0.355,4.941
2008,JJA,South East England,0.442,7.178
2009,JJA,South East England,0.235,3.364
2010,JJA,South East England,0.300,5.415
2011,JJA,South East England,0.341,3.364
2012,JJA,South East England,0.424,6.441
2013,JJA,South East England,0.342,4.051
2014,JJA,South East England,0.341,4.627
2015,JJA,South East England,0.365,4.229
2016,JJA,South East England,0.291,4.297
2017,JJA,South East England,0.331,3.890
2018,JJA,South East England,0.385,4.907
2019,JJA,South East England,0.416,3.975
2020,JJA,South East England,0.357,5.186
2021,JJA,South East England,0.372,6.051
2022,JJA,South East England,0.310,5.169
2023,JJA,South East England,0.335,5.331
2024,JJA,South East England,0.452,5.364
2025,JJA,South East England,0.265,4.932
2026,JJA,South East England,0.352,5.254
2027,JJA,South East England,0.398,5.229
2028,JJA,South East England,0.406,4.949
2029,JJA,South East England,0.378,4.644
2030,JJA,South East England,0.234,3.839
2031,JJA,South East England,0.363,4.780
2032,JJA,South East England,0.282,4.415
2033,JJA,South East England,0.280,4.602
2034,JJA,South East England,0.338,6.661
2035,JJA,South East England,0.292,3.856
2036,JJA,South East England,0.366,5.085
2037,JJA,South East England,0.296,3.788
2038,JJA,South East England,0.319,5.042
2039,JJA,South East England,0.471,6.508
2040,JJA,South East England,0.414,5.263
2041,JJA,South East England,0.364,6.059
2042,JJA,South East England,0.232,3.212
2043,JJA,South East England,0.342,3.839
2044,JJA,South East England,0.410,4.246
2045,JJA,South East England,0.360,4.805
2046,JJA,South East England,0.312,4.381
2047,JJA,South East England,0.327,5.305
2048,JJA,South East England,0.298,4.203
2049,JJA,South East England,0.371,4.559
2050,JJA,South East England,0.272,3.966
2051,JJA,South East England,0.368,5.025
2052,JJA,South East England,0.345,4.119
2053,JJA,South East England,0.353,4.975
2054,JJA,South East England,0.299,4.568
2055,JJA,South East England,0.382,5.034
2056,JJA,South East England,0.339,5.076
2057,JJA,South East England,0.334,6.136
2058,JJA,South East England,0.426,6.297
2059,JJA,South East England,0.337,4.347
2060,JJA,South East England,0.280,5.263
2061,JJA,South East England,0.353,5.458
2062,JJA,South East England,0.416,6.263
2063,JJA,South East England,0.218,4.102
2064,JJA,South East England,0.203,3.585
2065,JJA,South East England,0.255,3.288
2066,JJA,South East England,0.289,4.754
2067,JJA,South East England,0.405,5.314
2068,JJA,South East England,0.283,4.297
2069,JJA,South East England,0.329,5.305
2070,JJA,South East England,0.342,5.136
2071,JJA,South East England,0.329,4.610
2072,JJA,South East England,0.294,3.551
2073,JJA,South East England,0.399,5.025
2074,JJA,South East England,0.295,4.822
2075,JJA,South East England,0.414,5.110
2076,JJA,South East England,0.424,5.407
2077,JJA,South East England,0.336,5.407
2078,JJA,South East England,0.374,6.525
2079,JJA,South East England,0.346,5.314
2080,JJA,South East England,0.350,6.992
1981,JJA,South West England,0.326,5.424
1982,JJA,South West England,0.383,7.051
1983,JJA,South West England,0.335,5.348
1984,JJA,South West England,0.352,5.158
1985,JJA,South West England,0.342,5.114
1986,JJA,South West England,0.372,5.772
1987,JJA,South West England,0.512,5.886
1988,JJA,South West England,0.397,4.722
1989,JJA,South West England,0.373,5.158
1990,JJA,South West England,0.323,4.873
1991,JJA,South West England,0.472,9.184
1992,JJA,South West England,0.394,5.316
1993,JJA,South West England,0.377,4.639
1994,JJA,South West England,0.427,5.563
1995,JJA,South West England,0.248,3.405
1996,JJA,South West England,0.390,6.399
1997,JJA,South West England,0.471,6.823
1998,JJA,South West England,0.322,5.241
1999,JJA,South West England,0.384,6.057
2000,JJA,South West England,0.241,4.639
2001,JJA,South West England,0.328,5.272
2002,JJA,South West England,0.447,6.614
2003,JJA,South West England,0.339,5.203
2004,JJA,South West England,0.312,4.487
2005,JJA,South West England,0.394,5.854
2006,JJA,South West England,0.351,4.259
2007,JJA,South West England,0.375,5.013
2008,JJA,South West England,0.390,5.373
2009,JJA,South West England,0.289,5.032
2010,JJA,South West England,0.391,5.146
2011,JJA,South West England,0.438,4.968
2012,JJA,South West England,0.452,6.937
2013,JJA,South West England,0.367,4.449
2014,JJA,South West England,0.318,4.696
2015,JJA,South West England,0.366,4.949
2016,JJA,South West England,0.272,4.247
2017,JJA,South West England,0.337,4.203
2018,JJA,South West England,0.402,5.127
2019,JJA,South West England,0.431,4.797
2020,JJA,South West England,0.396,5.475
2021,JJA,South West England,0.412,6.089
2022,JJA,South West England,0.343,5.538
2023,JJA,South West England,0.357,5.867
2024,JJA,South West England,0.438,4.981
2025,JJA,South West England,0.335,5.285
2026,JJA,South West England,0.356,6.880
2027,JJA,South West England,0.435,6.019
2028,JJA,South West England,0.432,5.639
2029,JJA,South West England,0.413,4.867
2030,JJA,South West England,0.286,5.025
2031,JJA,South West England,0.436,7.525
2032,JJA,South West England,0.299,4.146
2033,JJA,South West England,0.323,7.171
2034,JJA,South West England,0.302,5.310
2035,JJA,South West England,0.386,5.582
2036,JJA,South West England,0.369,4.570
2037,JJA,South West England,0.285,4.165
2038,JJA,South West England,0.336,6.487
2039,JJA,South West England,0.519,8.652
2040,JJA,South West England,0.436,6.348
2041,JJA,South West England,0.383,5.196
2042,JJA,South West England,0.293,4.247
2043,JJA,South West England,0.374,4.703
2044,JJA,South West England,0.415,4.703
2045,JJA,South West England,0.345,4.139
2046,JJA,South West England,0.306,4.399
2047,JJA,South West England,0.356,4.766
2048,JJA,South West England,0.292,3.728
2049,JJA,South West England,0.399,6.443
2050,JJA,South West England,0.292,4.082
2051,JJA,South West England,0.403,6.494
2052,JJA,South West England,0.341,5.095
2053,JJA,South West England,0.393,6.481
2054,JJA,South West England,0.307,4.177
2055,JJA,South West England,0.423,5.228
2056,JJA,South West England,0.339,5.006
2057,JJA,South West England,0.375,7.601
2058,JJA,South West England,0.431,6.285
2059,JJA,South West England,0.372,5.354
2060,JJA,South West England,0.269,4.424
2061,JJA,South West England,0.381,6.234
2062,JJA,South West England,0.472,6.297
2063,JJA,South West England,0.214,3.728
2064,JJA,South West England,0.217,3.348
2065,JJA,South West England,0.283,4.475
2066,JJA,South West England,0.329,5.025
2067,JJA,South West England,0.378,5.570
2068,JJA,South West England,0.367,7.538
2069,JJA,South West England,0.344,4.500
2070,JJA,South West England,0.383,5.057
2071,JJA,South West England,0.309,4.114
2072,JJA,South West England,0.307,3.956
2073,JJA,South West England,0.368,5.778
2074,JJA,South West England,0.301,6.177
2075,JJA,South West England,0.403,4.943
2076,JJA,South West England,0.401,5.551
2077,JJA,South West England,0.279,4.234
2078,JJA,South West England,0.365,5.418
2079,JJA,South West England,0.374,6.354
2080,JJA,South West England,0.372,6.835
1981,JJA,West Midlands,0.407,5.570
1982,JJA,West Midlands,0.412,6.302
1983,JJA,West Midlands,0.345,4.814
1984,JJA,West Midlands,0.373,5.977
1985,JJA,West Midlands,0.365,4.953
1986,JJA,West Midlands,0.385,5.453
1987,JJA,West Midlands,0.486,4.895
1988,JJA,West Midlands,0.412,5.035
1989,JJA,West Midlands,0.441,6.907
1990,JJA,West Midlands,0.336,5.360
1991,JJA,West Midlands,0.486,9.023
1992,JJA,West Midlands,0.404,5.116
1993,JJA,West Midlands,0.462,6.802
1994,JJA,West Midlands,0.404,5.523
1995,JJA,West Midlands,0.268,3.267
1996,JJA,West Midlands,0.403,4.035
1997,JJA,West Midlands,0.497,5.419
1998,JJA,West Midlands,0.370,4.744
1999,JJA,West Midlands,0.454,6.698
2000,JJA,West Midlands,0.296,6.640
2001,JJA,West Midlands,0.424,7.477
2002,JJA,West Midlands,0.475,6.174
2003,JJA,West Midlands,0.418,5.907
2004,JJA,West Midlands,0.365,4.500
2005,JJA,West Midlands,0.385,4.291
2006,JJA,West Midlands,0.367,5.035
2007,JJA,West Midlands,0.374,5.593
2008,JJA,West Midlands,0.441,5.151
2009,JJA,West Midlands,0.297,4.116
2010,JJA,West Midlands,0.370,4.116
2011,JJA,West Midlands,0.473,5.233
2012,JJA,West Midlands,0.469,6.860
2013,JJA,West Midlands,0.359,4.279
2014,JJA,West Midlands,0.360,4.721
2015,JJA,West Midlands,0.413,6.105
2016,JJA,West Midlands,0.316,4.326
2017,JJA,West Midlands,0.388,5.326
2018,JJA,West Midlands,0.456,6.465
2019,JJA,West Midlands,0.506,5.128
2020,JJA,West Midlands,0.405,5.523
2021,JJA,West Midlands,0.447,7.605
2022,JJA,West Midlands,0.416,7.953
2023,JJA,West Midlands,0.385,8.384
2024,JJA,West Midlands,0.520,6.314
2025,JJA,West Midlands,0.348,5.605
2026,JJA,West Midlands,0.397,5.907
2027,JJA,West Midlands,0.507,8.256
2028,JJA,West Midlands,0.439,5.860
2029,JJA,West Midlands,0.480,6.291
2030,JJA,West Midlands,0.311,5.058
2031,JJA,West Midlands,0.467,5.686
2032,JJA,West Midlands,0.325,6.116
2033,JJA,West Midlands,0.415,7.233
2034,JJA,West Midlands,0.341,5.733
2035,JJA,West Midlands,0.423,6.674
2036,JJA,West Midlands,0.414,5.070
2037,JJA,West Midlands,0.320,4.442
2038,JJA,West Midlands,0.358,5.105
2039,JJA,West Midlands,0.575,6.709
2040,JJA,West Midlands,0.463,6.047
2041,JJA,West Midlands,0.418,5.419
2042,JJA,West Midlands,0.334,3.628
2043,JJA,West Midlands,0.416,6.384
2044,JJA,West Midlands,0.485,5.651
2045,JJA,West Midlands,0.411,5.151
2046,JJA,West Midlands,0.411,5.907
2047,JJA,West Midlands,0.395,6.140
2048,JJA,West Midlands,0.355,3.663
2049,JJA,West Midlands,0.445,5.767
2050,JJA,West Midlands,0.367,4.953
2051,JJA,West Midlands,0.458,6.360
2052,JJA,West Midlands,0.392,7.686
2053,JJA,West Midlands,0.435,8.256
2054,JJA,West Midlands,0.336,4.279
2055,JJA,West Midlands,0.516,6.244
2056,JJA,West Midlands,0.429,6.849
2057,JJA,West Midlands,0.451,6.419
2058,JJA,West Midlands,0.463,6.384
2059,JJA,West Midlands,0.414,5.744
2060,JJA,West Midlands,0.353,6.988
2061,JJA,West Midlands,0.441,8.326
2062,JJA,West Midlands,0.487,6.500
2063,JJA,West Midlands,0.250,3.802
2064,JJA,West Midlands,0.293,4.395
2065,JJA,West Midlands,0.353,5.605
2066,JJA,West Midlands,0.357,6.140
2067,JJA,West Midlands,0.397,5.779
2068,JJA,West Midlands,0.359,6.849
2069,JJA,West Midlands,0.363,4.872
2070,JJA,West Midlands,0.459,6.767
2071,JJA,West Midlands,0.406,5.116
2072,JJA,West Midlands,0.351,4.791
2073,JJA,West Midlands,0.480,7.640
2074,JJA,West Midlands,0.358,7.709
2075,JJA,West Midlands,0.458,5.977
2076,JJA,West Midlands,0.461,5.907
2077,JJA,West Midlands,0.335,4.279
2078,JJA,West Midlands,0.414,7.186
2079,JJA,West Midlands,0.460,8.477
2080,JJA,West Midlands,0.426,7.174
1981,JJA,West Scotland,0.548,8.300
1982,JJA,West Scotland,0.526,7.838
1983,JJA,West Scotland,0.366,8.669
1984,JJA,West Scotland,0.472,6.669
1985,JJA,West Scotland,0.465,9.323
1986,JJA,West Scotland,0.495,11.131
1987,JJA,West Scotland,0.598,8.515
1988,JJA,West Scotland,0.460,8.869
1989,JJA,West Scotland,0.522,8.354
1990,JJA,West Scotland,0.414,9.146
1991,JJA,West Scotland,0.465,6.754
1992,JJA,West Scotland,0.498,5.446
1993,JJA,West Scotland,0.513,8.015
1994,JJA,West Scotland,0.394,8.231
1995,JJA,West Scotland,0.451,7.254
1996,JJA,West Scotland,0.537,7.262
1997,JJA,West Scotland,0.412,6.138
1998,JJA,West Scotland,0.519,7.362
1999,JJA,West Scotland,0.515,7.623
2000,JJA,West Scotland,0.275,5.415
2001,JJA,West Scotland,0.431,8.046
2002,JJA,West Scotland,0.523,8.654
2003,JJA,West Scotland,0.515,7.938
2004,JJA,West Scotland,0.327,4.915
2005,JJA,West Scotland,0.526,6.808
2006,JJA,West Scotland,0.432,6.408
2007,JJA,West Scotland,0.515,9.000
2008,JJA,West Scotland,0.518,7.708
2009,JJA,West Scotland,0.414,9.762
2010,JJA,West Scotland,0.436,6.769
2011,JJA,West Scotland,0.605,11.092
2012,JJA,West Scotland,0.444,7.992
2013,JJA,West Scotland,0.485,8.231
2014,JJA,West Scotland,0.491,7.577
2015,JJA,West Scotland,0.578,8.785
2016,JJA,West Scotland,0.518,9.077
2017,JJA,West Scotland,0.505,7.285
2018,JJA,West Scotland,0.429,6.577
2019,JJA,West Scotland,0.492,7.377
2020,JJA,West Scotland,0.570,8.792
2021,JJA,West Scotland,0.396,7.708
2022,JJA,West Scotland,0.480,7.377
2023,JJA,West Scotland,0.384,6.546
2024,JJA,West Scotland,0.547,7.854
2025,JJA,West Scotland,0.447,6.346
2026,JJA,West Scotland,0.466,7.538
2027,JJA,West Scotland,0.493,7.300
2028,JJA,West Scotland,0.504,7.954
2029,JJA,West Scotland,0.476,8.662
2030,JJA,West Scotland,0.362,7.323
2031,JJA,West Scotland,0.493,10.815
2032,JJA,West Scotland,0.394,8.254
2033,JJA,West Scotland,0.412,6.192
2034,JJA,West Scotland,0.382,5.308
2035,JJA,West Scotland,0.546,10.115
2036,JJA,West Scotland,0.482,6.315
2037,JJA,West Scotland,0.455,8.454
2038,JJA,West Scotland,0.411,7.962
2039,JJA,West Scotland,0.674,9.231
2040,JJA,West Scotland,0.523,7.323
2041,JJA,West Scotland,0.456,7.438
2042,JJA,West Scotland,0.437,5.523
2043,JJA,West Scotland,0.349,6.500
2044,JJA,West Scotland,0.540,8.131
2045,JJA,West Scotland,0.384,6.154
2046,JJA,West Scotland,0.457,8.662
2047,JJA,West Scotland,0.464,7.377
2048,JJA,West Scotland,0.397,5.777
2049,JJA,West Scotland,0.479,7.938
2050,JJA,West Scotland,0.409,6.223
2051,JJA,West Scotland,0.520,8.562
2052,JJA,West Scotland,0.483,7.431
2053,JJA,West Scotland,0.514,10.131
2054,JJA,West Scotland,0.466,7.700
2055,JJA,West Scotland,0.567,10.269
2056,JJA,West Scotland,0.382,6.308
2057,JJA,West Scotland,0.467,7.023
2058,JJA,West Scotland,0.568,9.477
2059,JJA,West Scotland,0.505,7.062
2060,JJA,West Scotland,0.397,6.408
2061,JJA,West Scotland,0.358,4.815
2062,JJA,West Scotland,0.469,8.292
2063,JJA,West Scotland,0.308,6.200
2064,JJA,West Scotland,0.548,9.123
2065,JJA,West Scotland,0.593,10.931
2066,JJA,West Scotland,0.440,6.500
2067,JJA,West Scotland,0.339,7.846
2068,JJA,West Scotland,0.330,5.615
2069,JJA,West Scotland,0.440,5.646
2070,JJA,West Scotland,0.486,7.238
2071,JJA,West Scotland,0.590,7.423
2072,JJA,West Scotland,0.451,9.277
2073,JJA,West Scotland,0.476,7.831
2074,JJA,West Scotland,0.496,7.731
2075,JJA,West Scotland,0.425,5.454
2076,JJA,West Scotland,0.418,6.792
2077,JJA,West Scotland,0.333,4.785
2078,JJA,West Scotland,0.417,4.838
2079,JJA,West Scotland,0.502,7.638
2080,JJA,West Scotland,0.375,6.977
1981,JJA,Yorkshire and Humber,0.429,4.812
1982,JJA,Yorkshire and Humber,0.433,5.634
1983,JJA,Yorkshire and Humber,0.319,4.891
1984,JJA,Yorkshire and Humber,0.346,4.248
1985,JJA,Yorkshire and Humber,0.355,4.851
1986,JJA,Yorkshire and Humber,0.414,6.406
1987,JJA,Yorkshire and Humber,0.560,7.198
1988,JJA,Yorkshire and Humber,0.378,7.010
1989,JJA,Yorkshire and Humber,0.400,8.129
1990,JJA,Yorkshire and Humber,0.346,5.535
1991,JJA,Yorkshire and Humber,0.532,7.851
1992,JJA,Yorkshire and Humber,0.402,5.119
1993,JJA,Yorkshire and Humber,0.487,6.871
1994,JJA,Yorkshire and Humber,0.369,5.396
1995,JJA,Yorkshire and Humber,0.328,3.931
1996,JJA,Yorkshire and Humber,0.386,4.762
1997,JJA,Yorkshire and Humber,0.487,6.564
1998,JJA,Yorkshire and Humber,0.433,5.089
1999,JJA,Yorkshire and Humber,0.497,7.129
2000,JJA,Yorkshire and Humber,0.305,6.970
2001,JJA,Yorkshire and Humber,0.443,5.446
2002,JJA,Yorkshire and Humber,0.504,6.040
2003,JJA,Yorkshire and Humber,0.472,9.149
2004,JJA,Yorkshire and Humber,0.353,6.059
2005,JJA,Yorkshire and Humber,0.428,5.505
2006,JJA,Yorkshire and Humber,0.390,4.257
2007,JJA,Yorkshire and Humber,0.444,6.733
2008,JJA,Yorkshire and Humber,0.469,5.347
2009,JJA,Yorkshire and Humber,0.294,4.881
2010,JJA,Yorkshire and Humber,0.367,5.426
2011,JJA,Yorkshire and Humber,0.481,11.168
2012,JJA,Yorkshire and Humber,0.493,7.713
2013,JJA,Yorkshire and Humber,0.394,5.267
2014,JJA,Yorkshire and Humber,0.408,4.614
2015,JJA,Yorkshire and Humber,0.447,5.644
2016,JJA,Yorkshire and Humber,0.403,5.970
2017,JJA,Yorkshire and Humber,0.406,5.792
2018,JJA,Yorkshire and Humber,0.432,5.198
2019,JJA,Yorkshire and Humber,0.481,4.911
2020,JJA,Yorkshire and Humber,0.477,6.931
2021,JJA,Yorkshire and Humber,0.398,5.832
2022,JJA,Yorkshire and Humber,0.379,4.911
2023,JJA,Yorkshire and Humber,0.375,6.653
2024,JJA,Yorkshire and Humber,0.529,7.653
2025,JJA,Yorkshire and Humber,0.358,4.871
2026,JJA,Yorkshire and Humber,0.430,6.881
2027,JJA,Yorkshire and Humber,0.480,6.812
2028,JJA,Yorkshire and Humber,0.424,5.168
2029,JJA,Yorkshire and Humber,0.487,5.911
2030,JJA,Yorkshire and Humber,0.345,5.178
2031,JJA,Yorkshire and Humber,0.502,6.584
2032,JJA,Yorkshire and Humber,0.347,5.950
2033,JJA,Yorkshire and Humber,0.327,5.356
2034,JJA,Yorkshire and Humber,0.402,5.960
2035,JJA,Yorkshire and Humber,0.391,5.574
2036,JJA,Yorkshire and Humber,0.406,5.228
2037,JJA,Yorkshire and Humber,0.336,4.188
2038,JJA,Yorkshire and Humber,0.274,3.881
2039,JJA,Yorkshire and Humber,0.547,7.990
2040,JJA,Yorkshire and Humber,0.446,5.218
2041,JJA,Yorkshire and Humber,0.447,6.317
2042,JJA,Yorkshire and Humber,0.394,4.683
2043,JJA,Yorkshire and Humber,0.402,6.406
2044,JJA,Yorkshire and Humber,0.471,5.545
2045,JJA,Yorkshire and Humber,0.343,5.366
2046,JJA,Yorkshire and Humber,0.442,6.020
2047,JJA,Yorkshire and Humber,0.428,5.178
2048,JJA,Yorkshire and Humber,0.378,5.406
2049,JJA,Yorkshire and Humber,0.396,5.554
2050,JJA,Yorkshire and Humber,0.368,4.436
2051,JJA,Yorkshire and Humber,0.473,6.257
2052,JJA,Yorkshire and Humber,0.455,8.000
2053,JJA,Yorkshire and Humber,0.428,6.931
2054,JJA,Yorkshire and Humber,0.407,5.465
2055,JJA,Yorkshire and Humber,0.481,5.257
2056,JJA,Yorkshire and Humber,0.376,5.644
2057,JJA,Yorkshire and Humber,0.494,7.069
2058,JJA,Yorkshire and Humber,0.479,6.436
2059,JJA,Yorkshire and Humber,0.463,8.327
2060,JJA,Yorkshire and Humber,0.364,6.515
2061,JJA,Yorkshire and Humber,0.363,5.010
2062,JJA,Yorkshire and Humber,0.443,5.861
2063,JJA,Yorkshire and Humber,0.241,3.554
2064,JJA,Yorkshire and Humber,0.356,5.723
2065,JJA,Yorkshire and Humber,0.385,4.446
2066,JJA,Yorkshire and Humber,0.337,4.485
2067,JJA,Yorkshire and Humber,0.415,6.515
2068,JJA,Yorkshire and Humber,0.308,5.663
2069,JJA,Yorkshire and Humber,0.344,5.099
2070,JJA,Yorkshire and Humber,0.418,5.594
2071,JJA,Yorkshire and Humber,0.504,5.792
2072,JJA,Yorkshire and Humber,0.302,4.119
2073,JJA,Yorkshire and Humber,0.465,10.743
2074,JJA,Yorkshire and Humber,0.422,7.871
2075,JJA,Yorkshire and Humber,0.524,7.465
2076,JJA,Yorkshire and Humber,0.461,7.485
2077,JJA,Yorkshire and Humber,0.386,5.545
2078,JJA,Yorkshire and Humber,0.372,5.149
2079,JJA,Yorkshire and Humber,0.413,6.188
2080,JJA,Yorkshire and Humber,0.401,5.624
1981,JJA,Channel Islands,0.413,7.000
1982,JJA,Channel Islands,0.435,8.000
1983,JJA,Channel Islands,0.457,9.000
1984,JJA,Channel Islands,0.359,6.000
1985,JJA,Channel Islands,0.446,7.000
1986,JJA,Channel Islands,0.337,9.000
1987,JJA,Channel Islands,0.652,11.000
1988,JJA,Channel Islands,0.402,6.000
1989,JJA,Channel Islands,0.446,7.000
1990,JJA,Channel Islands,0.391,5.000
1991,JJA,Channel Islands,0.533,13.000
1992,JJA,Channel Islands,0.402,9.000
1993,JJA,Channel Islands,0.489,7.000
1994,JJA,Channel Islands,0.565,12.000
1995,JJA,Channel Islands,0.315,3.000
1996,JJA,Channel Islands,0.304,4.000
1997,JJA,Channel Islands,0.478,7.000
1998,JJA,Channel Islands,0.457,7.000
1999,JJA,Channel Islands,0.391,5.000
2000,JJA,Channel Islands,0.337,12.000
2001,JJA,Channel Islands,0.391,7.000
2002,JJA,Channel Islands,0.511,8.000
2003,JJA,Channel Islands,0.435,8.000
2004,JJA,Channel Islands,0.315,7.000
2005,JJA,Channel Islands,0.478,9.000
2006,JJA,Channel Islands,0.413,6.000
2007,JJA,Channel Islands,0.587,12.000
2008,JJA,Channel Islands,0.511,8.000
2009,JJA,Channel Islands,0.304,7.000
2010,JJA,Channel Islands,0.348,6.000
2011,JJA,Channel Islands,0.446,5.000
2012,JJA,Channel Islands,0.457,8.000
2013,JJA,Channel Islands,0.565,24.000
2014,JJA,Channel Islands,0.435,6.000
2015,JJA,Channel Islands,0.500,9.000
2016,JJA,Channel Islands,0.337,5.000
2017,JJA,Channel Islands,0.424,8.000
2018,JJA,Channel Islands,0.402,6.000
2019,JJA,Channel Islands,0.598,15.000
2020,JJA,Channel Islands,0.467,6.000
2021,JJA,Channel Islands,0.435,11.000
2022,JJA,Channel Islands,0.348,7.000
2023,JJA,Channel Islands,0.533,14.000
2024,JJA,Channel Islands,0.641,8.000
2025,JJA,Channel Islands,0.348,17.000
2026,JJA,Channel Islands,0.446,8.000
2027,JJA,Channel Islands,0.457,8.000
2028,JJA,Channel Islands,0.554,8.000
2029,JJA,Channel Islands,0.511,6.000
2030,JJA,Channel Islands,0.337,11.000
2031,JJA,Channel Islands,0.500,9.000
2032,JJA,Channel Islands,0.402,21.000
2033,JJA,Channel Islands,0.337,7.000
2034,JJA,Channel Islands,0.424,10.000
2035,JJA,Channel Islands,0.370,4.000
2036,JJA,Channel Islands,0.489,5.000
2037,JJA,Channel Islands,0.380,5.000
2038,JJA,Channel Islands,0.370,6.000
2039,JJA,Channel Islands,0.533,10.000
2040,JJA,Channel Islands,0.576,9.000
2041,JJA,Channel Islands,0.500,8.000
2042,JJA,Channel Islands,0.359,9.000
2043,JJA,Channel Islands,0.315,7.000
2044,JJA,Channel Islands,0.457,6.000
2045,JJA,Channel Islands,0.446,6.000
2046,JJA,Channel Islands,0.446,8.000
2047,JJA,Channel Islands,0.391,6.000
2048,JJA,Channel Islands,0.326,8.000
2049,JJA,Channel Islands,0.435,6.000
2050,JJA,Channel Islands,0.348,5.000
2051,JJA,Channel Islands,0.489,8.000
2052,JJA,Channel Islands,0.478,12.000
2053,JJA,Channel Islands,0.413,6.000
2054,JJA,Channel Islands,0.391,6.000
2055,JJA,Channel Islands,0.500,5.000
2056,JJA,Channel Islands,0.370,4.000
2057,JJA,Channel Islands,0.478,5.000
2058,JJA,Channel Islands,0.489,10.000
2059,JJA,Channel Islands,0.489,10.000
2060,JJA,Channel Islands,0.337,5.000
2061,JJA,Channel Islands,0.522,16.000
2062,JJA,Channel Islands,0.478,10.000
2063,JJA,Channel Islands,0.326,7.000
2064,JJA,Channel Islands,0.424,8.000
2065,JJA,Channel Islands,0.370,8.000
2066,JJA,Channel Islands,0.435,8.000
2067,JJA,Channel Islands,0.467,7.000
2068,JJA,Channel Islands,0.359,7.000
2069,JJA,Channel Islands,0.467,11.000
2070,JJA,Channel Islands,0.457,5.000
2071,JJA,Channel Islands,0.391,5.000
2072,JJA,Channel Islands,0.402,5.000
2073,JJA,Channel Islands,0.522,11.000
2074,JJA,Channel Islands,0.435,8.000
2075,JJA,Channel Islands,0.489,9.000
2076,JJA,Channel Islands,0.522,11.000
2077,JJA,Channel Islands,0.293,3.000
2078,JJA,Channel Islands,0.402,6.000
2079,JJA,Channel Islands,0.424,7.000
2080,JJA,Channel Islands,0.337,9.000
1981,JJA,Isle of Man,0.453,6.000
1982,JJA,Isle of Man,0.449,8.667
1983,JJA,Isle of Man,0.420,6.333
1984,JJA,Isle of Man,0.435,5.000
1985,JJA,Isle of Man,0.362,7.333
1986,JJA,Isle of Man,0.464,5.667
1987,JJA,Isle of Man,0.533,8.000
1988,JJA,Isle of Man,0.486,9.000
1989,JJA,Isle of Man,0.431,6.000
1990,JJA,Isle of Man,0.384,7.333
1991,JJA,Isle of Man,0.438,9.000
1992,JJA,Isle of Man,0.453,4.667
1993,JJA,Isle of Man,0.536,6.000
1994,JJA,Isle of Man,0.330,5.000
1995,JJA,Isle of Man,0.435,8.667
1996,JJA,Isle of Man,0.464,5.333
1997,JJA,Isle of Man,0.417,4.333
1998,JJA,Isle of Man,0.438,5.667
1999,JJA,Isle of Man,0.514,7.000
2000,JJA,Isle of Man,0.246,6.000
2001,JJA,Isle of Man,0.420,6.000
2002,JJA,Isle of Man,0.529,7.333
2003,JJA,Isle of Man,0.482,5.000
2004,JJA,Isle of Man,0.312,5.333
2005,JJA,Isle of Man,0.504,7.333
2006,JJA,Isle of Man,0.322,4.000
2007,JJA,Isle of Man,0.514,11.000
2008,JJA,Isle of Man,0.507,4.667
2009,JJA,Isle of Man,0.341,5.667
2010,JJA,Isle of Man,0.380,3.333
2011,JJA,Isle of Man,0.514,6.000
2012,JJA,Isle of Man,0.471,5.000
2013,JJA,Isle of Man,0.424,8.667
2014,JJA,Isle of Man,0.384,4.000
2015,JJA,Isle of Man,0.496,7.333
2016,JJA,Isle of Man,0.388,8.000
2017,JJA,Isle of Man,0.420,5.000
2018,JJA,Isle of Man,0.489,10.667
2019,JJA,Isle of Man,0.525,8.667
2020,JJA,Isle of Man,0.449,7.000
2021,JJA,Isle of Man,0.438,7.000
2022,JJA,Isle of Man,0.402,5.333
2023,JJA,Isle of Man,0.486,10.000
2024,JJA,Isle of Man,0.518,7.000
2025,JJA,Isle of Man,0.380,6.000
2026,JJA,Isle of Man,0.482,8.000
2027,JJA,Isle of Man,0.583,9.333
2028,JJA,Isle of Man,0.522,7.000
2029,JJA,Isle of Man,0.522,9.000
2030,JJA,Isle of Man,0.326,6.000
2031,JJA,Isle of Man,0.428,6.667
2032,JJA,Isle of Man,0.370,7.333
2033,JJA,Isle of Man,0.413,7.667
2034,JJA,Isle of Man,0.341,4.333
2035,JJA,Isle of Man,0.442,6.333
2036,JJA,Isle of Man,0.449,6.333
2037,JJA,Isle of Man,0.366,6.667
2038,JJA,Isle of Man,0.428,9.000
2039,JJA,Isle of Man,0.623,8.667
2040,JJA,Isle of Man,0.453,6.000
2041,JJA,Isle of Man,0.380,5.000
2042,JJA,Isle of Man,0.344,3.000
2043,JJA,Isle of Man,0.312,6.333
2044,JJA,Isle of Man,0.478,7.667
2045,JJA,Isle of Man,0.428,7.667
2046,JJA,Isle of Man,0.446,9.000
2047,JJA,Isle of Man,0.428,4.000
2048,JJA,Isle of Man,0.362,4.667
2049,JJA,Isle of Man,0.431,5.000
2050,JJA,Isle of Man,0.431,4.333
2051,JJA,Isle of Man,0.471,6.667
2052,JJA,Isle of Man,0.457,6.667
2053,JJA,Isle of Man,0.482,6.333
2054,JJA,Isle of Man,0.366,4.667
2055,JJA,Isle of Man,0.511,9.000
2056,JJA,Isle of Man,0.326,7.333
2057,JJA,Isle of Man,0.438,6.333
2058,JJA,Isle of Man,0.496,5.333
2059,JJA,Isle of Man,0.464,5.667
2060,JJA,Isle of Man,0.322,5.000
2061,JJA,Isle of Man,0.431,6.667
2062,JJA,Isle of Man,0.442,6.000
2063,JJA,Isle of Man,0.254,4.667
2064,JJA,Isle of Man,0.460,9.333
2065,JJA,Isle of Man,0.457,4.333
2066,JJA,Isle of Man,0.351,5.333
2067,JJA,Isle of Man,0.344,6.000
2068,JJA,Isle of Man,0.337,6.333
2069,JJA,Isle of Man,0.377,6.000
2070,JJA,Isle of Man,0.420,6.667
2071,JJA,Isle of Man,0.482,4.667
2072,JJA,Isle of Man,0.373,4.333
2073,JJA,Isle of Man,0.457,7.333
2074,JJA,Isle of Man,0.428,4.667
2075,JJA,Isle of Man,0.388,4.667
2076,JJA,Isle of Man,0.377,4.667
2077,JJA,Isle of Man,0.322,5.000
2078,JJA,Isle of Man,0.359,5.333
2079,JJA,Isle of Man,0.475,6.000
2080,JJA,Isle of Man,0.384,5.667
1981,JJA,Northern Ireland,0.514,6.756
1982,JJA,Northern Ireland,0.573,8.512
1983,JJA,Northern Ireland,0.417,9.744
1984,JJA,Northern Ireland,0.513,7.872
1985,JJA,Northern Ireland,0.405,6.395
1986,JJA,Northern Ireland,0.531,12.093
1987,JJA,Northern Ireland,0.583,7.442
1988,JJA,Northern Ireland,0.466,6.419
1989,JJA,Northern Ireland,0.516,8.767
1990,JJA,Northern Ireland,0.406,9.326
1991,JJA,Northern Ireland,0.470,5.395
1992,JJA,Northern Ireland,0.551,7.163
1993,JJA,Northern Ireland,0.582,7.849
1994,JJA,Northern Ireland,0.390,6.698
1995,JJA,Northern Ireland,0.484,7.488
1996,JJA,Northern Ireland,0.530,8.035
1997,JJA,Northern Ireland,0.428,6.500
1998,JJA,Northern Ireland,0.502,6.047
1999,JJA,Northern Ireland,0.513,8.942
2000,JJA,Northern Ireland,0.314,4.360
2001,JJA,Northern Ireland,0.450,6.663
2002,JJA,Northern Ireland,0.476,7.709
2003,JJA,Northern Ireland,0.464,6.186
2004,JJA,Northern Ireland,0.327,6.047
2005,JJA,Northern Ireland,0.534,8.721
2006,JJA,Northern Ireland,0.393,5.779
2007,JJA,Northern Ireland,0.464,9.477
2008,JJA,Northern Ireland,0.453,6.314
2009,JJA,Northern Ireland,0.407,7.140
2010,JJA,Northern Ireland,0.431,5.733
2011,JJA,Northern Ireland,0.598,7.488
2012,JJA,Northern Ireland,0.467,6.709
2013,JJA,Northern Ireland,0.455,6.674
2014,JJA,Northern Ireland,0.475,7.523
2015,JJA,Northern Ireland,0.512,8.698
2016,JJA,Northern Ireland,0.446,6.988
2017,JJA,Northern Ireland,0.460,5.919
2018,JJA,Northern Ireland,0.393,7.349
2019,JJA,Northern Ireland,0.516,7.035
2020,JJA,Northern Ireland,0.500,7.802
2021,JJA,Northern Ireland,0.392,7.047
2022,JJA,Northern Ireland,0.517,7.093
2023,JJA,Northern Ireland,0.458,6.686
2024,JJA,Northern Ireland,0.519,7.430
2025,JJA,Northern Ireland,0.392,6.581
2026,JJA,Northern Ireland,0.484,6.558
2027,JJA,Northern Ireland,0.527,7.326
2028,JJA,Northern Ireland,0.483,7.302
2029,JJA,Northern Ireland,0.467,6.965
2030,JJA,Northern Ireland,0.371,6.477
2031,JJA,Northern Ireland,0.457,8.384
2032,JJA,Northern Ireland,0.383,6.279
2033,JJA,Northern Ireland,0.411,6.616
2034,JJA,Northern Ireland,0.400,5.465
2035,JJA,Northern Ireland,0.471,8.198
2036,JJA,Northern Ireland,0.505,6.233
2037,JJA,Northern Ireland,0.462,7.860
2038,JJA,Northern Ireland,0.463,9.442
2039,JJA,Northern Ireland,0.643,9.756
2040,JJA,Northern Ireland,0.535,6.500
2041,JJA,Northern Ireland,0.438,5.233
2042,JJA,Northern Ireland,0.389,4.302
2043,JJA,Northern Ireland,0.352,6.291
2044,JJA,Northern Ireland,0.499,6.221
2045,JJA,Northern Ireland,0.364,6.163
2046,JJA,Northern Ireland,0.440,5.744
2047,JJA,Northern Ireland,0.463,8.384
2048,JJA,Northern Ireland,0.371,5.465
2049,JJA,Northern Ireland,0.530,8.151
2050,JJA,Northern Ireland,0.428,5.884
2051,JJA,Northern Ireland,0.481,6.314
2052,JJA,Northern Ireland,0.499,8.395
2053,JJA,Northern Ireland,0.478,7.326
2054,JJA,Northern Ireland,0.456,7.558
2055,JJA,Northern Ireland,0.549,7.977
2056,JJA,Northern Ireland,0.351,6.430
2057,JJA,Northern Ireland,0.500,8.326
2058,JJA,Northern Ireland,0.539,7.814
2059,JJA,Northern Ireland,0.480,5.721
2060,JJA,Northern Ireland,0.315,6.419
2061,JJA,Northern Ireland,0.433,6.837
2062,JJA,Northern Ireland,0.541,7.942
2063,JJA,Northern Ireland,0.297,5.570
2064,JJA,Northern Ireland,0.509,9.209
2065,JJA,Northern Ireland,0.520,7.849
2066,JJA,Northern Ireland,0.387,5.640
2067,JJA,Northern Ireland,0.312,6.128
2068,JJA,Northern Ireland,0.354,7.000
2069,JJA,Northern Ireland,0.425,8.291
2070,JJA,Northern Ireland,0.434,6.198
2071,JJA,Northern Ireland,0.574,7.349
2072,JJA,Northern Ireland,0.395,6.186
2073,JJA,Northern Ireland,0.451,8.430
2074,JJA,Northern Ireland,0.441,6.488
2075,JJA,Northern Ireland,0.390,5.035
2076,JJA,Northern Ireland,0.442,6.756
2077,JJA,Northern Ireland,0.360,5.814
2078,JJA,Northern Ireland,0.396,4.907
2079,JJA,Northern Ireland,0.518,7.698
2080,JJA,Northern Ireland,0.383,5.070
1981,JJA,Wales,0.468,7.562
1982,JJA,Wales,0.481,8.139
1983,JJA,Wales,0.383,7.015
1984,JJA,Wales,0.429,6.423
1985,JJA,Wales,0.396,6.672
1986,JJA,Wales,0.446,7.993
1987,JJA,Wales,0.538,5.891
1988,JJA,Wales,0.459,5.606
1989,JJA,Wales,0.459,8.263
1990,JJA,Wales,0.378,6.007
1991,JJA,Wales,0.511,10.766
1992,JJA,Wales,0.438,5.270
1993,JJA,Wales,0.527,7.993
1994,JJA,Wales,0.452,7.022
1995,JJA,Wales,0.333,4.307
1996,JJA,Wales,0.491,6.467
1997,JJA,Wales,0.475,5.715
1998,JJA,Wales,0.414,6.263
1999,JJA,Wales,0.481,7.285
2000,JJA,Wales,0.286,7.737
2001,JJA,Wales,0.443,6.372
2002,JJA,Wales,0.487,7.146
2003,JJA,Wales,0.412,6.387
2004,JJA,Wales,0.366,5.438
2005,JJA,Wales,0.508,8.708
2006,JJA,Wales,0.396,5.234
2007,JJA,Wales,0.441,8.474
2008,JJA,Wales,0.469,5.942
2009,JJA,Wales,0.366,5.905
2010,JJA,Wales,0.396,4.504
2011,JJA,Wales,0.508,5.328
2012,JJA,Wales,0.520,7.993
2013,JJA,Wales,0.422,6.540
2014,JJA,Wales,0.415,5.985
2015,JJA,Wales,0.484,7.423
2016,JJA,Wales,0.354,5.226
2017,JJA,Wales,0.442,6.416
2018,JJA,Wales,0.458,7.066
2019,JJA,Wales,0.514,6.869
2020,JJA,Wales,0.446,6.314
2021,JJA,Wales,0.478,7.650
2022,JJA,Wales,0.435,7.927
2023,JJA,Wales,0.421,6.321
2024,JJA,Wales,0.523,7.212
2025,JJA,Wales,0.393,6.547
2026,JJA,Wales,0.403,6.606
2027,JJA,Wales,0.515,7.204
2028,JJA,Wales,0.516,8.197
2029,JJA,Wales,0.526,7.533
2030,JJA,Wales,0.344,5.978
2031,JJA,Wales,0.519,7.869
2032,JJA,Wales,0.327,6.299
2033,JJA,Wales,0.411,6.788
2034,JJA,Wales,0.365,4.650
2035,JJA,Wales,0.448,7.285
2036,JJA,Wales,0.467,5.533
2037,JJA,Wales,0.347,5.591
2038,JJA,Wales,0.407,7.745
2039,JJA,Wales,0.616,9.745
2040,JJA,Wales,0.516,7.701
2041,JJA,Wales,0.447,4.664
2042,JJA,Wales,0.370,4.788
2043,JJA,Wales,0.450,8.270
2044,JJA,Wales,0.499,5.803
2045,JJA,Wales,0.468,5.730
2046,JJA,Wales,0.417,6.796
2047,JJA,Wales,0.443,7.416
2048,JJA,Wales,0.402,5.088
2049,JJA,Wales,0.484,7.438
2050,JJA,Wales,0.401,5.679
2051,JJA,Wales,0.486,6.766
2052,JJA,Wales,0.431,7.022
2053,JJA,Wales,0.475,9.175
2054,JJA,Wales,0.376,6.036
2055,JJA,Wales,0.507,7.277
2056,JJA,Wales,0.414,7.314
2057,JJA,Wales,0.489,7.942
2058,JJA,Wales,0.495,6.942
2059,JJA,Wales,0.461,5.861
2060,JJA,Wales,0.350,6.292
2061,JJA,Wales,0.405,7.416
2062,JJA,Wales,0.542,8.431
2063,JJA,Wales,0.267,4.314
2064,JJA,Wales,0.370,5.679
2065,JJA,Wales,0.405,5.584
2066,JJA,Wales,0.394,6.511
2067,JJA,Wales,0.402,7.445
2068,JJA,Wales,0.410,8.759
2069,JJA,Wales,0.386,5.292
2070,JJA,Wales,0.473,7.131
2071,JJA,Wales,0.428,5.182
2072,JJA,Wales,0.396,5.796
2073,JJA,Wales,0.476,8.540
2074,JJA,Wales,0.378,7.380
2075,JJA,Wales,0.469,6.796
2076,JJA,Wales,0.466,6.044
2077,JJA,Wales,0.340,4.628
2078,JJA,Wales,0.391,5.759
2079,JJA,Wales,0.499,8.591
2080,JJA,Wales,0.418,6.869
1981,SON,East Midlands,0.354,5.660
1982,SON,East Midlands,0.496,7.786
1983,SON,East Midlands,0.414,5.602
1984,SON,East Midlands,0.390,5.427
1985,SON,East Midlands,0.389,5.505
1986,SON,East Midlands,0.357,5.961
1987,SON,East Midlands,0.407,7.777
1988,SON,East Midlands,0.383,5.689
1989,SON,East Midlands,0.541,9.767
1990,SON,East Midlands,0.424,7.146
1991,SON,East Midlands,0.435,6.369
1992,SON,East Midlands,0.473,6.951
1993,SON,East Midlands,0.439,6.107
1994,SON,East Midlands,0.531,7.796
1995,SON,East Midlands,0.520,8.029
1996,SON,East Midlands,0.453,6.039
1997,SON,East Midlands,0.498,6.039
1998,SON,East Midlands,0.464,5.913
1999,SON,East Midlands,0.406,4.583
2000,SON,East Midlands,0.430,6.262
2001,SON,East Midlands,0.542,8.146
2002,SON,East Midlands,0.386,8.058
2003,SON,East Midlands,0.405,7.981
2004,SON,East Midlands,0.470,6.913
2005,SON,East Midlands,0.445,5.408
2006,SON,East Midlands,0.396,6.291
2007,SON,East Midlands,0.361,4.320
2008,SON,East Midlands,0.441,5.961
2009,SON,East Midlands,0.345,5.777
2010,SON,East Midlands,0.358,8.951
2011,SON,East Midlands,0.402,5.641
2012,SON,East Midlands,0.441,6.447
2013,SON,East Midlands,0.415,4.806
2014,SON,East Midlands,0.409,5.495
2015,SON,East Midlands,0.458,9.437
2016,SON,East Midlands,0.398,7.019
2017,SON,East Midlands,0.462,6.466
2018,SON,East Midlands,0.347,4.699
2019,SON,East Midlands,0.317,3.922
2020,SON,East Midlands,0.356,6.301
2021,SON,East Midlands,0.433,4.573
2022,SON,East Midlands,0.356,5.835
2023,SON,East Midlands,0.425,5.311
2024,SON,East Midlands,0.460,7.874
2025,SON,East Midlands,0.467,5.087
2026,SON,East Midlands,0.354,6.010
2027,SON,East Midlands,0.301,3.893
2028,SON,East Midlands,0.363,3.961
2029,SON,East Midlands,0.415,4.951
2030,SON,East Midlands,0.486,6.320
2031,SON,East Midlands,0.355,4.981
2032,SON,East Midlands,0.458,6.117
2033,SON,East Midlands,0.465,5.816
2034,SON,East Midlands,0.555,7.641
2035,SON,East Midlands,0.523,8.175
2036,SON,East Midlands,0.491,6.262
2037,SON,East Midlands,0.406,6.466
2038,SON,East Midlands,0.422,6.049
2039,SON,East Midlands,0.309,4.777
2040,SON,East Midlands,0.579,8.485
2041,SON,East Midlands,0.336,5.903
2042,SON,East Midlands,0.402,4.602
2043,SON,East Midlands,0.451,6.427
2044,SON,East Midlands,0.427,5.398
2045,SON,East Midlands,0.425,5.359
2046,SON,East Midlands,0.434,6.320
2047,SON,East Midlands,0.535,8.447
2048,SON,East Midlands,0.314,4.408
2049,SON,East Midlands,0.363,4.223
2050,SON,East Midlands,0.350,4.981
2051,SON,East Midlands,0.398,7.476
2052,SON,East Midlands,0.403,4.893
2053,SON,East Midlands,0.397,7.204
2054,SON,East Midlands,0.352,4.660
2055,SON,East Midlands,0.429,4.485
2056,SON,East Midlands,0.468,4.922
2057,SON,East Midlands,0.409,5.243
2058,SON,East Midlands,0.406,5.097
2059,SON,East Midlands,0.480,7.049
2060,SON,East Midlands,0.438,6.553
2061,SON,East Midlands,0.554,8.194
2062,SON,East Midlands,0.352,5.544
2063,SON,East Midlands,0.386,4.417
2064,SON,East Midlands,0.478,5.126
2065,SON,East Midlands,0.397,5.913
2066,SON,East Midlands,0.304,6.845
2067,SON,East Midlands,0.409,5.767
2068,SON,East Midlands,0.478,7.854
2069,SON,East Midlands,0.413,4.117
2070,SON,East Midlands,0.307,6.631
2071,SON,East Midlands,0.309,4.806
2072,SON,East Midlands,0.371,5.175
2073,SON,East Midlands,0.370,6.291
2074,SON,East Midlands,0.450,6.757
2075,SON,East Midlands,0.414,5.194
2076,SON,East Midlands,0.347,5.592
2077,SON,East Midlands,0.491,5.767
2078,SON,East Midlands,0.309,4.291
2079,SON,East Midlands,0.414,6.505
2080,SON,East Midlands,0.432,7.019
1981,SON,East of England,0.308,4.071
1982,SON,East of England,0.492,6.484
1983,SON,East of England,0.378,4.008
1984,SON,East of England,0.355,5.563
1985,SON,East of England,0.366,4.087
1986,SON,East of England,0.348,5.413
1987,SON,East of England,0.460,7.762
1988,SON,East of England,0.365,6.611
1989,SON,East of England,0.528,8.071
1990,SON,East of England,0.345,6.873
1991,SON,East of England,0.480,7.627
1992,SON,East of England,0.460,6.254
1993,SON,East of England,0.398,6.302
1994,SON,East of England,0.498,6.603
1995,SON,East of England,0.479,6.421
1996,SON,East of England,0.482,6.976
1997,SON,East of England,0.456,5.000
1998,SON,East of England,0.427,5.294
1999,SON,East of England,0.367,4.230
2000,SON,East of England,0.428,7.452
2001,SON,East of England,0.453,6.325
2002,SON,East of England,0.364,7.373
2003,SON,East of England,0.325,5.238
2004,SON,East of England,0.497,11.754
2005,SON,East of England,0.428,4.214
2006,SON,East of England,0.425,6.683
2007,SON,East of England,0.384,5.548
2008,SON,East of England,0.405,5.905
2009,SON,East of England,0.325,4.571
2010,SON,East of England,0.322,5.452
2011,SON,East of England,0.390,8.095
2012,SON,East of England,0.377,5.317
2013,SON,East of England,0.383,3.349
2014,SON,East of England,0.368,4.484
2015,SON,East of England,0.403,11.151
2016,SON,East of England,0.339,4.944
2017,SON,East of England,0.518,7.151
2018,SON,East of England,0.360,4.294
2019,SON,East of England,0.334,3.944
2020,SON,East of England,0.351,6.103
2021,SON,East of England,0.443,4.405
2022,SON,East of England,0.305,5.698
2023,SON,East of England,0.416,6.317
2024,SON,East of England,0.441,6.167
2025,SON,East of England,0.414,4.167
2026,SON,East of England,0.338,6.206
2027,SON,East of England,0.330,4.619
2028,SON,East of England,0.348,5.032
2029,SON,East of England,0.426,5.508
2030,SON,East of England,0.467,5.825
2031,SON,East of England,0.367,4.889
2032,SON,East of England,0.442,5.786
2033,SON,East of England,0.464,5.373
2034,SON,East of England,0.494,5.952
2035,SON,East of England,0.450,6.405
2036,SON,East of England,0.492,4.841
2037,SON,East of England,0.403,5.032
2038,SON,East of England,0.386,5.032
2039,SON,East of England,0.289,4.865
2040,SON,East of England,0.529,6.175
2041,SON,East of England,0.342,5.238
2042,SON,East of England,0.434,5.587
2043,SON,East of England,0.371,4.540
2044,SON,East of England,0.408,5.841
2045,SON,East of England,0.437,4.937
2046,SON,East of England,0.387,5.452
2047,SON,East of England,0.506,6.476
2048,SON,East of England,0.328,5.087
2049,SON,East of England,0.365,4.460
2050,SON,East of England,0.295,4.087
2051,SON,East of England,0.397,6.246
2052,SON,East of England,0.360,4.960
2053,SON,East of England,0.362,4.976
2054,SON,East of England,0.351,6.246
2055,SON,East of England,0.419,4.421
2056,SON,East of England,0.497,5.754
2057,SON,East of England,0.422,5.333
2058,SON,East of England,0.366,6.381
2059,SON,East of England,0.446,5.857
2060,SON,East of England,0.385,6.262
2061,SON,East of England,0.467,7.405
2062,SON,East of England,0.298,3.968
2063,SON,East of England,0.379,4.500
2064,SON,East of England,0.416,4.413
2065,SON,East of England,0.381,5.349
2066,SON,East of England,0.237,6.571
2067,SON,East of England,0.406,5.238
2068,SON,East of England,0.448,6.262
2069,SON,East of England,0.370,3.429
2070,SON,East of England,0.311,5.698
2071,SON,East of England,0.320,4.421
2072,SON,East of England,0.347,4.937
2073,SON,East of England,0.350,5.413
2074,SON,East of England,0.431,5.310
2075,SON,East of England,0.392,4.841
2076,SON,East of England,0.287,4.032
2077,SON,East of England,0.481,7.960
2078,SON,East of England,0.310,3.881
2079,SON,East of England,0.400,7.786
2080,SON,East of England,0.447,5.413
1981,SON,East Scotland,0.464,7.472
1982,SON,East Scotland,0.565,10.000
1983,SON,East Scotland,0.575,8.138
1984,SON,East Scotland,0.471,7.031
1985,SON,East Scotland,0.416,7.717
1986,SON,East Scotland,0.534,7.736
1987,SON,East Scotland,0.489,9.862
1988,SON,East Scotland,0.477,7.491
1989,SON,East Scotland,0.491,7.409
1990,SON,East Scotland,0.507,6.780
1991,SON,East Scotland,0.464,7.516
1992,SON,East Scotland,0.467,7.943
1993,SON,East Scotland,0.537,9.371
1994,SON,East Scotland,0.578,8.384
1995,SON,East Scotland,0.515,9.491
1996,SON,East Scotland,0.513,8.176
1997,SON,East Scotland,0.551,8.723
1998,SON,East Scotland,0.533,9.881
1999,SON,East Scotland,0.581,9.862
2000,SON,East Scotland,0.586,8.836
2001,SON,East Scotland,0.600,9.629
2002,SON,East Scotland,0.541,8.516
2003,SON,East Scotland,0.414,6.918
2004,SON,East Scotland,0.568,10.421
2005,SON,East Scotland,0.491,6.836
2006,SON,East Scotland,0.451,7.340
2007,SON,East Scotland,0.503,8.069
2008,SON,East Scotland,0.532,9.195
2009,SON,East Scotland,0.466,6.893
2010,SON,East Scotland,0.400,7.843
2011,SON,East Scotland,0.493,7.723
2012,SON,East Scotland,0.488,9.082
2013,SON,East Scotland,0.536,9.899
2014,SON,East Scotland,0.570,7.969
2015,SON,East Scotland,0.487,8.050
2016,SON,East Scotland,0.495,8.629
2017,SON,East Scotland,0.526,8.358
2018,SON,East Scotland,0.402,6.509
2019,SON,East Scotland,0.471,7.050
2020,SON,East Scotland,0.494,9.547
2021,SON,East Scotland,0.479,8.950
2022,SON,East Scotland,0.482,6.786
2023,SON,East Scotland,0.529,8.704
2024,SON,East Scotland,0.501,9.283
2025,SON,East Scotland,0.479,6.390
2026,SON,East Scotland,0.501,8.981
2027,SON,East Scotland,0.338,6.774
2028,SON,East Scotland,0.503,8.182
2029,SON,East Scotland,0.454,7.031
2030,SON,East Scotland,0.572,8.006
2031,SON,East Scotland,0.436,8.119
2032,SON,East Scotland,0.582,10.170
2033,SON,East Scotland,0.515,8.730
2034,SON,East Scotland,0.512,7.623
2035,SON,East Scotland,0.603,18.987
2036,SON,East Scotland,0.546,8.679
2037,SON,East Scotland,0.503,7.818
2038,SON,East Scotland,0.477,6.962
2039,SON,East Scotland,0.450,7.780
2040,SON,East Scotland,0.610,9.717
2041,SON,East Scotland,0.402,6.723
2042,SON,East Scotland,0.435,8.138
2043,SON,East Scotland,0.493,8.371
2044,SON,East Scotland,0.558,9.151
2045,SON,East Scotland,0.509,13.264
2046,SON,East Scotland,0.505,7.000
2047,SON,East Scotland,0.525,6.824
2048,SON,East Scotland,0.472,9.597
2049,SON,East Scotland,0.430,7.069
2050,SON,East Scotland,0.442,6.811
2051,SON,East Scotland,0.502,7.679
2052,SON,East Scotland,0.536,8.195
2053,SON,East Scotland,0.464,6.925
2054,SON,East Scotland,0.385,6.314
2055,SON,East Scotland,0.527,8.491
2056,SON,East Scotland,0.473,6.975
2057,SON,East Scotland,0.501,7.969
2058,SON,East Scotland,0.484,7.006
2059,SON,East Scotland,0.589,10.182
2060,SON,East Scotland,0.590,10.862
2061,SON,East Scotland,0.629,12.170
2062,SON,East Scotland,0.449,9.170
2063,SON,East Scotland,0.556,11.006
2064,SON,East Scotland,0.512,6.314
2065,SON,East Scotland,0.502,9.440
2066,SON,East Scotland,0.422,5.579
2067,SON,East Scotland,0.529,9.679
2068,SON,East Scotland,0.484,8.925
2069,SON,East Scotland,0.531,9.717
2070,SON,East Scotland,0.469,8.849
2071,SON,East Scotland,0.356,7.145
2072,SON,East Scotland,0.364,6.648
2073,SON,East Scotland,0.482,6.711
2074,SON,East Scotland,0.517,9.113
2075,SON,East Scotland,0.451,6.811
2076,SON,East Scotland,0.488,6.440
2077,SON,East Scotland,0.538,9.604
2078,SON,East Scotland,0.478,9.767
2079,SON,East Scotland,0.531,8.138
2080,SON,East Scotland,0.509,6.660
1981,SON,London,0.308,3.750
1982,SON,London,0.457,5.500
1983,SON,London,0.359,4.667
1984,SON,London,0.401,5.667
1985,SON,London,0.364,4.083
1986,SON,London,0.353,5.417
1987,SON,London,0.461,7.250
1988,SON,London,0.342,7.500
1989,SON,London,0.555,9.750
1990,SON,London,0.358,5.083
1991,SON,London,0.459,6.917
1992,SON,London,0.449,5.833
1993,SON,London,0.409,8.417
1994,SON,London,0.496,6.917
1995,SON,London,0.502,7.750
1996,SON,London,0.442,5.750
1997,SON,London,0.477,5.000
1998,SON,London,0.428,5.500
1999,SON,London,0.371,4.250
2000,SON,London,0.422,6.083
2001,SON,London,0.452,6.167
2002,SON,London,0.346,8.667
2003,SON,London,0.313,5.167
2004,SON,London,0.537,14.167
2005,SON,London,0.390,5.000
2006,SON,London,0.423,8.167
2007,SON,London,0.394,6.667
2008,SON,London,0.403,7.500
2009,SON,London,0.318,4.250
2010,SON,London,0.266,4.667
2011,SON,London,0.347,5.083
2012,SON,London,0.373,5.083
2013,SON,London,0.386,3.167
2014,SON,London,0.336,3.417
2015,SON,London,0.377,12.000
2016,SON,London,0.335,4.583
2017,SON,London,0.525,7.667
2018,SON,London,0.368,5.417
2019,SON,London,0.365,4.417
2020,SON,London,0.300,4.000
2021,SON,London,0.428,4.083
2022,SON,London,0.354,5.167
2023,SON,London,0.439,8.000
2024,SON,London,0.403,6.000
2025,SON,London,0.477,5.500
2026,SON,London,0.306,5.333
2027,SON,London,0.370,4.917
2028,SON,London,0.375,6.000
2029,SON,London,0.406,6.250
2030,SON,London,0.477,4.750
2031,SON,London,0.369,5.000
2032,SON,London,0.454,5.833
2033,SON,London,0.475,6.500
2034,SON,London,0.466,6.000
2035,SON,London,0.461,5.583
2036,SON,London,0.476,5.667
2037,SON,London,0.335,4.250
2038,SON,London,0.408,6.750
2039,SON,London,0.299,4.083
2040,SON,London,0.565,6.167
2041,SON,London,0.335,5.500
2042,SON,London,0.415,8.000
2043,SON,London,0.396,6.083
2044,SON,London,0.440,6.667
2045,SON,London,0.445,6.833
2046,SON,London,0.363,4.833
2047,SON,London,0.504,5.750
2048,SON,London,0.343,6.583
2049,SON,London,0.394,4.167
2050,SON,London,0.304,3.500
2051,SON,London,0.387,5.083
2052,SON,London,0.355,5.583
2053,SON,London,0.371,8.333
2054,SON,London,0.366,4.750
2055,SON,London,0.434,5.083
2056,SON,London,0.486,5.917
2057,SON,London,0.429,5.167
2058,SON,London,0.328,7.083
2059,SON,London,0.496,5.917
2060,SON,London,0.353,7.000
2061,SON,London,0.443,6.000
2062,SON,London,0.327,5.250
2063,SON,London,0.371,5.583
2064,SON,London,0.404,4.333
2065,SON,London,0.362,6.000
2066,SON,London,0.239,7.000
2067,SON,London,0.434,4.917
2068,SON,London,0.405,5.583
2069,SON,London,0.386,4.083
2070,SON,London,0.323,5.333
2071,SON,London,0.283,3.667
2072,SON,London,0.370,5.000
2073,SON,London,0.326,4.333
2074,SON,London,0.350,5.167
2075,SON,London,0.431,5.333
2076,SON,London,0.286,5.000
2077,SON,London,0.512,9.083
2078,SON,London,0.280,2.917
2079,SON,London,0.322,6.000
2080,SON,London,0.444,5.250
1981,SON,North East England,0.352,4.649
1982,SON,North East England,0.559,10.000
1983,SON,North East England,0.495,6.088
1984,SON,North East England,0.363,4.596
1985,SON,North East England,0.370,6.965
1986,SON,North East England,0.464,7.842
1987,SON,North East England,0.543,10.825
1988,SON,North East England,0.411,5.456
1989,SON,North East England,0.531,9.193
1990,SON,North East England,0.482,6.263
1991,SON,North East England,0.465,8.088
1992,SON,North East England,0.434,5.912
1993,SON,North East England,0.505,7.982
1994,SON,North East England,0.535,7.561
1995,SON,North East England,0.536,10.035
1996,SON,North East England,0.517,10.053
1997,SON,North East England,0.500,5.754
1998,SON,North East England,0.431,5.825
1999,SON,North East England,0.517,7.649
2000,SON,North East England,0.507,7.421
2001,SON,North East England,0.572,8.158
2002,SON,North East England,0.476,9.070
2003,SON,North East England,0.436,6.018
2004,SON,North East England,0.511,8.193
2005,SON,North East England,0.481,6.246
2006,SON,North East England,0.426,6.842
2007,SON,North East England,0.447,6.702
2008,SON,North East England,0.487,5.895
2009,SON,North East England,0.367,5.474
2010,SON,North East England,0.377,8.596
2011,SON,North East England,0.449,7.053
2012,SON,North East England,0.473,5.982
2013,SON,North East England,0.484,7.561
2014,SON,North East England,0.470,7.491
2015,SON,North East England,0.498,7.860
2016,SON,North East England,0.513,14.053
2017,SON,North East England,0.505,8.474
2018,SON,North East England,0.374,6.053
2019,SON,North East England,0.360,4.456
2020,SON,North East England,0.461,9.316
2021,SON,North East England,0.408,5.368
2022,SON,North East England,0.413,5.789
2023,SON,North East England,0.479,8.860
2024,SON,North East England,0.518,6.456
2025,SON,North East England,0.478,5.877
2026,SON,North East England,0.445,7.088
2027,SON,North East England,0.341,4.842
2028,SON,North East England,0.472,6.193
2029,SON,North East England,0.388,4.105
2030,SON,North East England,0.552,7.509
2031,SON,North East England,0.388,5.789
2032,SON,North East England,0.513,8.474
2033,SON,North East England,0.421,5.772
2034,SON,North East England,0.539,8.175
2035,SON,North East England,0.548,12.088
2036,SON,North East England,0.529,6.895
2037,SON,North East England,0.542,9.404
2038,SON,North East England,0.465,8.193
2039,SON,North East England,0.408,6.263
2040,SON,North East England,0.602,10.158
2041,SON,North East England,0.396,5.719
2042,SON,North East England,0.386,5.667
2043,SON,North East England,0.514,8.877
2044,SON,North East England,0.497,5.456
2045,SON,North East England,0.457,7.719
2046,SON,North East England,0.472,8.351
2047,SON,North East England,0.473,8.596
2048,SON,North East England,0.418,7.702
2049,SON,North East England,0.416,7.842
2050,SON,North East England,0.396,5.614
2051,SON,North East England,0.497,9.175
2052,SON,North East England,0.527,6.895
2053,SON,North East England,0.415,6.404
2054,SON,North East England,0.356,4.421
2055,SON,North East England,0.469,6.088
2056,SON,North East England,0.477,6.667
2057,SON,North East England,0.501,7.807
2058,SON,North East England,0.457,5.404
2059,SON,North East England,0.538,9.140
2060,SON,North East England,0.556,7.561
2061,SON,North East England,0.622,9.842
2062,SON,North East England,0.402,6.807
2063,SON,North East England,0.446,7.351
2064,SON,North East England,0.484,5.316
2065,SON,North East England,0.456,8.018
2066,SON,North East England,0.330,4.965
2067,SON,North East England,0.472,6.035
2068,SON,North East England,0.474,6.825
2069,SON,North East England,0.464,5.088
2070,SON,North East England,0.435,9.877
2071,SON,North East England,0.363,6.807
2072,SON,North East England,0.420,8.439
2073,SON,North East England,0.463,5.737
2074,SON,North East England,0.546,7.386
2075,SON,North East England,0.456,5.825
2076,SON,North East England,0.408,4.895
2077,SON,North East England,0.525,6.754
2078,SON,North East England,0.424,6.561
2079,SON,North East England,0.450,6.561
2080,SON,North East England,0.445,5.947
1981,SON,North Scotland,0.638,11.264
1982,SON,North Scotland,0.669,17.154
1983,SON,North Scotland,0.568,10.398
1984,SON,North Scotland,0.577,10.244
1985,SON,North Scotland,0.528,10.512
1986,SON,North Scotland,0.581,10.761
1987,SON,North Scotland,0.587,13.174
1988,SON,North Scotland,0.675,13.035
1989,SON,North Scotland,0.550,10.637
1990,SON,North Scotland,0.567,10.289
1991,SON,North Scotland,0.580,20.751
1992,SON,North Scotland,0.568,12.204
1993,SON,North Scotland,0.691,14.488
1994,SON,North Scotland,0.644,11.682
1995,SON,North Scotland,0.541,12.846
1996,SON,North Scotland,0.521,9.129
1997,SON,North Scotland,0.641,12.488
1998,SON,North Scotland,0.610,11.055
1999,SON,North Scotland,0.555,11.483
2000,SON,North Scotland,0.690,12.592
2001,SON,North Scotland,0.624,11.791
2002,SON,North Scotland,0.679,12.532
2003,SON,North Scotland,0.547,12.279
2004,SON,North Scotland,0.607,11.483
2005,SON,North Scotland,0.694,14.632
2006,SON,North Scotland,0.606,12.935
2007,SON,North Scotland,0.584,10.090
2008,SON,North Scotland,0.569,9.821
2009,SON,North Scotland,0.484,8.736
2010,SON,North Scotland,0.482,7.139
2011,SON,North Scotland,0.619,10.667
2012,SON,North Scotland,0.546,16.701
2013,SON,North Scotland,0.596,11.353
2014,SON,North Scotland,0.644,10.109
2015,SON,North Scotland,0.596,10.343
2016,SON,North Scotland,0.470,7.637
2017,SON,North Scotland,0.602,14.318
2018,SON,North Scotland,0.476,8.234
2019,SON,North Scotland,0.529,12.025
2020,SON,North Scotland,0.507,9.846
2021,SON,North Scotland,0.640,10.896
2022,SON,North Scotland,0.596,10.985
2023,SON,North Scotland,0.658,11.418
2024,SON,North Scotland,0.617,18.791
2025,SON,North Scotland,0.531,7.866
2026,SON,North Scotland,0.633,14.154
2027,SON,North Scotland,0.337,9.328
2028,SON,North Scotland,0.540,9.667
2029,SON,North Scotland,0.550,10.264
2030,SON,North Scotland,0.566,10.423
2031,SON,North Scotland,0.581,10.144
2032,SON,North Scotland,0.668,13.532
2033,SON,North Scotland,0.660,13.607
2034,SON,North Scotland,0.658,15.303
2035,SON,North Scotland,0.549,13.781
2036,SON,North Scotland,0.621,13.483
2037,SON,North Scotland,0.542,8.318
2038,SON,North Scotland,0.586,10.836
2039,SON,North Scotland,0.573,12.726
2040,SON,North Scotland,0.595,12.124
2041,SON,North Scotland,0.481,10.945
2042,SON,North Scotland,0.548,10.920
2043,SON,North Scotland,0.515,9.249
2044,SON,North Scotland,0.655,14.184
2045,SON,North Scotland,0.643,15.478
2046,SON,North Scotland,0.554,11.632
2047,SON,North Scotland,0.598,10.587
2048,SON,North Scotland,0.516,9.881
2049,SON,North Scotland,0.509,8.045
2050,SON,North Scotland,0.570,13.851
2051,SON,North Scotland,0.511,7.582
2052,SON,North Scotland,0.600,12.080
2053,SON,North Scotland,0.604,11.667
2054,SON,North Scotland,0.481,11.333
2055,SON,North Scotland,0.620,12.652
2056,SON,North Scotland,0.555,7.925
2057,SON,North Scotland,0.584,10.607
2058,SON,North Scotland,0.612,11.443
2059,SON,North Scotland,0.583,14.050
2060,SON,North Scotland,0.649,12.478
2061,SON,North Scotland,0.650,16.234
2062,SON,North Scotland,0.535,13.463
2063,SON,North Scotland,0.686,13.657
2064,SON,North Scotland,0.641,12.279
2065,SON,North Scotland,0.584,12.353
2066,SON,North Scotland,0.585,10.766
2067,SON,North Scotland,0.664,16.741
2068,SON,North Scotland,0.614,15.677
2069,SON,North Scotland,0.591,12.856
2070,SON,North Scotland,0.483,9.179
2071,SON,North Scotland,0.469,9.502
2072,SON,North Scotland,0.418,7.234
2073,SON,North Scotland,0.614,12.970
2074,SON,North Scotland,0.554,9.856
2075,SON,North Scotland,0.453,7.259
2076,SON,North Scotland,0.599,10.323
2077,SON,North Scotland,0.519,11.010
2078,SON,North Scotland,0.574,10.677
2079,SON,North Scotland,0.591,10.199
2080,SON,North Scotland,0.557,8.204
1981,SON,North West England,0.452,8.183
1982,SON,North West England,0.616,17.710
1983,SON,North West England,0.542,10.129
1984,SON,North West England,0.503,10.065
1985,SON,North West England,0.499,10.817
1986,SON,North West England,0.394,10.935
1987,SON,North West England,0.486,10.903
1988,SON,North West England,0.484,7.688
1989,SON,North West England,0.628,12.247
1990,SON,North West England,0.495,6.935
1991,SON,North West England,0.527,8.785
1992,SON,North West England,0.531,13.237
1993,SON,North West England,0.607,11.097
1994,SON,North West England,0.653,11.505
1995,SON,North West England,0.579,14.484
1996,SON,North West England,0.544,10.774
1997,SON,North West England,0.641,11.968
1998,SON,North West England,0.557,11.441
1999,SON,North West England,0.524,8.591
2000,SON,North West England,0.603,8.742
2001,SON,North West England,0.607,12.323
2002,SON,North West England,0.528,12.527
2003,SON,North West England,0.469,11.656
2004,SON,North West England,0.617,9.108
2005,SON,North West England,0.596,10.355
2006,SON,North West England,0.517,15.774
2007,SON,North West England,0.459,12.151
2008,SON,North West England,0.515,10.473
2009,SON,North West England,0.444,10.140
2010,SON,North West England,0.440,15.022
2011,SON,North West England,0.431,6.269
2012,SON,North West England,0.569,17.387
2013,SON,North West England,0.546,11.559
2014,SON,North West England,0.456,6.763
2015,SON,North West England,0.598,9.849
2016,SON,North West England,0.395,6.301
2017,SON,North West England,0.569,13.892
2018,SON,North West England,0.417,8.871
2019,SON,North West England,0.445,9.032
2020,SON,North West England,0.437,11.204
2021,SON,North West England,0.611,9.032
2022,SON,North West England,0.446,6.720
2023,SON,North West England,0.594,12.527
2024,SON,North West England,0.580,11.796
2025,SON,North West England,0.583,8.366
2026,SON,North West England,0.497,11.398
2027,SON,North West England,0.351,8.688
2028,SON,North West England,0.486,8.419
2029,SON,North West England,0.470,7.462
2030,SON,North West England,0.557,8.731
2031,SON,North West England,0.410,7.785
2032,SON,North West England,0.646,14.978
2033,SON,North West England,0.546,10.914
2034,SON,North West England,0.622,11.075
2035,SON,North West England,0.457,9.946
2036,SON,North West England,0.498,7.667
2037,SON,North West England,0.492,7.914
2038,SON,North West England,0.499,8.785
2039,SON,North West England,0.451,10.409
2040,SON,North West England,0.671,17.591
2041,SON,North West England,0.433,7.280
2042,SON,North West England,0.515,12.452
2043,SON,North West England,0.503,10.516
2044,SON,North West England,0.607,14.333
2045,SON,North West England,0.566,14.043
2046,SON,North West England,0.505,8.237
2047,SON,North West England,0.608,13.484
2048,SON,North West England,0.443,9.473
2049,SON,North West England,0.395,6.624
2050,SON,North West England,0.419,8.075
2051,SON,North West England,0.525,7.613
2052,SON,North West England,0.525,8.312
2053,SON,North West England,0.459,8.151
2054,SON,North West England,0.415,7.527
2055,SON,North West England,0.561,9.172
2056,SON,North West England,0.475,6.247
2057,SON,North West England,0.559,15.108
2058,SON,North West England,0.524,11.710
2059,SON,North West England,0.587,16.903
2060,SON,North West England,0.625,10.645
2061,SON,North West England,0.666,13.151
2062,SON,North West England,0.436,8.473
2063,SON,North West England,0.564,11.839
2064,SON,North West England,0.636,10.978
2065,SON,North West England,0.413,7.043
2066,SON,North West England,0.411,9.000
2067,SON,North West England,0.538,10.677
2068,SON,North West England,0.535,11.355
2069,SON,North West England,0.542,7.785
2070,SON,North West England,0.397,6.473
2071,SON,North West England,0.389,8.398
2072,SON,North West England,0.382,6.409
2073,SON,North West England,0.536,8.968
2074,SON,North West England,0.565,11.806
2075,SON,North West England,0.462,5.978
2076,SON,North West England,0.481,7.849
2077,SON,North West England,0.521,11.183
2078,SON,North West England,0.433,6.075
2079,SON,North West England,0.532,10.097
2080,SON,North West England,0.487,10.387
1981,SON,South East England,0.320,4.280
1982,SON,South East England,0.444,5.847
1983,SON,South East England,0.384,5.034
1984,SON,South East England,0.405,6.958
1985,SON,South East England,0.323,3.907
1986,SON,South East England,0.359,5.780
1987,SON,South East England,0.447,6.932
1988,SON,South East England,0.346,5.492
1989,SON,South East England,0.546,9.754
1990,SON,South East England,0.375,6.025
1991,SON,South East England,0.432,5.822
1992,SON,South East England,0.459,6.356
1993,SON,South East England,0.383,7.924
1994,SON,South East England,0.466,6.381
1995,SON,South East England,0.493,7.949
1996,SON,South East England,0.440,7.932
1997,SON,South East England,0.494,5.610
1998,SON,South East England,0.447,6.008
1999,SON,South East England,0.382,4.102
2000,SON,South East England,0.419,6.678
2001,SON,South East England,0.421,6.008
2002,SON,South East England,0.317,7.644
2003,SON,South East England,0.346,4.873
2004,SON,South East England,0.512,11.686
2005,SON,South East England,0.395,4.551
2006,SON,South East England,0.396,6.525
2007,SON,South East England,0.379,5.220
2008,SON,South East England,0.393,6.822
2009,SON,South East England,0.336,5.186
2010,SON,South East England,0.257,4.280
2011,SON,South East England,0.340,5.203
2012,SON,South East England,0.391,5.500
2013,SON,South East England,0.403,4.441
2014,SON,South East England,0.358,4.653
2015,SON,South East England,0.371,10.932
2016,SON,South East England,0.300,4.805
2017,SON,South East England,0.480,7.076
2018,SON,South East England,0.371,5.246
2019,SON,South East England,0.370,4.881
2020,SON,South East England,0.298,4.085
2021,SON,South East England,0.423,4.517
2022,SON,South East England,0.351,5.746
2023,SON,South East England,0.428,7.508
2024,SON,South East England,0.415,7.322
2025,SON,South East England,0.472,4.856
2026,SON,South East England,0.301,4.508
2027,SON,South East England,0.314,5.034
2028,SON,South East England,0.341,5.085
2029,SON,South East England,0.407,5.508
2030,SON,South East England,0.464,5.814
2031,SON,South East England,0.375,4.542
2032,SON,South East England,0.442,7.449
2033,SON,South East England,0.460,6.085
2034,SON,South East England,0.447,5.966
2035,SON,South East England,0.421,5.593
2036,SON,South East England,0.432,5.636
2037,SON,South East England,0.329,4.119
2038,SON,South East England,0.427,8.093
2039,SON,South East England,0.308,5.008
2040,SON,South East England,0.560,7.780
2041,SON,South East England,0.330,6.559
2042,SON,South East England,0.397,7.008
2043,SON,South East England,0.362,4.890
2044,SON,South East England,0.476,8.508
2045,SON,South East England,0.412,5.466
2046,SON,South East England,0.342,5.017
2047,SON,South East England,0.473,5.254
2048,SON,South East England,0.355,6.220
2049,SON,South East England,0.353,4.517
2050,SON,South East England,0.271,4.381
2051,SON,South East England,0.381,4.907
2052,SON,South East England,0.372,5.907
2053,SON,South East England,0.388,7.941
2054,SON,South East England,0.368,5.263
2055,SON,South East England,0.414,5.110
2056,SON,South East England,0.439,6.288
2057,SON,South East England,0.398,5.025
2058,SON,South East England,0.309,5.356
2059,SON,South East England,0.490,6.856
2060,SON,South East England,0.362,7.017
2061,SON,South East England,0.469,5.610
2062,SON,South East England,0.363,6.017
2063,SON,South East England,0.357,6.534
2064,SON,South East England,0.446,6.525
2065,SON,South East England,0.345,5.568
2066,SON,South East England,0.241,6.534
2067,SON,South East England,0.447,6.322
2068,SON,South East England,0.416,6.576
2069,SON,South East England,0.366,4.941
2070,SON,South East England,0.291,5.720
2071,SON,South East England,0.274,3.534
2072,SON,South East England,0.360,5.958
2073,SON,South East England,0.352,4.780
2074,SON,South East England,0.347,4.449
2075,SON,South East England,0.401,4.881
2076,SON,South East England,0.283,4.983
2077,SON,South East England,0.472,7.449
2078,SON,South East England,0.272,3.051
2079,SON,South East England,0.348,5.975
2080,SON,South East England,0.420,5.831
1981,SON,South West England,0.338,7.089
1982,SON,South West England,0.456,6.899
1983,SON,South West England,0.457,6.709
1984,SON,South West England,0.469,8.709
1985,SON,South West England,0.344,5.468
1986,SON,South West England,0.393,6.108
1987,SON,South West England,0.390,7.019
1988,SON,South West England,0.390,5.747
1989,SON,South West England,0.538,8.525
1990,SON,South West England,0.411,7.316
1991,SON,South West England,0.408,5.930
1992,SON,South West England,0.504,9.184
1993,SON,South West England,0.438,6.671
1994,SON,South West England,0.522,8.576
1995,SON,South West England,0.487,8.354
1996,SON,South West England,0.464,9.582
1997,SON,South West England,0.511,7.285
1998,SON,South West England,0.511,9.873
1999,SON,South West England,0.440,5.127
2000,SON,South West England,0.489,7.411
2001,SON,South West England,0.458,7.696
2002,SON,South West England,0.317,7.025
2003,SON,South West England,0.388,7.557
2004,SON,South West England,0.489,8.684
2005,SON,South West England,0.479,7.557
2006,SON,South West England,0.421,6.070
2007,SON,South West England,0.398,7.259
2008,SON,South West England,0.443,10.177
2009,SON,South West England,0.418,8.342
2010,SON,South West England,0.286,5.810
2011,SON,South West England,0.326,4.886
2012,SON,South West England,0.455,9.152
2013,SON,South West England,0.438,6.759
2014,SON,South West England,0.403,7.241
2015,SON,South West England,0.396,8.487
2016,SON,South West England,0.309,5.968
2017,SON,South West England,0.430,8.348
2018,SON,South West England,0.376,6.329
2019,SON,South West England,0.379,6.025
2020,SON,South West England,0.356,5.766
2021,SON,South West England,0.485,7.380
2022,SON,South West England,0.354,7.228
2023,SON,South West England,0.446,8.133
2024,SON,South West England,0.499,7.943
2025,SON,South West England,0.528,6.253
2026,SON,South West England,0.343,5.525
2027,SON,South West England,0.312,6.475
2028,SON,South West England,0.385,5.835
2029,SON,South West England,0.393,6.462
2030,SON,South West England,0.519,7.101
2031,SON,South West England,0.433,6.437
2032,SON,South West England,0.479,12.165
2033,SON,South West England,0.494,6.411
2034,SON,South West England,0.492,7.399
2035,SON,South West England,0.430,8.051
2036,SON,South West England,0.446,6.133
2037,SON,South West England,0.349,4.278
2038,SON,South West England,0.442,6.696
2039,SON,South West England,0.335,5.171
2040,SON,South West England,0.534,10.266
2041,SON,South West England,0.380,7.563
2042,SON,South West England,0.408,7.348
2043,SON,South West England,0.373,5.165
2044,SON,South West England,0.535,11.652
2045,SON,South West England,0.440,7.367
2046,SON,South West England,0.371,5.133
2047,SON,South West England,0.495,7.513
2048,SON,South West England,0.424,9.272
2049,SON,South West England,0.369,7.544
2050,SON,South West England,0.294,4.677
2051,SON,South West England,0.435,7.051
2052,SON,South West England,0.394,6.177
2053,SON,South West England,0.390,7.241
2054,SON,South West England,0.359,5.848
2055,SON,South West England,0.429,7.804
2056,SON,South West England,0.490,7.057
2057,SON,South West England,0.412,7.835
2058,SON,South West England,0.309,6.557
2059,SON,South West England,0.524,9.304
2060,SON,South West England,0.425,7.823
2061,SON,South West England,0.541,6.797
2062,SON,South West England,0.419,9.810
2063,SON,South West England,0.409,5.563
2064,SON,South West England,0.527,8.646
2065,SON,South West England,0.378,5.506
2066,SON,South West England,0.298,8.759
2067,SON,South West England,0.450,7.848
2068,SON,South West England,0.463,6.918
2069,SON,South West England,0.410,5.943
2070,SON,South West England,0.308,5.709
2071,SON,South West England,0.292,4.316
2072,SON,South West England,0.369,6.854
2073,SON,South West England,0.419,7.348
2074,SON,South West England,0.354,5.981
2075,SON,South West England,0.419,5.430
2076,SON,South West England,0.320,6.449
2077,SON,South West England,0.442,7.044
2078,SON,South West England,0.236,3.899
2079,SON,South West England,0.360,6.108
2080,SON,South West England,0.421,6.070
1981,SON,West Midlands,0.352,4.558
1982,SON,West Midlands,0.463,6.244
1983,SON,West Midlands,0.482,6.395
1984,SON,West Midlands,0.409,4.791
1985,SON,West Midlands,0.394,6.860
1986,SON,West Midlands,0.358,5.302
1987,SON,West Midlands,0.391,7.605
1988,SON,West Midlands,0.392,5.419
1989,SON,West Midlands,0.547,7.337
1990,SON,West Midlands,0.427,7.116
1991,SON,West Midlands,0.417,6.930
1992,SON,West Midlands,0.455,6.919
1993,SON,West Midlands,0.487,7.919
1994,SON,West Midlands,0.525,7.988
1995,SON,West Midlands,0.513,7.953
1996,SON,West Midlands,0.470,6.616
1997,SON,West Midlands,0.546,7.698
1998,SON,West Midlands,0.485,6.616
1999,SON,West Midlands,0.447,4.930
2000,SON,West Midlands,0.464,7.733
2001,SON,West Midlands,0.516,7.349
2002,SON,West Midlands,0.399,7.267
2003,SON,West Midlands,0.383,7.907
2004,SON,West Midlands,0.474,6.500
2005,SON,West Midlands,0.461,5.488
2006,SON,West Midlands,0.413,6.000
2007,SON,West Midlands,0.410,6.849
2008,SON,West Midlands,0.458,5.872
2009,SON,West Midlands,0.369,5.337
2010,SON,West Midlands,0.350,8.802
2011,SON,West Midlands,0.352,4.116
2012,SON,West Midlands,0.448,6.314
2013,SON,West Midlands,0.433,5.640
2014,SON,West Midlands,0.380,5.337
2015,SON,West Midlands,0.486,11.791
2016,SON,West Midlands,0.312,4.465
2017,SON,West Midlands,0.440,6.256
2018,SON,West Midlands,0.332,5.860
2019,SON,West Midlands,0.337,4.535
2020,SON,West Midlands,0.375,6.593
2021,SON,West Midlands,0.482,5.244
2022,SON,West Midlands,0.352,4.779
2023,SON,West Midlands,0.421,5.570
2024,SON,West Midlands,0.475,6.628
2025,SON,West Midlands,0.482,5.151
2026,SON,West Midlands,0.344,5.628
2027,SON,West Midlands,0.266,4.744
2028,SON,West Midlands,0.368,3.791
2029,SON,West Midlands,0.388,4.558
2030,SON,West Midlands,0.488,5.756
2031,SON,West Midlands,0.371,5.244
2032,SON,West Midlands,0.476,7.302
2033,SON,West Midlands,0.463,6.302
2034,SON,West Midlands,0.531,9.419
2035,SON,West Midlands,0.479,6.663
2036,SON,West Midlands,0.450,5.174
2037,SON,West Midlands,0.370,6.430
2038,SON,West Midlands,0.449,7.558
2039,SON,West Midlands,0.343,5.616
2040,SON,West Midlands,0.583,9.512
2041,SON,West Midlands,0.335,6.395
2042,SON,West Midlands,0.371,4.895
2043,SON,West Midlands,0.394,4.884
2044,SON,West Midlands,0.467,7.081
2045,SON,West Midlands,0.435,5.872
2046,SON,West Midlands,0.393,5.186
2047,SON,West Midlands,0.543,8.093
2048,SON,West Midlands,0.347,5.105
2049,SON,West Midlands,0.364,4.500
2050,SON,West Midlands,0.343,5.244
2051,SON,West Midlands,0.412,6.802
2052,SON,West Midlands,0.436,6.674
2053,SON,West Midlands,0.390,6.744
2054,SON,West Midlands,0.373,4.767
2055,SON,West Midlands,0.432,5.302
2056,SON,West Midlands,0.456,4.593
2057,SON,West Midlands,0.420,6.221
2058,SON,West Midlands,0.364,5.256
2059,SON,West Midlands,0.491,8.605
2060,SON,West Midlands,0.468,8.233
2061,SON,West Midlands,0.567,7.395
2062,SON,West Midlands,0.375,5.744
2063,SON,West Midlands,0.435,5.035
2064,SON,West Midlands,0.534,6.070
2065,SON,West Midlands,0.372,5.384
2066,SON,West Midlands,0.327,6.791
2067,SON,West Midlands,0.415,6.442
2068,SON,West Midlands,0.459,6.721
2069,SON,West Midlands,0.441,6.430
2070,SON,West Midlands,0.323,5.709
2071,SON,West Midlands,0.359,6.058
2072,SON,West Midlands,0.333,5.547
2073,SON,West Midlands,0.374,5.663
2074,SON,West Midlands,0.407,6.140
2075,SON,West Midlands,0.400,4.686
2076,SON,West Midlands,0.353,6.465
2077,SON,West Midlands,0.462,5.581
2078,SON,West Midlands,0.282,3.965
2079,SON,West Midlands,0.396,6.012
2080,SON,West Midlands,0.436,6.395
1981,SON,West Scotland,0.553,9.500
1982,SON,West Scotland,0.640,16.123
1983,SON,West Scotland,0.561,10.169
1984,SON,West Scotland,0.550,10.592
1985,SON,West Scotland,0.454,8.746
1986,SON,West Scotland,0.467,7.785
1987,SON,West Scotland,0.523,12.923
1988,SON,West Scotland,0.499,7.515
1989,SON,West Scotland,0.544,10.823
1990,SON,West Scotland,0.544,8.938
1991,SON,West Scotland,0.521,11.646
1992,SON,West Scotland,0.517,10.454
1993,SON,West Scotland,0.584,12.054
1994,SON,West Scotland,0.658,11.685
1995,SON,West Scotland,0.533,10.685
1996,SON,West Scotland,0.516,8.169
1997,SON,West Scotland,0.602,9.892
1998,SON,West Scotland,0.595,11.669
1999,SON,West Scotland,0.580,10.131
2000,SON,West Scotland,0.627,8.292
2001,SON,West Scotland,0.565,10.131
2002,SON,West Scotland,0.584,11.823
2003,SON,West Scotland,0.506,8.931
2004,SON,West Scotland,0.635,13.546
2005,SON,West Scotland,0.604,11.023
2006,SON,West Scotland,0.522,13.238
2007,SON,West Scotland,0.552,15.008
2008,SON,West Scotland,0.541,9.815
2009,SON,West Scotland,0.520,9.046
2010,SON,West Scotland,0.413,11.269
2011,SON,West Scotland,0.472,7.146
2012,SON,West Scotland,0.564,13.762
2013,SON,West Scotland,0.554,12.200
2014,SON,West Scotland,0.556,7.992
2015,SON,West Scotland,0.591,10.685
2016,SON,West Scotland,0.384,6.577
2017,SON,West Scotland,0.599,14.569
2018,SON,West Scotland,0.425,7.415
2019,SON,West Scotland,0.533,11.846
2020,SON,West Scotland,0.462,8.369
2021,SON,West Scotland,0.613,11.269
2022,SON,West Scotland,0.492,9.323
2023,SON,West Scotland,0.618,11.762
2024,SON,West Scotland,0.602,17.231
2025,SON,West Scotland,0.548,7.731
2026,SON,West Scotland,0.524,10.454
2027,SON,West Scotland,0.340,9.615
2028,SON,West Scotland,0.529,10.369
2029,SON,West Scotland,0.518,10.269
2030,SON,West Scotland,0.574,9.346
2031,SON,West Scotland,0.452,6.754
2032,SON,West Scotland,0.657,14.438
2033,SON,West Scotland,0.574,11.515
2034,SON,West Scotland,0.595,9.969
2035,SON,West Scotland,0.477,11.215
2036,SON,West Scotland,0.452,7.438
2037,SON,West Scotland,0.493,7.815
2038,SON,West Scotland,0.526,11.123
2039,SON,West Scotland,0.450,9.685
2040,SON,West Scotland,0.620,12.054
2041,SON,West Scotland,0.458,9.577
2042,SON,West Scotland,0.481,11.908
2043,SON,West Scotland,0.514,10.192
2044,SON,West Scotland,0.577,11.246
2045,SON,West Scotland,0.582,15.892
2046,SON,West Scotland,0.523,9.577
2047,SON,West Scotland,0.567,8.369
2048,SON,West Scotland,0.503,9.354
2049,SON,West Scotland,0.375,6.592
2050,SON,West Scotland,0.474,8.631
2051,SON,West Scotland,0.547,7.777
2052,SON,West Scotland,0.555,10.362
2053,SON,West Scotland,0.473,7.838
2054,SON,West Scotland,0.443,9.908
2055,SON,West Scotland,0.574,11.092
2056,SON,West Scotland,0.420,5.992
2057,SON,West Scotland,0.512,11.131
2058,SON,West Scotland,0.513,11.000
2059,SON,West Scotland,0.619,17.885
2060,SON,West Scotland,0.599,10.977
2061,SON,West Scotland,0.666,14.654
2062,SON,West Scotland,0.438,11.531
2063,SON,West Scotland,0.605,14.100
2064,SON,West Scotland,0.601,11.369
2065,SON,West Scotland,0.457,10.646
2066,SON,West Scotland,0.454,7.900
2067,SON,West Scotland,0.565,11.677
2068,SON,West Scotland,0.554,14.915
2069,SON,West Scotland,0.597,11.162
2070,SON,West Scotland,0.427,6.662
2071,SON,West Scotland,0.331,8.654
2072,SON,West Scotland,0.357,7.585
2073,SON,West Scotland,0.541,9.054
2074,SON,West Scotland,0.532,8.523
2075,SON,West Scotland,0.444,6.623
2076,SON,West Scotland,0.524,8.762
2077,SON,West Scotland,0.497,12.315
2078,SON,West Scotland,0.515,10.831
2079,SON,West Scotland,0.548,8.938
2080,SON,West Scotland,0.519,8.185
1981,SON,Yorkshire and Humber,0.332,4.495
1982,SON,Yorkshire and Humber,0.553,8.297
1983,SON,Yorkshire and Humber,0.477,6.010
1984,SON,Yorkshire and Humber,0.384,5.653
1985,SON,Yorkshire and Humber,0.380,5.752
1986,SON,Yorkshire and Humber,0.406,6.752
1987,SON,Yorkshire and Humber,0.465,11.188
1988,SON,Yorkshire and Humber,0.393,5.376
1989,SON,Yorkshire and Humber,0.532,9.861
1990,SON,Yorkshire and Humber,0.455,6.050
1991,SON,Yorkshire and Humber,0.469,6.564
1992,SON,Yorkshire and Humber,0.450,7.337
1993,SON,Yorkshire and Humber,0.485,8.040
1994,SON,Yorkshire and Humber,0.549,6.970
1995,SON,Yorkshire and Humber,0.530,8.693
1996,SON,Yorkshire and Humber,0.462,7.515
1997,SON,Yorkshire and Humber,0.507,5.574
1998,SON,Yorkshire and Humber,0.455,6.257
1999,SON,Yorkshire and Humber,0.466,5.931
2000,SON,Yorkshire and Humber,0.454,7.079
2001,SON,Yorkshire and Humber,0.546,7.317
2002,SON,Yorkshire and Humber,0.431,8.782
2003,SON,Yorkshire and Humber,0.416,7.208
2004,SON,Yorkshire and Humber,0.481,6.594
2005,SON,Yorkshire and Humber,0.458,5.782
2006,SON,Yorkshire and Humber,0.429,7.653
2007,SON,Yorkshire and Humber,0.409,5.396
2008,SON,Yorkshire and Humber,0.454,5.782
2009,SON,Yorkshire and Humber,0.376,6.208
2010,SON,Yorkshire and Humber,0.364,13.257
2011,SON,Yorkshire and Humber,0.427,7.248
2012,SON,Yorkshire and Humber,0.466,7.604
2013,SON,Yorkshire and Humber,0.459,6.327
2014,SON,Yorkshire and Humber,0.438,6.812
2015,SON,Yorkshire and Humber,0.495,6.564
2016,SON,Yorkshire and Humber,0.462,8.307
2017,SON,Yorkshire and Humber,0.473,8.089
2018,SON,Yorkshire and Humber,0.388,6.327
2019,SON,Yorkshire and Humber,0.351,4.980
2020,SON,Yorkshire and Humber,0.396,7.693
2021,SON,Yorkshire and Humber,0.450,5.257
2022,SON,Yorkshire and Humber,0.392,5.733
2023,SON,Yorkshire and Humber,0.453,6.970
2024,SON,Yorkshire and Humber,0.482,6.842
2025,SON,Yorkshire and Humber,0.495,6.594
2026,SON,Yorkshire and Humber,0.413,6.653
2027,SON,Yorkshire and Humber,0.320,4.000
2028,SON,Yorkshire and Humber,0.449,5.455
2029,SON,Yorkshire and Humber,0.394,4.624
2030,SON,Yorkshire and Humber,0.516,6.812
2031,SON,Yorkshire and Humber,0.392,7.723
2032,SON,Yorkshire and Humber,0.485,6.980
2033,SON,Yorkshire and Humber,0.442,6.455
2034,SON,Yorkshire and Humber,0.592,9.109
2035,SON,Yorkshire and Humber,0.521,9.307
2036,SON,Yorkshire and Humber,0.505,6.069
2037,SON,Yorkshire and Humber,0.505,7.644
2038,SON,Yorkshire and Humber,0.434,5.931
2039,SON,Yorkshire and Humber,0.335,4.822
2040,SON,Yorkshire and Humber,0.628,8.950
2041,SON,Yorkshire and Humber,0.363,5.743
2042,SON,Yorkshire and Humber,0.396,5.495
2043,SON,Yorkshire and Humber,0.519,8.673
2044,SON,Yorkshire and Humber,0.466,6.386
2045,SON,Yorkshire and Humber,0.467,6.871
2046,SON,Yorkshire and Humber,0.472,6.772
2047,SON,Yorkshire and Humber,0.516,8.822
2048,SON,Yorkshire and Humber,0.362,5.178
2049,SON,Yorkshire and Humber,0.393,6.030
2050,SON,Yorkshire and Humber,0.385,6.386
2051,SON,Yorkshire and Humber,0.485,7.139
2052,SON,Yorkshire and Humber,0.458,4.861
2053,SON,Yorkshire and Humber,0.422,6.752
2054,SON,Yorkshire and Humber,0.348,5.416
2055,SON,Yorkshire and Humber,0.430,5.545
2056,SON,Yorkshire and Humber,0.492,6.297
2057,SON,Yorkshire and Humber,0.437,6.752
2058,SON,Yorkshire and Humber,0.439,5.941
2059,SON,Yorkshire and Humber,0.504,8.446
2060,SON,Yorkshire and Humber,0.528,5.822
2061,SON,Yorkshire and Humber,0.618,9.752
2062,SON,Yorkshire and Humber,0.385,6.990
2063,SON,Yorkshire and Humber,0.400,6.614
2064,SON,Yorkshire and Humber,0.496,5.079
2065,SON,Yorkshire and Humber,0.450,7.495
2066,SON,Yorkshire and Humber,0.320,7.277
2067,SON,Yorkshire and Humber,0.433,7.347
2068,SON,Yorkshire and Humber,0.525,7.129
2069,SON,Yorkshire and Humber,0.416,4.426
2070,SON,Yorkshire and Humber,0.387,8.446
2071,SON,Yorkshire and Humber,0.344,6.574
2072,SON,Yorkshire and Humber,0.405,7.099
2073,SON,Yorkshire and Humber,0.401,5.188
2074,SON,Yorkshire and Humber,0.523,8.079
2075,SON,Yorkshire and Humber,0.445,5.267
2076,SON,Yorkshire and Humber,0.388,5.723
2077,SON,Yorkshire and Humber,0.510,6.703
2078,SON,Yorkshire and Humber,0.362,4.941
2079,SON,Yorkshire and Humber,0.446,6.762
2080,SON,Yorkshire and Humber,0.428,7.881
1981,SON,Channel Islands,0.462,19.000
1982,SON,Channel Islands,0.626,12.000
1983,SON,Channel Islands,0.615,12.000
1984,SON,Channel Islands,0.615,18.000
1985,SON,Channel Islands,0.527,11.000
1986,SON,Channel Islands,0.516,8.000
1987,SON,Channel Islands,0.582,16.000
1988,SON,Channel Islands,0.495,13.000
1989,SON,Channel Islands,0.758,22.000
1990,SON,Channel Islands,0.560,9.000
1991,SON,Channel Islands,0.560,9.000
1992,SON,Channel Islands,0.670,30.000
1993,SON,Channel Islands,0.615,17.000
1994,SON,Channel Islands,0.659,17.000
1995,SON,Channel Islands,0.604,14.000
1996,SON,Channel Islands,0.637,21.000
1997,SON,Channel Islands,0.659,12.000
1998,SON,Channel Islands,0.615,22.000
1999,SON,Channel Islands,0.538,10.000
2000,SON,Channel Islands,0.560,6.000
2001,SON,Channel Islands,0.670,11.000
2002,SON,Channel Islands,0.473,14.000
2003,SON,Channel Islands,0.484,11.000
2004,SON,Channel Islands,0.659,19.000
2005,SON,Channel Islands,0.648,11.000
2006,SON,Channel Islands,0.582,10.000
2007,SON,Channel Islands,0.505,8.000
2008,SON,Channel Islands,0.604,23.000
2009,SON,Channel Islands,0.516,15.000
2010,SON,Channel Islands,0.505,10.000
2011,SON,Channel Islands,0.495,5.000
2012,SON,Channel Islands,0.659,11.000
2013,SON,Channel Islands,0.736,25.000
2014,SON,Channel Islands,0.462,6.000
2015,SON,Channel Islands,0.505,16.000
2016,SON,Channel Islands,0.538,10.000
2017,SON,Channel Islands,0.615,12.000
2018,SON,Channel Islands,0.560,16.000
2019,SON,Channel Islands,0.604,19.000
2020,SON,Channel Islands,0.473,5.000
2021,SON,Channel Islands,0.714,15.000
2022,SON,Channel Islands,0.484,13.000
2023,SON,Channel Islands,0.659,17.000
2024,SON,Channel Islands,0.626,11.000
2025,SON,Channel Islands,0.769,17.000
2026,SON,Channel Islands,0.473,8.000
2027,SON,Channel Islands,0.549,13.000
2028,SON,Channel Islands,0.582,12.000
2029,SON,Channel Islands,0.560,21.000
2030,SON,Channel Islands,0.703,18.000
2031,SON,Channel Islands,0.615,17.000
2032,SON,Channel Islands,0.560,11.000
2033,SON,Channel Islands,0.747,19.000
2034,SON,Channel Islands,0.593,15.000
2035,SON,Channel Islands,0.538,22.000
2036,SON,Channel Islands,0.593,15.000
2037,SON,Channel Islands,0.659,15.000
2038,SON,Channel Islands,0.571,10.000
2039,SON,Channel Islands,0.462,7.000
2040,SON,Channel Islands,0.758,24.000
2041,SON,Channel Islands,0.582,13.000
2042,SON,Channel Islands,0.604,14.000
2043,SON,Channel Islands,0.593,9.000
2044,SON,Channel Islands,0.692,30.000
2045,SON,Channel Islands,0.692,19.000
2046,SON,Channel Islands,0.429,8.000
2047,SON,Channel Islands,0.681,13.000
2048,SON,Channel Islands,0.560,14.000
2049,SON,Channel Islands,0.560,13.000
2050,SON,Channel Islands,0.385,11.000
2051,SON,Channel Islands,0.495,8.000
2052,SON,Channel Islands,0.429,8.000
2053,SON,Channel Islands,0.560,17.000
2054,SON,Channel Islands,0.462,10.000
2055,SON,Channel Islands,0.604,8.000
2056,SON,Channel Islands,0.692,21.000
2057,SON,Channel Islands,0.604,27.000
2058,SON,Channel Islands,0.440,20.000
2059,SON,Channel Islands,0.604,11.000
2060,SON,Channel Islands,0.516,10.000
2061,SON,Channel Islands,0.571,8.000
2062,SON,Channel Islands,0.571,15.000
2063,SON,Channel Islands,0.659,23.000
2064,SON,Channel Islands,0.648,12.000
2065,SON,Channel Islands,0.538,9.000
2066,SON,Channel Islands,0.352,9.000
2067,SON,Channel Islands,0.571,12.000
2068,SON,Channel Islands,0.560,9.000
2069,SON,Channel Islands,0.538,6.000
2070,SON,Channel Islands,0.451,16.000
2071,SON,Channel Islands,0.495,16.000
2072,SON,Channel Islands,0.462,7.000
2073,SON,Channel Islands,0.495,12.000
2074,SON,Channel Islands,0.604,11.000
2075,SON,Channel Islands,0.604,8.000
2076,SON,Channel Islands,0.429,10.000
2077,SON,Channel Islands,0.582,10.000
2078,SON,Channel Islands,0.352,24.000
2079,SON,Channel Islands,0.516,11.000
2080,SON,Channel Islands,0.604,11.000
1981,SON,Isle of Man,0.451,7.000
1982,SON,Isle of Man,0.645,10.333
1983,SON,Isle of Man,0.619,10.000
1984,SON,Isle of Man,0.531,17.333
1985,SON,Isle of Man,0.465,12.000
1986,SON,Isle of Man,0.527,7.667
1987,SON,Isle of Man,0.498,13.333
1988,SON,Isle of Man,0.524,7.333
1989,SON,Isle of Man,0.656,9.333
1990,SON,Isle of Man,0.557,12.333
1991,SON,Isle of Man,0.575,9.333
1992,SON,Isle of Man,0.564,13.333
1993,SON,Isle of Man,0.590,11.000
1994,SON,Isle of Man,0.700,15.000
1995,SON,Isle of Man,0.527,12.333
1996,SON,Isle of Man,0.568,11.333
1997,SON,Isle of Man,0.681,15.000
1998,SON,Isle of Man,0.568,14.333
1999,SON,Isle of Man,0.608,9.667
2000,SON,Isle of Man,0.593,10.000
2001,SON,Isle of Man,0.634,10.000
2002,SON,Isle of Man,0.473,6.333
2003,SON,Isle of Man,0.480,10.667
2004,SON,Isle of Man,0.714,20.333
2005,SON,Isle of Man,0.656,11.333
2006,SON,Isle of Man,0.531,11.000
2007,SON,Isle of Man,0.491,14.333
2008,SON,Isle of Man,0.549,12.667
2009,SON,Isle of Man,0.527,8.333
2010,SON,Isle of Man,0.491,13.000
2011,SON,Isle of Man,0.443,6.333
2012,SON,Isle of Man,0.575,17.000
2013,SON,Isle of Man,0.571,16.667
2014,SON,Isle of Man,0.516,11.000
2015,SON,Isle of Man,0.608,7.000
2016,SON,Isle of Man,0.414,9.000
2017,SON,Isle of Man,0.641,17.667
2018,SON,Isle of Man,0.462,10.333
2019,SON,Isle of Man,0.553,12.000
2020,SON,Isle of Man,0.491,10.667
2021,SON,Isle of Man,0.626,10.000
2022,SON,Isle of Man,0.388,7.333
2023,SON,Isle of Man,0.579,7.667
2024,SON,Isle of Man,0.637,19.667
2025,SON,Isle of Man,0.619,12.667
2026,SON,Isle of Man,0.487,14.000
2027,SON,Isle of Man,0.432,8.000
2028,SON,Isle of Man,0.571,16.333
2029,SON,Isle of Man,0.495,11.000
2030,SON,Isle of Man,0.659,19.333
2031,SON,Isle of Man,0.418,6.000
2032,SON,Isle of Man,0.623,13.333
2033,SON,Isle of Man,0.608,10.000
2034,SON,Isle of Man,0.608,14.000
2035,SON,Isle of Man,0.509,9.000
2036,SON,Isle of Man,0.425,5.000
2037,SON,Isle of Man,0.498,9.667
2038,SON,Isle of Man,0.505,9.667
2039,SON,Isle of Man,0.396,7.000
2040,SON,Isle of Man,0.659,13.333
2041,SON,Isle of Man,0.480,8.667
2042,SON,Isle of Man,0.549,11.667
2043,SON,Isle of Man,0.542,9.000
2044,SON,Isle of Man,0.579,11.000
2045,SON,Isle of Man,0.557,16.667
2046,SON,Isle of Man,0.601,15.333
2047,SON,Isle of Man,0.579,8.333
2048,SON,Isle of Man,0.505,8.000
2049,SON,Isle of Man,0.388,4.667
2050,SON,Isle of Man,0.377,7.000
2051,SON,Isle of Man,0.579,8.333
2052,SON,Isle of Man,0.527,9.667
2053,SON,Isle of Man,0.531,7.333
2054,SON,Isle of Man,0.440,7.000
2055,SON,Isle of Man,0.505,6.000
2056,SON,Isle of Man,0.484,5.333
2057,SON,Isle of Man,0.557,18.333
2058,SON,Isle of Man,0.462,13.000
2059,SON,Isle of Man,0.579,10.667
2060,SON,Isle of Man,0.586,9.667
2061,SON,Isle of Man,0.678,16.000
2062,SON,Isle of Man,0.447,9.000
2063,SON,Isle of Man,0.582,10.000
2064,SON,Isle of Man,0.626,10.333
2065,SON,Isle of Man,0.462,14.333
2066,SON,Isle of Man,0.374,7.000
2067,SON,Isle of Man,0.568,8.000
2068,SON,Isle of Man,0.502,7.667
2069,SON,Isle of Man,0.582,11.333
2070,SON,Isle of Man,0.410,5.667
2071,SON,Isle of Man,0.348,11.000
2072,SON,Isle of Man,0.385,6.333
2073,SON,Isle of Man,0.469,5.000
2074,SON,Isle of Man,0.571,11.667
2075,SON,Isle of Man,0.549,15.000
2076,SON,Isle of Man,0.509,10.000
2077,SON,Isle of Man,0.509,8.333
2078,SON,Isle of Man,0.410,5.667
2079,SON,Isle of Man,0.535,10.000
2080,SON,Isle of Man,0.498,8.333
1981,SON,Northern Ireland,0.549,7.965
1982,SON,Northern Ireland,0.616,13.163
1983,SON,Northern Ireland,0.590,10.465
1984,SON,Northern Ireland,0.441,5.581
1985,SON,Northern Ireland,0.420,10.314
1986,SON,Northern Ireland,0.521,7.953
1987,SON,Northern Ireland,0.435,10.872
1988,SON,Northern Ireland,0.548,9.756
1989,SON,Northern Ireland,0.528,7.651
1990,SON,Northern Ireland,0.510,5.721
1991,SON,Northern Ireland,0.462,10.512
1992,SON,Northern Ireland,0.436,7.581
1993,SON,Northern Ireland,0.536,10.267
1994,SON,Northern Ireland,0.614,9.523
1995,SON,Northern Ireland,0.484,8.209
1996,SON,Northern Ireland,0.579,9.000
1997,SON,Northern Ireland,0.574,7.628
1998,SON,Northern Ireland,0.530,7.500
1999,SON,Northern Ireland,0.499,7.198
2000,SON,Northern Ireland,0.618,9.942
2001,SON,Northern Ireland,0.533,9.837
2002,SON,Northern Ireland,0.536,7.802
2003,SON,Northern Ireland,0.459,7.105
2004,SON,Northern Ireland,0.577,8.616
2005,SON,Northern Ireland,0.622,10.872
2006,SON,Northern Ireland,0.535,9.465
2007,SON,Northern Ireland,0.493,10.174
2008,SON,Northern Ireland,0.490,7.779
2009,SON,Northern Ireland,0.537,10.442
2010,SON,Northern Ireland,0.477,15.581
2011,SON,Northern Ireland,0.429,5.698
2012,SON,Northern Ireland,0.452,7.105
2013,SON,Northern Ireland,0.466,6.860
2014,SON,Northern Ireland,0.609,9.128
2015,SON,Northern Ireland,0.516,8.151
2016,SON,Northern Ireland,0.409,6.081
2017,SON,Northern Ireland,0.589,9.314
2018,SON,Northern Ireland,0.424,9.058
2019,SON,Northern Ireland,0.500,9.337
2020,SON,Northern Ireland,0.499,9.860
2021,SON,Northern Ireland,0.594,12.221
2022,SON,Northern Ireland,0.413,8.081
2023,SON,Northern Ireland,0.504,6.523
2024,SON,Northern Ireland,0.500,10.163
2025,SON,Northern Ireland,0.567,8.756
2026,SON,Northern Ireland,0.508,9.349
2027,SON,Northern Ireland,0.313,5.709
2028,SON,Northern Ireland,0.488,6.326
2029,SON,Northern Ireland,0.507,7.116
2030,SON,Northern Ireland,0.591,10.256
2031,SON,Northern Ireland,0.444,7.198
2032,SON,Northern Ireland,0.620,14.419
2033,SON,Northern Ireland,0.579,9.442
2034,SON,Northern Ireland,0.644,13.128
2035,SON,Northern Ireland,0.491,9.151
2036,SON,Northern Ireland,0.411,5.058
2037,SON,Northern Ireland,0.488,7.674
2038,SON,Northern Ireland,0.429,6.430
2039,SON,Northern Ireland,0.413,5.640
2040,SON,Northern Ireland,0.552,9.465
2041,SON,Northern Ireland,0.503,7.558
2042,SON,Northern Ireland,0.449,7.372
2043,SON,Northern Ireland,0.505,7.977
2044,SON,Northern Ireland,0.494,7.791
2045,SON,Northern Ireland,0.475,7.128
2046,SON,Northern Ireland,0.558,9.837
2047,SON,Northern Ireland,0.586,7.395
2048,SON,Northern Ireland,0.489,6.419
2049,SON,Northern Ireland,0.412,6.453
2050,SON,Northern Ireland,0.396,5.942
2051,SON,Northern Ireland,0.580,8.523
2052,SON,Northern Ireland,0.484,7.419
2053,SON,Northern Ireland,0.451,7.233
2054,SON,Northern Ireland,0.420,7.558
2055,SON,Northern Ireland,0.512,8.791
2056,SON,Northern Ireland,0.472,5.744
2057,SON,Northern Ireland,0.447,7.744
2058,SON,Northern Ireland,0.479,8.419
2059,SON,Northern Ireland,0.539,12.628
2060,SON,Northern Ireland,0.604,9.849
2061,SON,Northern Ireland,0.600,9.105
2062,SON,Northern Ireland,0.432,6.837
2063,SON,Northern Ireland,0.511,8.488
2064,SON,Northern Ireland,0.562,8.477
2065,SON,Northern Ireland,0.438,6.453
2066,SON,Northern Ireland,0.454,7.349
2067,SON,Northern Ireland,0.557,9.698
2068,SON,Northern Ireland,0.525,8.430
2069,SON,Northern Ireland,0.548,7.686
2070,SON,Northern Ireland,0.418,6.826
2071,SON,Northern Ireland,0.347,6.814
2072,SON,Northern Ireland,0.386,5.872
2073,SON,Northern Ireland,0.478,5.698
2074,SON,Northern Ireland,0.464,7.081
2075,SON,Northern Ireland,0.446,6.977
2076,SON,Northern Ireland,0.496,10.000
2077,SON,Northern Ireland,0.471,6.779
2078,SON,Northern Ireland,0.411,5.733
2079,SON,Northern Ireland,0.547,10.802
2080,SON,Northern Ireland,0.444,5.093
1981,SON,Wales,0.399,6.693
1982,SON,Wales,0.555,12.022
1983,SON,Wales,0.553,9.635
1984,SON,Wales,0.537,9.964
1985,SON,Wales,0.425,8.445
1986,SON,Wales,0.435,7.029
1987,SON,Wales,0.447,10.737
1988,SON,Wales,0.457,7.993
1989,SON,Wales,0.607,10.182
1990,SON,Wales,0.443,6.693
1991,SON,Wales,0.495,8.599
1992,SON,Wales,0.503,9.861
1993,SON,Wales,0.542,8.584
1994,SON,Wales,0.623,10.715
1995,SON,Wales,0.538,9.796
1996,SON,Wales,0.535,13.365
1997,SON,Wales,0.610,10.796
1998,SON,Wales,0.540,10.270
1999,SON,Wales,0.519,6.745
2000,SON,Wales,0.550,10.949
2001,SON,Wales,0.551,9.978
2002,SON,Wales,0.452,8.964
2003,SON,Wales,0.441,12.401
2004,SON,Wales,0.584,9.117
2005,SON,Wales,0.560,9.241
2006,SON,Wales,0.471,9.328
2007,SON,Wales,0.435,14.993
2008,SON,Wales,0.512,9.431
2009,SON,Wales,0.446,9.774
2010,SON,Wales,0.399,10.803
2011,SON,Wales,0.390,5.409
2012,SON,Wales,0.520,14.489
2013,SON,Wales,0.530,12.000
2014,SON,Wales,0.456,7.372
2015,SON,Wales,0.562,12.358
2016,SON,Wales,0.360,6.146
2017,SON,Wales,0.510,9.883
2018,SON,Wales,0.396,8.701
2019,SON,Wales,0.443,8.730
2020,SON,Wales,0.458,10.555
2021,SON,Wales,0.584,8.547
2022,SON,Wales,0.399,8.920
2023,SON,Wales,0.510,8.737
2024,SON,Wales,0.582,13.226
2025,SON,Wales,0.568,8.869
2026,SON,Wales,0.427,9.679
2027,SON,Wales,0.315,5.584
2028,SON,Wales,0.435,6.562
2029,SON,Wales,0.464,7.876
2030,SON,Wales,0.581,9.168
2031,SON,Wales,0.455,6.832
2032,SON,Wales,0.587,15.153
2033,SON,Wales,0.577,8.788
2034,SON,Wales,0.577,12.197
2035,SON,Wales,0.491,12.883
2036,SON,Wales,0.484,6.511
2037,SON,Wales,0.432,7.263
2038,SON,Wales,0.491,8.686
2039,SON,Wales,0.393,8.730
2040,SON,Wales,0.629,16.533
2041,SON,Wales,0.404,7.372
2042,SON,Wales,0.467,8.766
2043,SON,Wales,0.475,8.672
2044,SON,Wales,0.553,14.708
2045,SON,Wales,0.515,11.190
2046,SON,Wales,0.468,7.474
2047,SON,Wales,0.621,10.562
2048,SON,Wales,0.466,9.380
2049,SON,Wales,0.389,6.489
2050,SON,Wales,0.405,7.920
2051,SON,Wales,0.489,7.672
2052,SON,Wales,0.497,8.818
2053,SON,Wales,0.420,7.168
2054,SON,Wales,0.410,7.263
2055,SON,Wales,0.503,9.139
2056,SON,Wales,0.544,9.234
2057,SON,Wales,0.517,13.255
2058,SON,Wales,0.443,9.978
2059,SON,Wales,0.536,10.920
2060,SON,Wales,0.561,10.766
2061,SON,Wales,0.612,10.255
2062,SON,Wales,0.459,11.095
2063,SON,Wales,0.556,10.847
2064,SON,Wales,0.611,10.978
2065,SON,Wales,0.410,8.788
2066,SON,Wales,0.367,9.708
2067,SON,Wales,0.524,9.467
2068,SON,Wales,0.488,9.891
2069,SON,Wales,0.532,8.204
2070,SON,Wales,0.381,6.569
2071,SON,Wales,0.379,7.139
2072,SON,Wales,0.397,6.920
2073,SON,Wales,0.471,8.182
2074,SON,Wales,0.471,8.511
2075,SON,Wales,0.464,7.051
2076,SON,Wales,0.407,7.445
2077,SON,Wales,0.505,8.883
2078,SON,Wales,0.327,5.226
2079,SON,Wales,0.456,9.431
2080,SON,Wales,0.495,7.394
