Year,Season,Region,fwd,wsmax
1981,Annual,East Midlands,0.448,8.663
1982,Annual,East Midlands,0.448,7.413
1983,Annual,East Midlands,0.443,9.260
1984,Annual,East Midlands,0.442,9.337
1985,Annual,East Midlands,0.463,9.904
1986,Annual,East Midlands,0.448,8.452
1987,Annual,East Midlands,0.434,9.365
1988,Annual,East Midlands,0.508,8.702
1989,Annual,East Midlands,0.462,7.846
1990,Annual,East Midlands,0.474,8.144
1991,Annual,East Midlands,0.460,8.279
1992,Annual,East Midlands,0.467,7.327
1993,Annual,East Midlands,0.468,9.154
1994,Annual,East Midlands,0.450,11.990
1995,Annual,East Midlands,0.452,8.788
1996,Annual,East Midlands,0.483,9.885
1997,Annual,East Midlands,0.439,9.269
1998,Annual,East Midlands,0.390,7.404
1999,Annual,East Midlands,0.453,9.087
2000,Annual,East Midlands,0.411,10.010
2001,Annual,East Midlands,0.509,10.096
2002,Annual,East Midlands,0.442,9.048
2003,Annual,East Midlands,0.505,11.260
2004,Annual,East Midlands,0.412,8.087
2005,Annual,East Midlands,0.381,7.192
2006,Annual,East Midlands,0.476,9.365
2007,Annual,East Midlands,0.471,7.452
2008,Annual,East Midlands,0.465,10.856
2009,Annual,East Midlands,0.439,7.913
2010,Annual,East Midlands,0.435,9.865
2011,Annual,East Midlands,0.410,9.356
2012,Annual,East Midlands,0.450,7.519
2013,Annual,East Midlands,0.407,8.510
2014,Annual,East Midlands,0.521,10.692
2015,Annual,East Midlands,0.462,12.019
2016,Annual,East Midlands,0.446,9.481
2017,Annual,East Midlands,0.414,7.106
2018,Annual,East Midlands,0.401,7.760
2019,Annual,East Midlands,0.402,9.548
2020,Annual,East Midlands,0.498,11.192
2021,Annual,East Midlands,0.412,7.433
2022,Annual,East Midlands,0.516,14.519
2023,Annual,East Midlands,0.432,9.317
2024,Annual,East Midlands,0.440,11.692
2025,Annual,East Midlands,0.470,10.346
2026,Annual,East Midlands,0.435,9.519
2027,Annual,East Midlands,0.415,9.337
2028,Annual,East Midlands,0.379,10.240
2029,Annual,East Midlands,0.448,8.490
2030,Annual,East Midlands,0.406,9.519
2031,Annual,East Midlands,0.435,8.125
2032,Annual,East Midlands,0.466,7.837
2033,Annual,East Midlands,0.405,7.212
2034,Annual,East Midlands,0.482,9.202
2035,Annual,East Midlands,0.402,9.933
2036,Annual,East Midlands,0.353,7.154
2037,Annual,East Midlands,0.426,7.038
2038,Annual,East Midlands,0.343,8.135
2039,Annual,East Midlands,0.478,8.154
2040,Annual,East Midlands,0.449,15.760
2041,Annual,East Midlands,0.465,10.933
2042,Annual,East Midlands,0.478,10.558
2043,Annual,East Midlands,0.472,9.548
2044,Annual,East Midlands,0.483,10.567
2045,Annual,East Midlands,0.455,11.106
2046,Annual,East Midlands,0.414,7.231
2047,Annual,East Midlands,0.389,9.500
2048,Annual,East Midlands,0.478,9.529
2049,Annual,East Midlands,0.439,7.221
2050,Annual,East Midlands,0.477,8.481
2051,Annual,East Midlands,0.435,9.538
2052,Annual,East Midlands,0.411,9.404
2053,Annual,East Midlands,0.473,11.038
2054,Annual,East Midlands,0.427,7.683
2055,Annual,East Midlands,0.435,10.913
2056,Annual,East Midlands,0.458,10.135
2057,Annual,East Midlands,0.387,8.510
2058,Annual,East Midlands,0.393,7.625
2059,Annual,East Midlands,0.402,9.308
2060,Annual,East Midlands,0.402,7.952
2061,Annual,East Midlands,0.400,7.788
2062,Annual,East Midlands,0.431,9.317
2063,Annual,East Midlands,0.365,6.404
2064,Annual,East Midlands,0.435,10.721
2065,Annual,East Midlands,0.450,12.750
2066,Annual,East Midlands,0.433,8.038
2067,Annual,East Midlands,0.335,7.058
2068,Annual,East Midlands,0.472,8.990
2069,Annual,East Midlands,0.445,7.779
2070,Annual,East Midlands,0.383,9.375
2071,Annual,East Midlands,0.450,10.096
2072,Annual,East Midlands,0.419,10.077
2073,Annual,East Midlands,0.368,7.702
2074,Annual,East Midlands,0.484,10.163
2075,Annual,East Midlands,0.479,10.096
2076,Annual,East Midlands,0.393,7.038
2077,Annual,East Midlands,0.411,9.010
2078,Annual,East Midlands,0.499,9.212
2079,Annual,East Midlands,0.397,8.865
2080,Annual,East Midlands,0.440,8.606
1981,Annual,East of England,0.430,7.814
1982,Annual,East of England,0.408,7.240
1983,Annual,East of England,0.429,9.209
1984,Annual,East of England,0.422,7.930
1985,Annual,East of England,0.441,9.961
1986,Annual,East of England,0.419,7.178
1987,Annual,East of England,0.395,8.628
1988,Annual,East of England,0.468,9.318
1989,Annual,East of England,0.421,8.543
1990,Annual,East of England,0.453,9.248
1991,Annual,East of England,0.461,8.209
1992,Annual,East of England,0.451,8.085
1993,Annual,East of England,0.449,8.434
1994,Annual,East of England,0.416,8.907
1995,Annual,East of England,0.415,8.690
1996,Annual,East of England,0.440,9.527
1997,Annual,East of England,0.413,9.240
1998,Annual,East of England,0.398,8.256
1999,Annual,East of England,0.412,8.178
2000,Annual,East of England,0.370,8.225
2001,Annual,East of England,0.477,8.969
2002,Annual,East of England,0.407,8.054
2003,Annual,East of England,0.481,11.039
2004,Annual,East of England,0.396,7.287
2005,Annual,East of England,0.347,8.287
2006,Annual,East of England,0.443,9.140
2007,Annual,East of England,0.445,6.202
2008,Annual,East of England,0.445,8.550
2009,Annual,East of England,0.428,8.271
2010,Annual,East of England,0.402,10.457
2011,Annual,East of England,0.364,8.504
2012,Annual,East of England,0.418,7.465
2013,Annual,East of England,0.389,9.039
2014,Annual,East of England,0.503,9.667
2015,Annual,East of England,0.422,10.209
2016,Annual,East of England,0.426,9.279
2017,Annual,East of England,0.392,8.798
2018,Annual,East of England,0.385,7.023
2019,Annual,East of England,0.380,8.915
2020,Annual,East of England,0.459,11.186
2021,Annual,East of England,0.404,7.163
2022,Annual,East of England,0.496,14.984
2023,Annual,East of England,0.430,8.891
2024,Annual,East of England,0.436,10.643
2025,Annual,East of England,0.451,11.349
2026,Annual,East of England,0.421,8.085
2027,Annual,East of England,0.391,8.481
2028,Annual,East of England,0.351,8.163
2029,Annual,East of England,0.409,7.031
2030,Annual,East of England,0.392,8.318
2031,Annual,East of England,0.405,7.163
2032,Annual,East of England,0.423,6.395
2033,Annual,East of England,0.375,7.264
2034,Annual,East of England,0.463,7.876
2035,Annual,East of England,0.367,7.504
2036,Annual,East of England,0.314,6.620
2037,Annual,East of England,0.420,7.240
2038,Annual,East of England,0.359,9.403
2039,Annual,East of England,0.479,7.504
2040,Annual,East of England,0.447,12.806
2041,Annual,East of England,0.428,8.915
2042,Annual,East of England,0.439,10.039
2043,Annual,East of England,0.450,10.093
2044,Annual,East of England,0.450,7.868
2045,Annual,East of England,0.409,9.395
2046,Annual,East of England,0.397,7.426
2047,Annual,East of England,0.363,9.155
2048,Annual,East of England,0.439,8.984
2049,Annual,East of England,0.395,6.736
2050,Annual,East of England,0.442,7.411
2051,Annual,East of England,0.414,7.341
2052,Annual,East of England,0.409,10.310
2053,Annual,East of England,0.437,8.225
2054,Annual,East of England,0.396,7.155
2055,Annual,East of England,0.411,9.566
2056,Annual,East of England,0.439,8.093
2057,Annual,East of England,0.351,7.744
2058,Annual,East of England,0.381,7.915
2059,Annual,East of England,0.368,6.938
2060,Annual,East of England,0.352,5.744
2061,Annual,East of England,0.388,7.535
2062,Annual,East of England,0.440,9.442
2063,Annual,East of England,0.347,7.326
2064,Annual,East of England,0.408,7.992
2065,Annual,East of England,0.403,11.822
2066,Annual,East of England,0.404,8.225
2067,Annual,East of England,0.335,7.403
2068,Annual,East of England,0.468,10.713
2069,Annual,East of England,0.425,7.798
2070,Annual,East of England,0.350,8.659
2071,Annual,East of England,0.404,8.287
2072,Annual,East of England,0.386,8.876
2073,Annual,East of England,0.352,6.310
2074,Annual,East of England,0.480,11.752
2075,Annual,East of England,0.472,12.946
2076,Annual,East of England,0.363,6.558
2077,Annual,East of England,0.410,8.504
2078,Annual,East of England,0.466,9.682
2079,Annual,East of England,0.379,10.202
2080,Annual,East of England,0.401,7.217
1981,Annual,East Scotland,0.541,10.739
1982,Annual,East Scotland,0.532,10.994
1983,Annual,East Scotland,0.476,10.820
1984,Annual,East Scotland,0.552,10.975
1985,Annual,East Scotland,0.579,14.211
1986,Annual,East Scotland,0.542,11.379
1987,Annual,East Scotland,0.503,11.665
1988,Annual,East Scotland,0.527,12.056
1989,Annual,East Scotland,0.524,14.199
1990,Annual,East Scotland,0.543,11.752
1991,Annual,East Scotland,0.530,10.416
1992,Annual,East Scotland,0.512,10.758
1993,Annual,East Scotland,0.524,11.366
1994,Annual,East Scotland,0.510,12.248
1995,Annual,East Scotland,0.564,12.957
1996,Annual,East Scotland,0.534,11.317
1997,Annual,East Scotland,0.555,12.932
1998,Annual,East Scotland,0.511,12.509
1999,Annual,East Scotland,0.514,10.988
2000,Annual,East Scotland,0.513,11.609
2001,Annual,East Scotland,0.570,11.783
2002,Annual,East Scotland,0.558,11.969
2003,Annual,East Scotland,0.542,12.435
2004,Annual,East Scotland,0.512,10.758
2005,Annual,East Scotland,0.474,10.503
2006,Annual,East Scotland,0.559,14.099
2007,Annual,East Scotland,0.516,11.317
2008,Annual,East Scotland,0.541,10.851
2009,Annual,East Scotland,0.554,10.795
2010,Annual,East Scotland,0.525,9.422
2011,Annual,East Scotland,0.514,15.901
2012,Annual,East Scotland,0.543,11.180
2013,Annual,East Scotland,0.494,12.304
2014,Annual,East Scotland,0.589,11.050
2015,Annual,East Scotland,0.563,17.298
2016,Annual,East Scotland,0.533,14.571
2017,Annual,East Scotland,0.517,10.832
2018,Annual,East Scotland,0.534,10.168
2019,Annual,East Scotland,0.473,9.876
2020,Annual,East Scotland,0.590,15.230
2021,Annual,East Scotland,0.521,13.416
2022,Annual,East Scotland,0.589,13.217
2023,Annual,East Scotland,0.495,10.391
2024,Annual,East Scotland,0.553,13.621
2025,Annual,East Scotland,0.530,13.547
2026,Annual,East Scotland,0.537,11.379
2027,Annual,East Scotland,0.511,12.099
2028,Annual,East Scotland,0.506,13.168
2029,Annual,East Scotland,0.545,12.056
2030,Annual,East Scotland,0.485,13.851
2031,Annual,East Scotland,0.514,10.752
2032,Annual,East Scotland,0.506,10.907
2033,Annual,East Scotland,0.539,10.124
2034,Annual,East Scotland,0.586,12.932
2035,Annual,East Scotland,0.499,11.870
2036,Annual,East Scotland,0.507,12.006
2037,Annual,East Scotland,0.509,9.826
2038,Annual,East Scotland,0.468,13.385
2039,Annual,East Scotland,0.504,9.894
2040,Annual,East Scotland,0.489,11.137
2041,Annual,East Scotland,0.594,13.329
2042,Annual,East Scotland,0.552,14.509
2043,Annual,East Scotland,0.526,10.075
2044,Annual,East Scotland,0.564,12.578
2045,Annual,East Scotland,0.566,20.553
2046,Annual,East Scotland,0.546,11.161
2047,Annual,East Scotland,0.495,9.447
2048,Annual,East Scotland,0.568,15.081
2049,Annual,East Scotland,0.515,14.031
2050,Annual,East Scotland,0.554,12.304
2051,Annual,East Scotland,0.545,11.559
2052,Annual,East Scotland,0.498,10.602
2053,Annual,East Scotland,0.555,13.652
2054,Annual,East Scotland,0.493,10.422
2055,Annual,East Scotland,0.526,11.795
2056,Annual,East Scotland,0.533,12.099
2057,Annual,East Scotland,0.539,12.832
2058,Annual,East Scotland,0.492,9.280
2059,Annual,East Scotland,0.501,11.764
2060,Annual,East Scotland,0.477,11.547
2061,Annual,East Scotland,0.486,9.932
2062,Annual,East Scotland,0.503,14.534
2063,Annual,East Scotland,0.482,12.845
2064,Annual,East Scotland,0.486,11.671
2065,Annual,East Scotland,0.532,11.578
2066,Annual,East Scotland,0.511,10.323
2067,Annual,East Scotland,0.474,11.286
2068,Annual,East Scotland,0.503,10.373
2069,Annual,East Scotland,0.515,11.317
2070,Annual,East Scotland,0.450,11.292
2071,Annual,East Scotland,0.531,13.689
2072,Annual,East Scotland,0.525,12.255
2073,Annual,East Scotland,0.438,10.553
2074,Annual,East Scotland,0.528,11.758
2075,Annual,East Scotland,0.510,10.441
2076,Annual,East Scotland,0.489,8.919
2077,Annual,East Scotland,0.524,10.764
2078,Annual,East Scotland,0.536,11.379
2079,Annual,East Scotland,0.500,11.919
2080,Annual,East Scotland,0.518,9.894
1981,Annual,London,0.423,8.083
1982,Annual,London,0.390,6.833
1983,Annual,London,0.434,11.333
1984,Annual,London,0.422,7.667
1985,Annual,London,0.419,9.667
1986,Annual,London,0.419,7.250
1987,Annual,London,0.406,8.833
1988,Annual,London,0.483,12.000
1989,Annual,London,0.443,10.000
1990,Annual,London,0.476,10.750
1991,Annual,London,0.469,12.000
1992,Annual,London,0.434,7.333
1993,Annual,London,0.455,8.833
1994,Annual,London,0.424,13.250
1995,Annual,London,0.409,7.667
1996,Annual,London,0.451,10.250
1997,Annual,London,0.411,8.167
1998,Annual,London,0.417,7.250
1999,Annual,London,0.427,8.500
2000,Annual,London,0.362,8.750
2001,Annual,London,0.482,11.167
2002,Annual,London,0.390,7.417
2003,Annual,London,0.504,11.667
2004,Annual,London,0.386,5.833
2005,Annual,London,0.340,8.167
2006,Annual,London,0.426,9.667
2007,Annual,London,0.461,7.667
2008,Annual,London,0.452,8.500
2009,Annual,London,0.426,8.833
2010,Annual,London,0.390,7.833
2011,Annual,London,0.364,9.833
2012,Annual,London,0.446,8.917
2013,Annual,London,0.396,9.667
2014,Annual,London,0.514,8.583
2015,Annual,London,0.430,9.167
2016,Annual,London,0.448,10.417
2017,Annual,London,0.425,10.583
2018,Annual,London,0.404,6.917
2019,Annual,London,0.405,8.833
2020,Annual,London,0.452,15.917
2021,Annual,London,0.418,7.500
2022,Annual,London,0.513,14.583
2023,Annual,London,0.426,9.417
2024,Annual,London,0.451,9.833
2025,Annual,London,0.514,13.000
2026,Annual,London,0.430,9.417
2027,Annual,London,0.399,10.083
2028,Annual,London,0.337,7.167
2029,Annual,London,0.417,8.083
2030,Annual,London,0.387,6.917
2031,Annual,London,0.411,7.750
2032,Annual,London,0.439,7.917
2033,Annual,London,0.374,7.000
2034,Annual,London,0.471,7.500
2035,Annual,London,0.358,8.917
2036,Annual,London,0.298,5.583
2037,Annual,London,0.429,6.333
2038,Annual,London,0.351,8.250
2039,Annual,London,0.466,7.750
2040,Annual,London,0.418,10.667
2041,Annual,London,0.430,8.167
2042,Annual,London,0.432,10.167
2043,Annual,London,0.449,10.833
2044,Annual,London,0.470,8.417
2045,Annual,London,0.414,9.000
2046,Annual,London,0.388,6.667
2047,Annual,London,0.360,8.500
2048,Annual,London,0.446,6.833
2049,Annual,London,0.391,6.167
2050,Annual,London,0.472,8.500
2051,Annual,London,0.418,7.250
2052,Annual,London,0.391,7.167
2053,Annual,London,0.436,8.833
2054,Annual,London,0.389,6.750
2055,Annual,London,0.423,9.167
2056,Annual,London,0.447,8.917
2057,Annual,London,0.341,10.833
2058,Annual,London,0.383,6.917
2059,Annual,London,0.379,8.250
2060,Annual,London,0.355,5.667
2061,Annual,London,0.391,8.083
2062,Annual,London,0.448,8.417
2063,Annual,London,0.341,8.250
2064,Annual,London,0.433,8.667
2065,Annual,London,0.393,13.000
2066,Annual,London,0.403,7.583
2067,Annual,London,0.324,6.500
2068,Annual,London,0.488,15.500
2069,Annual,London,0.418,9.500
2070,Annual,London,0.374,7.250
2071,Annual,London,0.433,8.667
2072,Annual,London,0.382,16.667
2073,Annual,London,0.370,7.000
2074,Annual,London,0.493,10.083
2075,Annual,London,0.461,9.583
2076,Annual,London,0.378,8.000
2077,Annual,London,0.420,8.083
2078,Annual,London,0.450,7.500
2079,Annual,London,0.384,9.083
2080,Annual,London,0.423,6.917
1981,Annual,North East England,0.490,8.509
1982,Annual,North East England,0.467,8.456
1983,Annual,North East England,0.461,9.456
1984,Annual,North East England,0.511,10.491
1985,Annual,North East England,0.516,13.211
1986,Annual,North East England,0.488,9.368
1987,Annual,North East England,0.454,8.456
1988,Annual,North East England,0.501,10.877
1989,Annual,North East England,0.495,10.737
1990,Annual,North East England,0.486,8.649
1991,Annual,North East England,0.480,7.895
1992,Annual,North East England,0.483,9.772
1993,Annual,North East England,0.486,10.561
1994,Annual,North East England,0.485,11.789
1995,Annual,North East England,0.518,11.088
1996,Annual,North East England,0.519,10.596
1997,Annual,North East England,0.511,9.193
1998,Annual,North East England,0.453,9.491
1999,Annual,North East England,0.507,10.456
2000,Annual,North East England,0.458,11.702
2001,Annual,North East England,0.530,11.982
2002,Annual,North East England,0.491,9.140
2003,Annual,North East England,0.530,11.368
2004,Annual,North East England,0.473,9.684
2005,Annual,North East England,0.444,9.474
2006,Annual,North East England,0.529,11.561
2007,Annual,North East England,0.474,9.105
2008,Annual,North East England,0.517,9.544
2009,Annual,North East England,0.505,8.579
2010,Annual,North East England,0.474,8.193
2011,Annual,North East England,0.470,10.561
2012,Annual,North East England,0.476,8.456
2013,Annual,North East England,0.477,9.842
2014,Annual,North East England,0.535,10.070
2015,Annual,North East England,0.530,13.807
2016,Annual,North East England,0.498,11.105
2017,Annual,North East England,0.472,8.649
2018,Annual,North East England,0.473,8.158
2019,Annual,North East England,0.427,8.105
2020,Annual,North East England,0.546,13.842
2021,Annual,North East England,0.488,11.246
2022,Annual,North East England,0.552,11.930
2023,Annual,North East England,0.477,8.632
2024,Annual,North East England,0.506,10.281
2025,Annual,North East England,0.468,10.246
2026,Annual,North East England,0.468,8.456
2027,Annual,North East England,0.461,10.544
2028,Annual,North East England,0.406,10.404
2029,Annual,North East England,0.467,8.982
2030,Annual,North East England,0.444,12.351
2031,Annual,North East England,0.475,9.965
2032,Annual,North East England,0.464,7.842
2033,Annual,North East England,0.489,8.614
2034,Annual,North East England,0.539,10.667
2035,Annual,North East England,0.446,12.158
2036,Annual,North East England,0.446,10.421
2037,Annual,North East England,0.477,10.140
2038,Annual,North East England,0.430,10.561
2039,Annual,North East England,0.466,8.088
2040,Annual,North East England,0.476,11.053
2041,Annual,North East England,0.536,11.193
2042,Annual,North East England,0.484,10.175
2043,Annual,North East England,0.479,9.596
2044,Annual,North East England,0.504,10.123
2045,Annual,North East England,0.535,17.544
2046,Annual,North East England,0.493,9.772
2047,Annual,North East England,0.469,8.772
2048,Annual,North East England,0.515,10.684
2049,Annual,North East England,0.473,11.018
2050,Annual,North East England,0.515,10.088
2051,Annual,North East England,0.491,8.333
2052,Annual,North East England,0.437,8.298
2053,Annual,North East England,0.498,11.193
2054,Annual,North East England,0.450,8.860
2055,Annual,North East England,0.478,10.000
2056,Annual,North East England,0.489,8.491
2057,Annual,North East England,0.458,8.404
2058,Annual,North East England,0.454,8.860
2059,Annual,North East England,0.451,10.702
2060,Annual,North East England,0.437,10.175
2061,Annual,North East England,0.418,6.947
2062,Annual,North East England,0.471,11.228
2063,Annual,North East England,0.432,8.632
2064,Annual,North East England,0.459,9.474
2065,Annual,North East England,0.484,10.281
2066,Annual,North East England,0.477,8.825
2067,Annual,North East England,0.400,9.561
2068,Annual,North East England,0.501,9.316
2069,Annual,North East England,0.474,8.211
2070,Annual,North East England,0.413,11.456
2071,Annual,North East England,0.500,11.018
2072,Annual,North East England,0.461,12.070
2073,Annual,North East England,0.415,8.877
2074,Annual,North East England,0.497,9.912
2075,Annual,North East England,0.484,9.684
2076,Annual,North East England,0.414,7.281
2077,Annual,North East England,0.503,10.193
2078,Annual,North East England,0.504,10.316
2079,Annual,North East England,0.453,9.175
2080,Annual,North East England,0.492,7.877
1981,Annual,North Scotland,0.596,15.553
1982,Annual,North Scotland,0.610,13.935
1983,Annual,North Scotland,0.523,12.865
1984,Annual,North Scotland,0.595,13.842
1985,Annual,North Scotland,0.636,16.321
1986,Annual,North Scotland,0.602,13.735
1987,Annual,North Scotland,0.571,16.256
1988,Annual,North Scotland,0.563,12.902
1989,Annual,North Scotland,0.552,16.377
1990,Annual,North Scotland,0.600,18.949
1991,Annual,North Scotland,0.601,13.400
1992,Annual,North Scotland,0.586,13.805
1993,Annual,North Scotland,0.573,14.140
1994,Annual,North Scotland,0.497,13.712
1995,Annual,North Scotland,0.625,16.414
1996,Annual,North Scotland,0.552,13.935
1997,Annual,North Scotland,0.591,14.349
1998,Annual,North Scotland,0.593,14.893
1999,Annual,North Scotland,0.538,12.972
2000,Annual,North Scotland,0.613,15.823
2001,Annual,North Scotland,0.599,13.898
2002,Annual,North Scotland,0.599,14.809
2003,Annual,North Scotland,0.546,16.549
2004,Annual,North Scotland,0.528,12.805
2005,Annual,North Scotland,0.509,13.107
2006,Annual,North Scotland,0.593,19.637
2007,Annual,North Scotland,0.585,15.056
2008,Annual,North Scotland,0.559,11.423
2009,Annual,North Scotland,0.607,16.493
2010,Annual,North Scotland,0.577,11.893
2011,Annual,North Scotland,0.560,14.730
2012,Annual,North Scotland,0.606,14.660
2013,Annual,North Scotland,0.508,10.730
2014,Annual,North Scotland,0.649,16.986
2015,Annual,North Scotland,0.625,18.060
2016,Annual,North Scotland,0.577,14.967
2017,Annual,North Scotland,0.584,12.781
2018,Annual,North Scotland,0.612,13.707
2019,Annual,North Scotland,0.535,12.488
2020,Annual,North Scotland,0.607,19.056
2021,Annual,North Scotland,0.567,13.795
2022,Annual,North Scotland,0.584,15.944
2023,Annual,North Scotland,0.516,14.535
2024,Annual,North Scotland,0.562,16.488
2025,Annual,North Scotland,0.573,15.172
2026,Annual,North Scotland,0.590,13.609
2027,Annual,North Scotland,0.550,10.940
2028,Annual,North Scotland,0.614,22.395
2029,Annual,North Scotland,0.613,15.414
2030,Annual,North Scotland,0.536,14.805
2031,Annual,North Scotland,0.565,14.353
2032,Annual,North Scotland,0.517,13.423
2033,Annual,North Scotland,0.599,13.037
2034,Annual,North Scotland,0.627,15.321
2035,Annual,North Scotland,0.559,13.633
2036,Annual,North Scotland,0.621,18.042
2037,Annual,North Scotland,0.545,12.553
2038,Annual,North Scotland,0.561,14.316
2039,Annual,North Scotland,0.577,16.163
2040,Annual,North Scotland,0.549,14.958
2041,Annual,North Scotland,0.595,16.219
2042,Annual,North Scotland,0.597,15.474
2043,Annual,North Scotland,0.563,12.107
2044,Annual,North Scotland,0.631,17.023
2045,Annual,North Scotland,0.584,16.037
2046,Annual,North Scotland,0.590,14.902
2047,Annual,North Scotland,0.553,17.223
2048,Annual,North Scotland,0.653,18.837
2049,Annual,North Scotland,0.576,22.233
2050,Annual,North Scotland,0.606,15.409
2051,Annual,North Scotland,0.585,13.419
2052,Annual,North Scotland,0.563,13.684
2053,Annual,North Scotland,0.586,16.707
2054,Annual,North Scotland,0.574,14.093
2055,Annual,North Scotland,0.595,13.619
2056,Annual,North Scotland,0.574,15.912
2057,Annual,North Scotland,0.589,13.428
2058,Annual,North Scotland,0.533,10.377
2059,Annual,North Scotland,0.575,13.772
2060,Annual,North Scotland,0.505,14.386
2061,Annual,North Scotland,0.521,14.572
2062,Annual,North Scotland,0.533,16.158
2063,Annual,North Scotland,0.531,14.507
2064,Annual,North Scotland,0.502,12.674
2065,Annual,North Scotland,0.609,15.242
2066,Annual,North Scotland,0.589,14.009
2067,Annual,North Scotland,0.527,13.498
2068,Annual,North Scotland,0.531,11.805
2069,Annual,North Scotland,0.568,15.600
2070,Annual,North Scotland,0.529,12.433
2071,Annual,North Scotland,0.525,14.879
2072,Annual,North Scotland,0.605,13.707
2073,Annual,North Scotland,0.490,13.186
2074,Annual,North Scotland,0.590,13.600
2075,Annual,North Scotland,0.559,11.107
2076,Annual,North Scotland,0.548,12.786
2077,Annual,North Scotland,0.562,14.549
2078,Annual,North Scotland,0.579,15.344
2079,Annual,North Scotland,0.553,15.595
2080,Annual,North Scotland,0.552,12.284
1981,Annual,North West England,0.546,13.874
1982,Annual,North West England,0.564,11.516
1983,Annual,North West England,0.539,12.863
1984,Annual,North West England,0.549,16.453
1985,Annual,North West England,0.589,17.432
1986,Annual,North West England,0.550,14.379
1987,Annual,North West England,0.550,14.021
1988,Annual,North West England,0.601,18.832
1989,Annual,North West England,0.562,16.474
1990,Annual,North West England,0.585,12.084
1991,Annual,North West England,0.547,15.011
1992,Annual,North West England,0.589,14.968
1993,Annual,North West England,0.571,14.558
1994,Annual,North West England,0.510,14.800
1995,Annual,North West England,0.565,12.642
1996,Annual,North West England,0.548,13.821
1997,Annual,North West England,0.555,13.032
1998,Annual,North West England,0.539,13.547
1999,Annual,North West England,0.569,13.263
2000,Annual,North West England,0.545,14.021
2001,Annual,North West England,0.588,12.800
2002,Annual,North West England,0.567,13.368
2003,Annual,North West England,0.589,14.621
2004,Annual,North West England,0.509,11.611
2005,Annual,North West England,0.484,12.095
2006,Annual,North West England,0.595,20.053
2007,Annual,North West England,0.566,13.874
2008,Annual,North West England,0.550,11.326
2009,Annual,North West England,0.561,12.421
2010,Annual,North West England,0.537,12.032
2011,Annual,North West England,0.526,14.326
2012,Annual,North West England,0.549,13.074
2013,Annual,North West England,0.508,11.379
2014,Annual,North West England,0.606,16.147
2015,Annual,North West England,0.598,19.695
2016,Annual,North West England,0.543,12.305
2017,Annual,North West England,0.568,13.316
2018,Annual,North West England,0.528,10.821
2019,Annual,North West England,0.514,12.337
2020,Annual,North West England,0.585,16.432
2021,Annual,North West England,0.514,12.642
2022,Annual,North West England,0.616,15.095
2023,Annual,North West England,0.496,11.937
2024,Annual,North West England,0.539,11.400
2025,Annual,North West England,0.545,15.389
2026,Annual,North West England,0.538,12.674
2027,Annual,North West England,0.496,10.853
2028,Annual,North West England,0.528,16.621
2029,Annual,North West England,0.557,13.232
2030,Annual,North West England,0.512,14.958
2031,Annual,North West England,0.573,16.674
2032,Annual,North West England,0.534,12.747
2033,Annual,North West England,0.559,13.716
2034,Annual,North West England,0.629,16.042
2035,Annual,North West England,0.535,13.747
2036,Annual,North West England,0.537,14.295
2037,Annual,North West England,0.536,11.442
2038,Annual,North West England,0.484,13.347
2039,Annual,North West England,0.567,11.926
2040,Annual,North West England,0.520,14.526
2041,Annual,North West England,0.576,13.000
2042,Annual,North West England,0.582,14.337
2043,Annual,North West England,0.556,12.337
2044,Annual,North West England,0.609,14.547
2045,Annual,North West England,0.573,17.063
2046,Annual,North West England,0.529,11.211
2047,Annual,North West England,0.516,14.074
2048,Annual,North West England,0.609,13.768
2049,Annual,North West England,0.552,13.295
2050,Annual,North West England,0.577,13.337
2051,Annual,North West England,0.543,11.474
2052,Annual,North West England,0.488,11.042
2053,Annual,North West England,0.576,16.621
2054,Annual,North West England,0.544,13.716
2055,Annual,North West England,0.560,16.179
2056,Annual,North West England,0.573,12.095
2057,Annual,North West England,0.536,12.053
2058,Annual,North West England,0.488,9.568
2059,Annual,North West England,0.527,12.232
2060,Annual,North West England,0.474,12.137
2061,Annual,North West England,0.495,12.863
2062,Annual,North West England,0.531,17.842
2063,Annual,North West England,0.490,11.547
2064,Annual,North West England,0.503,11.863
2065,Annual,North West England,0.542,11.547
2066,Annual,North West England,0.532,14.716
2067,Annual,North West England,0.454,13.579
2068,Annual,North West England,0.560,15.747
2069,Annual,North West England,0.523,14.663
2070,Annual,North West England,0.497,14.568
2071,Annual,North West England,0.554,15.463
2072,Annual,North West England,0.563,14.926
2073,Annual,North West England,0.455,11.211
2074,Annual,North West England,0.587,17.747
2075,Annual,North West England,0.572,12.105
2076,Annual,North West England,0.477,10.989
2077,Annual,North West England,0.559,14.158
2078,Annual,North West England,0.598,15.789
2079,Annual,North West England,0.509,12.958
2080,Annual,North West England,0.551,12.126
1981,Annual,South East England,0.438,7.926
1982,Annual,South East England,0.404,7.672
1983,Annual,South East England,0.434,10.770
1984,Annual,South East England,0.406,8.787
1985,Annual,South East England,0.423,9.369
1986,Annual,South East England,0.417,7.197
1987,Annual,South East England,0.411,9.041
1988,Annual,South East England,0.480,11.705
1989,Annual,South East England,0.441,9.328
1990,Annual,South East England,0.483,11.467
1991,Annual,South East England,0.473,11.033
1992,Annual,South East England,0.444,8.213
1993,Annual,South East England,0.464,8.811
1994,Annual,South East England,0.428,11.795
1995,Annual,South East England,0.400,9.672
1996,Annual,South East England,0.458,10.713
1997,Annual,South East England,0.417,8.672
1998,Annual,South East England,0.418,7.943
1999,Annual,South East England,0.442,9.992
2000,Annual,South East England,0.368,9.984
2001,Annual,South East England,0.481,10.967
2002,Annual,South East England,0.400,7.770
2003,Annual,South East England,0.512,12.877
2004,Annual,South East England,0.397,6.779
2005,Annual,South East England,0.338,9.131
2006,Annual,South East England,0.420,8.705
2007,Annual,South East England,0.481,7.656
2008,Annual,South East England,0.464,9.238
2009,Annual,South East England,0.432,9.574
2010,Annual,South East England,0.403,7.836
2011,Annual,South East England,0.381,8.951
2012,Annual,South East England,0.453,11.057
2013,Annual,South East England,0.406,8.541
2014,Annual,South East England,0.509,10.434
2015,Annual,South East England,0.435,10.885
2016,Annual,South East England,0.444,12.344
2017,Annual,South East England,0.422,11.787
2018,Annual,South East England,0.389,8.320
2019,Annual,South East England,0.410,10.861
2020,Annual,South East England,0.460,11.984
2021,Annual,South East England,0.416,8.951
2022,Annual,South East England,0.511,15.451
2023,Annual,South East England,0.422,9.738
2024,Annual,South East England,0.445,10.164
2025,Annual,South East England,0.497,12.303
2026,Annual,South East England,0.428,9.705
2027,Annual,South East England,0.400,8.852
2028,Annual,South East England,0.335,7.566
2029,Annual,South East England,0.430,9.361
2030,Annual,South East England,0.396,8.049
2031,Annual,South East England,0.413,8.033
2032,Annual,South East England,0.436,8.361
2033,Annual,South East England,0.373,8.139
2034,Annual,South East England,0.475,8.033
2035,Annual,South East England,0.366,8.484
2036,Annual,South East England,0.296,8.492
2037,Annual,South East England,0.427,7.631
2038,Annual,South East England,0.360,8.836
2039,Annual,South East England,0.469,8.279
2040,Annual,South East England,0.419,12.000
2041,Annual,South East England,0.446,10.434
2042,Annual,South East England,0.450,11.107
2043,Annual,South East England,0.448,10.377
2044,Annual,South East England,0.474,9.434
2045,Annual,South East England,0.420,9.402
2046,Annual,South East England,0.399,7.090
2047,Annual,South East England,0.370,8.779
2048,Annual,South East England,0.439,7.697
2049,Annual,South East England,0.399,6.459
2050,Annual,South East England,0.470,9.008
2051,Annual,South East England,0.415,7.795
2052,Annual,South East England,0.399,9.164
2053,Annual,South East England,0.446,8.713
2054,Annual,South East England,0.389,8.008
2055,Annual,South East England,0.411,10.410
2056,Annual,South East England,0.456,10.639
2057,Annual,South East England,0.358,9.836
2058,Annual,South East England,0.376,7.148
2059,Annual,South East England,0.391,10.410
2060,Annual,South East England,0.365,7.098
2061,Annual,South East England,0.394,8.131
2062,Annual,South East England,0.464,10.402
2063,Annual,South East England,0.358,8.074
2064,Annual,South East England,0.421,7.123
2065,Annual,South East England,0.392,13.385
2066,Annual,South East England,0.392,7.049
2067,Annual,South East England,0.328,7.959
2068,Annual,South East England,0.489,12.590
2069,Annual,South East England,0.441,9.730
2070,Annual,South East England,0.381,9.098
2071,Annual,South East England,0.437,9.697
2072,Annual,South East England,0.389,13.131
2073,Annual,South East England,0.364,7.213
2074,Annual,South East England,0.494,10.148
2075,Annual,South East England,0.468,8.549
2076,Annual,South East England,0.378,8.148
2077,Annual,South East England,0.419,7.828
2078,Annual,South East England,0.462,8.590
2079,Annual,South East England,0.385,9.328
2080,Annual,South East England,0.415,8.820
1981,Annual,South West England,0.452,8.600
1982,Annual,South West England,0.433,8.338
1983,Annual,South West England,0.478,11.894
1984,Annual,South West England,0.437,9.412
1985,Annual,South West England,0.437,9.863
1986,Annual,South West England,0.452,9.475
1987,Annual,South West England,0.452,10.881
1988,Annual,South West England,0.518,10.925
1989,Annual,South West England,0.454,10.025
1990,Annual,South West England,0.516,9.912
1991,Annual,South West England,0.467,10.406
1992,Annual,South West England,0.484,11.213
1993,Annual,South West England,0.481,9.588
1994,Annual,South West England,0.434,11.662
1995,Annual,South West England,0.424,10.463
1996,Annual,South West England,0.480,11.119
1997,Annual,South West England,0.466,11.769
1998,Annual,South West England,0.462,8.925
1999,Annual,South West England,0.471,10.719
2000,Annual,South West England,0.404,12.094
2001,Annual,South West England,0.499,12.963
2002,Annual,South West England,0.441,8.969
2003,Annual,South West England,0.550,15.262
2004,Annual,South West England,0.417,8.244
2005,Annual,South West England,0.356,13.256
2006,Annual,South West England,0.462,9.006
2007,Annual,South West England,0.499,9.619
2008,Annual,South West England,0.498,10.169
2009,Annual,South West England,0.458,11.213
2010,Annual,South West England,0.447,9.150
2011,Annual,South West England,0.434,10.463
2012,Annual,South West England,0.482,11.088
2013,Annual,South West England,0.432,10.456
2014,Annual,South West England,0.535,11.931
2015,Annual,South West England,0.459,13.494
2016,Annual,South West England,0.483,10.688
2017,Annual,South West England,0.469,10.956
2018,Annual,South West England,0.410,10.875
2019,Annual,South West England,0.444,11.531
2020,Annual,South West England,0.496,14.762
2021,Annual,South West England,0.395,9.406
2022,Annual,South West England,0.537,14.106
2023,Annual,South West England,0.435,9.244
2024,Annual,South West England,0.462,8.919
2025,Annual,South West England,0.498,13.606
2026,Annual,South West England,0.458,10.681
2027,Annual,South West England,0.443,10.363
2028,Annual,South West England,0.378,8.650
2029,Annual,South West England,0.453,12.069
2030,Annual,South West England,0.422,8.963
2031,Annual,South West England,0.479,11.300
2032,Annual,South West England,0.479,8.881
2033,Annual,South West England,0.416,9.850
2034,Annual,South West England,0.529,9.738
2035,Annual,South West England,0.392,8.725
2036,Annual,South West England,0.336,9.006
2037,Annual,South West England,0.429,8.294
2038,Annual,South West England,0.392,16.356
2039,Annual,South West England,0.488,9.631
2040,Annual,South West England,0.421,12.762
2041,Annual,South West England,0.485,11.963
2042,Annual,South West England,0.496,12.887
2043,Annual,South West England,0.475,14.056
2044,Annual,South West England,0.512,11.194
2045,Annual,South West England,0.451,10.294
2046,Annual,South West England,0.415,8.225
2047,Annual,South West England,0.381,8.644
2048,Annual,South West England,0.456,9.213
2049,Annual,South West England,0.434,7.975
2050,Annual,South West England,0.500,12.125
2051,Annual,South West England,0.458,8.431
2052,Annual,South West England,0.413,10.188
2053,Annual,South West England,0.489,9.688
2054,Annual,South West England,0.442,9.963
2055,Annual,South West England,0.434,11.787
2056,Annual,South West England,0.464,11.969
2057,Annual,South West England,0.401,12.300
2058,Annual,South West England,0.378,9.238
2059,Annual,South West England,0.441,15.113
2060,Annual,South West England,0.390,10.606
2061,Annual,South West England,0.412,8.713
2062,Annual,South West England,0.504,13.688
2063,Annual,South West England,0.399,9.938
2064,Annual,South West England,0.440,8.575
2065,Annual,South West England,0.424,12.269
2066,Annual,South West England,0.448,9.844
2067,Annual,South West England,0.370,10.050
2068,Annual,South West England,0.506,9.769
2069,Annual,South West England,0.467,10.650
2070,Annual,South West England,0.427,10.662
2071,Annual,South West England,0.482,15.637
2072,Annual,South West England,0.428,11.869
2073,Annual,South West England,0.385,8.588
2074,Annual,South West England,0.508,13.637
2075,Annual,South West England,0.490,10.481
2076,Annual,South West England,0.403,8.775
2077,Annual,South West England,0.438,8.650
2078,Annual,South West England,0.490,10.581
2079,Annual,South West England,0.396,9.350
2080,Annual,South West England,0.434,11.894
1981,Annual,West Midlands,0.455,8.640
1982,Annual,West Midlands,0.446,7.860
1983,Annual,West Midlands,0.460,12.895
1984,Annual,West Midlands,0.455,10.442
1985,Annual,West Midlands,0.459,11.198
1986,Annual,West Midlands,0.444,8.116
1987,Annual,West Midlands,0.437,8.698
1988,Annual,West Midlands,0.507,8.733
1989,Annual,West Midlands,0.463,9.326
1990,Annual,West Midlands,0.503,7.523
1991,Annual,West Midlands,0.469,10.081
1992,Annual,West Midlands,0.458,9.047
1993,Annual,West Midlands,0.483,9.349
1994,Annual,West Midlands,0.462,14.919
1995,Annual,West Midlands,0.452,10.314
1996,Annual,West Midlands,0.492,11.860
1997,Annual,West Midlands,0.439,8.267
1998,Annual,West Midlands,0.437,9.407
1999,Annual,West Midlands,0.461,10.407
2000,Annual,West Midlands,0.411,10.640
2001,Annual,West Midlands,0.507,9.779
2002,Annual,West Midlands,0.446,8.012
2003,Annual,West Midlands,0.514,11.837
2004,Annual,West Midlands,0.421,8.907
2005,Annual,West Midlands,0.379,7.198
2006,Annual,West Midlands,0.482,9.616
2007,Annual,West Midlands,0.483,8.581
2008,Annual,West Midlands,0.482,11.244
2009,Annual,West Midlands,0.463,9.640
2010,Annual,West Midlands,0.451,7.942
2011,Annual,West Midlands,0.428,8.988
2012,Annual,West Midlands,0.466,8.651
2013,Annual,West Midlands,0.417,9.733
2014,Annual,West Midlands,0.528,11.419
2015,Annual,West Midlands,0.462,12.233
2016,Annual,West Midlands,0.456,11.488
2017,Annual,West Midlands,0.451,8.302
2018,Annual,West Midlands,0.396,7.605
2019,Annual,West Midlands,0.440,9.895
2020,Annual,West Midlands,0.512,14.605
2021,Annual,West Midlands,0.416,8.605
2022,Annual,West Midlands,0.533,11.616
2023,Annual,West Midlands,0.429,8.128
2024,Annual,West Midlands,0.437,11.349
2025,Annual,West Midlands,0.472,9.314
2026,Annual,West Midlands,0.443,9.337
2027,Annual,West Midlands,0.424,9.779
2028,Annual,West Midlands,0.404,9.779
2029,Annual,West Midlands,0.472,9.488
2030,Annual,West Midlands,0.416,8.453
2031,Annual,West Midlands,0.470,11.291
2032,Annual,West Midlands,0.480,8.105
2033,Annual,West Midlands,0.416,8.407
2034,Annual,West Midlands,0.500,10.860
2035,Annual,West Midlands,0.417,9.430
2036,Annual,West Midlands,0.357,7.709
2037,Annual,West Midlands,0.424,8.058
2038,Annual,West Midlands,0.376,8.953
2039,Annual,West Midlands,0.491,8.058
2040,Annual,West Midlands,0.450,14.209
2041,Annual,West Midlands,0.462,9.384
2042,Annual,West Midlands,0.506,11.419
2043,Annual,West Midlands,0.471,10.651
2044,Annual,West Midlands,0.511,11.430
2045,Annual,West Midlands,0.470,11.593
2046,Annual,West Midlands,0.413,6.593
2047,Annual,West Midlands,0.398,9.593
2048,Annual,West Midlands,0.474,10.453
2049,Annual,West Midlands,0.464,8.570
2050,Annual,West Midlands,0.490,10.105
2051,Annual,West Midlands,0.448,9.488
2052,Annual,West Midlands,0.389,7.384
2053,Annual,West Midlands,0.490,9.430
2054,Annual,West Midlands,0.428,6.814
2055,Annual,West Midlands,0.437,10.047
2056,Annual,West Midlands,0.470,10.849
2057,Annual,West Midlands,0.397,8.547
2058,Annual,West Midlands,0.386,7.256
2059,Annual,West Midlands,0.429,9.453
2060,Annual,West Midlands,0.405,10.384
2061,Annual,West Midlands,0.414,7.988
2062,Annual,West Midlands,0.462,10.267
2063,Annual,West Midlands,0.379,6.547
2064,Annual,West Midlands,0.432,9.942
2065,Annual,West Midlands,0.430,12.512
2066,Annual,West Midlands,0.461,8.430
2067,Annual,West Midlands,0.363,8.709
2068,Annual,West Midlands,0.488,11.256
2069,Annual,West Midlands,0.454,8.942
2070,Annual,West Midlands,0.407,9.430
2071,Annual,West Midlands,0.483,13.140
2072,Annual,West Midlands,0.438,14.907
2073,Annual,West Midlands,0.384,8.279
2074,Annual,West Midlands,0.507,11.849
2075,Annual,West Midlands,0.486,10.174
2076,Annual,West Midlands,0.382,6.651
2077,Annual,West Midlands,0.439,7.779
2078,Annual,West Midlands,0.508,9.988
2079,Annual,West Midlands,0.391,7.651
2080,Annual,West Midlands,0.451,9.384
1981,Annual,West Scotland,0.598,15.711
1982,Annual,West Scotland,0.616,14.126
1983,Annual,West Scotland,0.545,12.504
1984,Annual,West Scotland,0.571,13.474
1985,Annual,West Scotland,0.648,19.081
1986,Annual,West Scotland,0.574,14.852
1987,Annual,West Scotland,0.566,15.978
1988,Annual,West Scotland,0.590,15.363
1989,Annual,West Scotland,0.562,16.170
1990,Annual,West Scotland,0.584,13.570
1991,Annual,West Scotland,0.567,12.356
1992,Annual,West Scotland,0.585,16.348
1993,Annual,West Scotland,0.553,16.637
1994,Annual,West Scotland,0.502,14.570
1995,Annual,West Scotland,0.596,14.244
1996,Annual,West Scotland,0.551,13.726
1997,Annual,West Scotland,0.589,19.430
1998,Annual,West Scotland,0.573,18.526
1999,Annual,West Scotland,0.563,12.415
2000,Annual,West Scotland,0.589,16.637
2001,Annual,West Scotland,0.607,13.548
2002,Annual,West Scotland,0.605,14.015
2003,Annual,West Scotland,0.562,19.170
2004,Annual,West Scotland,0.505,11.511
2005,Annual,West Scotland,0.519,12.252
2006,Annual,West Scotland,0.581,21.748
2007,Annual,West Scotland,0.594,16.837
2008,Annual,West Scotland,0.548,10.956
2009,Annual,West Scotland,0.579,13.052
2010,Annual,West Scotland,0.567,11.333
2011,Annual,West Scotland,0.558,16.978
2012,Annual,West Scotland,0.594,14.637
2013,Annual,West Scotland,0.508,10.630
2014,Annual,West Scotland,0.633,14.541
2015,Annual,West Scotland,0.633,17.489
2016,Annual,West Scotland,0.565,15.956
2017,Annual,West Scotland,0.591,12.333
2018,Annual,West Scotland,0.596,13.570
2019,Annual,West Scotland,0.536,12.467
2020,Annual,West Scotland,0.594,15.800
2021,Annual,West Scotland,0.553,17.570
2022,Annual,West Scotland,0.609,14.311
2023,Annual,West Scotland,0.492,12.511
2024,Annual,West Scotland,0.565,13.356
2025,Annual,West Scotland,0.571,16.785
2026,Annual,West Scotland,0.588,13.311
2027,Annual,West Scotland,0.511,11.496
2028,Annual,West Scotland,0.599,20.052
2029,Annual,West Scotland,0.603,16.985
2030,Annual,West Scotland,0.546,17.141
2031,Annual,West Scotland,0.596,13.489
2032,Annual,West Scotland,0.525,15.237
2033,Annual,West Scotland,0.599,14.370
2034,Annual,West Scotland,0.667,16.889
2035,Annual,West Scotland,0.571,15.274
2036,Annual,West Scotland,0.586,15.096
2037,Annual,West Scotland,0.550,12.281
2038,Annual,West Scotland,0.516,14.726
2039,Annual,West Scotland,0.578,15.259
2040,Annual,West Scotland,0.540,12.319
2041,Annual,West Scotland,0.630,17.548
2042,Annual,West Scotland,0.603,15.504
2043,Annual,West Scotland,0.565,12.763
2044,Annual,West Scotland,0.627,15.563
2045,Annual,West Scotland,0.607,19.141
2046,Annual,West Scotland,0.590,13.519
2047,Annual,West Scotland,0.551,12.511
2048,Annual,West Scotland,0.652,17.244
2049,Annual,West Scotland,0.582,17.281
2050,Annual,West Scotland,0.601,14.563
2051,Annual,West Scotland,0.583,12.556
2052,Annual,West Scotland,0.542,12.504
2053,Annual,West Scotland,0.593,15.615
2054,Annual,West Scotland,0.569,14.830
2055,Annual,West Scotland,0.597,13.074
2056,Annual,West Scotland,0.583,13.644
2057,Annual,West Scotland,0.582,14.807
2058,Annual,West Scotland,0.530,9.741
2059,Annual,West Scotland,0.569,13.511
2060,Annual,West Scotland,0.482,13.081
2061,Annual,West Scotland,0.530,14.519
2062,Annual,West Scotland,0.528,16.141
2063,Annual,West Scotland,0.504,16.089
2064,Annual,West Scotland,0.502,13.948
2065,Annual,West Scotland,0.586,14.215
2066,Annual,West Scotland,0.562,13.926
2067,Annual,West Scotland,0.524,12.474
2068,Annual,West Scotland,0.551,17.319
2069,Annual,West Scotland,0.556,17.067
2070,Annual,West Scotland,0.519,16.081
2071,Annual,West Scotland,0.552,16.289
2072,Annual,West Scotland,0.619,14.244
2073,Annual,West Scotland,0.465,12.363
2074,Annual,West Scotland,0.582,17.052
2075,Annual,West Scotland,0.555,10.844
2076,Annual,West Scotland,0.530,11.111
2077,Annual,West Scotland,0.590,13.526
2078,Annual,West Scotland,0.580,13.526
2079,Annual,West Scotland,0.542,13.689
2080,Annual,West Scotland,0.550,11.993
1981,Annual,Yorkshire and Humber,0.458,8.842
1982,Annual,Yorkshire and Humber,0.467,8.475
1983,Annual,Yorkshire and Humber,0.452,8.861
1984,Annual,Yorkshire and Humber,0.467,9.663
1985,Annual,Yorkshire and Humber,0.496,10.455
1986,Annual,Yorkshire and Humber,0.465,9.762
1987,Annual,Yorkshire and Humber,0.448,8.911
1988,Annual,Yorkshire and Humber,0.504,10.366
1989,Annual,Yorkshire and Humber,0.493,9.644
1990,Annual,Yorkshire and Humber,0.491,9.663
1991,Annual,Yorkshire and Humber,0.468,9.406
1992,Annual,Yorkshire and Humber,0.482,10.000
1993,Annual,Yorkshire and Humber,0.487,10.347
1994,Annual,Yorkshire and Humber,0.463,10.119
1995,Annual,Yorkshire and Humber,0.489,10.069
1996,Annual,Yorkshire and Humber,0.496,9.861
1997,Annual,Yorkshire and Humber,0.475,9.743
1998,Annual,Yorkshire and Humber,0.415,8.010
1999,Annual,Yorkshire and Humber,0.471,9.901
2000,Annual,Yorkshire and Humber,0.431,9.426
2001,Annual,Yorkshire and Humber,0.515,10.337
2002,Annual,Yorkshire and Humber,0.478,10.406
2003,Annual,Yorkshire and Humber,0.536,12.050
2004,Annual,Yorkshire and Humber,0.431,7.960
2005,Annual,Yorkshire and Humber,0.419,7.267
2006,Annual,Yorkshire and Humber,0.507,11.287
2007,Annual,Yorkshire and Humber,0.470,9.386
2008,Annual,Yorkshire and Humber,0.498,10.574
2009,Annual,Yorkshire and Humber,0.472,7.594
2010,Annual,Yorkshire and Humber,0.460,9.366
2011,Annual,Yorkshire and Humber,0.432,9.218
2012,Annual,Yorkshire and Humber,0.459,8.218
2013,Annual,Yorkshire and Humber,0.437,10.535
2014,Annual,Yorkshire and Humber,0.532,11.495
2015,Annual,Yorkshire and Humber,0.511,14.941
2016,Annual,Yorkshire and Humber,0.476,8.990
2017,Annual,Yorkshire and Humber,0.436,7.574
2018,Annual,Yorkshire and Humber,0.433,7.485
2019,Annual,Yorkshire and Humber,0.415,7.683
2020,Annual,Yorkshire and Humber,0.506,11.624
2021,Annual,Yorkshire and Humber,0.455,10.010
2022,Annual,Yorkshire and Humber,0.534,14.228
2023,Annual,Yorkshire and Humber,0.453,9.950
2024,Annual,Yorkshire and Humber,0.477,10.743
2025,Annual,Yorkshire and Humber,0.477,12.188
2026,Annual,Yorkshire and Humber,0.445,10.139
2027,Annual,Yorkshire and Humber,0.441,8.634
2028,Annual,Yorkshire and Humber,0.402,10.188
2029,Annual,Yorkshire and Humber,0.463,9.267
2030,Annual,Yorkshire and Humber,0.416,11.000
2031,Annual,Yorkshire and Humber,0.462,10.465
2032,Annual,Yorkshire and Humber,0.469,7.891
2033,Annual,Yorkshire and Humber,0.454,9.059
2034,Annual,Yorkshire and Humber,0.523,11.901
2035,Annual,Yorkshire and Humber,0.444,11.545
2036,Annual,Yorkshire and Humber,0.396,7.158
2037,Annual,Yorkshire and Humber,0.467,8.941
2038,Annual,Yorkshire and Humber,0.387,8.079
2039,Annual,Yorkshire and Humber,0.482,7.802
2040,Annual,Yorkshire and Humber,0.470,11.594
2041,Annual,Yorkshire and Humber,0.501,9.545
2042,Annual,Yorkshire and Humber,0.478,10.574
2043,Annual,Yorkshire and Humber,0.480,11.139
2044,Annual,Yorkshire and Humber,0.496,10.832
2045,Annual,Yorkshire and Humber,0.506,14.436
2046,Annual,Yorkshire and Humber,0.435,8.139
2047,Annual,Yorkshire and Humber,0.424,10.396
2048,Annual,Yorkshire and Humber,0.517,9.723
2049,Annual,Yorkshire and Humber,0.456,9.158
2050,Annual,Yorkshire and Humber,0.497,10.733
2051,Annual,Yorkshire and Humber,0.461,9.505
2052,Annual,Yorkshire and Humber,0.422,8.287
2053,Annual,Yorkshire and Humber,0.483,10.050
2054,Annual,Yorkshire and Humber,0.446,8.515
2055,Annual,Yorkshire and Humber,0.455,11.851
2056,Annual,Yorkshire and Humber,0.468,9.723
2057,Annual,Yorkshire and Humber,0.438,9.426
2058,Annual,Yorkshire and Humber,0.421,7.663
2059,Annual,Yorkshire and Humber,0.431,9.822
2060,Annual,Yorkshire and Humber,0.427,8.733
2061,Annual,Yorkshire and Humber,0.415,7.921
2062,Annual,Yorkshire and Humber,0.452,10.941
2063,Annual,Yorkshire and Humber,0.412,7.574
2064,Annual,Yorkshire and Humber,0.451,9.782
2065,Annual,Yorkshire and Humber,0.464,10.802
2066,Annual,Yorkshire and Humber,0.456,8.891
2067,Annual,Yorkshire and Humber,0.359,8.673
2068,Annual,Yorkshire and Humber,0.480,8.683
2069,Annual,Yorkshire and Humber,0.451,8.129
2070,Annual,Yorkshire and Humber,0.396,9.525
2071,Annual,Yorkshire and Humber,0.477,10.931
2072,Annual,Yorkshire and Humber,0.445,10.139
2073,Annual,Yorkshire and Humber,0.405,7.980
2074,Annual,Yorkshire and Humber,0.485,8.990
2075,Annual,Yorkshire and Humber,0.486,8.604
2076,Annual,Yorkshire and Humber,0.420,8.020
2077,Annual,Yorkshire and Humber,0.453,9.030
2078,Annual,Yorkshire and Humber,0.493,9.030
2079,Annual,Yorkshire and Humber,0.431,9.188
2080,Annual,Yorkshire and Humber,0.464,8.238
1981,Annual,Channel Islands,0.449,14.000
1982,Annual,Channel Islands,0.397,8.000
1983,Annual,Channel Islands,0.499,23.000
1984,Annual,Channel Islands,0.454,15.000
1985,Annual,Channel Islands,0.452,13.000
1986,Annual,Channel Islands,0.471,22.000
1987,Annual,Channel Islands,0.449,18.000
1988,Annual,Channel Islands,0.552,15.000
1989,Annual,Channel Islands,0.482,20.000
1990,Annual,Channel Islands,0.504,23.000
1991,Annual,Channel Islands,0.499,23.000
1992,Annual,Channel Islands,0.478,10.000
1993,Annual,Channel Islands,0.463,16.000
1994,Annual,Channel Islands,0.452,17.000
1995,Annual,Channel Islands,0.436,12.000
1996,Annual,Channel Islands,0.522,14.000
1997,Annual,Channel Islands,0.468,11.000
1998,Annual,Channel Islands,0.526,23.000
1999,Annual,Channel Islands,0.501,15.000
2000,Annual,Channel Islands,0.355,7.000
2001,Annual,Channel Islands,0.471,12.000
2002,Annual,Channel Islands,0.441,14.000
2003,Annual,Channel Islands,0.545,21.000
2004,Annual,Channel Islands,0.470,13.000
2005,Annual,Channel Islands,0.342,8.000
2006,Annual,Channel Islands,0.474,19.000
2007,Annual,Channel Islands,0.479,12.000
2008,Annual,Channel Islands,0.505,13.000
2009,Annual,Channel Islands,0.452,12.000
2010,Annual,Channel Islands,0.455,17.000
2011,Annual,Channel Islands,0.444,17.000
2012,Annual,Channel Islands,0.473,20.000
2013,Annual,Channel Islands,0.433,18.000
2014,Annual,Channel Islands,0.523,17.000
2015,Annual,Channel Islands,0.433,16.000
2016,Annual,Channel Islands,0.467,11.000
2017,Annual,Channel Islands,0.471,21.000
2018,Annual,Channel Islands,0.414,15.000
2019,Annual,Channel Islands,0.427,8.000
2020,Annual,Channel Islands,0.505,13.000
2021,Annual,Channel Islands,0.389,13.000
2022,Annual,Channel Islands,0.507,10.000
2023,Annual,Channel Islands,0.430,10.000
2024,Annual,Channel Islands,0.421,7.000
2025,Annual,Channel Islands,0.537,16.000
2026,Annual,Channel Islands,0.455,17.000
2027,Annual,Channel Islands,0.458,20.000
2028,Annual,Channel Islands,0.374,10.000
2029,Annual,Channel Islands,0.433,19.000
2030,Annual,Channel Islands,0.427,15.000
2031,Annual,Channel Islands,0.455,23.000
2032,Annual,Channel Islands,0.495,12.000
2033,Annual,Channel Islands,0.416,13.000
2034,Annual,Channel Islands,0.501,15.000
2035,Annual,Channel Islands,0.375,11.000
2036,Annual,Channel Islands,0.317,10.000
2037,Annual,Channel Islands,0.479,12.000
2038,Annual,Channel Islands,0.370,10.000
2039,Annual,Channel Islands,0.501,19.000
2040,Annual,Channel Islands,0.393,12.000
2041,Annual,Channel Islands,0.458,10.000
2042,Annual,Channel Islands,0.447,16.000
2043,Annual,Channel Islands,0.493,14.000
2044,Annual,Channel Islands,0.495,15.000
2045,Annual,Channel Islands,0.468,14.000
2046,Annual,Channel Islands,0.403,8.000
2047,Annual,Channel Islands,0.395,16.000
2048,Annual,Channel Islands,0.454,11.000
2049,Annual,Channel Islands,0.416,15.000
2050,Annual,Channel Islands,0.501,9.000
2051,Annual,Channel Islands,0.490,15.000
2052,Annual,Channel Islands,0.388,7.000
2053,Annual,Channel Islands,0.466,18.000
2054,Annual,Channel Islands,0.386,10.000
2055,Annual,Channel Islands,0.466,38.000
2056,Annual,Channel Islands,0.437,12.000
2057,Annual,Channel Islands,0.430,15.000
2058,Annual,Channel Islands,0.384,9.000
2059,Annual,Channel Islands,0.416,19.000
2060,Annual,Channel Islands,0.363,12.000
2061,Annual,Channel Islands,0.447,14.000
2062,Annual,Channel Islands,0.507,11.000
2063,Annual,Channel Islands,0.405,16.000
2064,Annual,Channel Islands,0.478,14.000
2065,Annual,Channel Islands,0.425,12.000
2066,Annual,Channel Islands,0.433,8.000
2067,Annual,Channel Islands,0.356,10.000
2068,Annual,Channel Islands,0.541,12.000
2069,Annual,Channel Islands,0.477,16.000
2070,Annual,Channel Islands,0.479,25.000
2071,Annual,Channel Islands,0.430,12.000
2072,Annual,Channel Islands,0.437,24.000
2073,Annual,Channel Islands,0.370,13.000
2074,Annual,Channel Islands,0.518,21.000
2075,Annual,Channel Islands,0.521,14.000
2076,Annual,Channel Islands,0.429,11.000
2077,Annual,Channel Islands,0.447,16.000
2078,Annual,Channel Islands,0.488,17.000
2079,Annual,Channel Islands,0.389,12.000
2080,Annual,Channel Islands,0.448,12.000
1981,Annual,Isle of Man,0.500,7.667
1982,Annual,Isle of Man,0.470,8.000
1983,Annual,Isle of Man,0.483,9.333
1984,Annual,Isle of Man,0.490,8.667
1985,Annual,Isle of Man,0.529,9.000
1986,Annual,Isle of Man,0.524,16.333
1987,Annual,Isle of Man,0.481,8.667
1988,Annual,Isle of Man,0.508,8.333
1989,Annual,Isle of Man,0.501,12.000
1990,Annual,Isle of Man,0.526,11.000
1991,Annual,Isle of Man,0.497,12.333
1992,Annual,Isle of Man,0.504,9.333
1993,Annual,Isle of Man,0.497,8.333
1994,Annual,Isle of Man,0.426,7.333
1995,Annual,Isle of Man,0.511,13.333
1996,Annual,Isle of Man,0.516,9.667
1997,Annual,Isle of Man,0.508,8.333
1998,Annual,Isle of Man,0.481,8.000
1999,Annual,Isle of Man,0.511,11.000
2000,Annual,Isle of Man,0.511,14.333
2001,Annual,Isle of Man,0.516,12.667
2002,Annual,Isle of Man,0.546,11.333
2003,Annual,Isle of Man,0.528,15.000
2004,Annual,Isle of Man,0.434,7.000
2005,Annual,Isle of Man,0.410,6.000
2006,Annual,Isle of Man,0.538,9.667
2007,Annual,Isle of Man,0.500,11.667
2008,Annual,Isle of Man,0.494,9.000
2009,Annual,Isle of Man,0.511,13.667
2010,Annual,Isle of Man,0.484,9.000
2011,Annual,Isle of Man,0.509,13.000
2012,Annual,Isle of Man,0.512,12.000
2013,Annual,Isle of Man,0.432,9.000
2014,Annual,Isle of Man,0.547,9.667
2015,Annual,Isle of Man,0.534,11.000
2016,Annual,Isle of Man,0.474,10.000
2017,Annual,Isle of Man,0.484,10.000
2018,Annual,Isle of Man,0.467,7.333
2019,Annual,Isle of Man,0.427,7.333
2020,Annual,Isle of Man,0.510,10.000
2021,Annual,Isle of Man,0.455,9.000
2022,Annual,Isle of Man,0.564,11.000
2023,Annual,Isle of Man,0.449,9.000
2024,Annual,Isle of Man,0.476,9.333
2025,Annual,Isle of Man,0.491,9.333
2026,Annual,Isle of Man,0.488,8.000
2027,Annual,Isle of Man,0.434,7.667
2028,Annual,Isle of Man,0.492,12.667
2029,Annual,Isle of Man,0.489,10.000
2030,Annual,Isle of Man,0.502,8.667
2031,Annual,Isle of Man,0.515,13.667
2032,Annual,Isle of Man,0.486,12.667
2033,Annual,Isle of Man,0.474,7.000
2034,Annual,Isle of Man,0.540,11.000
2035,Annual,Isle of Man,0.460,12.000
2036,Annual,Isle of Man,0.489,10.333
2037,Annual,Isle of Man,0.489,9.333
2038,Annual,Isle of Man,0.421,8.333
2039,Annual,Isle of Man,0.509,10.000
2040,Annual,Isle of Man,0.462,10.000
2041,Annual,Isle of Man,0.512,10.667
2042,Annual,Isle of Man,0.482,7.000
2043,Annual,Isle of Man,0.484,9.667
2044,Annual,Isle of Man,0.524,13.000
2045,Annual,Isle of Man,0.543,13.667
2046,Annual,Isle of Man,0.463,6.667
2047,Annual,Isle of Man,0.447,9.000
2048,Annual,Isle of Man,0.526,9.667
2049,Annual,Isle of Man,0.510,9.333
2050,Annual,Isle of Man,0.530,13.000
2051,Annual,Isle of Man,0.469,8.000
2052,Annual,Isle of Man,0.440,6.667
2053,Annual,Isle of Man,0.475,10.000
2054,Annual,Isle of Man,0.466,11.000
2055,Annual,Isle of Man,0.544,11.333
2056,Annual,Isle of Man,0.499,8.667
2057,Annual,Isle of Man,0.511,9.333
2058,Annual,Isle of Man,0.466,7.000
2059,Annual,Isle of Man,0.489,8.000
2060,Annual,Isle of Man,0.434,13.000
2061,Annual,Isle of Man,0.450,7.000
2062,Annual,Isle of Man,0.459,8.000
2063,Annual,Isle of Man,0.421,9.333
2064,Annual,Isle of Man,0.454,6.667
2065,Annual,Isle of Man,0.479,9.667
2066,Annual,Isle of Man,0.493,11.667
2067,Annual,Isle of Man,0.428,9.000
2068,Annual,Isle of Man,0.464,7.000
2069,Annual,Isle of Man,0.465,9.667
2070,Annual,Isle of Man,0.454,8.000
2071,Annual,Isle of Man,0.512,11.000
2072,Annual,Isle of Man,0.521,9.667
2073,Annual,Isle of Man,0.421,10.000
2074,Annual,Isle of Man,0.460,5.000
2075,Annual,Isle of Man,0.495,9.333
2076,Annual,Isle of Man,0.436,7.000
2077,Annual,Isle of Man,0.506,10.000
2078,Annual,Isle of Man,0.521,8.667
2079,Annual,Isle of Man,0.458,8.667
2080,Annual,Isle of Man,0.469,10.000
1981,Annual,Northern Ireland,0.558,16.598
1982,Annual,Northern Ireland,0.572,10.287
1983,Annual,Northern Ireland,0.535,12.644
1984,Annual,Northern Ireland,0.531,13.529
1985,Annual,Northern Ireland,0.600,13.276
1986,Annual,Northern Ireland,0.551,12.115
1987,Annual,Northern Ireland,0.522,13.575
1988,Annual,Northern Ireland,0.570,13.575
1989,Annual,Northern Ireland,0.542,19.529
1990,Annual,Northern Ireland,0.573,12.943
1991,Annual,Northern Ireland,0.536,12.080
1992,Annual,Northern Ireland,0.541,13.437
1993,Annual,Northern Ireland,0.532,16.632
1994,Annual,Northern Ireland,0.487,17.195
1995,Annual,Northern Ireland,0.591,12.908
1996,Annual,Northern Ireland,0.532,10.977
1997,Annual,Northern Ireland,0.571,12.690
1998,Annual,Northern Ireland,0.533,11.793
1999,Annual,Northern Ireland,0.527,10.368
2000,Annual,Northern Ireland,0.526,13.276
2001,Annual,Northern Ireland,0.572,12.460
2002,Annual,Northern Ireland,0.561,10.218
2003,Annual,Northern Ireland,0.548,16.241
2004,Annual,Northern Ireland,0.481,10.379
2005,Annual,Northern Ireland,0.484,11.218
2006,Annual,Northern Ireland,0.562,13.713
2007,Annual,Northern Ireland,0.544,13.264
2008,Annual,Northern Ireland,0.526,10.782
2009,Annual,Northern Ireland,0.568,11.851
2010,Annual,Northern Ireland,0.523,9.529
2011,Annual,Northern Ireland,0.541,13.885
2012,Annual,Northern Ireland,0.531,11.816
2013,Annual,Northern Ireland,0.477,10.379
2014,Annual,Northern Ireland,0.599,15.874
2015,Annual,Northern Ireland,0.559,12.345
2016,Annual,Northern Ireland,0.515,13.989
2017,Annual,Northern Ireland,0.530,10.149
2018,Annual,Northern Ireland,0.499,9.310
2019,Annual,Northern Ireland,0.470,9.793
2020,Annual,Northern Ireland,0.547,11.057
2021,Annual,Northern Ireland,0.478,9.483
2022,Annual,Northern Ireland,0.575,14.575
2023,Annual,Northern Ireland,0.477,10.195
2024,Annual,Northern Ireland,0.521,12.632
2025,Annual,Northern Ireland,0.555,11.437
2026,Annual,Northern Ireland,0.549,15.000
2027,Annual,Northern Ireland,0.477,9.747
2028,Annual,Northern Ireland,0.548,15.517
2029,Annual,Northern Ireland,0.538,13.770
2030,Annual,Northern Ireland,0.529,12.851
2031,Annual,Northern Ireland,0.564,12.529
2032,Annual,Northern Ireland,0.492,13.575
2033,Annual,Northern Ireland,0.562,12.149
2034,Annual,Northern Ireland,0.629,16.356
2035,Annual,Northern Ireland,0.526,14.828
2036,Annual,Northern Ireland,0.504,10.667
2037,Annual,Northern Ireland,0.519,10.839
2038,Annual,Northern Ireland,0.456,11.770
2039,Annual,Northern Ireland,0.530,12.322
2040,Annual,Northern Ireland,0.505,13.402
2041,Annual,Northern Ireland,0.581,15.701
2042,Annual,Northern Ireland,0.537,12.103
2043,Annual,Northern Ireland,0.514,9.402
2044,Annual,Northern Ireland,0.562,13.034
2045,Annual,Northern Ireland,0.569,19.667
2046,Annual,Northern Ireland,0.509,10.690
2047,Annual,Northern Ireland,0.489,9.000
2048,Annual,Northern Ireland,0.576,14.241
2049,Annual,Northern Ireland,0.567,14.299
2050,Annual,Northern Ireland,0.548,12.828
2051,Annual,Northern Ireland,0.548,10.414
2052,Annual,Northern Ireland,0.514,12.713
2053,Annual,Northern Ireland,0.545,11.828
2054,Annual,Northern Ireland,0.506,11.345
2055,Annual,Northern Ireland,0.552,11.908
2056,Annual,Northern Ireland,0.485,8.322
2057,Annual,Northern Ireland,0.500,16.736
2058,Annual,Northern Ireland,0.472,8.391
2059,Annual,Northern Ireland,0.518,10.529
2060,Annual,Northern Ireland,0.459,11.644
2061,Annual,Northern Ireland,0.470,10.494
2062,Annual,Northern Ireland,0.479,9.782
2063,Annual,Northern Ireland,0.462,11.322
2064,Annual,Northern Ireland,0.493,11.713
2065,Annual,Northern Ireland,0.545,10.414
2066,Annual,Northern Ireland,0.501,12.126
2067,Annual,Northern Ireland,0.457,9.241
2068,Annual,Northern Ireland,0.500,10.494
2069,Annual,Northern Ireland,0.494,9.207
2070,Annual,Northern Ireland,0.464,11.448
2071,Annual,Northern Ireland,0.516,9.241
2072,Annual,Northern Ireland,0.529,11.172
2073,Annual,Northern Ireland,0.456,11.230
2074,Annual,Northern Ireland,0.516,8.885
2075,Annual,Northern Ireland,0.479,9.690
2076,Annual,Northern Ireland,0.481,8.782
2077,Annual,Northern Ireland,0.547,11.736
2078,Annual,Northern Ireland,0.538,10.460
2079,Annual,Northern Ireland,0.513,11.931
2080,Annual,Northern Ireland,0.501,11.287
1981,Annual,Wales,0.520,15.007
1982,Annual,Wales,0.519,10.108
1983,Annual,Wales,0.514,12.432
1984,Annual,Wales,0.504,14.101
1985,Annual,Wales,0.523,13.885
1986,Annual,Wales,0.517,11.209
1987,Annual,Wales,0.515,11.835
1988,Annual,Wales,0.593,12.151
1989,Annual,Wales,0.524,11.950
1990,Annual,Wales,0.574,10.180
1991,Annual,Wales,0.517,14.360
1992,Annual,Wales,0.542,12.029
1993,Annual,Wales,0.538,11.504
1994,Annual,Wales,0.481,12.705
1995,Annual,Wales,0.526,13.799
1996,Annual,Wales,0.541,14.058
1997,Annual,Wales,0.510,15.151
1998,Annual,Wales,0.524,12.791
1999,Annual,Wales,0.538,14.496
2000,Annual,Wales,0.497,16.360
2001,Annual,Wales,0.566,15.633
2002,Annual,Wales,0.528,10.388
2003,Annual,Wales,0.596,15.288
2004,Annual,Wales,0.490,10.230
2005,Annual,Wales,0.431,12.525
2006,Annual,Wales,0.548,14.475
2007,Annual,Wales,0.536,12.151
2008,Annual,Wales,0.545,13.302
2009,Annual,Wales,0.530,10.849
2010,Annual,Wales,0.533,13.043
2011,Annual,Wales,0.502,13.230
2012,Annual,Wales,0.548,11.705
2013,Annual,Wales,0.478,13.115
2014,Annual,Wales,0.580,13.914
2015,Annual,Wales,0.514,17.072
2016,Annual,Wales,0.520,12.367
2017,Annual,Wales,0.530,11.230
2018,Annual,Wales,0.471,9.000
2019,Annual,Wales,0.485,11.856
2020,Annual,Wales,0.566,16.928
2021,Annual,Wales,0.470,12.022
2022,Annual,Wales,0.589,14.173
2023,Annual,Wales,0.482,11.137
2024,Annual,Wales,0.490,10.928
2025,Annual,Wales,0.524,13.712
2026,Annual,Wales,0.509,12.878
2027,Annual,Wales,0.466,9.532
2028,Annual,Wales,0.475,12.388
2029,Annual,Wales,0.531,14.158
2030,Annual,Wales,0.511,12.770
2031,Annual,Wales,0.540,13.137
2032,Annual,Wales,0.521,13.223
2033,Annual,Wales,0.495,12.288
2034,Annual,Wales,0.594,12.791
2035,Annual,Wales,0.478,11.763
2036,Annual,Wales,0.444,11.353
2037,Annual,Wales,0.488,10.043
2038,Annual,Wales,0.458,12.245
2039,Annual,Wales,0.537,10.878
2040,Annual,Wales,0.493,13.317
2041,Annual,Wales,0.521,11.468
2042,Annual,Wales,0.555,15.741
2043,Annual,Wales,0.519,15.209
2044,Annual,Wales,0.559,12.137
2045,Annual,Wales,0.536,13.647
2046,Annual,Wales,0.488,8.201
2047,Annual,Wales,0.450,10.849
2048,Annual,Wales,0.549,11.597
2049,Annual,Wales,0.531,10.835
2050,Annual,Wales,0.555,14.122
2051,Annual,Wales,0.531,11.468
2052,Annual,Wales,0.445,9.993
2053,Annual,Wales,0.545,12.014
2054,Annual,Wales,0.507,11.194
2055,Annual,Wales,0.540,23.115
2056,Annual,Wales,0.536,12.612
2057,Annual,Wales,0.483,14.007
2058,Annual,Wales,0.438,10.691
2059,Annual,Wales,0.482,13.468
2060,Annual,Wales,0.452,11.950
2061,Annual,Wales,0.467,11.496
2062,Annual,Wales,0.520,17.115
2063,Annual,Wales,0.454,9.597
2064,Annual,Wales,0.505,12.317
2065,Annual,Wales,0.479,11.942
2066,Annual,Wales,0.511,12.295
2067,Annual,Wales,0.436,11.417
2068,Annual,Wales,0.537,11.511
2069,Annual,Wales,0.520,14.201
2070,Annual,Wales,0.477,18.209
2071,Annual,Wales,0.511,12.662
2072,Annual,Wales,0.513,15.525
2073,Annual,Wales,0.428,9.302
2074,Annual,Wales,0.567,14.856
2075,Annual,Wales,0.540,15.115
2076,Annual,Wales,0.448,11.849
2077,Annual,Wales,0.513,10.417
2078,Annual,Wales,0.561,15.525
2079,Annual,Wales,0.459,10.129
2080,Annual,Wales,0.489,12.417
1981,DJF,East Midlands,0.454,7.894
1982,DJF,East Midlands,0.410,5.058
1983,DJF,East Midlands,0.524,6.452
1984,DJF,East Midlands,0.443,5.990
1985,DJF,East Midlands,0.374,5.327
1986,DJF,East Midlands,0.474,5.990
1987,DJF,East Midlands,0.478,8.298
1988,DJF,East Midlands,0.504,6.712
1989,DJF,East Midlands,0.507,6.942
1990,DJF,East Midlands,0.521,7.663
1991,DJF,East Midlands,0.470,5.471
1992,DJF,East Midlands,0.468,4.683
1993,DJF,East Midlands,0.449,6.692
1994,DJF,East Midlands,0.401,5.154
1995,DJF,East Midlands,0.507,6.865
1996,DJF,East Midlands,0.521,9.462
1997,DJF,East Midlands,0.428,4.077
1998,DJF,East Midlands,0.555,7.375
1999,DJF,East Midlands,0.537,7.048
2000,DJF,East Midlands,0.456,8.596
2001,DJF,East Midlands,0.454,6.385
2002,DJF,East Midlands,0.560,8.827
2003,DJF,East Midlands,0.593,8.375
2004,DJF,East Midlands,0.397,5.625
2005,DJF,East Midlands,0.384,5.625
2006,DJF,East Midlands,0.451,8.471
2007,DJF,East Midlands,0.435,6.625
2008,DJF,East Midlands,0.522,6.144
2009,DJF,East Midlands,0.417,4.596
2010,DJF,East Midlands,0.330,9.365
2011,DJF,East Midlands,0.485,8.933
2012,DJF,East Midlands,0.460,5.856
2013,DJF,East Midlands,0.341,4.442
2014,DJF,East Midlands,0.580,7.548
2015,DJF,East Midlands,0.627,9.462
2016,DJF,East Midlands,0.362,4.712
2017,DJF,East Midlands,0.442,5.673
2018,DJF,East Midlands,0.485,5.279
2019,DJF,East Midlands,0.469,9.519
2020,DJF,East Midlands,0.437,5.625
2021,DJF,East Midlands,0.370,4.288
2022,DJF,East Midlands,0.489,6.990
2023,DJF,East Midlands,0.430,5.327
2024,DJF,East Midlands,0.323,3.250
2025,DJF,East Midlands,0.357,5.250
2026,DJF,East Midlands,0.511,7.135
2027,DJF,East Midlands,0.466,4.885
2028,DJF,East Midlands,0.325,3.692
2029,DJF,East Midlands,0.451,5.000
2030,DJF,East Midlands,0.504,9.144
2031,DJF,East Midlands,0.455,5.615
2032,DJF,East Midlands,0.508,7.173
2033,DJF,East Midlands,0.410,4.837
2034,DJF,East Midlands,0.408,6.000
2035,DJF,East Midlands,0.428,7.250
2036,DJF,East Midlands,0.306,4.952
2037,DJF,East Midlands,0.416,5.048
2038,DJF,East Midlands,0.345,7.442
2039,DJF,East Midlands,0.521,4.865
2040,DJF,East Midlands,0.552,8.846
2041,DJF,East Midlands,0.486,7.423
2042,DJF,East Midlands,0.509,9.558
2043,DJF,East Midlands,0.562,9.019
2044,DJF,East Midlands,0.468,6.577
2045,DJF,East Midlands,0.470,8.490
2046,DJF,East Midlands,0.363,5.923
2047,DJF,East Midlands,0.442,6.971
2048,DJF,East Midlands,0.557,9.077
2049,DJF,East Midlands,0.529,6.933
2050,DJF,East Midlands,0.490,7.231
2051,DJF,East Midlands,0.431,5.433
2052,DJF,East Midlands,0.363,6.000
2053,DJF,East Midlands,0.422,5.183
2054,DJF,East Midlands,0.504,5.721
2055,DJF,East Midlands,0.615,10.817
2056,DJF,East Midlands,0.459,6.288
2057,DJF,East Midlands,0.482,5.769
2058,DJF,East Midlands,0.425,7.500
2059,DJF,East Midlands,0.550,7.827
2060,DJF,East Midlands,0.485,7.067
2061,DJF,East Midlands,0.384,4.067
2062,DJF,East Midlands,0.529,8.846
2063,DJF,East Midlands,0.434,5.404
2064,DJF,East Midlands,0.519,9.837
2065,DJF,East Midlands,0.425,12.077
2066,DJF,East Midlands,0.311,6.788
2067,DJF,East Midlands,0.365,5.260
2068,DJF,East Midlands,0.509,6.769
2069,DJF,East Midlands,0.533,5.962
2070,DJF,East Midlands,0.533,9.067
2071,DJF,East Midlands,0.459,7.990
2072,DJF,East Midlands,0.436,6.808
2073,DJF,East Midlands,0.464,6.971
2074,DJF,East Midlands,0.588,8.654
2075,DJF,East Midlands,0.471,5.000
2076,DJF,East Midlands,0.438,5.712
2077,DJF,East Midlands,0.444,6.471
2078,DJF,East Midlands,0.458,7.875
2079,DJF,East Midlands,0.436,6.519
2080,DJF,East Midlands,0.438,7.279
1981,DJF,East of England,0.452,5.380
1982,DJF,East of England,0.372,4.333
1983,DJF,East of England,0.552,7.512
1984,DJF,East of England,0.469,5.620
1985,DJF,East of England,0.379,6.341
1986,DJF,East of England,0.409,5.984
1987,DJF,East of England,0.477,8.357
1988,DJF,East of England,0.489,7.667
1989,DJF,East of England,0.479,8.488
1990,DJF,East of England,0.495,7.178
1991,DJF,East of England,0.488,6.039
1992,DJF,East of England,0.482,5.767
1993,DJF,East of England,0.424,7.419
1994,DJF,East of England,0.375,4.899
1995,DJF,East of England,0.455,4.845
1996,DJF,East of England,0.492,8.752
1997,DJF,East of England,0.350,3.326
1998,DJF,East of England,0.591,8.163
1999,DJF,East of England,0.506,6.984
2000,DJF,East of England,0.461,7.729
2001,DJF,East of England,0.464,7.512
2002,DJF,East of England,0.516,7.775
2003,DJF,East of England,0.554,7.946
2004,DJF,East of England,0.409,5.977
2005,DJF,East of England,0.356,5.589
2006,DJF,East of England,0.397,7.357
2007,DJF,East of England,0.433,5.209
2008,DJF,East of England,0.513,6.690
2009,DJF,East of England,0.422,4.116
2010,DJF,East of England,0.297,10.233
2011,DJF,East of England,0.419,8.504
2012,DJF,East of England,0.445,5.558
2013,DJF,East of England,0.331,5.078
2014,DJF,East of England,0.581,6.744
2015,DJF,East of England,0.569,7.984
2016,DJF,East of England,0.348,5.217
2017,DJF,East of England,0.406,5.279
2018,DJF,East of England,0.439,4.279
2019,DJF,East of England,0.440,8.450
2020,DJF,East of England,0.357,3.868
2021,DJF,East of England,0.369,5.016
2022,DJF,East of England,0.488,7.124
2023,DJF,East of England,0.391,6.039
2024,DJF,East of England,0.325,3.504
2025,DJF,East of England,0.321,5.357
2026,DJF,East of England,0.492,5.403
2027,DJF,East of England,0.431,4.845
2028,DJF,East of England,0.294,3.961
2029,DJF,East of England,0.407,4.326
2030,DJF,East of England,0.474,6.217
2031,DJF,East of England,0.451,5.899
2032,DJF,East of England,0.442,5.566
2033,DJF,East of England,0.440,6.527
2034,DJF,East of England,0.408,6.047
2035,DJF,East of England,0.375,5.279
2036,DJF,East of England,0.270,3.946
2037,DJF,East of England,0.393,4.566
2038,DJF,East of England,0.358,7.612
2039,DJF,East of England,0.468,4.550
2040,DJF,East of England,0.572,10.031
2041,DJF,East of England,0.442,6.240
2042,DJF,East of England,0.486,9.837
2043,DJF,East of England,0.560,9.566
2044,DJF,East of England,0.458,5.953
2045,DJF,East of England,0.413,4.419
2046,DJF,East of England,0.365,5.333
2047,DJF,East of England,0.467,8.713
2048,DJF,East of England,0.525,8.760
2049,DJF,East of England,0.464,5.884
2050,DJF,East of England,0.457,5.667
2051,DJF,East of England,0.430,6.000
2052,DJF,East of England,0.379,7.225
2053,DJF,East of England,0.363,4.450
2054,DJF,East of England,0.469,6.876
2055,DJF,East of England,0.616,9.039
2056,DJF,East of England,0.489,6.938
2057,DJF,East of England,0.384,5.326
2058,DJF,East of England,0.420,7.822
2059,DJF,East of England,0.519,6.155
2060,DJF,East of England,0.430,5.023
2061,DJF,East of England,0.353,3.876
2062,DJF,East of England,0.565,9.194
2063,DJF,East of England,0.430,7.070
2064,DJF,East of England,0.517,7.442
2065,DJF,East of England,0.436,11.744
2066,DJF,East of England,0.309,7.078
2067,DJF,East of England,0.364,5.000
2068,DJF,East of England,0.504,6.085
2069,DJF,East of England,0.484,5.620
2070,DJF,East of England,0.492,8.349
2071,DJF,East of England,0.446,5.496
2072,DJF,East of England,0.442,7.868
2073,DJF,East of England,0.470,5.767
2074,DJF,East of England,0.620,11.481
2075,DJF,East of England,0.487,5.558
2076,DJF,East of England,0.375,5.721
2077,DJF,East of England,0.450,7.465
2078,DJF,East of England,0.424,5.481
2079,DJF,East of England,0.429,5.326
2080,DJF,East of England,0.408,4.953
1981,DJF,East Scotland,0.591,9.087
1982,DJF,East Scotland,0.559,7.118
1983,DJF,East Scotland,0.561,8.019
1984,DJF,East Scotland,0.530,7.988
1985,DJF,East Scotland,0.506,5.969
1986,DJF,East Scotland,0.568,9.957
1987,DJF,East Scotland,0.575,7.043
1988,DJF,East Scotland,0.605,7.925
1989,DJF,East Scotland,0.647,12.174
1990,DJF,East Scotland,0.599,8.348
1991,DJF,East Scotland,0.589,9.665
1992,DJF,East Scotland,0.512,7.273
1993,DJF,East Scotland,0.570,9.646
1994,DJF,East Scotland,0.453,7.851
1995,DJF,East Scotland,0.600,7.913
1996,DJF,East Scotland,0.538,8.298
1997,DJF,East Scotland,0.598,10.398
1998,DJF,East Scotland,0.585,7.708
1999,DJF,East Scotland,0.610,10.497
2000,DJF,East Scotland,0.496,10.416
2001,DJF,East Scotland,0.572,10.211
2002,DJF,East Scotland,0.658,8.640
2003,DJF,East Scotland,0.648,8.509
2004,DJF,East Scotland,0.528,6.733
2005,DJF,East Scotland,0.461,8.484
2006,DJF,East Scotland,0.616,12.441
2007,DJF,East Scotland,0.483,9.696
2008,DJF,East Scotland,0.621,9.950
2009,DJF,East Scotland,0.564,10.093
2010,DJF,East Scotland,0.460,7.969
2011,DJF,East Scotland,0.606,14.161
2012,DJF,East Scotland,0.597,10.211
2013,DJF,East Scotland,0.490,10.882
2014,DJF,East Scotland,0.594,9.261
2015,DJF,East Scotland,0.667,15.957
2016,DJF,East Scotland,0.490,8.124
2017,DJF,East Scotland,0.596,9.621
2018,DJF,East Scotland,0.589,8.025
2019,DJF,East Scotland,0.554,8.304
2020,DJF,East Scotland,0.631,10.273
2021,DJF,East Scotland,0.395,5.727
2022,DJF,East Scotland,0.546,7.901
2023,DJF,East Scotland,0.501,8.708
2024,DJF,East Scotland,0.494,7.106
2025,DJF,East Scotland,0.478,8.460
2026,DJF,East Scotland,0.589,6.994
2027,DJF,East Scotland,0.616,10.174
2028,DJF,East Scotland,0.561,10.329
2029,DJF,East Scotland,0.550,8.590
2030,DJF,East Scotland,0.646,11.534
2031,DJF,East Scotland,0.599,9.286
2032,DJF,East Scotland,0.499,6.814
2033,DJF,East Scotland,0.491,7.938
2034,DJF,East Scotland,0.597,10.292
2035,DJF,East Scotland,0.500,9.528
2036,DJF,East Scotland,0.505,10.087
2037,DJF,East Scotland,0.463,5.789
2038,DJF,East Scotland,0.409,6.702
2039,DJF,East Scotland,0.458,5.745
2040,DJF,East Scotland,0.635,10.901
2041,DJF,East Scotland,0.649,10.882
2042,DJF,East Scotland,0.534,8.497
2043,DJF,East Scotland,0.526,6.130
2044,DJF,East Scotland,0.524,10.037
2045,DJF,East Scotland,0.620,20.062
2046,DJF,East Scotland,0.476,8.366
2047,DJF,East Scotland,0.472,6.646
2048,DJF,East Scotland,0.611,13.671
2049,DJF,East Scotland,0.606,12.658
2050,DJF,East Scotland,0.558,9.752
2051,DJF,East Scotland,0.549,7.882
2052,DJF,East Scotland,0.453,7.857
2053,DJF,East Scotland,0.520,8.391
2054,DJF,East Scotland,0.562,7.714
2055,DJF,East Scotland,0.620,11.193
2056,DJF,East Scotland,0.575,8.807
2057,DJF,East Scotland,0.632,9.037
2058,DJF,East Scotland,0.534,8.236
2059,DJF,East Scotland,0.596,10.435
2060,DJF,East Scotland,0.562,10.528
2061,DJF,East Scotland,0.509,6.186
2062,DJF,East Scotland,0.527,8.571
2063,DJF,East Scotland,0.489,6.783
2064,DJF,East Scotland,0.519,7.435
2065,DJF,East Scotland,0.494,9.236
2066,DJF,East Scotland,0.399,7.180
2067,DJF,East Scotland,0.511,8.056
2068,DJF,East Scotland,0.506,6.621
2069,DJF,East Scotland,0.597,9.429
2070,DJF,East Scotland,0.675,11.118
2071,DJF,East Scotland,0.551,7.969
2072,DJF,East Scotland,0.638,11.621
2073,DJF,East Scotland,0.541,8.385
2074,DJF,East Scotland,0.600,7.994
2075,DJF,East Scotland,0.535,8.211
2076,DJF,East Scotland,0.466,6.814
2077,DJF,East Scotland,0.565,10.342
2078,DJF,East Scotland,0.491,8.652
2079,DJF,East Scotland,0.568,10.112
2080,DJF,East Scotland,0.540,8.820
1981,DJF,London,0.435,6.500
1982,DJF,London,0.369,4.083
1983,DJF,London,0.531,6.333
1984,DJF,London,0.497,7.250
1985,DJF,London,0.341,4.500
1986,DJF,London,0.441,6.167
1987,DJF,London,0.474,7.333
1988,DJF,London,0.512,7.083
1989,DJF,London,0.511,10.000
1990,DJF,London,0.497,6.333
1991,DJF,London,0.558,12.000
1992,DJF,London,0.469,6.000
1993,DJF,London,0.419,7.000
1994,DJF,London,0.379,4.500
1995,DJF,London,0.472,5.917
1996,DJF,London,0.522,9.833
1997,DJF,London,0.379,3.917
1998,DJF,London,0.615,7.000
1999,DJF,London,0.521,6.750
2000,DJF,London,0.478,8.750
2001,DJF,London,0.454,8.583
2002,DJF,London,0.520,7.417
2003,DJF,London,0.601,9.333
2004,DJF,London,0.407,5.167
2005,DJF,London,0.336,4.833
2006,DJF,London,0.391,6.000
2007,DJF,London,0.425,5.750
2008,DJF,London,0.567,5.750
2009,DJF,London,0.420,4.750
2010,DJF,London,0.287,6.000
2011,DJF,London,0.462,9.833
2012,DJF,London,0.462,6.167
2013,DJF,London,0.342,6.083
2014,DJF,London,0.576,6.500
2015,DJF,London,0.610,8.417
2016,DJF,London,0.356,4.667
2017,DJF,London,0.425,9.750
2018,DJF,London,0.482,4.333
2019,DJF,London,0.485,8.333
2020,DJF,London,0.303,3.250
2021,DJF,London,0.396,5.167
2022,DJF,London,0.511,9.833
2023,DJF,London,0.360,5.583
2024,DJF,London,0.391,5.500
2025,DJF,London,0.365,6.500
2026,DJF,London,0.444,5.750
2027,DJF,London,0.460,4.250
2028,DJF,London,0.294,3.750
2029,DJF,London,0.424,4.083
2030,DJF,London,0.489,4.917
2031,DJF,London,0.460,5.667
2032,DJF,London,0.496,5.667
2033,DJF,London,0.442,7.000
2034,DJF,London,0.393,5.167
2035,DJF,London,0.385,6.083
2036,DJF,London,0.232,3.000
2037,DJF,London,0.390,4.167
2038,DJF,London,0.361,7.500
2039,DJF,London,0.481,4.833
2040,DJF,London,0.567,10.667
2041,DJF,London,0.440,6.333
2042,DJF,London,0.549,10.167
2043,DJF,London,0.580,10.500
2044,DJF,London,0.470,7.000
2045,DJF,London,0.407,5.667
2046,DJF,London,0.369,6.167
2047,DJF,London,0.449,6.417
2048,DJF,London,0.527,6.000
2049,DJF,London,0.482,6.083
2050,DJF,London,0.477,5.833
2051,DJF,London,0.465,4.917
2052,DJF,London,0.368,7.167
2053,DJF,London,0.400,4.583
2054,DJF,London,0.437,6.000
2055,DJF,London,0.632,8.500
2056,DJF,London,0.456,6.250
2057,DJF,London,0.397,6.000
2058,DJF,London,0.407,6.500
2059,DJF,London,0.531,7.417
2060,DJF,London,0.431,4.167
2061,DJF,London,0.398,5.083
2062,DJF,London,0.532,7.083
2063,DJF,London,0.467,8.250
2064,DJF,London,0.510,5.417
2065,DJF,London,0.469,13.000
2066,DJF,London,0.314,7.000
2067,DJF,London,0.362,5.000
2068,DJF,London,0.513,5.333
2069,DJF,London,0.511,6.000
2070,DJF,London,0.560,7.167
2071,DJF,London,0.485,8.250
2072,DJF,London,0.421,6.250
2073,DJF,London,0.501,7.000
2074,DJF,London,0.650,9.417
2075,DJF,London,0.509,5.167
2076,DJF,London,0.413,7.083
2077,DJF,London,0.481,7.833
2078,DJF,London,0.454,5.500
2079,DJF,London,0.448,8.000
2080,DJF,London,0.477,5.417
1981,DJF,North East England,0.577,8.105
1982,DJF,North East England,0.481,7.263
1983,DJF,North East England,0.567,6.596
1984,DJF,North East England,0.529,7.754
1985,DJF,North East England,0.446,9.456
1986,DJF,North East England,0.507,7.614
1987,DJF,North East England,0.501,6.825
1988,DJF,North East England,0.575,7.772
1989,DJF,North East England,0.603,9.474
1990,DJF,North East England,0.542,7.298
1991,DJF,North East England,0.503,7.193
1992,DJF,North East England,0.478,5.596
1993,DJF,North East England,0.504,7.649
1994,DJF,North East England,0.496,7.456
1995,DJF,North East England,0.604,6.246
1996,DJF,North East England,0.559,8.246
1997,DJF,North East England,0.542,6.263
1998,DJF,North East England,0.552,7.649
1999,DJF,North East England,0.618,10.281
2000,DJF,North East England,0.454,9.193
2001,DJF,North East England,0.482,6.509
2002,DJF,North East England,0.610,6.912
2003,DJF,North East England,0.661,9.579
2004,DJF,North East England,0.470,6.246
2005,DJF,North East England,0.472,7.982
2006,DJF,North East England,0.589,10.316
2007,DJF,North East England,0.454,7.702
2008,DJF,North East England,0.595,7.088
2009,DJF,North East England,0.504,7.456
2010,DJF,North East England,0.433,7.140
2011,DJF,North East England,0.603,10.035
2012,DJF,North East England,0.572,8.000
2013,DJF,North East England,0.436,8.123
2014,DJF,North East England,0.547,7.912
2015,DJF,North East England,0.672,10.439
2016,DJF,North East England,0.497,8.982
2017,DJF,North East England,0.517,7.632
2018,DJF,North East England,0.541,7.263
2019,DJF,North East England,0.501,7.561
2020,DJF,North East England,0.583,12.105
2021,DJF,North East England,0.405,4.912
2022,DJF,North East England,0.495,5.930
2023,DJF,North East England,0.506,7.246
2024,DJF,North East England,0.453,5.825
2025,DJF,North East England,0.385,6.070
2026,DJF,North East England,0.581,7.316
2027,DJF,North East England,0.582,9.807
2028,DJF,North East England,0.386,4.632
2029,DJF,North East England,0.470,6.105
2030,DJF,North East England,0.590,10.860
2031,DJF,North East England,0.526,7.632
2032,DJF,North East England,0.508,6.807
2033,DJF,North East England,0.457,7.211
2034,DJF,North East England,0.546,8.877
2035,DJF,North East England,0.468,6.456
2036,DJF,North East England,0.401,10.035
2037,DJF,North East England,0.464,5.000
2038,DJF,North East England,0.411,5.439
2039,DJF,North East England,0.435,5.263
2040,DJF,North East England,0.611,10.632
2041,DJF,North East England,0.635,9.526
2042,DJF,North East England,0.486,5.842
2043,DJF,North East England,0.504,6.175
2044,DJF,North East England,0.474,5.228
2045,DJF,North East England,0.557,16.912
2046,DJF,North East England,0.445,8.351
2047,DJF,North East England,0.492,6.895
2048,DJF,North East England,0.586,9.965
2049,DJF,North East England,0.546,8.737
2050,DJF,North East England,0.544,8.895
2051,DJF,North East England,0.537,6.579
2052,DJF,North East England,0.384,6.614
2053,DJF,North East England,0.433,6.105
2054,DJF,North East England,0.562,7.035
2055,DJF,North East England,0.576,8.632
2056,DJF,North East England,0.543,7.035
2057,DJF,North East England,0.575,7.491
2058,DJF,North East England,0.482,7.965
2059,DJF,North East England,0.602,10.351
2060,DJF,North East England,0.582,10.175
2061,DJF,North East England,0.397,5.281
2062,DJF,North East England,0.525,9.456
2063,DJF,North East England,0.444,5.596
2064,DJF,North East England,0.500,8.667
2065,DJF,North East England,0.419,5.877
2066,DJF,North East England,0.375,6.421
2067,DJF,North East England,0.449,7.684
2068,DJF,North East England,0.558,7.421
2069,DJF,North East England,0.578,7.333
2070,DJF,North East England,0.608,10.877
2071,DJF,North East England,0.523,8.596
2072,DJF,North East England,0.513,6.246
2073,DJF,North East England,0.555,8.544
2074,DJF,North East England,0.582,6.509
2075,DJF,North East England,0.492,5.316
2076,DJF,North East England,0.455,6.737
2077,DJF,North East England,0.528,8.825
2078,DJF,North East England,0.438,5.684
2079,DJF,North East England,0.531,7.228
2080,DJF,North East England,0.481,6.754
1981,DJF,North Scotland,0.629,11.349
1982,DJF,North Scotland,0.683,11.540
1983,DJF,North Scotland,0.533,8.521
1984,DJF,North Scotland,0.503,9.642
1985,DJF,North Scotland,0.611,10.126
1986,DJF,North Scotland,0.626,12.223
1987,DJF,North Scotland,0.617,7.758
1988,DJF,North Scotland,0.620,8.619
1989,DJF,North Scotland,0.607,10.763
1990,DJF,North Scotland,0.680,12.074
1991,DJF,North Scotland,0.639,10.991
1992,DJF,North Scotland,0.580,9.074
1993,DJF,North Scotland,0.554,9.284
1994,DJF,North Scotland,0.393,7.093
1995,DJF,North Scotland,0.664,11.372
1996,DJF,North Scotland,0.555,8.786
1997,DJF,North Scotland,0.620,11.567
1998,DJF,North Scotland,0.662,9.940
1999,DJF,North Scotland,0.553,11.591
2000,DJF,North Scotland,0.624,14.660
2001,DJF,North Scotland,0.555,7.428
2002,DJF,North Scotland,0.637,10.586
2003,DJF,North Scotland,0.552,8.288
2004,DJF,North Scotland,0.456,6.921
2005,DJF,North Scotland,0.379,5.014
2006,DJF,North Scotland,0.633,19.191
2007,DJF,North Scotland,0.530,7.828
2008,DJF,North Scotland,0.517,8.409
2009,DJF,North Scotland,0.656,15.623
2010,DJF,North Scotland,0.524,10.149
2011,DJF,North Scotland,0.565,13.674
2012,DJF,North Scotland,0.637,12.256
2013,DJF,North Scotland,0.474,7.549
2014,DJF,North Scotland,0.594,10.860
2015,DJF,North Scotland,0.679,16.233
2016,DJF,North Scotland,0.482,10.693
2017,DJF,North Scotland,0.638,10.186
2018,DJF,North Scotland,0.615,8.940
2019,DJF,North Scotland,0.631,10.535
2020,DJF,North Scotland,0.586,10.995
2021,DJF,North Scotland,0.411,9.205
2022,DJF,North Scotland,0.486,7.088
2023,DJF,North Scotland,0.399,6.912
2024,DJF,North Scotland,0.463,5.521
2025,DJF,North Scotland,0.534,8.693
2026,DJF,North Scotland,0.599,10.223
2027,DJF,North Scotland,0.580,8.809
2028,DJF,North Scotland,0.749,21.177
2029,DJF,North Scotland,0.578,9.893
2030,DJF,North Scotland,0.705,12.823
2031,DJF,North Scotland,0.687,12.749
2032,DJF,North Scotland,0.458,5.963
2033,DJF,North Scotland,0.567,8.102
2034,DJF,North Scotland,0.621,12.814
2035,DJF,North Scotland,0.537,10.763
2036,DJF,North Scotland,0.673,15.344
2037,DJF,North Scotland,0.473,6.516
2038,DJF,North Scotland,0.488,8.456
2039,DJF,North Scotland,0.545,8.958
2040,DJF,North Scotland,0.719,14.214
2041,DJF,North Scotland,0.542,8.419
2042,DJF,North Scotland,0.531,10.014
2043,DJF,North Scotland,0.541,6.856
2044,DJF,North Scotland,0.591,15.498
2045,DJF,North Scotland,0.528,12.177
2046,DJF,North Scotland,0.433,6.963
2047,DJF,North Scotland,0.468,7.577
2048,DJF,North Scotland,0.696,11.619
2049,DJF,North Scotland,0.694,21.586
2050,DJF,North Scotland,0.549,9.344
2051,DJF,North Scotland,0.474,6.726
2052,DJF,North Scotland,0.516,9.526
2053,DJF,North Scotland,0.542,10.535
2054,DJF,North Scotland,0.643,11.009
2055,DJF,North Scotland,0.613,9.428
2056,DJF,North Scotland,0.563,13.437
2057,DJF,North Scotland,0.610,9.907
2058,DJF,North Scotland,0.538,8.540
2059,DJF,North Scotland,0.616,11.488
2060,DJF,North Scotland,0.503,10.028
2061,DJF,North Scotland,0.564,12.484
2062,DJF,North Scotland,0.507,11.884
2063,DJF,North Scotland,0.526,7.163
2064,DJF,North Scotland,0.515,7.363
2065,DJF,North Scotland,0.563,9.600
2066,DJF,North Scotland,0.434,6.209
2067,DJF,North Scotland,0.552,12.037
2068,DJF,North Scotland,0.448,6.126
2069,DJF,North Scotland,0.622,12.102
2070,DJF,North Scotland,0.671,11.963
2071,DJF,North Scotland,0.467,8.047
2072,DJF,North Scotland,0.721,12.847
2073,DJF,North Scotland,0.549,10.516
2074,DJF,North Scotland,0.662,9.777
2075,DJF,North Scotland,0.586,8.158
2076,DJF,North Scotland,0.442,8.009
2077,DJF,North Scotland,0.581,12.744
2078,DJF,North Scotland,0.529,11.181
2079,DJF,North Scotland,0.592,14.470
2080,DJF,North Scotland,0.601,10.693
1981,DJF,North West England,0.617,13.095
1982,DJF,North West England,0.545,7.895
1983,DJF,North West England,0.601,6.737
1984,DJF,North West England,0.490,16.011
1985,DJF,North West England,0.450,6.853
1986,DJF,North West England,0.583,11.684
1987,DJF,North West England,0.575,9.411
1988,DJF,North West England,0.646,9.368
1989,DJF,North West England,0.661,13.705
1990,DJF,North West England,0.689,11.116
1991,DJF,North West England,0.612,11.484
1992,DJF,North West England,0.530,6.979
1993,DJF,North West England,0.542,9.305
1994,DJF,North West England,0.444,6.337
1995,DJF,North West England,0.654,10.168
1996,DJF,North West England,0.575,9.042
1997,DJF,North West England,0.649,11.768
1998,DJF,North West England,0.696,11.632
1999,DJF,North West England,0.649,12.547
2000,DJF,North West England,0.545,11.084
2001,DJF,North West England,0.524,7.253
2002,DJF,North West England,0.655,10.811
2003,DJF,North West England,0.688,11.937
2004,DJF,North West England,0.464,8.505
2005,DJF,North West England,0.425,6.611
2006,DJF,North West England,0.641,19.926
2007,DJF,North West England,0.543,12.116
2008,DJF,North West England,0.582,8.905
2009,DJF,North West England,0.542,7.958
2010,DJF,North West England,0.447,11.305
2011,DJF,North West England,0.620,13.274
2012,DJF,North West England,0.603,11.705
2013,DJF,North West England,0.429,5.737
2014,DJF,North West England,0.610,11.137
2015,DJF,North West England,0.754,19.000
2016,DJF,North West England,0.467,8.253
2017,DJF,North West England,0.620,10.168
2018,DJF,North West England,0.597,10.074
2019,DJF,North West England,0.601,11.421
2020,DJF,North West England,0.600,12.495
2021,DJF,North West England,0.397,4.537
2022,DJF,North West England,0.490,8.274
2023,DJF,North West England,0.384,6.232
2024,DJF,North West England,0.458,6.421
2025,DJF,North West England,0.406,7.505
2026,DJF,North West England,0.643,10.200
2027,DJF,North West England,0.563,7.368
2028,DJF,North West England,0.512,5.789
2029,DJF,North West England,0.571,9.874
2030,DJF,North West England,0.661,14.821
2031,DJF,North West England,0.610,10.421
2032,DJF,North West England,0.546,8.905
2033,DJF,North West England,0.508,7.726
2034,DJF,North West England,0.657,13.084
2035,DJF,North West England,0.538,9.716
2036,DJF,North West England,0.453,11.253
2037,DJF,North West England,0.475,6.495
2038,DJF,North West England,0.419,7.874
2039,DJF,North West England,0.540,5.674
2040,DJF,North West England,0.677,10.495
2041,DJF,North West England,0.549,9.242
2042,DJF,North West England,0.567,11.116
2043,DJF,North West England,0.623,10.737
2044,DJF,North West England,0.604,9.200
2045,DJF,North West England,0.592,15.726
2046,DJF,North West England,0.412,7.916
2047,DJF,North West England,0.462,9.253
2048,DJF,North West England,0.670,12.316
2049,DJF,North West England,0.641,11.126
2050,DJF,North West England,0.537,9.242
2051,DJF,North West England,0.536,7.442
2052,DJF,North West England,0.473,10.063
2053,DJF,North West England,0.524,11.389
2054,DJF,North West England,0.656,10.979
2055,DJF,North West England,0.686,15.200
2056,DJF,North West England,0.565,8.800
2057,DJF,North West England,0.594,10.442
2058,DJF,North West England,0.512,7.253
2059,DJF,North West England,0.651,10.484
2060,DJF,North West England,0.557,11.379
2061,DJF,North West England,0.516,9.179
2062,DJF,North West England,0.573,16.032
2063,DJF,North West England,0.529,7.253
2064,DJF,North West England,0.555,10.316
2065,DJF,North West England,0.453,8.358
2066,DJF,North West England,0.364,7.116
2067,DJF,North West England,0.507,7.547
2068,DJF,North West England,0.548,8.000
2069,DJF,North West England,0.678,9.421
2070,DJF,North West England,0.713,13.716
2071,DJF,North West England,0.518,8.768
2072,DJF,North West England,0.634,11.126
2073,DJF,North West England,0.601,10.505
2074,DJF,North West England,0.701,12.274
2075,DJF,North West England,0.613,10.274
2076,DJF,North West England,0.490,8.400
2077,DJF,North West England,0.592,9.505
2078,DJF,North West England,0.601,14.105
2079,DJF,North West England,0.547,11.663
2080,DJF,North West England,0.588,11.589
1981,DJF,South East England,0.457,6.279
1982,DJF,South East England,0.387,4.811
1983,DJF,South East England,0.567,7.295
1984,DJF,South East England,0.466,8.172
1985,DJF,South East England,0.312,4.779
1986,DJF,South East England,0.441,5.738
1987,DJF,South East England,0.481,8.115
1988,DJF,South East England,0.499,6.311
1989,DJF,South East England,0.543,8.943
1990,DJF,South East England,0.482,6.533
1991,DJF,South East England,0.566,9.664
1992,DJF,South East England,0.515,7.500
1993,DJF,South East England,0.451,7.680
1994,DJF,South East England,0.387,4.541
1995,DJF,South East England,0.475,6.049
1996,DJF,South East England,0.512,9.738
1997,DJF,South East England,0.406,5.443
1998,DJF,South East England,0.588,6.738
1999,DJF,South East England,0.540,6.557
2000,DJF,South East England,0.476,9.984
2001,DJF,South East England,0.472,6.574
2002,DJF,South East England,0.542,7.762
2003,DJF,South East England,0.586,8.803
2004,DJF,South East England,0.439,5.500
2005,DJF,South East England,0.334,4.779
2006,DJF,South East England,0.403,6.467
2007,DJF,South East England,0.448,6.082
2008,DJF,South East England,0.558,6.713
2009,DJF,South East England,0.441,5.959
2010,DJF,South East England,0.323,6.303
2011,DJF,South East England,0.470,8.352
2012,DJF,South East England,0.454,6.369
2013,DJF,South East England,0.362,5.926
2014,DJF,South East England,0.591,7.467
2015,DJF,South East England,0.631,10.451
2016,DJF,South East England,0.368,5.074
2017,DJF,South East England,0.448,11.287
2018,DJF,South East England,0.478,4.377
2019,DJF,South East England,0.493,10.697
2020,DJF,South East England,0.356,4.459
2021,DJF,South East England,0.394,6.033
2022,DJF,South East England,0.533,11.082
2023,DJF,South East England,0.373,5.598
2024,DJF,South East England,0.412,5.795
2025,DJF,South East England,0.372,6.582
2026,DJF,South East England,0.463,7.434
2027,DJF,South East England,0.488,5.525
2028,DJF,South East England,0.307,3.475
2029,DJF,South East England,0.439,5.008
2030,DJF,South East England,0.486,6.402
2031,DJF,South East England,0.473,6.205
2032,DJF,South East England,0.499,6.189
2033,DJF,South East England,0.445,7.475
2034,DJF,South East England,0.412,5.844
2035,DJF,South East England,0.414,7.697
2036,DJF,South East England,0.266,6.951
2037,DJF,South East England,0.411,4.328
2038,DJF,South East England,0.400,7.738
2039,DJF,South East England,0.509,6.164
2040,DJF,South East England,0.578,11.369
2041,DJF,South East England,0.472,7.262
2042,DJF,South East England,0.557,11.107
2043,DJF,South East England,0.555,9.172
2044,DJF,South East England,0.490,6.828
2045,DJF,South East England,0.447,7.205
2046,DJF,South East England,0.392,6.885
2047,DJF,South East England,0.467,8.295
2048,DJF,South East England,0.508,7.205
2049,DJF,South East England,0.484,5.705
2050,DJF,South East England,0.471,5.885
2051,DJF,South East England,0.455,5.574
2052,DJF,South East England,0.397,7.713
2053,DJF,South East England,0.403,6.066
2054,DJF,South East England,0.463,6.779
2055,DJF,South East England,0.647,10.123
2056,DJF,South East England,0.461,7.443
2057,DJF,South East England,0.457,6.082
2058,DJF,South East England,0.400,6.361
2059,DJF,South East England,0.548,10.025
2060,DJF,South East England,0.434,6.180
2061,DJF,South East England,0.431,5.926
2062,DJF,South East England,0.586,9.918
2063,DJF,South East England,0.471,7.811
2064,DJF,South East England,0.522,6.172
2065,DJF,South East England,0.449,13.213
2066,DJF,South East England,0.314,6.402
2067,DJF,South East England,0.354,5.500
2068,DJF,South East England,0.536,6.852
2069,DJF,South East England,0.536,6.566
2070,DJF,South East England,0.556,8.270
2071,DJF,South East England,0.475,8.590
2072,DJF,South East England,0.434,6.795
2073,DJF,South East England,0.501,6.992
2074,DJF,South East England,0.653,9.205
2075,DJF,South East England,0.555,6.525
2076,DJF,South East England,0.420,6.680
2077,DJF,South East England,0.485,7.516
2078,DJF,South East England,0.472,7.041
2079,DJF,South East England,0.453,8.779
2080,DJF,South East England,0.481,7.525
1981,DJF,South West England,0.509,7.463
1982,DJF,South West England,0.428,6.588
1983,DJF,South West England,0.607,6.206
1984,DJF,South West England,0.465,7.031
1985,DJF,South West England,0.289,4.537
1986,DJF,South West England,0.482,6.231
1987,DJF,South West England,0.489,8.662
1988,DJF,South West England,0.590,8.688
1989,DJF,South West England,0.586,9.056
1990,DJF,South West England,0.517,7.869
1991,DJF,South West England,0.585,9.731
1992,DJF,South West England,0.579,8.656
1993,DJF,South West England,0.470,8.188
1994,DJF,South West England,0.413,5.294
1995,DJF,South West England,0.515,6.906
1996,DJF,South West England,0.522,8.269
1997,DJF,South West England,0.531,6.963
1998,DJF,South West England,0.647,7.938
1999,DJF,South West England,0.594,8.869
2000,DJF,South West England,0.500,12.094
2001,DJF,South West England,0.487,10.312
2002,DJF,South West England,0.568,8.488
2003,DJF,South West England,0.620,12.500
2004,DJF,South West England,0.483,6.581
2005,DJF,South West England,0.343,5.306
2006,DJF,South West England,0.489,7.994
2007,DJF,South West England,0.480,9.162
2008,DJF,South West England,0.597,8.381
2009,DJF,South West England,0.445,6.650
2010,DJF,South West England,0.377,8.162
2011,DJF,South West England,0.554,10.137
2012,DJF,South West England,0.507,9.344
2013,DJF,South West England,0.369,5.213
2014,DJF,South West England,0.602,9.000
2015,DJF,South West England,0.639,12.919
2016,DJF,South West England,0.425,6.838
2017,DJF,South West England,0.543,10.650
2018,DJF,South West England,0.520,6.081
2019,DJF,South West England,0.488,9.656
2020,DJF,South West England,0.464,6.244
2021,DJF,South West England,0.385,6.381
2022,DJF,South West England,0.519,9.756
2023,DJF,South West England,0.417,6.269
2024,DJF,South West England,0.482,6.838
2025,DJF,South West England,0.398,7.344
2026,DJF,South West England,0.540,9.306
2027,DJF,South West England,0.573,9.037
2028,DJF,South West England,0.351,4.300
2029,DJF,South West England,0.481,7.250
2030,DJF,South West England,0.540,8.175
2031,DJF,South West England,0.525,6.463
2032,DJF,South West England,0.536,7.819
2033,DJF,South West England,0.472,6.100
2034,DJF,South West England,0.499,8.969
2035,DJF,South West England,0.431,8.269
2036,DJF,South West England,0.310,4.931
2037,DJF,South West England,0.421,5.487
2038,DJF,South West England,0.429,16.288
2039,DJF,South West England,0.547,6.781
2040,DJF,South West England,0.607,10.019
2041,DJF,South West England,0.529,10.744
2042,DJF,South West England,0.559,12.244
2043,DJF,South West England,0.607,12.675
2044,DJF,South West England,0.524,9.419
2045,DJF,South West England,0.505,7.331
2046,DJF,South West England,0.408,8.088
2047,DJF,South West England,0.452,7.269
2048,DJF,South West England,0.567,8.894
2049,DJF,South West England,0.519,6.256
2050,DJF,South West England,0.513,7.931
2051,DJF,South West England,0.527,6.369
2052,DJF,South West England,0.439,8.037
2053,DJF,South West England,0.499,7.362
2054,DJF,South West England,0.511,7.188
2055,DJF,South West England,0.681,11.650
2056,DJF,South West England,0.462,6.362
2057,DJF,South West England,0.545,8.481
2058,DJF,South West England,0.435,7.825
2059,DJF,South West England,0.639,14.981
2060,DJF,South West England,0.453,7.831
2061,DJF,South West England,0.471,6.244
2062,DJF,South West England,0.646,12.762
2063,DJF,South West England,0.532,7.900
2064,DJF,South West England,0.567,8.200
2065,DJF,South West England,0.474,11.800
2066,DJF,South West England,0.340,7.006
2067,DJF,South West England,0.412,6.050
2068,DJF,South West England,0.561,7.638
2069,DJF,South West England,0.583,8.787
2070,DJF,South West England,0.617,9.662
2071,DJF,South West England,0.516,10.031
2072,DJF,South West England,0.527,7.825
2073,DJF,South West England,0.547,7.250
2074,DJF,South West England,0.703,13.500
2075,DJF,South West England,0.608,9.044
2076,DJF,South West England,0.487,7.081
2077,DJF,South West England,0.520,7.138
2078,DJF,South West England,0.499,8.975
2079,DJF,South West England,0.478,7.688
2080,DJF,South West England,0.507,10.713
1981,DJF,West Midlands,0.490,6.314
1982,DJF,West Midlands,0.423,4.837
1983,DJF,West Midlands,0.537,5.791
1984,DJF,West Midlands,0.445,7.430
1985,DJF,West Midlands,0.324,4.651
1986,DJF,West Midlands,0.448,5.895
1987,DJF,West Midlands,0.475,6.686
1988,DJF,West Midlands,0.514,7.023
1989,DJF,West Midlands,0.545,6.791
1990,DJF,West Midlands,0.515,6.407
1991,DJF,West Midlands,0.529,8.477
1992,DJF,West Midlands,0.486,4.977
1993,DJF,West Midlands,0.445,5.512
1994,DJF,West Midlands,0.389,5.337
1995,DJF,West Midlands,0.519,5.488
1996,DJF,West Midlands,0.505,10.209
1997,DJF,West Midlands,0.478,5.221
1998,DJF,West Midlands,0.619,9.349
1999,DJF,West Midlands,0.568,8.267
2000,DJF,West Midlands,0.459,10.430
2001,DJF,West Midlands,0.474,6.814
2002,DJF,West Midlands,0.540,7.570
2003,DJF,West Midlands,0.571,8.302
2004,DJF,West Midlands,0.443,5.942
2005,DJF,West Midlands,0.362,6.360
2006,DJF,West Midlands,0.506,8.826
2007,DJF,West Midlands,0.459,7.326
2008,DJF,West Midlands,0.550,6.477
2009,DJF,West Midlands,0.412,5.663
2010,DJF,West Midlands,0.347,6.279
2011,DJF,West Midlands,0.509,8.116
2012,DJF,West Midlands,0.465,5.349
2013,DJF,West Midlands,0.356,4.674
2014,DJF,West Midlands,0.594,9.593
2015,DJF,West Midlands,0.642,11.093
2016,DJF,West Midlands,0.346,4.326
2017,DJF,West Midlands,0.509,7.791
2018,DJF,West Midlands,0.487,5.442
2019,DJF,West Midlands,0.489,9.430
2020,DJF,West Midlands,0.502,6.395
2021,DJF,West Midlands,0.401,6.256
2022,DJF,West Midlands,0.474,6.872
2023,DJF,West Midlands,0.388,5.512
2024,DJF,West Midlands,0.352,3.640
2025,DJF,West Midlands,0.359,5.919
2026,DJF,West Midlands,0.506,7.523
2027,DJF,West Midlands,0.483,6.744
2028,DJF,West Midlands,0.376,3.698
2029,DJF,West Midlands,0.484,6.116
2030,DJF,West Midlands,0.521,7.837
2031,DJF,West Midlands,0.475,5.709
2032,DJF,West Midlands,0.509,7.407
2033,DJF,West Midlands,0.421,5.058
2034,DJF,West Midlands,0.462,7.593
2035,DJF,West Midlands,0.435,7.535
2036,DJF,West Midlands,0.310,5.000
2037,DJF,West Midlands,0.398,5.105
2038,DJF,West Midlands,0.396,8.884
2039,DJF,West Midlands,0.535,5.988
2040,DJF,West Midlands,0.567,8.500
2041,DJF,West Midlands,0.500,8.093
2042,DJF,West Midlands,0.550,10.093
2043,DJF,West Midlands,0.581,9.407
2044,DJF,West Midlands,0.468,5.419
2045,DJF,West Midlands,0.512,10.698
2046,DJF,West Midlands,0.350,6.047
2047,DJF,West Midlands,0.455,8.477
2048,DJF,West Midlands,0.593,10.349
2049,DJF,West Midlands,0.544,6.814
2050,DJF,West Midlands,0.503,7.035
2051,DJF,West Midlands,0.435,5.279
2052,DJF,West Midlands,0.344,5.116
2053,DJF,West Midlands,0.460,7.314
2054,DJF,West Midlands,0.523,5.442
2055,DJF,West Midlands,0.624,9.802
2056,DJF,West Midlands,0.466,7.151
2057,DJF,West Midlands,0.487,5.186
2058,DJF,West Midlands,0.418,6.756
2059,DJF,West Midlands,0.566,7.721
2060,DJF,West Midlands,0.479,8.419
2061,DJF,West Midlands,0.416,5.523
2062,DJF,West Midlands,0.545,9.942
2063,DJF,West Midlands,0.477,4.953
2064,DJF,West Midlands,0.529,9.895
2065,DJF,West Midlands,0.436,11.733
2066,DJF,West Midlands,0.352,7.744
2067,DJF,West Midlands,0.420,6.628
2068,DJF,West Midlands,0.534,6.814
2069,DJF,West Midlands,0.554,7.244
2070,DJF,West Midlands,0.593,8.163
2071,DJF,West Midlands,0.475,10.047
2072,DJF,West Midlands,0.473,6.709
2073,DJF,West Midlands,0.492,6.372
2074,DJF,West Midlands,0.619,9.953
2075,DJF,West Midlands,0.485,5.291
2076,DJF,West Midlands,0.440,5.058
2077,DJF,West Midlands,0.489,6.860
2078,DJF,West Midlands,0.488,8.721
2079,DJF,West Midlands,0.455,6.337
2080,DJF,West Midlands,0.478,8.872
1981,DJF,West Scotland,0.632,13.252
1982,DJF,West Scotland,0.627,9.430
1983,DJF,West Scotland,0.584,7.081
1984,DJF,West Scotland,0.476,11.244
1985,DJF,West Scotland,0.510,7.837
1986,DJF,West Scotland,0.582,10.652
1987,DJF,West Scotland,0.584,8.319
1988,DJF,West Scotland,0.661,11.163
1989,DJF,West Scotland,0.668,13.704
1990,DJF,West Scotland,0.668,11.837
1991,DJF,West Scotland,0.620,10.644
1992,DJF,West Scotland,0.542,8.659
1993,DJF,West Scotland,0.501,7.911
1994,DJF,West Scotland,0.391,5.726
1995,DJF,West Scotland,0.626,11.148
1996,DJF,West Scotland,0.563,8.007
1997,DJF,West Scotland,0.670,16.881
1998,DJF,West Scotland,0.643,9.363
1999,DJF,West Scotland,0.622,10.230
2000,DJF,West Scotland,0.547,15.467
2001,DJF,West Scotland,0.577,9.785
2002,DJF,West Scotland,0.685,9.800
2003,DJF,West Scotland,0.631,9.370
2004,DJF,West Scotland,0.421,5.726
2005,DJF,West Scotland,0.380,6.356
2006,DJF,West Scotland,0.622,21.333
2007,DJF,West Scotland,0.570,11.763
2008,DJF,West Scotland,0.537,7.719
2009,DJF,West Scotland,0.573,9.193
2010,DJF,West Scotland,0.459,9.511
2011,DJF,West Scotland,0.641,15.563
2012,DJF,West Scotland,0.634,13.133
2013,DJF,West Scotland,0.426,5.481
2014,DJF,West Scotland,0.574,9.607
2015,DJF,West Scotland,0.736,16.593
2016,DJF,West Scotland,0.471,6.607
2017,DJF,West Scotland,0.653,10.578
2018,DJF,West Scotland,0.596,9.778
2019,DJF,West Scotland,0.621,9.281
2020,DJF,West Scotland,0.643,12.704
2021,DJF,West Scotland,0.397,5.074
2022,DJF,West Scotland,0.513,8.704
2023,DJF,West Scotland,0.362,8.096
2024,DJF,West Scotland,0.460,6.474
2025,DJF,West Scotland,0.461,8.244
2026,DJF,West Scotland,0.634,7.059
2027,DJF,West Scotland,0.549,7.400
2028,DJF,West Scotland,0.663,12.044
2029,DJF,West Scotland,0.573,9.200
2030,DJF,West Scotland,0.702,15.252
2031,DJF,West Scotland,0.674,12.296
2032,DJF,West Scotland,0.469,6.978
2033,DJF,West Scotland,0.516,8.585
2034,DJF,West Scotland,0.677,13.259
2035,DJF,West Scotland,0.563,12.548
2036,DJF,West Scotland,0.563,11.644
2037,DJF,West Scotland,0.463,7.252
2038,DJF,West Scotland,0.460,9.474
2039,DJF,West Scotland,0.510,6.970
2040,DJF,West Scotland,0.695,11.474
2041,DJF,West Scotland,0.571,8.437
2042,DJF,West Scotland,0.547,9.830
2043,DJF,West Scotland,0.605,7.726
2044,DJF,West Scotland,0.600,11.200
2045,DJF,West Scotland,0.624,14.889
2046,DJF,West Scotland,0.407,8.385
2047,DJF,West Scotland,0.449,7.556
2048,DJF,West Scotland,0.678,12.304
2049,DJF,West Scotland,0.714,16.319
2050,DJF,West Scotland,0.497,9.815
2051,DJF,West Scotland,0.537,8.193
2052,DJF,West Scotland,0.530,9.889
2053,DJF,West Scotland,0.586,10.852
2054,DJF,West Scotland,0.609,9.385
2055,DJF,West Scotland,0.644,10.763
2056,DJF,West Scotland,0.568,10.519
2057,DJF,West Scotland,0.649,12.237
2058,DJF,West Scotland,0.535,7.533
2059,DJF,West Scotland,0.683,11.126
2060,DJF,West Scotland,0.518,11.741
2061,DJF,West Scotland,0.615,10.622
2062,DJF,West Scotland,0.554,13.763
2063,DJF,West Scotland,0.543,9.844
2064,DJF,West Scotland,0.517,8.844
2065,DJF,West Scotland,0.528,11.719
2066,DJF,West Scotland,0.379,7.993
2067,DJF,West Scotland,0.560,7.881
2068,DJF,West Scotland,0.440,6.844
2069,DJF,West Scotland,0.638,10.526
2070,DJF,West Scotland,0.700,15.904
2071,DJF,West Scotland,0.520,8.511
2072,DJF,West Scotland,0.704,10.956
2073,DJF,West Scotland,0.558,9.496
2074,DJF,West Scotland,0.659,9.356
2075,DJF,West Scotland,0.576,8.815
2076,DJF,West Scotland,0.463,7.104
2077,DJF,West Scotland,0.593,12.119
2078,DJF,West Scotland,0.589,12.037
2079,DJF,West Scotland,0.557,10.711
2080,DJF,West Scotland,0.612,11.289
1981,DJF,Yorkshire and Humber,0.478,8.129
1982,DJF,Yorkshire and Humber,0.432,8.129
1983,DJF,Yorkshire and Humber,0.538,6.297
1984,DJF,Yorkshire and Humber,0.456,8.663
1985,DJF,Yorkshire and Humber,0.428,7.911
1986,DJF,Yorkshire and Humber,0.490,8.673
1987,DJF,Yorkshire and Humber,0.494,7.495
1988,DJF,Yorkshire and Humber,0.521,6.505
1989,DJF,Yorkshire and Humber,0.568,7.584
1990,DJF,Yorkshire and Humber,0.558,8.218
1991,DJF,Yorkshire and Humber,0.482,6.861
1992,DJF,Yorkshire and Humber,0.484,4.881
1993,DJF,Yorkshire and Humber,0.502,6.327
1994,DJF,Yorkshire and Humber,0.425,5.564
1995,DJF,Yorkshire and Humber,0.566,8.624
1996,DJF,Yorkshire and Humber,0.518,7.327
1997,DJF,Yorkshire and Humber,0.502,5.683
1998,DJF,Yorkshire and Humber,0.559,7.446
1999,DJF,Yorkshire and Humber,0.543,7.960
2000,DJF,Yorkshire and Humber,0.456,7.762
2001,DJF,Yorkshire and Humber,0.456,5.941
2002,DJF,Yorkshire and Humber,0.602,9.822
2003,DJF,Yorkshire and Humber,0.637,9.921
2004,DJF,Yorkshire and Humber,0.405,5.416
2005,DJF,Yorkshire and Humber,0.408,5.782
2006,DJF,Yorkshire and Humber,0.543,9.921
2007,DJF,Yorkshire and Humber,0.477,9.089
2008,DJF,Yorkshire and Humber,0.568,7.188
2009,DJF,Yorkshire and Humber,0.466,6.792
2010,DJF,Yorkshire and Humber,0.372,7.238
2011,DJF,Yorkshire and Humber,0.537,8.406
2012,DJF,Yorkshire and Humber,0.497,6.198
2013,DJF,Yorkshire and Humber,0.386,6.495
2014,DJF,Yorkshire and Humber,0.574,9.347
2015,DJF,Yorkshire and Humber,0.663,11.941
2016,DJF,Yorkshire and Humber,0.417,6.842
2017,DJF,Yorkshire and Humber,0.482,5.911
2018,DJF,Yorkshire and Humber,0.492,6.624
2019,DJF,Yorkshire and Humber,0.474,7.584
2020,DJF,Yorkshire and Humber,0.519,6.505
2021,DJF,Yorkshire and Humber,0.381,4.376
2022,DJF,Yorkshire and Humber,0.473,5.970
2023,DJF,Yorkshire and Humber,0.467,7.693
2024,DJF,Yorkshire and Humber,0.395,5.069
2025,DJF,Yorkshire and Humber,0.387,7.901
2026,DJF,Yorkshire and Humber,0.552,7.931
2027,DJF,Yorkshire and Humber,0.521,6.178
2028,DJF,Yorkshire and Humber,0.334,3.168
2029,DJF,Yorkshire and Humber,0.469,5.772
2030,DJF,Yorkshire and Humber,0.549,9.782
2031,DJF,Yorkshire and Humber,0.508,8.089
2032,DJF,Yorkshire and Humber,0.506,6.881
2033,DJF,Yorkshire and Humber,0.439,5.594
2034,DJF,Yorkshire and Humber,0.494,9.267
2035,DJF,Yorkshire and Humber,0.471,8.198
2036,DJF,Yorkshire and Humber,0.350,6.109
2037,DJF,Yorkshire and Humber,0.450,4.772
2038,DJF,Yorkshire and Humber,0.385,5.257
2039,DJF,Yorkshire and Humber,0.491,5.832
2040,DJF,Yorkshire and Humber,0.594,8.287
2041,DJF,Yorkshire and Humber,0.568,8.564
2042,DJF,Yorkshire and Humber,0.488,8.287
2043,DJF,Yorkshire and Humber,0.521,8.188
2044,DJF,Yorkshire and Humber,0.482,6.356
2045,DJF,Yorkshire and Humber,0.531,13.564
2046,DJF,Yorkshire and Humber,0.369,5.515
2047,DJF,Yorkshire and Humber,0.421,7.257
2048,DJF,Yorkshire and Humber,0.603,8.416
2049,DJF,Yorkshire and Humber,0.534,8.673
2050,DJF,Yorkshire and Humber,0.507,8.426
2051,DJF,Yorkshire and Humber,0.459,6.069
2052,DJF,Yorkshire and Humber,0.378,5.644
2053,DJF,Yorkshire and Humber,0.417,6.861
2054,DJF,Yorkshire and Humber,0.542,7.208
2055,DJF,Yorkshire and Humber,0.585,11.396
2056,DJF,Yorkshire and Humber,0.476,5.485
2057,DJF,Yorkshire and Humber,0.555,6.584
2058,DJF,Yorkshire and Humber,0.449,7.337
2059,DJF,Yorkshire and Humber,0.581,8.851
2060,DJF,Yorkshire and Humber,0.535,8.228
2061,DJF,Yorkshire and Humber,0.404,5.941
2062,DJF,Yorkshire and Humber,0.522,10.584
2063,DJF,Yorkshire and Humber,0.439,5.426
2064,DJF,Yorkshire and Humber,0.515,7.901
2065,DJF,Yorkshire and Humber,0.351,5.436
2066,DJF,Yorkshire and Humber,0.347,7.574
2067,DJF,Yorkshire and Humber,0.402,6.554
2068,DJF,Yorkshire and Humber,0.526,7.931
2069,DJF,Yorkshire and Humber,0.562,6.772
2070,DJF,Yorkshire and Humber,0.586,8.693
2071,DJF,Yorkshire and Humber,0.483,8.040
2072,DJF,Yorkshire and Humber,0.466,5.545
2073,DJF,Yorkshire and Humber,0.540,6.950
2074,DJF,Yorkshire and Humber,0.592,6.723
2075,DJF,Yorkshire and Humber,0.493,6.832
2076,DJF,Yorkshire and Humber,0.455,6.525
2077,DJF,Yorkshire and Humber,0.481,6.812
2078,DJF,Yorkshire and Humber,0.458,7.396
2079,DJF,Yorkshire and Humber,0.491,7.545
2080,DJF,Yorkshire and Humber,0.469,7.644
1981,DJF,Channel Islands,0.589,14.000
1982,DJF,Channel Islands,0.467,8.000
1983,DJF,Channel Islands,0.733,23.000
1984,DJF,Channel Islands,0.560,8.000
1985,DJF,Channel Islands,0.356,5.000
1986,DJF,Channel Islands,0.589,22.000
1987,DJF,Channel Islands,0.600,13.000
1988,DJF,Channel Islands,0.725,15.000
1989,DJF,Channel Islands,0.644,20.000
1990,DJF,Channel Islands,0.611,8.000
1991,DJF,Channel Islands,0.711,23.000
1992,DJF,Channel Islands,0.659,10.000
1993,DJF,Channel Islands,0.589,11.000
1994,DJF,Channel Islands,0.444,6.000
1995,DJF,Channel Islands,0.622,12.000
1996,DJF,Channel Islands,0.659,14.000
1997,DJF,Channel Islands,0.611,9.000
1998,DJF,Channel Islands,0.744,23.000
1999,DJF,Channel Islands,0.767,15.000
2000,DJF,Channel Islands,0.473,7.000
2001,DJF,Channel Islands,0.589,12.000
2002,DJF,Channel Islands,0.678,14.000
2003,DJF,Channel Islands,0.800,21.000
2004,DJF,Channel Islands,0.670,13.000
2005,DJF,Channel Islands,0.378,6.000
2006,DJF,Channel Islands,0.500,9.000
2007,DJF,Channel Islands,0.544,12.000
2008,DJF,Channel Islands,0.703,13.000
2009,DJF,Channel Islands,0.500,11.000
2010,DJF,Channel Islands,0.444,17.000
2011,DJF,Channel Islands,0.556,13.000
2012,DJF,Channel Islands,0.582,8.000
2013,DJF,Channel Islands,0.511,10.000
2014,DJF,Channel Islands,0.678,12.000
2015,DJF,Channel Islands,0.711,16.000
2016,DJF,Channel Islands,0.560,11.000
2017,DJF,Channel Islands,0.656,21.000
2018,DJF,Channel Islands,0.556,15.000
2019,DJF,Channel Islands,0.489,8.000
2020,DJF,Channel Islands,0.462,10.000
2021,DJF,Channel Islands,0.456,13.000
2022,DJF,Channel Islands,0.600,10.000
2023,DJF,Channel Islands,0.533,7.000
2024,DJF,Channel Islands,0.473,7.000
2025,DJF,Channel Islands,0.511,16.000
2026,DJF,Channel Islands,0.589,13.000
2027,DJF,Channel Islands,0.756,20.000
2028,DJF,Channel Islands,0.341,5.000
2029,DJF,Channel Islands,0.544,8.000
2030,DJF,Channel Islands,0.589,15.000
2031,DJF,Channel Islands,0.556,8.000
2032,DJF,Channel Islands,0.670,12.000
2033,DJF,Channel Islands,0.544,11.000
2034,DJF,Channel Islands,0.556,8.000
2035,DJF,Channel Islands,0.444,11.000
2036,DJF,Channel Islands,0.341,7.000
2037,DJF,Channel Islands,0.567,12.000
2038,DJF,Channel Islands,0.400,9.000
2039,DJF,Channel Islands,0.656,15.000
2040,DJF,Channel Islands,0.703,12.000
2041,DJF,Channel Islands,0.656,5.000
2042,DJF,Channel Islands,0.589,16.000
2043,DJF,Channel Islands,0.689,14.000
2044,DJF,Channel Islands,0.538,13.000
2045,DJF,Channel Islands,0.589,8.000
2046,DJF,Channel Islands,0.400,8.000
2047,DJF,Channel Islands,0.533,12.000
2048,DJF,Channel Islands,0.538,8.000
2049,DJF,Channel Islands,0.544,9.000
2050,DJF,Channel Islands,0.589,8.000
2051,DJF,Channel Islands,0.689,13.000
2052,DJF,Channel Islands,0.505,7.000
2053,DJF,Channel Islands,0.500,7.000
2054,DJF,Channel Islands,0.511,7.000
2055,DJF,Channel Islands,0.811,38.000
2056,DJF,Channel Islands,0.604,12.000
2057,DJF,Channel Islands,0.656,15.000
2058,DJF,Channel Islands,0.456,8.000
2059,DJF,Channel Islands,0.644,19.000
2060,DJF,Channel Islands,0.505,6.000
2061,DJF,Channel Islands,0.544,9.000
2062,DJF,Channel Islands,0.744,11.000
2063,DJF,Channel Islands,0.667,12.000
2064,DJF,Channel Islands,0.703,14.000
2065,DJF,Channel Islands,0.478,12.000
2066,DJF,Channel Islands,0.489,6.000
2067,DJF,Channel Islands,0.456,8.000
2068,DJF,Channel Islands,0.692,12.000
2069,DJF,Channel Islands,0.633,16.000
2070,DJF,Channel Islands,0.711,25.000
2071,DJF,Channel Islands,0.522,12.000
2072,DJF,Channel Islands,0.538,19.000
2073,DJF,Channel Islands,0.667,13.000
2074,DJF,Channel Islands,0.778,21.000
2075,DJF,Channel Islands,0.789,14.000
2076,DJF,Channel Islands,0.527,10.000
2077,DJF,Channel Islands,0.533,10.000
2078,DJF,Channel Islands,0.578,6.000
2079,DJF,Channel Islands,0.522,12.000
2080,DJF,Channel Islands,0.593,12.000
1981,DJF,Isle of Man,0.533,7.000
1982,DJF,Isle of Man,0.452,8.000
1983,DJF,Isle of Man,0.519,6.333
1984,DJF,Isle of Man,0.480,7.667
1985,DJF,Isle of Man,0.422,5.000
1986,DJF,Isle of Man,0.485,6.333
1987,DJF,Isle of Man,0.496,6.000
1988,DJF,Isle of Man,0.593,7.667
1989,DJF,Isle of Man,0.637,7.000
1990,DJF,Isle of Man,0.548,7.000
1991,DJF,Isle of Man,0.496,7.000
1992,DJF,Isle of Man,0.524,9.333
1993,DJF,Isle of Man,0.426,6.333
1994,DJF,Isle of Man,0.337,5.000
1995,DJF,Isle of Man,0.607,12.333
1996,DJF,Isle of Man,0.509,6.000
1997,DJF,Isle of Man,0.581,6.667
1998,DJF,Isle of Man,0.519,7.000
1999,DJF,Isle of Man,0.600,7.333
2000,DJF,Isle of Man,0.469,14.333
2001,DJF,Isle of Man,0.504,11.333
2002,DJF,Isle of Man,0.581,6.000
2003,DJF,Isle of Man,0.637,9.667
2004,DJF,Isle of Man,0.418,6.667
2005,DJF,Isle of Man,0.367,5.000
2006,DJF,Isle of Man,0.581,9.333
2007,DJF,Isle of Man,0.530,10.667
2008,DJF,Isle of Man,0.505,8.333
2009,DJF,Isle of Man,0.459,6.000
2010,DJF,Isle of Man,0.419,7.000
2011,DJF,Isle of Man,0.581,7.000
2012,DJF,Isle of Man,0.557,7.000
2013,DJF,Isle of Man,0.378,3.667
2014,DJF,Isle of Man,0.541,8.333
2015,DJF,Isle of Man,0.674,8.667
2016,DJF,Isle of Man,0.421,4.333
2017,DJF,Isle of Man,0.515,6.000
2018,DJF,Isle of Man,0.541,7.333
2019,DJF,Isle of Man,0.496,4.667
2020,DJF,Isle of Man,0.575,9.000
2021,DJF,Isle of Man,0.407,5.000
2022,DJF,Isle of Man,0.463,6.667
2023,DJF,Isle of Man,0.381,9.000
2024,DJF,Isle of Man,0.418,5.000
2025,DJF,Isle of Man,0.352,5.667
2026,DJF,Isle of Man,0.544,6.667
2027,DJF,Isle of Man,0.456,6.667
2028,DJF,Isle of Man,0.509,4.667
2029,DJF,Isle of Man,0.419,4.667
2030,DJF,Isle of Man,0.596,6.667
2031,DJF,Isle of Man,0.600,9.333
2032,DJF,Isle of Man,0.425,5.667
2033,DJF,Isle of Man,0.467,6.667
2034,DJF,Isle of Man,0.585,8.667
2035,DJF,Isle of Man,0.478,4.667
2036,DJF,Isle of Man,0.421,5.667
2037,DJF,Isle of Man,0.430,7.667
2038,DJF,Isle of Man,0.419,6.000
2039,DJF,Isle of Man,0.478,5.000
2040,DJF,Isle of Man,0.579,7.333
2041,DJF,Isle of Man,0.544,5.667
2042,DJF,Isle of Man,0.430,5.333
2043,DJF,Isle of Man,0.544,6.000
2044,DJF,Isle of Man,0.538,5.333
2045,DJF,Isle of Man,0.615,13.667
2046,DJF,Isle of Man,0.352,5.000
2047,DJF,Isle of Man,0.419,5.000
2048,DJF,Isle of Man,0.542,8.000
2049,DJF,Isle of Man,0.633,9.000
2050,DJF,Isle of Man,0.463,5.667
2051,DJF,Isle of Man,0.474,5.333
2052,DJF,Isle of Man,0.462,6.000
2053,DJF,Isle of Man,0.470,6.667
2054,DJF,Isle of Man,0.496,5.333
2055,DJF,Isle of Man,0.593,8.667
2056,DJF,Isle of Man,0.502,8.000
2057,DJF,Isle of Man,0.581,6.667
2058,DJF,Isle of Man,0.481,6.333
2059,DJF,Isle of Man,0.589,6.333
2060,DJF,Isle of Man,0.546,13.000
2061,DJF,Isle of Man,0.533,6.333
2062,DJF,Isle of Man,0.548,8.000
2063,DJF,Isle of Man,0.470,5.333
2064,DJF,Isle of Man,0.502,6.333
2065,DJF,Isle of Man,0.396,8.000
2066,DJF,Isle of Man,0.378,6.000
2067,DJF,Isle of Man,0.485,6.000
2068,DJF,Isle of Man,0.502,7.000
2069,DJF,Isle of Man,0.619,8.000
2070,DJF,Isle of Man,0.589,7.667
2071,DJF,Isle of Man,0.563,11.000
2072,DJF,Isle of Man,0.590,9.667
2073,DJF,Isle of Man,0.548,10.000
2074,DJF,Isle of Man,0.600,4.667
2075,DJF,Isle of Man,0.507,6.000
2076,DJF,Isle of Man,0.443,4.667
2077,DJF,Isle of Man,0.585,8.333
2078,DJF,Isle of Man,0.556,7.667
2079,DJF,Isle of Man,0.459,6.333
2080,DJF,Isle of Man,0.487,10.000
1981,DJF,Northern Ireland,0.605,10.667
1982,DJF,Northern Ireland,0.555,5.759
1983,DJF,Northern Ireland,0.602,10.149
1984,DJF,Northern Ireland,0.487,9.529
1985,DJF,Northern Ireland,0.472,7.816
1986,DJF,Northern Ireland,0.491,8.425
1987,DJF,Northern Ireland,0.503,6.195
1988,DJF,Northern Ireland,0.624,9.333
1989,DJF,Northern Ireland,0.628,10.690
1990,DJF,Northern Ireland,0.597,11.759
1991,DJF,Northern Ireland,0.526,8.287
1992,DJF,Northern Ireland,0.494,5.851
1993,DJF,Northern Ireland,0.488,7.874
1994,DJF,Northern Ireland,0.373,5.483
1995,DJF,Northern Ireland,0.625,9.460
1996,DJF,Northern Ireland,0.519,8.575
1997,DJF,Northern Ireland,0.611,8.080
1998,DJF,Northern Ireland,0.607,10.218
1999,DJF,Northern Ireland,0.569,8.333
2000,DJF,Northern Ireland,0.448,12.874
2001,DJF,Northern Ireland,0.520,7.552
2002,DJF,Northern Ireland,0.560,6.747
2003,DJF,Northern Ireland,0.598,7.506
2004,DJF,Northern Ireland,0.425,6.264
2005,DJF,Northern Ireland,0.384,5.529
2006,DJF,Northern Ireland,0.573,12.425
2007,DJF,Northern Ireland,0.526,9.770
2008,DJF,Northern Ireland,0.539,7.483
2009,DJF,Northern Ireland,0.503,7.368
2010,DJF,Northern Ireland,0.395,7.046
2011,DJF,Northern Ireland,0.606,10.690
2012,DJF,Northern Ireland,0.586,9.598
2013,DJF,Northern Ireland,0.401,6.057
2014,DJF,Northern Ireland,0.555,8.195
2015,DJF,Northern Ireland,0.648,9.023
2016,DJF,Northern Ireland,0.437,5.414
2017,DJF,Northern Ireland,0.555,8.092
2018,DJF,Northern Ireland,0.450,4.563
2019,DJF,Northern Ireland,0.512,7.851
2020,DJF,Northern Ireland,0.581,9.931
2021,DJF,Northern Ireland,0.362,7.103
2022,DJF,Northern Ireland,0.485,5.517
2023,DJF,Northern Ireland,0.404,7.782
2024,DJF,Northern Ireland,0.397,4.724
2025,DJF,Northern Ireland,0.460,6.678
2026,DJF,Northern Ireland,0.555,7.920
2027,DJF,Northern Ireland,0.535,6.414
2028,DJF,Northern Ireland,0.589,6.770
2029,DJF,Northern Ireland,0.495,11.793
2030,DJF,Northern Ireland,0.645,9.241
2031,DJF,Northern Ireland,0.627,11.678
2032,DJF,Northern Ireland,0.457,8.195
2033,DJF,Northern Ireland,0.501,7.977
2034,DJF,Northern Ireland,0.591,10.586
2035,DJF,Northern Ireland,0.478,6.414
2036,DJF,Northern Ireland,0.461,7.230
2037,DJF,Northern Ireland,0.462,6.690
2038,DJF,Northern Ireland,0.436,6.207
2039,DJF,Northern Ireland,0.422,5.724
2040,DJF,Northern Ireland,0.646,13.207
2041,DJF,Northern Ireland,0.494,6.471
2042,DJF,Northern Ireland,0.459,5.069
2043,DJF,Northern Ireland,0.567,6.632
2044,DJF,Northern Ireland,0.480,6.230
2045,DJF,Northern Ireland,0.654,16.690
2046,DJF,Northern Ireland,0.360,5.609
2047,DJF,Northern Ireland,0.382,6.172
2048,DJF,Northern Ireland,0.627,10.080
2049,DJF,Northern Ireland,0.667,11.391
2050,DJF,Northern Ireland,0.453,5.126
2051,DJF,Northern Ireland,0.498,6.874
2052,DJF,Northern Ireland,0.463,7.609
2053,DJF,Northern Ireland,0.511,8.333
2054,DJF,Northern Ireland,0.538,8.322
2055,DJF,Northern Ireland,0.618,8.816
2056,DJF,Northern Ireland,0.451,6.356
2057,DJF,Northern Ireland,0.537,7.701
2058,DJF,Northern Ireland,0.499,6.230
2059,DJF,Northern Ireland,0.625,8.713
2060,DJF,Northern Ireland,0.511,10.931
2061,DJF,Northern Ireland,0.535,6.356
2062,DJF,Northern Ireland,0.514,8.448
2063,DJF,Northern Ireland,0.475,6.149
2064,DJF,Northern Ireland,0.541,9.126
2065,DJF,Northern Ireland,0.491,8.977
2066,DJF,Northern Ireland,0.367,6.126
2067,DJF,Northern Ireland,0.511,7.368
2068,DJF,Northern Ireland,0.409,5.425
2069,DJF,Northern Ireland,0.588,6.943
2070,DJF,Northern Ireland,0.620,11.218
2071,DJF,Northern Ireland,0.520,6.218
2072,DJF,Northern Ireland,0.566,7.471
2073,DJF,Northern Ireland,0.549,10.172
2074,DJF,Northern Ireland,0.574,6.126
2075,DJF,Northern Ireland,0.523,7.713
2076,DJF,Northern Ireland,0.457,6.805
2077,DJF,Northern Ireland,0.527,11.161
2078,DJF,Northern Ireland,0.573,7.989
2079,DJF,Northern Ireland,0.516,6.195
2080,DJF,Northern Ireland,0.498,5.713
1981,DJF,Wales,0.629,13.417
1982,DJF,Wales,0.511,6.245
1983,DJF,Wales,0.626,6.640
1984,DJF,Wales,0.511,12.849
1985,DJF,Wales,0.382,5.065
1986,DJF,Wales,0.510,7.676
1987,DJF,Wales,0.535,8.353
1988,DJF,Wales,0.670,10.180
1989,DJF,Wales,0.615,9.619
1990,DJF,Wales,0.605,8.432
1991,DJF,Wales,0.629,12.417
1992,DJF,Wales,0.599,9.676
1993,DJF,Wales,0.527,8.820
1994,DJF,Wales,0.439,5.914
1995,DJF,Wales,0.644,12.791
1996,DJF,Wales,0.545,11.964
1997,DJF,Wales,0.594,9.727
1998,DJF,Wales,0.727,12.432
1999,DJF,Wales,0.645,12.187
2000,DJF,Wales,0.571,16.288
2001,DJF,Wales,0.573,14.604
2002,DJF,Wales,0.613,8.928
2003,DJF,Wales,0.692,13.993
2004,DJF,Wales,0.542,7.568
2005,DJF,Wales,0.407,8.022
2006,DJF,Wales,0.613,13.719
2007,DJF,Wales,0.549,11.777
2008,DJF,Wales,0.618,8.633
2009,DJF,Wales,0.530,7.978
2010,DJF,Wales,0.464,12.784
2011,DJF,Wales,0.630,12.741
2012,DJF,Wales,0.594,9.180
2013,DJF,Wales,0.417,5.856
2014,DJF,Wales,0.660,12.532
2015,DJF,Wales,0.693,16.446
2016,DJF,Wales,0.440,7.353
2017,DJF,Wales,0.627,10.525
2018,DJF,Wales,0.594,8.014
2019,DJF,Wales,0.543,11.403
2020,DJF,Wales,0.623,10.108
2021,DJF,Wales,0.446,7.547
2022,DJF,Wales,0.509,7.763
2023,DJF,Wales,0.424,6.576
2024,DJF,Wales,0.463,5.381
2025,DJF,Wales,0.431,8.964
2026,DJF,Wales,0.613,11.496
2027,DJF,Wales,0.577,7.619
2028,DJF,Wales,0.470,4.849
2029,DJF,Wales,0.565,10.863
2030,DJF,Wales,0.665,12.230
2031,DJF,Wales,0.588,7.734
2032,DJF,Wales,0.571,7.978
2033,DJF,Wales,0.527,7.396
2034,DJF,Wales,0.600,11.784
2035,DJF,Wales,0.498,10.806
2036,DJF,Wales,0.404,8.511
2037,DJF,Wales,0.471,6.964
2038,DJF,Wales,0.475,10.496
2039,DJF,Wales,0.587,7.475
2040,DJF,Wales,0.673,9.784
2041,DJF,Wales,0.559,10.525
2042,DJF,Wales,0.576,13.324
2043,DJF,Wales,0.639,14.288
2044,DJF,Wales,0.533,8.719
2045,DJF,Wales,0.593,12.201
2046,DJF,Wales,0.422,7.547
2047,DJF,Wales,0.479,8.705
2048,DJF,Wales,0.678,11.396
2049,DJF,Wales,0.620,9.029
2050,DJF,Wales,0.565,9.691
2051,DJF,Wales,0.556,7.309
2052,DJF,Wales,0.455,8.029
2053,DJF,Wales,0.552,10.072
2054,DJF,Wales,0.589,7.791
2055,DJF,Wales,0.729,22.806
2056,DJF,Wales,0.536,10.079
2057,DJF,Wales,0.609,11.000
2058,DJF,Wales,0.513,9.892
2059,DJF,Wales,0.643,13.151
2060,DJF,Wales,0.530,11.000
2061,DJF,Wales,0.537,8.396
2062,DJF,Wales,0.640,16.058
2063,DJF,Wales,0.559,7.705
2064,DJF,Wales,0.630,11.302
2065,DJF,Wales,0.477,10.647
2066,DJF,Wales,0.387,9.151
2067,DJF,Wales,0.512,8.360
2068,DJF,Wales,0.560,7.633
2069,DJF,Wales,0.693,13.122
2070,DJF,Wales,0.732,17.921
2071,DJF,Wales,0.551,11.504
2072,DJF,Wales,0.620,10.633
2073,DJF,Wales,0.585,8.942
2074,DJF,Wales,0.713,14.101
2075,DJF,Wales,0.629,10.612
2076,DJF,Wales,0.502,8.079
2077,DJF,Wales,0.572,7.482
2078,DJF,Wales,0.591,12.144
2079,DJF,Wales,0.522,8.842
2080,DJF,Wales,0.539,11.324
1981,MAM,East Midlands,0.354,6.212
1982,MAM,East Midlands,0.436,6.933
1983,MAM,East Midlands,0.436,8.692
1984,MAM,East Midlands,0.400,5.337
1985,MAM,East Midlands,0.427,7.558
1986,MAM,East Midlands,0.494,8.038
1987,MAM,East Midlands,0.384,7.000
1988,MAM,East Midlands,0.464,7.298
1989,MAM,East Midlands,0.498,6.788
1990,MAM,East Midlands,0.442,5.519
1991,MAM,East Midlands,0.443,6.337
1992,MAM,East Midlands,0.402,6.510
1993,MAM,East Midlands,0.418,7.250
1994,MAM,East Midlands,0.440,6.548
1995,MAM,East Midlands,0.423,7.231
1996,MAM,East Midlands,0.532,6.490
1997,MAM,East Midlands,0.550,8.971
1998,MAM,East Midlands,0.347,4.471
1999,MAM,East Midlands,0.389,6.692
2000,MAM,East Midlands,0.392,5.654
2001,MAM,East Midlands,0.555,9.433
2002,MAM,East Midlands,0.423,6.327
2003,MAM,East Midlands,0.593,9.029
2004,MAM,East Midlands,0.459,6.442
2005,MAM,East Midlands,0.458,6.144
2006,MAM,East Midlands,0.547,7.404
2007,MAM,East Midlands,0.446,5.981
2008,MAM,East Midlands,0.449,9.423
2009,MAM,East Midlands,0.469,7.135
2010,MAM,East Midlands,0.520,5.731
2011,MAM,East Midlands,0.413,6.135
2012,MAM,East Midlands,0.551,7.135
2013,MAM,East Midlands,0.423,7.846
2014,MAM,East Midlands,0.526,10.163
2015,MAM,East Midlands,0.421,10.990
2016,MAM,East Midlands,0.605,9.385
2017,MAM,East Midlands,0.395,6.163
2018,MAM,East Midlands,0.408,7.635
2019,MAM,East Midlands,0.337,4.990
2020,MAM,East Midlands,0.452,9.106
2021,MAM,East Midlands,0.354,5.625
2022,MAM,East Midlands,0.578,12.683
2023,MAM,East Midlands,0.476,9.048
2024,MAM,East Midlands,0.542,10.375
2025,MAM,East Midlands,0.510,6.260
2026,MAM,East Midlands,0.363,7.779
2027,MAM,East Midlands,0.454,8.913
2028,MAM,East Midlands,0.465,9.490
2029,MAM,East Midlands,0.513,8.423
2030,MAM,East Midlands,0.515,7.394
2031,MAM,East Midlands,0.414,6.240
2032,MAM,East Midlands,0.355,4.865
2033,MAM,East Midlands,0.340,4.442
2034,MAM,East Midlands,0.589,7.817
2035,MAM,East Midlands,0.503,7.154
2036,MAM,East Midlands,0.411,6.654
2037,MAM,East Midlands,0.295,5.125
2038,MAM,East Midlands,0.448,4.567
2039,MAM,East Midlands,0.572,6.837
2040,MAM,East Midlands,0.377,6.731
2041,MAM,East Midlands,0.600,10.510
2042,MAM,East Midlands,0.472,8.779
2043,MAM,East Midlands,0.510,7.269
2044,MAM,East Midlands,0.538,7.721
2045,MAM,East Midlands,0.419,10.231
2046,MAM,East Midlands,0.427,5.644
2047,MAM,East Midlands,0.392,8.856
2048,MAM,East Midlands,0.570,7.231
2049,MAM,East Midlands,0.326,4.231
2050,MAM,East Midlands,0.585,7.769
2051,MAM,East Midlands,0.435,8.885
2052,MAM,East Midlands,0.546,9.240
2053,MAM,East Midlands,0.696,10.760
2054,MAM,East Midlands,0.510,6.913
2055,MAM,East Midlands,0.416,5.846
2056,MAM,East Midlands,0.590,9.827
2057,MAM,East Midlands,0.426,8.375
2058,MAM,East Midlands,0.460,6.106
2059,MAM,East Midlands,0.395,7.740
2060,MAM,East Midlands,0.433,7.404
2061,MAM,East Midlands,0.461,7.000
2062,MAM,East Midlands,0.326,5.712
2063,MAM,East Midlands,0.364,4.740
2064,MAM,East Midlands,0.517,7.750
2065,MAM,East Midlands,0.486,7.433
2066,MAM,East Midlands,0.399,5.769
2067,MAM,East Midlands,0.284,5.577
2068,MAM,East Midlands,0.422,6.865
2069,MAM,East Midlands,0.344,4.279
2070,MAM,East Midlands,0.324,6.365
2071,MAM,East Midlands,0.505,9.663
2072,MAM,East Midlands,0.501,10.000
2073,MAM,East Midlands,0.416,6.279
2074,MAM,East Midlands,0.494,8.212
2075,MAM,East Midlands,0.525,9.356
2076,MAM,East Midlands,0.393,5.462
2077,MAM,East Midlands,0.398,6.750
2078,MAM,East Midlands,0.534,6.913
2079,MAM,East Midlands,0.474,7.702
2080,MAM,East Midlands,0.499,6.288
1981,MAM,East of England,0.378,7.093
1982,MAM,East of England,0.355,5.062
1983,MAM,East of England,0.395,8.287
1984,MAM,East of England,0.371,4.504
1985,MAM,East of England,0.418,8.302
1986,MAM,East of England,0.487,6.372
1987,MAM,East of England,0.318,6.349
1988,MAM,East of England,0.440,7.124
1989,MAM,East of England,0.429,5.845
1990,MAM,East of England,0.429,5.178
1991,MAM,East of England,0.472,6.953
1992,MAM,East of England,0.373,6.186
1993,MAM,East of England,0.413,6.341
1994,MAM,East of England,0.384,4.806
1995,MAM,East of England,0.418,7.070
1996,MAM,East of England,0.526,7.705
1997,MAM,East of England,0.512,7.930
1998,MAM,East of England,0.344,4.620
1999,MAM,East of England,0.326,5.612
2000,MAM,East of England,0.330,6.450
2001,MAM,East of England,0.497,8.078
2002,MAM,East of England,0.410,5.775
2003,MAM,East of England,0.582,9.070
2004,MAM,East of England,0.460,5.930
2005,MAM,East of England,0.471,7.705
2006,MAM,East of England,0.507,7.047
2007,MAM,East of England,0.415,5.155
2008,MAM,East of England,0.403,7.333
2009,MAM,East of England,0.458,7.535
2010,MAM,East of England,0.495,5.845
2011,MAM,East of England,0.398,6.023
2012,MAM,East of England,0.529,7.194
2013,MAM,East of England,0.417,8.605
2014,MAM,East of England,0.515,8.264
2015,MAM,East of England,0.430,9.729
2016,MAM,East of England,0.572,8.907
2017,MAM,East of England,0.388,8.403
2018,MAM,East of England,0.450,6.690
2019,MAM,East of England,0.326,5.155
2020,MAM,East of England,0.456,8.884
2021,MAM,East of England,0.365,5.868
2022,MAM,East of England,0.571,10.372
2023,MAM,East of England,0.485,8.543
2024,MAM,East of England,0.525,9.341
2025,MAM,East of England,0.503,5.806
2026,MAM,East of England,0.344,6.442
2027,MAM,East of England,0.441,8.023
2028,MAM,East of England,0.407,7.814
2029,MAM,East of England,0.494,6.705
2030,MAM,East of England,0.502,8.132
2031,MAM,East of England,0.375,5.558
2032,MAM,East of England,0.327,4.380
2033,MAM,East of England,0.290,3.357
2034,MAM,East of England,0.520,6.318
2035,MAM,East of England,0.511,6.814
2036,MAM,East of England,0.359,6.543
2037,MAM,East of England,0.325,4.946
2038,MAM,East of England,0.470,6.178
2039,MAM,East of England,0.592,7.419
2040,MAM,East of England,0.357,5.961
2041,MAM,East of England,0.541,6.163
2042,MAM,East of England,0.403,6.519
2043,MAM,East of England,0.513,8.070
2044,MAM,East of England,0.517,7.581
2045,MAM,East of England,0.372,9.395
2046,MAM,East of England,0.490,7.372
2047,MAM,East of England,0.312,6.380
2048,MAM,East of England,0.520,5.682
2049,MAM,East of England,0.302,4.752
2050,MAM,East of England,0.559,6.876
2051,MAM,East of England,0.395,5.899
2052,MAM,East of England,0.557,10.101
2053,MAM,East of England,0.658,8.155
2054,MAM,East of England,0.465,6.202
2055,MAM,East of England,0.358,6.093
2056,MAM,East of England,0.574,7.395
2057,MAM,East of England,0.401,7.705
2058,MAM,East of England,0.424,6.202
2059,MAM,East of England,0.350,5.612
2060,MAM,East of England,0.363,4.682
2061,MAM,East of England,0.462,6.822
2062,MAM,East of England,0.370,4.682
2063,MAM,East of England,0.328,4.915
2064,MAM,East of England,0.488,6.736
2065,MAM,East of England,0.459,7.147
2066,MAM,East of England,0.422,6.302
2067,MAM,East of England,0.296,5.155
2068,MAM,East of England,0.401,8.349
2069,MAM,East of England,0.383,6.581
2070,MAM,East of England,0.278,5.171
2071,MAM,East of England,0.445,7.915
2072,MAM,East of England,0.450,7.992
2073,MAM,East of England,0.379,5.473
2074,MAM,East of England,0.484,6.465
2075,MAM,East of England,0.530,12.783
2076,MAM,East of England,0.389,4.558
2077,MAM,East of England,0.415,5.992
2078,MAM,East of England,0.521,9.442
2079,MAM,East of England,0.454,9.977
2080,MAM,East of England,0.519,5.961
1981,MAM,East Scotland,0.415,7.994
1982,MAM,East Scotland,0.384,6.398
1983,MAM,East Scotland,0.433,8.068
1984,MAM,East Scotland,0.521,8.478
1985,MAM,East Scotland,0.533,11.801
1986,MAM,East Scotland,0.538,7.739
1987,MAM,East Scotland,0.466,11.093
1988,MAM,East Scotland,0.436,6.621
1989,MAM,East Scotland,0.551,13.230
1990,MAM,East Scotland,0.418,6.714
1991,MAM,East Scotland,0.498,7.186
1992,MAM,East Scotland,0.487,7.820
1993,MAM,East Scotland,0.467,8.099
1994,MAM,East Scotland,0.517,7.950
1995,MAM,East Scotland,0.528,11.807
1996,MAM,East Scotland,0.597,9.193
1997,MAM,East Scotland,0.571,9.497
1998,MAM,East Scotland,0.467,6.255
1999,MAM,East Scotland,0.427,6.087
2000,MAM,East Scotland,0.555,9.391
2001,MAM,East Scotland,0.522,8.615
2002,MAM,East Scotland,0.523,9.615
2003,MAM,East Scotland,0.592,9.130
2004,MAM,East Scotland,0.492,7.658
2005,MAM,East Scotland,0.496,7.640
2006,MAM,East Scotland,0.539,7.484
2007,MAM,East Scotland,0.456,6.242
2008,MAM,East Scotland,0.527,7.099
2009,MAM,East Scotland,0.488,8.130
2010,MAM,East Scotland,0.630,8.143
2011,MAM,East Scotland,0.487,8.174
2012,MAM,East Scotland,0.604,8.807
2013,MAM,East Scotland,0.523,9.087
2014,MAM,East Scotland,0.617,9.453
2015,MAM,East Scotland,0.499,14.143
2016,MAM,East Scotland,0.683,13.211
2017,MAM,East Scotland,0.496,8.261
2018,MAM,East Scotland,0.521,7.385
2019,MAM,East Scotland,0.452,7.708
2020,MAM,East Scotland,0.575,11.050
2021,MAM,East Scotland,0.501,8.981
2022,MAM,East Scotland,0.595,10.758
2023,MAM,East Scotland,0.511,8.888
2024,MAM,East Scotland,0.620,13.155
2025,MAM,East Scotland,0.540,7.907
2026,MAM,East Scotland,0.464,9.248
2027,MAM,East Scotland,0.483,8.820
2028,MAM,East Scotland,0.572,10.969
2029,MAM,East Scotland,0.573,11.422
2030,MAM,East Scotland,0.486,12.335
2031,MAM,East Scotland,0.459,7.335
2032,MAM,East Scotland,0.464,7.360
2033,MAM,East Scotland,0.485,6.062
2034,MAM,East Scotland,0.653,9.969
2035,MAM,East Scotland,0.553,8.155
2036,MAM,East Scotland,0.490,9.112
2037,MAM,East Scotland,0.435,6.801
2038,MAM,East Scotland,0.572,11.124
2039,MAM,East Scotland,0.564,7.876
2040,MAM,East Scotland,0.371,6.559
2041,MAM,East Scotland,0.621,10.416
2042,MAM,East Scotland,0.532,10.217
2043,MAM,East Scotland,0.536,8.385
2044,MAM,East Scotland,0.553,7.540
2045,MAM,East Scotland,0.429,11.168
2046,MAM,East Scotland,0.588,9.000
2047,MAM,East Scotland,0.498,8.472
2048,MAM,East Scotland,0.676,10.627
2049,MAM,East Scotland,0.472,8.106
2050,MAM,East Scotland,0.567,9.814
2051,MAM,East Scotland,0.512,8.205
2052,MAM,East Scotland,0.544,9.422
2053,MAM,East Scotland,0.731,12.354
2054,MAM,East Scotland,0.453,7.497
2055,MAM,East Scotland,0.517,9.559
2056,MAM,East Scotland,0.573,9.062
2057,MAM,East Scotland,0.599,12.168
2058,MAM,East Scotland,0.517,7.255
2059,MAM,East Scotland,0.514,8.932
2060,MAM,East Scotland,0.589,9.043
2061,MAM,East Scotland,0.554,8.168
2062,MAM,East Scotland,0.420,6.075
2063,MAM,East Scotland,0.534,12.012
2064,MAM,East Scotland,0.567,11.342
2065,MAM,East Scotland,0.500,6.081
2066,MAM,East Scotland,0.474,6.839
2067,MAM,East Scotland,0.488,10.248
2068,MAM,East Scotland,0.450,8.932
2069,MAM,East Scotland,0.468,8.335
2070,MAM,East Scotland,0.469,7.025
2071,MAM,East Scotland,0.515,12.193
2072,MAM,East Scotland,0.514,9.981
2073,MAM,East Scotland,0.339,6.975
2074,MAM,East Scotland,0.481,7.261
2075,MAM,East Scotland,0.503,6.547
2076,MAM,East Scotland,0.501,7.118
2077,MAM,East Scotland,0.475,6.832
2078,MAM,East Scotland,0.578,10.764
2079,MAM,East Scotland,0.534,9.366
2080,MAM,East Scotland,0.534,6.317
1981,MAM,London,0.358,6.000
1982,MAM,London,0.324,6.750
1983,MAM,London,0.390,11.083
1984,MAM,London,0.365,3.750
1985,MAM,London,0.410,8.667
1986,MAM,London,0.448,6.417
1987,MAM,London,0.327,7.000
1988,MAM,London,0.474,6.583
1989,MAM,London,0.438,4.250
1990,MAM,London,0.506,7.917
1991,MAM,London,0.448,7.250
1992,MAM,London,0.389,7.000
1993,MAM,London,0.418,5.333
1994,MAM,London,0.398,5.000
1995,MAM,London,0.429,7.500
1996,MAM,London,0.529,7.750
1997,MAM,London,0.487,7.417
1998,MAM,London,0.398,6.000
1999,MAM,London,0.365,6.000
2000,MAM,London,0.338,4.917
2001,MAM,London,0.535,7.083
2002,MAM,London,0.386,5.167
2003,MAM,London,0.639,11.333
2004,MAM,London,0.457,4.000
2005,MAM,London,0.460,8.167
2006,MAM,London,0.506,7.000
2007,MAM,London,0.487,7.333
2008,MAM,London,0.430,7.750
2009,MAM,London,0.513,8.833
2010,MAM,London,0.463,7.000
2011,MAM,London,0.380,5.583
2012,MAM,London,0.572,8.750
2013,MAM,London,0.428,9.333
2014,MAM,London,0.526,6.000
2015,MAM,London,0.436,9.083
2016,MAM,London,0.593,10.417
2017,MAM,London,0.452,8.750
2018,MAM,London,0.477,5.833
2019,MAM,London,0.387,6.750
2020,MAM,London,0.449,15.917
2021,MAM,London,0.361,4.000
2022,MAM,London,0.578,5.750
2023,MAM,London,0.529,9.417
2024,MAM,London,0.558,9.833
2025,MAM,London,0.570,8.417
2026,MAM,London,0.375,9.167
2027,MAM,London,0.459,10.083
2028,MAM,London,0.399,6.167
2029,MAM,London,0.505,8.000
2030,MAM,London,0.465,6.750
2031,MAM,London,0.385,6.917
2032,MAM,London,0.364,7.167
2033,MAM,London,0.282,3.500
2034,MAM,London,0.543,6.167
2035,MAM,London,0.518,6.500
2036,MAM,London,0.389,5.417
2037,MAM,London,0.330,5.083
2038,MAM,London,0.490,6.750
2039,MAM,London,0.573,7.750
2040,MAM,London,0.328,5.917
2041,MAM,London,0.585,8.167
2042,MAM,London,0.395,7.000
2043,MAM,London,0.505,7.833
2044,MAM,London,0.570,8.417
2045,MAM,London,0.399,8.667
2046,MAM,London,0.466,6.667
2047,MAM,London,0.317,8.083
2048,MAM,London,0.539,6.083
2049,MAM,London,0.290,4.083
2050,MAM,London,0.605,7.917
2051,MAM,London,0.398,5.167
2052,MAM,London,0.540,6.000
2053,MAM,London,0.626,8.417
2054,MAM,London,0.484,6.750
2055,MAM,London,0.376,6.667
2056,MAM,London,0.591,8.917
2057,MAM,London,0.451,10.833
2058,MAM,London,0.438,5.333
2059,MAM,London,0.390,6.750
2060,MAM,London,0.403,5.083
2061,MAM,London,0.456,7.000
2062,MAM,London,0.470,8.000
2063,MAM,London,0.345,4.917
2064,MAM,London,0.547,8.667
2065,MAM,London,0.482,6.833
2066,MAM,London,0.432,6.833
2067,MAM,London,0.308,6.167
2068,MAM,London,0.472,15.500
2069,MAM,London,0.426,9.500
2070,MAM,London,0.289,6.250
2071,MAM,London,0.474,7.000
2072,MAM,London,0.479,16.667
2073,MAM,London,0.428,6.333
2074,MAM,London,0.471,7.167
2075,MAM,London,0.518,8.667
2076,MAM,London,0.408,4.500
2077,MAM,London,0.414,5.500
2078,MAM,London,0.469,6.250
2079,MAM,London,0.460,8.250
2080,MAM,London,0.513,6.167
1981,MAM,North East England,0.385,6.351
1982,MAM,North East England,0.369,5.211
1983,MAM,North East England,0.396,6.298
1984,MAM,North East England,0.498,7.649
1985,MAM,North East England,0.483,12.614
1986,MAM,North East England,0.541,7.754
1987,MAM,North East England,0.406,7.772
1988,MAM,North East England,0.408,5.316
1989,MAM,North East England,0.567,9.474
1990,MAM,North East England,0.438,6.386
1991,MAM,North East England,0.483,6.772
1992,MAM,North East England,0.474,8.596
1993,MAM,North East England,0.443,9.421
1994,MAM,North East England,0.441,6.754
1995,MAM,North East England,0.432,10.579
1996,MAM,North East England,0.585,9.140
1997,MAM,North East England,0.546,8.912
1998,MAM,North East England,0.428,5.579
1999,MAM,North East England,0.462,6.632
2000,MAM,North East England,0.451,9.246
2001,MAM,North East England,0.511,8.649
2002,MAM,North East England,0.455,7.088
2003,MAM,North East England,0.599,9.281
2004,MAM,North East England,0.505,7.754
2005,MAM,North East England,0.471,5.982
2006,MAM,North East England,0.584,8.719
2007,MAM,North East England,0.463,6.404
2008,MAM,North East England,0.509,8.842
2009,MAM,North East England,0.494,7.070
2010,MAM,North East England,0.555,6.211
2011,MAM,North East England,0.472,7.000
2012,MAM,North East England,0.504,6.333
2013,MAM,North East England,0.509,8.105
2014,MAM,North East England,0.543,7.649
2015,MAM,North East England,0.483,13.246
2016,MAM,North East England,0.663,9.772
2017,MAM,North East England,0.458,7.298
2018,MAM,North East England,0.489,6.789
2019,MAM,North East England,0.395,6.561
2020,MAM,North East England,0.517,8.772
2021,MAM,North East England,0.444,8.298
2022,MAM,North East England,0.580,11.386
2023,MAM,North East England,0.493,7.018
2024,MAM,North East England,0.578,9.526
2025,MAM,North East England,0.506,7.982
2026,MAM,North East England,0.348,6.649
2027,MAM,North East England,0.447,7.526
2028,MAM,North East England,0.497,10.404
2029,MAM,North East England,0.515,8.509
2030,MAM,North East England,0.471,10.947
2031,MAM,North East England,0.455,7.351
2032,MAM,North East England,0.414,5.860
2033,MAM,North East England,0.465,5.789
2034,MAM,North East England,0.641,8.351
2035,MAM,North East England,0.523,8.228
2036,MAM,North East England,0.441,7.421
2037,MAM,North East England,0.338,5.754
2038,MAM,North East England,0.574,10.088
2039,MAM,North East England,0.574,7.860
2040,MAM,North East England,0.355,5.228
2041,MAM,North East England,0.599,7.912
2042,MAM,North East England,0.491,9.053
2043,MAM,North East England,0.537,7.860
2044,MAM,North East England,0.483,6.316
2045,MAM,North East England,0.439,8.912
2046,MAM,North East England,0.551,7.684
2047,MAM,North East England,0.482,7.404
2048,MAM,North East England,0.619,8.070
2049,MAM,North East England,0.430,7.211
2050,MAM,North East England,0.569,7.930
2051,MAM,North East England,0.436,7.158
2052,MAM,North East England,0.483,7.544
2053,MAM,North East England,0.699,8.982
2054,MAM,North East England,0.490,6.877
2055,MAM,North East England,0.475,6.526
2056,MAM,North East England,0.566,7.123
2057,MAM,North East England,0.501,7.702
2058,MAM,North East England,0.475,5.719
2059,MAM,North East England,0.411,6.825
2060,MAM,North East England,0.481,5.386
2061,MAM,North East England,0.496,6.702
2062,MAM,North East England,0.372,5.211
2063,MAM,North East England,0.472,6.860
2064,MAM,North East England,0.538,7.351
2065,MAM,North East England,0.502,7.474
2066,MAM,North East England,0.449,7.439
2067,MAM,North East England,0.369,7.789
2068,MAM,North East England,0.449,7.719
2069,MAM,North East England,0.395,6.421
2070,MAM,North East England,0.416,7.965
2071,MAM,North East England,0.522,7.825
2072,MAM,North East England,0.501,11.772
2073,MAM,North East England,0.394,5.965
2074,MAM,North East England,0.469,7.439
2075,MAM,North East England,0.501,8.035
2076,MAM,North East England,0.368,4.719
2077,MAM,North East England,0.441,6.404
2078,MAM,North East England,0.570,10.263
2079,MAM,North East England,0.511,8.439
2080,MAM,North East England,0.536,5.579
1981,MAM,North Scotland,0.469,10.209
1982,MAM,North Scotland,0.419,7.353
1983,MAM,North Scotland,0.494,9.963
1984,MAM,North Scotland,0.517,9.600
1985,MAM,North Scotland,0.603,12.572
1986,MAM,North Scotland,0.575,7.991
1987,MAM,North Scotland,0.538,15.651
1988,MAM,North Scotland,0.462,8.651
1989,MAM,North Scotland,0.558,15.386
1990,MAM,North Scotland,0.431,7.907
1991,MAM,North Scotland,0.560,9.665
1992,MAM,North Scotland,0.517,9.651
1993,MAM,North Scotland,0.492,7.809
1994,MAM,North Scotland,0.564,12.470
1995,MAM,North Scotland,0.601,12.033
1996,MAM,North Scotland,0.587,12.902
1997,MAM,North Scotland,0.578,9.698
1998,MAM,North Scotland,0.547,8.628
1999,MAM,North Scotland,0.448,6.144
2000,MAM,North Scotland,0.667,12.577
2001,MAM,North Scotland,0.525,8.247
2002,MAM,North Scotland,0.541,8.195
2003,MAM,North Scotland,0.612,10.358
2004,MAM,North Scotland,0.512,9.898
2005,MAM,North Scotland,0.526,11.563
2006,MAM,North Scotland,0.559,6.809
2007,MAM,North Scotland,0.444,5.995
2008,MAM,North Scotland,0.581,7.953
2009,MAM,North Scotland,0.475,8.605
2010,MAM,North Scotland,0.625,7.633
2011,MAM,North Scotland,0.517,7.819
2012,MAM,North Scotland,0.631,10.986
2013,MAM,North Scotland,0.548,8.135
2014,MAM,North Scotland,0.699,15.428
2015,MAM,North Scotland,0.576,14.591
2016,MAM,North Scotland,0.682,12.609
2017,MAM,North Scotland,0.522,9.209
2018,MAM,North Scotland,0.558,8.507
2019,MAM,North Scotland,0.459,9.028
2020,MAM,North Scotland,0.629,12.219
2021,MAM,North Scotland,0.577,11.293
2022,MAM,North Scotland,0.540,8.214
2023,MAM,North Scotland,0.599,13.698
2024,MAM,North Scotland,0.640,13.702
2025,MAM,North Scotland,0.551,7.395
2026,MAM,North Scotland,0.546,11.851
2027,MAM,North Scotland,0.555,8.540
2028,MAM,North Scotland,0.633,12.619
2029,MAM,North Scotland,0.668,13.674
2030,MAM,North Scotland,0.491,11.079
2031,MAM,North Scotland,0.481,8.470
2032,MAM,North Scotland,0.466,9.316
2033,MAM,North Scotland,0.528,10.428
2034,MAM,North Scotland,0.678,10.642
2035,MAM,North Scotland,0.547,9.916
2036,MAM,North Scotland,0.577,12.977
2037,MAM,North Scotland,0.524,8.088
2038,MAM,North Scotland,0.617,12.837
2039,MAM,North Scotland,0.601,9.795
2040,MAM,North Scotland,0.401,9.902
2041,MAM,North Scotland,0.652,12.791
2042,MAM,North Scotland,0.615,12.633
2043,MAM,North Scotland,0.612,9.265
2044,MAM,North Scotland,0.592,9.326
2045,MAM,North Scotland,0.498,9.795
2046,MAM,North Scotland,0.639,10.265
2047,MAM,North Scotland,0.608,16.865
2048,MAM,North Scotland,0.725,17.800
2049,MAM,North Scotland,0.571,12.451
2050,MAM,North Scotland,0.609,11.628
2051,MAM,North Scotland,0.617,11.767
2052,MAM,North Scotland,0.598,10.084
2053,MAM,North Scotland,0.709,12.977
2054,MAM,North Scotland,0.439,8.070
2055,MAM,North Scotland,0.578,12.451
2056,MAM,North Scotland,0.623,10.456
2057,MAM,North Scotland,0.646,12.144
2058,MAM,North Scotland,0.524,7.581
2059,MAM,North Scotland,0.646,11.363
2060,MAM,North Scotland,0.621,14.028
2061,MAM,North Scotland,0.572,9.591
2062,MAM,North Scotland,0.476,6.833
2063,MAM,North Scotland,0.513,13.312
2064,MAM,North Scotland,0.506,9.735
2065,MAM,North Scotland,0.563,7.195
2066,MAM,North Scotland,0.562,8.581
2067,MAM,North Scotland,0.547,11.367
2068,MAM,North Scotland,0.514,8.916
2069,MAM,North Scotland,0.518,8.940
2070,MAM,North Scotland,0.575,9.358
2071,MAM,North Scotland,0.511,10.702
2072,MAM,North Scotland,0.566,10.033
2073,MAM,North Scotland,0.331,6.684
2074,MAM,North Scotland,0.453,7.772
2075,MAM,North Scotland,0.483,6.851
2076,MAM,North Scotland,0.613,11.577
2077,MAM,North Scotland,0.528,9.386
2078,MAM,North Scotland,0.582,10.535
2079,MAM,North Scotland,0.578,10.577
2080,MAM,North Scotland,0.575,7.219
1981,MAM,North West England,0.365,5.895
1982,MAM,North West England,0.496,8.400
1983,MAM,North West England,0.464,7.642
1984,MAM,North West England,0.495,7.147
1985,MAM,North West England,0.531,15.063
1986,MAM,North West England,0.497,8.211
1987,MAM,North West England,0.467,12.474
1988,MAM,North West England,0.459,7.537
1989,MAM,North West England,0.608,14.579
1990,MAM,North West England,0.488,8.095
1991,MAM,North West England,0.518,9.863
1992,MAM,North West England,0.554,12.568
1993,MAM,North West England,0.463,7.653
1994,MAM,North West England,0.499,7.368
1995,MAM,North West England,0.447,7.442
1996,MAM,North West England,0.584,8.653
1997,MAM,North West England,0.592,9.484
1998,MAM,North West England,0.434,6.105
1999,MAM,North West England,0.479,9.053
2000,MAM,North West England,0.518,11.589
2001,MAM,North West England,0.589,11.811
2002,MAM,North West England,0.519,7.453
2003,MAM,North West England,0.615,11.926
2004,MAM,North West England,0.487,10.274
2005,MAM,North West England,0.533,9.316
2006,MAM,North West England,0.582,7.863
2007,MAM,North West England,0.511,7.400
2008,MAM,North West England,0.505,8.905
2009,MAM,North West England,0.540,10.495
2010,MAM,North West England,0.609,7.642
2011,MAM,North West England,0.485,7.442
2012,MAM,North West England,0.593,9.747
2013,MAM,North West England,0.522,10.084
2014,MAM,North West England,0.560,9.221
2015,MAM,North West England,0.505,12.126
2016,MAM,North West England,0.675,10.884
2017,MAM,North West England,0.487,7.453
2018,MAM,North West England,0.486,7.400
2019,MAM,North West England,0.453,8.474
2020,MAM,North West England,0.536,12.758
2021,MAM,North West England,0.422,7.947
2022,MAM,North West England,0.649,11.705
2023,MAM,North West England,0.528,11.295
2024,MAM,North West England,0.606,10.947
2025,MAM,North West England,0.573,9.305
2026,MAM,North West England,0.423,8.916
2027,MAM,North West England,0.505,9.158
2028,MAM,North West England,0.612,15.811
2029,MAM,North West England,0.610,12.768
2030,MAM,North West England,0.510,12.337
2031,MAM,North West England,0.538,9.989
2032,MAM,North West England,0.433,6.895
2033,MAM,North West England,0.451,5.537
2034,MAM,North West England,0.662,9.368
2035,MAM,North West England,0.595,9.811
2036,MAM,North West England,0.554,11.484
2037,MAM,North West England,0.368,5.705
2038,MAM,North West England,0.632,11.968
2039,MAM,North West England,0.675,8.747
2040,MAM,North West England,0.372,9.453
2041,MAM,North West England,0.673,9.242
2042,MAM,North West England,0.555,10.368
2043,MAM,North West England,0.551,7.758
2044,MAM,North West England,0.620,9.232
2045,MAM,North West England,0.476,9.400
2046,MAM,North West England,0.551,10.442
2047,MAM,North West England,0.542,9.189
2048,MAM,North West England,0.652,8.968
2049,MAM,North West England,0.488,11.337
2050,MAM,North West England,0.616,10.400
2051,MAM,North West England,0.501,8.484
2052,MAM,North West England,0.509,7.916
2053,MAM,North West England,0.759,12.295
2054,MAM,North West England,0.561,8.032
2055,MAM,North West England,0.520,8.411
2056,MAM,North West England,0.627,8.379
2057,MAM,North West England,0.578,10.926
2058,MAM,North West England,0.529,6.989
2059,MAM,North West England,0.505,8.021
2060,MAM,North West England,0.536,7.253
2061,MAM,North West England,0.544,11.232
2062,MAM,North West England,0.408,5.695
2063,MAM,North West England,0.467,8.232
2064,MAM,North West England,0.554,10.042
2065,MAM,North West England,0.540,11.168
2066,MAM,North West England,0.456,7.842
2067,MAM,North West England,0.400,9.726
2068,MAM,North West England,0.490,12.653
2069,MAM,North West England,0.329,7.442
2070,MAM,North West England,0.505,11.632
2071,MAM,North West England,0.577,13.295
2072,MAM,North West England,0.602,12.295
2073,MAM,North West England,0.410,7.253
2074,MAM,North West England,0.513,9.042
2075,MAM,North West England,0.548,8.137
2076,MAM,North West England,0.500,9.989
2077,MAM,North West England,0.471,8.368
2078,MAM,North West England,0.630,12.305
2079,MAM,North West England,0.590,10.674
2080,MAM,North West England,0.582,8.737
1981,MAM,South East England,0.363,5.541
1982,MAM,South East England,0.362,7.311
1983,MAM,South East England,0.402,10.123
1984,MAM,South East England,0.340,4.607
1985,MAM,South East England,0.436,9.016
1986,MAM,South East England,0.447,6.016
1987,MAM,South East England,0.350,6.156
1988,MAM,South East England,0.466,7.066
1989,MAM,South East England,0.434,4.951
1990,MAM,South East England,0.507,6.090
1991,MAM,South East England,0.443,6.754
1992,MAM,South East England,0.377,6.098
1993,MAM,South East England,0.419,6.041
1994,MAM,South East England,0.400,5.607
1995,MAM,South East England,0.414,9.008
1996,MAM,South East England,0.507,8.828
1997,MAM,South East England,0.494,7.262
1998,MAM,South East England,0.387,5.754
1999,MAM,South East England,0.380,5.902
2000,MAM,South East England,0.342,4.270
2001,MAM,South East England,0.524,8.320
2002,MAM,South East England,0.398,5.418
2003,MAM,South East England,0.659,12.533
2004,MAM,South East England,0.453,5.057
2005,MAM,South East England,0.445,9.131
2006,MAM,South East England,0.503,6.934
2007,MAM,South East England,0.497,6.828
2008,MAM,South East England,0.438,7.352
2009,MAM,South East England,0.520,8.885
2010,MAM,South East England,0.469,6.615
2011,MAM,South East England,0.406,5.623
2012,MAM,South East England,0.593,10.148
2013,MAM,South East England,0.417,7.361
2014,MAM,South East England,0.539,9.000
2015,MAM,South East England,0.458,8.811
2016,MAM,South East England,0.575,12.246
2017,MAM,South East England,0.436,8.303
2018,MAM,South East England,0.451,7.910
2019,MAM,South East England,0.388,7.262
2020,MAM,South East England,0.458,10.344
2021,MAM,South East England,0.323,4.246
2022,MAM,South East England,0.570,8.861
2023,MAM,South East England,0.514,9.066
2024,MAM,South East England,0.537,9.779
2025,MAM,South East England,0.538,8.500
2026,MAM,South East England,0.356,6.984
2027,MAM,South East England,0.446,8.672
2028,MAM,South East England,0.407,6.893
2029,MAM,South East England,0.502,9.123
2030,MAM,South East England,0.495,7.934
2031,MAM,South East England,0.355,5.787
2032,MAM,South East England,0.367,6.959
2033,MAM,South East England,0.277,3.803
2034,MAM,South East England,0.558,7.197
2035,MAM,South East England,0.501,6.025
2036,MAM,South East England,0.367,6.918
2037,MAM,South East England,0.303,5.213
2038,MAM,South East England,0.472,7.836
2039,MAM,South East England,0.582,7.475
2040,MAM,South East England,0.308,5.221
2041,MAM,South East England,0.598,10.254
2042,MAM,South East England,0.418,7.156
2043,MAM,South East England,0.493,8.197
2044,MAM,South East England,0.572,8.574
2045,MAM,South East England,0.409,8.385
2046,MAM,South East England,0.451,5.967
2047,MAM,South East England,0.324,6.279
2048,MAM,South East England,0.540,6.795
2049,MAM,South East England,0.295,4.000
2050,MAM,South East England,0.583,8.230
2051,MAM,South East England,0.396,6.902
2052,MAM,South East England,0.566,8.279
2053,MAM,South East England,0.659,7.631
2054,MAM,South East England,0.461,6.287
2055,MAM,South East England,0.377,6.656
2056,MAM,South East England,0.599,9.844
2057,MAM,South East England,0.445,9.795
2058,MAM,South East England,0.423,6.025
2059,MAM,South East England,0.375,7.500
2060,MAM,South East England,0.418,5.811
2061,MAM,South East England,0.449,6.500
2062,MAM,South East England,0.432,6.836
2063,MAM,South East England,0.361,5.926
2064,MAM,South East England,0.518,6.369
2065,MAM,South East England,0.483,8.074
2066,MAM,South East England,0.369,6.270
2067,MAM,South East England,0.322,7.533
2068,MAM,South East England,0.471,11.500
2069,MAM,South East England,0.422,8.910
2070,MAM,South East England,0.299,6.402
2071,MAM,South East England,0.494,7.762
2072,MAM,South East England,0.462,12.836
2073,MAM,South East England,0.420,5.689
2074,MAM,South East England,0.504,8.025
2075,MAM,South East England,0.513,7.574
2076,MAM,South East England,0.370,4.049
2077,MAM,South East England,0.424,5.746
2078,MAM,South East England,0.474,7.074
2079,MAM,South East England,0.442,8.033
2080,MAM,South East England,0.496,7.025
1981,MAM,South West England,0.323,5.319
1982,MAM,South West England,0.430,7.794
1983,MAM,South West England,0.448,9.863
1984,MAM,South West England,0.377,5.500
1985,MAM,South West England,0.469,9.481
1986,MAM,South West England,0.438,6.444
1987,MAM,South West England,0.437,9.412
1988,MAM,South West England,0.512,8.581
1989,MAM,South West England,0.484,6.956
1990,MAM,South West England,0.549,5.869
1991,MAM,South West England,0.438,6.062
1992,MAM,South West England,0.396,8.119
1993,MAM,South West England,0.422,8.225
1994,MAM,South West England,0.413,6.081
1995,MAM,South West England,0.407,7.688
1996,MAM,South West England,0.532,9.106
1997,MAM,South West England,0.544,9.294
1998,MAM,South West England,0.427,6.731
1999,MAM,South West England,0.423,5.975
2000,MAM,South West England,0.414,4.456
2001,MAM,South West England,0.578,9.925
2002,MAM,South West England,0.470,7.319
2003,MAM,South West England,0.696,13.406
2004,MAM,South West England,0.422,5.775
2005,MAM,South West England,0.445,13.231
2006,MAM,South West England,0.518,7.263
2007,MAM,South West England,0.475,5.881
2008,MAM,South West England,0.486,7.256
2009,MAM,South West England,0.573,8.406
2010,MAM,South West England,0.540,7.562
2011,MAM,South West England,0.475,7.237
2012,MAM,South West England,0.604,9.275
2013,MAM,South West England,0.418,9.025
2014,MAM,South West England,0.587,10.906
2015,MAM,South West England,0.493,10.306
2016,MAM,South West England,0.604,10.287
2017,MAM,South West England,0.478,6.688
2018,MAM,South West England,0.446,10.794
2019,MAM,South West England,0.401,6.362
2020,MAM,South West England,0.496,14.381
2021,MAM,South West England,0.301,6.006
2022,MAM,South West England,0.602,8.950
2023,MAM,South West England,0.474,6.700
2024,MAM,South West England,0.546,8.444
2025,MAM,South West England,0.532,12.213
2026,MAM,South West England,0.378,7.925
2027,MAM,South West England,0.483,8.988
2028,MAM,South West England,0.458,7.281
2029,MAM,South West England,0.533,12.050
2030,MAM,South West England,0.528,8.100
2031,MAM,South West England,0.476,8.694
2032,MAM,South West England,0.437,7.894
2033,MAM,South West England,0.336,5.963
2034,MAM,South West England,0.586,7.588
2035,MAM,South West England,0.532,7.037
2036,MAM,South West England,0.450,8.331
2037,MAM,South West England,0.266,4.250
2038,MAM,South West England,0.513,7.425
2039,MAM,South West England,0.589,8.325
2040,MAM,South West England,0.286,5.425
2041,MAM,South West England,0.629,8.994
2042,MAM,South West England,0.529,10.338
2043,MAM,South West England,0.489,8.444
2044,MAM,South West England,0.623,10.231
2045,MAM,South West England,0.413,10.150
2046,MAM,South West England,0.449,5.312
2047,MAM,South West England,0.319,5.737
2048,MAM,South West England,0.531,6.569
2049,MAM,South West England,0.314,3.763
2050,MAM,South West England,0.608,10.938
2051,MAM,South West England,0.429,7.556
2052,MAM,South West England,0.523,9.281
2053,MAM,South West England,0.682,9.312
2054,MAM,South West England,0.516,7.450
2055,MAM,South West England,0.411,7.619
2056,MAM,South West England,0.606,11.887
2057,MAM,South West England,0.469,11.406
2058,MAM,South West England,0.432,6.188
2059,MAM,South West England,0.438,8.306
2060,MAM,South West England,0.458,10.044
2061,MAM,South West England,0.462,6.975
2062,MAM,South West England,0.457,6.669
2063,MAM,South West England,0.423,8.363
2064,MAM,South West England,0.515,5.850
2065,MAM,South West England,0.485,7.425
2066,MAM,South West England,0.414,7.431
2067,MAM,South West England,0.378,7.769
2068,MAM,South West England,0.451,8.594
2069,MAM,South West England,0.398,8.975
2070,MAM,South West England,0.348,7.581
2071,MAM,South West England,0.572,15.181
2072,MAM,South West England,0.447,10.825
2073,MAM,South West England,0.461,8.200
2074,MAM,South West England,0.523,7.862
2075,MAM,South West England,0.497,7.944
2076,MAM,South West England,0.397,5.713
2077,MAM,South West England,0.426,7.069
2078,MAM,South West England,0.492,6.656
2079,MAM,South West England,0.455,8.863
2080,MAM,South West England,0.482,10.256
1981,MAM,West Midlands,0.323,4.919
1982,MAM,West Midlands,0.435,7.744
1983,MAM,West Midlands,0.458,12.291
1984,MAM,West Midlands,0.347,4.465
1985,MAM,West Midlands,0.454,9.012
1986,MAM,West Midlands,0.453,7.837
1987,MAM,West Midlands,0.384,5.895
1988,MAM,West Midlands,0.474,7.872
1989,MAM,West Midlands,0.507,8.744
1990,MAM,West Midlands,0.505,6.186
1991,MAM,West Midlands,0.457,6.733
1992,MAM,West Midlands,0.382,6.698
1993,MAM,West Midlands,0.436,7.116
1994,MAM,West Midlands,0.464,8.442
1995,MAM,West Midlands,0.403,6.919
1996,MAM,West Midlands,0.567,8.942
1997,MAM,West Midlands,0.503,7.512
1998,MAM,West Midlands,0.369,5.023
1999,MAM,West Midlands,0.417,6.279
2000,MAM,West Midlands,0.426,5.267
2001,MAM,West Midlands,0.560,8.919
2002,MAM,West Midlands,0.456,6.733
2003,MAM,West Midlands,0.620,10.791
2004,MAM,West Midlands,0.422,5.244
2005,MAM,West Midlands,0.447,6.151
2006,MAM,West Midlands,0.531,7.558
2007,MAM,West Midlands,0.471,6.116
2008,MAM,West Midlands,0.458,7.965
2009,MAM,West Midlands,0.521,7.674
2010,MAM,West Midlands,0.530,6.081
2011,MAM,West Midlands,0.459,6.802
2012,MAM,West Midlands,0.591,8.419
2013,MAM,West Midlands,0.433,9.128
2014,MAM,West Midlands,0.540,9.512
2015,MAM,West Midlands,0.451,9.384
2016,MAM,West Midlands,0.596,11.012
2017,MAM,West Midlands,0.426,5.942
2018,MAM,West Midlands,0.384,7.349
2019,MAM,West Midlands,0.369,6.628
2020,MAM,West Midlands,0.473,12.895
2021,MAM,West Midlands,0.324,4.860
2022,MAM,West Midlands,0.621,9.047
2023,MAM,West Midlands,0.478,7.093
2024,MAM,West Midlands,0.566,11.244
2025,MAM,West Midlands,0.478,7.465
2026,MAM,West Midlands,0.358,6.326
2027,MAM,West Midlands,0.496,9.465
2028,MAM,West Midlands,0.470,7.372
2029,MAM,West Midlands,0.526,9.360
2030,MAM,West Midlands,0.501,7.209
2031,MAM,West Midlands,0.487,10.244
2032,MAM,West Midlands,0.390,6.314
2033,MAM,West Midlands,0.357,4.942
2034,MAM,West Midlands,0.567,10.093
2035,MAM,West Midlands,0.505,6.593
2036,MAM,West Midlands,0.436,7.419
2037,MAM,West Midlands,0.273,5.523
2038,MAM,West Midlands,0.512,5.628
2039,MAM,West Midlands,0.575,7.616
2040,MAM,West Midlands,0.365,7.709
2041,MAM,West Midlands,0.595,8.628
2042,MAM,West Midlands,0.500,9.163
2043,MAM,West Midlands,0.487,8.407
2044,MAM,West Midlands,0.612,8.395
2045,MAM,West Midlands,0.449,9.802
2046,MAM,West Midlands,0.393,4.860
2047,MAM,West Midlands,0.365,6.523
2048,MAM,West Midlands,0.536,6.198
2049,MAM,West Midlands,0.357,5.919
2050,MAM,West Midlands,0.601,9.512
2051,MAM,West Midlands,0.460,9.012
2052,MAM,West Midlands,0.505,6.663
2053,MAM,West Midlands,0.696,8.907
2054,MAM,West Midlands,0.466,4.756
2055,MAM,West Midlands,0.429,6.895
2056,MAM,West Midlands,0.596,10.733
2057,MAM,West Midlands,0.431,8.395
2058,MAM,West Midlands,0.436,5.105
2059,MAM,West Midlands,0.410,7.605
2060,MAM,West Midlands,0.474,9.767
2061,MAM,West Midlands,0.448,5.988
2062,MAM,West Midlands,0.377,5.256
2063,MAM,West Midlands,0.383,6.233
2064,MAM,West Midlands,0.526,6.721
2065,MAM,West Midlands,0.467,7.151
2066,MAM,West Midlands,0.421,6.826
2067,MAM,West Midlands,0.329,8.140
2068,MAM,West Midlands,0.421,6.942
2069,MAM,West Midlands,0.340,4.395
2070,MAM,West Midlands,0.359,8.267
2071,MAM,West Midlands,0.557,12.523
2072,MAM,West Midlands,0.525,14.837
2073,MAM,West Midlands,0.436,7.605
2074,MAM,West Midlands,0.541,8.895
2075,MAM,West Midlands,0.537,8.221
2076,MAM,West Midlands,0.357,4.640
2077,MAM,West Midlands,0.417,6.628
2078,MAM,West Midlands,0.528,6.953
2079,MAM,West Midlands,0.464,7.267
2080,MAM,West Midlands,0.496,6.442
1981,MAM,West Scotland,0.437,7.741
1982,MAM,West Scotland,0.486,11.659
1983,MAM,West Scotland,0.476,8.104
1984,MAM,West Scotland,0.500,8.415
1985,MAM,West Scotland,0.594,12.615
1986,MAM,West Scotland,0.502,6.844
1987,MAM,West Scotland,0.539,15.393
1988,MAM,West Scotland,0.476,7.822
1989,MAM,West Scotland,0.555,15.541
1990,MAM,West Scotland,0.441,8.496
1991,MAM,West Scotland,0.542,8.800
1992,MAM,West Scotland,0.570,13.030
1993,MAM,West Scotland,0.489,7.748
1994,MAM,West Scotland,0.527,9.141
1995,MAM,West Scotland,0.503,8.719
1996,MAM,West Scotland,0.593,10.259
1997,MAM,West Scotland,0.585,8.719
1998,MAM,West Scotland,0.489,6.785
1999,MAM,West Scotland,0.467,9.259
2000,MAM,West Scotland,0.657,11.970
2001,MAM,West Scotland,0.541,11.163
2002,MAM,West Scotland,0.559,9.422
2003,MAM,West Scotland,0.580,10.407
2004,MAM,West Scotland,0.480,9.081
2005,MAM,West Scotland,0.562,10.074
2006,MAM,West Scotland,0.543,7.519
2007,MAM,West Scotland,0.512,6.170
2008,MAM,West Scotland,0.529,7.800
2009,MAM,West Scotland,0.516,10.956
2010,MAM,West Scotland,0.662,8.185
2011,MAM,West Scotland,0.513,9.037
2012,MAM,West Scotland,0.634,9.207
2013,MAM,West Scotland,0.507,8.593
2014,MAM,West Scotland,0.621,9.570
2015,MAM,West Scotland,0.525,12.985
2016,MAM,West Scotland,0.708,12.756
2017,MAM,West Scotland,0.555,10.778
2018,MAM,West Scotland,0.535,8.548
2019,MAM,West Scotland,0.474,8.541
2020,MAM,West Scotland,0.549,10.593
2021,MAM,West Scotland,0.509,10.178
2022,MAM,West Scotland,0.580,10.667
2023,MAM,West Scotland,0.532,11.141
2024,MAM,West Scotland,0.626,10.956
2025,MAM,West Scotland,0.578,9.244
2026,MAM,West Scotland,0.510,9.570
2027,MAM,West Scotland,0.527,10.163
2028,MAM,West Scotland,0.661,17.985
2029,MAM,West Scotland,0.665,15.356
2030,MAM,West Scotland,0.511,13.615
2031,MAM,West Scotland,0.532,8.711
2032,MAM,West Scotland,0.458,7.911
2033,MAM,West Scotland,0.505,7.607
2034,MAM,West Scotland,0.686,12.800
2035,MAM,West Scotland,0.597,9.000
2036,MAM,West Scotland,0.534,11.726
2037,MAM,West Scotland,0.454,7.674
2038,MAM,West Scotland,0.618,13.467
2039,MAM,West Scotland,0.641,9.185
2040,MAM,West Scotland,0.395,9.844
2041,MAM,West Scotland,0.677,12.400
2042,MAM,West Scotland,0.579,11.430
2043,MAM,West Scotland,0.535,7.785
2044,MAM,West Scotland,0.613,8.415
2045,MAM,West Scotland,0.480,17.281
2046,MAM,West Scotland,0.660,11.215
2047,MAM,West Scotland,0.592,10.741
2048,MAM,West Scotland,0.701,14.504
2049,MAM,West Scotland,0.531,11.156
2050,MAM,West Scotland,0.596,11.393
2051,MAM,West Scotland,0.545,10.037
2052,MAM,West Scotland,0.551,9.933
2053,MAM,West Scotland,0.717,13.037
2054,MAM,West Scotland,0.519,8.822
2055,MAM,West Scotland,0.594,10.830
2056,MAM,West Scotland,0.610,8.926
2057,MAM,West Scotland,0.633,13.393
2058,MAM,West Scotland,0.587,8.741
2059,MAM,West Scotland,0.574,10.230
2060,MAM,West Scotland,0.612,10.674
2061,MAM,West Scotland,0.558,11.941
2062,MAM,West Scotland,0.415,6.089
2063,MAM,West Scotland,0.478,13.711
2064,MAM,West Scotland,0.574,13.156
2065,MAM,West Scotland,0.527,7.622
2066,MAM,West Scotland,0.516,8.659
2067,MAM,West Scotland,0.508,11.141
2068,MAM,West Scotland,0.521,14.304
2069,MAM,West Scotland,0.416,8.104
2070,MAM,West Scotland,0.563,11.474
2071,MAM,West Scotland,0.512,11.452
2072,MAM,West Scotland,0.640,12.215
2073,MAM,West Scotland,0.345,7.222
2074,MAM,West Scotland,0.493,9.007
2075,MAM,West Scotland,0.516,8.941
2076,MAM,West Scotland,0.592,10.156
2077,MAM,West Scotland,0.528,8.444
2078,MAM,West Scotland,0.569,10.504
2079,MAM,West Scotland,0.584,11.941
2080,MAM,West Scotland,0.549,7.496
1981,MAM,Yorkshire and Humber,0.363,6.851
1982,MAM,Yorkshire and Humber,0.417,5.743
1983,MAM,Yorkshire and Humber,0.425,6.980
1984,MAM,Yorkshire and Humber,0.464,6.762
1985,MAM,Yorkshire and Humber,0.440,8.366
1986,MAM,Yorkshire and Humber,0.506,7.198
1987,MAM,Yorkshire and Humber,0.382,7.644
1988,MAM,Yorkshire and Humber,0.434,7.277
1989,MAM,Yorkshire and Humber,0.560,8.416
1990,MAM,Yorkshire and Humber,0.469,6.257
1991,MAM,Yorkshire and Humber,0.451,7.624
1992,MAM,Yorkshire and Humber,0.440,9.069
1993,MAM,Yorkshire and Humber,0.434,9.356
1994,MAM,Yorkshire and Humber,0.450,7.465
1995,MAM,Yorkshire and Humber,0.434,8.020
1996,MAM,Yorkshire and Humber,0.533,7.228
1997,MAM,Yorkshire and Humber,0.566,9.287
1998,MAM,Yorkshire and Humber,0.358,4.564
1999,MAM,Yorkshire and Humber,0.425,7.040
2000,MAM,Yorkshire and Humber,0.416,7.277
2001,MAM,Yorkshire and Humber,0.560,10.248
2002,MAM,Yorkshire and Humber,0.430,7.040
2003,MAM,Yorkshire and Humber,0.613,9.248
2004,MAM,Yorkshire and Humber,0.462,6.495
2005,MAM,Yorkshire and Humber,0.482,5.505
2006,MAM,Yorkshire and Humber,0.574,8.317
2007,MAM,Yorkshire and Humber,0.429,6.228
2008,MAM,Yorkshire and Humber,0.475,9.168
2009,MAM,Yorkshire and Humber,0.520,6.545
2010,MAM,Yorkshire and Humber,0.571,7.396
2011,MAM,Yorkshire and Humber,0.429,5.911
2012,MAM,Yorkshire and Humber,0.531,7.931
2013,MAM,Yorkshire and Humber,0.464,10.129
2014,MAM,Yorkshire and Humber,0.548,10.000
2015,MAM,Yorkshire and Humber,0.471,11.911
2016,MAM,Yorkshire and Humber,0.626,8.376
2017,MAM,Yorkshire and Humber,0.412,6.149
2018,MAM,Yorkshire and Humber,0.433,6.743
2019,MAM,Yorkshire and Humber,0.382,6.149
2020,MAM,Yorkshire and Humber,0.452,8.317
2021,MAM,Yorkshire and Humber,0.382,6.584
2022,MAM,Yorkshire and Humber,0.585,13.109
2023,MAM,Yorkshire and Humber,0.484,9.376
2024,MAM,Yorkshire and Humber,0.573,9.950
2025,MAM,Yorkshire and Humber,0.493,6.861
2026,MAM,Yorkshire and Humber,0.376,8.386
2027,MAM,Yorkshire and Humber,0.457,8.149
2028,MAM,Yorkshire and Humber,0.515,10.139
2029,MAM,Yorkshire and Humber,0.494,8.624
2030,MAM,Yorkshire and Humber,0.461,6.891
2031,MAM,Yorkshire and Humber,0.434,6.911
2032,MAM,Yorkshire and Humber,0.374,4.812
2033,MAM,Yorkshire and Humber,0.397,5.396
2034,MAM,Yorkshire and Humber,0.638,9.554
2035,MAM,Yorkshire and Humber,0.526,8.644
2036,MAM,Yorkshire and Humber,0.433,6.525
2037,MAM,Yorkshire and Humber,0.332,6.218
2038,MAM,Yorkshire and Humber,0.505,7.010
2039,MAM,Yorkshire and Humber,0.592,6.861
2040,MAM,Yorkshire and Humber,0.360,5.683
2041,MAM,Yorkshire and Humber,0.585,8.238
2042,MAM,Yorkshire and Humber,0.497,8.644
2043,MAM,Yorkshire and Humber,0.551,9.129
2044,MAM,Yorkshire and Humber,0.516,7.178
2045,MAM,Yorkshire and Humber,0.436,10.188
2046,MAM,Yorkshire and Humber,0.501,7.376
2047,MAM,Yorkshire and Humber,0.444,7.861
2048,MAM,Yorkshire and Humber,0.618,8.782
2049,MAM,Yorkshire and Humber,0.370,5.317
2050,MAM,Yorkshire and Humber,0.579,8.069
2051,MAM,Yorkshire and Humber,0.448,9.119
2052,MAM,Yorkshire and Humber,0.505,7.842
2053,MAM,Yorkshire and Humber,0.699,9.446
2054,MAM,Yorkshire and Humber,0.526,7.208
2055,MAM,Yorkshire and Humber,0.443,5.772
2056,MAM,Yorkshire and Humber,0.586,9.337
2057,MAM,Yorkshire and Humber,0.494,9.327
2058,MAM,Yorkshire and Humber,0.471,6.356
2059,MAM,Yorkshire and Humber,0.403,7.911
2060,MAM,Yorkshire and Humber,0.480,7.198
2061,MAM,Yorkshire and Humber,0.486,7.168
2062,MAM,Yorkshire and Humber,0.335,4.119
2063,MAM,Yorkshire and Humber,0.428,6.396
2064,MAM,Yorkshire and Humber,0.509,6.980
2065,MAM,Yorkshire and Humber,0.530,9.624
2066,MAM,Yorkshire and Humber,0.413,6.812
2067,MAM,Yorkshire and Humber,0.316,8.020
2068,MAM,Yorkshire and Humber,0.428,6.515
2069,MAM,Yorkshire and Humber,0.343,5.475
2070,MAM,Yorkshire and Humber,0.392,7.762
2071,MAM,Yorkshire and Humber,0.518,10.257
2072,MAM,Yorkshire and Humber,0.519,9.426
2073,MAM,Yorkshire and Humber,0.432,6.287
2074,MAM,Yorkshire and Humber,0.440,7.564
2075,MAM,Yorkshire and Humber,0.511,7.347
2076,MAM,Yorkshire and Humber,0.401,6.149
2077,MAM,Yorkshire and Humber,0.415,6.386
2078,MAM,Yorkshire and Humber,0.539,8.317
2079,MAM,Yorkshire and Humber,0.516,8.406
2080,MAM,Yorkshire and Humber,0.507,6.515
1981,MAM,Channel Islands,0.293,7.000
1982,MAM,Channel Islands,0.337,4.000
1983,MAM,Channel Islands,0.380,5.000
1984,MAM,Channel Islands,0.315,4.000
1985,MAM,Channel Islands,0.424,8.000
1986,MAM,Channel Islands,0.424,8.000
1987,MAM,Channel Islands,0.326,8.000
1988,MAM,Channel Islands,0.435,8.000
1989,MAM,Channel Islands,0.380,4.000
1990,MAM,Channel Islands,0.446,7.000
1991,MAM,Channel Islands,0.435,5.000
1992,MAM,Channel Islands,0.348,3.000
1993,MAM,Channel Islands,0.337,7.000
1994,MAM,Channel Islands,0.348,6.000
1995,MAM,Channel Islands,0.435,7.000
1996,MAM,Channel Islands,0.478,10.000
1997,MAM,Channel Islands,0.467,7.000
1998,MAM,Channel Islands,0.435,8.000
1999,MAM,Channel Islands,0.337,6.000
2000,MAM,Channel Islands,0.272,4.000
2001,MAM,Channel Islands,0.446,4.000
2002,MAM,Channel Islands,0.326,8.000
2003,MAM,Channel Islands,0.565,11.000
2004,MAM,Channel Islands,0.348,4.000
2005,MAM,Channel Islands,0.402,8.000
2006,MAM,Channel Islands,0.500,19.000
2007,MAM,Channel Islands,0.446,5.000
2008,MAM,Channel Islands,0.380,6.000
2009,MAM,Channel Islands,0.565,7.000
2010,MAM,Channel Islands,0.511,6.000
2011,MAM,Channel Islands,0.391,5.000
2012,MAM,Channel Islands,0.511,7.000
2013,MAM,Channel Islands,0.380,6.000
2014,MAM,Channel Islands,0.522,9.000
2015,MAM,Channel Islands,0.380,5.000
2016,MAM,Channel Islands,0.500,6.000
2017,MAM,Channel Islands,0.413,5.000
2018,MAM,Channel Islands,0.457,11.000
2019,MAM,Channel Islands,0.380,5.000
2020,MAM,Channel Islands,0.533,9.000
2021,MAM,Channel Islands,0.272,7.000
2022,MAM,Channel Islands,0.478,8.000
2023,MAM,Channel Islands,0.446,5.000
2024,MAM,Channel Islands,0.435,5.000
2025,MAM,Channel Islands,0.576,10.000
2026,MAM,Channel Islands,0.272,4.000
2027,MAM,Channel Islands,0.402,7.000
2028,MAM,Channel Islands,0.380,6.000
2029,MAM,Channel Islands,0.457,8.000
2030,MAM,Channel Islands,0.500,6.000
2031,MAM,Channel Islands,0.370,5.000
2032,MAM,Channel Islands,0.348,5.000
2033,MAM,Channel Islands,0.261,5.000
2034,MAM,Channel Islands,0.489,5.000
2035,MAM,Channel Islands,0.500,6.000
2036,MAM,Channel Islands,0.315,10.000
2037,MAM,Channel Islands,0.228,4.000
2038,MAM,Channel Islands,0.424,7.000
2039,MAM,Channel Islands,0.533,6.000
2040,MAM,Channel Islands,0.228,5.000
2041,MAM,Channel Islands,0.587,6.000
2042,MAM,Channel Islands,0.457,9.000
2043,MAM,Channel Islands,0.457,6.000
2044,MAM,Channel Islands,0.609,15.000
2045,MAM,Channel Islands,0.359,5.000
2046,MAM,Channel Islands,0.511,7.000
2047,MAM,Channel Islands,0.261,5.000
2048,MAM,Channel Islands,0.522,9.000
2049,MAM,Channel Islands,0.228,5.000
2050,MAM,Channel Islands,0.543,8.000
2051,MAM,Channel Islands,0.402,7.000
2052,MAM,Channel Islands,0.467,5.000
2053,MAM,Channel Islands,0.576,10.000
2054,MAM,Channel Islands,0.489,10.000
2055,MAM,Channel Islands,0.326,6.000
2056,MAM,Channel Islands,0.511,8.000
2057,MAM,Channel Islands,0.424,10.000
2058,MAM,Channel Islands,0.446,9.000
2059,MAM,Channel Islands,0.370,9.000
2060,MAM,Channel Islands,0.359,6.000
2061,MAM,Channel Islands,0.424,4.000
2062,MAM,Channel Islands,0.424,7.000
2063,MAM,Channel Islands,0.424,7.000
2064,MAM,Channel Islands,0.435,6.000
2065,MAM,Channel Islands,0.478,7.000
2066,MAM,Channel Islands,0.359,8.000
2067,MAM,Channel Islands,0.326,5.000
2068,MAM,Channel Islands,0.457,11.000
2069,MAM,Channel Islands,0.435,7.000
2070,MAM,Channel Islands,0.326,6.000
2071,MAM,Channel Islands,0.435,5.000
2072,MAM,Channel Islands,0.348,4.000
2073,MAM,Channel Islands,0.348,8.000
2074,MAM,Channel Islands,0.446,5.000
2075,MAM,Channel Islands,0.435,5.000
2076,MAM,Channel Islands,0.348,5.000
2077,MAM,Channel Islands,0.380,5.000
2078,MAM,Channel Islands,0.478,6.000
2079,MAM,Channel Islands,0.424,5.000
2080,MAM,Channel Islands,0.489,10.000
1981,MAM,Isle of Man,0.351,6.000
1982,MAM,Isle of Man,0.348,3.667
1983,MAM,Isle of Man,0.395,6.000
1984,MAM,Isle of Man,0.380,3.667
1985,MAM,Isle of Man,0.464,7.000
1986,MAM,Isle of Man,0.442,8.000
1987,MAM,Isle of Man,0.406,8.000
1988,MAM,Isle of Man,0.377,4.000
1989,MAM,Isle of Man,0.482,12.000
1990,MAM,Isle of Man,0.496,11.000
1991,MAM,Isle of Man,0.478,5.667
1992,MAM,Isle of Man,0.409,5.333
1993,MAM,Isle of Man,0.402,5.333
1994,MAM,Isle of Man,0.413,5.667
1995,MAM,Isle of Man,0.413,5.000
1996,MAM,Isle of Man,0.543,7.000
1997,MAM,Isle of Man,0.572,8.000
1998,MAM,Isle of Man,0.409,5.000
1999,MAM,Isle of Man,0.377,6.667
2000,MAM,Isle of Man,0.547,9.000
2001,MAM,Isle of Man,0.486,7.000
2002,MAM,Isle of Man,0.525,9.000
2003,MAM,Isle of Man,0.587,7.000
2004,MAM,Isle of Man,0.373,5.667
2005,MAM,Isle of Man,0.460,5.000
2006,MAM,Isle of Man,0.446,5.667
2007,MAM,Isle of Man,0.391,5.333
2008,MAM,Isle of Man,0.449,5.667
2009,MAM,Isle of Man,0.504,5.667
2010,MAM,Isle of Man,0.514,5.000
2011,MAM,Isle of Man,0.413,6.000
2012,MAM,Isle of Man,0.522,12.000
2013,MAM,Isle of Man,0.402,9.000
2014,MAM,Isle of Man,0.500,7.667
2015,MAM,Isle of Man,0.435,11.000
2016,MAM,Isle of Man,0.594,10.000
2017,MAM,Isle of Man,0.391,7.000
2018,MAM,Isle of Man,0.388,6.000
2019,MAM,Isle of Man,0.395,7.333
2020,MAM,Isle of Man,0.467,8.000
2021,MAM,Isle of Man,0.373,5.000
2022,MAM,Isle of Man,0.598,7.667
2023,MAM,Isle of Man,0.428,7.000
2024,MAM,Isle of Man,0.511,8.000
2025,MAM,Isle of Man,0.511,7.000
2026,MAM,Isle of Man,0.351,4.667
2027,MAM,Isle of Man,0.446,7.000
2028,MAM,Isle of Man,0.551,12.000
2029,MAM,Isle of Man,0.565,8.333
2030,MAM,Isle of Man,0.547,8.667
2031,MAM,Isle of Man,0.438,4.333
2032,MAM,Isle of Man,0.446,10.667
2033,MAM,Isle of Man,0.366,4.333
2034,MAM,Isle of Man,0.533,7.000
2035,MAM,Isle of Man,0.496,6.667
2036,MAM,Isle of Man,0.522,10.333
2037,MAM,Isle of Man,0.344,5.000
2038,MAM,Isle of Man,0.453,6.000
2039,MAM,Isle of Man,0.525,7.000
2040,MAM,Isle of Man,0.312,5.333
2041,MAM,Isle of Man,0.565,10.667
2042,MAM,Isle of Man,0.496,6.333
2043,MAM,Isle of Man,0.475,7.333
2044,MAM,Isle of Man,0.525,11.333
2045,MAM,Isle of Man,0.428,9.333
2046,MAM,Isle of Man,0.489,5.667
2047,MAM,Isle of Man,0.424,7.000
2048,MAM,Isle of Man,0.598,6.667
2049,MAM,Isle of Man,0.457,8.000
2050,MAM,Isle of Man,0.511,8.667
2051,MAM,Isle of Man,0.399,6.000
2052,MAM,Isle of Man,0.391,5.333
2053,MAM,Isle of Man,0.572,5.000
2054,MAM,Isle of Man,0.460,5.000
2055,MAM,Isle of Man,0.507,9.000
2056,MAM,Isle of Man,0.525,5.333
2057,MAM,Isle of Man,0.522,9.333
2058,MAM,Isle of Man,0.482,6.000
2059,MAM,Isle of Man,0.496,7.000
2060,MAM,Isle of Man,0.504,8.000
2061,MAM,Isle of Man,0.438,6.000
2062,MAM,Isle of Man,0.351,5.000
2063,MAM,Isle of Man,0.341,3.000
2064,MAM,Isle of Man,0.536,6.000
2065,MAM,Isle of Man,0.482,5.333
2066,MAM,Isle of Man,0.438,6.000
2067,MAM,Isle of Man,0.399,6.000
2068,MAM,Isle of Man,0.348,3.000
2069,MAM,Isle of Man,0.341,8.000
2070,MAM,Isle of Man,0.446,6.000
2071,MAM,Isle of Man,0.449,7.667
2072,MAM,Isle of Man,0.507,7.000
2073,MAM,Isle of Man,0.348,6.000
2074,MAM,Isle of Man,0.399,5.000
2075,MAM,Isle of Man,0.522,9.000
2076,MAM,Isle of Man,0.446,5.000
2077,MAM,Isle of Man,0.362,4.667
2078,MAM,Isle of Man,0.467,7.000
2079,MAM,Isle of Man,0.543,8.333
2080,MAM,Isle of Man,0.475,6.333
1981,MAM,Northern Ireland,0.448,8.724
1982,MAM,Northern Ireland,0.460,9.172
1983,MAM,Northern Ireland,0.478,7.782
1984,MAM,Northern Ireland,0.456,6.195
1985,MAM,Northern Ireland,0.607,11.632
1986,MAM,Northern Ireland,0.505,9.276
1987,MAM,Northern Ireland,0.557,13.149
1988,MAM,Northern Ireland,0.506,7.218
1989,MAM,Northern Ireland,0.575,19.276
1990,MAM,Northern Ireland,0.535,11.540
1991,MAM,Northern Ireland,0.512,7.368
1992,MAM,Northern Ireland,0.549,12.540
1993,MAM,Northern Ireland,0.443,8.460
1994,MAM,Northern Ireland,0.490,7.322
1995,MAM,Northern Ireland,0.481,8.494
1996,MAM,Northern Ireland,0.600,7.621
1997,MAM,Northern Ireland,0.662,11.218
1998,MAM,Northern Ireland,0.493,7.402
1999,MAM,Northern Ireland,0.449,9.540
2000,MAM,Northern Ireland,0.610,10.874
2001,MAM,Northern Ireland,0.600,11.621
2002,MAM,Northern Ireland,0.567,9.264
2003,MAM,Northern Ireland,0.624,11.322
2004,MAM,Northern Ireland,0.496,9.644
2005,MAM,Northern Ireland,0.562,10.115
2006,MAM,Northern Ireland,0.542,7.276
2007,MAM,Northern Ireland,0.504,7.103
2008,MAM,Northern Ireland,0.508,10.115
2009,MAM,Northern Ireland,0.601,9.425
2010,MAM,Northern Ireland,0.623,7.609
2011,MAM,Northern Ireland,0.542,12.402
2012,MAM,Northern Ireland,0.568,10.126
2013,MAM,Northern Ireland,0.413,8.069
2014,MAM,Northern Ireland,0.691,13.816
2015,MAM,Northern Ireland,0.493,9.839
2016,MAM,Northern Ireland,0.663,12.989
2017,MAM,Northern Ireland,0.527,9.310
2018,MAM,Northern Ireland,0.527,7.816
2019,MAM,Northern Ireland,0.478,8.851
2020,MAM,Northern Ireland,0.521,8.126
2021,MAM,Northern Ireland,0.470,7.701
2022,MAM,Northern Ireland,0.620,10.333
2023,MAM,Northern Ireland,0.514,9.437
2024,MAM,Northern Ireland,0.600,9.724
2025,MAM,Northern Ireland,0.602,10.552
2026,MAM,Northern Ireland,0.474,6.678
2027,MAM,Northern Ireland,0.505,9.460
2028,MAM,Northern Ireland,0.643,15.414
2029,MAM,Northern Ireland,0.643,12.115
2030,MAM,Northern Ireland,0.600,11.586
2031,MAM,Northern Ireland,0.535,8.517
2032,MAM,Northern Ireland,0.479,7.759
2033,MAM,Northern Ireland,0.515,6.046
2034,MAM,Northern Ireland,0.696,15.931
2035,MAM,Northern Ireland,0.592,9.885
2036,MAM,Northern Ireland,0.564,10.264
2037,MAM,Northern Ireland,0.468,10.103
2038,MAM,Northern Ireland,0.573,11.644
2039,MAM,Northern Ireland,0.633,9.437
2040,MAM,Northern Ireland,0.374,7.310
2041,MAM,Northern Ireland,0.721,13.253
2042,MAM,Northern Ireland,0.562,10.506
2043,MAM,Northern Ireland,0.521,7.437
2044,MAM,Northern Ireland,0.652,9.322
2045,MAM,Northern Ireland,0.460,17.471
2046,MAM,Northern Ireland,0.582,9.862
2047,MAM,Northern Ireland,0.521,7.701
2048,MAM,Northern Ireland,0.609,9.448
2049,MAM,Northern Ireland,0.547,12.126
2050,MAM,Northern Ireland,0.617,12.207
2051,MAM,Northern Ireland,0.540,9.241
2052,MAM,Northern Ireland,0.572,11.770
2053,MAM,Northern Ireland,0.670,10.310
2054,MAM,Northern Ireland,0.514,7.253
2055,MAM,Northern Ireland,0.552,9.057
2056,MAM,Northern Ireland,0.575,6.770
2057,MAM,Northern Ireland,0.587,16.724
2058,MAM,Northern Ireland,0.584,7.586
2059,MAM,Northern Ireland,0.498,7.322
2060,MAM,Northern Ireland,0.624,10.713
2061,MAM,Northern Ireland,0.551,10.011
2062,MAM,Northern Ireland,0.387,5.908
2063,MAM,Northern Ireland,0.458,10.023
2064,MAM,Northern Ireland,0.585,11.345
2065,MAM,Northern Ireland,0.562,7.943
2066,MAM,Northern Ireland,0.495,9.069
2067,MAM,Northern Ireland,0.452,7.483
2068,MAM,Northern Ireland,0.479,9.483
2069,MAM,Northern Ireland,0.432,7.207
2070,MAM,Northern Ireland,0.495,7.080
2071,MAM,Northern Ireland,0.469,6.920
2072,MAM,Northern Ireland,0.591,10.920
2073,MAM,Northern Ireland,0.418,7.678
2074,MAM,Northern Ireland,0.489,7.793
2075,MAM,Northern Ireland,0.472,7.782
2076,MAM,Northern Ireland,0.567,8.069
2077,MAM,Northern Ireland,0.501,7.713
2078,MAM,Northern Ireland,0.562,8.425
2079,MAM,Northern Ireland,0.622,11.874
2080,MAM,Northern Ireland,0.509,9.793
1981,MAM,Wales,0.355,5.849
1982,MAM,Wales,0.479,8.885
1983,MAM,Wales,0.477,11.043
1984,MAM,Wales,0.405,5.842
1985,MAM,Wales,0.520,11.734
1986,MAM,Wales,0.501,8.763
1987,MAM,Wales,0.464,10.209
1988,MAM,Wales,0.514,9.295
1989,MAM,Wales,0.590,11.482
1990,MAM,Wales,0.582,8.165
1991,MAM,Wales,0.475,6.561
1992,MAM,Wales,0.465,9.655
1993,MAM,Wales,0.455,7.237
1994,MAM,Wales,0.489,7.252
1995,MAM,Wales,0.437,6.223
1996,MAM,Wales,0.606,8.446
1997,MAM,Wales,0.587,9.345
1998,MAM,Wales,0.436,6.842
1999,MAM,Wales,0.497,7.432
2000,MAM,Wales,0.499,6.115
2001,MAM,Wales,0.599,10.532
2002,MAM,Wales,0.546,7.957
2003,MAM,Wales,0.687,12.568
2004,MAM,Wales,0.468,6.489
2005,MAM,Wales,0.474,10.727
2006,MAM,Wales,0.570,8.489
2007,MAM,Wales,0.483,6.748
2008,MAM,Wales,0.519,7.806
2009,MAM,Wales,0.582,10.230
2010,MAM,Wales,0.613,8.827
2011,MAM,Wales,0.498,9.647
2012,MAM,Wales,0.632,9.108
2013,MAM,Wales,0.476,12.281
2014,MAM,Wales,0.600,11.331
2015,MAM,Wales,0.472,11.230
2016,MAM,Wales,0.625,11.827
2017,MAM,Wales,0.469,6.734
2018,MAM,Wales,0.458,7.511
2019,MAM,Wales,0.445,7.187
2020,MAM,Wales,0.529,15.683
2021,MAM,Wales,0.372,6.288
2022,MAM,Wales,0.662,10.173
2023,MAM,Wales,0.530,8.439
2024,MAM,Wales,0.566,10.439
2025,MAM,Wales,0.524,11.482
2026,MAM,Wales,0.393,7.734
2027,MAM,Wales,0.505,8.482
2028,MAM,Wales,0.543,9.165
2029,MAM,Wales,0.618,12.921
2030,MAM,Wales,0.565,9.151
2031,MAM,Wales,0.532,11.396
2032,MAM,Wales,0.446,7.201
2033,MAM,Wales,0.393,5.986
2034,MAM,Wales,0.634,9.647
2035,MAM,Wales,0.566,7.561
2036,MAM,Wales,0.510,8.669
2037,MAM,Wales,0.321,5.381
2038,MAM,Wales,0.596,9.273
2039,MAM,Wales,0.626,8.504
2040,MAM,Wales,0.351,7.417
2041,MAM,Wales,0.648,10.374
2042,MAM,Wales,0.560,10.266
2043,MAM,Wales,0.519,8.885
2044,MAM,Wales,0.633,9.978
2045,MAM,Wales,0.465,8.842
2046,MAM,Wales,0.493,5.885
2047,MAM,Wales,0.421,6.482
2048,MAM,Wales,0.623,8.317
2049,MAM,Wales,0.428,7.878
2050,MAM,Wales,0.628,10.137
2051,MAM,Wales,0.514,9.986
2052,MAM,Wales,0.510,8.036
2053,MAM,Wales,0.732,11.237
2054,MAM,Wales,0.555,8.604
2055,MAM,Wales,0.529,8.921
2056,MAM,Wales,0.627,10.835
2057,MAM,Wales,0.527,12.432
2058,MAM,Wales,0.482,6.036
2059,MAM,Wales,0.492,8.173
2060,MAM,Wales,0.542,10.101
2061,MAM,Wales,0.491,8.856
2062,MAM,Wales,0.398,5.309
2063,MAM,Wales,0.434,6.683
2064,MAM,Wales,0.568,8.619
2065,MAM,Wales,0.517,9.266
2066,MAM,Wales,0.463,7.748
2067,MAM,Wales,0.418,9.367
2068,MAM,Wales,0.472,9.388
2069,MAM,Wales,0.369,6.259
2070,MAM,Wales,0.434,9.604
2071,MAM,Wales,0.550,10.597
2072,MAM,Wales,0.537,14.360
2073,MAM,Wales,0.423,7.612
2074,MAM,Wales,0.560,8.144
2075,MAM,Wales,0.528,8.583
2076,MAM,Wales,0.454,9.619
2077,MAM,Wales,0.452,6.676
2078,MAM,Wales,0.574,9.029
2079,MAM,Wales,0.553,9.576
2080,MAM,Wales,0.512,8.022
1981,JJA,East Midlands,0.526,5.827
1982,JJA,East Midlands,0.521,5.712
1983,JJA,East Midlands,0.434,6.990
1984,JJA,East Midlands,0.516,8.923
1985,JJA,East Midlands,0.473,6.942
1986,JJA,East Midlands,0.380,4.731
1987,JJA,East Midlands,0.336,5.067
1988,JJA,East Midlands,0.567,7.865
1989,JJA,East Midlands,0.434,4.962
1990,JJA,East Midlands,0.431,5.913
1991,JJA,East Midlands,0.402,6.106
1992,JJA,East Midlands,0.619,6.538
1993,JJA,East Midlands,0.501,7.442
1994,JJA,East Midlands,0.580,11.981
1995,JJA,East Midlands,0.441,7.260
1996,JJA,East Midlands,0.404,4.577
1997,JJA,East Midlands,0.428,6.808
1998,JJA,East Midlands,0.307,3.673
1999,JJA,East Midlands,0.413,6.981
2000,JJA,East Midlands,0.470,7.356
2001,JJA,East Midlands,0.581,6.885
2002,JJA,East Midlands,0.401,5.577
2003,JJA,East Midlands,0.461,7.827
2004,JJA,East Midlands,0.329,4.817
2005,JJA,East Midlands,0.327,4.327
2006,JJA,East Midlands,0.436,6.606
2007,JJA,East Midlands,0.501,6.500
2008,JJA,East Midlands,0.494,9.173
2009,JJA,East Midlands,0.409,5.683
2010,JJA,East Midlands,0.442,6.183
2011,JJA,East Midlands,0.410,6.269
2012,JJA,East Midlands,0.347,4.981
2013,JJA,East Midlands,0.476,7.365
2014,JJA,East Midlands,0.490,7.673
2015,JJA,East Midlands,0.385,7.894
2016,JJA,East Midlands,0.329,6.029
2017,JJA,East Midlands,0.410,6.250
2018,JJA,East Midlands,0.306,3.990
2019,JJA,East Midlands,0.409,5.231
2020,JJA,East Midlands,0.658,8.702
2021,JJA,East Midlands,0.452,5.337
2022,JJA,East Midlands,0.588,9.990
2023,JJA,East Midlands,0.414,5.433
2024,JJA,East Midlands,0.484,8.558
2025,JJA,East Midlands,0.484,10.144
2026,JJA,East Midlands,0.538,7.058
2027,JJA,East Midlands,0.409,6.413
2028,JJA,East Midlands,0.377,7.750
2029,JJA,East Midlands,0.407,6.933
2030,JJA,East Midlands,0.291,4.423
2031,JJA,East Midlands,0.441,7.135
2032,JJA,East Midlands,0.443,6.288
2033,JJA,East Midlands,0.453,6.750
2034,JJA,East Midlands,0.522,8.000
2035,JJA,East Midlands,0.433,9.192
2036,JJA,East Midlands,0.332,5.548
2037,JJA,East Midlands,0.487,6.548
2038,JJA,East Midlands,0.252,3.654
2039,JJA,East Midlands,0.349,5.308
2040,JJA,East Midlands,0.384,4.221
2041,JJA,East Midlands,0.491,7.260
2042,JJA,East Midlands,0.530,6.567
2043,JJA,East Midlands,0.484,7.038
2044,JJA,East Midlands,0.429,8.433
2045,JJA,East Midlands,0.492,6.385
2046,JJA,East Midlands,0.421,4.423
2047,JJA,East Midlands,0.324,6.096
2048,JJA,East Midlands,0.439,5.337
2049,JJA,East Midlands,0.425,6.077
2050,JJA,East Midlands,0.345,4.846
2051,JJA,East Midlands,0.447,6.596
2052,JJA,East Midlands,0.335,6.038
2053,JJA,East Midlands,0.284,5.365
2054,JJA,East Midlands,0.291,5.288
2055,JJA,East Midlands,0.252,3.183
2056,JJA,East Midlands,0.402,4.952
2057,JJA,East Midlands,0.339,4.779
2058,JJA,East Midlands,0.265,4.058
2059,JJA,East Midlands,0.296,5.308
2060,JJA,East Midlands,0.342,5.673
2061,JJA,East Midlands,0.344,7.394
2062,JJA,East Midlands,0.454,5.721
2063,JJA,East Midlands,0.303,4.500
2064,JJA,East Midlands,0.255,3.885
2065,JJA,East Midlands,0.486,8.125
2066,JJA,East Midlands,0.464,5.827
2067,JJA,East Midlands,0.398,6.096
2068,JJA,East Midlands,0.434,6.962
2069,JJA,East Midlands,0.397,6.010
2070,JJA,East Midlands,0.317,6.317
2071,JJA,East Midlands,0.378,6.962
2072,JJA,East Midlands,0.340,5.673
2073,JJA,East Midlands,0.318,5.644
2074,JJA,East Midlands,0.462,7.587
2075,JJA,East Midlands,0.376,6.250
2076,JJA,East Midlands,0.308,4.471
2077,JJA,East Midlands,0.329,4.010
2078,JJA,East Midlands,0.429,6.875
2079,JJA,East Midlands,0.371,6.673
2080,JJA,East Midlands,0.344,7.135
1981,JJA,East of England,0.512,6.070
1982,JJA,East of England,0.514,6.078
1983,JJA,East of England,0.413,6.326
1984,JJA,East of England,0.481,7.783
1985,JJA,East of England,0.430,5.798
1986,JJA,East of England,0.370,5.008
1987,JJA,East of England,0.314,4.403
1988,JJA,East of England,0.459,6.124
1989,JJA,East of England,0.380,4.140
1990,JJA,East of England,0.418,8.078
1991,JJA,East of England,0.386,6.380
1992,JJA,East of England,0.550,6.023
1993,JJA,East of England,0.430,7.566
1994,JJA,East of England,0.541,8.806
1995,JJA,East of England,0.391,7.992
1996,JJA,East of England,0.292,3.752
1997,JJA,East of England,0.445,8.496
1998,JJA,East of England,0.268,3.326
1999,JJA,East of England,0.363,6.357
2000,JJA,East of England,0.419,6.062
2001,JJA,East of England,0.513,6.729
2002,JJA,East of England,0.346,5.519
2003,JJA,East of England,0.464,7.000
2004,JJA,East of England,0.250,4.101
2005,JJA,East of England,0.240,3.364
2006,JJA,East of England,0.405,5.527
2007,JJA,East of England,0.460,5.682
2008,JJA,East of England,0.488,6.853
2009,JJA,East of England,0.371,5.326
2010,JJA,East of England,0.388,4.853
2011,JJA,East of England,0.333,4.736
2012,JJA,East of England,0.319,3.992
2013,JJA,East of England,0.458,6.938
2014,JJA,East of England,0.432,5.597
2015,JJA,East of England,0.327,5.760
2016,JJA,East of England,0.280,4.442
2017,JJA,East of England,0.380,5.636
2018,JJA,East of England,0.264,3.372
2019,JJA,East of England,0.368,6.116
2020,JJA,East of England,0.635,9.698
2021,JJA,East of England,0.425,4.992
2022,JJA,East of England,0.540,11.450
2023,JJA,East of England,0.409,5.426
2024,JJA,East of England,0.491,8.279
2025,JJA,East of England,0.473,11.202
2026,JJA,East of England,0.546,7.062
2027,JJA,East of England,0.411,6.240
2028,JJA,East of England,0.326,5.178
2029,JJA,East of England,0.349,5.473
2030,JJA,East of England,0.316,4.318
2031,JJA,East of England,0.399,7.000
2032,JJA,East of England,0.416,4.822
2033,JJA,East of England,0.379,5.450
2034,JJA,East of England,0.502,6.488
2035,JJA,East of England,0.395,5.798
2036,JJA,East of England,0.300,4.054
2037,JJA,East of England,0.472,6.612
2038,JJA,East of England,0.296,4.093
2039,JJA,East of England,0.365,5.736
2040,JJA,East of England,0.359,4.550
2041,JJA,East of England,0.499,8.233
2042,JJA,East of England,0.515,7.488
2043,JJA,East of England,0.414,7.000
2044,JJA,East of England,0.370,6.403
2045,JJA,East of England,0.432,4.860
2046,JJA,East of England,0.401,3.744
2047,JJA,East of England,0.290,4.752
2048,JJA,East of England,0.432,5.302
2049,JJA,East of England,0.387,5.915
2050,JJA,East of England,0.313,5.667
2051,JJA,East of England,0.425,5.178
2052,JJA,East of England,0.324,4.760
2053,JJA,East of England,0.253,5.628
2054,JJA,East of England,0.293,4.442
2055,JJA,East of England,0.214,3.062
2056,JJA,East of England,0.332,3.977
2057,JJA,East of England,0.334,4.767
2058,JJA,East of England,0.254,4.419
2059,JJA,East of England,0.290,4.651
2060,JJA,East of England,0.289,4.101
2061,JJA,East of England,0.332,6.760
2062,JJA,East of England,0.463,5.853
2063,JJA,East of England,0.288,5.140
2064,JJA,East of England,0.232,3.884
2065,JJA,East of England,0.410,6.310
2066,JJA,East of England,0.435,6.891
2067,JJA,East of England,0.402,7.124
2068,JJA,East of England,0.480,9.271
2069,JJA,East of England,0.362,5.620
2070,JJA,East of England,0.272,5.512
2071,JJA,East of England,0.319,6.481
2072,JJA,East of England,0.289,5.147
2073,JJA,East of England,0.305,4.922
2074,JJA,East of England,0.451,6.899
2075,JJA,East of England,0.344,8.016
2076,JJA,East of England,0.286,4.155
2077,JJA,East of England,0.338,4.543
2078,JJA,East of England,0.362,5.899
2079,JJA,East of England,0.377,6.271
2080,JJA,East of England,0.269,6.008
1981,JJA,East Scotland,0.613,8.124
1982,JJA,East Scotland,0.646,10.037
1983,JJA,East Scotland,0.485,8.745
1984,JJA,East Scotland,0.612,9.590
1985,JJA,East Scotland,0.654,11.950
1986,JJA,East Scotland,0.552,8.658
1987,JJA,East Scotland,0.438,7.689
1988,JJA,East Scotland,0.543,11.205
1989,JJA,East Scotland,0.503,7.665
1990,JJA,East Scotland,0.560,9.665
1991,JJA,East Scotland,0.481,7.037
1992,JJA,East Scotland,0.579,10.056
1993,JJA,East Scotland,0.580,9.311
1994,JJA,East Scotland,0.597,11.137
1995,JJA,East Scotland,0.583,8.255
1996,JJA,East Scotland,0.506,6.969
1997,JJA,East Scotland,0.579,9.429
1998,JJA,East Scotland,0.473,8.137
1999,JJA,East Scotland,0.496,7.584
2000,JJA,East Scotland,0.576,8.540
2001,JJA,East Scotland,0.655,8.286
2002,JJA,East Scotland,0.593,10.863
2003,JJA,East Scotland,0.523,10.957
2004,JJA,East Scotland,0.545,10.217
2005,JJA,East Scotland,0.492,8.193
2006,JJA,East Scotland,0.528,9.186
2007,JJA,East Scotland,0.624,9.447
2008,JJA,East Scotland,0.519,8.267
2009,JJA,East Scotland,0.619,7.447
2010,JJA,East Scotland,0.487,6.317
2011,JJA,East Scotland,0.516,9.969
2012,JJA,East Scotland,0.451,5.851
2013,JJA,East Scotland,0.529,9.708
2014,JJA,East Scotland,0.544,7.894
2015,JJA,East Scotland,0.522,8.155
2016,JJA,East Scotland,0.442,8.578
2017,JJA,East Scotland,0.441,6.646
2018,JJA,East Scotland,0.490,8.037
2019,JJA,East Scotland,0.434,7.857
2020,JJA,East Scotland,0.669,12.882
2021,JJA,East Scotland,0.591,11.217
2022,JJA,East Scotland,0.680,12.304
2023,JJA,East Scotland,0.567,6.627
2024,JJA,East Scotland,0.543,8.845
2025,JJA,East Scotland,0.503,8.857
2026,JJA,East Scotland,0.649,9.783
2027,JJA,East Scotland,0.509,9.118
2028,JJA,East Scotland,0.514,7.870
2029,JJA,East Scotland,0.481,7.267
2030,JJA,East Scotland,0.379,5.081
2031,JJA,East Scotland,0.517,8.050
2032,JJA,East Scotland,0.477,8.578
2033,JJA,East Scotland,0.628,8.814
2034,JJA,East Scotland,0.575,8.149
2035,JJA,East Scotland,0.504,9.503
2036,JJA,East Scotland,0.509,8.342
2037,JJA,East Scotland,0.524,9.217
2038,JJA,East Scotland,0.462,11.776
2039,JJA,East Scotland,0.500,6.727
2040,JJA,East Scotland,0.477,7.317
2041,JJA,East Scotland,0.615,10.516
2042,JJA,East Scotland,0.611,11.994
2043,JJA,East Scotland,0.532,7.062
2044,JJA,East Scotland,0.577,9.118
2045,JJA,East Scotland,0.648,8.360
2046,JJA,East Scotland,0.515,8.391
2047,JJA,East Scotland,0.446,6.075
2048,JJA,East Scotland,0.500,7.913
2049,JJA,East Scotland,0.430,7.752
2050,JJA,East Scotland,0.527,6.863
2051,JJA,East Scotland,0.609,8.882
2052,JJA,East Scotland,0.493,7.503
2053,JJA,East Scotland,0.451,8.019
2054,JJA,East Scotland,0.455,7.714
2055,JJA,East Scotland,0.425,6.267
2056,JJA,East Scotland,0.459,7.404
2057,JJA,East Scotland,0.496,7.615
2058,JJA,East Scotland,0.383,6.646
2059,JJA,East Scotland,0.434,8.224
2060,JJA,East Scotland,0.399,7.087
2061,JJA,East Scotland,0.406,7.317
2062,JJA,East Scotland,0.469,8.559
2063,JJA,East Scotland,0.472,8.472
2064,JJA,East Scotland,0.386,5.752
2065,JJA,East Scotland,0.615,10.217
2066,JJA,East Scotland,0.580,10.019
2067,JJA,East Scotland,0.479,7.379
2068,JJA,East Scotland,0.436,6.584
2069,JJA,East Scotland,0.452,6.286
2070,JJA,East Scotland,0.270,4.037
2071,JJA,East Scotland,0.514,7.304
2072,JJA,East Scotland,0.426,6.155
2073,JJA,East Scotland,0.430,9.000
2074,JJA,East Scotland,0.504,6.677
2075,JJA,East Scotland,0.504,7.907
2076,JJA,East Scotland,0.468,7.056
2077,JJA,East Scotland,0.502,7.000
2078,JJA,East Scotland,0.489,6.335
2079,JJA,East Scotland,0.438,8.075
2080,JJA,East Scotland,0.472,6.634
1981,JJA,London,0.513,7.250
1982,JJA,London,0.480,4.917
1983,JJA,London,0.424,6.750
1984,JJA,London,0.473,6.333
1985,JJA,London,0.396,5.583
1986,JJA,London,0.388,5.083
1987,JJA,London,0.322,6.000
1988,JJA,London,0.437,4.583
1989,JJA,London,0.427,5.583
1990,JJA,London,0.431,10.667
1991,JJA,London,0.365,4.833
1992,JJA,London,0.490,5.500
1993,JJA,London,0.442,7.000
1994,JJA,London,0.564,13.250
1995,JJA,London,0.356,6.250
1996,JJA,London,0.322,4.833
1997,JJA,London,0.428,7.417
1998,JJA,London,0.269,4.083
1999,JJA,London,0.320,5.667
2000,JJA,London,0.351,3.583
2001,JJA,London,0.503,7.417
2002,JJA,London,0.293,4.583
2003,JJA,London,0.407,6.667
2004,JJA,London,0.188,3.750
2005,JJA,London,0.237,3.083
2006,JJA,London,0.350,4.667
2007,JJA,London,0.454,5.750
2008,JJA,London,0.469,7.083
2009,JJA,London,0.335,3.750
2010,JJA,London,0.385,4.000
2011,JJA,London,0.332,4.750
2012,JJA,London,0.361,4.167
2013,JJA,London,0.451,7.000
2014,JJA,London,0.440,5.417
2015,JJA,London,0.283,6.083
2016,JJA,London,0.365,5.083
2017,JJA,London,0.357,5.167
2018,JJA,London,0.226,3.000
2019,JJA,London,0.341,4.750
2020,JJA,London,0.644,7.500
2021,JJA,London,0.424,5.167
2022,JJA,London,0.572,13.500
2023,JJA,London,0.402,5.917
2024,JJA,London,0.479,7.000
2025,JJA,London,0.514,12.583
2026,JJA,London,0.553,7.167
2027,JJA,London,0.363,6.083
2028,JJA,London,0.319,4.667
2029,JJA,London,0.370,7.500
2030,JJA,London,0.316,6.083
2031,JJA,London,0.369,7.500
2032,JJA,London,0.380,5.167
2033,JJA,London,0.367,6.250
2034,JJA,London,0.486,6.000
2035,JJA,London,0.380,8.000
2036,JJA,London,0.259,3.333
2037,JJA,London,0.472,6.250
2038,JJA,London,0.280,3.583
2039,JJA,London,0.359,5.250
2040,JJA,London,0.296,4.833
2041,JJA,London,0.477,5.417
2042,JJA,London,0.449,6.250
2043,JJA,London,0.361,6.917
2044,JJA,London,0.361,6.583
2045,JJA,London,0.423,5.167
2046,JJA,London,0.412,3.750
2047,JJA,London,0.279,3.917
2048,JJA,London,0.432,5.167
2049,JJA,London,0.358,5.417
2050,JJA,London,0.323,7.583
2051,JJA,London,0.393,5.083
2052,JJA,London,0.287,2.917
2053,JJA,London,0.227,6.000
2054,JJA,London,0.270,5.250
2055,JJA,London,0.218,2.750
2056,JJA,London,0.341,5.500
2057,JJA,London,0.245,5.250
2058,JJA,London,0.255,4.667
2059,JJA,London,0.311,6.250
2060,JJA,London,0.277,4.167
2061,JJA,London,0.341,8.083
2062,JJA,London,0.447,5.417
2063,JJA,London,0.243,4.167
2064,JJA,London,0.248,3.333
2065,JJA,London,0.364,3.500
2066,JJA,London,0.404,5.500
2067,JJA,London,0.336,5.500
2068,JJA,London,0.466,10.667
2069,JJA,London,0.294,4.167
2070,JJA,London,0.282,4.000
2071,JJA,London,0.313,6.167
2072,JJA,London,0.273,5.833
2073,JJA,London,0.279,4.000
2074,JJA,London,0.455,7.667
2075,JJA,London,0.314,8.000
2076,JJA,London,0.276,4.917
2077,JJA,London,0.330,5.833
2078,JJA,London,0.330,5.917
2079,JJA,London,0.361,4.500
2080,JJA,London,0.278,6.667
1981,JJA,North East England,0.525,5.123
1982,JJA,North East England,0.556,6.842
1983,JJA,North East England,0.477,9.070
1984,JJA,North East England,0.535,8.386
1985,JJA,North East England,0.581,9.649
1986,JJA,North East England,0.415,6.439
1987,JJA,North East England,0.381,4.930
1988,JJA,North East England,0.546,10.474
1989,JJA,North East England,0.432,6.211
1990,JJA,North East England,0.461,7.842
1991,JJA,North East England,0.386,4.807
1992,JJA,North East England,0.568,7.754
1993,JJA,North East England,0.533,7.772
1994,JJA,North East England,0.551,10.491
1995,JJA,North East England,0.531,8.246
1996,JJA,North East England,0.443,7.263
1997,JJA,North East England,0.508,6.368
1998,JJA,North East England,0.419,6.702
1999,JJA,North East England,0.453,7.175
2000,JJA,North East England,0.546,8.035
2001,JJA,North East England,0.644,10.386
2002,JJA,North East England,0.522,7.193
2003,JJA,North East England,0.474,6.737
2004,JJA,North East England,0.446,6.509
2005,JJA,North East England,0.463,8.298
2006,JJA,North East England,0.454,6.105
2007,JJA,North East England,0.486,6.211
2008,JJA,North East England,0.504,7.491
2009,JJA,North East England,0.520,5.561
2010,JJA,North East England,0.443,6.632
2011,JJA,North East England,0.450,6.860
2012,JJA,North East England,0.362,4.684
2013,JJA,North East England,0.481,7.702
2014,JJA,North East England,0.523,8.211
2015,JJA,North East England,0.456,8.649
2016,JJA,North East England,0.344,6.842
2017,JJA,North East England,0.399,5.404
2018,JJA,North East England,0.429,5.912
2019,JJA,North East England,0.401,6.333
2020,JJA,North East England,0.629,10.298
2021,JJA,North East England,0.535,5.965
2022,JJA,North East England,0.635,9.421
2023,JJA,North East England,0.476,6.789
2024,JJA,North East England,0.494,7.193
2025,JJA,North East England,0.473,8.632
2026,JJA,North East England,0.578,7.947
2027,JJA,North East England,0.444,8.895
2028,JJA,North East England,0.441,6.491
2029,JJA,North East England,0.409,5.789
2030,JJA,North East England,0.351,4.789
2031,JJA,North East England,0.426,5.842
2032,JJA,North East England,0.387,4.702
2033,JJA,North East England,0.571,6.842
2034,JJA,North East England,0.515,7.544
2035,JJA,North East England,0.477,11.789
2036,JJA,North East England,0.464,5.596
2037,JJA,North East England,0.546,9.737
2038,JJA,North East England,0.367,6.719
2039,JJA,North East England,0.373,4.175
2040,JJA,North East England,0.425,5.298
2041,JJA,North East England,0.518,8.333
2042,JJA,North East England,0.502,7.807
2043,JJA,North East England,0.484,6.842
2044,JJA,North East England,0.472,6.158
2045,JJA,North East England,0.579,7.316
2046,JJA,North East England,0.462,8.544
2047,JJA,North East England,0.395,6.544
2048,JJA,North East England,0.428,7.053
2049,JJA,North East England,0.378,8.825
2050,JJA,North East England,0.458,7.421
2051,JJA,North East England,0.516,6.982
2052,JJA,North East England,0.445,5.404
2053,JJA,North East England,0.396,6.912
2054,JJA,North East England,0.327,7.526
2055,JJA,North East England,0.331,4.175
2056,JJA,North East England,0.430,4.614
2057,JJA,North East England,0.400,5.193
2058,JJA,North East England,0.336,6.807
2059,JJA,North East England,0.378,6.930
2060,JJA,North East England,0.318,4.754
2061,JJA,North East England,0.362,5.789
2062,JJA,North East England,0.459,6.228
2063,JJA,North East England,0.440,7.842
2064,JJA,North East England,0.325,5.053
2065,JJA,North East England,0.549,9.895
2066,JJA,North East England,0.513,7.246
2067,JJA,North East England,0.479,7.439
2068,JJA,North East England,0.413,5.912
2069,JJA,North East England,0.424,5.509
2070,JJA,North East England,0.282,3.596
2071,JJA,North East England,0.444,9.526
2072,JJA,North East England,0.398,5.105
2073,JJA,North East England,0.356,5.509
2074,JJA,North East England,0.462,6.965
2075,JJA,North East England,0.442,6.421
2076,JJA,North East England,0.362,5.772
2077,JJA,North East England,0.473,8.702
2078,JJA,North East England,0.430,5.895
2079,JJA,North East England,0.394,8.088
2080,JJA,North East England,0.428,6.035
1981,JJA,North Scotland,0.669,12.423
1982,JJA,North Scotland,0.717,12.405
1983,JJA,North Scotland,0.492,8.051
1984,JJA,North Scotland,0.706,12.777
1985,JJA,North Scotland,0.637,11.507
1986,JJA,North Scotland,0.644,11.530
1987,JJA,North Scotland,0.498,8.042
1988,JJA,North Scotland,0.571,12.014
1989,JJA,North Scotland,0.545,10.558
1990,JJA,North Scotland,0.647,18.223
1991,JJA,North Scotland,0.601,12.172
1992,JJA,North Scotland,0.657,11.460
1993,JJA,North Scotland,0.661,13.740
1994,JJA,North Scotland,0.587,9.991
1995,JJA,North Scotland,0.613,11.288
1996,JJA,North Scotland,0.599,10.316
1997,JJA,North Scotland,0.618,10.893
1998,JJA,North Scotland,0.573,10.237
1999,JJA,North Scotland,0.564,10.488
2000,JJA,North Scotland,0.681,9.595
2001,JJA,North Scotland,0.681,10.502
2002,JJA,North Scotland,0.685,14.084
2003,JJA,North Scotland,0.564,14.926
2004,JJA,North Scotland,0.600,11.033
2005,JJA,North Scotland,0.583,10.763
2006,JJA,North Scotland,0.571,9.233
2007,JJA,North Scotland,0.736,14.856
2008,JJA,North Scotland,0.573,9.553
2009,JJA,North Scotland,0.696,11.386
2010,JJA,North Scotland,0.617,10.153
2011,JJA,North Scotland,0.603,10.349
2012,JJA,North Scotland,0.542,9.674
2013,JJA,North Scotland,0.529,9.847
2014,JJA,North Scotland,0.645,12.586
2015,JJA,North Scotland,0.592,9.944
2016,JJA,North Scotland,0.540,11.312
2017,JJA,North Scotland,0.528,10.274
2018,JJA,North Scotland,0.633,12.363
2019,JJA,North Scotland,0.497,7.907
2020,JJA,North Scotland,0.709,17.042
2021,JJA,North Scotland,0.671,12.070
2022,JJA,North Scotland,0.693,14.516
2023,JJA,North Scotland,0.619,9.912
2024,JJA,North Scotland,0.536,10.079
2025,JJA,North Scotland,0.548,8.116
2026,JJA,North Scotland,0.652,9.595
2027,JJA,North Scotland,0.577,9.116
2028,JJA,North Scotland,0.613,11.967
2029,JJA,North Scotland,0.569,12.070
2030,JJA,North Scotland,0.428,6.898
2031,JJA,North Scotland,0.603,11.600
2032,JJA,North Scotland,0.516,11.633
2033,JJA,North Scotland,0.677,10.791
2034,JJA,North Scotland,0.602,11.200
2035,JJA,North Scotland,0.554,9.651
2036,JJA,North Scotland,0.616,13.037
2037,JJA,North Scotland,0.555,9.121
2038,JJA,North Scotland,0.580,12.135
2039,JJA,North Scotland,0.557,8.902
2040,JJA,North Scotland,0.590,11.391
2041,JJA,North Scotland,0.645,14.209
2042,JJA,North Scotland,0.652,13.265
2043,JJA,North Scotland,0.584,9.619
2044,JJA,North Scotland,0.703,12.479
2045,JJA,North Scotland,0.714,13.795
2046,JJA,North Scotland,0.578,10.167
2047,JJA,North Scotland,0.522,9.902
2048,JJA,North Scotland,0.548,8.721
2049,JJA,North Scotland,0.448,7.098
2050,JJA,North Scotland,0.628,9.688
2051,JJA,North Scotland,0.681,9.660
2052,JJA,North Scotland,0.594,10.033
2053,JJA,North Scotland,0.535,9.688
2054,JJA,North Scotland,0.607,11.558
2055,JJA,North Scotland,0.585,10.088
2056,JJA,North Scotland,0.584,11.600
2057,JJA,North Scotland,0.546,10.530
2058,JJA,North Scotland,0.459,8.674
2059,JJA,North Scotland,0.507,10.121
2060,JJA,North Scotland,0.447,7.088
2061,JJA,North Scotland,0.430,8.037
2062,JJA,North Scotland,0.546,12.274
2063,JJA,North Scotland,0.575,9.265
2064,JJA,North Scotland,0.469,7.777
2065,JJA,North Scotland,0.679,14.163
2066,JJA,North Scotland,0.656,10.479
2067,JJA,North Scotland,0.544,8.363
2068,JJA,North Scotland,0.479,8.060
2069,JJA,North Scotland,0.496,9.302
2070,JJA,North Scotland,0.359,6.200
2071,JJA,North Scotland,0.571,7.967
2072,JJA,North Scotland,0.532,8.572
2073,JJA,North Scotland,0.564,10.284
2074,JJA,North Scotland,0.622,9.972
2075,JJA,North Scotland,0.611,10.442
2076,JJA,North Scotland,0.565,9.586
2077,JJA,North Scotland,0.532,8.730
2078,JJA,North Scotland,0.558,8.195
2079,JJA,North Scotland,0.487,11.014
2080,JJA,North Scotland,0.537,9.363
1981,JJA,North West England,0.609,9.232
1982,JJA,North West England,0.681,10.821
1983,JJA,North West England,0.554,12.032
1984,JJA,North West England,0.632,10.358
1985,JJA,North West England,0.656,13.905
1986,JJA,North West England,0.527,10.779
1987,JJA,North West England,0.450,7.358
1988,JJA,North West England,0.702,18.716
1989,JJA,North West England,0.500,6.126
1990,JJA,North West England,0.517,8.211
1991,JJA,North West England,0.465,12.726
1992,JJA,North West England,0.723,13.000
1993,JJA,North West England,0.692,14.221
1994,JJA,North West England,0.647,14.589
1995,JJA,North West England,0.605,9.747
1996,JJA,North West England,0.542,11.284
1997,JJA,North West England,0.557,9.926
1998,JJA,North West England,0.504,8.358
1999,JJA,North West England,0.523,7.516
2000,JJA,North West England,0.649,10.663
2001,JJA,North West England,0.680,8.853
2002,JJA,North West England,0.570,9.042
2003,JJA,North West England,0.605,12.737
2004,JJA,North West England,0.536,8.863
2005,JJA,North West England,0.507,8.316
2006,JJA,North West England,0.552,9.032
2007,JJA,North West England,0.617,10.074
2008,JJA,North West England,0.604,8.358
2009,JJA,North West England,0.569,8.853
2010,JJA,North West England,0.590,9.000
2011,JJA,North West England,0.522,10.916
2012,JJA,North West England,0.441,6.600
2013,JJA,North West England,0.567,9.716
2014,JJA,North West England,0.611,12.516
2015,JJA,North West England,0.565,10.568
2016,JJA,North West England,0.466,8.653
2017,JJA,North West England,0.498,7.484
2018,JJA,North West England,0.458,7.253
2019,JJA,North West England,0.470,7.979
2020,JJA,North West England,0.684,10.705
2021,JJA,North West England,0.611,7.611
2022,JJA,North West England,0.721,10.916
2023,JJA,North West England,0.555,8.642
2024,JJA,North West England,0.567,9.653
2025,JJA,North West England,0.549,11.053
2026,JJA,North West England,0.605,9.379
2027,JJA,North West England,0.512,9.821
2028,JJA,North West England,0.565,13.032
2029,JJA,North West England,0.491,8.042
2030,JJA,North West England,0.419,6.042
2031,JJA,North West England,0.603,9.474
2032,JJA,North West England,0.526,10.821
2033,JJA,North West England,0.657,11.242
2034,JJA,North West England,0.623,14.105
2035,JJA,North West England,0.568,13.305
2036,JJA,North West England,0.555,9.684
2037,JJA,North West England,0.600,10.937
2038,JJA,North West England,0.421,9.800
2039,JJA,North West England,0.454,6.305
2040,JJA,North West England,0.472,6.853
2041,JJA,North West England,0.630,11.937
2042,JJA,North West England,0.604,10.832
2043,JJA,North West England,0.533,7.474
2044,JJA,North West England,0.576,10.811
2045,JJA,North West England,0.634,10.368
2046,JJA,North West England,0.530,7.579
2047,JJA,North West England,0.461,6.021
2048,JJA,North West England,0.554,10.379
2049,JJA,North West England,0.473,8.737
2050,JJA,North West England,0.530,8.232
2051,JJA,North West England,0.623,10.842
2052,JJA,North West England,0.474,7.579
2053,JJA,North West England,0.443,5.989
2054,JJA,North West England,0.391,9.558
2055,JJA,North West England,0.409,6.579
2056,JJA,North West England,0.513,8.137
2057,JJA,North West England,0.514,8.147
2058,JJA,North West England,0.323,5.863
2059,JJA,North West England,0.436,10.253
2060,JJA,North West England,0.399,7.832
2061,JJA,North West England,0.417,6.684
2062,JJA,North West England,0.541,8.105
2063,JJA,North West England,0.507,9.832
2064,JJA,North West England,0.374,7.337
2065,JJA,North West England,0.617,10.400
2066,JJA,North West England,0.576,8.463
2067,JJA,North West England,0.502,10.958
2068,JJA,North West England,0.479,10.000
2069,JJA,North West England,0.461,6.874
2070,JJA,North West England,0.356,7.189
2071,JJA,North West England,0.515,10.716
2072,JJA,North West England,0.452,8.305
2073,JJA,North West England,0.429,9.074
2074,JJA,North West England,0.568,8.821
2075,JJA,North West England,0.497,8.747
2076,JJA,North West England,0.396,7.853
2077,JJA,North West England,0.496,11.937
2078,JJA,North West England,0.478,9.558
2079,JJA,North West England,0.458,9.379
2080,JJA,North West England,0.444,6.716
1981,JJA,South East England,0.512,7.336
1982,JJA,South East England,0.472,5.402
1983,JJA,South East England,0.387,7.303
1984,JJA,South East England,0.458,6.631
1985,JJA,South East England,0.415,6.049
1986,JJA,South East England,0.385,5.328
1987,JJA,South East England,0.322,6.434
1988,JJA,South East England,0.416,4.893
1989,JJA,South East England,0.379,4.492
1990,JJA,South East England,0.463,10.697
1991,JJA,South East England,0.356,5.664
1992,JJA,South East England,0.513,6.328
1993,JJA,South East England,0.459,7.008
1994,JJA,South East England,0.561,11.738
1995,JJA,South East England,0.371,6.336
1996,JJA,South East England,0.363,4.967
1997,JJA,South East England,0.432,7.754
1998,JJA,South East England,0.297,4.574
1999,JJA,South East England,0.341,7.721
2000,JJA,South East England,0.347,4.844
2001,JJA,South East England,0.481,6.484
2002,JJA,South East England,0.272,3.680
2003,JJA,South East England,0.389,7.221
2004,JJA,South East England,0.204,4.025
2005,JJA,South East England,0.240,3.189
2006,JJA,South East England,0.339,4.631
2007,JJA,South East England,0.462,6.090
2008,JJA,South East England,0.502,7.697
2009,JJA,South East England,0.326,4.393
2010,JJA,South East England,0.395,4.008
2011,JJA,South East England,0.356,6.033
2012,JJA,South East England,0.347,4.951
2013,JJA,South East England,0.467,7.189
2014,JJA,South East England,0.417,5.426
2015,JJA,South East England,0.285,7.164
2016,JJA,South East England,0.340,5.361
2017,JJA,South East England,0.358,5.303
2018,JJA,South East England,0.207,2.926
2019,JJA,South East England,0.350,6.426
2020,JJA,South East England,0.618,8.689
2021,JJA,South East England,0.445,6.410
2022,JJA,South East England,0.549,12.762
2023,JJA,South East England,0.393,5.377
2024,JJA,South East England,0.437,7.016
2025,JJA,South East England,0.476,9.877
2026,JJA,South East England,0.554,8.631
2027,JJA,South East England,0.370,5.533
2028,JJA,South East England,0.307,6.221
2029,JJA,South East England,0.387,6.713
2030,JJA,South East England,0.301,4.549
2031,JJA,South East England,0.377,7.475
2032,JJA,South East England,0.379,4.787
2033,JJA,South East England,0.376,5.525
2034,JJA,South East England,0.469,6.115
2035,JJA,South East England,0.391,7.820
2036,JJA,South East England,0.243,3.877
2037,JJA,South East England,0.483,6.270
2038,JJA,South East England,0.279,3.959
2039,JJA,South East England,0.343,4.779
2040,JJA,South East England,0.306,4.795
2041,JJA,South East England,0.483,6.418
2042,JJA,South East England,0.471,6.639
2043,JJA,South East England,0.383,6.238
2044,JJA,South East England,0.362,6.279
2045,JJA,South East England,0.391,5.377
2046,JJA,South East England,0.417,4.180
2047,JJA,South East England,0.289,4.000
2048,JJA,South East England,0.394,4.713
2049,JJA,South East England,0.366,5.902
2050,JJA,South East England,0.361,6.664
2051,JJA,South East England,0.398,5.000
2052,JJA,South East England,0.269,3.918
2053,JJA,South East England,0.242,5.828
2054,JJA,South East England,0.272,4.459
2055,JJA,South East England,0.192,2.402
2056,JJA,South East England,0.361,4.902
2057,JJA,South East England,0.257,4.598
2058,JJA,South East England,0.236,3.738
2059,JJA,South East England,0.310,5.066
2060,JJA,South East England,0.306,4.943
2061,JJA,South East England,0.312,7.525
2062,JJA,South East England,0.459,6.041
2063,JJA,South East England,0.273,4.402
2064,JJA,South East England,0.221,3.664
2065,JJA,South East England,0.359,4.008
2066,JJA,South East England,0.390,4.852
2067,JJA,South East England,0.341,5.410
2068,JJA,South East England,0.439,7.787
2069,JJA,South East England,0.322,5.230
2070,JJA,South East England,0.300,5.713
2071,JJA,South East England,0.302,5.795
2072,JJA,South East England,0.286,5.066
2073,JJA,South East England,0.271,4.139
2074,JJA,South East England,0.428,8.197
2075,JJA,South East England,0.314,7.959
2076,JJA,South East England,0.279,4.402
2077,JJA,South East England,0.301,4.844
2078,JJA,South East England,0.338,6.164
2079,JJA,South East England,0.365,5.516
2080,JJA,South East England,0.253,5.016
1981,JJA,South West England,0.508,7.169
1982,JJA,South West England,0.492,5.950
1983,JJA,South West England,0.436,10.094
1984,JJA,South West England,0.495,8.525
1985,JJA,South West England,0.415,6.287
1986,JJA,South West England,0.413,5.688
1987,JJA,South West England,0.323,5.706
1988,JJA,South West England,0.437,6.131
1989,JJA,South West England,0.351,4.150
1990,JJA,South West England,0.481,8.887
1991,JJA,South West England,0.336,5.925
1992,JJA,South West England,0.560,8.456
1993,JJA,South West England,0.514,7.338
1994,JJA,South West England,0.560,11.400
1995,JJA,South West England,0.395,7.744
1996,JJA,South West England,0.410,6.312
1997,JJA,South West England,0.450,10.206
1998,JJA,South West England,0.329,4.812
1999,JJA,South West England,0.358,7.600
2000,JJA,South West England,0.366,5.150
2001,JJA,South West England,0.516,6.075
2002,JJA,South West England,0.277,4.281
2003,JJA,South West England,0.420,10.031
2004,JJA,South West England,0.254,4.900
2005,JJA,South West England,0.284,5.450
2006,JJA,South West England,0.358,5.338
2007,JJA,South West England,0.501,6.263
2008,JJA,South West England,0.498,8.438
2009,JJA,South West England,0.355,4.112
2010,JJA,South West England,0.433,5.138
2011,JJA,South West England,0.388,7.231
2012,JJA,South West England,0.361,5.325
2013,JJA,South West England,0.499,7.644
2014,JJA,South West England,0.432,6.644
2015,JJA,South West England,0.316,9.519
2016,JJA,South West England,0.389,6.169
2017,JJA,South West England,0.396,5.338
2018,JJA,South West England,0.229,3.281
2019,JJA,South West England,0.407,8.006
2020,JJA,South West England,0.608,10.131
2021,JJA,South West England,0.444,7.237
2022,JJA,South West England,0.556,11.787
2023,JJA,South West England,0.426,5.606
2024,JJA,South West England,0.419,5.931
2025,JJA,South West England,0.483,9.088
2026,JJA,South West England,0.549,8.056
2027,JJA,South West England,0.399,5.725
2028,JJA,South West England,0.343,7.431
2029,JJA,South West England,0.353,4.612
2030,JJA,South West England,0.276,4.713
2031,JJA,South West England,0.434,9.025
2032,JJA,South West England,0.401,5.906
2033,JJA,South West England,0.414,6.925
2034,JJA,South West England,0.510,8.250
2035,JJA,South West England,0.412,7.062
2036,JJA,South West England,0.236,3.081
2037,JJA,South West England,0.443,6.275
2038,JJA,South West England,0.290,4.131
2039,JJA,South West England,0.338,4.263
2040,JJA,South West England,0.310,4.619
2041,JJA,South West England,0.482,6.769
2042,JJA,South West England,0.436,7.700
2043,JJA,South West England,0.379,5.381
2044,JJA,South West England,0.389,6.644
2045,JJA,South West England,0.404,5.125
2046,JJA,South West England,0.400,4.875
2047,JJA,South West England,0.318,3.575
2048,JJA,South West England,0.367,4.694
2049,JJA,South West England,0.369,5.956
2050,JJA,South West England,0.381,6.400
2051,JJA,South West England,0.428,5.688
2052,JJA,South West England,0.286,4.644
2053,JJA,South West England,0.279,5.062
2054,JJA,South West England,0.319,8.500
2055,JJA,South West England,0.179,2.594
2056,JJA,South West England,0.350,4.237
2057,JJA,South West England,0.278,3.987
2058,JJA,South West England,0.183,2.569
2059,JJA,South West England,0.310,5.375
2060,JJA,South West England,0.321,4.950
2061,JJA,South West England,0.282,7.475
2062,JJA,South West England,0.449,6.456
2063,JJA,South West England,0.295,4.050
2064,JJA,South West England,0.219,4.225
2065,JJA,South West England,0.389,4.681
2066,JJA,South West England,0.428,5.650
2067,JJA,South West England,0.321,5.431
2068,JJA,South West England,0.426,8.481
2069,JJA,South West England,0.318,4.562
2070,JJA,South West England,0.339,7.612
2071,JJA,South West England,0.325,5.625
2072,JJA,South West England,0.321,4.794
2073,JJA,South West England,0.271,5.231
2074,JJA,South West England,0.419,7.606
2075,JJA,South West England,0.301,6.344
2076,JJA,South West England,0.271,5.325
2077,JJA,South West England,0.292,3.800
2078,JJA,South West England,0.372,7.062
2079,JJA,South West England,0.336,4.900
2080,JJA,South West England,0.249,4.506
1981,JJA,West Midlands,0.498,6.837
1982,JJA,West Midlands,0.527,5.628
1983,JJA,West Midlands,0.449,9.233
1984,JJA,West Midlands,0.575,10.291
1985,JJA,West Midlands,0.481,7.221
1986,JJA,West Midlands,0.417,5.384
1987,JJA,West Midlands,0.344,5.767
1988,JJA,West Midlands,0.538,6.488
1989,JJA,West Midlands,0.369,4.349
1990,JJA,West Midlands,0.440,6.279
1991,JJA,West Midlands,0.353,5.267
1992,JJA,West Midlands,0.585,8.267
1993,JJA,West Midlands,0.547,7.547
1994,JJA,West Midlands,0.632,14.547
1995,JJA,West Midlands,0.449,9.721
1996,JJA,West Midlands,0.440,6.023
1997,JJA,West Midlands,0.443,7.174
1998,JJA,West Midlands,0.350,4.535
1999,JJA,West Midlands,0.386,8.326
2000,JJA,West Midlands,0.435,4.802
2001,JJA,West Midlands,0.566,7.558
2002,JJA,West Midlands,0.349,4.744
2003,JJA,West Midlands,0.452,8.744
2004,JJA,West Midlands,0.337,6.081
2005,JJA,West Midlands,0.350,5.023
2006,JJA,West Midlands,0.390,5.302
2007,JJA,West Midlands,0.489,5.814
2008,JJA,West Midlands,0.536,10.360
2009,JJA,West Midlands,0.427,5.849
2010,JJA,West Midlands,0.473,6.558
2011,JJA,West Midlands,0.413,5.895
2012,JJA,West Midlands,0.372,5.151
2013,JJA,West Midlands,0.479,7.500
2014,JJA,West Midlands,0.468,8.733
2015,JJA,West Midlands,0.343,9.279
2016,JJA,West Midlands,0.372,6.081
2017,JJA,West Midlands,0.409,6.721
2018,JJA,West Midlands,0.280,4.384
2019,JJA,West Midlands,0.459,6.767
2020,JJA,West Midlands,0.665,11.198
2021,JJA,West Midlands,0.437,6.465
2022,JJA,West Midlands,0.594,11.093
2023,JJA,West Midlands,0.418,4.872
2024,JJA,West Midlands,0.428,5.930
2025,JJA,West Midlands,0.482,8.151
2026,JJA,West Midlands,0.563,8.407
2027,JJA,West Midlands,0.418,6.302
2028,JJA,West Midlands,0.383,9.047
2029,JJA,West Midlands,0.423,7.047
2030,JJA,West Midlands,0.282,3.826
2031,JJA,West Midlands,0.470,8.698
2032,JJA,West Midlands,0.439,6.244
2033,JJA,West Midlands,0.460,7.547
2034,JJA,West Midlands,0.522,7.837
2035,JJA,West Midlands,0.460,8.267
2036,JJA,West Midlands,0.322,5.209
2037,JJA,West Midlands,0.511,7.663
2038,JJA,West Midlands,0.247,3.465
2039,JJA,West Midlands,0.351,4.477
2040,JJA,West Midlands,0.366,5.837
2041,JJA,West Midlands,0.462,5.709
2042,JJA,West Midlands,0.532,8.919
2043,JJA,West Midlands,0.458,6.384
2044,JJA,West Midlands,0.453,10.000
2045,JJA,West Midlands,0.447,6.140
2046,JJA,West Midlands,0.464,4.698
2047,JJA,West Midlands,0.333,7.384
2048,JJA,West Midlands,0.421,4.721
2049,JJA,West Midlands,0.463,6.209
2050,JJA,West Midlands,0.365,5.023
2051,JJA,West Midlands,0.448,6.570
2052,JJA,West Midlands,0.297,4.802
2053,JJA,West Midlands,0.304,4.372
2054,JJA,West Midlands,0.296,5.302
2055,JJA,West Midlands,0.220,3.977
2056,JJA,West Midlands,0.403,5.453
2057,JJA,West Midlands,0.326,4.500
2058,JJA,West Midlands,0.252,3.326
2059,JJA,West Midlands,0.296,4.826
2060,JJA,West Midlands,0.376,6.000
2061,JJA,West Midlands,0.368,7.709
2062,JJA,West Midlands,0.487,6.372
2063,JJA,West Midlands,0.297,4.221
2064,JJA,West Midlands,0.226,3.686
2065,JJA,West Midlands,0.431,7.349
2066,JJA,West Midlands,0.468,4.930
2067,JJA,West Midlands,0.366,5.814
2068,JJA,West Midlands,0.456,10.616
2069,JJA,West Midlands,0.395,4.744
2070,JJA,West Midlands,0.287,5.930
2071,JJA,West Midlands,0.389,7.430
2072,JJA,West Midlands,0.342,7.698
2073,JJA,West Midlands,0.323,5.651
2074,JJA,West Midlands,0.455,9.047
2075,JJA,West Midlands,0.361,6.105
2076,JJA,West Midlands,0.307,5.221
2077,JJA,West Midlands,0.354,4.744
2078,JJA,West Midlands,0.413,5.953
2079,JJA,West Midlands,0.337,6.140
2080,JJA,West Midlands,0.319,4.372
1981,JJA,West Scotland,0.667,12.585
1982,JJA,West Scotland,0.719,11.719
1983,JJA,West Scotland,0.559,10.333
1984,JJA,West Scotland,0.679,11.437
1985,JJA,West Scotland,0.734,17.741
1986,JJA,West Scotland,0.624,13.563
1987,JJA,West Scotland,0.487,10.007
1988,JJA,West Scotland,0.605,14.252
1989,JJA,West Scotland,0.552,9.800
1990,JJA,West Scotland,0.599,10.941
1991,JJA,West Scotland,0.492,9.859
1992,JJA,West Scotland,0.672,10.370
1993,JJA,West Scotland,0.667,16.630
1994,JJA,West Scotland,0.621,14.400
1995,JJA,West Scotland,0.660,11.356
1996,JJA,West Scotland,0.570,12.067
1997,JJA,West Scotland,0.628,15.689
1998,JJA,West Scotland,0.582,16.807
1999,JJA,West Scotland,0.534,9.385
2000,JJA,West Scotland,0.677,12.615
2001,JJA,West Scotland,0.699,9.519
2002,JJA,West Scotland,0.609,12.193
2003,JJA,West Scotland,0.606,18.607
2004,JJA,West Scotland,0.613,10.896
2005,JJA,West Scotland,0.582,10.430
2006,JJA,West Scotland,0.563,9.007
2007,JJA,West Scotland,0.714,15.837
2008,JJA,West Scotland,0.621,10.163
2009,JJA,West Scotland,0.667,10.807
2010,JJA,West Scotland,0.586,9.059
2011,JJA,West Scotland,0.573,11.785
2012,JJA,West Scotland,0.497,10.104
2013,JJA,West Scotland,0.600,10.267
2014,JJA,West Scotland,0.660,12.200
2015,JJA,West Scotland,0.638,11.889
2016,JJA,West Scotland,0.522,13.496
2017,JJA,West Scotland,0.473,7.644
2018,JJA,West Scotland,0.596,12.541
2019,JJA,West Scotland,0.459,8.837
2020,JJA,West Scotland,0.672,12.867
2021,JJA,West Scotland,0.671,15.630
2022,JJA,West Scotland,0.719,12.467
2023,JJA,West Scotland,0.615,10.037
2024,JJA,West Scotland,0.584,10.630
2025,JJA,West Scotland,0.566,11.548
2026,JJA,West Scotland,0.657,12.548
2027,JJA,West Scotland,0.565,9.763
2028,JJA,West Scotland,0.641,12.726
2029,JJA,West Scotland,0.528,11.496
2030,JJA,West Scotland,0.458,8.333
2031,JJA,West Scotland,0.612,10.881
2032,JJA,West Scotland,0.519,13.415
2033,JJA,West Scotland,0.683,10.496
2034,JJA,West Scotland,0.666,12.244
2035,JJA,West Scotland,0.579,12.467
2036,JJA,West Scotland,0.618,13.467
2037,JJA,West Scotland,0.578,9.978
2038,JJA,West Scotland,0.496,11.874
2039,JJA,West Scotland,0.549,7.741
2040,JJA,West Scotland,0.574,8.933
2041,JJA,West Scotland,0.711,16.630
2042,JJA,West Scotland,0.649,14.193
2043,JJA,West Scotland,0.543,9.304
2044,JJA,West Scotland,0.664,11.696
2045,JJA,West Scotland,0.742,11.963
2046,JJA,West Scotland,0.587,10.319
2047,JJA,West Scotland,0.543,8.600
2048,JJA,West Scotland,0.576,10.511
2049,JJA,West Scotland,0.468,6.859
2050,JJA,West Scotland,0.636,10.422
2051,JJA,West Scotland,0.699,11.274
2052,JJA,West Scotland,0.519,8.052
2053,JJA,West Scotland,0.488,8.556
2054,JJA,West Scotland,0.514,10.400
2055,JJA,West Scotland,0.523,8.844
2056,JJA,West Scotland,0.566,10.489
2057,JJA,West Scotland,0.573,9.526
2058,JJA,West Scotland,0.391,7.319
2059,JJA,West Scotland,0.502,11.600
2060,JJA,West Scotland,0.406,7.778
2061,JJA,West Scotland,0.446,7.578
2062,JJA,West Scotland,0.541,10.081
2063,JJA,West Scotland,0.512,9.526
2064,JJA,West Scotland,0.407,8.533
2065,JJA,West Scotland,0.694,13.104
2066,JJA,West Scotland,0.634,11.896
2067,JJA,West Scotland,0.510,8.941
2068,JJA,West Scotland,0.475,8.274
2069,JJA,West Scotland,0.519,11.430
2070,JJA,West Scotland,0.354,6.911
2071,JJA,West Scotland,0.585,9.548
2072,JJA,West Scotland,0.499,7.630
2073,JJA,West Scotland,0.484,10.415
2074,JJA,West Scotland,0.556,8.104
2075,JJA,West Scotland,0.557,8.311
2076,JJA,West Scotland,0.501,7.926
2077,JJA,West Scotland,0.590,9.363
2078,JJA,West Scotland,0.525,7.237
2079,JJA,West Scotland,0.494,9.741
2080,JJA,West Scotland,0.499,8.000
1981,JJA,Yorkshire and Humber,0.513,5.099
1982,JJA,Yorkshire and Humber,0.579,6.990
1983,JJA,Yorkshire and Humber,0.433,7.465
1984,JJA,Yorkshire and Humber,0.498,6.535
1985,JJA,Yorkshire and Humber,0.533,7.663
1986,JJA,Yorkshire and Humber,0.413,5.634
1987,JJA,Yorkshire and Humber,0.353,5.485
1988,JJA,Yorkshire and Humber,0.579,9.515
1989,JJA,Yorkshire and Humber,0.454,5.772
1990,JJA,Yorkshire and Humber,0.415,6.010
1991,JJA,Yorkshire and Humber,0.399,6.901
1992,JJA,Yorkshire and Humber,0.602,8.277
1993,JJA,Yorkshire and Humber,0.554,8.386
1994,JJA,Yorkshire and Humber,0.578,8.624
1995,JJA,Yorkshire and Humber,0.494,8.436
1996,JJA,Yorkshire and Humber,0.444,7.980
1997,JJA,Yorkshire and Humber,0.444,7.545
1998,JJA,Yorkshire and Humber,0.358,5.327
1999,JJA,Yorkshire and Humber,0.433,6.812
2000,JJA,Yorkshire and Humber,0.513,7.178
2001,JJA,Yorkshire and Humber,0.595,6.644
2002,JJA,Yorkshire and Humber,0.487,7.970
2003,JJA,Yorkshire and Humber,0.502,10.119
2004,JJA,Yorkshire and Humber,0.388,6.178
2005,JJA,Yorkshire and Humber,0.400,5.733
2006,JJA,Yorkshire and Humber,0.426,6.505
2007,JJA,Yorkshire and Humber,0.478,5.644
2008,JJA,Yorkshire and Humber,0.507,8.218
2009,JJA,Yorkshire and Humber,0.439,4.614
2010,JJA,Yorkshire and Humber,0.440,7.188
2011,JJA,Yorkshire and Humber,0.423,7.713
2012,JJA,Yorkshire and Humber,0.352,4.812
2013,JJA,Yorkshire and Humber,0.468,7.238
2014,JJA,Yorkshire and Humber,0.519,7.406
2015,JJA,Yorkshire and Humber,0.457,8.772
2016,JJA,Yorkshire and Humber,0.364,6.089
2017,JJA,Yorkshire and Humber,0.392,5.931
2018,JJA,Yorkshire and Humber,0.387,4.396
2019,JJA,Yorkshire and Humber,0.396,5.396
2020,JJA,Yorkshire and Humber,0.604,9.347
2021,JJA,Yorkshire and Humber,0.514,6.317
2022,JJA,Yorkshire and Humber,0.633,9.564
2023,JJA,Yorkshire and Humber,0.431,5.604
2024,JJA,Yorkshire and Humber,0.485,8.693
2025,JJA,Yorkshire and Humber,0.500,9.891
2026,JJA,Yorkshire and Humber,0.527,6.901
2027,JJA,Yorkshire and Humber,0.426,6.782
2028,JJA,Yorkshire and Humber,0.412,6.337
2029,JJA,Yorkshire and Humber,0.425,6.713
2030,JJA,Yorkshire and Humber,0.339,4.248
2031,JJA,Yorkshire and Humber,0.444,6.772
2032,JJA,Yorkshire and Humber,0.416,6.178
2033,JJA,Yorkshire and Humber,0.545,8.079
2034,JJA,Yorkshire and Humber,0.511,6.772
2035,JJA,Yorkshire and Humber,0.490,10.970
2036,JJA,Yorkshire and Humber,0.402,5.000
2037,JJA,Yorkshire and Humber,0.521,8.317
2038,JJA,Yorkshire and Humber,0.286,3.950
2039,JJA,Yorkshire and Humber,0.359,5.040
2040,JJA,Yorkshire and Humber,0.407,5.386
2041,JJA,Yorkshire and Humber,0.505,6.960
2042,JJA,Yorkshire and Humber,0.489,7.515
2043,JJA,Yorkshire and Humber,0.461,7.495
2044,JJA,Yorkshire and Humber,0.430,5.455
2045,JJA,Yorkshire and Humber,0.536,6.129
2046,JJA,Yorkshire and Humber,0.402,4.465
2047,JJA,Yorkshire and Humber,0.378,6.703
2048,JJA,Yorkshire and Humber,0.445,6.109
2049,JJA,Yorkshire and Humber,0.397,6.990
2050,JJA,Yorkshire and Humber,0.421,8.099
2051,JJA,Yorkshire and Humber,0.479,6.248
2052,JJA,Yorkshire and Humber,0.410,5.703
2053,JJA,Yorkshire and Humber,0.333,4.208
2054,JJA,Yorkshire and Humber,0.280,5.505
2055,JJA,Yorkshire and Humber,0.274,3.703
2056,JJA,Yorkshire and Humber,0.411,5.040
2057,JJA,Yorkshire and Humber,0.376,5.406
2058,JJA,Yorkshire and Humber,0.293,4.535
2059,JJA,Yorkshire and Humber,0.307,4.634
2060,JJA,Yorkshire and Humber,0.324,5.416
2061,JJA,Yorkshire and Humber,0.362,6.713
2062,JJA,Yorkshire and Humber,0.451,5.178
2063,JJA,Yorkshire and Humber,0.417,6.396
2064,JJA,Yorkshire and Humber,0.308,4.960
2065,JJA,Yorkshire and Humber,0.532,9.604
2066,JJA,Yorkshire and Humber,0.500,6.149
2067,JJA,Yorkshire and Humber,0.432,5.287
2068,JJA,Yorkshire and Humber,0.421,6.218
2069,JJA,Yorkshire and Humber,0.392,4.970
2070,JJA,Yorkshire and Humber,0.287,5.297
2071,JJA,Yorkshire and Humber,0.388,7.792
2072,JJA,Yorkshire and Humber,0.373,6.901
2073,JJA,Yorkshire and Humber,0.339,6.743
2074,JJA,Yorkshire and Humber,0.451,6.792
2075,JJA,Yorkshire and Humber,0.383,5.406
2076,JJA,Yorkshire and Humber,0.339,5.653
2077,JJA,Yorkshire and Humber,0.374,6.386
2078,JJA,Yorkshire and Humber,0.409,6.495
2079,JJA,Yorkshire and Humber,0.366,7.327
2080,JJA,Yorkshire and Humber,0.391,6.297
1981,JJA,Channel Islands,0.489,5.000
1982,JJA,Channel Islands,0.478,7.000
1983,JJA,Channel Islands,0.370,16.000
1984,JJA,Channel Islands,0.457,8.000
1985,JJA,Channel Islands,0.489,8.000
1986,JJA,Channel Islands,0.370,4.000
1987,JJA,Channel Islands,0.283,4.000
1988,JJA,Channel Islands,0.413,6.000
1989,JJA,Channel Islands,0.359,5.000
1990,JJA,Channel Islands,0.391,5.000
1991,JJA,Channel Islands,0.272,4.000
1992,JJA,Channel Islands,0.489,5.000
1993,JJA,Channel Islands,0.348,8.000
1994,JJA,Channel Islands,0.500,11.000
1995,JJA,Channel Islands,0.293,3.000
1996,JJA,Channel Islands,0.315,6.000
1997,JJA,Channel Islands,0.391,11.000
1998,JJA,Channel Islands,0.359,7.000
1999,JJA,Channel Islands,0.315,9.000
2000,JJA,Channel Islands,0.272,7.000
2001,JJA,Channel Islands,0.370,5.000
2002,JJA,Channel Islands,0.315,5.000
2003,JJA,Channel Islands,0.348,8.000
2004,JJA,Channel Islands,0.272,5.000
2005,JJA,Channel Islands,0.207,5.000
2006,JJA,Channel Islands,0.348,5.000
2007,JJA,Channel Islands,0.391,7.000
2008,JJA,Channel Islands,0.467,5.000
2009,JJA,Channel Islands,0.261,6.000
2010,JJA,Channel Islands,0.380,5.000
2011,JJA,Channel Islands,0.359,6.000
2012,JJA,Channel Islands,0.293,4.000
2013,JJA,Channel Islands,0.380,7.000
2014,JJA,Channel Islands,0.326,7.000
2015,JJA,Channel Islands,0.228,3.000
2016,JJA,Channel Islands,0.304,6.000
2017,JJA,Channel Islands,0.304,5.000
2018,JJA,Channel Islands,0.185,3.000
2019,JJA,Channel Islands,0.359,6.000
2020,JJA,Channel Islands,0.478,8.000
2021,JJA,Channel Islands,0.337,6.000
2022,JJA,Channel Islands,0.457,7.000
2023,JJA,Channel Islands,0.293,4.000
2024,JJA,Channel Islands,0.359,6.000
2025,JJA,Channel Islands,0.413,8.000
2026,JJA,Channel Islands,0.543,11.000
2027,JJA,Channel Islands,0.239,5.000
2028,JJA,Channel Islands,0.391,10.000
2029,JJA,Channel Islands,0.337,4.000
2030,JJA,Channel Islands,0.239,5.000
2031,JJA,Channel Islands,0.283,4.000
2032,JJA,Channel Islands,0.391,4.000
2033,JJA,Channel Islands,0.359,9.000
2034,JJA,Channel Islands,0.413,9.000
2035,JJA,Channel Islands,0.326,4.000
2036,JJA,Channel Islands,0.250,3.000
2037,JJA,Channel Islands,0.457,7.000
2038,JJA,Channel Islands,0.228,3.000
2039,JJA,Channel Islands,0.272,4.000
2040,JJA,Channel Islands,0.239,4.000
2041,JJA,Channel Islands,0.326,7.000
2042,JJA,Channel Islands,0.315,5.000
2043,JJA,Channel Islands,0.315,3.000
2044,JJA,Channel Islands,0.304,7.000
2045,JJA,Channel Islands,0.380,6.000
2046,JJA,Channel Islands,0.326,5.000
2047,JJA,Channel Islands,0.283,6.000
2048,JJA,Channel Islands,0.326,7.000
2049,JJA,Channel Islands,0.293,3.000
2050,JJA,Channel Islands,0.359,9.000
2051,JJA,Channel Islands,0.380,6.000
2052,JJA,Channel Islands,0.250,6.000
2053,JJA,Channel Islands,0.185,4.000
2054,JJA,Channel Islands,0.174,2.000
2055,JJA,Channel Islands,0.185,2.000
2056,JJA,Channel Islands,0.228,5.000
2057,JJA,Channel Islands,0.185,2.000
2058,JJA,Channel Islands,0.152,5.000
2059,JJA,Channel Islands,0.272,5.000
2060,JJA,Channel Islands,0.228,4.000
2061,JJA,Channel Islands,0.261,6.000
2062,JJA,Channel Islands,0.380,8.000
2063,JJA,Channel Islands,0.163,3.000
2064,JJA,Channel Islands,0.217,5.000
2065,JJA,Channel Islands,0.359,4.000
2066,JJA,Channel Islands,0.359,5.000
2067,JJA,Channel Islands,0.293,7.000
2068,JJA,Channel Islands,0.413,10.000
2069,JJA,Channel Islands,0.261,4.000
2070,JJA,Channel Islands,0.326,7.000
2071,JJA,Channel Islands,0.293,5.000
2072,JJA,Channel Islands,0.326,6.000
2073,JJA,Channel Islands,0.174,3.000
2074,JJA,Channel Islands,0.380,4.000
2075,JJA,Channel Islands,0.228,4.000
2076,JJA,Channel Islands,0.283,5.000
2077,JJA,Channel Islands,0.196,4.000
2078,JJA,Channel Islands,0.272,8.000
2079,JJA,Channel Islands,0.293,4.000
2080,JJA,Channel Islands,0.196,3.000
1981,JJA,Isle of Man,0.554,6.000
1982,JJA,Isle of Man,0.540,6.000
1983,JJA,Isle of Man,0.496,9.333
1984,JJA,Isle of Man,0.605,8.667
1985,JJA,Isle of Man,0.598,8.667
1986,JJA,Isle of Man,0.565,16.333
1987,JJA,Isle of Man,0.457,6.000
1988,JJA,Isle of Man,0.551,8.000
1989,JJA,Isle of Man,0.406,4.000
1990,JJA,Isle of Man,0.438,6.000
1991,JJA,Isle of Man,0.424,12.333
1992,JJA,Isle of Man,0.609,8.000
1993,JJA,Isle of Man,0.594,8.000
1994,JJA,Isle of Man,0.529,7.000
1995,JJA,Isle of Man,0.489,6.667
1996,JJA,Isle of Man,0.522,9.667
1997,JJA,Isle of Man,0.500,7.667
1998,JJA,Isle of Man,0.489,7.000
1999,JJA,Isle of Man,0.518,5.667
2000,JJA,Isle of Man,0.616,6.000
2001,JJA,Isle of Man,0.547,6.333
2002,JJA,Isle of Man,0.500,5.000
2003,JJA,Isle of Man,0.511,15.000
2004,JJA,Isle of Man,0.467,5.000
2005,JJA,Isle of Man,0.435,6.000
2006,JJA,Isle of Man,0.533,6.000
2007,JJA,Isle of Man,0.489,9.667
2008,JJA,Isle of Man,0.533,4.667
2009,JJA,Isle of Man,0.536,13.667
2010,JJA,Isle of Man,0.572,8.667
2011,JJA,Isle of Man,0.569,13.000
2012,JJA,Isle of Man,0.442,7.667
2013,JJA,Isle of Man,0.478,6.333
2014,JJA,Isle of Man,0.554,7.667
2015,JJA,Isle of Man,0.511,6.333
2016,JJA,Isle of Man,0.377,5.000
2017,JJA,Isle of Man,0.475,8.000
2018,JJA,Isle of Man,0.373,4.000
2019,JJA,Isle of Man,0.315,5.333
2020,JJA,Isle of Man,0.551,6.667
2021,JJA,Isle of Man,0.518,6.333
2022,JJA,Isle of Man,0.634,8.667
2023,JJA,Isle of Man,0.518,6.667
2024,JJA,Isle of Man,0.482,9.000
2025,JJA,Isle of Man,0.522,8.667
2026,JJA,Isle of Man,0.616,7.667
2027,JJA,Isle of Man,0.435,6.333
2028,JJA,Isle of Man,0.543,11.000
2029,JJA,Isle of Man,0.431,10.000
2030,JJA,Isle of Man,0.395,6.000
2031,JJA,Isle of Man,0.464,6.667
2032,JJA,Isle of Man,0.420,11.000
2033,JJA,Isle of Man,0.540,6.333
2034,JJA,Isle of Man,0.551,9.000
2035,JJA,Isle of Man,0.493,12.000
2036,JJA,Isle of Man,0.457,7.000
2037,JJA,Isle of Man,0.533,9.333
2038,JJA,Isle of Man,0.388,5.333
2039,JJA,Isle of Man,0.504,6.000
2040,JJA,Isle of Man,0.420,4.667
2041,JJA,Isle of Man,0.489,7.000
2042,JJA,Isle of Man,0.518,6.000
2043,JJA,Isle of Man,0.442,5.000
2044,JJA,Isle of Man,0.482,5.667
2045,JJA,Isle of Man,0.583,7.667
2046,JJA,Isle of Man,0.464,5.333
2047,JJA,Isle of Man,0.351,6.667
2048,JJA,Isle of Man,0.457,7.000
2049,JJA,Isle of Man,0.402,9.333
2050,JJA,Isle of Man,0.518,8.000
2051,JJA,Isle of Man,0.507,7.333
2052,JJA,Isle of Man,0.431,5.000
2053,JJA,Isle of Man,0.355,4.667
2054,JJA,Isle of Man,0.337,4.333
2055,JJA,Isle of Man,0.428,7.000
2056,JJA,Isle of Man,0.442,7.333
2057,JJA,Isle of Man,0.507,6.333
2058,JJA,Isle of Man,0.330,7.000
2059,JJA,Isle of Man,0.409,8.000
2060,JJA,Isle of Man,0.348,7.333
2061,JJA,Isle of Man,0.388,4.333
2062,JJA,Isle of Man,0.446,5.667
2063,JJA,Isle of Man,0.431,8.333
2064,JJA,Isle of Man,0.348,6.333
2065,JJA,Isle of Man,0.500,9.667
2066,JJA,Isle of Man,0.489,5.000
2067,JJA,Isle of Man,0.402,9.000
2068,JJA,Isle of Man,0.370,6.333
2069,JJA,Isle of Man,0.413,6.000
2070,JJA,Isle of Man,0.304,4.000
2071,JJA,Isle of Man,0.464,7.000
2072,JJA,Isle of Man,0.428,5.333
2073,JJA,Isle of Man,0.388,7.000
2074,JJA,Isle of Man,0.362,3.667
2075,JJA,Isle of Man,0.409,5.000
2076,JJA,Isle of Man,0.377,4.667
2077,JJA,Isle of Man,0.486,10.000
2078,JJA,Isle of Man,0.409,7.667
2079,JJA,Isle of Man,0.373,7.333
2080,JJA,Isle of Man,0.395,4.000
1981,JJA,Northern Ireland,0.618,9.759
1982,JJA,Northern Ireland,0.684,8.494
1983,JJA,Northern Ireland,0.541,10.713
1984,JJA,Northern Ireland,0.663,12.690
1985,JJA,Northern Ireland,0.625,11.218
1986,JJA,Northern Ireland,0.651,10.805
1987,JJA,Northern Ireland,0.458,8.425
1988,JJA,Northern Ireland,0.621,12.966
1989,JJA,Northern Ireland,0.509,7.816
1990,JJA,Northern Ireland,0.547,8.908
1991,JJA,Northern Ireland,0.512,11.115
1992,JJA,Northern Ireland,0.661,9.115
1993,JJA,Northern Ireland,0.680,16.598
1994,JJA,Northern Ireland,0.618,17.195
1995,JJA,Northern Ireland,0.655,11.908
1996,JJA,Northern Ireland,0.537,10.333
1997,JJA,Northern Ireland,0.592,10.920
1998,JJA,Northern Ireland,0.513,7.287
1999,JJA,Northern Ireland,0.564,9.023
2000,JJA,Northern Ireland,0.628,7.241
2001,JJA,Northern Ireland,0.637,8.034
2002,JJA,Northern Ireland,0.563,7.138
2003,JJA,Northern Ireland,0.549,15.885
2004,JJA,Northern Ireland,0.508,6.851
2005,JJA,Northern Ireland,0.525,8.023
2006,JJA,Northern Ireland,0.554,10.092
2007,JJA,Northern Ireland,0.642,11.966
2008,JJA,Northern Ireland,0.583,7.655
2009,JJA,Northern Ireland,0.627,10.816
2010,JJA,Northern Ireland,0.572,9.092
2011,JJA,Northern Ireland,0.568,11.000
2012,JJA,Northern Ireland,0.516,8.655
2013,JJA,Northern Ireland,0.589,9.897
2014,JJA,Northern Ireland,0.601,8.793
2015,JJA,Northern Ireland,0.605,11.345
2016,JJA,Northern Ireland,0.448,11.471
2017,JJA,Northern Ireland,0.495,7.253
2018,JJA,Northern Ireland,0.489,8.287
2019,JJA,Northern Ireland,0.420,6.701
2020,JJA,Northern Ireland,0.639,8.724
2021,JJA,Northern Ireland,0.551,5.644
2022,JJA,Northern Ireland,0.670,14.000
2023,JJA,Northern Ireland,0.547,6.667
2024,JJA,Northern Ireland,0.586,12.425
2025,JJA,Northern Ireland,0.613,9.598
2026,JJA,Northern Ireland,0.701,14.954
2027,JJA,Northern Ireland,0.531,7.552
2028,JJA,Northern Ireland,0.575,10.115
2029,JJA,Northern Ireland,0.469,7.954
2030,JJA,Northern Ireland,0.420,6.966
2031,JJA,Northern Ireland,0.535,8.207
2032,JJA,Northern Ireland,0.425,13.356
2033,JJA,Northern Ireland,0.641,9.023
2034,JJA,Northern Ireland,0.677,9.586
2035,JJA,Northern Ireland,0.583,14.080
2036,JJA,Northern Ireland,0.526,7.828
2037,JJA,Northern Ireland,0.527,8.954
2038,JJA,Northern Ireland,0.421,6.989
2039,JJA,Northern Ireland,0.493,6.598
2040,JJA,Northern Ireland,0.499,6.563
2041,JJA,Northern Ireland,0.640,14.632
2042,JJA,Northern Ireland,0.596,10.897
2043,JJA,Northern Ireland,0.466,8.080
2044,JJA,Northern Ireland,0.607,12.414
2045,JJA,Northern Ireland,0.626,7.138
2046,JJA,Northern Ireland,0.530,9.310
2047,JJA,Northern Ireland,0.489,6.000
2048,JJA,Northern Ireland,0.498,13.506
2049,JJA,Northern Ireland,0.496,7.609
2050,JJA,Northern Ireland,0.548,8.621
2051,JJA,Northern Ireland,0.650,8.414
2052,JJA,Northern Ireland,0.493,8.552
2053,JJA,Northern Ireland,0.469,10.172
2054,JJA,Northern Ireland,0.471,9.172
2055,JJA,Northern Ireland,0.431,5.517
2056,JJA,Northern Ireland,0.457,6.276
2057,JJA,Northern Ireland,0.477,6.977
2058,JJA,Northern Ireland,0.268,4.264
2059,JJA,Northern Ireland,0.428,8.437
2060,JJA,Northern Ireland,0.354,7.529
2061,JJA,Northern Ireland,0.381,7.103
2062,JJA,Northern Ireland,0.496,7.448
2063,JJA,Northern Ireland,0.456,9.966
2064,JJA,Northern Ireland,0.394,6.437
2065,JJA,Northern Ireland,0.570,7.310
2066,JJA,Northern Ireland,0.563,11.310
2067,JJA,Northern Ireland,0.455,8.414
2068,JJA,Northern Ireland,0.436,7.092
2069,JJA,Northern Ireland,0.420,5.322
2070,JJA,Northern Ireland,0.307,4.218
2071,JJA,Northern Ireland,0.539,7.391
2072,JJA,Northern Ireland,0.471,6.529
2073,JJA,Northern Ireland,0.463,9.782
2074,JJA,Northern Ireland,0.488,7.149
2075,JJA,Northern Ireland,0.439,5.471
2076,JJA,Northern Ireland,0.447,6.356
2077,JJA,Northern Ireland,0.575,8.736
2078,JJA,Northern Ireland,0.410,6.069
2079,JJA,Northern Ireland,0.445,7.034
2080,JJA,Northern Ireland,0.478,6.517
1981,JJA,Wales,0.548,7.187
1982,JJA,Wales,0.581,7.640
1983,JJA,Wales,0.470,10.151
1984,JJA,Wales,0.599,9.820
1985,JJA,Wales,0.523,10.209
1986,JJA,Wales,0.500,8.072
1987,JJA,Wales,0.420,6.417
1988,JJA,Wales,0.588,9.324
1989,JJA,Wales,0.419,4.518
1990,JJA,Wales,0.485,7.568
1991,JJA,Wales,0.389,9.770
1992,JJA,Wales,0.618,9.237
1993,JJA,Wales,0.634,9.518
1994,JJA,Wales,0.612,12.014
1995,JJA,Wales,0.496,9.158
1996,JJA,Wales,0.523,9.691
1997,JJA,Wales,0.487,14.180
1998,JJA,Wales,0.438,6.201
1999,JJA,Wales,0.430,6.835
2000,JJA,Wales,0.510,6.727
2001,JJA,Wales,0.601,6.950
2002,JJA,Wales,0.426,6.281
2003,JJA,Wales,0.507,11.683
2004,JJA,Wales,0.387,5.820
2005,JJA,Wales,0.409,6.446
2006,JJA,Wales,0.424,6.273
2007,JJA,Wales,0.551,7.281
2008,JJA,Wales,0.570,12.489
2009,JJA,Wales,0.471,6.813
2010,JJA,Wales,0.551,6.633
2011,JJA,Wales,0.451,7.727
2012,JJA,Wales,0.420,6.842
2013,JJA,Wales,0.522,7.906
2014,JJA,Wales,0.468,7.957
2015,JJA,Wales,0.436,8.935
2016,JJA,Wales,0.450,7.353
2017,JJA,Wales,0.469,7.180
2018,JJA,Wales,0.314,4.813
2019,JJA,Wales,0.454,8.353
2020,JJA,Wales,0.658,13.122
2021,JJA,Wales,0.494,8.863
2022,JJA,Wales,0.647,12.482
2023,JJA,Wales,0.478,7.022
2024,JJA,Wales,0.456,7.568
2025,JJA,Wales,0.525,9.065
2026,JJA,Wales,0.568,9.252
2027,JJA,Wales,0.438,6.871
2028,JJA,Wales,0.457,11.324
2029,JJA,Wales,0.423,7.432
2030,JJA,Wales,0.368,4.748
2031,JJA,Wales,0.498,6.122
2032,JJA,Wales,0.435,6.799
2033,JJA,Wales,0.510,8.108
2034,JJA,Wales,0.566,9.590
2035,JJA,Wales,0.518,9.791
2036,JJA,Wales,0.391,6.532
2037,JJA,Wales,0.529,8.295
2038,JJA,Wales,0.329,6.137
2039,JJA,Wales,0.379,4.446
2040,JJA,Wales,0.390,6.396
2041,JJA,Wales,0.499,7.129
2042,JJA,Wales,0.515,9.712
2043,JJA,Wales,0.428,7.597
2044,JJA,Wales,0.497,8.986
2045,JJA,Wales,0.516,6.935
2046,JJA,Wales,0.505,6.065
2047,JJA,Wales,0.369,6.259
2048,JJA,Wales,0.452,6.309
2049,JJA,Wales,0.464,7.719
2050,JJA,Wales,0.428,7.504
2051,JJA,Wales,0.542,8.777
2052,JJA,Wales,0.361,7.338
2053,JJA,Wales,0.353,5.504
2054,JJA,Wales,0.349,6.475
2055,JJA,Wales,0.290,5.043
2056,JJA,Wales,0.452,6.266
2057,JJA,Wales,0.399,5.489
2058,JJA,Wales,0.231,3.899
2059,JJA,Wales,0.335,6.094
2060,JJA,Wales,0.370,6.302
2061,JJA,Wales,0.349,7.662
2062,JJA,Wales,0.508,9.820
2063,JJA,Wales,0.361,5.942
2064,JJA,Wales,0.304,5.187
2065,JJA,Wales,0.463,7.856
2066,JJA,Wales,0.506,6.662
2067,JJA,Wales,0.401,7.561
2068,JJA,Wales,0.470,9.727
2069,JJA,Wales,0.407,5.604
2070,JJA,Wales,0.319,7.712
2071,JJA,Wales,0.384,5.719
2072,JJA,Wales,0.372,7.043
2073,JJA,Wales,0.360,6.460
2074,JJA,Wales,0.477,9.230
2075,JJA,Wales,0.365,5.849
2076,JJA,Wales,0.324,5.978
2077,JJA,Wales,0.411,6.295
2078,JJA,Wales,0.424,7.094
2079,JJA,Wales,0.366,4.727
2080,JJA,Wales,0.360,6.000
1981,SON,East Midlands,0.458,7.904
1982,SON,East Midlands,0.425,5.337
1983,SON,East Midlands,0.381,4.298
1984,SON,East Midlands,0.406,4.971
1985,SON,East Midlands,0.579,8.644
1986,SON,East Midlands,0.443,6.144
1987,SON,East Midlands,0.539,7.481
1988,SON,East Midlands,0.497,6.115
1989,SON,East Midlands,0.408,5.788
1990,SON,East Midlands,0.503,6.548
1991,SON,East Midlands,0.525,7.500
1992,SON,East Midlands,0.377,4.769
1993,SON,East Midlands,0.505,7.894
1994,SON,East Midlands,0.378,5.385
1995,SON,East Midlands,0.439,4.760
1996,SON,East Midlands,0.477,5.606
1997,SON,East Midlands,0.348,4.308
1998,SON,East Midlands,0.356,5.000
1999,SON,East Midlands,0.474,8.279
2000,SON,East Midlands,0.325,4.154
2001,SON,East Midlands,0.443,8.010
2002,SON,East Midlands,0.384,4.817
2003,SON,East Midlands,0.373,9.587
2004,SON,East Midlands,0.464,7.317
2005,SON,East Midlands,0.356,6.250
2006,SON,East Midlands,0.469,5.769
2007,SON,East Midlands,0.500,5.087
2008,SON,East Midlands,0.395,4.240
2009,SON,East Midlands,0.461,6.740
2010,SON,East Midlands,0.445,6.923
2011,SON,East Midlands,0.333,5.346
2012,SON,East Midlands,0.440,4.760
2013,SON,East Midlands,0.387,4.481
2014,SON,East Midlands,0.488,6.837
2015,SON,East Midlands,0.420,7.923
2016,SON,East Midlands,0.486,6.702
2017,SON,East Midlands,0.411,3.375
2018,SON,East Midlands,0.405,5.029
2019,SON,East Midlands,0.395,4.644
2020,SON,East Midlands,0.442,7.933
2021,SON,East Midlands,0.472,6.981
2022,SON,East Midlands,0.409,8.019
2023,SON,East Midlands,0.409,4.529
2024,SON,East Midlands,0.409,6.346
2025,SON,East Midlands,0.526,5.779
2026,SON,East Midlands,0.328,6.000
2027,SON,East Midlands,0.333,4.269
2028,SON,East Midlands,0.349,5.894
2029,SON,East Midlands,0.423,5.058
2030,SON,East Midlands,0.316,4.240
2031,SON,East Midlands,0.430,6.462
2032,SON,East Midlands,0.558,6.365
2033,SON,East Midlands,0.416,5.981
2034,SON,East Midlands,0.406,5.856
2035,SON,East Midlands,0.244,3.990
2036,SON,East Midlands,0.363,5.029
2037,SON,East Midlands,0.505,5.644
2038,SON,East Midlands,0.327,7.010
2039,SON,East Midlands,0.470,7.442
2040,SON,East Midlands,0.486,15.673
2041,SON,East Midlands,0.281,4.058
2042,SON,East Midlands,0.400,6.250
2043,SON,East Midlands,0.331,4.038
2044,SON,East Midlands,0.497,7.673
2045,SON,East Midlands,0.438,4.712
2046,SON,East Midlands,0.444,5.740
2047,SON,East Midlands,0.399,5.567
2048,SON,East Midlands,0.347,5.038
2049,SON,East Midlands,0.480,5.942
2050,SON,East Midlands,0.487,5.673
2051,SON,East Midlands,0.426,6.192
2052,SON,East Midlands,0.400,4.731
2053,SON,East Midlands,0.488,6.452
2054,SON,East Midlands,0.405,4.712
2055,SON,East Midlands,0.462,5.750
2056,SON,East Midlands,0.380,4.567
2057,SON,East Midlands,0.304,4.846
2058,SON,East Midlands,0.421,4.404
2059,SON,East Midlands,0.371,4.721
2060,SON,East Midlands,0.350,5.490
2061,SON,East Midlands,0.412,4.529
2062,SON,East Midlands,0.415,7.471
2063,SON,East Midlands,0.362,5.221
2064,SON,East Midlands,0.449,8.048
2065,SON,East Midlands,0.401,4.558
2066,SON,East Midlands,0.555,6.769
2067,SON,East Midlands,0.293,5.385
2068,SON,East Midlands,0.526,5.933
2069,SON,East Midlands,0.508,7.356
2070,SON,East Midlands,0.363,5.567
2071,SON,East Midlands,0.459,4.942
2072,SON,East Midlands,0.400,5.298
2073,SON,East Midlands,0.274,3.356
2074,SON,East Midlands,0.395,5.000
2075,SON,East Midlands,0.544,7.731
2076,SON,East Midlands,0.433,5.817
2077,SON,East Midlands,0.475,8.615
2078,SON,East Midlands,0.577,7.702
2079,SON,East Midlands,0.305,3.260
2080,SON,East Midlands,0.478,5.356
1981,SON,East of England,0.380,6.651
1982,SON,East of England,0.389,5.930
1983,SON,East of England,0.357,4.465
1984,SON,East of England,0.369,4.597
1985,SON,East of England,0.539,8.333
1986,SON,East of England,0.407,5.636
1987,SON,East of England,0.473,6.233
1988,SON,East of England,0.484,8.333
1989,SON,East of England,0.398,5.535
1990,SON,East of England,0.471,6.969
1991,SON,East of England,0.499,6.721
1992,SON,East of England,0.399,7.124
1993,SON,East of England,0.530,7.093
1994,SON,East of England,0.361,5.620
1995,SON,East of England,0.398,4.519
1996,SON,East of England,0.451,6.543
1997,SON,East of England,0.345,4.589
1998,SON,East of England,0.392,5.899
1999,SON,East of England,0.457,6.822
2000,SON,East of England,0.271,4.000
2001,SON,East of England,0.433,6.938
2002,SON,East of England,0.360,4.178
2003,SON,East of England,0.325,6.318
2004,SON,East of England,0.466,6.302
2005,SON,East of England,0.323,5.922
2006,SON,East of England,0.460,6.767
2007,SON,East of England,0.471,4.279
2008,SON,East of England,0.374,4.372
2009,SON,East of England,0.461,6.101
2010,SON,East of England,0.427,6.682
2011,SON,East of England,0.307,4.302
2012,SON,East of England,0.379,4.217
2013,SON,East of England,0.350,4.488
2014,SON,East of England,0.485,8.589
2015,SON,East of England,0.366,7.380
2016,SON,East of England,0.506,8.000
2017,SON,East of England,0.396,3.884
2018,SON,East of England,0.387,5.271
2019,SON,East of England,0.388,4.992
2020,SON,East of England,0.385,5.682
2021,SON,East of England,0.458,6.574
2022,SON,East of England,0.385,7.977
2023,SON,East of England,0.434,5.767
2024,SON,East of England,0.401,6.132
2025,SON,East of England,0.505,4.775
2026,SON,East of England,0.300,5.922
2027,SON,East of England,0.280,3.690
2028,SON,East of England,0.375,6.302
2029,SON,East of England,0.385,5.023
2030,SON,East of England,0.275,3.078
2031,SON,East of England,0.398,4.853
2032,SON,East of England,0.508,6.202
2033,SON,East of England,0.394,5.264
2034,SON,East of England,0.421,6.209
2035,SON,East of England,0.186,3.217
2036,SON,East of England,0.329,3.411
2037,SON,East of England,0.491,6.093
2038,SON,East of England,0.312,7.116
2039,SON,East of England,0.489,5.333
2040,SON,East of England,0.501,12.341
2041,SON,East of England,0.227,3.597
2042,SON,East of England,0.352,7.248
2043,SON,East of England,0.315,3.876
2044,SON,East of England,0.454,5.721
2045,SON,East of England,0.421,4.326
2046,SON,East of England,0.330,3.240
2047,SON,East of England,0.384,5.287
2048,SON,East of England,0.279,3.938
2049,SON,East of England,0.430,5.326
2050,SON,East of England,0.437,5.527
2051,SON,East of England,0.407,6.450
2052,SON,East of England,0.376,4.651
2053,SON,East of England,0.471,6.078
2054,SON,East of England,0.359,4.403
2055,SON,East of England,0.461,6.450
2056,SON,East of England,0.359,4.822
2057,SON,East of England,0.284,3.233
2058,SON,East of England,0.427,5.333
2059,SON,East of England,0.314,5.124
2060,SON,East of England,0.328,4.667
2061,SON,East of England,0.405,5.946
2062,SON,East of England,0.362,6.667
2063,SON,East of England,0.346,5.178
2064,SON,East of England,0.397,5.078
2065,SON,East of England,0.308,3.612
2066,SON,East of England,0.447,4.295
2067,SON,East of England,0.280,4.465
2068,SON,East of England,0.487,6.132
2069,SON,East of England,0.473,6.124
2070,SON,East of England,0.362,6.876
2071,SON,East of England,0.408,3.434
2072,SON,East of England,0.364,5.845
2073,SON,East of England,0.254,3.690
2074,SON,East of England,0.365,4.101
2075,SON,East of England,0.529,6.256
2076,SON,East of England,0.405,5.674
2077,SON,East of England,0.438,7.597
2078,SON,East of England,0.557,6.364
2079,SON,East of England,0.256,3.155
2080,SON,East of England,0.407,5.217
1981,SON,East Scotland,0.548,8.056
1982,SON,East Scotland,0.539,7.845
1983,SON,East Scotland,0.428,7.497
1984,SON,East Scotland,0.545,7.553
1985,SON,East Scotland,0.621,8.720
1986,SON,East Scotland,0.509,7.534
1987,SON,East Scotland,0.535,7.280
1988,SON,East Scotland,0.525,5.627
1989,SON,East Scotland,0.397,5.901
1990,SON,East Scotland,0.599,9.286
1991,SON,East Scotland,0.553,7.733
1992,SON,East Scotland,0.468,8.224
1993,SON,East Scotland,0.480,4.609
1994,SON,East Scotland,0.470,9.621
1995,SON,East Scotland,0.545,8.379
1996,SON,East Scotland,0.494,8.950
1997,SON,East Scotland,0.471,7.261
1998,SON,East Scotland,0.519,11.646
1999,SON,East Scotland,0.523,7.118
2000,SON,East Scotland,0.424,6.634
2001,SON,East Scotland,0.529,10.335
2002,SON,East Scotland,0.461,8.553
2003,SON,East Scotland,0.406,6.801
2004,SON,East Scotland,0.481,8.242
2005,SON,East Scotland,0.446,5.068
2006,SON,East Scotland,0.552,7.950
2007,SON,East Scotland,0.500,6.025
2008,SON,East Scotland,0.499,7.658
2009,SON,East Scotland,0.545,6.174
2010,SON,East Scotland,0.520,7.286
2011,SON,East Scotland,0.447,6.373
2012,SON,East Scotland,0.519,7.857
2013,SON,East Scotland,0.433,5.894
2014,SON,East Scotland,0.599,7.503
2015,SON,East Scotland,0.564,8.832
2016,SON,East Scotland,0.516,9.857
2017,SON,East Scotland,0.539,7.870
2018,SON,East Scotland,0.536,7.435
2019,SON,East Scotland,0.454,6.453
2020,SON,East Scotland,0.486,8.137
2021,SON,East Scotland,0.593,10.205
2022,SON,East Scotland,0.533,8.050
2023,SON,East Scotland,0.398,5.385
2024,SON,East Scotland,0.553,7.186
2025,SON,East Scotland,0.599,12.720
2026,SON,East Scotland,0.447,6.199
2027,SON,East Scotland,0.436,8.851
2028,SON,East Scotland,0.377,6.161
2029,SON,East Scotland,0.576,8.006
2030,SON,East Scotland,0.434,8.230
2031,SON,East Scotland,0.481,7.553
2032,SON,East Scotland,0.584,9.708
2033,SON,East Scotland,0.551,7.957
2034,SON,East Scotland,0.519,10.609
2035,SON,East Scotland,0.437,6.087
2036,SON,East Scotland,0.523,8.578
2037,SON,East Scotland,0.615,7.826
2038,SON,East Scotland,0.427,6.590
2039,SON,East Scotland,0.493,8.025
2040,SON,East Scotland,0.476,7.634
2041,SON,East Scotland,0.492,6.658
2042,SON,East Scotland,0.531,9.174
2043,SON,East Scotland,0.512,8.068
2044,SON,East Scotland,0.602,10.845
2045,SON,East Scotland,0.570,9.286
2046,SON,East Scotland,0.604,9.118
2047,SON,East Scotland,0.565,7.646
2048,SON,East Scotland,0.486,8.540
2049,SON,East Scotland,0.554,7.497
2050,SON,East Scotland,0.565,10.957
2051,SON,East Scotland,0.508,9.652
2052,SON,East Scotland,0.501,6.671
2053,SON,East Scotland,0.515,9.938
2054,SON,East Scotland,0.504,8.770
2055,SON,East Scotland,0.543,7.553
2056,SON,East Scotland,0.525,9.398
2057,SON,East Scotland,0.430,5.522
2058,SON,East Scotland,0.537,7.248
2059,SON,East Scotland,0.461,6.534
2060,SON,East Scotland,0.356,4.988
2061,SON,East Scotland,0.473,7.689
2062,SON,East Scotland,0.596,14.161
2063,SON,East Scotland,0.434,7.112
2064,SON,East Scotland,0.471,7.714
2065,SON,East Scotland,0.520,6.000
2066,SON,East Scotland,0.592,7.950
2067,SON,East Scotland,0.418,7.919
2068,SON,East Scotland,0.622,7.894
2069,SON,East Scotland,0.545,8.658
2070,SON,East Scotland,0.389,5.180
2071,SON,East Scotland,0.546,11.348
2072,SON,East Scotland,0.525,7.590
2073,SON,East Scotland,0.446,7.360
2074,SON,East Scotland,0.530,11.516
2075,SON,East Scotland,0.500,8.366
2076,SON,East Scotland,0.522,7.280
2077,SON,East Scotland,0.553,7.826
2078,SON,East Scotland,0.585,6.807
2079,SON,East Scotland,0.461,4.752
2080,SON,East Scotland,0.526,8.161
1981,SON,London,0.385,7.667
1982,SON,London,0.385,5.583
1983,SON,London,0.395,5.250
1984,SON,London,0.352,4.250
1985,SON,London,0.527,8.167
1986,SON,London,0.401,6.000
1987,SON,London,0.505,8.500
1988,SON,London,0.509,12.000
1989,SON,London,0.396,7.500
1990,SON,London,0.470,5.167
1991,SON,London,0.507,7.167
1992,SON,London,0.390,7.250
1993,SON,London,0.543,7.833
1994,SON,London,0.353,7.583
1995,SON,London,0.380,4.417
1996,SON,London,0.431,8.167
1997,SON,London,0.350,7.000
1998,SON,London,0.391,6.417
1999,SON,London,0.506,8.500
2000,SON,London,0.283,4.667
2001,SON,London,0.436,10.833
2002,SON,London,0.364,4.500
2003,SON,London,0.370,7.667
2004,SON,London,0.494,5.833
2005,SON,London,0.327,4.417
2006,SON,London,0.459,9.667
2007,SON,London,0.477,4.167
2008,SON,London,0.342,4.583
2009,SON,London,0.434,4.917
2010,SON,London,0.424,6.500
2011,SON,London,0.282,5.417
2012,SON,London,0.386,5.583
2013,SON,London,0.363,4.833
2014,SON,London,0.514,8.583
2015,SON,London,0.394,6.000
2016,SON,London,0.475,8.000
2017,SON,London,0.466,7.000
2018,SON,London,0.431,6.500
2019,SON,London,0.411,5.083
2020,SON,London,0.411,9.417
2021,SON,London,0.492,7.500
2022,SON,London,0.391,8.583
2023,SON,London,0.412,5.500
2024,SON,London,0.373,5.167
2025,SON,London,0.606,8.000
2026,SON,London,0.347,6.000
2027,SON,London,0.313,4.000
2028,SON,London,0.335,6.417
2029,SON,London,0.370,3.833
2030,SON,London,0.281,3.167
2031,SON,London,0.430,4.417
2032,SON,London,0.515,6.667
2033,SON,London,0.408,4.583
2034,SON,London,0.459,7.167
2035,SON,London,0.147,3.000
2036,SON,London,0.311,3.583
2037,SON,London,0.524,5.417
2038,SON,London,0.274,5.250
2039,SON,London,0.452,5.750
2040,SON,London,0.485,6.917
2041,SON,London,0.215,3.083
2042,SON,London,0.337,7.000
2043,SON,London,0.352,4.000
2044,SON,London,0.479,6.000
2045,SON,London,0.426,5.000
2046,SON,London,0.306,2.167
2047,SON,London,0.398,7.000
2048,SON,London,0.287,4.833
2049,SON,London,0.438,5.750
2050,SON,London,0.484,7.333
2051,SON,London,0.419,7.250
2052,SON,London,0.369,5.000
2053,SON,London,0.490,7.917
2054,SON,London,0.365,5.667
2055,SON,London,0.469,7.583
2056,SON,London,0.401,4.667
2057,SON,London,0.271,3.000
2058,SON,London,0.434,6.333
2059,SON,London,0.288,4.250
2060,SON,London,0.310,4.667
2061,SON,London,0.370,4.917
2062,SON,London,0.342,5.917
2063,SON,London,0.311,5.083
2064,SON,London,0.426,5.000
2065,SON,London,0.255,3.167
2066,SON,London,0.460,5.000
2067,SON,London,0.292,5.000
2068,SON,London,0.502,6.000
2069,SON,London,0.442,5.167
2070,SON,London,0.368,6.500
2071,SON,London,0.460,5.083
2072,SON,London,0.355,5.750
2073,SON,London,0.275,3.000
2074,SON,London,0.399,4.167
2075,SON,London,0.504,6.333
2076,SON,London,0.418,7.167
2077,SON,London,0.457,7.000
2078,SON,London,0.548,6.750
2079,SON,London,0.266,3.083
2080,SON,London,0.423,5.583
1981,SON,North East England,0.473,6.000
1982,SON,North East England,0.463,6.649
1983,SON,North East England,0.404,5.053
1984,SON,North East England,0.484,7.263
1985,SON,North East England,0.555,4.965
1986,SON,North East England,0.490,6.368
1987,SON,North East England,0.532,6.439
1988,SON,North East England,0.475,5.088
1989,SON,North East England,0.379,6.930
1990,SON,North East England,0.503,6.895
1991,SON,North East England,0.548,7.018
1992,SON,North East England,0.411,5.684
1993,SON,North East England,0.463,5.632
1994,SON,North East England,0.451,9.719
1995,SON,North East England,0.509,5.947
1996,SON,North East England,0.489,9.439
1997,SON,North East England,0.448,7.351
1998,SON,North East England,0.416,7.333
1999,SON,North East England,0.497,7.702
2000,SON,North East England,0.382,4.895
2001,SON,North East England,0.480,8.877
2002,SON,North East England,0.378,7.509
2003,SON,North East England,0.389,6.228
2004,SON,North East England,0.473,8.070
2005,SON,North East England,0.370,4.421
2006,SON,North East England,0.488,6.123
2007,SON,North East England,0.493,7.123
2008,SON,North East England,0.461,5.667
2009,SON,North East England,0.500,6.772
2010,SON,North East England,0.462,6.140
2011,SON,North East England,0.358,5.404
2012,SON,North East England,0.468,6.158
2013,SON,North East England,0.483,6.544
2014,SON,North East England,0.529,5.632
2015,SON,North East England,0.513,7.947
2016,SON,North East England,0.487,7.807
2017,SON,North East England,0.515,7.351
2018,SON,North East England,0.431,5.825
2019,SON,North East England,0.411,5.807
2020,SON,North East England,0.453,7.140
2021,SON,North East England,0.565,10.614
2022,SON,North East England,0.495,9.386
2023,SON,North East England,0.433,4.965
2024,SON,North East England,0.500,6.930
2025,SON,North East England,0.507,8.140
2026,SON,North East England,0.366,5.070
2027,SON,North East England,0.372,7.211
2028,SON,North East England,0.297,4.439
2029,SON,North East England,0.475,7.737
2030,SON,North East England,0.366,5.088
2031,SON,North East England,0.493,9.035
2032,SON,North East England,0.549,6.789
2033,SON,North East England,0.464,5.702
2034,SON,North East England,0.452,7.491
2035,SON,North East England,0.316,4.018
2036,SON,North East England,0.477,6.877
2037,SON,North East England,0.560,6.772
2038,SON,North East England,0.365,5.807
2039,SON,North East England,0.482,5.596
2040,SON,North East England,0.516,8.860
2041,SON,North East England,0.394,5.193
2042,SON,North East England,0.454,5.702
2043,SON,North East England,0.392,6.000
2044,SON,North East England,0.589,9.825
2045,SON,North East England,0.565,8.281
2046,SON,North East England,0.514,8.509
2047,SON,North East England,0.507,6.421
2048,SON,North East England,0.426,6.421
2049,SON,North East England,0.541,6.842
2050,SON,North East England,0.490,6.193
2051,SON,North East England,0.475,5.842
2052,SON,North East England,0.435,5.789
2053,SON,North East England,0.463,8.930
2054,SON,North East England,0.424,6.088
2055,SON,North East England,0.531,9.316
2056,SON,North East England,0.417,6.684
2057,SON,North East England,0.357,4.614
2058,SON,North East England,0.522,7.632
2059,SON,North East England,0.415,5.667
2060,SON,North East England,0.366,5.123
2061,SON,North East England,0.418,4.912
2062,SON,North East England,0.528,10.544
2063,SON,North East England,0.374,5.930
2064,SON,North East England,0.473,7.105
2065,SON,North East England,0.463,6.211
2066,SON,North East England,0.570,8.298
2067,SON,North East England,0.305,5.368
2068,SON,North East England,0.585,6.193
2069,SON,North East England,0.503,6.614
2070,SON,North East England,0.349,4.561
2071,SON,North East England,0.511,7.105
2072,SON,North East England,0.431,7.386
2073,SON,North East England,0.356,5.965
2074,SON,North East England,0.478,9.263
2075,SON,North East England,0.503,8.842
2076,SON,North East England,0.471,6.298
2077,SON,North East England,0.573,7.509
2078,SON,North East England,0.580,6.667
2079,SON,North East England,0.377,5.333
2080,SON,North East England,0.521,6.404
1981,SON,North Scotland,0.617,12.047
1982,SON,North Scotland,0.621,9.684
1983,SON,North Scotland,0.574,12.316
1984,SON,North Scotland,0.655,9.749
1985,SON,North Scotland,0.695,13.405
1986,SON,North Scotland,0.563,8.786
1987,SON,North Scotland,0.632,10.507
1988,SON,North Scotland,0.599,9.242
1989,SON,North Scotland,0.499,8.130
1990,SON,North Scotland,0.645,9.447
1991,SON,North Scotland,0.604,8.293
1992,SON,North Scotland,0.592,11.312
1993,SON,North Scotland,0.587,7.665
1994,SON,North Scotland,0.440,8.674
1995,SON,North Scotland,0.625,14.028
1996,SON,North Scotland,0.466,6.126
1997,SON,North Scotland,0.547,10.172
1998,SON,North Scotland,0.592,13.060
1999,SON,North Scotland,0.588,7.330
2000,SON,North Scotland,0.478,8.591
2001,SON,North Scotland,0.633,12.967
2002,SON,North Scotland,0.532,10.995
2003,SON,North Scotland,0.454,9.712
2004,SON,North Scotland,0.545,9.377
2005,SON,North Scotland,0.545,8.344
2006,SON,North Scotland,0.608,9.549
2007,SON,North Scotland,0.627,9.386
2008,SON,North Scotland,0.564,8.874
2009,SON,North Scotland,0.601,8.358
2010,SON,North Scotland,0.542,8.698
2011,SON,North Scotland,0.555,8.442
2012,SON,North Scotland,0.616,11.144
2013,SON,North Scotland,0.481,7.228
2014,SON,North Scotland,0.658,8.381
2015,SON,North Scotland,0.654,9.102
2016,SON,North Scotland,0.604,10.177
2017,SON,North Scotland,0.651,10.112
2018,SON,North Scotland,0.640,10.451
2019,SON,North Scotland,0.556,8.405
2020,SON,North Scotland,0.501,9.972
2021,SON,North Scotland,0.606,10.302
2022,SON,North Scotland,0.613,12.581
2023,SON,North Scotland,0.444,6.386
2024,SON,North Scotland,0.608,13.433
2025,SON,North Scotland,0.662,14.642
2026,SON,North Scotland,0.564,8.247
2027,SON,North Scotland,0.486,9.047
2028,SON,North Scotland,0.462,7.014
2029,SON,North Scotland,0.638,8.321
2030,SON,North Scotland,0.524,11.223
2031,SON,North Scotland,0.490,9.126
2032,SON,North Scotland,0.628,11.260
2033,SON,North Scotland,0.624,10.014
2034,SON,North Scotland,0.608,8.935
2035,SON,North Scotland,0.596,11.084
2036,SON,North Scotland,0.619,11.288
2037,SON,North Scotland,0.625,11.800
2038,SON,North Scotland,0.559,8.707
2039,SON,North Scotland,0.603,15.419
2040,SON,North Scotland,0.486,6.312
2041,SON,North Scotland,0.539,7.149
2042,SON,North Scotland,0.590,10.660
2043,SON,North Scotland,0.516,10.060
2044,SON,North Scotland,0.636,10.256
2045,SON,North Scotland,0.595,9.874
2046,SON,North Scotland,0.707,13.484
2047,SON,North Scotland,0.614,9.628
2048,SON,North Scotland,0.642,12.042
2049,SON,North Scotland,0.592,13.847
2050,SON,North Scotland,0.639,14.391
2051,SON,North Scotland,0.565,8.000
2052,SON,North Scotland,0.545,10.553
2053,SON,North Scotland,0.557,13.372
2054,SON,North Scotland,0.609,10.679
2055,SON,North Scotland,0.604,9.237
2056,SON,North Scotland,0.526,10.177
2057,SON,North Scotland,0.554,7.116
2058,SON,North Scotland,0.613,8.842
2059,SON,North Scotland,0.531,7.991
2060,SON,North Scotland,0.448,6.488
2061,SON,North Scotland,0.519,11.898
2062,SON,North Scotland,0.602,14.991
2063,SON,North Scotland,0.512,10.293
2064,SON,North Scotland,0.519,11.442
2065,SON,North Scotland,0.630,11.870
2066,SON,North Scotland,0.702,13.098
2067,SON,North Scotland,0.463,7.963
2068,SON,North Scotland,0.685,10.716
2069,SON,North Scotland,0.637,13.777
2070,SON,North Scotland,0.513,7.874
2071,SON,North Scotland,0.549,13.567
2072,SON,North Scotland,0.604,10.019
2073,SON,North Scotland,0.516,10.633
2074,SON,North Scotland,0.625,13.023
2075,SON,North Scotland,0.558,8.391
2076,SON,North Scotland,0.571,8.516
2077,SON,North Scotland,0.607,10.307
2078,SON,North Scotland,0.647,13.484
2079,SON,North Scotland,0.555,7.921
2080,SON,North Scotland,0.494,6.833
1981,SON,North West England,0.596,10.905
1982,SON,North West England,0.534,8.295
1983,SON,North West England,0.538,10.316
1984,SON,North West England,0.578,11.168
1985,SON,North West England,0.719,10.884
1986,SON,North West England,0.593,12.137
1987,SON,North West England,0.712,11.916
1988,SON,North West England,0.597,6.547
1989,SON,North West England,0.482,11.579
1990,SON,North West England,0.649,9.242
1991,SON,North West England,0.596,9.337
1992,SON,North West England,0.549,9.021
1993,SON,North West England,0.589,8.789
1994,SON,North West England,0.449,8.916
1995,SON,North West England,0.557,9.705
1996,SON,North West England,0.491,12.716
1997,SON,North West England,0.423,6.968
1998,SON,North West England,0.524,10.674
1999,SON,North West England,0.626,11.295
2000,SON,North West England,0.466,9.042
2001,SON,North West England,0.557,9.589
2002,SON,North West England,0.526,12.200
2003,SON,North West England,0.449,9.368
2004,SON,North West England,0.549,8.663
2005,SON,North West England,0.469,10.263
2006,SON,North West England,0.604,10.453
2007,SON,North West England,0.593,6.979
2008,SON,North West England,0.511,8.116
2009,SON,North West England,0.592,9.768
2010,SON,North West England,0.500,7.768
2011,SON,North West England,0.476,8.368
2012,SON,North West England,0.558,9.084
2013,SON,North West England,0.511,6.989
2014,SON,North West England,0.644,12.884
2015,SON,North West England,0.572,11.179
2016,SON,North West England,0.565,9.568
2017,SON,North West England,0.667,12.705
2018,SON,North West England,0.573,7.653
2019,SON,North West England,0.536,8.632
2020,SON,North West England,0.520,11.979
2021,SON,North West England,0.623,12.505
2022,SON,North West England,0.603,13.411
2023,SON,North West England,0.514,7.421
2024,SON,North West England,0.524,7.168
2025,SON,North West England,0.652,13.632
2026,SON,North West England,0.481,10.284
2027,SON,North West England,0.403,7.147
2028,SON,North West England,0.420,7.021
2029,SON,North West England,0.555,8.526
2030,SON,North West England,0.462,9.211
2031,SON,North West England,0.543,15.737
2032,SON,North West England,0.633,10.853
2033,SON,North West England,0.621,11.926
2034,SON,North West England,0.575,11.116
2035,SON,North West England,0.440,6.758
2036,SON,North West England,0.587,9.726
2037,SON,North West England,0.699,9.337
2038,SON,North West England,0.464,11.095
2039,SON,North West England,0.597,11.316
2040,SON,North West England,0.561,13.442
2041,SON,North West England,0.451,8.863
2042,SON,North West England,0.603,10.547
2043,SON,North West England,0.518,11.105
2044,SON,North West England,0.636,13.116
2045,SON,North West England,0.589,13.642
2046,SON,North West England,0.621,8.011
2047,SON,North West England,0.598,13.295
2048,SON,North West England,0.562,10.063
2049,SON,North West England,0.607,9.116
2050,SON,North West England,0.623,11.684
2051,SON,North West England,0.510,8.800
2052,SON,North West England,0.494,7.537
2053,SON,North West England,0.575,14.042
2054,SON,North West England,0.570,11.411
2055,SON,North West England,0.630,12.947
2056,SON,North West England,0.587,10.842
2057,SON,North West England,0.457,6.632
2058,SON,North West England,0.588,8.695
2059,SON,North West England,0.518,7.021
2060,SON,North West England,0.405,6.674
2061,SON,North West England,0.502,9.674
2062,SON,North West England,0.603,16.137
2063,SON,North West England,0.460,9.705
2064,SON,North West England,0.530,8.211
2065,SON,North West England,0.556,8.242
2066,SON,North West England,0.732,14.347
2067,SON,North West England,0.407,12.105
2068,SON,North West England,0.725,14.042
2069,SON,North West England,0.630,14.442
2070,SON,North West England,0.419,7.589
2071,SON,North West England,0.605,11.147
2072,SON,North West England,0.563,12.253
2073,SON,North West England,0.381,6.400
2074,SON,North West England,0.569,16.632
2075,SON,North West England,0.634,10.716
2076,SON,North West England,0.522,8.937
2077,SON,North West England,0.680,12.063
2078,SON,North West England,0.683,10.758
2079,SON,North West England,0.442,5.632
2080,SON,North West England,0.592,8.495
1981,SON,South East England,0.420,7.172
1982,SON,South East England,0.395,6.066
1983,SON,South East England,0.384,4.197
1984,SON,South East England,0.358,5.016
1985,SON,South East England,0.526,7.639
1986,SON,South East England,0.395,6.033
1987,SON,South East England,0.495,8.484
1988,SON,South East England,0.540,11.525
1989,SON,South East England,0.411,7.852
1990,SON,South East England,0.478,7.418
1991,SON,South East England,0.529,8.762
1992,SON,South East England,0.371,6.475
1993,SON,South East England,0.527,7.582
1994,SON,South East England,0.364,6.115
1995,SON,South East England,0.340,3.754
1996,SON,South East England,0.451,6.959
1997,SON,South East England,0.336,6.893
1998,SON,South East England,0.405,6.803
1999,SON,South East England,0.507,9.189
2000,SON,South East England,0.308,4.869
2001,SON,South East England,0.448,9.902
2002,SON,South East England,0.390,5.246
2003,SON,South East England,0.414,8.418
2004,SON,South East England,0.494,6.402
2005,SON,South East England,0.333,4.926
2006,SON,South East England,0.434,8.164
2007,SON,South East England,0.514,5.090
2008,SON,South East England,0.359,5.475
2009,SON,South East England,0.442,7.082
2010,SON,South East England,0.422,6.975
2011,SON,South East England,0.294,6.443
2012,SON,South East England,0.418,7.967
2013,SON,South East England,0.375,5.533
2014,SON,South East England,0.492,8.811
2015,SON,South East England,0.368,5.705
2016,SON,South East England,0.491,7.844
2017,SON,South East England,0.445,6.615
2018,SON,South East England,0.422,6.238
2019,SON,South East England,0.411,5.770
2020,SON,South East England,0.407,9.533
2021,SON,South East England,0.502,8.385
2022,SON,South East England,0.390,7.582
2023,SON,South East England,0.409,7.590
2024,SON,South East England,0.394,7.057
2025,SON,South East England,0.600,9.852
2026,SON,South East England,0.340,5.615
2027,SON,South East England,0.296,4.107
2028,SON,South East England,0.319,5.361
2029,SON,South East England,0.391,6.016
2030,SON,South East England,0.302,3.451
2031,SON,South East England,0.449,5.902
2032,SON,South East England,0.502,7.057
2033,SON,South East England,0.397,6.008
2034,SON,South East England,0.458,6.082
2035,SON,South East England,0.158,3.279
2036,SON,South East England,0.309,3.451
2037,SON,South East England,0.514,7.049
2038,SON,South East England,0.290,4.926
2039,SON,South East England,0.443,5.451
2040,SON,South East England,0.486,9.746
2041,SON,South East England,0.228,3.779
2042,SON,South East England,0.355,5.779
2043,SON,South East England,0.361,4.443
2044,SON,South East England,0.473,7.066
2045,SON,South East England,0.433,5.492
2046,SON,South East England,0.336,3.689
2047,SON,South East England,0.402,6.746
2048,SON,South East England,0.315,4.885
2049,SON,South East England,0.451,5.787
2050,SON,South East England,0.467,7.205
2051,SON,South East England,0.413,6.869
2052,SON,South East England,0.365,5.180
2053,SON,South East England,0.481,7.672
2054,SON,South East England,0.360,5.311
2055,SON,South East England,0.433,6.779
2056,SON,South East England,0.403,6.336
2057,SON,South East England,0.273,3.172
2058,SON,South East England,0.448,5.828
2059,SON,South East England,0.332,4.680
2060,SON,South East England,0.302,5.393
2061,SON,South East England,0.383,5.098
2062,SON,South East England,0.381,6.516
2063,SON,South East England,0.328,5.721
2064,SON,South East England,0.423,5.475
2065,SON,South East England,0.277,3.262
2066,SON,South East England,0.494,5.336
2067,SON,South East England,0.296,5.189
2068,SON,South East England,0.509,6.131
2069,SON,South East England,0.487,6.770
2070,SON,South East England,0.372,7.385
2071,SON,South East England,0.481,5.934
2072,SON,South East England,0.374,6.770
2073,SON,South East England,0.264,3.123
2074,SON,South East England,0.393,4.566
2075,SON,South East England,0.493,6.377
2076,SON,South East England,0.443,7.492
2077,SON,South East England,0.468,7.008
2078,SON,South East England,0.564,7.041
2079,SON,South East England,0.282,3.328
2080,SON,South East England,0.433,7.279
1981,SON,South West England,0.471,7.275
1982,SON,South West England,0.381,5.825
1983,SON,South West England,0.423,5.362
1984,SON,South West England,0.411,6.719
1985,SON,South West England,0.574,7.281
1986,SON,South West England,0.474,8.400
1987,SON,South West England,0.561,8.450
1988,SON,South West England,0.533,8.088
1989,SON,South West England,0.398,7.306
1990,SON,South West England,0.518,6.800
1991,SON,South West England,0.514,6.931
1992,SON,South West England,0.401,4.963
1993,SON,South West England,0.519,7.256
1994,SON,South West England,0.348,5.513
1995,SON,South West England,0.378,6.756
1996,SON,South West England,0.457,9.569
1997,SON,South West England,0.337,7.206
1998,SON,South West England,0.449,7.094
1999,SON,South West England,0.512,8.287
2000,SON,South West England,0.335,4.294
2001,SON,South West England,0.414,6.906
2002,SON,South West England,0.452,7.138
2003,SON,South West England,0.466,9.250
2004,SON,South West England,0.510,7.912
2005,SON,South West England,0.352,5.394
2006,SON,South West England,0.484,6.831
2007,SON,South West England,0.541,6.544
2008,SON,South West England,0.411,8.056
2009,SON,South West England,0.460,10.287
2010,SON,South West England,0.437,5.969
2011,SON,South West England,0.323,4.581
2012,SON,South West England,0.456,8.000
2013,SON,South West England,0.440,8.106
2014,SON,South West England,0.522,8.812
2015,SON,South West England,0.390,6.144
2016,SON,South West England,0.514,7.506
2017,SON,South West England,0.459,7.156
2018,SON,South West England,0.448,6.406
2019,SON,South West England,0.483,8.925
2020,SON,South West England,0.413,8.631
2021,SON,South West England,0.448,8.156
2022,SON,South West England,0.469,9.662
2023,SON,South West England,0.422,8.575
2024,SON,South West England,0.398,5.556
2025,SON,South West England,0.577,10.794
2026,SON,South West England,0.367,7.269
2027,SON,South West England,0.316,5.444
2028,SON,South West England,0.360,6.625
2029,SON,South West England,0.446,7.100
2030,SON,South West England,0.345,4.513
2031,SON,South West England,0.481,7.525
2032,SON,South West England,0.544,6.719
2033,SON,South West England,0.445,8.656
2034,SON,South West England,0.522,6.675
2035,SON,South West England,0.191,3.656
2036,SON,South West England,0.347,6.975
2037,SON,South West England,0.585,7.450
2038,SON,South West England,0.335,5.250
2039,SON,South West England,0.479,7.775
2040,SON,South West England,0.484,12.387
2041,SON,South West England,0.300,5.025
2042,SON,South West England,0.459,7.681
2043,SON,South West England,0.428,5.856
2044,SON,South West England,0.514,5.931
2045,SON,South West England,0.485,7.081
2046,SON,South West England,0.401,5.206
2047,SON,South West England,0.438,7.294
2048,SON,South West England,0.362,6.200
2049,SON,South West England,0.539,7.638
2050,SON,South West England,0.499,9.287
2051,SON,South West England,0.449,7.331
2052,SON,South West England,0.406,5.200
2053,SON,South West England,0.496,7.381
2054,SON,South West England,0.422,6.669
2055,SON,South West England,0.470,7.062
2056,SON,South West England,0.437,7.169
2057,SON,South West England,0.314,3.962
2058,SON,South West England,0.465,8.106
2059,SON,South West England,0.381,4.794
2060,SON,South West England,0.328,6.156
2061,SON,South West England,0.434,5.931
2062,SON,South West England,0.467,9.188
2063,SON,South West England,0.348,7.237
2064,SON,South West England,0.461,5.938
2065,SON,South West England,0.350,4.775
2066,SON,South West England,0.609,8.812
2067,SON,South West England,0.371,9.519
2068,SON,South West England,0.588,6.169
2069,SON,South West England,0.571,8.500
2070,SON,South West England,0.410,8.031
2071,SON,South West England,0.516,7.344
2072,SON,South West England,0.419,7.000
2073,SON,South West England,0.264,3.362
2074,SON,South West England,0.391,5.062
2075,SON,South West England,0.555,8.831
2076,SON,South West England,0.457,7.912
2077,SON,South West England,0.518,7.931
2078,SON,South West England,0.598,9.488
2079,SON,South West England,0.316,3.975
2080,SON,South West England,0.500,6.825
1981,SON,West Midlands,0.508,7.477
1982,SON,West Midlands,0.398,4.814
1983,SON,West Midlands,0.395,4.779
1984,SON,West Midlands,0.452,5.698
1985,SON,West Midlands,0.574,8.802
1986,SON,West Midlands,0.458,5.988
1987,SON,West Midlands,0.548,8.349
1988,SON,West Midlands,0.501,6.686
1989,SON,West Midlands,0.432,7.012
1990,SON,West Midlands,0.552,6.616
1991,SON,West Midlands,0.538,7.384
1992,SON,West Midlands,0.378,4.326
1993,SON,West Midlands,0.503,7.663
1994,SON,West Midlands,0.360,5.337
1995,SON,West Midlands,0.440,5.326
1996,SON,West Midlands,0.455,5.884
1997,SON,West Midlands,0.332,3.721
1998,SON,West Midlands,0.416,5.140
1999,SON,West Midlands,0.478,9.174
2000,SON,West Midlands,0.325,3.744
2001,SON,West Midlands,0.426,7.337
2002,SON,West Midlands,0.444,6.186
2003,SON,West Midlands,0.411,9.174
2004,SON,West Midlands,0.485,8.500
2005,SON,West Midlands,0.354,5.779
2006,SON,West Midlands,0.502,6.477
2007,SON,West Midlands,0.512,6.407
2008,SON,West Midlands,0.384,6.453
2009,SON,West Midlands,0.491,8.500
2010,SON,West Midlands,0.453,6.070
2011,SON,West Midlands,0.331,5.105
2012,SON,West Midlands,0.437,5.895
2013,SON,West Midlands,0.398,4.872
2014,SON,West Midlands,0.510,7.872
2015,SON,West Midlands,0.417,6.674
2016,SON,West Midlands,0.508,8.302
2017,SON,West Midlands,0.461,4.035
2018,SON,West Midlands,0.436,6.186
2019,SON,West Midlands,0.443,5.674
2020,SON,West Midlands,0.406,7.209
2021,SON,West Midlands,0.503,8.105
2022,SON,West Midlands,0.442,7.907
2023,SON,West Midlands,0.432,6.674
2024,SON,West Midlands,0.401,5.570
2025,SON,West Midlands,0.567,6.616
2026,SON,West Midlands,0.347,5.744
2027,SON,West Midlands,0.300,4.093
2028,SON,West Midlands,0.389,6.105
2029,SON,West Midlands,0.456,6.151
2030,SON,West Midlands,0.360,3.953
2031,SON,West Midlands,0.449,6.267
2032,SON,West Midlands,0.581,5.942
2033,SON,West Midlands,0.426,6.198
2034,SON,West Midlands,0.448,6.849
2035,SON,West Midlands,0.267,3.767
2036,SON,West Midlands,0.358,5.209
2037,SON,West Midlands,0.515,5.965
2038,SON,West Midlands,0.348,5.267
2039,SON,West Midlands,0.504,6.558
2040,SON,West Midlands,0.504,14.000
2041,SON,West Midlands,0.289,4.326
2042,SON,West Midlands,0.442,5.605
2043,SON,West Midlands,0.358,4.198
2044,SON,West Midlands,0.511,7.512
2045,SON,West Midlands,0.472,7.128
2046,SON,West Midlands,0.445,4.593
2047,SON,West Midlands,0.440,6.314
2048,SON,West Midlands,0.347,5.570
2049,SON,West Midlands,0.495,6.791
2050,SON,West Midlands,0.490,7.105
2051,SON,West Midlands,0.447,7.616
2052,SON,West Midlands,0.409,5.756
2053,SON,West Midlands,0.500,7.314
2054,SON,West Midlands,0.430,5.663
2055,SON,West Midlands,0.482,7.093
2056,SON,West Midlands,0.415,5.488
2057,SON,West Midlands,0.346,5.163
2058,SON,West Midlands,0.439,5.349
2059,SON,West Midlands,0.449,5.744
2060,SON,West Midlands,0.291,4.884
2061,SON,West Midlands,0.426,5.547
2062,SON,West Midlands,0.440,7.326
2063,SON,West Midlands,0.359,4.302
2064,SON,West Midlands,0.447,5.686
2065,SON,West Midlands,0.384,4.733
2066,SON,West Midlands,0.603,7.291
2067,SON,West Midlands,0.338,6.116
2068,SON,West Midlands,0.541,5.907
2069,SON,West Midlands,0.529,8.547
2070,SON,West Midlands,0.393,5.756
2071,SON,West Midlands,0.512,6.628
2072,SON,West Midlands,0.412,5.791
2073,SON,West Midlands,0.286,3.430
2074,SON,West Midlands,0.412,5.872
2075,SON,West Midlands,0.562,8.209
2076,SON,West Midlands,0.424,5.349
2077,SON,West Midlands,0.497,7.221
2078,SON,West Midlands,0.605,8.942
2079,SON,West Midlands,0.309,2.663
2080,SON,West Midlands,0.512,7.442
1981,SON,West Scotland,0.658,12.830
1982,SON,West Scotland,0.634,10.237
1983,SON,West Scotland,0.563,11.252
1984,SON,West Scotland,0.629,11.259
1985,SON,West Scotland,0.750,11.904
1986,SON,West Scotland,0.588,10.222
1987,SON,West Scotland,0.654,11.311
1988,SON,West Scotland,0.616,7.911
1989,SON,West Scotland,0.473,7.719
1990,SON,West Scotland,0.631,8.407
1991,SON,West Scotland,0.616,8.956
1992,SON,West Scotland,0.556,13.444
1993,SON,West Scotland,0.556,6.393
1994,SON,West Scotland,0.465,7.281
1995,SON,West Scotland,0.597,11.970
1996,SON,West Scotland,0.477,10.030
1997,SON,West Scotland,0.472,7.904
1998,SON,West Scotland,0.579,14.007
1999,SON,West Scotland,0.629,10.170
2000,SON,West Scotland,0.474,10.430
2001,SON,West Scotland,0.608,11.770
2002,SON,West Scotland,0.570,11.474
2003,SON,West Scotland,0.431,9.326
2004,SON,West Scotland,0.507,9.363
2005,SON,West Scotland,0.547,8.726
2006,SON,West Scotland,0.597,10.948
2007,SON,West Scotland,0.578,7.148
2008,SON,West Scotland,0.505,7.578
2009,SON,West Scotland,0.561,7.963
2010,SON,West Scotland,0.560,9.593
2011,SON,West Scotland,0.508,7.607
2012,SON,West Scotland,0.611,10.919
2013,SON,West Scotland,0.500,6.778
2014,SON,West Scotland,0.677,11.215
2015,SON,West Scotland,0.637,9.933
2016,SON,West Scotland,0.559,8.296
2017,SON,West Scotland,0.684,10.659
2018,SON,West Scotland,0.658,9.356
2019,SON,West Scotland,0.592,10.956
2020,SON,West Scotland,0.513,8.963
2021,SON,West Scotland,0.633,11.363
2022,SON,West Scotland,0.621,12.037
2023,SON,West Scotland,0.456,5.941
2024,SON,West Scotland,0.589,9.215
2025,SON,West Scotland,0.678,16.237
2026,SON,West Scotland,0.552,9.496
2027,SON,West Scotland,0.404,7.170
2028,SON,West Scotland,0.430,5.881
2029,SON,West Scotland,0.647,10.696
2030,SON,West Scotland,0.518,11.415
2031,SON,West Scotland,0.566,10.059
2032,SON,West Scotland,0.654,13.089
2033,SON,West Scotland,0.692,13.126
2034,SON,West Scotland,0.638,14.370
2035,SON,West Scotland,0.544,8.059
2036,SON,West Scotland,0.631,11.652
2037,SON,West Scotland,0.705,10.667
2038,SON,West Scotland,0.488,9.785
2039,SON,West Scotland,0.609,15.074
2040,SON,West Scotland,0.497,7.200
2041,SON,West Scotland,0.560,8.444
2042,SON,West Scotland,0.636,12.496
2043,SON,West Scotland,0.578,12.119
2044,SON,West Scotland,0.632,13.185
2045,SON,West Scotland,0.581,12.363
2046,SON,West Scotland,0.702,12.200
2047,SON,West Scotland,0.617,10.304
2048,SON,West Scotland,0.653,13.904
2049,SON,West Scotland,0.620,14.170
2050,SON,West Scotland,0.676,13.533
2051,SON,West Scotland,0.551,8.830
2052,SON,West Scotland,0.565,10.578
2053,SON,West Scotland,0.580,13.156
2054,SON,West Scotland,0.637,14.037
2055,SON,West Scotland,0.630,10.778
2056,SON,West Scotland,0.589,11.296
2057,SON,West Scotland,0.476,5.867
2058,SON,West Scotland,0.610,8.030
2059,SON,West Scotland,0.520,7.859
2060,SON,West Scotland,0.392,5.993
2061,SON,West Scotland,0.504,11.711
2062,SON,West Scotland,0.601,14.437
2063,SON,West Scotland,0.486,11.415
2064,SON,West Scotland,0.510,10.504
2065,SON,West Scotland,0.595,9.763
2066,SON,West Scotland,0.717,12.807
2067,SON,West Scotland,0.517,11.022
2068,SON,West Scotland,0.769,15.104
2069,SON,West Scotland,0.653,15.563
2070,SON,West Scotland,0.464,7.674
2071,SON,West Scotland,0.591,15.281
2072,SON,West Scotland,0.636,11.978
2073,SON,West Scotland,0.476,8.963
2074,SON,West Scotland,0.621,16.733
2075,SON,West Scotland,0.573,8.985
2076,SON,West Scotland,0.566,9.393
2077,SON,West Scotland,0.648,10.037
2078,SON,West Scotland,0.639,9.163
2079,SON,West Scotland,0.532,6.948
2080,SON,West Scotland,0.542,9.207
1981,SON,Yorkshire and Humber,0.480,7.228
1982,SON,Yorkshire and Humber,0.439,5.495
1983,SON,Yorkshire and Humber,0.414,5.663
1984,SON,Yorkshire and Humber,0.450,6.297
1985,SON,Yorkshire and Humber,0.583,7.069
1986,SON,Yorkshire and Humber,0.451,6.812
1987,SON,Yorkshire and Humber,0.566,7.030
1988,SON,Yorkshire and Humber,0.480,6.436
1989,SON,Yorkshire and Humber,0.392,6.921
1990,SON,Yorkshire and Humber,0.523,8.505
1991,SON,Yorkshire and Humber,0.539,7.198
1992,SON,Yorkshire and Humber,0.400,4.644
1993,SON,Yorkshire and Humber,0.458,6.673
1994,SON,Yorkshire and Humber,0.398,7.891
1995,SON,Yorkshire and Humber,0.462,5.208
1996,SON,Yorkshire and Humber,0.491,8.267
1997,SON,Yorkshire and Humber,0.388,6.069
1998,SON,Yorkshire and Humber,0.388,5.495
1999,SON,Yorkshire and Humber,0.483,8.990
2000,SON,Yorkshire and Humber,0.339,4.554
2001,SON,Yorkshire and Humber,0.449,6.347
2002,SON,Yorkshire and Humber,0.393,6.505
2003,SON,Yorkshire and Humber,0.392,7.139
2004,SON,Yorkshire and Humber,0.470,6.723
2005,SON,Yorkshire and Humber,0.385,6.634
2006,SON,Yorkshire and Humber,0.485,6.891
2007,SON,Yorkshire and Humber,0.495,6.644
2008,SON,Yorkshire and Humber,0.444,4.752
2009,SON,Yorkshire and Humber,0.464,6.604
2010,SON,Yorkshire and Humber,0.456,5.515
2011,SON,Yorkshire and Humber,0.341,5.337
2012,SON,Yorkshire and Humber,0.457,5.010
2013,SON,Yorkshire and Humber,0.429,5.010
2014,SON,Yorkshire and Humber,0.486,4.723
2015,SON,Yorkshire and Humber,0.457,7.634
2016,SON,Yorkshire and Humber,0.495,6.465
2017,SON,Yorkshire and Humber,0.460,4.802
2018,SON,Yorkshire and Humber,0.420,5.347
2019,SON,Yorkshire and Humber,0.408,5.158
2020,SON,Yorkshire and Humber,0.449,7.178
2021,SON,Yorkshire and Humber,0.542,9.772
2022,SON,Yorkshire and Humber,0.444,7.218
2023,SON,Yorkshire and Humber,0.432,5.871
2024,SON,Yorkshire and Humber,0.454,6.485
2025,SON,Yorkshire and Humber,0.527,8.079
2026,SON,Yorkshire and Humber,0.324,5.772
2027,SON,Yorkshire and Humber,0.361,5.624
2028,SON,Yorkshire and Humber,0.346,5.980
2029,SON,Yorkshire and Humber,0.466,6.921
2030,SON,Yorkshire and Humber,0.317,4.832
2031,SON,Yorkshire and Humber,0.462,8.941
2032,SON,Yorkshire and Humber,0.582,6.812
2033,SON,Yorkshire and Humber,0.434,6.099
2034,SON,Yorkshire and Humber,0.448,7.248
2035,SON,Yorkshire and Humber,0.286,3.911
2036,SON,Yorkshire and Humber,0.397,4.574
2037,SON,Yorkshire and Humber,0.565,6.584
2038,SON,Yorkshire and Humber,0.370,5.257
2039,SON,Yorkshire and Humber,0.487,6.010
2040,SON,Yorkshire and Humber,0.519,11.139
2041,SON,Yorkshire and Humber,0.345,5.337
2042,SON,Yorkshire and Humber,0.439,5.762
2043,SON,Yorkshire and Humber,0.387,5.337
2044,SON,Yorkshire and Humber,0.559,10.525
2045,SON,Yorkshire and Humber,0.523,7.376
2046,SON,Yorkshire and Humber,0.468,5.772
2047,SON,Yorkshire and Humber,0.453,8.485
2048,SON,Yorkshire and Humber,0.401,6.426
2049,SON,Yorkshire and Humber,0.526,6.455
2050,SON,Yorkshire and Humber,0.480,6.733
2051,SON,Yorkshire and Humber,0.459,5.733
2052,SON,Yorkshire and Humber,0.393,5.208
2053,SON,Yorkshire and Humber,0.483,6.980
2054,SON,Yorkshire and Humber,0.439,6.208
2055,SON,Yorkshire and Humber,0.522,9.188
2056,SON,Yorkshire and Humber,0.398,5.822
2057,SON,Yorkshire and Humber,0.330,5.079
2058,SON,Yorkshire and Humber,0.471,5.594
2059,SON,Yorkshire and Humber,0.437,5.416
2060,SON,Yorkshire and Humber,0.372,6.871
2061,SON,Yorkshire and Humber,0.408,5.485
2062,SON,Yorkshire and Humber,0.502,8.901
2063,SON,Yorkshire and Humber,0.364,6.119
2064,SON,Yorkshire and Humber,0.471,8.950
2065,SON,Yorkshire and Humber,0.442,6.366
2066,SON,Yorkshire and Humber,0.562,7.129
2067,SON,Yorkshire and Humber,0.287,5.723
2068,SON,Yorkshire and Humber,0.546,6.564
2069,SON,Yorkshire and Humber,0.510,7.356
2070,SON,Yorkshire and Humber,0.320,3.723
2071,SON,Yorkshire and Humber,0.519,5.356
2072,SON,Yorkshire and Humber,0.422,6.901
2073,SON,Yorkshire and Humber,0.312,4.475
2074,SON,Yorkshire and Humber,0.458,7.416
2075,SON,Yorkshire and Humber,0.557,7.436
2076,SON,Yorkshire and Humber,0.486,7.257
2077,SON,Yorkshire and Humber,0.544,8.040
2078,SON,Yorkshire and Humber,0.566,6.901
2079,SON,Yorkshire and Humber,0.350,4.772
2080,SON,Yorkshire and Humber,0.489,5.178
1981,SON,Channel Islands,0.429,11.000
1982,SON,Channel Islands,0.308,7.000
1983,SON,Channel Islands,0.516,8.000
1984,SON,Channel Islands,0.484,15.000
1985,SON,Channel Islands,0.538,13.000
1986,SON,Channel Islands,0.505,19.000
1987,SON,Channel Islands,0.593,18.000
1988,SON,Channel Islands,0.637,13.000
1989,SON,Channel Islands,0.549,12.000
1990,SON,Channel Islands,0.571,23.000
1991,SON,Channel Islands,0.582,13.000
1992,SON,Channel Islands,0.418,7.000
1993,SON,Channel Islands,0.582,16.000
1994,SON,Channel Islands,0.516,17.000
1995,SON,Channel Islands,0.396,7.000
1996,SON,Channel Islands,0.637,12.000
1997,SON,Channel Islands,0.407,8.000
1998,SON,Channel Islands,0.571,16.000
1999,SON,Channel Islands,0.593,12.000
2000,SON,Channel Islands,0.407,5.000
2001,SON,Channel Islands,0.484,11.000
2002,SON,Channel Islands,0.451,6.000
2003,SON,Channel Islands,0.473,7.000
2004,SON,Channel Islands,0.593,7.000
2005,SON,Channel Islands,0.385,6.000
2006,SON,Channel Islands,0.549,10.000
2007,SON,Channel Islands,0.538,7.000
2008,SON,Channel Islands,0.473,11.000
2009,SON,Channel Islands,0.484,12.000
2010,SON,Channel Islands,0.484,8.000
2011,SON,Channel Islands,0.473,17.000
2012,SON,Channel Islands,0.505,20.000
2013,SON,Channel Islands,0.462,18.000
2014,SON,Channel Islands,0.571,17.000
2015,SON,Channel Islands,0.418,10.000
2016,SON,Channel Islands,0.505,9.000
2017,SON,Channel Islands,0.516,9.000
2018,SON,Channel Islands,0.462,12.000
2019,SON,Channel Islands,0.484,6.000
2020,SON,Channel Islands,0.549,13.000
2021,SON,Channel Islands,0.495,8.000
2022,SON,Channel Islands,0.495,9.000
2023,SON,Channel Islands,0.451,10.000
2024,SON,Channel Islands,0.418,6.000
2025,SON,Channel Islands,0.648,15.000
2026,SON,Channel Islands,0.418,17.000
2027,SON,Channel Islands,0.440,10.000
2028,SON,Channel Islands,0.385,6.000
2029,SON,Channel Islands,0.396,19.000
2030,SON,Channel Islands,0.385,7.000
2031,SON,Channel Islands,0.615,23.000
2032,SON,Channel Islands,0.571,11.000
2033,SON,Channel Islands,0.505,13.000
2034,SON,Channel Islands,0.549,15.000
2035,SON,Channel Islands,0.231,11.000
2036,SON,Channel Islands,0.363,7.000
2037,SON,Channel Islands,0.670,8.000
2038,SON,Channel Islands,0.429,10.000
2039,SON,Channel Islands,0.549,19.000
2040,SON,Channel Islands,0.407,11.000
2041,SON,Channel Islands,0.264,10.000
2042,SON,Channel Islands,0.429,8.000
2043,SON,Channel Islands,0.516,8.000
2044,SON,Channel Islands,0.527,6.000
2045,SON,Channel Islands,0.549,14.000
2046,SON,Channel Islands,0.374,7.000
2047,SON,Channel Islands,0.505,16.000
2048,SON,Channel Islands,0.429,11.000
2049,SON,Channel Islands,0.604,15.000
2050,SON,Channel Islands,0.516,7.000
2051,SON,Channel Islands,0.495,15.000
2052,SON,Channel Islands,0.330,5.000
2053,SON,Channel Islands,0.604,18.000
2054,SON,Channel Islands,0.374,6.000
2055,SON,Channel Islands,0.549,13.000
2056,SON,Channel Islands,0.407,6.000
2057,SON,Channel Islands,0.462,12.000
2058,SON,Channel Islands,0.484,8.000
2059,SON,Channel Islands,0.385,6.000
2060,SON,Channel Islands,0.363,12.000
2061,SON,Channel Islands,0.560,14.000
2062,SON,Channel Islands,0.484,10.000
2063,SON,Channel Islands,0.374,16.000
2064,SON,Channel Islands,0.560,14.000
2065,SON,Channel Islands,0.385,12.000
2066,SON,Channel Islands,0.527,7.000
2067,SON,Channel Islands,0.352,10.000
2068,SON,Channel Islands,0.604,6.000
2069,SON,Channel Islands,0.582,7.000
2070,SON,Channel Islands,0.560,7.000
2071,SON,Channel Islands,0.473,8.000
2072,SON,Channel Islands,0.538,24.000
2073,SON,Channel Islands,0.297,7.000
2074,SON,Channel Islands,0.473,15.000
2075,SON,Channel Islands,0.637,14.000
2076,SON,Channel Islands,0.560,11.000
2077,SON,Channel Islands,0.681,16.000
2078,SON,Channel Islands,0.626,17.000
2079,SON,Channel Islands,0.319,6.000
2080,SON,Channel Islands,0.516,11.000
1981,SON,Isle of Man,0.564,7.333
1982,SON,Isle of Man,0.542,5.000
1983,SON,Isle of Man,0.524,7.000
1984,SON,Isle of Man,0.495,7.000
1985,SON,Isle of Man,0.630,8.000
1986,SON,Isle of Man,0.604,12.000
1987,SON,Isle of Man,0.568,8.000
1988,SON,Isle of Man,0.513,6.000
1989,SON,Isle of Man,0.484,10.333
1990,SON,Isle of Man,0.623,9.000
1991,SON,Isle of Man,0.590,8.000
1992,SON,Isle of Man,0.473,6.000
1993,SON,Isle of Man,0.564,8.333
1994,SON,Isle of Man,0.421,7.000
1995,SON,Isle of Man,0.535,11.000
1996,SON,Isle of Man,0.491,6.000
1997,SON,Isle of Man,0.377,4.333
1998,SON,Isle of Man,0.509,7.667
1999,SON,Isle of Man,0.549,11.000
2000,SON,Isle of Man,0.410,5.667
2001,SON,Isle of Man,0.527,12.667
2002,SON,Isle of Man,0.579,11.333
2003,SON,Isle of Man,0.377,5.333
2004,SON,Isle of Man,0.476,7.000
2005,SON,Isle of Man,0.377,4.000
2006,SON,Isle of Man,0.593,6.333
2007,SON,Isle of Man,0.590,9.000
2008,SON,Isle of Man,0.487,7.667
2009,SON,Isle of Man,0.546,6.667
2010,SON,Isle of Man,0.429,6.000
2011,SON,Isle of Man,0.473,7.667
2012,SON,Isle of Man,0.527,8.667
2013,SON,Isle of Man,0.469,5.000
2014,SON,Isle of Man,0.593,7.667
2015,SON,Isle of Man,0.520,9.000
2016,SON,Isle of Man,0.505,5.667
2017,SON,Isle of Man,0.557,9.333
2018,SON,Isle of Man,0.568,6.667
2019,SON,Isle of Man,0.505,6.667
2020,SON,Isle of Man,0.447,9.000
2021,SON,Isle of Man,0.520,9.000
2022,SON,Isle of Man,0.560,11.000
2023,SON,Isle of Man,0.469,8.667
2024,SON,Isle of Man,0.495,5.000
2025,SON,Isle of Man,0.579,6.667
2026,SON,Isle of Man,0.440,5.667
2027,SON,Isle of Man,0.399,7.000
2028,SON,Isle of Man,0.363,6.667
2029,SON,Isle of Man,0.542,8.000
2030,SON,Isle of Man,0.473,8.000
2031,SON,Isle of Man,0.560,12.333
2032,SON,Isle of Man,0.656,11.667
2033,SON,Isle of Man,0.524,6.000
2034,SON,Isle of Man,0.491,11.000
2035,SON,Isle of Man,0.374,6.000
2036,SON,Isle of Man,0.557,7.000
2037,SON,Isle of Man,0.652,6.667
2038,SON,Isle of Man,0.425,7.667
2039,SON,Isle of Man,0.527,10.000
2040,SON,Isle of Man,0.538,9.667
2041,SON,Isle of Man,0.451,6.333
2042,SON,Isle of Man,0.484,7.000
2043,SON,Isle of Man,0.476,9.333
2044,SON,Isle of Man,0.549,12.667
2045,SON,Isle of Man,0.549,9.000
2046,SON,Isle of Man,0.546,6.667
2047,SON,Isle of Man,0.593,8.000
2048,SON,Isle of Man,0.509,9.000
2049,SON,Isle of Man,0.549,6.333
2050,SON,Isle of Man,0.626,13.000
2051,SON,Isle of Man,0.498,8.000
2052,SON,Isle of Man,0.476,6.000
2053,SON,Isle of Man,0.502,10.000
2054,SON,Isle of Man,0.571,11.000
2055,SON,Isle of Man,0.652,11.333
2056,SON,Isle of Man,0.527,6.000
2057,SON,Isle of Man,0.432,7.000
2058,SON,Isle of Man,0.571,6.333
2059,SON,Isle of Man,0.462,7.333
2060,SON,Isle of Man,0.337,4.333
2061,SON,Isle of Man,0.443,5.667
2062,SON,Isle of Man,0.495,5.333
2063,SON,Isle of Man,0.443,6.667
2064,SON,Isle of Man,0.432,6.000
2065,SON,Isle of Man,0.535,7.667
2066,SON,Isle of Man,0.667,11.667
2067,SON,Isle of Man,0.429,9.000
2068,SON,Isle of Man,0.637,6.667
2069,SON,Isle of Man,0.491,8.667
2070,SON,Isle of Man,0.480,7.333
2071,SON,Isle of Man,0.575,6.667
2072,SON,Isle of Man,0.560,7.000
2073,SON,Isle of Man,0.403,5.000
2074,SON,Isle of Man,0.484,5.000
2075,SON,Isle of Man,0.542,7.000
2076,SON,Isle of Man,0.480,7.000
2077,SON,Isle of Man,0.593,6.333
2078,SON,Isle of Man,0.652,7.667
2079,SON,Isle of Man,0.458,6.000
2080,SON,Isle of Man,0.520,6.667
1981,SON,Northern Ireland,0.561,16.115
1982,SON,Northern Ireland,0.588,6.218
1983,SON,Northern Ireland,0.522,8.345
1984,SON,Northern Ireland,0.518,7.368
1985,SON,Northern Ireland,0.693,10.368
1986,SON,Northern Ireland,0.557,7.920
1987,SON,Northern Ireland,0.570,6.931
1988,SON,Northern Ireland,0.530,5.023
1989,SON,Northern Ireland,0.458,9.897
1990,SON,Northern Ireland,0.614,6.874
1991,SON,Northern Ireland,0.595,8.092
1992,SON,Northern Ireland,0.460,8.345
1993,SON,Northern Ireland,0.515,6.759
1994,SON,Northern Ireland,0.463,7.264
1995,SON,Northern Ireland,0.602,8.931
1996,SON,Northern Ireland,0.471,8.115
1997,SON,Northern Ireland,0.419,5.310
1998,SON,Northern Ireland,0.522,9.448
1999,SON,Northern Ireland,0.527,8.736
2000,SON,Northern Ireland,0.416,6.184
2001,SON,Northern Ireland,0.528,10.172
2002,SON,Northern Ireland,0.554,8.241
2003,SON,Northern Ireland,0.421,7.138
2004,SON,Northern Ireland,0.493,6.023
2005,SON,Northern Ireland,0.462,7.586
2006,SON,Northern Ireland,0.581,7.414
2007,SON,Northern Ireland,0.503,6.207
2008,SON,Northern Ireland,0.473,9.149
2009,SON,Northern Ireland,0.540,5.276
2010,SON,Northern Ireland,0.497,5.483
2011,SON,Northern Ireland,0.450,6.782
2012,SON,Northern Ireland,0.454,5.632
2013,SON,Northern Ireland,0.503,6.816
2014,SON,Northern Ireland,0.547,10.391
2015,SON,Northern Ireland,0.491,5.943
2016,SON,Northern Ireland,0.512,7.126
2017,SON,Northern Ireland,0.544,7.770
2018,SON,Northern Ireland,0.529,6.690
2019,SON,Northern Ireland,0.472,6.368
2020,SON,Northern Ireland,0.445,6.966
2021,SON,Northern Ireland,0.525,9.080
2022,SON,Northern Ireland,0.524,9.402
2023,SON,Northern Ireland,0.443,5.287
2024,SON,Northern Ireland,0.499,5.920
2025,SON,Northern Ireland,0.543,6.448
2026,SON,Northern Ireland,0.464,8.207
2027,SON,Northern Ireland,0.337,6.172
2028,SON,Northern Ireland,0.385,6.943
2029,SON,Northern Ireland,0.542,8.161
2030,SON,Northern Ireland,0.453,10.172
2031,SON,Northern Ireland,0.560,8.368
2032,SON,Northern Ireland,0.606,9.402
2033,SON,Northern Ireland,0.588,11.770
2034,SON,Northern Ireland,0.550,9.667
2035,SON,Northern Ireland,0.451,6.276
2036,SON,Northern Ireland,0.466,6.586
2037,SON,Northern Ireland,0.618,7.345
2038,SON,Northern Ireland,0.391,6.356
2039,SON,Northern Ireland,0.572,11.667
2040,SON,Northern Ireland,0.502,5.977
2041,SON,Northern Ireland,0.465,6.701
2042,SON,Northern Ireland,0.531,6.207
2043,SON,Northern Ireland,0.502,7.828
2044,SON,Northern Ireland,0.506,9.207
2045,SON,Northern Ireland,0.537,8.839
2046,SON,Northern Ireland,0.561,7.448
2047,SON,Northern Ireland,0.562,7.885
2048,SON,Northern Ireland,0.570,10.644
2049,SON,Northern Ireland,0.559,8.000
2050,SON,Northern Ireland,0.571,7.172
2051,SON,Northern Ireland,0.503,8.046
2052,SON,Northern Ireland,0.527,8.241
2053,SON,Northern Ireland,0.529,7.724
2054,SON,Northern Ireland,0.503,10.851
2055,SON,Northern Ireland,0.611,11.379
2056,SON,Northern Ireland,0.457,6.609
2057,SON,Northern Ireland,0.401,5.540
2058,SON,Northern Ireland,0.537,6.425
2059,SON,Northern Ireland,0.522,7.126
2060,SON,Northern Ireland,0.346,5.897
2061,SON,Northern Ireland,0.414,6.207
2062,SON,Northern Ireland,0.520,6.782
2063,SON,Northern Ireland,0.460,8.253
2064,SON,Northern Ireland,0.453,5.977
2065,SON,Northern Ireland,0.557,8.517
2066,SON,Northern Ireland,0.574,8.828
2067,SON,Northern Ireland,0.413,7.402
2068,SON,Northern Ireland,0.677,8.299
2069,SON,Northern Ireland,0.538,8.391
2070,SON,Northern Ireland,0.436,7.184
2071,SON,Northern Ireland,0.535,8.253
2072,SON,Northern Ireland,0.490,7.828
2073,SON,Northern Ireland,0.396,5.609
2074,SON,Northern Ireland,0.514,6.506
2075,SON,Northern Ireland,0.483,6.805
2076,SON,Northern Ireland,0.452,5.966
2077,SON,Northern Ireland,0.584,7.161
2078,SON,Northern Ireland,0.611,9.057
2079,SON,Northern Ireland,0.469,5.046
2080,SON,Northern Ireland,0.520,9.368
1981,SON,Wales,0.551,11.568
1982,SON,Wales,0.506,8.050
1983,SON,Wales,0.485,7.086
1984,SON,Wales,0.502,9.424
1985,SON,Wales,0.666,10.906
1986,SON,Wales,0.557,9.921
1987,SON,Wales,0.643,10.122
1988,SON,Wales,0.600,8.489
1989,SON,Wales,0.472,7.460
1990,SON,Wales,0.625,8.446
1991,SON,Wales,0.578,8.273
1992,SON,Wales,0.485,6.928
1993,SON,Wales,0.536,9.525
1994,SON,Wales,0.385,7.554
1995,SON,Wales,0.529,8.604
1996,SON,Wales,0.492,9.281
1997,SON,Wales,0.370,6.223
1998,SON,Wales,0.501,8.683
1999,SON,Wales,0.584,13.381
2000,SON,Wales,0.409,6.576
2001,SON,Wales,0.488,9.022
2002,SON,Wales,0.527,9.237
2003,SON,Wales,0.501,10.158
2004,SON,Wales,0.564,9.748
2005,SON,Wales,0.434,9.245
2006,SON,Wales,0.588,7.921
2007,SON,Wales,0.561,7.892
2008,SON,Wales,0.471,9.590
2009,SON,Wales,0.536,8.324
2010,SON,Wales,0.504,7.410
2011,SON,Wales,0.430,7.345
2012,SON,Wales,0.547,10.799
2013,SON,Wales,0.495,9.165
2014,SON,Wales,0.595,10.568
2015,SON,Wales,0.457,7.554
2016,SON,Wales,0.563,9.367
2017,SON,Wales,0.558,8.367
2018,SON,Wales,0.522,7.676
2019,SON,Wales,0.501,7.547
2020,SON,Wales,0.454,10.216
2021,SON,Wales,0.570,11.554
2022,SON,Wales,0.535,10.101
2023,SON,Wales,0.494,9.518
2024,SON,Wales,0.474,5.676
2025,SON,Wales,0.616,11.640
2026,SON,Wales,0.465,9.446
2027,SON,Wales,0.346,6.957
2028,SON,Wales,0.428,9.777
2029,SON,Wales,0.520,7.921
2030,SON,Wales,0.449,6.669
2031,SON,Wales,0.543,10.237
2032,SON,Wales,0.635,12.799
2033,SON,Wales,0.552,11.698
2034,SON,Wales,0.576,9.741
2035,SON,Wales,0.328,4.489
2036,SON,Wales,0.470,9.583
2037,SON,Wales,0.630,9.439
2038,SON,Wales,0.432,7.259
2039,SON,Wales,0.557,9.000
2040,SON,Wales,0.561,12.259
2041,SON,Wales,0.378,6.302
2042,SON,Wales,0.569,11.748
2043,SON,Wales,0.494,8.259
2044,SON,Wales,0.572,8.878
2045,SON,Wales,0.572,10.964
2046,SON,Wales,0.532,6.604
2047,SON,Wales,0.532,9.576
2048,SON,Wales,0.442,7.626
2049,SON,Wales,0.615,9.784
2050,SON,Wales,0.601,12.849
2051,SON,Wales,0.513,9.741
2052,SON,Wales,0.453,6.784
2053,SON,Wales,0.542,9.151
2054,SON,Wales,0.538,10.151
2055,SON,Wales,0.617,10.612
2056,SON,Wales,0.527,7.835
2057,SON,Wales,0.398,6.230
2058,SON,Wales,0.528,8.302
2059,SON,Wales,0.463,7.094
2060,SON,Wales,0.364,7.403
2061,SON,Wales,0.495,9.036
2062,SON,Wales,0.539,11.540
2063,SON,Wales,0.464,8.518
2064,SON,Wales,0.521,8.734
2065,SON,Wales,0.459,7.273
2066,SON,Wales,0.686,11.367
2067,SON,Wales,0.414,9.791
2068,SON,Wales,0.646,8.504
2069,SON,Wales,0.614,11.604
2070,SON,Wales,0.427,6.698
2071,SON,Wales,0.561,8.504
2072,SON,Wales,0.527,8.655
2073,SON,Wales,0.347,5.187
2074,SON,Wales,0.521,10.288
2075,SON,Wales,0.641,14.252
2076,SON,Wales,0.513,10.532
2077,SON,Wales,0.622,10.259
2078,SON,Wales,0.658,14.029
2079,SON,Wales,0.396,4.511
2080,SON,Wales,0.547,10.266
