Year,Season,Region,fwd,wsmax
1981,Annual,East Midlands,0.459,7.184
1982,Annual,East Midlands,0.456,7.485
1983,Annual,East Midlands,0.453,8.718
1984,Annual,East Midlands,0.424,7.049
1985,Annual,East Midlands,0.460,8.709
1986,Annual,East Midlands,0.492,8.835
1987,Annual,East Midlands,0.467,7.563
1988,Annual,East Midlands,0.437,8.049
1989,Annual,East Midlands,0.478,10.388
1990,Annual,East Midlands,0.442,8.650
1991,Annual,East Midlands,0.484,7.845
1992,Annual,East Midlands,0.479,9.738
1993,Annual,East Midlands,0.427,7.553
1994,Annual,East Midlands,0.428,6.728
1995,Annual,East Midlands,0.421,9.913
1996,Annual,East Midlands,0.432,6.068
1997,Annual,East Midlands,0.466,8.650
1998,Annual,East Midlands,0.423,7.806
1999,Annual,East Midlands,0.439,8.990
2000,Annual,East Midlands,0.426,9.204
2001,Annual,East Midlands,0.445,7.893
2002,Annual,East Midlands,0.449,8.699
2003,Annual,East Midlands,0.454,8.816
2004,Annual,East Midlands,0.420,7.466
2005,Annual,East Midlands,0.465,7.204
2006,Annual,East Midlands,0.520,9.515
2007,Annual,East Midlands,0.500,8.534
2008,Annual,East Midlands,0.483,8.689
2009,Annual,East Midlands,0.467,9.718
2010,Annual,East Midlands,0.476,8.971
2011,Annual,East Midlands,0.451,8.194
2012,Annual,East Midlands,0.470,10.845
2013,Annual,East Midlands,0.454,8.680
2014,Annual,East Midlands,0.394,6.757
2015,Annual,East Midlands,0.472,8.515
2016,Annual,East Midlands,0.439,13.223
2017,Annual,East Midlands,0.441,8.621
2018,Annual,East Midlands,0.490,7.718
2019,Annual,East Midlands,0.460,8.379
2020,Annual,East Midlands,0.478,8.485
2021,Annual,East Midlands,0.478,9.816
2022,Annual,East Midlands,0.429,8.272
2023,Annual,East Midlands,0.446,7.233
2024,Annual,East Midlands,0.388,6.951
2025,Annual,East Midlands,0.404,6.942
2026,Annual,East Midlands,0.503,9.670
2027,Annual,East Midlands,0.448,9.777
2028,Annual,East Midlands,0.409,7.864
2029,Annual,East Midlands,0.430,7.252
2030,Annual,East Midlands,0.435,8.757
2031,Annual,East Midlands,0.491,9.767
2032,Annual,East Midlands,0.441,6.350
2033,Annual,East Midlands,0.447,11.845
2034,Annual,East Midlands,0.426,7.233
2035,Annual,East Midlands,0.424,7.864
2036,Annual,East Midlands,0.428,8.563
2037,Annual,East Midlands,0.435,6.990
2038,Annual,East Midlands,0.446,7.573
2039,Annual,East Midlands,0.487,7.427
2040,Annual,East Midlands,0.439,8.194
2041,Annual,East Midlands,0.464,11.126
2042,Annual,East Midlands,0.423,6.621
2043,Annual,East Midlands,0.426,8.330
2044,Annual,East Midlands,0.478,8.049
2045,Annual,East Midlands,0.406,6.058
2046,Annual,East Midlands,0.410,8.301
2047,Annual,East Midlands,0.409,7.534
2048,Annual,East Midlands,0.436,8.039
2049,Annual,East Midlands,0.444,7.534
2050,Annual,East Midlands,0.467,8.883
2051,Annual,East Midlands,0.454,9.437
2052,Annual,East Midlands,0.495,10.767
2053,Annual,East Midlands,0.430,8.184
2054,Annual,East Midlands,0.402,8.272
2055,Annual,East Midlands,0.466,7.621
2056,Annual,East Midlands,0.433,9.272
2057,Annual,East Midlands,0.430,8.816
2058,Annual,East Midlands,0.423,7.165
2059,Annual,East Midlands,0.433,8.612
2060,Annual,East Midlands,0.396,7.350
2061,Annual,East Midlands,0.377,7.184
2062,Annual,East Midlands,0.440,6.961
2063,Annual,East Midlands,0.442,7.466
2064,Annual,East Midlands,0.477,9.165
2065,Annual,East Midlands,0.442,8.796
2066,Annual,East Midlands,0.438,10.214
2067,Annual,East Midlands,0.386,8.951
2068,Annual,East Midlands,0.463,7.505
2069,Annual,East Midlands,0.420,7.981
2070,Annual,East Midlands,0.442,5.709
2071,Annual,East Midlands,0.444,7.350
2072,Annual,East Midlands,0.429,7.621
2073,Annual,East Midlands,0.401,7.058
2074,Annual,East Midlands,0.423,9.282
2075,Annual,East Midlands,0.453,7.107
2076,Annual,East Midlands,0.461,10.388
2077,Annual,East Midlands,0.418,9.874
2078,Annual,East Midlands,0.426,6.485
2079,Annual,East Midlands,0.433,8.816
1981,Annual,East of England,0.436,7.627
1982,Annual,East of England,0.434,6.857
1983,Annual,East of England,0.450,8.238
1984,Annual,East of England,0.389,6.421
1985,Annual,East of England,0.451,8.492
1986,Annual,East of England,0.483,9.056
1987,Annual,East of England,0.458,8.151
1988,Annual,East of England,0.427,9.357
1989,Annual,East of England,0.447,8.452
1990,Annual,East of England,0.437,7.881
1991,Annual,East of England,0.477,7.897
1992,Annual,East of England,0.447,8.087
1993,Annual,East of England,0.395,7.016
1994,Annual,East of England,0.427,7.921
1995,Annual,East of England,0.397,6.683
1996,Annual,East of England,0.427,5.984
1997,Annual,East of England,0.435,8.548
1998,Annual,East of England,0.390,7.143
1999,Annual,East of England,0.418,9.484
2000,Annual,East of England,0.374,7.667
2001,Annual,East of England,0.429,6.603
2002,Annual,East of England,0.427,8.643
2003,Annual,East of England,0.431,7.524
2004,Annual,East of England,0.416,7.214
2005,Annual,East of England,0.441,7.937
2006,Annual,East of England,0.480,7.087
2007,Annual,East of England,0.483,9.452
2008,Annual,East of England,0.462,9.571
2009,Annual,East of England,0.452,8.063
2010,Annual,East of England,0.422,9.444
2011,Annual,East of England,0.418,7.103
2012,Annual,East of England,0.481,10.405
2013,Annual,East of England,0.447,7.643
2014,Annual,East of England,0.408,6.810
2015,Annual,East of England,0.455,7.857
2016,Annual,East of England,0.416,11.397
2017,Annual,East of England,0.420,8.246
2018,Annual,East of England,0.470,8.429
2019,Annual,East of England,0.456,8.460
2020,Annual,East of England,0.457,7.944
2021,Annual,East of England,0.453,8.056
2022,Annual,East of England,0.404,7.190
2023,Annual,East of England,0.419,7.817
2024,Annual,East of England,0.369,7.349
2025,Annual,East of England,0.387,7.079
2026,Annual,East of England,0.468,8.746
2027,Annual,East of England,0.431,8.310
2028,Annual,East of England,0.409,8.000
2029,Annual,East of England,0.375,6.079
2030,Annual,East of England,0.421,8.635
2031,Annual,East of England,0.473,10.992
2032,Annual,East of England,0.418,5.706
2033,Annual,East of England,0.443,9.460
2034,Annual,East of England,0.405,6.190
2035,Annual,East of England,0.416,8.127
2036,Annual,East of England,0.420,8.143
2037,Annual,East of England,0.424,8.000
2038,Annual,East of England,0.434,8.087
2039,Annual,East of England,0.461,7.452
2040,Annual,East of England,0.416,8.841
2041,Annual,East of England,0.447,9.738
2042,Annual,East of England,0.417,6.984
2043,Annual,East of England,0.410,8.000
2044,Annual,East of England,0.449,8.024
2045,Annual,East of England,0.417,6.548
2046,Annual,East of England,0.397,7.913
2047,Annual,East of England,0.396,5.190
2048,Annual,East of England,0.414,7.659
2049,Annual,East of England,0.402,6.286
2050,Annual,East of England,0.425,7.698
2051,Annual,East of England,0.421,7.214
2052,Annual,East of England,0.486,8.254
2053,Annual,East of England,0.415,7.500
2054,Annual,East of England,0.376,6.817
2055,Annual,East of England,0.467,7.310
2056,Annual,East of England,0.423,11.198
2057,Annual,East of England,0.401,10.444
2058,Annual,East of England,0.403,7.151
2059,Annual,East of England,0.399,6.476
2060,Annual,East of England,0.394,8.492
2061,Annual,East of England,0.366,6.508
2062,Annual,East of England,0.446,7.722
2063,Annual,East of England,0.407,6.079
2064,Annual,East of England,0.455,9.952
2065,Annual,East of England,0.413,7.897
2066,Annual,East of England,0.440,9.571
2067,Annual,East of England,0.366,8.143
2068,Annual,East of England,0.442,7.214
2069,Annual,East of England,0.390,8.190
2070,Annual,East of England,0.435,7.365
2071,Annual,East of England,0.427,7.746
2072,Annual,East of England,0.416,6.373
2073,Annual,East of England,0.393,7.460
2074,Annual,East of England,0.384,8.754
2075,Annual,East of England,0.420,7.071
2076,Annual,East of England,0.462,8.651
2077,Annual,East of England,0.379,8.071
2078,Annual,East of England,0.395,5.897
2079,Annual,East of England,0.420,9.746
1981,Annual,East Scotland,0.535,12.371
1982,Annual,East Scotland,0.557,13.484
1983,Annual,East Scotland,0.525,13.396
1984,Annual,East Scotland,0.537,12.063
1985,Annual,East Scotland,0.542,11.711
1986,Annual,East Scotland,0.547,12.377
1987,Annual,East Scotland,0.569,12.340
1988,Annual,East Scotland,0.508,12.836
1989,Annual,East Scotland,0.549,13.245
1990,Annual,East Scotland,0.531,10.698
1991,Annual,East Scotland,0.524,11.491
1992,Annual,East Scotland,0.565,14.245
1993,Annual,East Scotland,0.543,13.245
1994,Annual,East Scotland,0.474,10.635
1995,Annual,East Scotland,0.506,13.440
1996,Annual,East Scotland,0.557,12.509
1997,Annual,East Scotland,0.531,12.987
1998,Annual,East Scotland,0.544,14.912
1999,Annual,East Scotland,0.534,14.138
2000,Annual,East Scotland,0.525,13.358
2001,Annual,East Scotland,0.550,12.774
2002,Annual,East Scotland,0.495,14.987
2003,Annual,East Scotland,0.487,9.472
2004,Annual,East Scotland,0.501,11.164
2005,Annual,East Scotland,0.541,12.730
2006,Annual,East Scotland,0.544,12.849
2007,Annual,East Scotland,0.557,15.050
2008,Annual,East Scotland,0.596,12.006
2009,Annual,East Scotland,0.565,14.377
2010,Annual,East Scotland,0.527,12.371
2011,Annual,East Scotland,0.534,10.855
2012,Annual,East Scotland,0.525,13.063
2013,Annual,East Scotland,0.522,14.692
2014,Annual,East Scotland,0.508,12.403
2015,Annual,East Scotland,0.532,13.019
2016,Annual,East Scotland,0.526,13.478
2017,Annual,East Scotland,0.511,12.987
2018,Annual,East Scotland,0.539,13.308
2019,Annual,East Scotland,0.530,13.264
2020,Annual,East Scotland,0.543,12.478
2021,Annual,East Scotland,0.533,13.654
2022,Annual,East Scotland,0.508,10.975
2023,Annual,East Scotland,0.519,10.459
2024,Annual,East Scotland,0.501,10.314
2025,Annual,East Scotland,0.494,12.157
2026,Annual,East Scotland,0.553,12.503
2027,Annual,East Scotland,0.559,13.453
2028,Annual,East Scotland,0.531,11.377
2029,Annual,East Scotland,0.558,13.591
2030,Annual,East Scotland,0.533,14.138
2031,Annual,East Scotland,0.538,14.585
2032,Annual,East Scotland,0.540,11.572
2033,Annual,East Scotland,0.524,9.151
2034,Annual,East Scotland,0.475,10.541
2035,Annual,East Scotland,0.517,10.509
2036,Annual,East Scotland,0.527,10.686
2037,Annual,East Scotland,0.556,11.623
2038,Annual,East Scotland,0.548,12.013
2039,Annual,East Scotland,0.529,11.667
2040,Annual,East Scotland,0.503,10.031
2041,Annual,East Scotland,0.556,14.962
2042,Annual,East Scotland,0.526,11.409
2043,Annual,East Scotland,0.527,10.969
2044,Annual,East Scotland,0.546,18.107
2045,Annual,East Scotland,0.487,9.610
2046,Annual,East Scotland,0.507,11.019
2047,Annual,East Scotland,0.504,11.208
2048,Annual,East Scotland,0.502,11.560
2049,Annual,East Scotland,0.551,12.799
2050,Annual,East Scotland,0.532,11.333
2051,Annual,East Scotland,0.479,10.824
2052,Annual,East Scotland,0.534,13.560
2053,Annual,East Scotland,0.508,11.711
2054,Annual,East Scotland,0.478,10.289
2055,Annual,East Scotland,0.552,11.308
2056,Annual,East Scotland,0.500,10.151
2057,Annual,East Scotland,0.503,9.686
2058,Annual,East Scotland,0.484,9.491
2059,Annual,East Scotland,0.522,12.119
2060,Annual,East Scotland,0.482,12.088
2061,Annual,East Scotland,0.467,9.836
2062,Annual,East Scotland,0.513,9.893
2063,Annual,East Scotland,0.517,12.786
2064,Annual,East Scotland,0.504,11.226
2065,Annual,East Scotland,0.523,10.906
2066,Annual,East Scotland,0.533,11.893
2067,Annual,East Scotland,0.503,10.585
2068,Annual,East Scotland,0.515,10.994
2069,Annual,East Scotland,0.523,13.289
2070,Annual,East Scotland,0.510,10.704
2071,Annual,East Scotland,0.489,9.811
2072,Annual,East Scotland,0.539,11.264
2073,Annual,East Scotland,0.473,12.119
2074,Annual,East Scotland,0.493,10.616
2075,Annual,East Scotland,0.541,12.459
2076,Annual,East Scotland,0.541,12.346
2077,Annual,East Scotland,0.493,11.579
2078,Annual,East Scotland,0.540,12.428
2079,Annual,East Scotland,0.492,10.874
1981,Annual,London,0.457,8.667
1982,Annual,London,0.429,7.167
1983,Annual,London,0.458,7.667
1984,Annual,London,0.380,5.667
1985,Annual,London,0.451,8.167
1986,Annual,London,0.472,8.417
1987,Annual,London,0.476,10.833
1988,Annual,London,0.429,10.833
1989,Annual,London,0.443,8.333
1990,Annual,London,0.412,8.250
1991,Annual,London,0.457,10.000
1992,Annual,London,0.460,9.250
1993,Annual,London,0.389,6.333
1994,Annual,London,0.425,7.417
1995,Annual,London,0.379,6.833
1996,Annual,London,0.430,6.667
1997,Annual,London,0.424,7.667
1998,Annual,London,0.424,7.250
1999,Annual,London,0.439,9.083
2000,Annual,London,0.396,7.417
2001,Annual,London,0.415,7.833
2002,Annual,London,0.413,10.167
2003,Annual,London,0.412,6.500
2004,Annual,London,0.402,8.250
2005,Annual,London,0.442,7.500
2006,Annual,London,0.478,6.667
2007,Annual,London,0.483,9.667
2008,Annual,London,0.454,10.667
2009,Annual,London,0.473,7.750
2010,Annual,London,0.414,8.667
2011,Annual,London,0.413,8.667
2012,Annual,London,0.483,11.750
2013,Annual,London,0.455,6.833
2014,Annual,London,0.390,6.500
2015,Annual,London,0.452,6.917
2016,Annual,London,0.405,10.000
2017,Annual,London,0.409,7.917
2018,Annual,London,0.475,8.167
2019,Annual,London,0.452,8.000
2020,Annual,London,0.480,11.167
2021,Annual,London,0.457,8.333
2022,Annual,London,0.396,6.917
2023,Annual,London,0.396,7.833
2024,Annual,London,0.349,6.333
2025,Annual,London,0.394,10.167
2026,Annual,London,0.463,10.083
2027,Annual,London,0.457,8.333
2028,Annual,London,0.406,8.333
2029,Annual,London,0.386,8.083
2030,Annual,London,0.417,8.667
2031,Annual,London,0.473,8.583
2032,Annual,London,0.429,5.833
2033,Annual,London,0.425,5.917
2034,Annual,London,0.419,7.167
2035,Annual,London,0.401,9.417
2036,Annual,London,0.422,10.500
2037,Annual,London,0.426,9.167
2038,Annual,London,0.432,9.250
2039,Annual,London,0.472,10.667
2040,Annual,London,0.423,8.167
2041,Annual,London,0.466,9.417
2042,Annual,London,0.414,6.167
2043,Annual,London,0.414,8.250
2044,Annual,London,0.435,7.667
2045,Annual,London,0.396,10.583
2046,Annual,London,0.407,7.583
2047,Annual,London,0.408,5.583
2048,Annual,London,0.396,6.833
2049,Annual,London,0.403,6.250
2050,Annual,London,0.413,8.667
2051,Annual,London,0.436,8.500
2052,Annual,London,0.492,10.583
2053,Annual,London,0.432,8.417
2054,Annual,London,0.368,7.917
2055,Annual,London,0.483,11.083
2056,Annual,London,0.425,10.250
2057,Annual,London,0.409,9.000
2058,Annual,London,0.386,7.833
2059,Annual,London,0.393,7.083
2060,Annual,London,0.396,9.750
2061,Annual,London,0.346,6.500
2062,Annual,London,0.433,6.833
2063,Annual,London,0.419,8.000
2064,Annual,London,0.452,8.667
2065,Annual,London,0.429,6.917
2066,Annual,London,0.444,9.750
2067,Annual,London,0.358,7.750
2068,Annual,London,0.436,8.000
2069,Annual,London,0.401,7.917
2070,Annual,London,0.417,8.250
2071,Annual,London,0.423,7.667
2072,Annual,London,0.439,8.083
2073,Annual,London,0.359,7.167
2074,Annual,London,0.376,7.833
2075,Annual,London,0.402,7.583
2076,Annual,London,0.464,9.000
2077,Annual,London,0.384,8.250
2078,Annual,London,0.401,5.917
2079,Annual,London,0.430,6.833
1981,Annual,North East England,0.480,9.140
1982,Annual,North East England,0.504,11.105
1983,Annual,North East England,0.468,10.088
1984,Annual,North East England,0.504,10.982
1985,Annual,North East England,0.478,10.316
1986,Annual,North East England,0.495,9.825
1987,Annual,North East England,0.488,8.807
1988,Annual,North East England,0.469,8.860
1989,Annual,North East England,0.507,10.053
1990,Annual,North East England,0.477,9.246
1991,Annual,North East England,0.490,8.930
1992,Annual,North East England,0.484,10.088
1993,Annual,North East England,0.435,9.088
1994,Annual,North East England,0.419,8.053
1995,Annual,North East England,0.431,8.807
1996,Annual,North East England,0.467,8.175
1997,Annual,North East England,0.479,9.684
1998,Annual,North East England,0.469,11.667
1999,Annual,North East England,0.460,9.561
2000,Annual,North East England,0.461,10.877
2001,Annual,North East England,0.483,9.649
2002,Annual,North East England,0.450,10.982
2003,Annual,North East England,0.473,8.877
2004,Annual,North East England,0.478,9.140
2005,Annual,North East England,0.472,8.596
2006,Annual,North East England,0.503,11.632
2007,Annual,North East England,0.536,16.421
2008,Annual,North East England,0.541,9.807
2009,Annual,North East England,0.515,9.684
2010,Annual,North East England,0.486,10.491
2011,Annual,North East England,0.449,8.456
2012,Annual,North East England,0.492,10.158
2013,Annual,North East England,0.456,9.860
2014,Annual,North East England,0.462,9.561
2015,Annual,North East England,0.499,10.772
2016,Annual,North East England,0.467,11.000
2017,Annual,North East England,0.433,8.281
2018,Annual,North East England,0.527,13.211
2019,Annual,North East England,0.502,10.737
2020,Annual,North East England,0.478,9.491
2021,Annual,North East England,0.490,13.035
2022,Annual,North East England,0.476,8.211
2023,Annual,North East England,0.496,8.825
2024,Annual,North East England,0.432,8.000
2025,Annual,North East England,0.433,9.930
2026,Annual,North East England,0.531,10.912
2027,Annual,North East England,0.497,9.246
2028,Annual,North East England,0.477,7.930
2029,Annual,North East England,0.484,11.018
2030,Annual,North East England,0.479,14.912
2031,Annual,North East England,0.496,9.895
2032,Annual,North East England,0.468,8.719
2033,Annual,North East England,0.454,9.544
2034,Annual,North East England,0.434,8.877
2035,Annual,North East England,0.437,9.421
2036,Annual,North East England,0.464,9.614
2037,Annual,North East England,0.499,9.439
2038,Annual,North East England,0.474,8.000
2039,Annual,North East England,0.519,8.947
2040,Annual,North East England,0.452,8.737
2041,Annual,North East England,0.489,11.404
2042,Annual,North East England,0.473,9.351
2043,Annual,North East England,0.484,10.947
2044,Annual,North East England,0.488,11.105
2045,Annual,North East England,0.459,7.526
2046,Annual,North East England,0.435,8.351
2047,Annual,North East England,0.463,7.947
2048,Annual,North East England,0.468,9.018
2049,Annual,North East England,0.502,11.123
2050,Annual,North East England,0.491,9.140
2051,Annual,North East England,0.457,9.175
2052,Annual,North East England,0.500,11.509
2053,Annual,North East England,0.442,8.404
2054,Annual,North East England,0.426,7.404
2055,Annual,North East England,0.510,9.018
2056,Annual,North East England,0.437,9.509
2057,Annual,North East England,0.470,9.175
2058,Annual,North East England,0.430,8.737
2059,Annual,North East England,0.464,8.965
2060,Annual,North East England,0.448,7.772
2061,Annual,North East England,0.411,7.035
2062,Annual,North East England,0.464,8.158
2063,Annual,North East England,0.442,9.333
2064,Annual,North East England,0.466,9.965
2065,Annual,North East England,0.460,11.211
2066,Annual,North East England,0.498,11.649
2067,Annual,North East England,0.475,10.140
2068,Annual,North East England,0.466,8.439
2069,Annual,North East England,0.471,11.316
2070,Annual,North East England,0.490,9.211
2071,Annual,North East England,0.457,8.649
2072,Annual,North East England,0.471,9.561
2073,Annual,North East England,0.437,10.719
2074,Annual,North East England,0.439,8.123
2075,Annual,North East England,0.485,9.474
2076,Annual,North East England,0.507,12.754
2077,Annual,North East England,0.451,8.789
2078,Annual,North East England,0.466,8.912
2079,Annual,North East England,0.449,8.579
1981,Annual,North Scotland,0.618,19.428
1982,Annual,North Scotland,0.643,23.468
1983,Annual,North Scotland,0.607,24.493
1984,Annual,North Scotland,0.597,19.736
1985,Annual,North Scotland,0.680,22.418
1986,Annual,North Scotland,0.615,18.289
1987,Annual,North Scotland,0.678,19.179
1988,Annual,North Scotland,0.551,16.517
1989,Annual,North Scotland,0.624,23.458
1990,Annual,North Scotland,0.629,19.672
1991,Annual,North Scotland,0.628,19.602
1992,Annual,North Scotland,0.678,33.204
1993,Annual,North Scotland,0.668,26.264
1994,Annual,North Scotland,0.586,16.428
1995,Annual,North Scotland,0.642,26.030
1996,Annual,North Scotland,0.633,23.328
1997,Annual,North Scotland,0.621,23.507
1998,Annual,North Scotland,0.627,19.134
1999,Annual,North Scotland,0.638,27.910
2000,Annual,North Scotland,0.600,22.856
2001,Annual,North Scotland,0.677,24.144
2002,Annual,North Scotland,0.569,15.582
2003,Annual,North Scotland,0.556,18.100
2004,Annual,North Scotland,0.633,23.985
2005,Annual,North Scotland,0.632,19.443
2006,Annual,North Scotland,0.641,20.383
2007,Annual,North Scotland,0.609,22.687
2008,Annual,North Scotland,0.660,17.647
2009,Annual,North Scotland,0.603,16.189
2010,Annual,North Scotland,0.628,21.597
2011,Annual,North Scotland,0.660,19.567
2012,Annual,North Scotland,0.635,25.527
2013,Annual,North Scotland,0.627,25.950
2014,Annual,North Scotland,0.626,19.433
2015,Annual,North Scotland,0.607,20.259
2016,Annual,North Scotland,0.625,22.507
2017,Annual,North Scotland,0.637,28.905
2018,Annual,North Scotland,0.584,17.124
2019,Annual,North Scotland,0.598,15.239
2020,Annual,North Scotland,0.657,28.502
2021,Annual,North Scotland,0.623,19.945
2022,Annual,North Scotland,0.550,15.169
2023,Annual,North Scotland,0.599,18.886
2024,Annual,North Scotland,0.637,23.045
2025,Annual,North Scotland,0.622,23.522
2026,Annual,North Scotland,0.615,16.527
2027,Annual,North Scotland,0.633,20.139
2028,Annual,North Scotland,0.657,21.159
2029,Annual,North Scotland,0.667,22.721
2030,Annual,North Scotland,0.609,17.915
2031,Annual,North Scotland,0.641,21.413
2032,Annual,North Scotland,0.640,25.075
2033,Annual,North Scotland,0.638,15.692
2034,Annual,North Scotland,0.535,16.587
2035,Annual,North Scotland,0.611,16.184
2036,Annual,North Scotland,0.632,19.547
2037,Annual,North Scotland,0.634,21.607
2038,Annual,North Scotland,0.642,21.184
2039,Annual,North Scotland,0.582,17.000
2040,Annual,North Scotland,0.601,21.468
2041,Annual,North Scotland,0.648,24.005
2042,Annual,North Scotland,0.643,20.990
2043,Annual,North Scotland,0.604,15.791
2044,Annual,North Scotland,0.624,25.114
2045,Annual,North Scotland,0.587,18.383
2046,Annual,North Scotland,0.618,19.731
2047,Annual,North Scotland,0.604,18.159
2048,Annual,North Scotland,0.607,18.532
2049,Annual,North Scotland,0.645,18.657
2050,Annual,North Scotland,0.600,19.095
2051,Annual,North Scotland,0.557,19.701
2052,Annual,North Scotland,0.610,21.174
2053,Annual,North Scotland,0.611,21.652
2054,Annual,North Scotland,0.592,18.871
2055,Annual,North Scotland,0.623,16.806
2056,Annual,North Scotland,0.625,19.299
2057,Annual,North Scotland,0.549,14.463
2058,Annual,North Scotland,0.599,21.831
2059,Annual,North Scotland,0.650,20.060
2060,Annual,North Scotland,0.559,20.219
2061,Annual,North Scotland,0.615,22.493
2062,Annual,North Scotland,0.651,25.488
2063,Annual,North Scotland,0.643,24.692
2064,Annual,North Scotland,0.614,24.687
2065,Annual,North Scotland,0.614,24.607
2066,Annual,North Scotland,0.633,16.229
2067,Annual,North Scotland,0.567,15.179
2068,Annual,North Scotland,0.600,19.652
2069,Annual,North Scotland,0.636,23.428
2070,Annual,North Scotland,0.617,20.199
2071,Annual,North Scotland,0.555,14.697
2072,Annual,North Scotland,0.601,17.950
2073,Annual,North Scotland,0.595,18.199
2074,Annual,North Scotland,0.591,21.080
2075,Annual,North Scotland,0.632,22.408
2076,Annual,North Scotland,0.614,23.025
2077,Annual,North Scotland,0.597,21.363
2078,Annual,North Scotland,0.665,28.338
2079,Annual,North Scotland,0.596,19.985
1981,Annual,North West England,0.610,13.839
1982,Annual,North West England,0.598,14.849
1983,Annual,North West England,0.582,18.699
1984,Annual,North West England,0.562,14.462
1985,Annual,North West England,0.627,16.806
1986,Annual,North West England,0.594,18.731
1987,Annual,North West England,0.622,15.634
1988,Annual,North West England,0.509,12.828
1989,Annual,North West England,0.590,13.559
1990,Annual,North West England,0.596,15.570
1991,Annual,North West England,0.635,18.946
1992,Annual,North West England,0.638,23.215
1993,Annual,North West England,0.597,22.559
1994,Annual,North West England,0.511,15.882
1995,Annual,North West England,0.557,19.194
1996,Annual,North West England,0.605,16.817
1997,Annual,North West England,0.595,15.462
1998,Annual,North West England,0.607,18.000
1999,Annual,North West England,0.588,23.258
2000,Annual,North West England,0.519,14.925
2001,Annual,North West England,0.620,19.602
2002,Annual,North West England,0.517,13.301
2003,Annual,North West England,0.537,14.505
2004,Annual,North West England,0.608,21.194
2005,Annual,North West England,0.631,15.677
2006,Annual,North West England,0.649,17.161
2007,Annual,North West England,0.576,15.505
2008,Annual,North West England,0.664,18.258
2009,Annual,North West England,0.583,16.462
2010,Annual,North West England,0.605,23.935
2011,Annual,North West England,0.630,15.441
2012,Annual,North West England,0.632,28.280
2013,Annual,North West England,0.583,14.376
2014,Annual,North West England,0.564,16.140
2015,Annual,North West England,0.551,18.075
2016,Annual,North West England,0.577,15.516
2017,Annual,North West England,0.592,20.968
2018,Annual,North West England,0.591,12.882
2019,Annual,North West England,0.566,17.548
2020,Annual,North West England,0.642,24.645
2021,Annual,North West England,0.617,23.731
2022,Annual,North West England,0.503,13.785
2023,Annual,North West England,0.588,18.086
2024,Annual,North West England,0.587,14.742
2025,Annual,North West England,0.550,23.538
2026,Annual,North West England,0.554,11.581
2027,Annual,North West England,0.584,16.613
2028,Annual,North West England,0.594,13.366
2029,Annual,North West England,0.625,22.548
2030,Annual,North West England,0.538,13.484
2031,Annual,North West England,0.588,14.527
2032,Annual,North West England,0.589,17.742
2033,Annual,North West England,0.562,18.634
2034,Annual,North West England,0.531,15.290
2035,Annual,North West England,0.553,14.989
2036,Annual,North West England,0.576,17.301
2037,Annual,North West England,0.590,16.280
2038,Annual,North West England,0.598,14.892
2039,Annual,North West England,0.604,18.527
2040,Annual,North West England,0.545,17.591
2041,Annual,North West England,0.610,19.774
2042,Annual,North West England,0.590,19.892
2043,Annual,North West England,0.543,14.645
2044,Annual,North West England,0.568,20.806
2045,Annual,North West England,0.528,13.312
2046,Annual,North West England,0.532,16.151
2047,Annual,North West England,0.551,16.914
2048,Annual,North West England,0.591,19.301
2049,Annual,North West England,0.632,22.323
2050,Annual,North West England,0.574,21.462
2051,Annual,North West England,0.534,18.043
2052,Annual,North West England,0.609,24.043
2053,Annual,North West England,0.583,18.946
2054,Annual,North West England,0.528,14.462
2055,Annual,North West England,0.600,15.624
2056,Annual,North West England,0.553,13.000
2057,Annual,North West England,0.496,14.344
2058,Annual,North West England,0.510,14.312
2059,Annual,North West England,0.570,24.140
2060,Annual,North West England,0.501,13.720
2061,Annual,North West England,0.499,13.656
2062,Annual,North West England,0.584,20.753
2063,Annual,North West England,0.591,19.774
2064,Annual,North West England,0.591,17.688
2065,Annual,North West England,0.586,25.892
2066,Annual,North West England,0.574,20.667
2067,Annual,North West England,0.506,15.419
2068,Annual,North West England,0.559,15.000
2069,Annual,North West England,0.574,17.968
2070,Annual,North West England,0.561,14.108
2071,Annual,North West England,0.561,12.473
2072,Annual,North West England,0.539,12.129
2073,Annual,North West England,0.516,21.430
2074,Annual,North West England,0.553,16.258
2075,Annual,North West England,0.589,17.935
2076,Annual,North West England,0.573,15.194
2077,Annual,North West England,0.571,22.183
2078,Annual,North West England,0.585,17.086
2079,Annual,North West England,0.554,22.505
1981,Annual,South East England,0.454,7.949
1982,Annual,South East England,0.409,6.669
1983,Annual,South East England,0.450,8.169
1984,Annual,South East England,0.366,5.737
1985,Annual,South East England,0.435,10.076
1986,Annual,South East England,0.453,8.127
1987,Annual,South East England,0.450,8.576
1988,Annual,South East England,0.408,10.051
1989,Annual,South East England,0.435,7.814
1990,Annual,South East England,0.405,7.432
1991,Annual,South East England,0.453,8.381
1992,Annual,South East England,0.441,7.924
1993,Annual,South East England,0.374,6.237
1994,Annual,South East England,0.409,6.983
1995,Annual,South East England,0.382,8.390
1996,Annual,South East England,0.427,7.237
1997,Annual,South East England,0.416,8.076
1998,Annual,South East England,0.421,8.076
1999,Annual,South East England,0.423,8.093
2000,Annual,South East England,0.395,7.627
2001,Annual,South East England,0.420,9.568
2002,Annual,South East England,0.392,9.203
2003,Annual,South East England,0.395,7.339
2004,Annual,South East England,0.408,7.780
2005,Annual,South East England,0.439,8.432
2006,Annual,South East England,0.461,9.000
2007,Annual,South East England,0.466,10.441
2008,Annual,South East England,0.436,10.017
2009,Annual,South East England,0.473,8.373
2010,Annual,South East England,0.405,9.703
2011,Annual,South East England,0.392,7.593
2012,Annual,South East England,0.462,11.390
2013,Annual,South East England,0.448,7.932
2014,Annual,South East England,0.383,6.542
2015,Annual,South East England,0.452,9.449
2016,Annual,South East England,0.400,10.008
2017,Annual,South East England,0.409,7.780
2018,Annual,South East England,0.450,8.025
2019,Annual,South East England,0.432,8.797
2020,Annual,South East England,0.457,10.212
2021,Annual,South East England,0.447,8.703
2022,Annual,South East England,0.379,8.195
2023,Annual,South East England,0.405,8.958
2024,Annual,South East England,0.350,6.280
2025,Annual,South East England,0.369,9.737
2026,Annual,South East England,0.443,8.915
2027,Annual,South East England,0.445,10.246
2028,Annual,South East England,0.393,8.153
2029,Annual,South East England,0.385,7.356
2030,Annual,South East England,0.411,8.364
2031,Annual,South East England,0.444,7.534
2032,Annual,South East England,0.410,7.017
2033,Annual,South East England,0.423,6.712
2034,Annual,South East England,0.422,7.034
2035,Annual,South East England,0.388,8.076
2036,Annual,South East England,0.404,10.458
2037,Annual,South East England,0.404,8.339
2038,Annual,South East England,0.412,8.229
2039,Annual,South East England,0.465,8.653
2040,Annual,South East England,0.405,6.949
2041,Annual,South East England,0.442,10.847
2042,Annual,South East England,0.399,7.153
2043,Annual,South East England,0.412,8.093
2044,Annual,South East England,0.422,7.314
2045,Annual,South East England,0.386,9.068
2046,Annual,South East England,0.395,7.941
2047,Annual,South East England,0.385,5.678
2048,Annual,South East England,0.396,6.780
2049,Annual,South East England,0.389,7.000
2050,Annual,South East England,0.396,8.831
2051,Annual,South East England,0.420,8.127
2052,Annual,South East England,0.471,11.068
2053,Annual,South East England,0.422,8.051
2054,Annual,South East England,0.370,7.076
2055,Annual,South East England,0.458,10.669
2056,Annual,South East England,0.416,8.008
2057,Annual,South East England,0.394,9.449
2058,Annual,South East England,0.384,8.025
2059,Annual,South East England,0.385,8.492
2060,Annual,South East England,0.386,8.288
2061,Annual,South East England,0.335,6.356
2062,Annual,South East England,0.419,7.610
2063,Annual,South East England,0.411,10.051
2064,Annual,South East England,0.445,9.551
2065,Annual,South East England,0.417,7.814
2066,Annual,South East England,0.430,8.661
2067,Annual,South East England,0.359,7.932
2068,Annual,South East England,0.437,9.568
2069,Annual,South East England,0.393,7.347
2070,Annual,South East England,0.407,6.797
2071,Annual,South East England,0.404,7.966
2072,Annual,South East England,0.424,7.669
2073,Annual,South East England,0.370,7.780
2074,Annual,South East England,0.374,6.619
2075,Annual,South East England,0.411,8.322
2076,Annual,South East England,0.444,13.102
2077,Annual,South East England,0.380,7.110
2078,Annual,South East England,0.393,7.415
2079,Annual,South East England,0.420,8.356
1981,Annual,South West England,0.493,9.595
1982,Annual,South West England,0.456,9.386
1983,Annual,South West England,0.496,11.544
1984,Annual,South West England,0.412,8.911
1985,Annual,South West England,0.459,10.006
1986,Annual,South West England,0.481,9.816
1987,Annual,South West England,0.492,9.842
1988,Annual,South West England,0.409,8.842
1989,Annual,South West England,0.462,9.671
1990,Annual,South West England,0.436,8.905
1991,Annual,South West England,0.478,10.139
1992,Annual,South West England,0.468,10.614
1993,Annual,South West England,0.438,12.608
1994,Annual,South West England,0.425,8.259
1995,Annual,South West England,0.421,12.196
1996,Annual,South West England,0.459,11.937
1997,Annual,South West England,0.452,10.247
1998,Annual,South West England,0.472,11.873
1999,Annual,South West England,0.455,11.386
2000,Annual,South West England,0.434,9.196
2001,Annual,South West England,0.447,11.753
2002,Annual,South West England,0.422,10.943
2003,Annual,South West England,0.429,9.462
2004,Annual,South West England,0.447,8.924
2005,Annual,South West England,0.474,10.108
2006,Annual,South West England,0.504,8.854
2007,Annual,South West England,0.464,9.886
2008,Annual,South West England,0.487,11.405
2009,Annual,South West England,0.509,11.633
2010,Annual,South West England,0.450,10.184
2011,Annual,South West England,0.427,8.285
2012,Annual,South West England,0.500,14.152
2013,Annual,South West England,0.476,11.203
2014,Annual,South West England,0.408,8.500
2015,Annual,South West England,0.499,11.880
2016,Annual,South West England,0.410,11.399
2017,Annual,South West England,0.474,10.620
2018,Annual,South West England,0.474,8.949
2019,Annual,South West England,0.441,10.905
2020,Annual,South West England,0.486,11.544
2021,Annual,South West England,0.482,11.013
2022,Annual,South West England,0.384,8.506
2023,Annual,South West England,0.450,11.722
2024,Annual,South West England,0.388,7.785
2025,Annual,South West England,0.388,13.595
2026,Annual,South West England,0.446,9.241
2027,Annual,South West England,0.489,14.747
2028,Annual,South West England,0.407,8.829
2029,Annual,South West England,0.432,11.981
2030,Annual,South West England,0.432,8.063
2031,Annual,South West England,0.475,10.848
2032,Annual,South West England,0.449,8.437
2033,Annual,South West England,0.440,10.614
2034,Annual,South West England,0.450,9.095
2035,Annual,South West England,0.413,10.481
2036,Annual,South West England,0.424,10.835
2037,Annual,South West England,0.419,10.044
2038,Annual,South West England,0.427,9.557
2039,Annual,South West England,0.481,9.487
2040,Annual,South West England,0.430,8.570
2041,Annual,South West England,0.461,12.753
2042,Annual,South West England,0.435,11.899
2043,Annual,South West England,0.429,8.842
2044,Annual,South West England,0.449,11.196
2045,Annual,South West England,0.424,10.247
2046,Annual,South West England,0.413,11.019
2047,Annual,South West England,0.406,8.158
2048,Annual,South West England,0.437,10.430
2049,Annual,South West England,0.438,11.057
2050,Annual,South West England,0.420,12.968
2051,Annual,South West England,0.445,9.500
2052,Annual,South West England,0.509,13.380
2053,Annual,South West England,0.447,9.873
2054,Annual,South West England,0.407,8.753
2055,Annual,South West England,0.466,12.367
2056,Annual,South West England,0.441,8.937
2057,Annual,South West England,0.416,12.741
2058,Annual,South West England,0.414,8.848
2059,Annual,South West England,0.406,8.759
2060,Annual,South West England,0.386,7.861
2061,Annual,South West England,0.366,8.373
2062,Annual,South West England,0.444,8.886
2063,Annual,South West England,0.455,12.911
2064,Annual,South West England,0.466,9.323
2065,Annual,South West England,0.452,11.291
2066,Annual,South West England,0.447,13.443
2067,Annual,South West England,0.379,9.418
2068,Annual,South West England,0.469,12.139
2069,Annual,South West England,0.430,10.797
2070,Annual,South West England,0.427,9.570
2071,Annual,South West England,0.438,12.614
2072,Annual,South West England,0.465,8.949
2073,Annual,South West England,0.387,10.791
2074,Annual,South West England,0.408,8.975
2075,Annual,South West England,0.443,12.051
2076,Annual,South West England,0.454,10.266
2077,Annual,South West England,0.415,11.778
2078,Annual,South West England,0.437,9.665
2079,Annual,South West England,0.452,10.506
1981,Annual,West Midlands,0.504,8.081
1982,Annual,West Midlands,0.459,7.337
1983,Annual,West Midlands,0.478,8.674
1984,Annual,West Midlands,0.436,7.453
1985,Annual,West Midlands,0.466,8.372
1986,Annual,West Midlands,0.486,9.395
1987,Annual,West Midlands,0.472,10.174
1988,Annual,West Midlands,0.434,9.802
1989,Annual,West Midlands,0.480,9.512
1990,Annual,West Midlands,0.451,8.779
1991,Annual,West Midlands,0.494,9.279
1992,Annual,West Midlands,0.489,10.826
1993,Annual,West Midlands,0.440,7.395
1994,Annual,West Midlands,0.438,6.895
1995,Annual,West Midlands,0.423,10.337
1996,Annual,West Midlands,0.458,7.151
1997,Annual,West Midlands,0.464,8.616
1998,Annual,West Midlands,0.454,9.151
1999,Annual,West Midlands,0.449,9.105
2000,Annual,West Midlands,0.440,10.640
2001,Annual,West Midlands,0.463,8.965
2002,Annual,West Midlands,0.441,9.174
2003,Annual,West Midlands,0.430,9.988
2004,Annual,West Midlands,0.432,8.023
2005,Annual,West Midlands,0.495,8.895
2006,Annual,West Midlands,0.522,10.942
2007,Annual,West Midlands,0.487,8.558
2008,Annual,West Midlands,0.511,9.860
2009,Annual,West Midlands,0.490,10.267
2010,Annual,West Midlands,0.488,9.663
2011,Annual,West Midlands,0.462,8.477
2012,Annual,West Midlands,0.472,10.791
2013,Annual,West Midlands,0.476,8.512
2014,Annual,West Midlands,0.403,7.349
2015,Annual,West Midlands,0.495,9.651
2016,Annual,West Midlands,0.436,10.209
2017,Annual,West Midlands,0.453,9.442
2018,Annual,West Midlands,0.503,8.756
2019,Annual,West Midlands,0.446,7.814
2020,Annual,West Midlands,0.492,10.244
2021,Annual,West Midlands,0.485,11.849
2022,Annual,West Midlands,0.393,7.628
2023,Annual,West Midlands,0.461,9.244
2024,Annual,West Midlands,0.398,6.233
2025,Annual,West Midlands,0.413,9.047
2026,Annual,West Midlands,0.498,8.360
2027,Annual,West Midlands,0.477,12.233
2028,Annual,West Midlands,0.435,7.919
2029,Annual,West Midlands,0.445,8.535
2030,Annual,West Midlands,0.435,8.267
2031,Annual,West Midlands,0.490,8.767
2032,Annual,West Midlands,0.451,8.779
2033,Annual,West Midlands,0.438,10.512
2034,Annual,West Midlands,0.442,7.791
2035,Annual,West Midlands,0.433,8.663
2036,Annual,West Midlands,0.425,9.093
2037,Annual,West Midlands,0.458,6.860
2038,Annual,West Midlands,0.458,7.919
2039,Annual,West Midlands,0.502,8.151
2040,Annual,West Midlands,0.443,8.430
2041,Annual,West Midlands,0.492,12.802
2042,Annual,West Midlands,0.431,7.151
2043,Annual,West Midlands,0.443,8.233
2044,Annual,West Midlands,0.475,7.570
2045,Annual,West Midlands,0.415,7.884
2046,Annual,West Midlands,0.427,9.640
2047,Annual,West Midlands,0.408,9.221
2048,Annual,West Midlands,0.460,9.105
2049,Annual,West Midlands,0.453,8.674
2050,Annual,West Midlands,0.467,11.209
2051,Annual,West Midlands,0.452,8.942
2052,Annual,West Midlands,0.515,9.442
2053,Annual,West Midlands,0.446,8.616
2054,Annual,West Midlands,0.420,8.302
2055,Annual,West Midlands,0.483,9.151
2056,Annual,West Midlands,0.462,8.860
2057,Annual,West Midlands,0.424,8.256
2058,Annual,West Midlands,0.405,7.953
2059,Annual,West Midlands,0.420,8.233
2060,Annual,West Midlands,0.397,7.965
2061,Annual,West Midlands,0.384,8.465
2062,Annual,West Midlands,0.444,8.337
2063,Annual,West Midlands,0.445,8.163
2064,Annual,West Midlands,0.486,8.733
2065,Annual,West Midlands,0.478,10.047
2066,Annual,West Midlands,0.437,10.837
2067,Annual,West Midlands,0.392,9.395
2068,Annual,West Midlands,0.471,8.093
2069,Annual,West Midlands,0.419,9.279
2070,Annual,West Midlands,0.441,7.023
2071,Annual,West Midlands,0.460,10.279
2072,Annual,West Midlands,0.453,7.477
2073,Annual,West Midlands,0.385,6.709
2074,Annual,West Midlands,0.420,8.686
2075,Annual,West Midlands,0.463,8.000
2076,Annual,West Midlands,0.462,9.174
2077,Annual,West Midlands,0.435,9.721
2078,Annual,West Midlands,0.453,8.070
2079,Annual,West Midlands,0.456,10.430
1981,Annual,West Scotland,0.608,19.500
1982,Annual,West Scotland,0.624,20.354
1983,Annual,West Scotland,0.600,20.146
1984,Annual,West Scotland,0.571,14.508
1985,Annual,West Scotland,0.643,16.592
1986,Annual,West Scotland,0.611,20.608
1987,Annual,West Scotland,0.647,15.877
1988,Annual,West Scotland,0.510,13.777
1989,Annual,West Scotland,0.590,18.400
1990,Annual,West Scotland,0.600,15.738
1991,Annual,West Scotland,0.623,19.331
1992,Annual,West Scotland,0.653,27.862
1993,Annual,West Scotland,0.654,25.354
1994,Annual,West Scotland,0.528,15.969
1995,Annual,West Scotland,0.586,20.085
1996,Annual,West Scotland,0.624,21.038
1997,Annual,West Scotland,0.590,20.008
1998,Annual,West Scotland,0.631,19.277
1999,Annual,West Scotland,0.608,27.000
2000,Annual,West Scotland,0.536,12.731
2001,Annual,West Scotland,0.636,19.885
2002,Annual,West Scotland,0.524,14.323
2003,Annual,West Scotland,0.533,16.092
2004,Annual,West Scotland,0.611,22.762
2005,Annual,West Scotland,0.622,18.423
2006,Annual,West Scotland,0.625,20.338
2007,Annual,West Scotland,0.584,16.908
2008,Annual,West Scotland,0.688,19.208
2009,Annual,West Scotland,0.600,16.208
2010,Annual,West Scotland,0.593,20.869
2011,Annual,West Scotland,0.647,16.292
2012,Annual,West Scotland,0.620,30.077
2013,Annual,West Scotland,0.605,22.946
2014,Annual,West Scotland,0.585,18.423
2015,Annual,West Scotland,0.553,18.138
2016,Annual,West Scotland,0.580,17.431
2017,Annual,West Scotland,0.605,26.292
2018,Annual,West Scotland,0.592,16.185
2019,Annual,West Scotland,0.578,20.238
2020,Annual,West Scotland,0.648,24.908
2021,Annual,West Scotland,0.607,20.523
2022,Annual,West Scotland,0.501,12.162
2023,Annual,West Scotland,0.596,19.446
2024,Annual,West Scotland,0.611,17.908
2025,Annual,West Scotland,0.581,23.923
2026,Annual,West Scotland,0.547,13.762
2027,Annual,West Scotland,0.612,17.862
2028,Annual,West Scotland,0.622,17.062
2029,Annual,West Scotland,0.664,27.585
2030,Annual,West Scotland,0.545,15.154
2031,Annual,West Scotland,0.592,16.362
2032,Annual,West Scotland,0.609,20.431
2033,Annual,West Scotland,0.595,16.331
2034,Annual,West Scotland,0.527,15.685
2035,Annual,West Scotland,0.591,15.962
2036,Annual,West Scotland,0.594,17.531
2037,Annual,West Scotland,0.628,15.623
2038,Annual,West Scotland,0.636,20.123
2039,Annual,West Scotland,0.592,18.938
2040,Annual,West Scotland,0.577,19.085
2041,Annual,West Scotland,0.612,20.400
2042,Annual,West Scotland,0.619,22.108
2043,Annual,West Scotland,0.556,14.023
2044,Annual,West Scotland,0.573,20.369
2045,Annual,West Scotland,0.538,13.754
2046,Annual,West Scotland,0.576,17.000
2047,Annual,West Scotland,0.577,18.808
2048,Annual,West Scotland,0.594,18.546
2049,Annual,West Scotland,0.631,20.100
2050,Annual,West Scotland,0.574,22.708
2051,Annual,West Scotland,0.521,15.100
2052,Annual,West Scotland,0.597,22.992
2053,Annual,West Scotland,0.611,22.469
2054,Annual,West Scotland,0.534,16.192
2055,Annual,West Scotland,0.609,18.031
2056,Annual,West Scotland,0.572,15.446
2057,Annual,West Scotland,0.506,14.569
2058,Annual,West Scotland,0.531,15.800
2059,Annual,West Scotland,0.595,22.992
2060,Annual,West Scotland,0.518,15.892
2061,Annual,West Scotland,0.526,15.369
2062,Annual,West Scotland,0.599,21.200
2063,Annual,West Scotland,0.601,25.762
2064,Annual,West Scotland,0.596,21.646
2065,Annual,West Scotland,0.611,20.731
2066,Annual,West Scotland,0.594,18.023
2067,Annual,West Scotland,0.542,15.777
2068,Annual,West Scotland,0.559,16.985
2069,Annual,West Scotland,0.574,19.192
2070,Annual,West Scotland,0.557,15.938
2071,Annual,West Scotland,0.559,14.762
2072,Annual,West Scotland,0.564,16.492
2073,Annual,West Scotland,0.534,17.700
2074,Annual,West Scotland,0.563,17.115
2075,Annual,West Scotland,0.590,17.438
2076,Annual,West Scotland,0.570,20.046
2077,Annual,West Scotland,0.592,22.946
2078,Annual,West Scotland,0.619,21.438
2079,Annual,West Scotland,0.554,21.223
1981,Annual,Yorkshire and Humber,0.461,8.257
1982,Annual,Yorkshire and Humber,0.490,8.624
1983,Annual,Yorkshire and Humber,0.469,9.376
1984,Annual,Yorkshire and Humber,0.462,8.228
1985,Annual,Yorkshire and Humber,0.479,9.762
1986,Annual,Yorkshire and Humber,0.485,8.782
1987,Annual,Yorkshire and Humber,0.475,7.465
1988,Annual,Yorkshire and Humber,0.464,8.178
1989,Annual,Yorkshire and Humber,0.503,10.129
1990,Annual,Yorkshire and Humber,0.459,9.485
1991,Annual,Yorkshire and Humber,0.494,8.376
1992,Annual,Yorkshire and Humber,0.489,9.901
1993,Annual,Yorkshire and Humber,0.432,9.248
1994,Annual,Yorkshire and Humber,0.418,7.158
1995,Annual,Yorkshire and Humber,0.427,8.198
1996,Annual,Yorkshire and Humber,0.450,8.653
1997,Annual,Yorkshire and Humber,0.475,9.020
1998,Annual,Yorkshire and Humber,0.440,8.446
1999,Annual,Yorkshire and Humber,0.452,8.960
2000,Annual,Yorkshire and Humber,0.437,10.297
2001,Annual,Yorkshire and Humber,0.457,8.901
2002,Annual,Yorkshire and Humber,0.465,10.465
2003,Annual,Yorkshire and Humber,0.462,9.347
2004,Annual,Yorkshire and Humber,0.453,7.564
2005,Annual,Yorkshire and Humber,0.478,8.317
2006,Annual,Yorkshire and Humber,0.514,10.297
2007,Annual,Yorkshire and Humber,0.512,10.574
2008,Annual,Yorkshire and Humber,0.507,10.337
2009,Annual,Yorkshire and Humber,0.492,11.069
2010,Annual,Yorkshire and Humber,0.497,10.812
2011,Annual,Yorkshire and Humber,0.466,7.752
2012,Annual,Yorkshire and Humber,0.482,10.089
2013,Annual,Yorkshire and Humber,0.476,10.228
2014,Annual,Yorkshire and Humber,0.428,7.723
2015,Annual,Yorkshire and Humber,0.484,10.139
2016,Annual,Yorkshire and Humber,0.458,14.267
2017,Annual,Yorkshire and Humber,0.431,8.050
2018,Annual,Yorkshire and Humber,0.503,8.663
2019,Annual,Yorkshire and Humber,0.472,8.782
2020,Annual,Yorkshire and Humber,0.487,9.990
2021,Annual,Yorkshire and Humber,0.496,12.416
2022,Annual,Yorkshire and Humber,0.442,8.752
2023,Annual,Yorkshire and Humber,0.474,7.792
2024,Annual,Yorkshire and Humber,0.424,7.980
2025,Annual,Yorkshire and Humber,0.437,9.366
2026,Annual,Yorkshire and Humber,0.507,9.881
2027,Annual,Yorkshire and Humber,0.464,10.158
2028,Annual,Yorkshire and Humber,0.442,8.901
2029,Annual,Yorkshire and Humber,0.478,9.059
2030,Annual,Yorkshire and Humber,0.447,10.901
2031,Annual,Yorkshire and Humber,0.486,9.347
2032,Annual,Yorkshire and Humber,0.459,7.673
2033,Annual,Yorkshire and Humber,0.448,11.495
2034,Annual,Yorkshire and Humber,0.424,7.842
2035,Annual,Yorkshire and Humber,0.430,8.812
2036,Annual,Yorkshire and Humber,0.451,8.416
2037,Annual,Yorkshire and Humber,0.460,8.426
2038,Annual,Yorkshire and Humber,0.460,7.842
2039,Annual,Yorkshire and Humber,0.509,9.050
2040,Annual,Yorkshire and Humber,0.449,7.347
2041,Annual,Yorkshire and Humber,0.468,11.426
2042,Annual,Yorkshire and Humber,0.453,8.624
2043,Annual,Yorkshire and Humber,0.445,10.079
2044,Annual,Yorkshire and Humber,0.473,8.683
2045,Annual,Yorkshire and Humber,0.439,6.515
2046,Annual,Yorkshire and Humber,0.410,7.782
2047,Annual,Yorkshire and Humber,0.430,7.604
2048,Annual,Yorkshire and Humber,0.450,8.040
2049,Annual,Yorkshire and Humber,0.477,8.703
2050,Annual,Yorkshire and Humber,0.472,9.485
2051,Annual,Yorkshire and Humber,0.460,9.515
2052,Annual,Yorkshire and Humber,0.510,10.366
2053,Annual,Yorkshire and Humber,0.435,8.257
2054,Annual,Yorkshire and Humber,0.421,7.248
2055,Annual,Yorkshire and Humber,0.487,9.624
2056,Annual,Yorkshire and Humber,0.433,8.178
2057,Annual,Yorkshire and Humber,0.448,8.723
2058,Annual,Yorkshire and Humber,0.415,7.139
2059,Annual,Yorkshire and Humber,0.444,7.782
2060,Annual,Yorkshire and Humber,0.414,7.139
2061,Annual,Yorkshire and Humber,0.395,8.198
2062,Annual,Yorkshire and Humber,0.462,6.851
2063,Annual,Yorkshire and Humber,0.450,8.812
2064,Annual,Yorkshire and Humber,0.463,7.950
2065,Annual,Yorkshire and Humber,0.460,10.574
2066,Annual,Yorkshire and Humber,0.472,10.307
2067,Annual,Yorkshire and Humber,0.414,8.673
2068,Annual,Yorkshire and Humber,0.453,7.901
2069,Annual,Yorkshire and Humber,0.443,8.109
2070,Annual,Yorkshire and Humber,0.474,7.772
2071,Annual,Yorkshire and Humber,0.453,8.554
2072,Annual,Yorkshire and Humber,0.436,7.119
2073,Annual,Yorkshire and Humber,0.422,7.713
2074,Annual,Yorkshire and Humber,0.446,9.198
2075,Annual,Yorkshire and Humber,0.486,7.743
2076,Annual,Yorkshire and Humber,0.481,10.703
2077,Annual,Yorkshire and Humber,0.446,9.772
2078,Annual,Yorkshire and Humber,0.453,8.257
2079,Annual,Yorkshire and Humber,0.443,10.149
1981,Annual,Channel Islands,0.578,22.000
1982,Annual,Channel Islands,0.559,19.000
1983,Annual,Channel Islands,0.647,22.000
1984,Annual,Channel Islands,0.533,20.000
1985,Annual,Channel Islands,0.559,18.000
1986,Annual,Channel Islands,0.616,21.000
1987,Annual,Channel Islands,0.589,24.000
1988,Annual,Channel Islands,0.530,13.000
1989,Annual,Channel Islands,0.553,12.000
1990,Annual,Channel Islands,0.534,21.000
1991,Annual,Channel Islands,0.556,19.000
1992,Annual,Channel Islands,0.536,26.000
1993,Annual,Channel Islands,0.542,21.000
1994,Annual,Channel Islands,0.575,42.000
1995,Annual,Channel Islands,0.518,30.000
1996,Annual,Channel Islands,0.637,31.000
1997,Annual,Channel Islands,0.564,13.000
1998,Annual,Channel Islands,0.581,20.000
1999,Annual,Channel Islands,0.581,26.000
2000,Annual,Channel Islands,0.505,8.000
2001,Annual,Channel Islands,0.542,24.000
2002,Annual,Channel Islands,0.570,20.000
2003,Annual,Channel Islands,0.553,17.000
2004,Annual,Channel Islands,0.552,14.000
2005,Annual,Channel Islands,0.581,31.000
2006,Annual,Channel Islands,0.592,19.000
2007,Annual,Channel Islands,0.567,33.000
2008,Annual,Channel Islands,0.585,11.000
2009,Annual,Channel Islands,0.666,24.000
2010,Annual,Channel Islands,0.499,13.000
2011,Annual,Channel Islands,0.537,14.000
2012,Annual,Channel Islands,0.604,26.000
2013,Annual,Channel Islands,0.570,17.000
2014,Annual,Channel Islands,0.595,19.000
2015,Annual,Channel Islands,0.614,11.000
2016,Annual,Channel Islands,0.508,21.000
2017,Annual,Channel Islands,0.559,22.000
2018,Annual,Channel Islands,0.562,16.000
2019,Annual,Channel Islands,0.521,21.000
2020,Annual,Channel Islands,0.582,26.000
2021,Annual,Channel Islands,0.600,20.000
2022,Annual,Channel Islands,0.512,14.000
2023,Annual,Channel Islands,0.542,16.000
2024,Annual,Channel Islands,0.511,16.000
2025,Annual,Channel Islands,0.455,23.000
2026,Annual,Channel Islands,0.567,10.000
2027,Annual,Channel Islands,0.592,21.000
2028,Annual,Channel Islands,0.525,28.000
2029,Annual,Channel Islands,0.540,31.000
2030,Annual,Channel Islands,0.636,22.000
2031,Annual,Channel Islands,0.540,16.000
2032,Annual,Channel Islands,0.549,18.000
2033,Annual,Channel Islands,0.573,17.000
2034,Annual,Channel Islands,0.551,35.000
2035,Annual,Channel Islands,0.501,39.000
2036,Annual,Channel Islands,0.566,15.000
2037,Annual,Channel Islands,0.515,19.000
2038,Annual,Channel Islands,0.540,19.000
2039,Annual,Channel Islands,0.619,24.000
2040,Annual,Channel Islands,0.541,39.000
2041,Annual,Channel Islands,0.551,22.000
2042,Annual,Channel Islands,0.556,17.000
2043,Annual,Channel Islands,0.586,42.000
2044,Annual,Channel Islands,0.598,28.000
2045,Annual,Channel Islands,0.518,24.000
2046,Annual,Channel Islands,0.542,16.000
2047,Annual,Channel Islands,0.507,16.000
2048,Annual,Channel Islands,0.533,19.000
2049,Annual,Channel Islands,0.562,16.000
2050,Annual,Channel Islands,0.490,14.000
2051,Annual,Channel Islands,0.556,17.000
2052,Annual,Channel Islands,0.637,24.000
2053,Annual,Channel Islands,0.562,17.000
2054,Annual,Channel Islands,0.532,19.000
2055,Annual,Channel Islands,0.575,34.000
2056,Annual,Channel Islands,0.549,15.000
2057,Annual,Channel Islands,0.540,32.000
2058,Annual,Channel Islands,0.537,30.000
2059,Annual,Channel Islands,0.545,22.000
2060,Annual,Channel Islands,0.456,16.000
2061,Annual,Channel Islands,0.468,18.000
2062,Annual,Channel Islands,0.567,24.000
2063,Annual,Channel Islands,0.545,29.000
2064,Annual,Channel Islands,0.653,34.000
2065,Annual,Channel Islands,0.537,14.000
2066,Annual,Channel Islands,0.616,28.000
2067,Annual,Channel Islands,0.518,20.000
2068,Annual,Channel Islands,0.623,47.000
2069,Annual,Channel Islands,0.578,20.000
2070,Annual,Channel Islands,0.556,21.000
2071,Annual,Channel Islands,0.523,16.000
2072,Annual,Channel Islands,0.585,18.000
2073,Annual,Channel Islands,0.521,21.000
2074,Annual,Channel Islands,0.545,21.000
2075,Annual,Channel Islands,0.556,21.000
2076,Annual,Channel Islands,0.546,11.000
2077,Annual,Channel Islands,0.526,30.000
2078,Annual,Channel Islands,0.559,31.000
2079,Annual,Channel Islands,0.537,13.000
1981,Annual,Isle of Man,0.571,14.000
1982,Annual,Isle of Man,0.581,14.000
1983,Annual,Isle of Man,0.595,12.000
1984,Annual,Isle of Man,0.603,14.333
1985,Annual,Isle of Man,0.643,16.333
1986,Annual,Isle of Man,0.587,15.333
1987,Annual,Isle of Man,0.618,13.333
1988,Annual,Isle of Man,0.514,13.667
1989,Annual,Isle of Man,0.587,13.333
1990,Annual,Isle of Man,0.563,13.667
1991,Annual,Isle of Man,0.603,17.000
1992,Annual,Isle of Man,0.614,15.333
1993,Annual,Isle of Man,0.590,9.667
1994,Annual,Isle of Man,0.540,10.333
1995,Annual,Isle of Man,0.544,19.333
1996,Annual,Isle of Man,0.619,15.333
1997,Annual,Isle of Man,0.601,12.000
1998,Annual,Isle of Man,0.588,16.333
1999,Annual,Isle of Man,0.556,24.000
2000,Annual,Isle of Man,0.515,10.000
2001,Annual,Isle of Man,0.592,21.000
2002,Annual,Isle of Man,0.549,15.000
2003,Annual,Isle of Man,0.538,13.333
2004,Annual,Isle of Man,0.596,21.667
2005,Annual,Isle of Man,0.613,12.667
2006,Annual,Isle of Man,0.607,12.667
2007,Annual,Isle of Man,0.562,11.333
2008,Annual,Isle of Man,0.658,14.667
2009,Annual,Isle of Man,0.605,19.000
2010,Annual,Isle of Man,0.616,24.000
2011,Annual,Isle of Man,0.652,12.000
2012,Annual,Isle of Man,0.600,18.667
2013,Annual,Isle of Man,0.563,12.667
2014,Annual,Isle of Man,0.557,15.333
2015,Annual,Isle of Man,0.564,10.333
2016,Annual,Isle of Man,0.537,13.333
2017,Annual,Isle of Man,0.553,13.333
2018,Annual,Isle of Man,0.583,13.333
2019,Annual,Isle of Man,0.532,15.667
2020,Annual,Isle of Man,0.630,19.333
2021,Annual,Isle of Man,0.600,18.333
2022,Annual,Isle of Man,0.497,9.000
2023,Annual,Isle of Man,0.579,13.333
2024,Annual,Isle of Man,0.554,13.333
2025,Annual,Isle of Man,0.512,16.000
2026,Annual,Isle of Man,0.569,12.333
2027,Annual,Isle of Man,0.615,12.000
2028,Annual,Isle of Man,0.545,10.000
2029,Annual,Isle of Man,0.616,18.333
2030,Annual,Isle of Man,0.551,17.333
2031,Annual,Isle of Man,0.576,15.000
2032,Annual,Isle of Man,0.593,15.000
2033,Annual,Isle of Man,0.567,11.000
2034,Annual,Isle of Man,0.564,15.333
2035,Annual,Isle of Man,0.549,19.000
2036,Annual,Isle of Man,0.552,15.667
2037,Annual,Isle of Man,0.583,14.333
2038,Annual,Isle of Man,0.579,15.667
2039,Annual,Isle of Man,0.579,13.667
2040,Annual,Isle of Man,0.517,13.333
2041,Annual,Isle of Man,0.578,22.000
2042,Annual,Isle of Man,0.557,15.667
2043,Annual,Isle of Man,0.564,16.333
2044,Annual,Isle of Man,0.566,14.333
2045,Annual,Isle of Man,0.500,15.000
2046,Annual,Isle of Man,0.564,15.667
2047,Annual,Isle of Man,0.552,17.333
2048,Annual,Isle of Man,0.553,14.000
2049,Annual,Isle of Man,0.584,17.333
2050,Annual,Isle of Man,0.539,15.000
2051,Annual,Isle of Man,0.503,13.667
2052,Annual,Isle of Man,0.628,20.667
2053,Annual,Isle of Man,0.596,20.000
2054,Annual,Isle of Man,0.525,18.000
2055,Annual,Isle of Man,0.576,16.667
2056,Annual,Isle of Man,0.567,16.333
2057,Annual,Isle of Man,0.500,13.000
2058,Annual,Isle of Man,0.468,16.667
2059,Annual,Isle of Man,0.521,10.333
2060,Annual,Isle of Man,0.470,12.667
2061,Annual,Isle of Man,0.477,9.000
2062,Annual,Isle of Man,0.549,13.667
2063,Annual,Isle of Man,0.551,14.000
2064,Annual,Isle of Man,0.579,17.333
2065,Annual,Isle of Man,0.570,22.333
2066,Annual,Isle of Man,0.577,16.667
2067,Annual,Isle of Man,0.502,15.000
2068,Annual,Isle of Man,0.547,10.000
2069,Annual,Isle of Man,0.531,15.333
2070,Annual,Isle of Man,0.544,12.333
2071,Annual,Isle of Man,0.513,11.000
2072,Annual,Isle of Man,0.525,13.000
2073,Annual,Isle of Man,0.479,18.000
2074,Annual,Isle of Man,0.522,13.000
2075,Annual,Isle of Man,0.555,15.000
2076,Annual,Isle of Man,0.530,12.333
2077,Annual,Isle of Man,0.542,18.667
2078,Annual,Isle of Man,0.554,14.333
2079,Annual,Isle of Man,0.514,12.667
1981,Annual,Northern Ireland,0.557,13.744
1982,Annual,Northern Ireland,0.570,14.628
1983,Annual,Northern Ireland,0.529,15.721
1984,Annual,Northern Ireland,0.521,11.267
1985,Annual,Northern Ireland,0.594,14.244
1986,Annual,Northern Ireland,0.559,15.442
1987,Annual,Northern Ireland,0.606,14.791
1988,Annual,Northern Ireland,0.504,12.535
1989,Annual,Northern Ireland,0.554,10.849
1990,Annual,Northern Ireland,0.546,14.337
1991,Annual,Northern Ireland,0.555,11.035
1992,Annual,Northern Ireland,0.588,15.349
1993,Annual,Northern Ireland,0.595,16.628
1994,Annual,Northern Ireland,0.507,11.930
1995,Annual,Northern Ireland,0.526,12.791
1996,Annual,Northern Ireland,0.570,12.709
1997,Annual,Northern Ireland,0.570,15.849
1998,Annual,Northern Ireland,0.566,15.360
1999,Annual,Northern Ireland,0.555,14.105
2000,Annual,Northern Ireland,0.526,12.093
2001,Annual,Northern Ireland,0.547,15.791
2002,Annual,Northern Ireland,0.540,18.407
2003,Annual,Northern Ireland,0.514,13.000
2004,Annual,Northern Ireland,0.569,15.070
2005,Annual,Northern Ireland,0.574,13.698
2006,Annual,Northern Ireland,0.588,13.047
2007,Annual,Northern Ireland,0.534,10.721
2008,Annual,Northern Ireland,0.627,13.140
2009,Annual,Northern Ireland,0.547,12.058
2010,Annual,Northern Ireland,0.568,13.802
2011,Annual,Northern Ireland,0.634,14.012
2012,Annual,Northern Ireland,0.563,19.267
2013,Annual,Northern Ireland,0.574,13.593
2014,Annual,Northern Ireland,0.537,11.279
2015,Annual,Northern Ireland,0.550,12.140
2016,Annual,Northern Ireland,0.511,12.977
2017,Annual,Northern Ireland,0.545,15.279
2018,Annual,Northern Ireland,0.557,13.244
2019,Annual,Northern Ireland,0.496,12.570
2020,Annual,Northern Ireland,0.576,18.070
2021,Annual,Northern Ireland,0.564,11.965
2022,Annual,Northern Ireland,0.459,8.244
2023,Annual,Northern Ireland,0.547,14.593
2024,Annual,Northern Ireland,0.535,14.628
2025,Annual,Northern Ireland,0.540,13.930
2026,Annual,Northern Ireland,0.522,11.686
2027,Annual,Northern Ireland,0.544,11.302
2028,Annual,Northern Ireland,0.556,11.581
2029,Annual,Northern Ireland,0.571,12.535
2030,Annual,Northern Ireland,0.487,10.221
2031,Annual,Northern Ireland,0.537,13.721
2032,Annual,Northern Ireland,0.584,12.884
2033,Annual,Northern Ireland,0.568,14.407
2034,Annual,Northern Ireland,0.507,11.977
2035,Annual,Northern Ireland,0.542,13.151
2036,Annual,Northern Ireland,0.522,9.686
2037,Annual,Northern Ireland,0.551,11.558
2038,Annual,Northern Ireland,0.591,11.000
2039,Annual,Northern Ireland,0.532,12.081
2040,Annual,Northern Ireland,0.497,12.698
2041,Annual,Northern Ireland,0.547,14.012
2042,Annual,Northern Ireland,0.544,13.140
2043,Annual,Northern Ireland,0.513,10.337
2044,Annual,Northern Ireland,0.544,12.733
2045,Annual,Northern Ireland,0.490,12.302
2046,Annual,Northern Ireland,0.552,11.616
2047,Annual,Northern Ireland,0.528,12.326
2048,Annual,Northern Ireland,0.512,11.767
2049,Annual,Northern Ireland,0.559,13.907
2050,Annual,Northern Ireland,0.510,13.174
2051,Annual,Northern Ireland,0.489,11.628
2052,Annual,Northern Ireland,0.584,17.116
2053,Annual,Northern Ireland,0.552,12.733
2054,Annual,Northern Ireland,0.510,12.070
2055,Annual,Northern Ireland,0.557,13.535
2056,Annual,Northern Ireland,0.538,11.628
2057,Annual,Northern Ireland,0.473,11.628
2058,Annual,Northern Ireland,0.479,10.709
2059,Annual,Northern Ireland,0.559,14.023
2060,Annual,Northern Ireland,0.472,9.267
2061,Annual,Northern Ireland,0.465,8.802
2062,Annual,Northern Ireland,0.557,12.919
2063,Annual,Northern Ireland,0.570,14.919
2064,Annual,Northern Ireland,0.548,12.744
2065,Annual,Northern Ireland,0.526,9.360
2066,Annual,Northern Ireland,0.534,15.174
2067,Annual,Northern Ireland,0.503,12.616
2068,Annual,Northern Ireland,0.530,10.756
2069,Annual,Northern Ireland,0.537,14.267
2070,Annual,Northern Ireland,0.514,11.756
2071,Annual,Northern Ireland,0.503,11.500
2072,Annual,Northern Ireland,0.511,13.058
2073,Annual,Northern Ireland,0.488,10.547
2074,Annual,Northern Ireland,0.490,14.058
2075,Annual,Northern Ireland,0.565,13.209
2076,Annual,Northern Ireland,0.542,14.721
2077,Annual,Northern Ireland,0.511,13.291
2078,Annual,Northern Ireland,0.568,12.198
2079,Annual,Northern Ireland,0.525,11.767
1981,Annual,Wales,0.579,11.255
1982,Annual,Wales,0.533,13.759
1983,Annual,Wales,0.565,15.905
1984,Annual,Wales,0.517,10.423
1985,Annual,Wales,0.547,15.109
1986,Annual,Wales,0.550,13.343
1987,Annual,Wales,0.563,16.372
1988,Annual,Wales,0.486,11.372
1989,Annual,Wales,0.546,13.752
1990,Annual,Wales,0.533,13.942
1991,Annual,Wales,0.566,12.321
1992,Annual,Wales,0.567,17.927
1993,Annual,Wales,0.529,15.000
1994,Annual,Wales,0.506,12.394
1995,Annual,Wales,0.500,14.358
1996,Annual,Wales,0.555,14.241
1997,Annual,Wales,0.545,14.431
1998,Annual,Wales,0.558,18.416
1999,Annual,Wales,0.526,15.095
2000,Annual,Wales,0.501,12.803
2001,Annual,Wales,0.555,16.438
2002,Annual,Wales,0.503,14.036
2003,Annual,Wales,0.507,13.482
2004,Annual,Wales,0.552,14.869
2005,Annual,Wales,0.562,14.861
2006,Annual,Wales,0.596,14.708
2007,Annual,Wales,0.544,14.255
2008,Annual,Wales,0.595,14.949
2009,Annual,Wales,0.563,14.584
2010,Annual,Wales,0.569,16.431
2011,Annual,Wales,0.558,12.131
2012,Annual,Wales,0.571,18.058
2013,Annual,Wales,0.549,13.949
2014,Annual,Wales,0.504,12.584
2015,Annual,Wales,0.561,13.533
2016,Annual,Wales,0.515,12.759
2017,Annual,Wales,0.552,18.117
2018,Annual,Wales,0.540,11.219
2019,Annual,Wales,0.509,14.022
2020,Annual,Wales,0.584,18.825
2021,Annual,Wales,0.570,18.095
2022,Annual,Wales,0.456,11.416
2023,Annual,Wales,0.536,12.679
2024,Annual,Wales,0.501,12.292
2025,Annual,Wales,0.490,14.825
2026,Annual,Wales,0.533,11.474
2027,Annual,Wales,0.554,16.964
2028,Annual,Wales,0.513,10.518
2029,Annual,Wales,0.528,15.161
2030,Annual,Wales,0.504,11.460
2031,Annual,Wales,0.550,13.489
2032,Annual,Wales,0.519,11.810
2033,Annual,Wales,0.510,14.964
2034,Annual,Wales,0.523,12.898
2035,Annual,Wales,0.501,16.431
2036,Annual,Wales,0.509,12.562
2037,Annual,Wales,0.527,14.474
2038,Annual,Wales,0.546,12.818
2039,Annual,Wales,0.555,12.898
2040,Annual,Wales,0.504,13.387
2041,Annual,Wales,0.563,16.467
2042,Annual,Wales,0.512,15.701
2043,Annual,Wales,0.519,13.299
2044,Annual,Wales,0.517,16.182
2045,Annual,Wales,0.481,12.584
2046,Annual,Wales,0.486,12.496
2047,Annual,Wales,0.489,12.920
2048,Annual,Wales,0.529,15.839
2049,Annual,Wales,0.540,15.774
2050,Annual,Wales,0.510,14.073
2051,Annual,Wales,0.507,15.467
2052,Annual,Wales,0.587,17.343
2053,Annual,Wales,0.521,12.380
2054,Annual,Wales,0.485,15.102
2055,Annual,Wales,0.542,14.168
2056,Annual,Wales,0.521,12.869
2057,Annual,Wales,0.488,11.584
2058,Annual,Wales,0.464,13.321
2059,Annual,Wales,0.495,12.847
2060,Annual,Wales,0.455,12.686
2061,Annual,Wales,0.454,11.372
2062,Annual,Wales,0.526,14.241
2063,Annual,Wales,0.534,15.292
2064,Annual,Wales,0.554,12.423
2065,Annual,Wales,0.543,16.672
2066,Annual,Wales,0.522,18.650
2067,Annual,Wales,0.456,14.533
2068,Annual,Wales,0.529,11.803
2069,Annual,Wales,0.498,15.635
2070,Annual,Wales,0.511,13.146
2071,Annual,Wales,0.519,13.730
2072,Annual,Wales,0.524,10.526
2073,Annual,Wales,0.440,11.920
2074,Annual,Wales,0.506,13.307
2075,Annual,Wales,0.554,15.036
2076,Annual,Wales,0.519,11.438
2077,Annual,Wales,0.512,16.956
2078,Annual,Wales,0.532,13.467
2079,Annual,Wales,0.525,15.672
1981,DJF,East Midlands,0.429,5.427
1982,DJF,East Midlands,0.570,5.534
1983,DJF,East Midlands,0.486,8.223
1984,DJF,East Midlands,0.469,5.786
1985,DJF,East Midlands,0.459,6.359
1986,DJF,East Midlands,0.565,7.320
1987,DJF,East Midlands,0.548,6.718
1988,DJF,East Midlands,0.541,6.204
1989,DJF,East Midlands,0.530,7.388
1990,DJF,East Midlands,0.536,7.340
1991,DJF,East Midlands,0.515,5.427
1992,DJF,East Midlands,0.538,7.408
1993,DJF,East Midlands,0.499,6.019
1994,DJF,East Midlands,0.471,4.680
1995,DJF,East Midlands,0.557,6.524
1996,DJF,East Midlands,0.525,5.350
1997,DJF,East Midlands,0.562,7.417
1998,DJF,East Midlands,0.427,5.709
1999,DJF,East Midlands,0.500,6.184
2000,DJF,East Midlands,0.568,9.175
2001,DJF,East Midlands,0.513,6.515
2002,DJF,East Midlands,0.528,7.592
2003,DJF,East Midlands,0.485,6.437
2004,DJF,East Midlands,0.476,6.456
2005,DJF,East Midlands,0.472,5.515
2006,DJF,East Midlands,0.518,5.903
2007,DJF,East Midlands,0.530,7.505
2008,DJF,East Midlands,0.549,7.359
2009,DJF,East Midlands,0.517,7.010
2010,DJF,East Midlands,0.581,7.476
2011,DJF,East Midlands,0.504,6.184
2012,DJF,East Midlands,0.607,10.602
2013,DJF,East Midlands,0.544,7.340
2014,DJF,East Midlands,0.487,5.505
2015,DJF,East Midlands,0.564,7.291
2016,DJF,East Midlands,0.542,12.660
2017,DJF,East Midlands,0.501,6.650
2018,DJF,East Midlands,0.577,7.301
2019,DJF,East Midlands,0.513,6.350
2020,DJF,East Midlands,0.579,6.816
2021,DJF,East Midlands,0.509,6.136
2022,DJF,East Midlands,0.543,7.107
2023,DJF,East Midlands,0.557,6.272
2024,DJF,East Midlands,0.406,4.417
2025,DJF,East Midlands,0.534,6.505
2026,DJF,East Midlands,0.582,7.689
2027,DJF,East Midlands,0.549,7.524
2028,DJF,East Midlands,0.400,5.214
2029,DJF,East Midlands,0.484,5.437
2030,DJF,East Midlands,0.519,8.515
2031,DJF,East Midlands,0.588,9.301
2032,DJF,East Midlands,0.503,5.165
2033,DJF,East Midlands,0.560,11.796
2034,DJF,East Midlands,0.453,6.146
2035,DJF,East Midlands,0.453,7.291
2036,DJF,East Midlands,0.499,7.874
2037,DJF,East Midlands,0.587,6.738
2038,DJF,East Midlands,0.546,7.184
2039,DJF,East Midlands,0.544,6.087
2040,DJF,East Midlands,0.568,7.495
2041,DJF,East Midlands,0.594,9.621
2042,DJF,East Midlands,0.530,6.379
2043,DJF,East Midlands,0.542,6.485
2044,DJF,East Midlands,0.458,7.262
2045,DJF,East Midlands,0.457,4.922
2046,DJF,East Midlands,0.514,7.340
2047,DJF,East Midlands,0.522,6.689
2048,DJF,East Midlands,0.596,7.612
2049,DJF,East Midlands,0.487,4.903
2050,DJF,East Midlands,0.605,7.194
2051,DJF,East Midlands,0.480,6.476
2052,DJF,East Midlands,0.593,7.330
2053,DJF,East Midlands,0.472,7.825
2054,DJF,East Midlands,0.503,8.214
2055,DJF,East Midlands,0.510,6.641
2056,DJF,East Midlands,0.540,9.039
2057,DJF,East Midlands,0.593,8.767
2058,DJF,East Midlands,0.510,5.476
2059,DJF,East Midlands,0.490,5.689
2060,DJF,East Midlands,0.482,5.544
2061,DJF,East Midlands,0.521,7.049
2062,DJF,East Midlands,0.531,5.942
2063,DJF,East Midlands,0.538,4.990
2064,DJF,East Midlands,0.571,7.204
2065,DJF,East Midlands,0.547,6.806
2066,DJF,East Midlands,0.548,7.621
2067,DJF,East Midlands,0.449,7.670
2068,DJF,East Midlands,0.509,7.039
2069,DJF,East Midlands,0.465,5.573
2070,DJF,East Midlands,0.532,4.922
2071,DJF,East Midlands,0.562,7.155
2072,DJF,East Midlands,0.481,5.495
2073,DJF,East Midlands,0.472,4.359
2074,DJF,East Midlands,0.545,6.689
2075,DJF,East Midlands,0.525,6.437
2076,DJF,East Midlands,0.546,9.612
2077,DJF,East Midlands,0.559,8.757
2078,DJF,East Midlands,0.513,6.117
2079,DJF,East Midlands,0.423,4.893
1981,DJF,East of England,0.399,5.278
1982,DJF,East of England,0.558,5.103
1983,DJF,East of England,0.449,6.024
1984,DJF,East of England,0.430,5.397
1985,DJF,East of England,0.482,5.500
1986,DJF,East of England,0.573,6.817
1987,DJF,East of England,0.557,6.921
1988,DJF,East of England,0.543,6.413
1989,DJF,East of England,0.513,5.921
1990,DJF,East of England,0.564,7.071
1991,DJF,East of England,0.515,6.127
1992,DJF,East of England,0.539,7.460
1993,DJF,East of England,0.489,6.294
1994,DJF,East of England,0.495,5.294
1995,DJF,East of England,0.528,5.175
1996,DJF,East of England,0.507,4.960
1997,DJF,East of England,0.602,7.159
1998,DJF,East of England,0.410,6.071
1999,DJF,East of England,0.475,5.579
2000,DJF,East of England,0.534,7.619
2001,DJF,East of England,0.518,5.381
2002,DJF,East of England,0.512,8.087
2003,DJF,East of England,0.522,6.730
2004,DJF,East of England,0.458,5.754
2005,DJF,East of England,0.495,6.897
2006,DJF,East of England,0.505,5.516
2007,DJF,East of England,0.499,6.952
2008,DJF,East of England,0.560,8.087
2009,DJF,East of England,0.529,6.111
2010,DJF,East of England,0.585,8.897
2011,DJF,East of England,0.525,6.413
2012,DJF,East of England,0.656,10.302
2013,DJF,East of England,0.526,6.667
2014,DJF,East of England,0.541,5.405
2015,DJF,East of England,0.528,7.183
2016,DJF,East of England,0.491,7.413
2017,DJF,East of England,0.507,5.960
2018,DJF,East of England,0.550,7.484
2019,DJF,East of England,0.546,7.190
2020,DJF,East of England,0.599,6.468
2021,DJF,East of England,0.518,6.738
2022,DJF,East of England,0.501,5.881
2023,DJF,East of England,0.529,6.579
2024,DJF,East of England,0.383,5.706
2025,DJF,East of England,0.517,5.960
2026,DJF,East of England,0.566,7.810
2027,DJF,East of England,0.527,7.119
2028,DJF,East of England,0.386,7.413
2029,DJF,East of England,0.491,4.841
2030,DJF,East of England,0.544,8.278
2031,DJF,East of England,0.580,10.897
2032,DJF,East of England,0.517,5.262
2033,DJF,East of England,0.539,8.683
2034,DJF,East of England,0.433,5.738
2035,DJF,East of England,0.469,6.159
2036,DJF,East of England,0.503,7.540
2037,DJF,East of England,0.557,6.817
2038,DJF,East of England,0.572,6.960
2039,DJF,East of England,0.527,6.016
2040,DJF,East of England,0.545,8.802
2041,DJF,East of England,0.584,9.222
2042,DJF,East of England,0.516,6.317
2043,DJF,East of England,0.550,7.476
2044,DJF,East of England,0.424,7.365
2045,DJF,East of England,0.485,5.643
2046,DJF,East of England,0.466,5.103
2047,DJF,East of England,0.519,4.413
2048,DJF,East of England,0.586,7.651
2049,DJF,East of England,0.478,4.087
2050,DJF,East of England,0.579,7.103
2051,DJF,East of England,0.434,4.857
2052,DJF,East of England,0.573,6.810
2053,DJF,East of England,0.480,6.913
2054,DJF,East of England,0.459,6.492
2055,DJF,East of England,0.539,7.071
2056,DJF,East of England,0.542,9.921
2057,DJF,East of England,0.550,10.421
2058,DJF,East of England,0.481,6.127
2059,DJF,East of England,0.498,5.825
2060,DJF,East of England,0.489,5.897
2061,DJF,East of England,0.514,6.151
2062,DJF,East of England,0.544,5.444
2063,DJF,East of England,0.484,4.373
2064,DJF,East of England,0.558,9.444
2065,DJF,East of England,0.500,5.810
2066,DJF,East of England,0.539,6.563
2067,DJF,East of England,0.430,7.270
2068,DJF,East of England,0.467,5.643
2069,DJF,East of England,0.421,4.738
2070,DJF,East of England,0.520,5.151
2071,DJF,East of England,0.541,7.317
2072,DJF,East of England,0.488,5.810
2073,DJF,East of England,0.494,6.198
2074,DJF,East of England,0.511,6.286
2075,DJF,East of England,0.528,6.635
2076,DJF,East of England,0.551,7.873
2077,DJF,East of England,0.516,6.008
2078,DJF,East of England,0.465,4.976
2079,DJF,East of England,0.412,4.738
1981,DJF,East Scotland,0.492,6.906
1982,DJF,East Scotland,0.595,8.736
1983,DJF,East Scotland,0.604,11.943
1984,DJF,East Scotland,0.602,11.314
1985,DJF,East Scotland,0.528,9.371
1986,DJF,East Scotland,0.616,10.239
1987,DJF,East Scotland,0.600,10.044
1988,DJF,East Scotland,0.610,11.403
1989,DJF,East Scotland,0.525,9.465
1990,DJF,East Scotland,0.561,7.994
1991,DJF,East Scotland,0.575,10.371
1992,DJF,East Scotland,0.599,10.925
1993,DJF,East Scotland,0.610,11.063
1994,DJF,East Scotland,0.504,8.723
1995,DJF,East Scotland,0.551,11.138
1996,DJF,East Scotland,0.594,10.126
1997,DJF,East Scotland,0.626,9.761
1998,DJF,East Scotland,0.514,8.421
1999,DJF,East Scotland,0.585,11.679
2000,DJF,East Scotland,0.606,12.660
2001,DJF,East Scotland,0.589,9.887
2002,DJF,East Scotland,0.594,14.742
2003,DJF,East Scotland,0.569,8.038
2004,DJF,East Scotland,0.553,9.409
2005,DJF,East Scotland,0.575,10.730
2006,DJF,East Scotland,0.534,8.465
2007,DJF,East Scotland,0.651,11.736
2008,DJF,East Scotland,0.610,8.962
2009,DJF,East Scotland,0.579,9.057
2010,DJF,East Scotland,0.574,9.830
2011,DJF,East Scotland,0.530,6.553
2012,DJF,East Scotland,0.621,11.654
2013,DJF,East Scotland,0.587,12.887
2014,DJF,East Scotland,0.542,10.623
2015,DJF,East Scotland,0.574,11.925
2016,DJF,East Scotland,0.568,10.943
2017,DJF,East Scotland,0.571,9.214
2018,DJF,East Scotland,0.655,12.509
2019,DJF,East Scotland,0.568,11.465
2020,DJF,East Scotland,0.588,9.981
2021,DJF,East Scotland,0.559,8.327
2022,DJF,East Scotland,0.581,8.629
2023,DJF,East Scotland,0.573,9.157
2024,DJF,East Scotland,0.576,8.981
2025,DJF,East Scotland,0.604,10.019
2026,DJF,East Scotland,0.583,10.767
2027,DJF,East Scotland,0.651,12.849
2028,DJF,East Scotland,0.523,8.044
2029,DJF,East Scotland,0.622,11.855
2030,DJF,East Scotland,0.524,10.604
2031,DJF,East Scotland,0.659,14.252
2032,DJF,East Scotland,0.571,9.642
2033,DJF,East Scotland,0.534,7.226
2034,DJF,East Scotland,0.558,8.981
2035,DJF,East Scotland,0.581,8.950
2036,DJF,East Scotland,0.551,8.931
2037,DJF,East Scotland,0.609,9.767
2038,DJF,East Scotland,0.614,9.862
2039,DJF,East Scotland,0.537,8.333
2040,DJF,East Scotland,0.585,8.013
2041,DJF,East Scotland,0.647,13.289
2042,DJF,East Scotland,0.552,10.415
2043,DJF,East Scotland,0.598,9.396
2044,DJF,East Scotland,0.594,15.220
2045,DJF,East Scotland,0.542,8.748
2046,DJF,East Scotland,0.586,9.535
2047,DJF,East Scotland,0.588,8.950
2048,DJF,East Scotland,0.649,10.792
2049,DJF,East Scotland,0.569,7.107
2050,DJF,East Scotland,0.635,10.189
2051,DJF,East Scotland,0.511,9.113
2052,DJF,East Scotland,0.704,12.321
2053,DJF,East Scotland,0.541,9.428
2054,DJF,East Scotland,0.547,8.830
2055,DJF,East Scotland,0.559,7.547
2056,DJF,East Scotland,0.569,9.321
2057,DJF,East Scotland,0.618,9.270
2058,DJF,East Scotland,0.551,8.767
2059,DJF,East Scotland,0.530,10.208
2060,DJF,East Scotland,0.526,9.132
2061,DJF,East Scotland,0.534,8.597
2062,DJF,East Scotland,0.545,7.774
2063,DJF,East Scotland,0.634,11.981
2064,DJF,East Scotland,0.546,9.421
2065,DJF,East Scotland,0.628,8.780
2066,DJF,East Scotland,0.591,8.340
2067,DJF,East Scotland,0.508,9.019
2068,DJF,East Scotland,0.570,8.346
2069,DJF,East Scotland,0.606,12.434
2070,DJF,East Scotland,0.623,9.679
2071,DJF,East Scotland,0.571,7.396
2072,DJF,East Scotland,0.627,10.164
2073,DJF,East Scotland,0.559,9.648
2074,DJF,East Scotland,0.568,7.478
2075,DJF,East Scotland,0.580,9.535
2076,DJF,East Scotland,0.588,10.560
2077,DJF,East Scotland,0.503,10.252
2078,DJF,East Scotland,0.601,9.855
2079,DJF,East Scotland,0.569,8.044
1981,DJF,London,0.406,5.667
1982,DJF,London,0.555,5.917
1983,DJF,London,0.420,4.917
1984,DJF,London,0.447,5.083
1985,DJF,London,0.486,5.750
1986,DJF,London,0.586,6.250
1987,DJF,London,0.594,10.833
1988,DJF,London,0.602,7.250
1989,DJF,London,0.503,6.583
1990,DJF,London,0.517,6.167
1991,DJF,London,0.504,4.833
1992,DJF,London,0.562,5.917
1993,DJF,London,0.470,5.583
1994,DJF,London,0.515,5.500
1995,DJF,London,0.537,6.417
1996,DJF,London,0.553,6.083
1997,DJF,London,0.593,7.583
1998,DJF,London,0.475,6.667
1999,DJF,London,0.528,6.000
2000,DJF,London,0.541,7.417
2001,DJF,London,0.570,7.417
2002,DJF,London,0.527,7.083
2003,DJF,London,0.504,5.667
2004,DJF,London,0.377,5.000
2005,DJF,London,0.556,6.333
2006,DJF,London,0.508,6.000
2007,DJF,London,0.516,6.833
2008,DJF,London,0.554,8.000
2009,DJF,London,0.603,7.750
2010,DJF,London,0.556,8.583
2011,DJF,London,0.564,8.500
2012,DJF,London,0.681,11.750
2013,DJF,London,0.558,6.833
2014,DJF,London,0.519,5.083
2015,DJF,London,0.504,5.000
2016,DJF,London,0.529,6.083
2017,DJF,London,0.539,7.917
2018,DJF,London,0.579,7.750
2019,DJF,London,0.586,8.000
2020,DJF,London,0.645,11.167
2021,DJF,London,0.503,6.333
2022,DJF,London,0.513,5.167
2023,DJF,London,0.504,6.167
2024,DJF,London,0.419,5.917
2025,DJF,London,0.580,10.167
2026,DJF,London,0.554,9.000
2027,DJF,London,0.617,6.917
2028,DJF,London,0.453,8.333
2029,DJF,London,0.499,5.000
2030,DJF,London,0.581,8.583
2031,DJF,London,0.556,8.583
2032,DJF,London,0.541,5.750
2033,DJF,London,0.525,5.667
2034,DJF,London,0.469,7.000
2035,DJF,London,0.480,9.417
2036,DJF,London,0.505,7.250
2037,DJF,London,0.608,8.500
2038,DJF,London,0.578,7.500
2039,DJF,London,0.554,7.500
2040,DJF,London,0.549,8.167
2041,DJF,London,0.593,7.917
2042,DJF,London,0.549,6.167
2043,DJF,London,0.581,8.000
2044,DJF,London,0.460,7.667
2045,DJF,London,0.521,10.250
2046,DJF,London,0.505,6.167
2047,DJF,London,0.554,4.500
2048,DJF,London,0.558,6.833
2049,DJF,London,0.526,6.000
2050,DJF,London,0.566,8.000
2051,DJF,London,0.460,7.833
2052,DJF,London,0.609,10.333
2053,DJF,London,0.546,8.417
2054,DJF,London,0.502,7.917
2055,DJF,London,0.551,9.917
2056,DJF,London,0.568,6.667
2057,DJF,London,0.579,9.000
2058,DJF,London,0.498,7.667
2059,DJF,London,0.481,7.083
2060,DJF,London,0.534,7.167
2061,DJF,London,0.487,5.583
2062,DJF,London,0.530,5.750
2063,DJF,London,0.533,5.000
2064,DJF,London,0.548,7.333
2065,DJF,London,0.501,4.583
2066,DJF,London,0.555,6.667
2067,DJF,London,0.421,6.250
2068,DJF,London,0.510,5.833
2069,DJF,London,0.472,6.000
2070,DJF,London,0.544,8.000
2071,DJF,London,0.556,7.167
2072,DJF,London,0.482,6.417
2073,DJF,London,0.451,6.417
2074,DJF,London,0.504,6.750
2075,DJF,London,0.520,6.000
2076,DJF,London,0.630,8.667
2077,DJF,London,0.558,8.250
2078,DJF,London,0.485,5.750
2079,DJF,London,0.439,5.000
1981,DJF,North East England,0.406,5.368
1982,DJF,North East England,0.535,6.053
1983,DJF,North East England,0.484,6.526
1984,DJF,North East England,0.606,10.456
1985,DJF,North East England,0.422,6.316
1986,DJF,North East England,0.502,8.246
1987,DJF,North East England,0.492,7.965
1988,DJF,North East England,0.554,7.281
1989,DJF,North East England,0.549,8.456
1990,DJF,North East England,0.485,5.982
1991,DJF,North East England,0.496,6.877
1992,DJF,North East England,0.516,7.211
1993,DJF,North East England,0.481,6.860
1994,DJF,North East England,0.477,7.175
1995,DJF,North East England,0.528,7.561
1996,DJF,North East England,0.483,6.456
1997,DJF,North East England,0.533,7.649
1998,DJF,North East England,0.411,5.632
1999,DJF,North East England,0.423,6.860
2000,DJF,North East England,0.541,10.789
2001,DJF,North East England,0.508,9.228
2002,DJF,North East England,0.570,10.439
2003,DJF,North East England,0.593,7.912
2004,DJF,North East England,0.528,8.333
2005,DJF,North East England,0.480,6.754
2006,DJF,North East England,0.409,6.895
2007,DJF,North East England,0.622,15.316
2008,DJF,North East England,0.570,6.509
2009,DJF,North East England,0.533,7.965
2010,DJF,North East England,0.537,8.368
2011,DJF,North East England,0.463,5.509
2012,DJF,North East England,0.545,8.105
2013,DJF,North East England,0.483,9.000
2014,DJF,North East England,0.470,8.070
2015,DJF,North East England,0.617,10.404
2016,DJF,North East England,0.534,10.614
2017,DJF,North East England,0.458,6.368
2018,DJF,North East England,0.582,12.596
2019,DJF,North East England,0.513,8.684
2020,DJF,North East England,0.471,6.860
2021,DJF,North East England,0.495,6.298
2022,DJF,North East England,0.571,7.070
2023,DJF,North East England,0.529,7.491
2024,DJF,North East England,0.465,6.772
2025,DJF,North East England,0.566,9.035
2026,DJF,North East England,0.580,10.246
2027,DJF,North East England,0.531,6.789
2028,DJF,North East England,0.433,6.316
2029,DJF,North East England,0.488,6.439
2030,DJF,North East England,0.539,13.982
2031,DJF,North East England,0.571,9.509
2032,DJF,North East England,0.473,6.351
2033,DJF,North East England,0.481,8.105
2034,DJF,North East England,0.485,7.140
2035,DJF,North East England,0.477,8.070
2036,DJF,North East England,0.524,9.281
2037,DJF,North East England,0.581,7.228
2038,DJF,North East England,0.515,6.526
2039,DJF,North East England,0.562,8.298
2040,DJF,North East England,0.538,5.807
2041,DJF,North East England,0.546,9.649
2042,DJF,North East England,0.545,8.807
2043,DJF,North East England,0.505,6.263
2044,DJF,North East England,0.509,9.842
2045,DJF,North East England,0.469,6.526
2046,DJF,North East England,0.479,6.421
2047,DJF,North East England,0.525,6.386
2048,DJF,North East England,0.624,8.614
2049,DJF,North East England,0.480,5.070
2050,DJF,North East England,0.532,8.860
2051,DJF,North East England,0.479,7.561
2052,DJF,North East England,0.599,8.421
2053,DJF,North East England,0.421,6.895
2054,DJF,North East England,0.471,6.351
2055,DJF,North East England,0.527,6.702
2056,DJF,North East England,0.473,9.404
2057,DJF,North East England,0.580,9.070
2058,DJF,North East England,0.524,7.789
2059,DJF,North East England,0.479,6.193
2060,DJF,North East England,0.514,6.754
2061,DJF,North East England,0.496,6.596
2062,DJF,North East England,0.442,5.123
2063,DJF,North East England,0.522,7.596
2064,DJF,North East England,0.502,9.070
2065,DJF,North East England,0.537,7.596
2066,DJF,North East England,0.507,6.877
2067,DJF,North East England,0.515,8.421
2068,DJF,North East England,0.506,6.404
2069,DJF,North East England,0.524,10.719
2070,DJF,North East England,0.578,6.509
2071,DJF,North East England,0.547,6.333
2072,DJF,North East England,0.534,9.140
2073,DJF,North East England,0.510,7.912
2074,DJF,North East England,0.521,7.263
2075,DJF,North East England,0.495,7.211
2076,DJF,North East England,0.582,12.105
2077,DJF,North East England,0.491,7.877
2078,DJF,North East England,0.497,6.404
2079,DJF,North East England,0.413,4.860
1981,DJF,North Scotland,0.652,15.483
1982,DJF,North Scotland,0.750,  NA
1983,DJF,North Scotland,0.801,23.338
1984,DJF,North Scotland,0.609,11.831
1985,DJF,North Scotland,0.757,20.463
1986,DJF,North Scotland,0.696,15.229
1987,DJF,North Scotland,0.726,17.488
1988,DJF,North Scotland,0.562,14.498
1989,DJF,North Scotland,0.538,13.478
1990,DJF,North Scotland,0.740,14.856
1991,DJF,North Scotland,0.686,18.463
1992,DJF,North Scotland,0.746,28.274
1993,DJF,North Scotland,0.796,  NA
1994,DJF,North Scotland,0.605,13.567
1995,DJF,North Scotland,0.670,22.866
1996,DJF,North Scotland,0.761,  NA
1997,DJF,North Scotland,0.704,15.617
1998,DJF,North Scotland,0.692,17.254
1999,DJF,North Scotland,0.740,25.955
2000,DJF,North Scotland,0.640,11.065
2001,DJF,North Scotland,0.748,17.090
2002,DJF,North Scotland,0.574,11.313
2003,DJF,North Scotland,0.571,14.040
2004,DJF,North Scotland,0.678,15.657
2005,DJF,North Scotland,0.709,16.030
2006,DJF,North Scotland,0.719,17.154
2007,DJF,North Scotland,0.614,10.060
2008,DJF,North Scotland,0.680,13.881
2009,DJF,North Scotland,0.619,12.925
2010,DJF,North Scotland,0.722,19.667
2011,DJF,North Scotland,0.656,12.677
2012,DJF,North Scotland,0.745,23.358
2013,DJF,North Scotland,0.635,22.622
2014,DJF,North Scotland,0.706,17.259
2015,DJF,North Scotland,0.640,18.891
2016,DJF,North Scotland,0.631,11.711
2017,DJF,North Scotland,0.763,18.294
2018,DJF,North Scotland,0.650,14.975
2019,DJF,North Scotland,0.586,13.970
2020,DJF,North Scotland,0.771,24.721
2021,DJF,North Scotland,0.775,  NA
2022,DJF,North Scotland,0.532,10.274
2023,DJF,North Scotland,0.637,14.975
2024,DJF,North Scotland,0.765,20.254
2025,DJF,North Scotland,0.759,22.517
2026,DJF,North Scotland,0.708,14.124
2027,DJF,North Scotland,0.686,17.438
2028,DJF,North Scotland,0.735,15.881
2029,DJF,North Scotland,0.723,21.602
2030,DJF,North Scotland,0.462,10.169
2031,DJF,North Scotland,0.743,16.567
2032,DJF,North Scotland,0.755,23.353
2033,DJF,North Scotland,0.679,13.408
2034,DJF,North Scotland,0.600,11.697
2035,DJF,North Scotland,0.707,14.353
2036,DJF,North Scotland,0.630,15.552
2037,DJF,North Scotland,0.674,17.204
2038,DJF,North Scotland,0.735,17.756
2039,DJF,North Scotland,0.635,11.328
2040,DJF,North Scotland,0.697,12.677
2041,DJF,North Scotland,0.718,18.537
2042,DJF,North Scotland,0.639,19.209
2043,DJF,North Scotland,0.674,12.483
2044,DJF,North Scotland,0.627,13.517
2045,DJF,North Scotland,0.638,16.642
2046,DJF,North Scotland,0.733,16.035
2047,DJF,North Scotland,0.743,15.333
2048,DJF,North Scotland,0.742,16.716
2049,DJF,North Scotland,0.693,13.144
2050,DJF,North Scotland,0.688,16.846
2051,DJF,North Scotland,0.560,8.592
2052,DJF,North Scotland,0.739,18.692
2053,DJF,North Scotland,0.720,17.040
2054,DJF,North Scotland,0.659,14.090
2055,DJF,North Scotland,0.656,13.214
2056,DJF,North Scotland,0.714,16.323
2057,DJF,North Scotland,0.617,12.856
2058,DJF,North Scotland,0.668,12.697
2059,DJF,North Scotland,0.674,14.254
2060,DJF,North Scotland,0.578,11.015
2061,DJF,North Scotland,0.704,13.050
2062,DJF,North Scotland,0.783,20.219
2063,DJF,North Scotland,0.814,  NA
2064,DJF,North Scotland,0.722,24.050
2065,DJF,North Scotland,0.735,16.383
2066,DJF,North Scotland,0.736,  NA
2067,DJF,North Scotland,0.632,14.020
2068,DJF,North Scotland,0.587,9.095
2069,DJF,North Scotland,0.700,15.119
2070,DJF,North Scotland,0.805,19.214
2071,DJF,North Scotland,0.663,12.393
2072,DJF,North Scotland,0.680,12.537
2073,DJF,North Scotland,0.668,12.020
2074,DJF,North Scotland,0.648,15.542
2075,DJF,North Scotland,0.746,20.881
2076,DJF,North Scotland,0.571,11.065
2077,DJF,North Scotland,0.602,15.209
2078,DJF,North Scotland,0.723,17.667
2079,DJF,North Scotland,0.776,15.955
1981,DJF,North West England,0.617,12.129
1982,DJF,North West England,0.803,14.355
1983,DJF,North West England,0.777,16.839
1984,DJF,North West England,0.577,10.129
1985,DJF,North West England,0.712,15.903
1986,DJF,North West England,0.726,18.559
1987,DJF,North West England,0.749,14.559
1988,DJF,North West England,0.551,9.968
1989,DJF,North West England,0.462,8.473
1990,DJF,North West England,0.718,13.151
1991,DJF,North West England,0.684,14.849
1992,DJF,North West England,0.756,19.731
1993,DJF,North West England,0.803,20.140
1994,DJF,North West England,0.583,11.161
1995,DJF,North West England,0.726,11.473
1996,DJF,North West England,0.825,15.763
1997,DJF,North West England,0.747,12.398
1998,DJF,North West England,0.683,14.441
1999,DJF,North West England,0.757,20.280
2000,DJF,North West England,0.575,14.581
2001,DJF,North West England,0.778,18.462
2002,DJF,North West England,0.560,11.269
2003,DJF,North West England,0.530,9.258
2004,DJF,North West England,0.667,12.312
2005,DJF,North West England,0.749,13.677
2006,DJF,North West England,0.725,15.989
2007,DJF,North West England,0.638,11.344
2008,DJF,North West England,0.717,12.935
2009,DJF,North West England,0.648,14.215
2010,DJF,North West England,0.739,20.226
2011,DJF,North West England,0.667,10.194
2012,DJF,North West England,0.861,28.140
2013,DJF,North West England,0.668,11.989
2014,DJF,North West England,0.693,13.516
2015,DJF,North West England,0.611,17.355
2016,DJF,North West England,0.668,13.129
2017,DJF,North West England,0.772,16.301
2018,DJF,North West England,0.682,11.968
2019,DJF,North West England,0.610,16.441
2020,DJF,North West England,0.852,23.699
2021,DJF,North West England,0.811,18.753
2022,DJF,North West England,0.557,8.914
2023,DJF,North West England,0.723,17.871
2024,DJF,North West England,0.703,12.925
2025,DJF,North West England,0.834,23.366
2026,DJF,North West England,0.647,9.731
2027,DJF,North West England,0.695,14.215
2028,DJF,North West England,0.661,12.247
2029,DJF,North West England,0.790,20.892
2030,DJF,North West England,0.454,10.183
2031,DJF,North West England,0.638,11.032
2032,DJF,North West England,0.765,16.516
2033,DJF,North West England,0.700,17.882
2034,DJF,North West England,0.607,10.527
2035,DJF,North West England,0.655,13.548
2036,DJF,North West England,0.682,16.548
2037,DJF,North West England,0.741,14.194
2038,DJF,North West England,0.722,11.946
2039,DJF,North West England,0.646,14.323
2040,DJF,North West England,0.752,17.065
2041,DJF,North West England,0.744,16.204
2042,DJF,North West England,0.705,19.860
2043,DJF,North West England,0.664,13.065
2044,DJF,North West England,0.580,12.226
2045,DJF,North West England,0.593,11.065
2046,DJF,North West England,0.718,15.581
2047,DJF,North West England,0.701,16.183
2048,DJF,North West England,0.765,13.452
2049,DJF,North West England,0.727,12.323
2050,DJF,North West England,0.774,16.720
2051,DJF,North West England,0.487,8.065
2052,DJF,North West England,0.829,23.108
2053,DJF,North West England,0.683,14.602
2054,DJF,North West England,0.598,13.140
2055,DJF,North West England,0.605,10.398
2056,DJF,North West England,0.702,12.419
2057,DJF,North West England,0.616,13.882
2058,DJF,North West England,0.556,9.484
2059,DJF,North West England,0.591,16.742
2060,DJF,North West England,0.602,11.624
2061,DJF,North West England,0.664,13.473
2062,DJF,North West England,0.794,20.183
2063,DJF,North West England,0.824,19.172
2064,DJF,North West England,0.704,16.806
2065,DJF,North West England,0.729,11.387
2066,DJF,North West England,0.761,17.935
2067,DJF,North West England,0.585,13.194
2068,DJF,North West England,0.581,8.817
2069,DJF,North West England,0.680,15.710
2070,DJF,North West England,0.733,13.419
2071,DJF,North West England,0.730,11.505
2072,DJF,North West England,0.621,10.581
2073,DJF,North West England,0.603,12.828
2074,DJF,North West England,0.639,14.849
2075,DJF,North West England,0.714,16.602
2076,DJF,North West England,0.555,12.204
2077,DJF,North West England,0.638,17.548
2078,DJF,North West England,0.719,12.290
2079,DJF,North West England,0.641,9.935
1981,DJF,South East England,0.411,5.322
1982,DJF,South East England,0.557,5.720
1983,DJF,South East England,0.435,5.288
1984,DJF,South East England,0.417,4.746
1985,DJF,South East England,0.433,5.127
1986,DJF,South East England,0.574,7.237
1987,DJF,South East England,0.568,8.373
1988,DJF,South East England,0.564,6.364
1989,DJF,South East England,0.468,5.975
1990,DJF,South East England,0.477,6.263
1991,DJF,South East England,0.488,4.542
1992,DJF,South East England,0.523,6.373
1993,DJF,South East England,0.496,5.669
1994,DJF,South East England,0.456,5.085
1995,DJF,South East England,0.542,7.585
1996,DJF,South East England,0.550,6.475
1997,DJF,South East England,0.573,8.025
1998,DJF,South East England,0.471,6.288
1999,DJF,South East England,0.533,6.458
2000,DJF,South East England,0.521,7.415
2001,DJF,South East England,0.567,9.314
2002,DJF,South East England,0.488,7.898
2003,DJF,South East England,0.482,6.686
2004,DJF,South East England,0.414,5.568
2005,DJF,South East England,0.549,7.822
2006,DJF,South East England,0.542,8.492
2007,DJF,South East England,0.504,7.915
2008,DJF,South East England,0.551,8.331
2009,DJF,South East England,0.591,7.720
2010,DJF,South East England,0.535,8.737
2011,DJF,South East England,0.529,7.314
2012,DJF,South East England,0.663,11.254
2013,DJF,South East England,0.570,7.754
2014,DJF,South East England,0.498,5.966
2015,DJF,South East England,0.500,5.712
2016,DJF,South East England,0.499,6.441
2017,DJF,South East England,0.520,7.017
2018,DJF,South East England,0.549,7.322
2019,DJF,South East England,0.547,7.839
2020,DJF,South East England,0.611,9.339
2021,DJF,South East England,0.497,6.983
2022,DJF,South East England,0.518,6.966
2023,DJF,South East England,0.519,5.110
2024,DJF,South East England,0.414,6.008
2025,DJF,South East England,0.545,9.720
2026,DJF,South East England,0.521,7.153
2027,DJF,South East England,0.606,8.280
2028,DJF,South East England,0.428,7.797
2029,DJF,South East England,0.503,5.085
2030,DJF,South East England,0.522,8.339
2031,DJF,South East England,0.499,6.771
2032,DJF,South East England,0.534,6.059
2033,DJF,South East England,0.523,6.407
2034,DJF,South East England,0.464,6.814
2035,DJF,South East England,0.450,7.551
2036,DJF,South East England,0.477,7.492
2037,DJF,South East England,0.575,7.246
2038,DJF,South East England,0.557,7.669
2039,DJF,South East England,0.522,6.881
2040,DJF,South East England,0.534,6.288
2041,DJF,South East England,0.569,8.831
2042,DJF,South East England,0.564,7.085
2043,DJF,South East England,0.566,7.263
2044,DJF,South East England,0.428,6.254
2045,DJF,South East England,0.493,6.746
2046,DJF,South East England,0.505,6.949
2047,DJF,South East England,0.508,4.212
2048,DJF,South East England,0.544,6.746
2049,DJF,South East England,0.492,6.653
2050,DJF,South East England,0.556,8.297
2051,DJF,South East England,0.439,7.492
2052,DJF,South East England,0.592,10.797
2053,DJF,South East England,0.530,8.025
2054,DJF,South East England,0.465,7.025
2055,DJF,South East England,0.512,10.305
2056,DJF,South East England,0.548,5.593
2057,DJF,South East England,0.591,9.432
2058,DJF,South East England,0.490,6.856
2059,DJF,South East England,0.474,8.008
2060,DJF,South East England,0.498,6.466
2061,DJF,South East England,0.457,6.008
2062,DJF,South East England,0.525,6.178
2063,DJF,South East England,0.518,5.271
2064,DJF,South East England,0.548,6.669
2065,DJF,South East England,0.503,5.373
2066,DJF,South East England,0.573,6.831
2067,DJF,South East England,0.427,6.805
2068,DJF,South East England,0.507,6.076
2069,DJF,South East England,0.462,5.983
2070,DJF,South East England,0.524,5.737
2071,DJF,South East England,0.554,7.831
2072,DJF,South East England,0.474,5.737
2073,DJF,South East England,0.454,6.093
2074,DJF,South East England,0.511,6.042
2075,DJF,South East England,0.519,6.381
2076,DJF,South East England,0.590,13.085
2077,DJF,South East England,0.529,6.297
2078,DJF,South East England,0.484,6.746
2079,DJF,South East England,0.436,5.949
1981,DJF,South West England,0.477,7.810
1982,DJF,South West England,0.642,8.867
1983,DJF,South West England,0.529,10.278
1984,DJF,South West England,0.461,7.405
1985,DJF,South West England,0.513,7.196
1986,DJF,South West England,0.610,8.848
1987,DJF,South West England,0.609,9.114
1988,DJF,South West England,0.574,6.538
1989,DJF,South West England,0.443,6.848
1990,DJF,South West England,0.529,6.905
1991,DJF,South West England,0.570,7.234
1992,DJF,South West England,0.573,9.911
1993,DJF,South West England,0.565,8.329
1994,DJF,South West England,0.487,6.411
1995,DJF,South West England,0.568,7.892
1996,DJF,South West England,0.632,11.057
1997,DJF,South West England,0.606,9.949
1998,DJF,South West England,0.570,10.038
1999,DJF,South West England,0.596,9.310
2000,DJF,South West England,0.556,8.563
2001,DJF,South West England,0.621,11.551
2002,DJF,South West England,0.527,10.797
2003,DJF,South West England,0.514,7.734
2004,DJF,South West England,0.500,6.684
2005,DJF,South West England,0.574,7.968
2006,DJF,South West England,0.592,7.835
2007,DJF,South West England,0.556,9.253
2008,DJF,South West England,0.609,9.443
2009,DJF,South West England,0.635,9.392
2010,DJF,South West England,0.581,8.873
2011,DJF,South West England,0.562,7.994
2012,DJF,South West England,0.701,13.690
2013,DJF,South West England,0.615,10.449
2014,DJF,South West England,0.541,8.222
2015,DJF,South West England,0.611,8.380
2016,DJF,South West England,0.499,7.905
2017,DJF,South West England,0.592,8.430
2018,DJF,South West England,0.593,8.475
2019,DJF,South West England,0.561,10.070
2020,DJF,South West England,0.649,9.937
2021,DJF,South West England,0.575,8.722
2022,DJF,South West England,0.530,7.551
2023,DJF,South West England,0.628,9.671
2024,DJF,South West England,0.477,7.013
2025,DJF,South West England,0.588,13.538
2026,DJF,South West England,0.564,8.949
2027,DJF,South West England,0.648,12.576
2028,DJF,South West England,0.452,8.000
2029,DJF,South West England,0.631,9.297
2030,DJF,South West England,0.477,7.595
2031,DJF,South West England,0.527,6.595
2032,DJF,South West England,0.596,7.196
2033,DJF,South West England,0.567,10.323
2034,DJF,South West England,0.501,7.310
2035,DJF,South West England,0.489,8.937
2036,DJF,South West England,0.540,7.601
2037,DJF,South West England,0.609,8.690
2038,DJF,South West England,0.608,9.063
2039,DJF,South West England,0.543,7.443
2040,DJF,South West England,0.594,7.759
2041,DJF,South West England,0.627,12.095
2042,DJF,South West England,0.648,11.804
2043,DJF,South West England,0.574,8.215
2044,DJF,South West England,0.462,5.848
2045,DJF,South West England,0.540,7.981
2046,DJF,South West England,0.616,10.595
2047,DJF,South West England,0.521,6.076
2048,DJF,South West England,0.615,9.848
2049,DJF,South West England,0.550,9.506
2050,DJF,South West England,0.604,9.861
2051,DJF,South West England,0.483,8.557
2052,DJF,South West England,0.658,12.987
2053,DJF,South West England,0.557,9.595
2054,DJF,South West England,0.510,8.582
2055,DJF,South West England,0.491,9.259
2056,DJF,South West England,0.578,7.462
2057,DJF,South West England,0.632,12.639
2058,DJF,South West England,0.534,7.797
2059,DJF,South West England,0.477,6.804
2060,DJF,South West England,0.503,6.633
2061,DJF,South West England,0.490,7.259
2062,DJF,South West England,0.632,7.241
2063,DJF,South West England,0.621,9.614
2064,DJF,South West England,0.606,7.487
2065,DJF,South West England,0.571,6.519
2066,DJF,South West England,0.644,10.968
2067,DJF,South West England,0.464,8.171
2068,DJF,South West England,0.567,7.044
2069,DJF,South West England,0.561,7.696
2070,DJF,South West England,0.563,8.627
2071,DJF,South West England,0.665,12.373
2072,DJF,South West England,0.551,7.981
2073,DJF,South West England,0.474,7.532
2074,DJF,South West England,0.515,6.563
2075,DJF,South West England,0.561,10.759
2076,DJF,South West England,0.578,9.943
2077,DJF,South West England,0.593,10.177
2078,DJF,South West England,0.583,8.785
2079,DJF,South West England,0.503,6.532
1981,DJF,West Midlands,0.498,6.698
1982,DJF,West Midlands,0.611,6.209
1983,DJF,West Midlands,0.521,7.930
1984,DJF,West Midlands,0.492,5.895
1985,DJF,West Midlands,0.475,7.174
1986,DJF,West Midlands,0.602,8.663
1987,DJF,West Midlands,0.562,9.779
1988,DJF,West Midlands,0.511,5.267
1989,DJF,West Midlands,0.479,6.523
1990,DJF,West Midlands,0.516,7.349
1991,DJF,West Midlands,0.521,5.070
1992,DJF,West Midlands,0.527,9.105
1993,DJF,West Midlands,0.496,6.360
1994,DJF,West Midlands,0.491,4.872
1995,DJF,West Midlands,0.553,6.523
1996,DJF,West Midlands,0.561,5.930
1997,DJF,West Midlands,0.568,7.721
1998,DJF,West Midlands,0.498,7.872
1999,DJF,West Midlands,0.541,6.884
2000,DJF,West Midlands,0.541,10.628
2001,DJF,West Midlands,0.570,8.686
2002,DJF,West Midlands,0.488,7.942
2003,DJF,West Midlands,0.410,4.756
2004,DJF,West Midlands,0.469,6.488
2005,DJF,West Midlands,0.530,7.419
2006,DJF,West Midlands,0.544,7.593
2007,DJF,West Midlands,0.532,7.686
2008,DJF,West Midlands,0.579,8.151
2009,DJF,West Midlands,0.549,8.256
2010,DJF,West Midlands,0.597,7.663
2011,DJF,West Midlands,0.559,7.849
2012,DJF,West Midlands,0.616,10.744
2013,DJF,West Midlands,0.577,8.012
2014,DJF,West Midlands,0.488,6.151
2015,DJF,West Midlands,0.567,7.221
2016,DJF,West Midlands,0.515,10.035
2017,DJF,West Midlands,0.529,8.581
2018,DJF,West Midlands,0.578,7.930
2019,DJF,West Midlands,0.523,6.128
2020,DJF,West Midlands,0.601,7.872
2021,DJF,West Midlands,0.543,6.802
2022,DJF,West Midlands,0.470,5.488
2023,DJF,West Midlands,0.579,6.593
2024,DJF,West Midlands,0.437,4.814
2025,DJF,West Midlands,0.582,8.558
2026,DJF,West Midlands,0.566,7.093
2027,DJF,West Midlands,0.610,8.337
2028,DJF,West Midlands,0.448,6.140
2029,DJF,West Midlands,0.523,5.186
2030,DJF,West Midlands,0.465,7.640
2031,DJF,West Midlands,0.539,7.430
2032,DJF,West Midlands,0.524,5.186
2033,DJF,West Midlands,0.552,10.500
2034,DJF,West Midlands,0.477,6.267
2035,DJF,West Midlands,0.455,6.779
2036,DJF,West Midlands,0.471,8.477
2037,DJF,West Midlands,0.589,6.023
2038,DJF,West Midlands,0.564,6.779
2039,DJF,West Midlands,0.548,6.151
2040,DJF,West Midlands,0.577,8.047
2041,DJF,West Midlands,0.633,12.686
2042,DJF,West Midlands,0.556,6.977
2043,DJF,West Midlands,0.588,6.500
2044,DJF,West Midlands,0.452,6.279
2045,DJF,West Midlands,0.471,4.721
2046,DJF,West Midlands,0.586,9.570
2047,DJF,West Midlands,0.518,7.302
2048,DJF,West Midlands,0.608,7.640
2049,DJF,West Midlands,0.490,6.558
2050,DJF,West Midlands,0.618,7.849
2051,DJF,West Midlands,0.428,6.814
2052,DJF,West Midlands,0.639,8.163
2053,DJF,West Midlands,0.472,7.372
2054,DJF,West Midlands,0.513,7.709
2055,DJF,West Midlands,0.503,8.151
2056,DJF,West Midlands,0.571,6.907
2057,DJF,West Midlands,0.575,7.895
2058,DJF,West Midlands,0.493,6.733
2059,DJF,West Midlands,0.447,5.581
2060,DJF,West Midlands,0.482,7.384
2061,DJF,West Midlands,0.535,8.395
2062,DJF,West Midlands,0.574,7.058
2063,DJF,West Midlands,0.552,5.302
2064,DJF,West Midlands,0.611,6.953
2065,DJF,West Midlands,0.590,7.407
2066,DJF,West Midlands,0.579,7.977
2067,DJF,West Midlands,0.434,7.267
2068,DJF,West Midlands,0.507,6.023
2069,DJF,West Midlands,0.495,6.628
2070,DJF,West Midlands,0.579,6.733
2071,DJF,West Midlands,0.580,10.105
2072,DJF,West Midlands,0.539,6.372
2073,DJF,West Midlands,0.429,4.884
2074,DJF,West Midlands,0.505,6.860
2075,DJF,West Midlands,0.535,7.372
2076,DJF,West Midlands,0.531,8.744
2077,DJF,West Midlands,0.551,7.395
2078,DJF,West Midlands,0.553,7.977
2079,DJF,West Midlands,0.456,6.070
1981,DJF,West Scotland,0.631,11.431
1982,DJF,West Scotland,0.835,20.208
1983,DJF,West Scotland,0.819,19.838
1984,DJF,West Scotland,0.588,11.823
1985,DJF,West Scotland,0.737,15.700
1986,DJF,West Scotland,0.784,20.100
1987,DJF,West Scotland,0.767,14.431
1988,DJF,West Scotland,0.565,11.892
1989,DJF,West Scotland,0.463,7.554
1990,DJF,West Scotland,0.728,12.423
1991,DJF,West Scotland,0.709,18.562
1992,DJF,West Scotland,0.779,22.569
1993,DJF,West Scotland,0.836,21.923
1994,DJF,West Scotland,0.584,14.477
1995,DJF,West Scotland,0.707,15.923
1996,DJF,West Scotland,0.818,19.923
1997,DJF,West Scotland,0.754,16.023
1998,DJF,West Scotland,0.692,15.085
1999,DJF,West Scotland,0.790,24.600
2000,DJF,West Scotland,0.557,11.262
2001,DJF,West Scotland,0.761,17.915
2002,DJF,West Scotland,0.548,13.000
2003,DJF,West Scotland,0.546,12.362
2004,DJF,West Scotland,0.717,14.769
2005,DJF,West Scotland,0.743,15.700
2006,DJF,West Scotland,0.722,14.900
2007,DJF,West Scotland,0.689,12.162
2008,DJF,West Scotland,0.749,16.023
2009,DJF,West Scotland,0.687,15.300
2010,DJF,West Scotland,0.713,18.154
2011,DJF,West Scotland,0.689,12.700
2012,DJF,West Scotland,0.872,29.931
2013,DJF,West Scotland,0.697,22.169
2014,DJF,West Scotland,0.705,15.438
2015,DJF,West Scotland,0.600,17.562
2016,DJF,West Scotland,0.639,10.192
2017,DJF,West Scotland,0.782,16.131
2018,DJF,West Scotland,0.724,15.677
2019,DJF,West Scotland,0.616,20.162
2020,DJF,West Scotland,0.848,24.338
2021,DJF,West Scotland,0.799,14.169
2022,DJF,West Scotland,0.513,6.977
2023,DJF,West Scotland,0.714,19.277
2024,DJF,West Scotland,0.768,16.369
2025,DJF,West Scotland,0.837,23.631
2026,DJF,West Scotland,0.604,10.285
2027,DJF,West Scotland,0.710,16.608
2028,DJF,West Scotland,0.721,14.038
2029,DJF,West Scotland,0.845,26.992
2030,DJF,West Scotland,0.426,11.354
2031,DJF,West Scotland,0.676,13.854
2032,DJF,West Scotland,0.771,19.262
2033,DJF,West Scotland,0.675,14.131
2034,DJF,West Scotland,0.672,14.446
2035,DJF,West Scotland,0.722,13.485
2036,DJF,West Scotland,0.658,16.646
2037,DJF,West Scotland,0.728,13.692
2038,DJF,West Scotland,0.759,17.377
2039,DJF,West Scotland,0.624,13.346
2040,DJF,West Scotland,0.724,12.923
2041,DJF,West Scotland,0.741,19.108
2042,DJF,West Scotland,0.706,22.023
2043,DJF,West Scotland,0.687,13.508
2044,DJF,West Scotland,0.598,11.931
2045,DJF,West Scotland,0.650,12.646
2046,DJF,West Scotland,0.774,15.992
2047,DJF,West Scotland,0.696,14.192
2048,DJF,West Scotland,0.750,14.823
2049,DJF,West Scotland,0.749,10.915
2050,DJF,West Scotland,0.761,18.377
2051,DJF,West Scotland,0.485,8.123
2052,DJF,West Scotland,0.833,22.654
2053,DJF,West Scotland,0.749,20.854
2054,DJF,West Scotland,0.637,14.600
2055,DJF,West Scotland,0.628,14.738
2056,DJF,West Scotland,0.717,13.569
2057,DJF,West Scotland,0.631,14.031
2058,DJF,West Scotland,0.605,11.400
2059,DJF,West Scotland,0.610,14.969
2060,DJF,West Scotland,0.565,11.385
2061,DJF,West Scotland,0.630,14.077
2062,DJF,West Scotland,0.771,20.777
2063,DJF,West Scotland,0.853,25.531
2064,DJF,West Scotland,0.692,20.038
2065,DJF,West Scotland,0.739,11.008
2066,DJF,West Scotland,0.767,14.862
2067,DJF,West Scotland,0.605,12.915
2068,DJF,West Scotland,0.589,9.169
2069,DJF,West Scotland,0.640,14.962
2070,DJF,West Scotland,0.785,15.408
2071,DJF,West Scotland,0.744,13.477
2072,DJF,West Scotland,0.681,13.438
2073,DJF,West Scotland,0.610,11.762
2074,DJF,West Scotland,0.682,14.938
2075,DJF,West Scotland,0.752,16.700
2076,DJF,West Scotland,0.548,11.208
2077,DJF,West Scotland,0.609,18.777
2078,DJF,West Scotland,0.739,13.954
2079,DJF,West Scotland,0.699,16.369
1981,DJF,Yorkshire and Humber,0.413,5.099
1982,DJF,Yorkshire and Humber,0.563,5.941
1983,DJF,Yorkshire and Humber,0.495,6.515
1984,DJF,Yorkshire and Humber,0.530,7.188
1985,DJF,Yorkshire and Humber,0.441,6.624
1986,DJF,Yorkshire and Humber,0.529,8.119
1987,DJF,Yorkshire and Humber,0.506,6.554
1988,DJF,Yorkshire and Humber,0.577,6.614
1989,DJF,Yorkshire and Humber,0.552,9.713
1990,DJF,Yorkshire and Humber,0.525,6.248
1991,DJF,Yorkshire and Humber,0.507,6.673
1992,DJF,Yorkshire and Humber,0.528,7.307
1993,DJF,Yorkshire and Humber,0.481,6.644
1994,DJF,Yorkshire and Humber,0.464,5.297
1995,DJF,Yorkshire and Humber,0.547,6.772
1996,DJF,Yorkshire and Humber,0.522,6.515
1997,DJF,Yorkshire and Humber,0.529,7.545
1998,DJF,Yorkshire and Humber,0.381,4.614
1999,DJF,Yorkshire and Humber,0.493,6.911
2000,DJF,Yorkshire and Humber,0.552,10.287
2001,DJF,Yorkshire and Humber,0.539,8.406
2002,DJF,Yorkshire and Humber,0.571,9.733
2003,DJF,Yorkshire and Humber,0.509,6.337
2004,DJF,Yorkshire and Humber,0.468,6.436
2005,DJF,Yorkshire and Humber,0.476,6.307
2006,DJF,Yorkshire and Humber,0.483,7.277
2007,DJF,Yorkshire and Humber,0.578,9.356
2008,DJF,Yorkshire and Humber,0.562,6.921
2009,DJF,Yorkshire and Humber,0.527,8.030
2010,DJF,Yorkshire and Humber,0.587,9.653
2011,DJF,Yorkshire and Humber,0.508,5.921
2012,DJF,Yorkshire and Humber,0.570,8.941
2013,DJF,Yorkshire and Humber,0.536,7.812
2014,DJF,Yorkshire and Humber,0.466,6.040
2015,DJF,Yorkshire and Humber,0.596,9.574
2016,DJF,Yorkshire and Humber,0.513,14.267
2017,DJF,Yorkshire and Humber,0.478,5.970
2018,DJF,Yorkshire and Humber,0.554,7.337
2019,DJF,Yorkshire and Humber,0.481,6.980
2020,DJF,Yorkshire and Humber,0.547,8.416
2021,DJF,Yorkshire and Humber,0.531,8.475
2022,DJF,Yorkshire and Humber,0.544,7.218
2023,DJF,Yorkshire and Humber,0.549,6.881
2024,DJF,Yorkshire and Humber,0.449,5.446
2025,DJF,Yorkshire and Humber,0.594,8.505
2026,DJF,Yorkshire and Humber,0.586,8.901
2027,DJF,Yorkshire and Humber,0.543,6.574
2028,DJF,Yorkshire and Humber,0.430,6.347
2029,DJF,Yorkshire and Humber,0.495,7.188
2030,DJF,Yorkshire and Humber,0.518,8.347
2031,DJF,Yorkshire and Humber,0.557,8.347
2032,DJF,Yorkshire and Humber,0.513,6.495
2033,DJF,Yorkshire and Humber,0.536,11.436
2034,DJF,Yorkshire and Humber,0.451,5.624
2035,DJF,Yorkshire and Humber,0.471,7.337
2036,DJF,Yorkshire and Humber,0.517,8.139
2037,DJF,Yorkshire and Humber,0.588,7.871
2038,DJF,Yorkshire and Humber,0.528,6.683
2039,DJF,Yorkshire and Humber,0.524,6.812
2040,DJF,Yorkshire and Humber,0.572,5.891
2041,DJF,Yorkshire and Humber,0.595,9.554
2042,DJF,Yorkshire and Humber,0.544,8.337
2043,DJF,Yorkshire and Humber,0.515,6.327
2044,DJF,Yorkshire and Humber,0.479,6.950
2045,DJF,Yorkshire and Humber,0.444,5.673
2046,DJF,Yorkshire and Humber,0.500,6.792
2047,DJF,Yorkshire and Humber,0.496,6.416
2048,DJF,Yorkshire and Humber,0.616,7.317
2049,DJF,Yorkshire and Humber,0.479,5.475
2050,DJF,Yorkshire and Humber,0.550,8.228
2051,DJF,Yorkshire and Humber,0.454,6.822
2052,DJF,Yorkshire and Humber,0.644,9.109
2053,DJF,Yorkshire and Humber,0.435,7.436
2054,DJF,Yorkshire and Humber,0.487,6.059
2055,DJF,Yorkshire and Humber,0.495,5.168
2056,DJF,Yorkshire and Humber,0.497,7.891
2057,DJF,Yorkshire and Humber,0.602,8.614
2058,DJF,Yorkshire and Humber,0.505,6.287
2059,DJF,Yorkshire and Humber,0.490,6.743
2060,DJF,Yorkshire and Humber,0.498,5.891
2061,DJF,Yorkshire and Humber,0.520,8.139
2062,DJF,Yorkshire and Humber,0.522,5.139
2063,DJF,Yorkshire and Humber,0.558,6.792
2064,DJF,Yorkshire and Humber,0.494,6.505
2065,DJF,Yorkshire and Humber,0.542,8.248
2066,DJF,Yorkshire and Humber,0.527,7.257
2067,DJF,Yorkshire and Humber,0.483,7.772
2068,DJF,Yorkshire and Humber,0.496,5.941
2069,DJF,Yorkshire and Humber,0.495,6.446
2070,DJF,Yorkshire and Humber,0.562,6.614
2071,DJF,Yorkshire and Humber,0.576,7.634
2072,DJF,Yorkshire and Humber,0.483,5.812
2073,DJF,Yorkshire and Humber,0.515,5.921
2074,DJF,Yorkshire and Humber,0.541,7.010
2075,DJF,Yorkshire and Humber,0.528,6.228
2076,DJF,Yorkshire and Humber,0.519,8.079
2077,DJF,Yorkshire and Humber,0.521,9.436
2078,DJF,Yorkshire and Humber,0.517,6.287
2079,DJF,Yorkshire and Humber,0.442,4.743
1981,DJF,Channel Islands,0.544,17.000
1982,DJF,Channel Islands,0.833,18.000
1983,DJF,Channel Islands,0.644,12.000
1984,DJF,Channel Islands,0.648,10.000
1985,DJF,Channel Islands,0.656,13.000
1986,DJF,Channel Islands,0.789,21.000
1987,DJF,Channel Islands,0.744,24.000
1988,DJF,Channel Islands,0.769,11.000
1989,DJF,Channel Islands,0.622,10.000
1990,DJF,Channel Islands,0.700,10.000
1991,DJF,Channel Islands,0.633,11.000
1992,DJF,Channel Islands,0.714,12.000
1993,DJF,Channel Islands,0.778,12.000
1994,DJF,Channel Islands,0.722,16.000
1995,DJF,Channel Islands,0.756,30.000
1996,DJF,Channel Islands,0.857,31.000
1997,DJF,Channel Islands,0.811,13.000
1998,DJF,Channel Islands,0.678,12.000
1999,DJF,Channel Islands,0.722,13.000
2000,DJF,Channel Islands,0.670,8.000
2001,DJF,Channel Islands,0.767,24.000
2002,DJF,Channel Islands,0.744,20.000
2003,DJF,Channel Islands,0.722,16.000
2004,DJF,Channel Islands,0.604,14.000
2005,DJF,Channel Islands,0.767,29.000
2006,DJF,Channel Islands,0.789,19.000
2007,DJF,Channel Islands,0.633,14.000
2008,DJF,Channel Islands,0.780,10.000
2009,DJF,Channel Islands,0.767,17.000
2010,DJF,Channel Islands,0.689,10.000
2011,DJF,Channel Islands,0.578,7.000
2012,DJF,Channel Islands,0.846,15.000
2013,DJF,Channel Islands,0.644,11.000
2014,DJF,Channel Islands,0.800,19.000
2015,DJF,Channel Islands,0.689,9.000
2016,DJF,Channel Islands,0.648,21.000
2017,DJF,Channel Islands,0.767,22.000
2018,DJF,Channel Islands,0.667,16.000
2019,DJF,Channel Islands,0.633,15.000
2020,DJF,Channel Islands,0.846,24.000
2021,DJF,Channel Islands,0.700,11.000
2022,DJF,Channel Islands,0.756,12.000
2023,DJF,Channel Islands,0.722,16.000
2024,DJF,Channel Islands,0.626,12.000
2025,DJF,Channel Islands,0.678,23.000
2026,DJF,Channel Islands,0.767,10.000
2027,DJF,Channel Islands,0.844,19.000
2028,DJF,Channel Islands,0.582,11.000
2029,DJF,Channel Islands,0.789,16.000
2030,DJF,Channel Islands,0.778,21.000
2031,DJF,Channel Islands,0.622,16.000
2032,DJF,Channel Islands,0.714,16.000
2033,DJF,Channel Islands,0.744,17.000
2034,DJF,Channel Islands,0.578,7.000
2035,DJF,Channel Islands,0.567,5.000
2036,DJF,Channel Islands,0.780,12.000
2037,DJF,Channel Islands,0.700,19.000
2038,DJF,Channel Islands,0.756,19.000
2039,DJF,Channel Islands,0.789,11.000
2040,DJF,Channel Islands,0.769,20.000
2041,DJF,Channel Islands,0.744,15.000
2042,DJF,Channel Islands,0.756,17.000
2043,DJF,Channel Islands,0.744,11.000
2044,DJF,Channel Islands,0.659,10.000
2045,DJF,Channel Islands,0.611,13.000
2046,DJF,Channel Islands,0.767,16.000
2047,DJF,Channel Islands,0.733,16.000
2048,DJF,Channel Islands,0.714,19.000
2049,DJF,Channel Islands,0.722,13.000
2050,DJF,Channel Islands,0.656,7.000
2051,DJF,Channel Islands,0.667,9.000
2052,DJF,Channel Islands,0.747,24.000
2053,DJF,Channel Islands,0.689,13.000
2054,DJF,Channel Islands,0.656,19.000
2055,DJF,Channel Islands,0.600,9.000
2056,DJF,Channel Islands,0.769,12.000
2057,DJF,Channel Islands,0.733,32.000
2058,DJF,Channel Islands,0.711,8.000
2059,DJF,Channel Islands,0.633,19.000
2060,DJF,Channel Islands,0.593,7.000
2061,DJF,Channel Islands,0.611,11.000
2062,DJF,Channel Islands,0.800,12.000
2063,DJF,Channel Islands,0.756,29.000
2064,DJF,Channel Islands,0.780,12.000
2065,DJF,Channel Islands,0.678,9.000
2066,DJF,Channel Islands,0.844,28.000
2067,DJF,Channel Islands,0.667,17.000
2068,DJF,Channel Islands,0.791,13.000
2069,DJF,Channel Islands,0.700,20.000
2070,DJF,Channel Islands,0.667,8.000
2071,DJF,Channel Islands,0.722,16.000
2072,DJF,Channel Islands,0.626,15.000
2073,DJF,Channel Islands,0.689,9.000
2074,DJF,Channel Islands,0.733,21.000
2075,DJF,Channel Islands,0.656,11.000
2076,DJF,Channel Islands,0.703,9.000
2077,DJF,Channel Islands,0.678,8.000
2078,DJF,Channel Islands,0.689,12.000
2079,DJF,Channel Islands,0.600,9.000
1981,DJF,Isle of Man,0.600,9.000
1982,DJF,Isle of Man,0.800,14.000
1983,DJF,Isle of Man,0.778,11.667
1984,DJF,Isle of Man,0.645,11.333
1985,DJF,Isle of Man,0.689,12.333
1986,DJF,Isle of Man,0.744,15.333
1987,DJF,Isle of Man,0.767,13.000
1988,DJF,Isle of Man,0.586,10.000
1989,DJF,Isle of Man,0.515,10.000
1990,DJF,Isle of Man,0.689,10.000
1991,DJF,Isle of Man,0.685,8.667
1992,DJF,Isle of Man,0.685,12.667
1993,DJF,Isle of Man,0.763,8.000
1994,DJF,Isle of Man,0.563,10.000
1995,DJF,Isle of Man,0.685,7.667
1996,DJF,Isle of Man,0.784,11.667
1997,DJF,Isle of Man,0.763,9.667
1998,DJF,Isle of Man,0.670,10.000
1999,DJF,Isle of Man,0.681,14.667
2000,DJF,Isle of Man,0.604,10.000
2001,DJF,Isle of Man,0.737,21.000
2002,DJF,Isle of Man,0.619,14.000
2003,DJF,Isle of Man,0.563,7.000
2004,DJF,Isle of Man,0.656,10.000
2005,DJF,Isle of Man,0.722,9.000
2006,DJF,Isle of Man,0.644,9.333
2007,DJF,Isle of Man,0.704,10.667
2008,DJF,Isle of Man,0.725,14.333
2009,DJF,Isle of Man,0.748,18.000
2010,DJF,Isle of Man,0.789,17.000
2011,DJF,Isle of Man,0.681,9.333
2012,DJF,Isle of Man,0.806,18.000
2013,DJF,Isle of Man,0.689,11.667
2014,DJF,Isle of Man,0.674,13.333
2015,DJF,Isle of Man,0.641,7.667
2016,DJF,Isle of Man,0.641,9.000
2017,DJF,Isle of Man,0.693,11.333
2018,DJF,Isle of Man,0.681,12.000
2019,DJF,Isle of Man,0.552,14.333
2020,DJF,Isle of Man,0.795,19.333
2021,DJF,Isle of Man,0.800,16.667
2022,DJF,Isle of Man,0.574,9.000
2023,DJF,Isle of Man,0.700,12.667
2024,DJF,Isle of Man,0.637,11.667
2025,DJF,Isle of Man,0.733,12.333
2026,DJF,Isle of Man,0.744,12.000
2027,DJF,Isle of Man,0.733,11.000
2028,DJF,Isle of Man,0.553,7.667
2029,DJF,Isle of Man,0.800,16.667
2030,DJF,Isle of Man,0.504,14.333
2031,DJF,Isle of Man,0.659,15.000
2032,DJF,Isle of Man,0.729,9.667
2033,DJF,Isle of Man,0.674,11.000
2034,DJF,Isle of Man,0.689,10.333
2035,DJF,Isle of Man,0.663,18.333
2036,DJF,Isle of Man,0.692,15.333
2037,DJF,Isle of Man,0.767,8.667
2038,DJF,Isle of Man,0.730,10.667
2039,DJF,Isle of Man,0.644,9.667
2040,DJF,Isle of Man,0.718,13.333
2041,DJF,Isle of Man,0.744,22.000
2042,DJF,Isle of Man,0.700,15.667
2043,DJF,Isle of Man,0.741,14.000
2044,DJF,Isle of Man,0.663,11.333
2045,DJF,Isle of Man,0.556,10.000
2046,DJF,Isle of Man,0.715,9.333
2047,DJF,Isle of Man,0.741,16.333
2048,DJF,Isle of Man,0.769,13.000
2049,DJF,Isle of Man,0.730,9.333
2050,DJF,Isle of Man,0.737,7.667
2051,DJF,Isle of Man,0.496,8.333
2052,DJF,Isle of Man,0.872,20.667
2053,DJF,Isle of Man,0.633,8.333
2054,DJF,Isle of Man,0.633,18.000
2055,DJF,Isle of Man,0.574,9.000
2056,DJF,Isle of Man,0.736,16.333
2057,DJF,Isle of Man,0.630,10.000
2058,DJF,Isle of Man,0.567,8.333
2059,DJF,Isle of Man,0.578,6.667
2060,DJF,Isle of Man,0.626,8.667
2061,DJF,Isle of Man,0.681,9.000
2062,DJF,Isle of Man,0.744,11.667
2063,DJF,Isle of Man,0.733,11.667
2064,DJF,Isle of Man,0.718,17.333
2065,DJF,Isle of Man,0.704,10.333
2066,DJF,Isle of Man,0.781,16.667
2067,DJF,Isle of Man,0.604,14.000
2068,DJF,Isle of Man,0.623,8.000
2069,DJF,Isle of Man,0.689,15.333
2070,DJF,Isle of Man,0.763,11.667
2071,DJF,Isle of Man,0.715,10.333
2072,DJF,Isle of Man,0.681,13.000
2073,DJF,Isle of Man,0.563,11.000
2074,DJF,Isle of Man,0.689,13.000
2075,DJF,Isle of Man,0.659,9.667
2076,DJF,Isle of Man,0.586,11.333
2077,DJF,Isle of Man,0.644,16.000
2078,DJF,Isle of Man,0.715,10.333
2079,DJF,Isle of Man,0.581,6.333
1981,DJF,Northern Ireland,0.571,7.895
1982,DJF,Northern Ireland,0.761,13.826
1983,DJF,Northern Ireland,0.683,15.174
1984,DJF,Northern Ireland,0.545,8.756
1985,DJF,Northern Ireland,0.679,12.837
1986,DJF,Northern Ireland,0.642,15.244
1987,DJF,Northern Ireland,0.699,11.337
1988,DJF,Northern Ireland,0.500,5.709
1989,DJF,Northern Ireland,0.483,8.174
1990,DJF,Northern Ireland,0.701,12.640
1991,DJF,Northern Ireland,0.669,10.070
1992,DJF,Northern Ireland,0.673,14.221
1993,DJF,Northern Ireland,0.730,14.895
1994,DJF,Northern Ireland,0.523,10.430
1995,DJF,Northern Ireland,0.567,7.674
1996,DJF,Northern Ireland,0.705,11.058
1997,DJF,Northern Ireland,0.695,11.116
1998,DJF,Northern Ireland,0.644,9.872
1999,DJF,Northern Ireland,0.637,10.244
2000,DJF,Northern Ireland,0.638,10.721
2001,DJF,Northern Ireland,0.659,15.070
2002,DJF,Northern Ireland,0.573,18.395
2003,DJF,Northern Ireland,0.550,11.442
2004,DJF,Northern Ireland,0.669,13.035
2005,DJF,Northern Ireland,0.598,6.895
2006,DJF,Northern Ireland,0.591,7.407
2007,DJF,Northern Ireland,0.637,8.884
2008,DJF,Northern Ireland,0.644,9.372
2009,DJF,Northern Ireland,0.621,10.105
2010,DJF,Northern Ireland,0.674,8.953
2011,DJF,Northern Ireland,0.662,9.163
2012,DJF,Northern Ireland,0.746,18.570
2013,DJF,Northern Ireland,0.675,12.430
2014,DJF,Northern Ireland,0.631,10.244
2015,DJF,Northern Ireland,0.610,10.814
2016,DJF,Northern Ireland,0.545,6.640
2017,DJF,Northern Ireland,0.712,13.012
2018,DJF,Northern Ireland,0.648,12.674
2019,DJF,Northern Ireland,0.518,12.012
2020,DJF,Northern Ireland,0.765,17.733
2021,DJF,Northern Ireland,0.697,10.802
2022,DJF,Northern Ireland,0.506,7.151
2023,DJF,Northern Ireland,0.646,14.360
2024,DJF,Northern Ireland,0.659,14.198
2025,DJF,Northern Ireland,0.760,13.267
2026,DJF,Northern Ireland,0.605,10.558
2027,DJF,Northern Ireland,0.636,8.988
2028,DJF,Northern Ireland,0.581,8.779
2029,DJF,Northern Ireland,0.706,12.012
2030,DJF,Northern Ireland,0.407,7.221
2031,DJF,Northern Ireland,0.665,13.093
2032,DJF,Northern Ireland,0.695,11.570
2033,DJF,Northern Ireland,0.639,11.453
2034,DJF,Northern Ireland,0.587,10.942
2035,DJF,Northern Ireland,0.631,10.093
2036,DJF,Northern Ireland,0.583,7.826
2037,DJF,Northern Ireland,0.594,8.302
2038,DJF,Northern Ireland,0.681,8.430
2039,DJF,Northern Ireland,0.545,9.442
2040,DJF,Northern Ireland,0.668,11.058
2041,DJF,Northern Ireland,0.691,13.337
2042,DJF,Northern Ireland,0.640,13.000
2043,DJF,Northern Ireland,0.617,9.477
2044,DJF,Northern Ireland,0.598,8.965
2045,DJF,Northern Ireland,0.550,9.453
2046,DJF,Northern Ireland,0.725,10.558
2047,DJF,Northern Ireland,0.631,11.116
2048,DJF,Northern Ireland,0.633,10.291
2049,DJF,Northern Ireland,0.684,12.163
2050,DJF,Northern Ireland,0.684,11.814
2051,DJF,Northern Ireland,0.504,8.663
2052,DJF,Northern Ireland,0.772,15.256
2053,DJF,Northern Ireland,0.622,11.547
2054,DJF,Northern Ireland,0.601,11.209
2055,DJF,Northern Ireland,0.567,11.616
2056,DJF,Northern Ireland,0.693,11.326
2057,DJF,Northern Ireland,0.591,10.977
2058,DJF,Northern Ireland,0.588,9.965
2059,DJF,Northern Ireland,0.601,11.221
2060,DJF,Northern Ireland,0.528,7.651
2061,DJF,Northern Ireland,0.630,8.349
2062,DJF,Northern Ireland,0.708,12.349
2063,DJF,Northern Ireland,0.734,12.767
2064,DJF,Northern Ireland,0.599,11.035
2065,DJF,Northern Ireland,0.654,8.093
2066,DJF,Northern Ireland,0.707,14.372
2067,DJF,Northern Ireland,0.559,11.651
2068,DJF,Northern Ireland,0.588,9.756
2069,DJF,Northern Ireland,0.618,9.093
2070,DJF,Northern Ireland,0.746,11.581
2071,DJF,Northern Ireland,0.640,8.663
2072,DJF,Northern Ireland,0.625,13.035
2073,DJF,Northern Ireland,0.518,7.651
2074,DJF,Northern Ireland,0.631,10.814
2075,DJF,Northern Ireland,0.650,11.872
2076,DJF,Northern Ireland,0.509,9.140
2077,DJF,Northern Ireland,0.549,11.128
2078,DJF,Northern Ireland,0.655,7.802
2079,DJF,Northern Ireland,0.605,9.419
1981,DJF,Wales,0.609,9.051
1982,DJF,Wales,0.727,11.139
1983,DJF,Wales,0.668,13.540
1984,DJF,Wales,0.555,8.730
1985,DJF,Wales,0.607,13.182
1986,DJF,Wales,0.647,12.657
1987,DJF,Wales,0.679,16.241
1988,DJF,Wales,0.588,8.547
1989,DJF,Wales,0.485,8.307
1990,DJF,Wales,0.630,9.328
1991,DJF,Wales,0.611,7.883
1992,DJF,Wales,0.648,13.854
1993,DJF,Wales,0.667,10.978
1994,DJF,Wales,0.556,10.796
1995,DJF,Wales,0.660,11.131
1996,DJF,Wales,0.713,11.555
1997,DJF,Wales,0.697,13.752
1998,DJF,Wales,0.619,15.058
1999,DJF,Wales,0.666,13.299
2000,DJF,Wales,0.617,12.226
2001,DJF,Wales,0.704,15.920
2002,DJF,Wales,0.552,11.190
2003,DJF,Wales,0.535,8.263
2004,DJF,Wales,0.622,11.285
2005,DJF,Wales,0.662,11.664
2006,DJF,Wales,0.660,11.423
2007,DJF,Wales,0.640,11.204
2008,DJF,Wales,0.673,13.891
2009,DJF,Wales,0.670,12.686
2010,DJF,Wales,0.710,14.380
2011,DJF,Wales,0.649,10.526
2012,DJF,Wales,0.766,17.912
2013,DJF,Wales,0.669,11.905
2014,DJF,Wales,0.636,11.058
2015,DJF,Wales,0.639,11.759
2016,DJF,Wales,0.599,10.876
2017,DJF,Wales,0.663,12.460
2018,DJF,Wales,0.639,10.562
2019,DJF,Wales,0.599,10.000
2020,DJF,Wales,0.752,16.650
2021,DJF,Wales,0.703,13.526
2022,DJF,Wales,0.549,8.752
2023,DJF,Wales,0.669,11.401
2024,DJF,Wales,0.595,11.299
2025,DJF,Wales,0.723,14.496
2026,DJF,Wales,0.626,10.131
2027,DJF,Wales,0.712,14.007
2028,DJF,Wales,0.553,9.102
2029,DJF,Wales,0.701,13.445
2030,DJF,Wales,0.478,9.321
2031,DJF,Wales,0.634,10.336
2032,DJF,Wales,0.651,10.555
2033,DJF,Wales,0.631,12.891
2034,DJF,Wales,0.588,8.686
2035,DJF,Wales,0.575,13.117
2036,DJF,Wales,0.609,11.584
2037,DJF,Wales,0.668,11.891
2038,DJF,Wales,0.683,11.547
2039,DJF,Wales,0.607,8.657
2040,DJF,Wales,0.688,12.482
2041,DJF,Wales,0.703,15.912
2042,DJF,Wales,0.660,15.460
2043,DJF,Wales,0.677,11.956
2044,DJF,Wales,0.519,7.299
2045,DJF,Wales,0.558,9.401
2046,DJF,Wales,0.655,11.781
2047,DJF,Wales,0.640,11.504
2048,DJF,Wales,0.707,14.847
2049,DJF,Wales,0.648,13.540
2050,DJF,Wales,0.703,11.182
2051,DJF,Wales,0.503,7.891
2052,DJF,Wales,0.754,16.307
2053,DJF,Wales,0.594,11.007
2054,DJF,Wales,0.599,14.766
2055,DJF,Wales,0.565,11.460
2056,DJF,Wales,0.681,12.372
2057,DJF,Wales,0.623,11.022
2058,DJF,Wales,0.565,11.431
2059,DJF,Wales,0.532,10.343
2060,DJF,Wales,0.563,8.759
2061,DJF,Wales,0.642,10.460
2062,DJF,Wales,0.703,10.642
2063,DJF,Wales,0.718,12.175
2064,DJF,Wales,0.701,11.022
2065,DJF,Wales,0.677,9.190
2066,DJF,Wales,0.696,16.796
2067,DJF,Wales,0.547,11.686
2068,DJF,Wales,0.578,7.380
2069,DJF,Wales,0.601,11.029
2070,DJF,Wales,0.673,11.927
2071,DJF,Wales,0.692,13.139
2072,DJF,Wales,0.628,9.467
2073,DJF,Wales,0.501,7.577
2074,DJF,Wales,0.583,7.715
2075,DJF,Wales,0.635,13.912
2076,DJF,Wales,0.580,9.562
2077,DJF,Wales,0.647,13.460
2078,DJF,Wales,0.676,12.241
2079,DJF,Wales,0.578,7.628
1981,MAM,East Midlands,0.524,6.893
1982,MAM,East Midlands,0.480,6.922
1983,MAM,East Midlands,0.501,5.874
1984,MAM,East Midlands,0.358,4.932
1985,MAM,East Midlands,0.465,6.262
1986,MAM,East Midlands,0.492,6.029
1987,MAM,East Midlands,0.404,4.515
1988,MAM,East Midlands,0.392,6.068
1989,MAM,East Midlands,0.447,8.340
1990,MAM,East Midlands,0.413,7.621
1991,MAM,East Midlands,0.417,5.388
1992,MAM,East Midlands,0.413,5.252
1993,MAM,East Midlands,0.398,6.951
1994,MAM,East Midlands,0.359,5.252
1995,MAM,East Midlands,0.320,3.757
1996,MAM,East Midlands,0.455,4.680
1997,MAM,East Midlands,0.336,4.757
1998,MAM,East Midlands,0.439,4.524
1999,MAM,East Midlands,0.407,7.864
2000,MAM,East Midlands,0.453,5.350
2001,MAM,East Midlands,0.440,6.515
2002,MAM,East Midlands,0.333,6.495
2003,MAM,East Midlands,0.400,5.291
2004,MAM,East Midlands,0.427,6.350
2005,MAM,East Midlands,0.456,5.466
2006,MAM,East Midlands,0.594,7.699
2007,MAM,East Midlands,0.618,7.204
2008,MAM,East Midlands,0.514,7.282
2009,MAM,East Midlands,0.470,8.184
2010,MAM,East Midlands,0.427,6.592
2011,MAM,East Midlands,0.366,4.660
2012,MAM,East Midlands,0.369,4.204
2013,MAM,East Midlands,0.485,7.816
2014,MAM,East Midlands,0.402,5.709
2015,MAM,East Midlands,0.481,6.650
2016,MAM,East Midlands,0.407,4.971
2017,MAM,East Midlands,0.434,6.311
2018,MAM,East Midlands,0.449,5.864
2019,MAM,East Midlands,0.498,7.981
2020,MAM,East Midlands,0.331,4.621
2021,MAM,East Midlands,0.445,7.913
2022,MAM,East Midlands,0.389,7.903
2023,MAM,East Midlands,0.457,5.786
2024,MAM,East Midlands,0.322,4.097
2025,MAM,East Midlands,0.450,5.252
2026,MAM,East Midlands,0.487,8.913
2027,MAM,East Midlands,0.403,8.553
2028,MAM,East Midlands,0.351,4.854
2029,MAM,East Midlands,0.364,5.447
2030,MAM,East Midlands,0.462,6.417
2031,MAM,East Midlands,0.506,6.214
2032,MAM,East Midlands,0.452,4.990
2033,MAM,East Midlands,0.355,4.854
2034,MAM,East Midlands,0.392,4.767
2035,MAM,East Midlands,0.267,4.971
2036,MAM,East Midlands,0.340,5.126
2037,MAM,East Midlands,0.376,4.816
2038,MAM,East Midlands,0.306,4.990
2039,MAM,East Midlands,0.524,6.282
2040,MAM,East Midlands,0.368,5.155
2041,MAM,East Midlands,0.558,8.816
2042,MAM,East Midlands,0.345,3.981
2043,MAM,East Midlands,0.447,7.175
2044,MAM,East Midlands,0.532,7.320
2045,MAM,East Midlands,0.341,4.252
2046,MAM,East Midlands,0.354,4.893
2047,MAM,East Midlands,0.351,5.175
2048,MAM,East Midlands,0.384,5.670
2049,MAM,East Midlands,0.436,5.748
2050,MAM,East Midlands,0.351,4.427
2051,MAM,East Midlands,0.432,8.330
2052,MAM,East Midlands,0.509,6.447
2053,MAM,East Midlands,0.386,4.981
2054,MAM,East Midlands,0.337,4.583
2055,MAM,East Midlands,0.445,5.553
2056,MAM,East Midlands,0.367,5.437
2057,MAM,East Midlands,0.308,3.981
2058,MAM,East Midlands,0.404,5.524
2059,MAM,East Midlands,0.371,7.874
2060,MAM,East Midlands,0.275,4.796
2061,MAM,East Midlands,0.288,4.301
2062,MAM,East Midlands,0.354,4.680
2063,MAM,East Midlands,0.389,4.417
2064,MAM,East Midlands,0.371,6.621
2065,MAM,East Midlands,0.368,4.816
2066,MAM,East Midlands,0.442,6.214
2067,MAM,East Midlands,0.260,5.447
2068,MAM,East Midlands,0.474,5.757
2069,MAM,East Midlands,0.413,5.709
2070,MAM,East Midlands,0.376,4.068
2071,MAM,East Midlands,0.482,6.155
2072,MAM,East Midlands,0.380,4.709
2073,MAM,East Midlands,0.413,6.107
2074,MAM,East Midlands,0.372,6.709
2075,MAM,East Midlands,0.437,5.961
2076,MAM,East Midlands,0.484,7.311
2077,MAM,East Midlands,0.326,3.379
2078,MAM,East Midlands,0.401,4.573
2079,MAM,East Midlands,0.340,8.078
1981,MAM,East of England,0.530,7.452
1982,MAM,East of England,0.455,6.413
1983,MAM,East of England,0.522,6.524
1984,MAM,East of England,0.310,3.921
1985,MAM,East of England,0.476,7.556
1986,MAM,East of England,0.502,6.230
1987,MAM,East of England,0.404,3.968
1988,MAM,East of England,0.342,4.563
1989,MAM,East of England,0.401,6.595
1990,MAM,East of England,0.378,5.794
1991,MAM,East of England,0.473,7.151
1992,MAM,East of England,0.379,4.960
1993,MAM,East of England,0.338,5.190
1994,MAM,East of England,0.340,6.063
1995,MAM,East of England,0.327,4.659
1996,MAM,East of England,0.491,5.325
1997,MAM,East of England,0.340,5.341
1998,MAM,East of England,0.372,4.032
1999,MAM,East of England,0.382,7.024
2000,MAM,East of England,0.356,4.405
2001,MAM,East of England,0.434,5.929
2002,MAM,East of England,0.323,6.063
2003,MAM,East of England,0.364,5.167
2004,MAM,East of England,0.479,6.754
2005,MAM,East of England,0.432,5.825
2006,MAM,East of England,0.562,6.421
2007,MAM,East of England,0.615,8.365
2008,MAM,East of England,0.458,7.730
2009,MAM,East of England,0.429,6.786
2010,MAM,East of England,0.399,6.397
2011,MAM,East of England,0.341,5.246
2012,MAM,East of England,0.378,4.119
2013,MAM,East of England,0.460,6.310
2014,MAM,East of England,0.386,6.627
2015,MAM,East of England,0.482,6.302
2016,MAM,East of England,0.354,4.929
2017,MAM,East of England,0.426,5.119
2018,MAM,East of England,0.457,6.579
2019,MAM,East of England,0.458,8.079
2020,MAM,East of England,0.344,4.183
2021,MAM,East of England,0.404,7.754
2022,MAM,East of England,0.370,5.738
2023,MAM,East of England,0.481,6.024
2024,MAM,East of England,0.352,4.286
2025,MAM,East of England,0.424,4.135
2026,MAM,East of England,0.481,7.452
2027,MAM,East of England,0.416,7.468
2028,MAM,East of England,0.357,6.111
2029,MAM,East of England,0.304,4.881
2030,MAM,East of England,0.450,6.175
2031,MAM,East of England,0.463,5.563
2032,MAM,East of England,0.434,4.968
2033,MAM,East of England,0.381,6.460
2034,MAM,East of England,0.360,4.492
2035,MAM,East of England,0.257,4.913
2036,MAM,East of England,0.331,4.143
2037,MAM,East of England,0.367,4.968
2038,MAM,East of England,0.279,3.944
2039,MAM,East of England,0.508,7.024
2040,MAM,East of England,0.341,5.413
2041,MAM,East of England,0.536,7.484
2042,MAM,East of England,0.284,2.865
2043,MAM,East of England,0.397,5.579
2044,MAM,East of England,0.524,6.944
2045,MAM,East of England,0.341,5.968
2046,MAM,East of England,0.386,6.500
2047,MAM,East of England,0.326,4.151
2048,MAM,East of England,0.345,4.008
2049,MAM,East of England,0.389,5.556
2050,MAM,East of England,0.322,5.056
2051,MAM,East of England,0.401,5.317
2052,MAM,East of England,0.480,6.008
2053,MAM,East of England,0.361,4.325
2054,MAM,East of England,0.341,4.270
2055,MAM,East of England,0.472,5.437
2056,MAM,East of England,0.359,6.706
2057,MAM,East of England,0.308,3.913
2058,MAM,East of England,0.407,5.706
2059,MAM,East of England,0.296,4.548
2060,MAM,East of England,0.272,5.373
2061,MAM,East of England,0.249,3.817
2062,MAM,East of England,0.381,5.810
2063,MAM,East of England,0.369,3.929
2064,MAM,East of England,0.337,5.841
2065,MAM,East of England,0.343,4.929
2066,MAM,East of England,0.442,4.738
2067,MAM,East of England,0.265,5.230
2068,MAM,East of England,0.486,6.421
2069,MAM,East of England,0.402,7.492
2070,MAM,East of England,0.371,4.048
2071,MAM,East of England,0.438,5.238
2072,MAM,East of England,0.373,4.786
2073,MAM,East of England,0.376,6.548
2074,MAM,East of England,0.323,6.421
2075,MAM,East of England,0.365,5.262
2076,MAM,East of England,0.461,5.778
2077,MAM,East of England,0.282,3.524
2078,MAM,East of England,0.339,3.921
2079,MAM,East of England,0.357,8.421
1981,MAM,East Scotland,0.627,8.679
1982,MAM,East Scotland,0.584,9.132
1983,MAM,East Scotland,0.478,5.711
1984,MAM,East Scotland,0.486,8.138
1985,MAM,East Scotland,0.510,7.774
1986,MAM,East Scotland,0.506,9.572
1987,MAM,East Scotland,0.496,7.604
1988,MAM,East Scotland,0.368,7.164
1989,MAM,East Scotland,0.490,6.780
1990,MAM,East Scotland,0.505,8.692
1991,MAM,East Scotland,0.516,8.541
1992,MAM,East Scotland,0.550,8.597
1993,MAM,East Scotland,0.564,8.893
1994,MAM,East Scotland,0.435,7.887
1995,MAM,East Scotland,0.486,8.761
1996,MAM,East Scotland,0.627,9.478
1997,MAM,East Scotland,0.380,7.755
1998,MAM,East Scotland,0.624,14.119
1999,MAM,East Scotland,0.468,7.390
2000,MAM,East Scotland,0.498,6.686
2001,MAM,East Scotland,0.527,8.805
2002,MAM,East Scotland,0.357,5.597
2003,MAM,East Scotland,0.396,5.623
2004,MAM,East Scotland,0.434,6.604
2005,MAM,East Scotland,0.523,7.346
2006,MAM,East Scotland,0.667,11.925
2007,MAM,East Scotland,0.596,10.113
2008,MAM,East Scotland,0.620,10.226
2009,MAM,East Scotland,0.644,13.566
2010,MAM,East Scotland,0.504,9.723
2011,MAM,East Scotland,0.504,8.830
2012,MAM,East Scotland,0.447,8.201
2013,MAM,East Scotland,0.481,7.541
2014,MAM,East Scotland,0.466,7.063
2015,MAM,East Scotland,0.533,9.868
2016,MAM,East Scotland,0.480,10.692
2017,MAM,East Scotland,0.445,7.126
2018,MAM,East Scotland,0.471,7.258
2019,MAM,East Scotland,0.527,9.855
2020,MAM,East Scotland,0.452,6.371
2021,MAM,East Scotland,0.515,10.245
2022,MAM,East Scotland,0.363,5.830
2023,MAM,East Scotland,0.504,6.994
2024,MAM,East Scotland,0.412,6.994
2025,MAM,East Scotland,0.530,8.950
2026,MAM,East Scotland,0.496,9.679
2027,MAM,East Scotland,0.527,8.119
2028,MAM,East Scotland,0.453,8.836
2029,MAM,East Scotland,0.419,6.547
2030,MAM,East Scotland,0.628,13.182
2031,MAM,East Scotland,0.423,6.981
2032,MAM,East Scotland,0.520,6.352
2033,MAM,East Scotland,0.450,5.541
2034,MAM,East Scotland,0.409,7.113
2035,MAM,East Scotland,0.311,5.579
2036,MAM,East Scotland,0.541,8.371
2037,MAM,East Scotland,0.556,9.057
2038,MAM,East Scotland,0.445,5.679
2039,MAM,East Scotland,0.530,9.805
2040,MAM,East Scotland,0.533,7.736
2041,MAM,East Scotland,0.551,10.994
2042,MAM,East Scotland,0.547,8.157
2043,MAM,East Scotland,0.540,9.170
2044,MAM,East Scotland,0.514,7.969
2045,MAM,East Scotland,0.484,6.283
2046,MAM,East Scotland,0.471,7.264
2047,MAM,East Scotland,0.383,6.547
2048,MAM,East Scotland,0.413,7.629
2049,MAM,East Scotland,0.576,11.962
2050,MAM,East Scotland,0.468,6.931
2051,MAM,East Scotland,0.459,8.063
2052,MAM,East Scotland,0.437,8.239
2053,MAM,East Scotland,0.420,6.465
2054,MAM,East Scotland,0.434,7.667
2055,MAM,East Scotland,0.518,7.403
2056,MAM,East Scotland,0.474,6.314
2057,MAM,East Scotland,0.466,6.283
2058,MAM,East Scotland,0.432,5.409
2059,MAM,East Scotland,0.485,8.371
2060,MAM,East Scotland,0.380,7.811
2061,MAM,East Scotland,0.453,5.730
2062,MAM,East Scotland,0.441,6.836
2063,MAM,East Scotland,0.435,6.623
2064,MAM,East Scotland,0.449,8.082
2065,MAM,East Scotland,0.447,6.855
2066,MAM,East Scotland,0.473,8.642
2067,MAM,East Scotland,0.379,5.503
2068,MAM,East Scotland,0.530,9.170
2069,MAM,East Scotland,0.465,7.403
2070,MAM,East Scotland,0.434,6.302
2071,MAM,East Scotland,0.507,9.157
2072,MAM,East Scotland,0.524,6.421
2073,MAM,East Scotland,0.432,7.610
2074,MAM,East Scotland,0.405,7.145
2075,MAM,East Scotland,0.506,7.717
2076,MAM,East Scotland,0.496,6.862
2077,MAM,East Scotland,0.422,7.566
2078,MAM,East Scotland,0.447,6.403
2079,MAM,East Scotland,0.317,5.352
1981,MAM,London,0.558,8.000
1982,MAM,London,0.488,6.833
1983,MAM,London,0.557,7.000
1984,MAM,London,0.317,4.167
1985,MAM,London,0.500,5.667
1986,MAM,London,0.472,6.667
1987,MAM,London,0.452,6.083
1988,MAM,London,0.317,4.500
1989,MAM,London,0.376,6.417
1990,MAM,London,0.389,8.167
1991,MAM,London,0.486,10.000
1992,MAM,London,0.390,5.250
1993,MAM,London,0.363,5.333
1994,MAM,London,0.354,7.167
1995,MAM,London,0.293,4.500
1996,MAM,London,0.486,5.000
1997,MAM,London,0.353,4.083
1998,MAM,London,0.389,3.333
1999,MAM,London,0.456,9.083
2000,MAM,London,0.416,5.750
2001,MAM,London,0.384,4.750
2002,MAM,London,0.356,10.083
2003,MAM,London,0.410,6.000
2004,MAM,London,0.475,8.250
2005,MAM,London,0.393,6.000
2006,MAM,London,0.600,6.417
2007,MAM,London,0.585,8.917
2008,MAM,London,0.467,10.333
2009,MAM,London,0.447,6.083
2010,MAM,London,0.422,6.750
2011,MAM,London,0.323,4.500
2012,MAM,London,0.371,4.000
2013,MAM,London,0.426,5.333
2014,MAM,London,0.340,6.167
2015,MAM,London,0.495,6.667
2016,MAM,London,0.351,5.083
2017,MAM,London,0.377,5.417
2018,MAM,London,0.419,6.750
2019,MAM,London,0.466,6.583
2020,MAM,London,0.399,4.500
2021,MAM,London,0.446,7.917
2022,MAM,London,0.367,6.833
2023,MAM,London,0.455,7.417
2024,MAM,London,0.289,5.500
2025,MAM,London,0.395,4.500
2026,MAM,London,0.477,9.417
2027,MAM,London,0.420,8.333
2028,MAM,London,0.317,4.250
2029,MAM,London,0.304,4.583
2030,MAM,London,0.434,5.750
2031,MAM,London,0.476,5.417
2032,MAM,London,0.469,5.250
2033,MAM,London,0.363,4.083
2034,MAM,London,0.404,5.250
2035,MAM,London,0.304,5.417
2036,MAM,London,0.351,4.250
2037,MAM,London,0.341,4.417
2038,MAM,London,0.302,7.750
2039,MAM,London,0.536,10.583
2040,MAM,London,0.370,6.500
2041,MAM,London,0.547,9.417
2042,MAM,London,0.264,3.250
2043,MAM,London,0.338,4.750
2044,MAM,London,0.450,6.833
2045,MAM,London,0.323,8.333
2046,MAM,London,0.379,6.583
2047,MAM,London,0.356,4.583
2048,MAM,London,0.303,3.917
2049,MAM,London,0.351,5.083
2050,MAM,London,0.339,6.833
2051,MAM,London,0.414,7.667
2052,MAM,London,0.501,6.583
2053,MAM,London,0.402,5.250
2054,MAM,London,0.323,4.083
2055,MAM,London,0.512,7.583
2056,MAM,London,0.326,5.750
2057,MAM,London,0.324,5.333
2058,MAM,London,0.363,5.000
2059,MAM,London,0.313,4.083
2060,MAM,London,0.259,5.333
2061,MAM,London,0.239,3.833
2062,MAM,London,0.352,6.167
2063,MAM,London,0.393,3.667
2064,MAM,London,0.339,6.667
2065,MAM,London,0.365,6.000
2066,MAM,London,0.428,3.750
2067,MAM,London,0.248,4.500
2068,MAM,London,0.425,5.167
2069,MAM,London,0.391,7.833
2070,MAM,London,0.365,3.417
2071,MAM,London,0.501,7.583
2072,MAM,London,0.393,4.833
2073,MAM,London,0.351,4.667
2074,MAM,London,0.344,6.000
2075,MAM,London,0.369,4.750
2076,MAM,London,0.438,6.000
2077,MAM,London,0.266,3.833
2078,MAM,London,0.349,3.750
2079,MAM,London,0.367,5.167
1981,MAM,North East England,0.591,9.088
1982,MAM,North East England,0.522,7.456
1983,MAM,North East England,0.489,6.912
1984,MAM,North East England,0.429,6.614
1985,MAM,North East England,0.485,9.053
1986,MAM,North East England,0.473,7.316
1987,MAM,North East England,0.445,5.421
1988,MAM,North East England,0.417,6.281
1989,MAM,North East England,0.420,5.912
1990,MAM,North East England,0.469,7.772
1991,MAM,North East England,0.477,6.877
1992,MAM,North East England,0.435,8.404
1993,MAM,North East England,0.460,7.281
1994,MAM,North East England,0.338,4.947
1995,MAM,North East England,0.400,6.667
1996,MAM,North East England,0.537,5.789
1997,MAM,North East England,0.352,6.333
1998,MAM,North East England,0.519,9.772
1999,MAM,North East England,0.447,6.544
2000,MAM,North East England,0.497,6.439
2001,MAM,North East England,0.478,6.614
2002,MAM,North East England,0.308,5.719
2003,MAM,North East England,0.370,5.877
2004,MAM,North East England,0.438,5.614
2005,MAM,North East England,0.434,5.404
2006,MAM,North East England,0.588,9.947
2007,MAM,North East England,0.638,8.368
2008,MAM,North East England,0.574,8.561
2009,MAM,North East England,0.530,6.491
2010,MAM,North East England,0.481,9.193
2011,MAM,North East England,0.380,6.035
2012,MAM,North East England,0.399,6.895
2013,MAM,North East England,0.426,6.702
2014,MAM,North East England,0.451,5.263
2015,MAM,North East England,0.460,6.158
2016,MAM,North East England,0.436,5.877
2017,MAM,North East England,0.407,5.667
2018,MAM,North East England,0.501,6.509
2019,MAM,North East England,0.532,9.877
2020,MAM,North East England,0.407,5.965
2021,MAM,North East England,0.517,8.912
2022,MAM,North East England,0.399,6.649
2023,MAM,North East England,0.526,6.930
2024,MAM,North East England,0.344,6.211
2025,MAM,North East England,0.475,7.474
2026,MAM,North East England,0.516,8.193
2027,MAM,North East England,0.455,8.211
2028,MAM,North East England,0.408,6.228
2029,MAM,North East England,0.366,6.316
2030,MAM,North East England,0.510,12.579
2031,MAM,North East England,0.451,5.649
2032,MAM,North East England,0.483,5.737
2033,MAM,North East England,0.398,4.649
2034,MAM,North East England,0.349,5.211
2035,MAM,North East England,0.261,4.649
2036,MAM,North East England,0.447,5.105
2037,MAM,North East England,0.435,7.544
2038,MAM,North East England,0.359,5.772
2039,MAM,North East England,0.570,6.614
2040,MAM,North East England,0.493,7.772
2041,MAM,North East England,0.591,10.421
2042,MAM,North East England,0.463,4.982
2043,MAM,North East England,0.537,9.877
2044,MAM,North East England,0.478,7.825
2045,MAM,North East England,0.448,5.263
2046,MAM,North East England,0.452,6.965
2047,MAM,North East England,0.375,6.140
2048,MAM,North East England,0.352,4.596
2049,MAM,North East England,0.562,10.965
2050,MAM,North East England,0.422,6.246
2051,MAM,North East England,0.450,8.123
2052,MAM,North East England,0.438,7.947
2053,MAM,North East England,0.379,4.193
2054,MAM,North East England,0.413,6.316
2055,MAM,North East England,0.500,7.579
2056,MAM,North East England,0.448,5.596
2057,MAM,North East England,0.410,4.982
2058,MAM,North East England,0.389,4.561
2059,MAM,North East England,0.392,6.123
2060,MAM,North East England,0.362,6.158
2061,MAM,North East England,0.400,4.474
2062,MAM,North East England,0.414,6.561
2063,MAM,North East England,0.396,5.596
2064,MAM,North East England,0.421,6.544
2065,MAM,North East England,0.388,5.474
2066,MAM,North East England,0.506,9.509
2067,MAM,North East England,0.350,6.702
2068,MAM,North East England,0.506,7.526
2069,MAM,North East England,0.480,7.263
2070,MAM,North East England,0.412,4.702
2071,MAM,North East England,0.485,7.912
2072,MAM,North East England,0.451,5.368
2073,MAM,North East England,0.414,8.667
2074,MAM,North East England,0.384,5.737
2075,MAM,North East England,0.470,5.088
2076,MAM,North East England,0.495,8.825
2077,MAM,North East England,0.374,4.614
2078,MAM,North East England,0.410,5.649
2079,MAM,North East England,0.343,6.737
1981,MAM,North Scotland,0.618,8.333
1982,MAM,North Scotland,0.616,9.930
1983,MAM,North Scotland,0.454,7.776
1984,MAM,North Scotland,0.535,9.547
1985,MAM,North Scotland,0.630,10.900
1986,MAM,North Scotland,0.506,11.149
1987,MAM,North Scotland,0.602,11.010
1988,MAM,North Scotland,0.403,8.035
1989,MAM,North Scotland,0.633,11.965
1990,MAM,North Scotland,0.458,8.791
1991,MAM,North Scotland,0.631,11.577
1992,MAM,North Scotland,0.689,11.965
1993,MAM,North Scotland,0.613,9.209
1994,MAM,North Scotland,0.529,11.925
1995,MAM,North Scotland,0.562,10.010
1996,MAM,North Scotland,0.674,12.398
1997,MAM,North Scotland,0.473,8.891
1998,MAM,North Scotland,0.617,13.259
1999,MAM,North Scotland,0.548,8.284
2000,MAM,North Scotland,0.514,7.224
2001,MAM,North Scotland,0.629,13.930
2002,MAM,North Scotland,0.408,7.343
2003,MAM,North Scotland,0.465,9.642
2004,MAM,North Scotland,0.563,10.940
2005,MAM,North Scotland,0.593,9.935
2006,MAM,North Scotland,0.709,16.701
2007,MAM,North Scotland,0.618,15.308
2008,MAM,North Scotland,0.684,12.776
2009,MAM,North Scotland,0.642,12.463
2010,MAM,North Scotland,0.510,9.085
2011,MAM,North Scotland,0.600,12.368
2012,MAM,North Scotland,0.579,16.900
2013,MAM,North Scotland,0.554,10.980
2014,MAM,North Scotland,0.564,9.736
2015,MAM,North Scotland,0.579,14.502
2016,MAM,North Scotland,0.510,15.060
2017,MAM,North Scotland,0.509,11.408
2018,MAM,North Scotland,0.467,7.950
2019,MAM,North Scotland,0.554,10.164
2020,MAM,North Scotland,0.580,11.333
2021,MAM,North Scotland,0.564,11.095
2022,MAM,North Scotland,0.397,6.582
2023,MAM,North Scotland,0.517,10.318
2024,MAM,North Scotland,0.514,9.527
2025,MAM,North Scotland,0.584,14.289
2026,MAM,North Scotland,0.496,9.876
2027,MAM,North Scotland,0.612,11.328
2028,MAM,North Scotland,0.552,11.816
2029,MAM,North Scotland,0.581,9.851
2030,MAM,North Scotland,0.661,12.443
2031,MAM,North Scotland,0.498,8.408
2032,MAM,North Scotland,0.622,11.562
2033,MAM,North Scotland,0.565,8.507
2034,MAM,North Scotland,0.435,9.194
2035,MAM,North Scotland,0.413,8.876
2036,MAM,North Scotland,0.617,11.408
2037,MAM,North Scotland,0.706,14.075
2038,MAM,North Scotland,0.545,7.930
2039,MAM,North Scotland,0.551,12.318
2040,MAM,North Scotland,0.553,10.194
2041,MAM,North Scotland,0.563,10.562
2042,MAM,North Scotland,0.657,10.090
2043,MAM,North Scotland,0.567,11.851
2044,MAM,North Scotland,0.509,11.214
2045,MAM,North Scotland,0.554,6.995
2046,MAM,North Scotland,0.531,9.547
2047,MAM,North Scotland,0.442,10.070
2048,MAM,North Scotland,0.491,9.970
2049,MAM,North Scotland,0.609,11.915
2050,MAM,North Scotland,0.482,7.512
2051,MAM,North Scotland,0.509,8.891
2052,MAM,North Scotland,0.430,7.363
2053,MAM,North Scotland,0.516,7.761
2054,MAM,North Scotland,0.446,7.796
2055,MAM,North Scotland,0.560,9.741
2056,MAM,North Scotland,0.514,10.184
2057,MAM,North Scotland,0.514,7.920
2058,MAM,North Scotland,0.547,12.194
2059,MAM,North Scotland,0.546,12.343
2060,MAM,North Scotland,0.461,10.597
2061,MAM,North Scotland,0.564,7.403
2062,MAM,North Scotland,0.537,8.711
2063,MAM,North Scotland,0.540,11.811
2064,MAM,North Scotland,0.533,12.662
2065,MAM,North Scotland,0.545,11.234
2066,MAM,North Scotland,0.511,8.642
2067,MAM,North Scotland,0.428,6.055
2068,MAM,North Scotland,0.585,10.920
2069,MAM,North Scotland,0.495,8.910
2070,MAM,North Scotland,0.521,8.791
2071,MAM,North Scotland,0.476,9.179
2072,MAM,North Scotland,0.532,6.900
2073,MAM,North Scotland,0.484,7.224
2074,MAM,North Scotland,0.456,10.065
2075,MAM,North Scotland,0.526,8.045
2076,MAM,North Scotland,0.508,8.587
2077,MAM,North Scotland,0.489,9.323
2078,MAM,North Scotland,0.575,10.721
2079,MAM,North Scotland,0.386,6.498
1981,MAM,North West England,0.658,10.785
1982,MAM,North West England,0.554,7.226
1983,MAM,North West England,0.501,7.366
1984,MAM,North West England,0.451,10.968
1985,MAM,North West England,0.552,8.688
1986,MAM,North West England,0.484,8.548
1987,MAM,North West England,0.543,7.215
1988,MAM,North West England,0.381,9.215
1989,MAM,North West England,0.572,9.892
1990,MAM,North West England,0.504,10.763
1991,MAM,North West England,0.625,12.989
1992,MAM,North West England,0.617,14.624
1993,MAM,North West England,0.500,8.355
1994,MAM,North West England,0.406,6.129
1995,MAM,North West England,0.431,8.108
1996,MAM,North West England,0.658,10.763
1997,MAM,North West England,0.377,6.172
1998,MAM,North West England,0.596,9.968
1999,MAM,North West England,0.457,8.462
2000,MAM,North West England,0.466,5.656
2001,MAM,North West England,0.552,8.763
2002,MAM,North West England,0.368,6.882
2003,MAM,North West England,0.396,7.968
2004,MAM,North West England,0.493,8.860
2005,MAM,North West England,0.572,8.462
2006,MAM,North West England,0.739,13.280
2007,MAM,North West England,0.667,12.473
2008,MAM,North West England,0.684,16.860
2009,MAM,North West England,0.590,9.688
2010,MAM,North West England,0.527,10.570
2011,MAM,North West England,0.525,7.806
2012,MAM,North West England,0.527,12.548
2013,MAM,North West England,0.531,9.774
2014,MAM,North West England,0.493,6.312
2015,MAM,North West England,0.456,7.699
2016,MAM,North West England,0.490,8.882
2017,MAM,North West England,0.463,8.269
2018,MAM,North West England,0.511,6.957
2019,MAM,North West England,0.532,9.613
2020,MAM,North West England,0.467,9.387
2021,MAM,North West England,0.511,8.333
2022,MAM,North West England,0.387,6.462
2023,MAM,North West England,0.542,7.796
2024,MAM,North West England,0.409,7.312
2025,MAM,North West England,0.514,10.570
2026,MAM,North West England,0.436,8.054
2027,MAM,North West England,0.526,11.086
2028,MAM,North West England,0.454,6.892
2029,MAM,North West England,0.480,7.699
2030,MAM,North West England,0.613,10.559
2031,MAM,North West England,0.519,7.548
2032,MAM,North West England,0.555,8.570
2033,MAM,North West England,0.395,6.086
2034,MAM,North West England,0.430,6.312
2035,MAM,North West England,0.332,8.559
2036,MAM,North West England,0.498,8.172
2037,MAM,North West England,0.506,6.301
2038,MAM,North West England,0.426,7.118
2039,MAM,North West England,0.574,8.140
2040,MAM,North West England,0.432,5.624
2041,MAM,North West England,0.633,11.677
2042,MAM,North West England,0.531,7.086
2043,MAM,North West England,0.472,7.742
2044,MAM,North West England,0.489,6.323
2045,MAM,North West England,0.450,6.656
2046,MAM,North West England,0.408,5.860
2047,MAM,North West England,0.408,8.710
2048,MAM,North West England,0.488,15.237
2049,MAM,North West England,0.612,11.731
2050,MAM,North West England,0.358,6.301
2051,MAM,North West England,0.471,7.323
2052,MAM,North West England,0.475,7.527
2053,MAM,North West England,0.431,4.806
2054,MAM,North West England,0.433,6.989
2055,MAM,North West England,0.571,9.677
2056,MAM,North West England,0.444,8.011
2057,MAM,North West England,0.358,4.828
2058,MAM,North West England,0.446,5.204
2059,MAM,North West England,0.442,8.022
2060,MAM,North West England,0.367,7.366
2061,MAM,North West England,0.407,5.581
2062,MAM,North West England,0.413,9.785
2063,MAM,North West England,0.456,7.075
2064,MAM,North West England,0.501,10.710
2065,MAM,North West England,0.456,6.011
2066,MAM,North West England,0.473,9.774
2067,MAM,North West England,0.339,5.656
2068,MAM,North West England,0.505,8.559
2069,MAM,North West England,0.410,6.849
2070,MAM,North West England,0.453,5.957
2071,MAM,North West England,0.550,10.505
2072,MAM,North West England,0.464,6.667
2073,MAM,North West England,0.451,9.495
2074,MAM,North West England,0.428,8.194
2075,MAM,North West England,0.492,7.495
2076,MAM,North West England,0.541,7.538
2077,MAM,North West England,0.423,5.258
2078,MAM,North West England,0.405,5.667
2079,MAM,North West England,0.306,9.054
1981,MAM,South East England,0.528,7.008
1982,MAM,South East England,0.429,6.136
1983,MAM,South East England,0.546,7.178
1984,MAM,South East England,0.317,4.203
1985,MAM,South East England,0.457,5.932
1986,MAM,South East England,0.423,6.051
1987,MAM,South East England,0.420,4.653
1988,MAM,South East England,0.301,5.161
1989,MAM,South East England,0.374,5.678
1990,MAM,South East England,0.392,7.144
1991,MAM,South East England,0.458,7.432
1992,MAM,South East England,0.385,5.636
1993,MAM,South East England,0.337,4.619
1994,MAM,South East England,0.335,6.585
1995,MAM,South East England,0.291,4.449
1996,MAM,South East England,0.480,5.458
1997,MAM,South East England,0.336,4.110
1998,MAM,South East England,0.416,3.958
1999,MAM,South East England,0.428,7.720
2000,MAM,South East England,0.418,5.542
2001,MAM,South East England,0.389,4.864
2002,MAM,South East England,0.330,6.992
2003,MAM,South East England,0.378,5.102
2004,MAM,South East England,0.452,7.288
2005,MAM,South East England,0.384,5.093
2006,MAM,South East England,0.538,6.322
2007,MAM,South East England,0.531,8.483
2008,MAM,South East England,0.455,8.661
2009,MAM,South East England,0.422,5.263
2010,MAM,South East England,0.395,6.559
2011,MAM,South East England,0.322,4.517
2012,MAM,South East England,0.341,4.093
2013,MAM,South East England,0.439,5.186
2014,MAM,South East England,0.353,5.339
2015,MAM,South East England,0.515,9.178
2016,MAM,South East England,0.375,4.949
2017,MAM,South East England,0.381,5.347
2018,MAM,South East England,0.417,6.110
2019,MAM,South East England,0.465,7.415
2020,MAM,South East England,0.353,4.229
2021,MAM,South East England,0.439,8.305
2022,MAM,South East England,0.352,7.415
2023,MAM,South East England,0.454,8.881
2024,MAM,South East England,0.303,5.263
2025,MAM,South East England,0.380,4.034
2026,MAM,South East England,0.444,7.661
2027,MAM,South East England,0.393,9.551
2028,MAM,South East England,0.289,3.517
2029,MAM,South East England,0.293,5.280
2030,MAM,South East England,0.436,6.051
2031,MAM,South East England,0.445,5.364
2032,MAM,South East England,0.415,5.551
2033,MAM,South East England,0.355,4.720
2034,MAM,South East England,0.410,4.924
2035,MAM,South East England,0.262,4.500
2036,MAM,South East England,0.337,4.720
2037,MAM,South East England,0.332,4.102
2038,MAM,South East England,0.283,4.932
2039,MAM,South East England,0.520,6.763
2040,MAM,South East England,0.369,5.788
2041,MAM,South East England,0.544,9.178
2042,MAM,South East England,0.257,3.381
2043,MAM,South East England,0.336,5.034
2044,MAM,South East England,0.421,6.314
2045,MAM,South East England,0.317,8.449
2046,MAM,South East England,0.347,4.610
2047,MAM,South East England,0.351,5.271
2048,MAM,South East England,0.319,4.432
2049,MAM,South East England,0.370,5.508
2050,MAM,South East England,0.293,5.093
2051,MAM,South East England,0.413,5.890
2052,MAM,South East England,0.464,5.975
2053,MAM,South East England,0.375,5.068
2054,MAM,South East England,0.321,4.136
2055,MAM,South East England,0.459,5.068
2056,MAM,South East England,0.331,5.517
2057,MAM,South East England,0.302,3.398
2058,MAM,South East England,0.360,4.542
2059,MAM,South East England,0.310,5.042
2060,MAM,South East England,0.237,3.873
2061,MAM,South East England,0.197,3.415
2062,MAM,South East England,0.350,6.000
2063,MAM,South East England,0.385,4.339
2064,MAM,South East England,0.345,7.390
2065,MAM,South East England,0.334,5.373
2066,MAM,South East England,0.391,4.144
2067,MAM,South East England,0.229,3.898
2068,MAM,South East England,0.430,5.881
2069,MAM,South East England,0.372,6.653
2070,MAM,South East England,0.331,3.669
2071,MAM,South East England,0.457,6.424
2072,MAM,South East England,0.388,5.356
2073,MAM,South East England,0.347,5.542
2074,MAM,South East England,0.314,5.025
2075,MAM,South East England,0.360,4.890
2076,MAM,South East England,0.421,5.254
2077,MAM,South East England,0.284,3.763
2078,MAM,South East England,0.331,3.941
2079,MAM,South East England,0.335,4.814
1981,MAM,South West England,0.574,8.456
1982,MAM,South West England,0.464,6.373
1983,MAM,South West England,0.551,8.152
1984,MAM,South West England,0.413,7.228
1985,MAM,South West England,0.443,6.196
1986,MAM,South West England,0.426,7.975
1987,MAM,South West England,0.443,6.316
1988,MAM,South West England,0.320,7.127
1989,MAM,South West England,0.424,8.684
1990,MAM,South West England,0.402,7.095
1991,MAM,South West England,0.432,6.778
1992,MAM,South West England,0.404,5.582
1993,MAM,South West England,0.384,5.785
1994,MAM,South West England,0.306,4.627
1995,MAM,South West England,0.345,5.519
1996,MAM,South West England,0.515,7.595
1997,MAM,South West England,0.316,4.032
1998,MAM,South West England,0.501,6.025
1999,MAM,South West England,0.412,7.608
2000,MAM,South West England,0.434,7.190
2001,MAM,South West England,0.398,5.506
2002,MAM,South West England,0.332,5.506
2003,MAM,South West England,0.364,6.108
2004,MAM,South West England,0.448,7.690
2005,MAM,South West England,0.440,5.911
2006,MAM,South West England,0.570,7.506
2007,MAM,South West England,0.516,7.051
2008,MAM,South West England,0.505,9.171
2009,MAM,South West England,0.473,8.215
2010,MAM,South West England,0.424,5.620
2011,MAM,South West England,0.379,5.272
2012,MAM,South West England,0.383,4.715
2013,MAM,South West England,0.481,6.158
2014,MAM,South West England,0.387,5.905
2015,MAM,South West England,0.495,9.810
2016,MAM,South West England,0.374,5.646
2017,MAM,South West England,0.432,7.051
2018,MAM,South West England,0.431,6.158
2019,MAM,South West England,0.444,6.222
2020,MAM,South West England,0.358,5.247
2021,MAM,South West England,0.436,8.108
2022,MAM,South West England,0.324,6.791
2023,MAM,South West England,0.477,9.658
2024,MAM,South West England,0.332,5.848
2025,MAM,South West England,0.394,5.671
2026,MAM,South West England,0.401,5.905
2027,MAM,South West England,0.402,8.272
2028,MAM,South West England,0.331,4.266
2029,MAM,South West England,0.301,6.418
2030,MAM,South West England,0.473,5.981
2031,MAM,South West England,0.461,5.943
2032,MAM,South West England,0.436,5.886
2033,MAM,South West England,0.356,4.842
2034,MAM,South West England,0.432,5.165
2035,MAM,South West England,0.266,4.690
2036,MAM,South West England,0.348,5.506
2037,MAM,South West England,0.297,4.139
2038,MAM,South West England,0.286,5.759
2039,MAM,South West England,0.496,5.778
2040,MAM,South West England,0.340,5.753
2041,MAM,South West England,0.537,7.677
2042,MAM,South West England,0.289,3.646
2043,MAM,South West England,0.373,5.677
2044,MAM,South West England,0.405,6.348
2045,MAM,South West England,0.335,8.361
2046,MAM,South West England,0.314,3.873
2047,MAM,South West England,0.367,6.361
2048,MAM,South West England,0.361,5.316
2049,MAM,South West England,0.445,6.494
2050,MAM,South West England,0.281,3.671
2051,MAM,South West England,0.382,4.880
2052,MAM,South West England,0.498,6.222
2053,MAM,South West England,0.373,4.785
2054,MAM,South West England,0.322,4.652
2055,MAM,South West England,0.464,8.076
2056,MAM,South West England,0.380,6.487
2057,MAM,South West England,0.321,4.468
2058,MAM,South West England,0.388,6.405
2059,MAM,South West England,0.314,5.778
2060,MAM,South West England,0.247,4.266
2061,MAM,South West England,0.244,3.905
2062,MAM,South West England,0.291,4.114
2063,MAM,South West England,0.413,7.475
2064,MAM,South West England,0.366,7.259
2065,MAM,South West England,0.352,5.266
2066,MAM,South West England,0.392,5.222
2067,MAM,South West England,0.229,4.215
2068,MAM,South West England,0.417,4.949
2069,MAM,South West England,0.364,8.051
2070,MAM,South West England,0.327,3.968
2071,MAM,South West England,0.462,6.753
2072,MAM,South West England,0.404,5.677
2073,MAM,South West England,0.336,4.791
2074,MAM,South West England,0.337,4.696
2075,MAM,South West England,0.368,5.241
2076,MAM,South West England,0.433,4.563
2077,MAM,South West England,0.300,5.981
2078,MAM,South West England,0.328,4.418
2079,MAM,South West England,0.332,6.449
1981,MAM,West Midlands,0.547,7.337
1982,MAM,West Midlands,0.442,5.733
1983,MAM,West Midlands,0.513,6.000
1984,MAM,West Midlands,0.367,6.605
1985,MAM,West Midlands,0.455,5.593
1986,MAM,West Midlands,0.440,6.535
1987,MAM,West Midlands,0.433,5.744
1988,MAM,West Midlands,0.356,9.465
1989,MAM,West Midlands,0.429,7.802
1990,MAM,West Midlands,0.427,7.105
1991,MAM,West Midlands,0.425,6.814
1992,MAM,West Midlands,0.434,5.488
1993,MAM,West Midlands,0.422,5.663
1994,MAM,West Midlands,0.371,5.721
1995,MAM,West Midlands,0.333,4.477
1996,MAM,West Midlands,0.507,6.012
1997,MAM,West Midlands,0.305,4.407
1998,MAM,West Midlands,0.491,5.000
1999,MAM,West Midlands,0.424,7.907
2000,MAM,West Midlands,0.443,4.988
2001,MAM,West Midlands,0.409,5.395
2002,MAM,West Midlands,0.358,6.605
2003,MAM,West Midlands,0.392,4.860
2004,MAM,West Midlands,0.425,6.453
2005,MAM,West Midlands,0.455,6.070
2006,MAM,West Midlands,0.579,6.465
2007,MAM,West Midlands,0.551,6.349
2008,MAM,West Midlands,0.568,8.244
2009,MAM,West Midlands,0.491,7.163
2010,MAM,West Midlands,0.446,6.326
2011,MAM,West Midlands,0.420,4.965
2012,MAM,West Midlands,0.378,4.465
2013,MAM,West Midlands,0.487,6.919
2014,MAM,West Midlands,0.410,6.698
2015,MAM,West Midlands,0.485,8.302
2016,MAM,West Midlands,0.393,4.942
2017,MAM,West Midlands,0.450,7.686
2018,MAM,West Midlands,0.418,4.895
2019,MAM,West Midlands,0.466,6.802
2020,MAM,West Midlands,0.357,4.523
2021,MAM,West Midlands,0.464,8.267
2022,MAM,West Midlands,0.342,6.988
2023,MAM,West Midlands,0.483,8.442
2024,MAM,West Midlands,0.349,4.686
2025,MAM,West Midlands,0.460,6.116
2026,MAM,West Midlands,0.440,7.244
2027,MAM,West Midlands,0.410,11.826
2028,MAM,West Midlands,0.390,4.814
2029,MAM,West Midlands,0.368,7.919
2030,MAM,West Midlands,0.476,7.279
2031,MAM,West Midlands,0.497,6.058
2032,MAM,West Midlands,0.448,8.314
2033,MAM,West Midlands,0.314,4.151
2034,MAM,West Midlands,0.460,6.035
2035,MAM,West Midlands,0.283,4.605
2036,MAM,West Midlands,0.357,5.721
2037,MAM,West Midlands,0.393,5.209
2038,MAM,West Midlands,0.324,6.023
2039,MAM,West Midlands,0.547,6.721
2040,MAM,West Midlands,0.396,5.953
2041,MAM,West Midlands,0.556,7.686
2042,MAM,West Midlands,0.338,3.651
2043,MAM,West Midlands,0.417,6.826
2044,MAM,West Midlands,0.474,6.465
2045,MAM,West Midlands,0.342,4.581
2046,MAM,West Midlands,0.346,3.419
2047,MAM,West Midlands,0.347,4.837
2048,MAM,West Midlands,0.412,8.233
2049,MAM,West Midlands,0.460,5.744
2050,MAM,West Midlands,0.323,5.860
2051,MAM,West Midlands,0.421,6.465
2052,MAM,West Midlands,0.527,6.860
2053,MAM,West Midlands,0.387,4.779
2054,MAM,West Midlands,0.335,4.488
2055,MAM,West Midlands,0.496,6.174
2056,MAM,West Midlands,0.397,6.884
2057,MAM,West Midlands,0.323,4.093
2058,MAM,West Midlands,0.392,4.302
2059,MAM,West Midlands,0.365,7.744
2060,MAM,West Midlands,0.241,3.837
2061,MAM,West Midlands,0.309,4.453
2062,MAM,West Midlands,0.329,4.500
2063,MAM,West Midlands,0.370,4.314
2064,MAM,West Midlands,0.393,6.605
2065,MAM,West Midlands,0.403,4.395
2066,MAM,West Midlands,0.393,6.942
2067,MAM,West Midlands,0.260,4.035
2068,MAM,West Midlands,0.466,5.814
2069,MAM,West Midlands,0.358,5.442
2070,MAM,West Midlands,0.376,3.884
2071,MAM,West Midlands,0.526,7.081
2072,MAM,West Midlands,0.397,5.570
2073,MAM,West Midlands,0.390,5.233
2074,MAM,West Midlands,0.375,6.430
2075,MAM,West Midlands,0.423,6.314
2076,MAM,West Midlands,0.501,7.407
2077,MAM,West Midlands,0.340,4.140
2078,MAM,West Midlands,0.396,4.140
2079,MAM,West Midlands,0.317,8.744
1981,MAM,West Scotland,0.627,9.792
1982,MAM,West Scotland,0.567,7.254
1983,MAM,West Scotland,0.486,7.462
1984,MAM,West Scotland,0.468,10.962
1985,MAM,West Scotland,0.505,7.931
1986,MAM,West Scotland,0.469,10.446
1987,MAM,West Scotland,0.525,8.485
1988,MAM,West Scotland,0.384,7.192
1989,MAM,West Scotland,0.567,9.546
1990,MAM,West Scotland,0.490,10.615
1991,MAM,West Scotland,0.615,12.423
1992,MAM,West Scotland,0.675,17.338
1993,MAM,West Scotland,0.592,7.692
1994,MAM,West Scotland,0.474,12.600
1995,MAM,West Scotland,0.511,10.892
1996,MAM,West Scotland,0.711,14.362
1997,MAM,West Scotland,0.374,6.454
1998,MAM,West Scotland,0.660,15.215
1999,MAM,West Scotland,0.477,7.415
2000,MAM,West Scotland,0.458,5.192
2001,MAM,West Scotland,0.542,8.723
2002,MAM,West Scotland,0.389,8.477
2003,MAM,West Scotland,0.421,8.615
2004,MAM,West Scotland,0.453,10.508
2005,MAM,West Scotland,0.563,9.592
2006,MAM,West Scotland,0.726,18.954
2007,MAM,West Scotland,0.622,12.462
2008,MAM,West Scotland,0.725,14.262
2009,MAM,West Scotland,0.606,10.569
2010,MAM,West Scotland,0.462,8.700
2011,MAM,West Scotland,0.563,8.754
2012,MAM,West Scotland,0.516,16.592
2013,MAM,West Scotland,0.544,9.415
2014,MAM,West Scotland,0.501,7.531
2015,MAM,West Scotland,0.456,8.892
2016,MAM,West Scotland,0.461,15.992
2017,MAM,West Scotland,0.451,10.654
2018,MAM,West Scotland,0.493,8.169
2019,MAM,West Scotland,0.514,7.692
2020,MAM,West Scotland,0.485,9.477
2021,MAM,West Scotland,0.491,9.362
2022,MAM,West Scotland,0.316,5.262
2023,MAM,West Scotland,0.526,8.692
2024,MAM,West Scotland,0.429,8.331
2025,MAM,West Scotland,0.516,11.608
2026,MAM,West Scotland,0.400,8.846
2027,MAM,West Scotland,0.574,9.746
2028,MAM,West Scotland,0.488,8.746
2029,MAM,West Scotland,0.489,8.008
2030,MAM,West Scotland,0.655,11.854
2031,MAM,West Scotland,0.460,8.923
2032,MAM,West Scotland,0.576,8.400
2033,MAM,West Scotland,0.440,6.754
2034,MAM,West Scotland,0.409,7.562
2035,MAM,West Scotland,0.351,8.246
2036,MAM,West Scotland,0.561,10.331
2037,MAM,West Scotland,0.594,10.677
2038,MAM,West Scotland,0.496,7.008
2039,MAM,West Scotland,0.573,11.731
2040,MAM,West Scotland,0.515,9.354
2041,MAM,West Scotland,0.539,10.985
2042,MAM,West Scotland,0.606,9.015
2043,MAM,West Scotland,0.445,7.415
2044,MAM,West Scotland,0.485,8.223
2045,MAM,West Scotland,0.466,7.054
2046,MAM,West Scotland,0.434,8.577
2047,MAM,West Scotland,0.406,8.908
2048,MAM,West Scotland,0.517,11.354
2049,MAM,West Scotland,0.588,11.477
2050,MAM,West Scotland,0.417,7.631
2051,MAM,West Scotland,0.451,8.862
2052,MAM,West Scotland,0.425,7.162
2053,MAM,West Scotland,0.475,5.700
2054,MAM,West Scotland,0.456,9.492
2055,MAM,West Scotland,0.549,11.162
2056,MAM,West Scotland,0.456,6.500
2057,MAM,West Scotland,0.414,6.154
2058,MAM,West Scotland,0.463,5.685
2059,MAM,West Scotland,0.489,10.500
2060,MAM,West Scotland,0.410,8.731
2061,MAM,West Scotland,0.442,5.585
2062,MAM,West Scotland,0.449,10.992
2063,MAM,West Scotland,0.439,5.992
2064,MAM,West Scotland,0.518,13.062
2065,MAM,West Scotland,0.524,10.554
2066,MAM,West Scotland,0.461,8.885
2067,MAM,West Scotland,0.374,7.838
2068,MAM,West Scotland,0.518,10.162
2069,MAM,West Scotland,0.401,5.946
2070,MAM,West Scotland,0.439,7.569
2071,MAM,West Scotland,0.512,10.385
2072,MAM,West Scotland,0.507,7.654
2073,MAM,West Scotland,0.480,9.615
2074,MAM,West Scotland,0.396,9.100
2075,MAM,West Scotland,0.488,7.954
2076,MAM,West Scotland,0.495,6.515
2077,MAM,West Scotland,0.460,7.015
2078,MAM,West Scotland,0.468,7.062
2079,MAM,West Scotland,0.313,6.108
1981,MAM,Yorkshire and Humber,0.512,7.723
1982,MAM,Yorkshire and Humber,0.483,6.950
1983,MAM,Yorkshire and Humber,0.480,5.842
1984,MAM,Yorkshire and Humber,0.406,5.921
1985,MAM,Yorkshire and Humber,0.484,8.198
1986,MAM,Yorkshire and Humber,0.451,5.832
1987,MAM,Yorkshire and Humber,0.424,4.772
1988,MAM,Yorkshire and Humber,0.410,6.020
1989,MAM,Yorkshire and Humber,0.460,6.178
1990,MAM,Yorkshire and Humber,0.438,7.366
1991,MAM,Yorkshire and Humber,0.450,6.000
1992,MAM,Yorkshire and Humber,0.433,6.366
1993,MAM,Yorkshire and Humber,0.432,8.050
1994,MAM,Yorkshire and Humber,0.329,5.436
1995,MAM,Yorkshire and Humber,0.355,4.069
1996,MAM,Yorkshire and Humber,0.491,5.099
1997,MAM,Yorkshire and Humber,0.342,5.426
1998,MAM,Yorkshire and Humber,0.455,6.416
1999,MAM,Yorkshire and Humber,0.400,6.772
2000,MAM,Yorkshire and Humber,0.449,4.871
2001,MAM,Yorkshire and Humber,0.435,7.218
2002,MAM,Yorkshire and Humber,0.342,6.970
2003,MAM,Yorkshire and Humber,0.350,4.634
2004,MAM,Yorkshire and Humber,0.412,4.861
2005,MAM,Yorkshire and Humber,0.466,5.960
2006,MAM,Yorkshire and Humber,0.577,9.020
2007,MAM,Yorkshire and Humber,0.634,8.079
2008,MAM,Yorkshire and Humber,0.535,9.337
2009,MAM,Yorkshire and Humber,0.508,8.515
2010,MAM,Yorkshire and Humber,0.479,8.495
2011,MAM,Yorkshire and Humber,0.373,5.406
2012,MAM,Yorkshire and Humber,0.387,4.842
2013,MAM,Yorkshire and Humber,0.478,9.584
2014,MAM,Yorkshire and Humber,0.429,4.941
2015,MAM,Yorkshire and Humber,0.422,5.129
2016,MAM,Yorkshire and Humber,0.432,6.248
2017,MAM,Yorkshire and Humber,0.383,5.465
2018,MAM,Yorkshire and Humber,0.465,6.248
2019,MAM,Yorkshire and Humber,0.511,7.713
2020,MAM,Yorkshire and Humber,0.365,5.168
2021,MAM,Yorkshire and Humber,0.469,7.436
2022,MAM,Yorkshire and Humber,0.377,7.188
2023,MAM,Yorkshire and Humber,0.485,6.218
2024,MAM,Yorkshire and Humber,0.324,5.158
2025,MAM,Yorkshire and Humber,0.448,7.000
2026,MAM,Yorkshire and Humber,0.468,7.970
2027,MAM,Yorkshire and Humber,0.432,9.604
2028,MAM,Yorkshire and Humber,0.375,5.406
2029,MAM,Yorkshire and Humber,0.389,5.010
2030,MAM,Yorkshire and Humber,0.469,10.267
2031,MAM,Yorkshire and Humber,0.459,5.030
2032,MAM,Yorkshire and Humber,0.447,5.426
2033,MAM,Yorkshire and Humber,0.343,4.139
2034,MAM,Yorkshire and Humber,0.374,5.010
2035,MAM,Yorkshire and Humber,0.276,5.980
2036,MAM,Yorkshire and Humber,0.410,5.604
2037,MAM,Yorkshire and Humber,0.398,4.970
2038,MAM,Yorkshire and Humber,0.338,4.941
2039,MAM,Yorkshire and Humber,0.535,6.604
2040,MAM,Yorkshire and Humber,0.377,5.505
2041,MAM,Yorkshire and Humber,0.542,9.941
2042,MAM,Yorkshire and Humber,0.398,4.337
2043,MAM,Yorkshire and Humber,0.483,8.545
2044,MAM,Yorkshire and Humber,0.475,7.317
2045,MAM,Yorkshire and Humber,0.378,4.564
2046,MAM,Yorkshire and Humber,0.384,5.317
2047,MAM,Yorkshire and Humber,0.353,5.733
2048,MAM,Yorkshire and Humber,0.357,5.208
2049,MAM,Yorkshire and Humber,0.482,6.535
2050,MAM,Yorkshire and Humber,0.352,4.663
2051,MAM,Yorkshire and Humber,0.452,7.891
2052,MAM,Yorkshire and Humber,0.460,7.277
2053,MAM,Yorkshire and Humber,0.367,3.703
2054,MAM,Yorkshire and Humber,0.362,4.584
2055,MAM,Yorkshire and Humber,0.431,7.158
2056,MAM,Yorkshire and Humber,0.404,5.376
2057,MAM,Yorkshire and Humber,0.362,4.446
2058,MAM,Yorkshire and Humber,0.354,4.465
2059,MAM,Yorkshire and Humber,0.358,5.248
2060,MAM,Yorkshire and Humber,0.303,4.871
2061,MAM,Yorkshire and Humber,0.350,4.109
2062,MAM,Yorkshire and Humber,0.381,4.832
2063,MAM,Yorkshire and Humber,0.387,5.168
2064,MAM,Yorkshire and Humber,0.387,5.238
2065,MAM,Yorkshire and Humber,0.370,4.901
2066,MAM,Yorkshire and Humber,0.462,6.950
2067,MAM,Yorkshire and Humber,0.275,4.594
2068,MAM,Yorkshire and Humber,0.427,5.851
2069,MAM,Yorkshire and Humber,0.410,5.653
2070,MAM,Yorkshire and Humber,0.384,4.634
2071,MAM,Yorkshire and Humber,0.476,7.178
2072,MAM,Yorkshire and Humber,0.395,4.297
2073,MAM,Yorkshire and Humber,0.416,5.752
2074,MAM,Yorkshire and Humber,0.371,6.119
2075,MAM,Yorkshire and Humber,0.472,6.228
2076,MAM,Yorkshire and Humber,0.497,8.723
2077,MAM,Yorkshire and Humber,0.354,3.792
2078,MAM,Yorkshire and Humber,0.399,5.436
2079,MAM,Yorkshire and Humber,0.340,9.020
1981,MAM,Channel Islands,0.587,9.000
1982,MAM,Channel Islands,0.533,7.000
1983,MAM,Channel Islands,0.761,19.000
1984,MAM,Channel Islands,0.457,6.000
1985,MAM,Channel Islands,0.457,13.000
1986,MAM,Channel Islands,0.522,10.000
1987,MAM,Channel Islands,0.533,7.000
1988,MAM,Channel Islands,0.348,9.000
1989,MAM,Channel Islands,0.457,12.000
1990,MAM,Channel Islands,0.413,8.000
1991,MAM,Channel Islands,0.467,9.000
1992,MAM,Channel Islands,0.402,7.000
1993,MAM,Channel Islands,0.380,6.000
1994,MAM,Channel Islands,0.413,7.000
1995,MAM,Channel Islands,0.457,9.000
1996,MAM,Channel Islands,0.576,11.000
1997,MAM,Channel Islands,0.413,6.000
1998,MAM,Channel Islands,0.533,8.000
1999,MAM,Channel Islands,0.457,7.000
2000,MAM,Channel Islands,0.489,7.000
2001,MAM,Channel Islands,0.435,9.000
2002,MAM,Channel Islands,0.326,8.000
2003,MAM,Channel Islands,0.359,7.000
2004,MAM,Channel Islands,0.511,9.000
2005,MAM,Channel Islands,0.478,9.000
2006,MAM,Channel Islands,0.598,10.000
2007,MAM,Channel Islands,0.641,15.000
2008,MAM,Channel Islands,0.489,7.000
2009,MAM,Channel Islands,0.554,7.000
2010,MAM,Channel Islands,0.467,10.000
2011,MAM,Channel Islands,0.402,9.000
2012,MAM,Channel Islands,0.380,7.000
2013,MAM,Channel Islands,0.511,8.000
2014,MAM,Channel Islands,0.424,6.000
2015,MAM,Channel Islands,0.587,7.000
2016,MAM,Channel Islands,0.478,14.000
2017,MAM,Channel Islands,0.457,6.000
2018,MAM,Channel Islands,0.467,9.000
2019,MAM,Channel Islands,0.489,7.000
2020,MAM,Channel Islands,0.359,5.000
2021,MAM,Channel Islands,0.522,9.000
2022,MAM,Channel Islands,0.391,8.000
2023,MAM,Channel Islands,0.511,9.000
2024,MAM,Channel Islands,0.359,5.000
2025,MAM,Channel Islands,0.370,4.000
2026,MAM,Channel Islands,0.533,6.000
2027,MAM,Channel Islands,0.457,10.000
2028,MAM,Channel Islands,0.283,6.000
2029,MAM,Channel Islands,0.315,8.000
2030,MAM,Channel Islands,0.587,15.000
2031,MAM,Channel Islands,0.457,5.000
2032,MAM,Channel Islands,0.391,7.000
2033,MAM,Channel Islands,0.478,6.000
2034,MAM,Channel Islands,0.359,8.000
2035,MAM,Channel Islands,0.239,5.000
2036,MAM,Channel Islands,0.380,6.000
2037,MAM,Channel Islands,0.370,7.000
2038,MAM,Channel Islands,0.293,4.000
2039,MAM,Channel Islands,0.565,9.000
2040,MAM,Channel Islands,0.413,7.000
2041,MAM,Channel Islands,0.652,16.000
2042,MAM,Channel Islands,0.326,4.000
2043,MAM,Channel Islands,0.522,7.000
2044,MAM,Channel Islands,0.500,12.000
2045,MAM,Channel Islands,0.348,13.000
2046,MAM,Channel Islands,0.435,15.000
2047,MAM,Channel Islands,0.370,8.000
2048,MAM,Channel Islands,0.402,5.000
2049,MAM,Channel Islands,0.467,8.000
2050,MAM,Channel Islands,0.359,8.000
2051,MAM,Channel Islands,0.380,7.000
2052,MAM,Channel Islands,0.587,7.000
2053,MAM,Channel Islands,0.489,11.000
2054,MAM,Channel Islands,0.380,4.000
2055,MAM,Channel Islands,0.522,17.000
2056,MAM,Channel Islands,0.402,9.000
2057,MAM,Channel Islands,0.348,5.000
2058,MAM,Channel Islands,0.402,7.000
2059,MAM,Channel Islands,0.348,8.000
2060,MAM,Channel Islands,0.261,5.000
2061,MAM,Channel Islands,0.217,3.000
2062,MAM,Channel Islands,0.304,4.000
2063,MAM,Channel Islands,0.478,21.000
2064,MAM,Channel Islands,0.413,12.000
2065,MAM,Channel Islands,0.380,5.000
2066,MAM,Channel Islands,0.609,10.000
2067,MAM,Channel Islands,0.326,8.000
2068,MAM,Channel Islands,0.489,6.000
2069,MAM,Channel Islands,0.533,11.000
2070,MAM,Channel Islands,0.348,5.000
2071,MAM,Channel Islands,0.522,8.000
2072,MAM,Channel Islands,0.511,9.000
2073,MAM,Channel Islands,0.293,6.000
2074,MAM,Channel Islands,0.424,5.000
2075,MAM,Channel Islands,0.402,6.000
2076,MAM,Channel Islands,0.391,8.000
2077,MAM,Channel Islands,0.348,8.000
2078,MAM,Channel Islands,0.391,7.000
2079,MAM,Channel Islands,0.304,8.000
1981,MAM,Isle of Man,0.627,12.333
1982,MAM,Isle of Man,0.511,6.333
1983,MAM,Isle of Man,0.518,7.000
1984,MAM,Isle of Man,0.475,10.000
1985,MAM,Isle of Man,0.565,10.667
1986,MAM,Isle of Man,0.471,10.333
1987,MAM,Isle of Man,0.507,6.667
1988,MAM,Isle of Man,0.442,13.667
1989,MAM,Isle of Man,0.551,10.000
1990,MAM,Isle of Man,0.543,10.667
1991,MAM,Isle of Man,0.587,14.667
1992,MAM,Isle of Man,0.587,8.333
1993,MAM,Isle of Man,0.572,8.000
1994,MAM,Isle of Man,0.489,8.000
1995,MAM,Isle of Man,0.475,8.333
1996,MAM,Isle of Man,0.732,10.333
1997,MAM,Isle of Man,0.402,9.333
1998,MAM,Isle of Man,0.576,8.333
1999,MAM,Isle of Man,0.493,7.667
2000,MAM,Isle of Man,0.453,4.333
2001,MAM,Isle of Man,0.514,6.667
2002,MAM,Isle of Man,0.391,6.667
2003,MAM,Isle of Man,0.442,5.667
2004,MAM,Isle of Man,0.482,8.000
2005,MAM,Isle of Man,0.562,10.667
2006,MAM,Isle of Man,0.656,6.667
2007,MAM,Isle of Man,0.630,8.667
2008,MAM,Isle of Man,0.674,13.333
2009,MAM,Isle of Man,0.533,8.667
2010,MAM,Isle of Man,0.514,13.000
2011,MAM,Isle of Man,0.583,7.667
2012,MAM,Isle of Man,0.482,9.333
2013,MAM,Isle of Man,0.533,8.000
2014,MAM,Isle of Man,0.467,5.667
2015,MAM,Isle of Man,0.489,7.333
2016,MAM,Isle of Man,0.457,10.000
2017,MAM,Isle of Man,0.467,8.000
2018,MAM,Isle of Man,0.514,8.333
2019,MAM,Isle of Man,0.464,6.333
2020,MAM,Isle of Man,0.486,8.000
2021,MAM,Isle of Man,0.547,12.000
2022,MAM,Isle of Man,0.330,7.000
2023,MAM,Isle of Man,0.583,8.333
2024,MAM,Isle of Man,0.449,10.667
2025,MAM,Isle of Man,0.475,10.000
2026,MAM,Isle of Man,0.438,9.333
2027,MAM,Isle of Man,0.554,10.667
2028,MAM,Isle of Man,0.464,9.667
2029,MAM,Isle of Man,0.464,6.667
2030,MAM,Isle of Man,0.605,10.000
2031,MAM,Isle of Man,0.475,8.667
2032,MAM,Isle of Man,0.518,6.000
2033,MAM,Isle of Man,0.442,5.333
2034,MAM,Isle of Man,0.457,6.667
2035,MAM,Isle of Man,0.315,9.333
2036,MAM,Isle of Man,0.543,10.667
2037,MAM,Isle of Man,0.525,9.000
2038,MAM,Isle of Man,0.467,10.667
2039,MAM,Isle of Man,0.594,9.000
2040,MAM,Isle of Man,0.457,5.333
2041,MAM,Isle of Man,0.638,9.333
2042,MAM,Isle of Man,0.504,7.667
2043,MAM,Isle of Man,0.486,5.667
2044,MAM,Isle of Man,0.467,7.000
2045,MAM,Isle of Man,0.438,10.333
2046,MAM,Isle of Man,0.493,9.000
2047,MAM,Isle of Man,0.388,7.000
2048,MAM,Isle of Man,0.442,10.000
2049,MAM,Isle of Man,0.572,10.333
2050,MAM,Isle of Man,0.380,5.667
2051,MAM,Isle of Man,0.395,6.000
2052,MAM,Isle of Man,0.475,6.000
2053,MAM,Isle of Man,0.500,8.667
2054,MAM,Isle of Man,0.431,8.000
2055,MAM,Isle of Man,0.616,16.667
2056,MAM,Isle of Man,0.428,8.000
2057,MAM,Isle of Man,0.435,5.000
2058,MAM,Isle of Man,0.380,4.000
2059,MAM,Isle of Man,0.399,7.000
2060,MAM,Isle of Man,0.341,11.333
2061,MAM,Isle of Man,0.377,4.667
2062,MAM,Isle of Man,0.409,11.333
2063,MAM,Isle of Man,0.457,6.667
2064,MAM,Isle of Man,0.482,10.000
2065,MAM,Isle of Man,0.482,11.000
2066,MAM,Isle of Man,0.457,8.667
2067,MAM,Isle of Man,0.301,4.667
2068,MAM,Isle of Man,0.504,5.667
2069,MAM,Isle of Man,0.380,5.000
2070,MAM,Isle of Man,0.435,6.667
2071,MAM,Isle of Man,0.471,9.333
2072,MAM,Isle of Man,0.464,5.000
2073,MAM,Isle of Man,0.406,6.667
2074,MAM,Isle of Man,0.362,7.667
2075,MAM,Isle of Man,0.446,6.667
2076,MAM,Isle of Man,0.500,7.000
2077,MAM,Isle of Man,0.399,5.000
2078,MAM,Isle of Man,0.399,6.667
2079,MAM,Isle of Man,0.308,8.000
1981,MAM,Northern Ireland,0.631,9.791
1982,MAM,Northern Ireland,0.576,9.186
1983,MAM,Northern Ireland,0.442,6.849
1984,MAM,Northern Ireland,0.450,7.953
1985,MAM,Northern Ireland,0.540,10.326
1986,MAM,Northern Ireland,0.522,8.558
1987,MAM,Northern Ireland,0.539,8.826
1988,MAM,Northern Ireland,0.397,11.081
1989,MAM,Northern Ireland,0.530,7.116
1990,MAM,Northern Ireland,0.488,10.942
1991,MAM,Northern Ireland,0.524,8.349
1992,MAM,Northern Ireland,0.615,10.674
1993,MAM,Northern Ireland,0.586,9.558
1994,MAM,Northern Ireland,0.500,9.977
1995,MAM,Northern Ireland,0.483,9.384
1996,MAM,Northern Ireland,0.680,9.581
1997,MAM,Northern Ireland,0.437,10.047
1998,MAM,Northern Ireland,0.618,13.326
1999,MAM,Northern Ireland,0.506,6.872
2000,MAM,Northern Ireland,0.507,6.384
2001,MAM,Northern Ireland,0.518,6.872
2002,MAM,Northern Ireland,0.485,5.500
2003,MAM,Northern Ireland,0.462,6.523
2004,MAM,Northern Ireland,0.517,6.442
2005,MAM,Northern Ireland,0.578,8.919
2006,MAM,Northern Ireland,0.682,11.663
2007,MAM,Northern Ireland,0.621,9.581
2008,MAM,Northern Ireland,0.688,11.244
2009,MAM,Northern Ireland,0.571,8.326
2010,MAM,Northern Ireland,0.498,8.895
2011,MAM,Northern Ireland,0.573,8.093
2012,MAM,Northern Ireland,0.494,10.512
2013,MAM,Northern Ireland,0.563,8.267
2014,MAM,Northern Ireland,0.492,7.616
2015,MAM,Northern Ireland,0.559,9.070
2016,MAM,Northern Ireland,0.443,8.616
2017,MAM,Northern Ireland,0.464,7.872
2018,MAM,Northern Ireland,0.495,9.291
2019,MAM,Northern Ireland,0.474,6.372
2020,MAM,Northern Ireland,0.454,8.174
2021,MAM,Northern Ireland,0.506,7.407
2022,MAM,Northern Ireland,0.353,6.488
2023,MAM,Northern Ireland,0.574,7.686
2024,MAM,Northern Ireland,0.434,8.140
2025,MAM,Northern Ireland,0.523,8.628
2026,MAM,Northern Ireland,0.452,8.349
2027,MAM,Northern Ireland,0.544,9.151
2028,MAM,Northern Ireland,0.521,10.663
2029,MAM,Northern Ireland,0.451,8.291
2030,MAM,Northern Ireland,0.558,8.058
2031,MAM,Northern Ireland,0.461,8.628
2032,MAM,Northern Ireland,0.586,8.709
2033,MAM,Northern Ireland,0.485,6.326
2034,MAM,Northern Ireland,0.481,8.000
2035,MAM,Northern Ireland,0.393,6.523
2036,MAM,Northern Ireland,0.498,6.709
2037,MAM,Northern Ireland,0.533,6.151
2038,MAM,Northern Ireland,0.547,8.419
2039,MAM,Northern Ireland,0.556,9.291
2040,MAM,Northern Ireland,0.385,7.593
2041,MAM,Northern Ireland,0.553,9.314
2042,MAM,Northern Ireland,0.543,6.593
2043,MAM,Northern Ireland,0.432,7.535
2044,MAM,Northern Ireland,0.458,6.291
2045,MAM,Northern Ireland,0.474,5.477
2046,MAM,Northern Ireland,0.524,8.977
2047,MAM,Northern Ireland,0.397,6.512
2048,MAM,Northern Ireland,0.460,8.616
2049,MAM,Northern Ireland,0.563,8.895
2050,MAM,Northern Ireland,0.431,5.395
2051,MAM,Northern Ireland,0.420,6.872
2052,MAM,Northern Ireland,0.478,8.453
2053,MAM,Northern Ireland,0.483,8.558
2054,MAM,Northern Ireland,0.429,7.849
2055,MAM,Northern Ireland,0.558,10.419
2056,MAM,Northern Ireland,0.448,6.349
2057,MAM,Northern Ireland,0.449,6.953
2058,MAM,Northern Ireland,0.408,4.477
2059,MAM,Northern Ireland,0.491,8.465
2060,MAM,Northern Ireland,0.413,7.674
2061,MAM,Northern Ireland,0.403,5.698
2062,MAM,Northern Ireland,0.422,6.674
2063,MAM,Northern Ireland,0.496,6.837
2064,MAM,Northern Ireland,0.471,9.570
2065,MAM,Northern Ireland,0.475,6.860
2066,MAM,Northern Ireland,0.452,9.233
2067,MAM,Northern Ireland,0.367,5.407
2068,MAM,Northern Ireland,0.556,7.488
2069,MAM,Northern Ireland,0.405,5.453
2070,MAM,Northern Ireland,0.423,6.360
2071,MAM,Northern Ireland,0.505,11.267
2072,MAM,Northern Ireland,0.493,5.965
2073,MAM,Northern Ireland,0.513,8.814
2074,MAM,Northern Ireland,0.393,7.035
2075,MAM,Northern Ireland,0.508,8.360
2076,MAM,Northern Ireland,0.570,6.919
2077,MAM,Northern Ireland,0.432,7.198
2078,MAM,Northern Ireland,0.497,6.512
2079,MAM,Northern Ireland,0.348,8.616
1981,MAM,Wales,0.630,9.737
1982,MAM,Wales,0.515,8.526
1983,MAM,Wales,0.539,8.109
1984,MAM,Wales,0.437,8.657
1985,MAM,Wales,0.495,8.219
1986,MAM,Wales,0.494,8.139
1987,MAM,Wales,0.507,8.080
1988,MAM,Wales,0.379,9.869
1989,MAM,Wales,0.498,9.380
1990,MAM,Wales,0.487,8.993
1991,MAM,Wales,0.513,9.453
1992,MAM,Wales,0.497,7.073
1993,MAM,Wales,0.465,7.234
1994,MAM,Wales,0.425,7.029
1995,MAM,Wales,0.408,8.102
1996,MAM,Wales,0.614,9.496
1997,MAM,Wales,0.362,5.453
1998,MAM,Wales,0.588,8.591
1999,MAM,Wales,0.442,8.686
2000,MAM,Wales,0.466,5.883
2001,MAM,Wales,0.477,7.263
2002,MAM,Wales,0.398,6.547
2003,MAM,Wales,0.413,6.263
2004,MAM,Wales,0.506,8.584
2005,MAM,Wales,0.498,7.752
2006,MAM,Wales,0.658,10.161
2007,MAM,Wales,0.572,7.613
2008,MAM,Wales,0.631,11.051
2009,MAM,Wales,0.551,9.073
2010,MAM,Wales,0.502,8.832
2011,MAM,Wales,0.492,6.226
2012,MAM,Wales,0.444,7.927
2013,MAM,Wales,0.528,8.584
2014,MAM,Wales,0.468,7.226
2015,MAM,Wales,0.526,8.628
2016,MAM,Wales,0.440,7.401
2017,MAM,Wales,0.495,8.949
2018,MAM,Wales,0.458,6.423
2019,MAM,Wales,0.477,7.730
2020,MAM,Wales,0.431,6.839
2021,MAM,Wales,0.508,10.153
2022,MAM,Wales,0.360,6.460
2023,MAM,Wales,0.535,9.701
2024,MAM,Wales,0.408,7.854
2025,MAM,Wales,0.475,8.584
2026,MAM,Wales,0.457,8.358
2027,MAM,Wales,0.474,12.365
2028,MAM,Wales,0.444,6.526
2029,MAM,Wales,0.407,8.766
2030,MAM,Wales,0.535,7.526
2031,MAM,Wales,0.502,7.401
2032,MAM,Wales,0.487,6.752
2033,MAM,Wales,0.370,5.591
2034,MAM,Wales,0.483,6.723
2035,MAM,Wales,0.310,6.526
2036,MAM,Wales,0.438,7.212
2037,MAM,Wales,0.437,6.423
2038,MAM,Wales,0.396,8.219
2039,MAM,Wales,0.545,6.219
2040,MAM,Wales,0.413,6.577
2041,MAM,Wales,0.617,9.664
2042,MAM,Wales,0.411,4.876
2043,MAM,Wales,0.431,7.015
2044,MAM,Wales,0.461,7.029
2045,MAM,Wales,0.402,8.124
2046,MAM,Wales,0.383,4.599
2047,MAM,Wales,0.373,6.715
2048,MAM,Wales,0.449,10.460
2049,MAM,Wales,0.515,7.241
2050,MAM,Wales,0.339,7.328
2051,MAM,Wales,0.431,6.664
2052,MAM,Wales,0.541,8.175
2053,MAM,Wales,0.419,4.628
2054,MAM,Wales,0.375,5.628
2055,MAM,Wales,0.536,9.401
2056,MAM,Wales,0.423,7.314
2057,MAM,Wales,0.398,5.715
2058,MAM,Wales,0.419,5.036
2059,MAM,Wales,0.378,5.818
2060,MAM,Wales,0.310,5.854
2061,MAM,Wales,0.342,4.642
2062,MAM,Wales,0.369,7.117
2063,MAM,Wales,0.456,6.803
2064,MAM,Wales,0.414,8.482
2065,MAM,Wales,0.446,6.606
2066,MAM,Wales,0.436,7.036
2067,MAM,Wales,0.284,4.876
2068,MAM,Wales,0.497,6.292
2069,MAM,Wales,0.397,7.438
2070,MAM,Wales,0.400,5.993
2071,MAM,Wales,0.554,10.562
2072,MAM,Wales,0.457,7.226
2073,MAM,Wales,0.399,5.708
2074,MAM,Wales,0.399,6.263
2075,MAM,Wales,0.464,6.883
2076,MAM,Wales,0.518,6.000
2077,MAM,Wales,0.377,6.204
2078,MAM,Wales,0.418,5.504
2079,MAM,Wales,0.314,7.606
1981,JJA,East Midlands,0.491,5.262
1982,JJA,East Midlands,0.369,5.029
1983,JJA,East Midlands,0.356,5.689
1984,JJA,East Midlands,0.403,5.990
1985,JJA,East Midlands,0.395,4.330
1986,JJA,East Midlands,0.406,6.495
1987,JJA,East Midlands,0.484,5.961
1988,JJA,East Midlands,0.436,7.184
1989,JJA,East Midlands,0.435,6.961
1990,JJA,East Midlands,0.330,6.214
1991,JJA,East Midlands,0.428,4.223
1992,JJA,East Midlands,0.410,4.311
1993,JJA,East Midlands,0.352,4.932
1994,JJA,East Midlands,0.381,3.913
1995,JJA,East Midlands,0.365,4.136
1996,JJA,East Midlands,0.371,5.427
1997,JJA,East Midlands,0.562,7.049
1998,JJA,East Midlands,0.407,5.330
1999,JJA,East Midlands,0.414,6.505
2000,JJA,East Midlands,0.280,3.534
2001,JJA,East Midlands,0.313,3.223
2002,JJA,East Midlands,0.461,6.447
2003,JJA,East Midlands,0.391,6.369
2004,JJA,East Midlands,0.336,3.845
2005,JJA,East Midlands,0.461,6.505
2006,JJA,East Midlands,0.484,5.243
2007,JJA,East Midlands,0.375,5.194
2008,JJA,East Midlands,0.479,6.039
2009,JJA,East Midlands,0.334,4.427
2010,JJA,East Midlands,0.388,5.078
2011,JJA,East Midlands,0.517,7.573
2012,JJA,East Midlands,0.371,5.437
2013,JJA,East Midlands,0.295,3.961
2014,JJA,East Midlands,0.310,4.515
2015,JJA,East Midlands,0.398,5.757
2016,JJA,East Midlands,0.329,4.155
2017,JJA,East Midlands,0.374,4.680
2018,JJA,East Midlands,0.503,6.010
2019,JJA,East Midlands,0.353,4.777
2020,JJA,East Midlands,0.435,6.476
2021,JJA,East Midlands,0.400,3.786
2022,JJA,East Midlands,0.318,3.748
2023,JJA,East Midlands,0.256,3.942
2024,JJA,East Midlands,0.379,6.340
2025,JJA,East Midlands,0.221,4.223
2026,JJA,East Midlands,0.493,5.612
2027,JJA,East Midlands,0.401,4.010
2028,JJA,East Midlands,0.353,3.563
2029,JJA,East Midlands,0.358,4.388
2030,JJA,East Midlands,0.338,4.709
2031,JJA,East Midlands,0.395,5.398
2032,JJA,East Midlands,0.388,4.777
2033,JJA,East Midlands,0.342,4.039
2034,JJA,East Midlands,0.403,5.379
2035,JJA,East Midlands,0.409,4.748
2036,JJA,East Midlands,0.333,4.757
2037,JJA,East Midlands,0.289,3.864
2038,JJA,East Midlands,0.436,5.320
2039,JJA,East Midlands,0.397,5.369
2040,JJA,East Midlands,0.336,5.010
2041,JJA,East Midlands,0.292,3.544
2042,JJA,East Midlands,0.412,4.350
2043,JJA,East Midlands,0.223,3.087
2044,JJA,East Midlands,0.424,5.699
2045,JJA,East Midlands,0.332,4.058
2046,JJA,East Midlands,0.349,4.573
2047,JJA,East Midlands,0.331,3.592
2048,JJA,East Midlands,0.350,5.272
2049,JJA,East Midlands,0.318,3.796
2050,JJA,East Midlands,0.413,4.379
2051,JJA,East Midlands,0.419,6.631
2052,JJA,East Midlands,0.322,4.563
2053,JJA,East Midlands,0.370,6.117
2054,JJA,East Midlands,0.318,4.369
2055,JJA,East Midlands,0.367,3.825
2056,JJA,East Midlands,0.414,5.340
2057,JJA,East Midlands,0.313,4.117
2058,JJA,East Midlands,0.254,3.340
2059,JJA,East Midlands,0.313,3.864
2060,JJA,East Midlands,0.287,4.000
2061,JJA,East Midlands,0.313,4.553
2062,JJA,East Midlands,0.354,4.534
2063,JJA,East Midlands,0.288,3.573
2064,JJA,East Midlands,0.435,4.709
2065,JJA,East Midlands,0.276,3.262
2066,JJA,East Midlands,0.263,4.010
2067,JJA,East Midlands,0.326,3.369
2068,JJA,East Midlands,0.283,4.126
2069,JJA,East Midlands,0.372,7.039
2070,JJA,East Midlands,0.414,4.369
2071,JJA,East Midlands,0.272,3.961
2072,JJA,East Midlands,0.347,4.864
2073,JJA,East Midlands,0.263,3.806
2074,JJA,East Midlands,0.282,4.107
2075,JJA,East Midlands,0.365,4.689
2076,JJA,East Midlands,0.273,4.262
2077,JJA,East Midlands,0.263,3.214
2078,JJA,East Midlands,0.334,4.485
2079,JJA,East Midlands,0.404,5.447
1981,JJA,East of England,0.456,5.357
1982,JJA,East of England,0.319,4.770
1983,JJA,East of England,0.335,5.167
1984,JJA,East of England,0.380,5.397
1985,JJA,East of England,0.354,4.690
1986,JJA,East of England,0.362,4.246
1987,JJA,East of England,0.477,6.849
1988,JJA,East of England,0.425,8.603
1989,JJA,East of England,0.423,4.635
1990,JJA,East of England,0.328,5.833
1991,JJA,East of England,0.392,4.333
1992,JJA,East of England,0.368,4.063
1993,JJA,East of England,0.308,4.929
1994,JJA,East of England,0.369,5.246
1995,JJA,East of England,0.364,4.325
1996,JJA,East of England,0.352,5.151
1997,JJA,East of England,0.468,7.595
1998,JJA,East of England,0.385,6.262
1999,JJA,East of England,0.387,8.960
2000,JJA,East of England,0.213,2.738
2001,JJA,East of England,0.293,3.262
2002,JJA,East of England,0.426,6.730
2003,JJA,East of England,0.345,4.762
2004,JJA,East of England,0.315,3.444
2005,JJA,East of England,0.391,5.992
2006,JJA,East of England,0.436,5.103
2007,JJA,East of England,0.367,5.675
2008,JJA,East of England,0.463,7.063
2009,JJA,East of England,0.337,5.437
2010,JJA,East of England,0.303,4.103
2011,JJA,East of England,0.444,6.294
2012,JJA,East of England,0.376,5.040
2013,JJA,East of England,0.319,3.611
2014,JJA,East of England,0.337,4.960
2015,JJA,East of England,0.365,4.817
2016,JJA,East of England,0.337,4.198
2017,JJA,East of England,0.327,3.881
2018,JJA,East of England,0.431,4.841
2019,JJA,East of England,0.341,5.659
2020,JJA,East of England,0.337,3.968
2021,JJA,East of England,0.389,4.500
2022,JJA,East of England,0.289,4.040
2023,JJA,East of England,0.195,2.754
2024,JJA,East of England,0.334,6.786
2025,JJA,East of England,0.190,2.667
2026,JJA,East of England,0.458,4.056
2027,JJA,East of England,0.353,4.397
2028,JJA,East of England,0.351,3.556
2029,JJA,East of England,0.285,3.167
2030,JJA,East of England,0.305,3.746
2031,JJA,East of England,0.379,5.294
2032,JJA,East of England,0.331,4.222
2033,JJA,East of England,0.330,4.984
2034,JJA,East of England,0.401,5.278
2035,JJA,East of England,0.397,5.603
2036,JJA,East of England,0.295,3.865
2037,JJA,East of England,0.289,3.849
2038,JJA,East of England,0.421,6.548
2039,JJA,East of England,0.362,4.492
2040,JJA,East of England,0.318,4.873
2041,JJA,East of England,0.282,3.825
2042,JJA,East of England,0.386,4.437
2043,JJA,East of England,0.193,2.730
2044,JJA,East of England,0.387,4.611
2045,JJA,East of England,0.345,3.817
2046,JJA,East of England,0.306,4.794
2047,JJA,East of England,0.306,3.810
2048,JJA,East of England,0.307,4.429
2049,JJA,East of England,0.238,2.738
2050,JJA,East of England,0.330,3.786
2051,JJA,East of England,0.412,6.246
2052,JJA,East of England,0.323,3.103
2053,JJA,East of England,0.347,5.429
2054,JJA,East of England,0.258,3.325
2055,JJA,East of England,0.328,3.706
2056,JJA,East of England,0.370,4.548
2057,JJA,East of England,0.263,4.159
2058,JJA,East of England,0.216,2.627
2059,JJA,East of England,0.314,4.341
2060,JJA,East of England,0.256,3.468
2061,JJA,East of England,0.300,5.548
2062,JJA,East of England,0.349,6.048
2063,JJA,East of England,0.232,2.603
2064,JJA,East of England,0.399,3.976
2065,JJA,East of England,0.256,3.270
2066,JJA,East of England,0.296,4.246
2067,JJA,East of England,0.283,3.159
2068,JJA,East of England,0.257,5.302
2069,JJA,East of England,0.305,4.825
2070,JJA,East of England,0.395,6.024
2071,JJA,East of England,0.274,4.817
2072,JJA,East of England,0.321,3.262
2073,JJA,East of England,0.266,4.230
2074,JJA,East of England,0.264,3.341
2075,JJA,East of England,0.337,5.397
2076,JJA,East of England,0.268,3.556
2077,JJA,East of England,0.222,3.603
2078,JJA,East of England,0.348,4.468
2079,JJA,East of England,0.353,4.286
1981,JJA,East Scotland,0.515,8.025
1982,JJA,East Scotland,0.546,11.434
1983,JJA,East Scotland,0.488,7.868
1984,JJA,East Scotland,0.482,7.692
1985,JJA,East Scotland,0.536,7.597
1986,JJA,East Scotland,0.507,7.547
1987,JJA,East Scotland,0.561,7.667
1988,JJA,East Scotland,0.511,7.019
1989,JJA,East Scotland,0.566,8.031
1990,JJA,East Scotland,0.483,6.371
1991,JJA,East Scotland,0.454,6.006
1992,JJA,East Scotland,0.512,8.491
1993,JJA,East Scotland,0.481,7.415
1994,JJA,East Scotland,0.453,5.597
1995,JJA,East Scotland,0.538,8.201
1996,JJA,East Scotland,0.498,8.145
1997,JJA,East Scotland,0.499,7.434
1998,JJA,East Scotland,0.482,6.365
1999,JJA,East Scotland,0.486,6.101
2000,JJA,East Scotland,0.461,7.616
2001,JJA,East Scotland,0.523,8.805
2002,JJA,East Scotland,0.488,7.264
2003,JJA,East Scotland,0.461,6.799
2004,JJA,East Scotland,0.499,7.780
2005,JJA,East Scotland,0.455,6.673
2006,JJA,East Scotland,0.523,7.503
2007,JJA,East Scotland,0.389,5.698
2008,JJA,East Scotland,0.562,8.415
2009,JJA,East Scotland,0.440,7.226
2010,JJA,East Scotland,0.451,5.459
2011,JJA,East Scotland,0.565,9.138
2012,JJA,East Scotland,0.454,6.289
2013,JJA,East Scotland,0.521,10.660
2014,JJA,East Scotland,0.437,5.509
2015,JJA,East Scotland,0.477,6.654
2016,JJA,East Scotland,0.470,6.201
2017,JJA,East Scotland,0.417,7.862
2018,JJA,East Scotland,0.525,7.434
2019,JJA,East Scotland,0.481,5.459
2020,JJA,East Scotland,0.515,7.616
2021,JJA,East Scotland,0.502,6.824
2022,JJA,East Scotland,0.515,8.289
2023,JJA,East Scotland,0.439,6.201
2024,JJA,East Scotland,0.453,7.453
2025,JJA,East Scotland,0.368,6.013
2026,JJA,East Scotland,0.537,7.736
2027,JJA,East Scotland,0.505,7.069
2028,JJA,East Scotland,0.565,7.006
2029,JJA,East Scotland,0.553,7.818
2030,JJA,East Scotland,0.479,5.610
2031,JJA,East Scotland,0.514,7.572
2032,JJA,East Scotland,0.487,6.748
2033,JJA,East Scotland,0.483,5.566
2034,JJA,East Scotland,0.404,5.736
2035,JJA,East Scotland,0.507,6.698
2036,JJA,East Scotland,0.455,5.868
2037,JJA,East Scotland,0.453,5.799
2038,JJA,East Scotland,0.528,7.660
2039,JJA,East Scotland,0.433,7.075
2040,JJA,East Scotland,0.348,5.509
2041,JJA,East Scotland,0.435,9.365
2042,JJA,East Scotland,0.515,7.321
2043,JJA,East Scotland,0.420,6.258
2044,JJA,East Scotland,0.496,7.340
2045,JJA,East Scotland,0.357,5.591
2046,JJA,East Scotland,0.418,5.082
2047,JJA,East Scotland,0.468,5.925
2048,JJA,East Scotland,0.430,5.723
2049,JJA,East Scotland,0.449,6.943
2050,JJA,East Scotland,0.478,6.390
2051,JJA,East Scotland,0.377,6.786
2052,JJA,East Scotland,0.507,6.893
2053,JJA,East Scotland,0.471,8.384
2054,JJA,East Scotland,0.406,5.836
2055,JJA,East Scotland,0.472,6.258
2056,JJA,East Scotland,0.499,5.975
2057,JJA,East Scotland,0.366,5.736
2058,JJA,East Scotland,0.390,4.774
2059,JJA,East Scotland,0.505,7.289
2060,JJA,East Scotland,0.408,5.503
2061,JJA,East Scotland,0.409,6.421
2062,JJA,East Scotland,0.533,7.069
2063,JJA,East Scotland,0.457,6.013
2064,JJA,East Scotland,0.503,6.629
2065,JJA,East Scotland,0.438,6.113
2066,JJA,East Scotland,0.460,8.252
2067,JJA,East Scotland,0.513,5.648
2068,JJA,East Scotland,0.390,5.572
2069,JJA,East Scotland,0.492,7.799
2070,JJA,East Scotland,0.494,7.101
2071,JJA,East Scotland,0.326,5.031
2072,JJA,East Scotland,0.469,7.849
2073,JJA,East Scotland,0.344,5.780
2074,JJA,East Scotland,0.415,5.352
2075,JJA,East Scotland,0.509,10.855
2076,JJA,East Scotland,0.480,5.673
2077,JJA,East Scotland,0.415,7.352
2078,JJA,East Scotland,0.507,6.585
2079,JJA,East Scotland,0.511,7.755
1981,JJA,London,0.519,8.500
1982,JJA,London,0.264,3.417
1983,JJA,London,0.384,5.750
1984,JJA,London,0.331,4.667
1985,JJA,London,0.305,4.333
1986,JJA,London,0.335,5.583
1987,JJA,London,0.485,7.250
1988,JJA,London,0.394,7.250
1989,JJA,London,0.477,5.917
1990,JJA,London,0.284,5.917
1991,JJA,London,0.314,4.500
1992,JJA,London,0.363,4.083
1993,JJA,London,0.248,5.917
1994,JJA,London,0.351,5.167
1995,JJA,London,0.316,4.833
1996,JJA,London,0.326,6.083
1997,JJA,London,0.422,4.333
1998,JJA,London,0.375,5.333
1999,JJA,London,0.342,5.167
2000,JJA,London,0.220,2.917
2001,JJA,London,0.264,3.500
2002,JJA,London,0.370,5.250
2003,JJA,London,0.275,3.917
2004,JJA,London,0.343,3.833
2005,JJA,London,0.354,5.417
2006,JJA,London,0.394,3.750
2007,JJA,London,0.362,8.833
2008,JJA,London,0.405,4.833
2009,JJA,London,0.334,4.333
2010,JJA,London,0.292,4.750
2011,JJA,London,0.379,5.000
2012,JJA,London,0.370,5.250
2013,JJA,London,0.344,4.000
2014,JJA,London,0.323,5.833
2015,JJA,London,0.362,5.833
2016,JJA,London,0.300,3.500
2017,JJA,London,0.312,4.083
2018,JJA,London,0.450,5.833
2019,JJA,London,0.284,4.667
2020,JJA,London,0.309,3.500
2021,JJA,London,0.385,3.917
2022,JJA,London,0.251,2.500
2023,JJA,London,0.186,3.000
2024,JJA,London,0.286,5.000
2025,JJA,London,0.194,2.583
2026,JJA,London,0.455,3.250
2027,JJA,London,0.375,5.917
2028,JJA,London,0.325,3.167
2029,JJA,London,0.262,4.000
2030,JJA,London,0.285,4.333
2031,JJA,London,0.366,4.667
2032,JJA,London,0.327,3.917
2033,JJA,London,0.317,4.083
2034,JJA,London,0.371,5.250
2035,JJA,London,0.309,4.833
2036,JJA,London,0.274,4.167
2037,JJA,London,0.274,3.583
2038,JJA,London,0.399,4.250
2039,JJA,London,0.322,5.000
2040,JJA,London,0.313,3.833
2041,JJA,London,0.280,3.750
2042,JJA,London,0.427,4.000
2043,JJA,London,0.220,3.250
2044,JJA,London,0.381,5.167
2045,JJA,London,0.263,3.667
2046,JJA,London,0.284,5.667
2047,JJA,London,0.280,3.167
2048,JJA,London,0.284,3.917
2049,JJA,London,0.245,2.417
2050,JJA,London,0.280,3.667
2051,JJA,London,0.412,6.833
2052,JJA,London,0.293,2.500
2053,JJA,London,0.294,4.250
2054,JJA,London,0.252,3.667
2055,JJA,London,0.311,3.750
2056,JJA,London,0.373,4.333
2057,JJA,London,0.215,3.500
2058,JJA,London,0.197,3.833
2059,JJA,London,0.306,3.167
2060,JJA,London,0.230,3.333
2061,JJA,London,0.271,4.000
2062,JJA,London,0.352,5.917
2063,JJA,London,0.182,2.000
2064,JJA,London,0.388,3.500
2065,JJA,London,0.245,3.750
2066,JJA,London,0.304,4.000
2067,JJA,London,0.249,3.083
2068,JJA,London,0.209,4.500
2069,JJA,London,0.263,2.667
2070,JJA,London,0.324,6.167
2071,JJA,London,0.245,3.167
2072,JJA,London,0.380,3.917
2073,JJA,London,0.217,2.083
2074,JJA,London,0.236,2.500
2075,JJA,London,0.312,4.500
2076,JJA,London,0.278,3.917
2077,JJA,London,0.234,2.667
2078,JJA,London,0.344,5.000
2079,JJA,London,0.381,4.417
1981,JJA,North East England,0.479,5.140
1982,JJA,North East England,0.503,10.754
1983,JJA,North East England,0.363,6.333
1984,JJA,North East England,0.447,6.316
1985,JJA,North East England,0.477,6.526
1986,JJA,North East England,0.493,8.281
1987,JJA,North East England,0.489,5.825
1988,JJA,North East England,0.515,8.333
1989,JJA,North East England,0.528,6.509
1990,JJA,North East England,0.431,6.316
1991,JJA,North East England,0.502,5.316
1992,JJA,North East England,0.419,5.175
1993,JJA,North East England,0.385,4.825
1994,JJA,North East England,0.401,5.544
1995,JJA,North East England,0.425,4.509
1996,JJA,North East England,0.435,6.684
1997,JJA,North East England,0.540,7.193
1998,JJA,North East England,0.478,7.368
1999,JJA,North East England,0.445,6.333
2000,JJA,North East England,0.355,6.123
2001,JJA,North East England,0.458,5.000
2002,JJA,North East England,0.477,6.860
2003,JJA,North East England,0.445,6.439
2004,JJA,North East England,0.461,6.456
2005,JJA,North East England,0.457,7.649
2006,JJA,North East England,0.549,8.702
2007,JJA,North East England,0.391,4.298
2008,JJA,North East England,0.505,7.684
2009,JJA,North East England,0.405,5.877
2010,JJA,North East England,0.394,4.193
2011,JJA,North East England,0.531,7.877
2012,JJA,North East England,0.454,6.632
2013,JJA,North East England,0.446,7.912
2014,JJA,North East England,0.400,5.544
2015,JJA,North East England,0.455,7.509
2016,JJA,North East England,0.379,4.088
2017,JJA,North East England,0.362,6.351
2018,JJA,North East England,0.555,8.105
2019,JJA,North East England,0.465,5.579
2020,JJA,North East England,0.508,7.035
2021,JJA,North East England,0.417,5.596
2022,JJA,North East England,0.467,4.807
2023,JJA,North East England,0.406,5.193
2024,JJA,North East England,0.441,5.825
2025,JJA,North East England,0.315,5.947
2026,JJA,North East England,0.535,7.509
2027,JJA,North East England,0.488,6.105
2028,JJA,North East England,0.516,6.982
2029,JJA,North East England,0.455,6.754
2030,JJA,North East England,0.408,4.754
2031,JJA,North East England,0.458,7.596
2032,JJA,North East England,0.407,4.930
2033,JJA,North East England,0.403,4.281
2034,JJA,North East England,0.435,6.737
2035,JJA,North East England,0.411,4.807
2036,JJA,North East England,0.371,4.632
2037,JJA,North East England,0.424,5.070
2038,JJA,North East England,0.481,6.105
2039,JJA,North East England,0.412,5.316
2040,JJA,North East England,0.311,5.193
2041,JJA,North East England,0.333,4.439
2042,JJA,North East England,0.452,6.649
2043,JJA,North East England,0.353,5.246
2044,JJA,North East England,0.469,6.035
2045,JJA,North East England,0.404,6.018
2046,JJA,North East England,0.410,5.526
2047,JJA,North East England,0.453,5.351
2048,JJA,North East England,0.416,4.789
2049,JJA,North East England,0.397,5.123
2050,JJA,North East England,0.477,4.807
2051,JJA,North East England,0.399,5.491
2052,JJA,North East England,0.442,6.140
2053,JJA,North East England,0.437,6.088
2054,JJA,North East England,0.376,5.263
2055,JJA,North East England,0.442,4.263
2056,JJA,North East England,0.453,5.421
2057,JJA,North East England,0.338,5.632
2058,JJA,North East England,0.295,3.825
2059,JJA,North East England,0.425,6.491
2060,JJA,North East England,0.335,4.140
2061,JJA,North East England,0.324,4.070
2062,JJA,North East England,0.454,5.667
2063,JJA,North East England,0.365,4.667
2064,JJA,North East England,0.472,5.579
2065,JJA,North East England,0.346,4.316
2066,JJA,North East England,0.404,6.684
2067,JJA,North East England,0.427,5.316
2068,JJA,North East England,0.312,4.649
2069,JJA,North East England,0.421,7.246
2070,JJA,North East England,0.465,6.614
2071,JJA,North East England,0.283,4.982
2072,JJA,North East England,0.387,6.474
2073,JJA,North East England,0.320,4.018
2074,JJA,North East England,0.313,4.579
2075,JJA,North East England,0.428,5.877
2076,JJA,North East England,0.393,5.316
2077,JJA,North East England,0.361,5.281
2078,JJA,North East England,0.466,5.719
2079,JJA,North East England,0.477,5.719
1981,JJA,North Scotland,0.555,11.721
1982,JJA,North Scotland,0.618,11.194
1983,JJA,North Scotland,0.578,11.303
1984,JJA,North Scotland,0.531,9.398
1985,JJA,North Scotland,0.623,11.075
1986,JJA,North Scotland,0.590,10.726
1987,JJA,North Scotland,0.650,11.259
1988,JJA,North Scotland,0.591,9.139
1989,JJA,North Scotland,0.586,11.035
1990,JJA,North Scotland,0.609,11.632
1991,JJA,North Scotland,0.502,7.303
1992,JJA,North Scotland,0.629,13.657
1993,JJA,North Scotland,0.633,14.403
1994,JJA,North Scotland,0.616,10.463
1995,JJA,North Scotland,0.680,12.279
1996,JJA,North Scotland,0.541,8.970
1997,JJA,North Scotland,0.572,13.229
1998,JJA,North Scotland,0.567,8.577
1999,JJA,North Scotland,0.546,8.796
2000,JJA,North Scotland,0.556,10.174
2001,JJA,North Scotland,0.649,12.572
2002,JJA,North Scotland,0.657,13.095
2003,JJA,North Scotland,0.494,9.483
2004,JJA,North Scotland,0.627,14.662
2005,JJA,North Scotland,0.536,10.706
2006,JJA,North Scotland,0.586,10.597
2007,JJA,North Scotland,0.464,6.776
2008,JJA,North Scotland,0.592,11.647
2009,JJA,North Scotland,0.474,8.493
2010,JJA,North Scotland,0.606,11.582
2011,JJA,North Scotland,0.627,13.139
2012,JJA,North Scotland,0.547,9.393
2013,JJA,North Scotland,0.665,17.219
2014,JJA,North Scotland,0.551,10.448
2015,JJA,North Scotland,0.533,9.672
2016,JJA,North Scotland,0.592,10.000
2017,JJA,North Scotland,0.518,10.428
2018,JJA,North Scotland,0.572,10.353
2019,JJA,North Scotland,0.608,9.706
2020,JJA,North Scotland,0.556,7.299
2021,JJA,North Scotland,0.566,9.881
2022,JJA,North Scotland,0.595,10.876
2023,JJA,North Scotland,0.540,11.836
2024,JJA,North Scotland,0.512,12.995
2025,JJA,North Scotland,0.485,8.209
2026,JJA,North Scotland,0.627,11.363
2027,JJA,North Scotland,0.542,9.547
2028,JJA,North Scotland,0.624,12.159
2029,JJA,North Scotland,0.655,10.826
2030,JJA,North Scotland,0.647,10.826
2031,JJA,North Scotland,0.586,10.313
2032,JJA,North Scotland,0.554,10.338
2033,JJA,North Scotland,0.596,10.741
2034,JJA,North Scotland,0.393,7.413
2035,JJA,North Scotland,0.603,10.055
2036,JJA,North Scotland,0.587,9.557
2037,JJA,North Scotland,0.470,12.328
2038,JJA,North Scotland,0.572,12.701
2039,JJA,North Scotland,0.449,8.488
2040,JJA,North Scotland,0.457,6.851
2041,JJA,North Scotland,0.550,18.582
2042,JJA,North Scotland,0.581,9.204
2043,JJA,North Scotland,0.515,11.413
2044,JJA,North Scotland,0.581,11.522
2045,JJA,North Scotland,0.469,9.672
2046,JJA,North Scotland,0.470,6.303
2047,JJA,North Scotland,0.581,9.687
2048,JJA,North Scotland,0.520,11.488
2049,JJA,North Scotland,0.532,9.418
2050,JJA,North Scotland,0.542,8.363
2051,JJA,North Scotland,0.409,9.950
2052,JJA,North Scotland,0.598,10.025
2053,JJA,North Scotland,0.475,9.149
2054,JJA,North Scotland,0.557,11.652
2055,JJA,North Scotland,0.572,12.642
2056,JJA,North Scotland,0.601,15.448
2057,JJA,North Scotland,0.462,7.214
2058,JJA,North Scotland,0.508,8.910
2059,JJA,North Scotland,0.655,15.781
2060,JJA,North Scotland,0.472,8.070
2061,JJA,North Scotland,0.535,10.308
2062,JJA,North Scotland,0.614,11.572
2063,JJA,North Scotland,0.539,13.791
2064,JJA,North Scotland,0.566,9.886
2065,JJA,North Scotland,0.490,5.771
2066,JJA,North Scotland,0.563,9.274
2067,JJA,North Scotland,0.614,9.701
2068,JJA,North Scotland,0.553,10.622
2069,JJA,North Scotland,0.601,11.597
2070,JJA,North Scotland,0.540,9.836
2071,JJA,North Scotland,0.400,7.348
2072,JJA,North Scotland,0.525,12.408
2073,JJA,North Scotland,0.501,11.537
2074,JJA,North Scotland,0.522,11.920
2075,JJA,North Scotland,0.625,12.189
2076,JJA,North Scotland,0.579,11.597
2077,JJA,North Scotland,0.548,11.741
2078,JJA,North Scotland,0.597,9.766
2079,JJA,North Scotland,0.545,12.085
1981,JJA,North West England,0.582,8.097
1982,JJA,North West England,0.505,8.806
1983,JJA,North West England,0.446,8.925
1984,JJA,North West England,0.507,12.043
1985,JJA,North West England,0.567,8.280
1986,JJA,North West England,0.551,8.796
1987,JJA,North West England,0.548,8.527
1988,JJA,North West England,0.570,8.839
1989,JJA,North West England,0.637,10.763
1990,JJA,North West England,0.448,7.581
1991,JJA,North West England,0.513,8.054
1992,JJA,North West England,0.496,9.075
1993,JJA,North West England,0.488,8.968
1994,JJA,North West England,0.501,6.978
1995,JJA,North West England,0.488,6.656
1996,JJA,North West England,0.477,9.796
1997,JJA,North West England,0.601,11.763
1998,JJA,North West England,0.515,6.247
1999,JJA,North West England,0.500,7.172
2000,JJA,North West England,0.410,7.914
2001,JJA,North West England,0.439,6.516
2002,JJA,North West England,0.562,9.366
2003,JJA,North West England,0.546,10.785
2004,JJA,North West England,0.582,12.333
2005,JJA,North West England,0.532,8.183
2006,JJA,North West England,0.564,8.624
2007,JJA,North West England,0.355,4.624
2008,JJA,North West England,0.604,13.215
2009,JJA,North West England,0.392,5.667
2010,JJA,North West England,0.496,8.624
2011,JJA,North West England,0.599,8.333
2012,JJA,North West England,0.466,6.720
2013,JJA,North West England,0.480,9.591
2014,JJA,North West England,0.425,6.022
2015,JJA,North West England,0.513,8.419
2016,JJA,North West England,0.489,8.570
2017,JJA,North West England,0.446,7.011
2018,JJA,North West England,0.613,9.108
2019,JJA,North West England,0.484,6.097
2020,JJA,North West England,0.502,6.634
2021,JJA,North West England,0.478,7.226
2022,JJA,North West England,0.470,6.290
2023,JJA,North West England,0.395,6.957
2024,JJA,North West England,0.510,8.892
2025,JJA,North West England,0.325,6.774
2026,JJA,North West England,0.593,10.140
2027,JJA,North West England,0.482,5.613
2028,JJA,North West England,0.562,9.118
2029,JJA,North West England,0.496,6.086
2030,JJA,North West England,0.479,7.312
2031,JJA,North West England,0.487,7.656
2032,JJA,North West England,0.470,6.591
2033,JJA,North West England,0.466,6.419
2034,JJA,North West England,0.408,6.677
2035,JJA,North West England,0.501,7.753
2036,JJA,North West England,0.433,6.065
2037,JJA,North West England,0.432,7.151
2038,JJA,North West England,0.558,7.796
2039,JJA,North West England,0.474,9.075
2040,JJA,North West England,0.336,5.398
2041,JJA,North West England,0.432,7.054
2042,JJA,North West England,0.550,8.667
2043,JJA,North West England,0.387,5.914
2044,JJA,North West England,0.447,5.914
2045,JJA,North West England,0.385,5.430
2046,JJA,North West England,0.406,6.075
2047,JJA,North West England,0.447,6.333
2048,JJA,North West England,0.456,7.849
2049,JJA,North West England,0.422,7.516
2050,JJA,North West England,0.527,7.344
2051,JJA,North West England,0.438,7.505
2052,JJA,North West England,0.454,7.839
2053,JJA,North West England,0.490,9.215
2054,JJA,North West England,0.473,10.720
2055,JJA,North West England,0.468,4.871
2056,JJA,North West England,0.539,6.839
2057,JJA,North West England,0.356,6.000
2058,JJA,North West England,0.340,4.452
2059,JJA,North West England,0.487,11.796
2060,JJA,North West England,0.345,4.892
2061,JJA,North West England,0.343,5.699
2062,JJA,North West England,0.464,6.000
2063,JJA,North West England,0.418,6.871
2064,JJA,North West England,0.521,8.559
2065,JJA,North West England,0.363,5.237
2066,JJA,North West England,0.416,6.914
2067,JJA,North West England,0.475,6.140
2068,JJA,North West England,0.393,6.849
2069,JJA,North West England,0.482,8.720
2070,JJA,North West England,0.486,7.763
2071,JJA,North West England,0.340,5.656
2072,JJA,North West England,0.434,6.430
2073,JJA,North West England,0.338,5.108
2074,JJA,North West England,0.364,5.763
2075,JJA,North West England,0.515,9.301
2076,JJA,North West England,0.449,7.108
2077,JJA,North West England,0.438,8.613
2078,JJA,North West England,0.521,9.839
2079,JJA,North West England,0.515,6.828
1981,JJA,South East England,0.497,6.381
1982,JJA,South East England,0.242,3.263
1983,JJA,South East England,0.356,5.025
1984,JJA,South East England,0.313,4.856
1985,JJA,South East England,0.311,3.924
1986,JJA,South East England,0.318,5.288
1987,JJA,South East England,0.420,5.068
1988,JJA,South East England,0.360,6.229
1989,JJA,South East England,0.463,5.119
1990,JJA,South East England,0.270,4.492
1991,JJA,South East England,0.318,4.212
1992,JJA,South East England,0.352,4.085
1993,JJA,South East England,0.229,4.390
1994,JJA,South East England,0.351,4.898
1995,JJA,South East England,0.322,3.763
1996,JJA,South East England,0.314,5.746
1997,JJA,South East England,0.404,4.415
1998,JJA,South East England,0.347,4.712
1999,JJA,South East England,0.305,4.729
2000,JJA,South East England,0.227,2.873
2001,JJA,South East England,0.256,3.729
2002,JJA,South East England,0.330,5.025
2003,JJA,South East England,0.252,3.619
2004,JJA,South East England,0.328,3.847
2005,JJA,South East England,0.370,5.339
2006,JJA,South East England,0.347,3.678
2007,JJA,South East England,0.336,5.729
2008,JJA,South East England,0.360,4.627
2009,JJA,South East England,0.325,4.669
2010,JJA,South East England,0.285,4.331
2011,JJA,South East England,0.338,4.407
2012,JJA,South East England,0.324,4.992
2013,JJA,South East England,0.295,3.669
2014,JJA,South East England,0.307,4.517
2015,JJA,South East England,0.343,4.932
2016,JJA,South East England,0.276,3.263
2017,JJA,South East England,0.328,4.042
2018,JJA,South East England,0.397,4.881
2019,JJA,South East England,0.254,4.051
2020,JJA,South East England,0.314,3.653
2021,JJA,South East England,0.347,4.144
2022,JJA,South East England,0.205,3.102
2023,JJA,South East England,0.192,2.542
2024,JJA,South East England,0.264,3.559
2025,JJA,South East England,0.148,2.042
2026,JJA,South East England,0.410,3.297
2027,JJA,South East England,0.349,5.127
2028,JJA,South East England,0.317,3.068
2029,JJA,South East England,0.254,3.831
2030,JJA,South East England,0.278,4.076
2031,JJA,South East England,0.336,3.890
2032,JJA,South East England,0.281,3.415
2033,JJA,South East England,0.289,3.602
2034,JJA,South East England,0.368,5.042
2035,JJA,South East England,0.343,4.254
2036,JJA,South East England,0.260,4.254
2037,JJA,South East England,0.248,3.119
2038,JJA,South East England,0.360,4.263
2039,JJA,South East England,0.297,4.822
2040,JJA,South East England,0.281,3.763
2041,JJA,South East England,0.235,3.331
2042,JJA,South East England,0.370,4.119
2043,JJA,South East England,0.225,3.517
2044,JJA,South East England,0.356,5.449
2045,JJA,South East England,0.251,3.339
2046,JJA,South East England,0.270,4.441
2047,JJA,South East England,0.273,3.449
2048,JJA,South East England,0.268,3.610
2049,JJA,South East England,0.221,2.458
2050,JJA,South East England,0.279,3.398
2051,JJA,South East England,0.344,4.398
2052,JJA,South East England,0.294,2.729
2053,JJA,South East England,0.310,4.559
2054,JJA,South East England,0.270,3.695
2055,JJA,South East England,0.284,3.203
2056,JJA,South East England,0.344,4.585
2057,JJA,South East England,0.200,3.347
2058,JJA,South East England,0.202,3.653
2059,JJA,South East England,0.289,3.331
2060,JJA,South East England,0.249,3.508
2061,JJA,South East England,0.272,3.890
2062,JJA,South East England,0.335,4.068
2063,JJA,South East England,0.189,2.424
2064,JJA,South East England,0.367,4.373
2065,JJA,South East England,0.219,2.949
2066,JJA,South East England,0.289,3.924
2067,JJA,South East England,0.272,3.331
2068,JJA,South East England,0.214,3.576
2069,JJA,South East England,0.266,3.127
2070,JJA,South East England,0.314,5.593
2071,JJA,South East England,0.223,3.008
2072,JJA,South East England,0.337,3.712
2073,JJA,South East England,0.233,3.051
2074,JJA,South East England,0.241,3.636
2075,JJA,South East England,0.303,4.297
2076,JJA,South East England,0.277,4.847
2077,JJA,South East England,0.201,2.542
2078,JJA,South East England,0.319,4.788
2079,JJA,South East England,0.369,5.059
1981,JJA,South West England,0.497,5.918
1982,JJA,South West England,0.255,3.367
1983,JJA,South West England,0.374,5.981
1984,JJA,South West England,0.271,4.120
1985,JJA,South West England,0.332,4.804
1986,JJA,South West England,0.366,4.677
1987,JJA,South West England,0.419,6.873
1988,JJA,South West England,0.342,4.791
1989,JJA,South West England,0.493,5.494
1990,JJA,South West England,0.295,4.380
1991,JJA,South West England,0.302,3.835
1992,JJA,South West England,0.383,5.342
1993,JJA,South West England,0.289,4.051
1994,JJA,South West England,0.399,4.880
1995,JJA,South West England,0.329,3.709
1996,JJA,South West England,0.280,5.032
1997,JJA,South West England,0.428,5.057
1998,JJA,South West England,0.328,4.633
1999,JJA,South West England,0.323,4.203
2000,JJA,South West England,0.275,4.190
2001,JJA,South West England,0.254,3.418
2002,JJA,South West England,0.367,5.449
2003,JJA,South West England,0.299,5.918
2004,JJA,South West England,0.345,4.196
2005,JJA,South West England,0.342,4.703
2006,JJA,South West England,0.352,4.139
2007,JJA,South West England,0.289,5.386
2008,JJA,South West England,0.374,5.639
2009,JJA,South West England,0.341,4.911
2010,JJA,South West England,0.300,4.095
2011,JJA,South West England,0.348,4.025
2012,JJA,South West England,0.331,5.044
2013,JJA,South West England,0.260,3.506
2014,JJA,South West England,0.309,3.772
2015,JJA,South West England,0.356,6.253
2016,JJA,South West England,0.297,3.873
2017,JJA,South West England,0.350,5.114
2018,JJA,South West England,0.411,5.190
2019,JJA,South West England,0.263,4.835
2020,JJA,South West England,0.333,4.316
2021,JJA,South West England,0.344,5.684
2022,JJA,South West England,0.213,3.468
2023,JJA,South West England,0.217,3.506
2024,JJA,South West England,0.256,3.633
2025,JJA,South West England,0.157,2.519
2026,JJA,South West England,0.407,4.367
2027,JJA,South West England,0.346,5.190
2028,JJA,South West England,0.301,3.272
2029,JJA,South West England,0.254,4.272
2030,JJA,South West England,0.311,4.114
2031,JJA,South West England,0.336,4.386
2032,JJA,South West England,0.304,3.671
2033,JJA,South West England,0.278,3.367
2034,JJA,South West England,0.361,4.804
2035,JJA,South West England,0.329,4.544
2036,JJA,South West England,0.255,5.297
2037,JJA,South West England,0.261,3.595
2038,JJA,South West England,0.358,4.835
2039,JJA,South West England,0.286,4.228
2040,JJA,South West England,0.292,3.994
2041,JJA,South West England,0.228,3.924
2042,JJA,South West England,0.359,4.348
2043,JJA,South West England,0.240,3.481
2044,JJA,South West England,0.371,4.924
2045,JJA,South West England,0.276,4.139
2046,JJA,South West England,0.243,3.348
2047,JJA,South West England,0.269,3.652
2048,JJA,South West England,0.255,3.443
2049,JJA,South West England,0.244,4.222
2050,JJA,South West England,0.309,4.348
2051,JJA,South West England,0.339,4.557
2052,JJA,South West England,0.288,3.430
2053,JJA,South West England,0.344,5.506
2054,JJA,South West England,0.325,5.095
2055,JJA,South West England,0.280,3.297
2056,JJA,South West England,0.301,3.709
2057,JJA,South West England,0.212,3.456
2058,JJA,South West England,0.204,3.272
2059,JJA,South West England,0.316,3.791
2060,JJA,South West England,0.215,2.791
2061,JJA,South West England,0.258,4.880
2062,JJA,South West England,0.329,5.373
2063,JJA,South West England,0.222,4.209
2064,JJA,South West England,0.368,4.430
2065,JJA,South West England,0.228,3.835
2066,JJA,South West England,0.257,3.133
2067,JJA,South West England,0.279,4.120
2068,JJA,South West England,0.217,3.342
2069,JJA,South West England,0.260,3.639
2070,JJA,South West England,0.287,4.861
2071,JJA,South West England,0.200,3.766
2072,JJA,South West England,0.343,3.595
2073,JJA,South West England,0.213,2.437
2074,JJA,South West England,0.255,3.525
2075,JJA,South West England,0.299,5.158
2076,JJA,South West England,0.268,5.930
2077,JJA,South West England,0.196,2.918
2078,JJA,South West England,0.328,4.576
2079,JJA,South West England,0.365,4.462
1981,JJA,West Midlands,0.517,5.733
1982,JJA,West Midlands,0.332,4.651
1983,JJA,West Midlands,0.371,5.267
1984,JJA,West Midlands,0.378,4.930
1985,JJA,West Midlands,0.407,4.535
1986,JJA,West Midlands,0.405,6.047
1987,JJA,West Midlands,0.446,5.349
1988,JJA,West Midlands,0.460,5.744
1989,JJA,West Midlands,0.495,6.558
1990,JJA,West Midlands,0.348,6.000
1991,JJA,West Midlands,0.421,4.535
1992,JJA,West Midlands,0.456,4.686
1993,JJA,West Midlands,0.368,5.174
1994,JJA,West Midlands,0.399,4.628
1995,JJA,West Midlands,0.373,4.593
1996,JJA,West Midlands,0.393,5.988
1997,JJA,West Midlands,0.539,7.349
1998,JJA,West Midlands,0.385,4.465
1999,JJA,West Midlands,0.374,5.453
2000,JJA,West Midlands,0.330,5.500
2001,JJA,West Midlands,0.323,4.360
2002,JJA,West Midlands,0.431,7.000
2003,JJA,West Midlands,0.366,5.860
2004,JJA,West Midlands,0.376,4.267
2005,JJA,West Midlands,0.456,6.953
2006,JJA,West Midlands,0.439,4.884
2007,JJA,West Midlands,0.365,4.558
2008,JJA,West Midlands,0.479,6.070
2009,JJA,West Midlands,0.352,5.116
2010,JJA,West Midlands,0.395,6.093
2011,JJA,West Midlands,0.448,6.372
2012,JJA,West Midlands,0.387,5.616
2013,JJA,West Midlands,0.314,4.360
2014,JJA,West Midlands,0.311,4.116
2015,JJA,West Midlands,0.443,6.907
2016,JJA,West Midlands,0.351,4.326
2017,JJA,West Midlands,0.393,4.140
2018,JJA,West Midlands,0.529,6.651
2019,JJA,West Midlands,0.338,6.279
2020,JJA,West Midlands,0.442,6.395
2021,JJA,West Midlands,0.365,4.442
2022,JJA,West Midlands,0.293,4.174
2023,JJA,West Midlands,0.267,4.221
2024,JJA,West Midlands,0.370,5.244
2025,JJA,West Midlands,0.210,3.349
2026,JJA,West Midlands,0.515,5.326
2027,JJA,West Midlands,0.387,4.616
2028,JJA,West Midlands,0.378,4.395
2029,JJA,West Midlands,0.344,3.872
2030,JJA,West Midlands,0.338,5.291
2031,JJA,West Midlands,0.379,5.267
2032,JJA,West Midlands,0.371,4.430
2033,JJA,West Midlands,0.348,3.477
2034,JJA,West Midlands,0.349,4.953
2035,JJA,West Midlands,0.408,6.291
2036,JJA,West Midlands,0.313,4.314
2037,JJA,West Midlands,0.324,4.779
2038,JJA,West Midlands,0.458,5.849
2039,JJA,West Midlands,0.372,6.488
2040,JJA,West Midlands,0.321,4.640
2041,JJA,West Midlands,0.337,4.419
2042,JJA,West Midlands,0.395,4.326
2043,JJA,West Midlands,0.258,4.372
2044,JJA,West Midlands,0.448,5.744
2045,JJA,West Midlands,0.330,5.733
2046,JJA,West Midlands,0.319,4.512
2047,JJA,West Midlands,0.316,3.465
2048,JJA,West Midlands,0.340,5.116
2049,JJA,West Midlands,0.317,4.907
2050,JJA,West Midlands,0.417,5.058
2051,JJA,West Midlands,0.415,5.814
2052,JJA,West Midlands,0.325,4.395
2053,JJA,West Midlands,0.402,7.221
2054,JJA,West Midlands,0.338,5.407
2055,JJA,West Midlands,0.339,3.442
2056,JJA,West Midlands,0.436,5.140
2057,JJA,West Midlands,0.296,4.558
2058,JJA,West Midlands,0.226,3.256
2059,JJA,West Midlands,0.332,2.930
2060,JJA,West Midlands,0.309,3.791
2061,JJA,West Midlands,0.269,4.035
2062,JJA,West Midlands,0.340,5.244
2063,JJA,West Midlands,0.298,3.779
2064,JJA,West Midlands,0.431,5.058
2065,JJA,West Midlands,0.278,3.884
2066,JJA,West Midlands,0.290,4.093
2067,JJA,West Midlands,0.334,3.326
2068,JJA,West Midlands,0.269,4.349
2069,JJA,West Midlands,0.355,4.872
2070,JJA,West Midlands,0.371,3.977
2071,JJA,West Midlands,0.270,4.663
2072,JJA,West Midlands,0.363,4.698
2073,JJA,West Midlands,0.257,3.395
2074,JJA,West Midlands,0.283,3.988
2075,JJA,West Midlands,0.380,4.221
2076,JJA,West Midlands,0.277,4.860
2077,JJA,West Midlands,0.277,4.233
2078,JJA,West Midlands,0.367,5.174
2079,JJA,West Midlands,0.473,6.884
1981,JJA,West Scotland,0.552,8.992
1982,JJA,West Scotland,0.541,8.569
1983,JJA,West Scotland,0.525,8.854
1984,JJA,West Scotland,0.510,10.454
1985,JJA,West Scotland,0.610,10.477
1986,JJA,West Scotland,0.568,8.792
1987,JJA,West Scotland,0.560,8.200
1988,JJA,West Scotland,0.515,7.938
1989,JJA,West Scotland,0.628,9.923
1990,JJA,West Scotland,0.488,7.269
1991,JJA,West Scotland,0.448,6.000
1992,JJA,West Scotland,0.504,10.708
1993,JJA,West Scotland,0.541,11.823
1994,JJA,West Scotland,0.514,9.177
1995,JJA,West Scotland,0.526,9.100
1996,JJA,West Scotland,0.487,9.285
1997,JJA,West Scotland,0.483,8.631
1998,JJA,West Scotland,0.509,6.269
1999,JJA,West Scotland,0.501,6.792
2000,JJA,West Scotland,0.498,8.200
2001,JJA,West Scotland,0.510,7.569
2002,JJA,West Scotland,0.571,9.815
2003,JJA,West Scotland,0.519,10.062
2004,JJA,West Scotland,0.640,12.900
2005,JJA,West Scotland,0.490,7.523
2006,JJA,West Scotland,0.553,7.277
2007,JJA,West Scotland,0.339,4.515
2008,JJA,West Scotland,0.574,13.154
2009,JJA,West Scotland,0.403,7.131
2010,JJA,West Scotland,0.510,7.838
2011,JJA,West Scotland,0.595,10.362
2012,JJA,West Scotland,0.451,7.392
2013,JJA,West Scotland,0.558,11.062
2014,JJA,West Scotland,0.441,5.531
2015,JJA,West Scotland,0.499,8.454
2016,JJA,West Scotland,0.506,8.562
2017,JJA,West Scotland,0.452,10.400
2018,JJA,West Scotland,0.559,8.015
2019,JJA,West Scotland,0.519,7.408
2020,JJA,West Scotland,0.494,6.692
2021,JJA,West Scotland,0.525,8.415
2022,JJA,West Scotland,0.537,7.046
2023,JJA,West Scotland,0.453,8.269
2024,JJA,West Scotland,0.472,8.915
2025,JJA,West Scotland,0.368,6.885
2026,JJA,West Scotland,0.588,12.315
2027,JJA,West Scotland,0.511,8.354
2028,JJA,West Scotland,0.591,8.515
2029,JJA,West Scotland,0.588,7.615
2030,JJA,West Scotland,0.482,6.431
2031,JJA,West Scotland,0.513,7.000
2032,JJA,West Scotland,0.520,6.446
2033,JJA,West Scotland,0.533,8.477
2034,JJA,West Scotland,0.344,5.169
2035,JJA,West Scotland,0.529,7.762
2036,JJA,West Scotland,0.470,7.285
2037,JJA,West Scotland,0.451,7.446
2038,JJA,West Scotland,0.554,11.762
2039,JJA,West Scotland,0.424,9.485
2040,JJA,West Scotland,0.328,5.492
2041,JJA,West Scotland,0.462,12.508
2042,JJA,West Scotland,0.560,9.392
2043,JJA,West Scotland,0.446,8.208
2044,JJA,West Scotland,0.447,5.346
2045,JJA,West Scotland,0.350,8.677
2046,JJA,West Scotland,0.433,6.885
2047,JJA,West Scotland,0.487,9.969
2048,JJA,West Scotland,0.452,8.769
2049,JJA,West Scotland,0.420,6.331
2050,JJA,West Scotland,0.457,5.877
2051,JJA,West Scotland,0.413,9.738
2052,JJA,West Scotland,0.504,8.115
2053,JJA,West Scotland,0.458,8.908
2054,JJA,West Scotland,0.440,10.923
2055,JJA,West Scotland,0.487,10.492
2056,JJA,West Scotland,0.554,10.354
2057,JJA,West Scotland,0.327,5.931
2058,JJA,West Scotland,0.381,6.500
2059,JJA,West Scotland,0.546,12.354
2060,JJA,West Scotland,0.400,5.885
2061,JJA,West Scotland,0.403,7.854
2062,JJA,West Scotland,0.522,8.085
2063,JJA,West Scotland,0.455,7.377
2064,JJA,West Scotland,0.543,7.900
2065,JJA,West Scotland,0.438,5.569
2066,JJA,West Scotland,0.442,6.938
2067,JJA,West Scotland,0.537,7.592
2068,JJA,West Scotland,0.421,10.869
2069,JJA,West Scotland,0.523,9.431
2070,JJA,West Scotland,0.470,7.362
2071,JJA,West Scotland,0.326,5.215
2072,JJA,West Scotland,0.431,5.562
2073,JJA,West Scotland,0.371,7.292
2074,JJA,West Scotland,0.400,8.277
2075,JJA,West Scotland,0.528,11.369
2076,JJA,West Scotland,0.481,7.677
2077,JJA,West Scotland,0.462,10.654
2078,JJA,West Scotland,0.534,10.885
2079,JJA,West Scotland,0.486,8.669
1981,JJA,Yorkshire and Humber,0.491,5.960
1982,JJA,Yorkshire and Humber,0.473,7.733
1983,JJA,Yorkshire and Humber,0.369,7.267
1984,JJA,Yorkshire and Humber,0.415,5.584
1985,JJA,Yorkshire and Humber,0.453,5.921
1986,JJA,Yorkshire and Humber,0.461,5.980
1987,JJA,Yorkshire and Humber,0.485,6.099
1988,JJA,Yorkshire and Humber,0.478,6.901
1989,JJA,Yorkshire and Humber,0.496,7.505
1990,JJA,Yorkshire and Humber,0.336,5.297
1991,JJA,Yorkshire and Humber,0.474,5.634
1992,JJA,Yorkshire and Humber,0.413,4.921
1993,JJA,Yorkshire and Humber,0.364,5.634
1994,JJA,Yorkshire and Humber,0.371,4.069
1995,JJA,Yorkshire and Humber,0.381,4.347
1996,JJA,Yorkshire and Humber,0.406,7.376
1997,JJA,Yorkshire and Humber,0.543,6.871
1998,JJA,Yorkshire and Humber,0.466,5.911
1999,JJA,Yorkshire and Humber,0.438,5.802
2000,JJA,Yorkshire and Humber,0.289,3.564
2001,JJA,Yorkshire and Humber,0.361,4.257
2002,JJA,Yorkshire and Humber,0.484,6.990
2003,JJA,Yorkshire and Humber,0.442,7.119
2004,JJA,Yorkshire and Humber,0.403,5.109
2005,JJA,Yorkshire and Humber,0.459,6.020
2006,JJA,Yorkshire and Humber,0.512,6.614
2007,JJA,Yorkshire and Humber,0.356,4.317
2008,JJA,Yorkshire and Humber,0.485,6.168
2009,JJA,Yorkshire and Humber,0.355,4.178
2010,JJA,Yorkshire and Humber,0.392,4.772
2011,JJA,Yorkshire and Humber,0.537,6.594
2012,JJA,Yorkshire and Humber,0.412,6.139
2013,JJA,Yorkshire and Humber,0.376,6.277
2014,JJA,Yorkshire and Humber,0.339,4.772
2015,JJA,Yorkshire and Humber,0.432,7.109
2016,JJA,Yorkshire and Humber,0.365,4.485
2017,JJA,Yorkshire and Humber,0.347,3.901
2018,JJA,Yorkshire and Humber,0.521,6.950
2019,JJA,Yorkshire and Humber,0.411,4.525
2020,JJA,Yorkshire and Humber,0.481,7.426
2021,JJA,Yorkshire and Humber,0.399,4.287
2022,JJA,Yorkshire and Humber,0.386,5.317
2023,JJA,Yorkshire and Humber,0.328,4.317
2024,JJA,Yorkshire and Humber,0.415,6.267
2025,JJA,Yorkshire and Humber,0.263,5.178
2026,JJA,Yorkshire and Humber,0.493,5.832
2027,JJA,Yorkshire and Humber,0.401,4.554
2028,JJA,Yorkshire and Humber,0.423,5.861
2029,JJA,Yorkshire and Humber,0.451,5.832
2030,JJA,Yorkshire and Humber,0.359,4.109
2031,JJA,Yorkshire and Humber,0.418,6.168
2032,JJA,Yorkshire and Humber,0.390,4.356
2033,JJA,Yorkshire and Humber,0.365,3.921
2034,JJA,Yorkshire and Humber,0.399,5.723
2035,JJA,Yorkshire and Humber,0.411,4.376
2036,JJA,Yorkshire and Humber,0.345,4.594
2037,JJA,Yorkshire and Humber,0.325,4.446
2038,JJA,Yorkshire and Humber,0.441,5.614
2039,JJA,Yorkshire and Humber,0.441,7.970
2040,JJA,Yorkshire and Humber,0.353,5.505
2041,JJA,Yorkshire and Humber,0.327,4.129
2042,JJA,Yorkshire and Humber,0.455,5.683
2043,JJA,Yorkshire and Humber,0.268,3.347
2044,JJA,Yorkshire and Humber,0.443,5.238
2045,JJA,Yorkshire and Humber,0.403,5.772
2046,JJA,Yorkshire and Humber,0.350,5.347
2047,JJA,Yorkshire and Humber,0.379,4.129
2048,JJA,Yorkshire and Humber,0.384,4.446
2049,JJA,Yorkshire and Humber,0.348,4.248
2050,JJA,Yorkshire and Humber,0.456,5.188
2051,JJA,Yorkshire and Humber,0.407,5.287
2052,JJA,Yorkshire and Humber,0.379,5.881
2053,JJA,Yorkshire and Humber,0.433,6.000
2054,JJA,Yorkshire and Humber,0.374,5.574
2055,JJA,Yorkshire and Humber,0.420,3.881
2056,JJA,Yorkshire and Humber,0.435,5.574
2057,JJA,Yorkshire and Humber,0.324,4.673
2058,JJA,Yorkshire and Humber,0.266,3.228
2059,JJA,Yorkshire and Humber,0.368,5.030
2060,JJA,Yorkshire and Humber,0.302,4.149
2061,JJA,Yorkshire and Humber,0.310,4.030
2062,JJA,Yorkshire and Humber,0.389,4.891
2063,JJA,Yorkshire and Humber,0.332,4.980
2064,JJA,Yorkshire and Humber,0.449,5.614
2065,JJA,Yorkshire and Humber,0.313,3.693
2066,JJA,Yorkshire and Humber,0.366,5.921
2067,JJA,Yorkshire and Humber,0.347,4.208
2068,JJA,Yorkshire and Humber,0.303,3.693
2069,JJA,Yorkshire and Humber,0.418,6.871
2070,JJA,Yorkshire and Humber,0.426,4.891
2071,JJA,Yorkshire and Humber,0.269,5.267
2072,JJA,Yorkshire and Humber,0.335,4.604
2073,JJA,Yorkshire and Humber,0.276,3.307
2074,JJA,Yorkshire and Humber,0.310,4.287
2075,JJA,Yorkshire and Humber,0.411,5.119
2076,JJA,Yorkshire and Humber,0.356,4.812
2077,JJA,Yorkshire and Humber,0.322,4.426
2078,JJA,Yorkshire and Humber,0.412,5.525
2079,JJA,Yorkshire and Humber,0.426,5.426
1981,JJA,Channel Islands,0.576,11.000
1982,JJA,Channel Islands,0.315,4.000
1983,JJA,Channel Islands,0.478,5.000
1984,JJA,Channel Islands,0.326,4.000
1985,JJA,Channel Islands,0.359,4.000
1986,JJA,Channel Islands,0.435,12.000
1987,JJA,Channel Islands,0.478,12.000
1988,JJA,Channel Islands,0.435,6.000
1989,JJA,Channel Islands,0.533,12.000
1990,JJA,Channel Islands,0.326,5.000
1991,JJA,Channel Islands,0.380,7.000
1992,JJA,Channel Islands,0.413,7.000
1993,JJA,Channel Islands,0.337,11.000
1994,JJA,Channel Islands,0.457,7.000
1995,JJA,Channel Islands,0.370,4.000
1996,JJA,Channel Islands,0.413,5.000
1997,JJA,Channel Islands,0.467,5.000
1998,JJA,Channel Islands,0.457,11.000
1999,JJA,Channel Islands,0.435,5.000
2000,JJA,Channel Islands,0.304,5.000
2001,JJA,Channel Islands,0.326,6.000
2002,JJA,Channel Islands,0.500,14.000
2003,JJA,Channel Islands,0.402,13.000
2004,JJA,Channel Islands,0.348,4.000
2005,JJA,Channel Islands,0.402,7.000
2006,JJA,Channel Islands,0.304,4.000
2007,JJA,Channel Islands,0.348,12.000
2008,JJA,Channel Islands,0.446,6.000
2009,JJA,Channel Islands,0.489,12.000
2010,JJA,Channel Islands,0.283,7.000
2011,JJA,Channel Islands,0.511,7.000
2012,JJA,Channel Islands,0.380,10.000
2013,JJA,Channel Islands,0.370,7.000
2014,JJA,Channel Islands,0.511,12.000
2015,JJA,Channel Islands,0.446,11.000
2016,JJA,Channel Islands,0.337,5.000
2017,JJA,Channel Islands,0.304,4.000
2018,JJA,Channel Islands,0.598,11.000
2019,JJA,Channel Islands,0.326,4.000
2020,JJA,Channel Islands,0.370,4.000
2021,JJA,Channel Islands,0.370,4.000
2022,JJA,Channel Islands,0.293,5.000
2023,JJA,Channel Islands,0.261,5.000
2024,JJA,Channel Islands,0.370,5.000
2025,JJA,Channel Islands,0.185,2.000
2026,JJA,Channel Islands,0.435,5.000
2027,JJA,Channel Islands,0.446,8.000
2028,JJA,Channel Islands,0.446,7.000
2029,JJA,Channel Islands,0.304,7.000
2030,JJA,Channel Islands,0.402,6.000
2031,JJA,Channel Islands,0.337,6.000
2032,JJA,Channel Islands,0.359,6.000
2033,JJA,Channel Islands,0.370,15.000
2034,JJA,Channel Islands,0.500,12.000
2035,JJA,Channel Islands,0.457,8.000
2036,JJA,Channel Islands,0.402,7.000
2037,JJA,Channel Islands,0.424,10.000
2038,JJA,Channel Islands,0.424,7.000
2039,JJA,Channel Islands,0.326,5.000
2040,JJA,Channel Islands,0.337,5.000
2041,JJA,Channel Islands,0.207,5.000
2042,JJA,Channel Islands,0.543,8.000
2043,JJA,Channel Islands,0.293,5.000
2044,JJA,Channel Islands,0.489,9.000
2045,JJA,Channel Islands,0.402,5.000
2046,JJA,Channel Islands,0.272,5.000
2047,JJA,Channel Islands,0.337,3.000
2048,JJA,Channel Islands,0.315,4.000
2049,JJA,Channel Islands,0.315,7.000
2050,JJA,Channel Islands,0.370,4.000
2051,JJA,Channel Islands,0.435,8.000
2052,JJA,Channel Islands,0.380,5.000
2053,JJA,Channel Islands,0.391,17.000
2054,JJA,Channel Islands,0.380,9.000
2055,JJA,Channel Islands,0.337,5.000
2056,JJA,Channel Islands,0.348,4.000
2057,JJA,Channel Islands,0.304,8.000
2058,JJA,Channel Islands,0.250,5.000
2059,JJA,Channel Islands,0.489,14.000
2060,JJA,Channel Islands,0.283,4.000
2061,JJA,Channel Islands,0.348,18.000
2062,JJA,Channel Islands,0.478,7.000
2063,JJA,Channel Islands,0.304,7.000
2064,JJA,Channel Islands,0.576,8.000
2065,JJA,Channel Islands,0.348,8.000
2066,JJA,Channel Islands,0.380,8.000
2067,JJA,Channel Islands,0.359,10.000
2068,JJA,Channel Islands,0.380,7.000
2069,JJA,Channel Islands,0.304,4.000
2070,JJA,Channel Islands,0.435,4.000
2071,JJA,Channel Islands,0.326,5.000
2072,JJA,Channel Islands,0.457,5.000
2073,JJA,Channel Islands,0.359,10.000
2074,JJA,Channel Islands,0.337,8.000
2075,JJA,Channel Islands,0.402,10.000
2076,JJA,Channel Islands,0.391,8.000
2077,JJA,Channel Islands,0.380,9.000
2078,JJA,Channel Islands,0.478,9.000
2079,JJA,Channel Islands,0.467,6.000
1981,JJA,Isle of Man,0.518,5.333
1982,JJA,Isle of Man,0.489,8.667
1983,JJA,Isle of Man,0.442,6.667
1984,JJA,Isle of Man,0.536,11.667
1985,JJA,Isle of Man,0.591,10.333
1986,JJA,Isle of Man,0.507,9.333
1987,JJA,Isle of Man,0.543,8.333
1988,JJA,Isle of Man,0.536,6.667
1989,JJA,Isle of Man,0.623,10.667
1990,JJA,Isle of Man,0.377,6.333
1991,JJA,Isle of Man,0.446,8.000
1992,JJA,Isle of Man,0.511,9.667
1993,JJA,Isle of Man,0.413,6.333
1994,JJA,Isle of Man,0.522,6.000
1995,JJA,Isle of Man,0.457,6.667
1996,JJA,Isle of Man,0.449,12.333
1997,JJA,Isle of Man,0.518,8.000
1998,JJA,Isle of Man,0.478,6.000
1999,JJA,Isle of Man,0.446,6.333
2000,JJA,Isle of Man,0.438,8.000
2001,JJA,Isle of Man,0.406,6.667
2002,JJA,Isle of Man,0.551,9.667
2003,JJA,Isle of Man,0.453,11.333
2004,JJA,Isle of Man,0.558,7.667
2005,JJA,Isle of Man,0.471,9.000
2006,JJA,Isle of Man,0.486,4.667
2007,JJA,Isle of Man,0.312,4.667
2008,JJA,Isle of Man,0.536,7.333
2009,JJA,Isle of Man,0.431,7.667
2010,JJA,Isle of Man,0.482,8.667
2011,JJA,Isle of Man,0.587,10.333
2012,JJA,Isle of Man,0.428,4.333
2013,JJA,Isle of Man,0.438,8.667
2014,JJA,Isle of Man,0.420,5.667
2015,JJA,Isle of Man,0.536,7.000
2016,JJA,Isle of Man,0.431,3.333
2017,JJA,Isle of Man,0.384,4.000
2018,JJA,Isle of Man,0.562,10.000
2019,JJA,Isle of Man,0.449,4.667
2020,JJA,Isle of Man,0.482,5.667
2021,JJA,Isle of Man,0.370,6.000
2022,JJA,Isle of Man,0.471,5.667
2023,JJA,Isle of Man,0.341,4.000
2024,JJA,Isle of Man,0.402,8.667
2025,JJA,Isle of Man,0.293,4.667
2026,JJA,Isle of Man,0.500,9.000
2027,JJA,Isle of Man,0.504,7.000
2028,JJA,Isle of Man,0.489,6.333
2029,JJA,Isle of Man,0.511,5.667
2030,JJA,Isle of Man,0.442,5.000
2031,JJA,Isle of Man,0.457,7.000
2032,JJA,Isle of Man,0.475,5.667
2033,JJA,Isle of Man,0.460,8.000
2034,JJA,Isle of Man,0.460,6.000
2035,JJA,Isle of Man,0.486,7.667
2036,JJA,Isle of Man,0.348,4.333
2037,JJA,Isle of Man,0.315,4.333
2038,JJA,Isle of Man,0.464,11.667
2039,JJA,Isle of Man,0.380,7.333
2040,JJA,Isle of Man,0.254,4.333
2041,JJA,Isle of Man,0.326,4.333
2042,JJA,Isle of Man,0.471,6.333
2043,JJA,Isle of Man,0.366,7.000
2044,JJA,Isle of Man,0.413,5.000
2045,JJA,Isle of Man,0.290,3.000
2046,JJA,Isle of Man,0.384,6.000
2047,JJA,Isle of Man,0.373,4.000
2048,JJA,Isle of Man,0.399,6.000
2049,JJA,Isle of Man,0.290,5.000
2050,JJA,Isle of Man,0.424,4.667
2051,JJA,Isle of Man,0.413,9.000
2052,JJA,Isle of Man,0.460,5.667
2053,JJA,Isle of Man,0.496,9.667
2054,JJA,Isle of Man,0.391,8.000
2055,JJA,Isle of Man,0.373,4.000
2056,JJA,Isle of Man,0.525,6.000
2057,JJA,Isle of Man,0.246,6.333
2058,JJA,Isle of Man,0.264,3.667
2059,JJA,Isle of Man,0.428,6.667
2060,JJA,Isle of Man,0.261,3.333
2061,JJA,Isle of Man,0.243,6.000
2062,JJA,Isle of Man,0.388,6.000
2063,JJA,Isle of Man,0.359,6.000
2064,JJA,Isle of Man,0.457,6.000
2065,JJA,Isle of Man,0.322,4.000
2066,JJA,Isle of Man,0.366,6.333
2067,JJA,Isle of Man,0.420,7.000
2068,JJA,Isle of Man,0.359,4.000
2069,JJA,Isle of Man,0.442,9.000
2070,JJA,Isle of Man,0.413,9.000
2071,JJA,Isle of Man,0.261,4.333
2072,JJA,Isle of Man,0.315,4.667
2073,JJA,Isle of Man,0.272,4.333
2074,JJA,Isle of Man,0.330,6.000
2075,JJA,Isle of Man,0.493,10.667
2076,JJA,Isle of Man,0.355,4.000
2077,JJA,Isle of Man,0.402,5.667
2078,JJA,Isle of Man,0.438,7.000
2079,JJA,Isle of Man,0.464,8.333
1981,JJA,Northern Ireland,0.513,7.349
1982,JJA,Northern Ireland,0.495,9.105
1983,JJA,Northern Ireland,0.473,6.686
1984,JJA,Northern Ireland,0.462,8.674
1985,JJA,Northern Ireland,0.563,7.942
1986,JJA,Northern Ireland,0.529,7.500
1987,JJA,Northern Ireland,0.542,9.756
1988,JJA,Northern Ireland,0.511,5.977
1989,JJA,Northern Ireland,0.583,7.733
1990,JJA,Northern Ireland,0.422,6.988
1991,JJA,Northern Ireland,0.470,6.837
1992,JJA,Northern Ireland,0.497,7.953
1993,JJA,Northern Ireland,0.452,6.500
1994,JJA,Northern Ireland,0.482,6.535
1995,JJA,Northern Ireland,0.525,8.547
1996,JJA,Northern Ireland,0.495,8.791
1997,JJA,Northern Ireland,0.495,8.709
1998,JJA,Northern Ireland,0.474,6.605
1999,JJA,Northern Ireland,0.488,7.756
2000,JJA,Northern Ireland,0.462,6.849
2001,JJA,Northern Ireland,0.422,6.151
2002,JJA,Northern Ireland,0.527,10.233
2003,JJA,Northern Ireland,0.476,6.279
2004,JJA,Northern Ireland,0.517,8.942
2005,JJA,Northern Ireland,0.461,6.209
2006,JJA,Northern Ireland,0.497,5.907
2007,JJA,Northern Ireland,0.337,5.419
2008,JJA,Northern Ireland,0.562,9.174
2009,JJA,Northern Ireland,0.391,9.035
2010,JJA,Northern Ireland,0.510,8.209
2011,JJA,Northern Ireland,0.632,9.105
2012,JJA,Northern Ireland,0.427,6.035
2013,JJA,Northern Ireland,0.515,9.953
2014,JJA,Northern Ireland,0.422,5.047
2015,JJA,Northern Ireland,0.476,7.581
2016,JJA,Northern Ireland,0.437,6.547
2017,JJA,Northern Ireland,0.360,6.593
2018,JJA,Northern Ireland,0.546,7.302
2019,JJA,Northern Ireland,0.443,5.535
2020,JJA,Northern Ireland,0.445,5.151
2021,JJA,Northern Ireland,0.490,6.407
2022,JJA,Northern Ireland,0.444,6.221
2023,JJA,Northern Ireland,0.369,4.756
2024,JJA,Northern Ireland,0.421,6.651
2025,JJA,Northern Ireland,0.337,6.198
2026,JJA,Northern Ireland,0.517,6.709
2027,JJA,Northern Ireland,0.441,6.953
2028,JJA,Northern Ireland,0.531,6.686
2029,JJA,Northern Ireland,0.529,7.779
2030,JJA,Northern Ireland,0.460,7.488
2031,JJA,Northern Ireland,0.447,5.000
2032,JJA,Northern Ireland,0.471,6.558
2033,JJA,Northern Ireland,0.476,4.628
2034,JJA,Northern Ireland,0.390,7.000
2035,JJA,Northern Ireland,0.468,5.721
2036,JJA,Northern Ireland,0.412,5.070
2037,JJA,Northern Ireland,0.384,5.430
2038,JJA,Northern Ireland,0.516,8.140
2039,JJA,Northern Ireland,0.386,6.116
2040,JJA,Northern Ireland,0.300,4.826
2041,JJA,Northern Ireland,0.389,6.360
2042,JJA,Northern Ireland,0.493,7.279
2043,JJA,Northern Ireland,0.380,4.535
2044,JJA,Northern Ireland,0.493,7.814
2045,JJA,Northern Ireland,0.328,4.000
2046,JJA,Northern Ireland,0.340,4.849
2047,JJA,Northern Ireland,0.433,7.791
2048,JJA,Northern Ireland,0.392,4.837
2049,JJA,Northern Ireland,0.330,4.047
2050,JJA,Northern Ireland,0.362,4.628
2051,JJA,Northern Ireland,0.398,7.988
2052,JJA,Northern Ireland,0.464,5.965
2053,JJA,Northern Ireland,0.465,7.942
2054,JJA,Northern Ireland,0.405,6.140
2055,JJA,Northern Ireland,0.455,5.279
2056,JJA,Northern Ireland,0.495,5.942
2057,JJA,Northern Ireland,0.282,5.128
2058,JJA,Northern Ireland,0.330,4.570
2059,JJA,Northern Ireland,0.449,8.384
2060,JJA,Northern Ireland,0.335,4.698
2061,JJA,Northern Ireland,0.305,5.616
2062,JJA,Northern Ireland,0.470,6.640
2063,JJA,Northern Ireland,0.403,6.651
2064,JJA,Northern Ireland,0.505,5.953
2065,JJA,Northern Ireland,0.350,4.326
2066,JJA,Northern Ireland,0.363,6.395
2067,JJA,Northern Ireland,0.512,7.244
2068,JJA,Northern Ireland,0.354,4.849
2069,JJA,Northern Ireland,0.490,9.523
2070,JJA,Northern Ireland,0.416,5.151
2071,JJA,Northern Ireland,0.271,4.244
2072,JJA,Northern Ireland,0.374,4.547
2073,JJA,Northern Ireland,0.318,6.047
2074,JJA,Northern Ireland,0.321,4.826
2075,JJA,Northern Ireland,0.515,6.512
2076,JJA,Northern Ireland,0.392,4.709
2077,JJA,Northern Ireland,0.336,4.837
2078,JJA,Northern Ireland,0.501,8.547
2079,JJA,Northern Ireland,0.513,8.953
1981,JJA,Wales,0.571,7.584
1982,JJA,Wales,0.379,6.146
1983,JJA,Wales,0.436,6.985
1984,JJA,Wales,0.421,6.007
1985,JJA,Wales,0.467,6.927
1986,JJA,Wales,0.460,5.555
1987,JJA,Wales,0.497,7.036
1988,JJA,Wales,0.481,6.737
1989,JJA,Wales,0.596,8.182
1990,JJA,Wales,0.383,5.876
1991,JJA,Wales,0.446,6.540
1992,JJA,Wales,0.491,8.453
1993,JJA,Wales,0.406,7.518
1994,JJA,Wales,0.467,6.766
1995,JJA,Wales,0.422,5.912
1996,JJA,Wales,0.439,10.745
1997,JJA,Wales,0.549,8.620
1998,JJA,Wales,0.459,6.139
1999,JJA,Wales,0.433,6.015
2000,JJA,Wales,0.370,5.956
2001,JJA,Wales,0.378,6.102
2002,JJA,Wales,0.487,7.307
2003,JJA,Wales,0.430,8.547
2004,JJA,Wales,0.454,7.182
2005,JJA,Wales,0.474,7.365
2006,JJA,Wales,0.474,5.693
2007,JJA,Wales,0.369,5.591
2008,JJA,Wales,0.525,8.540
2009,JJA,Wales,0.369,5.489
2010,JJA,Wales,0.431,7.883
2011,JJA,Wales,0.531,7.453
2012,JJA,Wales,0.427,5.117
2013,JJA,Wales,0.388,6.292
2014,JJA,Wales,0.386,6.153
2015,JJA,Wales,0.489,8.219
2016,JJA,Wales,0.431,6.328
2017,JJA,Wales,0.444,6.029
2018,JJA,Wales,0.528,7.095
2019,JJA,Wales,0.391,5.642
2020,JJA,Wales,0.454,7.080
2021,JJA,Wales,0.431,6.613
2022,JJA,Wales,0.362,5.212
2023,JJA,Wales,0.318,4.854
2024,JJA,Wales,0.424,6.117
2025,JJA,Wales,0.264,3.876
2026,JJA,Wales,0.550,8.029
2027,JJA,Wales,0.401,5.190
2028,JJA,Wales,0.445,6.102
2029,JJA,Wales,0.366,3.934
2030,JJA,Wales,0.427,6.474
2031,JJA,Wales,0.414,5.664
2032,JJA,Wales,0.403,5.029
2033,JJA,Wales,0.396,4.876
2034,JJA,Wales,0.411,6.204
2035,JJA,Wales,0.430,5.971
2036,JJA,Wales,0.345,5.599
2037,JJA,Wales,0.375,5.883
2038,JJA,Wales,0.507,6.964
2039,JJA,Wales,0.420,6.606
2040,JJA,Wales,0.325,4.905
2041,JJA,Wales,0.383,5.803
2042,JJA,Wales,0.441,5.978
2043,JJA,Wales,0.334,5.460
2044,JJA,Wales,0.433,5.803
2045,JJA,Wales,0.362,4.562
2046,JJA,Wales,0.341,4.518
2047,JJA,Wales,0.352,4.672
2048,JJA,Wales,0.365,6.117
2049,JJA,Wales,0.344,5.993
2050,JJA,Wales,0.436,5.569
2051,JJA,Wales,0.416,5.825
2052,JJA,Wales,0.392,5.336
2053,JJA,Wales,0.439,6.672
2054,JJA,Wales,0.407,7.197
2055,JJA,Wales,0.367,3.832
2056,JJA,Wales,0.460,5.474
2057,JJA,Wales,0.325,5.051
2058,JJA,Wales,0.259,3.745
2059,JJA,Wales,0.428,6.606
2060,JJA,Wales,0.310,3.270
2061,JJA,Wales,0.293,5.759
2062,JJA,Wales,0.389,5.715
2063,JJA,Wales,0.334,5.891
2064,JJA,Wales,0.483,7.394
2065,JJA,Wales,0.312,4.168
2066,JJA,Wales,0.359,4.964
2067,JJA,Wales,0.380,5.599
2068,JJA,Wales,0.322,4.365
2069,JJA,Wales,0.399,5.226
2070,JJA,Wales,0.404,5.080
2071,JJA,Wales,0.276,5.190
2072,JJA,Wales,0.416,5.358
2073,JJA,Wales,0.272,3.810
2074,JJA,Wales,0.358,5.365
2075,JJA,Wales,0.487,8.956
2076,JJA,Wales,0.331,6.620
2077,JJA,Wales,0.317,6.584
2078,JJA,Wales,0.427,6.453
2079,JJA,Wales,0.514,7.518
1981,SON,East Midlands,0.391,5.087
1982,SON,East Midlands,0.408,5.505
1983,SON,East Midlands,0.469,6.728
1984,SON,East Midlands,0.466,6.019
1985,SON,East Midlands,0.524,7.981
1986,SON,East Midlands,0.505,6.078
1987,SON,East Midlands,0.432,4.612
1988,SON,East Midlands,0.378,5.184
1989,SON,East Midlands,0.501,8.184
1990,SON,East Midlands,0.492,5.495
1991,SON,East Midlands,0.578,7.029
1992,SON,East Midlands,0.556,9.670
1993,SON,East Midlands,0.461,4.650
1994,SON,East Midlands,0.502,6.233
1995,SON,East Midlands,0.444,9.816
1996,SON,East Midlands,0.379,4.524
1997,SON,East Midlands,0.405,5.913
1998,SON,East Midlands,0.419,6.816
1999,SON,East Midlands,0.438,5.184
2000,SON,East Midlands,0.405,4.660
2001,SON,East Midlands,0.514,6.252
2002,SON,East Midlands,0.478,7.175
2003,SON,East Midlands,0.540,8.262
2004,SON,East Midlands,0.441,5.398
2005,SON,East Midlands,0.470,5.786
2006,SON,East Midlands,0.482,8.272
2007,SON,East Midlands,0.478,6.369
2008,SON,East Midlands,0.390,5.107
2009,SON,East Midlands,0.548,8.291
2010,SON,East Midlands,0.512,7.223
2011,SON,East Midlands,0.418,4.340
2012,SON,East Midlands,0.537,7.728
2013,SON,East Midlands,0.496,5.466
2014,SON,East Midlands,0.380,4.243
2015,SON,East Midlands,0.445,5.126
2016,SON,East Midlands,0.478,7.835
2017,SON,East Midlands,0.456,7.505
2018,SON,East Midlands,0.431,5.748
2019,SON,East Midlands,0.476,6.612
2020,SON,East Midlands,0.570,7.563
2021,SON,East Midlands,0.557,9.058
2022,SON,East Midlands,0.467,5.913
2023,SON,East Midlands,0.516,5.718
2024,SON,East Midlands,0.446,5.427
2025,SON,East Midlands,0.413,5.553
2026,SON,East Midlands,0.450,5.825
2027,SON,East Midlands,0.442,4.748
2028,SON,East Midlands,0.535,7.718
2029,SON,East Midlands,0.517,5.524
2030,SON,East Midlands,0.423,5.107
2031,SON,East Midlands,0.476,6.592
2032,SON,East Midlands,0.423,5.553
2033,SON,East Midlands,0.534,6.398
2034,SON,East Midlands,0.457,5.816
2035,SON,East Midlands,0.571,6.175
2036,SON,East Midlands,0.540,6.748
2037,SON,East Midlands,0.490,5.243
2038,SON,East Midlands,0.498,5.922
2039,SON,East Midlands,0.484,4.641
2040,SON,East Midlands,0.486,6.476
2041,SON,East Midlands,0.415,5.262
2042,SON,East Midlands,0.407,4.282
2043,SON,East Midlands,0.496,5.971
2044,SON,East Midlands,0.496,5.777
2045,SON,East Midlands,0.496,5.495
2046,SON,East Midlands,0.426,6.175
2047,SON,East Midlands,0.436,5.641
2048,SON,East Midlands,0.418,4.893
2049,SON,East Midlands,0.539,7.117
2050,SON,East Midlands,0.503,8.262
2051,SON,East Midlands,0.486,7.738
2052,SON,East Midlands,0.558,10.340
2053,SON,East Midlands,0.494,5.757
2054,SON,East Midlands,0.452,4.748
2055,SON,East Midlands,0.544,6.961
2056,SON,East Midlands,0.411,4.505
2057,SON,East Midlands,0.510,5.583
2058,SON,East Midlands,0.527,6.291
2059,SON,East Midlands,0.562,5.563
2060,SON,East Midlands,0.542,6.631
2061,SON,East Midlands,0.389,4.388
2062,SON,East Midlands,0.525,6.388
2063,SON,East Midlands,0.556,7.369
2064,SON,East Midlands,0.534,8.592
2065,SON,East Midlands,0.580,8.456
2066,SON,East Midlands,0.501,9.553
2067,SON,East Midlands,0.512,7.825
2068,SON,East Midlands,0.587,5.971
2069,SON,East Midlands,0.430,6.136
2070,SON,East Midlands,0.449,4.796
2071,SON,East Midlands,0.461,4.835
2072,SON,East Midlands,0.511,6.854
2073,SON,East Midlands,0.460,6.350
2074,SON,East Midlands,0.495,9.136
2075,SON,East Midlands,0.486,5.340
2076,SON,East Midlands,0.542,5.874
2077,SON,East Midlands,0.527,7.485
2078,SON,East Midlands,0.457,5.350
2079,SON,East Midlands,0.566,6.650
1981,SON,East of England,0.356,4.008
1982,SON,East of England,0.406,4.619
1983,SON,East of England,0.495,6.786
1984,SON,East of England,0.437,6.135
1985,SON,East of England,0.494,7.198
1986,SON,East of England,0.498,7.865
1987,SON,East of England,0.395,4.460
1988,SON,East of England,0.401,7.952
1989,SON,East of England,0.452,8.008
1990,SON,East of England,0.484,6.460
1991,SON,East of England,0.531,5.817
1992,SON,East of England,0.503,7.214
1993,SON,East of England,0.448,4.222
1994,SON,East of England,0.508,6.937
1995,SON,East of England,0.370,6.222
1996,SON,East of England,0.359,4.183
1997,SON,East of England,0.334,4.278
1998,SON,East of England,0.393,5.905
1999,SON,East of England,0.431,4.603
2000,SON,East of England,0.397,4.944
2001,SON,East of England,0.476,5.849
2002,SON,East of England,0.448,7.024
2003,SON,East of England,0.494,6.008
2004,SON,East of England,0.411,3.944
2005,SON,East of England,0.447,6.595
2006,SON,East of England,0.417,5.802
2007,SON,East of England,0.451,6.206
2008,SON,East of England,0.367,5.151
2009,SON,East of England,0.516,7.056
2010,SON,East of England,0.406,6.976
2011,SON,East of England,0.364,4.095
2012,SON,East of England,0.515,7.833
2013,SON,East of England,0.485,5.579
2014,SON,East of England,0.373,3.841
2015,SON,East of England,0.448,5.016
2016,SON,East of England,0.485,11.175
2017,SON,East of England,0.420,7.976
2018,SON,East of England,0.444,6.198
2019,SON,East of England,0.481,5.802
2020,SON,East of England,0.551,7.087
2021,SON,East of England,0.503,5.611
2022,SON,East of England,0.457,5.476
2023,SON,East of England,0.475,5.968
2024,SON,East of England,0.407,5.071
2025,SON,East of England,0.418,6.127
2026,SON,East of England,0.369,5.127
2027,SON,East of England,0.432,5.183
2028,SON,East of England,0.541,7.222
2029,SON,East of England,0.425,4.810
2030,SON,East of England,0.386,6.159
2031,SON,East of England,0.471,6.389
2032,SON,East of England,0.391,4.683
2033,SON,East of England,0.525,5.619
2034,SON,East of England,0.426,5.151
2035,SON,East of England,0.543,6.921
2036,SON,East of England,0.552,7.444
2037,SON,East of England,0.487,7.214
2038,SON,East of England,0.469,5.048
2039,SON,East of England,0.450,3.738
2040,SON,East of England,0.460,4.714
2041,SON,East of England,0.386,4.492
2042,SON,East of England,0.485,6.143
2043,SON,East of England,0.502,5.333
2044,SON,East of England,0.462,5.127
2045,SON,East of England,0.501,5.111
2046,SON,East of England,0.432,6.476
2047,SON,East of England,0.436,4.778
2048,SON,East of England,0.418,3.992
2049,SON,East of England,0.504,5.397
2050,SON,East of England,0.474,6.571
2051,SON,East of England,0.436,5.873
2052,SON,East of England,0.571,7.698
2053,SON,East of England,0.475,4.190
2054,SON,East of England,0.449,4.690
2055,SON,East of England,0.531,5.571
2056,SON,East of England,0.421,9.286
2057,SON,East of England,0.487,5.571
2058,SON,East of England,0.512,6.270
2059,SON,East of England,0.490,4.841
2060,SON,East of England,0.560,8.127
2061,SON,East of England,0.404,4.508
2062,SON,East of England,0.515,6.825
2063,SON,East of England,0.546,6.063
2064,SON,East of England,0.528,7.548
2065,SON,East of England,0.557,7.817
2066,SON,East of England,0.484,9.460
2067,SON,East of England,0.490,6.881
2068,SON,East of England,0.558,6.103
2069,SON,East of England,0.434,5.706
2070,SON,East of England,0.458,5.381
2071,SON,East of England,0.460,4.794
2072,SON,East of England,0.482,5.214
2073,SON,East of England,0.436,6.310
2074,SON,East of England,0.439,8.532
2075,SON,East of England,0.451,5.413
2076,SON,East of England,0.570,7.254
2077,SON,East of England,0.503,7.397
2078,SON,East of England,0.431,5.444
2079,SON,East of England,0.558,8.310
1981,SON,East Scotland,0.504,9.453
1982,SON,East Scotland,0.501,6.088
1983,SON,East Scotland,0.530,8.472
1984,SON,East Scotland,0.581,8.088
1985,SON,East Scotland,0.594,7.711
1986,SON,East Scotland,0.559,7.044
1987,SON,East Scotland,0.620,10.616
1988,SON,East Scotland,0.546,9.862
1989,SON,East Scotland,0.617,11.881
1990,SON,East Scotland,0.576,7.950
1991,SON,East Scotland,0.552,6.516
1992,SON,East Scotland,0.601,11.428
1993,SON,East Scotland,0.520,9.459
1994,SON,East Scotland,0.506,7.736
1995,SON,East Scotland,0.448,7.874
1996,SON,East Scotland,0.508,7.277
1997,SON,East Scotland,0.622,10.975
1998,SON,East Scotland,0.556,9.044
1999,SON,East Scotland,0.597,10.642
2000,SON,East Scotland,0.534,7.113
2001,SON,East Scotland,0.564,8.987
2002,SON,East Scotland,0.543,6.830
2003,SON,East Scotland,0.523,7.566
2004,SON,East Scotland,0.519,8.440
2005,SON,East Scotland,0.611,8.799
2006,SON,East Scotland,0.452,5.962
2007,SON,East Scotland,0.596,11.346
2008,SON,East Scotland,0.593,8.535
2009,SON,East Scotland,0.598,8.560
2010,SON,East Scotland,0.580,9.761
2011,SON,East Scotland,0.536,7.667
2012,SON,East Scotland,0.579,8.189
2013,SON,East Scotland,0.500,6.667
2014,SON,East Scotland,0.591,9.597
2015,SON,East Scotland,0.544,9.447
2016,SON,East Scotland,0.587,7.962
2017,SON,East Scotland,0.612,11.686
2018,SON,East Scotland,0.508,6.522
2019,SON,East Scotland,0.543,7.082
2020,SON,East Scotland,0.617,9.377
2021,SON,East Scotland,0.556,12.767
2022,SON,East Scotland,0.574,8.585
2023,SON,East Scotland,0.563,7.031
2024,SON,East Scotland,0.562,8.264
2025,SON,East Scotland,0.476,7.535
2026,SON,East Scotland,0.599,8.553
2027,SON,East Scotland,0.556,7.346
2028,SON,East Scotland,0.584,9.673
2029,SON,East Scotland,0.641,10.805
2030,SON,East Scotland,0.501,8.899
2031,SON,East Scotland,0.559,9.226
2032,SON,East Scotland,0.582,9.277
2033,SON,East Scotland,0.631,8.579
2034,SON,East Scotland,0.530,8.214
2035,SON,East Scotland,0.671,8.887
2036,SON,East Scotland,0.561,8.503
2037,SON,East Scotland,0.610,7.799
2038,SON,East Scotland,0.608,10.195
2039,SON,East Scotland,0.617,9.698
2040,SON,East Scotland,0.545,8.245
2041,SON,East Scotland,0.594,8.660
2042,SON,East Scotland,0.491,7.352
2043,SON,East Scotland,0.553,7.818
2044,SON,East Scotland,0.582,10.792
2045,SON,East Scotland,0.568,6.472
2046,SON,East Scotland,0.555,8.585
2047,SON,East Scotland,0.578,9.604
2048,SON,East Scotland,0.517,8.006
2049,SON,East Scotland,0.609,7.748
2050,SON,East Scotland,0.551,7.881
2051,SON,East Scotland,0.568,7.692
2052,SON,East Scotland,0.491,8.101
2053,SON,East Scotland,0.603,8.623
2054,SON,East Scotland,0.528,8.063
2055,SON,East Scotland,0.662,10.748
2056,SON,East Scotland,0.458,6.937
2057,SON,East Scotland,0.566,6.711
2058,SON,East Scotland,0.566,6.912
2059,SON,East Scotland,0.568,8.384
2060,SON,East Scotland,0.616,10.774
2061,SON,East Scotland,0.476,7.151
2062,SON,East Scotland,0.534,7.252
2063,SON,East Scotland,0.546,7.887
2064,SON,East Scotland,0.519,7.767
2065,SON,East Scotland,0.581,9.881
2066,SON,East Scotland,0.610,9.767
2067,SON,East Scotland,0.614,9.270
2068,SON,East Scotland,0.573,7.792
2069,SON,East Scotland,0.531,8.723
2070,SON,East Scotland,0.491,7.346
2071,SON,East Scotland,0.553,6.981
2072,SON,East Scotland,0.538,8.189
2073,SON,East Scotland,0.561,9.893
2074,SON,East Scotland,0.586,9.975
2075,SON,East Scotland,0.571,7.805
2076,SON,East Scotland,0.600,9.792
2077,SON,East Scotland,0.636,9.088
2078,SON,East Scotland,0.609,10.377
2079,SON,East Scotland,0.575,8.975
1981,SON,London,0.343,4.000
1982,SON,London,0.412,5.250
1983,SON,London,0.472,6.250
1984,SON,London,0.429,5.417
1985,SON,London,0.513,7.667
1986,SON,London,0.496,8.000
1987,SON,London,0.375,3.333
1988,SON,London,0.407,10.750
1989,SON,London,0.417,8.000
1990,SON,London,0.462,5.500
1991,SON,London,0.526,5.500
1992,SON,London,0.526,9.250
1993,SON,London,0.476,6.000
1994,SON,London,0.484,4.583
1995,SON,London,0.374,5.583
1996,SON,London,0.355,4.000
1997,SON,London,0.332,3.750
1998,SON,London,0.457,6.667
1999,SON,London,0.433,4.583
2000,SON,London,0.410,3.667
2001,SON,London,0.444,5.000
2002,SON,London,0.402,6.500
2003,SON,London,0.462,4.833
2004,SON,London,0.414,3.583
2005,SON,London,0.469,6.250
2006,SON,London,0.411,5.250
2007,SON,London,0.468,7.083
2008,SON,London,0.390,9.000
2009,SON,London,0.511,6.000
2010,SON,London,0.388,5.917
2011,SON,London,0.391,3.917
2012,SON,London,0.511,10.250
2013,SON,London,0.494,5.333
2014,SON,London,0.382,3.250
2015,SON,London,0.446,4.250
2016,SON,London,0.442,10.000
2017,SON,London,0.413,4.417
2018,SON,London,0.452,5.333
2019,SON,London,0.473,6.667
2020,SON,London,0.569,6.083
2021,SON,London,0.495,6.500
2022,SON,London,0.458,5.083
2023,SON,London,0.443,6.167
2024,SON,London,0.402,4.000
2025,SON,London,0.410,6.000
2026,SON,London,0.367,5.250
2027,SON,London,0.419,5.917
2028,SON,London,0.530,6.333
2029,SON,London,0.484,8.083
2030,SON,London,0.372,6.250
2031,SON,London,0.497,5.667
2032,SON,London,0.380,4.333
2033,SON,London,0.496,5.250
2034,SON,London,0.434,5.417
2035,SON,London,0.514,6.000
2036,SON,London,0.559,10.500
2037,SON,London,0.486,8.250
2038,SON,London,0.452,5.583
2039,SON,London,0.476,5.333
2040,SON,London,0.460,4.917
2041,SON,London,0.445,6.167
2042,SON,London,0.420,5.000
2043,SON,London,0.521,6.000
2044,SON,London,0.448,5.083
2045,SON,London,0.480,5.000
2046,SON,London,0.462,6.500
2047,SON,London,0.445,5.583
2048,SON,London,0.442,4.500
2049,SON,London,0.493,4.500
2050,SON,London,0.472,7.917
2051,SON,London,0.460,6.000
2052,SON,London,0.568,8.417
2053,SON,London,0.489,3.917
2054,SON,London,0.400,2.583
2055,SON,London,0.562,5.917
2056,SON,London,0.433,10.250
2057,SON,London,0.524,5.917
2058,SON,London,0.490,6.167
2059,SON,London,0.473,5.000
2060,SON,London,0.566,9.583
2061,SON,London,0.391,6.167
2062,SON,London,0.500,6.333
2063,SON,London,0.571,8.000
2064,SON,London,0.538,8.500
2065,SON,London,0.608,6.917
2066,SON,London,0.492,9.750
2067,SON,London,0.516,7.417
2068,SON,London,0.602,8.000
2069,SON,London,0.479,6.000
2070,SON,London,0.440,5.500
2071,SON,London,0.391,3.583
2072,SON,London,0.503,8.000
2073,SON,London,0.421,7.000
2074,SON,London,0.425,7.500
2075,SON,London,0.411,6.917
2076,SON,London,0.512,6.583
2077,SON,London,0.484,6.250
2078,SON,London,0.429,5.083
2079,SON,London,0.536,6.667
1981,SON,North East England,0.440,4.842
1982,SON,North East England,0.456,5.509
1983,SON,North East England,0.536,8.649
1984,SON,North East England,0.535,7.035
1985,SON,North East England,0.529,5.930
1986,SON,North East England,0.513,5.754
1987,SON,North East England,0.528,7.053
1988,SON,North East England,0.391,6.702
1989,SON,North East England,0.532,9.123
1990,SON,North East England,0.525,8.333
1991,SON,North East England,0.483,6.895
1992,SON,North East England,0.566,8.474
1993,SON,North East England,0.416,5.386
1994,SON,North East England,0.462,6.053
1995,SON,North East England,0.373,5.474
1996,SON,North East England,0.411,5.719
1997,SON,North East England,0.494,7.982
1998,SON,North East England,0.467,7.368
1999,SON,North East England,0.525,7.754
2000,SON,North East England,0.450,5.298
2001,SON,North East England,0.487,5.930
2002,SON,North East England,0.445,5.789
2003,SON,North East England,0.486,5.982
2004,SON,North East England,0.484,5.737
2005,SON,North East England,0.518,6.070
2006,SON,North East England,0.464,6.088
2007,SON,North East England,0.495,9.070
2008,SON,North East England,0.514,6.754
2009,SON,North East England,0.595,8.561
2010,SON,North East England,0.532,7.614
2011,SON,North East England,0.423,5.930
2012,SON,North East England,0.570,7.772
2013,SON,North East England,0.468,4.526
2014,SON,North East England,0.529,7.930
2015,SON,North East England,0.467,5.368
2016,SON,North East England,0.522,6.965
2017,SON,North East England,0.506,6.211
2018,SON,North East England,0.470,5.772
2019,SON,North East England,0.499,5.982
2020,SON,North East England,0.525,7.333
2021,SON,North East England,0.532,12.105
2022,SON,North East England,0.470,7.088
2023,SON,North East England,0.523,5.561
2024,SON,North East England,0.478,5.316
2025,SON,North East England,0.379,4.579
2026,SON,North East England,0.492,7.018
2027,SON,North East England,0.516,5.421
2028,SON,North East England,0.551,6.596
2029,SON,North East England,0.630,10.386
2030,SON,North East England,0.460,7.018
2031,SON,North East England,0.508,7.772
2032,SON,North East England,0.511,7.877
2033,SON,North East England,0.535,8.351
2034,SON,North East England,0.470,7.123
2035,SON,North East England,0.603,8.895
2036,SON,North East England,0.517,7.000
2037,SON,North East England,0.559,7.825
2038,SON,North East England,0.544,6.930
2039,SON,North East England,0.535,6.281
2040,SON,North East England,0.468,5.737
2041,SON,North East England,0.486,7.088
2042,SON,North East England,0.433,4.684
2043,SON,North East England,0.543,7.281
2044,SON,North East England,0.498,7.053
2045,SON,North East England,0.514,4.404
2046,SON,North East England,0.400,4.632
2047,SON,North East England,0.500,6.684
2048,SON,North East England,0.480,6.263
2049,SON,North East England,0.569,6.579
2050,SON,North East England,0.534,7.000
2051,SON,North East England,0.502,6.404
2052,SON,North East England,0.521,9.912
2053,SON,North East England,0.530,5.965
2054,SON,North East England,0.447,5.684
2055,SON,North East England,0.571,8.421
2056,SON,North East England,0.375,4.368
2057,SON,North East England,0.556,5.316
2058,SON,North East England,0.515,7.368
2059,SON,North East England,0.563,7.719
2060,SON,North East England,0.585,6.579
2061,SON,North East England,0.425,5.368
2062,SON,North East England,0.548,7.175
2063,SON,North East England,0.486,7.684
2064,SON,North East England,0.468,5.860
2065,SON,North East England,0.573,10.754
2066,SON,North East England,0.575,9.667
2067,SON,North East England,0.610,8.895
2068,SON,North East England,0.541,6.228
2069,SON,North East England,0.460,6.263
2070,SON,North East England,0.507,8.211
2071,SON,North East England,0.517,5.614
2072,SON,North East England,0.513,6.351
2073,SON,North East England,0.504,7.474
2074,SON,North East England,0.540,6.035
2075,SON,North East England,0.547,8.596
2076,SON,North East England,0.560,9.018
2077,SON,North East England,0.581,7.912
2078,SON,North East England,0.491,8.579
2079,SON,North East England,0.564,7.842
1981,SON,North Scotland,0.648,15.025
1982,SON,North Scotland,0.588,13.612
1983,SON,North Scotland,0.599,13.502
1984,SON,North Scotland,0.715,18.209
1985,SON,North Scotland,0.711,14.448
1986,SON,North Scotland,0.672,15.274
1987,SON,North Scotland,0.736,12.871
1988,SON,North Scotland,0.651,11.866
1989,SON,North Scotland,0.738,21.920
1990,SON,North Scotland,0.714,16.617
1991,SON,North Scotland,0.695,13.836
1992,SON,North Scotland,0.650,25.144
1993,SON,North Scotland,0.633,19.483
1994,SON,North Scotland,0.596,11.915
1995,SON,North Scotland,0.656,21.085
1996,SON,North Scotland,0.554,8.776
1997,SON,North Scotland,0.738,22.095
1998,SON,North Scotland,0.634,12.289
1999,SON,North Scotland,0.724,16.438
2000,SON,North Scotland,0.690,21.562
2001,SON,North Scotland,0.685,18.652
2002,SON,North Scotland,0.637,11.866
2003,SON,North Scotland,0.697,16.333
2004,SON,North Scotland,0.662,20.896
2005,SON,North Scotland,0.692,15.085
2006,SON,North Scotland,0.551,9.766
2007,SON,North Scotland,0.741,20.527
2008,SON,North Scotland,0.685,13.697
2009,SON,North Scotland,0.677,13.811
2010,SON,North Scotland,0.677,16.950
2011,SON,North Scotland,0.757,17.985
2012,SON,North Scotland,0.669,11.308
2013,SON,North Scotland,0.656,15.443
2014,SON,North Scotland,0.687,13.204
2015,SON,North Scotland,0.677,13.896
2016,SON,North Scotland,0.770,19.677
2017,SON,North Scotland,0.765,27.458
2018,SON,North Scotland,0.649,9.905
2019,SON,North Scotland,0.645,9.990
2020,SON,North Scotland,0.725,23.985
2021,SON,North Scotland,0.591,15.254
2022,SON,North Scotland,0.676,12.776
2023,SON,North Scotland,0.704,15.418
2024,SON,North Scotland,0.760,17.527
2025,SON,North Scotland,0.662,12.274
2026,SON,North Scotland,0.633,11.438
2027,SON,North Scotland,0.694,16.851
2028,SON,North Scotland,0.718,17.647
2029,SON,North Scotland,0.711,14.647
2030,SON,North Scotland,0.665,16.761
2031,SON,North Scotland,0.741,18.736
2032,SON,North Scotland,0.630,15.154
2033,SON,North Scotland,0.714,12.547
2034,SON,North Scotland,0.716,15.542
2035,SON,North Scotland,0.725,11.433
2036,SON,North Scotland,0.695,17.388
2037,SON,North Scotland,0.689,13.682
2038,SON,North Scotland,0.719,13.975
2039,SON,North Scotland,0.696,15.154
2040,SON,North Scotland,0.701,20.254
2041,SON,North Scotland,0.765,18.090
2042,SON,North Scotland,0.696,14.652
2043,SON,North Scotland,0.663,11.965
2044,SON,North Scotland,0.781,22.761
2045,SON,North Scotland,0.687,12.552
2046,SON,North Scotland,0.740,17.189
2047,SON,North Scotland,0.654,15.687
2048,SON,North Scotland,0.675,13.557
2049,SON,North Scotland,0.749,17.104
2050,SON,North Scotland,0.690,15.507
2051,SON,North Scotland,0.751,18.413
2052,SON,North Scotland,0.677,15.512
2053,SON,North Scotland,0.736,19.303
2054,SON,North Scotland,0.707,17.308
2055,SON,North Scotland,0.707,13.209
2056,SON,North Scotland,0.671,10.836
2057,SON,North Scotland,0.605,11.428
2058,SON,North Scotland,0.675,20.224
2059,SON,North Scotland,0.727,15.303
2060,SON,North Scotland,0.725,19.443
2061,SON,North Scotland,0.661,20.692
2062,SON,North Scotland,0.674,20.955
2063,SON,North Scotland,0.682,13.045
2064,SON,North Scotland,0.638,14.876
2065,SON,North Scotland,0.687,23.308
2066,SON,North Scotland,0.724,13.657
2067,SON,North Scotland,0.598,10.607
2068,SON,North Scotland,0.677,17.602
2069,SON,North Scotland,0.751,21.363
2070,SON,North Scotland,0.607,12.463
2071,SON,North Scotland,0.686,12.607
2072,SON,North Scotland,0.669,15.781
2073,SON,North Scotland,0.732,17.348
2074,SON,North Scotland,0.739,18.950
2075,SON,North Scotland,0.634,11.597
2076,SON,North Scotland,0.802,22.104
2077,SON,North Scotland,0.750,19.920
2078,SON,North Scotland,0.767,26.766
2079,SON,North Scotland,0.680,14.577
1981,SON,North West England,0.581,10.140
1982,SON,North West England,0.535,10.000
1983,SON,North West England,0.610,15.043
1984,SON,North West England,0.716,11.946
1985,SON,North West England,0.677,11.527
1986,SON,North West England,0.619,9.409
1987,SON,North West England,0.651,12.065
1988,SON,North West England,0.536,10.548
1989,SON,North West England,0.687,11.688
1990,SON,North West England,0.720,13.968
1991,SON,North West England,0.720,17.355
1992,SON,North West England,0.683,20.903
1993,SON,North West England,0.604,19.473
1994,SON,North West England,0.556,14.559
1995,SON,North West England,0.585,19.075
1996,SON,North West England,0.461,9.376
1997,SON,North West England,0.660,13.968
1998,SON,North West England,0.635,15.925
1999,SON,North West England,0.645,20.366
2000,SON,North West England,0.628,7.645
2001,SON,North West England,0.715,13.194
2002,SON,North West England,0.577,11.258
2003,SON,North West England,0.677,14.247
2004,SON,North West England,0.694,19.914
2005,SON,North West England,0.674,13.559
2006,SON,North West England,0.567,10.022
2007,SON,North West England,0.645,12.882
2008,SON,North West England,0.651,10.656
2009,SON,North West England,0.702,13.731
2010,SON,North West England,0.662,21.204
2011,SON,North West England,0.730,14.710
2012,SON,North West England,0.679,10.796
2013,SON,North West England,0.654,10.774
2014,SON,North West England,0.651,15.161
2015,SON,North West England,0.624,12.452
2016,SON,North West England,0.662,12.634
2017,SON,North West England,0.691,18.688
2018,SON,North West England,0.560,7.591
2019,SON,North West England,0.639,13.011
2020,SON,North West England,0.751,17.118
2021,SON,North West England,0.674,22.204
2022,SON,North West England,0.600,12.753
2023,SON,North West England,0.695,10.914
2024,SON,North West England,0.728,13.194
2025,SON,North West England,0.534,10.871
2026,SON,North West England,0.540,7.538
2027,SON,North West England,0.634,12.376
2028,SON,North West England,0.702,10.645
2029,SON,North West England,0.737,16.527
2030,SON,North West England,0.606,11.925
2031,SON,North West England,0.710,14.247
2032,SON,North West England,0.567,13.473
2033,SON,North West England,0.690,13.570
2034,SON,North West England,0.682,14.634
2035,SON,North West England,0.730,12.710
2036,SON,North West England,0.694,11.871
2037,SON,North West England,0.687,13.527
2038,SON,North West England,0.690,13.903
2039,SON,North West England,0.727,16.323
2040,SON,North West England,0.661,12.710
2041,SON,North West England,0.633,17.000
2042,SON,North West England,0.576,8.151
2043,SON,North West England,0.655,12.763
2044,SON,North West England,0.760,20.559
2045,SON,North West England,0.687,11.882
2046,SON,North West England,0.600,12.441
2047,SON,North West England,0.654,11.731
2048,SON,North West England,0.657,14.183
2049,SON,North West England,0.769,21.957
2050,SON,North West England,0.644,20.000
2051,SON,North West England,0.739,17.882
2052,SON,North West England,0.682,15.882
2053,SON,North West England,0.733,18.054
2054,SON,North West England,0.609,12.108
2055,SON,North West England,0.759,14.860
2056,SON,North West England,0.530,10.097
2057,SON,North West England,0.659,8.839
2058,SON,North West England,0.703,14.054
2059,SON,North West England,0.761,22.785
2060,SON,North West England,0.693,12.742
2061,SON,North West England,0.586,8.935
2062,SON,North West England,0.672,12.043
2063,SON,North West England,0.671,14.194
2064,SON,North West England,0.638,11.054
2065,SON,North West England,0.803,25.839
2066,SON,North West England,0.652,18.194
2067,SON,North West England,0.628,13.452
2068,SON,North West England,0.758,14.462
2069,SON,North West England,0.728,15.710
2070,SON,North West England,0.575,10.828
2071,SON,North West England,0.630,9.409
2072,SON,North West England,0.640,10.656
2073,SON,North West England,0.676,21.011
2074,SON,North West England,0.787,13.806
2075,SON,North West England,0.637,14.742
2076,SON,North West England,0.747,14.226
2077,SON,North West England,0.788,21.441
2078,SON,North West England,0.698,16.172
2079,SON,North West England,0.759,22.344
1981,SON,South East England,0.377,5.822
1982,SON,South East England,0.410,5.525
1983,SON,South East England,0.461,6.720
1984,SON,South East England,0.420,4.746
1985,SON,South East England,0.541,9.898
1986,SON,South East England,0.501,6.864
1987,SON,South East England,0.392,4.085
1988,SON,South East England,0.409,9.839
1989,SON,South East England,0.436,7.441
1990,SON,South East England,0.481,5.331
1991,SON,South East England,0.549,6.593
1992,SON,South East England,0.508,7.136
1993,SON,South East England,0.439,5.619
1994,SON,South East England,0.496,5.500
1995,SON,South East England,0.378,7.186
1996,SON,South East England,0.363,5.203
1997,SON,South East England,0.355,4.576
1998,SON,South East England,0.451,7.907
1999,SON,South East England,0.428,4.746
2000,SON,South East England,0.414,3.907
2001,SON,South East England,0.470,4.873
2002,SON,South East England,0.422,7.271
2003,SON,South East England,0.474,5.246
2004,SON,South East England,0.439,5.585
2005,SON,South East England,0.456,6.161
2006,SON,South East England,0.418,5.669
2007,SON,South East England,0.493,7.864
2008,SON,South East England,0.377,6.364
2009,SON,South East England,0.558,6.788
2010,SON,South East England,0.410,6.025
2011,SON,South East England,0.384,3.975
2012,SON,South East England,0.520,9.466
2013,SON,South East England,0.489,5.856
2014,SON,South East England,0.375,3.229
2015,SON,South East England,0.452,4.873
2016,SON,South East England,0.451,9.771
2017,SON,South East England,0.411,5.754
2018,SON,South East England,0.441,5.347
2019,SON,South East England,0.466,6.390
2020,SON,South East England,0.550,6.873
2021,SON,South East England,0.505,6.483
2022,SON,South East England,0.446,5.229
2023,SON,South East England,0.459,6.085
2024,SON,South East England,0.423,4.653
2025,SON,South East England,0.405,5.508
2026,SON,South East England,0.396,6.280
2027,SON,South East England,0.436,5.551
2028,SON,South East England,0.539,6.525
2029,SON,South East England,0.493,6.729
2030,SON,South East England,0.410,5.508
2031,SON,South East England,0.498,6.288
2032,SON,South East England,0.412,5.610
2033,SON,South East England,0.530,5.475
2034,SON,South East England,0.446,5.678
2035,SON,South East England,0.502,6.398
2036,SON,South East England,0.545,9.864
2037,SON,South East England,0.464,7.483
2038,SON,South East England,0.450,5.619
2039,SON,South East England,0.521,7.153
2040,SON,South East England,0.438,4.898
2041,SON,South East England,0.425,6.873
2042,SON,South East England,0.408,4.975
2043,SON,South East England,0.525,7.102
2044,SON,South East England,0.484,5.890
2045,SON,South East England,0.486,5.178
2046,SON,South East England,0.462,5.737
2047,SON,South East England,0.411,4.712
2048,SON,South East England,0.456,4.788
2049,SON,South East England,0.478,4.805
2050,SON,South East England,0.459,7.424
2051,SON,South East England,0.484,6.381
2052,SON,South East England,0.537,7.017
2053,SON,South East England,0.475,4.178
2054,SON,South East England,0.428,4.229
2055,SON,South East England,0.582,6.763
2056,SON,South East England,0.443,7.890
2057,SON,South East England,0.487,6.500
2058,SON,South East England,0.487,6.864
2059,SON,South East England,0.470,4.797
2060,SON,South East England,0.561,7.763
2061,SON,South East England,0.416,4.975
2062,SON,South East England,0.468,5.415
2063,SON,South East England,0.554,10.000
2064,SON,South East England,0.521,7.966
2065,SON,South East England,0.616,7.644
2066,SON,South East England,0.470,8.076
2067,SON,South East England,0.513,7.042
2068,SON,South East England,0.601,9.534
2069,SON,South East England,0.474,6.144
2070,SON,South East England,0.461,5.780
2071,SON,South East England,0.387,4.483
2072,SON,South East England,0.498,7.314
2073,SON,South East England,0.450,6.966
2074,SON,South East England,0.434,6.085
2075,SON,South East England,0.467,7.678
2076,SON,South East England,0.488,5.263
2077,SON,South East England,0.511,5.864
2078,SON,South East England,0.441,6.203
2079,SON,South East England,0.543,7.737
1981,SON,South West England,0.423,8.057
1982,SON,South West England,0.469,6.759
1983,SON,South West England,0.530,8.544
1984,SON,South West England,0.507,7.494
1985,SON,South West England,0.548,9.392
1986,SON,South West England,0.526,6.171
1987,SON,South West England,0.497,5.696
1988,SON,South West England,0.401,7.241
1989,SON,South West England,0.487,7.519
1990,SON,South West England,0.519,7.430
1991,SON,South West England,0.612,9.475
1992,SON,South West England,0.515,8.487
1993,SON,South West England,0.518,11.886
1994,SON,South West England,0.510,7.741
1995,SON,South West England,0.444,11.873
1996,SON,South West England,0.412,7.994
1997,SON,South West England,0.463,6.171
1998,SON,South West England,0.491,10.557
1999,SON,South West England,0.491,8.975
2000,SON,South West England,0.473,4.342
2001,SON,South West England,0.520,6.690
2002,SON,South West England,0.464,7.127
2003,SON,South West England,0.541,8.063
2004,SON,South West England,0.497,7.633
2005,SON,South West England,0.544,9.278
2006,SON,South West England,0.503,7.253
2007,SON,South West England,0.497,7.570
2008,SON,South West England,0.460,8.108
2009,SON,South West England,0.593,9.886
2010,SON,South West England,0.498,8.905
2011,SON,South West England,0.423,4.759
2012,SON,South West England,0.589,10.373
2013,SON,South West England,0.550,7.753
2014,SON,South West England,0.399,5.076
2015,SON,South West England,0.536,6.696
2016,SON,South West England,0.472,11.165
2017,SON,South West England,0.523,9.291
2018,SON,South West England,0.465,5.734
2019,SON,South West England,0.499,9.291
2020,SON,South West England,0.607,10.392
2021,SON,South West England,0.574,9.108
2022,SON,South West England,0.474,6.114
2023,SON,South West England,0.481,6.804
2024,SON,South West England,0.487,6.051
2025,SON,South West England,0.417,6.354
2026,SON,South West England,0.415,5.354
2027,SON,South West England,0.565,11.316
2028,SON,South West England,0.546,6.937
2029,SON,South West England,0.545,11.152
2030,SON,South West England,0.470,5.677
2031,SON,South West England,0.576,10.500
2032,SON,South West England,0.463,6.924
2033,SON,South West England,0.563,7.728
2034,SON,South West England,0.509,8.709
2035,SON,South West England,0.571,8.880
2036,SON,South West England,0.553,10.494
2037,SON,South West England,0.516,8.861
2038,SON,South West England,0.459,6.804
2039,SON,South West England,0.600,8.728
2040,SON,South West England,0.494,6.905
2041,SON,South West England,0.455,9.285
2042,SON,South West England,0.449,6.525
2043,SON,South West England,0.534,6.563
2044,SON,South West England,0.558,10.563
2045,SON,South West England,0.550,7.544
2046,SON,South West England,0.484,7.025
2047,SON,South West England,0.471,6.532
2048,SON,South West England,0.520,7.019
2049,SON,South West England,0.517,9.165
2050,SON,South West England,0.490,12.152
2051,SON,South West England,0.577,8.095
2052,SON,South West England,0.594,9.310
2053,SON,South West England,0.517,6.658
2054,SON,South West England,0.474,5.329
2055,SON,South West England,0.631,9.627
2056,SON,South West England,0.507,7.886
2057,SON,South West England,0.506,6.633
2058,SON,South West England,0.535,7.329
2059,SON,South West England,0.519,6.949
2060,SON,South West England,0.580,7.589
2061,SON,South West England,0.474,7.741
2062,SON,South West England,0.530,8.203
2063,SON,South West England,0.568,10.323
2064,SON,South West England,0.528,7.443
2065,SON,South West England,0.662,11.247
2066,SON,South West England,0.501,11.614
2067,SON,South West England,0.545,8.373
2068,SON,South West England,0.679,12.120
2069,SON,South West England,0.539,9.722
2070,SON,South West England,0.537,8.234
2071,SON,South West England,0.431,5.158
2072,SON,South West England,0.563,7.342
2073,SON,South West England,0.528,10.405
2074,SON,South West England,0.529,8.430
2075,SON,South West England,0.547,9.614
2076,SON,South West England,0.540,5.823
2077,SON,South West England,0.578,9.753
2078,SON,South West England,0.512,8.095
2079,SON,South West England,0.612,10.316
1981,SON,West Midlands,0.452,5.116
1982,SON,West Midlands,0.452,6.605
1983,SON,West Midlands,0.509,7.291
1984,SON,West Midlands,0.509,6.093
1985,SON,West Midlands,0.529,7.488
1986,SON,West Midlands,0.499,5.744
1987,SON,West Midlands,0.451,3.977
1988,SON,West Midlands,0.409,5.488
1989,SON,West Midlands,0.519,8.198
1990,SON,West Midlands,0.513,7.360
1991,SON,West Midlands,0.610,8.477
1992,SON,West Midlands,0.542,10.105
1993,SON,West Midlands,0.477,6.058
1994,SON,West Midlands,0.494,6.023
1995,SON,West Midlands,0.436,10.000
1996,SON,West Midlands,0.372,5.547
1997,SON,West Midlands,0.447,6.035
1998,SON,West Midlands,0.443,8.384
1999,SON,West Midlands,0.458,6.686
2000,SON,West Midlands,0.447,3.360
2001,SON,West Midlands,0.553,6.477
2002,SON,West Midlands,0.488,6.826
2003,SON,West Midlands,0.553,9.802
2004,SON,West Midlands,0.458,6.453
2005,SON,West Midlands,0.540,8.128
2006,SON,West Midlands,0.527,10.442
2007,SON,West Midlands,0.499,7.186
2008,SON,West Midlands,0.418,4.919
2009,SON,West Midlands,0.571,9.558
2010,SON,West Midlands,0.518,8.442
2011,SON,West Midlands,0.426,5.105
2012,SON,West Midlands,0.509,6.674
2013,SON,West Midlands,0.527,5.988
2014,SON,West Midlands,0.407,3.756
2015,SON,West Midlands,0.485,5.895
2016,SON,West Midlands,0.488,5.953
2017,SON,West Midlands,0.440,6.721
2018,SON,West Midlands,0.487,6.453
2019,SON,West Midlands,0.460,5.779
2020,SON,West Midlands,0.572,9.337
2021,SON,West Midlands,0.571,10.756
2022,SON,West Midlands,0.469,5.453
2023,SON,West Midlands,0.520,7.430
2024,SON,West Midlands,0.437,4.779
2025,SON,West Midlands,0.404,5.500
2026,SON,West Midlands,0.471,6.895
2027,SON,West Midlands,0.503,6.012
2028,SON,West Midlands,0.527,7.198
2029,SON,West Midlands,0.549,6.744
2030,SON,West Midlands,0.460,5.756
2031,SON,West Midlands,0.547,8.070
2032,SON,West Midlands,0.462,5.663
2033,SON,West Midlands,0.541,6.663
2034,SON,West Midlands,0.483,6.814
2035,SON,West Midlands,0.587,7.674
2036,SON,West Midlands,0.561,6.988
2037,SON,West Midlands,0.527,5.326
2038,SON,West Midlands,0.490,6.093
2039,SON,West Midlands,0.541,6.767
2040,SON,West Midlands,0.478,5.733
2041,SON,West Midlands,0.444,6.023
2042,SON,West Midlands,0.436,5.209
2043,SON,West Midlands,0.515,6.430
2044,SON,West Midlands,0.526,6.779
2045,SON,West Midlands,0.518,7.674
2046,SON,West Midlands,0.460,6.023
2047,SON,West Midlands,0.456,7.419
2048,SON,West Midlands,0.480,5.209
2049,SON,West Midlands,0.546,7.907
2050,SON,West Midlands,0.513,10.558
2051,SON,West Midlands,0.543,8.198
2052,SON,West Midlands,0.571,7.384
2053,SON,West Midlands,0.524,5.581
2054,SON,West Midlands,0.498,5.500
2055,SON,West Midlands,0.596,7.535
2056,SON,West Midlands,0.447,6.430
2057,SON,West Midlands,0.506,6.407
2058,SON,West Midlands,0.513,6.837
2059,SON,West Midlands,0.536,5.419
2060,SON,West Midlands,0.559,6.465
2061,SON,West Midlands,0.429,5.035
2062,SON,West Midlands,0.538,7.302
2063,SON,West Midlands,0.564,8.151
2064,SON,West Midlands,0.513,7.965
2065,SON,West Midlands,0.645,9.744
2066,SON,West Midlands,0.492,10.000
2067,SON,West Midlands,0.542,9.047
2068,SON,West Midlands,0.646,7.488
2069,SON,West Midlands,0.470,8.442
2070,SON,West Midlands,0.442,5.477
2071,SON,West Midlands,0.467,4.919
2072,SON,West Midlands,0.513,6.756
2073,SON,West Midlands,0.464,6.151
2074,SON,West Midlands,0.522,8.267
2075,SON,West Midlands,0.517,6.430
2076,SON,West Midlands,0.539,5.547
2077,SON,West Midlands,0.574,8.849
2078,SON,West Midlands,0.499,6.372
2079,SON,West Midlands,0.579,9.256
1981,SON,West Scotland,0.623,17.669
1982,SON,West Scotland,0.557,8.685
1983,SON,West Scotland,0.574,13.146
1984,SON,West Scotland,0.719,13.100
1985,SON,West Scotland,0.724,11.700
1986,SON,West Scotland,0.625,13.646
1987,SON,West Scotland,0.739,14.000
1988,SON,West Scotland,0.579,10.808
1989,SON,West Scotland,0.703,17.600
1990,SON,West Scotland,0.696,12.508
1991,SON,West Scotland,0.721,14.846
1992,SON,West Scotland,0.656,20.754
1993,SON,West Scotland,0.649,20.223
1994,SON,West Scotland,0.543,9.723
1995,SON,West Scotland,0.602,17.031
1996,SON,West Scotland,0.480,8.046
1997,SON,West Scotland,0.755,19.100
1998,SON,West Scotland,0.664,16.100
1999,SON,West Scotland,0.669,19.946
2000,SON,West Scotland,0.633,9.462
2001,SON,West Scotland,0.733,16.569
2002,SON,West Scotland,0.588,10.315
2003,SON,West Scotland,0.646,14.008
2004,SON,West Scotland,0.637,20.223
2005,SON,West Scotland,0.695,15.477
2006,SON,West Scotland,0.499,9.177
2007,SON,West Scotland,0.688,14.046
2008,SON,West Scotland,0.706,11.985
2009,SON,West Scotland,0.705,12.323
2010,SON,West Scotland,0.690,18.808
2011,SON,West Scotland,0.745,14.054
2012,SON,West Scotland,0.644,11.192
2013,SON,West Scotland,0.622,10.685
2014,SON,West Scotland,0.696,16.315
2015,SON,West Scotland,0.659,10.623
2016,SON,West Scotland,0.715,11.762
2017,SON,West Scotland,0.739,25.192
2018,SON,West Scotland,0.595,9.223
2019,SON,West Scotland,0.664,10.746
2020,SON,West Scotland,0.767,19.077
2021,SON,West Scotland,0.617,19.754
2022,SON,West Scotland,0.640,11.946
2023,SON,West Scotland,0.694,13.108
2024,SON,West Scotland,0.777,15.377
2025,SON,West Scotland,0.608,13.577
2026,SON,West Scotland,0.599,9.954
2027,SON,West Scotland,0.654,12.854
2028,SON,West Scotland,0.689,16.115
2029,SON,West Scotland,0.738,18.254
2030,SON,West Scotland,0.615,12.892
2031,SON,West Scotland,0.720,14.892
2032,SON,West Scotland,0.571,15.138
2033,SON,West Scotland,0.736,14.377
2034,SON,West Scotland,0.688,13.031
2035,SON,West Scotland,0.768,14.123
2036,SON,West Scotland,0.690,11.492
2037,SON,West Scotland,0.741,13.185
2038,SON,West Scotland,0.737,16.231
2039,SON,West Scotland,0.750,17.446
2040,SON,West Scotland,0.744,18.469
2041,SON,West Scotland,0.709,14.615
2042,SON,West Scotland,0.606,13.523
2043,SON,West Scotland,0.647,10.154
2044,SON,West Scotland,0.765,19.923
2045,SON,West Scotland,0.691,10.308
2046,SON,West Scotland,0.670,13.354
2047,SON,West Scotland,0.722,17.946
2048,SON,West Scotland,0.662,16.431
2049,SON,West Scotland,0.770,19.600
2050,SON,West Scotland,0.665,20.769
2051,SON,West Scotland,0.738,14.462
2052,SON,West Scotland,0.629,14.346
2053,SON,West Scotland,0.767,17.523
2054,SON,West Scotland,0.605,13.869
2055,SON,West Scotland,0.776,15.992
2056,SON,West Scotland,0.564,10.762
2057,SON,West Scotland,0.659,9.831
2058,SON,West Scotland,0.679,14.885
2059,SON,West Scotland,0.737,20.446
2060,SON,West Scotland,0.699,14.631
2061,SON,West Scotland,0.631,11.408
2062,SON,West Scotland,0.659,10.746
2063,SON,West Scotland,0.661,12.769
2064,SON,West Scotland,0.635,15.277
2065,SON,West Scotland,0.750,20.185
2066,SON,West Scotland,0.711,15.454
2067,SON,West Scotland,0.653,13.738
2068,SON,West Scotland,0.708,14.992
2069,SON,West Scotland,0.737,18.231
2070,SON,West Scotland,0.541,10.862
2071,SON,West Scotland,0.657,10.062
2072,SON,West Scotland,0.641,15.285
2073,SON,West Scotland,0.678,17.000
2074,SON,West Scotland,0.778,15.815
2075,SON,West Scotland,0.597,13.077
2076,SON,West Scotland,0.755,19.162
2077,SON,West Scotland,0.840,21.554
2078,SON,West Scotland,0.740,19.646
2079,SON,West Scotland,0.726,19.269
1981,SON,Yorkshire and Humber,0.426,5.267
1982,SON,Yorkshire and Humber,0.441,5.356
1983,SON,Yorkshire and Humber,0.533,7.782
1984,SON,Yorkshire and Humber,0.497,7.040
1985,SON,Yorkshire and Humber,0.539,6.703
1986,SON,Yorkshire and Humber,0.499,5.317
1987,SON,Yorkshire and Humber,0.485,5.931
1988,SON,Yorkshire and Humber,0.393,5.861
1989,SON,Yorkshire and Humber,0.503,6.980
1990,SON,Yorkshire and Humber,0.539,8.545
1991,SON,Yorkshire and Humber,0.547,7.000
1992,SON,Yorkshire and Humber,0.585,9.356
1993,SON,Yorkshire and Humber,0.454,5.713
1994,SON,Yorkshire and Humber,0.512,6.010
1995,SON,Yorkshire and Humber,0.429,7.297
1996,SON,Yorkshire and Humber,0.381,5.802
1997,SON,Yorkshire and Humber,0.487,7.178
1998,SON,Yorkshire and Humber,0.458,7.396
1999,SON,Yorkshire and Humber,0.479,7.297
2000,SON,Yorkshire and Humber,0.461,4.960
2001,SON,Yorkshire and Humber,0.496,5.792
2002,SON,Yorkshire and Humber,0.463,5.594
2003,SON,Yorkshire and Humber,0.548,8.455
2004,SON,Yorkshire and Humber,0.530,6.356
2005,SON,Yorkshire and Humber,0.511,7.238
2006,SON,Yorkshire and Humber,0.482,6.683
2007,SON,Yorkshire and Humber,0.480,7.337
2008,SON,Yorkshire and Humber,0.445,6.347
2009,SON,Yorkshire and Humber,0.582,9.525
2010,SON,Yorkshire and Humber,0.533,7.416
2011,SON,Yorkshire and Humber,0.448,5.238
2012,SON,Yorkshire and Humber,0.563,7.762
2013,SON,Yorkshire and Humber,0.516,6.198
2014,SON,Yorkshire and Humber,0.481,6.327
2015,SON,Yorkshire and Humber,0.488,6.465
2016,SON,Yorkshire and Humber,0.523,7.069
2017,SON,Yorkshire and Humber,0.517,7.307
2018,SON,Yorkshire and Humber,0.472,5.931
2019,SON,Yorkshire and Humber,0.485,6.851
2020,SON,Yorkshire and Humber,0.556,7.584
2021,SON,Yorkshire and Humber,0.586,11.950
2022,SON,Yorkshire and Humber,0.465,7.792
2023,SON,Yorkshire and Humber,0.538,5.723
2024,SON,Yorkshire and Humber,0.511,6.188
2025,SON,Yorkshire and Humber,0.444,5.713
2026,SON,Yorkshire and Humber,0.481,5.851
2027,SON,Yorkshire and Humber,0.481,5.505
2028,SON,Yorkshire and Humber,0.538,8.079
2029,SON,Yorkshire and Humber,0.578,7.891
2030,SON,Yorkshire and Humber,0.443,6.208
2031,SON,Yorkshire and Humber,0.511,8.198
2032,SON,Yorkshire and Humber,0.486,6.673
2033,SON,Yorkshire and Humber,0.553,7.733
2034,SON,Yorkshire and Humber,0.475,7.327
2035,SON,Yorkshire and Humber,0.563,7.545
2036,SON,Yorkshire and Humber,0.535,5.970
2037,SON,Yorkshire and Humber,0.533,7.040
2038,SON,Yorkshire and Humber,0.534,6.663
2039,SON,Yorkshire and Humber,0.535,5.396
2040,SON,Yorkshire and Humber,0.495,5.663
2041,SON,Yorkshire and Humber,0.412,7.535
2042,SON,Yorkshire and Humber,0.415,4.901
2043,SON,Yorkshire and Humber,0.516,8.356
2044,SON,Yorkshire and Humber,0.496,5.683
2045,SON,Yorkshire and Humber,0.531,5.228
2046,SON,Yorkshire and Humber,0.407,5.802
2047,SON,Yorkshire and Humber,0.493,6.099
2048,SON,Yorkshire and Humber,0.444,6.050
2049,SON,Yorkshire and Humber,0.601,8.059
2050,SON,Yorkshire and Humber,0.533,7.822
2051,SON,Yorkshire and Humber,0.526,6.683
2052,SON,Yorkshire and Humber,0.558,7.842
2053,SON,Yorkshire and Humber,0.507,5.465
2054,SON,Yorkshire and Humber,0.462,5.891
2055,SON,Yorkshire and Humber,0.602,9.307
2056,SON,Yorkshire and Humber,0.397,5.000
2057,SON,Yorkshire and Humber,0.506,4.990
2058,SON,Yorkshire and Humber,0.540,6.040
2059,SON,Yorkshire and Humber,0.562,6.673
2060,SON,Yorkshire and Humber,0.554,6.683
2061,SON,Yorkshire and Humber,0.404,4.960
2062,SON,Yorkshire and Humber,0.560,6.317
2063,SON,Yorkshire and Humber,0.527,7.812
2064,SON,Yorkshire and Humber,0.522,6.762
2065,SON,Yorkshire and Humber,0.619,10.129
2066,SON,Yorkshire and Humber,0.535,9.218
2067,SON,Yorkshire and Humber,0.555,7.208
2068,SON,Yorkshire and Humber,0.586,7.168
2069,SON,Yorkshire and Humber,0.449,6.218
2070,SON,Yorkshire and Humber,0.524,6.099
2071,SON,Yorkshire and Humber,0.495,6.881
2072,SON,Yorkshire and Humber,0.533,6.574
2073,SON,Yorkshire and Humber,0.483,7.168
2074,SON,Yorkshire and Humber,0.568,8.188
2075,SON,Yorkshire and Humber,0.534,6.465
2076,SON,Yorkshire and Humber,0.551,7.495
2077,SON,Yorkshire and Humber,0.590,7.663
2078,SON,Yorkshire and Humber,0.486,7.693
2079,SON,Yorkshire and Humber,0.566,7.574
1981,SON,Channel Islands,0.604,22.000
1982,SON,Channel Islands,0.560,19.000
1983,SON,Channel Islands,0.703,22.000
1984,SON,Channel Islands,0.703,20.000
1985,SON,Channel Islands,0.769,18.000
1986,SON,Channel Islands,0.725,15.000
1987,SON,Channel Islands,0.604,19.000
1988,SON,Channel Islands,0.571,13.000
1989,SON,Channel Islands,0.604,10.000
1990,SON,Channel Islands,0.703,21.000
1991,SON,Channel Islands,0.747,19.000
1992,SON,Channel Islands,0.615,26.000
1993,SON,Channel Islands,0.681,21.000
1994,SON,Channel Islands,0.714,42.000
1995,SON,Channel Islands,0.495,21.000
1996,SON,Channel Islands,0.703,29.000
1997,SON,Channel Islands,0.571,10.000
1998,SON,Channel Islands,0.659,20.000
1999,SON,Channel Islands,0.714,26.000
2000,SON,Channel Islands,0.560,8.000
2001,SON,Channel Islands,0.648,13.000
2002,SON,Channel Islands,0.714,14.000
2003,SON,Channel Islands,0.736,17.000
2004,SON,Channel Islands,0.747,13.000
2005,SON,Channel Islands,0.681,31.000
2006,SON,Channel Islands,0.681,16.000
2007,SON,Channel Islands,0.648,33.000
2008,SON,Channel Islands,0.626,11.000
2009,SON,Channel Islands,0.857,24.000
2010,SON,Channel Islands,0.560,13.000
2011,SON,Channel Islands,0.659,14.000
2012,SON,Channel Islands,0.813,26.000
2013,SON,Channel Islands,0.758,17.000
2014,SON,Channel Islands,0.648,11.000
2015,SON,Channel Islands,0.736,11.000
2016,SON,Channel Islands,0.571,16.000
2017,SON,Channel Islands,0.714,14.000
2018,SON,Channel Islands,0.516,6.000
2019,SON,Channel Islands,0.637,21.000
2020,SON,Channel Islands,0.758,26.000
2021,SON,Channel Islands,0.813,20.000
2022,SON,Channel Islands,0.615,14.000
2023,SON,Channel Islands,0.681,11.000
2024,SON,Channel Islands,0.692,16.000
2025,SON,Channel Islands,0.593,15.000
2026,SON,Channel Islands,0.538,10.000
2027,SON,Channel Islands,0.626,21.000
2028,SON,Channel Islands,0.791,28.000
2029,SON,Channel Islands,0.758,31.000
2030,SON,Channel Islands,0.780,22.000
2031,SON,Channel Islands,0.747,15.000
2032,SON,Channel Islands,0.736,18.000
2033,SON,Channel Islands,0.703,17.000
2034,SON,Channel Islands,0.769,35.000
2035,SON,Channel Islands,0.747,39.000
2036,SON,Channel Islands,0.703,15.000
2037,SON,Channel Islands,0.571,16.000
2038,SON,Channel Islands,0.692,12.000
2039,SON,Channel Islands,0.802,24.000
2040,SON,Channel Islands,0.648,39.000
2041,SON,Channel Islands,0.604,22.000
2042,SON,Channel Islands,0.604,9.000
2043,SON,Channel Islands,0.791,42.000
2044,SON,Channel Islands,0.747,28.000
2045,SON,Channel Islands,0.714,24.000
2046,SON,Channel Islands,0.703,15.000
2047,SON,Channel Islands,0.593,7.000
2048,SON,Channel Islands,0.703,19.000
2049,SON,Channel Islands,0.747,16.000
2050,SON,Channel Islands,0.582,14.000
2051,SON,Channel Islands,0.747,17.000
2052,SON,Channel Islands,0.835,17.000
2053,SON,Channel Islands,0.681,10.000
2054,SON,Channel Islands,0.714,18.000
2055,SON,Channel Islands,0.846,34.000
2056,SON,Channel Islands,0.681,15.000
2057,SON,Channel Islands,0.780,18.000
2058,SON,Channel Islands,0.791,30.000
2059,SON,Channel Islands,0.714,22.000
2060,SON,Channel Islands,0.692,16.000
2061,SON,Channel Islands,0.703,15.000
2062,SON,Channel Islands,0.692,24.000
2063,SON,Channel Islands,0.648,26.000
2064,SON,Channel Islands,0.846,34.000
2065,SON,Channel Islands,0.747,14.000
2066,SON,Channel Islands,0.637,11.000
2067,SON,Channel Islands,0.725,20.000
2068,SON,Channel Islands,0.835,47.000
2069,SON,Channel Islands,0.780,11.000
2070,SON,Channel Islands,0.780,21.000
2071,SON,Channel Islands,0.527,15.000
2072,SON,Channel Islands,0.747,18.000
2073,SON,Channel Islands,0.747,21.000
2074,SON,Channel Islands,0.692,21.000
2075,SON,Channel Islands,0.769,21.000
2076,SON,Channel Islands,0.703,11.000
2077,SON,Channel Islands,0.703,30.000
2078,SON,Channel Islands,0.681,31.000
2079,SON,Channel Islands,0.780,13.000
1981,SON,Isle of Man,0.538,11.667
1982,SON,Isle of Man,0.527,8.000
1983,SON,Isle of Man,0.645,11.667
1984,SON,Isle of Man,0.758,11.000
1985,SON,Isle of Man,0.729,16.333
1986,SON,Isle of Man,0.630,7.000
1987,SON,Isle of Man,0.659,9.667
1988,SON,Isle of Man,0.491,11.667
1989,SON,Isle of Man,0.659,10.667
1990,SON,Isle of Man,0.645,12.000
1991,SON,Isle of Man,0.696,14.333
1992,SON,Isle of Man,0.674,15.000
1993,SON,Isle of Man,0.615,8.000
1994,SON,Isle of Man,0.586,8.333
1995,SON,Isle of Man,0.564,19.333
1996,SON,Isle of Man,0.513,10.667
1997,SON,Isle of Man,0.725,12.000
1998,SON,Isle of Man,0.630,16.333
1999,SON,Isle of Man,0.608,24.000
2000,SON,Isle of Man,0.568,5.000
2001,SON,Isle of Man,0.714,10.333
2002,SON,Isle of Man,0.637,11.333
2003,SON,Isle of Man,0.696,13.333
2004,SON,Isle of Man,0.689,21.667
2005,SON,Isle of Man,0.700,12.667
2006,SON,Isle of Man,0.645,12.667
2007,SON,Isle of Man,0.604,11.333
2008,SON,Isle of Man,0.696,12.333
2009,SON,Isle of Man,0.711,12.333
2010,SON,Isle of Man,0.685,23.000
2011,SON,Isle of Man,0.758,9.333
2012,SON,Isle of Man,0.689,13.667
2013,SON,Isle of Man,0.597,9.667
2014,SON,Isle of Man,0.670,13.667
2015,SON,Isle of Man,0.593,10.333
2016,SON,Isle of Man,0.623,11.333
2017,SON,Isle of Man,0.670,12.333
2018,SON,Isle of Man,0.575,7.333
2019,SON,Isle of Man,0.663,13.000
2020,SON,Isle of Man,0.762,12.333
2021,SON,Isle of Man,0.689,15.667
2022,SON,Isle of Man,0.615,7.333
2023,SON,Isle of Man,0.696,11.000
2024,SON,Isle of Man,0.729,11.667
2025,SON,Isle of Man,0.553,16.000
2026,SON,Isle of Man,0.597,7.667
2027,SON,Isle of Man,0.670,10.333
2028,SON,Isle of Man,0.674,8.333
2029,SON,Isle of Man,0.692,15.333
2030,SON,Isle of Man,0.652,15.000
2031,SON,Isle of Man,0.718,11.667
2032,SON,Isle of Man,0.652,13.333
2033,SON,Isle of Man,0.696,9.333
2034,SON,Isle of Man,0.656,14.667
2035,SON,Isle of Man,0.736,16.333
2036,SON,Isle of Man,0.626,12.333
2037,SON,Isle of Man,0.729,14.000
2038,SON,Isle of Man,0.659,15.667
2039,SON,Isle of Man,0.700,13.333
2040,SON,Isle of Man,0.645,12.000
2041,SON,Isle of Man,0.608,13.667
2042,SON,Isle of Man,0.557,9.000
2043,SON,Isle of Man,0.670,14.667
2044,SON,Isle of Man,0.722,14.333
2045,SON,Isle of Man,0.718,13.333
2046,SON,Isle of Man,0.670,15.667
2047,SON,Isle of Man,0.711,12.667
2048,SON,Isle of Man,0.604,11.667
2049,SON,Isle of Man,0.747,17.333
2050,SON,Isle of Man,0.619,15.000
2051,SON,Isle of Man,0.711,13.667
2052,SON,Isle of Man,0.707,12.667
2053,SON,Isle of Man,0.758,20.000
2054,SON,Isle of Man,0.648,9.333
2055,SON,Isle of Man,0.744,10.333
2056,SON,Isle of Man,0.582,9.000
2057,SON,Isle of Man,0.696,13.000
2058,SON,Isle of Man,0.663,16.667
2059,SON,Isle of Man,0.681,9.667
2060,SON,Isle of Man,0.656,11.000
2061,SON,Isle of Man,0.612,6.333
2062,SON,Isle of Man,0.659,10.333
2063,SON,Isle of Man,0.659,13.000
2064,SON,Isle of Man,0.663,11.000
2065,SON,Isle of Man,0.777,22.333
2066,SON,Isle of Man,0.711,13.000
2067,SON,Isle of Man,0.689,13.333
2068,SON,Isle of Man,0.707,9.667
2069,SON,Isle of Man,0.615,11.667
2070,SON,Isle of Man,0.571,10.000
2071,SON,Isle of Man,0.612,9.333
2072,SON,Isle of Man,0.641,9.000
2073,SON,Isle of Man,0.678,18.000
2074,SON,Isle of Man,0.714,12.333
2075,SON,Isle of Man,0.626,14.333
2076,SON,Isle of Man,0.681,7.333
2077,SON,Isle of Man,0.725,18.667
2078,SON,Isle of Man,0.670,14.333
2079,SON,Isle of Man,0.707,12.667
1981,SON,Northern Ireland,0.513,11.233
1982,SON,Northern Ireland,0.450,7.116
1983,SON,Northern Ireland,0.519,9.128
1984,SON,Northern Ireland,0.630,9.395
1985,SON,Northern Ireland,0.596,10.977
1986,SON,Northern Ireland,0.543,6.919
1987,SON,Northern Ireland,0.648,12.919
1988,SON,Northern Ireland,0.610,10.279
1989,SON,Northern Ireland,0.620,10.105
1990,SON,Northern Ireland,0.577,9.047
1991,SON,Northern Ireland,0.559,8.500
1992,SON,Northern Ireland,0.569,8.686
1993,SON,Northern Ireland,0.616,10.628
1994,SON,Northern Ireland,0.524,6.628
1995,SON,Northern Ireland,0.528,11.477
1996,SON,Northern Ireland,0.399,5.779
1997,SON,Northern Ireland,0.659,13.837
1998,SON,Northern Ireland,0.530,12.023
1999,SON,Northern Ireland,0.591,13.337
2000,SON,Northern Ireland,0.496,7.267
2001,SON,Northern Ireland,0.591,9.477
2002,SON,Northern Ireland,0.577,7.453
2003,SON,Northern Ireland,0.570,10.814
2004,SON,Northern Ireland,0.574,11.140
2005,SON,Northern Ireland,0.661,13.291
2006,SON,Northern Ireland,0.582,9.593
2007,SON,Northern Ireland,0.542,7.279
2008,SON,Northern Ireland,0.615,8.849
2009,SON,Northern Ireland,0.605,10.000
2010,SON,Northern Ireland,0.590,12.988
2011,SON,Northern Ireland,0.669,13.326
2012,SON,Northern Ireland,0.588,10.535
2013,SON,Northern Ireland,0.543,8.453
2014,SON,Northern Ireland,0.606,9.081
2015,SON,Northern Ireland,0.555,8.605
2016,SON,Northern Ireland,0.620,12.465
2017,SON,Northern Ireland,0.650,12.709
2018,SON,Northern Ireland,0.542,8.000
2019,SON,Northern Ireland,0.550,8.000
2020,SON,Northern Ireland,0.644,8.860
2021,SON,Northern Ireland,0.564,10.163
2022,SON,Northern Ireland,0.535,6.419
2023,SON,Northern Ireland,0.604,8.605
2024,SON,Northern Ireland,0.629,10.477
2025,SON,Northern Ireland,0.546,9.512
2026,SON,Northern Ireland,0.513,7.419
2027,SON,Northern Ireland,0.558,8.500
2028,SON,Northern Ireland,0.593,6.709
2029,SON,Northern Ireland,0.600,8.628
2030,SON,Northern Ireland,0.521,8.686
2031,SON,Northern Ireland,0.577,9.465
2032,SON,Northern Ireland,0.586,9.012
2033,SON,Northern Ireland,0.674,13.035
2034,SON,Northern Ireland,0.572,8.023
2035,SON,Northern Ireland,0.680,12.058
2036,SON,Northern Ireland,0.595,8.907
2037,SON,Northern Ireland,0.696,11.140
2038,SON,Northern Ireland,0.624,8.616
2039,SON,Northern Ireland,0.641,10.500
2040,SON,Northern Ireland,0.636,11.128
2041,SON,Northern Ireland,0.560,8.326
2042,SON,Northern Ireland,0.499,6.977
2043,SON,Northern Ireland,0.627,7.279
2044,SON,Northern Ireland,0.630,12.035
2045,SON,Northern Ireland,0.608,11.256
2046,SON,Northern Ireland,0.621,9.895
2047,SON,Northern Ireland,0.653,10.047
2048,SON,Northern Ireland,0.566,9.581
2049,SON,Northern Ireland,0.663,10.721
2050,SON,Northern Ireland,0.566,12.012
2051,SON,Northern Ireland,0.635,10.674
2052,SON,Northern Ireland,0.625,11.500
2053,SON,Northern Ireland,0.638,7.651
2054,SON,Northern Ireland,0.608,9.302
2055,SON,Northern Ireland,0.649,8.035
2056,SON,Northern Ireland,0.517,8.140
2057,SON,Northern Ireland,0.572,8.744
2058,SON,Northern Ireland,0.593,8.314
2059,SON,Northern Ireland,0.698,12.326
2060,SON,Northern Ireland,0.615,7.965
2061,SON,Northern Ireland,0.525,5.884
2062,SON,Northern Ireland,0.632,8.605
2063,SON,Northern Ireland,0.653,13.000
2064,SON,Northern Ireland,0.616,9.198
2065,SON,Northern Ireland,0.628,7.930
2066,SON,Northern Ireland,0.618,8.012
2067,SON,Northern Ireland,0.578,8.616
2068,SON,Northern Ireland,0.624,8.221
2069,SON,Northern Ireland,0.640,13.267
2070,SON,Northern Ireland,0.477,7.663
2071,SON,Northern Ireland,0.601,7.884
2072,SON,Northern Ireland,0.553,6.779
2073,SON,Northern Ireland,0.606,9.512
2074,SON,Northern Ireland,0.621,12.326
2075,SON,Northern Ireland,0.589,9.523
2076,SON,Northern Ireland,0.699,14.140
2077,SON,Northern Ireland,0.729,11.872
2078,SON,Northern Ireland,0.620,10.942
2079,SON,Northern Ireland,0.636,8.814
1981,SON,Wales,0.507,8.606
1982,SON,Wales,0.517,12.051
1983,SON,Wales,0.621,13.445
1984,SON,Wales,0.660,8.912
1985,SON,Wales,0.624,12.212
1986,SON,Wales,0.604,7.978
1987,SON,Wales,0.571,7.978
1988,SON,Wales,0.500,7.394
1989,SON,Wales,0.605,12.620
1990,SON,Wales,0.634,13.358
1991,SON,Wales,0.696,11.146
1992,SON,Wales,0.632,17.015
1993,SON,Wales,0.582,13.693
1994,SON,Wales,0.579,9.358
1995,SON,Wales,0.513,13.212
1996,SON,Wales,0.453,8.460
1997,SON,Wales,0.577,8.526
1998,SON,Wales,0.566,16.372
1999,SON,Wales,0.568,12.372
2000,SON,Wales,0.552,5.818
2001,SON,Wales,0.667,11.555
2002,SON,Wales,0.576,12.175
2003,SON,Wales,0.652,12.985
2004,SON,Wales,0.626,13.307
2005,SON,Wales,0.619,12.825
2006,SON,Wales,0.592,12.934
2007,SON,Wales,0.597,12.263
2008,SON,Wales,0.551,8.650
2009,SON,Wales,0.665,12.715
2010,SON,Wales,0.636,13.971
2011,SON,Wales,0.561,8.934
2012,SON,Wales,0.651,11.569
2013,SON,Wales,0.613,11.650
2014,SON,Wales,0.529,10.299
2015,SON,Wales,0.591,9.007
2016,SON,Wales,0.591,10.927
2017,SON,Wales,0.607,16.569
2018,SON,Wales,0.536,7.175
2019,SON,Wales,0.574,13.022
2020,SON,Wales,0.701,14.620
2021,SON,Wales,0.641,16.226
2022,SON,Wales,0.558,9.650
2023,SON,Wales,0.627,9.058
2024,SON,Wales,0.580,9.723
2025,SON,Wales,0.505,8.788
2026,SON,Wales,0.502,8.234
2027,SON,Wales,0.632,11.854
2028,SON,Wales,0.613,8.672
2029,SON,Wales,0.645,13.438
2030,SON,Wales,0.575,10.226
2031,SON,Wales,0.655,12.387
2032,SON,Wales,0.536,8.686
2033,SON,Wales,0.647,12.788
2034,SON,Wales,0.615,12.409
2035,SON,Wales,0.692,13.781
2036,SON,Wales,0.645,10.036
2037,SON,Wales,0.633,12.759
2038,SON,Wales,0.600,9.956
2039,SON,Wales,0.652,12.285
2040,SON,Wales,0.593,9.766
2041,SON,Wales,0.554,11.365
2042,SON,Wales,0.538,9.518
2043,SON,Wales,0.638,10.547
2044,SON,Wales,0.655,15.883
2045,SON,Wales,0.607,10.737
2046,SON,Wales,0.570,10.226
2047,SON,Wales,0.594,10.102
2048,SON,Wales,0.597,10.321
2049,SON,Wales,0.657,13.489
2050,SON,Wales,0.565,13.409
2051,SON,Wales,0.681,15.168
2052,SON,Wales,0.665,12.825
2053,SON,Wales,0.634,9.861
2054,SON,Wales,0.561,8.270
2055,SON,Wales,0.702,11.818
2056,SON,Wales,0.520,7.876
2057,SON,Wales,0.612,9.270
2058,SON,Wales,0.618,10.547
2059,SON,Wales,0.645,11.073
2060,SON,Wales,0.640,12.226
2061,SON,Wales,0.544,9.146
2062,SON,Wales,0.649,12.591
2063,SON,Wales,0.635,13.416
2064,SON,Wales,0.622,10.058
2065,SON,Wales,0.741,16.547
2066,SON,Wales,0.603,14.810
2067,SON,Wales,0.618,13.599
2068,SON,Wales,0.720,11.745
2069,SON,Wales,0.598,14.380
2070,SON,Wales,0.570,10.438
2071,SON,Wales,0.559,7.467
2072,SON,Wales,0.596,8.526
2073,SON,Wales,0.592,11.387
2074,SON,Wales,0.686,13.212
2075,SON,Wales,0.632,11.759
2076,SON,Wales,0.650,9.672
2077,SON,Wales,0.710,15.591
2078,SON,Wales,0.610,11.153
2079,SON,Wales,0.698,15.533
