Year,Season,Region,fwd,wsmax
1981,Annual,East Midlands,0.416,7.757
1982,Annual,East Midlands,0.418,6.932
1983,Annual,East Midlands,0.423,6.689
1984,Annual,East Midlands,0.436,8.252
1985,Annual,East Midlands,0.420,8.806
1986,Annual,East Midlands,0.420,8.184
1987,Annual,East Midlands,0.431,7.534
1988,Annual,East Midlands,0.485,8.097
1989,Annual,East Midlands,0.452,11.214
1990,Annual,East Midlands,0.466,10.505
1991,Annual,East Midlands,0.472,9.252
1992,Annual,East Midlands,0.407,7.379
1993,Annual,East Midlands,0.478,9.058
1994,Annual,East Midlands,0.483,11.718
1995,Annual,East Midlands,0.420,8.466
1996,Annual,East Midlands,0.510,9.437
1997,Annual,East Midlands,0.439,9.437
1998,Annual,East Midlands,0.437,7.573
1999,Annual,East Midlands,0.438,9.165
2000,Annual,East Midlands,0.400,7.825
2001,Annual,East Midlands,0.496,8.796
2002,Annual,East Midlands,0.437,9.505
2003,Annual,East Midlands,0.488,9.728
2004,Annual,East Midlands,0.448,11.058
2005,Annual,East Midlands,0.447,9.563
2006,Annual,East Midlands,0.480,11.359
2007,Annual,East Midlands,0.474,7.417
2008,Annual,East Midlands,0.437,8.981
2009,Annual,East Midlands,0.456,8.126
2010,Annual,East Midlands,0.433,8.058
2011,Annual,East Midlands,0.434,9.485
2012,Annual,East Midlands,0.467,8.000
2013,Annual,East Midlands,0.381,8.728
2014,Annual,East Midlands,0.498,10.029
2015,Annual,East Midlands,0.450,9.330
2016,Annual,East Midlands,0.430,10.291
2017,Annual,East Midlands,0.429,8.748
2018,Annual,East Midlands,0.404,7.408
2019,Annual,East Midlands,0.420,7.786
2020,Annual,East Midlands,0.427,8.709
2021,Annual,East Midlands,0.430,7.350
2022,Annual,East Midlands,0.481,7.621
2023,Annual,East Midlands,0.458,9.641
2024,Annual,East Midlands,0.401,8.000
2025,Annual,East Midlands,0.469,7.951
2026,Annual,East Midlands,0.441,10.893
2027,Annual,East Midlands,0.424,9.398
2028,Annual,East Midlands,0.386,9.359
2029,Annual,East Midlands,0.440,9.029
2030,Annual,East Midlands,0.403,11.194
2031,Annual,East Midlands,0.433,8.990
2032,Annual,East Midlands,0.476,9.553
2033,Annual,East Midlands,0.407,7.932
2034,Annual,East Midlands,0.466,8.359
2035,Annual,East Midlands,0.417,8.126
2036,Annual,East Midlands,0.326,7.243
2037,Annual,East Midlands,0.475,9.641
2038,Annual,East Midlands,0.398,8.330
2039,Annual,East Midlands,0.431,8.748
2040,Annual,East Midlands,0.410,9.146
2041,Annual,East Midlands,0.434,7.447
2042,Annual,East Midlands,0.468,9.971
2043,Annual,East Midlands,0.447,7.942
2044,Annual,East Midlands,0.462,8.990
2045,Annual,East Midlands,0.493,14.010
2046,Annual,East Midlands,0.431,9.233
2047,Annual,East Midlands,0.421,9.748
2048,Annual,East Midlands,0.455,9.350
2049,Annual,East Midlands,0.429,7.718
2050,Annual,East Midlands,0.458,6.699
2051,Annual,East Midlands,0.477,8.680
2052,Annual,East Midlands,0.479,9.359
2053,Annual,East Midlands,0.498,9.485
2054,Annual,East Midlands,0.392,8.049
2055,Annual,East Midlands,0.455,11.126
2056,Annual,East Midlands,0.465,10.932
2057,Annual,East Midlands,0.427,10.893
2058,Annual,East Midlands,0.393,9.000
2059,Annual,East Midlands,0.390,7.893
2060,Annual,East Midlands,0.404,9.466
2061,Annual,East Midlands,0.396,6.767
2062,Annual,East Midlands,0.417,7.515
2063,Annual,East Midlands,0.424,9.359
2064,Annual,East Midlands,0.402,9.175
2065,Annual,East Midlands,0.444,9.883
2066,Annual,East Midlands,0.459,8.806
2067,Annual,East Midlands,0.345,6.825
2068,Annual,East Midlands,0.468,8.728
2069,Annual,East Midlands,0.414,7.320
2070,Annual,East Midlands,0.417,11.068
2071,Annual,East Midlands,0.439,9.466
2072,Annual,East Midlands,0.411,9.534
2073,Annual,East Midlands,0.395,9.388
2074,Annual,East Midlands,0.490,12.340
2075,Annual,East Midlands,0.464,8.301
2076,Annual,East Midlands,0.396,7.612
2077,Annual,East Midlands,0.420,9.117
2078,Annual,East Midlands,0.440,7.883
2079,Annual,East Midlands,0.413,8.175
2080,Annual,East Midlands,0.413,8.117
1981,Annual,East of England,0.397,6.960
1982,Annual,East of England,0.414,7.619
1983,Annual,East of England,0.430,8.087
1984,Annual,East of England,0.408,7.492
1985,Annual,East of England,0.390,10.381
1986,Annual,East of England,0.380,8.389
1987,Annual,East of England,0.413,7.841
1988,Annual,East of England,0.465,9.659
1989,Annual,East of England,0.438,9.532
1990,Annual,East of England,0.443,7.492
1991,Annual,East of England,0.450,8.063
1992,Annual,East of England,0.401,8.611
1993,Annual,East of England,0.440,7.333
1994,Annual,East of England,0.427,7.690
1995,Annual,East of England,0.396,7.143
1996,Annual,East of England,0.475,8.397
1997,Annual,East of England,0.428,7.841
1998,Annual,East of England,0.441,8.802
1999,Annual,East of England,0.412,8.770
2000,Annual,East of England,0.366,8.349
2001,Annual,East of England,0.454,9.000
2002,Annual,East of England,0.398,7.325
2003,Annual,East of England,0.482,11.341
2004,Annual,East of England,0.425,9.222
2005,Annual,East of England,0.388,7.722
2006,Annual,East of England,0.445,10.437
2007,Annual,East of England,0.452,7.786
2008,Annual,East of England,0.448,8.381
2009,Annual,East of England,0.428,7.452
2010,Annual,East of England,0.399,7.421
2011,Annual,East of England,0.380,7.040
2012,Annual,East of England,0.457,8.675
2013,Annual,East of England,0.363,8.270
2014,Annual,East of England,0.492,9.556
2015,Annual,East of England,0.415,9.659
2016,Annual,East of England,0.420,9.294
2017,Annual,East of England,0.404,8.810
2018,Annual,East of England,0.394,6.984
2019,Annual,East of England,0.402,7.778
2020,Annual,East of England,0.401,8.270
2021,Annual,East of England,0.406,6.595
2022,Annual,East of England,0.434,9.151
2023,Annual,East of England,0.441,8.286
2024,Annual,East of England,0.388,7.905
2025,Annual,East of England,0.419,7.389
2026,Annual,East of England,0.411,8.770
2027,Annual,East of England,0.402,8.952
2028,Annual,East of England,0.341,6.841
2029,Annual,East of England,0.409,9.159
2030,Annual,East of England,0.398,11.056
2031,Annual,East of England,0.435,10.540
2032,Annual,East of England,0.439,10.056
2033,Annual,East of England,0.371,7.619
2034,Annual,East of England,0.442,8.048
2035,Annual,East of England,0.389,7.341
2036,Annual,East of England,0.299,6.270
2037,Annual,East of England,0.461,9.524
2038,Annual,East of England,0.387,8.667
2039,Annual,East of England,0.420,7.706
2040,Annual,East of England,0.429,10.079
2041,Annual,East of England,0.411,9.556
2042,Annual,East of England,0.452,10.325
2043,Annual,East of England,0.465,9.738
2044,Annual,East of England,0.449,8.913
2045,Annual,East of England,0.468,9.357
2046,Annual,East of England,0.380,7.913
2047,Annual,East of England,0.391,9.563
2048,Annual,East of England,0.423,8.159
2049,Annual,East of England,0.388,6.405
2050,Annual,East of England,0.431,7.540
2051,Annual,East of England,0.423,7.571
2052,Annual,East of England,0.439,8.198
2053,Annual,East of England,0.468,7.516
2054,Annual,East of England,0.366,6.841
2055,Annual,East of England,0.449,11.889
2056,Annual,East of England,0.434,8.294
2057,Annual,East of England,0.395,9.333
2058,Annual,East of England,0.363,8.651
2059,Annual,East of England,0.341,6.992
2060,Annual,East of England,0.368,11.111
2061,Annual,East of England,0.378,8.476
2062,Annual,East of England,0.392,9.222
2063,Annual,East of England,0.383,9.183
2064,Annual,East of England,0.379,10.929
2065,Annual,East of England,0.418,7.905
2066,Annual,East of England,0.435,7.333
2067,Annual,East of England,0.335,6.889
2068,Annual,East of England,0.453,8.825
2069,Annual,East of England,0.404,7.976
2070,Annual,East of England,0.398,9.667
2071,Annual,East of England,0.400,7.754
2072,Annual,East of England,0.397,9.198
2073,Annual,East of England,0.383,8.698
2074,Annual,East of England,0.437,12.262
2075,Annual,East of England,0.447,7.889
2076,Annual,East of England,0.365,7.635
2077,Annual,East of England,0.393,8.651
2078,Annual,East of England,0.422,7.056
2079,Annual,East of England,0.380,6.595
2080,Annual,East of England,0.420,7.968
1981,Annual,East Scotland,0.518,13.264
1982,Annual,East Scotland,0.537,11.792
1983,Annual,East Scotland,0.499,10.736
1984,Annual,East Scotland,0.520,11.874
1985,Annual,East Scotland,0.553,15.623
1986,Annual,East Scotland,0.573,14.704
1987,Annual,East Scotland,0.532,12.264
1988,Annual,East Scotland,0.540,12.050
1989,Annual,East Scotland,0.500,15.182
1990,Annual,East Scotland,0.561,12.044
1991,Annual,East Scotland,0.533,11.308
1992,Annual,East Scotland,0.510,11.535
1993,Annual,East Scotland,0.551,13.151
1994,Annual,East Scotland,0.514,13.214
1995,Annual,East Scotland,0.537,13.755
1996,Annual,East Scotland,0.525,10.862
1997,Annual,East Scotland,0.547,12.748
1998,Annual,East Scotland,0.514,13.654
1999,Annual,East Scotland,0.552,13.365
2000,Annual,East Scotland,0.512,11.459
2001,Annual,East Scotland,0.547,12.484
2002,Annual,East Scotland,0.534,12.956
2003,Annual,East Scotland,0.530,13.377
2004,Annual,East Scotland,0.533,10.302
2005,Annual,East Scotland,0.523,13.006
2006,Annual,East Scotland,0.522,15.660
2007,Annual,East Scotland,0.541,11.717
2008,Annual,East Scotland,0.519,16.157
2009,Annual,East Scotland,0.561,11.717
2010,Annual,East Scotland,0.529,12.849
2011,Annual,East Scotland,0.524,14.258
2012,Annual,East Scotland,0.555,13.736
2013,Annual,East Scotland,0.478,12.887
2014,Annual,East Scotland,0.589,14.390
2015,Annual,East Scotland,0.556,16.126
2016,Annual,East Scotland,0.534,11.597
2017,Annual,East Scotland,0.530,13.679
2018,Annual,East Scotland,0.495,10.377
2019,Annual,East Scotland,0.478,9.843
2020,Annual,East Scotland,0.550,16.050
2021,Annual,East Scotland,0.522,13.723
2022,Annual,East Scotland,0.567,11.302
2023,Annual,East Scotland,0.518,12.818
2024,Annual,East Scotland,0.521,11.176
2025,Annual,East Scotland,0.547,15.245
2026,Annual,East Scotland,0.532,12.101
2027,Annual,East Scotland,0.507,13.277
2028,Annual,East Scotland,0.514,12.906
2029,Annual,East Scotland,0.530,12.792
2030,Annual,East Scotland,0.512,13.132
2031,Annual,East Scotland,0.510,11.031
2032,Annual,East Scotland,0.566,14.094
2033,Annual,East Scotland,0.517,11.497
2034,Annual,East Scotland,0.591,14.006
2035,Annual,East Scotland,0.520,11.503
2036,Annual,East Scotland,0.480,13.145
2037,Annual,East Scotland,0.560,12.340
2038,Annual,East Scotland,0.473,10.855
2039,Annual,East Scotland,0.515,11.396
2040,Annual,East Scotland,0.515,12.660
2041,Annual,East Scotland,0.552,12.340
2042,Annual,East Scotland,0.543,10.950
2043,Annual,East Scotland,0.525,12.365
2044,Annual,East Scotland,0.573,12.283
2045,Annual,East Scotland,0.543,17.013
2046,Annual,East Scotland,0.530,12.547
2047,Annual,East Scotland,0.508,13.283
2048,Annual,East Scotland,0.536,12.453
2049,Annual,East Scotland,0.519,14.283
2050,Annual,East Scotland,0.576,15.937
2051,Annual,East Scotland,0.560,12.912
2052,Annual,East Scotland,0.535,11.409
2053,Annual,East Scotland,0.566,13.025
2054,Annual,East Scotland,0.498,10.585
2055,Annual,East Scotland,0.515,13.572
2056,Annual,East Scotland,0.555,13.409
2057,Annual,East Scotland,0.516,13.409
2058,Annual,East Scotland,0.467,9.931
2059,Annual,East Scotland,0.523,12.434
2060,Annual,East Scotland,0.484,12.170
2061,Annual,East Scotland,0.487,10.063
2062,Annual,East Scotland,0.498,11.157
2063,Annual,East Scotland,0.506,10.358
2064,Annual,East Scotland,0.511,13.415
2065,Annual,East Scotland,0.536,13.855
2066,Annual,East Scotland,0.525,11.899
2067,Annual,East Scotland,0.458,13.503
2068,Annual,East Scotland,0.556,11.767
2069,Annual,East Scotland,0.506,12.327
2070,Annual,East Scotland,0.480,13.962
2071,Annual,East Scotland,0.535,14.774
2072,Annual,East Scotland,0.546,11.572
2073,Annual,East Scotland,0.457,11.780
2074,Annual,East Scotland,0.537,12.264
2075,Annual,East Scotland,0.550,10.648
2076,Annual,East Scotland,0.512,10.937
2077,Annual,East Scotland,0.516,11.560
2078,Annual,East Scotland,0.517,10.686
2079,Annual,East Scotland,0.530,14.748
2080,Annual,East Scotland,0.532,9.761
1981,Annual,London,0.410,7.583
1982,Annual,London,0.435,8.083
1983,Annual,London,0.424,8.083
1984,Annual,London,0.421,6.333
1985,Annual,London,0.409,13.000
1986,Annual,London,0.396,11.167
1987,Annual,London,0.432,11.083
1988,Annual,London,0.472,9.667
1989,Annual,London,0.449,9.750
1990,Annual,London,0.443,6.500
1991,Annual,London,0.450,8.583
1992,Annual,London,0.426,7.917
1993,Annual,London,0.435,6.583
1994,Annual,London,0.457,10.667
1995,Annual,London,0.421,8.583
1996,Annual,London,0.492,9.833
1997,Annual,London,0.432,7.583
1998,Annual,London,0.438,10.500
1999,Annual,London,0.424,9.917
2000,Annual,London,0.385,10.750
2001,Annual,London,0.448,7.083
2002,Annual,London,0.402,6.833
2003,Annual,London,0.491,12.250
2004,Annual,London,0.417,11.167
2005,Annual,London,0.413,9.417
2006,Annual,London,0.454,13.750
2007,Annual,London,0.480,8.667
2008,Annual,London,0.452,7.917
2009,Annual,London,0.417,7.333
2010,Annual,London,0.389,7.583
2011,Annual,London,0.383,7.583
2012,Annual,London,0.492,10.917
2013,Annual,London,0.375,10.333
2014,Annual,London,0.508,9.750
2015,Annual,London,0.407,13.417
2016,Annual,London,0.421,11.083
2017,Annual,London,0.406,9.000
2018,Annual,London,0.426,9.250
2019,Annual,London,0.432,9.000
2020,Annual,London,0.412,9.750
2021,Annual,London,0.403,6.500
2022,Annual,London,0.434,11.667
2023,Annual,London,0.437,8.750
2024,Annual,London,0.392,9.000
2025,Annual,London,0.451,7.750
2026,Annual,London,0.426,12.917
2027,Annual,London,0.419,10.667
2028,Annual,London,0.342,8.750
2029,Annual,London,0.398,8.750
2030,Annual,London,0.410,7.583
2031,Annual,London,0.445,11.000
2032,Annual,London,0.461,11.000
2033,Annual,London,0.400,7.917
2034,Annual,London,0.450,8.083
2035,Annual,London,0.383,8.000
2036,Annual,London,0.289,7.583
2037,Annual,London,0.453,10.000
2038,Annual,London,0.389,8.000
2039,Annual,London,0.450,8.750
2040,Annual,London,0.434,8.750
2041,Annual,London,0.438,12.250
2042,Annual,London,0.454,14.000
2043,Annual,London,0.508,13.833
2044,Annual,London,0.472,10.917
2045,Annual,London,0.470,10.167
2046,Annual,London,0.386,7.917
2047,Annual,London,0.397,10.333
2048,Annual,London,0.443,7.000
2049,Annual,London,0.391,7.000
2050,Annual,London,0.464,8.583
2051,Annual,London,0.449,8.250
2052,Annual,London,0.439,8.500
2053,Annual,London,0.460,7.833
2054,Annual,London,0.353,6.500
2055,Annual,London,0.464,14.833
2056,Annual,London,0.428,9.750
2057,Annual,London,0.396,11.083
2058,Annual,London,0.331,6.417
2059,Annual,London,0.339,10.417
2060,Annual,London,0.344,6.833
2061,Annual,London,0.397,8.583
2062,Annual,London,0.432,9.250
2063,Annual,London,0.400,7.500
2064,Annual,London,0.378,8.667
2065,Annual,London,0.408,6.750
2066,Annual,London,0.423,7.833
2067,Annual,London,0.339,8.000
2068,Annual,London,0.475,8.833
2069,Annual,London,0.434,7.167
2070,Annual,London,0.418,12.583
2071,Annual,London,0.404,7.250
2072,Annual,London,0.406,9.750
2073,Annual,London,0.401,11.167
2074,Annual,London,0.473,12.750
2075,Annual,London,0.464,7.667
2076,Annual,London,0.382,8.083
2077,Annual,London,0.389,9.667
2078,Annual,London,0.432,9.000
2079,Annual,London,0.392,7.417
2080,Annual,London,0.444,10.583
1981,Annual,North East England,0.442,9.298
1982,Annual,North East England,0.436,7.439
1983,Annual,North East England,0.461,7.614
1984,Annual,North East England,0.467,9.386
1985,Annual,North East England,0.486,14.000
1986,Annual,North East England,0.507,11.035
1987,Annual,North East England,0.458,8.965
1988,Annual,North East England,0.509,9.702
1989,Annual,North East England,0.455,10.158
1990,Annual,North East England,0.494,10.281
1991,Annual,North East England,0.505,9.316
1992,Annual,North East England,0.437,8.754
1993,Annual,North East England,0.511,10.439
1994,Annual,North East England,0.508,12.649
1995,Annual,North East England,0.461,8.298
1996,Annual,North East England,0.496,9.070
1997,Annual,North East England,0.489,9.772
1998,Annual,North East England,0.454,7.789
1999,Annual,North East England,0.492,10.579
2000,Annual,North East England,0.441,9.456
2001,Annual,North East England,0.526,9.719
2002,Annual,North East England,0.464,9.158
2003,Annual,North East England,0.501,12.474
2004,Annual,North East England,0.505,9.158
2005,Annual,North East England,0.483,10.912
2006,Annual,North East England,0.467,9.333
2007,Annual,North East England,0.482,8.912
2008,Annual,North East England,0.470,11.649
2009,Annual,North East England,0.499,8.456
2010,Annual,North East England,0.458,9.947
2011,Annual,North East England,0.466,8.368
2012,Annual,North East England,0.508,9.719
2013,Annual,North East England,0.429,10.351
2014,Annual,North East England,0.516,12.596
2015,Annual,North East England,0.480,11.912
2016,Annual,North East England,0.505,11.281
2017,Annual,North East England,0.430,8.456
2018,Annual,North East England,0.451,8.105
2019,Annual,North East England,0.429,10.018
2020,Annual,North East England,0.503,10.877
2021,Annual,North East England,0.478,9.947
2022,Annual,North East England,0.507,9.316
2023,Annual,North East England,0.508,14.491
2024,Annual,North East England,0.463,9.772
2025,Annual,North East England,0.484,11.737
2026,Annual,North East England,0.467,11.000
2027,Annual,North East England,0.456,8.807
2028,Annual,North East England,0.417,9.596
2029,Annual,North East England,0.454,9.737
2030,Annual,North East England,0.461,11.561
2031,Annual,North East England,0.457,10.351
2032,Annual,North East England,0.526,10.825
2033,Annual,North East England,0.480,10.088
2034,Annual,North East England,0.523,11.737
2035,Annual,North East England,0.467,10.439
2036,Annual,North East England,0.396,8.123
2037,Annual,North East England,0.539,10.842
2038,Annual,North East England,0.430,8.895
2039,Annual,North East England,0.472,7.895
2040,Annual,North East England,0.478,8.579
2041,Annual,North East England,0.474,8.018
2042,Annual,North East England,0.495,9.018
2043,Annual,North East England,0.462,8.842
2044,Annual,North East England,0.512,10.404
2045,Annual,North East England,0.524,11.088
2046,Annual,North East England,0.491,9.018
2047,Annual,North East England,0.452,14.649
2048,Annual,North East England,0.472,9.368
2049,Annual,North East England,0.470,10.982
2050,Annual,North East England,0.506,11.632
2051,Annual,North East England,0.490,9.333
2052,Annual,North East England,0.502,9.491
2053,Annual,North East England,0.516,11.088
2054,Annual,North East England,0.430,9.877
2055,Annual,North East England,0.457,11.175
2056,Annual,North East England,0.502,10.456
2057,Annual,North East England,0.441,8.702
2058,Annual,North East England,0.417,9.070
2059,Annual,North East England,0.438,8.684
2060,Annual,North East England,0.455,12.456
2061,Annual,North East England,0.414,7.439
2062,Annual,North East England,0.455,9.351
2063,Annual,North East England,0.470,8.175
2064,Annual,North East England,0.464,11.965
2065,Annual,North East England,0.486,11.491
2066,Annual,North East England,0.494,11.667
2067,Annual,North East England,0.376,8.421
2068,Annual,North East England,0.526,11.421
2069,Annual,North East England,0.453,8.912
2070,Annual,North East England,0.418,10.404
2071,Annual,North East England,0.495,11.772
2072,Annual,North East England,0.482,10.737
2073,Annual,North East England,0.430,9.404
2074,Annual,North East England,0.488,11.158
2075,Annual,North East England,0.520,10.772
2076,Annual,North East England,0.463,10.035
2077,Annual,North East England,0.456,9.474
2078,Annual,North East England,0.469,9.404
2079,Annual,North East England,0.468,10.000
2080,Annual,North East England,0.469,8.193
1981,Annual,North Scotland,0.609,21.065
1982,Annual,North Scotland,0.640,19.393
1983,Annual,North Scotland,0.576,16.866
1984,Annual,North Scotland,0.630,16.612
1985,Annual,North Scotland,0.651,22.403
1986,Annual,North Scotland,0.660,18.662
1987,Annual,North Scotland,0.608,18.647
1988,Annual,North Scotland,0.633,17.428
1989,Annual,North Scotland,0.535,17.925
1990,Annual,North Scotland,0.647,19.652
1991,Annual,North Scotland,0.628,16.478
1992,Annual,North Scotland,0.610,18.244
1993,Annual,North Scotland,0.630,19.856
1994,Annual,North Scotland,0.547,21.567
1995,Annual,North Scotland,0.646,22.144
1996,Annual,North Scotland,0.583,13.975
1997,Annual,North Scotland,0.613,16.184
1998,Annual,North Scotland,0.616,20.522
1999,Annual,North Scotland,0.602,18.846
2000,Annual,North Scotland,0.629,20.308
2001,Annual,North Scotland,0.601,17.483
2002,Annual,North Scotland,0.618,17.672
2003,Annual,North Scotland,0.576,18.781
2004,Annual,North Scotland,0.582,14.458
2005,Annual,North Scotland,0.533,13.930
2006,Annual,North Scotland,0.589,22.940
2007,Annual,North Scotland,0.610,17.821
2008,Annual,North Scotland,0.568,14.935
2009,Annual,North Scotland,0.647,20.199
2010,Annual,North Scotland,0.599,15.328
2011,Annual,North Scotland,0.583,18.269
2012,Annual,North Scotland,0.620,18.318
2013,Annual,North Scotland,0.537,14.567
2014,Annual,North Scotland,0.654,17.418
2015,Annual,North Scotland,0.636,18.627
2016,Annual,North Scotland,0.585,18.607
2017,Annual,North Scotland,0.643,21.716
2018,Annual,North Scotland,0.576,17.990
2019,Annual,North Scotland,0.574,16.075
2020,Annual,North Scotland,0.629,18.935
2021,Annual,North Scotland,0.605,16.597
2022,Annual,North Scotland,0.635,19.557
2023,Annual,North Scotland,0.576,14.602
2024,Annual,North Scotland,0.560,15.622
2025,Annual,North Scotland,0.578,18.209
2026,Annual,North Scotland,0.603,17.736
2027,Annual,North Scotland,0.573,17.144
2028,Annual,North Scotland,0.637,23.274
2029,Annual,North Scotland,0.634,17.214
2030,Annual,North Scotland,0.556,17.299
2031,Annual,North Scotland,0.599,18.970
2032,Annual,North Scotland,0.574,19.547
2033,Annual,North Scotland,0.610,17.995
2034,Annual,North Scotland,0.677,24.075
2035,Annual,North Scotland,0.606,15.597
2036,Annual,North Scotland,0.637,24.015
2037,Annual,North Scotland,0.594,15.731
2038,Annual,North Scotland,0.554,15.090
2039,Annual,North Scotland,0.621,17.697
2040,Annual,North Scotland,0.586,20.124
2041,Annual,North Scotland,0.612,16.955
2042,Annual,North Scotland,0.612,18.736
2043,Annual,North Scotland,0.598,15.169
2044,Annual,North Scotland,0.663,20.831
2045,Annual,North Scotland,0.579,16.617
2046,Annual,North Scotland,0.605,18.622
2047,Annual,North Scotland,0.591,17.950
2048,Annual,North Scotland,0.644,21.741
2049,Annual,North Scotland,0.605,26.731
2050,Annual,North Scotland,0.614,16.552
2051,Annual,North Scotland,0.620,15.547
2052,Annual,North Scotland,0.607,15.920
2053,Annual,North Scotland,0.643,24.090
2054,Annual,North Scotland,0.593,16.483
2055,Annual,North Scotland,0.605,18.647
2056,Annual,North Scotland,0.623,19.687
2057,Annual,North Scotland,0.605,18.507
2058,Annual,North Scotland,0.559,12.398
2059,Annual,North Scotland,0.608,18.547
2060,Annual,North Scotland,0.533,13.249
2061,Annual,North Scotland,0.562,16.378
2062,Annual,North Scotland,0.531,17.687
2063,Annual,North Scotland,0.572,14.154
2064,Annual,North Scotland,0.555,16.866
2065,Annual,North Scotland,0.611,16.721
2066,Annual,North Scotland,0.608,18.224
2067,Annual,North Scotland,0.522,18.821
2068,Annual,North Scotland,0.597,18.065
2069,Annual,North Scotland,0.585,19.522
2070,Annual,North Scotland,0.568,19.995
2071,Annual,North Scotland,0.562,14.900
2072,Annual,North Scotland,0.634,19.856
2073,Annual,North Scotland,0.502,20.109
2074,Annual,North Scotland,0.602,19.189
2075,Annual,North Scotland,0.619,15.030
2076,Annual,North Scotland,0.605,16.109
2077,Annual,North Scotland,0.603,19.761
2078,Annual,North Scotland,0.604,18.786
2079,Annual,North Scotland,0.608,21.015
2080,Annual,North Scotland,0.623,16.189
1981,Annual,North West England,0.551,15.785
1982,Annual,North West England,0.564,12.774
1983,Annual,North West England,0.560,15.140
1984,Annual,North West England,0.511,18.172
1985,Annual,North West England,0.574,12.645
1986,Annual,North West England,0.553,16.527
1987,Annual,North West England,0.581,16.043
1988,Annual,North West England,0.608,16.495
1989,Annual,North West England,0.522,22.280
1990,Annual,North West England,0.602,15.129
1991,Annual,North West England,0.549,15.269
1992,Annual,North West England,0.544,11.914
1993,Annual,North West England,0.604,17.204
1994,Annual,North West England,0.543,16.462
1995,Annual,North West England,0.565,15.645
1996,Annual,North West England,0.574,14.366
1997,Annual,North West England,0.542,18.398
1998,Annual,North West England,0.579,18.581
1999,Annual,North West England,0.544,16.720
2000,Annual,North West England,0.569,15.774
2001,Annual,North West England,0.591,18.204
2002,Annual,North West England,0.571,18.849
2003,Annual,North West England,0.557,15.742
2004,Annual,North West England,0.520,14.172
2005,Annual,North West England,0.520,14.925
2006,Annual,North West England,0.602,22.677
2007,Annual,North West England,0.563,15.527
2008,Annual,North West England,0.482,10.419
2009,Annual,North West England,0.596,14.817
2010,Annual,North West England,0.547,12.430
2011,Annual,North West England,0.557,15.118
2012,Annual,North West England,0.595,16.731
2013,Annual,North West England,0.469,12.387
2014,Annual,North West England,0.584,16.817
2015,Annual,North West England,0.574,20.344
2016,Annual,North West England,0.544,17.581
2017,Annual,North West England,0.594,15.688
2018,Annual,North West England,0.524,12.796
2019,Annual,North West England,0.541,15.989
2020,Annual,North West England,0.569,16.978
2021,Annual,North West England,0.533,13.204
2022,Annual,North West England,0.578,13.043
2023,Annual,North West England,0.529,16.968
2024,Annual,North West England,0.484,10.118
2025,Annual,North West England,0.559,19.409
2026,Annual,North West England,0.563,16.000
2027,Annual,North West England,0.526,11.548
2028,Annual,North West England,0.538,16.720
2029,Annual,North West England,0.557,16.140
2030,Annual,North West England,0.535,16.731
2031,Annual,North West England,0.584,17.247
2032,Annual,North West England,0.557,13.613
2033,Annual,North West England,0.542,14.806
2034,Annual,North West England,0.648,19.914
2035,Annual,North West England,0.583,16.409
2036,Annual,North West England,0.530,16.935
2037,Annual,North West England,0.593,14.290
2038,Annual,North West England,0.514,13.774
2039,Annual,North West England,0.541,14.183
2040,Annual,North West England,0.537,20.022
2041,Annual,North West England,0.537,12.075
2042,Annual,North West England,0.604,17.957
2043,Annual,North West England,0.541,13.914
2044,Annual,North West England,0.617,18.742
2045,Annual,North West England,0.573,15.452
2046,Annual,North West England,0.572,14.602
2047,Annual,North West England,0.500,14.763
2048,Annual,North West England,0.600,14.484
2049,Annual,North West England,0.563,16.194
2050,Annual,North West England,0.580,14.742
2051,Annual,North West England,0.554,13.398
2052,Annual,North West England,0.547,12.505
2053,Annual,North West England,0.609,25.914
2054,Annual,North West England,0.538,16.892
2055,Annual,North West England,0.556,19.462
2056,Annual,North West England,0.601,15.946
2057,Annual,North West England,0.538,15.957
2058,Annual,North West England,0.478,12.882
2059,Annual,North West England,0.521,13.237
2060,Annual,North West England,0.490,13.075
2061,Annual,North West England,0.497,12.624
2062,Annual,North West England,0.531,16.978
2063,Annual,North West England,0.511,12.366
2064,Annual,North West England,0.502,13.312
2065,Annual,North West England,0.527,11.860
2066,Annual,North West England,0.563,16.237
2067,Annual,North West England,0.453,13.591
2068,Annual,North West England,0.555,18.194
2069,Annual,North West England,0.539,15.677
2070,Annual,North West England,0.506,21.247
2071,Annual,North West England,0.544,16.699
2072,Annual,North West England,0.603,17.742
2073,Annual,North West England,0.446,15.280
2074,Annual,North West England,0.611,20.645
2075,Annual,North West England,0.598,15.183
2076,Annual,North West England,0.525,14.849
2077,Annual,North West England,0.563,19.903
2078,Annual,North West England,0.569,15.978
2079,Annual,North West England,0.544,15.333
2080,Annual,North West England,0.552,17.226
1981,Annual,South East England,0.403,7.051
1982,Annual,South East England,0.416,8.119
1983,Annual,South East England,0.418,7.771
1984,Annual,South East England,0.396,6.288
1985,Annual,South East England,0.402,11.441
1986,Annual,South East England,0.377,7.712
1987,Annual,South East England,0.415,9.907
1988,Annual,South East England,0.447,9.593
1989,Annual,South East England,0.428,11.669
1990,Annual,South East England,0.436,7.831
1991,Annual,South East England,0.439,10.432
1992,Annual,South East England,0.411,9.322
1993,Annual,South East England,0.423,6.712
1994,Annual,South East England,0.451,9.102
1995,Annual,South East England,0.393,9.153
1996,Annual,South East England,0.464,10.449
1997,Annual,South East England,0.406,7.678
1998,Annual,South East England,0.433,8.729
1999,Annual,South East England,0.431,10.890
2000,Annual,South East England,0.379,13.042
2001,Annual,South East England,0.443,7.229
2002,Annual,South East England,0.391,7.390
2003,Annual,South East England,0.475,14.254
2004,Annual,South East England,0.391,9.441
2005,Annual,South East England,0.382,9.127
2006,Annual,South East England,0.440,9.492
2007,Annual,South East England,0.460,9.356
2008,Annual,South East England,0.449,7.364
2009,Annual,South East England,0.412,6.864
2010,Annual,South East England,0.379,7.483
2011,Annual,South East England,0.391,7.839
2012,Annual,South East England,0.461,11.127
2013,Annual,South East England,0.353,10.576
2014,Annual,South East England,0.477,8.542
2015,Annual,South East England,0.403,12.119
2016,Annual,South East England,0.401,10.000
2017,Annual,South East England,0.400,10.178
2018,Annual,South East England,0.428,9.644
2019,Annual,South East England,0.420,10.737
2020,Annual,South East England,0.407,9.186
2021,Annual,South East England,0.377,6.407
2022,Annual,South East England,0.428,11.008
2023,Annual,South East England,0.403,7.458
2024,Annual,South East England,0.375,8.975
2025,Annual,South East England,0.440,8.263
2026,Annual,South East England,0.408,10.890
2027,Annual,South East England,0.399,9.051
2028,Annual,South East England,0.340,7.237
2029,Annual,South East England,0.391,8.924
2030,Annual,South East England,0.395,8.576
2031,Annual,South East England,0.419,8.102
2032,Annual,South East England,0.443,10.958
2033,Annual,South East England,0.375,9.381
2034,Annual,South East England,0.453,8.924
2035,Annual,South East England,0.358,7.720
2036,Annual,South East England,0.284,7.508
2037,Annual,South East England,0.424,8.483
2038,Annual,South East England,0.364,9.941
2039,Annual,South East England,0.424,8.237
2040,Annual,South East England,0.404,10.331
2041,Annual,South East England,0.425,10.610
2042,Annual,South East England,0.444,13.636
2043,Annual,South East England,0.477,11.068
2044,Annual,South East England,0.453,10.458
2045,Annual,South East England,0.463,15.085
2046,Annual,South East England,0.373,7.941
2047,Annual,South East England,0.387,10.203
2048,Annual,South East England,0.431,8.110
2049,Annual,South East England,0.377,7.178
2050,Annual,South East England,0.449,8.475
2051,Annual,South East England,0.432,8.381
2052,Annual,South East England,0.428,8.898
2053,Annual,South East England,0.451,8.559
2054,Annual,South East England,0.345,6.966
2055,Annual,South East England,0.455,12.712
2056,Annual,South East England,0.426,9.729
2057,Annual,South East England,0.391,10.703
2058,Annual,South East England,0.335,7.220
2059,Annual,South East England,0.328,10.076
2060,Annual,South East England,0.351,8.525
2061,Annual,South East England,0.381,7.627
2062,Annual,South East England,0.408,10.178
2063,Annual,South East England,0.392,8.881
2064,Annual,South East England,0.373,9.000
2065,Annual,South East England,0.386,6.847
2066,Annual,South East England,0.413,7.229
2067,Annual,South East England,0.330,6.220
2068,Annual,South East England,0.452,9.051
2069,Annual,South East England,0.408,7.364
2070,Annual,South East England,0.387,11.271
2071,Annual,South East England,0.402,8.169
2072,Annual,South East England,0.404,9.881
2073,Annual,South East England,0.382,10.212
2074,Annual,South East England,0.455,10.534
2075,Annual,South East England,0.451,7.831
2076,Annual,South East England,0.358,8.619
2077,Annual,South East England,0.389,9.110
2078,Annual,South East England,0.417,8.661
2079,Annual,South East England,0.382,8.508
2080,Annual,South East England,0.413,9.119
1981,Annual,South West England,0.446,8.519
1982,Annual,South West England,0.445,9.259
1983,Annual,South West England,0.443,8.544
1984,Annual,South West England,0.402,7.076
1985,Annual,South West England,0.428,10.006
1986,Annual,South West England,0.431,11.475
1987,Annual,South West England,0.460,9.949
1988,Annual,South West England,0.494,12.848
1989,Annual,South West England,0.440,15.114
1990,Annual,South West England,0.481,11.032
1991,Annual,South West England,0.440,10.791
1992,Annual,South West England,0.431,10.481
1993,Annual,South West England,0.455,9.804
1994,Annual,South West England,0.486,8.304
1995,Annual,South West England,0.426,12.405
1996,Annual,South West England,0.482,12.519
1997,Annual,South West England,0.441,10.000
1998,Annual,South West England,0.466,10.937
1999,Annual,South West England,0.458,11.297
2000,Annual,South West England,0.405,16.437
2001,Annual,South West England,0.470,8.481
2002,Annual,South West England,0.433,12.823
2003,Annual,South West England,0.505,12.089
2004,Annual,South West England,0.406,9.924
2005,Annual,South West England,0.410,10.228
2006,Annual,South West England,0.485,10.627
2007,Annual,South West England,0.471,10.924
2008,Annual,South West England,0.461,8.089
2009,Annual,South West England,0.438,8.823
2010,Annual,South West England,0.421,8.677
2011,Annual,South West England,0.456,10.943
2012,Annual,South West England,0.491,10.842
2013,Annual,South West England,0.378,11.051
2014,Annual,South West England,0.503,12.449
2015,Annual,South West England,0.426,15.158
2016,Annual,South West England,0.441,12.203
2017,Annual,South West England,0.455,14.968
2018,Annual,South West England,0.432,9.481
2019,Annual,South West England,0.445,10.703
2020,Annual,South West England,0.461,10.949
2021,Annual,South West England,0.367,8.057
2022,Annual,South West England,0.456,10.608
2023,Annual,South West England,0.422,7.867
2024,Annual,South West England,0.399,8.785
2025,Annual,South West England,0.467,10.937
2026,Annual,South West England,0.455,13.259
2027,Annual,South West England,0.440,9.899
2028,Annual,South West England,0.384,8.911
2029,Annual,South West England,0.420,10.677
2030,Annual,South West England,0.423,11.120
2031,Annual,South West England,0.448,8.082
2032,Annual,South West England,0.462,10.544
2033,Annual,South West England,0.397,11.557
2034,Annual,South West England,0.503,9.987
2035,Annual,South West England,0.402,11.316
2036,Annual,South West England,0.315,8.013
2037,Annual,South West England,0.453,9.646
2038,Annual,South West England,0.383,11.608
2039,Annual,South West England,0.457,10.063
2040,Annual,South West England,0.425,11.551
2041,Annual,South West England,0.461,10.278
2042,Annual,South West England,0.466,12.177
2043,Annual,South West England,0.491,11.386
2044,Annual,South West England,0.481,10.722
2045,Annual,South West England,0.492,18.816
2046,Annual,South West England,0.402,8.741
2047,Annual,South West England,0.398,8.696
2048,Annual,South West England,0.472,9.551
2049,Annual,South West England,0.423,10.051
2050,Annual,South West England,0.488,9.854
2051,Annual,South West England,0.479,9.392
2052,Annual,South West England,0.439,8.930
2053,Annual,South West England,0.489,10.424
2054,Annual,South West England,0.390,8.791
2055,Annual,South West England,0.486,18.253
2056,Annual,South West England,0.438,9.557
2057,Annual,South West England,0.431,12.367
2058,Annual,South West England,0.353,7.722
2059,Annual,South West England,0.396,13.924
2060,Annual,South West England,0.385,10.620
2061,Annual,South West England,0.405,9.994
2062,Annual,South West England,0.471,12.481
2063,Annual,South West England,0.421,10.614
2064,Annual,South West England,0.411,10.044
2065,Annual,South West England,0.409,9.557
2066,Annual,South West England,0.424,11.323
2067,Annual,South West England,0.354,9.924
2068,Annual,South West England,0.467,11.696
2069,Annual,South West England,0.429,9.291
2070,Annual,South West England,0.415,13.063
2071,Annual,South West England,0.454,10.646
2072,Annual,South West England,0.435,10.835
2073,Annual,South West England,0.394,11.506
2074,Annual,South West England,0.495,16.544
2075,Annual,South West England,0.505,12.127
2076,Annual,South West England,0.395,10.367
2077,Annual,South West England,0.434,9.335
2078,Annual,South West England,0.453,10.108
2079,Annual,South West England,0.412,8.570
2080,Annual,South West England,0.427,12.196
1981,Annual,West Midlands,0.437,8.000
1982,Annual,West Midlands,0.429,8.035
1983,Annual,West Midlands,0.434,8.233
1984,Annual,West Midlands,0.420,7.581
1985,Annual,West Midlands,0.442,10.198
1986,Annual,West Midlands,0.446,7.953
1987,Annual,West Midlands,0.451,7.733
1988,Annual,West Midlands,0.501,8.198
1989,Annual,West Midlands,0.446,12.174
1990,Annual,West Midlands,0.486,8.756
1991,Annual,West Midlands,0.461,8.814
1992,Annual,West Midlands,0.429,8.186
1993,Annual,West Midlands,0.485,10.965
1994,Annual,West Midlands,0.492,11.291
1995,Annual,West Midlands,0.406,7.779
1996,Annual,West Midlands,0.503,9.756
1997,Annual,West Midlands,0.444,8.628
1998,Annual,West Midlands,0.458,8.895
1999,Annual,West Midlands,0.459,9.256
2000,Annual,West Midlands,0.420,8.419
2001,Annual,West Midlands,0.508,7.802
2002,Annual,West Midlands,0.445,9.907
2003,Annual,West Midlands,0.492,10.651
2004,Annual,West Midlands,0.438,10.233
2005,Annual,West Midlands,0.462,10.884
2006,Annual,West Midlands,0.502,11.279
2007,Annual,West Midlands,0.466,8.372
2008,Annual,West Midlands,0.437,6.849
2009,Annual,West Midlands,0.463,8.814
2010,Annual,West Midlands,0.438,8.651
2011,Annual,West Midlands,0.454,9.523
2012,Annual,West Midlands,0.487,8.814
2013,Annual,West Midlands,0.385,9.593
2014,Annual,West Midlands,0.497,11.558
2015,Annual,West Midlands,0.455,10.256
2016,Annual,West Midlands,0.438,9.012
2017,Annual,West Midlands,0.463,7.965
2018,Annual,West Midlands,0.423,9.012
2019,Annual,West Midlands,0.439,8.616
2020,Annual,West Midlands,0.469,9.488
2021,Annual,West Midlands,0.415,6.942
2022,Annual,West Midlands,0.472,9.581
2023,Annual,West Midlands,0.454,8.047
2024,Annual,West Midlands,0.399,7.919
2025,Annual,West Midlands,0.502,9.291
2026,Annual,West Midlands,0.463,10.395
2027,Annual,West Midlands,0.437,9.360
2028,Annual,West Midlands,0.407,10.151
2029,Annual,West Midlands,0.447,11.628
2030,Annual,West Midlands,0.427,9.593
2031,Annual,West Midlands,0.458,8.535
2032,Annual,West Midlands,0.485,8.616
2033,Annual,West Midlands,0.391,7.337
2034,Annual,West Midlands,0.509,9.965
2035,Annual,West Midlands,0.427,8.628
2036,Annual,West Midlands,0.345,7.849
2037,Annual,West Midlands,0.468,9.267
2038,Annual,West Midlands,0.383,9.140
2039,Annual,West Midlands,0.443,8.186
2040,Annual,West Midlands,0.419,9.360
2041,Annual,West Midlands,0.459,9.058
2042,Annual,West Midlands,0.490,12.023
2043,Annual,West Midlands,0.467,9.000
2044,Annual,West Midlands,0.488,9.605
2045,Annual,West Midlands,0.507,15.465
2046,Annual,West Midlands,0.440,10.151
2047,Annual,West Midlands,0.417,9.267
2048,Annual,West Midlands,0.475,8.593
2049,Annual,West Midlands,0.429,6.767
2050,Annual,West Midlands,0.465,7.965
2051,Annual,West Midlands,0.489,8.581
2052,Annual,West Midlands,0.469,8.872
2053,Annual,West Midlands,0.517,10.058
2054,Annual,West Midlands,0.404,9.558
2055,Annual,West Midlands,0.484,14.349
2056,Annual,West Midlands,0.477,11.186
2057,Annual,West Midlands,0.448,11.756
2058,Annual,West Midlands,0.386,8.337
2059,Annual,West Midlands,0.414,10.453
2060,Annual,West Midlands,0.408,10.384
2061,Annual,West Midlands,0.400,6.919
2062,Annual,West Midlands,0.457,8.942
2063,Annual,West Midlands,0.430,8.442
2064,Annual,West Midlands,0.410,9.256
2065,Annual,West Midlands,0.442,8.488
2066,Annual,West Midlands,0.447,8.430
2067,Annual,West Midlands,0.356,8.663
2068,Annual,West Midlands,0.463,9.523
2069,Annual,West Midlands,0.438,8.314
2070,Annual,West Midlands,0.423,12.593
2071,Annual,West Midlands,0.454,12.419
2072,Annual,West Midlands,0.447,10.860
2073,Annual,West Midlands,0.401,10.442
2074,Annual,West Midlands,0.513,12.744
2075,Annual,West Midlands,0.489,9.558
2076,Annual,West Midlands,0.404,7.895
2077,Annual,West Midlands,0.448,9.605
2078,Annual,West Midlands,0.453,8.267
2079,Annual,West Midlands,0.415,9.558
2080,Annual,West Midlands,0.420,9.628
1981,Annual,West Scotland,0.601,20.985
1982,Annual,West Scotland,0.634,17.638
1983,Annual,West Scotland,0.550,14.854
1984,Annual,West Scotland,0.528,13.308
1985,Annual,West Scotland,0.629,15.662
1986,Annual,West Scotland,0.625,19.123
1987,Annual,West Scotland,0.597,18.646
1988,Annual,West Scotland,0.594,15.338
1989,Annual,West Scotland,0.522,21.477
1990,Annual,West Scotland,0.606,15.131
1991,Annual,West Scotland,0.551,14.569
1992,Annual,West Scotland,0.566,17.715
1993,Annual,West Scotland,0.590,19.000
1994,Annual,West Scotland,0.498,13.992
1995,Annual,West Scotland,0.596,19.569
1996,Annual,West Scotland,0.558,14.408
1997,Annual,West Scotland,0.579,14.469
1998,Annual,West Scotland,0.604,21.900
1999,Annual,West Scotland,0.589,16.815
2000,Annual,West Scotland,0.594,16.792
2001,Annual,West Scotland,0.596,18.362
2002,Annual,West Scotland,0.614,14.915
2003,Annual,West Scotland,0.549,16.885
2004,Annual,West Scotland,0.538,13.646
2005,Annual,West Scotland,0.530,14.131
2006,Annual,West Scotland,0.587,21.815
2007,Annual,West Scotland,0.556,15.631
2008,Annual,West Scotland,0.511,14.338
2009,Annual,West Scotland,0.623,15.169
2010,Annual,West Scotland,0.583,14.092
2011,Annual,West Scotland,0.584,20.569
2012,Annual,West Scotland,0.606,18.508
2013,Annual,West Scotland,0.502,12.123
2014,Annual,West Scotland,0.636,18.662
2015,Annual,West Scotland,0.607,22.008
2016,Annual,West Scotland,0.560,16.600
2017,Annual,West Scotland,0.626,19.469
2018,Annual,West Scotland,0.561,15.377
2019,Annual,West Scotland,0.555,14.446
2020,Annual,West Scotland,0.581,17.738
2021,Annual,West Scotland,0.543,17.031
2022,Annual,West Scotland,0.613,14.654
2023,Annual,West Scotland,0.525,14.062
2024,Annual,West Scotland,0.530,13.254
2025,Annual,West Scotland,0.572,21.123
2026,Annual,West Scotland,0.602,14.877
2027,Annual,West Scotland,0.527,16.131
2028,Annual,West Scotland,0.602,19.285
2029,Annual,West Scotland,0.608,19.369
2030,Annual,West Scotland,0.551,17.692
2031,Annual,West Scotland,0.607,18.031
2032,Annual,West Scotland,0.547,17.485
2033,Annual,West Scotland,0.573,14.438
2034,Annual,West Scotland,0.682,24.054
2035,Annual,West Scotland,0.588,18.415
2036,Annual,West Scotland,0.593,24.108
2037,Annual,West Scotland,0.593,14.369
2038,Annual,West Scotland,0.522,15.192
2039,Annual,West Scotland,0.559,16.108
2040,Annual,West Scotland,0.540,14.392
2041,Annual,West Scotland,0.587,12.638
2042,Annual,West Scotland,0.605,20.431
2043,Annual,West Scotland,0.541,13.538
2044,Annual,West Scotland,0.651,16.469
2045,Annual,West Scotland,0.566,18.877
2046,Annual,West Scotland,0.577,14.769
2047,Annual,West Scotland,0.536,15.985
2048,Annual,West Scotland,0.640,16.923
2049,Annual,West Scotland,0.599,25.346
2050,Annual,West Scotland,0.602,19.269
2051,Annual,West Scotland,0.577,14.931
2052,Annual,West Scotland,0.543,13.908
2053,Annual,West Scotland,0.644,18.362
2054,Annual,West Scotland,0.559,16.062
2055,Annual,West Scotland,0.578,18.223
2056,Annual,West Scotland,0.598,18.900
2057,Annual,West Scotland,0.564,17.115
2058,Annual,West Scotland,0.500,12.023
2059,Annual,West Scotland,0.560,16.754
2060,Annual,West Scotland,0.485,12.708
2061,Annual,West Scotland,0.543,16.262
2062,Annual,West Scotland,0.539,17.277
2063,Annual,West Scotland,0.517,11.554
2064,Annual,West Scotland,0.518,17.023
2065,Annual,West Scotland,0.577,15.962
2066,Annual,West Scotland,0.565,16.354
2067,Annual,West Scotland,0.497,17.869
2068,Annual,West Scotland,0.561,21.100
2069,Annual,West Scotland,0.574,19.823
2070,Annual,West Scotland,0.530,18.538
2071,Annual,West Scotland,0.548,14.415
2072,Annual,West Scotland,0.628,17.946
2073,Annual,West Scotland,0.451,16.992
2074,Annual,West Scotland,0.586,16.969
2075,Annual,West Scotland,0.585,13.308
2076,Annual,West Scotland,0.548,14.800
2077,Annual,West Scotland,0.574,18.546
2078,Annual,West Scotland,0.568,16.223
2079,Annual,West Scotland,0.582,21.200
2080,Annual,West Scotland,0.568,14.262
1981,Annual,Yorkshire and Humber,0.425,8.515
1982,Annual,Yorkshire and Humber,0.431,7.238
1983,Annual,Yorkshire and Humber,0.443,7.723
1984,Annual,Yorkshire and Humber,0.449,8.574
1985,Annual,Yorkshire and Humber,0.459,8.525
1986,Annual,Yorkshire and Humber,0.457,9.505
1987,Annual,Yorkshire and Humber,0.448,8.871
1988,Annual,Yorkshire and Humber,0.492,8.208
1989,Annual,Yorkshire and Humber,0.440,8.376
1990,Annual,Yorkshire and Humber,0.484,10.743
1991,Annual,Yorkshire and Humber,0.489,9.337
1992,Annual,Yorkshire and Humber,0.420,7.683
1993,Annual,Yorkshire and Humber,0.528,10.861
1994,Annual,Yorkshire and Humber,0.507,10.634
1995,Annual,Yorkshire and Humber,0.438,7.604
1996,Annual,Yorkshire and Humber,0.503,9.515
1997,Annual,Yorkshire and Humber,0.454,11.545
1998,Annual,Yorkshire and Humber,0.431,8.653
1999,Annual,Yorkshire and Humber,0.468,11.545
2000,Annual,Yorkshire and Humber,0.410,9.327
2001,Annual,Yorkshire and Humber,0.501,9.564
2002,Annual,Yorkshire and Humber,0.448,10.792
2003,Annual,Yorkshire and Humber,0.500,11.386
2004,Annual,Yorkshire and Humber,0.463,10.208
2005,Annual,Yorkshire and Humber,0.482,10.901
2006,Annual,Yorkshire and Humber,0.480,10.366
2007,Annual,Yorkshire and Humber,0.461,8.980
2008,Annual,Yorkshire and Humber,0.435,10.772
2009,Annual,Yorkshire and Humber,0.466,7.396
2010,Annual,Yorkshire and Humber,0.459,9.386
2011,Annual,Yorkshire and Humber,0.456,9.327
2012,Annual,Yorkshire and Humber,0.475,7.871
2013,Annual,Yorkshire and Humber,0.400,9.198
2014,Annual,Yorkshire and Humber,0.498,10.307
2015,Annual,Yorkshire and Humber,0.475,10.297
2016,Annual,Yorkshire and Humber,0.450,9.050
2017,Annual,Yorkshire and Humber,0.446,9.891
2018,Annual,Yorkshire and Humber,0.432,7.891
2019,Annual,Yorkshire and Humber,0.418,8.188
2020,Annual,Yorkshire and Humber,0.465,9.129
2021,Annual,Yorkshire and Humber,0.445,8.941
2022,Annual,Yorkshire and Humber,0.489,7.990
2023,Annual,Yorkshire and Humber,0.478,11.188
2024,Annual,Yorkshire and Humber,0.436,8.713
2025,Annual,Yorkshire and Humber,0.481,10.743
2026,Annual,Yorkshire and Humber,0.447,10.079
2027,Annual,Yorkshire and Humber,0.428,7.990
2028,Annual,Yorkshire and Humber,0.396,10.455
2029,Annual,Yorkshire and Humber,0.444,9.822
2030,Annual,Yorkshire and Humber,0.419,9.356
2031,Annual,Yorkshire and Humber,0.452,10.851
2032,Annual,Yorkshire and Humber,0.509,9.772
2033,Annual,Yorkshire and Humber,0.429,8.901
2034,Annual,Yorkshire and Humber,0.494,10.228
2035,Annual,Yorkshire and Humber,0.442,8.782
2036,Annual,Yorkshire and Humber,0.373,7.861
2037,Annual,Yorkshire and Humber,0.502,9.050
2038,Annual,Yorkshire and Humber,0.412,8.743
2039,Annual,Yorkshire and Humber,0.448,8.525
2040,Annual,Yorkshire and Humber,0.448,10.386
2041,Annual,Yorkshire and Humber,0.464,7.693
2042,Annual,Yorkshire and Humber,0.494,9.614
2043,Annual,Yorkshire and Humber,0.454,8.366
2044,Annual,Yorkshire and Humber,0.483,11.089
2045,Annual,Yorkshire and Humber,0.511,12.901
2046,Annual,Yorkshire and Humber,0.482,9.653
2047,Annual,Yorkshire and Humber,0.418,11.881
2048,Annual,Yorkshire and Humber,0.467,9.960
2049,Annual,Yorkshire and Humber,0.457,10.653
2050,Annual,Yorkshire and Humber,0.486,9.663
2051,Annual,Yorkshire and Humber,0.491,8.990
2052,Annual,Yorkshire and Humber,0.491,8.941
2053,Annual,Yorkshire and Humber,0.507,10.178
2054,Annual,Yorkshire and Humber,0.418,8.832
2055,Annual,Yorkshire and Humber,0.450,10.663
2056,Annual,Yorkshire and Humber,0.470,10.594
2057,Annual,Yorkshire and Humber,0.431,9.297
2058,Annual,Yorkshire and Humber,0.411,9.851
2059,Annual,Yorkshire and Humber,0.411,8.238
2060,Annual,Yorkshire and Humber,0.425,12.059
2061,Annual,Yorkshire and Humber,0.390,6.545
2062,Annual,Yorkshire and Humber,0.424,8.475
2063,Annual,Yorkshire and Humber,0.445,9.287
2064,Annual,Yorkshire and Humber,0.425,8.960
2065,Annual,Yorkshire and Humber,0.443,9.327
2066,Annual,Yorkshire and Humber,0.476,9.356
2067,Annual,Yorkshire and Humber,0.366,9.158
2068,Annual,Yorkshire and Humber,0.500,11.396
2069,Annual,Yorkshire and Humber,0.436,8.040
2070,Annual,Yorkshire and Humber,0.426,9.891
2071,Annual,Yorkshire and Humber,0.470,11.050
2072,Annual,Yorkshire and Humber,0.456,11.396
2073,Annual,Yorkshire and Humber,0.407,9.693
2074,Annual,Yorkshire and Humber,0.504,11.307
2075,Annual,Yorkshire and Humber,0.492,9.931
2076,Annual,Yorkshire and Humber,0.431,8.851
2077,Annual,Yorkshire and Humber,0.433,9.475
2078,Annual,Yorkshire and Humber,0.466,9.228
2079,Annual,Yorkshire and Humber,0.440,9.109
2080,Annual,Yorkshire and Humber,0.440,8.475
1981,Annual,Channel Islands,0.532,23.000
1982,Annual,Channel Islands,0.521,11.000
1983,Annual,Channel Islands,0.603,21.000
1984,Annual,Channel Islands,0.475,20.000
1985,Annual,Channel Islands,0.485,12.000
1986,Annual,Channel Islands,0.526,34.000
1987,Annual,Channel Islands,0.559,16.000
1988,Annual,Channel Islands,0.604,19.000
1989,Annual,Channel Islands,0.490,20.000
1990,Annual,Channel Islands,0.581,15.000
1991,Annual,Channel Islands,0.537,24.000
1992,Annual,Channel Islands,0.505,19.000
1993,Annual,Channel Islands,0.534,22.000
1994,Annual,Channel Islands,0.548,31.000
1995,Annual,Channel Islands,0.501,14.000
1996,Annual,Channel Islands,0.587,21.000
1997,Annual,Channel Islands,0.545,20.000
1998,Annual,Channel Islands,0.581,16.000
1999,Annual,Channel Islands,0.553,20.000
2000,Annual,Channel Islands,0.448,17.000
2001,Annual,Channel Islands,0.526,13.000
2002,Annual,Channel Islands,0.490,16.000
2003,Annual,Channel Islands,0.589,12.000
2004,Annual,Channel Islands,0.516,11.000
2005,Annual,Channel Islands,0.449,12.000
2006,Annual,Channel Islands,0.551,13.000
2007,Annual,Channel Islands,0.567,14.000
2008,Annual,Channel Islands,0.552,12.000
2009,Annual,Channel Islands,0.521,18.000
2010,Annual,Channel Islands,0.496,12.000
2011,Annual,Channel Islands,0.507,15.000
2012,Annual,Channel Islands,0.601,19.000
2013,Annual,Channel Islands,0.477,18.000
2014,Annual,Channel Islands,0.586,16.000
2015,Annual,Channel Islands,0.559,23.000
2016,Annual,Channel Islands,0.571,15.000
2017,Annual,Channel Islands,0.526,15.000
2018,Annual,Channel Islands,0.499,23.000
2019,Annual,Channel Islands,0.542,19.000
2020,Annual,Channel Islands,0.505,13.000
2021,Annual,Channel Islands,0.449,10.000
2022,Annual,Channel Islands,0.532,14.000
2023,Annual,Channel Islands,0.482,10.000
2024,Annual,Channel Islands,0.486,19.000
2025,Annual,Channel Islands,0.553,18.000
2026,Annual,Channel Islands,0.548,17.000
2027,Annual,Channel Islands,0.540,19.000
2028,Annual,Channel Islands,0.470,14.000
2029,Annual,Channel Islands,0.493,15.000
2030,Annual,Channel Islands,0.447,11.000
2031,Annual,Channel Islands,0.526,26.000
2032,Annual,Channel Islands,0.560,21.000
2033,Annual,Channel Islands,0.463,14.000
2034,Annual,Channel Islands,0.556,27.000
2035,Annual,Channel Islands,0.471,27.000
2036,Annual,Channel Islands,0.396,15.000
2037,Annual,Channel Islands,0.570,18.000
2038,Annual,Channel Islands,0.488,22.000
2039,Annual,Channel Islands,0.526,18.000
2040,Annual,Channel Islands,0.497,19.000
2041,Annual,Channel Islands,0.567,17.000
2042,Annual,Channel Islands,0.564,12.000
2043,Annual,Channel Islands,0.575,20.000
2044,Annual,Channel Islands,0.555,15.000
2045,Annual,Channel Islands,0.562,21.000
2046,Annual,Channel Islands,0.482,11.000
2047,Annual,Channel Islands,0.485,15.000
2048,Annual,Channel Islands,0.557,15.000
2049,Annual,Channel Islands,0.501,17.000
2050,Annual,Channel Islands,0.614,20.000
2051,Annual,Channel Islands,0.578,13.000
2052,Annual,Channel Islands,0.492,12.000
2053,Annual,Channel Islands,0.562,13.000
2054,Annual,Channel Islands,0.471,20.000
2055,Annual,Channel Islands,0.534,38.000
2056,Annual,Channel Islands,0.568,26.000
2057,Annual,Channel Islands,0.526,19.000
2058,Annual,Channel Islands,0.427,14.000
2059,Annual,Channel Islands,0.485,18.000
2060,Annual,Channel Islands,0.467,13.000
2061,Annual,Channel Islands,0.488,15.000
2062,Annual,Channel Islands,0.553,19.000
2063,Annual,Channel Islands,0.512,13.000
2064,Annual,Channel Islands,0.519,17.000
2065,Annual,Channel Islands,0.499,18.000
2066,Annual,Channel Islands,0.488,13.000
2067,Annual,Channel Islands,0.400,12.000
2068,Annual,Channel Islands,0.549,36.000
2069,Annual,Channel Islands,0.556,11.000
2070,Annual,Channel Islands,0.526,22.000
2071,Annual,Channel Islands,0.485,21.000
2072,Annual,Channel Islands,0.500,45.000
2073,Annual,Channel Islands,0.485,11.000
2074,Annual,Channel Islands,0.584,20.000
2075,Annual,Channel Islands,0.578,20.000
2076,Annual,Channel Islands,0.514,18.000
2077,Annual,Channel Islands,0.521,22.000
2078,Annual,Channel Islands,0.553,24.000
2079,Annual,Channel Islands,0.458,27.000
2080,Annual,Channel Islands,0.497,10.000
1981,Annual,Isle of Man,0.521,15.000
1982,Annual,Isle of Man,0.578,15.333
1983,Annual,Isle of Man,0.563,11.667
1984,Annual,Isle of Man,0.485,11.000
1985,Annual,Isle of Man,0.585,16.667
1986,Annual,Isle of Man,0.576,22.000
1987,Annual,Isle of Man,0.560,16.667
1988,Annual,Isle of Man,0.619,13.667
1989,Annual,Isle of Man,0.519,16.667
1990,Annual,Isle of Man,0.599,12.000
1991,Annual,Isle of Man,0.520,10.667
1992,Annual,Isle of Man,0.548,11.000
1993,Annual,Isle of Man,0.588,17.667
1994,Annual,Isle of Man,0.531,17.667
1995,Annual,Isle of Man,0.553,17.667
1996,Annual,Isle of Man,0.568,15.333
1997,Annual,Isle of Man,0.554,15.000
1998,Annual,Isle of Man,0.584,14.667
1999,Annual,Isle of Man,0.563,12.667
2000,Annual,Isle of Man,0.530,11.000
2001,Annual,Isle of Man,0.612,24.000
2002,Annual,Isle of Man,0.615,16.667
2003,Annual,Isle of Man,0.553,15.000
2004,Annual,Isle of Man,0.545,10.000
2005,Annual,Isle of Man,0.515,21.333
2006,Annual,Isle of Man,0.581,21.333
2007,Annual,Isle of Man,0.532,12.000
2008,Annual,Isle of Man,0.514,12.000
2009,Annual,Isle of Man,0.584,13.667
2010,Annual,Isle of Man,0.546,13.000
2011,Annual,Isle of Man,0.547,26.333
2012,Annual,Isle of Man,0.603,21.333
2013,Annual,Isle of Man,0.488,11.667
2014,Annual,Isle of Man,0.588,12.000
2015,Annual,Isle of Man,0.543,15.667
2016,Annual,Isle of Man,0.513,10.333
2017,Annual,Isle of Man,0.564,12.667
2018,Annual,Isle of Man,0.519,11.000
2019,Annual,Isle of Man,0.529,17.667
2020,Annual,Isle of Man,0.560,14.000
2021,Annual,Isle of Man,0.540,21.333
2022,Annual,Isle of Man,0.556,11.000
2023,Annual,Isle of Man,0.532,11.333
2024,Annual,Isle of Man,0.490,9.667
2025,Annual,Isle of Man,0.549,13.000
2026,Annual,Isle of Man,0.563,18.000
2027,Annual,Isle of Man,0.551,13.667
2028,Annual,Isle of Man,0.515,15.000
2029,Annual,Isle of Man,0.549,14.667
2030,Annual,Isle of Man,0.537,15.333
2031,Annual,Isle of Man,0.580,16.000
2032,Annual,Isle of Man,0.572,21.667
2033,Annual,Isle of Man,0.540,12.667
2034,Annual,Isle of Man,0.601,14.667
2035,Annual,Isle of Man,0.564,16.000
2036,Annual,Isle of Man,0.475,14.000
2037,Annual,Isle of Man,0.567,20.000
2038,Annual,Isle of Man,0.510,11.333
2039,Annual,Isle of Man,0.532,12.333
2040,Annual,Isle of Man,0.506,15.667
2041,Annual,Isle of Man,0.552,13.000
2042,Annual,Isle of Man,0.588,18.333
2043,Annual,Isle of Man,0.544,11.667
2044,Annual,Isle of Man,0.568,14.333
2045,Annual,Isle of Man,0.564,19.000
2046,Annual,Isle of Man,0.553,14.000
2047,Annual,Isle of Man,0.494,15.000
2048,Annual,Isle of Man,0.574,16.000
2049,Annual,Isle of Man,0.552,14.667
2050,Annual,Isle of Man,0.572,12.333
2051,Annual,Isle of Man,0.544,12.333
2052,Annual,Isle of Man,0.530,12.000
2053,Annual,Isle of Man,0.637,18.667
2054,Annual,Isle of Man,0.509,15.667
2055,Annual,Isle of Man,0.553,18.333
2056,Annual,Isle of Man,0.564,15.333
2057,Annual,Isle of Man,0.533,22.333
2058,Annual,Isle of Man,0.462,12.333
2059,Annual,Isle of Man,0.500,20.667
2060,Annual,Isle of Man,0.473,12.000
2061,Annual,Isle of Man,0.476,9.000
2062,Annual,Isle of Man,0.502,11.667
2063,Annual,Isle of Man,0.528,14.000
2064,Annual,Isle of Man,0.505,13.667
2065,Annual,Isle of Man,0.541,14.000
2066,Annual,Isle of Man,0.534,16.333
2067,Annual,Isle of Man,0.448,14.000
2068,Annual,Isle of Man,0.530,19.000
2069,Annual,Isle of Man,0.513,11.333
2070,Annual,Isle of Man,0.476,18.333
2071,Annual,Isle of Man,0.529,14.667
2072,Annual,Isle of Man,0.563,16.000
2073,Annual,Isle of Man,0.441,11.667
2074,Annual,Isle of Man,0.556,12.000
2075,Annual,Isle of Man,0.553,13.000
2076,Annual,Isle of Man,0.496,14.667
2077,Annual,Isle of Man,0.547,11.000
2078,Annual,Isle of Man,0.506,16.333
2079,Annual,Isle of Man,0.527,14.000
2080,Annual,Isle of Man,0.528,15.000
1981,Annual,Northern Ireland,0.545,12.407
1982,Annual,Northern Ireland,0.577,11.291
1983,Annual,Northern Ireland,0.533,11.581
1984,Annual,Northern Ireland,0.550,11.895
1985,Annual,Northern Ireland,0.580,12.047
1986,Annual,Northern Ireland,0.615,15.070
1987,Annual,Northern Ireland,0.558,15.628
1988,Annual,Northern Ireland,0.607,17.407
1989,Annual,Northern Ireland,0.520,18.384
1990,Annual,Northern Ireland,0.598,20.279
1991,Annual,Northern Ireland,0.545,13.500
1992,Annual,Northern Ireland,0.540,14.640
1993,Annual,Northern Ireland,0.557,18.105
1994,Annual,Northern Ireland,0.516,16.826
1995,Annual,Northern Ireland,0.564,15.012
1996,Annual,Northern Ireland,0.555,13.302
1997,Annual,Northern Ireland,0.591,15.663
1998,Annual,Northern Ireland,0.546,13.953
1999,Annual,Northern Ireland,0.561,14.337
2000,Annual,Northern Ireland,0.554,14.930
2001,Annual,Northern Ireland,0.588,13.791
2002,Annual,Northern Ireland,0.577,13.035
2003,Annual,Northern Ireland,0.553,15.988
2004,Annual,Northern Ireland,0.502,10.058
2005,Annual,Northern Ireland,0.528,14.930
2006,Annual,Northern Ireland,0.583,18.709
2007,Annual,Northern Ireland,0.554,14.395
2008,Annual,Northern Ireland,0.510,11.977
2009,Annual,Northern Ireland,0.592,16.756
2010,Annual,Northern Ireland,0.535,10.477
2011,Annual,Northern Ireland,0.554,16.430
2012,Annual,Northern Ireland,0.589,13.640
2013,Annual,Northern Ireland,0.486,11.105
2014,Annual,Northern Ireland,0.635,14.233
2015,Annual,Northern Ireland,0.546,13.616
2016,Annual,Northern Ireland,0.513,10.907
2017,Annual,Northern Ireland,0.552,12.500
2018,Annual,Northern Ireland,0.511,9.395
2019,Annual,Northern Ireland,0.502,10.942
2020,Annual,Northern Ireland,0.564,13.035
2021,Annual,Northern Ireland,0.523,14.070
2022,Annual,Northern Ireland,0.580,12.105
2023,Annual,Northern Ireland,0.517,11.942
2024,Annual,Northern Ireland,0.506,11.523
2025,Annual,Northern Ireland,0.551,13.174
2026,Annual,Northern Ireland,0.562,13.372
2027,Annual,Northern Ireland,0.514,11.337
2028,Annual,Northern Ireland,0.576,15.442
2029,Annual,Northern Ireland,0.564,16.267
2030,Annual,Northern Ireland,0.549,16.547
2031,Annual,Northern Ireland,0.596,15.547
2032,Annual,Northern Ireland,0.543,14.616
2033,Annual,Northern Ireland,0.549,13.907
2034,Annual,Northern Ireland,0.640,16.198
2035,Annual,Northern Ireland,0.583,15.500
2036,Annual,Northern Ireland,0.507,13.453
2037,Annual,Northern Ireland,0.592,12.767
2038,Annual,Northern Ireland,0.490,12.628
2039,Annual,Northern Ireland,0.546,17.035
2040,Annual,Northern Ireland,0.505,10.826
2041,Annual,Northern Ireland,0.552,11.163
2042,Annual,Northern Ireland,0.558,13.035
2043,Annual,Northern Ireland,0.531,13.419
2044,Annual,Northern Ireland,0.593,13.721
2045,Annual,Northern Ireland,0.563,13.047
2046,Annual,Northern Ireland,0.535,12.174
2047,Annual,Northern Ireland,0.508,12.500
2048,Annual,Northern Ireland,0.601,14.302
2049,Annual,Northern Ireland,0.569,17.419
2050,Annual,Northern Ireland,0.559,12.116
2051,Annual,Northern Ireland,0.571,12.453
2052,Annual,Northern Ireland,0.532,10.802
2053,Annual,Northern Ireland,0.607,13.791
2054,Annual,Northern Ireland,0.505,14.453
2055,Annual,Northern Ireland,0.548,18.721
2056,Annual,Northern Ireland,0.556,15.384
2057,Annual,Northern Ireland,0.534,11.140
2058,Annual,Northern Ireland,0.490,10.233
2059,Annual,Northern Ireland,0.520,18.128
2060,Annual,Northern Ireland,0.481,11.570
2061,Annual,Northern Ireland,0.492,11.895
2062,Annual,Northern Ireland,0.492,13.081
2063,Annual,Northern Ireland,0.506,10.709
2064,Annual,Northern Ireland,0.521,11.988
2065,Annual,Northern Ireland,0.566,18.047
2066,Annual,Northern Ireland,0.515,14.419
2067,Annual,Northern Ireland,0.453,12.860
2068,Annual,Northern Ireland,0.543,14.849
2069,Annual,Northern Ireland,0.546,11.500
2070,Annual,Northern Ireland,0.514,14.477
2071,Annual,Northern Ireland,0.526,11.116
2072,Annual,Northern Ireland,0.588,11.884
2073,Annual,Northern Ireland,0.462,11.453
2074,Annual,Northern Ireland,0.533,12.093
2075,Annual,Northern Ireland,0.523,10.651
2076,Annual,Northern Ireland,0.513,13.779
2077,Annual,Northern Ireland,0.556,12.570
2078,Annual,Northern Ireland,0.523,14.465
2079,Annual,Northern Ireland,0.536,12.640
2080,Annual,Northern Ireland,0.505,12.047
1981,Annual,Wales,0.529,13.876
1982,Annual,Wales,0.523,13.555
1983,Annual,Wales,0.507,12.679
1984,Annual,Wales,0.486,14.547
1985,Annual,Wales,0.515,11.898
1986,Annual,Wales,0.537,15.679
1987,Annual,Wales,0.540,13.204
1988,Annual,Wales,0.582,13.314
1989,Annual,Wales,0.506,16.781
1990,Annual,Wales,0.563,16.109
1991,Annual,Wales,0.519,13.051
1992,Annual,Wales,0.526,12.146
1993,Annual,Wales,0.550,17.080
1994,Annual,Wales,0.548,16.051
1995,Annual,Wales,0.515,15.971
1996,Annual,Wales,0.558,14.927
1997,Annual,Wales,0.524,13.380
1998,Annual,Wales,0.532,18.321
1999,Annual,Wales,0.522,15.438
2000,Annual,Wales,0.501,11.270
2001,Annual,Wales,0.577,14.299
2002,Annual,Wales,0.546,16.883
2003,Annual,Wales,0.555,13.467
2004,Annual,Wales,0.491,11.511
2005,Annual,Wales,0.515,16.839
2006,Annual,Wales,0.576,16.993
2007,Annual,Wales,0.547,14.336
2008,Annual,Wales,0.493,10.883
2009,Annual,Wales,0.553,14.620
2010,Annual,Wales,0.513,11.613
2011,Annual,Wales,0.507,14.015
2012,Annual,Wales,0.566,14.146
2013,Annual,Wales,0.442,13.599
2014,Annual,Wales,0.569,17.693
2015,Annual,Wales,0.520,19.066
2016,Annual,Wales,0.510,15.650
2017,Annual,Wales,0.549,16.161
2018,Annual,Wales,0.499,11.628
2019,Annual,Wales,0.502,13.745
2020,Annual,Wales,0.554,13.109
2021,Annual,Wales,0.483,13.394
2022,Annual,Wales,0.542,12.664
2023,Annual,Wales,0.505,12.365
2024,Annual,Wales,0.463,10.737
2025,Annual,Wales,0.554,17.876
2026,Annual,Wales,0.537,19.752
2027,Annual,Wales,0.508,13.401
2028,Annual,Wales,0.469,14.109
2029,Annual,Wales,0.515,14.942
2030,Annual,Wales,0.492,13.431
2031,Annual,Wales,0.544,13.190
2032,Annual,Wales,0.536,14.124
2033,Annual,Wales,0.486,14.073
2034,Annual,Wales,0.601,15.467
2035,Annual,Wales,0.511,14.073
2036,Annual,Wales,0.429,12.212
2037,Annual,Wales,0.559,13.912
2038,Annual,Wales,0.460,12.737
2039,Annual,Wales,0.519,12.861
2040,Annual,Wales,0.496,13.854
2041,Annual,Wales,0.536,12.577
2042,Annual,Wales,0.561,18.460
2043,Annual,Wales,0.527,11.730
2044,Annual,Wales,0.554,14.883
2045,Annual,Wales,0.565,18.642
2046,Annual,Wales,0.520,13.197
2047,Annual,Wales,0.474,11.818
2048,Annual,Wales,0.554,12.095
2049,Annual,Wales,0.519,13.825
2050,Annual,Wales,0.556,14.971
2051,Annual,Wales,0.546,12.438
2052,Annual,Wales,0.522,12.146
2053,Annual,Wales,0.573,16.445
2054,Annual,Wales,0.488,13.248
2055,Annual,Wales,0.539,18.978
2056,Annual,Wales,0.527,11.825
2057,Annual,Wales,0.514,16.664
2058,Annual,Wales,0.433,10.642
2059,Annual,Wales,0.495,15.985
2060,Annual,Wales,0.473,12.672
2061,Annual,Wales,0.470,12.277
2062,Annual,Wales,0.525,15.781
2063,Annual,Wales,0.495,12.745
2064,Annual,Wales,0.480,13.044
2065,Annual,Wales,0.496,12.774
2066,Annual,Wales,0.514,12.964
2067,Annual,Wales,0.425,11.460
2068,Annual,Wales,0.532,14.095
2069,Annual,Wales,0.518,13.124
2070,Annual,Wales,0.488,21.336
2071,Annual,Wales,0.511,13.095
2072,Annual,Wales,0.529,15.365
2073,Annual,Wales,0.457,16.474
2074,Annual,Wales,0.581,18.978
2075,Annual,Wales,0.562,15.613
2076,Annual,Wales,0.483,13.723
2077,Annual,Wales,0.533,14.971
2078,Annual,Wales,0.525,13.978
2079,Annual,Wales,0.496,14.161
2080,Annual,Wales,0.492,12.401
1981,DJF,East Midlands,0.454,6.388
1982,DJF,East Midlands,0.381,4.437
1983,DJF,East Midlands,0.497,5.388
1984,DJF,East Midlands,0.551,8.175
1985,DJF,East Midlands,0.362,7.524
1986,DJF,East Midlands,0.492,6.874
1987,DJF,East Midlands,0.483,6.777
1988,DJF,East Midlands,0.586,6.437
1989,DJF,East Midlands,0.625,10.631
1990,DJF,East Midlands,0.505,6.165
1991,DJF,East Midlands,0.529,6.515
1992,DJF,East Midlands,0.487,5.068
1993,DJF,East Midlands,0.560,7.854
1994,DJF,East Midlands,0.487,6.680
1995,DJF,East Midlands,0.476,5.816
1996,DJF,East Midlands,0.594,8.117
1997,DJF,East Midlands,0.478,8.534
1998,DJF,East Midlands,0.538,7.097
1999,DJF,East Midlands,0.569,8.573
2000,DJF,East Midlands,0.465,7.427
2001,DJF,East Midlands,0.568,6.893
2002,DJF,East Midlands,0.571,9.175
2003,DJF,East Midlands,0.584,8.000
2004,DJF,East Midlands,0.582,10.476
2005,DJF,East Midlands,0.445,8.777
2006,DJF,East Midlands,0.518,11.058
2007,DJF,East Midlands,0.517,5.864
2008,DJF,East Midlands,0.567,8.951
2009,DJF,East Midlands,0.441,6.097
2010,DJF,East Midlands,0.376,5.621
2011,DJF,East Midlands,0.548,9.320
2012,DJF,East Midlands,0.527,7.437
2013,DJF,East Midlands,0.396,7.456
2014,DJF,East Midlands,0.634,9.825
2015,DJF,East Midlands,0.649,9.010
2016,DJF,East Midlands,0.397,4.825
2017,DJF,East Midlands,0.520,6.845
2018,DJF,East Midlands,0.536,6.204
2019,DJF,East Midlands,0.498,7.000
2020,DJF,East Midlands,0.557,7.903
2021,DJF,East Midlands,0.457,5.650
2022,DJF,East Midlands,0.546,6.728
2023,DJF,East Midlands,0.524,9.233
2024,DJF,East Midlands,0.464,7.709
2025,DJF,East Midlands,0.427,6.359
2026,DJF,East Midlands,0.529,8.816
2027,DJF,East Midlands,0.521,7.689
2028,DJF,East Midlands,0.349,3.612
2029,DJF,East Midlands,0.433,5.903
2030,DJF,East Midlands,0.529,11.068
2031,DJF,East Midlands,0.508,8.573
2032,DJF,East Midlands,0.530,8.883
2033,DJF,East Midlands,0.456,6.515
2034,DJF,East Midlands,0.435,6.922
2035,DJF,East Midlands,0.498,7.427
2036,DJF,East Midlands,0.307,4.592
2037,DJF,East Midlands,0.547,7.660
2038,DJF,East Midlands,0.474,7.369
2039,DJF,East Midlands,0.530,7.301
2040,DJF,East Midlands,0.546,9.146
2041,DJF,East Midlands,0.554,6.650
2042,DJF,East Midlands,0.609,9.699
2043,DJF,East Midlands,0.517,7.476
2044,DJF,East Midlands,0.501,7.825
2045,DJF,East Midlands,0.604,13.786
2046,DJF,East Midlands,0.462,6.932
2047,DJF,East Midlands,0.473,9.612
2048,DJF,East Midlands,0.482,6.388
2049,DJF,East Midlands,0.468,5.942
2050,DJF,East Midlands,0.509,5.864
2051,DJF,East Midlands,0.535,8.553
2052,DJF,East Midlands,0.444,6.932
2053,DJF,East Midlands,0.480,7.039
2054,DJF,East Midlands,0.457,6.883
2055,DJF,East Midlands,0.633,10.476
2056,DJF,East Midlands,0.586,10.660
2057,DJF,East Midlands,0.576,7.350
2058,DJF,East Midlands,0.451,8.922
2059,DJF,East Midlands,0.555,7.291
2060,DJF,East Midlands,0.553,8.136
2061,DJF,East Midlands,0.430,4.874
2062,DJF,East Midlands,0.497,7.087
2063,DJF,East Midlands,0.520,9.019
2064,DJF,East Midlands,0.542,7.136
2065,DJF,East Midlands,0.417,9.515
2066,DJF,East Midlands,0.435,8.388
2067,DJF,East Midlands,0.396,4.466
2068,DJF,East Midlands,0.561,7.602
2069,DJF,East Midlands,0.507,6.223
2070,DJF,East Midlands,0.641,9.845
2071,DJF,East Midlands,0.545,9.194
2072,DJF,East Midlands,0.503,8.864
2073,DJF,East Midlands,0.592,9.340
2074,DJF,East Midlands,0.685,12.272
2075,DJF,East Midlands,0.496,5.058
2076,DJF,East Midlands,0.469,6.524
2077,DJF,East Midlands,0.508,8.214
2078,DJF,East Midlands,0.459,5.602
2079,DJF,East Midlands,0.477,6.456
2080,DJF,East Midlands,0.451,7.311
1981,DJF,East of England,0.458,5.754
1982,DJF,East of England,0.372,5.849
1983,DJF,East of England,0.553,6.960
1984,DJF,East of England,0.543,7.405
1985,DJF,East of England,0.330,7.040
1986,DJF,East of England,0.423,7.976
1987,DJF,East of England,0.460,7.429
1988,DJF,East of England,0.582,7.937
1989,DJF,East of England,0.622,9.389
1990,DJF,East of England,0.520,6.595
1991,DJF,East of England,0.517,5.929
1992,DJF,East of England,0.510,6.952
1993,DJF,East of England,0.505,6.548
1994,DJF,East of England,0.478,6.190
1995,DJF,East of England,0.490,5.175
1996,DJF,East of England,0.544,7.103
1997,DJF,East of England,0.443,5.183
1998,DJF,East of England,0.584,8.111
1999,DJF,East of England,0.564,7.563
2000,DJF,East of England,0.468,8.349
2001,DJF,East of England,0.576,7.929
2002,DJF,East of England,0.557,7.230
2003,DJF,East of England,0.602,9.579
2004,DJF,East of England,0.525,8.444
2005,DJF,East of England,0.400,6.897
2006,DJF,East of England,0.471,10.325
2007,DJF,East of England,0.507,6.175
2008,DJF,East of England,0.543,8.206
2009,DJF,East of England,0.452,6.651
2010,DJF,East of England,0.373,5.706
2011,DJF,East of England,0.505,6.905
2012,DJF,East of England,0.540,6.976
2013,DJF,East of England,0.392,6.833
2014,DJF,East of England,0.629,9.095
2015,DJF,East of England,0.620,9.587
2016,DJF,East of England,0.432,5.460
2017,DJF,East of England,0.509,6.262
2018,DJF,East of England,0.485,5.317
2019,DJF,East of England,0.465,7.421
2020,DJF,East of England,0.520,6.302
2021,DJF,East of England,0.424,5.349
2022,DJF,East of England,0.546,8.365
2023,DJF,East of England,0.458,7.294
2024,DJF,East of England,0.481,7.579
2025,DJF,East of England,0.377,5.857
2026,DJF,East of England,0.522,7.802
2027,DJF,East of England,0.551,8.722
2028,DJF,East of England,0.339,4.341
2029,DJF,East of England,0.494,6.492
2030,DJF,East of England,0.526,10.468
2031,DJF,East of England,0.553,9.238
2032,DJF,East of England,0.498,9.627
2033,DJF,East of England,0.458,6.563
2034,DJF,East of England,0.445,6.714
2035,DJF,East of England,0.499,7.016
2036,DJF,East of England,0.277,4.056
2037,DJF,East of England,0.559,9.286
2038,DJF,East of England,0.472,7.421
2039,DJF,East of England,0.506,6.270
2040,DJF,East of England,0.554,9.524
2041,DJF,East of England,0.590,9.262
2042,DJF,East of England,0.644,10.262
2043,DJF,East of England,0.560,9.452
2044,DJF,East of England,0.503,8.746
2045,DJF,East of England,0.570,8.603
2046,DJF,East of England,0.419,5.175
2047,DJF,East of England,0.462,9.429
2048,DJF,East of England,0.508,7.532
2049,DJF,East of England,0.473,5.659
2050,DJF,East of England,0.470,5.468
2051,DJF,East of England,0.500,7.444
2052,DJF,East of England,0.430,7.016
2053,DJF,East of England,0.469,6.841
2054,DJF,East of England,0.436,5.238
2055,DJF,East of England,0.684,11.429
2056,DJF,East of England,0.595,8.214
2057,DJF,East of England,0.537,6.087
2058,DJF,East of England,0.448,8.643
2059,DJF,East of England,0.525,6.579
2060,DJF,East of England,0.496,6.873
2061,DJF,East of England,0.417,4.730
2062,DJF,East of England,0.505,8.952
2063,DJF,East of England,0.517,9.000
2064,DJF,East of England,0.532,7.048
2065,DJF,East of England,0.426,7.516
2066,DJF,East of England,0.442,6.976
2067,DJF,East of England,0.354,4.849
2068,DJF,East of England,0.580,7.563
2069,DJF,East of England,0.519,5.302
2070,DJF,East of England,0.596,9.484
2071,DJF,East of England,0.530,7.381
2072,DJF,East of England,0.484,8.849
2073,DJF,East of England,0.590,8.675
2074,DJF,East of England,0.679,12.262
2075,DJF,East of England,0.526,4.794
2076,DJF,East of England,0.415,5.794
2077,DJF,East of England,0.478,7.865
2078,DJF,East of England,0.479,5.135
2079,DJF,East of England,0.469,5.008
2080,DJF,East of England,0.437,6.079
1981,DJF,East Scotland,0.617,12.648
1982,DJF,East Scotland,0.571,8.585
1983,DJF,East Scotland,0.589,9.365
1984,DJF,East Scotland,0.546,9.767
1985,DJF,East Scotland,0.552,13.811
1986,DJF,East Scotland,0.602,13.774
1987,DJF,East Scotland,0.624,10.145
1988,DJF,East Scotland,0.591,9.075
1989,DJF,East Scotland,0.667,14.050
1990,DJF,East Scotland,0.600,9.371
1991,DJF,East Scotland,0.632,10.566
1992,DJF,East Scotland,0.529,8.063
1993,DJF,East Scotland,0.595,10.264
1994,DJF,East Scotland,0.477,7.931
1995,DJF,East Scotland,0.563,10.063
1996,DJF,East Scotland,0.584,10.006
1997,DJF,East Scotland,0.623,10.711
1998,DJF,East Scotland,0.574,8.208
1999,DJF,East Scotland,0.626,11.478
2000,DJF,East Scotland,0.484,9.340
2001,DJF,East Scotland,0.592,9.541
2002,DJF,East Scotland,0.627,10.736
2003,DJF,East Scotland,0.622,12.082
2004,DJF,East Scotland,0.584,8.610
2005,DJF,East Scotland,0.550,10.925
2006,DJF,East Scotland,0.590,15.365
2007,DJF,East Scotland,0.611,9.591
2008,DJF,East Scotland,0.664,15.484
2009,DJF,East Scotland,0.535,9.082
2010,DJF,East Scotland,0.479,8.792
2011,DJF,East Scotland,0.612,12.868
2012,DJF,East Scotland,0.525,10.157
2013,DJF,East Scotland,0.513,11.761
2014,DJF,East Scotland,0.639,12.943
2015,DJF,East Scotland,0.647,13.509
2016,DJF,East Scotland,0.523,8.044
2017,DJF,East Scotland,0.559,12.208
2018,DJF,East Scotland,0.565,8.258
2019,DJF,East Scotland,0.549,8.421
2020,DJF,East Scotland,0.604,12.057
2021,DJF,East Scotland,0.449,6.459
2022,DJF,East Scotland,0.548,6.811
2023,DJF,East Scotland,0.551,11.805
2024,DJF,East Scotland,0.493,8.044
2025,DJF,East Scotland,0.573,12.201
2026,DJF,East Scotland,0.559,8.327
2027,DJF,East Scotland,0.565,9.264
2028,DJF,East Scotland,0.533,10.195
2029,DJF,East Scotland,0.481,8.415
2030,DJF,East Scotland,0.581,9.786
2031,DJF,East Scotland,0.566,9.289
2032,DJF,East Scotland,0.612,10.352
2033,DJF,East Scotland,0.481,7.950
2034,DJF,East Scotland,0.613,11.579
2035,DJF,East Scotland,0.577,10.560
2036,DJF,East Scotland,0.445,10.289
2037,DJF,East Scotland,0.577,10.975
2038,DJF,East Scotland,0.500,7.308
2039,DJF,East Scotland,0.507,7.862
2040,DJF,East Scotland,0.592,10.642
2041,DJF,East Scotland,0.620,11.836
2042,DJF,East Scotland,0.607,9.082
2043,DJF,East Scotland,0.535,7.126
2044,DJF,East Scotland,0.555,8.302
2045,DJF,East Scotland,0.638,16.358
2046,DJF,East Scotland,0.528,10.421
2047,DJF,East Scotland,0.521,12.170
2048,DJF,East Scotland,0.585,9.648
2049,DJF,East Scotland,0.591,12.623
2050,DJF,East Scotland,0.606,12.075
2051,DJF,East Scotland,0.592,11.006
2052,DJF,East Scotland,0.493,9.069
2053,DJF,East Scotland,0.576,9.950
2054,DJF,East Scotland,0.536,7.635
2055,DJF,East Scotland,0.630,12.849
2056,DJF,East Scotland,0.578,9.113
2057,DJF,East Scotland,0.655,12.478
2058,DJF,East Scotland,0.499,7.969
2059,DJF,East Scotland,0.575,10.182
2060,DJF,East Scotland,0.609,11.698
2061,DJF,East Scotland,0.556,8.937
2062,DJF,East Scotland,0.595,9.585
2063,DJF,East Scotland,0.547,8.145
2064,DJF,East Scotland,0.614,12.044
2065,DJF,East Scotland,0.539,12.006
2066,DJF,East Scotland,0.380,7.969
2067,DJF,East Scotland,0.538,11.182
2068,DJF,East Scotland,0.576,8.440
2069,DJF,East Scotland,0.568,9.704
2070,DJF,East Scotland,0.692,13.654
2071,DJF,East Scotland,0.579,9.925
2072,DJF,East Scotland,0.621,9.440
2073,DJF,East Scotland,0.618,11.365
2074,DJF,East Scotland,0.574,8.818
2075,DJF,East Scotland,0.563,7.981
2076,DJF,East Scotland,0.569,9.623
2077,DJF,East Scotland,0.546,9.396
2078,DJF,East Scotland,0.518,8.289
2079,DJF,East Scotland,0.608,13.774
2080,DJF,East Scotland,0.551,8.082
1981,DJF,London,0.483,6.917
1982,DJF,London,0.384,7.083
1983,DJF,London,0.560,6.500
1984,DJF,London,0.560,6.250
1985,DJF,London,0.343,5.583
1986,DJF,London,0.445,11.167
1987,DJF,London,0.508,10.917
1988,DJF,London,0.591,8.583
1989,DJF,London,0.656,9.667
1990,DJF,London,0.527,4.833
1991,DJF,London,0.589,6.083
1992,DJF,London,0.557,7.333
1993,DJF,London,0.514,6.583
1994,DJF,London,0.459,5.667
1995,DJF,London,0.580,8.333
1996,DJF,London,0.540,7.833
1997,DJF,London,0.436,4.333
1998,DJF,London,0.581,10.000
1999,DJF,London,0.567,6.500
2000,DJF,London,0.501,10.750
2001,DJF,London,0.564,6.917
2002,DJF,London,0.604,6.417
2003,DJF,London,0.578,9.083
2004,DJF,London,0.550,8.083
2005,DJF,London,0.483,7.917
2006,DJF,London,0.506,13.750
2007,DJF,London,0.517,7.833
2008,DJF,London,0.562,7.917
2009,DJF,London,0.453,7.167
2010,DJF,London,0.377,6.750
2011,DJF,London,0.520,6.833
2012,DJF,London,0.571,6.583
2013,DJF,London,0.417,6.083
2014,DJF,London,0.656,9.667
2015,DJF,London,0.631,13.417
2016,DJF,London,0.451,9.750
2017,DJF,London,0.522,9.000
2018,DJF,London,0.481,5.917
2019,DJF,London,0.499,9.000
2020,DJF,London,0.505,6.333
2021,DJF,London,0.462,6.083
2022,DJF,London,0.550,11.667
2023,DJF,London,0.502,8.750
2024,DJF,London,0.510,9.000
2025,DJF,London,0.451,6.250
2026,DJF,London,0.581,12.917
2027,DJF,London,0.552,8.917
2028,DJF,London,0.342,7.833
2029,DJF,London,0.481,6.250
2030,DJF,London,0.568,7.500
2031,DJF,London,0.572,8.083
2032,DJF,London,0.553,9.833
2033,DJF,London,0.480,7.000
2034,DJF,London,0.479,7.167
2035,DJF,London,0.483,8.000
2036,DJF,London,0.277,5.500
2037,DJF,London,0.578,10.000
2038,DJF,London,0.521,8.000
2039,DJF,London,0.526,7.000
2040,DJF,London,0.554,8.750
2041,DJF,London,0.646,12.250
2042,DJF,London,0.622,14.000
2043,DJF,London,0.614,11.500
2044,DJF,London,0.533,10.917
2045,DJF,London,0.578,7.583
2046,DJF,London,0.444,7.083
2047,DJF,London,0.499,10.333
2048,DJF,London,0.521,6.000
2049,DJF,London,0.526,6.833
2050,DJF,London,0.527,7.667
2051,DJF,London,0.532,7.167
2052,DJF,London,0.448,6.250
2053,DJF,London,0.470,4.500
2054,DJF,London,0.405,6.083
2055,DJF,London,0.706,14.833
2056,DJF,London,0.598,9.750
2057,DJF,London,0.588,8.000
2058,DJF,London,0.394,6.417
2059,DJF,London,0.559,10.417
2060,DJF,London,0.458,5.417
2061,DJF,London,0.440,4.917
2062,DJF,London,0.564,9.000
2063,DJF,London,0.508,7.250
2064,DJF,London,0.549,7.000
2065,DJF,London,0.419,6.167
2066,DJF,London,0.428,7.750
2067,DJF,London,0.369,4.083
2068,DJF,London,0.577,8.333
2069,DJF,London,0.586,6.000
2070,DJF,London,0.635,12.583
2071,DJF,London,0.534,7.167
2072,DJF,London,0.524,9.667
2073,DJF,London,0.607,11.167
2074,DJF,London,0.706,12.750
2075,DJF,London,0.556,5.167
2076,DJF,London,0.463,7.667
2077,DJF,London,0.480,9.667
2078,DJF,London,0.557,6.917
2079,DJF,London,0.509,7.417
2080,DJF,London,0.490,6.500
1981,DJF,North East England,0.514,8.877
1982,DJF,North East England,0.427,5.491
1983,DJF,North East England,0.535,6.632
1984,DJF,North East England,0.514,8.825
1985,DJF,North East England,0.467,13.263
1986,DJF,North East England,0.547,9.526
1987,DJF,North East England,0.546,7.491
1988,DJF,North East England,0.566,7.877
1989,DJF,North East England,0.569,8.947
1990,DJF,North East England,0.521,8.614
1991,DJF,North East England,0.524,6.877
1992,DJF,North East England,0.425,5.526
1993,DJF,North East England,0.542,8.386
1994,DJF,North East England,0.553,8.702
1995,DJF,North East England,0.482,6.298
1996,DJF,North East England,0.573,8.684
1997,DJF,North East England,0.539,7.211
1998,DJF,North East England,0.480,5.982
1999,DJF,North East England,0.609,9.719
2000,DJF,North East England,0.422,7.860
2001,DJF,North East England,0.554,7.053
2002,DJF,North East England,0.532,7.561
2003,DJF,North East England,0.603,11.895
2004,DJF,North East England,0.568,8.228
2005,DJF,North East England,0.502,9.105
2006,DJF,North East England,0.508,9.000
2007,DJF,North East England,0.562,7.842
2008,DJF,North East England,0.593,11.491
2009,DJF,North East England,0.434,6.684
2010,DJF,North East England,0.383,5.544
2011,DJF,North East England,0.520,7.702
2012,DJF,North East England,0.487,7.965
2013,DJF,North East England,0.435,9.175
2014,DJF,North East England,0.602,12.439
2015,DJF,North East England,0.547,9.456
2016,DJF,North East England,0.510,8.649
2017,DJF,North East England,0.440,6.263
2018,DJF,North East England,0.499,5.930
2019,DJF,North East England,0.512,9.702
2020,DJF,North East England,0.578,8.088
2021,DJF,North East England,0.484,6.877
2022,DJF,North East England,0.548,7.193
2023,DJF,North East England,0.563,14.035
2024,DJF,North East England,0.476,8.737
2025,DJF,North East England,0.469,9.579
2026,DJF,North East England,0.493,6.298
2027,DJF,North East England,0.500,6.772
2028,DJF,North East England,0.339,6.842
2029,DJF,North East England,0.439,7.018
2030,DJF,North East England,0.481,6.333
2031,DJF,North East England,0.474,8.807
2032,DJF,North East England,0.570,10.193
2033,DJF,North East England,0.509,8.281
2034,DJF,North East England,0.501,9.474
2035,DJF,North East England,0.511,7.772
2036,DJF,North East England,0.323,6.807
2037,DJF,North East England,0.581,9.368
2038,DJF,North East England,0.462,6.667
2039,DJF,North East England,0.462,7.053
2040,DJF,North East England,0.507,6.632
2041,DJF,North East England,0.559,7.386
2042,DJF,North East England,0.613,8.421
2043,DJF,North East England,0.460,5.544
2044,DJF,North East England,0.476,6.860
2045,DJF,North East England,0.577,10.140
2046,DJF,North East England,0.464,7.333
2047,DJF,North East England,0.493,14.333
2048,DJF,North East England,0.482,7.456
2049,DJF,North East England,0.481,6.351
2050,DJF,North East England,0.551,10.930
2051,DJF,North East England,0.566,7.982
2052,DJF,North East England,0.449,6.719
2053,DJF,North East England,0.492,9.140
2054,DJF,North East England,0.457,5.825
2055,DJF,North East England,0.569,11.088
2056,DJF,North East England,0.543,7.789
2057,DJF,North East England,0.543,7.649
2058,DJF,North East England,0.479,8.649
2059,DJF,North East England,0.469,8.000
2060,DJF,North East England,0.579,12.351
2061,DJF,North East England,0.435,6.596
2062,DJF,North East England,0.525,8.544
2063,DJF,North East England,0.494,7.667
2064,DJF,North East England,0.537,8.649
2065,DJF,North East England,0.442,10.877
2066,DJF,North East England,0.443,9.860
2067,DJF,North East England,0.446,7.263
2068,DJF,North East England,0.609,10.228
2069,DJF,North East England,0.486,7.105
2070,DJF,North East England,0.591,10.351
2071,DJF,North East England,0.539,10.140
2072,DJF,North East England,0.511,9.702
2073,DJF,North East England,0.610,9.368
2074,DJF,North East England,0.556,8.912
2075,DJF,North East England,0.530,6.737
2076,DJF,North East England,0.510,9.439
2077,DJF,North East England,0.490,6.421
2078,DJF,North East England,0.417,6.018
2079,DJF,North East England,0.512,9.754
2080,DJF,North East England,0.460,6.509
1981,DJF,North Scotland,0.696,18.104
1982,DJF,North Scotland,0.758,15.174
1983,DJF,North Scotland,0.610,13.403
1984,DJF,North Scotland,0.567,13.085
1985,DJF,North Scotland,0.674,15.000
1986,DJF,North Scotland,0.734,16.035
1987,DJF,North Scotland,0.664,15.602
1988,DJF,North Scotland,0.665,13.114
1989,DJF,North Scotland,0.647,14.095
1990,DJF,North Scotland,0.697,14.940
1991,DJF,North Scotland,0.677,14.871
1992,DJF,North Scotland,0.612,12.478
1993,DJF,North Scotland,0.662,12.592
1994,DJF,North Scotland,0.510,11.562
1995,DJF,North Scotland,0.701,12.423
1996,DJF,North Scotland,0.617,11.687
1997,DJF,North Scotland,0.630,13.915
1998,DJF,North Scotland,0.705,17.861
1999,DJF,North Scotland,0.580,13.935
2000,DJF,North Scotland,0.682,18.512
2001,DJF,North Scotland,0.585,9.771
2002,DJF,North Scotland,0.704,14.776
2003,DJF,North Scotland,0.635,14.910
2004,DJF,North Scotland,0.531,8.856
2005,DJF,North Scotland,0.462,7.985
2006,DJF,North Scotland,0.597,19.806
2007,DJF,North Scotland,0.617,11.861
2008,DJF,North Scotland,0.601,11.562
2009,DJF,North Scotland,0.660,15.706
2010,DJF,North Scotland,0.599,12.383
2011,DJF,North Scotland,0.649,15.254
2012,DJF,North Scotland,0.684,14.458
2013,DJF,North Scotland,0.512,8.955
2014,DJF,North Scotland,0.622,14.095
2015,DJF,North Scotland,0.702,17.657
2016,DJF,North Scotland,0.539,12.935
2017,DJF,North Scotland,0.689,18.080
2018,DJF,North Scotland,0.615,11.030
2019,DJF,North Scotland,0.694,13.756
2020,DJF,North Scotland,0.672,14.905
2021,DJF,North Scotland,0.515,10.706
2022,DJF,North Scotland,0.552,9.741
2023,DJF,North Scotland,0.484,9.169
2024,DJF,North Scotland,0.473,9.736
2025,DJF,North Scotland,0.547,10.109
2026,DJF,North Scotland,0.619,13.423
2027,DJF,North Scotland,0.592,12.552
2028,DJF,North Scotland,0.735,21.935
2029,DJF,North Scotland,0.647,14.766
2030,DJF,North Scotland,0.703,15.841
2031,DJF,North Scotland,0.721,18.060
2032,DJF,North Scotland,0.538,8.900
2033,DJF,North Scotland,0.539,9.542
2034,DJF,North Scotland,0.725,21.498
2035,DJF,North Scotland,0.614,11.896
2036,DJF,North Scotland,0.671,21.035
2037,DJF,North Scotland,0.565,11.164
2038,DJF,North Scotland,0.571,10.164
2039,DJF,North Scotland,0.673,12.065
2040,DJF,North Scotland,0.735,18.045
2041,DJF,North Scotland,0.594,9.985
2042,DJF,North Scotland,0.615,11.194
2043,DJF,North Scotland,0.618,10.960
2044,DJF,North Scotland,0.667,14.179
2045,DJF,North Scotland,0.554,12.025
2046,DJF,North Scotland,0.556,10.473
2047,DJF,North Scotland,0.541,11.547
2048,DJF,North Scotland,0.694,12.085
2049,DJF,North Scotland,0.720,24.577
2050,DJF,North Scotland,0.583,11.119
2051,DJF,North Scotland,0.556,9.488
2052,DJF,North Scotland,0.604,13.284
2053,DJF,North Scotland,0.638,14.363
2054,DJF,North Scotland,0.657,14.055
2055,DJF,North Scotland,0.652,13.085
2056,DJF,North Scotland,0.680,17.398
2057,DJF,North Scotland,0.680,16.393
2058,DJF,North Scotland,0.591,9.746
2059,DJF,North Scotland,0.643,11.746
2060,DJF,North Scotland,0.567,11.597
2061,DJF,North Scotland,0.657,13.995
2062,DJF,North Scotland,0.591,12.925
2063,DJF,North Scotland,0.646,10.100
2064,DJF,North Scotland,0.636,11.721
2065,DJF,North Scotland,0.592,11.980
2066,DJF,North Scotland,0.493,8.677
2067,DJF,North Scotland,0.571,16.368
2068,DJF,North Scotland,0.569,9.085
2069,DJF,North Scotland,0.657,14.896
2070,DJF,North Scotland,0.743,19.244
2071,DJF,North Scotland,0.540,10.000
2072,DJF,North Scotland,0.756,15.507
2073,DJF,North Scotland,0.621,16.721
2074,DJF,North Scotland,0.686,12.682
2075,DJF,North Scotland,0.671,11.428
2076,DJF,North Scotland,0.588,11.741
2077,DJF,North Scotland,0.628,18.045
2078,DJF,North Scotland,0.586,14.030
2079,DJF,North Scotland,0.622,18.841
2080,DJF,North Scotland,0.626,14.701
1981,DJF,North West England,0.690,14.280
1982,DJF,North West England,0.674,11.355
1983,DJF,North West England,0.632,12.989
1984,DJF,North West England,0.508,17.677
1985,DJF,North West England,0.511,8.000
1986,DJF,North West England,0.674,14.151
1987,DJF,North West England,0.642,11.172
1988,DJF,North West England,0.719,12.129
1989,DJF,North West England,0.713,20.398
1990,DJF,North West England,0.716,14.075
1991,DJF,North West England,0.701,13.892
1992,DJF,North West England,0.537,9.323
1993,DJF,North West England,0.652,9.946
1994,DJF,North West England,0.474,6.903
1995,DJF,North West England,0.681,11.355
1996,DJF,North West England,0.655,13.269
1997,DJF,North West England,0.665,17.774
1998,DJF,North West England,0.773,17.441
1999,DJF,North West England,0.635,15.280
2000,DJF,North West England,0.647,13.860
2001,DJF,North West England,0.613,10.000
2002,DJF,North West England,0.708,11.753
2003,DJF,North West England,0.637,14.882
2004,DJF,North West England,0.544,12.355
2005,DJF,North West England,0.422,7.871
2006,DJF,North West England,0.608,21.301
2007,DJF,North West England,0.634,14.269
2008,DJF,North West England,0.580,9.258
2009,DJF,North West England,0.607,12.505
2010,DJF,North West England,0.520,9.882
2011,DJF,North West England,0.693,14.527
2012,DJF,North West England,0.669,16.301
2013,DJF,North West England,0.490,8.247
2014,DJF,North West England,0.633,15.505
2015,DJF,North West England,0.803,19.828
2016,DJF,North West England,0.513,9.280
2017,DJF,North West England,0.757,14.355
2018,DJF,North West England,0.643,11.280
2019,DJF,North West England,0.678,12.849
2020,DJF,North West England,0.681,13.043
2021,DJF,North West England,0.435,7.097
2022,DJF,North West England,0.515,8.957
2023,DJF,North West England,0.487,7.559
2024,DJF,North West England,0.460,8.559
2025,DJF,North West England,0.543,13.355
2026,DJF,North West England,0.671,12.516
2027,DJF,North West England,0.611,9.527
2028,DJF,North West England,0.558,8.817
2029,DJF,North West England,0.616,12.237
2030,DJF,North West England,0.672,15.065
2031,DJF,North West England,0.778,16.968
2032,DJF,North West England,0.566,8.989
2033,DJF,North West England,0.561,10.269
2034,DJF,North West England,0.706,18.742
2035,DJF,North West England,0.659,15.688
2036,DJF,North West England,0.556,15.624
2037,DJF,North West England,0.578,8.194
2038,DJF,North West England,0.524,10.828
2039,DJF,North West England,0.618,9.086
2040,DJF,North West England,0.775,19.914
2041,DJF,North West England,0.525,11.022
2042,DJF,North West England,0.704,16.667
2043,DJF,North West England,0.603,11.226
2044,DJF,North West England,0.666,16.699
2045,DJF,North West England,0.637,12.022
2046,DJF,North West England,0.559,11.667
2047,DJF,North West England,0.521,12.925
2048,DJF,North West England,0.683,13.290
2049,DJF,North West England,0.709,15.667
2050,DJF,North West England,0.574,10.871
2051,DJF,North West England,0.592,12.946
2052,DJF,North West England,0.566,12.129
2053,DJF,North West England,0.624,16.301
2054,DJF,North West England,0.680,13.495
2055,DJF,North West England,0.713,18.419
2056,DJF,North West England,0.646,14.140
2057,DJF,North West England,0.696,14.968
2058,DJF,North West England,0.549,11.516
2059,DJF,North West England,0.634,13.097
2060,DJF,North West England,0.597,12.968
2061,DJF,North West England,0.582,11.634
2062,DJF,North West England,0.654,16.505
2063,DJF,North West England,0.621,10.269
2064,DJF,North West England,0.607,12.247
2065,DJF,North West England,0.501,9.581
2066,DJF,North West England,0.420,11.677
2067,DJF,North West England,0.517,10.011
2068,DJF,North West England,0.528,9.183
2069,DJF,North West England,0.670,12.882
2070,DJF,North West England,0.775,21.247
2071,DJF,North West England,0.581,13.774
2072,DJF,North West England,0.724,15.871
2073,DJF,North West England,0.630,15.215
2074,DJF,North West England,0.813,20.290
2075,DJF,North West England,0.674,10.301
2076,DJF,North West England,0.617,11.602
2077,DJF,North West England,0.603,11.538
2078,DJF,North West England,0.631,15.097
2079,DJF,North West England,0.597,13.667
2080,DJF,North West England,0.672,17.032
1981,DJF,South East England,0.476,6.424
1982,DJF,South East England,0.380,6.025
1983,DJF,South East England,0.538,6.542
1984,DJF,South East England,0.513,6.203
1985,DJF,South East England,0.354,5.881
1986,DJF,South East England,0.430,7.297
1987,DJF,South East England,0.487,9.805
1988,DJF,South East England,0.538,7.881
1989,DJF,South East England,0.640,11.542
1990,DJF,South East England,0.502,5.339
1991,DJF,South East England,0.563,8.042
1992,DJF,South East England,0.541,8.576
1993,DJF,South East England,0.477,5.873
1994,DJF,South East England,0.430,5.907
1995,DJF,South East England,0.541,9.008
1996,DJF,South East England,0.528,7.339
1997,DJF,South East England,0.419,4.169
1998,DJF,South East England,0.567,7.034
1999,DJF,South East England,0.600,8.347
2000,DJF,South East England,0.488,13.042
2001,DJF,South East England,0.533,6.407
2002,DJF,South East England,0.590,7.280
2003,DJF,South East England,0.572,9.271
2004,DJF,South East England,0.530,8.551
2005,DJF,South East England,0.420,7.085
2006,DJF,South East England,0.477,9.042
2007,DJF,South East England,0.493,9.110
2008,DJF,South East England,0.565,7.203
2009,DJF,South East England,0.455,6.263
2010,DJF,South East England,0.352,6.017
2011,DJF,South East England,0.517,7.534
2012,DJF,South East England,0.533,7.610
2013,DJF,South East England,0.398,7.220
2014,DJF,South East England,0.640,7.805
2015,DJF,South East England,0.637,11.839
2016,DJF,South East England,0.410,9.373
2017,DJF,South East England,0.537,9.898
2018,DJF,South East England,0.521,6.381
2019,DJF,South East England,0.495,10.424
2020,DJF,South East England,0.513,8.025
2021,DJF,South East England,0.403,5.195
2022,DJF,South East England,0.533,10.966
2023,DJF,South East England,0.459,7.432
2024,DJF,South East England,0.476,7.890
2025,DJF,South East England,0.420,6.059
2026,DJF,South East England,0.541,10.678
2027,DJF,South East England,0.541,8.737
2028,DJF,South East England,0.351,4.729
2029,DJF,South East England,0.460,6.551
2030,DJF,South East England,0.553,7.771
2031,DJF,South East England,0.544,7.297
2032,DJF,South East England,0.530,8.661
2033,DJF,South East England,0.431,8.034
2034,DJF,South East England,0.496,6.771
2035,DJF,South East England,0.442,7.339
2036,DJF,South East England,0.301,6.729
2037,DJF,South East England,0.526,8.441
2038,DJF,South East England,0.465,9.907
2039,DJF,South East England,0.503,6.441
2040,DJF,South East England,0.550,8.890
2041,DJF,South East England,0.600,10.508
2042,DJF,South East England,0.608,13.627
2043,DJF,South East England,0.565,10.373
2044,DJF,South East England,0.505,9.890
2045,DJF,South East England,0.595,14.958
2046,DJF,South East England,0.421,7.263
2047,DJF,South East England,0.492,9.949
2048,DJF,South East England,0.518,6.398
2049,DJF,South East England,0.502,6.246
2050,DJF,South East England,0.535,7.966
2051,DJF,South East England,0.522,6.619
2052,DJF,South East England,0.463,8.169
2053,DJF,South East England,0.466,6.110
2054,DJF,South East England,0.426,6.576
2055,DJF,South East England,0.675,12.695
2056,DJF,South East England,0.578,9.644
2057,DJF,South East England,0.576,7.347
2058,DJF,South East England,0.406,7.051
2059,DJF,South East England,0.541,10.076
2060,DJF,South East England,0.468,8.271
2061,DJF,South East England,0.446,5.831
2062,DJF,South East England,0.539,10.110
2063,DJF,South East England,0.491,7.653
2064,DJF,South East England,0.551,7.653
2065,DJF,South East England,0.409,6.559
2066,DJF,South East England,0.401,6.661
2067,DJF,South East England,0.395,4.831
2068,DJF,South East England,0.560,8.212
2069,DJF,South East England,0.560,6.008
2070,DJF,South East England,0.614,11.110
2071,DJF,South East England,0.505,6.653
2072,DJF,South East England,0.505,8.034
2073,DJF,South East England,0.580,10.203
2074,DJF,South East England,0.687,10.508
2075,DJF,South East England,0.545,5.576
2076,DJF,South East England,0.474,8.246
2077,DJF,South East England,0.477,8.593
2078,DJF,South East England,0.495,6.585
2079,DJF,South East England,0.516,8.508
2080,DJF,South East England,0.494,6.856
1981,DJF,South West England,0.532,8.101
1982,DJF,South West England,0.472,6.804
1983,DJF,South West England,0.586,6.854
1984,DJF,South West England,0.484,6.728
1985,DJF,South West England,0.344,5.525
1986,DJF,South West England,0.492,7.133
1987,DJF,South West England,0.535,8.063
1988,DJF,South West England,0.632,11.392
1989,DJF,South West England,0.648,14.918
1990,DJF,South West England,0.581,7.538
1991,DJF,South West England,0.612,10.253
1992,DJF,South West England,0.573,10.108
1993,DJF,South West England,0.520,7.222
1994,DJF,South West England,0.438,6.506
1995,DJF,South West England,0.578,12.234
1996,DJF,South West England,0.558,9.500
1997,DJF,South West England,0.533,7.854
1998,DJF,South West England,0.664,10.481
1999,DJF,South West England,0.633,9.684
2000,DJF,South West England,0.527,16.437
2001,DJF,South West England,0.536,6.924
2002,DJF,South West England,0.630,10.430
2003,DJF,South West England,0.614,10.703
2004,DJF,South West England,0.561,9.728
2005,DJF,South West England,0.457,8.443
2006,DJF,South West England,0.515,10.437
2007,DJF,South West England,0.532,10.785
2008,DJF,South West England,0.583,7.842
2009,DJF,South West England,0.457,6.747
2010,DJF,South West England,0.378,7.747
2011,DJF,South West England,0.619,10.614
2012,DJF,South West England,0.573,7.557
2013,DJF,South West England,0.436,8.677
2014,DJF,South West England,0.692,11.380
2015,DJF,South West England,0.653,15.089
2016,DJF,South West England,0.456,9.095
2017,DJF,South West England,0.611,14.937
2018,DJF,South West England,0.544,7.532
2019,DJF,South West England,0.517,8.709
2020,DJF,South West England,0.571,10.525
2021,DJF,South West England,0.341,5.563
2022,DJF,South West England,0.537,9.525
2023,DJF,South West England,0.492,7.677
2024,DJF,South West England,0.456,7.386
2025,DJF,South West England,0.441,7.918
2026,DJF,South West England,0.591,12.538
2027,DJF,South West England,0.594,9.608
2028,DJF,South West England,0.396,5.184
2029,DJF,South West England,0.483,8.854
2030,DJF,South West England,0.619,10.424
2031,DJF,South West England,0.578,6.880
2032,DJF,South West England,0.538,8.462
2033,DJF,South West England,0.450,7.095
2034,DJF,South West England,0.577,8.430
2035,DJF,South West England,0.466,10.873
2036,DJF,South West England,0.370,7.051
2037,DJF,South West England,0.552,8.177
2038,DJF,South West England,0.463,10.639
2039,DJF,South West England,0.606,8.506
2040,DJF,South West England,0.624,9.892
2041,DJF,South West England,0.606,9.437
2042,DJF,South West England,0.611,11.949
2043,DJF,South West England,0.606,10.614
2044,DJF,South West England,0.526,10.475
2045,DJF,South West England,0.636,18.715
2046,DJF,South West England,0.458,8.000
2047,DJF,South West England,0.483,7.772
2048,DJF,South West England,0.585,8.228
2049,DJF,South West England,0.555,8.576
2050,DJF,South West England,0.569,8.873
2051,DJF,South West England,0.598,7.949
2052,DJF,South West England,0.508,8.380
2053,DJF,South West England,0.533,9.013
2054,DJF,South West England,0.499,7.386
2055,DJF,South West England,0.749,18.139
2056,DJF,South West England,0.566,7.741
2057,DJF,South West England,0.648,11.165
2058,DJF,South West England,0.398,7.070
2059,DJF,South West England,0.647,13.924
2060,DJF,South West England,0.515,10.120
2061,DJF,South West England,0.507,8.785
2062,DJF,South West England,0.632,10.829
2063,DJF,South West England,0.560,9.411
2064,DJF,South West England,0.607,9.709
2065,DJF,South West England,0.463,8.386
2066,DJF,South West England,0.390,10.000
2067,DJF,South West England,0.432,7.405
2068,DJF,South West England,0.560,10.006
2069,DJF,South West England,0.606,8.424
2070,DJF,South West England,0.673,12.595
2071,DJF,South West England,0.532,9.943
2072,DJF,South West England,0.572,9.899
2073,DJF,South West England,0.609,11.487
2074,DJF,South West England,0.741,16.443
2075,DJF,South West England,0.637,10.848
2076,DJF,South West England,0.550,9.886
2077,DJF,South West England,0.526,8.513
2078,DJF,South West England,0.528,8.430
2079,DJF,South West England,0.520,7.861
2080,DJF,South West England,0.557,12.032
1981,DJF,West Midlands,0.470,6.488
1982,DJF,West Midlands,0.415,5.221
1983,DJF,West Midlands,0.493,5.453
1984,DJF,West Midlands,0.452,7.267
1985,DJF,West Midlands,0.360,5.151
1986,DJF,West Midlands,0.508,7.140
1987,DJF,West Midlands,0.498,6.988
1988,DJF,West Midlands,0.584,6.256
1989,DJF,West Midlands,0.619,11.488
1990,DJF,West Midlands,0.538,6.651
1991,DJF,West Midlands,0.523,5.930
1992,DJF,West Midlands,0.521,6.942
1993,DJF,West Midlands,0.542,6.965
1994,DJF,West Midlands,0.472,6.651
1995,DJF,West Midlands,0.479,6.488
1996,DJF,West Midlands,0.567,7.977
1997,DJF,West Midlands,0.499,6.384
1998,DJF,West Midlands,0.603,8.291
1999,DJF,West Midlands,0.585,7.977
2000,DJF,West Midlands,0.481,8.349
2001,DJF,West Midlands,0.582,7.058
2002,DJF,West Midlands,0.582,8.895
2003,DJF,West Midlands,0.564,8.070
2004,DJF,West Midlands,0.557,8.442
2005,DJF,West Midlands,0.476,10.500
2006,DJF,West Midlands,0.523,10.279
2007,DJF,West Midlands,0.486,6.860
2008,DJF,West Midlands,0.518,6.570
2009,DJF,West Midlands,0.440,7.512
2010,DJF,West Midlands,0.370,6.070
2011,DJF,West Midlands,0.569,8.942
2012,DJF,West Midlands,0.560,7.709
2013,DJF,West Midlands,0.413,6.512
2014,DJF,West Midlands,0.648,11.395
2015,DJF,West Midlands,0.649,9.686
2016,DJF,West Midlands,0.430,5.919
2017,DJF,West Midlands,0.574,7.651
2018,DJF,West Midlands,0.546,7.907
2019,DJF,West Midlands,0.506,7.186
2020,DJF,West Midlands,0.584,9.233
2021,DJF,West Midlands,0.417,5.093
2022,DJF,West Midlands,0.516,7.744
2023,DJF,West Midlands,0.513,7.430
2024,DJF,West Midlands,0.415,6.012
2025,DJF,West Midlands,0.467,7.512
2026,DJF,West Midlands,0.561,8.942
2027,DJF,West Midlands,0.532,8.267
2028,DJF,West Midlands,0.403,5.767
2029,DJF,West Midlands,0.444,8.767
2030,DJF,West Midlands,0.541,8.116
2031,DJF,West Midlands,0.528,6.616
2032,DJF,West Midlands,0.533,6.395
2033,DJF,West Midlands,0.429,6.919
2034,DJF,West Midlands,0.517,8.791
2035,DJF,West Midlands,0.510,7.977
2036,DJF,West Midlands,0.352,5.174
2037,DJF,West Midlands,0.539,7.512
2038,DJF,West Midlands,0.452,8.512
2039,DJF,West Midlands,0.558,7.198
2040,DJF,West Midlands,0.551,9.314
2041,DJF,West Midlands,0.589,8.547
2042,DJF,West Midlands,0.613,11.756
2043,DJF,West Midlands,0.541,8.558
2044,DJF,West Midlands,0.539,7.942
2045,DJF,West Midlands,0.610,15.395
2046,DJF,West Midlands,0.459,9.279
2047,DJF,West Midlands,0.467,8.488
2048,DJF,West Midlands,0.532,8.070
2049,DJF,West Midlands,0.533,5.744
2050,DJF,West Midlands,0.518,6.593
2051,DJF,West Midlands,0.560,7.302
2052,DJF,West Midlands,0.475,8.267
2053,DJF,West Midlands,0.511,7.244
2054,DJF,West Midlands,0.497,7.733
2055,DJF,West Midlands,0.676,14.244
2056,DJF,West Midlands,0.570,10.919
2057,DJF,West Midlands,0.620,8.884
2058,DJF,West Midlands,0.437,8.302
2059,DJF,West Midlands,0.601,10.337
2060,DJF,West Midlands,0.530,9.419
2061,DJF,West Midlands,0.453,5.384
2062,DJF,West Midlands,0.514,7.419
2063,DJF,West Midlands,0.518,7.733
2064,DJF,West Midlands,0.576,9.151
2065,DJF,West Midlands,0.423,7.000
2066,DJF,West Midlands,0.417,8.093
2067,DJF,West Midlands,0.395,4.884
2068,DJF,West Midlands,0.509,7.802
2069,DJF,West Midlands,0.558,6.860
2070,DJF,West Midlands,0.651,12.058
2071,DJF,West Midlands,0.535,11.988
2072,DJF,West Midlands,0.545,8.651
2073,DJF,West Midlands,0.578,10.442
2074,DJF,West Midlands,0.689,12.616
2075,DJF,West Midlands,0.530,7.198
2076,DJF,West Midlands,0.506,7.267
2077,DJF,West Midlands,0.492,7.663
2078,DJF,West Midlands,0.474,6.512
2079,DJF,West Midlands,0.458,7.907
2080,DJF,West Midlands,0.492,8.453
1981,DJF,West Scotland,0.727,19.485
1982,DJF,West Scotland,0.769,16.815
1983,DJF,West Scotland,0.614,13.362
1984,DJF,West Scotland,0.490,11.500
1985,DJF,West Scotland,0.583,9.738
1986,DJF,West Scotland,0.735,16.877
1987,DJF,West Scotland,0.682,15.546
1988,DJF,West Scotland,0.664,12.423
1989,DJF,West Scotland,0.688,18.823
1990,DJF,West Scotland,0.709,13.438
1991,DJF,West Scotland,0.691,12.423
1992,DJF,West Scotland,0.537,8.946
1993,DJF,West Scotland,0.626,9.046
1994,DJF,West Scotland,0.403,5.554
1995,DJF,West Scotland,0.698,12.862
1996,DJF,West Scotland,0.638,13.677
1997,DJF,West Scotland,0.704,13.769
1998,DJF,West Scotland,0.743,12.838
1999,DJF,West Scotland,0.602,15.877
2000,DJF,West Scotland,0.631,15.585
2001,DJF,West Scotland,0.591,9.608
2002,DJF,West Scotland,0.751,12.769
2003,DJF,West Scotland,0.636,14.792
2004,DJF,West Scotland,0.577,12.692
2005,DJF,West Scotland,0.462,7.377
2006,DJF,West Scotland,0.605,21.485
2007,DJF,West Scotland,0.641,13.208
2008,DJF,West Scotland,0.613,13.738
2009,DJF,West Scotland,0.627,12.069
2010,DJF,West Scotland,0.561,11.908
2011,DJF,West Scotland,0.735,20.431
2012,DJF,West Scotland,0.650,14.469
2013,DJF,West Scotland,0.511,8.792
2014,DJF,West Scotland,0.630,15.300
2015,DJF,West Scotland,0.777,21.838
2016,DJF,West Scotland,0.546,11.654
2017,DJF,West Scotland,0.759,17.915
2018,DJF,West Scotland,0.676,12.308
2019,DJF,West Scotland,0.669,11.662
2020,DJF,West Scotland,0.680,13.600
2021,DJF,West Scotland,0.422,7.062
2022,DJF,West Scotland,0.541,9.723
2023,DJF,West Scotland,0.468,8.346
2024,DJF,West Scotland,0.469,8.662
2025,DJF,West Scotland,0.578,11.592
2026,DJF,West Scotland,0.690,12.323
2027,DJF,West Scotland,0.589,10.077
2028,DJF,West Scotland,0.699,15.023
2029,DJF,West Scotland,0.640,13.415
2030,DJF,West Scotland,0.670,15.569
2031,DJF,West Scotland,0.792,17.508
2032,DJF,West Scotland,0.541,9.292
2033,DJF,West Scotland,0.520,9.515
2034,DJF,West Scotland,0.756,22.962
2035,DJF,West Scotland,0.674,18.092
2036,DJF,West Scotland,0.641,23.046
2037,DJF,West Scotland,0.575,11.792
2038,DJF,West Scotland,0.549,10.162
2039,DJF,West Scotland,0.596,8.400
2040,DJF,West Scotland,0.746,14.015
2041,DJF,West Scotland,0.604,10.646
2042,DJF,West Scotland,0.649,12.700
2043,DJF,West Scotland,0.612,9.492
2044,DJF,West Scotland,0.696,13.408
2045,DJF,West Scotland,0.662,17.438
2046,DJF,West Scotland,0.529,11.069
2047,DJF,West Scotland,0.502,12.046
2048,DJF,West Scotland,0.746,13.677
2049,DJF,West Scotland,0.781,25.200
2050,DJF,West Scotland,0.574,10.969
2051,DJF,West Scotland,0.559,11.223
2052,DJF,West Scotland,0.552,12.669
2053,DJF,West Scotland,0.671,13.146
2054,DJF,West Scotland,0.669,13.023
2055,DJF,West Scotland,0.713,15.708
2056,DJF,West Scotland,0.631,14.246
2057,DJF,West Scotland,0.724,16.485
2058,DJF,West Scotland,0.541,10.415
2059,DJF,West Scotland,0.676,16.069
2060,DJF,West Scotland,0.584,12.569
2061,DJF,West Scotland,0.680,14.954
2062,DJF,West Scotland,0.645,16.338
2063,DJF,West Scotland,0.612,9.846
2064,DJF,West Scotland,0.613,12.908
2065,DJF,West Scotland,0.580,13.500
2066,DJF,West Scotland,0.372,9.992
2067,DJF,West Scotland,0.554,14.569
2068,DJF,West Scotland,0.479,6.877
2069,DJF,West Scotland,0.694,16.300
2070,DJF,West Scotland,0.769,18.415
2071,DJF,West Scotland,0.584,11.146
2072,DJF,West Scotland,0.756,15.631
2073,DJF,West Scotland,0.611,16.400
2074,DJF,West Scotland,0.737,14.808
2075,DJF,West Scotland,0.645,9.715
2076,DJF,West Scotland,0.612,9.900
2077,DJF,West Scotland,0.598,12.485
2078,DJF,West Scotland,0.649,15.800
2079,DJF,West Scotland,0.662,20.538
2080,DJF,West Scotland,0.670,13.377
1981,DJF,Yorkshire and Humber,0.465,7.356
1982,DJF,Yorkshire and Humber,0.424,5.921
1983,DJF,Yorkshire and Humber,0.542,6.574
1984,DJF,Yorkshire and Humber,0.531,8.257
1985,DJF,Yorkshire and Humber,0.407,7.257
1986,DJF,Yorkshire and Humber,0.511,8.149
1987,DJF,Yorkshire and Humber,0.517,8.069
1988,DJF,Yorkshire and Humber,0.576,7.168
1989,DJF,Yorkshire and Humber,0.549,7.386
1990,DJF,Yorkshire and Humber,0.510,7.446
1991,DJF,Yorkshire and Humber,0.558,8.168
1992,DJF,Yorkshire and Humber,0.479,5.743
1993,DJF,Yorkshire and Humber,0.568,7.891
1994,DJF,Yorkshire and Humber,0.535,7.980
1995,DJF,Yorkshire and Humber,0.495,6.158
1996,DJF,Yorkshire and Humber,0.591,8.624
1997,DJF,Yorkshire and Humber,0.517,9.158
1998,DJF,Yorkshire and Humber,0.478,6.624
1999,DJF,Yorkshire and Humber,0.606,9.228
2000,DJF,Yorkshire and Humber,0.433,7.277
2001,DJF,Yorkshire and Humber,0.561,7.198
2002,DJF,Yorkshire and Humber,0.544,9.327
2003,DJF,Yorkshire and Humber,0.604,9.198
2004,DJF,Yorkshire and Humber,0.536,7.406
2005,DJF,Yorkshire and Humber,0.508,9.515
2006,DJF,Yorkshire and Humber,0.511,9.802
2007,DJF,Yorkshire and Humber,0.558,7.871
2008,DJF,Yorkshire and Humber,0.583,10.743
2009,DJF,Yorkshire and Humber,0.407,5.079
2010,DJF,Yorkshire and Humber,0.396,7.040
2011,DJF,Yorkshire and Humber,0.584,8.832
2012,DJF,Yorkshire and Humber,0.525,6.614
2013,DJF,Yorkshire and Humber,0.422,8.356
2014,DJF,Yorkshire and Humber,0.596,9.426
2015,DJF,Yorkshire and Humber,0.616,9.416
2016,DJF,Yorkshire and Humber,0.410,5.861
2017,DJF,Yorkshire and Humber,0.514,8.802
2018,DJF,Yorkshire and Humber,0.531,6.693
2019,DJF,Yorkshire and Humber,0.499,7.881
2020,DJF,Yorkshire and Humber,0.574,7.287
2021,DJF,Yorkshire and Humber,0.441,6.505
2022,DJF,Yorkshire and Humber,0.481,6.525
2023,DJF,Yorkshire and Humber,0.546,10.366
2024,DJF,Yorkshire and Humber,0.482,7.713
2025,DJF,Yorkshire and Humber,0.464,9.109
2026,DJF,Yorkshire and Humber,0.504,6.624
2027,DJF,Yorkshire and Humber,0.489,6.248
2028,DJF,Yorkshire and Humber,0.346,4.386
2029,DJF,Yorkshire and Humber,0.426,5.713
2030,DJF,Yorkshire and Humber,0.504,7.010
2031,DJF,Yorkshire and Humber,0.511,10.436
2032,DJF,Yorkshire and Humber,0.562,7.723
2033,DJF,Yorkshire and Humber,0.478,8.129
2034,DJF,Yorkshire and Humber,0.473,9.455
2035,DJF,Yorkshire and Humber,0.510,7.168
2036,DJF,Yorkshire and Humber,0.321,6.436
2037,DJF,Yorkshire and Humber,0.559,7.733
2038,DJF,Yorkshire and Humber,0.444,6.515
2039,DJF,Yorkshire and Humber,0.504,7.782
2040,DJF,Yorkshire and Humber,0.567,9.644
2041,DJF,Yorkshire and Humber,0.560,7.248
2042,DJF,Yorkshire and Humber,0.613,9.109
2043,DJF,Yorkshire and Humber,0.506,7.139
2044,DJF,Yorkshire and Humber,0.507,9.960
2045,DJF,Yorkshire and Humber,0.589,12.426
2046,DJF,Yorkshire and Humber,0.501,7.436
2047,DJF,Yorkshire and Humber,0.469,11.683
2048,DJF,Yorkshire and Humber,0.451,5.921
2049,DJF,Yorkshire and Humber,0.482,6.396
2050,DJF,Yorkshire and Humber,0.540,7.426
2051,DJF,Yorkshire and Humber,0.545,8.475
2052,DJF,Yorkshire and Humber,0.464,7.752
2053,DJF,Yorkshire and Humber,0.487,7.327
2054,DJF,Yorkshire and Humber,0.482,7.594
2055,DJF,Yorkshire and Humber,0.575,10.356
2056,DJF,Yorkshire and Humber,0.541,8.970
2057,DJF,Yorkshire and Humber,0.583,7.614
2058,DJF,Yorkshire and Humber,0.466,9.554
2059,DJF,Yorkshire and Humber,0.503,7.455
2060,DJF,Yorkshire and Humber,0.601,12.059
2061,DJF,Yorkshire and Humber,0.442,5.861
2062,DJF,Yorkshire and Humber,0.510,8.030
2063,DJF,Yorkshire and Humber,0.519,9.079
2064,DJF,Yorkshire and Humber,0.530,7.505
2065,DJF,Yorkshire and Humber,0.387,7.030
2066,DJF,Yorkshire and Humber,0.431,8.683
2067,DJF,Yorkshire and Humber,0.446,6.752
2068,DJF,Yorkshire and Humber,0.575,8.723
2069,DJF,Yorkshire and Humber,0.518,6.505
2070,DJF,Yorkshire and Humber,0.632,9.673
2071,DJF,Yorkshire and Humber,0.573,10.475
2072,DJF,Yorkshire and Humber,0.522,10.356
2073,DJF,Yorkshire and Humber,0.592,9.644
2074,DJF,Yorkshire and Humber,0.664,10.604
2075,DJF,Yorkshire and Humber,0.505,5.713
2076,DJF,Yorkshire and Humber,0.501,7.901
2077,DJF,Yorkshire and Humber,0.486,7.267
2078,DJF,Yorkshire and Humber,0.464,6.416
2079,DJF,Yorkshire and Humber,0.486,8.139
2080,DJF,Yorkshire and Humber,0.476,7.277
1981,DJF,Channel Islands,0.689,23.000
1982,DJF,Channel Islands,0.622,10.000
1983,DJF,Channel Islands,0.833,21.000
1984,DJF,Channel Islands,0.648,20.000
1985,DJF,Channel Islands,0.433,7.000
1986,DJF,Channel Islands,0.567,15.000
1987,DJF,Channel Islands,0.700,9.000
1988,DJF,Channel Islands,0.769,19.000
1989,DJF,Channel Islands,0.767,20.000
1990,DJF,Channel Islands,0.700,12.000
1991,DJF,Channel Islands,0.667,24.000
1992,DJF,Channel Islands,0.725,19.000
1993,DJF,Channel Islands,0.700,22.000
1994,DJF,Channel Islands,0.633,11.000
1995,DJF,Channel Islands,0.700,10.000
1996,DJF,Channel Islands,0.758,21.000
1997,DJF,Channel Islands,0.689,20.000
1998,DJF,Channel Islands,0.778,16.000
1999,DJF,Channel Islands,0.844,16.000
2000,DJF,Channel Islands,0.615,17.000
2001,DJF,Channel Islands,0.656,13.000
2002,DJF,Channel Islands,0.744,16.000
2003,DJF,Channel Islands,0.711,10.000
2004,DJF,Channel Islands,0.736,11.000
2005,DJF,Channel Islands,0.533,12.000
2006,DJF,Channel Islands,0.556,13.000
2007,DJF,Channel Islands,0.656,14.000
2008,DJF,Channel Islands,0.725,12.000
2009,DJF,Channel Islands,0.567,7.000
2010,DJF,Channel Islands,0.522,12.000
2011,DJF,Channel Islands,0.622,15.000
2012,DJF,Channel Islands,0.681,13.000
2013,DJF,Channel Islands,0.567,18.000
2014,DJF,Channel Islands,0.800,10.000
2015,DJF,Channel Islands,0.778,16.000
2016,DJF,Channel Islands,0.582,15.000
2017,DJF,Channel Islands,0.700,15.000
2018,DJF,Channel Islands,0.700,20.000
2019,DJF,Channel Islands,0.667,19.000
2020,DJF,Channel Islands,0.571,9.000
2021,DJF,Channel Islands,0.433,8.000
2022,DJF,Channel Islands,0.689,13.000
2023,DJF,Channel Islands,0.444,8.000
2024,DJF,Channel Islands,0.593,19.000
2025,DJF,Channel Islands,0.511,15.000
2026,DJF,Channel Islands,0.722,17.000
2027,DJF,Channel Islands,0.811,19.000
2028,DJF,Channel Islands,0.462,7.000
2029,DJF,Channel Islands,0.622,15.000
2030,DJF,Channel Islands,0.633,11.000
2031,DJF,Channel Islands,0.644,8.000
2032,DJF,Channel Islands,0.714,14.000
2033,DJF,Channel Islands,0.511,6.000
2034,DJF,Channel Islands,0.633,8.000
2035,DJF,Channel Islands,0.633,27.000
2036,DJF,Channel Islands,0.440,15.000
2037,DJF,Channel Islands,0.622,11.000
2038,DJF,Channel Islands,0.522,22.000
2039,DJF,Channel Islands,0.644,8.000
2040,DJF,Channel Islands,0.791,19.000
2041,DJF,Channel Islands,0.778,17.000
2042,DJF,Channel Islands,0.711,10.000
2043,DJF,Channel Islands,0.633,13.000
2044,DJF,Channel Islands,0.615,12.000
2045,DJF,Channel Islands,0.733,21.000
2046,DJF,Channel Islands,0.611,11.000
2047,DJF,Channel Islands,0.622,15.000
2048,DJF,Channel Islands,0.670,9.000
2049,DJF,Channel Islands,0.689,17.000
2050,DJF,Channel Islands,0.789,20.000
2051,DJF,Channel Islands,0.756,13.000
2052,DJF,Channel Islands,0.626,12.000
2053,DJF,Channel Islands,0.622,11.000
2054,DJF,Channel Islands,0.678,20.000
2055,DJF,Channel Islands,0.856,38.000
2056,DJF,Channel Islands,0.725,14.000
2057,DJF,Channel Islands,0.756,17.000
2058,DJF,Channel Islands,0.533,14.000
2059,DJF,Channel Islands,0.711,18.000
2060,DJF,Channel Islands,0.604,10.000
2061,DJF,Channel Islands,0.600,13.000
2062,DJF,Channel Islands,0.800,19.000
2063,DJF,Channel Islands,0.756,13.000
2064,DJF,Channel Islands,0.714,17.000
2065,DJF,Channel Islands,0.556,18.000
2066,DJF,Channel Islands,0.456,5.000
2067,DJF,Channel Islands,0.544,9.000
2068,DJF,Channel Islands,0.769,11.000
2069,DJF,Channel Islands,0.756,11.000
2070,DJF,Channel Islands,0.756,22.000
2071,DJF,Channel Islands,0.667,21.000
2072,DJF,Channel Islands,0.593,17.000
2073,DJF,Channel Islands,0.767,11.000
2074,DJF,Channel Islands,0.811,20.000
2075,DJF,Channel Islands,0.778,14.000
2076,DJF,Channel Islands,0.703,18.000
2077,DJF,Channel Islands,0.589,11.000
2078,DJF,Channel Islands,0.700,12.000
2079,DJF,Channel Islands,0.622,27.000
2080,DJF,Channel Islands,0.615,9.000
1981,DJF,Isle of Man,0.656,14.000
1982,DJF,Isle of Man,0.659,13.333
1983,DJF,Isle of Man,0.663,9.667
1984,DJF,Isle of Man,0.505,10.667
1985,DJF,Isle of Man,0.489,6.000
1986,DJF,Isle of Man,0.700,22.000
1987,DJF,Isle of Man,0.630,13.667
1988,DJF,Isle of Man,0.744,13.333
1989,DJF,Isle of Man,0.685,10.333
1990,DJF,Isle of Man,0.711,11.667
1991,DJF,Isle of Man,0.700,9.333
1992,DJF,Isle of Man,0.626,8.000
1993,DJF,Isle of Man,0.674,11.000
1994,DJF,Isle of Man,0.489,6.667
1995,DJF,Isle of Man,0.733,17.667
1996,DJF,Isle of Man,0.619,12.667
1997,DJF,Isle of Man,0.715,15.000
1998,DJF,Isle of Man,0.778,12.667
1999,DJF,Isle of Man,0.652,10.667
2000,DJF,Isle of Man,0.582,11.000
2001,DJF,Isle of Man,0.659,22.000
2002,DJF,Isle of Man,0.767,12.333
2003,DJF,Isle of Man,0.674,13.667
2004,DJF,Isle of Man,0.652,9.000
2005,DJF,Isle of Man,0.507,7.000
2006,DJF,Isle of Man,0.600,18.667
2007,DJF,Isle of Man,0.637,12.000
2008,DJF,Isle of Man,0.652,12.000
2009,DJF,Isle of Man,0.533,6.667
2010,DJF,Isle of Man,0.496,9.000
2011,DJF,Isle of Man,0.719,26.333
2012,DJF,Isle of Man,0.700,21.333
2013,DJF,Isle of Man,0.544,8.000
2014,DJF,Isle of Man,0.659,8.667
2015,DJF,Isle of Man,0.822,15.667
2016,DJF,Isle of Man,0.502,6.333
2017,DJF,Isle of Man,0.678,9.000
2018,DJF,Isle of Man,0.633,10.000
2019,DJF,Isle of Man,0.659,17.667
2020,DJF,Isle of Man,0.670,8.000
2021,DJF,Isle of Man,0.459,6.333
2022,DJF,Isle of Man,0.533,7.667
2023,DJF,Isle of Man,0.537,8.000
2024,DJF,Isle of Man,0.473,9.667
2025,DJF,Isle of Man,0.589,12.333
2026,DJF,Isle of Man,0.637,10.667
2027,DJF,Isle of Man,0.678,12.667
2028,DJF,Isle of Man,0.568,6.000
2029,DJF,Isle of Man,0.607,14.333
2030,DJF,Isle of Man,0.678,14.667
2031,DJF,Isle of Man,0.763,16.000
2032,DJF,Isle of Man,0.626,11.667
2033,DJF,Isle of Man,0.596,12.667
2034,DJF,Isle of Man,0.652,14.667
2035,DJF,Isle of Man,0.630,16.000
2036,DJF,Isle of Man,0.487,12.000
2037,DJF,Isle of Man,0.537,6.333
2038,DJF,Isle of Man,0.511,8.000
2039,DJF,Isle of Man,0.593,10.000
2040,DJF,Isle of Man,0.711,11.000
2041,DJF,Isle of Man,0.693,11.667
2042,DJF,Isle of Man,0.711,18.333
2043,DJF,Isle of Man,0.641,9.333
2044,DJF,Isle of Man,0.634,13.667
2045,DJF,Isle of Man,0.689,19.000
2046,DJF,Isle of Man,0.578,12.333
2047,DJF,Isle of Man,0.541,13.333
2048,DJF,Isle of Man,0.744,16.000
2049,DJF,Isle of Man,0.685,9.000
2050,DJF,Isle of Man,0.615,11.000
2051,DJF,Isle of Man,0.619,12.333
2052,DJF,Isle of Man,0.601,10.000
2053,DJF,Isle of Man,0.696,13.000
2054,DJF,Isle of Man,0.663,11.667
2055,DJF,Isle of Man,0.748,17.333
2056,DJF,Isle of Man,0.637,13.333
2057,DJF,Isle of Man,0.744,22.333
2058,DJF,Isle of Man,0.556,12.333
2059,DJF,Isle of Man,0.667,20.667
2060,DJF,Isle of Man,0.612,11.333
2061,DJF,Isle of Man,0.600,9.000
2062,DJF,Isle of Man,0.670,11.000
2063,DJF,Isle of Man,0.600,13.667
2064,DJF,Isle of Man,0.656,13.667
2065,DJF,Isle of Man,0.581,9.000
2066,DJF,Isle of Man,0.404,12.667
2067,DJF,Isle of Man,0.533,9.333
2068,DJF,Isle of Man,0.597,11.667
2069,DJF,Isle of Man,0.670,10.000
2070,DJF,Isle of Man,0.767,18.333
2071,DJF,Isle of Man,0.607,10.667
2072,DJF,Isle of Man,0.674,11.333
2073,DJF,Isle of Man,0.707,11.667
2074,DJF,Isle of Man,0.741,10.333
2075,DJF,Isle of Man,0.696,13.000
2076,DJF,Isle of Man,0.674,14.667
2077,DJF,Isle of Man,0.626,9.333
2078,DJF,Isle of Man,0.600,16.333
2079,DJF,Isle of Man,0.607,11.000
2080,DJF,Isle of Man,0.645,13.667
1981,DJF,Northern Ireland,0.616,10.674
1982,DJF,Northern Ireland,0.665,10.000
1983,DJF,Northern Ireland,0.625,9.791
1984,DJF,Northern Ireland,0.553,10.093
1985,DJF,Northern Ireland,0.484,7.314
1986,DJF,Northern Ireland,0.646,11.105
1987,DJF,Northern Ireland,0.600,14.419
1988,DJF,Northern Ireland,0.720,16.942
1989,DJF,Northern Ireland,0.665,15.337
1990,DJF,Northern Ireland,0.711,18.872
1991,DJF,Northern Ireland,0.678,9.442
1992,DJF,Northern Ireland,0.538,9.035
1993,DJF,Northern Ireland,0.554,8.977
1994,DJF,Northern Ireland,0.444,6.465
1995,DJF,Northern Ireland,0.672,13.942
1996,DJF,Northern Ireland,0.591,9.198
1997,DJF,Northern Ireland,0.710,15.477
1998,DJF,Northern Ireland,0.693,13.023
1999,DJF,Northern Ireland,0.628,13.477
2000,DJF,Northern Ireland,0.543,13.140
2001,DJF,Northern Ireland,0.554,10.477
2002,DJF,Northern Ireland,0.654,10.395
2003,DJF,Northern Ireland,0.650,11.233
2004,DJF,Northern Ireland,0.505,7.814
2005,DJF,Northern Ireland,0.466,6.756
2006,DJF,Northern Ireland,0.621,18.163
2007,DJF,Northern Ireland,0.639,13.442
2008,DJF,Northern Ireland,0.645,11.372
2009,DJF,Northern Ireland,0.534,10.419
2010,DJF,Northern Ireland,0.486,8.477
2011,DJF,Northern Ireland,0.677,14.035
2012,DJF,Northern Ireland,0.668,11.907
2013,DJF,Northern Ireland,0.494,7.581
2014,DJF,Northern Ireland,0.669,11.779
2015,DJF,Northern Ireland,0.749,13.349
2016,DJF,Northern Ireland,0.508,7.779
2017,DJF,Northern Ireland,0.659,10.047
2018,DJF,Northern Ireland,0.567,7.395
2019,DJF,Northern Ireland,0.573,9.244
2020,DJF,Northern Ireland,0.623,7.849
2021,DJF,Northern Ireland,0.390,6.209
2022,DJF,Northern Ireland,0.516,9.012
2023,DJF,Northern Ireland,0.487,6.419
2024,DJF,Northern Ireland,0.465,8.756
2025,DJF,Northern Ireland,0.546,7.128
2026,DJF,Northern Ireland,0.637,8.605
2027,DJF,Northern Ireland,0.573,8.407
2028,DJF,Northern Ireland,0.616,7.198
2029,DJF,Northern Ireland,0.567,13.291
2030,DJF,Northern Ireland,0.709,14.860
2031,DJF,Northern Ireland,0.736,15.326
2032,DJF,Northern Ireland,0.573,9.512
2033,DJF,Northern Ireland,0.530,7.465
2034,DJF,Northern Ireland,0.688,13.465
2035,DJF,Northern Ireland,0.580,15.477
2036,DJF,Northern Ireland,0.526,12.465
2037,DJF,Northern Ireland,0.578,7.302
2038,DJF,Northern Ireland,0.458,6.360
2039,DJF,Northern Ireland,0.545,6.302
2040,DJF,Northern Ireland,0.700,9.895
2041,DJF,Northern Ireland,0.594,9.326
2042,DJF,Northern Ireland,0.586,8.000
2043,DJF,Northern Ireland,0.663,11.116
2044,DJF,Northern Ireland,0.620,10.372
2045,DJF,Northern Ireland,0.656,11.767
2046,DJF,Northern Ireland,0.487,9.767
2047,DJF,Northern Ireland,0.489,10.500
2048,DJF,Northern Ireland,0.709,12.570
2049,DJF,Northern Ireland,0.717,15.360
2050,DJF,Northern Ireland,0.482,5.884
2051,DJF,Northern Ireland,0.569,11.895
2052,DJF,Northern Ireland,0.483,9.116
2053,DJF,Northern Ireland,0.638,11.140
2054,DJF,Northern Ireland,0.603,11.279
2055,DJF,Northern Ireland,0.674,15.221
2056,DJF,Northern Ireland,0.605,13.477
2057,DJF,Northern Ireland,0.657,10.628
2058,DJF,Northern Ireland,0.537,8.570
2059,DJF,Northern Ireland,0.643,18.047
2060,DJF,Northern Ireland,0.566,10.942
2061,DJF,Northern Ireland,0.612,8.605
2062,DJF,Northern Ireland,0.588,11.767
2063,DJF,Northern Ireland,0.536,8.988
2064,DJF,Northern Ireland,0.583,9.826
2065,DJF,Northern Ireland,0.600,17.395
2066,DJF,Northern Ireland,0.399,13.314
2067,DJF,Northern Ireland,0.513,9.430
2068,DJF,Northern Ireland,0.533,7.965
2069,DJF,Northern Ireland,0.626,10.000
2070,DJF,Northern Ireland,0.696,14.326
2071,DJF,Northern Ireland,0.572,8.756
2072,DJF,Northern Ireland,0.656,10.523
2073,DJF,Northern Ireland,0.663,11.453
2074,DJF,Northern Ireland,0.620,11.070
2075,DJF,Northern Ireland,0.634,9.919
2076,DJF,Northern Ireland,0.593,11.953
2077,DJF,Northern Ireland,0.589,8.023
2078,DJF,Northern Ireland,0.570,13.779
2079,DJF,Northern Ireland,0.603,9.721
2080,DJF,Northern Ireland,0.578,9.035
1981,DJF,Wales,0.613,12.328
1982,DJF,Wales,0.585,10.095
1983,DJF,Wales,0.594,8.898
1984,DJF,Wales,0.530,13.964
1985,DJF,Wales,0.430,7.307
1986,DJF,Wales,0.628,13.219
1987,DJF,Wales,0.590,11.117
1988,DJF,Wales,0.706,12.088
1989,DJF,Wales,0.672,13.029
1990,DJF,Wales,0.654,12.526
1991,DJF,Wales,0.666,10.883
1992,DJF,Wales,0.627,10.642
1993,DJF,Wales,0.593,8.467
1994,DJF,Wales,0.496,7.796
1995,DJF,Wales,0.663,15.197
1996,DJF,Wales,0.622,10.686
1997,DJF,Wales,0.609,11.555
1998,DJF,Wales,0.737,17.036
1999,DJF,Wales,0.640,11.679
2000,DJF,Wales,0.585,10.657
2001,DJF,Wales,0.621,12.277
2002,DJF,Wales,0.686,12.540
2003,DJF,Wales,0.674,12.423
2004,DJF,Wales,0.600,9.723
2005,DJF,Wales,0.535,12.839
2006,DJF,Wales,0.576,14.474
2007,DJF,Wales,0.586,13.212
2008,DJF,Wales,0.588,10.401
2009,DJF,Wales,0.543,9.679
2010,DJF,Wales,0.483,9.920
2011,DJF,Wales,0.657,13.504
2012,DJF,Wales,0.644,11.146
2013,DJF,Wales,0.483,9.540
2014,DJF,Wales,0.727,16.708
2015,DJF,Wales,0.759,18.832
2016,DJF,Wales,0.505,7.832
2017,DJF,Wales,0.691,15.854
2018,DJF,Wales,0.634,10.599
2019,DJF,Wales,0.581,11.212
2020,DJF,Wales,0.647,11.241
2021,DJF,Wales,0.446,7.474
2022,DJF,Wales,0.575,8.482
2023,DJF,Wales,0.527,8.606
2024,DJF,Wales,0.471,8.372
2025,DJF,Wales,0.524,9.774
2026,DJF,Wales,0.644,14.781
2027,DJF,Wales,0.623,12.474
2028,DJF,Wales,0.469,6.387
2029,DJF,Wales,0.547,13.555
2030,DJF,Wales,0.641,12.599
2031,DJF,Wales,0.667,11.504
2032,DJF,Wales,0.596,9.949
2033,DJF,Wales,0.534,9.978
2034,DJF,Wales,0.646,13.540
2035,DJF,Wales,0.557,13.482
2036,DJF,Wales,0.450,11.007
2037,DJF,Wales,0.585,8.168
2038,DJF,Wales,0.501,10.496
2039,DJF,Wales,0.652,10.153
2040,DJF,Wales,0.681,11.073
2041,DJF,Wales,0.630,12.139
2042,DJF,Wales,0.659,17.993
2043,DJF,Wales,0.617,9.905
2044,DJF,Wales,0.602,13.774
2045,DJF,Wales,0.658,17.504
2046,DJF,Wales,0.523,12.044
2047,DJF,Wales,0.520,10.898
2048,DJF,Wales,0.665,11.504
2049,DJF,Wales,0.661,11.088
2050,DJF,Wales,0.576,8.109
2051,DJF,Wales,0.625,11.255
2052,DJF,Wales,0.568,10.000
2053,DJF,Wales,0.616,12.686
2054,DJF,Wales,0.602,10.526
2055,DJF,Wales,0.748,18.664
2056,DJF,Wales,0.577,9.460
2057,DJF,Wales,0.714,15.701
2058,DJF,Wales,0.505,9.438
2059,DJF,Wales,0.695,15.818
2060,DJF,Wales,0.589,12.453
2061,DJF,Wales,0.583,10.701
2062,DJF,Wales,0.652,14.175
2063,DJF,Wales,0.609,10.394
2064,DJF,Wales,0.671,12.635
2065,DJF,Wales,0.509,10.139
2066,DJF,Wales,0.437,9.832
2067,DJF,Wales,0.501,8.526
2068,DJF,Wales,0.571,9.664
2069,DJF,Wales,0.681,11.657
2070,DJF,Wales,0.759,21.168
2071,DJF,Wales,0.588,11.409
2072,DJF,Wales,0.639,12.934
2073,DJF,Wales,0.678,16.474
2074,DJF,Wales,0.777,18.518
2075,DJF,Wales,0.673,12.891
2076,DJF,Wales,0.616,12.620
2077,DJF,Wales,0.604,9.401
2078,DJF,Wales,0.594,12.496
2079,DJF,Wales,0.555,11.058
2080,DJF,Wales,0.604,11.664
1981,MAM,East Midlands,0.323,5.816
1982,MAM,East Midlands,0.371,4.854
1983,MAM,East Midlands,0.341,4.097
1984,MAM,East Midlands,0.375,5.282
1985,MAM,East Midlands,0.430,5.951
1986,MAM,East Midlands,0.424,4.922
1987,MAM,East Midlands,0.355,5.583
1988,MAM,East Midlands,0.408,6.379
1989,MAM,East Midlands,0.425,6.485
1990,MAM,East Midlands,0.445,7.854
1991,MAM,East Midlands,0.443,7.728
1992,MAM,East Midlands,0.301,5.291
1993,MAM,East Midlands,0.382,6.117
1994,MAM,East Midlands,0.426,6.583
1995,MAM,East Midlands,0.346,5.340
1996,MAM,East Midlands,0.499,8.049
1997,MAM,East Midlands,0.451,5.107
1998,MAM,East Midlands,0.375,5.466
1999,MAM,East Midlands,0.398,5.893
2000,MAM,East Midlands,0.397,6.039
2001,MAM,East Midlands,0.488,7.485
2002,MAM,East Midlands,0.388,5.019
2003,MAM,East Midlands,0.526,8.524
2004,MAM,East Midlands,0.397,4.534
2005,MAM,East Midlands,0.554,6.699
2006,MAM,East Midlands,0.506,6.553
2007,MAM,East Midlands,0.416,6.233
2008,MAM,East Midlands,0.349,4.243
2009,MAM,East Midlands,0.490,7.408
2010,MAM,East Midlands,0.456,7.961
2011,MAM,East Midlands,0.352,5.456
2012,MAM,East Midlands,0.507,6.534
2013,MAM,East Midlands,0.394,6.272
2014,MAM,East Midlands,0.500,6.592
2015,MAM,East Midlands,0.380,7.272
2016,MAM,East Midlands,0.514,10.058
2017,MAM,East Midlands,0.367,6.932
2018,MAM,East Midlands,0.404,5.981
2019,MAM,East Midlands,0.382,5.757
2020,MAM,East Midlands,0.327,4.806
2021,MAM,East Midlands,0.383,4.709
2022,MAM,East Midlands,0.500,4.825
2023,MAM,East Midlands,0.457,5.699
2024,MAM,East Midlands,0.427,6.903
2025,MAM,East Midlands,0.454,6.262
2026,MAM,East Midlands,0.334,5.825
2027,MAM,East Midlands,0.405,5.029
2028,MAM,East Midlands,0.441,7.951
2029,MAM,East Midlands,0.461,6.301
2030,MAM,East Midlands,0.410,6.126
2031,MAM,East Midlands,0.326,3.563
2032,MAM,East Midlands,0.413,7.466
2033,MAM,East Midlands,0.347,4.301
2034,MAM,East Midlands,0.484,6.398
2035,MAM,East Midlands,0.493,5.777
2036,MAM,East Midlands,0.277,5.204
2037,MAM,East Midlands,0.359,5.583
2038,MAM,East Midlands,0.389,5.049
2039,MAM,East Midlands,0.495,7.777
2040,MAM,East Midlands,0.331,4.544
2041,MAM,East Midlands,0.554,6.495
2042,MAM,East Midlands,0.382,4.777
2043,MAM,East Midlands,0.421,5.602
2044,MAM,East Midlands,0.442,5.252
2045,MAM,East Midlands,0.418,9.515
2046,MAM,East Midlands,0.438,6.272
2047,MAM,East Midlands,0.391,7.049
2048,MAM,East Midlands,0.509,5.359
2049,MAM,East Midlands,0.335,4.728
2050,MAM,East Midlands,0.504,5.854
2051,MAM,East Midlands,0.444,6.068
2052,MAM,East Midlands,0.538,8.709
2053,MAM,East Midlands,0.623,9.107
2054,MAM,East Midlands,0.434,6.466
2055,MAM,East Midlands,0.368,5.408
2056,MAM,East Midlands,0.535,6.748
2057,MAM,East Midlands,0.453,10.476
2058,MAM,East Midlands,0.456,6.078
2059,MAM,East Midlands,0.292,4.087
2060,MAM,East Midlands,0.397,5.039
2061,MAM,East Midlands,0.450,6.029
2062,MAM,East Midlands,0.299,4.214
2063,MAM,East Midlands,0.474,5.417
2064,MAM,East Midlands,0.365,4.000
2065,MAM,East Midlands,0.465,5.728
2066,MAM,East Midlands,0.437,5.893
2067,MAM,East Midlands,0.330,5.874
2068,MAM,East Midlands,0.398,7.757
2069,MAM,East Midlands,0.279,5.563
2070,MAM,East Midlands,0.318,4.660
2071,MAM,East Midlands,0.429,4.922
2072,MAM,East Midlands,0.412,7.922
2073,MAM,East Midlands,0.339,5.398
2074,MAM,East Midlands,0.462,7.757
2075,MAM,East Midlands,0.513,7.155
2076,MAM,East Midlands,0.348,4.951
2077,MAM,East Midlands,0.392,5.922
2078,MAM,East Midlands,0.411,6.233
2079,MAM,East Midlands,0.402,7.301
2080,MAM,East Midlands,0.461,5.874
1981,MAM,East of England,0.300,4.651
1982,MAM,East of England,0.391,4.976
1983,MAM,East of England,0.345,4.238
1984,MAM,East of England,0.319,4.571
1985,MAM,East of England,0.404,6.849
1986,MAM,East of England,0.437,6.190
1987,MAM,East of England,0.339,5.738
1988,MAM,East of England,0.372,6.770
1989,MAM,East of England,0.426,7.095
1990,MAM,East of England,0.402,5.429
1991,MAM,East of England,0.455,7.643
1992,MAM,East of England,0.298,6.429
1993,MAM,East of England,0.338,6.119
1994,MAM,East of England,0.364,4.222
1995,MAM,East of England,0.320,4.802
1996,MAM,East of England,0.457,7.706
1997,MAM,East of England,0.464,6.000
1998,MAM,East of England,0.398,7.817
1999,MAM,East of England,0.340,4.095
2000,MAM,East of England,0.350,6.230
2001,MAM,East of England,0.444,6.730
2002,MAM,East of England,0.358,4.183
2003,MAM,East of England,0.545,9.278
2004,MAM,East of England,0.407,5.222
2005,MAM,East of England,0.460,5.056
2006,MAM,East of England,0.499,5.659
2007,MAM,East of England,0.415,6.325
2008,MAM,East of England,0.366,5.563
2009,MAM,East of England,0.463,6.690
2010,MAM,East of England,0.414,6.008
2011,MAM,East of England,0.312,4.056
2012,MAM,East of England,0.500,7.643
2013,MAM,East of England,0.391,6.794
2014,MAM,East of England,0.515,6.849
2015,MAM,East of England,0.355,5.603
2016,MAM,East of England,0.492,7.754
2017,MAM,East of England,0.348,7.865
2018,MAM,East of England,0.443,6.706
2019,MAM,East of England,0.348,4.706
2020,MAM,East of England,0.361,6.960
2021,MAM,East of England,0.372,5.690
2022,MAM,East of England,0.474,6.071
2023,MAM,East of England,0.447,6.722
2024,MAM,East of England,0.404,7.024
2025,MAM,East of England,0.420,6.524
2026,MAM,East of England,0.326,5.175
2027,MAM,East of England,0.359,6.135
2028,MAM,East of England,0.361,4.690
2029,MAM,East of England,0.412,5.548
2030,MAM,East of England,0.399,7.556
2031,MAM,East of England,0.325,4.786
2032,MAM,East of England,0.398,8.167
2033,MAM,East of England,0.304,3.873
2034,MAM,East of England,0.452,6.897
2035,MAM,East of England,0.461,6.175
2036,MAM,East of England,0.270,3.976
2037,MAM,East of England,0.353,5.730
2038,MAM,East of England,0.344,4.754
2039,MAM,East of England,0.468,6.690
2040,MAM,East of England,0.345,5.405
2041,MAM,East of England,0.472,7.056
2042,MAM,East of England,0.370,3.952
2043,MAM,East of England,0.431,6.929
2044,MAM,East of England,0.450,4.913
2045,MAM,East of England,0.392,7.143
2046,MAM,East of England,0.417,6.317
2047,MAM,East of England,0.354,5.905
2048,MAM,East of England,0.463,5.960
2049,MAM,East of England,0.268,3.556
2050,MAM,East of England,0.520,6.405
2051,MAM,East of England,0.410,5.151
2052,MAM,East of England,0.520,7.516
2053,MAM,East of England,0.581,6.690
2054,MAM,East of England,0.448,6.683
2055,MAM,East of England,0.319,5.500
2056,MAM,East of England,0.476,5.786
2057,MAM,East of England,0.420,9.175
2058,MAM,East of England,0.416,5.103
2059,MAM,East of England,0.253,4.659
2060,MAM,East of England,0.375,5.095
2061,MAM,East of England,0.391,6.286
2062,MAM,East of England,0.277,4.690
2063,MAM,East of England,0.429,6.802
2064,MAM,East of England,0.314,4.159
2065,MAM,East of England,0.447,6.032
2066,MAM,East of England,0.422,5.619
2067,MAM,East of England,0.322,5.595
2068,MAM,East of England,0.331,5.857
2069,MAM,East of England,0.255,3.817
2070,MAM,East of England,0.288,4.127
2071,MAM,East of England,0.406,5.968
2072,MAM,East of England,0.422,8.270
2073,MAM,East of England,0.344,5.413
2074,MAM,East of England,0.391,4.905
2075,MAM,East of England,0.471,6.246
2076,MAM,East of England,0.324,5.873
2077,MAM,East of England,0.320,4.571
2078,MAM,East of England,0.377,4.563
2079,MAM,East of England,0.370,5.833
2080,MAM,East of England,0.500,7.302
1981,MAM,East Scotland,0.337,5.396
1982,MAM,East Scotland,0.471,7.742
1983,MAM,East Scotland,0.397,6.679
1984,MAM,East Scotland,0.448,6.912
1985,MAM,East Scotland,0.517,10.082
1986,MAM,East Scotland,0.539,9.289
1987,MAM,East Scotland,0.430,7.377
1988,MAM,East Scotland,0.444,7.686
1989,MAM,East Scotland,0.457,10.849
1990,MAM,East Scotland,0.490,7.560
1991,MAM,East Scotland,0.427,5.818
1992,MAM,East Scotland,0.479,8.107
1993,MAM,East Scotland,0.421,6.195
1994,MAM,East Scotland,0.436,7.717
1995,MAM,East Scotland,0.450,8.755
1996,MAM,East Scotland,0.462,6.491
1997,MAM,East Scotland,0.487,8.289
1998,MAM,East Scotland,0.438,6.220
1999,MAM,East Scotland,0.521,10.679
2000,MAM,East Scotland,0.531,8.101
2001,MAM,East Scotland,0.480,8.717
2002,MAM,East Scotland,0.453,6.730
2003,MAM,East Scotland,0.547,8.176
2004,MAM,East Scotland,0.508,7.252
2005,MAM,East Scotland,0.503,7.547
2006,MAM,East Scotland,0.472,6.805
2007,MAM,East Scotland,0.432,7.025
2008,MAM,East Scotland,0.435,7.969
2009,MAM,East Scotland,0.490,9.145
2010,MAM,East Scotland,0.557,8.962
2011,MAM,East Scotland,0.481,8.767
2012,MAM,East Scotland,0.626,11.962
2013,MAM,East Scotland,0.441,8.786
2014,MAM,East Scotland,0.544,11.138
2015,MAM,East Scotland,0.513,13.226
2016,MAM,East Scotland,0.601,9.258
2017,MAM,East Scotland,0.489,7.547
2018,MAM,East Scotland,0.420,7.465
2019,MAM,East Scotland,0.494,7.686
2020,MAM,East Scotland,0.426,11.195
2021,MAM,East Scotland,0.489,7.101
2022,MAM,East Scotland,0.530,8.503
2023,MAM,East Scotland,0.488,8.390
2024,MAM,East Scotland,0.534,8.855
2025,MAM,East Scotland,0.510,6.981
2026,MAM,East Scotland,0.473,9.126
2027,MAM,East Scotland,0.448,9.780
2028,MAM,East Scotland,0.542,10.459
2029,MAM,East Scotland,0.534,9.013
2030,MAM,East Scotland,0.486,10.566
2031,MAM,East Scotland,0.416,5.811
2032,MAM,East Scotland,0.506,10.126
2033,MAM,East Scotland,0.476,6.346
2034,MAM,East Scotland,0.613,10.145
2035,MAM,East Scotland,0.556,7.566
2036,MAM,East Scotland,0.435,8.088
2037,MAM,East Scotland,0.513,7.434
2038,MAM,East Scotland,0.460,9.189
2039,MAM,East Scotland,0.522,9.038
2040,MAM,East Scotland,0.390,6.755
2041,MAM,East Scotland,0.564,6.912
2042,MAM,East Scotland,0.495,8.019
2043,MAM,East Scotland,0.477,10.887
2044,MAM,East Scotland,0.541,8.377
2045,MAM,East Scotland,0.413,5.912
2046,MAM,East Scotland,0.498,6.950
2047,MAM,East Scotland,0.468,8.874
2048,MAM,East Scotland,0.568,8.019
2049,MAM,East Scotland,0.458,7.616
2050,MAM,East Scotland,0.548,8.069
2051,MAM,East Scotland,0.494,7.736
2052,MAM,East Scotland,0.544,9.509
2053,MAM,East Scotland,0.673,11.572
2054,MAM,East Scotland,0.462,8.314
2055,MAM,East Scotland,0.452,8.119
2056,MAM,East Scotland,0.616,8.692
2057,MAM,East Scotland,0.489,8.239
2058,MAM,East Scotland,0.510,7.013
2059,MAM,East Scotland,0.482,9.189
2060,MAM,East Scotland,0.519,7.604
2061,MAM,East Scotland,0.516,7.107
2062,MAM,East Scotland,0.379,5.283
2063,MAM,East Scotland,0.552,8.226
2064,MAM,East Scotland,0.462,8.119
2065,MAM,East Scotland,0.461,7.119
2066,MAM,East Scotland,0.478,9.044
2067,MAM,East Scotland,0.444,9.975
2068,MAM,East Scotland,0.520,9.208
2069,MAM,East Scotland,0.331,5.459
2070,MAM,East Scotland,0.437,6.497
2071,MAM,East Scotland,0.564,10.176
2072,MAM,East Scotland,0.499,7.113
2073,MAM,East Scotland,0.326,6.189
2074,MAM,East Scotland,0.502,10.113
2075,MAM,East Scotland,0.553,7.340
2076,MAM,East Scotland,0.483,6.899
2077,MAM,East Scotland,0.477,7.541
2078,MAM,East Scotland,0.436,7.390
2079,MAM,East Scotland,0.508,9.434
2080,MAM,East Scotland,0.520,6.591
1981,MAM,London,0.293,3.917
1982,MAM,London,0.450,6.500
1983,MAM,London,0.371,5.500
1984,MAM,London,0.339,4.583
1985,MAM,London,0.436,7.833
1986,MAM,London,0.439,6.250
1987,MAM,London,0.370,5.167
1988,MAM,London,0.380,5.000
1989,MAM,London,0.457,6.833
1990,MAM,London,0.386,4.500
1991,MAM,London,0.423,8.333
1992,MAM,London,0.310,7.167
1993,MAM,London,0.375,6.333
1994,MAM,London,0.400,4.583
1995,MAM,London,0.313,5.167
1996,MAM,London,0.491,9.500
1997,MAM,London,0.458,4.583
1998,MAM,London,0.420,7.500
1999,MAM,London,0.351,3.500
2000,MAM,London,0.358,3.083
2001,MAM,London,0.463,5.250
2002,MAM,London,0.345,5.000
2003,MAM,London,0.570,9.000
2004,MAM,London,0.395,5.167
2005,MAM,London,0.465,8.417
2006,MAM,London,0.553,6.500
2007,MAM,London,0.494,6.500
2008,MAM,London,0.388,5.833
2009,MAM,London,0.467,5.833
2010,MAM,London,0.409,5.000
2011,MAM,London,0.323,3.833
2012,MAM,London,0.520,8.333
2013,MAM,London,0.390,7.000
2014,MAM,London,0.526,5.667
2015,MAM,London,0.356,4.750
2016,MAM,London,0.496,6.250
2017,MAM,London,0.328,7.167
2018,MAM,London,0.506,6.917
2019,MAM,London,0.400,7.083
2020,MAM,London,0.354,5.000
2021,MAM,London,0.347,5.667
2022,MAM,London,0.509,4.583
2023,MAM,London,0.389,4.083
2024,MAM,London,0.441,7.000
2025,MAM,London,0.436,6.250
2026,MAM,London,0.322,4.500
2027,MAM,London,0.423,9.250
2028,MAM,London,0.348,5.083
2029,MAM,London,0.421,7.417
2030,MAM,London,0.416,7.250
2031,MAM,London,0.325,3.917
2032,MAM,London,0.453,8.417
2033,MAM,London,0.399,4.083
2034,MAM,London,0.447,7.333
2035,MAM,London,0.472,7.583
2036,MAM,London,0.281,3.917
2037,MAM,London,0.341,4.583
2038,MAM,London,0.366,4.667
2039,MAM,London,0.514,8.750
2040,MAM,London,0.400,5.667
2041,MAM,London,0.508,8.083
2042,MAM,London,0.390,4.500
2043,MAM,London,0.535,13.000
2044,MAM,London,0.488,7.000
2045,MAM,London,0.453,9.917
2046,MAM,London,0.457,7.500
2047,MAM,London,0.343,7.333
2048,MAM,London,0.514,6.583
2049,MAM,London,0.253,3.667
2050,MAM,London,0.527,6.750
2051,MAM,London,0.464,7.333
2052,MAM,London,0.514,8.500
2053,MAM,London,0.598,6.083
2054,MAM,London,0.461,5.917
2055,MAM,London,0.362,7.667
2056,MAM,London,0.406,5.083
2057,MAM,London,0.452,10.500
2058,MAM,London,0.380,5.000
2059,MAM,London,0.242,3.000
2060,MAM,London,0.322,4.167
2061,MAM,London,0.413,6.333
2062,MAM,London,0.325,6.083
2063,MAM,London,0.499,7.083
2064,MAM,London,0.312,3.917
2065,MAM,London,0.469,6.000
2066,MAM,London,0.424,6.500
2067,MAM,London,0.366,7.667
2068,MAM,London,0.371,6.000
2069,MAM,London,0.281,3.250
2070,MAM,London,0.352,5.833
2071,MAM,London,0.379,5.833
2072,MAM,London,0.399,7.667
2073,MAM,London,0.380,6.167
2074,MAM,London,0.434,6.750
2075,MAM,London,0.496,6.917
2076,MAM,London,0.338,3.917
2077,MAM,London,0.343,5.167
2078,MAM,London,0.361,4.000
2079,MAM,London,0.350,5.167
2080,MAM,London,0.561,10.500
1981,MAM,North East England,0.319,4.228
1982,MAM,North East England,0.384,4.842
1983,MAM,North East England,0.381,5.193
1984,MAM,North East England,0.436,6.281
1985,MAM,North East England,0.437,8.772
1986,MAM,North East England,0.538,8.421
1987,MAM,North East England,0.365,6.368
1988,MAM,North East England,0.421,5.930
1989,MAM,North East England,0.417,7.614
1990,MAM,North East England,0.454,6.965
1991,MAM,North East England,0.454,7.649
1992,MAM,North East England,0.420,7.649
1993,MAM,North East England,0.379,6.053
1994,MAM,North East England,0.438,7.509
1995,MAM,North East England,0.382,5.526
1996,MAM,North East England,0.419,5.211
1997,MAM,North East England,0.441,6.140
1998,MAM,North East England,0.364,5.754
1999,MAM,North East England,0.447,7.491
2000,MAM,North East England,0.439,8.333
2001,MAM,North East England,0.484,6.895
2002,MAM,North East England,0.426,7.035
2003,MAM,North East England,0.561,8.842
2004,MAM,North East England,0.468,6.316
2005,MAM,North East England,0.520,8.070
2006,MAM,North East England,0.457,6.193
2007,MAM,North East England,0.350,4.246
2008,MAM,North East England,0.419,7.947
2009,MAM,North East England,0.501,7.807
2010,MAM,North East England,0.504,6.912
2011,MAM,North East England,0.406,5.579
2012,MAM,North East England,0.573,7.544
2013,MAM,North East England,0.398,8.105
2014,MAM,North East England,0.474,8.140
2015,MAM,North East England,0.422,9.667
2016,MAM,North East England,0.512,7.737
2017,MAM,North East England,0.399,7.386
2018,MAM,North East England,0.429,7.421
2019,MAM,North East England,0.409,6.947
2020,MAM,North East England,0.368,7.000
2021,MAM,North East England,0.432,6.632
2022,MAM,North East England,0.475,7.386
2023,MAM,North East England,0.526,8.263
2024,MAM,North East England,0.503,8.158
2025,MAM,North East England,0.480,6.754
2026,MAM,North East England,0.356,5.509
2027,MAM,North East England,0.395,5.158
2028,MAM,North East England,0.462,8.246
2029,MAM,North East England,0.456,6.491
2030,MAM,North East England,0.438,9.807
2031,MAM,North East England,0.375,4.596
2032,MAM,North East England,0.476,7.860
2033,MAM,North East England,0.434,7.158
2034,MAM,North East England,0.564,7.947
2035,MAM,North East England,0.530,7.596
2036,MAM,North East England,0.343,5.614
2037,MAM,North East England,0.482,5.860
2038,MAM,North East England,0.433,7.474
2039,MAM,North East England,0.515,6.667
2040,MAM,North East England,0.401,5.684
2041,MAM,North East England,0.519,5.895
2042,MAM,North East England,0.429,5.719
2043,MAM,North East England,0.442,7.439
2044,MAM,North East England,0.484,6.561
2045,MAM,North East England,0.427,5.947
2046,MAM,North East England,0.505,7.281
2047,MAM,North East England,0.416,7.561
2048,MAM,North East England,0.509,6.737
2049,MAM,North East England,0.350,4.877
2050,MAM,North East England,0.508,6.053
2051,MAM,North East England,0.380,6.667
2052,MAM,North East England,0.545,8.088
2053,MAM,North East England,0.639,9.246
2054,MAM,North East England,0.459,8.737
2055,MAM,North East England,0.346,5.211
2056,MAM,North East England,0.559,7.158
2057,MAM,North East England,0.399,7.053
2058,MAM,North East England,0.441,4.947
2059,MAM,North East England,0.387,5.351
2060,MAM,North East England,0.478,6.684
2061,MAM,North East England,0.496,5.579
2062,MAM,North East England,0.316,3.877
2063,MAM,North East England,0.516,6.105
2064,MAM,North East England,0.450,5.035
2065,MAM,North East England,0.434,6.281
2066,MAM,North East England,0.427,6.088
2067,MAM,North East England,0.344,5.509
2068,MAM,North East England,0.464,8.053
2069,MAM,North East England,0.323,5.404
2070,MAM,North East England,0.330,4.368
2071,MAM,North East England,0.510,6.281
2072,MAM,North East England,0.465,7.193
2073,MAM,North East England,0.339,5.263
2074,MAM,North East England,0.488,10.439
2075,MAM,North East England,0.547,8.456
2076,MAM,North East England,0.424,5.456
2077,MAM,North East England,0.433,5.965
2078,MAM,North East England,0.441,7.368
2079,MAM,North East England,0.441,6.912
2080,MAM,North East England,0.483,5.333
1981,MAM,North Scotland,0.426,7.373
1982,MAM,North Scotland,0.501,7.960
1983,MAM,North Scotland,0.490,10.114
1984,MAM,North Scotland,0.550,10.328
1985,MAM,North Scotland,0.577,11.552
1986,MAM,North Scotland,0.605,11.502
1987,MAM,North Scotland,0.510,9.522
1988,MAM,North Scotland,0.523,11.408
1989,MAM,North Scotland,0.517,13.821
1990,MAM,North Scotland,0.537,8.448
1991,MAM,North Scotland,0.549,8.299
1992,MAM,North Scotland,0.533,12.562
1993,MAM,North Scotland,0.508,8.388
1994,MAM,North Scotland,0.551,16.139
1995,MAM,North Scotland,0.530,11.184
1996,MAM,North Scotland,0.554,9.806
1997,MAM,North Scotland,0.556,10.677
1998,MAM,North Scotland,0.532,8.308
1999,MAM,North Scotland,0.550,11.677
2000,MAM,North Scotland,0.669,14.119
2001,MAM,North Scotland,0.518,10.075
2002,MAM,North Scotland,0.542,10.592
2003,MAM,North Scotland,0.537,8.856
2004,MAM,North Scotland,0.568,11.328
2005,MAM,North Scotland,0.485,9.274
2006,MAM,North Scotland,0.570,10.149
2007,MAM,North Scotland,0.454,7.299
2008,MAM,North Scotland,0.519,10.995
2009,MAM,North Scotland,0.531,12.090
2010,MAM,North Scotland,0.567,8.677
2011,MAM,North Scotland,0.550,10.796
2012,MAM,North Scotland,0.616,10.587
2013,MAM,North Scotland,0.558,11.726
2014,MAM,North Scotland,0.614,11.746
2015,MAM,North Scotland,0.588,13.527
2016,MAM,North Scotland,0.641,14.408
2017,MAM,North Scotland,0.522,10.502
2018,MAM,North Scotland,0.476,11.318
2019,MAM,North Scotland,0.458,7.915
2020,MAM,North Scotland,0.552,13.373
2021,MAM,North Scotland,0.620,11.517
2022,MAM,North Scotland,0.578,13.960
2023,MAM,North Scotland,0.583,11.985
2024,MAM,North Scotland,0.568,11.075
2025,MAM,North Scotland,0.536,8.045
2026,MAM,North Scotland,0.590,12.871
2027,MAM,North Scotland,0.600,12.786
2028,MAM,North Scotland,0.622,13.010
2029,MAM,North Scotland,0.606,12.318
2030,MAM,North Scotland,0.456,7.856
2031,MAM,North Scotland,0.501,8.353
2032,MAM,North Scotland,0.497,8.557
2033,MAM,North Scotland,0.574,8.532
2034,MAM,North Scotland,0.644,10.697
2035,MAM,North Scotland,0.604,10.249
2036,MAM,North Scotland,0.581,12.891
2037,MAM,North Scotland,0.588,8.990
2038,MAM,North Scotland,0.501,11.766
2039,MAM,North Scotland,0.593,11.861
2040,MAM,North Scotland,0.402,9.408
2041,MAM,North Scotland,0.612,11.915
2042,MAM,North Scotland,0.601,12.836
2043,MAM,North Scotland,0.553,9.100
2044,MAM,North Scotland,0.621,12.383
2045,MAM,North Scotland,0.493,8.328
2046,MAM,North Scotland,0.557,9.413
2047,MAM,North Scotland,0.608,13.279
2048,MAM,North Scotland,0.671,14.025
2049,MAM,North Scotland,0.651,15.328
2050,MAM,North Scotland,0.617,12.055
2051,MAM,North Scotland,0.613,11.741
2052,MAM,North Scotland,0.572,9.697
2053,MAM,North Scotland,0.738,18.264
2054,MAM,North Scotland,0.478,9.393
2055,MAM,North Scotland,0.520,13.657
2056,MAM,North Scotland,0.648,12.701
2057,MAM,North Scotland,0.596,10.114
2058,MAM,North Scotland,0.567,9.692
2059,MAM,North Scotland,0.613,14.701
2060,MAM,North Scotland,0.621,8.841
2061,MAM,North Scotland,0.550,11.692
2062,MAM,North Scotland,0.404,5.463
2063,MAM,North Scotland,0.536,9.199
2064,MAM,North Scotland,0.490,11.134
2065,MAM,North Scotland,0.506,8.274
2066,MAM,North Scotland,0.538,10.254
2067,MAM,North Scotland,0.536,14.075
2068,MAM,North Scotland,0.557,9.045
2069,MAM,North Scotland,0.406,8.254
2070,MAM,North Scotland,0.541,10.766
2071,MAM,North Scotland,0.572,10.726
2072,MAM,North Scotland,0.600,10.995
2073,MAM,North Scotland,0.320,6.816
2074,MAM,North Scotland,0.490,9.881
2075,MAM,North Scotland,0.548,7.846
2076,MAM,North Scotland,0.631,12.985
2077,MAM,North Scotland,0.548,10.015
2078,MAM,North Scotland,0.559,12.169
2079,MAM,North Scotland,0.622,11.726
2080,MAM,North Scotland,0.664,10.637
1981,MAM,North West England,0.323,5.054
1982,MAM,North West England,0.455,7.785
1983,MAM,North West England,0.463,6.753
1984,MAM,North West England,0.442,6.161
1985,MAM,North West England,0.509,9.473
1986,MAM,North West England,0.434,5.817
1987,MAM,North West England,0.475,13.065
1988,MAM,North West England,0.477,7.839
1989,MAM,North West England,0.536,17.409
1990,MAM,North West England,0.493,8.409
1991,MAM,North West England,0.400,6.086
1992,MAM,North West England,0.498,8.538
1993,MAM,North West England,0.455,8.677
1994,MAM,North West England,0.518,9.570
1995,MAM,North West England,0.397,7.484
1996,MAM,North West England,0.561,10.323
1997,MAM,North West England,0.482,7.290
1998,MAM,North West England,0.406,5.151
1999,MAM,North West England,0.504,10.054
2000,MAM,North West England,0.552,11.161
2001,MAM,North West England,0.545,9.796
2002,MAM,North West England,0.523,10.720
2003,MAM,North West England,0.590,8.376
2004,MAM,North West England,0.455,8.624
2005,MAM,North West England,0.600,14.430
2006,MAM,North West England,0.624,11.054
2007,MAM,North West England,0.379,4.204
2008,MAM,North West England,0.393,6.495
2009,MAM,North West England,0.539,10.312
2010,MAM,North West England,0.586,8.581
2011,MAM,North West England,0.471,10.548
2012,MAM,North West England,0.553,7.043
2013,MAM,North West England,0.434,7.828
2014,MAM,North West England,0.536,7.656
2015,MAM,North West England,0.473,11.441
2016,MAM,North West England,0.648,12.323
2017,MAM,North West England,0.498,11.527
2018,MAM,North West England,0.471,9.075
2019,MAM,North West England,0.504,8.387
2020,MAM,North West England,0.416,13.398
2021,MAM,North West England,0.463,8.989
2022,MAM,North West England,0.589,10.290
2023,MAM,North West England,0.532,13.065
2024,MAM,North West England,0.530,9.237
2025,MAM,North West England,0.548,8.667
2026,MAM,North West England,0.442,7.817
2027,MAM,North West England,0.515,10.108
2028,MAM,North West England,0.609,15.527
2029,MAM,North West England,0.561,10.086
2030,MAM,North West England,0.494,12.796
2031,MAM,North West England,0.437,6.849
2032,MAM,North West England,0.501,8.860
2033,MAM,North West England,0.432,5.860
2034,MAM,North West England,0.592,10.484
2035,MAM,North West England,0.621,9.495
2036,MAM,North West England,0.465,10.237
2037,MAM,North West England,0.477,6.882
2038,MAM,North West England,0.581,12.892
2039,MAM,North West England,0.549,9.430
2040,MAM,North West England,0.381,7.419
2041,MAM,North West England,0.637,7.968
2042,MAM,North West England,0.529,10.806
2043,MAM,North West England,0.496,9.333
2044,MAM,North West England,0.592,11.903
2045,MAM,North West England,0.416,8.366
2046,MAM,North West England,0.553,10.237
2047,MAM,North West England,0.487,8.387
2048,MAM,North West England,0.606,9.484
2049,MAM,North West England,0.436,10.613
2050,MAM,North West England,0.601,9.591
2051,MAM,North West England,0.525,8.677
2052,MAM,North West England,0.532,8.462
2053,MAM,North West England,0.739,11.720
2054,MAM,North West England,0.504,12.355
2055,MAM,North West England,0.484,11.742
2056,MAM,North West England,0.688,11.849
2057,MAM,North West England,0.539,12.613
2058,MAM,North West England,0.545,6.194
2059,MAM,North West England,0.523,7.226
2060,MAM,North West England,0.553,7.462
2061,MAM,North West England,0.538,9.290
2062,MAM,North West England,0.383,5.043
2063,MAM,North West England,0.485,6.796
2064,MAM,North West England,0.485,8.613
2065,MAM,North West England,0.445,9.581
2066,MAM,North West England,0.475,7.387
2067,MAM,North West England,0.458,9.355
2068,MAM,North West England,0.518,15.108
2069,MAM,North West England,0.318,7.559
2070,MAM,North West England,0.474,7.763
2071,MAM,North West England,0.564,8.624
2072,MAM,North West England,0.577,11.032
2073,MAM,North West England,0.319,6.065
2074,MAM,North West England,0.533,9.581
2075,MAM,North West England,0.584,10.355
2076,MAM,North West England,0.525,13.204
2077,MAM,North West England,0.513,7.355
2078,MAM,North West England,0.511,9.591
2079,MAM,North West England,0.559,11.677
2080,MAM,North West England,0.550,7.559
1981,MAM,South East England,0.298,5.305
1982,MAM,South East England,0.417,6.576
1983,MAM,South East England,0.371,5.610
1984,MAM,South East England,0.324,4.280
1985,MAM,South East England,0.410,7.229
1986,MAM,South East England,0.382,4.737
1987,MAM,South East England,0.374,5.610
1988,MAM,South East England,0.358,5.169
1989,MAM,South East England,0.407,6.644
1990,MAM,South East England,0.384,4.627
1991,MAM,South East England,0.395,6.237
1992,MAM,South East England,0.305,4.678
1993,MAM,South East England,0.338,5.627
1994,MAM,South East England,0.417,4.695
1995,MAM,South East England,0.312,4.915
1996,MAM,South East England,0.474,9.542
1997,MAM,South East England,0.448,6.042
1998,MAM,South East England,0.402,6.136
1999,MAM,South East England,0.377,4.178
2000,MAM,South East England,0.359,4.186
2001,MAM,South East England,0.469,5.636
2002,MAM,South East England,0.334,4.568
2003,MAM,South East England,0.544,8.619
2004,MAM,South East England,0.360,5.364
2005,MAM,South East England,0.440,8.178
2006,MAM,South East England,0.538,6.297
2007,MAM,South East England,0.444,6.059
2008,MAM,South East England,0.388,4.915
2009,MAM,South East England,0.423,4.924
2010,MAM,South East England,0.406,5.508
2011,MAM,South East England,0.354,4.314
2012,MAM,South East England,0.505,7.305
2013,MAM,South East England,0.363,6.941
2014,MAM,South East England,0.457,6.110
2015,MAM,South East England,0.343,4.864
2016,MAM,South East England,0.495,6.542
2017,MAM,South East England,0.350,5.924
2018,MAM,South East England,0.504,7.958
2019,MAM,South East England,0.369,6.720
2020,MAM,South East England,0.346,5.475
2021,MAM,South East England,0.313,5.161
2022,MAM,South East England,0.469,5.653
2023,MAM,South East England,0.350,3.483
2024,MAM,South East England,0.428,7.661
2025,MAM,South East England,0.415,5.220
2026,MAM,South East England,0.320,4.619
2027,MAM,South East England,0.405,6.212
2028,MAM,South East England,0.348,5.644
2029,MAM,South East England,0.412,6.280
2030,MAM,South East England,0.414,7.983
2031,MAM,South East England,0.330,4.136
2032,MAM,South East England,0.409,6.720
2033,MAM,South East England,0.369,4.975
2034,MAM,South East England,0.445,7.525
2035,MAM,South East England,0.443,5.737
2036,MAM,South East England,0.276,4.466
2037,MAM,South East England,0.303,4.610
2038,MAM,South East England,0.349,5.254
2039,MAM,South East England,0.474,7.542
2040,MAM,South East England,0.324,5.195
2041,MAM,South East England,0.482,6.017
2042,MAM,South East England,0.399,4.746
2043,MAM,South East England,0.513,9.746
2044,MAM,South East England,0.460,5.864
2045,MAM,South East England,0.429,6.720
2046,MAM,South East England,0.414,5.127
2047,MAM,South East England,0.332,6.415
2048,MAM,South East England,0.485,7.085
2049,MAM,South East England,0.237,3.966
2050,MAM,South East England,0.492,5.737
2051,MAM,South East England,0.444,7.059
2052,MAM,South East England,0.486,6.890
2053,MAM,South East England,0.569,6.746
2054,MAM,South East England,0.441,5.644
2055,MAM,South East England,0.356,7.212
2056,MAM,South East England,0.446,6.119
2057,MAM,South East England,0.450,10.466
2058,MAM,South East England,0.385,5.627
2059,MAM,South East England,0.244,3.805
2060,MAM,South East England,0.336,4.924
2061,MAM,South East England,0.408,5.898
2062,MAM,South East England,0.324,5.144
2063,MAM,South East England,0.487,7.890
2064,MAM,South East England,0.306,3.831
2065,MAM,South East England,0.452,5.508
2066,MAM,South East England,0.395,5.831
2067,MAM,South East England,0.356,5.814
2068,MAM,South East England,0.354,6.246
2069,MAM,South East England,0.262,3.636
2070,MAM,South East England,0.314,5.195
2071,MAM,South East England,0.387,6.068
2072,MAM,South East England,0.408,9.288
2073,MAM,South East England,0.348,5.381
2074,MAM,South East England,0.410,7.085
2075,MAM,South East England,0.461,5.966
2076,MAM,South East England,0.290,3.627
2077,MAM,South East England,0.357,5.229
2078,MAM,South East England,0.350,6.000
2079,MAM,South East England,0.320,4.458
2080,MAM,South East England,0.498,7.890
1981,MAM,South West England,0.328,5.671
1982,MAM,South West England,0.453,8.380
1983,MAM,South West England,0.368,6.373
1984,MAM,South West England,0.320,4.633
1985,MAM,South West England,0.434,7.297
1986,MAM,South West England,0.373,4.930
1987,MAM,South West England,0.413,7.437
1988,MAM,South West England,0.403,5.943
1989,MAM,South West England,0.430,7.278
1990,MAM,South West England,0.415,5.000
1991,MAM,South West England,0.362,5.677
1992,MAM,South West England,0.341,4.778
1993,MAM,South West England,0.353,5.861
1994,MAM,South West England,0.470,6.582
1995,MAM,South West England,0.331,5.563
1996,MAM,South West England,0.505,11.082
1997,MAM,South West England,0.456,6.684
1998,MAM,South West England,0.427,4.709
1999,MAM,South West England,0.409,5.804
2000,MAM,South West England,0.386,4.804
2001,MAM,South West England,0.534,7.184
2002,MAM,South West England,0.408,5.728
2003,MAM,South West England,0.559,7.310
2004,MAM,South West England,0.372,5.994
2005,MAM,South West England,0.484,9.475
2006,MAM,South West England,0.595,7.500
2007,MAM,South West England,0.410,5.120
2008,MAM,South West England,0.419,5.652
2009,MAM,South West England,0.487,8.348
2010,MAM,South West England,0.508,7.373
2011,MAM,South West England,0.412,6.987
2012,MAM,South West England,0.563,8.354
2013,MAM,South West England,0.356,7.551
2014,MAM,South West England,0.502,7.639
2015,MAM,South West England,0.387,5.956
2016,MAM,South West England,0.560,10.962
2017,MAM,South West England,0.422,5.278
2018,MAM,South West England,0.484,8.538
2019,MAM,South West England,0.425,7.386
2020,MAM,South West England,0.390,6.380
2021,MAM,South West England,0.305,6.253
2022,MAM,South West England,0.479,5.861
2023,MAM,South West England,0.404,4.785
2024,MAM,South West England,0.472,7.873
2025,MAM,South West England,0.432,6.259
2026,MAM,South West England,0.355,7.335
2027,MAM,South West England,0.445,6.911
2028,MAM,South West England,0.427,6.082
2029,MAM,South West England,0.460,7.487
2030,MAM,South West England,0.447,8.778
2031,MAM,South West England,0.413,5.228
2032,MAM,South West England,0.433,7.133
2033,MAM,South West England,0.366,4.443
2034,MAM,South West England,0.481,6.095
2035,MAM,South West England,0.513,6.481
2036,MAM,South West England,0.357,6.399
2037,MAM,South West England,0.297,4.494
2038,MAM,South West England,0.401,6.462
2039,MAM,South West England,0.464,7.184
2040,MAM,South West England,0.322,5.449
2041,MAM,South West England,0.576,8.127
2042,MAM,South West England,0.412,7.665
2043,MAM,South West England,0.521,8.570
2044,MAM,South West England,0.506,8.025
2045,MAM,South West England,0.457,7.025
2046,MAM,South West England,0.401,6.234
2047,MAM,South West England,0.358,5.101
2048,MAM,South West England,0.503,7.443
2049,MAM,South West England,0.293,5.513
2050,MAM,South West England,0.574,7.804
2051,MAM,South West England,0.466,8.367
2052,MAM,South West England,0.477,7.304
2053,MAM,South West England,0.622,8.171
2054,MAM,South West England,0.471,7.981
2055,MAM,South West England,0.388,7.323
2056,MAM,South West England,0.487,7.658
2057,MAM,South West England,0.466,10.209
2058,MAM,South West England,0.421,5.367
2059,MAM,South West England,0.328,5.684
2060,MAM,South West England,0.370,5.506
2061,MAM,South West England,0.429,5.981
2062,MAM,South West England,0.373,5.778
2063,MAM,South West England,0.456,8.323
2064,MAM,South West England,0.394,6.152
2065,MAM,South West England,0.467,7.797
2066,MAM,South West England,0.350,5.747
2067,MAM,South West England,0.363,5.778
2068,MAM,South West England,0.378,8.215
2069,MAM,South West England,0.320,6.215
2070,MAM,South West England,0.341,6.620
2071,MAM,South West England,0.468,6.418
2072,MAM,South West England,0.409,7.025
2073,MAM,South West England,0.370,6.177
2074,MAM,South West England,0.460,7.911
2075,MAM,South West England,0.517,8.684
2076,MAM,South West England,0.328,4.886
2077,MAM,South West England,0.432,6.177
2078,MAM,South West England,0.395,6.715
2079,MAM,South West England,0.361,7.304
2080,MAM,South West England,0.455,8.184
1981,MAM,West Midlands,0.320,6.105
1982,MAM,West Midlands,0.418,5.837
1983,MAM,West Midlands,0.361,5.709
1984,MAM,West Midlands,0.351,5.012
1985,MAM,West Midlands,0.473,6.884
1986,MAM,West Midlands,0.401,4.337
1987,MAM,West Midlands,0.377,5.291
1988,MAM,West Midlands,0.417,5.244
1989,MAM,West Midlands,0.444,7.767
1990,MAM,West Midlands,0.439,6.616
1991,MAM,West Midlands,0.406,5.128
1992,MAM,West Midlands,0.324,5.314
1993,MAM,West Midlands,0.389,5.256
1994,MAM,West Midlands,0.472,6.849
1995,MAM,West Midlands,0.312,5.081
1996,MAM,West Midlands,0.493,9.116
1997,MAM,West Midlands,0.457,6.523
1998,MAM,West Midlands,0.365,4.093
1999,MAM,West Midlands,0.408,5.047
2000,MAM,West Midlands,0.409,4.977
2001,MAM,West Midlands,0.499,5.953
2002,MAM,West Midlands,0.408,5.419
2003,MAM,West Midlands,0.521,9.047
2004,MAM,West Midlands,0.385,5.244
2005,MAM,West Midlands,0.517,6.686
2006,MAM,West Midlands,0.545,8.767
2007,MAM,West Midlands,0.400,5.453
2008,MAM,West Midlands,0.405,4.616
2009,MAM,West Midlands,0.491,6.826
2010,MAM,West Midlands,0.492,8.279
2011,MAM,West Midlands,0.373,5.942
2012,MAM,West Midlands,0.536,6.965
2013,MAM,West Midlands,0.366,6.407
2014,MAM,West Midlands,0.484,6.663
2015,MAM,West Midlands,0.395,8.047
2016,MAM,West Midlands,0.539,8.349
2017,MAM,West Midlands,0.400,5.128
2018,MAM,West Midlands,0.416,6.221
2019,MAM,West Midlands,0.417,6.640
2020,MAM,West Midlands,0.358,5.105
2021,MAM,West Midlands,0.329,5.070
2022,MAM,West Midlands,0.481,5.116
2023,MAM,West Midlands,0.433,5.244
2024,MAM,West Midlands,0.465,7.535
2025,MAM,West Midlands,0.437,5.151
2026,MAM,West Midlands,0.353,6.372
2027,MAM,West Midlands,0.428,6.419
2028,MAM,West Midlands,0.429,8.279
2029,MAM,West Midlands,0.450,6.337
2030,MAM,West Midlands,0.474,8.279
2031,MAM,West Midlands,0.375,4.267
2032,MAM,West Midlands,0.430,6.802
2033,MAM,West Midlands,0.384,4.337
2034,MAM,West Midlands,0.491,6.779
2035,MAM,West Midlands,0.488,5.581
2036,MAM,West Midlands,0.329,5.837
2037,MAM,West Midlands,0.316,5.593
2038,MAM,West Midlands,0.383,5.093
2039,MAM,West Midlands,0.489,7.872
2040,MAM,West Midlands,0.336,4.791
2041,MAM,West Midlands,0.589,6.709
2042,MAM,West Midlands,0.386,5.012
2043,MAM,West Midlands,0.468,5.558
2044,MAM,West Midlands,0.478,7.105
2045,MAM,West Midlands,0.443,8.651
2046,MAM,West Midlands,0.436,5.093
2047,MAM,West Midlands,0.407,6.640
2048,MAM,West Midlands,0.498,5.651
2049,MAM,West Midlands,0.310,5.174
2050,MAM,West Midlands,0.523,7.000
2051,MAM,West Midlands,0.455,5.895
2052,MAM,West Midlands,0.496,6.988
2053,MAM,West Midlands,0.670,8.837
2054,MAM,West Midlands,0.449,8.407
2055,MAM,West Midlands,0.411,6.535
2056,MAM,West Midlands,0.548,7.849
2057,MAM,West Midlands,0.470,11.430
2058,MAM,West Midlands,0.475,6.267
2059,MAM,West Midlands,0.332,4.477
2060,MAM,West Midlands,0.417,5.163
2061,MAM,West Midlands,0.439,6.012
2062,MAM,West Midlands,0.360,4.012
2063,MAM,West Midlands,0.449,6.465
2064,MAM,West Midlands,0.405,4.453
2065,MAM,West Midlands,0.452,6.198
2066,MAM,West Midlands,0.372,4.988
2067,MAM,West Midlands,0.336,5.267
2068,MAM,West Midlands,0.421,8.826
2069,MAM,West Midlands,0.301,5.488
2070,MAM,West Midlands,0.372,5.360
2071,MAM,West Midlands,0.469,6.291
2072,MAM,West Midlands,0.439,7.767
2073,MAM,West Midlands,0.332,5.605
2074,MAM,West Midlands,0.483,8.035
2075,MAM,West Midlands,0.515,8.000
2076,MAM,West Midlands,0.351,4.419
2077,MAM,West Midlands,0.435,7.000
2078,MAM,West Midlands,0.420,6.535
2079,MAM,West Midlands,0.406,8.395
2080,MAM,West Midlands,0.433,5.581
1981,MAM,West Scotland,0.404,7.492
1982,MAM,West Scotland,0.488,10.900
1983,MAM,West Scotland,0.452,8.223
1984,MAM,West Scotland,0.456,7.662
1985,MAM,West Scotland,0.579,9.931
1986,MAM,West Scotland,0.477,8.246
1987,MAM,West Scotland,0.500,11.292
1988,MAM,West Scotland,0.476,10.677
1989,MAM,West Scotland,0.558,19.523
1990,MAM,West Scotland,0.482,10.523
1991,MAM,West Scotland,0.399,6.108
1992,MAM,West Scotland,0.534,12.154
1993,MAM,West Scotland,0.414,7.662
1994,MAM,West Scotland,0.459,8.746
1995,MAM,West Scotland,0.431,9.485
1996,MAM,West Scotland,0.534,8.608
1997,MAM,West Scotland,0.541,9.462
1998,MAM,West Scotland,0.439,6.346
1999,MAM,West Scotland,0.567,10.923
2000,MAM,West Scotland,0.630,10.369
2001,MAM,West Scotland,0.546,9.392
2002,MAM,West Scotland,0.531,9.523
2003,MAM,West Scotland,0.562,8.523
2004,MAM,West Scotland,0.469,9.077
2005,MAM,West Scotland,0.516,13.354
2006,MAM,West Scotland,0.563,8.731
2007,MAM,West Scotland,0.371,4.785
2008,MAM,West Scotland,0.407,7.554
2009,MAM,West Scotland,0.543,11.677
2010,MAM,West Scotland,0.630,10.331
2011,MAM,West Scotland,0.510,10.885
2012,MAM,West Scotland,0.577,7.315
2013,MAM,West Scotland,0.439,7.308
2014,MAM,West Scotland,0.589,10.931
2015,MAM,West Scotland,0.524,12.485
2016,MAM,West Scotland,0.656,13.785
2017,MAM,West Scotland,0.572,13.062
2018,MAM,West Scotland,0.456,7.738
2019,MAM,West Scotland,0.540,10.900
2020,MAM,West Scotland,0.450,13.423
2021,MAM,West Scotland,0.515,10.038
2022,MAM,West Scotland,0.560,8.346
2023,MAM,West Scotland,0.509,10.623
2024,MAM,West Scotland,0.555,9.646
2025,MAM,West Scotland,0.530,8.315
2026,MAM,West Scotland,0.531,9.954
2027,MAM,West Scotland,0.535,14.838
2028,MAM,West Scotland,0.635,16.108
2029,MAM,West Scotland,0.634,15.485
2030,MAM,West Scotland,0.479,10.808
2031,MAM,West Scotland,0.463,7.708
2032,MAM,West Scotland,0.494,9.754
2033,MAM,West Scotland,0.483,6.931
2034,MAM,West Scotland,0.637,12.608
2035,MAM,West Scotland,0.592,8.546
2036,MAM,West Scotland,0.527,11.362
2037,MAM,West Scotland,0.495,9.577
2038,MAM,West Scotland,0.568,14.700
2039,MAM,West Scotland,0.534,9.538
2040,MAM,West Scotland,0.369,7.700
2041,MAM,West Scotland,0.589,9.185
2042,MAM,West Scotland,0.540,12.792
2043,MAM,West Scotland,0.458,7.662
2044,MAM,West Scotland,0.637,9.892
2045,MAM,West Scotland,0.407,8.577
2046,MAM,West Scotland,0.540,9.377
2047,MAM,West Scotland,0.541,10.092
2048,MAM,West Scotland,0.649,13.123
2049,MAM,West Scotland,0.545,12.077
2050,MAM,West Scotland,0.579,10.592
2051,MAM,West Scotland,0.565,12.200
2052,MAM,West Scotland,0.492,8.023
2053,MAM,West Scotland,0.735,14.354
2054,MAM,West Scotland,0.453,9.400
2055,MAM,West Scotland,0.545,15.515
2056,MAM,West Scotland,0.688,13.508
2057,MAM,West Scotland,0.554,10.800
2058,MAM,West Scotland,0.571,9.454
2059,MAM,West Scotland,0.582,12.115
2060,MAM,West Scotland,0.573,7.746
2061,MAM,West Scotland,0.543,10.415
2062,MAM,West Scotland,0.415,7.092
2063,MAM,West Scotland,0.482,6.538
2064,MAM,West Scotland,0.482,14.515
2065,MAM,West Scotland,0.474,10.923
2066,MAM,West Scotland,0.518,9.615
2067,MAM,West Scotland,0.518,15.869
2068,MAM,West Scotland,0.546,13.238
2069,MAM,West Scotland,0.380,7.138
2070,MAM,West Scotland,0.538,10.415
2071,MAM,West Scotland,0.578,10.223
2072,MAM,West Scotland,0.592,10.046
2073,MAM,West Scotland,0.302,6.554
2074,MAM,West Scotland,0.500,10.731
2075,MAM,West Scotland,0.552,6.838
2076,MAM,West Scotland,0.585,12.231
2077,MAM,West Scotland,0.552,9.262
2078,MAM,West Scotland,0.477,10.008
2079,MAM,West Scotland,0.601,13.192
2080,MAM,West Scotland,0.558,7.423
1981,MAM,Yorkshire and Humber,0.304,4.683
1982,MAM,Yorkshire and Humber,0.371,4.436
1983,MAM,Yorkshire and Humber,0.376,5.079
1984,MAM,Yorkshire and Humber,0.387,4.950
1985,MAM,Yorkshire and Humber,0.428,6.624
1986,MAM,Yorkshire and Humber,0.450,5.446
1987,MAM,Yorkshire and Humber,0.362,6.822
1988,MAM,Yorkshire and Humber,0.390,5.267
1989,MAM,Yorkshire and Humber,0.421,6.535
1990,MAM,Yorkshire and Humber,0.430,7.208
1991,MAM,Yorkshire and Humber,0.444,6.693
1992,MAM,Yorkshire and Humber,0.348,5.089
1993,MAM,Yorkshire and Humber,0.416,8.277
1994,MAM,Yorkshire and Humber,0.441,7.297
1995,MAM,Yorkshire and Humber,0.356,6.099
1996,MAM,Yorkshire and Humber,0.454,6.663
1997,MAM,Yorkshire and Humber,0.419,4.396
1998,MAM,Yorkshire and Humber,0.353,5.188
1999,MAM,Yorkshire and Humber,0.405,6.059
2000,MAM,Yorkshire and Humber,0.416,8.277
2001,MAM,Yorkshire and Humber,0.475,7.000
2002,MAM,Yorkshire and Humber,0.431,5.822
2003,MAM,Yorkshire and Humber,0.560,9.485
2004,MAM,Yorkshire and Humber,0.397,5.485
2005,MAM,Yorkshire and Humber,0.571,7.881
2006,MAM,Yorkshire and Humber,0.488,6.554
2007,MAM,Yorkshire and Humber,0.328,4.752
2008,MAM,Yorkshire and Humber,0.373,5.059
2009,MAM,Yorkshire and Humber,0.471,6.921
2010,MAM,Yorkshire and Humber,0.489,7.545
2011,MAM,Yorkshire and Humber,0.385,5.634
2012,MAM,Yorkshire and Humber,0.496,6.594
2013,MAM,Yorkshire and Humber,0.375,6.455
2014,MAM,Yorkshire and Humber,0.479,6.950
2015,MAM,Yorkshire and Humber,0.401,8.287
2016,MAM,Yorkshire and Humber,0.507,7.990
2017,MAM,Yorkshire and Humber,0.394,7.693
2018,MAM,Yorkshire and Humber,0.411,6.436
2019,MAM,Yorkshire and Humber,0.409,6.158
2020,MAM,Yorkshire and Humber,0.337,6.030
2021,MAM,Yorkshire and Humber,0.386,5.307
2022,MAM,Yorkshire and Humber,0.502,6.980
2023,MAM,Yorkshire and Humber,0.466,6.465
2024,MAM,Yorkshire and Humber,0.478,7.653
2025,MAM,Yorkshire and Humber,0.501,7.990
2026,MAM,Yorkshire and Humber,0.337,5.931
2027,MAM,Yorkshire and Humber,0.391,4.653
2028,MAM,Yorkshire and Humber,0.458,8.554
2029,MAM,Yorkshire and Humber,0.449,6.158
2030,MAM,Yorkshire and Humber,0.404,6.762
2031,MAM,Yorkshire and Humber,0.351,4.624
2032,MAM,Yorkshire and Humber,0.432,6.693
2033,MAM,Yorkshire and Humber,0.361,5.337
2034,MAM,Yorkshire and Humber,0.505,6.218
2035,MAM,Yorkshire and Humber,0.512,7.347
2036,MAM,Yorkshire and Humber,0.310,5.188
2037,MAM,Yorkshire and Humber,0.401,4.832
2038,MAM,Yorkshire and Humber,0.416,6.455
2039,MAM,Yorkshire and Humber,0.486,6.663
2040,MAM,Yorkshire and Humber,0.343,4.842
2041,MAM,Yorkshire and Humber,0.562,6.475
2042,MAM,Yorkshire and Humber,0.435,6.465
2043,MAM,Yorkshire and Humber,0.418,6.644
2044,MAM,Yorkshire and Humber,0.455,6.010
2045,MAM,Yorkshire and Humber,0.400,7.584
2046,MAM,Yorkshire and Humber,0.492,6.901
2047,MAM,Yorkshire and Humber,0.397,6.079
2048,MAM,Yorkshire and Humber,0.528,6.723
2049,MAM,Yorkshire and Humber,0.354,5.762
2050,MAM,Yorkshire and Humber,0.528,6.772
2051,MAM,Yorkshire and Humber,0.429,6.584
2052,MAM,Yorkshire and Humber,0.541,7.554
2053,MAM,Yorkshire and Humber,0.642,8.743
2054,MAM,Yorkshire and Humber,0.458,6.941
2055,MAM,Yorkshire and Humber,0.370,4.921
2056,MAM,Yorkshire and Humber,0.519,6.426
2057,MAM,Yorkshire and Humber,0.430,8.228
2058,MAM,Yorkshire and Humber,0.454,6.188
2059,MAM,Yorkshire and Humber,0.351,4.851
2060,MAM,Yorkshire and Humber,0.427,5.455
2061,MAM,Yorkshire and Humber,0.449,5.455
2062,MAM,Yorkshire and Humber,0.295,3.733
2063,MAM,Yorkshire and Humber,0.484,5.941
2064,MAM,Yorkshire and Humber,0.391,4.436
2065,MAM,Yorkshire and Humber,0.425,5.921
2066,MAM,Yorkshire and Humber,0.419,5.832
2067,MAM,Yorkshire and Humber,0.347,7.050
2068,MAM,Yorkshire and Humber,0.469,9.505
2069,MAM,Yorkshire and Humber,0.269,5.673
2070,MAM,Yorkshire and Humber,0.318,4.733
2071,MAM,Yorkshire and Humber,0.481,5.436
2072,MAM,Yorkshire and Humber,0.444,7.980
2073,MAM,Yorkshire and Humber,0.315,4.584
2074,MAM,Yorkshire and Humber,0.473,7.921
2075,MAM,Yorkshire and Humber,0.556,9.030
2076,MAM,Yorkshire and Humber,0.375,5.337
2077,MAM,Yorkshire and Humber,0.400,4.921
2078,MAM,Yorkshire and Humber,0.420,6.861
2079,MAM,Yorkshire and Humber,0.451,7.168
2080,MAM,Yorkshire and Humber,0.471,5.129
1981,MAM,Channel Islands,0.380,7.000
1982,MAM,Channel Islands,0.522,11.000
1983,MAM,Channel Islands,0.489,7.000
1984,MAM,Channel Islands,0.370,7.000
1985,MAM,Channel Islands,0.489,7.000
1986,MAM,Channel Islands,0.446,8.000
1987,MAM,Channel Islands,0.457,9.000
1988,MAM,Channel Islands,0.467,8.000
1989,MAM,Channel Islands,0.326,5.000
1990,MAM,Channel Islands,0.500,6.000
1991,MAM,Channel Islands,0.457,10.000
1992,MAM,Channel Islands,0.359,5.000
1993,MAM,Channel Islands,0.359,5.000
1994,MAM,Channel Islands,0.359,7.000
1995,MAM,Channel Islands,0.402,8.000
1996,MAM,Channel Islands,0.587,10.000
1997,MAM,Channel Islands,0.522,9.000
1998,MAM,Channel Islands,0.543,5.000
1999,MAM,Channel Islands,0.467,8.000
2000,MAM,Channel Islands,0.370,6.000
2001,MAM,Channel Islands,0.543,10.000
2002,MAM,Channel Islands,0.391,8.000
2003,MAM,Channel Islands,0.674,11.000
2004,MAM,Channel Islands,0.435,10.000
2005,MAM,Channel Islands,0.478,10.000
2006,MAM,Channel Islands,0.652,11.000
2007,MAM,Channel Islands,0.500,13.000
2008,MAM,Channel Islands,0.435,5.000
2009,MAM,Channel Islands,0.522,8.000
2010,MAM,Channel Islands,0.522,7.000
2011,MAM,Channel Islands,0.435,11.000
2012,MAM,Channel Islands,0.598,8.000
2013,MAM,Channel Islands,0.500,12.000
2014,MAM,Channel Islands,0.576,6.000
2015,MAM,Channel Islands,0.543,23.000
2016,MAM,Channel Islands,0.565,9.000
2017,MAM,Channel Islands,0.457,6.000
2018,MAM,Channel Islands,0.522,23.000
2019,MAM,Channel Islands,0.435,11.000
2020,MAM,Channel Islands,0.478,10.000
2021,MAM,Channel Islands,0.315,8.000
2022,MAM,Channel Islands,0.554,7.000
2023,MAM,Channel Islands,0.478,6.000
2024,MAM,Channel Islands,0.500,7.000
2025,MAM,Channel Islands,0.565,7.000
2026,MAM,Channel Islands,0.380,8.000
2027,MAM,Channel Islands,0.467,10.000
2028,MAM,Channel Islands,0.446,4.000
2029,MAM,Channel Islands,0.511,7.000
2030,MAM,Channel Islands,0.467,8.000
2031,MAM,Channel Islands,0.533,7.000
2032,MAM,Channel Islands,0.500,10.000
2033,MAM,Channel Islands,0.435,5.000
2034,MAM,Channel Islands,0.435,6.000
2035,MAM,Channel Islands,0.565,6.000
2036,MAM,Channel Islands,0.380,6.000
2037,MAM,Channel Islands,0.402,10.000
2038,MAM,Channel Islands,0.478,12.000
2039,MAM,Channel Islands,0.533,10.000
2040,MAM,Channel Islands,0.359,3.000
2041,MAM,Channel Islands,0.696,8.000
2042,MAM,Channel Islands,0.609,11.000
2043,MAM,Channel Islands,0.598,8.000
2044,MAM,Channel Islands,0.565,13.000
2045,MAM,Channel Islands,0.467,10.000
2046,MAM,Channel Islands,0.402,9.000
2047,MAM,Channel Islands,0.424,8.000
2048,MAM,Channel Islands,0.630,13.000
2049,MAM,Channel Islands,0.337,7.000
2050,MAM,Channel Islands,0.598,8.000
2051,MAM,Channel Islands,0.543,13.000
2052,MAM,Channel Islands,0.543,11.000
2053,MAM,Channel Islands,0.685,13.000
2054,MAM,Channel Islands,0.522,10.000
2055,MAM,Channel Islands,0.326,6.000
2056,MAM,Channel Islands,0.576,9.000
2057,MAM,Channel Islands,0.500,19.000
2058,MAM,Channel Islands,0.500,7.000
2059,MAM,Channel Islands,0.326,9.000
2060,MAM,Channel Islands,0.500,10.000
2061,MAM,Channel Islands,0.478,6.000
2062,MAM,Channel Islands,0.424,7.000
2063,MAM,Channel Islands,0.543,7.000
2064,MAM,Channel Islands,0.467,7.000
2065,MAM,Channel Islands,0.511,10.000
2066,MAM,Channel Islands,0.402,7.000
2067,MAM,Channel Islands,0.391,6.000
2068,MAM,Channel Islands,0.391,8.000
2069,MAM,Channel Islands,0.435,5.000
2070,MAM,Channel Islands,0.380,10.000
2071,MAM,Channel Islands,0.413,10.000
2072,MAM,Channel Islands,0.478,7.000
2073,MAM,Channel Islands,0.457,10.000
2074,MAM,Channel Islands,0.533,9.000
2075,MAM,Channel Islands,0.554,18.000
2076,MAM,Channel Islands,0.391,6.000
2077,MAM,Channel Islands,0.489,8.000
2078,MAM,Channel Islands,0.457,11.000
2079,MAM,Channel Islands,0.413,11.000
2080,MAM,Channel Islands,0.543,10.000
1981,MAM,Isle of Man,0.362,6.000
1982,MAM,Isle of Man,0.493,14.667
1983,MAM,Isle of Man,0.442,7.000
1984,MAM,Isle of Man,0.413,5.000
1985,MAM,Isle of Man,0.551,11.000
1986,MAM,Isle of Man,0.504,5.667
1987,MAM,Isle of Man,0.493,12.000
1988,MAM,Isle of Man,0.460,7.667
1989,MAM,Isle of Man,0.558,15.000
1990,MAM,Isle of Man,0.507,9.333
1991,MAM,Isle of Man,0.377,7.333
1992,MAM,Isle of Man,0.511,8.667
1993,MAM,Isle of Man,0.380,5.000
1994,MAM,Isle of Man,0.522,7.333
1995,MAM,Isle of Man,0.413,7.667
1996,MAM,Isle of Man,0.562,9.000
1997,MAM,Isle of Man,0.551,9.667
1998,MAM,Isle of Man,0.388,5.333
1999,MAM,Isle of Man,0.540,9.667
2000,MAM,Isle of Man,0.518,6.000
2001,MAM,Isle of Man,0.630,10.333
2002,MAM,Isle of Man,0.620,9.000
2003,MAM,Isle of Man,0.587,9.000
2004,MAM,Isle of Man,0.496,5.333
2005,MAM,Isle of Man,0.598,21.333
2006,MAM,Isle of Man,0.601,19.667
2007,MAM,Isle of Man,0.341,4.000
2008,MAM,Isle of Man,0.464,7.333
2009,MAM,Isle of Man,0.605,13.000
2010,MAM,Isle of Man,0.620,9.333
2011,MAM,Isle of Man,0.420,12.000
2012,MAM,Isle of Man,0.587,7.333
2013,MAM,Isle of Man,0.460,8.333
2014,MAM,Isle of Man,0.627,8.667
2015,MAM,Isle of Man,0.424,7.667
2016,MAM,Isle of Man,0.583,9.000
2017,MAM,Isle of Man,0.540,12.000
2018,MAM,Isle of Man,0.500,6.333
2019,MAM,Isle of Man,0.572,8.333
2020,MAM,Isle of Man,0.457,9.333
2021,MAM,Isle of Man,0.453,10.000
2022,MAM,Isle of Man,0.554,8.667
2023,MAM,Isle of Man,0.569,9.333
2024,MAM,Isle of Man,0.558,7.667
2025,MAM,Isle of Man,0.522,8.000
2026,MAM,Isle of Man,0.514,16.667
2027,MAM,Isle of Man,0.507,7.000
2028,MAM,Isle of Man,0.601,15.000
2029,MAM,Isle of Man,0.601,11.000
2030,MAM,Isle of Man,0.507,13.000
2031,MAM,Isle of Man,0.475,8.333
2032,MAM,Isle of Man,0.533,9.333
2033,MAM,Isle of Man,0.460,8.000
2034,MAM,Isle of Man,0.594,7.000
2035,MAM,Isle of Man,0.681,8.667
2036,MAM,Isle of Man,0.438,8.000
2037,MAM,Isle of Man,0.413,8.000
2038,MAM,Isle of Man,0.612,11.000
2039,MAM,Isle of Man,0.569,11.667
2040,MAM,Isle of Man,0.417,9.000
2041,MAM,Isle of Man,0.630,12.667
2042,MAM,Isle of Man,0.558,9.667
2043,MAM,Isle of Man,0.551,9.000
2044,MAM,Isle of Man,0.591,9.667
2045,MAM,Isle of Man,0.395,6.000
2046,MAM,Isle of Man,0.489,6.667
2047,MAM,Isle of Man,0.449,9.667
2048,MAM,Isle of Man,0.569,7.333
2049,MAM,Isle of Man,0.467,14.667
2050,MAM,Isle of Man,0.601,9.333
2051,MAM,Isle of Man,0.525,6.667
2052,MAM,Isle of Man,0.533,9.333
2053,MAM,Isle of Man,0.764,12.000
2054,MAM,Isle of Man,0.533,14.333
2055,MAM,Isle of Man,0.514,9.000
2056,MAM,Isle of Man,0.707,13.333
2057,MAM,Isle of Man,0.500,7.667
2058,MAM,Isle of Man,0.558,6.333
2059,MAM,Isle of Man,0.493,5.333
2060,MAM,Isle of Man,0.547,7.000
2061,MAM,Isle of Man,0.522,6.667
2062,MAM,Isle of Man,0.391,6.667
2063,MAM,Isle of Man,0.551,10.667
2064,MAM,Isle of Man,0.457,8.000
2065,MAM,Isle of Man,0.507,14.000
2066,MAM,Isle of Man,0.457,6.000
2067,MAM,Isle of Man,0.478,14.000
2068,MAM,Isle of Man,0.460,12.667
2069,MAM,Isle of Man,0.395,9.667
2070,MAM,Isle of Man,0.493,9.667
2071,MAM,Isle of Man,0.605,12.333
2072,MAM,Isle of Man,0.554,8.000
2073,MAM,Isle of Man,0.333,8.000
2074,MAM,Isle of Man,0.533,8.667
2075,MAM,Isle of Man,0.554,9.000
2076,MAM,Isle of Man,0.514,9.333
2077,MAM,Isle of Man,0.511,8.000
2078,MAM,Isle of Man,0.478,8.333
2079,MAM,Isle of Man,0.551,13.000
2080,MAM,Isle of Man,0.486,5.667
1981,MAM,Northern Ireland,0.439,10.105
1982,MAM,Northern Ireland,0.436,7.942
1983,MAM,Northern Ireland,0.415,6.779
1984,MAM,Northern Ireland,0.457,7.081
1985,MAM,Northern Ireland,0.573,9.535
1986,MAM,Northern Ireland,0.496,7.721
1987,MAM,Northern Ireland,0.515,8.512
1988,MAM,Northern Ireland,0.491,8.453
1989,MAM,Northern Ireland,0.569,16.779
1990,MAM,Northern Ireland,0.490,9.663
1991,MAM,Northern Ireland,0.419,7.837
1992,MAM,Northern Ireland,0.548,14.081
1993,MAM,Northern Ireland,0.392,7.860
1994,MAM,Northern Ireland,0.495,7.360
1995,MAM,Northern Ireland,0.419,9.140
1996,MAM,Northern Ireland,0.541,10.372
1997,MAM,Northern Ireland,0.622,9.651
1998,MAM,Northern Ireland,0.439,4.674
1999,MAM,Northern Ireland,0.514,10.163
2000,MAM,Northern Ireland,0.579,10.407
2001,MAM,Northern Ireland,0.628,10.756
2002,MAM,Northern Ireland,0.587,8.640
2003,MAM,Northern Ireland,0.578,9.221
2004,MAM,Northern Ireland,0.440,6.988
2005,MAM,Northern Ireland,0.564,14.047
2006,MAM,Northern Ireland,0.558,8.953
2007,MAM,Northern Ireland,0.381,5.291
2008,MAM,Northern Ireland,0.418,7.640
2009,MAM,Northern Ireland,0.555,8.709
2010,MAM,Northern Ireland,0.619,7.977
2011,MAM,Northern Ireland,0.488,13.023
2012,MAM,Northern Ireland,0.618,11.663
2013,MAM,Northern Ireland,0.441,8.012
2014,MAM,Northern Ireland,0.697,12.419
2015,MAM,Northern Ireland,0.470,8.709
2016,MAM,Northern Ireland,0.627,10.081
2017,MAM,Northern Ireland,0.554,11.337
2018,MAM,Northern Ireland,0.448,6.291
2019,MAM,Northern Ireland,0.556,9.709
2020,MAM,Northern Ireland,0.487,10.012
2021,MAM,Northern Ireland,0.485,9.860
2022,MAM,Northern Ireland,0.564,8.291
2023,MAM,Northern Ireland,0.530,11.209
2024,MAM,Northern Ireland,0.561,10.291
2025,MAM,Northern Ireland,0.540,10.000
2026,MAM,Northern Ireland,0.520,10.174
2027,MAM,Northern Ireland,0.555,10.791
2028,MAM,Northern Ireland,0.611,14.744
2029,MAM,Northern Ireland,0.612,10.535
2030,MAM,Northern Ireland,0.507,11.733
2031,MAM,Northern Ireland,0.490,9.233
2032,MAM,Northern Ireland,0.481,6.826
2033,MAM,Northern Ireland,0.481,6.709
2034,MAM,Northern Ireland,0.619,9.128
2035,MAM,Northern Ireland,0.679,8.930
2036,MAM,Northern Ireland,0.516,9.884
2037,MAM,Northern Ireland,0.525,8.767
2038,MAM,Northern Ireland,0.549,12.233
2039,MAM,Northern Ireland,0.553,9.430
2040,MAM,Northern Ireland,0.369,7.942
2041,MAM,Northern Ireland,0.569,9.058
2042,MAM,Northern Ireland,0.554,9.291
2043,MAM,Northern Ireland,0.474,7.709
2044,MAM,Northern Ireland,0.628,11.198
2045,MAM,Northern Ireland,0.427,6.267
2046,MAM,Northern Ireland,0.509,7.663
2047,MAM,Northern Ireland,0.496,8.570
2048,MAM,Northern Ireland,0.583,8.779
2049,MAM,Northern Ireland,0.552,13.547
2050,MAM,Northern Ireland,0.618,9.919
2051,MAM,Northern Ireland,0.553,7.302
2052,MAM,Northern Ireland,0.546,8.721
2053,MAM,Northern Ireland,0.679,12.442
2054,MAM,Northern Ireland,0.451,9.919
2055,MAM,Northern Ireland,0.547,10.744
2056,MAM,Northern Ireland,0.649,11.872
2057,MAM,Northern Ireland,0.535,7.814
2058,MAM,Northern Ireland,0.598,8.186
2059,MAM,Northern Ireland,0.476,7.430
2060,MAM,Northern Ireland,0.592,8.686
2061,MAM,Northern Ireland,0.551,11.128
2062,MAM,Northern Ireland,0.439,8.058
2063,MAM,Northern Ireland,0.511,8.453
2064,MAM,Northern Ireland,0.539,9.523
2065,MAM,Northern Ireland,0.465,6.616
2066,MAM,Northern Ireland,0.456,7.837
2067,MAM,Northern Ireland,0.482,11.465
2068,MAM,Northern Ireland,0.467,11.000
2069,MAM,Northern Ireland,0.428,7.628
2070,MAM,Northern Ireland,0.528,8.907
2071,MAM,Northern Ireland,0.570,8.453
2072,MAM,Northern Ireland,0.593,9.442
2073,MAM,Northern Ireland,0.350,6.000
2074,MAM,Northern Ireland,0.497,8.500
2075,MAM,Northern Ireland,0.525,6.965
2076,MAM,Northern Ireland,0.562,8.651
2077,MAM,Northern Ireland,0.565,10.349
2078,MAM,Northern Ireland,0.462,8.279
2079,MAM,Northern Ireland,0.577,12.047
2080,MAM,Northern Ireland,0.533,8.686
1981,MAM,Wales,0.371,6.285
1982,MAM,Wales,0.478,9.584
1983,MAM,Wales,0.410,7.307
1984,MAM,Wales,0.376,5.015
1985,MAM,Wales,0.486,8.672
1986,MAM,Wales,0.459,6.182
1987,MAM,Wales,0.443,9.277
1988,MAM,Wales,0.463,6.730
1989,MAM,Wales,0.521,14.708
1990,MAM,Wales,0.468,7.409
1991,MAM,Wales,0.430,6.599
1992,MAM,Wales,0.437,6.854
1993,MAM,Wales,0.427,7.241
1994,MAM,Wales,0.527,7.723
1995,MAM,Wales,0.380,6.204
1996,MAM,Wales,0.540,10.825
1997,MAM,Wales,0.517,8.759
1998,MAM,Wales,0.400,4.774
1999,MAM,Wales,0.456,7.051
2000,MAM,Wales,0.483,6.956
2001,MAM,Wales,0.569,9.036
2002,MAM,Wales,0.545,8.314
2003,MAM,Wales,0.582,8.372
2004,MAM,Wales,0.399,6.029
2005,MAM,Wales,0.563,14.365
2006,MAM,Wales,0.624,13.066
2007,MAM,Wales,0.421,5.190
2008,MAM,Wales,0.463,6.577
2009,MAM,Wales,0.570,10.102
2010,MAM,Wales,0.573,9.810
2011,MAM,Wales,0.429,9.015
2012,MAM,Wales,0.596,8.891
2013,MAM,Wales,0.417,10.307
2014,MAM,Wales,0.564,8.555
2015,MAM,Wales,0.437,9.453
2016,MAM,Wales,0.610,13.190
2017,MAM,Wales,0.476,7.022
2018,MAM,Wales,0.498,8.000
2019,MAM,Wales,0.494,8.372
2020,MAM,Wales,0.445,7.073
2021,MAM,Wales,0.367,7.883
2022,MAM,Wales,0.536,9.051
2023,MAM,Wales,0.510,9.533
2024,MAM,Wales,0.528,9.891
2025,MAM,Wales,0.511,10.029
2026,MAM,Wales,0.416,8.255
2027,MAM,Wales,0.500,9.905
2028,MAM,Wales,0.510,10.766
2029,MAM,Wales,0.537,9.547
2030,MAM,Wales,0.510,10.241
2031,MAM,Wales,0.454,5.423
2032,MAM,Wales,0.471,8.591
2033,MAM,Wales,0.431,5.920
2034,MAM,Wales,0.582,7.613
2035,MAM,Wales,0.624,8.336
2036,MAM,Wales,0.427,8.350
2037,MAM,Wales,0.427,7.292
2038,MAM,Wales,0.492,8.927
2039,MAM,Wales,0.545,8.810
2040,MAM,Wales,0.391,6.613
2041,MAM,Wales,0.677,9.511
2042,MAM,Wales,0.489,8.489
2043,MAM,Wales,0.515,8.277
2044,MAM,Wales,0.564,9.956
2045,MAM,Wales,0.466,8.445
2046,MAM,Wales,0.494,7.328
2047,MAM,Wales,0.442,7.606
2048,MAM,Wales,0.550,8.387
2049,MAM,Wales,0.395,9.299
2050,MAM,Wales,0.645,12.708
2051,MAM,Wales,0.523,9.292
2052,MAM,Wales,0.527,9.467
2053,MAM,Wales,0.697,11.985
2054,MAM,Wales,0.509,11.584
2055,MAM,Wales,0.464,7.956
2056,MAM,Wales,0.620,10.044
2057,MAM,Wales,0.514,12.270
2058,MAM,Wales,0.503,5.912
2059,MAM,Wales,0.468,8.788
2060,MAM,Wales,0.521,7.423
2061,MAM,Wales,0.497,8.321
2062,MAM,Wales,0.422,6.263
2063,MAM,Wales,0.488,9.336
2064,MAM,Wales,0.474,7.745
2065,MAM,Wales,0.463,10.701
2066,MAM,Wales,0.422,7.409
2067,MAM,Wales,0.422,7.796
2068,MAM,Wales,0.472,12.175
2069,MAM,Wales,0.334,7.270
2070,MAM,Wales,0.427,7.467
2071,MAM,Wales,0.532,7.482
2072,MAM,Wales,0.505,9.832
2073,MAM,Wales,0.380,7.241
2074,MAM,Wales,0.547,8.672
2075,MAM,Wales,0.571,13.088
2076,MAM,Wales,0.450,8.898
2077,MAM,Wales,0.504,7.336
2078,MAM,Wales,0.478,7.978
2079,MAM,Wales,0.484,12.234
2080,MAM,Wales,0.507,8.803
1981,JJA,East Midlands,0.481,6.874
1982,JJA,East Midlands,0.488,6.602
1983,JJA,East Midlands,0.409,5.466
1984,JJA,East Midlands,0.409,4.932
1985,JJA,East Midlands,0.375,5.592
1986,JJA,East Midlands,0.327,4.689
1987,JJA,East Midlands,0.350,4.922
1988,JJA,East Midlands,0.423,4.524
1989,JJA,East Midlands,0.348,4.184
1990,JJA,East Midlands,0.435,9.417
1991,JJA,East Midlands,0.402,6.029
1992,JJA,East Midlands,0.436,5.816
1993,JJA,East Midlands,0.442,5.990
1994,JJA,East Midlands,0.545,11.544
1995,JJA,East Midlands,0.395,7.961
1996,JJA,East Midlands,0.457,7.854
1997,JJA,East Midlands,0.438,7.456
1998,JJA,East Midlands,0.460,5.340
1999,JJA,East Midlands,0.302,3.961
2000,JJA,East Midlands,0.385,3.660
2001,JJA,East Midlands,0.509,6.233
2002,JJA,East Midlands,0.368,6.544
2003,JJA,East Midlands,0.444,7.175
2004,JJA,East Midlands,0.339,7.864
2005,JJA,East Midlands,0.374,5.699
2006,JJA,East Midlands,0.386,5.136
2007,JJA,East Midlands,0.464,6.534
2008,JJA,East Midlands,0.363,4.359
2009,JJA,East Midlands,0.435,4.709
2010,JJA,East Midlands,0.457,5.417
2011,JJA,East Midlands,0.417,6.165
2012,JJA,East Midlands,0.415,5.893
2013,JJA,East Midlands,0.381,5.699
2014,JJA,East Midlands,0.351,4.757
2015,JJA,East Midlands,0.325,5.592
2016,JJA,East Midlands,0.294,5.573
2017,JJA,East Midlands,0.354,4.816
2018,JJA,East Midlands,0.220,3.816
2019,JJA,East Midlands,0.302,5.146
2020,JJA,East Midlands,0.410,5.117
2021,JJA,East Midlands,0.381,6.136
2022,JJA,East Midlands,0.410,4.398
2023,JJA,East Midlands,0.405,4.796
2024,JJA,East Midlands,0.369,5.320
2025,JJA,East Midlands,0.456,6.534
2026,JJA,East Midlands,0.522,9.883
2027,JJA,East Midlands,0.417,8.553
2028,JJA,East Midlands,0.419,7.466
2029,JJA,East Midlands,0.389,8.641
2030,JJA,East Midlands,0.267,5.922
2031,JJA,East Midlands,0.401,5.282
2032,JJA,East Midlands,0.402,4.990
2033,JJA,East Midlands,0.413,5.563
2034,JJA,East Midlands,0.461,6.786
2035,JJA,East Midlands,0.402,6.612
2036,JJA,East Midlands,0.361,6.709
2037,JJA,East Midlands,0.502,7.709
2038,JJA,East Midlands,0.400,5.845
2039,JJA,East Midlands,0.289,3.942
2040,JJA,East Midlands,0.362,4.320
2041,JJA,East Midlands,0.337,4.029
2042,JJA,East Midlands,0.415,7.175
2043,JJA,East Midlands,0.433,5.311
2044,JJA,East Midlands,0.390,6.165
2045,JJA,East Midlands,0.443,4.786
2046,JJA,East Midlands,0.413,8.417
2047,JJA,East Midlands,0.325,3.971
2048,JJA,East Midlands,0.394,4.155
2049,JJA,East Midlands,0.420,6.447
2050,JJA,East Midlands,0.314,5.000
2051,JJA,East Midlands,0.495,6.282
2052,JJA,East Midlands,0.440,6.660
2053,JJA,East Midlands,0.300,4.155
2054,JJA,East Midlands,0.275,5.777
2055,JJA,East Midlands,0.292,5.184
2056,JJA,East Midlands,0.308,4.515
2057,JJA,East Midlands,0.354,6.359
2058,JJA,East Midlands,0.194,3.408
2059,JJA,East Midlands,0.309,4.427
2060,JJA,East Midlands,0.301,3.893
2061,JJA,East Midlands,0.262,5.262
2062,JJA,East Midlands,0.457,5.427
2063,JJA,East Midlands,0.250,3.417
2064,JJA,East Midlands,0.230,3.816
2065,JJA,East Midlands,0.455,5.524
2066,JJA,East Midlands,0.447,6.184
2067,JJA,East Midlands,0.301,3.913
2068,JJA,East Midlands,0.367,6.485
2069,JJA,East Midlands,0.403,4.301
2070,JJA,East Midlands,0.314,4.845
2071,JJA,East Midlands,0.345,4.670
2072,JJA,East Midlands,0.353,5.699
2073,JJA,East Midlands,0.284,4.806
2074,JJA,East Midlands,0.362,4.369
2075,JJA,East Midlands,0.299,5.330
2076,JJA,East Midlands,0.306,4.728
2077,JJA,East Midlands,0.264,3.621
2078,JJA,East Midlands,0.323,5.583
2079,JJA,East Midlands,0.409,5.087
2080,JJA,East Midlands,0.275,3.612
1981,JJA,East of England,0.432,6.206
1982,JJA,East of England,0.448,5.738
1983,JJA,East of England,0.438,6.302
1984,JJA,East of England,0.363,4.786
1985,JJA,East of England,0.361,5.587
1986,JJA,East of England,0.263,4.397
1987,JJA,East of England,0.298,4.873
1988,JJA,East of England,0.362,3.492
1989,JJA,East of England,0.282,4.492
1990,JJA,East of England,0.366,5.587
1991,JJA,East of England,0.337,4.183
1992,JJA,East of England,0.419,5.659
1993,JJA,East of England,0.384,4.119
1994,JJA,East of England,0.428,6.563
1995,JJA,East of England,0.342,5.159
1996,JJA,East of England,0.403,6.048
1997,JJA,East of England,0.404,6.135
1998,JJA,East of England,0.431,5.278
1999,JJA,East of England,0.299,4.135
2000,JJA,East of England,0.336,3.897
2001,JJA,East of England,0.412,4.921
2002,JJA,East of England,0.295,4.175
2003,JJA,East of England,0.381,5.444
2004,JJA,East of England,0.316,7.349
2005,JJA,East of England,0.292,4.365
2006,JJA,East of England,0.311,4.286
2007,JJA,East of England,0.434,6.206
2008,JJA,East of England,0.396,4.921
2009,JJA,East of England,0.382,4.262
2010,JJA,East of England,0.389,4.635
2011,JJA,East of England,0.352,5.468
2012,JJA,East of England,0.351,6.175
2013,JJA,East of England,0.371,5.571
2014,JJA,East of England,0.375,4.706
2015,JJA,East of England,0.281,4.286
2016,JJA,East of England,0.249,4.992
2017,JJA,East of England,0.289,3.524
2018,JJA,East of England,0.217,3.690
2019,JJA,East of England,0.298,4.841
2020,JJA,East of England,0.359,3.770
2021,JJA,East of England,0.382,5.516
2022,JJA,East of England,0.324,3.452
2023,JJA,East of England,0.413,4.976
2024,JJA,East of England,0.339,5.548
2025,JJA,East of England,0.404,6.040
2026,JJA,East of England,0.467,6.310
2027,JJA,East of England,0.337,7.079
2028,JJA,East of England,0.325,4.651
2029,JJA,East of England,0.334,8.968
2030,JJA,East of England,0.294,7.310
2031,JJA,East of England,0.369,8.563
2032,JJA,East of England,0.366,5.849
2033,JJA,East of England,0.335,3.198
2034,JJA,East of England,0.387,3.913
2035,JJA,East of England,0.350,4.603
2036,JJA,East of England,0.321,5.730
2037,JJA,East of England,0.508,5.127
2038,JJA,East of England,0.406,5.913
2039,JJA,East of England,0.264,3.635
2040,JJA,East of England,0.378,4.381
2041,JJA,East of England,0.330,4.357
2042,JJA,East of England,0.353,5.714
2043,JJA,East of England,0.425,5.730
2044,JJA,East of England,0.359,4.325
2045,JJA,East of England,0.405,4.175
2046,JJA,East of England,0.332,7.635
2047,JJA,East of England,0.283,3.786
2048,JJA,East of England,0.342,3.810
2049,JJA,East of England,0.366,4.683
2050,JJA,East of England,0.285,4.437
2051,JJA,East of England,0.410,4.841
2052,JJA,East of England,0.371,5.349
2053,JJA,East of England,0.272,3.778
2054,JJA,East of England,0.231,3.135
2055,JJA,East of England,0.288,3.278
2056,JJA,East of England,0.264,3.810
2057,JJA,East of England,0.298,4.913
2058,JJA,East of England,0.175,3.063
2059,JJA,East of England,0.276,4.071
2060,JJA,East of England,0.248,3.040
2061,JJA,East of England,0.256,5.032
2062,JJA,East of England,0.468,5.929
2063,JJA,East of England,0.201,3.413
2064,JJA,East of England,0.200,3.008
2065,JJA,East of England,0.390,4.373
2066,JJA,East of England,0.388,4.127
2067,JJA,East of England,0.299,5.540
2068,JJA,East of England,0.357,7.167
2069,JJA,East of England,0.347,4.135
2070,JJA,East of England,0.301,5.127
2071,JJA,East of England,0.318,5.468
2072,JJA,East of England,0.337,6.611
2073,JJA,East of England,0.240,4.960
2074,JJA,East of England,0.301,4.000
2075,JJA,East of England,0.285,4.825
2076,JJA,East of England,0.298,4.968
2077,JJA,East of England,0.253,3.778
2078,JJA,East of England,0.310,5.206
2079,JJA,East of England,0.348,4.698
2080,JJA,East of England,0.271,3.405
1981,JJA,East Scotland,0.562,8.925
1982,JJA,East Scotland,0.605,9.365
1983,JJA,East Scotland,0.483,7.698
1984,JJA,East Scotland,0.524,9.333
1985,JJA,East Scotland,0.554,9.774
1986,JJA,East Scotland,0.542,8.591
1987,JJA,East Scotland,0.446,8.025
1988,JJA,East Scotland,0.564,9.208
1989,JJA,East Scotland,0.475,7.201
1990,JJA,East Scotland,0.539,9.176
1991,JJA,East Scotland,0.526,8.440
1992,JJA,East Scotland,0.551,7.629
1993,JJA,East Scotland,0.600,10.717
1994,JJA,East Scotland,0.586,10.629
1995,JJA,East Scotland,0.576,10.698
1996,JJA,East Scotland,0.518,6.736
1997,JJA,East Scotland,0.555,8.811
1998,JJA,East Scotland,0.538,7.214
1999,JJA,East Scotland,0.481,6.572
2000,JJA,East Scotland,0.551,9.767
2001,JJA,East Scotland,0.583,7.881
2002,JJA,East Scotland,0.530,9.730
2003,JJA,East Scotland,0.476,9.283
2004,JJA,East Scotland,0.559,7.931
2005,JJA,East Scotland,0.543,10.950
2006,JJA,East Scotland,0.460,7.170
2007,JJA,East Scotland,0.605,9.019
2008,JJA,East Scotland,0.453,6.667
2009,JJA,East Scotland,0.636,9.698
2010,JJA,East Scotland,0.532,7.805
2011,JJA,East Scotland,0.494,7.440
2012,JJA,East Scotland,0.511,7.503
2013,JJA,East Scotland,0.488,7.836
2014,JJA,East Scotland,0.590,9.553
2015,JJA,East Scotland,0.476,7.503
2016,JJA,East Scotland,0.422,6.616
2017,JJA,East Scotland,0.482,7.767
2018,JJA,East Scotland,0.433,7.296
2019,JJA,East Scotland,0.369,5.189
2020,JJA,East Scotland,0.647,11.270
2021,JJA,East Scotland,0.503,12.239
2022,JJA,East Scotland,0.609,8.151
2023,JJA,East Scotland,0.540,8.396
2024,JJA,East Scotland,0.554,8.390
2025,JJA,East Scotland,0.487,7.321
2026,JJA,East Scotland,0.573,9.308
2027,JJA,East Scotland,0.519,7.868
2028,JJA,East Scotland,0.555,7.541
2029,JJA,East Scotland,0.519,11.415
2030,JJA,East Scotland,0.435,6.761
2031,JJA,East Scotland,0.517,7.767
2032,JJA,East Scotland,0.511,8.906
2033,JJA,East Scotland,0.520,7.610
2034,JJA,East Scotland,0.599,11.019
2035,JJA,East Scotland,0.471,7.138
2036,JJA,East Scotland,0.506,7.069
2037,JJA,East Scotland,0.523,7.937
2038,JJA,East Scotland,0.460,6.868
2039,JJA,East Scotland,0.442,6.862
2040,JJA,East Scotland,0.524,7.101
2041,JJA,East Scotland,0.532,7.792
2042,JJA,East Scotland,0.525,8.226
2043,JJA,East Scotland,0.531,7.704
2044,JJA,East Scotland,0.595,10.377
2045,JJA,East Scotland,0.564,8.686
2046,JJA,East Scotland,0.526,7.981
2047,JJA,East Scotland,0.478,6.711
2048,JJA,East Scotland,0.492,10.069
2049,JJA,East Scotland,0.403,6.585
2050,JJA,East Scotland,0.513,7.491
2051,JJA,East Scotland,0.620,10.270
2052,JJA,East Scotland,0.525,7.862
2053,JJA,East Scotland,0.463,6.409
2054,JJA,East Scotland,0.481,6.742
2055,JJA,East Scotland,0.418,6.792
2056,JJA,East Scotland,0.456,6.912
2057,JJA,East Scotland,0.475,8.057
2058,JJA,East Scotland,0.299,4.497
2059,JJA,East Scotland,0.455,7.654
2060,JJA,East Scotland,0.401,7.686
2061,JJA,East Scotland,0.373,6.377
2062,JJA,East Scotland,0.445,7.805
2063,JJA,East Scotland,0.435,7.138
2064,JJA,East Scotland,0.392,7.220
2065,JJA,East Scotland,0.631,10.585
2066,JJA,East Scotland,0.611,9.843
2067,JJA,East Scotland,0.385,6.182
2068,JJA,East Scotland,0.459,8.069
2069,JJA,East Scotland,0.542,7.522
2070,JJA,East Scotland,0.338,5.616
2071,JJA,East Scotland,0.468,7.899
2072,JJA,East Scotland,0.463,6.333
2073,JJA,East Scotland,0.399,6.962
2074,JJA,East Scotland,0.492,9.516
2075,JJA,East Scotland,0.529,9.195
2076,JJA,East Scotland,0.468,6.119
2077,JJA,East Scotland,0.484,9.208
2078,JJA,East Scotland,0.494,7.472
2079,JJA,East Scotland,0.464,8.421
2080,JJA,East Scotland,0.487,5.981
1981,JJA,London,0.428,6.833
1982,JJA,London,0.435,5.500
1983,JJA,London,0.427,7.583
1984,JJA,London,0.369,5.333
1985,JJA,London,0.361,5.583
1986,JJA,London,0.283,5.000
1987,JJA,London,0.295,5.583
1988,JJA,London,0.348,3.667
1989,JJA,London,0.296,4.583
1990,JJA,London,0.339,4.167
1991,JJA,London,0.316,4.833
1992,JJA,London,0.408,4.083
1993,JJA,London,0.369,4.500
1994,JJA,London,0.477,7.417
1995,JJA,London,0.363,6.250
1996,JJA,London,0.409,6.167
1997,JJA,London,0.403,5.000
1998,JJA,London,0.393,4.667
1999,JJA,London,0.303,5.917
2000,JJA,London,0.371,5.333
2001,JJA,London,0.409,4.167
2002,JJA,London,0.270,3.500
2003,JJA,London,0.361,5.667
2004,JJA,London,0.303,10.583
2005,JJA,London,0.289,3.333
2006,JJA,London,0.258,5.000
2007,JJA,London,0.430,5.750
2008,JJA,London,0.405,6.750
2009,JJA,London,0.338,4.167
2010,JJA,London,0.350,4.417
2011,JJA,London,0.340,6.917
2012,JJA,London,0.370,10.250
2013,JJA,London,0.379,4.833
2014,JJA,London,0.393,5.083
2015,JJA,London,0.241,3.000
2016,JJA,London,0.241,5.667
2017,JJA,London,0.289,3.667
2018,JJA,London,0.222,3.917
2019,JJA,London,0.338,5.000
2020,JJA,London,0.390,3.833
2021,JJA,London,0.373,5.083
2022,JJA,London,0.293,4.667
2023,JJA,London,0.404,5.000
2024,JJA,London,0.290,5.000
2025,JJA,London,0.417,6.500
2026,JJA,London,0.485,8.000
2027,JJA,London,0.350,5.667
2028,JJA,London,0.338,4.667
2029,JJA,London,0.311,8.750
2030,JJA,London,0.259,5.333
2031,JJA,London,0.372,11.000
2032,JJA,London,0.347,5.833
2033,JJA,London,0.315,3.750
2034,JJA,London,0.357,3.667
2035,JJA,London,0.346,5.167
2036,JJA,London,0.271,7.000
2037,JJA,London,0.447,4.750
2038,JJA,London,0.362,4.500
2039,JJA,London,0.279,3.083
2040,JJA,London,0.322,5.167
2041,JJA,London,0.357,5.417
2042,JJA,London,0.346,4.667
2043,JJA,London,0.391,6.500
2044,JJA,London,0.357,5.333
2045,JJA,London,0.354,3.417
2046,JJA,London,0.316,7.000
2047,JJA,London,0.279,3.417
2048,JJA,London,0.356,3.917
2049,JJA,London,0.345,5.167
2050,JJA,London,0.329,5.417
2051,JJA,London,0.386,4.083
2052,JJA,London,0.340,5.917
2053,JJA,London,0.232,7.000
2054,JJA,London,0.224,2.083
2055,JJA,London,0.243,2.583
2056,JJA,London,0.302,3.417
2057,JJA,London,0.240,3.917
2058,JJA,London,0.157,2.000
2059,JJA,London,0.264,5.917
2060,JJA,London,0.255,3.167
2061,JJA,London,0.263,5.000
2062,JJA,London,0.486,6.167
2063,JJA,London,0.235,4.833
2064,JJA,London,0.177,3.167
2065,JJA,London,0.420,4.917
2066,JJA,London,0.351,3.000
2067,JJA,London,0.257,3.250
2068,JJA,London,0.379,7.167
2069,JJA,London,0.361,4.000
2070,JJA,London,0.294,8.500
2071,JJA,London,0.365,6.000
2072,JJA,London,0.330,5.500
2073,JJA,London,0.254,3.250
2074,JJA,London,0.333,3.500
2075,JJA,London,0.256,6.000
2076,JJA,London,0.295,4.417
2077,JJA,London,0.233,3.083
2078,JJA,London,0.320,5.167
2079,JJA,London,0.336,4.000
2080,JJA,London,0.247,2.750
1981,JJA,North East England,0.486,7.912
1982,JJA,North East England,0.522,6.825
1983,JJA,North East England,0.450,6.140
1984,JJA,North East England,0.443,6.070
1985,JJA,North East England,0.495,8.211
1986,JJA,North East England,0.429,8.088
1987,JJA,North East England,0.375,5.544
1988,JJA,North East England,0.550,8.842
1989,JJA,North East England,0.413,5.667
1990,JJA,North East England,0.428,6.509
1991,JJA,North East England,0.477,5.789
1992,JJA,North East England,0.513,7.105
1993,JJA,North East England,0.570,8.930
1994,JJA,North East England,0.563,9.702
1995,JJA,North East England,0.466,6.877
1996,JJA,North East England,0.464,6.175
1997,JJA,North East England,0.501,7.965
1998,JJA,North East England,0.511,6.474
1999,JJA,North East England,0.389,4.842
2000,JJA,North East England,0.516,6.386
2001,JJA,North East England,0.557,6.404
2002,JJA,North East England,0.447,6.018
2003,JJA,North East England,0.431,6.579
2004,JJA,North East England,0.471,6.965
2005,JJA,North East England,0.508,8.667
2006,JJA,North East England,0.375,5.211
2007,JJA,North East England,0.536,7.211
2008,JJA,North East England,0.367,5.649
2009,JJA,North East England,0.561,6.193
2010,JJA,North East England,0.460,6.123
2011,JJA,North East England,0.481,7.316
2012,JJA,North East England,0.509,6.719
2013,JJA,North East England,0.473,7.211
2014,JJA,North East England,0.485,7.649
2015,JJA,North East England,0.408,7.263
2016,JJA,North East England,0.416,5.456
2017,JJA,North East England,0.402,5.088
2018,JJA,North East England,0.365,4.965
2019,JJA,North East England,0.364,4.965
2020,JJA,North East England,0.572,8.193
2021,JJA,North East England,0.411,7.175
2022,JJA,North East England,0.515,6.088
2023,JJA,North East England,0.412,5.404
2024,JJA,North East England,0.469,5.772
2025,JJA,North East England,0.470,7.228
2026,JJA,North East England,0.567,10.930
2027,JJA,North East England,0.509,6.947
2028,JJA,North East England,0.493,7.772
2029,JJA,North East England,0.440,8.789
2030,JJA,North East England,0.428,8.526
2031,JJA,North East England,0.468,7.158
2032,JJA,North East England,0.481,6.404
2033,JJA,North East England,0.501,8.070
2034,JJA,North East England,0.555,10.965
2035,JJA,North East England,0.462,9.333
2036,JJA,North East England,0.441,4.789
2037,JJA,North East England,0.490,7.684
2038,JJA,North East England,0.449,7.316
2039,JJA,North East England,0.377,5.211
2040,JJA,North East England,0.474,5.158
2041,JJA,North East England,0.441,5.579
2042,JJA,North East England,0.443,6.053
2043,JJA,North East England,0.499,7.807
2044,JJA,North East England,0.523,9.333
2045,JJA,North East England,0.540,7.825
2046,JJA,North East England,0.498,6.351
2047,JJA,North East England,0.370,5.088
2048,JJA,North East England,0.474,6.772
2049,JJA,North East England,0.469,10.649
2050,JJA,North East England,0.437,6.649
2051,JJA,North East England,0.548,8.070
2052,JJA,North East England,0.484,8.491
2053,JJA,North East England,0.405,5.596
2054,JJA,North East England,0.365,5.544
2055,JJA,North East England,0.347,4.474
2056,JJA,North East England,0.422,5.561
2057,JJA,North East England,0.414,7.070
2058,JJA,North East England,0.235,3.351
2059,JJA,North East England,0.400,6.368
2060,JJA,North East England,0.383,5.895
2061,JJA,North East England,0.294,5.070
2062,JJA,North East England,0.456,7.491
2063,JJA,North East England,0.403,5.228
2064,JJA,North East England,0.327,5.035
2065,JJA,North East England,0.583,7.965
2066,JJA,North East England,0.550,10.263
2067,JJA,North East England,0.342,5.737
2068,JJA,North East England,0.456,8.175
2069,JJA,North East England,0.481,6.140
2070,JJA,North East England,0.342,4.333
2071,JJA,North East England,0.420,7.281
2072,JJA,North East England,0.420,6.228
2073,JJA,North East England,0.334,4.947
2074,JJA,North East England,0.400,5.737
2075,JJA,North East England,0.464,6.825
2076,JJA,North East England,0.409,5.825
2077,JJA,North East England,0.360,6.123
2078,JJA,North East England,0.405,5.439
2079,JJA,North East England,0.463,7.140
2080,JJA,North East England,0.403,4.386
1981,JJA,North Scotland,0.650,13.861
1982,JJA,North Scotland,0.676,15.955
1983,JJA,North Scotland,0.537,9.856
1984,JJA,North Scotland,0.680,13.816
1985,JJA,North Scotland,0.658,13.975
1986,JJA,North Scotland,0.654,11.234
1987,JJA,North Scotland,0.508,11.045
1988,JJA,North Scotland,0.654,14.950
1989,JJA,North Scotland,0.524,10.796
1990,JJA,North Scotland,0.653,16.532
1991,JJA,North Scotland,0.609,12.060
1992,JJA,North Scotland,0.610,10.154
1993,JJA,North Scotland,0.652,15.960
1994,JJA,North Scotland,0.591,11.915
1995,JJA,North Scotland,0.631,13.134
1996,JJA,North Scotland,0.592,10.746
1997,JJA,North Scotland,0.641,10.701
1998,JJA,North Scotland,0.629,10.786
1999,JJA,North Scotland,0.576,9.448
2000,JJA,North Scotland,0.576,10.706
2001,JJA,North Scotland,0.655,12.299
2002,JJA,North Scotland,0.604,13.114
2003,JJA,North Scotland,0.593,16.915
2004,JJA,North Scotland,0.627,12.090
2005,JJA,North Scotland,0.566,11.697
2006,JJA,North Scotland,0.516,10.607
2007,JJA,North Scotland,0.683,15.627
2008,JJA,North Scotland,0.516,8.851
2009,JJA,North Scotland,0.726,15.896
2010,JJA,North Scotland,0.611,11.910
2011,JJA,North Scotland,0.570,11.537
2012,JJA,North Scotland,0.536,13.975
2013,JJA,North Scotland,0.515,8.299
2014,JJA,North Scotland,0.681,11.652
2015,JJA,North Scotland,0.598,10.174
2016,JJA,North Scotland,0.498,11.443
2017,JJA,North Scotland,0.592,12.000
2018,JJA,North Scotland,0.552,12.831
2019,JJA,North Scotland,0.489,9.731
2020,JJA,North Scotland,0.721,15.119
2021,JJA,North Scotland,0.595,11.801
2022,JJA,North Scotland,0.744,16.831
2023,JJA,North Scotland,0.660,12.945
2024,JJA,North Scotland,0.595,10.373
2025,JJA,North Scotland,0.565,11.731
2026,JJA,North Scotland,0.556,9.114
2027,JJA,North Scotland,0.545,9.443
2028,JJA,North Scotland,0.642,12.647
2029,JJA,North Scotland,0.604,12.244
2030,JJA,North Scotland,0.485,8.741
2031,JJA,North Scotland,0.600,11.393
2032,JJA,North Scotland,0.530,14.507
2033,JJA,North Scotland,0.605,10.478
2034,JJA,North Scotland,0.649,15.159
2035,JJA,North Scotland,0.529,10.408
2036,JJA,North Scotland,0.619,13.368
2037,JJA,North Scotland,0.553,9.637
2038,JJA,North Scotland,0.524,7.970
2039,JJA,North Scotland,0.536,9.970
2040,JJA,North Scotland,0.596,11.816
2041,JJA,North Scotland,0.620,13.498
2042,JJA,North Scotland,0.589,12.537
2043,JJA,North Scotland,0.596,8.876
2044,JJA,North Scotland,0.677,13.363
2045,JJA,North Scotland,0.676,13.214
2046,JJA,North Scotland,0.588,11.766
2047,JJA,North Scotland,0.546,9.005
2048,JJA,North Scotland,0.534,12.796
2049,JJA,North Scotland,0.426,7.970
2050,JJA,North Scotland,0.563,11.428
2051,JJA,North Scotland,0.703,13.468
2052,JJA,North Scotland,0.620,12.299
2053,JJA,North Scotland,0.549,8.488
2054,JJA,North Scotland,0.608,8.935
2055,JJA,North Scotland,0.549,8.995
2056,JJA,North Scotland,0.555,9.552
2057,JJA,North Scotland,0.557,12.249
2058,JJA,North Scotland,0.439,9.035
2059,JJA,North Scotland,0.552,13.507
2060,JJA,North Scotland,0.419,8.234
2061,JJA,North Scotland,0.426,7.468
2062,JJA,North Scotland,0.508,11.791
2063,JJA,North Scotland,0.498,9.527
2064,JJA,North Scotland,0.490,8.612
2065,JJA,North Scotland,0.679,13.831
2066,JJA,North Scotland,0.665,13.851
2067,JJA,North Scotland,0.442,9.070
2068,JJA,North Scotland,0.522,9.791
2069,JJA,North Scotland,0.576,8.438
2070,JJA,North Scotland,0.377,6.627
2071,JJA,North Scotland,0.534,9.333
2072,JJA,North Scotland,0.496,7.259
2073,JJA,North Scotland,0.525,11.637
2074,JJA,North Scotland,0.568,10.547
2075,JJA,North Scotland,0.622,11.697
2076,JJA,North Scotland,0.563,8.657
2077,JJA,North Scotland,0.563,10.468
2078,JJA,North Scotland,0.601,12.990
2079,JJA,North Scotland,0.549,12.716
2080,JJA,North Scotland,0.569,9.114
1981,JJA,North West England,0.559,11.419
1982,JJA,North West England,0.604,9.688
1983,JJA,North West England,0.530,11.462
1984,JJA,North West England,0.523,7.591
1985,JJA,North West England,0.565,10.108
1986,JJA,North West England,0.484,12.022
1987,JJA,North West England,0.445,7.548
1988,JJA,North West England,0.577,15.946
1989,JJA,North West England,0.457,6.409
1990,JJA,North West England,0.570,10.538
1991,JJA,North West England,0.524,9.688
1992,JJA,North West England,0.578,8.914
1993,JJA,North West England,0.622,15.022
1994,JJA,North West England,0.622,15.419
1995,JJA,North West England,0.584,9.032
1996,JJA,North West England,0.536,9.269
1997,JJA,North West England,0.540,10.065
1998,JJA,North West England,0.581,8.247
1999,JJA,North West England,0.399,4.968
2000,JJA,North West England,0.588,8.247
2001,JJA,North West England,0.624,8.183
2002,JJA,North West England,0.475,8.548
2003,JJA,North West England,0.525,11.301
2004,JJA,North West England,0.513,11.473
2005,JJA,North West England,0.512,8.613
2006,JJA,North West England,0.479,7.505
2007,JJA,North West England,0.610,11.441
2008,JJA,North West England,0.444,6.538
2009,JJA,North West England,0.608,9.774
2010,JJA,North West England,0.520,7.774
2011,JJA,North West England,0.513,9.473
2012,JJA,North West England,0.529,8.280
2013,JJA,North West England,0.509,8.172
2014,JJA,North West England,0.527,6.581
2015,JJA,North West England,0.431,8.527
2016,JJA,North West England,0.403,6.806
2017,JJA,North West England,0.491,8.613
2018,JJA,North West England,0.375,6.301
2019,JJA,North West England,0.379,5.602
2020,JJA,North West England,0.657,12.613
2021,JJA,North West England,0.521,9.806
2022,JJA,North West England,0.569,7.419
2023,JJA,North West England,0.528,8.409
2024,JJA,North West England,0.505,7.581
2025,JJA,North West England,0.516,9.043
2026,JJA,North West England,0.612,12.452
2027,JJA,North West England,0.556,8.430
2028,JJA,North West England,0.576,14.151
2029,JJA,North West England,0.472,13.978
2030,JJA,North West England,0.413,7.849
2031,JJA,North West England,0.561,8.441
2032,JJA,North West England,0.503,8.688
2033,JJA,North West England,0.549,9.172
2034,JJA,North West England,0.640,15.269
2035,JJA,North West England,0.540,11.484
2036,JJA,North West England,0.496,7.226
2037,JJA,North West England,0.549,11.108
2038,JJA,North West England,0.460,10.183
2039,JJA,North West England,0.367,5.129
2040,JJA,North West England,0.460,6.462
2041,JJA,North West England,0.509,7.849
2042,JJA,North West England,0.522,10.312
2043,JJA,North West England,0.485,6.645
2044,JJA,North West England,0.562,12.989
2045,JJA,North West England,0.621,12.667
2046,JJA,North West England,0.537,9.140
2047,JJA,North West England,0.382,5.946
2048,JJA,North West England,0.533,8.624
2049,JJA,North West England,0.482,10.774
2050,JJA,North West England,0.469,7.591
2051,JJA,North West England,0.592,8.516
2052,JJA,North West England,0.515,9.839
2053,JJA,North West England,0.417,5.871
2054,JJA,North West England,0.395,5.785
2055,JJA,North West England,0.387,6.925
2056,JJA,North West England,0.444,9.882
2057,JJA,North West England,0.452,7.957
2058,JJA,North West England,0.241,5.280
2059,JJA,North West England,0.393,6.935
2060,JJA,North West England,0.427,6.978
2061,JJA,North West England,0.320,5.452
2062,JJA,North West England,0.479,8.237
2063,JJA,North West England,0.367,6.011
2064,JJA,North West England,0.365,7.333
2065,JJA,North West England,0.600,8.527
2066,JJA,North West England,0.577,14.032
2067,JJA,North West England,0.388,7.806
2068,JJA,North West England,0.431,8.710
2069,JJA,North West England,0.529,8.634
2070,JJA,North West England,0.334,4.914
2071,JJA,North West England,0.403,7.462
2072,JJA,North West England,0.447,6.011
2073,JJA,North West England,0.367,6.731
2074,JJA,North West England,0.453,9.247
2075,JJA,North West England,0.462,7.774
2076,JJA,North West England,0.408,6.860
2077,JJA,North West England,0.439,8.054
2078,JJA,North West England,0.427,8.419
2079,JJA,North West England,0.483,8.237
2080,JJA,North West England,0.393,5.194
1981,JJA,South East England,0.418,5.364
1982,JJA,South East England,0.437,5.008
1983,JJA,South East England,0.410,7.085
1984,JJA,South East England,0.336,4.771
1985,JJA,South East England,0.372,5.898
1986,JJA,South East England,0.287,5.161
1987,JJA,South East England,0.276,5.534
1988,JJA,South East England,0.344,3.958
1989,JJA,South East England,0.296,4.737
1990,JJA,South East England,0.349,5.212
1991,JJA,South East England,0.295,4.907
1992,JJA,South East England,0.416,4.610
1993,JJA,South East England,0.384,4.593
1994,JJA,South East England,0.455,6.525
1995,JJA,South East England,0.309,5.788
1996,JJA,South East England,0.372,5.178
1997,JJA,South East England,0.377,4.924
1998,JJA,South East England,0.374,4.610
1999,JJA,South East England,0.285,5.042
2000,JJA,South East England,0.346,4.788
2001,JJA,South East England,0.390,4.432
2002,JJA,South East England,0.264,4.534
2003,JJA,South East England,0.347,5.373
2004,JJA,South East England,0.269,6.576
2005,JJA,South East England,0.284,4.788
2006,JJA,South East England,0.255,4.695
2007,JJA,South East England,0.413,5.780
2008,JJA,South East England,0.408,5.695
2009,JJA,South East England,0.338,5.288
2010,JJA,South East England,0.359,4.966
2011,JJA,South East England,0.347,5.627
2012,JJA,South East England,0.344,6.475
2013,JJA,South East England,0.356,4.415
2014,JJA,South East England,0.365,4.415
2015,JJA,South East England,0.248,3.076
2016,JJA,South East England,0.235,4.847
2017,JJA,South East England,0.248,3.017
2018,JJA,South East England,0.214,3.322
2019,JJA,South East England,0.324,4.949
2020,JJA,South East England,0.381,4.856
2021,JJA,South East England,0.362,5.110
2022,JJA,South East England,0.300,4.525
2023,JJA,South East England,0.379,4.610
2024,JJA,South East England,0.288,4.466
2025,JJA,South East England,0.377,6.373
2026,JJA,South East England,0.445,6.814
2027,JJA,South East England,0.320,5.966
2028,JJA,South East England,0.347,5.356
2029,JJA,South East England,0.296,8.568
2030,JJA,South East England,0.239,4.771
2031,JJA,South East England,0.336,6.280
2032,JJA,South East England,0.349,5.907
2033,JJA,South East England,0.322,3.458
2034,JJA,South East England,0.385,5.263
2035,JJA,South East England,0.334,5.008
2036,JJA,South East England,0.242,5.398
2037,JJA,South East England,0.432,4.347
2038,JJA,South East England,0.337,4.458
2039,JJA,South East England,0.264,3.288
2040,JJA,South East England,0.308,4.746
2041,JJA,South East England,0.367,5.585
2042,JJA,South East England,0.325,5.805
2043,JJA,South East England,0.356,6.025
2044,JJA,South East England,0.358,4.517
2045,JJA,South East England,0.329,3.237
2046,JJA,South East England,0.333,5.881
2047,JJA,South East England,0.277,3.492
2048,JJA,South East England,0.348,3.661
2049,JJA,South East England,0.331,4.856
2050,JJA,South East England,0.293,4.381
2051,JJA,South East England,0.388,4.195
2052,JJA,South East England,0.322,3.907
2053,JJA,South East England,0.224,4.780
2054,JJA,South East England,0.194,2.966
2055,JJA,South East England,0.277,3.559
2056,JJA,South East England,0.273,4.127
2057,JJA,South East England,0.238,3.398
2058,JJA,South East England,0.144,2.288
2059,JJA,South East England,0.233,4.178
2060,JJA,South East England,0.263,3.534
2061,JJA,South East England,0.225,4.966
2062,JJA,South East England,0.432,4.610
2063,JJA,South East England,0.216,3.703
2064,JJA,South East England,0.171,2.814
2065,JJA,South East England,0.357,4.746
2066,JJA,South East England,0.364,3.195
2067,JJA,South East England,0.228,3.644
2068,JJA,South East England,0.343,7.763
2069,JJA,South East England,0.341,4.314
2070,JJA,South East England,0.271,5.559
2071,JJA,South East England,0.333,7.153
2072,JJA,South East England,0.320,4.958
2073,JJA,South East England,0.268,3.568
2074,JJA,South East England,0.309,3.712
2075,JJA,South East England,0.269,4.593
2076,JJA,South East England,0.251,4.288
2077,JJA,South East England,0.216,2.814
2078,JJA,South East England,0.307,5.432
2079,JJA,South East England,0.352,4.280
2080,JJA,South East England,0.221,3.373
1981,JJA,South West England,0.462,6.253
1982,JJA,South West England,0.447,6.057
1983,JJA,South West England,0.416,6.791
1984,JJA,South West England,0.356,4.987
1985,JJA,South West England,0.395,6.019
1986,JJA,South West England,0.369,6.019
1987,JJA,South West England,0.319,6.323
1988,JJA,South West England,0.366,4.696
1989,JJA,South West England,0.330,4.930
1990,JJA,South West England,0.388,6.278
1991,JJA,South West England,0.281,4.348
1992,JJA,South West England,0.424,5.044
1993,JJA,South West England,0.421,6.044
1994,JJA,South West England,0.488,6.253
1995,JJA,South West England,0.369,7.095
1996,JJA,South West England,0.383,5.310
1997,JJA,South West England,0.401,6.304
1998,JJA,South West England,0.368,4.475
1999,JJA,South West England,0.290,5.101
2000,JJA,South West England,0.343,5.310
2001,JJA,South West England,0.397,4.272
2002,JJA,South West England,0.258,4.076
2003,JJA,South West England,0.412,8.392
2004,JJA,South West England,0.252,4.570
2005,JJA,South West England,0.312,6.443
2006,JJA,South West England,0.312,4.696
2007,JJA,South West England,0.409,5.582
2008,JJA,South West England,0.418,5.247
2009,JJA,South West England,0.356,4.646
2010,JJA,South West England,0.396,4.386
2011,JJA,South West England,0.358,5.095
2012,JJA,South West England,0.361,5.987
2013,JJA,South West England,0.404,5.070
2014,JJA,South West England,0.325,4.405
2015,JJA,South West England,0.249,3.741
2016,JJA,South West England,0.289,5.386
2017,JJA,South West England,0.294,3.937
2018,JJA,South West England,0.205,3.335
2019,JJA,South West England,0.320,5.139
2020,JJA,South West England,0.432,6.354
2021,JJA,South West England,0.365,5.335
2022,JJA,South West England,0.335,4.222
2023,JJA,South West England,0.393,4.570
2024,JJA,South West England,0.323,5.203
2025,JJA,South West England,0.421,7.152
2026,JJA,South West England,0.495,5.937
2027,JJA,South West England,0.367,6.184
2028,JJA,South West England,0.387,6.886
2029,JJA,South West England,0.278,6.487
2030,JJA,South West England,0.232,4.323
2031,JJA,South West England,0.313,4.133
2032,JJA,South West England,0.346,7.114
2033,JJA,South West England,0.348,4.538
2034,JJA,South West England,0.415,6.544
2035,JJA,South West England,0.407,6.076
2036,JJA,South West England,0.205,4.203
2037,JJA,South West England,0.431,4.810
2038,JJA,South West England,0.330,5.152
2039,JJA,South West England,0.251,3.766
2040,JJA,South West England,0.280,4.646
2041,JJA,South West England,0.350,5.114
2042,JJA,South West England,0.360,6.418
2043,JJA,South West England,0.345,5.000
2044,JJA,South West England,0.406,6.468
2045,JJA,South West England,0.346,4.025
2046,JJA,South West England,0.358,6.399
2047,JJA,South West England,0.272,3.722
2048,JJA,South West England,0.360,4.038
2049,JJA,South West England,0.331,5.291
2050,JJA,South West England,0.295,4.063
2051,JJA,South West England,0.432,4.633
2052,JJA,South West England,0.329,4.475
2053,JJA,South West England,0.247,4.044
2054,JJA,South West England,0.215,4.557
2055,JJA,South West England,0.277,4.627
2056,JJA,South West England,0.259,5.076
2057,JJA,South West England,0.274,4.032
2058,JJA,South West England,0.134,3.171
2059,JJA,South West England,0.236,3.120
2060,JJA,South West England,0.333,5.335
2061,JJA,South West England,0.206,4.627
2062,JJA,South West England,0.417,4.835
2063,JJA,South West England,0.233,3.405
2064,JJA,South West England,0.179,3.361
2065,JJA,South West England,0.328,4.766
2066,JJA,South West England,0.380,3.911
2067,JJA,South West England,0.250,5.044
2068,JJA,South West England,0.354,8.418
2069,JJA,South West England,0.296,4.804
2070,JJA,South West England,0.273,6.133
2071,JJA,South West England,0.354,7.551
2072,JJA,South West England,0.317,4.494
2073,JJA,South West England,0.262,3.778
2074,JJA,South West England,0.336,5.165
2075,JJA,South West England,0.276,5.190
2076,JJA,South West England,0.272,5.000
2077,JJA,South West England,0.244,2.848
2078,JJA,South West England,0.345,5.089
2079,JJA,South West England,0.395,5.291
2080,JJA,South West England,0.240,3.842
1981,JJA,West Midlands,0.506,6.826
1982,JJA,West Midlands,0.467,6.488
1983,JJA,West Midlands,0.433,7.384
1984,JJA,West Midlands,0.427,5.826
1985,JJA,West Midlands,0.385,5.256
1986,JJA,West Midlands,0.385,5.767
1987,JJA,West Midlands,0.356,5.663
1988,JJA,West Midlands,0.421,5.174
1989,JJA,West Midlands,0.350,4.186
1990,JJA,West Midlands,0.447,7.535
1991,JJA,West Midlands,0.377,5.640
1992,JJA,West Midlands,0.472,5.767
1993,JJA,West Midlands,0.470,7.453
1994,JJA,West Midlands,0.542,10.826
1995,JJA,West Midlands,0.378,6.477
1996,JJA,West Midlands,0.467,8.081
1997,JJA,West Midlands,0.421,6.860
1998,JJA,West Midlands,0.463,5.326
1999,JJA,West Midlands,0.324,3.721
2000,JJA,West Midlands,0.402,4.523
2001,JJA,West Midlands,0.510,5.988
2002,JJA,West Midlands,0.317,5.430
2003,JJA,West Midlands,0.479,8.477
2004,JJA,West Midlands,0.351,7.570
2005,JJA,West Midlands,0.391,5.279
2006,JJA,West Midlands,0.393,6.233
2007,JJA,West Midlands,0.442,6.337
2008,JJA,West Midlands,0.366,4.047
2009,JJA,West Midlands,0.440,6.291
2010,JJA,West Midlands,0.451,4.314
2011,JJA,West Midlands,0.422,7.628
2012,JJA,West Midlands,0.403,6.174
2013,JJA,West Midlands,0.399,5.663
2014,JJA,West Midlands,0.346,4.221
2015,JJA,West Midlands,0.319,5.291
2016,JJA,West Midlands,0.335,5.686
2017,JJA,West Midlands,0.384,5.907
2018,JJA,West Midlands,0.237,3.709
2019,JJA,West Midlands,0.332,5.570
2020,JJA,West Midlands,0.488,6.512
2021,JJA,West Midlands,0.393,6.326
2022,JJA,West Midlands,0.407,4.384
2023,JJA,West Midlands,0.458,5.140
2024,JJA,West Midlands,0.368,5.291
2025,JJA,West Midlands,0.501,7.163
2026,JJA,West Midlands,0.567,8.651
2027,JJA,West Midlands,0.438,7.651
2028,JJA,West Midlands,0.438,8.663
2029,JJA,West Midlands,0.407,10.419
2030,JJA,West Midlands,0.273,5.628
2031,JJA,West Midlands,0.412,5.116
2032,JJA,West Midlands,0.395,5.209
2033,JJA,West Midlands,0.365,4.593
2034,JJA,West Midlands,0.479,7.849
2035,JJA,West Midlands,0.415,6.651
2036,JJA,West Midlands,0.337,7.291
2037,JJA,West Midlands,0.482,7.442
2038,JJA,West Midlands,0.369,5.965
2039,JJA,West Midlands,0.272,3.907
2040,JJA,West Midlands,0.346,5.140
2041,JJA,West Midlands,0.343,4.430
2042,JJA,West Midlands,0.445,7.233
2043,JJA,West Midlands,0.421,6.012
2044,JJA,West Midlands,0.419,6.698
2045,JJA,West Midlands,0.424,5.616
2046,JJA,West Midlands,0.417,7.535
2047,JJA,West Midlands,0.303,4.000
2048,JJA,West Midlands,0.437,4.686
2049,JJA,West Midlands,0.385,4.814
2050,JJA,West Midlands,0.314,4.151
2051,JJA,West Midlands,0.512,4.930
2052,JJA,West Midlands,0.419,5.640
2053,JJA,West Midlands,0.305,4.291
2054,JJA,West Midlands,0.269,6.477
2055,JJA,West Midlands,0.318,5.849
2056,JJA,West Midlands,0.305,5.523
2057,JJA,West Midlands,0.353,5.442
2058,JJA,West Midlands,0.166,3.895
2059,JJA,West Midlands,0.292,3.721
2060,JJA,West Midlands,0.346,4.965
2061,JJA,West Midlands,0.266,5.244
2062,JJA,West Midlands,0.462,6.291
2063,JJA,West Midlands,0.281,3.907
2064,JJA,West Midlands,0.218,4.081
2065,JJA,West Midlands,0.443,6.140
2066,JJA,West Midlands,0.433,5.884
2067,JJA,West Midlands,0.312,4.535
2068,JJA,West Midlands,0.381,6.640
2069,JJA,West Midlands,0.422,5.256
2070,JJA,West Midlands,0.288,3.826
2071,JJA,West Midlands,0.325,6.360
2072,JJA,West Midlands,0.350,4.605
2073,JJA,West Midlands,0.301,4.849
2074,JJA,West Midlands,0.400,6.256
2075,JJA,West Midlands,0.327,5.942
2076,JJA,West Midlands,0.300,5.140
2077,JJA,West Midlands,0.308,3.988
2078,JJA,West Midlands,0.328,5.709
2079,JJA,West Midlands,0.393,5.221
2080,JJA,West Midlands,0.275,4.186
1981,JJA,West Scotland,0.596,11.908
1982,JJA,West Scotland,0.665,12.092
1983,JJA,West Scotland,0.496,9.354
1984,JJA,West Scotland,0.559,7.969
1985,JJA,West Scotland,0.616,12.623
1986,JJA,West Scotland,0.608,10.185
1987,JJA,West Scotland,0.464,9.892
1988,JJA,West Scotland,0.591,13.038
1989,JJA,West Scotland,0.488,8.231
1990,JJA,West Scotland,0.603,11.315
1991,JJA,West Scotland,0.538,11.677
1992,JJA,West Scotland,0.593,10.200
1993,JJA,West Scotland,0.651,18.654
1994,JJA,West Scotland,0.586,11.562
1995,JJA,West Scotland,0.604,11.492
1996,JJA,West Scotland,0.537,8.269
1997,JJA,West Scotland,0.571,10.615
1998,JJA,West Scotland,0.603,9.785
1999,JJA,West Scotland,0.496,7.492
2000,JJA,West Scotland,0.583,9.923
2001,JJA,West Scotland,0.627,8.185
2002,JJA,West Scotland,0.549,10.354
2003,JJA,West Scotland,0.526,14.015
2004,JJA,West Scotland,0.564,8.192
2005,JJA,West Scotland,0.561,9.400
2006,JJA,West Scotland,0.503,8.077
2007,JJA,West Scotland,0.634,13.762
2008,JJA,West Scotland,0.463,6.523
2009,JJA,West Scotland,0.697,12.338
2010,JJA,West Scotland,0.554,10.308
2011,JJA,West Scotland,0.521,8.715
2012,JJA,West Scotland,0.537,8.077
2013,JJA,West Scotland,0.554,9.277
2014,JJA,West Scotland,0.662,11.015
2015,JJA,West Scotland,0.514,8.631
2016,JJA,West Scotland,0.437,7.523
2017,JJA,West Scotland,0.490,8.769
2018,JJA,West Scotland,0.463,9.431
2019,JJA,West Scotland,0.384,6.900
2020,JJA,West Scotland,0.653,10.523
2021,JJA,West Scotland,0.534,15.900
2022,JJA,West Scotland,0.683,10.731
2023,JJA,West Scotland,0.569,11.085
2024,JJA,West Scotland,0.563,8.569
2025,JJA,West Scotland,0.495,8.369
2026,JJA,West Scotland,0.608,11.300
2027,JJA,West Scotland,0.545,7.838
2028,JJA,West Scotland,0.614,11.269
2029,JJA,West Scotland,0.521,15.423
2030,JJA,West Scotland,0.459,8.246
2031,JJA,West Scotland,0.585,9.854
2032,JJA,West Scotland,0.492,11.654
2033,JJA,West Scotland,0.597,10.477
2034,JJA,West Scotland,0.659,14.677
2035,JJA,West Scotland,0.505,9.538
2036,JJA,West Scotland,0.569,8.438
2037,JJA,West Scotland,0.552,10.831
2038,JJA,West Scotland,0.442,8.354
2039,JJA,West Scotland,0.461,9.538
2040,JJA,West Scotland,0.499,8.831
2041,JJA,West Scotland,0.592,9.523
2042,JJA,West Scotland,0.542,10.438
2043,JJA,West Scotland,0.496,6.523
2044,JJA,West Scotland,0.627,12.715
2045,JJA,West Scotland,0.617,11.823
2046,JJA,West Scotland,0.556,10.008
2047,JJA,West Scotland,0.474,7.385
2048,JJA,West Scotland,0.531,9.400
2049,JJA,West Scotland,0.418,6.608
2050,JJA,West Scotland,0.525,8.715
2051,JJA,West Scotland,0.641,10.592
2052,JJA,West Scotland,0.520,8.069
2053,JJA,West Scotland,0.524,7.615
2054,JJA,West Scotland,0.493,8.269
2055,JJA,West Scotland,0.464,7.615
2056,JJA,West Scotland,0.478,10.023
2057,JJA,West Scotland,0.490,8.962
2058,JJA,West Scotland,0.289,5.615
2059,JJA,West Scotland,0.417,7.954
2060,JJA,West Scotland,0.387,7.638
2061,JJA,West Scotland,0.373,6.315
2062,JJA,West Scotland,0.466,7.154
2063,JJA,West Scotland,0.414,7.054
2064,JJA,West Scotland,0.385,8.469
2065,JJA,West Scotland,0.656,12.031
2066,JJA,West Scotland,0.594,12.015
2067,JJA,West Scotland,0.383,7.423
2068,JJA,West Scotland,0.424,7.454
2069,JJA,West Scotland,0.552,9.777
2070,JJA,West Scotland,0.326,5.977
2071,JJA,West Scotland,0.441,6.969
2072,JJA,West Scotland,0.466,6.662
2073,JJA,West Scotland,0.404,6.138
2074,JJA,West Scotland,0.460,7.200
2075,JJA,West Scotland,0.510,8.738
2076,JJA,West Scotland,0.444,6.869
2077,JJA,West Scotland,0.493,9.269
2078,JJA,West Scotland,0.496,6.854
2079,JJA,West Scotland,0.481,8.631
2080,JJA,West Scotland,0.450,6.254
1981,JJA,Yorkshire and Humber,0.492,7.337
1982,JJA,Yorkshire and Humber,0.484,6.416
1983,JJA,Yorkshire and Humber,0.413,5.446
1984,JJA,Yorkshire and Humber,0.426,5.178
1985,JJA,Yorkshire and Humber,0.463,6.554
1986,JJA,Yorkshire and Humber,0.378,6.990
1987,JJA,Yorkshire and Humber,0.370,5.139
1988,JJA,Yorkshire and Humber,0.478,6.762
1989,JJA,Yorkshire and Humber,0.377,4.485
1990,JJA,Yorkshire and Humber,0.462,6.614
1991,JJA,Yorkshire and Humber,0.431,5.129
1992,JJA,Yorkshire and Humber,0.443,5.178
1993,JJA,Yorkshire and Humber,0.548,8.228
1994,JJA,Yorkshire and Humber,0.549,9.446
1995,JJA,Yorkshire and Humber,0.419,5.782
1996,JJA,Yorkshire and Humber,0.474,7.931
1997,JJA,Yorkshire and Humber,0.472,10.059
1998,JJA,Yorkshire and Humber,0.467,5.604
1999,JJA,Yorkshire and Humber,0.331,4.198
2000,JJA,Yorkshire and Humber,0.435,4.644
2001,JJA,Yorkshire and Humber,0.513,7.267
2002,JJA,Yorkshire and Humber,0.387,5.703
2003,JJA,Yorkshire and Humber,0.437,6.881
2004,JJA,Yorkshire and Humber,0.405,6.901
2005,JJA,Yorkshire and Humber,0.444,6.455
2006,JJA,Yorkshire and Humber,0.370,4.891
2007,JJA,Yorkshire and Humber,0.481,7.604
2008,JJA,Yorkshire and Humber,0.340,5.287
2009,JJA,Yorkshire and Humber,0.519,5.822
2010,JJA,Yorkshire and Humber,0.478,5.911
2011,JJA,Yorkshire and Humber,0.424,6.564
2012,JJA,Yorkshire and Humber,0.422,6.188
2013,JJA,Yorkshire and Humber,0.431,6.426
2014,JJA,Yorkshire and Humber,0.381,4.535
2015,JJA,Yorkshire and Humber,0.384,7.297
2016,JJA,Yorkshire and Humber,0.373,5.584
2017,JJA,Yorkshire and Humber,0.379,4.772
2018,JJA,Yorkshire and Humber,0.307,4.554
2019,JJA,Yorkshire and Humber,0.320,5.366
2020,JJA,Yorkshire and Humber,0.494,6.327
2021,JJA,Yorkshire and Humber,0.388,5.980
2022,JJA,Yorkshire and Humber,0.466,5.158
2023,JJA,Yorkshire and Humber,0.385,4.089
2024,JJA,Yorkshire and Humber,0.419,5.564
2025,JJA,Yorkshire and Humber,0.446,6.535
2026,JJA,Yorkshire and Humber,0.528,9.317
2027,JJA,Yorkshire and Humber,0.471,7.238
2028,JJA,Yorkshire and Humber,0.461,9.287
2029,JJA,Yorkshire and Humber,0.415,9.099
2030,JJA,Yorkshire and Humber,0.335,7.030
2031,JJA,Yorkshire and Humber,0.451,6.515
2032,JJA,Yorkshire and Humber,0.433,5.851
2033,JJA,Yorkshire and Humber,0.445,5.535
2034,JJA,Yorkshire and Humber,0.519,7.871
2035,JJA,Yorkshire and Humber,0.417,6.000
2036,JJA,Yorkshire and Humber,0.419,5.168
2037,JJA,Yorkshire and Humber,0.495,6.851
2038,JJA,Yorkshire and Humber,0.430,7.248
2039,JJA,Yorkshire and Humber,0.320,4.257
2040,JJA,Yorkshire and Humber,0.425,4.545
2041,JJA,Yorkshire and Humber,0.378,4.089
2042,JJA,Yorkshire and Humber,0.434,6.485
2043,JJA,Yorkshire and Humber,0.474,6.079
2044,JJA,Yorkshire and Humber,0.438,7.950
2045,JJA,Yorkshire and Humber,0.508,7.673
2046,JJA,Yorkshire and Humber,0.486,8.564
2047,JJA,Yorkshire and Humber,0.304,4.040
2048,JJA,Yorkshire and Humber,0.433,4.832
2049,JJA,Yorkshire and Humber,0.479,10.208
2050,JJA,Yorkshire and Humber,0.378,6.426
2051,JJA,Yorkshire and Humber,0.541,7.248
2052,JJA,Yorkshire and Humber,0.446,6.545
2053,JJA,Yorkshire and Humber,0.334,4.792
2054,JJA,Yorkshire and Humber,0.298,4.515
2055,JJA,Yorkshire and Humber,0.304,3.990
2056,JJA,Yorkshire and Humber,0.379,5.228
2057,JJA,Yorkshire and Humber,0.381,6.297
2058,JJA,Yorkshire and Humber,0.231,4.089
2059,JJA,Yorkshire and Humber,0.362,4.644
2060,JJA,Yorkshire and Humber,0.337,4.752
2061,JJA,Yorkshire and Humber,0.261,4.663
2062,JJA,Yorkshire and Humber,0.418,5.436
2063,JJA,Yorkshire and Humber,0.318,4.713
2064,JJA,Yorkshire and Humber,0.298,4.297
2065,JJA,Yorkshire and Humber,0.515,8.574
2066,JJA,Yorkshire and Humber,0.475,6.950
2067,JJA,Yorkshire and Humber,0.336,5.208
2068,JJA,Yorkshire and Humber,0.413,7.465
2069,JJA,Yorkshire and Humber,0.438,5.386
2070,JJA,Yorkshire and Humber,0.344,5.960
2071,JJA,Yorkshire and Humber,0.360,5.653
2072,JJA,Yorkshire and Humber,0.377,5.010
2073,JJA,Yorkshire and Humber,0.312,4.703
2074,JJA,Yorkshire and Humber,0.392,6.069
2075,JJA,Yorkshire and Humber,0.346,5.713
2076,JJA,Yorkshire and Humber,0.356,5.950
2077,JJA,Yorkshire and Humber,0.329,4.673
2078,JJA,Yorkshire and Humber,0.359,5.891
2079,JJA,Yorkshire and Humber,0.414,5.574
2080,JJA,Yorkshire and Humber,0.323,3.624
1981,JJA,Channel Islands,0.533,8.000
1982,JJA,Channel Islands,0.478,7.000
1983,JJA,Channel Islands,0.522,11.000
1984,JJA,Channel Islands,0.348,4.000
1985,JJA,Channel Islands,0.435,8.000
1986,JJA,Channel Islands,0.446,7.000
1987,JJA,Channel Islands,0.326,5.000
1988,JJA,Channel Islands,0.489,6.000
1989,JJA,Channel Islands,0.370,7.000
1990,JJA,Channel Islands,0.457,5.000
1991,JJA,Channel Islands,0.380,6.000
1992,JJA,Channel Islands,0.478,6.000
1993,JJA,Channel Islands,0.457,4.000
1994,JJA,Channel Islands,0.500,13.000
1995,JJA,Channel Islands,0.391,7.000
1996,JJA,Channel Islands,0.380,18.000
1997,JJA,Channel Islands,0.478,10.000
1998,JJA,Channel Islands,0.489,12.000
1999,JJA,Channel Islands,0.304,11.000
2000,JJA,Channel Islands,0.359,3.000
2001,JJA,Channel Islands,0.446,7.000
2002,JJA,Channel Islands,0.326,3.000
2003,JJA,Channel Islands,0.402,9.000
2004,JJA,Channel Islands,0.304,8.000
2005,JJA,Channel Islands,0.348,6.000
2006,JJA,Channel Islands,0.402,12.000
2007,JJA,Channel Islands,0.489,7.000
2008,JJA,Channel Islands,0.489,8.000
2009,JJA,Channel Islands,0.391,7.000
2010,JJA,Channel Islands,0.446,5.000
2011,JJA,Channel Islands,0.457,8.000
2012,JJA,Channel Islands,0.478,7.000
2013,JJA,Channel Islands,0.489,12.000
2014,JJA,Channel Islands,0.402,5.000
2015,JJA,Channel Islands,0.380,6.000
2016,JJA,Channel Islands,0.478,7.000
2017,JJA,Channel Islands,0.337,6.000
2018,JJA,Channel Islands,0.239,7.000
2019,JJA,Channel Islands,0.435,7.000
2020,JJA,Channel Islands,0.424,6.000
2021,JJA,Channel Islands,0.489,6.000
2022,JJA,Channel Islands,0.348,5.000
2023,JJA,Channel Islands,0.478,6.000
2024,JJA,Channel Islands,0.348,4.000
2025,JJA,Channel Islands,0.467,14.000
2026,JJA,Channel Islands,0.620,11.000
2027,JJA,Channel Islands,0.359,7.000
2028,JJA,Channel Islands,0.489,14.000
2029,JJA,Channel Islands,0.304,6.000
2030,JJA,Channel Islands,0.239,6.000
2031,JJA,Channel Islands,0.326,6.000
2032,JJA,Channel Islands,0.402,5.000
2033,JJA,Channel Islands,0.370,6.000
2034,JJA,Channel Islands,0.500,11.000
2035,JJA,Channel Islands,0.413,9.000
2036,JJA,Channel Islands,0.315,7.000
2037,JJA,Channel Islands,0.543,6.000
2038,JJA,Channel Islands,0.467,7.000
2039,JJA,Channel Islands,0.293,4.000
2040,JJA,Channel Islands,0.304,5.000
2041,JJA,Channel Islands,0.391,6.000
2042,JJA,Channel Islands,0.391,9.000
2043,JJA,Channel Islands,0.391,5.000
2044,JJA,Channel Islands,0.370,7.000
2045,JJA,Channel Islands,0.413,5.000
2046,JJA,Channel Islands,0.446,8.000
2047,JJA,Channel Islands,0.304,8.000
2048,JJA,Channel Islands,0.391,8.000
2049,JJA,Channel Islands,0.337,5.000
2050,JJA,Channel Islands,0.457,14.000
2051,JJA,Channel Islands,0.467,10.000
2052,JJA,Channel Islands,0.337,7.000
2053,JJA,Channel Islands,0.272,6.000
2054,JJA,Channel Islands,0.207,2.000
2055,JJA,Channel Islands,0.326,6.000
2056,JJA,Channel Islands,0.391,6.000
2057,JJA,Channel Islands,0.348,4.000
2058,JJA,Channel Islands,0.174,3.000
2059,JJA,Channel Islands,0.402,6.000
2060,JJA,Channel Islands,0.348,7.000
2061,JJA,Channel Islands,0.261,8.000
2062,JJA,Channel Islands,0.554,7.000
2063,JJA,Channel Islands,0.228,4.000
2064,JJA,Channel Islands,0.272,7.000
2065,JJA,Channel Islands,0.446,6.000
2066,JJA,Channel Islands,0.446,5.000
2067,JJA,Channel Islands,0.250,5.000
2068,JJA,Channel Islands,0.391,9.000
2069,JJA,Channel Islands,0.326,6.000
2070,JJA,Channel Islands,0.359,8.000
2071,JJA,Channel Islands,0.326,6.000
2072,JJA,Channel Islands,0.337,6.000
2073,JJA,Channel Islands,0.293,11.000
2074,JJA,Channel Islands,0.380,5.000
2075,JJA,Channel Islands,0.293,3.000
2076,JJA,Channel Islands,0.326,6.000
2077,JJA,Channel Islands,0.315,6.000
2078,JJA,Channel Islands,0.380,13.000
2079,JJA,Channel Islands,0.359,5.000
2080,JJA,Channel Islands,0.272,6.000
1981,JJA,Isle of Man,0.514,7.333
1982,JJA,Isle of Man,0.591,7.333
1983,JJA,Isle of Man,0.482,9.667
1984,JJA,Isle of Man,0.486,9.000
1985,JJA,Isle of Man,0.580,12.333
1986,JJA,Isle of Man,0.540,12.000
1987,JJA,Isle of Man,0.384,6.333
1988,JJA,Isle of Man,0.591,9.333
1989,JJA,Isle of Man,0.413,5.000
1990,JJA,Isle of Man,0.511,10.000
1991,JJA,Isle of Man,0.406,6.333
1992,JJA,Isle of Man,0.547,11.000
1993,JJA,Isle of Man,0.627,15.667
1994,JJA,Isle of Man,0.565,17.667
1995,JJA,Isle of Man,0.471,5.333
1996,JJA,Isle of Man,0.486,8.000
1997,JJA,Isle of Man,0.478,9.000
1998,JJA,Isle of Man,0.587,8.000
1999,JJA,Isle of Man,0.428,7.333
2000,JJA,Isle of Man,0.547,7.333
2001,JJA,Isle of Man,0.587,5.000
2002,JJA,Isle of Man,0.489,8.000
2003,JJA,Isle of Man,0.482,15.000
2004,JJA,Isle of Man,0.464,4.333
2005,JJA,Isle of Man,0.453,10.000
2006,JJA,Isle of Man,0.442,7.000
2007,JJA,Isle of Man,0.500,4.667
2008,JJA,Isle of Man,0.424,6.000
2009,JJA,Isle of Man,0.576,7.667
2010,JJA,Isle of Man,0.464,4.667
2011,JJA,Isle of Man,0.471,7.667
2012,JJA,Isle of Man,0.511,7.667
2013,JJA,Isle of Man,0.511,7.333
2014,JJA,Isle of Man,0.446,7.000
2015,JJA,Isle of Man,0.402,9.333
2016,JJA,Isle of Man,0.380,5.000
2017,JJA,Isle of Man,0.478,7.667
2018,JJA,Isle of Man,0.377,5.000
2019,JJA,Isle of Man,0.362,4.000
2020,JJA,Isle of Man,0.609,9.333
2021,JJA,Isle of Man,0.486,6.333
2022,JJA,Isle of Man,0.536,6.333
2023,JJA,Isle of Man,0.522,7.000
2024,JJA,Isle of Man,0.457,7.667
2025,JJA,Isle of Man,0.478,8.667
2026,JJA,Isle of Man,0.569,15.333
2027,JJA,Isle of Man,0.529,6.667
2028,JJA,Isle of Man,0.525,9.333
2029,JJA,Isle of Man,0.413,6.333
2030,JJA,Isle of Man,0.402,4.333
2031,JJA,Isle of Man,0.489,4.333
2032,JJA,Isle of Man,0.420,8.333
2033,JJA,Isle of Man,0.460,6.333
2034,JJA,Isle of Man,0.529,10.333
2035,JJA,Isle of Man,0.486,6.667
2036,JJA,Isle of Man,0.420,7.000
2037,JJA,Isle of Man,0.522,5.000
2038,JJA,Isle of Man,0.380,9.000
2039,JJA,Isle of Man,0.333,8.000
2040,JJA,Isle of Man,0.359,5.333
2041,JJA,Isle of Man,0.431,5.000
2042,JJA,Isle of Man,0.489,6.000
2043,JJA,Isle of Man,0.362,5.333
2044,JJA,Isle of Man,0.471,9.000
2045,JJA,Isle of Man,0.536,10.000
2046,JJA,Isle of Man,0.486,6.667
2047,JJA,Isle of Man,0.377,4.333
2048,JJA,Isle of Man,0.489,7.000
2049,JJA,Isle of Man,0.391,7.667
2050,JJA,Isle of Man,0.388,6.000
2051,JJA,Isle of Man,0.551,5.333
2052,JJA,Isle of Man,0.460,8.000
2053,JJA,Isle of Man,0.467,6.333
2054,JJA,Isle of Man,0.312,5.000
2055,JJA,Isle of Man,0.355,4.667
2056,JJA,Isle of Man,0.380,7.667
2057,JJA,Isle of Man,0.395,5.000
2058,JJA,Isle of Man,0.185,2.667
2059,JJA,Isle of Man,0.362,4.667
2060,JJA,Isle of Man,0.322,6.667
2061,JJA,Isle of Man,0.264,4.333
2062,JJA,Isle of Man,0.384,4.333
2063,JJA,Isle of Man,0.355,4.667
2064,JJA,Isle of Man,0.312,6.000
2065,JJA,Isle of Man,0.522,6.000
2066,JJA,Isle of Man,0.525,6.667
2067,JJA,Isle of Man,0.344,5.000
2068,JJA,Isle of Man,0.373,6.000
2069,JJA,Isle of Man,0.409,5.000
2070,JJA,Isle of Man,0.214,3.333
2071,JJA,Isle of Man,0.341,6.667
2072,JJA,Isle of Man,0.359,4.667
2073,JJA,Isle of Man,0.272,4.000
2074,JJA,Isle of Man,0.399,6.000
2075,JJA,Isle of Man,0.351,4.000
2076,JJA,Isle of Man,0.315,5.000
2077,JJA,Isle of Man,0.377,6.000
2078,JJA,Isle of Man,0.337,4.667
2079,JJA,Isle of Man,0.384,5.000
2080,JJA,Isle of Man,0.384,8.000
1981,JJA,Northern Ireland,0.580,9.500
1982,JJA,Northern Ireland,0.644,9.698
1983,JJA,Northern Ireland,0.482,7.930
1984,JJA,Northern Ireland,0.565,9.151
1985,JJA,Northern Ireland,0.594,9.198
1986,JJA,Northern Ireland,0.645,10.674
1987,JJA,Northern Ireland,0.425,8.395
1988,JJA,Northern Ireland,0.568,8.733
1989,JJA,Northern Ireland,0.433,6.895
1990,JJA,Northern Ireland,0.590,12.814
1991,JJA,Northern Ireland,0.487,10.605
1992,JJA,Northern Ireland,0.542,8.047
1993,JJA,Northern Ireland,0.632,17.733
1994,JJA,Northern Ireland,0.603,16.291
1995,JJA,Northern Ireland,0.545,6.419
1996,JJA,Northern Ireland,0.534,7.686
1997,JJA,Northern Ireland,0.557,8.198
1998,JJA,Northern Ireland,0.543,8.977
1999,JJA,Northern Ireland,0.523,5.942
2000,JJA,Northern Ireland,0.586,8.570
2001,JJA,Northern Ireland,0.601,9.360
2002,JJA,Northern Ireland,0.506,7.860
2003,JJA,Northern Ireland,0.525,15.628
2004,JJA,Northern Ireland,0.518,7.174
2005,JJA,Northern Ireland,0.537,7.244
2006,JJA,Northern Ireland,0.507,9.279
2007,JJA,Northern Ireland,0.604,10.535
2008,JJA,Northern Ireland,0.459,7.512
2009,JJA,Northern Ireland,0.639,15.791
2010,JJA,Northern Ireland,0.501,6.116
2011,JJA,Northern Ireland,0.522,9.186
2012,JJA,Northern Ireland,0.509,8.140
2013,JJA,Northern Ireland,0.518,8.919
2014,JJA,Northern Ireland,0.545,7.209
2015,JJA,Northern Ireland,0.461,7.733
2016,JJA,Northern Ireland,0.391,6.674
2017,JJA,Northern Ireland,0.458,6.512
2018,JJA,Northern Ireland,0.451,8.267
2019,JJA,Northern Ireland,0.375,6.058
2020,JJA,Northern Ireland,0.614,9.302
2021,JJA,Northern Ireland,0.526,11.640
2022,JJA,Northern Ireland,0.632,8.953
2023,JJA,Northern Ireland,0.571,8.593
2024,JJA,Northern Ireland,0.528,7.209
2025,JJA,Northern Ireland,0.510,8.640
2026,JJA,Northern Ireland,0.593,11.081
2027,JJA,Northern Ireland,0.494,7.895
2028,JJA,Northern Ireland,0.638,11.547
2029,JJA,Northern Ireland,0.505,14.372
2030,JJA,Northern Ireland,0.426,6.791
2031,JJA,Northern Ireland,0.565,9.721
2032,JJA,Northern Ireland,0.455,9.837
2033,JJA,Northern Ireland,0.549,7.849
2034,JJA,Northern Ireland,0.665,13.802
2035,JJA,Northern Ireland,0.558,10.360
2036,JJA,Northern Ireland,0.477,7.174
2037,JJA,Northern Ireland,0.532,10.337
2038,JJA,Northern Ireland,0.452,8.302
2039,JJA,Northern Ireland,0.436,7.605
2040,JJA,Northern Ireland,0.448,5.512
2041,JJA,Northern Ireland,0.555,8.872
2042,JJA,Northern Ireland,0.507,9.174
2043,JJA,Northern Ireland,0.425,5.186
2044,JJA,Northern Ireland,0.578,8.698
2045,JJA,Northern Ireland,0.580,8.895
2046,JJA,Northern Ireland,0.509,9.419
2047,JJA,Northern Ireland,0.470,7.535
2048,JJA,Northern Ireland,0.557,11.116
2049,JJA,Northern Ireland,0.438,5.547
2050,JJA,Northern Ireland,0.481,6.291
2051,JJA,Northern Ireland,0.572,7.977
2052,JJA,Northern Ireland,0.514,9.267
2053,JJA,Northern Ireland,0.517,7.965
2054,JJA,Northern Ireland,0.462,10.047
2055,JJA,Northern Ireland,0.381,5.163
2056,JJA,Northern Ireland,0.433,10.477
2057,JJA,Northern Ireland,0.469,7.163
2058,JJA,Northern Ireland,0.257,5.326
2059,JJA,Northern Ireland,0.421,7.116
2060,JJA,Northern Ireland,0.348,7.151
2061,JJA,Northern Ireland,0.310,4.302
2062,JJA,Northern Ireland,0.394,6.151
2063,JJA,Northern Ireland,0.396,6.302
2064,JJA,Northern Ireland,0.379,7.372
2065,JJA,Northern Ireland,0.617,7.140
2066,JJA,Northern Ireland,0.528,8.093
2067,JJA,Northern Ireland,0.330,7.233
2068,JJA,Northern Ireland,0.445,9.163
2069,JJA,Northern Ireland,0.515,8.151
2070,JJA,Northern Ireland,0.345,7.047
2071,JJA,Northern Ireland,0.431,8.326
2072,JJA,Northern Ireland,0.468,5.314
2073,JJA,Northern Ireland,0.395,6.442
2074,JJA,Northern Ireland,0.451,6.953
2075,JJA,Northern Ireland,0.422,7.314
2076,JJA,Northern Ireland,0.406,5.698
2077,JJA,Northern Ireland,0.443,5.035
2078,JJA,Northern Ireland,0.413,5.837
2079,JJA,Northern Ireland,0.465,7.035
2080,JJA,Northern Ireland,0.381,6.047
1981,JJA,Wales,0.574,9.365
1982,JJA,Wales,0.525,9.839
1983,JJA,Wales,0.469,10.964
1984,JJA,Wales,0.469,8.818
1985,JJA,Wales,0.492,8.796
1986,JJA,Wales,0.483,8.460
1987,JJA,Wales,0.432,7.380
1988,JJA,Wales,0.511,8.774
1989,JJA,Wales,0.423,5.241
1990,JJA,Wales,0.511,10.051
1991,JJA,Wales,0.395,6.781
1992,JJA,Wales,0.534,8.131
1993,JJA,Wales,0.553,10.139
1994,JJA,Wales,0.607,14.496
1995,JJA,Wales,0.459,7.547
1996,JJA,Wales,0.528,9.124
1997,JJA,Wales,0.507,10.285
1998,JJA,Wales,0.514,7.606
1999,JJA,Wales,0.381,4.825
2000,JJA,Wales,0.465,6.365
2001,JJA,Wales,0.569,6.474
2002,JJA,Wales,0.394,6.051
2003,JJA,Wales,0.496,10.088
2004,JJA,Wales,0.418,7.876
2005,JJA,Wales,0.456,7.219
2006,JJA,Wales,0.457,7.511
2007,JJA,Wales,0.534,8.664
2008,JJA,Wales,0.449,5.745
2009,JJA,Wales,0.529,11.139
2010,JJA,Wales,0.501,5.474
2011,JJA,Wales,0.441,7.197
2012,JJA,Wales,0.461,7.088
2013,JJA,Wales,0.469,6.796
2014,JJA,Wales,0.389,6.102
2015,JJA,Wales,0.365,7.489
2016,JJA,Wales,0.377,7.788
2017,JJA,Wales,0.468,6.993
2018,JJA,Wales,0.296,4.307
2019,JJA,Wales,0.376,5.861
2020,JJA,Wales,0.593,8.562
2021,JJA,Wales,0.476,8.299
2022,JJA,Wales,0.484,5.854
2023,JJA,Wales,0.501,7.036
2024,JJA,Wales,0.422,7.015
2025,JJA,Wales,0.524,8.745
2026,JJA,Wales,0.582,9.234
2027,JJA,Wales,0.502,7.489
2028,JJA,Wales,0.524,12.526
2029,JJA,Wales,0.415,10.635
2030,JJA,Wales,0.342,6.861
2031,JJA,Wales,0.471,7.219
2032,JJA,Wales,0.438,7.212
2033,JJA,Wales,0.453,7.015
2034,JJA,Wales,0.543,9.562
2035,JJA,Wales,0.500,8.803
2036,JJA,Wales,0.377,7.000
2037,JJA,Wales,0.550,8.124
2038,JJA,Wales,0.414,7.453
2039,JJA,Wales,0.316,5.095
2040,JJA,Wales,0.380,5.277
2041,JJA,Wales,0.433,5.387
2042,JJA,Wales,0.498,10.416
2043,JJA,Wales,0.405,6.350
2044,JJA,Wales,0.479,7.993
2045,JJA,Wales,0.510,8.409
2046,JJA,Wales,0.490,7.343
2047,JJA,Wales,0.365,5.416
2048,JJA,Wales,0.485,6.664
2049,JJA,Wales,0.421,8.015
2050,JJA,Wales,0.390,6.102
2051,JJA,Wales,0.546,7.336
2052,JJA,Wales,0.456,8.832
2053,JJA,Wales,0.356,5.679
2054,JJA,Wales,0.343,4.920
2055,JJA,Wales,0.329,6.146
2056,JJA,Wales,0.369,8.336
2057,JJA,Wales,0.397,6.321
2058,JJA,Wales,0.183,4.080
2059,JJA,Wales,0.355,5.774
2060,JJA,Wales,0.408,6.796
2061,JJA,Wales,0.281,5.321
2062,JJA,Wales,0.467,7.365
2063,JJA,Wales,0.300,4.321
2064,JJA,Wales,0.265,5.504
2065,JJA,Wales,0.489,7.182
2066,JJA,Wales,0.501,7.547
2067,JJA,Wales,0.334,6.197
2068,JJA,Wales,0.424,9.577
2069,JJA,Wales,0.450,6.730
2070,JJA,Wales,0.306,6.124
2071,JJA,Wales,0.374,8.336
2072,JJA,Wales,0.389,5.066
2073,JJA,Wales,0.346,6.131
2074,JJA,Wales,0.443,8.321
2075,JJA,Wales,0.361,6.562
2076,JJA,Wales,0.348,6.766
2077,JJA,Wales,0.372,4.964
2078,JJA,Wales,0.382,8.314
2079,JJA,Wales,0.445,7.511
2080,JJA,Wales,0.323,4.832
1981,SON,East Midlands,0.407,5.689
1982,SON,East Midlands,0.431,5.165
1983,SON,East Midlands,0.448,5.922
1984,SON,East Midlands,0.413,4.291
1985,SON,East Midlands,0.513,6.796
1986,SON,East Midlands,0.437,7.311
1987,SON,East Midlands,0.537,5.961
1988,SON,East Midlands,0.527,7.087
1989,SON,East Midlands,0.414,7.553
1990,SON,East Midlands,0.480,7.505
1991,SON,East Midlands,0.517,7.641
1992,SON,East Midlands,0.404,6.757
1993,SON,East Midlands,0.533,7.466
1994,SON,East Midlands,0.472,7.078
1995,SON,East Midlands,0.465,6.010
1996,SON,East Midlands,0.490,7.485
1997,SON,East Midlands,0.390,5.922
1998,SON,East Midlands,0.377,5.039
1999,SON,East Midlands,0.487,7.563
2000,SON,East Midlands,0.353,4.670
2001,SON,East Midlands,0.421,6.932
2002,SON,East Midlands,0.424,5.767
2003,SON,East Midlands,0.399,7.000
2004,SON,East Midlands,0.476,8.825
2005,SON,East Midlands,0.414,7.447
2006,SON,East Midlands,0.513,5.990
2007,SON,East Midlands,0.499,6.485
2008,SON,East Midlands,0.470,4.709
2009,SON,East Midlands,0.456,6.612
2010,SON,East Midlands,0.444,5.748
2011,SON,East Midlands,0.423,5.068
2012,SON,East Midlands,0.417,4.272
2013,SON,East Midlands,0.353,7.019
2014,SON,East Midlands,0.509,6.903
2015,SON,East Midlands,0.452,6.136
2016,SON,East Midlands,0.514,7.437
2017,SON,East Midlands,0.477,6.505
2018,SON,East Midlands,0.460,5.864
2019,SON,East Midlands,0.499,6.456
2020,SON,East Midlands,0.417,7.291
2021,SON,East Midlands,0.501,6.573
2022,SON,East Midlands,0.470,6.223
2023,SON,East Midlands,0.449,5.515
2024,SON,East Midlands,0.344,3.922
2025,SON,East Midlands,0.537,7.078
2026,SON,East Midlands,0.378,5.602
2027,SON,East Midlands,0.354,5.097
2028,SON,East Midlands,0.335,6.029
2029,SON,East Midlands,0.477,5.340
2030,SON,East Midlands,0.410,4.709
2031,SON,East Midlands,0.501,7.243
2032,SON,East Midlands,0.560,7.505
2033,SON,East Midlands,0.412,7.155
2034,SON,East Midlands,0.484,6.786
2035,SON,East Midlands,0.275,4.553
2036,SON,East Midlands,0.359,4.602
2037,SON,East Midlands,0.495,7.223
2038,SON,East Midlands,0.330,5.767
2039,SON,East Midlands,0.411,5.903
2040,SON,East Midlands,0.401,4.019
2041,SON,East Midlands,0.293,4.796
2042,SON,East Midlands,0.469,6.107
2043,SON,East Midlands,0.417,5.786
2044,SON,East Midlands,0.517,7.243
2045,SON,East Midlands,0.509,6.718
2046,SON,East Midlands,0.412,6.019
2047,SON,East Midlands,0.495,5.495
2048,SON,East Midlands,0.434,9.029
2049,SON,East Midlands,0.497,6.447
2050,SON,East Midlands,0.508,5.301
2051,SON,East Midlands,0.435,6.233
2052,SON,East Midlands,0.495,5.165
2053,SON,East Midlands,0.589,7.165
2054,SON,East Midlands,0.405,5.291
2055,SON,East Midlands,0.533,9.126
2056,SON,East Midlands,0.433,7.427
2057,SON,East Midlands,0.328,4.534
2058,SON,East Midlands,0.475,5.728
2059,SON,East Midlands,0.408,5.573
2060,SON,East Midlands,0.364,8.175
2061,SON,East Midlands,0.443,5.320
2062,SON,East Midlands,0.415,5.447
2063,SON,East Midlands,0.453,6.379
2064,SON,East Midlands,0.472,8.359
2065,SON,East Midlands,0.437,5.728
2066,SON,East Midlands,0.518,5.117
2067,SON,East Midlands,0.352,5.971
2068,SON,East Midlands,0.547,6.049
2069,SON,East Midlands,0.472,6.485
2070,SON,East Midlands,0.397,9.592
2071,SON,East Midlands,0.440,6.291
2072,SON,East Midlands,0.377,5.631
2073,SON,East Midlands,0.370,4.359
2074,SON,East Midlands,0.453,5.466
2075,SON,East Midlands,0.551,7.233
2076,SON,East Midlands,0.461,6.680
2077,SON,East Midlands,0.519,7.408
2078,SON,East Midlands,0.568,7.369
2079,SON,East Midlands,0.366,5.680
2080,SON,East Midlands,0.468,6.184
1981,SON,East of England,0.397,5.627
1982,SON,East of England,0.444,6.175
1983,SON,East of England,0.384,6.659
1984,SON,East of England,0.409,4.960
1985,SON,East of England,0.467,9.460
1986,SON,East of England,0.396,6.714
1987,SON,East of England,0.558,6.008
1988,SON,East of England,0.547,8.571
1989,SON,East of England,0.425,7.159
1990,SON,East of England,0.486,5.444
1991,SON,East of England,0.494,7.079
1992,SON,East of England,0.377,7.762
1993,SON,East of England,0.534,6.563
1994,SON,East of England,0.439,6.333
1995,SON,East of England,0.435,6.373
1996,SON,East of England,0.498,6.690
1997,SON,East of England,0.402,6.317
1998,SON,East of England,0.354,4.524
1999,SON,East of England,0.450,7.548
2000,SON,East of England,0.309,3.714
2001,SON,East of England,0.387,5.929
2002,SON,East of England,0.386,4.484
2003,SON,East of England,0.401,9.817
2004,SON,East of England,0.454,5.825
2005,SON,East of England,0.400,6.730
2006,SON,East of England,0.498,5.444
2007,SON,East of England,0.452,6.000
2008,SON,East of England,0.488,6.095
2009,SON,East of England,0.415,5.357
2010,SON,East of England,0.419,5.310
2011,SON,East of England,0.355,4.587
2012,SON,East of England,0.436,5.913
2013,SON,East of England,0.300,7.008
2014,SON,East of England,0.453,7.794
2015,SON,East of England,0.409,5.516
2016,SON,East of England,0.508,7.833
2017,SON,East of England,0.471,5.833
2018,SON,East of England,0.435,5.714
2019,SON,East of England,0.499,5.595
2020,SON,East of England,0.366,6.349
2021,SON,East of England,0.448,5.452
2022,SON,East of England,0.395,4.484
2023,SON,East of England,0.445,5.770
2024,SON,East of England,0.331,5.270
2025,SON,East of England,0.477,5.921
2026,SON,East of England,0.332,5.849
2027,SON,East of England,0.364,4.444
2028,SON,East of England,0.340,6.516
2029,SON,East of England,0.397,4.960
2030,SON,East of England,0.375,5.040
2031,SON,East of England,0.497,6.500
2032,SON,East of England,0.496,6.198
2033,SON,East of England,0.388,6.921
2034,SON,East of England,0.487,7.238
2035,SON,East of England,0.248,4.984
2036,SON,East of England,0.328,4.032
2037,SON,East of England,0.426,5.198
2038,SON,East of England,0.329,5.746
2039,SON,East of England,0.444,6.230
2040,SON,East of England,0.441,6.357
2041,SON,East of England,0.255,3.937
2042,SON,East of England,0.445,6.222
2043,SON,East of England,0.448,6.651
2044,SON,East of England,0.487,6.325
2045,SON,East of England,0.508,6.921
2046,SON,East of England,0.353,4.246
2047,SON,East of England,0.467,6.008
2048,SON,East of England,0.377,5.667
2049,SON,East of England,0.446,5.151
2050,SON,East of England,0.452,6.690
2051,SON,East of England,0.375,5.421
2052,SON,East of England,0.434,5.659
2053,SON,East of England,0.550,6.214
2054,SON,East of England,0.349,4.079
2055,SON,East of England,0.512,8.381
2056,SON,East of England,0.404,5.421
2057,SON,East of England,0.328,4.262
2058,SON,East of England,0.415,5.333
2059,SON,East of England,0.313,4.984
2060,SON,East of England,0.355,10.833
2061,SON,East of England,0.448,8.397
2062,SON,East of England,0.319,3.722
2063,SON,East of England,0.389,5.135
2064,SON,East of England,0.473,10.659
2065,SON,East of England,0.411,5.143
2066,SON,East of England,0.489,5.206
2067,SON,East of England,0.367,5.508
2068,SON,East of England,0.545,7.381
2069,SON,East of England,0.500,7.524
2070,SON,East of England,0.412,6.468
2071,SON,East of England,0.346,3.714
2072,SON,East of England,0.347,6.730
2073,SON,East of England,0.361,4.484
2074,SON,East of England,0.381,4.008
2075,SON,East of England,0.510,7.548
2076,SON,East of England,0.422,7.151
2077,SON,East of England,0.523,8.095
2078,SON,East of England,0.525,6.786
2079,SON,East of England,0.336,4.333
2080,SON,East of England,0.473,6.254
1981,SON,East Scotland,0.557,8.830
1982,SON,East Scotland,0.502,7.453
1983,SON,East Scotland,0.530,7.308
1984,SON,East Scotland,0.563,8.673
1985,SON,East Scotland,0.591,9.340
1986,SON,East Scotland,0.610,10.283
1987,SON,East Scotland,0.631,9.723
1988,SON,East Scotland,0.562,9.755
1989,SON,East Scotland,0.405,7.390
1990,SON,East Scotland,0.617,10.113
1991,SON,East Scotland,0.547,7.157
1992,SON,East Scotland,0.482,9.579
1993,SON,East Scotland,0.590,9.314
1994,SON,East Scotland,0.555,11.654
1995,SON,East Scotland,0.560,9.918
1996,SON,East Scotland,0.538,7.899
1997,SON,East Scotland,0.527,10.277
1998,SON,East Scotland,0.508,12.623
1999,SON,East Scotland,0.582,9.094
2000,SON,East Scotland,0.480,7.786
2001,SON,East Scotland,0.534,10.572
2002,SON,East Scotland,0.526,8.780
2003,SON,East Scotland,0.476,8.226
2004,SON,East Scotland,0.480,7.365
2005,SON,East Scotland,0.498,6.692
2006,SON,East Scotland,0.567,8.119
2007,SON,East Scotland,0.516,6.365
2008,SON,East Scotland,0.526,9.472
2009,SON,East Scotland,0.584,8.283
2010,SON,East Scotland,0.546,10.195
2011,SON,East Scotland,0.511,8.415
2012,SON,East Scotland,0.559,8.881
2013,SON,East Scotland,0.470,7.604
2014,SON,East Scotland,0.584,9.075
2015,SON,East Scotland,0.589,8.377
2016,SON,East Scotland,0.590,9.987
2017,SON,East Scotland,0.591,8.572
2018,SON,East Scotland,0.565,7.943
2019,SON,East Scotland,0.501,6.887
2020,SON,East Scotland,0.522,10.597
2021,SON,East Scotland,0.646,10.969
2022,SON,East Scotland,0.579,9.170
2023,SON,East Scotland,0.492,7.881
2024,SON,East Scotland,0.502,8.327
2025,SON,East Scotland,0.620,12.352
2026,SON,East Scotland,0.526,8.667
2027,SON,East Scotland,0.499,10.283
2028,SON,East Scotland,0.422,7.113
2029,SON,East Scotland,0.583,8.893
2030,SON,East Scotland,0.548,10.415
2031,SON,East Scotland,0.544,8.742
2032,SON,East Scotland,0.637,12.434
2033,SON,East Scotland,0.591,10.579
2034,SON,East Scotland,0.540,8.698
2035,SON,East Scotland,0.476,8.377
2036,SON,East Scotland,0.535,8.346
2037,SON,East Scotland,0.629,10.409
2038,SON,East Scotland,0.473,7.962
2039,SON,East Scotland,0.589,9.686
2040,SON,East Scotland,0.554,9.377
2041,SON,East Scotland,0.491,7.176
2042,SON,East Scotland,0.547,8.270
2043,SON,East Scotland,0.558,9.346
2044,SON,East Scotland,0.599,10.164
2045,SON,East Scotland,0.561,8.780
2046,SON,East Scotland,0.568,9.025
2047,SON,East Scotland,0.566,9.057
2048,SON,East Scotland,0.500,8.283
2049,SON,East Scotland,0.626,9.799
2050,SON,East Scotland,0.639,13.711
2051,SON,East Scotland,0.535,8.541
2052,SON,East Scotland,0.580,7.642
2053,SON,East Scotland,0.552,8.918
2054,SON,East Scotland,0.514,7.805
2055,SON,East Scotland,0.562,7.956
2056,SON,East Scotland,0.568,11.736
2057,SON,East Scotland,0.448,6.604
2058,SON,East Scotland,0.562,8.214
2059,SON,East Scotland,0.580,9.182
2060,SON,East Scotland,0.407,6.692
2061,SON,East Scotland,0.503,7.453
2062,SON,East Scotland,0.573,10.233
2063,SON,East Scotland,0.488,7.560
2064,SON,East Scotland,0.577,9.384
2065,SON,East Scotland,0.512,8.264
2066,SON,East Scotland,0.630,9.792
2067,SON,East Scotland,0.468,7.333
2068,SON,East Scotland,0.670,9.503
2069,SON,East Scotland,0.586,10.409
2070,SON,East Scotland,0.458,6.535
2071,SON,East Scotland,0.527,11.887
2072,SON,East Scotland,0.602,10.113
2073,SON,East Scotland,0.488,5.950
2074,SON,East Scotland,0.582,8.893
2075,SON,East Scotland,0.553,7.943
2076,SON,East Scotland,0.529,8.340
2077,SON,East Scotland,0.557,8.692
2078,SON,East Scotland,0.621,8.667
2079,SON,East Scotland,0.542,7.686
2080,SON,East Scotland,0.569,8.692
1981,SON,London,0.439,6.000
1982,SON,London,0.470,6.167
1983,SON,London,0.341,4.000
1984,SON,London,0.416,4.917
1985,SON,London,0.495,12.917
1986,SON,London,0.418,6.417
1987,SON,London,0.559,6.667
1988,SON,London,0.571,9.250
1989,SON,London,0.391,7.083
1990,SON,London,0.525,6.000
1991,SON,London,0.475,7.167
1992,SON,London,0.431,6.333
1993,SON,London,0.485,5.417
1994,SON,London,0.490,10.667
1995,SON,London,0.432,5.583
1996,SON,London,0.531,6.167
1997,SON,London,0.431,7.583
1998,SON,London,0.360,5.083
1999,SON,London,0.481,9.667
2000,SON,London,0.312,3.333
2001,SON,London,0.359,5.833
2002,SON,London,0.395,5.000
2003,SON,London,0.458,11.000
2004,SON,London,0.421,5.167
2005,SON,London,0.417,8.000
2006,SON,London,0.499,5.667
2007,SON,London,0.480,6.583
2008,SON,London,0.452,4.750
2009,SON,London,0.410,4.000
2010,SON,London,0.422,6.667
2011,SON,London,0.351,5.000
2012,SON,London,0.507,9.583
2013,SON,London,0.314,10.167
2014,SON,London,0.459,8.750
2015,SON,London,0.406,7.500
2016,SON,London,0.495,9.000
2017,SON,London,0.488,6.250
2018,SON,London,0.495,7.417
2019,SON,London,0.493,5.917
2020,SON,London,0.398,9.750
2021,SON,London,0.431,5.167
2022,SON,London,0.386,7.000
2023,SON,London,0.455,5.000
2024,SON,London,0.329,4.000
2025,SON,London,0.503,7.000
2026,SON,London,0.320,6.000
2027,SON,London,0.354,5.000
2028,SON,London,0.342,8.500
2029,SON,London,0.382,3.583
2030,SON,London,0.400,4.667
2031,SON,London,0.515,7.000
2032,SON,London,0.491,8.000
2033,SON,London,0.408,7.083
2034,SON,London,0.519,7.250
2035,SON,London,0.231,6.000
2036,SON,London,0.328,3.250
2037,SON,London,0.449,5.167
2038,SON,London,0.310,4.083
2039,SON,London,0.482,7.917
2040,SON,London,0.462,5.750
2041,SON,London,0.245,4.000
2042,SON,London,0.461,7.750
2043,SON,London,0.494,6.917
2044,SON,London,0.510,7.000
2045,SON,London,0.497,7.000
2046,SON,London,0.330,2.833
2047,SON,London,0.469,5.833
2048,SON,London,0.382,5.333
2049,SON,London,0.445,5.000
2050,SON,London,0.474,7.333
2051,SON,London,0.414,6.917
2052,SON,London,0.456,5.167
2053,SON,London,0.539,7.500
2054,SON,London,0.325,3.750
2055,SON,London,0.551,7.000
2056,SON,London,0.407,5.250
2057,SON,London,0.308,3.417
2058,SON,London,0.395,6.000
2059,SON,London,0.295,4.000
2060,SON,London,0.343,6.500
2061,SON,London,0.473,7.917
2062,SON,London,0.354,3.917
2063,SON,London,0.362,5.583
2064,SON,London,0.476,8.667
2065,SON,London,0.324,4.000
2066,SON,London,0.490,5.083
2067,SON,London,0.365,6.500
2068,SON,London,0.575,7.167
2069,SON,London,0.510,7.167
2070,SON,London,0.395,7.000
2071,SON,London,0.341,3.167
2072,SON,London,0.370,7.000
2073,SON,London,0.368,4.417
2074,SON,London,0.424,4.833
2075,SON,London,0.550,6.833
2076,SON,London,0.433,6.250
2077,SON,London,0.505,8.250
2078,SON,London,0.494,8.417
2079,SON,London,0.375,4.833
2080,SON,London,0.477,6.333
1981,SON,North East England,0.452,7.263
1982,SON,North East England,0.408,4.860
1983,SON,North East England,0.482,6.123
1984,SON,North East England,0.474,6.719
1985,SON,North East England,0.544,7.140
1986,SON,North East England,0.514,7.474
1987,SON,North East England,0.550,7.772
1988,SON,North East England,0.501,5.877
1989,SON,North East England,0.423,7.246
1990,SON,North East England,0.574,9.035
1991,SON,North East England,0.564,7.807
1992,SON,North East England,0.392,5.316
1993,SON,North East England,0.554,9.000
1994,SON,North East England,0.478,11.509
1995,SON,North East England,0.515,7.175
1996,SON,North East England,0.531,7.053
1997,SON,North East England,0.478,8.632
1998,SON,North East England,0.463,6.474
1999,SON,North East England,0.526,8.842
2000,SON,North East England,0.386,5.246
2001,SON,North East England,0.509,9.211
2002,SON,North East England,0.452,7.053
2003,SON,North East England,0.412,5.842
2004,SON,North East England,0.514,6.702
2005,SON,North East England,0.400,5.667
2006,SON,North East England,0.527,6.684
2007,SON,North East England,0.482,6.035
2008,SON,North East England,0.502,6.649
2009,SON,North East England,0.500,7.263
2010,SON,North East England,0.484,9.263
2011,SON,North East England,0.459,5.193
2012,SON,North East England,0.464,6.386
2013,SON,North East England,0.409,6.912
2014,SON,North East England,0.506,6.281
2015,SON,North East England,0.544,7.825
2016,SON,North East England,0.581,10.140
2017,SON,North East England,0.477,5.807
2018,SON,North East England,0.511,6.035
2019,SON,North East England,0.434,4.614
2020,SON,North East England,0.492,9.404
2021,SON,North East England,0.586,9.474
2022,SON,North East England,0.492,6.807
2023,SON,North East England,0.532,10.018
2024,SON,North East England,0.404,5.281
2025,SON,North East England,0.517,9.351
2026,SON,North East England,0.453,6.123
2027,SON,North East England,0.420,7.456
2028,SON,North East England,0.375,5.158
2029,SON,North East England,0.479,6.193
2030,SON,North East England,0.498,7.702
2031,SON,North East England,0.510,8.105
2032,SON,North East England,0.579,7.474
2033,SON,North East England,0.478,6.825
2034,SON,North East England,0.472,6.281
2035,SON,North East England,0.366,6.000
2036,SON,North East England,0.478,6.386
2037,SON,North East England,0.605,8.965
2038,SON,North East England,0.377,5.614
2039,SON,North East England,0.533,6.754
2040,SON,North East England,0.530,7.579
2041,SON,North East England,0.377,5.509
2042,SON,North East England,0.498,7.316
2043,SON,North East England,0.445,6.456
2044,SON,North East England,0.564,7.526
2045,SON,North East England,0.554,7.842
2046,SON,North East England,0.498,6.193
2047,SON,North East England,0.530,6.684
2048,SON,North East England,0.423,8.175
2049,SON,North East England,0.582,6.386
2050,SON,North East England,0.529,8.825
2051,SON,North East England,0.466,6.316
2052,SON,North East England,0.530,5.298
2053,SON,North East England,0.527,6.807
2054,SON,North East England,0.439,5.649
2055,SON,North East England,0.571,7.579
2056,SON,North East England,0.485,9.158
2057,SON,North East England,0.411,6.088
2058,SON,North East England,0.515,5.860
2059,SON,North East England,0.497,6.368
2060,SON,North East England,0.378,6.456
2061,SON,North East England,0.432,5.298
2062,SON,North East England,0.527,7.386
2063,SON,North East England,0.469,6.298
2064,SON,North East England,0.544,11.456
2065,SON,North East England,0.484,5.719
2066,SON,North East England,0.555,6.947
2067,SON,North East England,0.376,5.982
2068,SON,North East England,0.578,6.982
2069,SON,North East England,0.524,8.140
2070,SON,North East England,0.411,5.070
2071,SON,North East England,0.514,9.526
2072,SON,North East England,0.530,8.035
2073,SON,North East England,0.440,4.737
2074,SON,North East England,0.509,6.737
2075,SON,North East England,0.540,9.175
2076,SON,North East England,0.510,6.667
2077,SON,North East England,0.545,9.386
2078,SON,North East England,0.613,8.544
2079,SON,North East England,0.458,6.702
2080,SON,North East England,0.529,7.316
1981,SON,North Scotland,0.667,17.587
1982,SON,North Scotland,0.628,11.512
1983,SON,North Scotland,0.670,14.343
1984,SON,North Scotland,0.722,11.866
1985,SON,North Scotland,0.696,19.498
1986,SON,North Scotland,0.647,13.433
1987,SON,North Scotland,0.753,15.333
1988,SON,North Scotland,0.690,12.090
1989,SON,North Scotland,0.455,11.244
1990,SON,North Scotland,0.702,12.224
1991,SON,North Scotland,0.677,11.507
1992,SON,North Scotland,0.687,16.343
1993,SON,North Scotland,0.702,17.129
1994,SON,North Scotland,0.536,11.204
1995,SON,North Scotland,0.725,21.065
1996,SON,North Scotland,0.570,8.612
1997,SON,North Scotland,0.626,10.970
1998,SON,North Scotland,0.602,14.716
1999,SON,North Scotland,0.703,15.423
2000,SON,North Scotland,0.590,11.159
2001,SON,North Scotland,0.649,15.005
2002,SON,North Scotland,0.622,12.423
2003,SON,North Scotland,0.538,12.313
2004,SON,North Scotland,0.602,11.433
2005,SON,North Scotland,0.620,10.692
2006,SON,North Scotland,0.673,15.318
2007,SON,North Scotland,0.686,11.806
2008,SON,North Scotland,0.637,13.045
2009,SON,North Scotland,0.672,13.483
2010,SON,North Scotland,0.620,11.308
2011,SON,North Scotland,0.566,9.179
2012,SON,North Scotland,0.642,12.562
2013,SON,North Scotland,0.564,12.070
2014,SON,North Scotland,0.699,15.517
2015,SON,North Scotland,0.657,9.040
2016,SON,North Scotland,0.661,14.313
2017,SON,North Scotland,0.769,17.572
2018,SON,North Scotland,0.662,14.552
2019,SON,North Scotland,0.661,13.025
2020,SON,North Scotland,0.569,11.955
2021,SON,North Scotland,0.690,14.900
2022,SON,North Scotland,0.663,12.701
2023,SON,North Scotland,0.577,9.423
2024,SON,North Scotland,0.606,14.701
2025,SON,North Scotland,0.667,16.930
2026,SON,North Scotland,0.648,13.542
2027,SON,North Scotland,0.556,14.970
2028,SON,North Scotland,0.547,10.174
2029,SON,North Scotland,0.681,11.726
2030,SON,North Scotland,0.586,13.672
2031,SON,North Scotland,0.578,11.144
2032,SON,North Scotland,0.732,18.323
2033,SON,North Scotland,0.722,16.995
2034,SON,North Scotland,0.690,16.388
2035,SON,North Scotland,0.676,13.831
2036,SON,North Scotland,0.679,12.826
2037,SON,North Scotland,0.670,13.900
2038,SON,North Scotland,0.622,14.338
2039,SON,North Scotland,0.682,15.637
2040,SON,North Scotland,0.614,12.179
2041,SON,North Scotland,0.621,12.179
2042,SON,North Scotland,0.644,16.085
2043,SON,North Scotland,0.626,13.657
2044,SON,North Scotland,0.687,19.090
2045,SON,North Scotland,0.593,10.532
2046,SON,North Scotland,0.719,16.597
2047,SON,North Scotland,0.668,16.468
2048,SON,North Scotland,0.677,19.876
2049,SON,North Scotland,0.626,12.821
2050,SON,North Scotland,0.691,13.557
2051,SON,North Scotland,0.608,10.468
2052,SON,North Scotland,0.631,10.905
2053,SON,North Scotland,0.645,20.408
2054,SON,North Scotland,0.629,13.323
2055,SON,North Scotland,0.702,15.433
2056,SON,North Scotland,0.609,14.975
2057,SON,North Scotland,0.587,10.776
2058,SON,North Scotland,0.643,9.368
2059,SON,North Scotland,0.623,10.512
2060,SON,North Scotland,0.526,10.224
2061,SON,North Scotland,0.619,13.692
2062,SON,North Scotland,0.622,16.184
2063,SON,North Scotland,0.609,12.328
2064,SON,North Scotland,0.605,14.617
2065,SON,North Scotland,0.667,14.602
2066,SON,North Scotland,0.737,15.756
2067,SON,North Scotland,0.540,10.542
2068,SON,North Scotland,0.743,17.154
2069,SON,North Scotland,0.703,17.786
2070,SON,North Scotland,0.617,10.915
2071,SON,North Scotland,0.600,11.756
2072,SON,North Scotland,0.688,17.637
2073,SON,North Scotland,0.545,15.100
2074,SON,North Scotland,0.666,17.090
2075,SON,North Scotland,0.637,11.498
2076,SON,North Scotland,0.638,11.945
2077,SON,North Scotland,0.673,13.025
2078,SON,North Scotland,0.671,12.363
2079,SON,North Scotland,0.640,10.950
2080,SON,North Scotland,0.634,8.667
1981,SON,North West England,0.637,14.032
1982,SON,North West England,0.527,7.495
1983,SON,North West England,0.615,10.925
1984,SON,North West England,0.571,10.624
1985,SON,North West England,0.711,11.054
1986,SON,North West England,0.622,14.237
1987,SON,North West England,0.767,14.129
1988,SON,North West England,0.663,8.720
1989,SON,North West England,0.384,9.935
1990,SON,North West England,0.633,10.817
1991,SON,North West England,0.576,10.763
1992,SON,North West England,0.565,10.032
1993,SON,North West England,0.689,14.581
1994,SON,North West England,0.558,13.000
1995,SON,North West England,0.602,14.667
1996,SON,North West England,0.545,8.667
1997,SON,North West England,0.481,9.226
1998,SON,North West England,0.560,14.075
1999,SON,North West England,0.640,12.806
2000,SON,North West England,0.489,10.634
2001,SON,North West England,0.583,17.452
2002,SON,North West England,0.581,18.269
2003,SON,North West England,0.477,8.742
2004,SON,North West England,0.570,9.172
2005,SON,North West England,0.547,9.344
2006,SON,North West England,0.699,14.043
2007,SON,North West England,0.632,8.000
2008,SON,North West England,0.512,7.871
2009,SON,North West England,0.632,12.151
2010,SON,North West England,0.564,11.925
2011,SON,North West England,0.555,8.505
2012,SON,North West England,0.631,10.720
2013,SON,North West England,0.443,11.882
2014,SON,North West England,0.640,14.398
2015,SON,North West England,0.592,9.935
2016,SON,North West England,0.609,16.720
2017,SON,North West England,0.633,11.774
2018,SON,North West England,0.610,9.785
2019,SON,North West England,0.606,14.194
2020,SON,North West England,0.522,13.054
2021,SON,North West England,0.713,12.774
2022,SON,North West England,0.638,12.376
2023,SON,North West England,0.570,15.065
2024,SON,North West England,0.440,5.527
2025,SON,North West England,0.630,18.699
2026,SON,North West England,0.528,13.581
2027,SON,North West England,0.423,7.226
2028,SON,North West England,0.406,7.075
2029,SON,North West England,0.581,9.376
2030,SON,North West England,0.563,14.699
2031,SON,North West England,0.562,12.065
2032,SON,North West England,0.659,13.022
2033,SON,North West England,0.629,14.151
2034,SON,North West England,0.656,12.774
2035,SON,North West England,0.512,10.258
2036,SON,North West England,0.603,9.710
2037,SON,North West England,0.772,12.462
2038,SON,North West England,0.492,10.484
2039,SON,North West England,0.631,13.613
2040,SON,North West England,0.533,11.108
2041,SON,North West England,0.476,9.656
2042,SON,North West England,0.667,13.215
2043,SON,North West England,0.582,12.591
2044,SON,North West England,0.650,12.656
2045,SON,North West England,0.622,11.720
2046,SON,North West England,0.638,12.978
2047,SON,North West England,0.614,12.151
2048,SON,North West England,0.578,12.387
2049,SON,North West England,0.628,11.032
2050,SON,North West England,0.676,13.925
2051,SON,North West England,0.509,7.634
2052,SON,North West England,0.577,6.398
2053,SON,North West England,0.655,24.151
2054,SON,North West England,0.575,11.516
2055,SON,North West England,0.644,15.559
2056,SON,North West England,0.627,12.473
2057,SON,North West England,0.466,7.226
2058,SON,North West England,0.578,11.548
2059,SON,North West England,0.535,7.720
2060,SON,North West England,0.382,8.032
2061,SON,North West England,0.551,9.613
2062,SON,North West England,0.612,12.140
2063,SON,North West England,0.574,12.097
2064,SON,North West England,0.553,10.075
2065,SON,North West England,0.560,8.527
2066,SON,North West England,0.778,14.172
2067,SON,North West England,0.448,12.473
2068,SON,North West England,0.743,16.484
2069,SON,North West England,0.644,14.247
2070,SON,North West England,0.448,8.312
2071,SON,North West England,0.629,15.613
2072,SON,North West England,0.667,14.065
2073,SON,North West England,0.470,5.731
2074,SON,North West England,0.650,14.194
2075,SON,North West England,0.675,14.624
2076,SON,North West England,0.553,11.430
2077,SON,North West England,0.702,19.452
2078,SON,North West England,0.708,12.871
2079,SON,North West England,0.539,8.667
2080,SON,North West England,0.593,10.914
1981,SON,South East England,0.422,5.966
1982,SON,South East England,0.428,6.246
1983,SON,South East England,0.354,3.958
1984,SON,South East England,0.413,4.763
1985,SON,South East England,0.470,11.110
1986,SON,South East England,0.411,6.703
1987,SON,South East England,0.526,6.576
1988,SON,South East England,0.550,9.144
1989,SON,South East England,0.374,7.458
1990,SON,South East England,0.511,7.025
1991,SON,South East England,0.505,9.314
1992,SON,South East England,0.382,7.678
1993,SON,South East England,0.494,6.076
1994,SON,South East England,0.504,8.780
1995,SON,South East England,0.413,4.797
1996,SON,South East England,0.483,6.949
1997,SON,South East England,0.381,7.093
1998,SON,South East England,0.390,6.712
1999,SON,South East England,0.466,9.788
2000,SON,South East England,0.325,4.466
2001,SON,South East England,0.381,6.466
2002,SON,South East England,0.380,4.661
2003,SON,South East England,0.438,12.881
2004,SON,South East England,0.404,6.102
2005,SON,South East England,0.385,6.432
2006,SON,South East England,0.491,5.780
2007,SON,South East England,0.490,5.695
2008,SON,South East England,0.437,5.220
2009,SON,South East England,0.435,5.169
2010,SON,South East England,0.401,6.212
2011,SON,South East England,0.349,5.263
2012,SON,South East England,0.464,9.983
2013,SON,South East England,0.294,9.619
2014,SON,South East England,0.447,6.890
2015,SON,South East England,0.388,7.017
2016,SON,South East England,0.465,6.873
2017,SON,South East England,0.471,6.475
2018,SON,South East England,0.475,8.407
2019,SON,South East England,0.494,6.331
2020,SON,South East England,0.389,8.059
2021,SON,South East England,0.431,5.822
2022,SON,South East England,0.413,7.017
2023,SON,South East England,0.427,5.331
2024,SON,South East England,0.310,3.839
2025,SON,South East England,0.548,7.441
2026,SON,South East England,0.329,5.797
2027,SON,South East England,0.333,5.263
2028,SON,South East England,0.312,6.381
2029,SON,South East England,0.397,5.110
2030,SON,South East England,0.378,5.373
2031,SON,South East England,0.470,5.542
2032,SON,South East England,0.484,10.424
2033,SON,South East England,0.381,8.042
2034,SON,South East England,0.486,7.797
2035,SON,South East England,0.212,5.034
2036,SON,South East England,0.318,3.788
2037,SON,South East England,0.439,5.288
2038,SON,South East England,0.307,4.822
2039,SON,South East England,0.457,6.788
2040,SON,South East England,0.435,8.424
2041,SON,South East England,0.253,4.686
2042,SON,South East England,0.445,6.805
2043,SON,South East England,0.477,7.085
2044,SON,South East England,0.488,7.492
2045,SON,South East England,0.501,6.754
2046,SON,South East England,0.325,3.331
2047,SON,South East England,0.451,6.220
2048,SON,South East England,0.375,6.314
2049,SON,South East England,0.441,6.042
2050,SON,South East England,0.479,6.847
2051,SON,South East England,0.375,6.042
2052,SON,South East England,0.443,5.254
2053,SON,South East England,0.547,7.780
2054,SON,South East England,0.322,4.542
2055,SON,South East England,0.518,7.398
2056,SON,South East England,0.407,5.881
2057,SON,South East England,0.301,3.424
2058,SON,South East England,0.408,5.424
2059,SON,South East England,0.300,4.517
2060,SON,South East England,0.337,6.542
2061,SON,South East England,0.446,6.636
2062,SON,South East England,0.338,4.322
2063,SON,South East England,0.377,6.339
2064,SON,South East England,0.467,7.958
2065,SON,South East England,0.325,4.407
2066,SON,South East England,0.492,5.322
2067,SON,South East England,0.343,5.381
2068,SON,South East England,0.553,7.381
2069,SON,South East England,0.474,7.042
2070,SON,South East England,0.353,7.525
2071,SON,South East England,0.383,4.314
2072,SON,South East England,0.382,7.059
2073,SON,South East England,0.336,4.331
2074,SON,South East England,0.420,5.203
2075,SON,South East England,0.531,7.017
2076,SON,South East England,0.420,7.178
2077,SON,South East England,0.508,8.508
2078,SON,South East England,0.519,8.008
2079,SON,South East England,0.343,4.907
2080,SON,South East England,0.438,6.076
1981,SON,South West England,0.464,7.063
1982,SON,South West England,0.406,6.019
1983,SON,South West England,0.406,5.861
1984,SON,South West England,0.451,6.044
1985,SON,South West England,0.540,9.443
1986,SON,South West England,0.491,11.253
1987,SON,South West England,0.576,7.722
1988,SON,South West England,0.579,10.082
1989,SON,South West England,0.357,9.108
1990,SON,South West England,0.543,9.987
1991,SON,South West England,0.512,7.785
1992,SON,South West England,0.385,6.437
1993,SON,South West England,0.526,9.146
1994,SON,South West England,0.545,7.234
1995,SON,South West England,0.428,5.741
1996,SON,South West England,0.483,9.025
1997,SON,South West England,0.377,7.804
1998,SON,South West England,0.410,7.778
1999,SON,South West England,0.505,10.139
2000,SON,South West England,0.364,5.101
2001,SON,South West England,0.411,6.620
2002,SON,South West England,0.441,9.962
2003,SON,South West England,0.437,9.797
2004,SON,South West England,0.439,5.430
2005,SON,South West England,0.390,5.291
2006,SON,South West England,0.519,6.392
2007,SON,South West England,0.537,6.190
2008,SON,South West England,0.426,5.380
2009,SON,South West England,0.454,5.671
2010,SON,South West England,0.400,5.627
2011,SON,South West England,0.437,6.095
2012,SON,South West England,0.468,8.627
2013,SON,South West England,0.314,9.886
2014,SON,South West England,0.497,9.373
2015,SON,South West England,0.418,7.557
2016,SON,South West England,0.461,9.538
2017,SON,South West England,0.497,7.234
2018,SON,South West England,0.497,6.506
2019,SON,South West England,0.519,9.582
2020,SON,South West England,0.451,7.576
2021,SON,South West England,0.458,7.209
2022,SON,South West England,0.476,8.203
2023,SON,South West England,0.399,4.595
2024,SON,South West England,0.345,4.551
2025,SON,South West England,0.573,10.203
2026,SON,South West England,0.379,8.563
2027,SON,South West England,0.358,6.127
2028,SON,South West England,0.326,8.057
2029,SON,South West England,0.462,8.589
2030,SON,South West England,0.400,6.380
2031,SON,South West England,0.491,7.272
2032,SON,South West England,0.533,8.133
2033,SON,South West England,0.426,11.171
2034,SON,South West England,0.541,8.424
2035,SON,South West England,0.221,4.108
2036,SON,South West England,0.327,4.791
2037,SON,South West England,0.534,8.557
2038,SON,South West England,0.340,6.386
2039,SON,South West England,0.512,8.468
2040,SON,South West England,0.478,10.108
2041,SON,South West England,0.316,5.589
2042,SON,South West England,0.486,7.563
2043,SON,South West England,0.494,7.278
2044,SON,South West England,0.485,6.930
2045,SON,South West England,0.534,7.905
2046,SON,South West England,0.390,5.044
2047,SON,South West England,0.482,7.684
2048,SON,South West England,0.441,7.652
2049,SON,South West England,0.517,8.468
2050,SON,South West England,0.516,7.886
2051,SON,South West England,0.422,6.639
2052,SON,South West England,0.446,5.614
2053,SON,South West England,0.554,8.747
2054,SON,South West England,0.376,5.804
2055,SON,South West England,0.536,8.652
2056,SON,South West England,0.439,8.063
2057,SON,South West England,0.341,4.949
2058,SON,South West England,0.461,6.228
2059,SON,South West England,0.379,5.304
2060,SON,South West England,0.324,7.500
2061,SON,South West England,0.480,8.032
2062,SON,South West England,0.464,10.133
2063,SON,South West England,0.436,7.272
2064,SON,South West England,0.465,6.152
2065,SON,South West England,0.377,6.576
2066,SON,South West England,0.577,8.608
2067,SON,South West England,0.374,9.272
2068,SON,South West England,0.579,8.209
2069,SON,South West England,0.499,7.949
2070,SON,South West England,0.379,9.278
2071,SON,South West England,0.465,6.266
2072,SON,South West England,0.443,8.089
2073,SON,South West England,0.339,4.241
2074,SON,South West England,0.449,7.468
2075,SON,South West England,0.594,9.253
2076,SON,South West England,0.432,7.310
2077,SON,South West England,0.539,8.684
2078,SON,South West England,0.544,8.886
2079,SON,South West England,0.375,6.234
2080,SON,South West England,0.455,7.665
1981,SON,West Midlands,0.451,6.349
1982,SON,West Midlands,0.418,6.500
1983,SON,West Midlands,0.449,5.663
1984,SON,West Midlands,0.452,5.721
1985,SON,West Midlands,0.550,9.779
1986,SON,West Midlands,0.491,6.826
1987,SON,West Midlands,0.576,6.826
1988,SON,West Midlands,0.582,7.570
1989,SON,West Midlands,0.376,7.942
1990,SON,West Midlands,0.523,7.012
1991,SON,West Midlands,0.538,8.709
1992,SON,West Midlands,0.400,6.535
1993,SON,West Midlands,0.541,9.965
1994,SON,West Midlands,0.483,7.581
1995,SON,West Midlands,0.456,5.814
1996,SON,West Midlands,0.486,7.849
1997,SON,West Midlands,0.400,6.093
1998,SON,West Midlands,0.403,7.837
1999,SON,West Midlands,0.522,8.012
2000,SON,West Midlands,0.389,5.547
2001,SON,West Midlands,0.442,6.512
2002,SON,West Midlands,0.478,8.570
2003,SON,West Midlands,0.404,6.640
2004,SON,West Midlands,0.462,8.477
2005,SON,West Midlands,0.462,7.860
2006,SON,West Midlands,0.549,6.849
2007,SON,West Midlands,0.539,7.070
2008,SON,West Midlands,0.461,5.884
2009,SON,West Midlands,0.482,6.709
2010,SON,West Midlands,0.439,5.814
2011,SON,West Midlands,0.456,5.930
2012,SON,West Midlands,0.448,4.814
2013,SON,West Midlands,0.364,8.291
2014,SON,West Midlands,0.514,7.163
2015,SON,West Midlands,0.461,7.012
2016,SON,West Midlands,0.451,7.209
2017,SON,West Midlands,0.498,5.628
2018,SON,West Midlands,0.496,6.244
2019,SON,West Midlands,0.504,7.733
2020,SON,West Midlands,0.447,6.977
2021,SON,West Midlands,0.519,6.140
2022,SON,West Midlands,0.486,8.593
2023,SON,West Midlands,0.414,5.965
2024,SON,West Midlands,0.347,3.953
2025,SON,West Midlands,0.603,8.081
2026,SON,West Midlands,0.373,5.907
2027,SON,West Midlands,0.353,5.047
2028,SON,West Midlands,0.356,7.081
2029,SON,West Midlands,0.490,6.395
2030,SON,West Midlands,0.423,5.395
2031,SON,West Midlands,0.519,8.198
2032,SON,West Midlands,0.583,8.163
2033,SON,West Midlands,0.386,5.593
2034,SON,West Midlands,0.551,7.442
2035,SON,West Midlands,0.294,5.209
2036,SON,West Midlands,0.360,5.744
2037,SON,West Midlands,0.538,7.430
2038,SON,West Midlands,0.330,4.047
2039,SON,West Midlands,0.457,7.012
2040,SON,West Midlands,0.445,5.256
2041,SON,West Midlands,0.317,5.477
2042,SON,West Midlands,0.520,7.116
2043,SON,West Midlands,0.438,6.093
2044,SON,West Midlands,0.516,8.070
2045,SON,West Midlands,0.555,7.977
2046,SON,West Midlands,0.448,7.291
2047,SON,West Midlands,0.494,6.326
2048,SON,West Midlands,0.434,5.407
2049,SON,West Midlands,0.492,6.035
2050,SON,West Midlands,0.508,6.895
2051,SON,West Midlands,0.431,6.930
2052,SON,West Midlands,0.485,5.547
2053,SON,West Midlands,0.581,8.140
2054,SON,West Midlands,0.405,5.767
2055,SON,West Midlands,0.537,8.512
2056,SON,West Midlands,0.485,6.837
2057,SON,West Midlands,0.353,5.570
2058,SON,West Midlands,0.469,5.651
2059,SON,West Midlands,0.435,5.849
2060,SON,West Midlands,0.339,7.930
2061,SON,West Midlands,0.441,5.919
2062,SON,West Midlands,0.495,8.186
2063,SON,West Midlands,0.475,7.186
2064,SON,West Midlands,0.443,5.267
2065,SON,West Midlands,0.449,6.663
2066,SON,West Midlands,0.566,5.953
2067,SON,West Midlands,0.381,8.465
2068,SON,West Midlands,0.543,5.942
2069,SON,West Midlands,0.474,7.628
2070,SON,West Midlands,0.387,9.907
2071,SON,West Midlands,0.488,9.535
2072,SON,West Midlands,0.455,8.826
2073,SON,West Midlands,0.397,4.802
2074,SON,West Midlands,0.483,7.267
2075,SON,West Midlands,0.586,7.919
2076,SON,West Midlands,0.462,6.267
2077,SON,West Midlands,0.562,9.174
2078,SON,West Midlands,0.593,7.907
2079,SON,West Midlands,0.405,6.070
2080,SON,West Midlands,0.480,8.128
1981,SON,West Scotland,0.680,15.400
1982,SON,West Scotland,0.617,9.838
1983,SON,West Scotland,0.639,11.385
1984,SON,West Scotland,0.608,10.623
1985,SON,West Scotland,0.739,14.246
1986,SON,West Scotland,0.681,15.877
1987,SON,West Scotland,0.744,14.200
1988,SON,West Scotland,0.645,11.515
1989,SON,West Scotland,0.356,9.546
1990,SON,West Scotland,0.633,8.723
1991,SON,West Scotland,0.580,8.962
1992,SON,West Scotland,0.601,16.800
1993,SON,West Scotland,0.672,12.692
1994,SON,West Scotland,0.540,12.815
1995,SON,West Scotland,0.654,18.615
1996,SON,West Scotland,0.523,9.969
1997,SON,West Scotland,0.503,8.946
1998,SON,West Scotland,0.633,21.623
1999,SON,West Scotland,0.691,13.177
2000,SON,West Scotland,0.532,13.623
2001,SON,West Scotland,0.621,18.162
2002,SON,West Scotland,0.628,13.485
2003,SON,West Scotland,0.474,10.315
2004,SON,West Scotland,0.544,9.477
2005,SON,West Scotland,0.578,9.815
2006,SON,West Scotland,0.678,14.138
2007,SON,West Scotland,0.578,6.877
2008,SON,West Scotland,0.563,10.800
2009,SON,West Scotland,0.625,9.869
2010,SON,West Scotland,0.585,10.546
2011,SON,West Scotland,0.573,8.808
2012,SON,West Scotland,0.661,16.662
2013,SON,West Scotland,0.504,11.023
2014,SON,West Scotland,0.664,15.792
2015,SON,West Scotland,0.616,8.431
2016,SON,West Scotland,0.600,13.285
2017,SON,West Scotland,0.689,12.054
2018,SON,West Scotland,0.652,12.600
2019,SON,West Scotland,0.632,11.277
2020,SON,West Scotland,0.540,14.592
2021,SON,West Scotland,0.701,12.008
2022,SON,West Scotland,0.667,13.600
2023,SON,West Scotland,0.551,11.177
2024,SON,West Scotland,0.532,11.000
2025,SON,West Scotland,0.685,20.915
2026,SON,West Scotland,0.579,10.800
2027,SON,West Scotland,0.439,9.946
2028,SON,West Scotland,0.460,8.823
2029,SON,West Scotland,0.637,10.738
2030,SON,West Scotland,0.598,17.208
2031,SON,West Scotland,0.592,12.808
2032,SON,West Scotland,0.662,16.277
2033,SON,West Scotland,0.692,12.846
2034,SON,West Scotland,0.679,15.238
2035,SON,West Scotland,0.582,13.915
2036,SON,West Scotland,0.636,11.885
2037,SON,West Scotland,0.751,11.523
2038,SON,West Scotland,0.531,12.900
2039,SON,West Scotland,0.649,15.854
2040,SON,West Scotland,0.547,9.900
2041,SON,West Scotland,0.562,9.762
2042,SON,West Scotland,0.690,18.769
2043,SON,West Scotland,0.601,13.138
2044,SON,West Scotland,0.644,14.338
2045,SON,West Scotland,0.581,11.992
2046,SON,West Scotland,0.682,13.554
2047,SON,West Scotland,0.626,14.577
2048,SON,West Scotland,0.635,14.331
2049,SON,West Scotland,0.657,15.508
2050,SON,West Scotland,0.733,19.054
2051,SON,West Scotland,0.542,8.923
2052,SON,West Scotland,0.609,9.669
2053,SON,West Scotland,0.646,15.500
2054,SON,West Scotland,0.624,13.900
2055,SON,West Scotland,0.595,13.892
2056,SON,West Scotland,0.596,17.015
2057,SON,West Scotland,0.490,8.554
2058,SON,West Scotland,0.603,8.600
2059,SON,West Scotland,0.568,8.731
2060,SON,West Scotland,0.396,6.877
2061,SON,West Scotland,0.579,12.123
2062,SON,West Scotland,0.632,13.377
2063,SON,West Scotland,0.561,10.423
2064,SON,West Scotland,0.592,12.877
2065,SON,West Scotland,0.599,11.800
2066,SON,West Scotland,0.775,15.723
2067,SON,West Scotland,0.536,12.154
2068,SON,West Scotland,0.799,20.462
2069,SON,West Scotland,0.675,17.308
2070,SON,West Scotland,0.492,8.131
2071,SON,West Scotland,0.590,11.877
2072,SON,West Scotland,0.701,15.254
2073,SON,West Scotland,0.493,9.485
2074,SON,West Scotland,0.650,12.900
2075,SON,West Scotland,0.635,12.408
2076,SON,West Scotland,0.550,12.231
2077,SON,West Scotland,0.654,16.915
2078,SON,West Scotland,0.652,11.477
2079,SON,West Scotland,0.586,9.354
2080,SON,West Scotland,0.597,10.854
1981,SON,Yorkshire and Humber,0.441,6.634
1982,SON,Yorkshire and Humber,0.444,5.050
1983,SON,Yorkshire and Humber,0.444,6.693
1984,SON,Yorkshire and Humber,0.454,5.812
1985,SON,Yorkshire and Humber,0.537,6.822
1986,SON,Yorkshire and Humber,0.488,7.406
1987,SON,Yorkshire and Humber,0.548,6.812
1988,SON,Yorkshire and Humber,0.526,5.752
1989,SON,Yorkshire and Humber,0.416,6.257
1990,SON,Yorkshire and Humber,0.534,10.069
1991,SON,Yorkshire and Humber,0.523,7.515
1992,SON,Yorkshire and Humber,0.410,6.614
1993,SON,Yorkshire and Humber,0.581,9.238
1994,SON,Yorkshire and Humber,0.503,8.604
1995,SON,Yorkshire and Humber,0.482,6.584
1996,SON,Yorkshire and Humber,0.492,6.802
1997,SON,Yorkshire and Humber,0.410,5.871
1998,SON,Yorkshire and Humber,0.428,7.010
1999,SON,Yorkshire and Humber,0.534,10.446
2000,SON,Yorkshire and Humber,0.356,4.960
2001,SON,Yorkshire and Humber,0.456,7.653
2002,SON,Yorkshire and Humber,0.431,9.376
2003,SON,Yorkshire and Humber,0.403,5.396
2004,SON,Yorkshire and Humber,0.516,9.416
2005,SON,Yorkshire and Humber,0.404,6.842
2006,SON,Yorkshire and Humber,0.554,7.406
2007,SON,Yorkshire and Humber,0.480,5.842
2008,SON,Yorkshire and Humber,0.444,5.366
2009,SON,Yorkshire and Humber,0.464,6.198
2010,SON,Yorkshire and Humber,0.473,7.436
2011,SON,Yorkshire and Humber,0.432,6.149
2012,SON,Yorkshire and Humber,0.458,4.812
2013,SON,Yorkshire and Humber,0.371,5.733
2014,SON,Yorkshire and Humber,0.539,7.228
2015,SON,Yorkshire and Humber,0.503,7.446
2016,SON,Yorkshire and Humber,0.512,7.089
2017,SON,Yorkshire and Humber,0.496,6.119
2018,SON,Yorkshire and Humber,0.483,6.099
2019,SON,Yorkshire and Humber,0.446,5.554
2020,SON,Yorkshire and Humber,0.457,8.000
2021,SON,Yorkshire and Humber,0.567,8.545
2022,SON,Yorkshire and Humber,0.508,6.772
2023,SON,Yorkshire and Humber,0.517,8.000
2024,SON,Yorkshire and Humber,0.366,5.238
2025,SON,Yorkshire and Humber,0.515,7.812
2026,SON,Yorkshire and Humber,0.421,7.158
2027,SON,Yorkshire and Humber,0.363,4.693
2028,SON,Yorkshire and Humber,0.316,5.228
2029,SON,Yorkshire and Humber,0.487,6.436
2030,SON,Yorkshire and Humber,0.435,6.010
2031,SON,Yorkshire and Humber,0.497,8.079
2032,SON,Yorkshire and Humber,0.611,8.960
2033,SON,Yorkshire and Humber,0.431,7.208
2034,SON,Yorkshire and Humber,0.479,6.842
2035,SON,Yorkshire and Humber,0.329,4.871
2036,SON,Yorkshire and Humber,0.443,6.000
2037,SON,Yorkshire and Humber,0.555,7.970
2038,SON,Yorkshire and Humber,0.360,6.960
2039,SON,Yorkshire and Humber,0.486,5.733
2040,SON,Yorkshire and Humber,0.460,7.554
2041,SON,Yorkshire and Humber,0.359,5.634
2042,SON,Yorkshire and Humber,0.495,6.020
2043,SON,Yorkshire and Humber,0.418,6.198
2044,SON,Yorkshire and Humber,0.534,7.941
2045,SON,Yorkshire and Humber,0.549,7.881
2046,SON,Yorkshire and Humber,0.448,6.307
2047,SON,Yorkshire and Humber,0.504,5.149
2048,SON,Yorkshire and Humber,0.454,9.614
2049,SON,Yorkshire and Humber,0.515,5.921
2050,SON,Yorkshire and Humber,0.499,7.871
2051,SON,Yorkshire and Humber,0.451,5.683
2052,SON,Yorkshire and Humber,0.512,5.356
2053,SON,Yorkshire and Humber,0.565,8.168
2054,SON,Yorkshire and Humber,0.436,5.871
2055,SON,Yorkshire and Humber,0.554,8.257
2056,SON,Yorkshire and Humber,0.442,8.921
2057,SON,Yorkshire and Humber,0.333,4.317
2058,SON,Yorkshire and Humber,0.495,5.634
2059,SON,Yorkshire and Humber,0.432,6.228
2060,SON,Yorkshire and Humber,0.336,5.099
2061,SON,Yorkshire and Humber,0.410,5.663
2062,SON,Yorkshire and Humber,0.473,6.505
2063,SON,Yorkshire and Humber,0.462,6.485
2064,SON,Yorkshire and Humber,0.484,7.851
2065,SON,Yorkshire and Humber,0.444,4.950
2066,SON,Yorkshire and Humber,0.579,6.752
2067,SON,Yorkshire and Humber,0.337,7.832
2068,SON,Yorkshire and Humber,0.545,6.663
2069,SON,Yorkshire and Humber,0.523,7.228
2070,SON,Yorkshire and Humber,0.413,6.416
2071,SON,Yorkshire and Humber,0.470,8.584
2072,SON,Yorkshire and Humber,0.482,8.149
2073,SON,Yorkshire and Humber,0.413,4.871
2074,SON,Yorkshire and Humber,0.491,6.842
2075,SON,Yorkshire and Humber,0.564,7.822
2076,SON,Yorkshire and Humber,0.495,7.139
2077,SON,Yorkshire and Humber,0.518,8.931
2078,SON,Yorkshire and Humber,0.622,8.762
2079,SON,Yorkshire and Humber,0.408,5.604
2080,SON,Yorkshire and Humber,0.490,6.960
1981,SON,Channel Islands,0.527,12.000
1982,SON,Channel Islands,0.462,7.000
1983,SON,Channel Islands,0.571,11.000
1984,SON,Channel Islands,0.538,8.000
1985,SON,Channel Islands,0.582,12.000
1986,SON,Channel Islands,0.648,34.000
1987,SON,Channel Islands,0.758,16.000
1988,SON,Channel Islands,0.692,13.000
1989,SON,Channel Islands,0.505,16.000
1990,SON,Channel Islands,0.670,15.000
1991,SON,Channel Islands,0.648,9.000
1992,SON,Channel Islands,0.462,8.000
1993,SON,Channel Islands,0.626,18.000
1994,SON,Channel Islands,0.703,31.000
1995,SON,Channel Islands,0.516,14.000
1996,SON,Channel Islands,0.626,9.000
1997,SON,Channel Islands,0.495,7.000
1998,SON,Channel Islands,0.516,16.000
1999,SON,Channel Islands,0.604,20.000
2000,SON,Channel Islands,0.451,11.000
2001,SON,Channel Islands,0.462,8.000
2002,SON,Channel Islands,0.505,12.000
2003,SON,Channel Islands,0.571,12.000
2004,SON,Channel Islands,0.593,8.000
2005,SON,Channel Islands,0.440,7.000
2006,SON,Channel Islands,0.593,12.000
2007,SON,Channel Islands,0.626,14.000
2008,SON,Channel Islands,0.560,12.000
2009,SON,Channel Islands,0.604,18.000
2010,SON,Channel Islands,0.495,6.000
2011,SON,Channel Islands,0.516,10.000
2012,SON,Channel Islands,0.648,19.000
2013,SON,Channel Islands,0.352,18.000
2014,SON,Channel Islands,0.571,16.000
2015,SON,Channel Islands,0.538,16.000
2016,SON,Channel Islands,0.659,14.000
2017,SON,Channel Islands,0.615,15.000
2018,SON,Channel Islands,0.538,18.000
2019,SON,Channel Islands,0.637,10.000
2020,SON,Channel Islands,0.549,13.000
2021,SON,Channel Islands,0.560,10.000
2022,SON,Channel Islands,0.538,14.000
2023,SON,Channel Islands,0.527,10.000
2024,SON,Channel Islands,0.505,10.000
2025,SON,Channel Islands,0.670,18.000
2026,SON,Channel Islands,0.473,17.000
2027,SON,Channel Islands,0.527,14.000
2028,SON,Channel Islands,0.484,7.000
2029,SON,Channel Islands,0.538,12.000
2030,SON,Channel Islands,0.451,7.000
2031,SON,Channel Islands,0.604,26.000
2032,SON,Channel Islands,0.626,21.000
2033,SON,Channel Islands,0.538,14.000
2034,SON,Channel Islands,0.659,27.000
2035,SON,Channel Islands,0.275,6.000
2036,SON,Channel Islands,0.451,7.000
2037,SON,Channel Islands,0.714,18.000
2038,SON,Channel Islands,0.484,19.000
2039,SON,Channel Islands,0.637,18.000
2040,SON,Channel Islands,0.538,16.000
2041,SON,Channel Islands,0.407,12.000
2042,SON,Channel Islands,0.549,12.000
2043,SON,Channel Islands,0.681,20.000
2044,SON,Channel Islands,0.670,15.000
2045,SON,Channel Islands,0.637,11.000
2046,SON,Channel Islands,0.473,9.000
2047,SON,Channel Islands,0.593,11.000
2048,SON,Channel Islands,0.538,15.000
2049,SON,Channel Islands,0.648,10.000
2050,SON,Channel Islands,0.615,19.000
2051,SON,Channel Islands,0.549,9.000
2052,SON,Channel Islands,0.462,6.000
2053,SON,Channel Islands,0.670,10.000
2054,SON,Channel Islands,0.484,9.000
2055,SON,Channel Islands,0.637,11.000
2056,SON,Channel Islands,0.582,26.000
2057,SON,Channel Islands,0.505,12.000
2058,SON,Channel Islands,0.505,8.000
2059,SON,Channel Islands,0.505,6.000
2060,SON,Channel Islands,0.418,13.000
2061,SON,Channel Islands,0.615,15.000
2062,SON,Channel Islands,0.440,12.000
2063,SON,Channel Islands,0.527,12.000
2064,SON,Channel Islands,0.626,14.000
2065,SON,Channel Islands,0.484,14.000
2066,SON,Channel Islands,0.648,13.000
2067,SON,Channel Islands,0.418,12.000
2068,SON,Channel Islands,0.648,36.000
2069,SON,Channel Islands,0.714,9.000
2070,SON,Channel Islands,0.615,10.000
2071,SON,Channel Islands,0.538,16.000
2072,SON,Channel Islands,0.593,45.000
2073,SON,Channel Islands,0.429,8.000
2074,SON,Channel Islands,0.615,18.000
2075,SON,Channel Islands,0.692,20.000
2076,SON,Channel Islands,0.637,18.000
2077,SON,Channel Islands,0.692,22.000
2078,SON,Channel Islands,0.681,24.000
2079,SON,Channel Islands,0.440,8.000
2080,SON,Channel Islands,0.560,7.000
1981,SON,Isle of Man,0.553,11.000
1982,SON,Isle of Man,0.571,8.333
1983,SON,Isle of Man,0.667,10.667
1984,SON,Isle of Man,0.538,9.333
1985,SON,Isle of Man,0.722,16.000
1986,SON,Isle of Man,0.564,13.000
1987,SON,Isle of Man,0.736,9.667
1988,SON,Isle of Man,0.685,9.333
1989,SON,Isle of Man,0.421,13.667
1990,SON,Isle of Man,0.670,10.667
1991,SON,Isle of Man,0.601,10.667
1992,SON,Isle of Man,0.509,8.333
1993,SON,Isle of Man,0.674,15.667
1994,SON,Isle of Man,0.546,10.667
1995,SON,Isle of Man,0.597,8.000
1996,SON,Isle of Man,0.608,15.000
1997,SON,Isle of Man,0.476,6.000
1998,SON,Isle of Man,0.586,14.667
1999,SON,Isle of Man,0.634,12.667
2000,SON,Isle of Man,0.473,7.667
2001,SON,Isle of Man,0.571,18.333
2002,SON,Isle of Man,0.586,16.667
2003,SON,Isle of Man,0.473,11.333
2004,SON,Isle of Man,0.568,10.000
2005,SON,Isle of Man,0.502,5.000
2006,SON,Isle of Man,0.681,12.333
2007,SON,Isle of Man,0.652,8.667
2008,SON,Isle of Man,0.516,8.667
2009,SON,Isle of Man,0.623,12.333
2010,SON,Isle of Man,0.604,13.000
2011,SON,Isle of Man,0.582,11.333
2012,SON,Isle of Man,0.615,10.333
2013,SON,Isle of Man,0.436,11.000
2014,SON,Isle of Man,0.623,11.667
2015,SON,Isle of Man,0.531,6.000
2016,SON,Isle of Man,0.586,10.333
2017,SON,Isle of Man,0.564,12.667
2018,SON,Isle of Man,0.568,9.000
2019,SON,Isle of Man,0.524,8.667
2020,SON,Isle of Man,0.505,14.000
2021,SON,Isle of Man,0.762,21.333
2022,SON,Isle of Man,0.601,11.000
2023,SON,Isle of Man,0.502,10.333
2024,SON,Isle of Man,0.473,5.667
2025,SON,Isle of Man,0.608,9.667
2026,SON,Isle of Man,0.531,11.667
2027,SON,Isle of Man,0.491,11.000
2028,SON,Isle of Man,0.366,8.333
2029,SON,Isle of Man,0.575,8.333
2030,SON,Isle of Man,0.564,15.000
2031,SON,Isle of Man,0.597,10.000
2032,SON,Isle of Man,0.711,21.667
2033,SON,Isle of Man,0.645,8.667
2034,SON,Isle of Man,0.630,11.333
2035,SON,Isle of Man,0.462,6.333
2036,SON,Isle of Man,0.557,9.667
2037,SON,Isle of Man,0.799,20.000
2038,SON,Isle of Man,0.535,10.000
2039,SON,Isle of Man,0.634,10.333
2040,SON,Isle of Man,0.542,14.667
2041,SON,Isle of Man,0.454,7.667
2042,SON,Isle of Man,0.597,8.000
2043,SON,Isle of Man,0.626,9.667
2044,SON,Isle of Man,0.579,11.667
2045,SON,Isle of Man,0.641,11.333
2046,SON,Isle of Man,0.663,13.333
2047,SON,Isle of Man,0.612,12.667
2048,SON,Isle of Man,0.495,7.667
2049,SON,Isle of Man,0.667,7.000
2050,SON,Isle of Man,0.685,11.667
2051,SON,Isle of Man,0.484,8.333
2052,SON,Isle of Man,0.527,8.000
2053,SON,Isle of Man,0.623,18.667
2054,SON,Isle of Man,0.531,11.000
2055,SON,Isle of Man,0.601,16.333
2056,SON,Isle of Man,0.531,9.000
2057,SON,Isle of Man,0.498,13.333
2058,SON,Isle of Man,0.553,8.000
2059,SON,Isle of Man,0.484,8.000
2060,SON,Isle of Man,0.410,9.667
2061,SON,Isle of Man,0.520,6.333
2062,SON,Isle of Man,0.568,10.000
2063,SON,Isle of Man,0.608,10.333
2064,SON,Isle of Man,0.597,9.000
2065,SON,Isle of Man,0.553,7.667
2066,SON,Isle of Man,0.751,15.000
2067,SON,Isle of Man,0.440,13.333
2068,SON,Isle of Man,0.692,19.000
2069,SON,Isle of Man,0.582,10.667
2070,SON,Isle of Man,0.436,8.667
2071,SON,Isle of Man,0.564,10.333
2072,SON,Isle of Man,0.667,16.000
2073,SON,Isle of Man,0.458,6.000
2074,SON,Isle of Man,0.557,11.667
2075,SON,Isle of Man,0.612,8.667
2076,SON,Isle of Man,0.484,10.333
2077,SON,Isle of Man,0.678,11.000
2078,SON,Isle of Man,0.612,8.667
2079,SON,Isle of Man,0.568,11.000
2080,SON,Isle of Man,0.601,12.333
1981,SON,Northern Ireland,0.545,8.163
1982,SON,Northern Ireland,0.564,6.686
1983,SON,Northern Ireland,0.612,10.047
1984,SON,Northern Ireland,0.624,7.733
1985,SON,Northern Ireland,0.668,11.070
1986,SON,Northern Ireland,0.674,13.651
1987,SON,Northern Ireland,0.692,11.663
1988,SON,Northern Ireland,0.651,9.430
1989,SON,Northern Ireland,0.414,10.302
1990,SON,Northern Ireland,0.604,9.186
1991,SON,Northern Ireland,0.600,12.430
1992,SON,Northern Ireland,0.532,8.372
1993,SON,Northern Ireland,0.652,11.291
1994,SON,Northern Ireland,0.522,12.023
1995,SON,Northern Ireland,0.625,13.221
1996,SON,Northern Ireland,0.553,12.012
1997,SON,Northern Ireland,0.475,6.128
1998,SON,Northern Ireland,0.513,10.779
1999,SON,Northern Ireland,0.580,10.279
2000,SON,Northern Ireland,0.507,10.407
2001,SON,Northern Ireland,0.569,11.837
2002,SON,Northern Ireland,0.560,11.791
2003,SON,Northern Ireland,0.463,9.198
2004,SON,Northern Ireland,0.544,9.198
2005,SON,Northern Ireland,0.542,10.081
2006,SON,Northern Ireland,0.649,10.000
2007,SON,Northern Ireland,0.593,7.907
2008,SON,Northern Ireland,0.521,9.500
2009,SON,Northern Ireland,0.637,8.814
2010,SON,Northern Ireland,0.532,9.465
2011,SON,Northern Ireland,0.532,9.140
2012,SON,Northern Ireland,0.562,7.686
2013,SON,Northern Ireland,0.492,9.453
2014,SON,Northern Ireland,0.629,9.140
2015,SON,Northern Ireland,0.508,6.070
2016,SON,Northern Ireland,0.524,8.430
2017,SON,Northern Ireland,0.538,8.570
2018,SON,Northern Ireland,0.580,6.814
2019,SON,Northern Ireland,0.504,6.395
2020,SON,Northern Ireland,0.534,12.058
2021,SON,Northern Ireland,0.692,10.081
2022,SON,Northern Ireland,0.608,9.907
2023,SON,Northern Ireland,0.482,7.337
2024,SON,Northern Ireland,0.470,6.209
2025,SON,Northern Ireland,0.608,11.826
2026,SON,Northern Ireland,0.499,9.395
2027,SON,Northern Ireland,0.433,6.953
2028,SON,Northern Ireland,0.438,5.779
2029,SON,Northern Ireland,0.572,7.663
2030,SON,Northern Ireland,0.558,14.640
2031,SON,Northern Ireland,0.596,9.802
2032,SON,Northern Ireland,0.663,14.302
2033,SON,Northern Ireland,0.635,13.698
2034,SON,Northern Ireland,0.589,9.686
2035,SON,Northern Ireland,0.515,6.430
2036,SON,Northern Ireland,0.511,8.581
2037,SON,Northern Ireland,0.735,11.221
2038,SON,Northern Ireland,0.500,9.988
2039,SON,Northern Ireland,0.649,17.012
2040,SON,Northern Ireland,0.505,7.035
2041,SON,Northern Ireland,0.488,7.535
2042,SON,Northern Ireland,0.586,11.151
2043,SON,Northern Ireland,0.567,11.930
2044,SON,Northern Ireland,0.546,11.616
2045,SON,Northern Ireland,0.592,10.291
2046,SON,Northern Ireland,0.634,9.860
2047,SON,Northern Ireland,0.577,11.535
2048,SON,Northern Ireland,0.554,10.512
2049,SON,Northern Ireland,0.571,10.081
2050,SON,Northern Ireland,0.655,11.349
2051,SON,Northern Ireland,0.591,7.663
2052,SON,Northern Ireland,0.583,7.012
2053,SON,Northern Ireland,0.593,10.128
2054,SON,Northern Ireland,0.508,10.674
2055,SON,Northern Ireland,0.595,15.837
2056,SON,Northern Ireland,0.538,10.302
2057,SON,Northern Ireland,0.479,6.000
2058,SON,Northern Ireland,0.570,8.140
2059,SON,Northern Ireland,0.542,7.395
2060,SON,Northern Ireland,0.417,9.047
2061,SON,Northern Ireland,0.497,7.663
2062,SON,Northern Ireland,0.551,10.849
2063,SON,Northern Ireland,0.583,9.360
2064,SON,Northern Ireland,0.584,9.500
2065,SON,Northern Ireland,0.582,8.221
2066,SON,Northern Ireland,0.676,12.267
2067,SON,Northern Ireland,0.489,7.826
2068,SON,Northern Ireland,0.729,13.186
2069,SON,Northern Ireland,0.618,9.256
2070,SON,Northern Ireland,0.492,8.500
2071,SON,Northern Ireland,0.531,9.395
2072,SON,Northern Ireland,0.636,10.081
2073,SON,Northern Ireland,0.446,6.047
2074,SON,Northern Ireland,0.568,9.384
2075,SON,Northern Ireland,0.512,6.547
2076,SON,Northern Ireland,0.490,10.988
2077,SON,Northern Ireland,0.627,11.616
2078,SON,Northern Ireland,0.649,11.000
2079,SON,Northern Ireland,0.498,6.023
2080,SON,Northern Ireland,0.528,10.198
1981,SON,Wales,0.559,11.175
1982,SON,Wales,0.503,7.584
1983,SON,Wales,0.557,8.912
1984,SON,Wales,0.571,8.978
1985,SON,Wales,0.650,10.540
1986,SON,Wales,0.580,12.927
1987,SON,Wales,0.696,10.869
1988,SON,Wales,0.651,10.270
1989,SON,Wales,0.413,8.686
1990,SON,Wales,0.621,13.102
1991,SON,Wales,0.590,10.847
1992,SON,Wales,0.505,9.204
1993,SON,Wales,0.628,16.803
1994,SON,Wales,0.562,12.285
1995,SON,Wales,0.562,10.562
1996,SON,Wales,0.543,13.044
1997,SON,Wales,0.465,8.029
1998,SON,Wales,0.482,13.015
1999,SON,Wales,0.615,14.701
2000,SON,Wales,0.471,7.146
2001,SON,Wales,0.548,12.387
2002,SON,Wales,0.561,15.518
2003,SON,Wales,0.469,10.044
2004,SON,Wales,0.550,9.131
2005,SON,Wales,0.509,8.526
2006,SON,Wales,0.648,10.891
2007,SON,Wales,0.649,10.474
2008,SON,Wales,0.473,7.168
2009,SON,Wales,0.572,10.431
2010,SON,Wales,0.494,7.810
2011,SON,Wales,0.503,7.029
2012,SON,Wales,0.563,11.723
2013,SON,Wales,0.397,11.051
2014,SON,Wales,0.599,12.423
2015,SON,Wales,0.524,9.328
2016,SON,Wales,0.548,12.584
2017,SON,Wales,0.564,8.285
2018,SON,Wales,0.572,8.657
2019,SON,Wales,0.559,12.036
2020,SON,Wales,0.532,10.942
2021,SON,Wales,0.645,12.599
2022,SON,Wales,0.573,11.241
2023,SON,Wales,0.483,8.416
2024,SON,Wales,0.433,5.358
2025,SON,Wales,0.659,17.124
2026,SON,Wales,0.510,17.752
2027,SON,Wales,0.410,8.591
2028,SON,Wales,0.371,9.796
2029,SON,Wales,0.561,8.584
2030,SON,Wales,0.480,9.672
2031,SON,Wales,0.588,10.898
2032,SON,Wales,0.641,12.511
2033,SON,Wales,0.527,13.007
2034,SON,Wales,0.636,12.438
2035,SON,Wales,0.361,5.533
2036,SON,Wales,0.464,8.161
2037,SON,Wales,0.677,13.416
2038,SON,Wales,0.432,9.190
2039,SON,Wales,0.568,11.197
2040,SON,Wales,0.534,12.781
2041,SON,Wales,0.404,8.036
2042,SON,Wales,0.601,10.285
2043,SON,Wales,0.572,9.591
2044,SON,Wales,0.573,9.562
2045,SON,Wales,0.628,11.518
2046,SON,Wales,0.574,10.584
2047,SON,Wales,0.569,9.219
2048,SON,Wales,0.515,9.124
2049,SON,Wales,0.603,10.730
2050,SON,Wales,0.616,13.343
2051,SON,Wales,0.491,8.212
2052,SON,Wales,0.540,6.978
2053,SON,Wales,0.625,12.460
2054,SON,Wales,0.499,8.263
2055,SON,Wales,0.619,11.051
2056,SON,Wales,0.543,8.657
2057,SON,Wales,0.436,6.547
2058,SON,Wales,0.545,9.139
2059,SON,Wales,0.467,7.241
2060,SON,Wales,0.375,8.971
2061,SON,Wales,0.521,9.796
2062,SON,Wales,0.561,13.000
2063,SON,Wales,0.586,11.255
2064,SON,Wales,0.511,7.686
2065,SON,Wales,0.523,8.745
2066,SON,Wales,0.696,11.693
2067,SON,Wales,0.443,10.693
2068,SON,Wales,0.663,10.292
2069,SON,Wales,0.613,11.394
2070,SON,Wales,0.468,9.723
2071,SON,Wales,0.553,10.467
2072,SON,Wales,0.583,12.788
2073,SON,Wales,0.429,5.423
2074,SON,Wales,0.561,11.847
2075,SON,Wales,0.647,12.015
2076,SON,Wales,0.521,9.234
2077,SON,Wales,0.655,14.613
2078,SON,Wales,0.647,11.058
2079,SON,Wales,0.503,8.358
2080,SON,Wales,0.538,8.387
