Year,Season,Region,fwd,wsmax
1892,Annual,East Midlands,0.368,8.607
1893,Annual,East Midlands,0.313,6.925
1894,Annual,East Midlands,0.379,8.411
1895,Annual,East Midlands,0.366,10.439
1896,Annual,East Midlands,0.357,9.981
1897,Annual,East Midlands,0.377,8.766
1898,Annual,East Midlands,0.318,8.991
1899,Annual,East Midlands,0.346,11.000
1900,Annual,East Midlands,0.404,10.607
1901,Annual,East Midlands,0.320,9.318
1902,Annual,East Midlands,0.377,8.850
1903,Annual,East Midlands,0.413,15.869
1904,Annual,East Midlands,0.327,10.234
1905,Annual,East Midlands,0.360,9.421
1906,Annual,East Midlands,0.349,9.000
1907,Annual,East Midlands,0.396,8.140
1908,Annual,East Midlands,0.355,9.383
1909,Annual,East Midlands,0.360,8.084
1910,Annual,East Midlands,0.382,8.112
1911,Annual,East Midlands,0.312,7.028
1912,Annual,East Midlands,0.427,11.692
1913,Annual,East Midlands,0.338,9.019
1914,Annual,East Midlands,0.319,7.495
1915,Annual,East Midlands,0.347,8.944
1916,Annual,East Midlands,0.427,11.150
1917,Annual,East Midlands,0.364,9.093
1918,Annual,East Midlands,0.347,9.421
1919,Annual,East Midlands,0.362,8.916
1920,Annual,East Midlands,0.389,10.776
1921,Annual,East Midlands,0.269,6.206
1922,Annual,East Midlands,0.384,9.841
1923,Annual,East Midlands,0.387,9.654
1924,Annual,East Midlands,0.388,9.187
1925,Annual,East Midlands,0.340,7.869
1926,Annual,East Midlands,0.374,8.794
1927,Annual,East Midlands,0.388,10.364
1928,Annual,East Midlands,0.372,7.972
1929,Annual,East Midlands,0.270,6.692
1930,Annual,East Midlands,0.406,9.598
1931,Annual,East Midlands,0.369,6.907
1932,Annual,East Midlands,0.348,7.364
1933,Annual,East Midlands,0.303,8.065
1934,Annual,East Midlands,0.289,6.262
1935,Annual,East Midlands,0.382,8.888
1936,Annual,East Midlands,0.392,8.972
1937,Annual,East Midlands,0.342,8.645
1938,Annual,East Midlands,0.325,8.374
1939,Annual,East Midlands,0.406,9.710
1940,Annual,East Midlands,0.317,8.271
1941,Annual,East Midlands,0.354,6.963
1942,Annual,East Midlands,0.297,8.533
1943,Annual,East Midlands,0.325,6.841
1944,Annual,East Midlands,0.335,11.243
1945,Annual,East Midlands,0.308,8.607
1946,Annual,East Midlands,0.369,10.430
1947,Annual,East Midlands,0.340,10.028
1948,Annual,East Midlands,0.352,8.112
1949,Annual,East Midlands,0.277,6.280
1950,Annual,East Midlands,0.379,7.897
1951,Annual,East Midlands,0.407,9.757
1952,Annual,East Midlands,0.334,8.785
1953,Annual,East Midlands,0.310,7.981
1954,Annual,East Midlands,0.397,8.514
1955,Annual,East Midlands,0.283,6.393
1956,Annual,East Midlands,0.345,8.159
1957,Annual,East Midlands,0.360,7.813
1958,Annual,East Midlands,0.388,9.056
1959,Annual,East Midlands,0.255,6.103
1960,Annual,East Midlands,0.411,9.308
1961,Annual,East Midlands,0.354,7.785
1962,Annual,East Midlands,0.307,6.168
1963,Annual,East Midlands,0.352,8.617
1964,Annual,East Midlands,0.274,6.280
1965,Annual,East Midlands,0.375,9.121
1966,Annual,East Midlands,0.398,7.804
1967,Annual,East Midlands,0.358,9.028
1968,Annual,East Midlands,0.349,7.561
1969,Annual,East Midlands,0.336,7.654
1970,Annual,East Midlands,0.362,8.037
1971,Annual,East Midlands,0.290,6.879
1972,Annual,East Midlands,0.326,7.439
1973,Annual,East Midlands,0.271,6.542
1974,Annual,East Midlands,0.354,7.944
1975,Annual,East Midlands,0.309,8.121
1976,Annual,East Midlands,0.271,9.664
1977,Annual,East Midlands,0.357,9.019
1978,Annual,East Midlands,0.334,8.037
1979,Annual,East Midlands,0.372,9.215
1980,Annual,East Midlands,0.370,11.178
1981,Annual,East Midlands,0.347,7.673
1982,Annual,East Midlands,0.336,8.084
1983,Annual,East Midlands,0.320,8.458
1984,Annual,East Midlands,0.330,7.458
1985,Annual,East Midlands,0.346,6.953
1986,Annual,East Midlands,0.343,7.804
1987,Annual,East Midlands,0.366,7.664
1988,Annual,East Midlands,0.354,8.533
1989,Annual,East Midlands,0.277,5.523
1990,Annual,East Midlands,0.301,6.664
1991,Annual,East Midlands,0.292,8.533
1992,Annual,East Midlands,0.326,6.636
1993,Annual,East Midlands,0.303,6.813
1994,Annual,East Midlands,0.365,7.393
1995,Annual,East Midlands,0.289,6.280
1996,Annual,East Midlands,0.289,6.374
1997,Annual,East Midlands,0.316,9.963
1998,Annual,East Midlands,0.369,9.187
1999,Annual,East Midlands,0.380,9.308
2000,Annual,East Midlands,0.401,9.748
2001,Annual,East Midlands,0.383,7.850
2002,Annual,East Midlands,0.348,9.206
2003,Annual,East Midlands,0.294,9.495
2004,Annual,East Midlands,0.383,7.093
2005,Annual,East Midlands,0.305,6.215
2006,Annual,East Midlands,0.339,8.981
2007,Annual,East Midlands,0.353,9.579
2008,Annual,East Midlands,0.377,10.121
2009,Annual,East Midlands,0.324,7.916
2010,Annual,East Midlands,0.358,7.402
2011,Annual,East Midlands,0.264,5.084
2012,Annual,East Midlands,0.401,12.131
2013,Annual,East Midlands,0.325,7.785
2014,Annual,East Midlands,0.383,9.439
2015,Annual,East Midlands,0.325,7.009
2016,Annual,East Midlands,0.379,8.280
2017,Annual,East Midlands,0.324,7.776
2018,Annual,East Midlands,0.321,9.206
2019,Annual,East Midlands,0.389,10.514
2020,Annual,East Midlands,0.340,9.168
2021,Annual,East Midlands,0.338,7.785
1892,Annual,East of England,0.348,6.303
1893,Annual,East of England,0.310,6.371
1894,Annual,East of England,0.382,6.871
1895,Annual,East of England,0.311,8.318
1896,Annual,East of England,0.317,10.492
1897,Annual,East of England,0.344,7.902
1898,Annual,East of England,0.292,7.371
1899,Annual,East of England,0.289,7.379
1900,Annual,East of England,0.355,9.492
1901,Annual,East of England,0.275,8.583
1902,Annual,East of England,0.322,7.167
1903,Annual,East of England,0.397,11.894
1904,Annual,East of England,0.292,8.235
1905,Annual,East of England,0.339,8.758
1906,Annual,East of England,0.331,7.220
1907,Annual,East of England,0.362,8.083
1908,Annual,East of England,0.330,9.076
1909,Annual,East of England,0.354,7.402
1910,Annual,East of England,0.363,7.621
1911,Annual,East of England,0.313,6.356
1912,Annual,East of England,0.401,11.992
1913,Annual,East of England,0.336,8.379
1914,Annual,East of England,0.293,6.356
1915,Annual,East of England,0.355,7.962
1916,Annual,East of England,0.414,9.379
1917,Annual,East of England,0.337,8.735
1918,Annual,East of England,0.319,9.735
1919,Annual,East of England,0.361,9.295
1920,Annual,East of England,0.343,9.205
1921,Annual,East of England,0.239,5.652
1922,Annual,East of England,0.373,8.765
1923,Annual,East of England,0.337,7.356
1924,Annual,East of England,0.368,7.886
1925,Annual,East of England,0.349,7.159
1926,Annual,East of England,0.366,8.629
1927,Annual,East of England,0.375,10.265
1928,Annual,East of England,0.338,8.008
1929,Annual,East of England,0.259,7.545
1930,Annual,East of England,0.382,10.197
1931,Annual,East of England,0.350,7.705
1932,Annual,East of England,0.345,7.402
1933,Annual,East of England,0.293,7.341
1934,Annual,East of England,0.266,6.212
1935,Annual,East of England,0.377,8.697
1936,Annual,East of England,0.380,9.250
1937,Annual,East of England,0.371,9.795
1938,Annual,East of England,0.317,7.402
1939,Annual,East of England,0.379,9.333
1940,Annual,East of England,0.298,8.659
1941,Annual,East of England,0.334,7.970
1942,Annual,East of England,0.283,6.621
1943,Annual,East of England,0.316,7.667
1944,Annual,East of England,0.299,7.826
1945,Annual,East of England,0.283,6.985
1946,Annual,East of England,0.380,9.068
1947,Annual,East of England,0.289,7.121
1948,Annual,East of England,0.324,7.295
1949,Annual,East of England,0.248,6.864
1950,Annual,East of England,0.354,7.091
1951,Annual,East of England,0.386,9.621
1952,Annual,East of England,0.345,7.674
1953,Annual,East of England,0.306,7.629
1954,Annual,East of England,0.351,8.379
1955,Annual,East of England,0.257,6.485
1956,Annual,East of England,0.322,6.545
1957,Annual,East of England,0.325,7.727
1958,Annual,East of England,0.348,8.682
1959,Annual,East of England,0.253,6.697
1960,Annual,East of England,0.396,11.008
1961,Annual,East of England,0.338,7.947
1962,Annual,East of England,0.304,6.417
1963,Annual,East of England,0.340,7.939
1964,Annual,East of England,0.249,6.417
1965,Annual,East of England,0.356,9.061
1966,Annual,East of England,0.365,8.091
1967,Annual,East of England,0.345,7.591
1968,Annual,East of England,0.357,8.583
1969,Annual,East of England,0.298,6.402
1970,Annual,East of England,0.348,7.674
1971,Annual,East of England,0.283,8.136
1972,Annual,East of England,0.275,5.977
1973,Annual,East of England,0.251,6.917
1974,Annual,East of England,0.347,8.273
1975,Annual,East of England,0.303,8.758
1976,Annual,East of England,0.239,7.689
1977,Annual,East of England,0.330,7.864
1978,Annual,East of England,0.295,9.121
1979,Annual,East of England,0.358,7.576
1980,Annual,East of England,0.314,9.106
1981,Annual,East of England,0.342,8.621
1982,Annual,East of England,0.332,5.992
1983,Annual,East of England,0.313,7.955
1984,Annual,East of England,0.317,7.477
1985,Annual,East of England,0.328,8.871
1986,Annual,East of England,0.346,6.939
1987,Annual,East of England,0.350,9.030
1988,Annual,East of England,0.326,7.227
1989,Annual,East of England,0.259,5.205
1990,Annual,East of England,0.275,6.667
1991,Annual,East of England,0.279,7.674
1992,Annual,East of England,0.293,6.561
1993,Annual,East of England,0.293,8.553
1994,Annual,East of England,0.337,7.242
1995,Annual,East of England,0.299,7.629
1996,Annual,East of England,0.257,4.894
1997,Annual,East of England,0.266,8.189
1998,Annual,East of England,0.365,10.371
1999,Annual,East of England,0.342,7.621
2000,Annual,East of England,0.384,8.864
2001,Annual,East of England,0.399,8.136
2002,Annual,East of England,0.336,7.924
2003,Annual,East of England,0.278,6.227
2004,Annual,East of England,0.377,7.205
2005,Annual,East of England,0.295,6.765
2006,Annual,East of England,0.308,7.583
2007,Annual,East of England,0.324,8.879
2008,Annual,East of England,0.347,6.205
2009,Annual,East of England,0.285,6.500
2010,Annual,East of England,0.353,8.515
2011,Annual,East of England,0.232,5.121
2012,Annual,East of England,0.381,13.947
2013,Annual,East of England,0.318,8.485
2014,Annual,East of England,0.369,9.424
2015,Annual,East of England,0.322,6.864
2016,Annual,East of England,0.340,7.864
2017,Annual,East of England,0.267,7.652
2018,Annual,East of England,0.298,8.644
2019,Annual,East of England,0.334,6.856
2020,Annual,East of England,0.328,11.212
2021,Annual,East of England,0.328,7.424
1892,Annual,East Scotland,0.470,13.281
1893,Annual,East Scotland,0.424,11.216
1894,Annual,East Scotland,0.497,15.605
1895,Annual,East Scotland,0.461,12.018
1896,Annual,East Scotland,0.450,10.551
1897,Annual,East Scotland,0.481,13.844
1898,Annual,East Scotland,0.463,12.455
1899,Annual,East Scotland,0.487,16.042
1900,Annual,East Scotland,0.550,18.222
1901,Annual,East Scotland,0.484,13.036
1902,Annual,East Scotland,0.487,11.551
1903,Annual,East Scotland,0.585,20.808
1904,Annual,East Scotland,0.499,14.593
1905,Annual,East Scotland,0.508,15.491
1906,Annual,East Scotland,0.515,14.473
1907,Annual,East Scotland,0.488,14.940
1908,Annual,East Scotland,0.470,13.593
1909,Annual,East Scotland,0.460,12.042
1910,Annual,East Scotland,0.474,13.431
1911,Annual,East Scotland,0.440,15.419
1912,Annual,East Scotland,0.489,12.006
1913,Annual,East Scotland,0.456,13.587
1914,Annual,East Scotland,0.449,14.431
1915,Annual,East Scotland,0.451,10.874
1916,Annual,East Scotland,0.553,14.371
1917,Annual,East Scotland,0.457,12.653
1918,Annual,East Scotland,0.446,12.587
1919,Annual,East Scotland,0.436,13.665
1920,Annual,East Scotland,0.488,11.862
1921,Annual,East Scotland,0.433,12.641
1922,Annual,East Scotland,0.475,14.072
1923,Annual,East Scotland,0.527,13.293
1924,Annual,East Scotland,0.494,12.287
1925,Annual,East Scotland,0.482,12.515
1926,Annual,East Scotland,0.529,12.790
1927,Annual,East Scotland,0.520,12.964
1928,Annual,East Scotland,0.532,18.802
1929,Annual,East Scotland,0.427,16.359
1930,Annual,East Scotland,0.507,13.497
1931,Annual,East Scotland,0.495,11.114
1932,Annual,East Scotland,0.450,11.904
1933,Annual,East Scotland,0.423,12.078
1934,Annual,East Scotland,0.453,14.024
1935,Annual,East Scotland,0.500,12.988
1936,Annual,East Scotland,0.428,10.347
1937,Annual,East Scotland,0.476,15.060
1938,Annual,East Scotland,0.500,13.898
1939,Annual,East Scotland,0.513,15.497
1940,Annual,East Scotland,0.440,12.359
1941,Annual,East Scotland,0.459,11.593
1942,Annual,East Scotland,0.423,11.874
1943,Annual,East Scotland,0.488,11.126
1944,Annual,East Scotland,0.449,10.952
1945,Annual,East Scotland,0.456,13.994
1946,Annual,East Scotland,0.473,14.503
1947,Annual,East Scotland,0.466,13.162
1948,Annual,East Scotland,0.486,11.671
1949,Annual,East Scotland,0.428,11.024
1950,Annual,East Scotland,0.521,13.144
1951,Annual,East Scotland,0.473,9.964
1952,Annual,East Scotland,0.432,11.491
1953,Annual,East Scotland,0.435,12.060
1954,Annual,East Scotland,0.509,11.802
1955,Annual,East Scotland,0.383,10.874
1956,Annual,East Scotland,0.439,9.419
1957,Annual,East Scotland,0.461,11.024
1958,Annual,East Scotland,0.444,10.401
1959,Annual,East Scotland,0.379,12.737
1960,Annual,East Scotland,0.538,17.198
1961,Annual,East Scotland,0.452,10.868
1962,Annual,East Scotland,0.431,12.653
1963,Annual,East Scotland,0.509,13.126
1964,Annual,East Scotland,0.375,9.886
1965,Annual,East Scotland,0.458,11.461
1966,Annual,East Scotland,0.487,12.018
1967,Annual,East Scotland,0.499,15.515
1968,Annual,East Scotland,0.420,9.671
1969,Annual,East Scotland,0.433,11.006
1970,Annual,East Scotland,0.471,12.048
1971,Annual,East Scotland,0.374,10.162
1972,Annual,East Scotland,0.410,13.820
1973,Annual,East Scotland,0.369,8.593
1974,Annual,East Scotland,0.466,14.443
1975,Annual,East Scotland,0.416,12.515
1976,Annual,East Scotland,0.391,9.964
1977,Annual,East Scotland,0.453,14.287
1978,Annual,East Scotland,0.427,10.024
1979,Annual,East Scotland,0.481,11.766
1980,Annual,East Scotland,0.456,13.030
1981,Annual,East Scotland,0.438,11.311
1982,Annual,East Scotland,0.427,11.772
1983,Annual,East Scotland,0.432,14.257
1984,Annual,East Scotland,0.415,11.814
1985,Annual,East Scotland,0.483,13.910
1986,Annual,East Scotland,0.464,14.102
1987,Annual,East Scotland,0.447,9.359
1988,Annual,East Scotland,0.469,11.695
1989,Annual,East Scotland,0.398,10.365
1990,Annual,East Scotland,0.450,17.425
1991,Annual,East Scotland,0.420,12.994
1992,Annual,East Scotland,0.445,11.569
1993,Annual,East Scotland,0.413,16.749
1994,Annual,East Scotland,0.453,13.784
1995,Annual,East Scotland,0.456,10.743
1996,Annual,East Scotland,0.416,10.802
1997,Annual,East Scotland,0.397,10.838
1998,Annual,East Scotland,0.499,11.683
1999,Annual,East Scotland,0.455,11.629
2000,Annual,East Scotland,0.500,14.784
2001,Annual,East Scotland,0.463,10.916
2002,Annual,East Scotland,0.510,15.964
2003,Annual,East Scotland,0.392,11.437
2004,Annual,East Scotland,0.493,10.677
2005,Annual,East Scotland,0.456,14.347
2006,Annual,East Scotland,0.441,13.419
2007,Annual,East Scotland,0.437,15.174
2008,Annual,East Scotland,0.499,11.802
2009,Annual,East Scotland,0.477,12.048
2010,Annual,East Scotland,0.464,12.144
2011,Annual,East Scotland,0.476,12.383
2012,Annual,East Scotland,0.484,13.838
2013,Annual,East Scotland,0.426,12.036
2014,Annual,East Scotland,0.523,16.347
2015,Annual,East Scotland,0.474,13.940
2016,Annual,East Scotland,0.494,15.838
2017,Annual,East Scotland,0.465,11.090
2018,Annual,East Scotland,0.440,11.000
2019,Annual,East Scotland,0.452,11.126
2020,Annual,East Scotland,0.464,13.323
2021,Annual,East Scotland,0.450,10.970
1892,Annual,London,0.327,6.583
1893,Annual,London,0.306,5.833
1894,Annual,London,0.399,7.667
1895,Annual,London,0.288,7.167
1896,Annual,London,0.306,7.583
1897,Annual,London,0.322,7.417
1898,Annual,London,0.277,7.333
1899,Annual,London,0.279,7.667
1900,Annual,London,0.323,8.167
1901,Annual,London,0.276,8.083
1902,Annual,London,0.328,6.667
1903,Annual,London,0.387,10.583
1904,Annual,London,0.330,10.417
1905,Annual,London,0.312,10.667
1906,Annual,London,0.299,6.500
1907,Annual,London,0.342,7.083
1908,Annual,London,0.295,9.667
1909,Annual,London,0.366,6.167
1910,Annual,London,0.358,6.417
1911,Annual,London,0.291,8.667
1912,Annual,London,0.374,10.083
1913,Annual,London,0.349,8.417
1914,Annual,London,0.300,6.833
1915,Annual,London,0.325,9.167
1916,Annual,London,0.400,9.750
1917,Annual,London,0.346,7.583
1918,Annual,London,0.336,9.500
1919,Annual,London,0.339,9.250
1920,Annual,London,0.308,7.167
1921,Annual,London,0.228,5.333
1922,Annual,London,0.355,11.000
1923,Annual,London,0.355,8.750
1924,Annual,London,0.392,8.000
1925,Annual,London,0.358,7.583
1926,Annual,London,0.379,8.667
1927,Annual,London,0.360,10.583
1928,Annual,London,0.355,10.250
1929,Annual,London,0.242,8.833
1930,Annual,London,0.396,11.583
1931,Annual,London,0.327,7.667
1932,Annual,London,0.317,9.167
1933,Annual,London,0.287,7.000
1934,Annual,London,0.253,7.000
1935,Annual,London,0.387,10.167
1936,Annual,London,0.380,10.083
1937,Annual,London,0.362,7.417
1938,Annual,London,0.289,7.667
1939,Annual,London,0.379,12.167
1940,Annual,London,0.302,8.000
1941,Annual,London,0.321,8.250
1942,Annual,London,0.272,6.750
1943,Annual,London,0.321,9.833
1944,Annual,London,0.281,8.750
1945,Annual,London,0.270,6.250
1946,Annual,London,0.381,10.417
1947,Annual,London,0.283,6.000
1948,Annual,London,0.314,7.333
1949,Annual,London,0.245,6.583
1950,Annual,London,0.356,7.750
1951,Annual,London,0.401,9.500
1952,Annual,London,0.322,6.000
1953,Annual,London,0.289,7.167
1954,Annual,London,0.335,9.250
1955,Annual,London,0.242,6.167
1956,Annual,London,0.295,5.917
1957,Annual,London,0.317,7.500
1958,Annual,London,0.346,7.250
1959,Annual,London,0.267,6.333
1960,Annual,London,0.415,16.417
1961,Annual,London,0.297,6.750
1962,Annual,London,0.301,6.583
1963,Annual,London,0.347,7.333
1964,Annual,London,0.251,6.750
1965,Annual,London,0.337,7.833
1966,Annual,London,0.354,9.000
1967,Annual,London,0.351,10.583
1968,Annual,London,0.349,7.167
1969,Annual,London,0.269,6.083
1970,Annual,London,0.357,8.083
1971,Annual,London,0.274,9.417
1972,Annual,London,0.270,5.500
1973,Annual,London,0.229,7.417
1974,Annual,London,0.349,9.917
1975,Annual,London,0.295,7.417
1976,Annual,London,0.219,11.333
1977,Annual,London,0.341,8.583
1978,Annual,London,0.276,9.167
1979,Annual,London,0.366,8.750
1980,Annual,London,0.289,7.500
1981,Annual,London,0.327,7.000
1982,Annual,London,0.347,6.500
1983,Annual,London,0.311,7.833
1984,Annual,London,0.331,8.333
1985,Annual,London,0.314,7.500
1986,Annual,London,0.356,8.000
1987,Annual,London,0.341,8.583
1988,Annual,London,0.318,6.667
1989,Annual,London,0.245,4.833
1990,Annual,London,0.274,10.417
1991,Annual,London,0.276,9.333
1992,Annual,London,0.299,6.000
1993,Annual,London,0.280,12.500
1994,Annual,London,0.350,6.000
1995,Annual,London,0.303,9.000
1996,Annual,London,0.260,4.833
1997,Annual,London,0.245,9.500
1998,Annual,London,0.357,10.417
1999,Annual,London,0.327,8.667
2000,Annual,London,0.397,10.500
2001,Annual,London,0.401,9.333
2002,Annual,London,0.346,8.667
2003,Annual,London,0.262,6.250
2004,Annual,London,0.357,6.000
2005,Annual,London,0.279,5.000
2006,Annual,London,0.320,8.833
2007,Annual,London,0.326,8.333
2008,Annual,London,0.334,5.833
2009,Annual,London,0.283,8.250
2010,Annual,London,0.321,8.667
2011,Annual,London,0.258,6.333
2012,Annual,London,0.358,9.083
2013,Annual,London,0.326,9.833
2014,Annual,London,0.411,10.250
2015,Annual,London,0.291,5.750
2016,Annual,London,0.317,10.667
2017,Annual,London,0.260,5.333
2018,Annual,London,0.297,8.500
2019,Annual,London,0.331,7.667
2020,Annual,London,0.330,10.083
2021,Annual,London,0.322,7.500
1892,Annual,North East England,0.430,11.177
1893,Annual,North East England,0.361,9.548
1894,Annual,North East England,0.459,10.984
1895,Annual,North East England,0.420,9.613
1896,Annual,North East England,0.412,10.452
1897,Annual,North East England,0.442,10.806
1898,Annual,North East England,0.387,10.597
1899,Annual,North East England,0.418,10.371
1900,Annual,North East England,0.511,14.323
1901,Annual,North East England,0.423,9.403
1902,Annual,North East England,0.436,8.839
1903,Annual,North East England,0.481,13.629
1904,Annual,North East England,0.385,10.468
1905,Annual,North East England,0.397,8.935
1906,Annual,North East England,0.408,10.661
1907,Annual,North East England,0.393,10.161
1908,Annual,North East England,0.401,13.065
1909,Annual,North East England,0.407,10.806
1910,Annual,North East England,0.435,10.645
1911,Annual,North East England,0.392,11.903
1912,Annual,North East England,0.490,11.016
1913,Annual,North East England,0.414,9.871
1914,Annual,North East England,0.403,12.210
1915,Annual,North East England,0.424,10.532
1916,Annual,North East England,0.511,16.177
1917,Annual,North East England,0.426,13.774
1918,Annual,North East England,0.407,13.565
1919,Annual,North East England,0.430,15.274
1920,Annual,North East England,0.434,11.306
1921,Annual,North East England,0.365,11.226
1922,Annual,North East England,0.437,9.774
1923,Annual,North East England,0.480,13.210
1924,Annual,North East England,0.437,12.161
1925,Annual,North East England,0.438,12.339
1926,Annual,North East England,0.487,11.306
1927,Annual,North East England,0.452,10.452
1928,Annual,North East England,0.477,11.726
1929,Annual,North East England,0.364,12.016
1930,Annual,North East England,0.484,12.403
1931,Annual,North East England,0.451,9.968
1932,Annual,North East England,0.404,9.758
1933,Annual,North East England,0.392,9.274
1934,Annual,North East England,0.397,9.290
1935,Annual,North East England,0.454,10.726
1936,Annual,North East England,0.407,9.145
1937,Annual,North East England,0.421,14.548
1938,Annual,North East England,0.433,12.435
1939,Annual,North East England,0.460,10.194
1940,Annual,North East England,0.375,7.548
1941,Annual,North East England,0.389,9.258
1942,Annual,North East England,0.351,9.435
1943,Annual,North East England,0.429,8.742
1944,Annual,North East England,0.415,11.839
1945,Annual,North East England,0.410,11.403
1946,Annual,North East England,0.407,12.677
1947,Annual,North East England,0.416,10.855
1948,Annual,North East England,0.428,9.790
1949,Annual,North East England,0.327,7.871
1950,Annual,North East England,0.469,9.452
1951,Annual,North East England,0.427,9.177
1952,Annual,North East England,0.394,9.952
1953,Annual,North East England,0.379,9.677
1954,Annual,North East England,0.463,11.065
1955,Annual,North East England,0.345,9.177
1956,Annual,North East England,0.415,8.597
1957,Annual,North East England,0.420,8.855
1958,Annual,North East England,0.434,9.677
1959,Annual,North East England,0.311,10.306
1960,Annual,North East England,0.491,12.177
1961,Annual,North East England,0.408,11.145
1962,Annual,North East England,0.388,8.952
1963,Annual,North East England,0.488,10.984
1964,Annual,North East England,0.326,6.984
1965,Annual,North East England,0.442,12.613
1966,Annual,North East England,0.454,8.613
1967,Annual,North East England,0.428,10.258
1968,Annual,North East England,0.386,9.113
1969,Annual,North East England,0.400,9.774
1970,Annual,North East England,0.411,11.048
1971,Annual,North East England,0.351,9.355
1972,Annual,North East England,0.379,10.161
1973,Annual,North East England,0.318,8.500
1974,Annual,North East England,0.412,9.500
1975,Annual,North East England,0.377,10.387
1976,Annual,North East England,0.345,9.290
1977,Annual,North East England,0.404,10.081
1978,Annual,North East England,0.392,9.484
1979,Annual,North East England,0.437,10.129
1980,Annual,North East England,0.440,11.935
1981,Annual,North East England,0.395,13.516
1982,Annual,North East England,0.367,12.145
1983,Annual,North East England,0.387,9.645
1984,Annual,North East England,0.392,10.081
1985,Annual,North East England,0.432,9.887
1986,Annual,North East England,0.423,10.016
1987,Annual,North East England,0.422,9.274
1988,Annual,North East England,0.420,10.839
1989,Annual,North East England,0.310,8.597
1990,Annual,North East England,0.383,10.935
1991,Annual,North East England,0.392,16.048
1992,Annual,North East England,0.377,8.468
1993,Annual,North East England,0.371,9.403
1994,Annual,North East England,0.414,9.161
1995,Annual,North East England,0.387,9.419
1996,Annual,North East England,0.359,6.710
1997,Annual,North East England,0.367,7.694
1998,Annual,North East England,0.470,11.629
1999,Annual,North East England,0.389,13.274
2000,Annual,North East England,0.469,10.984
2001,Annual,North East England,0.410,9.000
2002,Annual,North East England,0.430,11.710
2003,Annual,North East England,0.354,9.742
2004,Annual,North East England,0.449,9.726
2005,Annual,North East England,0.381,11.161
2006,Annual,North East England,0.401,11.306
2007,Annual,North East England,0.391,11.145
2008,Annual,North East England,0.463,10.984
2009,Annual,North East England,0.408,10.403
2010,Annual,North East England,0.442,12.274
2011,Annual,North East England,0.400,9.048
2012,Annual,North East England,0.439,10.790
2013,Annual,North East England,0.397,9.887
2014,Annual,North East England,0.453,9.258
2015,Annual,North East England,0.417,10.323
2016,Annual,North East England,0.455,13.790
2017,Annual,North East England,0.395,8.984
2018,Annual,North East England,0.370,9.774
2019,Annual,North East England,0.403,11.065
2020,Annual,North East England,0.392,11.081
2021,Annual,North East England,0.405,11.290
1892,Annual,North Scotland,0.630,24.060
1893,Annual,North Scotland,0.616,25.437
1894,Annual,North Scotland,0.610,31.967
1895,Annual,North Scotland,0.598,19.609
1896,Annual,North Scotland,0.613,18.456
1897,Annual,North Scotland,0.586,22.237
1898,Annual,North Scotland,0.645,31.298
1899,Annual,North Scotland,0.633,25.098
1900,Annual,North Scotland,0.644,25.260
1901,Annual,North Scotland,0.582,25.977
1902,Annual,North Scotland,0.629,21.395
1903,Annual,North Scotland,0.682,25.400
1904,Annual,North Scotland,0.604,18.353
1905,Annual,North Scotland,0.656,26.177
1906,Annual,North Scotland,0.629,24.879
1907,Annual,North Scotland,0.652,20.814
1908,Annual,North Scotland,0.590,20.791
1909,Annual,North Scotland,0.596,18.023
1910,Annual,North Scotland,0.576,16.995
1911,Annual,North Scotland,0.570,25.228
1912,Annual,North Scotland,0.593,17.591
1913,Annual,North Scotland,0.538,18.926
1914,Annual,North Scotland,0.577,20.767
1915,Annual,North Scotland,0.566,21.679
1916,Annual,North Scotland,0.649,23.377
1917,Annual,North Scotland,0.620,23.633
1918,Annual,North Scotland,0.597,23.823
1919,Annual,North Scotland,0.592,17.437
1920,Annual,North Scotland,0.621,22.698
1921,Annual,North Scotland,0.582,22.414
1922,Annual,North Scotland,0.648,26.795
1923,Annual,North Scotland,0.684,32.479
1924,Annual,North Scotland,0.616,19.586
1925,Annual,North Scotland,0.628,18.665
1926,Annual,North Scotland,0.639,22.670
1927,Annual,North Scotland,0.665,26.716
1928,Annual,North Scotland,0.604,33.479
1929,Annual,North Scotland,0.579,33.023
1930,Annual,North Scotland,0.626,24.112
1931,Annual,North Scotland,0.613,21.851
1932,Annual,North Scotland,0.597,24.070
1933,Annual,North Scotland,0.530,15.670
1934,Annual,North Scotland,0.598,21.000
1935,Annual,North Scotland,0.588,20.167
1936,Annual,North Scotland,0.539,22.321
1937,Annual,North Scotland,0.544,14.553
1938,Annual,North Scotland,0.625,23.447
1939,Annual,North Scotland,0.561,24.223
1940,Annual,North Scotland,0.557,19.233
1941,Annual,North Scotland,0.526,14.781
1942,Annual,North Scotland,0.553,18.986
1943,Annual,North Scotland,0.651,22.451
1944,Annual,North Scotland,0.586,21.307
1945,Annual,North Scotland,0.553,15.684
1946,Annual,North Scotland,0.583,22.865
1947,Annual,North Scotland,0.508,16.577
1948,Annual,North Scotland,0.585,16.698
1949,Annual,North Scotland,0.580,20.581
1950,Annual,North Scotland,0.649,27.851
1951,Annual,North Scotland,0.584,20.753
1952,Annual,North Scotland,0.622,19.921
1953,Annual,North Scotland,0.584,20.167
1954,Annual,North Scotland,0.609,22.698
1955,Annual,North Scotland,0.515,17.451
1956,Annual,North Scotland,0.577,18.688
1957,Annual,North Scotland,0.590,20.381
1958,Annual,North Scotland,0.561,15.553
1959,Annual,North Scotland,0.522,19.144
1960,Annual,North Scotland,0.533,15.772
1961,Annual,North Scotland,0.594,20.502
1962,Annual,North Scotland,0.564,20.670
1963,Annual,North Scotland,0.539,19.005
1964,Annual,North Scotland,0.500,19.251
1965,Annual,North Scotland,0.561,19.670
1966,Annual,North Scotland,0.571,18.767
1967,Annual,North Scotland,0.643,24.153
1968,Annual,North Scotland,0.537,18.884
1969,Annual,North Scotland,0.535,18.586
1970,Annual,North Scotland,0.610,18.647
1971,Annual,North Scotland,0.525,16.084
1972,Annual,North Scotland,0.495,18.637
1973,Annual,North Scotland,0.546,16.312
1974,Annual,North Scotland,0.591,37.470
1975,Annual,North Scotland,0.546,19.195
1976,Annual,North Scotland,0.518,17.860
1977,Annual,North Scotland,0.539,25.874
1978,Annual,North Scotland,0.551,17.465
1979,Annual,North Scotland,0.602,19.879
1980,Annual,North Scotland,0.569,18.344
1981,Annual,North Scotland,0.611,24.972
1982,Annual,North Scotland,0.543,21.158
1983,Annual,North Scotland,0.567,24.288
1984,Annual,North Scotland,0.533,21.340
1985,Annual,North Scotland,0.576,14.907
1986,Annual,North Scotland,0.593,29.135
1987,Annual,North Scotland,0.553,16.572
1988,Annual,North Scotland,0.578,23.377
1989,Annual,North Scotland,0.585,20.716
1990,Annual,North Scotland,0.585,43.260
1991,Annual,North Scotland,0.539,20.019
1992,Annual,North Scotland,0.599,21.270
1993,Annual,North Scotland,0.535,24.567
1994,Annual,North Scotland,0.594,23.149
1995,Annual,North Scotland,0.608,19.921
1996,Annual,North Scotland,0.486,20.805
1997,Annual,North Scotland,0.499,18.405
1998,Annual,North Scotland,0.620,24.456
1999,Annual,North Scotland,0.597,21.405
2000,Annual,North Scotland,0.618,24.460
2001,Annual,North Scotland,0.548,15.702
2002,Annual,North Scotland,0.577,23.581
2003,Annual,North Scotland,0.482,16.786
2004,Annual,North Scotland,0.616,17.381
2005,Annual,North Scotland,0.594,23.549
2006,Annual,North Scotland,0.555,26.065
2007,Annual,North Scotland,0.600,22.502
2008,Annual,North Scotland,0.601,20.316
2009,Annual,North Scotland,0.613,20.437
2010,Annual,North Scotland,0.534,14.107
2011,Annual,North Scotland,0.574,23.926
2012,Annual,North Scotland,0.597,23.047
2013,Annual,North Scotland,0.531,18.233
2014,Annual,North Scotland,0.592,22.321
2015,Annual,North Scotland,0.617,24.684
2016,Annual,North Scotland,0.581,18.647
2017,Annual,North Scotland,0.619,23.279
2018,Annual,North Scotland,0.552,20.149
2019,Annual,North Scotland,0.572,17.019
2020,Annual,North Scotland,0.605,22.070
2021,Annual,North Scotland,0.529,14.028
1892,Annual,North West England,0.504,13.885
1893,Annual,North West England,0.433,13.812
1894,Annual,North West England,0.499,14.406
1895,Annual,North West England,0.434,11.625
1896,Annual,North West England,0.444,18.812
1897,Annual,North West England,0.482,13.562
1898,Annual,North West England,0.447,14.125
1899,Annual,North West England,0.453,13.729
1900,Annual,North West England,0.488,13.542
1901,Annual,North West England,0.429,11.208
1902,Annual,North West England,0.487,10.812
1903,Annual,North West England,0.566,20.438
1904,Annual,North West England,0.444,11.490
1905,Annual,North West England,0.463,12.396
1906,Annual,North West England,0.480,12.823
1907,Annual,North West England,0.508,13.906
1908,Annual,North West England,0.463,12.750
1909,Annual,North West England,0.470,12.594
1910,Annual,North West England,0.496,16.792
1911,Annual,North West England,0.400,13.354
1912,Annual,North West England,0.520,15.115
1913,Annual,North West England,0.480,15.208
1914,Annual,North West England,0.448,13.948
1915,Annual,North West England,0.420,11.490
1916,Annual,North West England,0.531,16.479
1917,Annual,North West England,0.465,17.604
1918,Annual,North West England,0.479,21.698
1919,Annual,North West England,0.445,12.927
1920,Annual,North West England,0.546,14.635
1921,Annual,North West England,0.413,14.698
1922,Annual,North West England,0.497,14.812
1923,Annual,North West England,0.575,17.312
1924,Annual,North West England,0.529,15.198
1925,Annual,North West England,0.494,16.104
1926,Annual,North West England,0.499,14.385
1927,Annual,North West England,0.533,14.906
1928,Annual,North West England,0.502,16.229
1929,Annual,North West England,0.416,18.417
1930,Annual,North West England,0.536,19.260
1931,Annual,North West England,0.515,12.177
1932,Annual,North West England,0.438,12.854
1933,Annual,North West England,0.393,9.781
1934,Annual,North West England,0.430,11.979
1935,Annual,North West England,0.493,11.188
1936,Annual,North West England,0.447,11.542
1937,Annual,North West England,0.433,10.969
1938,Annual,North West England,0.474,13.823
1939,Annual,North West England,0.463,13.656
1940,Annual,North West England,0.405,10.625
1941,Annual,North West England,0.402,9.458
1942,Annual,North West England,0.406,10.875
1943,Annual,North West England,0.507,13.000
1944,Annual,North West England,0.463,13.458
1945,Annual,North West England,0.409,13.604
1946,Annual,North West England,0.477,19.062
1947,Annual,North West England,0.436,14.083
1948,Annual,North West England,0.469,15.115
1949,Annual,North West England,0.413,12.021
1950,Annual,North West England,0.512,13.146
1951,Annual,North West England,0.478,12.854
1952,Annual,North West England,0.435,12.115
1953,Annual,North West England,0.436,13.979
1954,Annual,North West England,0.530,15.677
1955,Annual,North West England,0.386,8.948
1956,Annual,North West England,0.440,11.281
1957,Annual,North West England,0.479,16.510
1958,Annual,North West England,0.496,12.438
1959,Annual,North West England,0.374,11.281
1960,Annual,North West England,0.518,13.021
1961,Annual,North West England,0.456,13.240
1962,Annual,North West England,0.409,10.365
1963,Annual,North West England,0.478,16.271
1964,Annual,North West England,0.365,9.438
1965,Annual,North West England,0.430,10.885
1966,Annual,North West England,0.478,11.490
1967,Annual,North West England,0.540,14.302
1968,Annual,North West England,0.415,11.135
1969,Annual,North West England,0.421,9.542
1970,Annual,North West England,0.481,12.042
1971,Annual,North West England,0.366,7.635
1972,Annual,North West England,0.415,12.062
1973,Annual,North West England,0.399,9.271
1974,Annual,North West England,0.468,12.979
1975,Annual,North West England,0.438,11.615
1976,Annual,North West England,0.388,10.323
1977,Annual,North West England,0.457,14.281
1978,Annual,North West England,0.444,10.260
1979,Annual,North West England,0.480,11.615
1980,Annual,North West England,0.492,14.458
1981,Annual,North West England,0.504,17.062
1982,Annual,North West England,0.450,17.208
1983,Annual,North West England,0.450,15.656
1984,Annual,North West England,0.425,13.042
1985,Annual,North West England,0.441,13.271
1986,Annual,North West England,0.462,14.021
1987,Annual,North West England,0.472,11.688
1988,Annual,North West England,0.468,14.323
1989,Annual,North West England,0.407,12.479
1990,Annual,North West England,0.467,15.406
1991,Annual,North West England,0.409,15.719
1992,Annual,North West England,0.467,12.094
1993,Annual,North West England,0.403,11.240
1994,Annual,North West England,0.503,13.740
1995,Annual,North West England,0.441,11.104
1996,Annual,North West England,0.376,9.833
1997,Annual,North West England,0.399,9.552
1998,Annual,North West England,0.507,17.312
1999,Annual,North West England,0.481,15.896
2000,Annual,North West England,0.566,22.125
2001,Annual,North West England,0.465,12.427
2002,Annual,North West England,0.477,14.927
2003,Annual,North West England,0.384,10.458
2004,Annual,North West England,0.480,10.302
2005,Annual,North West England,0.436,16.354
2006,Annual,North West England,0.449,15.240
2007,Annual,North West England,0.458,13.677
2008,Annual,North West England,0.511,12.969
2009,Annual,North West England,0.479,15.573
2010,Annual,North West England,0.419,9.979
2011,Annual,North West England,0.443,14.812
2012,Annual,North West England,0.529,13.062
2013,Annual,North West England,0.423,12.042
2014,Annual,North West England,0.504,12.896
2015,Annual,North West England,0.473,15.594
2016,Annual,North West England,0.486,14.198
2017,Annual,North West England,0.484,10.812
2018,Annual,North West England,0.431,11.146
2019,Annual,North West England,0.477,15.656
2020,Annual,North West England,0.492,14.656
2021,Annual,North West England,0.440,12.969
1892,Annual,South East England,0.344,10.217
1893,Annual,South East England,0.312,8.163
1894,Annual,South East England,0.414,11.310
1895,Annual,South East England,0.331,10.031
1896,Annual,South East England,0.332,7.744
1897,Annual,South East England,0.367,8.705
1898,Annual,South East England,0.296,8.620
1899,Annual,South East England,0.305,9.225
1900,Annual,South East England,0.363,12.775
1901,Annual,South East England,0.301,8.814
1902,Annual,South East England,0.352,7.620
1903,Annual,South East England,0.410,11.457
1904,Annual,South East England,0.334,11.922
1905,Annual,South East England,0.333,10.891
1906,Annual,South East England,0.337,7.752
1907,Annual,South East England,0.368,9.543
1908,Annual,South East England,0.326,12.574
1909,Annual,South East England,0.392,8.860
1910,Annual,South East England,0.406,7.876
1911,Annual,South East England,0.316,9.093
1912,Annual,South East England,0.428,13.047
1913,Annual,South East England,0.393,8.977
1914,Annual,South East England,0.344,11.109
1915,Annual,South East England,0.351,9.326
1916,Annual,South East England,0.434,13.465
1917,Annual,South East England,0.375,7.674
1918,Annual,South East England,0.359,10.884
1919,Annual,South East England,0.362,10.636
1920,Annual,South East England,0.364,10.364
1921,Annual,South East England,0.244,6.326
1922,Annual,South East England,0.379,10.395
1923,Annual,South East England,0.380,11.388
1924,Annual,South East England,0.420,9.171
1925,Annual,South East England,0.379,9.302
1926,Annual,South East England,0.402,12.674
1927,Annual,South East England,0.399,12.930
1928,Annual,South East England,0.374,10.953
1929,Annual,South East England,0.269,8.992
1930,Annual,South East England,0.408,11.326
1931,Annual,South East England,0.376,8.636
1932,Annual,South East England,0.339,9.752
1933,Annual,South East England,0.305,7.946
1934,Annual,South East England,0.285,7.031
1935,Annual,South East England,0.421,11.969
1936,Annual,South East England,0.406,9.915
1937,Annual,South East England,0.384,10.388
1938,Annual,South East England,0.326,9.659
1939,Annual,South East England,0.410,11.636
1940,Annual,South East England,0.316,7.496
1941,Annual,South East England,0.351,11.938
1942,Annual,South East England,0.299,7.791
1943,Annual,South East England,0.340,10.566
1944,Annual,South East England,0.304,9.845
1945,Annual,South East England,0.301,8.341
1946,Annual,South East England,0.397,10.915
1947,Annual,South East England,0.322,9.736
1948,Annual,South East England,0.330,9.403
1949,Annual,South East England,0.271,10.163
1950,Annual,South East England,0.375,9.248
1951,Annual,South East England,0.431,13.791
1952,Annual,South East England,0.354,8.124
1953,Annual,South East England,0.315,8.124
1954,Annual,South East England,0.375,10.225
1955,Annual,South East England,0.280,7.062
1956,Annual,South East England,0.327,7.884
1957,Annual,South East England,0.357,8.798
1958,Annual,South East England,0.371,9.264
1959,Annual,South East England,0.295,7.636
1960,Annual,South East England,0.468,16.109
1961,Annual,South East England,0.330,8.023
1962,Annual,South East England,0.308,7.093
1963,Annual,South East England,0.369,9.302
1964,Annual,South East England,0.267,7.527
1965,Annual,South East England,0.358,8.744
1966,Annual,South East England,0.390,8.698
1967,Annual,South East England,0.370,10.853
1968,Annual,South East England,0.361,7.814
1969,Annual,South East England,0.301,9.093
1970,Annual,South East England,0.380,8.248
1971,Annual,South East England,0.287,10.612
1972,Annual,South East England,0.313,8.388
1973,Annual,South East England,0.256,8.550
1974,Annual,South East England,0.384,11.984
1975,Annual,South East England,0.321,11.101
1976,Annual,South East England,0.248,12.690
1977,Annual,South East England,0.375,8.806
1978,Annual,South East England,0.309,8.403
1979,Annual,South East England,0.383,8.829
1980,Annual,South East England,0.321,7.698
1981,Annual,South East England,0.347,9.938
1982,Annual,South East England,0.369,9.372
1983,Annual,South East England,0.325,7.729
1984,Annual,South East England,0.340,9.419
1985,Annual,South East England,0.337,8.605
1986,Annual,South East England,0.362,8.023
1987,Annual,South East England,0.350,9.814
1988,Annual,South East England,0.328,7.713
1989,Annual,South East England,0.263,5.713
1990,Annual,South East England,0.284,10.419
1991,Annual,South East England,0.312,10.295
1992,Annual,South East England,0.328,7.527
1993,Annual,South East England,0.304,14.217
1994,Annual,South East England,0.385,8.527
1995,Annual,South East England,0.308,7.574
1996,Annual,South East England,0.291,6.202
1997,Annual,South East England,0.283,9.054
1998,Annual,South East England,0.366,9.946
1999,Annual,South East England,0.360,9.930
2000,Annual,South East England,0.408,11.434
2001,Annual,South East England,0.390,9.132
2002,Annual,South East England,0.364,10.039
2003,Annual,South East England,0.278,8.690
2004,Annual,South East England,0.364,7.349
2005,Annual,South East England,0.295,5.961
2006,Annual,South East England,0.323,9.364
2007,Annual,South East England,0.350,9.450
2008,Annual,South East England,0.367,6.984
2009,Annual,South East England,0.316,11.705
2010,Annual,South East England,0.336,8.612
2011,Annual,South East England,0.268,6.078
2012,Annual,South East England,0.380,11.496
2013,Annual,South East England,0.341,10.372
2014,Annual,South East England,0.439,13.853
2015,Annual,South East England,0.316,6.085
2016,Annual,South East England,0.343,8.876
2017,Annual,South East England,0.283,8.047
2018,Annual,South East England,0.327,11.636
2019,Annual,South East England,0.354,9.550
2020,Annual,South East England,0.356,11.512
2021,Annual,South East England,0.346,10.798
1892,Annual,South West England,0.360,10.673
1893,Annual,South West England,0.339,12.635
1894,Annual,South West England,0.453,14.509
1895,Annual,South West England,0.367,11.943
1896,Annual,South West England,0.355,11.723
1897,Annual,South West England,0.419,12.912
1898,Annual,South West England,0.361,10.931
1899,Annual,South West England,0.350,13.516
1900,Annual,South West England,0.434,14.031
1901,Annual,South West England,0.365,11.836
1902,Annual,South West England,0.418,9.340
1903,Annual,South West England,0.482,16.019
1904,Annual,South West England,0.415,19.560
1905,Annual,South West England,0.382,12.044
1906,Annual,South West England,0.399,10.862
1907,Annual,South West England,0.439,14.063
1908,Annual,South West England,0.375,15.358
1909,Annual,South West England,0.411,11.484
1910,Annual,South West England,0.479,15.019
1911,Annual,South West England,0.363,14.013
1912,Annual,South West England,0.486,19.616
1913,Annual,South West England,0.454,13.648
1914,Annual,South West England,0.425,14.572
1915,Annual,South West England,0.418,14.038
1916,Annual,South West England,0.487,16.164
1917,Annual,South West England,0.426,12.013
1918,Annual,South West England,0.408,15.277
1919,Annual,South West England,0.418,15.440
1920,Annual,South West England,0.475,14.969
1921,Annual,South West England,0.327,10.767
1922,Annual,South West England,0.418,12.013
1923,Annual,South West England,0.457,16.673
1924,Annual,South West England,0.463,11.340
1925,Annual,South West England,0.424,13.623
1926,Annual,South West England,0.446,18.667
1927,Annual,South West England,0.459,14.975
1928,Annual,South West England,0.447,12.937
1929,Annual,South West England,0.332,19.843
1930,Annual,South West England,0.497,14.566
1931,Annual,South West England,0.461,10.811
1932,Annual,South West England,0.392,10.786
1933,Annual,South West England,0.363,10.428
1934,Annual,South West England,0.350,9.459
1935,Annual,South West England,0.486,19.660
1936,Annual,South West England,0.459,13.453
1937,Annual,South West England,0.426,12.220
1938,Annual,South West England,0.396,14.195
1939,Annual,South West England,0.456,13.132
1940,Annual,South West England,0.371,10.233
1941,Annual,South West England,0.393,11.164
1942,Annual,South West England,0.367,10.050
1943,Annual,South West England,0.421,11.855
1944,Annual,South West England,0.364,12.717
1945,Annual,South West England,0.367,11.308
1946,Annual,South West England,0.451,15.667
1947,Annual,South West England,0.402,14.308
1948,Annual,South West England,0.395,16.686
1949,Annual,South West England,0.336,12.686
1950,Annual,South West England,0.464,13.453
1951,Annual,South West England,0.478,13.642
1952,Annual,South West England,0.415,11.321
1953,Annual,South West England,0.362,10.635
1954,Annual,South West England,0.441,11.987
1955,Annual,South West England,0.328,8.742
1956,Annual,South West England,0.363,13.453
1957,Annual,South West England,0.405,16.956
1958,Annual,South West England,0.425,10.774
1959,Annual,South West England,0.357,10.642
1960,Annual,South West England,0.521,18.145
1961,Annual,South West England,0.391,12.553
1962,Annual,South West England,0.362,11.541
1963,Annual,South West England,0.442,13.358
1964,Annual,South West England,0.297,8.503
1965,Annual,South West England,0.410,12.082
1966,Annual,South West England,0.459,11.101
1967,Annual,South West England,0.445,13.591
1968,Annual,South West England,0.404,9.824
1969,Annual,South West England,0.368,12.358
1970,Annual,South West England,0.449,11.755
1971,Annual,South West England,0.338,13.717
1972,Annual,South West England,0.390,13.906
1973,Annual,South West England,0.333,8.157
1974,Annual,South West England,0.465,16.019
1975,Annual,South West England,0.360,12.503
1976,Annual,South West England,0.301,13.874
1977,Annual,South West England,0.441,12.094
1978,Annual,South West England,0.376,11.987
1979,Annual,South West England,0.446,11.327
1980,Annual,South West England,0.409,10.981
1981,Annual,South West England,0.411,12.547
1982,Annual,South West England,0.432,11.937
1983,Annual,South West England,0.394,11.270
1984,Annual,South West England,0.375,10.994
1985,Annual,South West England,0.384,11.780
1986,Annual,South West England,0.414,11.421
1987,Annual,South West England,0.389,12.025
1988,Annual,South West England,0.407,15.503
1989,Annual,South West England,0.318,9.107
1990,Annual,South West England,0.373,14.717
1991,Annual,South West England,0.378,17.308
1992,Annual,South West England,0.392,14.585
1993,Annual,South West England,0.369,13.245
1994,Annual,South West England,0.477,16.107
1995,Annual,South West England,0.377,14.459
1996,Annual,South West England,0.381,10.447
1997,Annual,South West England,0.353,11.667
1998,Annual,South West England,0.437,12.327
1999,Annual,South West England,0.419,13.396
2000,Annual,South West England,0.486,16.937
2001,Annual,South West England,0.429,10.377
2002,Annual,South West England,0.425,14.975
2003,Annual,South West England,0.342,10.642
2004,Annual,South West England,0.412,10.019
2005,Annual,South West England,0.364,9.566
2006,Annual,South West England,0.355,11.836
2007,Annual,South West England,0.410,12.686
2008,Annual,South West England,0.441,13.509
2009,Annual,South West England,0.387,11.642
2010,Annual,South West England,0.374,10.403
2011,Annual,South West England,0.347,8.585
2012,Annual,South West England,0.464,12.874
2013,Annual,South West England,0.403,15.730
2014,Annual,South West England,0.487,17.981
2015,Annual,South West England,0.393,10.579
2016,Annual,South West England,0.418,11.755
2017,Annual,South West England,0.387,10.403
2018,Annual,South West England,0.381,12.711
2019,Annual,South West England,0.427,12.811
2020,Annual,South West England,0.450,21.761
2021,Annual,South West England,0.401,15.346
1892,Annual,West Midlands,0.374,8.154
1893,Annual,West Midlands,0.329,8.549
1894,Annual,West Midlands,0.397,11.088
1895,Annual,West Midlands,0.349,10.352
1896,Annual,West Midlands,0.352,10.681
1897,Annual,West Midlands,0.392,9.297
1898,Annual,West Midlands,0.320,8.560
1899,Annual,West Midlands,0.336,11.209
1900,Annual,West Midlands,0.429,12.846
1901,Annual,West Midlands,0.350,9.714
1902,Annual,West Midlands,0.403,9.758
1903,Annual,West Midlands,0.453,14.780
1904,Annual,West Midlands,0.358,14.934
1905,Annual,West Midlands,0.374,10.407
1906,Annual,West Midlands,0.379,10.011
1907,Annual,West Midlands,0.420,8.923
1908,Annual,West Midlands,0.364,12.484
1909,Annual,West Midlands,0.389,9.912
1910,Annual,West Midlands,0.428,10.286
1911,Annual,West Midlands,0.313,7.890
1912,Annual,West Midlands,0.442,14.154
1913,Annual,West Midlands,0.395,10.220
1914,Annual,West Midlands,0.369,9.868
1915,Annual,West Midlands,0.374,10.033
1916,Annual,West Midlands,0.444,15.648
1917,Annual,West Midlands,0.394,9.132
1918,Annual,West Midlands,0.358,14.286
1919,Annual,West Midlands,0.362,9.176
1920,Annual,West Midlands,0.420,11.187
1921,Annual,West Midlands,0.283,7.286
1922,Annual,West Midlands,0.390,10.308
1923,Annual,West Midlands,0.429,12.835
1924,Annual,West Midlands,0.425,10.527
1925,Annual,West Midlands,0.377,9.538
1926,Annual,West Midlands,0.407,11.407
1927,Annual,West Midlands,0.422,14.275
1928,Annual,West Midlands,0.392,9.659
1929,Annual,West Midlands,0.288,9.264
1930,Annual,West Midlands,0.437,10.066
1931,Annual,West Midlands,0.417,8.198
1932,Annual,West Midlands,0.374,9.824
1933,Annual,West Midlands,0.315,10.011
1934,Annual,West Midlands,0.307,6.989
1935,Annual,West Midlands,0.419,10.923
1936,Annual,West Midlands,0.414,9.692
1937,Annual,West Midlands,0.373,9.670
1938,Annual,West Midlands,0.340,9.923
1939,Annual,West Midlands,0.421,11.978
1940,Annual,West Midlands,0.336,8.516
1941,Annual,West Midlands,0.367,8.242
1942,Annual,West Midlands,0.305,9.253
1943,Annual,West Midlands,0.363,7.934
1944,Annual,West Midlands,0.347,9.714
1945,Annual,West Midlands,0.323,9.066
1946,Annual,West Midlands,0.392,12.418
1947,Annual,West Midlands,0.380,11.956
1948,Annual,West Midlands,0.368,10.769
1949,Annual,West Midlands,0.301,9.253
1950,Annual,West Midlands,0.400,8.857
1951,Annual,West Midlands,0.441,12.824
1952,Annual,West Midlands,0.371,10.923
1953,Annual,West Midlands,0.337,9.066
1954,Annual,West Midlands,0.415,9.220
1955,Annual,West Midlands,0.308,7.956
1956,Annual,West Midlands,0.357,8.176
1957,Annual,West Midlands,0.371,11.099
1958,Annual,West Midlands,0.404,10.121
1959,Annual,West Midlands,0.317,7.198
1960,Annual,West Midlands,0.467,11.648
1961,Annual,West Midlands,0.359,9.659
1962,Annual,West Midlands,0.340,6.923
1963,Annual,West Midlands,0.384,9.055
1964,Annual,West Midlands,0.279,7.473
1965,Annual,West Midlands,0.388,11.077
1966,Annual,West Midlands,0.426,8.077
1967,Annual,West Midlands,0.406,9.824
1968,Annual,West Midlands,0.377,8.637
1969,Annual,West Midlands,0.343,9.187
1970,Annual,West Midlands,0.412,8.440
1971,Annual,West Midlands,0.303,9.330
1972,Annual,West Midlands,0.354,11.165
1973,Annual,West Midlands,0.300,8.396
1974,Annual,West Midlands,0.393,10.681
1975,Annual,West Midlands,0.332,9.121
1976,Annual,West Midlands,0.292,10.407
1977,Annual,West Midlands,0.402,11.308
1978,Annual,West Midlands,0.351,9.868
1979,Annual,West Midlands,0.386,9.242
1980,Annual,West Midlands,0.390,10.374
1981,Annual,West Midlands,0.363,10.220
1982,Annual,West Midlands,0.376,9.495
1983,Annual,West Midlands,0.365,9.824
1984,Annual,West Midlands,0.345,7.275
1985,Annual,West Midlands,0.348,7.165
1986,Annual,West Midlands,0.368,9.462
1987,Annual,West Midlands,0.381,8.747
1988,Annual,West Midlands,0.358,8.659
1989,Annual,West Midlands,0.293,6.099
1990,Annual,West Midlands,0.327,9.626
1991,Annual,West Midlands,0.327,12.253
1992,Annual,West Midlands,0.365,6.934
1993,Annual,West Midlands,0.321,8.560
1994,Annual,West Midlands,0.409,9.769
1995,Annual,West Midlands,0.337,10.319
1996,Annual,West Midlands,0.326,7.407
1997,Annual,West Midlands,0.321,7.736
1998,Annual,West Midlands,0.392,10.780
1999,Annual,West Midlands,0.418,10.692
2000,Annual,West Midlands,0.440,10.527
2001,Annual,West Midlands,0.398,9.945
2002,Annual,West Midlands,0.368,10.242
2003,Annual,West Midlands,0.305,7.747
2004,Annual,West Midlands,0.404,8.275
2005,Annual,West Midlands,0.319,8.286
2006,Annual,West Midlands,0.359,10.912
2007,Annual,West Midlands,0.374,10.066
2008,Annual,West Midlands,0.409,10.242
2009,Annual,West Midlands,0.357,11.462
2010,Annual,West Midlands,0.363,7.099
2011,Annual,West Midlands,0.284,5.286
2012,Annual,West Midlands,0.422,13.473
2013,Annual,West Midlands,0.362,9.934
2014,Annual,West Midlands,0.442,10.275
2015,Annual,West Midlands,0.363,7.440
2016,Annual,West Midlands,0.394,11.396
2017,Annual,West Midlands,0.353,8.791
2018,Annual,West Midlands,0.350,9.626
2019,Annual,West Midlands,0.390,10.857
2020,Annual,West Midlands,0.384,10.912
2021,Annual,West Midlands,0.365,10.901
1892,Annual,West Scotland,0.534,16.567
1893,Annual,West Scotland,0.490,15.187
1894,Annual,West Scotland,0.552,22.373
1895,Annual,West Scotland,0.490,14.955
1896,Annual,West Scotland,0.517,15.672
1897,Annual,West Scotland,0.552,19.328
1898,Annual,West Scotland,0.534,16.784
1899,Annual,West Scotland,0.545,22.888
1900,Annual,West Scotland,0.595,25.701
1901,Annual,West Scotland,0.540,20.209
1902,Annual,West Scotland,0.561,14.739
1903,Annual,West Scotland,0.665,33.619
1904,Annual,West Scotland,0.608,17.358
1905,Annual,West Scotland,0.597,17.545
1906,Annual,West Scotland,0.596,17.030
1907,Annual,West Scotland,0.584,20.813
1908,Annual,West Scotland,0.558,18.127
1909,Annual,West Scotland,0.511,15.507
1910,Annual,West Scotland,0.527,19.754
1911,Annual,West Scotland,0.483,23.410
1912,Annual,West Scotland,0.562,14.970
1913,Annual,West Scotland,0.559,22.604
1914,Annual,West Scotland,0.525,20.873
1915,Annual,West Scotland,0.459,12.239
1916,Annual,West Scotland,0.592,17.522
1917,Annual,West Scotland,0.529,19.007
1918,Annual,West Scotland,0.552,16.716
1919,Annual,West Scotland,0.469,12.776
1920,Annual,West Scotland,0.626,17.582
1921,Annual,West Scotland,0.540,22.948
1922,Annual,West Scotland,0.546,18.716
1923,Annual,West Scotland,0.615,17.873
1924,Annual,West Scotland,0.574,15.470
1925,Annual,West Scotland,0.542,17.418
1926,Annual,West Scotland,0.567,22.201
1927,Annual,West Scotland,0.609,16.746
1928,Annual,West Scotland,0.571,24.888
1929,Annual,West Scotland,0.495,24.440
1930,Annual,West Scotland,0.557,23.575
1931,Annual,West Scotland,0.569,16.560
1932,Annual,West Scotland,0.497,16.791
1933,Annual,West Scotland,0.465,13.642
1934,Annual,West Scotland,0.527,19.157
1935,Annual,West Scotland,0.557,18.470
1936,Annual,West Scotland,0.494,15.306
1937,Annual,West Scotland,0.504,14.410
1938,Annual,West Scotland,0.566,21.269
1939,Annual,West Scotland,0.504,20.716
1940,Annual,West Scotland,0.474,12.888
1941,Annual,West Scotland,0.450,11.679
1942,Annual,West Scotland,0.490,15.381
1943,Annual,West Scotland,0.609,19.478
1944,Annual,West Scotland,0.513,14.276
1945,Annual,West Scotland,0.481,15.112
1946,Annual,West Scotland,0.535,20.157
1947,Annual,West Scotland,0.502,15.075
1948,Annual,West Scotland,0.551,21.970
1949,Annual,West Scotland,0.521,16.157
1950,Annual,West Scotland,0.610,24.679
1951,Annual,West Scotland,0.502,14.933
1952,Annual,West Scotland,0.482,15.612
1953,Annual,West Scotland,0.504,17.463
1954,Annual,West Scotland,0.583,17.261
1955,Annual,West Scotland,0.439,14.664
1956,Annual,West Scotland,0.497,13.963
1957,Annual,West Scotland,0.540,16.246
1958,Annual,West Scotland,0.521,13.164
1959,Annual,West Scotland,0.470,15.388
1960,Annual,West Scotland,0.540,16.649
1961,Annual,West Scotland,0.550,13.209
1962,Annual,West Scotland,0.477,16.701
1963,Annual,West Scotland,0.525,17.672
1964,Annual,West Scotland,0.462,17.575
1965,Annual,West Scotland,0.479,12.903
1966,Annual,West Scotland,0.518,15.425
1967,Annual,West Scotland,0.614,21.828
1968,Annual,West Scotland,0.466,14.112
1969,Annual,West Scotland,0.466,13.321
1970,Annual,West Scotland,0.531,14.963
1971,Annual,West Scotland,0.453,10.336
1972,Annual,West Scotland,0.475,15.299
1973,Annual,West Scotland,0.470,13.216
1974,Annual,West Scotland,0.553,26.985
1975,Annual,West Scotland,0.501,17.813
1976,Annual,West Scotland,0.477,14.284
1977,Annual,West Scotland,0.514,19.112
1978,Annual,West Scotland,0.503,14.500
1979,Annual,West Scotland,0.547,15.448
1980,Annual,West Scotland,0.515,15.746
1981,Annual,West Scotland,0.565,19.045
1982,Annual,West Scotland,0.510,17.448
1983,Annual,West Scotland,0.513,22.970
1984,Annual,West Scotland,0.480,17.343
1985,Annual,West Scotland,0.508,19.396
1986,Annual,West Scotland,0.535,23.478
1987,Annual,West Scotland,0.510,13.231
1988,Annual,West Scotland,0.558,17.299
1989,Annual,West Scotland,0.521,16.940
1990,Annual,West Scotland,0.570,28.164
1991,Annual,West Scotland,0.475,16.164
1992,Annual,West Scotland,0.573,18.799
1993,Annual,West Scotland,0.473,19.157
1994,Annual,West Scotland,0.584,20.276
1995,Annual,West Scotland,0.548,14.896
1996,Annual,West Scotland,0.453,17.627
1997,Annual,West Scotland,0.473,16.985
1998,Annual,West Scotland,0.572,21.910
1999,Annual,West Scotland,0.561,18.993
2000,Annual,West Scotland,0.588,22.313
2001,Annual,West Scotland,0.503,16.507
2002,Annual,West Scotland,0.576,20.657
2003,Annual,West Scotland,0.456,14.545
2004,Annual,West Scotland,0.543,13.216
2005,Annual,West Scotland,0.525,19.351
2006,Annual,West Scotland,0.512,21.866
2007,Annual,West Scotland,0.528,18.537
2008,Annual,West Scotland,0.588,17.351
2009,Annual,West Scotland,0.565,20.179
2010,Annual,West Scotland,0.457,11.873
2011,Annual,West Scotland,0.571,29.597
2012,Annual,West Scotland,0.588,16.918
2013,Annual,West Scotland,0.490,15.828
2014,Annual,West Scotland,0.588,25.821
2015,Annual,West Scotland,0.557,20.597
2016,Annual,West Scotland,0.542,18.030
2017,Annual,West Scotland,0.579,14.142
2018,Annual,West Scotland,0.522,12.828
2019,Annual,West Scotland,0.520,16.216
2020,Annual,West Scotland,0.582,22.925
2021,Annual,West Scotland,0.464,14.254
1892,Annual,Yorkshire and Humber,0.411,9.364
1893,Annual,Yorkshire and Humber,0.340,8.168
1894,Annual,Yorkshire and Humber,0.432,10.168
1895,Annual,Yorkshire and Humber,0.393,10.794
1896,Annual,Yorkshire and Humber,0.374,9.084
1897,Annual,Yorkshire and Humber,0.405,9.879
1898,Annual,Yorkshire and Humber,0.356,9.570
1899,Annual,Yorkshire and Humber,0.378,10.215
1900,Annual,Yorkshire and Humber,0.434,10.794
1901,Annual,Yorkshire and Humber,0.368,8.832
1902,Annual,Yorkshire and Humber,0.387,8.019
1903,Annual,Yorkshire and Humber,0.450,14.645
1904,Annual,Yorkshire and Humber,0.353,8.664
1905,Annual,Yorkshire and Humber,0.362,9.234
1906,Annual,Yorkshire and Humber,0.380,11.215
1907,Annual,Yorkshire and Humber,0.423,12.028
1908,Annual,Yorkshire and Humber,0.390,10.243
1909,Annual,Yorkshire and Humber,0.395,10.131
1910,Annual,Yorkshire and Humber,0.423,9.869
1911,Annual,Yorkshire and Humber,0.361,9.159
1912,Annual,Yorkshire and Humber,0.466,10.421
1913,Annual,Yorkshire and Humber,0.375,9.421
1914,Annual,Yorkshire and Humber,0.349,10.935
1915,Annual,Yorkshire and Humber,0.376,7.944
1916,Annual,Yorkshire and Humber,0.458,12.009
1917,Annual,Yorkshire and Humber,0.402,11.813
1918,Annual,Yorkshire and Humber,0.402,14.262
1919,Annual,Yorkshire and Humber,0.409,11.626
1920,Annual,Yorkshire and Humber,0.416,11.093
1921,Annual,Yorkshire and Humber,0.319,8.804
1922,Annual,Yorkshire and Humber,0.426,10.654
1923,Annual,Yorkshire and Humber,0.446,13.224
1924,Annual,Yorkshire and Humber,0.415,10.645
1925,Annual,Yorkshire and Humber,0.396,11.701
1926,Annual,Yorkshire and Humber,0.426,10.991
1927,Annual,Yorkshire and Humber,0.434,10.234
1928,Annual,Yorkshire and Humber,0.416,9.785
1929,Annual,Yorkshire and Humber,0.325,13.673
1930,Annual,Yorkshire and Humber,0.461,12.607
1931,Annual,Yorkshire and Humber,0.430,8.430
1932,Annual,Yorkshire and Humber,0.374,8.570
1933,Annual,Yorkshire and Humber,0.349,9.131
1934,Annual,Yorkshire and Humber,0.354,8.729
1935,Annual,Yorkshire and Humber,0.424,9.832
1936,Annual,Yorkshire and Humber,0.400,8.879
1937,Annual,Yorkshire and Humber,0.371,10.738
1938,Annual,Yorkshire and Humber,0.406,11.299
1939,Annual,Yorkshire and Humber,0.431,9.121
1940,Annual,Yorkshire and Humber,0.354,7.720
1941,Annual,Yorkshire and Humber,0.366,7.972
1942,Annual,Yorkshire and Humber,0.337,9.346
1943,Annual,Yorkshire and Humber,0.371,8.738
1944,Annual,Yorkshire and Humber,0.390,13.234
1945,Annual,Yorkshire and Humber,0.360,10.252
1946,Annual,Yorkshire and Humber,0.406,12.187
1947,Annual,Yorkshire and Humber,0.389,12.607
1948,Annual,Yorkshire and Humber,0.376,9.542
1949,Annual,Yorkshire and Humber,0.314,7.570
1950,Annual,Yorkshire and Humber,0.435,9.280
1951,Annual,Yorkshire and Humber,0.407,9.570
1952,Annual,Yorkshire and Humber,0.353,8.299
1953,Annual,Yorkshire and Humber,0.343,9.150
1954,Annual,Yorkshire and Humber,0.426,10.262
1955,Annual,Yorkshire and Humber,0.307,7.925
1956,Annual,Yorkshire and Humber,0.388,7.710
1957,Annual,Yorkshire and Humber,0.407,10.103
1958,Annual,Yorkshire and Humber,0.419,9.598
1959,Annual,Yorkshire and Humber,0.290,7.701
1960,Annual,Yorkshire and Humber,0.454,11.673
1961,Annual,Yorkshire and Humber,0.393,10.346
1962,Annual,Yorkshire and Humber,0.346,7.458
1963,Annual,Yorkshire and Humber,0.411,10.271
1964,Annual,Yorkshire and Humber,0.310,7.701
1965,Annual,Yorkshire and Humber,0.404,10.318
1966,Annual,Yorkshire and Humber,0.446,9.159
1967,Annual,Yorkshire and Humber,0.406,9.766
1968,Annual,Yorkshire and Humber,0.388,10.393
1969,Annual,Yorkshire and Humber,0.381,8.897
1970,Annual,Yorkshire and Humber,0.398,10.729
1971,Annual,Yorkshire and Humber,0.311,8.607
1972,Annual,Yorkshire and Humber,0.367,9.486
1973,Annual,Yorkshire and Humber,0.310,6.925
1974,Annual,Yorkshire and Humber,0.391,8.262
1975,Annual,Yorkshire and Humber,0.348,9.421
1976,Annual,Yorkshire and Humber,0.324,9.738
1977,Annual,Yorkshire and Humber,0.401,9.430
1978,Annual,Yorkshire and Humber,0.378,8.346
1979,Annual,Yorkshire and Humber,0.404,9.673
1980,Annual,Yorkshire and Humber,0.429,13.486
1981,Annual,Yorkshire and Humber,0.401,9.963
1982,Annual,Yorkshire and Humber,0.356,11.383
1983,Annual,Yorkshire and Humber,0.365,8.346
1984,Annual,Yorkshire and Humber,0.366,10.037
1985,Annual,Yorkshire and Humber,0.391,9.065
1986,Annual,Yorkshire and Humber,0.385,8.794
1987,Annual,Yorkshire and Humber,0.400,8.850
1988,Annual,Yorkshire and Humber,0.404,9.794
1989,Annual,Yorkshire and Humber,0.295,7.570
1990,Annual,Yorkshire and Humber,0.361,12.000
1991,Annual,Yorkshire and Humber,0.338,11.047
1992,Annual,Yorkshire and Humber,0.354,8.178
1993,Annual,Yorkshire and Humber,0.349,8.542
1994,Annual,Yorkshire and Humber,0.404,10.121
1995,Annual,Yorkshire and Humber,0.346,9.589
1996,Annual,Yorkshire and Humber,0.335,7.075
1997,Annual,Yorkshire and Humber,0.343,8.364
1998,Annual,Yorkshire and Humber,0.426,10.477
1999,Annual,Yorkshire and Humber,0.393,11.776
2000,Annual,Yorkshire and Humber,0.458,12.150
2001,Annual,Yorkshire and Humber,0.386,8.336
2002,Annual,Yorkshire and Humber,0.389,10.318
2003,Annual,Yorkshire and Humber,0.329,9.178
2004,Annual,Yorkshire and Humber,0.426,8.729
2005,Annual,Yorkshire and Humber,0.377,11.019
2006,Annual,Yorkshire and Humber,0.385,11.121
2007,Annual,Yorkshire and Humber,0.365,9.972
2008,Annual,Yorkshire and Humber,0.433,11.065
2009,Annual,Yorkshire and Humber,0.377,11.299
2010,Annual,Yorkshire and Humber,0.402,9.542
2011,Annual,Yorkshire and Humber,0.337,9.794
2012,Annual,Yorkshire and Humber,0.428,10.626
2013,Annual,Yorkshire and Humber,0.370,9.168
2014,Annual,Yorkshire and Humber,0.427,9.720
2015,Annual,Yorkshire and Humber,0.368,9.907
2016,Annual,Yorkshire and Humber,0.423,11.383
2017,Annual,Yorkshire and Humber,0.386,8.682
2018,Annual,Yorkshire and Humber,0.347,9.804
2019,Annual,Yorkshire and Humber,0.416,11.467
2020,Annual,Yorkshire and Humber,0.382,9.757
2021,Annual,Yorkshire and Humber,0.377,8.907
1892,Annual,Channel Islands, NaN,  NA
1893,Annual,Channel Islands, NaN,  NA
1894,Annual,Channel Islands, NaN,  NA
1895,Annual,Channel Islands, NaN,  NA
1896,Annual,Channel Islands, NaN,  NA
1897,Annual,Channel Islands, NaN,  NA
1898,Annual,Channel Islands, NaN,  NA
1899,Annual,Channel Islands, NaN,  NA
1900,Annual,Channel Islands, NaN,  NA
1901,Annual,Channel Islands, NaN,  NA
1902,Annual,Channel Islands, NaN,  NA
1903,Annual,Channel Islands, NaN,  NA
1904,Annual,Channel Islands, NaN,  NA
1905,Annual,Channel Islands, NaN,  NA
1906,Annual,Channel Islands, NaN,  NA
1907,Annual,Channel Islands, NaN,  NA
1908,Annual,Channel Islands, NaN,  NA
1909,Annual,Channel Islands, NaN,  NA
1910,Annual,Channel Islands, NaN,  NA
1911,Annual,Channel Islands, NaN,  NA
1912,Annual,Channel Islands, NaN,  NA
1913,Annual,Channel Islands, NaN,  NA
1914,Annual,Channel Islands, NaN,  NA
1915,Annual,Channel Islands, NaN,  NA
1916,Annual,Channel Islands, NaN,  NA
1917,Annual,Channel Islands, NaN,  NA
1918,Annual,Channel Islands, NaN,  NA
1919,Annual,Channel Islands, NaN,  NA
1920,Annual,Channel Islands, NaN,  NA
1921,Annual,Channel Islands, NaN,  NA
1922,Annual,Channel Islands, NaN,  NA
1923,Annual,Channel Islands, NaN,  NA
1924,Annual,Channel Islands, NaN,  NA
1925,Annual,Channel Islands, NaN,  NA
1926,Annual,Channel Islands, NaN,  NA
1927,Annual,Channel Islands, NaN,  NA
1928,Annual,Channel Islands, NaN,  NA
1929,Annual,Channel Islands, NaN,  NA
1930,Annual,Channel Islands, NaN,  NA
1931,Annual,Channel Islands, NaN,  NA
1932,Annual,Channel Islands, NaN,  NA
1933,Annual,Channel Islands, NaN,  NA
1934,Annual,Channel Islands, NaN,  NA
1935,Annual,Channel Islands, NaN,  NA
1936,Annual,Channel Islands, NaN,  NA
1937,Annual,Channel Islands, NaN,  NA
1938,Annual,Channel Islands, NaN,  NA
1939,Annual,Channel Islands, NaN,  NA
1940,Annual,Channel Islands, NaN,  NA
1941,Annual,Channel Islands, NaN,  NA
1942,Annual,Channel Islands, NaN,  NA
1943,Annual,Channel Islands, NaN,  NA
1944,Annual,Channel Islands, NaN,  NA
1945,Annual,Channel Islands, NaN,  NA
1946,Annual,Channel Islands, NaN,  NA
1947,Annual,Channel Islands, NaN,  NA
1948,Annual,Channel Islands, NaN,  NA
1949,Annual,Channel Islands, NaN,  NA
1950,Annual,Channel Islands, NaN,  NA
1951,Annual,Channel Islands, NaN,  NA
1952,Annual,Channel Islands, NaN,  NA
1953,Annual,Channel Islands, NaN,  NA
1954,Annual,Channel Islands, NaN,  NA
1955,Annual,Channel Islands, NaN,  NA
1956,Annual,Channel Islands, NaN,  NA
1957,Annual,Channel Islands, NaN,  NA
1958,Annual,Channel Islands, NaN,  NA
1959,Annual,Channel Islands, NaN,  NA
1960,Annual,Channel Islands, NaN,  NA
1961,Annual,Channel Islands, NaN,  NA
1962,Annual,Channel Islands, NaN,  NA
1963,Annual,Channel Islands, NaN,  NA
1964,Annual,Channel Islands, NaN,  NA
1965,Annual,Channel Islands, NaN,  NA
1966,Annual,Channel Islands, NaN,  NA
1967,Annual,Channel Islands, NaN,  NA
1968,Annual,Channel Islands, NaN,  NA
1969,Annual,Channel Islands, NaN,  NA
1970,Annual,Channel Islands, NaN,  NA
1971,Annual,Channel Islands, NaN,  NA
1972,Annual,Channel Islands, NaN,  NA
1973,Annual,Channel Islands, NaN,  NA
1974,Annual,Channel Islands, NaN,  NA
1975,Annual,Channel Islands, NaN,  NA
1976,Annual,Channel Islands, NaN,  NA
1977,Annual,Channel Islands, NaN,  NA
1978,Annual,Channel Islands, NaN,  NA
1979,Annual,Channel Islands, NaN,  NA
1980,Annual,Channel Islands, NaN,  NA
1981,Annual,Channel Islands, NaN,  NA
1982,Annual,Channel Islands, NaN,  NA
1983,Annual,Channel Islands, NaN,  NA
1984,Annual,Channel Islands, NaN,  NA
1985,Annual,Channel Islands, NaN,  NA
1986,Annual,Channel Islands, NaN,  NA
1987,Annual,Channel Islands, NaN,  NA
1988,Annual,Channel Islands, NaN,  NA
1989,Annual,Channel Islands, NaN,  NA
1990,Annual,Channel Islands, NaN,  NA
1991,Annual,Channel Islands, NaN,  NA
1992,Annual,Channel Islands, NaN,  NA
1993,Annual,Channel Islands, NaN,  NA
1994,Annual,Channel Islands, NaN,  NA
1995,Annual,Channel Islands, NaN,  NA
1996,Annual,Channel Islands, NaN,  NA
1997,Annual,Channel Islands, NaN,  NA
1998,Annual,Channel Islands, NaN,  NA
1999,Annual,Channel Islands, NaN,  NA
2000,Annual,Channel Islands, NaN,  NA
2001,Annual,Channel Islands, NaN,  NA
2002,Annual,Channel Islands, NaN,  NA
2003,Annual,Channel Islands, NaN,  NA
2004,Annual,Channel Islands, NaN,  NA
2005,Annual,Channel Islands, NaN,  NA
2006,Annual,Channel Islands, NaN,  NA
2007,Annual,Channel Islands, NaN,  NA
2008,Annual,Channel Islands, NaN,  NA
2009,Annual,Channel Islands, NaN,  NA
2010,Annual,Channel Islands, NaN,  NA
2011,Annual,Channel Islands, NaN,  NA
2012,Annual,Channel Islands, NaN,  NA
2013,Annual,Channel Islands, NaN,  NA
2014,Annual,Channel Islands, NaN,  NA
2015,Annual,Channel Islands, NaN,  NA
2016,Annual,Channel Islands, NaN,  NA
2017,Annual,Channel Islands, NaN,  NA
2018,Annual,Channel Islands, NaN,  NA
2019,Annual,Channel Islands, NaN,  NA
2020,Annual,Channel Islands, NaN,  NA
2021,Annual,Channel Islands, NaN,  NA
1892,Annual,Isle of Man,0.444,8.000
1893,Annual,Isle of Man,0.398,9.000
1894,Annual,Isle of Man,0.453,10.667
1895,Annual,Isle of Man,0.374,10.667
1896,Annual,Isle of Man,0.372,8.000
1897,Annual,Isle of Man,0.442,8.000
1898,Annual,Isle of Man,0.423,11.333
1899,Annual,Isle of Man,0.407,13.333
1900,Annual,Isle of Man,0.453,12.000
1901,Annual,Isle of Man,0.395,12.000
1902,Annual,Isle of Man,0.442,7.000
1903,Annual,Isle of Man,0.483,13.667
1904,Annual,Isle of Man,0.429,9.000
1905,Annual,Isle of Man,0.399,11.000
1906,Annual,Isle of Man,0.452,10.000
1907,Annual,Isle of Man,0.462,10.333
1908,Annual,Isle of Man,0.433,8.000
1909,Annual,Isle of Man,0.399,8.000
1910,Annual,Isle of Man,0.462,16.000
1911,Annual,Isle of Man,0.366,12.667
1912,Annual,Isle of Man,0.490,11.000
1913,Annual,Isle of Man,0.481,10.000
1914,Annual,Isle of Man,0.406,14.000
1915,Annual,Isle of Man,0.418,11.000
1916,Annual,Isle of Man,0.505,17.667
1917,Annual,Isle of Man,0.444,13.000
1918,Annual,Isle of Man,0.479,11.333
1919,Annual,Isle of Man,0.473,10.000
1920,Annual,Isle of Man,0.521,10.000
1921,Annual,Isle of Man,0.392,10.667
1922,Annual,Isle of Man,0.483,10.667
1923,Annual,Isle of Man,0.533,11.000
1924,Annual,Isle of Man,0.523,15.000
1925,Annual,Isle of Man,0.519,13.000
1926,Annual,Isle of Man,0.454,10.000
1927,Annual,Isle of Man,0.489,11.000
1928,Annual,Isle of Man,0.504,13.000
1929,Annual,Isle of Man,0.426,12.333
1930,Annual,Isle of Man,0.508,11.000
1931,Annual,Isle of Man,0.490,10.000
1932,Annual,Isle of Man,0.420,9.667
1933,Annual,Isle of Man,0.412,11.000
1934,Annual,Isle of Man,0.421,10.000
1935,Annual,Isle of Man,0.479,15.000
1936,Annual,Isle of Man,0.482,12.000
1937,Annual,Isle of Man,0.416,6.667
1938,Annual,Isle of Man,0.441,9.333
1939,Annual,Isle of Man,0.440,9.000
1940,Annual,Isle of Man,0.400,10.667
1941,Annual,Isle of Man,0.402,11.000
1942,Annual,Isle of Man,0.391,10.000
1943,Annual,Isle of Man,0.488,10.000
1944,Annual,Isle of Man,0.444,12.667
1945,Annual,Isle of Man,0.384,9.000
1946,Annual,Isle of Man,0.431,11.000
1947,Annual,Isle of Man,0.459,16.000
1948,Annual,Isle of Man,0.423,12.000
1949,Annual,Isle of Man,0.407,10.667
1950,Annual,Isle of Man,0.507,8.333
1951,Annual,Isle of Man,0.432,11.000
1952,Annual,Isle of Man,0.402,11.000
1953,Annual,Isle of Man,0.406,9.333
1954,Annual,Isle of Man,0.477,11.000
1955,Annual,Isle of Man,0.370,7.667
1956,Annual,Isle of Man,0.421,8.333
1957,Annual,Isle of Man,0.440,10.333
1958,Annual,Isle of Man,0.484,8.000
1959,Annual,Isle of Man,0.406,12.000
1960,Annual,Isle of Man,0.488,14.333
1961,Annual,Isle of Man,0.440,15.333
1962,Annual,Isle of Man,0.408,8.000
1963,Annual,Isle of Man,0.447,9.000
1964,Annual,Isle of Man,0.361,9.000
1965,Annual,Isle of Man,0.433,16.667
1966,Annual,Isle of Man,0.500,10.667
1967,Annual,Isle of Man,0.521,10.667
1968,Annual,Isle of Man,0.423,9.000
1969,Annual,Isle of Man,0.423,10.667
1970,Annual,Isle of Man,0.461,14.000
1971,Annual,Isle of Man,0.397,7.000
1972,Annual,Isle of Man,0.414,15.667
1973,Annual,Isle of Man,0.408,7.333
1974,Annual,Isle of Man,0.443,12.667
1975,Annual,Isle of Man,0.390,9.000
1976,Annual,Isle of Man,0.401,8.667
1977,Annual,Isle of Man,0.437,11.333
1978,Annual,Isle of Man,0.444,10.333
1979,Annual,Isle of Man,0.438,7.000
1980,Annual,Isle of Man,0.477,14.333
1981,Annual,Isle of Man,0.475,12.000
1982,Annual,Isle of Man,0.455,9.667
1983,Annual,Isle of Man,0.422,10.333
1984,Annual,Isle of Man,0.422,16.000
1985,Annual,Isle of Man,0.465,9.000
1986,Annual,Isle of Man,0.431,11.000
1987,Annual,Isle of Man,0.444,11.000
1988,Annual,Isle of Man,0.467,11.333
1989,Annual,Isle of Man,0.399,10.333
1990,Annual,Isle of Man,0.441,9.667
1991,Annual,Isle of Man,0.436,11.333
1992,Annual,Isle of Man,0.464,9.333
1993,Annual,Isle of Man,0.417,8.000
1994,Annual,Isle of Man,0.481,7.667
1995,Annual,Isle of Man,0.428,9.333
1996,Annual,Isle of Man,0.408,8.333
1997,Annual,Isle of Man,0.384,9.000
1998,Annual,Isle of Man,0.500,10.333
1999,Annual,Isle of Man,0.460,9.000
2000,Annual,Isle of Man,0.523,16.667
2001,Annual,Isle of Man,0.452,9.000
2002,Annual,Isle of Man,0.496,13.000
2003,Annual,Isle of Man,0.376,7.000
2004,Annual,Isle of Man,0.454,11.667
2005,Annual,Isle of Man,0.419,11.667
2006,Annual,Isle of Man,0.444,11.333
2007,Annual,Isle of Man,0.427,12.000
2008,Annual,Isle of Man,0.454,12.000
2009,Annual,Isle of Man,0.455,12.333
2010,Annual,Isle of Man,0.423,8.333
2011,Annual,Isle of Man,0.465,14.667
2012,Annual,Isle of Man,0.516,11.000
2013,Annual,Isle of Man,0.412,7.667
2014,Annual,Isle of Man,0.496,15.333
2015,Annual,Isle of Man,0.436,11.333
2016,Annual,Isle of Man,0.486,20.000
2017,Annual,Isle of Man,0.459,12.000
2018,Annual,Isle of Man,0.431,10.000
2019,Annual,Isle of Man,0.457,13.333
2020,Annual,Isle of Man,0.482,15.667
2021,Annual,Isle of Man,0.417,13.000
1892,Annual,Northern Ireland,0.504,13.456
1893,Annual,Northern Ireland,0.458,13.000
1894,Annual,Northern Ireland,0.548,19.778
1895,Annual,Northern Ireland,0.485,13.878
1896,Annual,Northern Ireland,0.495,17.044
1897,Annual,Northern Ireland,0.538,14.433
1898,Annual,Northern Ireland,0.511,12.011
1899,Annual,Northern Ireland,0.484,16.211
1900,Annual,Northern Ireland,0.580,24.567
1901,Annual,Northern Ireland,0.535,19.944
1902,Annual,Northern Ireland,0.561,12.356
1903,Annual,Northern Ireland,0.640,25.589
1904,Annual,Northern Ireland,0.582,19.156
1905,Annual,Northern Ireland,0.551,14.856
1906,Annual,Northern Ireland,0.581,22.433
1907,Annual,Northern Ireland,0.595,19.900
1908,Annual,Northern Ireland,0.582,16.544
1909,Annual,Northern Ireland,0.537,14.400
1910,Annual,Northern Ireland,0.564,24.211
1911,Annual,Northern Ireland,0.487,19.067
1912,Annual,Northern Ireland,0.547,15.567
1913,Annual,Northern Ireland,0.550,19.678
1914,Annual,Northern Ireland,0.495,23.167
1915,Annual,Northern Ireland,0.495,14.967
1916,Annual,Northern Ireland,0.571,20.667
1917,Annual,Northern Ireland,0.531,19.378
1918,Annual,Northern Ireland,0.532,23.278
1919,Annual,Northern Ireland,0.478,16.344
1920,Annual,Northern Ireland,0.589,12.522
1921,Annual,Northern Ireland,0.488,15.711
1922,Annual,Northern Ireland,0.541,19.667
1923,Annual,Northern Ireland,0.620,15.056
1924,Annual,Northern Ireland,0.576,15.233
1925,Annual,Northern Ireland,0.521,13.011
1926,Annual,Northern Ireland,0.527,14.300
1927,Annual,Northern Ireland,0.532,14.478
1928,Annual,Northern Ireland,0.555,16.244
1929,Annual,Northern Ireland,0.469,18.622
1930,Annual,Northern Ireland,0.559,19.222
1931,Annual,Northern Ireland,0.552,12.511
1932,Annual,Northern Ireland,0.483,12.867
1933,Annual,Northern Ireland,0.438,13.533
1934,Annual,Northern Ireland,0.493,15.744
1935,Annual,Northern Ireland,0.543,15.433
1936,Annual,Northern Ireland,0.490,15.389
1937,Annual,Northern Ireland,0.502,13.544
1938,Annual,Northern Ireland,0.526,15.489
1939,Annual,Northern Ireland,0.510,17.978
1940,Annual,Northern Ireland,0.482,12.933
1941,Annual,Northern Ireland,0.468,12.978
1942,Annual,Northern Ireland,0.512,17.044
1943,Annual,Northern Ireland,0.594,13.956
1944,Annual,Northern Ireland,0.525,16.811
1945,Annual,Northern Ireland,0.469,15.022
1946,Annual,Northern Ireland,0.539,22.067
1947,Annual,Northern Ireland,0.507,14.522
1948,Annual,Northern Ireland,0.526,18.167
1949,Annual,Northern Ireland,0.514,15.644
1950,Annual,Northern Ireland,0.615,19.422
1951,Annual,Northern Ireland,0.518,12.544
1952,Annual,Northern Ireland,0.485,17.867
1953,Annual,Northern Ireland,0.465,17.978
1954,Annual,Northern Ireland,0.574,14.478
1955,Annual,Northern Ireland,0.456,11.933
1956,Annual,Northern Ireland,0.509,11.622
1957,Annual,Northern Ireland,0.503,16.100
1958,Annual,Northern Ireland,0.521,13.089
1959,Annual,Northern Ireland,0.444,10.489
1960,Annual,Northern Ireland,0.558,16.289
1961,Annual,Northern Ireland,0.515,14.944
1962,Annual,Northern Ireland,0.466,14.189
1963,Annual,Northern Ireland,0.506,13.178
1964,Annual,Northern Ireland,0.438,12.122
1965,Annual,Northern Ireland,0.511,17.300
1966,Annual,Northern Ireland,0.537,14.989
1967,Annual,Northern Ireland,0.575,14.644
1968,Annual,Northern Ireland,0.467,14.844
1969,Annual,Northern Ireland,0.459,9.800
1970,Annual,Northern Ireland,0.555,14.278
1971,Annual,Northern Ireland,0.422,9.489
1972,Annual,Northern Ireland,0.450,15.522
1973,Annual,Northern Ireland,0.454,10.333
1974,Annual,Northern Ireland,0.521,14.233
1975,Annual,Northern Ireland,0.465,17.567
1976,Annual,Northern Ireland,0.438,12.744
1977,Annual,Northern Ireland,0.489,20.211
1978,Annual,Northern Ireland,0.501,13.456
1979,Annual,Northern Ireland,0.556,12.500
1980,Annual,Northern Ireland,0.529,12.256
1981,Annual,Northern Ireland,0.552,17.889
1982,Annual,Northern Ireland,0.503,18.567
1983,Annual,Northern Ireland,0.465,15.944
1984,Annual,Northern Ireland,0.461,13.722
1985,Annual,Northern Ireland,0.512,13.778
1986,Annual,Northern Ireland,0.502,16.022
1987,Annual,Northern Ireland,0.472,10.056
1988,Annual,Northern Ireland,0.515,14.778
1989,Annual,Northern Ireland,0.482,13.978
1990,Annual,Northern Ireland,0.523,13.889
1991,Annual,Northern Ireland,0.463,17.244
1992,Annual,Northern Ireland,0.518,15.000
1993,Annual,Northern Ireland,0.457,20.044
1994,Annual,Northern Ireland,0.552,15.778
1995,Annual,Northern Ireland,0.505,12.800
1996,Annual,Northern Ireland,0.460,14.600
1997,Annual,Northern Ireland,0.425,11.944
1998,Annual,Northern Ireland,0.550,18.400
1999,Annual,Northern Ireland,0.538,15.867
2000,Annual,Northern Ireland,0.574,15.778
2001,Annual,Northern Ireland,0.480,12.600
2002,Annual,Northern Ireland,0.540,22.133
2003,Annual,Northern Ireland,0.453,12.478
2004,Annual,Northern Ireland,0.486,12.600
2005,Annual,Northern Ireland,0.492,14.144
2006,Annual,Northern Ireland,0.486,16.689
2007,Annual,Northern Ireland,0.504,15.567
2008,Annual,Northern Ireland,0.551,14.289
2009,Annual,Northern Ireland,0.539,14.156
2010,Annual,Northern Ireland,0.440,11.111
2011,Annual,Northern Ireland,0.501,16.644
2012,Annual,Northern Ireland,0.539,14.656
2013,Annual,Northern Ireland,0.485,13.333
2014,Annual,Northern Ireland,0.538,19.300
2015,Annual,Northern Ireland,0.518,15.511
2016,Annual,Northern Ireland,0.533,17.589
2017,Annual,Northern Ireland,0.507,12.800
2018,Annual,Northern Ireland,0.487,13.144
2019,Annual,Northern Ireland,0.510,17.289
2020,Annual,Northern Ireland,0.528,19.533
2021,Annual,Northern Ireland,0.458,11.400
1892,Annual,Wales,0.482,13.338
1893,Annual,Wales,0.423,15.965
1894,Annual,Wales,0.527,15.359
1895,Annual,Wales,0.431,13.739
1896,Annual,Wales,0.460,19.761
1897,Annual,Wales,0.487,13.296
1898,Annual,Wales,0.447,14.873
1899,Annual,Wales,0.446,16.803
1900,Annual,Wales,0.508,16.310
1901,Annual,Wales,0.456,13.268
1902,Annual,Wales,0.494,12.923
1903,Annual,Wales,0.559,18.634
1904,Annual,Wales,0.458,19.338
1905,Annual,Wales,0.481,14.655
1906,Annual,Wales,0.476,12.887
1907,Annual,Wales,0.546,15.824
1908,Annual,Wales,0.476,17.099
1909,Annual,Wales,0.479,14.866
1910,Annual,Wales,0.536,17.500
1911,Annual,Wales,0.421,16.908
1912,Annual,Wales,0.541,19.859
1913,Annual,Wales,0.531,14.613
1914,Annual,Wales,0.483,16.944
1915,Annual,Wales,0.468,14.366
1916,Annual,Wales,0.556,18.303
1917,Annual,Wales,0.485,14.993
1918,Annual,Wales,0.475,25.711
1919,Annual,Wales,0.463,14.648
1920,Annual,Wales,0.569,14.993
1921,Annual,Wales,0.408,17.204
1922,Annual,Wales,0.484,17.866
1923,Annual,Wales,0.570,20.176
1924,Annual,Wales,0.532,15.148
1925,Annual,Wales,0.508,19.134
1926,Annual,Wales,0.538,19.282
1927,Annual,Wales,0.556,18.979
1928,Annual,Wales,0.512,16.775
1929,Annual,Wales,0.415,23.577
1930,Annual,Wales,0.559,22.035
1931,Annual,Wales,0.546,12.718
1932,Annual,Wales,0.467,16.514
1933,Annual,Wales,0.410,11.070
1934,Annual,Wales,0.441,15.944
1935,Annual,Wales,0.537,18.472
1936,Annual,Wales,0.509,14.127
1937,Annual,Wales,0.479,15.894
1938,Annual,Wales,0.481,18.155
1939,Annual,Wales,0.507,13.268
1940,Annual,Wales,0.424,11.838
1941,Annual,Wales,0.433,12.261
1942,Annual,Wales,0.423,11.789
1943,Annual,Wales,0.522,13.423
1944,Annual,Wales,0.450,14.824
1945,Annual,Wales,0.442,13.979
1946,Annual,Wales,0.507,18.211
1947,Annual,Wales,0.480,15.930
1948,Annual,Wales,0.496,15.930
1949,Annual,Wales,0.415,14.831
1950,Annual,Wales,0.561,15.887
1951,Annual,Wales,0.530,16.225
1952,Annual,Wales,0.472,14.894
1953,Annual,Wales,0.430,12.514
1954,Annual,Wales,0.533,17.613
1955,Annual,Wales,0.409,10.746
1956,Annual,Wales,0.450,13.275
1957,Annual,Wales,0.471,19.676
1958,Annual,Wales,0.504,13.930
1959,Annual,Wales,0.424,13.585
1960,Annual,Wales,0.561,20.754
1961,Annual,Wales,0.475,16.113
1962,Annual,Wales,0.439,11.380
1963,Annual,Wales,0.500,18.718
1964,Annual,Wales,0.367,10.662
1965,Annual,Wales,0.464,17.106
1966,Annual,Wales,0.530,12.894
1967,Annual,Wales,0.532,18.387
1968,Annual,Wales,0.454,13.577
1969,Annual,Wales,0.437,13.754
1970,Annual,Wales,0.535,14.542
1971,Annual,Wales,0.401,13.754
1972,Annual,Wales,0.434,16.444
1973,Annual,Wales,0.415,9.063
1974,Annual,Wales,0.515,16.901
1975,Annual,Wales,0.442,14.211
1976,Annual,Wales,0.385,15.444
1977,Annual,Wales,0.491,18.380
1978,Annual,Wales,0.459,13.359
1979,Annual,Wales,0.494,11.507
1980,Annual,Wales,0.493,14.176
1981,Annual,Wales,0.500,16.254
1982,Annual,Wales,0.476,16.585
1983,Annual,Wales,0.470,15.345
1984,Annual,Wales,0.424,14.035
1985,Annual,Wales,0.466,15.901
1986,Annual,Wales,0.484,14.120
1987,Annual,Wales,0.479,15.127
1988,Annual,Wales,0.491,19.317
1989,Annual,Wales,0.403,15.951
1990,Annual,Wales,0.456,15.303
1991,Annual,Wales,0.440,20.408
1992,Annual,Wales,0.483,15.648
1993,Annual,Wales,0.433,15.845
1994,Annual,Wales,0.545,16.852
1995,Annual,Wales,0.451,18.239
1996,Annual,Wales,0.420,12.430
1997,Annual,Wales,0.406,10.880
1998,Annual,Wales,0.513,18.225
1999,Annual,Wales,0.502,17.070
2000,Annual,Wales,0.584,31.324
2001,Annual,Wales,0.494,12.577
2002,Annual,Wales,0.489,19.944
2003,Annual,Wales,0.416,12.296
2004,Annual,Wales,0.478,12.232
2005,Annual,Wales,0.445,17.549
2006,Annual,Wales,0.449,22.972
2007,Annual,Wales,0.476,15.141
2008,Annual,Wales,0.524,15.028
2009,Annual,Wales,0.476,16.754
2010,Annual,Wales,0.447,9.937
2011,Annual,Wales,0.436,11.944
2012,Annual,Wales,0.539,13.993
2013,Annual,Wales,0.454,17.542
2014,Annual,Wales,0.527,17.711
2015,Annual,Wales,0.493,24.380
2016,Annual,Wales,0.515,22.775
2017,Annual,Wales,0.494,14.239
2018,Annual,Wales,0.464,15.958
2019,Annual,Wales,0.499,16.782
2020,Annual,Wales,0.503,18.894
2021,Annual,Wales,0.472,16.634
1892,DJF,East Midlands,0.414,8.402
1893,DJF,East Midlands,0.398,6.299
1894,DJF,East Midlands,0.431,5.785
1895,DJF,East Midlands,0.380,9.720
1896,DJF,East Midlands,0.251,6.075
1897,DJF,East Midlands,0.466,7.121
1898,DJF,East Midlands,0.289,5.729
1899,DJF,East Midlands,0.408,6.636
1900,DJF,East Midlands,0.544,9.467
1901,DJF,East Midlands,0.371,8.458
1902,DJF,East Midlands,0.379,8.084
1903,DJF,East Midlands,0.322,6.570
1904,DJF,East Midlands,0.417,10.019
1905,DJF,East Midlands,0.282,5.925
1906,DJF,East Midlands,0.389,7.467
1907,DJF,East Midlands,0.339,4.804
1908,DJF,East Midlands,0.340,7.355
1909,DJF,East Midlands,0.274,5.065
1910,DJF,East Midlands,0.527,6.981
1911,DJF,East Midlands,0.371,6.252
1912,DJF,East Midlands,0.511,9.047
1913,DJF,East Midlands,0.353,6.290
1914,DJF,East Midlands,0.248,3.738
1915,DJF,East Midlands,0.564,8.234
1916,DJF,East Midlands,0.545,10.093
1917,DJF,East Midlands,0.355,8.112
1918,DJF,East Midlands,0.330,5.738
1919,DJF,East Midlands,0.469,6.897
1920,DJF,East Midlands,0.432,7.327
1921,DJF,East Midlands,0.331,6.019
1922,DJF,East Midlands,0.469,8.206
1923,DJF,East Midlands,0.459,8.542
1924,DJF,East Midlands,0.358,5.832
1925,DJF,East Midlands,0.383,7.533
1926,DJF,East Midlands,0.401,6.794
1927,DJF,East Midlands,0.323,7.841
1928,DJF,East Midlands,0.414,7.000
1929,DJF,East Midlands,0.274,5.168
1930,DJF,East Midlands,0.428,9.495
1931,DJF,East Midlands,0.445,6.280
1932,DJF,East Midlands,0.216,3.168
1933,DJF,East Midlands,0.294,4.981
1934,DJF,East Midlands,0.214,4.738
1935,DJF,East Midlands,0.445,6.551
1936,DJF,East Midlands,0.459,8.290
1937,DJF,East Midlands,0.517,7.383
1938,DJF,East Midlands,0.386,6.514
1939,DJF,East Midlands,0.479,8.738
1940,DJF,East Midlands,0.324,4.692
1941,DJF,East Midlands,0.453,6.075
1942,DJF,East Midlands,0.255,5.963
1943,DJF,East Midlands,0.404,6.000
1944,DJF,East Midlands,0.279,3.514
1945,DJF,East Midlands,0.355,6.458
1946,DJF,East Midlands,0.375,9.626
1947,DJF,East Midlands,0.425,5.589
1948,DJF,East Midlands,0.476,7.804
1949,DJF,East Midlands,0.254,4.084
1950,DJF,East Midlands,0.359,5.626
1951,DJF,East Midlands,0.462,8.682
1952,DJF,East Midlands,0.323,4.402
1953,DJF,East Midlands,0.307,5.981
1954,DJF,East Midlands,0.331,4.579
1955,DJF,East Midlands,0.354,5.355
1956,DJF,East Midlands,0.447,7.654
1957,DJF,East Midlands,0.415,6.299
1958,DJF,East Midlands,0.410,5.364
1959,DJF,East Midlands,0.278,5.850
1960,DJF,East Midlands,0.493,6.514
1961,DJF,East Midlands,0.421,6.963
1962,DJF,East Midlands,0.354,5.458
1963,DJF,East Midlands,0.228,3.907
1964,DJF,East Midlands,0.193,4.187
1965,DJF,East Midlands,0.361,7.542
1966,DJF,East Midlands,0.460,5.542
1967,DJF,East Midlands,0.383,6.065
1968,DJF,East Midlands,0.313,5.355
1969,DJF,East Midlands,0.373,5.813
1970,DJF,East Midlands,0.513,7.598
1971,DJF,East Midlands,0.324,5.757
1972,DJF,East Midlands,0.360,5.028
1973,DJF,East Midlands,0.281,5.364
1974,DJF,East Midlands,0.377,6.626
1975,DJF,East Midlands,0.337,6.467
1976,DJF,East Midlands,0.225,3.972
1977,DJF,East Midlands,0.498,8.869
1978,DJF,East Midlands,0.435,6.991
1979,DJF,East Midlands,0.480,9.028
1980,DJF,East Midlands,0.428,11.075
1981,DJF,East Midlands,0.301,5.262
1982,DJF,East Midlands,0.312,4.645
1983,DJF,East Midlands,0.335,5.832
1984,DJF,East Midlands,0.434,6.869
1985,DJF,East Midlands,0.305,4.645
1986,DJF,East Midlands,0.367,4.916
1987,DJF,East Midlands,0.337,5.411
1988,DJF,East Midlands,0.361,6.411
1989,DJF,East Midlands,0.269,3.421
1990,DJF,East Midlands,0.444,6.411
1991,DJF,East Midlands,0.348,8.178
1992,DJF,East Midlands,0.207,4.607
1993,DJF,East Midlands,0.263,3.748
1994,DJF,East Midlands,0.478,6.467
1995,DJF,East Midlands,0.451,6.159
1996,DJF,East Midlands,0.345,5.252
1997,DJF,East Midlands,0.281,4.626
1998,DJF,East Midlands,0.327,7.477
1999,DJF,East Midlands,0.465,7.243
2000,DJF,East Midlands,0.415,6.673
2001,DJF,East Midlands,0.392,6.150
2002,DJF,East Midlands,0.366,5.393
2003,DJF,East Midlands,0.376,5.673
2004,DJF,East Midlands,0.407,5.234
2005,DJF,East Midlands,0.284,5.551
2006,DJF,East Midlands,0.252,3.607
2007,DJF,East Midlands,0.474,7.477
2008,DJF,East Midlands,0.348,7.364
2009,DJF,East Midlands,0.310,4.542
2010,DJF,East Midlands,0.485,5.879
2011,DJF,East Midlands,0.331,4.748
2012,DJF,East Midlands,0.335,4.991
2013,DJF,East Midlands,0.350,6.916
2014,DJF,East Midlands,0.503,9.262
2015,DJF,East Midlands,0.330,4.402
2016,DJF,East Midlands,0.457,7.159
2017,DJF,East Midlands,0.315,4.953
2018,DJF,East Midlands,0.453,7.897
2019,DJF,East Midlands,0.330,6.523
2020,DJF,East Midlands,0.436,8.636
2021,DJF,East Midlands,0.489,6.710
1892,DJF,East of England,0.375,5.598
1893,DJF,East of England,0.402,4.826
1894,DJF,East of England,0.374,4.061
1895,DJF,East of England,0.287,4.561
1896,DJF,East of England,0.216,3.750
1897,DJF,East of England,0.426,7.644
1898,DJF,East of England,0.263,4.144
1899,DJF,East of England,0.347,5.447
1900,DJF,East of England,0.467,8.644
1901,DJF,East of England,0.291,8.015
1902,DJF,East of England,0.286,4.455
1903,DJF,East of England,0.262,5.333
1904,DJF,East of England,0.365,7.985
1905,DJF,East of England,0.270,4.371
1906,DJF,East of England,0.399,6.068
1907,DJF,East of England,0.330,4.742
1908,DJF,East of England,0.331,7.098
1909,DJF,East of England,0.260,5.159
1910,DJF,East of England,0.464,6.106
1911,DJF,East of England,0.380,5.364
1912,DJF,East of England,0.469,7.720
1913,DJF,East of England,0.365,6.356
1914,DJF,East of England,0.221,3.508
1915,DJF,East of England,0.575,7.023
1916,DJF,East of England,0.503,8.727
1917,DJF,East of England,0.338,8.091
1918,DJF,East of England,0.255,5.129
1919,DJF,East of England,0.465,6.652
1920,DJF,East of England,0.376,6.000
1921,DJF,East of England,0.335,5.235
1922,DJF,East of England,0.435,8.591
1923,DJF,East of England,0.411,7.053
1924,DJF,East of England,0.355,5.159
1925,DJF,East of England,0.333,5.788
1926,DJF,East of England,0.404,5.811
1927,DJF,East of England,0.301,8.962
1928,DJF,East of England,0.378,7.068
1929,DJF,East of England,0.299,6.030
1930,DJF,East of England,0.414,8.803
1931,DJF,East of England,0.440,7.136
1932,DJF,East of England,0.190,2.947
1933,DJF,East of England,0.263,4.114
1934,DJF,East of England,0.193,3.750
1935,DJF,East of England,0.458,5.477
1936,DJF,East of England,0.467,9.106
1937,DJF,East of England,0.502,7.712
1938,DJF,East of England,0.415,6.477
1939,DJF,East of England,0.411,8.470
1940,DJF,East of England,0.295,3.841
1941,DJF,East of England,0.406,4.591
1942,DJF,East of England,0.245,5.386
1943,DJF,East of England,0.414,6.417
1944,DJF,East of England,0.243,3.182
1945,DJF,East of England,0.324,5.159
1946,DJF,East of England,0.351,6.970
1947,DJF,East of England,0.387,5.053
1948,DJF,East of England,0.449,6.182
1949,DJF,East of England,0.237,4.386
1950,DJF,East of England,0.342,5.621
1951,DJF,East of England,0.434,7.356
1952,DJF,East of England,0.327,4.561
1953,DJF,East of England,0.315,7.144
1954,DJF,East of England,0.285,5.023
1955,DJF,East of England,0.322,5.470
1956,DJF,East of England,0.403,5.500
1957,DJF,East of England,0.367,5.682
1958,DJF,East of England,0.386,6.000
1959,DJF,East of England,0.283,6.598
1960,DJF,East of England,0.457,5.864
1961,DJF,East of England,0.454,6.606
1962,DJF,East of England,0.344,5.295
1963,DJF,East of England,0.241,3.894
1964,DJF,East of England,0.182,3.811
1965,DJF,East of England,0.338,5.447
1966,DJF,East of England,0.417,4.485
1967,DJF,East of England,0.384,5.205
1968,DJF,East of England,0.315,5.689
1969,DJF,East of England,0.355,4.727
1970,DJF,East of England,0.480,6.932
1971,DJF,East of England,0.317,6.765
1972,DJF,East of England,0.317,3.977
1973,DJF,East of England,0.232,4.780
1974,DJF,East of England,0.371,5.742
1975,DJF,East of England,0.319,6.697
1976,DJF,East of England,0.204,3.098
1977,DJF,East of England,0.452,6.955
1978,DJF,East of England,0.377,5.091
1979,DJF,East of England,0.463,7.235
1980,DJF,East of England,0.369,9.038
1981,DJF,East of England,0.315,4.871
1982,DJF,East of England,0.310,3.879
1983,DJF,East of England,0.285,5.030
1984,DJF,East of England,0.408,7.220
1985,DJF,East of England,0.307,6.212
1986,DJF,East of England,0.365,5.333
1987,DJF,East of England,0.272,4.197
1988,DJF,East of England,0.358,6.023
1989,DJF,East of England,0.252,3.189
1990,DJF,East of England,0.430,6.629
1991,DJF,East of England,0.313,5.439
1992,DJF,East of England,0.167,3.273
1993,DJF,East of England,0.276,4.371
1994,DJF,East of England,0.445,5.561
1995,DJF,East of England,0.491,7.432
1996,DJF,East of England,0.306,4.341
1997,DJF,East of England,0.244,3.856
1998,DJF,East of England,0.309,6.848
1999,DJF,East of England,0.410,5.735
2000,DJF,East of England,0.406,6.038
2001,DJF,East of England,0.393,6.909
2002,DJF,East of England,0.343,4.061
2003,DJF,East of England,0.382,5.674
2004,DJF,East of England,0.439,5.621
2005,DJF,East of England,0.280,6.492
2006,DJF,East of England,0.232,2.765
2007,DJF,East of England,0.435,7.652
2008,DJF,East of England,0.311,3.902
2009,DJF,East of England,0.310,5.061
2010,DJF,East of England,0.528,8.273
2011,DJF,East of England,0.305,4.538
2012,DJF,East of England,0.301,4.689
2013,DJF,East of England,0.381,8.432
2014,DJF,East of England,0.540,9.356
2015,DJF,East of England,0.328,3.492
2016,DJF,East of England,0.410,7.538
2017,DJF,East of England,0.251,4.795
2018,DJF,East of England,0.425,7.682
2019,DJF,East of England,0.304,5.568
2020,DJF,East of England,0.449,8.129
2021,DJF,East of England,0.468,6.606
1892,DJF,East Scotland,0.520,8.844
1893,DJF,East Scotland,0.489,8.491
1894,DJF,East Scotland,0.640,13.269
1895,DJF,East Scotland,0.439,9.162
1896,DJF,East Scotland,0.430,7.246
1897,DJF,East Scotland,0.509,8.970
1898,DJF,East Scotland,0.495,8.060
1899,DJF,East Scotland,0.567,13.102
1900,DJF,East Scotland,0.624,13.575
1901,DJF,East Scotland,0.592,11.874
1902,DJF,East Scotland,0.485,10.545
1903,DJF,East Scotland,0.590,15.120
1904,DJF,East Scotland,0.584,13.910
1905,DJF,East Scotland,0.476,10.000
1906,DJF,East Scotland,0.521,10.048
1907,DJF,East Scotland,0.429,6.263
1908,DJF,East Scotland,0.511,12.359
1909,DJF,East Scotland,0.420,8.784
1910,DJF,East Scotland,0.571,10.790
1911,DJF,East Scotland,0.505,12.156
1912,DJF,East Scotland,0.617,9.850
1913,DJF,East Scotland,0.538,13.240
1914,DJF,East Scotland,0.483,10.731
1915,DJF,East Scotland,0.600,10.048
1916,DJF,East Scotland,0.678,12.347
1917,DJF,East Scotland,0.437,7.988
1918,DJF,East Scotland,0.523,10.036
1919,DJF,East Scotland,0.508,7.150
1920,DJF,East Scotland,0.596,9.240
1921,DJF,East Scotland,0.488,11.629
1922,DJF,East Scotland,0.633,13.527
1923,DJF,East Scotland,0.603,11.958
1924,DJF,East Scotland,0.503,7.228
1925,DJF,East Scotland,0.581,12.048
1926,DJF,East Scotland,0.628,11.844
1927,DJF,East Scotland,0.450,8.946
1928,DJF,East Scotland,0.565,18.329
1929,DJF,East Scotland,0.421,6.808
1930,DJF,East Scotland,0.547,10.976
1931,DJF,East Scotland,0.541,8.269
1932,DJF,East Scotland,0.348,8.377
1933,DJF,East Scotland,0.483,10.269
1934,DJF,East Scotland,0.356,11.281
1935,DJF,East Scotland,0.571,10.419
1936,DJF,East Scotland,0.491,8.072
1937,DJF,East Scotland,0.648,14.204
1938,DJF,East Scotland,0.528,11.299
1939,DJF,East Scotland,0.629,13.246
1940,DJF,East Scotland,0.371,6.587
1941,DJF,East Scotland,0.537,9.257
1942,DJF,East Scotland,0.440,9.808
1943,DJF,East Scotland,0.566,10.497
1944,DJF,East Scotland,0.426,6.820
1945,DJF,East Scotland,0.559,10.449
1946,DJF,East Scotland,0.490,9.515
1947,DJF,East Scotland,0.505,6.892
1948,DJF,East Scotland,0.562,10.497
1949,DJF,East Scotland,0.495,7.898
1950,DJF,East Scotland,0.566,8.940
1951,DJF,East Scotland,0.549,7.269
1952,DJF,East Scotland,0.452,8.311
1953,DJF,East Scotland,0.413,8.814
1954,DJF,East Scotland,0.500,8.084
1955,DJF,East Scotland,0.538,10.024
1956,DJF,East Scotland,0.537,8.293
1957,DJF,East Scotland,0.564,10.551
1958,DJF,East Scotland,0.486,7.138
1959,DJF,East Scotland,0.392,8.329
1960,DJF,East Scotland,0.629,11.964
1961,DJF,East Scotland,0.517,9.090
1962,DJF,East Scotland,0.490,9.701
1963,DJF,East Scotland,0.416,8.754
1964,DJF,East Scotland,0.287,6.329
1965,DJF,East Scotland,0.439,9.275
1966,DJF,East Scotland,0.555,9.707
1967,DJF,East Scotland,0.556,12.928
1968,DJF,East Scotland,0.418,8.108
1969,DJF,East Scotland,0.501,7.796
1970,DJF,East Scotland,0.504,10.138
1971,DJF,East Scotland,0.412,9.695
1972,DJF,East Scotland,0.539,11.533
1973,DJF,East Scotland,0.368,5.766
1974,DJF,East Scotland,0.556,11.749
1975,DJF,East Scotland,0.542,11.497
1976,DJF,East Scotland,0.374,8.198
1977,DJF,East Scotland,0.491,6.383
1978,DJF,East Scotland,0.481,8.377
1979,DJF,East Scotland,0.449,10.479
1980,DJF,East Scotland,0.502,8.683
1981,DJF,East Scotland,0.482,8.479
1982,DJF,East Scotland,0.422,7.407
1983,DJF,East Scotland,0.478,11.257
1984,DJF,East Scotland,0.572,10.958
1985,DJF,East Scotland,0.400,8.359
1986,DJF,East Scotland,0.553,9.006
1987,DJF,East Scotland,0.459,7.150
1988,DJF,East Scotland,0.510,10.539
1989,DJF,East Scotland,0.442,7.060
1990,DJF,East Scotland,0.569,17.102
1991,DJF,East Scotland,0.444,11.832
1992,DJF,East Scotland,0.339,7.743
1993,DJF,East Scotland,0.434,15.641
1994,DJF,East Scotland,0.581,12.928
1995,DJF,East Scotland,0.599,8.796
1996,DJF,East Scotland,0.465,7.904
1997,DJF,East Scotland,0.394,8.449
1998,DJF,East Scotland,0.515,8.593
1999,DJF,East Scotland,0.532,9.078
2000,DJF,East Scotland,0.572,12.006
2001,DJF,East Scotland,0.458,6.790
2002,DJF,East Scotland,0.556,14.701
2003,DJF,East Scotland,0.440,8.395
2004,DJF,East Scotland,0.502,9.695
2005,DJF,East Scotland,0.489,11.796
2006,DJF,East Scotland,0.395,6.180
2007,DJF,East Scotland,0.563,14.533
2008,DJF,East Scotland,0.519,9.563
2009,DJF,East Scotland,0.438,8.096
2010,DJF,East Scotland,0.520,8.323
2011,DJF,East Scotland,0.468,8.940
2012,DJF,East Scotland,0.467,10.569
2013,DJF,East Scotland,0.523,11.275
2014,DJF,East Scotland,0.707,15.395
2015,DJF,East Scotland,0.476,9.826
2016,DJF,East Scotland,0.682,15.725
2017,DJF,East Scotland,0.440,8.275
2018,DJF,East Scotland,0.479,8.509
2019,DJF,East Scotland,0.335,5.234
2020,DJF,East Scotland,0.567,11.754
2021,DJF,East Scotland,0.611,10.539
1892,DJF,London,0.380,6.417
1893,DJF,London,0.406,5.833
1894,DJF,London,0.457,5.417
1895,DJF,London,0.249,3.333
1896,DJF,London,0.212,3.500
1897,DJF,London,0.406,7.333
1898,DJF,London,0.284,5.833
1899,DJF,London,0.370,7.333
1900,DJF,London,0.429,8.000
1901,DJF,London,0.307,6.667
1902,DJF,London,0.284,5.417
1903,DJF,London,0.308,8.750
1904,DJF,London,0.429,10.417
1905,DJF,London,0.224,3.750
1906,DJF,London,0.383,5.667
1907,DJF,London,0.263,4.167
1908,DJF,London,0.284,6.500
1909,DJF,London,0.274,4.000
1910,DJF,London,0.473,6.250
1911,DJF,London,0.362,8.667
1912,DJF,London,0.484,8.500
1913,DJF,London,0.362,6.417
1914,DJF,London,0.242,4.417
1915,DJF,London,0.544,6.000
1916,DJF,London,0.505,8.000
1917,DJF,London,0.300,5.667
1918,DJF,London,0.255,5.833
1919,DJF,London,0.482,7.583
1920,DJF,London,0.326,5.417
1921,DJF,London,0.313,5.250
1922,DJF,London,0.417,11.000
1923,DJF,London,0.439,8.250
1924,DJF,London,0.321,4.250
1925,DJF,London,0.414,6.833
1926,DJF,London,0.454,8.250
1927,DJF,London,0.325,8.833
1928,DJF,London,0.411,7.167
1929,DJF,London,0.259,7.333
1930,DJF,London,0.444,11.083
1931,DJF,London,0.398,6.667
1932,DJF,London,0.182,5.333
1933,DJF,London,0.268,3.417
1934,DJF,London,0.190,5.167
1935,DJF,London,0.473,5.333
1936,DJF,London,0.499,10.083
1937,DJF,London,0.533,7.250
1938,DJF,London,0.373,7.417
1939,DJF,London,0.449,12.167
1940,DJF,London,0.280,4.500
1941,DJF,London,0.339,4.417
1942,DJF,London,0.210,5.167
1943,DJF,London,0.465,9.417
1944,DJF,London,0.224,3.000
1945,DJF,London,0.305,4.917
1946,DJF,London,0.394,8.250
1947,DJF,London,0.345,4.083
1948,DJF,London,0.429,6.417
1949,DJF,London,0.266,5.917
1950,DJF,London,0.297,7.750
1951,DJF,London,0.488,7.000
1952,DJF,London,0.313,3.583
1953,DJF,London,0.269,6.917
1954,DJF,London,0.244,7.917
1955,DJF,London,0.295,4.750
1956,DJF,London,0.314,4.833
1957,DJF,London,0.412,6.917
1958,DJF,London,0.351,5.000
1959,DJF,London,0.267,6.167
1960,DJF,London,0.475,4.667
1961,DJF,London,0.407,6.000
1962,DJF,London,0.343,6.167
1963,DJF,London,0.228,3.417
1964,DJF,London,0.157,2.750
1965,DJF,London,0.301,7.583
1966,DJF,London,0.472,8.667
1967,DJF,London,0.396,5.000
1968,DJF,London,0.320,5.750
1969,DJF,London,0.326,5.167
1970,DJF,London,0.477,7.750
1971,DJF,London,0.335,9.250
1972,DJF,London,0.342,4.917
1973,DJF,London,0.239,7.167
1974,DJF,London,0.393,7.750
1975,DJF,London,0.350,6.667
1976,DJF,London,0.173,2.917
1977,DJF,London,0.458,6.333
1978,DJF,London,0.356,5.750
1979,DJF,London,0.428,8.333
1980,DJF,London,0.327,7.500
1981,DJF,London,0.235,3.250
1982,DJF,London,0.336,4.167
1983,DJF,London,0.302,3.833
1984,DJF,London,0.407,8.333
1985,DJF,London,0.331,6.833
1986,DJF,London,0.394,6.583
1987,DJF,London,0.256,4.000
1988,DJF,London,0.357,5.000
1989,DJF,London,0.221,4.083
1990,DJF,London,0.458,10.417
1991,DJF,London,0.356,9.333
1992,DJF,London,0.173,4.000
1993,DJF,London,0.261,3.833
1994,DJF,London,0.476,5.583
1995,DJF,London,0.552,9.000
1996,DJF,London,0.293,4.333
1997,DJF,London,0.225,3.250
1998,DJF,London,0.294,8.417
1999,DJF,London,0.401,5.000
2000,DJF,London,0.423,6.500
2001,DJF,London,0.455,8.917
2002,DJF,London,0.335,3.583
2003,DJF,London,0.373,6.250
2004,DJF,London,0.415,5.417
2005,DJF,London,0.242,4.083
2006,DJF,London,0.236,3.167
2007,DJF,London,0.450,7.750
2008,DJF,London,0.307,5.000
2009,DJF,London,0.291,5.083
2010,DJF,London,0.482,8.667
2011,DJF,London,0.331,4.833
2012,DJF,London,0.267,4.000
2013,DJF,London,0.386,9.833
2014,DJF,London,0.631,10.167
2015,DJF,London,0.320,3.583
2016,DJF,London,0.418,10.417
2017,DJF,London,0.269,4.667
2018,DJF,London,0.406,7.750
2019,DJF,London,0.330,6.500
2020,DJF,London,0.481,10.000
2021,DJF,London,0.481,7.500
1892,DJF,North East England,0.450,7.258
1893,DJF,North East England,0.413,6.887
1894,DJF,North East England,0.535,6.984
1895,DJF,North East England,0.444,7.145
1896,DJF,North East England,0.331,5.742
1897,DJF,North East England,0.539,7.403
1898,DJF,North East England,0.414,6.081
1899,DJF,North East England,0.467,7.887
1900,DJF,North East England,0.643,10.065
1901,DJF,North East England,0.518,9.177
1902,DJF,North East England,0.435,7.468
1903,DJF,North East England,0.470,8.774
1904,DJF,North East England,0.515,10.371
1905,DJF,North East England,0.326,7.226
1906,DJF,North East England,0.365,5.774
1907,DJF,North East England,0.320,6.516
1908,DJF,North East England,0.393,12.565
1909,DJF,North East England,0.337,6.645
1910,DJF,North East England,0.539,8.484
1911,DJF,North East England,0.393,8.081
1912,DJF,North East England,0.609,9.194
1913,DJF,North East England,0.459,8.694
1914,DJF,North East England,0.420,7.129
1915,DJF,North East England,0.641,9.919
1916,DJF,North East England,0.604,14.887
1917,DJF,North East England,0.448,11.032
1918,DJF,North East England,0.453,7.919
1919,DJF,North East England,0.520,9.274
1920,DJF,North East England,0.520,8.048
1921,DJF,North East England,0.424,7.968
1922,DJF,North East England,0.530,8.839
1923,DJF,North East England,0.546,11.952
1924,DJF,North East England,0.415,6.048
1925,DJF,North East England,0.504,12.290
1926,DJF,North East England,0.571,8.677
1927,DJF,North East England,0.331,7.581
1928,DJF,North East England,0.521,10.726
1929,DJF,North East England,0.392,4.581
1930,DJF,North East England,0.539,11.839
1931,DJF,North East England,0.476,7.016
1932,DJF,North East England,0.289,5.806
1933,DJF,North East England,0.427,6.726
1934,DJF,North East England,0.304,5.113
1935,DJF,North East England,0.531,8.081
1936,DJF,North East England,0.481,7.710
1937,DJF,North East England,0.491,8.548
1938,DJF,North East England,0.531,9.919
1939,DJF,North East England,0.584,8.984
1940,DJF,North East England,0.356,5.000
1941,DJF,North East England,0.542,8.613
1942,DJF,North East England,0.368,8.823
1943,DJF,North East England,0.496,7.290
1944,DJF,North East England,0.380,6.968
1945,DJF,North East England,0.507,9.226
1946,DJF,North East England,0.360,7.484
1947,DJF,North East England,0.532,6.839
1948,DJF,North East England,0.550,8.935
1949,DJF,North East England,0.358,5.403
1950,DJF,North East England,0.496,7.597
1951,DJF,North East England,0.486,6.952
1952,DJF,North East England,0.413,6.903
1953,DJF,North East England,0.408,8.984
1954,DJF,North East England,0.439,6.581
1955,DJF,North East England,0.471,8.565
1956,DJF,North East England,0.586,7.919
1957,DJF,North East England,0.513,8.435
1958,DJF,North East England,0.444,8.097
1959,DJF,North East England,0.376,9.645
1960,DJF,North East England,0.610,8.968
1961,DJF,North East England,0.500,10.694
1962,DJF,North East England,0.432,7.403
1963,DJF,North East England,0.468,6.968
1964,DJF,North East England,0.238,5.403
1965,DJF,North East England,0.427,7.081
1966,DJF,North East England,0.542,7.581
1967,DJF,North East England,0.419,7.565
1968,DJF,North East England,0.356,5.694
1969,DJF,North East England,0.451,8.161
1970,DJF,North East England,0.484,9.694
1971,DJF,North East England,0.384,9.290
1972,DJF,North East England,0.491,8.323
1973,DJF,North East England,0.282,4.952
1974,DJF,North East England,0.479,8.387
1975,DJF,North East England,0.448,10.306
1976,DJF,North East England,0.312,5.258
1977,DJF,North East England,0.491,6.161
1978,DJF,North East England,0.495,8.694
1979,DJF,North East England,0.435,9.790
1980,DJF,North East England,0.506,11.242
1981,DJF,North East England,0.373,5.339
1982,DJF,North East England,0.338,5.194
1983,DJF,North East England,0.427,6.887
1984,DJF,North East England,0.518,9.597
1985,DJF,North East England,0.401,6.871
1986,DJF,North East England,0.521,8.677
1987,DJF,North East England,0.412,6.532
1988,DJF,North East England,0.441,8.468
1989,DJF,North East England,0.297,4.161
1990,DJF,North East England,0.514,10.516
1991,DJF,North East England,0.477,15.887
1992,DJF,North East England,0.253,6.984
1993,DJF,North East England,0.362,8.758
1994,DJF,North East England,0.515,7.032
1995,DJF,North East England,0.534,8.129
1996,DJF,North East England,0.432,6.129
1997,DJF,North East England,0.398,6.710
1998,DJF,North East England,0.438,8.790
1999,DJF,North East England,0.415,10.048
2000,DJF,North East England,0.512,8.355
2001,DJF,North East England,0.420,6.935
2002,DJF,North East England,0.530,10.710
2003,DJF,North East England,0.455,7.145
2004,DJF,North East England,0.476,8.645
2005,DJF,North East England,0.411,8.661
2006,DJF,North East England,0.363,5.774
2007,DJF,North East England,0.531,9.919
2008,DJF,North East England,0.474,9.129
2009,DJF,North East England,0.367,6.903
2010,DJF,North East England,0.600,8.355
2011,DJF,North East England,0.426,7.371
2012,DJF,North East England,0.404,8.613
2013,DJF,North East England,0.496,8.532
2014,DJF,North East England,0.644,8.984
2015,DJF,North East England,0.425,7.387
2016,DJF,North East England,0.621,13.758
2017,DJF,North East England,0.376,6.242
2018,DJF,North East England,0.425,6.145
2019,DJF,North East England,0.279,4.565
2020,DJF,North East England,0.450,9.855
2021,DJF,North East England,0.625,11.242
1892,DJF,North Scotland,0.740,20.888
1893,DJF,North Scotland,0.657,18.940
1894,DJF,North Scotland,0.822,31.358
1895,DJF,North Scotland,0.570,17.693
1896,DJF,North Scotland,0.586,14.107
1897,DJF,North Scotland,0.594,15.995
1898,DJF,North Scotland,0.761,19.605
1899,DJF,North Scotland,0.689,14.870
1900,DJF,North Scotland,0.712,24.474
1901,DJF,North Scotland,0.688,24.893
1902,DJF,North Scotland,0.692,20.135
1903,DJF,North Scotland,0.703,21.140
1904,DJF,North Scotland,0.599,14.553
1905,DJF,North Scotland,0.700,18.265
1906,DJF,North Scotland,0.701,19.000
1907,DJF,North Scotland,0.707,12.047
1908,DJF,North Scotland,0.712,19.563
1909,DJF,North Scotland,0.622,15.340
1910,DJF,North Scotland,0.697,15.688
1911,DJF,North Scotland,0.659,22.688
1912,DJF,North Scotland,0.648,13.805
1913,DJF,North Scotland,0.593,17.819
1914,DJF,North Scotland,0.649,17.860
1915,DJF,North Scotland,0.696,15.716
1916,DJF,North Scotland,0.797,21.860
1917,DJF,North Scotland,0.543,20.028
1918,DJF,North Scotland,0.706,13.795
1919,DJF,North Scotland,0.633,10.540
1920,DJF,North Scotland,0.769,19.730
1921,DJF,North Scotland,0.584,20.265
1922,DJF,North Scotland,0.748,25.879
1923,DJF,North Scotland,0.726,21.730
1924,DJF,North Scotland,0.681,16.837
1925,DJF,North Scotland,0.720,18.391
1926,DJF,North Scotland,0.704,19.651
1927,DJF,North Scotland,0.670,15.135
1928,DJF,North Scotland,0.602,32.940
1929,DJF,North Scotland,0.493,9.800
1930,DJF,North Scotland,0.629,17.465
1931,DJF,North Scotland,0.775,21.260
1932,DJF,North Scotland,0.566,20.367
1933,DJF,North Scotland,0.600,12.465
1934,DJF,North Scotland,0.505,16.926
1935,DJF,North Scotland,0.651,12.740
1936,DJF,North Scotland,0.617,12.340
1937,DJF,North Scotland,0.774,14.009
1938,DJF,North Scotland,0.606,21.256
1939,DJF,North Scotland,0.663,14.395
1940,DJF,North Scotland,0.437,6.735
1941,DJF,North Scotland,0.582,9.860
1942,DJF,North Scotland,0.606,11.395
1943,DJF,North Scotland,0.733,20.963
1944,DJF,North Scotland,0.615,17.423
1945,DJF,North Scotland,0.746,14.702
1946,DJF,North Scotland,0.670,15.772
1947,DJF,North Scotland,0.428,7.823
1948,DJF,North Scotland,0.604,14.902
1949,DJF,North Scotland,0.688,15.223
1950,DJF,North Scotland,0.670,13.814
1951,DJF,North Scotland,0.671,12.009
1952,DJF,North Scotland,0.726,17.912
1953,DJF,North Scotland,0.671,17.456
1954,DJF,North Scotland,0.608,11.637
1955,DJF,North Scotland,0.672,14.730
1956,DJF,North Scotland,0.685,14.451
1957,DJF,North Scotland,0.701,16.014
1958,DJF,North Scotland,0.710,14.047
1959,DJF,North Scotland,0.566,16.316
1960,DJF,North Scotland,0.651,12.451
1961,DJF,North Scotland,0.587,11.847
1962,DJF,North Scotland,0.666,19.688
1963,DJF,North Scotland,0.388,14.740
1964,DJF,North Scotland,0.391,12.763
1965,DJF,North Scotland,0.621,17.433
1966,DJF,North Scotland,0.529,12.651
1967,DJF,North Scotland,0.730,19.372
1968,DJF,North Scotland,0.676,15.498
1969,DJF,North Scotland,0.562,13.000
1970,DJF,North Scotland,0.584,11.251
1971,DJF,North Scotland,0.577,11.060
1972,DJF,North Scotland,0.540,15.507
1973,DJF,North Scotland,0.576,12.819
1974,DJF,North Scotland,0.729,15.967
1975,DJF,North Scotland,0.686,13.316
1976,DJF,North Scotland,0.648,16.753
1977,DJF,North Scotland,0.560,8.879
1978,DJF,North Scotland,0.555,11.349
1979,DJF,North Scotland,0.500,15.623
1980,DJF,North Scotland,0.586,8.363
1981,DJF,North Scotland,0.718,21.358
1982,DJF,North Scotland,0.491,10.456
1983,DJF,North Scotland,0.682,23.721
1984,DJF,North Scotland,0.685,20.926
1985,DJF,North Scotland,0.465,9.870
1986,DJF,North Scotland,0.559,14.833
1987,DJF,North Scotland,0.583,10.795
1988,DJF,North Scotland,0.676,22.805
1989,DJF,North Scotland,0.775,17.084
1990,DJF,North Scotland,0.684,43.126
1991,DJF,North Scotland,0.527,17.265
1992,DJF,North Scotland,0.524,15.619
1993,DJF,North Scotland,0.676,24.228
1994,DJF,North Scotland,0.691,22.549
1995,DJF,North Scotland,0.820,19.353
1996,DJF,North Scotland,0.439,9.237
1997,DJF,North Scotland,0.546,17.544
1998,DJF,North Scotland,0.704,16.237
1999,DJF,North Scotland,0.782,18.642
2000,DJF,North Scotland,0.800,22.340
2001,DJF,North Scotland,0.540,8.865
2002,DJF,North Scotland,0.702,22.870
2003,DJF,North Scotland,0.446,15.116
2004,DJF,North Scotland,0.672,13.088
2005,DJF,North Scotland,0.758,23.233
2006,DJF,North Scotland,0.473,10.279
2007,DJF,North Scotland,0.724,22.298
2008,DJF,North Scotland,0.645,18.400
2009,DJF,North Scotland,0.629,17.158
2010,DJF,North Scotland,0.536,9.307
2011,DJF,North Scotland,0.577,10.465
2012,DJF,North Scotland,0.720,20.963
2013,DJF,North Scotland,0.572,12.619
2014,DJF,North Scotland,0.780,21.656
2015,DJF,North Scotland,0.750,20.516
2016,DJF,North Scotland,0.738,18.223
2017,DJF,North Scotland,0.578,10.916
2018,DJF,North Scotland,0.681,13.474
2019,DJF,North Scotland,0.592,12.521
2020,DJF,North Scotland,0.767,21.586
2021,DJF,North Scotland,0.628,12.000
1892,DJF,North West England,0.572,10.552
1893,DJF,North West England,0.506,11.167
1894,DJF,North West England,0.650,13.344
1895,DJF,North West England,0.421,9.333
1896,DJF,North West England,0.387,9.792
1897,DJF,North West England,0.529,8.719
1898,DJF,North West England,0.556,12.615
1899,DJF,North West England,0.557,10.406
1900,DJF,North West England,0.573,8.802
1901,DJF,North West England,0.525,10.750
1902,DJF,North West England,0.500,9.604
1903,DJF,North West England,0.530,10.448
1904,DJF,North West England,0.539,10.531
1905,DJF,North West England,0.493,8.073
1906,DJF,North West England,0.508,10.542
1907,DJF,North West England,0.476,8.521
1908,DJF,North West England,0.499,9.635
1909,DJF,North West England,0.440,8.167
1910,DJF,North West England,0.704,16.177
1911,DJF,North West England,0.515,11.771
1912,DJF,North West England,0.601,11.312
1913,DJF,North West England,0.544,12.198
1914,DJF,North West England,0.477,8.479
1915,DJF,North West England,0.637,10.625
1916,DJF,North West England,0.668,11.031
1917,DJF,North West England,0.401,8.417
1918,DJF,North West England,0.511,9.323
1919,DJF,North West England,0.554,11.802
1920,DJF,North West England,0.654,12.885
1921,DJF,North West England,0.471,10.812
1922,DJF,North West England,0.659,13.125
1923,DJF,North West England,0.668,16.667
1924,DJF,North West England,0.514,8.542
1925,DJF,North West England,0.619,15.812
1926,DJF,North West England,0.578,11.573
1927,DJF,North West England,0.497,10.188
1928,DJF,North West England,0.524,13.531
1929,DJF,North West England,0.359,6.104
1930,DJF,North West England,0.548,18.875
1931,DJF,North West England,0.642,9.948
1932,DJF,North West England,0.319,7.969
1933,DJF,North West England,0.458,8.406
1934,DJF,North West England,0.282,6.990
1935,DJF,North West England,0.553,9.073
1936,DJF,North West England,0.525,8.208
1937,DJF,North West England,0.615,10.271
1938,DJF,North West England,0.482,10.208
1939,DJF,North West England,0.617,13.010
1940,DJF,North West England,0.310,4.906
1941,DJF,North West England,0.482,7.417
1942,DJF,North West England,0.399,6.896
1943,DJF,North West England,0.610,11.698
1944,DJF,North West England,0.461,7.406
1945,DJF,North West England,0.523,9.917
1946,DJF,North West England,0.536,15.833
1947,DJF,North West England,0.424,9.490
1948,DJF,North West England,0.543,14.698
1949,DJF,North West England,0.497,8.917
1950,DJF,North West England,0.530,9.292
1951,DJF,North West England,0.563,9.958
1952,DJF,North West England,0.511,7.969
1953,DJF,North West England,0.435,10.531
1954,DJF,North West England,0.451,6.990
1955,DJF,North West England,0.497,7.042
1956,DJF,North West England,0.485,8.656
1957,DJF,North West England,0.611,12.844
1958,DJF,North West England,0.560,6.958
1959,DJF,North West England,0.382,7.260
1960,DJF,North West England,0.600,11.906
1961,DJF,North West England,0.545,12.479
1962,DJF,North West England,0.493,9.229
1963,DJF,North West England,0.257,5.042
1964,DJF,North West England,0.215,6.333
1965,DJF,North West England,0.397,9.646
1966,DJF,North West England,0.508,9.250
1967,DJF,North West England,0.569,10.260
1968,DJF,North West England,0.414,8.365
1969,DJF,North West England,0.437,7.667
1970,DJF,North West England,0.520,8.490
1971,DJF,North West England,0.376,6.281
1972,DJF,North West England,0.398,7.531
1973,DJF,North West England,0.449,6.906
1974,DJF,North West England,0.577,12.052
1975,DJF,North West England,0.595,11.240
1976,DJF,North West England,0.398,9.573
1977,DJF,North West England,0.536,8.208
1978,DJF,North West England,0.519,7.823
1979,DJF,North West England,0.417,6.885
1980,DJF,North West England,0.563,12.771
1981,DJF,North West England,0.527,9.990
1982,DJF,North West England,0.409,7.552
1983,DJF,North West England,0.531,12.740
1984,DJF,North West England,0.598,12.010
1985,DJF,North West England,0.385,7.365
1986,DJF,North West England,0.457,9.000
1987,DJF,North West England,0.434,9.135
1988,DJF,North West England,0.515,13.344
1989,DJF,North West England,0.470,7.531
1990,DJF,North West England,0.635,14.781
1991,DJF,North West England,0.429,15.062
1992,DJF,North West England,0.325,6.719
1993,DJF,North West England,0.412,9.062
1994,DJF,North West England,0.603,12.104
1995,DJF,North West England,0.695,10.896
1996,DJF,North West England,0.342,6.542
1997,DJF,North West England,0.353,5.958
1998,DJF,North West England,0.495,10.094
1999,DJF,North West England,0.586,8.635
2000,DJF,North West England,0.645,11.615
2001,DJF,North West England,0.475,8.271
2002,DJF,North West England,0.581,14.031
2003,DJF,North West England,0.436,8.719
2004,DJF,North West England,0.480,8.573
2005,DJF,North West England,0.445,8.812
2006,DJF,North West England,0.356,5.510
2007,DJF,North West England,0.573,10.198
2008,DJF,North West England,0.551,12.323
2009,DJF,North West England,0.412,10.125
2010,DJF,North West England,0.473,7.896
2011,DJF,North West England,0.442,9.396
2012,DJF,North West England,0.577,11.229
2013,DJF,North West England,0.461,9.052
2014,DJF,North West England,0.732,12.271
2015,DJF,North West England,0.568,13.531
2016,DJF,North West England,0.689,13.979
2017,DJF,North West England,0.448,9.812
2018,DJF,North West England,0.578,9.312
2019,DJF,North West England,0.446,9.375
2020,DJF,North West England,0.613,13.250
2021,DJF,North West England,0.591,12.240
1892,DJF,South East England,0.405,9.457
1893,DJF,South East England,0.439,7.000
1894,DJF,South East England,0.456,6.953
1895,DJF,South East England,0.309,6.070
1896,DJF,South East England,0.251,3.837
1897,DJF,South East England,0.455,7.977
1898,DJF,South East England,0.315,6.713
1899,DJF,South East England,0.405,8.240
1900,DJF,South East England,0.509,12.581
1901,DJF,South East England,0.356,7.302
1902,DJF,South East England,0.324,5.977
1903,DJF,South East England,0.343,9.186
1904,DJF,South East England,0.468,11.922
1905,DJF,South East England,0.239,5.969
1906,DJF,South East England,0.443,6.899
1907,DJF,South East England,0.286,4.760
1908,DJF,South East England,0.298,7.194
1909,DJF,South East England,0.309,5.450
1910,DJF,South East England,0.558,7.171
1911,DJF,South East England,0.378,8.938
1912,DJF,South East England,0.565,12.078
1913,DJF,South East England,0.431,6.891
1914,DJF,South East England,0.310,7.341
1915,DJF,South East England,0.599,7.318
1916,DJF,South East England,0.544,8.171
1917,DJF,South East England,0.328,6.233
1918,DJF,South East England,0.325,8.977
1919,DJF,South East England,0.527,8.527
1920,DJF,South East England,0.420,7.690
1921,DJF,South East England,0.353,6.155
1922,DJF,South East England,0.476,10.364
1923,DJF,South East England,0.471,10.984
1924,DJF,South East England,0.368,6.388
1925,DJF,South East England,0.458,8.302
1926,DJF,South East England,0.484,11.426
1927,DJF,South East England,0.353,10.752
1928,DJF,South East England,0.414,7.008
1929,DJF,South East England,0.284,6.775
1930,DJF,South East England,0.501,10.171
1931,DJF,South East England,0.474,7.527
1932,DJF,South East England,0.199,5.442
1933,DJF,South East England,0.298,4.721
1934,DJF,South East England,0.209,4.279
1935,DJF,South East England,0.505,9.713
1936,DJF,South East England,0.520,9.783
1937,DJF,South East England,0.580,9.496
1938,DJF,South East England,0.426,8.481
1939,DJF,South East England,0.487,10.171
1940,DJF,South East England,0.326,5.256
1941,DJF,South East England,0.408,6.752
1942,DJF,South East England,0.250,5.411
1943,DJF,South East England,0.475,10.341
1944,DJF,South East England,0.247,3.698
1945,DJF,South East England,0.342,6.388
1946,DJF,South East England,0.412,8.969
1947,DJF,South East England,0.399,6.496
1948,DJF,South East England,0.448,8.922
1949,DJF,South East England,0.305,7.636
1950,DJF,South East England,0.343,8.062
1951,DJF,South East England,0.509,9.256
1952,DJF,South East England,0.344,4.884
1953,DJF,South East England,0.300,6.419
1954,DJF,South East England,0.304,7.566
1955,DJF,South East England,0.352,5.078
1956,DJF,South East England,0.394,6.659
1957,DJF,South East England,0.492,8.581
1958,DJF,South East England,0.397,6.124
1959,DJF,South East England,0.306,7.287
1960,DJF,South East England,0.557,7.465
1961,DJF,South East England,0.471,7.000
1962,DJF,South East England,0.360,6.279
1963,DJF,South East England,0.221,3.349
1964,DJF,South East England,0.189,3.333
1965,DJF,South East England,0.334,7.101
1966,DJF,South East England,0.476,7.326
1967,DJF,South East England,0.431,8.062
1968,DJF,South East England,0.344,4.775
1969,DJF,South East England,0.360,5.814
1970,DJF,South East England,0.498,7.473
1971,DJF,South East England,0.362,10.605
1972,DJF,South East England,0.377,5.612
1973,DJF,South East England,0.292,7.822
1974,DJF,South East England,0.467,8.132
1975,DJF,South East England,0.387,10.899
1976,DJF,South East England,0.188,3.000
1977,DJF,South East England,0.509,8.023
1978,DJF,South East England,0.441,7.302
1979,DJF,South East England,0.472,8.457
1980,DJF,South East England,0.346,7.194
1981,DJF,South East England,0.279,4.589
1982,DJF,South East England,0.385,5.202
1983,DJF,South East England,0.343,4.574
1984,DJF,South East England,0.465,9.372
1985,DJF,South East England,0.352,6.643
1986,DJF,South East England,0.396,6.240
1987,DJF,South East England,0.296,4.566
1988,DJF,South East England,0.387,6.031
1989,DJF,South East England,0.270,5.264
1990,DJF,South East England,0.496,10.411
1991,DJF,South East England,0.363,9.798
1992,DJF,South East England,0.183,4.442
1993,DJF,South East England,0.300,7.341
1994,DJF,South East England,0.527,7.496
1995,DJF,South East England,0.537,7.566
1996,DJF,South East England,0.346,5.217
1997,DJF,South East England,0.265,4.512
1998,DJF,South East England,0.328,8.899
1999,DJF,South East England,0.488,6.628
2000,DJF,South East England,0.427,6.341
2001,DJF,South East England,0.462,8.884
2002,DJF,South East England,0.399,5.581
2003,DJF,South East England,0.385,8.403
2004,DJF,South East England,0.405,6.783
2005,DJF,South East England,0.272,4.054
2006,DJF,South East England,0.255,3.628
2007,DJF,South East England,0.499,8.116
2008,DJF,South East England,0.335,5.837
2009,DJF,South East England,0.287,5.302
2010,DJF,South East England,0.512,8.264
2011,DJF,South East England,0.356,5.209
2012,DJF,South East England,0.289,5.853
2013,DJF,South East England,0.416,10.008
2014,DJF,South East England,0.685,13.713
2015,DJF,South East England,0.352,4.543
2016,DJF,South East England,0.467,8.388
2017,DJF,South East England,0.290,7.566
2018,DJF,South East England,0.446,9.651
2019,DJF,South East England,0.346,6.659
2020,DJF,South East England,0.536,11.248
2021,DJF,South East England,0.519,9.977
1892,DJF,South West England,0.490,10.396
1893,DJF,South West England,0.478,12.560
1894,DJF,South West England,0.503,8.855
1895,DJF,South West England,0.365,7.906
1896,DJF,South West England,0.326,7.415
1897,DJF,South West England,0.505,8.698
1898,DJF,South West England,0.404,9.409
1899,DJF,South West England,0.506,13.516
1900,DJF,South West England,0.592,13.660
1901,DJF,South West England,0.467,10.094
1902,DJF,South West England,0.420,8.642
1903,DJF,South West England,0.417,10.314
1904,DJF,South West England,0.606,19.547
1905,DJF,South West England,0.330,9.151
1906,DJF,South West England,0.504,10.409
1907,DJF,South West England,0.363,5.723
1908,DJF,South West England,0.416,13.063
1909,DJF,South West England,0.368,8.849
1910,DJF,South West England,0.648,12.943
1911,DJF,South West England,0.453,9.723
1912,DJF,South West England,0.633,19.409
1913,DJF,South West England,0.561,11.969
1914,DJF,South West England,0.406,9.195
1915,DJF,South West England,0.674,12.044
1916,DJF,South West England,0.638,10.013
1917,DJF,South West England,0.331,6.597
1918,DJF,South West England,0.368,8.780
1919,DJF,South West England,0.622,14.893
1920,DJF,South West England,0.586,12.484
1921,DJF,South West England,0.406,9.855
1922,DJF,South West England,0.577,11.818
1923,DJF,South West England,0.566,16.560
1924,DJF,South West England,0.449,9.616
1925,DJF,South West England,0.583,13.415
1926,DJF,South West England,0.570,18.478
1927,DJF,South West England,0.417,13.660
1928,DJF,South West England,0.512,10.390
1929,DJF,South West England,0.362,7.226
1930,DJF,South West England,0.549,12.648
1931,DJF,South West England,0.575,10.270
1932,DJF,South West England,0.254,6.925
1933,DJF,South West England,0.435,7.931
1934,DJF,South West England,0.258,7.409
1935,DJF,South West England,0.564,18.987
1936,DJF,South West England,0.586,9.748
1937,DJF,South West England,0.641,11.075
1938,DJF,South West England,0.467,10.503
1939,DJF,South West England,0.521,10.069
1940,DJF,South West England,0.383,6.906
1941,DJF,South West England,0.506,9.390
1942,DJF,South West England,0.350,7.604
1943,DJF,South West England,0.554,11.572
1944,DJF,South West England,0.331,6.063
1945,DJF,South West England,0.432,9.428
1946,DJF,South West England,0.501,12.535
1947,DJF,South West England,0.438,8.704
1948,DJF,South West England,0.528,16.673
1949,DJF,South West England,0.375,9.937
1950,DJF,South West England,0.441,9.535
1951,DJF,South West England,0.575,10.918
1952,DJF,South West England,0.427,7.038
1953,DJF,South West England,0.347,8.686
1954,DJF,South West England,0.387,7.289
1955,DJF,South West England,0.477,7.472
1956,DJF,South West England,0.453,13.321
1957,DJF,South West England,0.585,16.893
1958,DJF,South West England,0.487,7.818
1959,DJF,South West England,0.375,9.126
1960,DJF,South West England,0.607,11.881
1961,DJF,South West England,0.543,11.862
1962,DJF,South West England,0.441,10.981
1963,DJF,South West England,0.280,5.057
1964,DJF,South West England,0.224,3.566
1965,DJF,South West England,0.366,11.164
1966,DJF,South West England,0.588,9.409
1967,DJF,South West England,0.499,11.818
1968,DJF,South West England,0.397,5.748
1969,DJF,South West England,0.478,8.874
1970,DJF,South West England,0.594,10.201
1971,DJF,South West England,0.425,13.704
1972,DJF,South West England,0.489,10.069
1973,DJF,South West England,0.416,6.497
1974,DJF,South West England,0.583,15.239
1975,DJF,South West England,0.462,12.031
1976,DJF,South West England,0.278,4.509
1977,DJF,South West England,0.597,11.352
1978,DJF,South West England,0.541,11.692
1979,DJF,South West England,0.539,9.138
1980,DJF,South West England,0.483,10.208
1981,DJF,South West England,0.393,10.459
1982,DJF,South West England,0.476,9.019
1983,DJF,South West England,0.442,7.906
1984,DJF,South West England,0.516,10.390
1985,DJF,South West England,0.393,6.931
1986,DJF,South West England,0.440,6.969
1987,DJF,South West England,0.408,8.296
1988,DJF,South West England,0.509,14.805
1989,DJF,South West England,0.351,8.642
1990,DJF,South West England,0.598,14.711
1991,DJF,South West England,0.412,17.296
1992,DJF,South West England,0.244,6.667
1993,DJF,South West England,0.385,12.302
1994,DJF,South West England,0.685,15.830
1995,DJF,South West England,0.639,14.428
1996,DJF,South West England,0.439,9.654
1997,DJF,South West England,0.328,9.440
1998,DJF,South West England,0.380,8.805
1999,DJF,South West England,0.540,7.629
2000,DJF,South West England,0.527,9.220
2001,DJF,South West England,0.526,9.906
2002,DJF,South West England,0.501,13.642
2003,DJF,South West England,0.430,9.258
2004,DJF,South West England,0.452,9.535
2005,DJF,South West England,0.352,5.799
2006,DJF,South West England,0.286,4.679
2007,DJF,South West England,0.575,8.711
2008,DJF,South West England,0.412,11.918
2009,DJF,South West England,0.342,8.113
2010,DJF,South West England,0.497,8.138
2011,DJF,South West England,0.391,6.799
2012,DJF,South West England,0.416,7.994
2013,DJF,South West England,0.516,15.384
2014,DJF,South West England,0.747,17.604
2015,DJF,South West England,0.463,7.686
2016,DJF,South West England,0.610,11.553
2017,DJF,South West England,0.370,9.748
2018,DJF,South West England,0.511,11.365
2019,DJF,South West England,0.415,10.025
2020,DJF,South West England,0.638,21.541
2021,DJF,South West England,0.603,14.667
1892,DJF,West Midlands,0.450,7.286
1893,DJF,West Midlands,0.438,8.033
1894,DJF,West Midlands,0.460,8.516
1895,DJF,West Midlands,0.351,9.824
1896,DJF,West Midlands,0.258,8.055
1897,DJF,West Midlands,0.439,8.802
1898,DJF,West Midlands,0.343,6.319
1899,DJF,West Midlands,0.440,10.956
1900,DJF,West Midlands,0.534,9.912
1901,DJF,West Midlands,0.412,9.044
1902,DJF,West Midlands,0.406,8.824
1903,DJF,West Midlands,0.354,8.484
1904,DJF,West Midlands,0.516,14.934
1905,DJF,West Midlands,0.295,6.582
1906,DJF,West Midlands,0.421,8.352
1907,DJF,West Midlands,0.367,5.681
1908,DJF,West Midlands,0.363,9.824
1909,DJF,West Midlands,0.319,6.495
1910,DJF,West Midlands,0.589,8.824
1911,DJF,West Midlands,0.395,7.615
1912,DJF,West Midlands,0.552,12.978
1913,DJF,West Midlands,0.405,6.637
1914,DJF,West Midlands,0.290,4.956
1915,DJF,West Midlands,0.579,7.220
1916,DJF,West Midlands,0.546,9.352
1917,DJF,West Midlands,0.310,6.022
1918,DJF,West Midlands,0.322,7.824
1919,DJF,West Midlands,0.487,8.440
1920,DJF,West Midlands,0.446,6.352
1921,DJF,West Midlands,0.312,6.198
1922,DJF,West Midlands,0.521,9.165
1923,DJF,West Midlands,0.521,12.615
1924,DJF,West Midlands,0.370,7.505
1925,DJF,West Midlands,0.472,9.132
1926,DJF,West Midlands,0.482,9.363
1927,DJF,West Midlands,0.358,9.670
1928,DJF,West Midlands,0.436,6.571
1929,DJF,West Midlands,0.273,4.264
1930,DJF,West Midlands,0.450,9.396
1931,DJF,West Midlands,0.497,7.989
1932,DJF,West Midlands,0.215,3.560
1933,DJF,West Midlands,0.348,6.802
1934,DJF,West Midlands,0.203,4.747
1935,DJF,West Midlands,0.467,8.681
1936,DJF,West Midlands,0.492,8.802
1937,DJF,West Midlands,0.578,9.429
1938,DJF,West Midlands,0.356,7.198
1939,DJF,West Midlands,0.524,11.374
1940,DJF,West Midlands,0.302,4.121
1941,DJF,West Midlands,0.443,6.714
1942,DJF,West Midlands,0.298,5.813
1943,DJF,West Midlands,0.481,7.462
1944,DJF,West Midlands,0.292,4.352
1945,DJF,West Midlands,0.350,5.791
1946,DJF,West Midlands,0.445,11.198
1947,DJF,West Midlands,0.443,6.088
1948,DJF,West Midlands,0.477,10.648
1949,DJF,West Midlands,0.304,7.143
1950,DJF,West Midlands,0.372,5.857
1951,DJF,West Midlands,0.465,8.593
1952,DJF,West Midlands,0.354,4.648
1953,DJF,West Midlands,0.309,8.286
1954,DJF,West Midlands,0.358,4.934
1955,DJF,West Midlands,0.386,5.418
1956,DJF,West Midlands,0.402,7.275
1957,DJF,West Midlands,0.447,9.802
1958,DJF,West Midlands,0.444,6.363
1959,DJF,West Midlands,0.357,7.066
1960,DJF,West Midlands,0.565,7.945
1961,DJF,West Midlands,0.449,9.297
1962,DJF,West Midlands,0.366,6.253
1963,DJF,West Midlands,0.242,3.967
1964,DJF,West Midlands,0.194,3.813
1965,DJF,West Midlands,0.351,9.857
1966,DJF,West Midlands,0.499,6.011
1967,DJF,West Midlands,0.429,7.769
1968,DJF,West Midlands,0.356,5.989
1969,DJF,West Midlands,0.414,6.802
1970,DJF,West Midlands,0.534,7.934
1971,DJF,West Midlands,0.348,9.209
1972,DJF,West Midlands,0.385,8.242
1973,DJF,West Midlands,0.322,7.165
1974,DJF,West Midlands,0.463,8.527
1975,DJF,West Midlands,0.378,7.462
1976,DJF,West Midlands,0.236,4.527
1977,DJF,West Midlands,0.539,10.681
1978,DJF,West Midlands,0.463,9.022
1979,DJF,West Midlands,0.467,8.440
1980,DJF,West Midlands,0.444,9.659
1981,DJF,West Midlands,0.349,6.473
1982,DJF,West Midlands,0.375,5.846
1983,DJF,West Midlands,0.349,6.187
1984,DJF,West Midlands,0.453,6.890
1985,DJF,West Midlands,0.316,4.396
1986,DJF,West Midlands,0.398,6.978
1987,DJF,West Midlands,0.348,5.000
1988,DJF,West Midlands,0.394,8.187
1989,DJF,West Midlands,0.303,4.560
1990,DJF,West Midlands,0.513,9.560
1991,DJF,West Midlands,0.371,12.132
1992,DJF,West Midlands,0.228,5.220
1993,DJF,West Midlands,0.294,5.198
1994,DJF,West Midlands,0.534,7.692
1995,DJF,West Midlands,0.568,10.308
1996,DJF,West Midlands,0.376,5.824
1997,DJF,West Midlands,0.262,4.549
1998,DJF,West Midlands,0.340,8.231
1999,DJF,West Midlands,0.503,7.033
2000,DJF,West Midlands,0.470,7.626
2001,DJF,West Midlands,0.451,8.725
2002,DJF,West Midlands,0.407,7.088
2003,DJF,West Midlands,0.383,6.516
2004,DJF,West Midlands,0.421,7.967
2005,DJF,West Midlands,0.296,4.363
2006,DJF,West Midlands,0.252,3.505
2007,DJF,West Midlands,0.516,8.560
2008,DJF,West Midlands,0.382,8.143
2009,DJF,West Midlands,0.297,4.703
2010,DJF,West Midlands,0.463,5.945
2011,DJF,West Midlands,0.324,4.989
2012,DJF,West Midlands,0.342,5.648
2013,DJF,West Midlands,0.444,9.626
2014,DJF,West Midlands,0.630,9.835
2015,DJF,West Midlands,0.383,5.033
2016,DJF,West Midlands,0.532,10.527
2017,DJF,West Midlands,0.352,7.945
2018,DJF,West Midlands,0.478,8.813
2019,DJF,West Midlands,0.328,6.352
2020,DJF,West Midlands,0.505,10.264
2021,DJF,West Midlands,0.536,9.890
1892,DJF,West Scotland,0.617,14.172
1893,DJF,West Scotland,0.555,14.142
1894,DJF,West Scotland,0.779,21.634
1895,DJF,West Scotland,0.453,12.843
1896,DJF,West Scotland,0.511,10.104
1897,DJF,West Scotland,0.556,12.090
1898,DJF,West Scotland,0.641,14.045
1899,DJF,West Scotland,0.671,21.888
1900,DJF,West Scotland,0.683,22.701
1901,DJF,West Scotland,0.637,16.604
1902,DJF,West Scotland,0.600,12.769
1903,DJF,West Scotland,0.671,29.851
1904,DJF,West Scotland,0.644,13.672
1905,DJF,West Scotland,0.642,14.507
1906,DJF,West Scotland,0.688,14.821
1907,DJF,West Scotland,0.568,8.276
1908,DJF,West Scotland,0.633,16.642
1909,DJF,West Scotland,0.556,12.843
1910,DJF,West Scotland,0.677,19.366
1911,DJF,West Scotland,0.638,20.000
1912,DJF,West Scotland,0.682,13.604
1913,DJF,West Scotland,0.681,21.239
1914,DJF,West Scotland,0.637,20.104
1915,DJF,West Scotland,0.642,10.224
1916,DJF,West Scotland,0.746,15.955
1917,DJF,West Scotland,0.481,11.396
1918,DJF,West Scotland,0.686,13.567
1919,DJF,West Scotland,0.580,10.052
1920,DJF,West Scotland,0.773,14.104
1921,DJF,West Scotland,0.624,21.463
1922,DJF,West Scotland,0.787,18.694
1923,DJF,West Scotland,0.706,13.343
1924,DJF,West Scotland,0.609,9.075
1925,DJF,West Scotland,0.700,17.119
1926,DJF,West Scotland,0.685,21.582
1927,DJF,West Scotland,0.626,15.179
1928,DJF,West Scotland,0.602,24.425
1929,DJF,West Scotland,0.454,9.381
1930,DJF,West Scotland,0.602,19.216
1931,DJF,West Scotland,0.692,12.649
1932,DJF,West Scotland,0.447,12.903
1933,DJF,West Scotland,0.556,13.410
1934,DJF,West Scotland,0.427,16.366
1935,DJF,West Scotland,0.665,13.560
1936,DJF,West Scotland,0.555,9.022
1937,DJF,West Scotland,0.743,13.381
1938,DJF,West Scotland,0.556,16.910
1939,DJF,West Scotland,0.639,19.754
1940,DJF,West Scotland,0.387,5.321
1941,DJF,West Scotland,0.451,8.194
1942,DJF,West Scotland,0.488,11.201
1943,DJF,West Scotland,0.706,18.657
1944,DJF,West Scotland,0.536,11.888
1945,DJF,West Scotland,0.623,13.642
1946,DJF,West Scotland,0.605,17.873
1947,DJF,West Scotland,0.439,11.597
1948,DJF,West Scotland,0.584,21.806
1949,DJF,West Scotland,0.660,13.754
1950,DJF,West Scotland,0.671,12.649
1951,DJF,West Scotland,0.574,10.724
1952,DJF,West Scotland,0.606,11.575
1953,DJF,West Scotland,0.520,11.000
1954,DJF,West Scotland,0.558,11.925
1955,DJF,West Scotland,0.566,14.060
1956,DJF,West Scotland,0.542,11.507
1957,DJF,West Scotland,0.664,13.799
1958,DJF,West Scotland,0.648,8.664
1959,DJF,West Scotland,0.477,10.754
1960,DJF,West Scotland,0.633,16.216
1961,DJF,West Scotland,0.599,11.448
1962,DJF,West Scotland,0.577,16.090
1963,DJF,West Scotland,0.290,8.306
1964,DJF,West Scotland,0.322,7.657
1965,DJF,West Scotland,0.435,12.582
1966,DJF,West Scotland,0.566,13.634
1967,DJF,West Scotland,0.677,19.851
1968,DJF,West Scotland,0.526,12.500
1969,DJF,West Scotland,0.475,6.866
1970,DJF,West Scotland,0.542,10.403
1971,DJF,West Scotland,0.507,9.119
1972,DJF,West Scotland,0.532,11.343
1973,DJF,West Scotland,0.592,11.724
1974,DJF,West Scotland,0.743,16.515
1975,DJF,West Scotland,0.725,17.127
1976,DJF,West Scotland,0.547,13.664
1977,DJF,West Scotland,0.556,9.090
1978,DJF,West Scotland,0.537,9.478
1979,DJF,West Scotland,0.467,11.149
1980,DJF,West Scotland,0.547,7.881
1981,DJF,West Scotland,0.638,15.866
1982,DJF,West Scotland,0.471,9.216
1983,DJF,West Scotland,0.596,19.313
1984,DJF,West Scotland,0.672,16.619
1985,DJF,West Scotland,0.435,10.030
1986,DJF,West Scotland,0.493,9.746
1987,DJF,West Scotland,0.518,8.888
1988,DJF,West Scotland,0.630,16.769
1989,DJF,West Scotland,0.665,12.873
1990,DJF,West Scotland,0.704,27.910
1991,DJF,West Scotland,0.501,15.836
1992,DJF,West Scotland,0.507,15.358
1993,DJF,West Scotland,0.569,17.933
1994,DJF,West Scotland,0.701,18.739
1995,DJF,West Scotland,0.777,14.537
1996,DJF,West Scotland,0.441,9.082
1997,DJF,West Scotland,0.489,15.784
1998,DJF,West Scotland,0.668,14.187
1999,DJF,West Scotland,0.702,13.306
2000,DJF,West Scotland,0.743,21.709
2001,DJF,West Scotland,0.502,8.537
2002,DJF,West Scotland,0.628,20.015
2003,DJF,West Scotland,0.438,10.500
2004,DJF,West Scotland,0.539,11.410
2005,DJF,West Scotland,0.603,17.418
2006,DJF,West Scotland,0.403,8.060
2007,DJF,West Scotland,0.658,17.425
2008,DJF,West Scotland,0.663,16.769
2009,DJF,West Scotland,0.505,13.731
2010,DJF,West Scotland,0.423,7.052
2011,DJF,West Scotland,0.535,10.881
2012,DJF,West Scotland,0.697,14.485
2013,DJF,West Scotland,0.543,13.254
2014,DJF,West Scotland,0.849,25.418
2015,DJF,West Scotland,0.671,18.716
2016,DJF,West Scotland,0.766,17.933
2017,DJF,West Scotland,0.560,11.381
2018,DJF,West Scotland,0.609,10.261
2019,DJF,West Scotland,0.524,7.343
2020,DJF,West Scotland,0.761,22.216
2021,DJF,West Scotland,0.605,12.672
1892,DJF,Yorkshire and Humber,0.469,7.449
1893,DJF,Yorkshire and Humber,0.403,5.748
1894,DJF,Yorkshire and Humber,0.527,7.075
1895,DJF,Yorkshire and Humber,0.419,9.346
1896,DJF,Yorkshire and Humber,0.276,5.888
1897,DJF,Yorkshire and Humber,0.487,6.766
1898,DJF,Yorkshire and Humber,0.364,7.019
1899,DJF,Yorkshire and Humber,0.430,7.477
1900,DJF,Yorkshire and Humber,0.549,7.682
1901,DJF,Yorkshire and Humber,0.447,8.766
1902,DJF,Yorkshire and Humber,0.379,6.692
1903,DJF,Yorkshire and Humber,0.409,7.551
1904,DJF,Yorkshire and Humber,0.458,7.720
1905,DJF,Yorkshire and Humber,0.307,6.037
1906,DJF,Yorkshire and Humber,0.373,6.701
1907,DJF,Yorkshire and Humber,0.354,5.869
1908,DJF,Yorkshire and Humber,0.397,9.224
1909,DJF,Yorkshire and Humber,0.301,6.000
1910,DJF,Yorkshire and Humber,0.613,9.206
1911,DJF,Yorkshire and Humber,0.399,7.579
1912,DJF,Yorkshire and Humber,0.563,8.953
1913,DJF,Yorkshire and Humber,0.399,6.916
1914,DJF,Yorkshire and Humber,0.323,5.804
1915,DJF,Yorkshire and Humber,0.613,7.364
1916,DJF,Yorkshire and Humber,0.567,11.009
1917,DJF,Yorkshire and Humber,0.413,9.570
1918,DJF,Yorkshire and Humber,0.409,6.645
1919,DJF,Yorkshire and Humber,0.507,10.243
1920,DJF,Yorkshire and Humber,0.481,7.290
1921,DJF,Yorkshire and Humber,0.382,7.748
1922,DJF,Yorkshire and Humber,0.520,9.935
1923,DJF,Yorkshire and Humber,0.526,12.327
1924,DJF,Yorkshire and Humber,0.401,5.776
1925,DJF,Yorkshire and Humber,0.459,10.561
1926,DJF,Yorkshire and Humber,0.501,7.860
1927,DJF,Yorkshire and Humber,0.365,7.364
1928,DJF,Yorkshire and Humber,0.475,8.037
1929,DJF,Yorkshire and Humber,0.342,4.636
1930,DJF,Yorkshire and Humber,0.506,11.757
1931,DJF,Yorkshire and Humber,0.496,7.047
1932,DJF,Yorkshire and Humber,0.253,4.972
1933,DJF,Yorkshire and Humber,0.414,8.486
1934,DJF,Yorkshire and Humber,0.248,4.850
1935,DJF,Yorkshire and Humber,0.510,6.935
1936,DJF,Yorkshire and Humber,0.471,7.243
1937,DJF,Yorkshire and Humber,0.497,7.243
1938,DJF,Yorkshire and Humber,0.483,9.850
1939,DJF,Yorkshire and Humber,0.546,7.318
1940,DJF,Yorkshire and Humber,0.355,4.860
1941,DJF,Yorkshire and Humber,0.499,7.505
1942,DJF,Yorkshire and Humber,0.326,8.150
1943,DJF,Yorkshire and Humber,0.455,7.084
1944,DJF,Yorkshire and Humber,0.381,5.682
1945,DJF,Yorkshire and Humber,0.453,7.364
1946,DJF,Yorkshire and Humber,0.394,9.935
1947,DJF,Yorkshire and Humber,0.499,6.561
1948,DJF,Yorkshire and Humber,0.503,9.140
1949,DJF,Yorkshire and Humber,0.330,5.196
1950,DJF,Yorkshire and Humber,0.441,6.654
1951,DJF,Yorkshire and Humber,0.475,8.907
1952,DJF,Yorkshire and Humber,0.373,5.187
1953,DJF,Yorkshire and Humber,0.356,8.860
1954,DJF,Yorkshire and Humber,0.383,4.551
1955,DJF,Yorkshire and Humber,0.399,5.925
1956,DJF,Yorkshire and Humber,0.514,6.720
1957,DJF,Yorkshire and Humber,0.488,8.477
1958,DJF,Yorkshire and Humber,0.448,6.168
1959,DJF,Yorkshire and Humber,0.332,6.477
1960,DJF,Yorkshire and Humber,0.543,7.449
1961,DJF,Yorkshire and Humber,0.486,9.720
1962,DJF,Yorkshire and Humber,0.429,6.308
1963,DJF,Yorkshire and Humber,0.322,5.607
1964,DJF,Yorkshire and Humber,0.228,5.850
1965,DJF,Yorkshire and Humber,0.403,5.430
1966,DJF,Yorkshire and Humber,0.527,8.056
1967,DJF,Yorkshire and Humber,0.419,7.664
1968,DJF,Yorkshire and Humber,0.357,6.355
1969,DJF,Yorkshire and Humber,0.407,6.869
1970,DJF,Yorkshire and Humber,0.520,10.131
1971,DJF,Yorkshire and Humber,0.369,8.318
1972,DJF,Yorkshire and Humber,0.400,5.972
1973,DJF,Yorkshire and Humber,0.295,4.598
1974,DJF,Yorkshire and Humber,0.436,6.383
1975,DJF,Yorkshire and Humber,0.421,8.402
1976,DJF,Yorkshire and Humber,0.307,5.168
1977,DJF,Yorkshire and Humber,0.511,7.570
1978,DJF,Yorkshire and Humber,0.488,6.486
1979,DJF,Yorkshire and Humber,0.438,9.318
1980,DJF,Yorkshire and Humber,0.519,13.243
1981,DJF,Yorkshire and Humber,0.382,5.953
1982,DJF,Yorkshire and Humber,0.317,5.271
1983,DJF,Yorkshire and Humber,0.413,6.879
1984,DJF,Yorkshire and Humber,0.490,9.972
1985,DJF,Yorkshire and Humber,0.360,6.654
1986,DJF,Yorkshire and Humber,0.455,6.579
1987,DJF,Yorkshire and Humber,0.393,6.925
1988,DJF,Yorkshire and Humber,0.444,9.150
1989,DJF,Yorkshire and Humber,0.275,3.748
1990,DJF,Yorkshire and Humber,0.508,11.991
1991,DJF,Yorkshire and Humber,0.405,10.150
1992,DJF,Yorkshire and Humber,0.244,6.056
1993,DJF,Yorkshire and Humber,0.344,8.000
1994,DJF,Yorkshire and Humber,0.539,9.336
1995,DJF,Yorkshire and Humber,0.528,9.551
1996,DJF,Yorkshire and Humber,0.383,5.925
1997,DJF,Yorkshire and Humber,0.331,5.056
1998,DJF,Yorkshire and Humber,0.385,7.617
1999,DJF,Yorkshire and Humber,0.444,9.150
2000,DJF,Yorkshire and Humber,0.489,8.421
2001,DJF,Yorkshire and Humber,0.407,6.318
2002,DJF,Yorkshire and Humber,0.469,9.234
2003,DJF,Yorkshire and Humber,0.426,6.654
2004,DJF,Yorkshire and Humber,0.445,6.542
2005,DJF,Yorkshire and Humber,0.371,7.037
2006,DJF,Yorkshire and Humber,0.323,5.290
2007,DJF,Yorkshire and Humber,0.507,8.551
2008,DJF,Yorkshire and Humber,0.436,10.065
2009,DJF,Yorkshire and Humber,0.351,6.449
2010,DJF,Yorkshire and Humber,0.542,7.009
2011,DJF,Yorkshire and Humber,0.388,6.075
2012,DJF,Yorkshire and Humber,0.401,7.458
2013,DJF,Yorkshire and Humber,0.440,7.084
2014,DJF,Yorkshire and Humber,0.560,8.701
2015,DJF,Yorkshire and Humber,0.379,7.215
2016,DJF,Yorkshire and Humber,0.556,11.318
2017,DJF,Yorkshire and Humber,0.375,6.411
2018,DJF,Yorkshire and Humber,0.463,6.589
2019,DJF,Yorkshire and Humber,0.338,6.047
2020,DJF,Yorkshire and Humber,0.463,8.271
2021,DJF,Yorkshire and Humber,0.568,8.523
1892,DJF,Channel Islands, NaN,  NA
1893,DJF,Channel Islands, NaN,  NA
1894,DJF,Channel Islands, NaN,  NA
1895,DJF,Channel Islands, NaN,  NA
1896,DJF,Channel Islands, NaN,  NA
1897,DJF,Channel Islands, NaN,  NA
1898,DJF,Channel Islands, NaN,  NA
1899,DJF,Channel Islands, NaN,  NA
1900,DJF,Channel Islands, NaN,  NA
1901,DJF,Channel Islands, NaN,  NA
1902,DJF,Channel Islands, NaN,  NA
1903,DJF,Channel Islands, NaN,  NA
1904,DJF,Channel Islands, NaN,  NA
1905,DJF,Channel Islands, NaN,  NA
1906,DJF,Channel Islands, NaN,  NA
1907,DJF,Channel Islands, NaN,  NA
1908,DJF,Channel Islands, NaN,  NA
1909,DJF,Channel Islands, NaN,  NA
1910,DJF,Channel Islands, NaN,  NA
1911,DJF,Channel Islands, NaN,  NA
1912,DJF,Channel Islands, NaN,  NA
1913,DJF,Channel Islands, NaN,  NA
1914,DJF,Channel Islands, NaN,  NA
1915,DJF,Channel Islands, NaN,  NA
1916,DJF,Channel Islands, NaN,  NA
1917,DJF,Channel Islands, NaN,  NA
1918,DJF,Channel Islands, NaN,  NA
1919,DJF,Channel Islands, NaN,  NA
1920,DJF,Channel Islands, NaN,  NA
1921,DJF,Channel Islands, NaN,  NA
1922,DJF,Channel Islands, NaN,  NA
1923,DJF,Channel Islands, NaN,  NA
1924,DJF,Channel Islands, NaN,  NA
1925,DJF,Channel Islands, NaN,  NA
1926,DJF,Channel Islands, NaN,  NA
1927,DJF,Channel Islands, NaN,  NA
1928,DJF,Channel Islands, NaN,  NA
1929,DJF,Channel Islands, NaN,  NA
1930,DJF,Channel Islands, NaN,  NA
1931,DJF,Channel Islands, NaN,  NA
1932,DJF,Channel Islands, NaN,  NA
1933,DJF,Channel Islands, NaN,  NA
1934,DJF,Channel Islands, NaN,  NA
1935,DJF,Channel Islands, NaN,  NA
1936,DJF,Channel Islands, NaN,  NA
1937,DJF,Channel Islands, NaN,  NA
1938,DJF,Channel Islands, NaN,  NA
1939,DJF,Channel Islands, NaN,  NA
1940,DJF,Channel Islands, NaN,  NA
1941,DJF,Channel Islands, NaN,  NA
1942,DJF,Channel Islands, NaN,  NA
1943,DJF,Channel Islands, NaN,  NA
1944,DJF,Channel Islands, NaN,  NA
1945,DJF,Channel Islands, NaN,  NA
1946,DJF,Channel Islands, NaN,  NA
1947,DJF,Channel Islands, NaN,  NA
1948,DJF,Channel Islands, NaN,  NA
1949,DJF,Channel Islands, NaN,  NA
1950,DJF,Channel Islands, NaN,  NA
1951,DJF,Channel Islands, NaN,  NA
1952,DJF,Channel Islands, NaN,  NA
1953,DJF,Channel Islands, NaN,  NA
1954,DJF,Channel Islands, NaN,  NA
1955,DJF,Channel Islands, NaN,  NA
1956,DJF,Channel Islands, NaN,  NA
1957,DJF,Channel Islands, NaN,  NA
1958,DJF,Channel Islands, NaN,  NA
1959,DJF,Channel Islands, NaN,  NA
1960,DJF,Channel Islands, NaN,  NA
1961,DJF,Channel Islands, NaN,  NA
1962,DJF,Channel Islands, NaN,  NA
1963,DJF,Channel Islands, NaN,  NA
1964,DJF,Channel Islands, NaN,  NA
1965,DJF,Channel Islands, NaN,  NA
1966,DJF,Channel Islands, NaN,  NA
1967,DJF,Channel Islands, NaN,  NA
1968,DJF,Channel Islands, NaN,  NA
1969,DJF,Channel Islands, NaN,  NA
1970,DJF,Channel Islands, NaN,  NA
1971,DJF,Channel Islands, NaN,  NA
1972,DJF,Channel Islands, NaN,  NA
1973,DJF,Channel Islands, NaN,  NA
1974,DJF,Channel Islands, NaN,  NA
1975,DJF,Channel Islands, NaN,  NA
1976,DJF,Channel Islands, NaN,  NA
1977,DJF,Channel Islands, NaN,  NA
1978,DJF,Channel Islands, NaN,  NA
1979,DJF,Channel Islands, NaN,  NA
1980,DJF,Channel Islands, NaN,  NA
1981,DJF,Channel Islands, NaN,  NA
1982,DJF,Channel Islands, NaN,  NA
1983,DJF,Channel Islands, NaN,  NA
1984,DJF,Channel Islands, NaN,  NA
1985,DJF,Channel Islands, NaN,  NA
1986,DJF,Channel Islands, NaN,  NA
1987,DJF,Channel Islands, NaN,  NA
1988,DJF,Channel Islands, NaN,  NA
1989,DJF,Channel Islands, NaN,  NA
1990,DJF,Channel Islands, NaN,  NA
1991,DJF,Channel Islands, NaN,  NA
1992,DJF,Channel Islands, NaN,  NA
1993,DJF,Channel Islands, NaN,  NA
1994,DJF,Channel Islands, NaN,  NA
1995,DJF,Channel Islands, NaN,  NA
1996,DJF,Channel Islands, NaN,  NA
1997,DJF,Channel Islands, NaN,  NA
1998,DJF,Channel Islands, NaN,  NA
1999,DJF,Channel Islands, NaN,  NA
2000,DJF,Channel Islands, NaN,  NA
2001,DJF,Channel Islands, NaN,  NA
2002,DJF,Channel Islands, NaN,  NA
2003,DJF,Channel Islands, NaN,  NA
2004,DJF,Channel Islands, NaN,  NA
2005,DJF,Channel Islands, NaN,  NA
2006,DJF,Channel Islands, NaN,  NA
2007,DJF,Channel Islands, NaN,  NA
2008,DJF,Channel Islands, NaN,  NA
2009,DJF,Channel Islands, NaN,  NA
2010,DJF,Channel Islands, NaN,  NA
2011,DJF,Channel Islands, NaN,  NA
2012,DJF,Channel Islands, NaN,  NA
2013,DJF,Channel Islands, NaN,  NA
2014,DJF,Channel Islands, NaN,  NA
2015,DJF,Channel Islands, NaN,  NA
2016,DJF,Channel Islands, NaN,  NA
2017,DJF,Channel Islands, NaN,  NA
2018,DJF,Channel Islands, NaN,  NA
2019,DJF,Channel Islands, NaN,  NA
2020,DJF,Channel Islands, NaN,  NA
2021,DJF,Channel Islands, NaN,  NA
1892,DJF,Isle of Man,0.505,8.000
1893,DJF,Isle of Man,0.548,9.000
1894,DJF,Isle of Man,0.678,10.000
1895,DJF,Isle of Man,0.444,10.667
1896,DJF,Isle of Man,0.377,6.000
1897,DJF,Isle of Man,0.489,8.000
1898,DJF,Isle of Man,0.493,11.000
1899,DJF,Isle of Man,0.600,13.333
1900,DJF,Isle of Man,0.619,12.000
1901,DJF,Isle of Man,0.519,12.000
1902,DJF,Isle of Man,0.452,7.000
1903,DJF,Isle of Man,0.441,7.000
1904,DJF,Isle of Man,0.560,9.000
1905,DJF,Isle of Man,0.419,5.000
1906,DJF,Isle of Man,0.489,10.000
1907,DJF,Isle of Man,0.511,8.000
1908,DJF,Isle of Man,0.564,8.000
1909,DJF,Isle of Man,0.444,6.000
1910,DJF,Isle of Man,0.656,16.000
1911,DJF,Isle of Man,0.519,12.667
1912,DJF,Isle of Man,0.637,11.000
1913,DJF,Isle of Man,0.578,9.000
1914,DJF,Isle of Man,0.456,7.667
1915,DJF,Isle of Man,0.656,11.000
1916,DJF,Isle of Man,0.667,14.000
1917,DJF,Isle of Man,0.400,4.667
1918,DJF,Isle of Man,0.619,10.667
1919,DJF,Isle of Man,0.641,10.000
1920,DJF,Isle of Man,0.659,7.667
1921,DJF,Isle of Man,0.485,10.667
1922,DJF,Isle of Man,0.719,10.667
1923,DJF,Isle of Man,0.656,11.000
1924,DJF,Isle of Man,0.597,14.000
1925,DJF,Isle of Man,0.696,13.000
1926,DJF,Isle of Man,0.637,10.000
1927,DJF,Isle of Man,0.496,8.000
1928,DJF,Isle of Man,0.571,12.000
1929,DJF,Isle of Man,0.448,8.667
1930,DJF,Isle of Man,0.567,11.000
1931,DJF,Isle of Man,0.648,8.000
1932,DJF,Isle of Man,0.359,6.000
1933,DJF,Isle of Man,0.556,11.000
1934,DJF,Isle of Man,0.322,6.000
1935,DJF,Isle of Man,0.689,15.000
1936,DJF,Isle of Man,0.531,4.667
1937,DJF,Isle of Man,0.563,6.000
1938,DJF,Isle of Man,0.504,9.333
1939,DJF,Isle of Man,0.589,9.000
1940,DJF,Isle of Man,0.377,6.000
1941,DJF,Isle of Man,0.548,11.000
1942,DJF,Isle of Man,0.441,8.667
1943,DJF,Isle of Man,0.648,10.000
1944,DJF,Isle of Man,0.480,7.333
1945,DJF,Isle of Man,0.533,5.000
1946,DJF,Isle of Man,0.552,11.000
1947,DJF,Isle of Man,0.441,16.000
1948,DJF,Isle of Man,0.480,11.000
1949,DJF,Isle of Man,0.496,10.000
1950,DJF,Isle of Man,0.541,8.000
1951,DJF,Isle of Man,0.544,8.000
1952,DJF,Isle of Man,0.487,5.667
1953,DJF,Isle of Man,0.470,9.333
1954,DJF,Isle of Man,0.519,6.333
1955,DJF,Isle of Man,0.515,6.000
1956,DJF,Isle of Man,0.476,6.667
1957,DJF,Isle of Man,0.574,6.667
1958,DJF,Isle of Man,0.563,8.000
1959,DJF,Isle of Man,0.515,6.667
1960,DJF,Isle of Man,0.604,12.667
1961,DJF,Isle of Man,0.570,12.333
1962,DJF,Isle of Man,0.474,7.333
1963,DJF,Isle of Man,0.289,4.667
1964,DJF,Isle of Man,0.223,4.667
1965,DJF,Isle of Man,0.411,8.000
1966,DJF,Isle of Man,0.585,9.333
1967,DJF,Isle of Man,0.593,10.333
1968,DJF,Isle of Man,0.505,7.000
1969,DJF,Isle of Man,0.530,10.000
1970,DJF,Isle of Man,0.533,13.333
1971,DJF,Isle of Man,0.441,6.333
1972,DJF,Isle of Man,0.462,7.000
1973,DJF,Isle of Man,0.515,6.667
1974,DJF,Isle of Man,0.596,12.667
1975,DJF,Isle of Man,0.519,9.000
1976,DJF,Isle of Man,0.465,8.667
1977,DJF,Isle of Man,0.541,8.333
1978,DJF,Isle of Man,0.552,10.333
1979,DJF,Isle of Man,0.441,7.000
1980,DJF,Isle of Man,0.571,14.000
1981,DJF,Isle of Man,0.489,9.333
1982,DJF,Isle of Man,0.474,6.667
1983,DJF,Isle of Man,0.478,6.667
1984,DJF,Isle of Man,0.608,16.000
1985,DJF,Isle of Man,0.467,6.667
1986,DJF,Isle of Man,0.452,7.333
1987,DJF,Isle of Man,0.407,4.000
1988,DJF,Isle of Man,0.557,10.333
1989,DJF,Isle of Man,0.463,6.000
1990,DJF,Isle of Man,0.604,6.000
1991,DJF,Isle of Man,0.441,8.000
1992,DJF,Isle of Man,0.363,8.000
1993,DJF,Isle of Man,0.419,6.333
1994,DJF,Isle of Man,0.596,6.000
1995,DJF,Isle of Man,0.667,9.333
1996,DJF,Isle of Man,0.440,7.000
1997,DJF,Isle of Man,0.385,6.333
1998,DJF,Isle of Man,0.544,10.333
1999,DJF,Isle of Man,0.644,9.000
2000,DJF,Isle of Man,0.601,11.000
2001,DJF,Isle of Man,0.511,9.000
2002,DJF,Isle of Man,0.552,9.333
2003,DJF,Isle of Man,0.433,5.333
2004,DJF,Isle of Man,0.469,8.333
2005,DJF,Isle of Man,0.448,6.333
2006,DJF,Isle of Man,0.374,6.000
2007,DJF,Isle of Man,0.585,8.667
2008,DJF,Isle of Man,0.542,12.000
2009,DJF,Isle of Man,0.474,12.333
2010,DJF,Isle of Man,0.496,7.000
2011,DJF,Isle of Man,0.489,13.667
2012,DJF,Isle of Man,0.538,10.333
2013,DJF,Isle of Man,0.515,5.667
2014,DJF,Isle of Man,0.752,15.000
2015,DJF,Isle of Man,0.500,6.000
2016,DJF,Isle of Man,0.758,20.000
2017,DJF,Isle of Man,0.459,12.000
2018,DJF,Isle of Man,0.552,4.667
2019,DJF,Isle of Man,0.437,9.333
2020,DJF,Isle of Man,0.582,10.000
2021,DJF,Isle of Man,0.604,13.000
1892,DJF,Northern Ireland,0.560,12.333
1893,DJF,Northern Ireland,0.545,9.211
1894,DJF,Northern Ireland,0.724,18.900
1895,DJF,Northern Ireland,0.456,8.333
1896,DJF,Northern Ireland,0.444,10.467
1897,DJF,Northern Ireland,0.504,7.444
1898,DJF,Northern Ireland,0.601,11.478
1899,DJF,Northern Ireland,0.601,15.456
1900,DJF,Northern Ireland,0.671,22.367
1901,DJF,Northern Ireland,0.628,14.800
1902,DJF,Northern Ireland,0.559,11.589
1903,DJF,Northern Ireland,0.628,23.556
1904,DJF,Northern Ireland,0.661,13.322
1905,DJF,Northern Ireland,0.613,11.456
1906,DJF,Northern Ireland,0.723,21.511
1907,DJF,Northern Ireland,0.569,12.700
1908,DJF,Northern Ireland,0.623,13.844
1909,DJF,Northern Ireland,0.601,14.000
1910,DJF,Northern Ireland,0.745,24.211
1911,DJF,Northern Ireland,0.587,18.478
1912,DJF,Northern Ireland,0.617,11.244
1913,DJF,Northern Ireland,0.667,18.733
1914,DJF,Northern Ireland,0.590,20.522
1915,DJF,Northern Ireland,0.716,13.944
1916,DJF,Northern Ireland,0.726,20.433
1917,DJF,Northern Ireland,0.445,11.111
1918,DJF,Northern Ireland,0.638,11.056
1919,DJF,Northern Ireland,0.582,13.300
1920,DJF,Northern Ireland,0.732,11.678
1921,DJF,Northern Ireland,0.527,9.222
1922,DJF,Northern Ireland,0.753,18.944
1923,DJF,Northern Ireland,0.687,13.511
1924,DJF,Northern Ireland,0.584,13.622
1925,DJF,Northern Ireland,0.621,10.600
1926,DJF,Northern Ireland,0.687,13.011
1927,DJF,Northern Ireland,0.518,13.633
1928,DJF,Northern Ireland,0.617,15.344
1929,DJF,Northern Ireland,0.462,7.789
1930,DJF,Northern Ireland,0.593,18.622
1931,DJF,Northern Ireland,0.638,11.522
1932,DJF,Northern Ireland,0.405,10.067
1933,DJF,Northern Ireland,0.538,13.533
1934,DJF,Northern Ireland,0.359,8.067
1935,DJF,Northern Ireland,0.650,12.233
1936,DJF,Northern Ireland,0.523,8.200
1937,DJF,Northern Ireland,0.701,13.367
1938,DJF,Northern Ireland,0.552,11.533
1939,DJF,Northern Ireland,0.610,17.122
1940,DJF,Northern Ireland,0.420,6.511
1941,DJF,Northern Ireland,0.547,11.667
1942,DJF,Northern Ireland,0.528,14.700
1943,DJF,Northern Ireland,0.674,12.944
1944,DJF,Northern Ireland,0.513,8.911
1945,DJF,Northern Ireland,0.584,10.678
1946,DJF,Northern Ireland,0.606,13.000
1947,DJF,Northern Ireland,0.487,13.022
1948,DJF,Northern Ireland,0.570,17.856
1949,DJF,Northern Ireland,0.619,14.822
1950,DJF,Northern Ireland,0.621,11.322
1951,DJF,Northern Ireland,0.634,11.089
1952,DJF,Northern Ireland,0.592,11.778
1953,DJF,Northern Ireland,0.478,17.178
1954,DJF,Northern Ireland,0.605,10.889
1955,DJF,Northern Ireland,0.590,8.933
1956,DJF,Northern Ireland,0.536,10.600
1957,DJF,Northern Ireland,0.599,15.456
1958,DJF,Northern Ireland,0.600,8.778
1959,DJF,Northern Ireland,0.476,9.333
1960,DJF,Northern Ireland,0.639,13.811
1961,DJF,Northern Ireland,0.614,14.578
1962,DJF,Northern Ireland,0.519,12.900
1963,DJF,Northern Ireland,0.323,7.956
1964,DJF,Northern Ireland,0.281,5.033
1965,DJF,Northern Ireland,0.472,12.733
1966,DJF,Northern Ireland,0.615,11.178
1967,DJF,Northern Ireland,0.652,11.956
1968,DJF,Northern Ireland,0.539,13.822
1969,DJF,Northern Ireland,0.572,8.800
1970,DJF,Northern Ireland,0.577,10.311
1971,DJF,Northern Ireland,0.445,8.133
1972,DJF,Northern Ireland,0.445,8.811
1973,DJF,Northern Ireland,0.549,9.033
1974,DJF,Northern Ireland,0.656,13.867
1975,DJF,Northern Ireland,0.610,17.444
1976,DJF,Northern Ireland,0.484,12.133
1977,DJF,Northern Ireland,0.547,11.367
1978,DJF,Northern Ireland,0.567,10.378
1979,DJF,Northern Ireland,0.498,8.589
1980,DJF,Northern Ireland,0.574,8.500
1981,DJF,Northern Ireland,0.612,16.411
1982,DJF,Northern Ireland,0.526,8.300
1983,DJF,Northern Ireland,0.575,12.678
1984,DJF,Northern Ireland,0.636,13.467
1985,DJF,Northern Ireland,0.411,8.333
1986,DJF,Northern Ireland,0.473,14.856
1987,DJF,Northern Ireland,0.495,8.233
1988,DJF,Northern Ireland,0.568,13.356
1989,DJF,Northern Ireland,0.550,10.311
1990,DJF,Northern Ireland,0.654,13.067
1991,DJF,Northern Ireland,0.481,16.211
1992,DJF,Northern Ireland,0.412,10.656
1993,DJF,Northern Ireland,0.493,19.100
1994,DJF,Northern Ireland,0.719,11.633
1995,DJF,Northern Ireland,0.728,12.078
1996,DJF,Northern Ireland,0.433,8.967
1997,DJF,Northern Ireland,0.404,9.667
1998,DJF,Northern Ireland,0.508,11.700
1999,DJF,Northern Ireland,0.673,10.656
2000,DJF,Northern Ireland,0.674,11.267
2001,DJF,Northern Ireland,0.471,6.611
2002,DJF,Northern Ireland,0.598,21.689
2003,DJF,Northern Ireland,0.459,9.144
2004,DJF,Northern Ireland,0.485,9.800
2005,DJF,Northern Ireland,0.544,9.511
2006,DJF,Northern Ireland,0.387,8.311
2007,DJF,Northern Ireland,0.639,10.967
2008,DJF,Northern Ireland,0.584,12.756
2009,DJF,Northern Ireland,0.458,9.856
2010,DJF,Northern Ireland,0.448,7.356
2011,DJF,Northern Ireland,0.470,10.478
2012,DJF,Northern Ireland,0.636,14.189
2013,DJF,Northern Ireland,0.589,10.778
2014,DJF,Northern Ireland,0.762,18.844
2015,DJF,Northern Ireland,0.631,12.222
2016,DJF,Northern Ireland,0.753,17.322
2017,DJF,Northern Ireland,0.401,11.478
2018,DJF,Northern Ireland,0.633,12.256
2019,DJF,Northern Ireland,0.461,6.656
2020,DJF,Northern Ireland,0.622,18.844
2021,DJF,Northern Ireland,0.591,8.578
1892,DJF,Wales,0.574,8.352
1893,DJF,Wales,0.555,14.908
1894,DJF,Wales,0.647,12.739
1895,DJF,Wales,0.442,10.535
1896,DJF,Wales,0.391,12.289
1897,DJF,Wales,0.570,11.077
1898,DJF,Wales,0.515,12.134
1899,DJF,Wales,0.575,14.923
1900,DJF,Wales,0.650,13.507
1901,DJF,Wales,0.537,11.070
1902,DJF,Wales,0.525,12.542
1903,DJF,Wales,0.524,11.789
1904,DJF,Wales,0.646,19.246
1905,DJF,Wales,0.476,13.232
1906,DJF,Wales,0.542,9.331
1907,DJF,Wales,0.509,9.338
1908,DJF,Wales,0.554,15.951
1909,DJF,Wales,0.468,13.437
1910,DJF,Wales,0.715,15.324
1911,DJF,Wales,0.523,15.930
1912,DJF,Wales,0.689,19.275
1913,DJF,Wales,0.609,12.669
1914,DJF,Wales,0.505,10.901
1915,DJF,Wales,0.710,13.817
1916,DJF,Wales,0.719,15.007
1917,DJF,Wales,0.369,7.162
1918,DJF,Wales,0.502,11.204
1919,DJF,Wales,0.636,14.521
1920,DJF,Wales,0.686,11.838
1921,DJF,Wales,0.456,15.627
1922,DJF,Wales,0.674,16.176
1923,DJF,Wales,0.682,19.831
1924,DJF,Wales,0.527,10.521
1925,DJF,Wales,0.647,18.824
1926,DJF,Wales,0.683,16.577
1927,DJF,Wales,0.516,15.070
1928,DJF,Wales,0.554,13.676
1929,DJF,Wales,0.405,6.908
1930,DJF,Wales,0.588,21.225
1931,DJF,Wales,0.658,12.049
1932,DJF,Wales,0.362,14.972
1933,DJF,Wales,0.539,10.669
1934,DJF,Wales,0.302,8.944
1935,DJF,Wales,0.626,16.451
1936,DJF,Wales,0.599,12.373
1937,DJF,Wales,0.720,15.789
1938,DJF,Wales,0.542,11.338
1939,DJF,Wales,0.628,12.218
1940,DJF,Wales,0.380,5.535
1941,DJF,Wales,0.562,10.634
1942,DJF,Wales,0.431,10.282
1943,DJF,Wales,0.669,12.993
1944,DJF,Wales,0.457,9.901
1945,DJF,Wales,0.556,12.345
1946,DJF,Wales,0.587,17.211
1947,DJF,Wales,0.507,10.190
1948,DJF,Wales,0.594,15.732
1949,DJF,Wales,0.480,12.056
1950,DJF,Wales,0.569,9.331
1951,DJF,Wales,0.641,12.099
1952,DJF,Wales,0.550,10.028
1953,DJF,Wales,0.456,10.937
1954,DJF,Wales,0.493,11.676
1955,DJF,Wales,0.575,7.225
1956,DJF,Wales,0.535,12.401
1957,DJF,Wales,0.627,19.141
1958,DJF,Wales,0.587,8.817
1959,DJF,Wales,0.445,11.923
1960,DJF,Wales,0.680,18.732
1961,DJF,Wales,0.607,15.063
1962,DJF,Wales,0.494,8.768
1963,DJF,Wales,0.321,8.972
1964,DJF,Wales,0.264,5.099
1965,DJF,Wales,0.450,13.303
1966,DJF,Wales,0.636,11.887
1967,DJF,Wales,0.572,13.155
1968,DJF,Wales,0.490,11.852
1969,DJF,Wales,0.556,12.007
1970,DJF,Wales,0.632,10.655
1971,DJF,Wales,0.469,13.528
1972,DJF,Wales,0.489,9.528
1973,DJF,Wales,0.480,7.472
1974,DJF,Wales,0.629,16.352
1975,DJF,Wales,0.607,13.880
1976,DJF,Wales,0.399,7.972
1977,DJF,Wales,0.613,11.704
1978,DJF,Wales,0.596,12.289
1979,DJF,Wales,0.525,8.655
1980,DJF,Wales,0.578,11.965
1981,DJF,Wales,0.540,13.310
1982,DJF,Wales,0.498,9.521
1983,DJF,Wales,0.528,12.268
1984,DJF,Wales,0.587,13.915
1985,DJF,Wales,0.450,9.155
1986,DJF,Wales,0.523,11.141
1987,DJF,Wales,0.491,11.817
1988,DJF,Wales,0.582,19.254
1989,DJF,Wales,0.474,9.035
1990,DJF,Wales,0.687,15.296
1991,DJF,Wales,0.479,19.880
1992,DJF,Wales,0.330,7.965
1993,DJF,Wales,0.464,14.908
1994,DJF,Wales,0.753,16.458
1995,DJF,Wales,0.755,18.225
1996,DJF,Wales,0.425,10.387
1997,DJF,Wales,0.367,6.338
1998,DJF,Wales,0.473,13.021
1999,DJF,Wales,0.661,12.521
2000,DJF,Wales,0.662,11.993
2001,DJF,Wales,0.564,8.458
2002,DJF,Wales,0.587,18.866
2003,DJF,Wales,0.489,10.958
2004,DJF,Wales,0.526,11.134
2005,DJF,Wales,0.454,7.479
2006,DJF,Wales,0.344,6.711
2007,DJF,Wales,0.645,12.866
2008,DJF,Wales,0.506,14.380
2009,DJF,Wales,0.414,10.085
2010,DJF,Wales,0.534,8.401
2011,DJF,Wales,0.458,10.113
2012,DJF,Wales,0.564,11.239
2013,DJF,Wales,0.570,15.070
2014,DJF,Wales,0.786,17.458
2015,DJF,Wales,0.594,11.803
2016,DJF,Wales,0.746,22.592
2017,DJF,Wales,0.481,13.049
2018,DJF,Wales,0.644,15.606
2019,DJF,Wales,0.489,14.408
2020,DJF,Wales,0.656,18.275
2021,DJF,Wales,0.652,15.739
1892,MAM,East Midlands,0.283,4.486
1893,MAM,East Midlands,0.151,4.327
1894,MAM,East Midlands,0.330,6.514
1895,MAM,East Midlands,0.322,7.991
1896,MAM,East Midlands,0.325,6.336
1897,MAM,East Midlands,0.388,6.150
1898,MAM,East Midlands,0.390,8.299
1899,MAM,East Midlands,0.393,8.514
1900,MAM,East Midlands,0.236,3.636
1901,MAM,East Midlands,0.354,6.178
1902,MAM,East Midlands,0.360,6.533
1903,MAM,East Midlands,0.457,14.822
1904,MAM,East Midlands,0.347,5.131
1905,MAM,East Midlands,0.378,8.832
1906,MAM,East Midlands,0.331,4.252
1907,MAM,East Midlands,0.424,7.523
1908,MAM,East Midlands,0.435,6.785
1909,MAM,East Midlands,0.341,5.327
1910,MAM,East Midlands,0.345,5.486
1911,MAM,East Midlands,0.267,5.206
1912,MAM,East Midlands,0.292,9.374
1913,MAM,East Midlands,0.417,7.935
1914,MAM,East Midlands,0.355,5.944
1915,MAM,East Midlands,0.216,3.299
1916,MAM,East Midlands,0.397,7.262
1917,MAM,East Midlands,0.332,4.897
1918,MAM,East Midlands,0.286,4.514
1919,MAM,East Midlands,0.329,6.449
1920,MAM,East Midlands,0.493,10.000
1921,MAM,East Midlands,0.315,4.318
1922,MAM,East Midlands,0.370,5.654
1923,MAM,East Midlands,0.332,4.290
1924,MAM,East Midlands,0.357,8.458
1925,MAM,East Midlands,0.394,5.617
1926,MAM,East Midlands,0.356,5.570
1927,MAM,East Midlands,0.344,5.907
1928,MAM,East Midlands,0.331,4.692
1929,MAM,East Midlands,0.190,4.065
1930,MAM,East Midlands,0.368,4.748
1931,MAM,East Midlands,0.312,5.869
1932,MAM,East Midlands,0.462,6.598
1933,MAM,East Midlands,0.306,5.570
1934,MAM,East Midlands,0.336,5.589
1935,MAM,East Midlands,0.284,6.626
1936,MAM,East Midlands,0.289,3.991
1937,MAM,East Midlands,0.406,5.467
1938,MAM,East Midlands,0.145,5.065
1939,MAM,East Midlands,0.311,5.028
1940,MAM,East Midlands,0.302,4.607
1941,MAM,East Midlands,0.297,5.121
1942,MAM,East Midlands,0.316,7.822
1943,MAM,East Midlands,0.225,5.953
1944,MAM,East Midlands,0.190,5.299
1945,MAM,East Midlands,0.272,4.561
1946,MAM,East Midlands,0.224,4.084
1947,MAM,East Midlands,0.444,9.981
1948,MAM,East Midlands,0.251,5.991
1949,MAM,East Midlands,0.274,4.888
1950,MAM,East Midlands,0.352,5.131
1951,MAM,East Midlands,0.460,7.000
1952,MAM,East Midlands,0.356,8.047
1953,MAM,East Midlands,0.277,7.271
1954,MAM,East Midlands,0.284,5.832
1955,MAM,East Midlands,0.327,5.617
1956,MAM,East Midlands,0.180,2.617
1957,MAM,East Midlands,0.257,5.738
1958,MAM,East Midlands,0.309,6.243
1959,MAM,East Midlands,0.272,4.729
1960,MAM,East Midlands,0.202,3.794
1961,MAM,East Midlands,0.256,5.168
1962,MAM,East Midlands,0.323,5.280
1963,MAM,East Midlands,0.421,5.514
1964,MAM,East Midlands,0.338,6.047
1965,MAM,East Midlands,0.375,7.841
1966,MAM,East Midlands,0.360,6.280
1967,MAM,East Midlands,0.405,8.710
1968,MAM,East Midlands,0.336,6.393
1969,MAM,East Midlands,0.437,6.701
1970,MAM,East Midlands,0.339,5.009
1971,MAM,East Midlands,0.258,4.813
1972,MAM,East Midlands,0.430,6.981
1973,MAM,East Midlands,0.306,4.411
1974,MAM,East Midlands,0.212,3.579
1975,MAM,East Midlands,0.399,6.953
1976,MAM,East Midlands,0.251,3.402
1977,MAM,East Midlands,0.357,5.879
1978,MAM,East Midlands,0.300,4.178
1979,MAM,East Midlands,0.515,6.411
1980,MAM,East Midlands,0.254,4.299
1981,MAM,East Midlands,0.474,7.449
1982,MAM,East Midlands,0.278,3.944
1983,MAM,East Midlands,0.508,7.991
1984,MAM,East Midlands,0.230,4.935
1985,MAM,East Midlands,0.370,4.701
1986,MAM,East Midlands,0.444,7.140
1987,MAM,East Midlands,0.345,6.467
1988,MAM,East Midlands,0.400,5.822
1989,MAM,East Midlands,0.360,5.047
1990,MAM,East Midlands,0.177,3.879
1991,MAM,East Midlands,0.240,4.280
1992,MAM,East Midlands,0.355,5.477
1993,MAM,East Midlands,0.241,4.215
1994,MAM,East Midlands,0.378,5.710
1995,MAM,East Midlands,0.252,3.916
1996,MAM,East Midlands,0.229,3.430
1997,MAM,East Midlands,0.213,3.748
1998,MAM,East Midlands,0.385,7.065
1999,MAM,East Midlands,0.393,7.252
2000,MAM,East Midlands,0.406,8.421
2001,MAM,East Midlands,0.393,7.215
2002,MAM,East Midlands,0.287,6.879
2003,MAM,East Midlands,0.281,9.159
2004,MAM,East Midlands,0.330,5.514
2005,MAM,East Midlands,0.311,3.794
2006,MAM,East Midlands,0.424,8.963
2007,MAM,East Midlands,0.271,7.626
2008,MAM,East Midlands,0.365,5.224
2009,MAM,East Midlands,0.258,5.486
2010,MAM,East Midlands,0.223,3.841
2011,MAM,East Midlands,0.119,2.112
2012,MAM,East Midlands,0.374,11.336
2013,MAM,East Midlands,0.294,4.916
2014,MAM,East Midlands,0.351,6.430
2015,MAM,East Midlands,0.292,6.551
2016,MAM,East Midlands,0.374,4.701
2017,MAM,East Midlands,0.264,5.757
2018,MAM,East Midlands,0.395,6.879
2019,MAM,East Midlands,0.298,6.925
2020,MAM,East Midlands,0.148,3.888
2021,MAM,East Midlands,0.291,6.598
1892,MAM,East of England,0.262,3.455
1893,MAM,East of England,0.109,2.644
1894,MAM,East of England,0.291,5.508
1895,MAM,East of England,0.270,6.720
1896,MAM,East of England,0.306,4.962
1897,MAM,East of England,0.354,5.106
1898,MAM,East of England,0.386,6.735
1899,MAM,East of England,0.321,5.795
1900,MAM,East of England,0.212,3.811
1901,MAM,East of England,0.333,6.098
1902,MAM,East of England,0.330,6.939
1903,MAM,East of England,0.432,9.144
1904,MAM,East of England,0.293,3.667
1905,MAM,East of England,0.357,8.144
1906,MAM,East of England,0.321,4.265
1907,MAM,East of England,0.422,7.523
1908,MAM,East of England,0.409,4.970
1909,MAM,East of England,0.326,4.591
1910,MAM,East of England,0.333,5.848
1911,MAM,East of England,0.280,4.598
1912,MAM,East of England,0.266,5.939
1913,MAM,East of England,0.389,7.871
1914,MAM,East of England,0.339,6.015
1915,MAM,East of England,0.214,3.205
1916,MAM,East of England,0.391,5.568
1917,MAM,East of England,0.299,4.750
1918,MAM,East of England,0.259,4.197
1919,MAM,East of England,0.332,7.894
1920,MAM,East of England,0.434,8.765
1921,MAM,East of England,0.268,4.061
1922,MAM,East of England,0.380,4.833
1923,MAM,East of England,0.292,3.583
1924,MAM,East of England,0.328,6.583
1925,MAM,East of England,0.380,5.295
1926,MAM,East of England,0.317,7.394
1927,MAM,East of England,0.323,6.424
1928,MAM,East of England,0.321,6.091
1929,MAM,East of England,0.168,3.424
1930,MAM,East of England,0.341,4.500
1931,MAM,East of England,0.311,5.674
1932,MAM,East of England,0.480,6.955
1933,MAM,East of England,0.296,5.727
1934,MAM,East of England,0.331,6.000
1935,MAM,East of England,0.291,6.371
1936,MAM,East of England,0.218,3.629
1937,MAM,East of England,0.427,6.833
1938,MAM,East of England,0.172,4.273
1939,MAM,East of England,0.317,5.076
1940,MAM,East of England,0.280,4.341
1941,MAM,East of England,0.273,3.970
1942,MAM,East of England,0.281,5.530
1943,MAM,East of England,0.217,5.629
1944,MAM,East of England,0.176,4.644
1945,MAM,East of England,0.256,5.288
1946,MAM,East of England,0.243,4.841
1947,MAM,East of England,0.367,6.470
1948,MAM,East of England,0.236,5.144
1949,MAM,East of England,0.245,4.341
1950,MAM,East of England,0.289,4.356
1951,MAM,East of England,0.451,8.689
1952,MAM,East of England,0.347,5.530
1953,MAM,East of England,0.260,4.545
1954,MAM,East of England,0.263,5.220
1955,MAM,East of England,0.279,6.030
1956,MAM,East of England,0.155,2.659
1957,MAM,East of England,0.240,4.439
1958,MAM,East of England,0.273,4.386
1959,MAM,East of England,0.271,4.447
1960,MAM,East of England,0.154,3.015
1961,MAM,East of England,0.226,5.970
1962,MAM,East of England,0.346,5.659
1963,MAM,East of England,0.406,5.833
1964,MAM,East of England,0.295,5.576
1965,MAM,East of England,0.384,7.273
1966,MAM,East of England,0.300,4.485
1967,MAM,East of England,0.366,5.432
1968,MAM,East of England,0.311,4.667
1969,MAM,East of England,0.383,5.568
1970,MAM,East of England,0.324,6.205
1971,MAM,East of England,0.246,4.871
1972,MAM,East of England,0.367,5.833
1973,MAM,East of England,0.304,3.985
1974,MAM,East of England,0.182,2.500
1975,MAM,East of England,0.428,7.674
1976,MAM,East of England,0.167,2.402
1977,MAM,East of England,0.349,5.144
1978,MAM,East of England,0.303,4.159
1979,MAM,East of England,0.483,6.417
1980,MAM,East of England,0.231,4.614
1981,MAM,East of England,0.468,8.492
1982,MAM,East of England,0.289,4.167
1983,MAM,East of England,0.524,7.629
1984,MAM,East of England,0.234,5.114
1985,MAM,East of England,0.327,4.394
1986,MAM,East of England,0.449,6.750
1987,MAM,East of England,0.343,5.697
1988,MAM,East of England,0.376,5.871
1989,MAM,East of England,0.310,4.364
1990,MAM,East of England,0.157,4.591
1991,MAM,East of England,0.214,3.765
1992,MAM,East of England,0.318,5.902
1993,MAM,East of England,0.228,3.280
1994,MAM,East of England,0.358,6.652
1995,MAM,East of England,0.233,3.364
1996,MAM,East of England,0.173,3.341
1997,MAM,East of England,0.177,4.023
1998,MAM,East of England,0.385,10.129
1999,MAM,East of England,0.299,4.720
2000,MAM,East of England,0.414,8.689
2001,MAM,East of England,0.450,7.258
2002,MAM,East of England,0.291,6.439
2003,MAM,East of England,0.211,4.462
2004,MAM,East of England,0.343,6.227
2005,MAM,East of England,0.304,4.083
2006,MAM,East of England,0.355,7.553
2007,MAM,East of England,0.242,7.848
2008,MAM,East of England,0.372,5.583
2009,MAM,East of England,0.222,4.932
2010,MAM,East of England,0.208,3.970
2011,MAM,East of England,0.082,1.826
2012,MAM,East of England,0.373,13.811
2013,MAM,East of England,0.288,4.962
2014,MAM,East of England,0.276,5.371
2015,MAM,East of England,0.255,4.871
2016,MAM,East of England,0.347,3.970
2017,MAM,East of England,0.222,4.114
2018,MAM,East of England,0.356,7.629
2019,MAM,East of England,0.268,5.068
2020,MAM,East of England,0.134,4.220
2021,MAM,East of England,0.297,6.265
1892,MAM,East Scotland,0.336,10.048
1893,MAM,East Scotland,0.289,6.425
1894,MAM,East Scotland,0.461,9.814
1895,MAM,East Scotland,0.379,7.030
1896,MAM,East Scotland,0.346,6.150
1897,MAM,East Scotland,0.492,12.599
1898,MAM,East Scotland,0.461,7.527
1899,MAM,East Scotland,0.534,12.461
1900,MAM,East Scotland,0.417,7.641
1901,MAM,East Scotland,0.444,8.371
1902,MAM,East Scotland,0.520,8.491
1903,MAM,East Scotland,0.550,15.084
1904,MAM,East Scotland,0.535,10.772
1905,MAM,East Scotland,0.551,10.581
1906,MAM,East Scotland,0.523,10.461
1907,MAM,East Scotland,0.452,10.120
1908,MAM,East Scotland,0.498,8.210
1909,MAM,East Scotland,0.511,8.617
1910,MAM,East Scotland,0.424,5.473
1911,MAM,East Scotland,0.401,9.479
1912,MAM,East Scotland,0.379,6.491
1913,MAM,East Scotland,0.523,8.754
1914,MAM,East Scotland,0.478,7.719
1915,MAM,East Scotland,0.386,6.377
1916,MAM,East Scotland,0.530,11.868
1917,MAM,East Scotland,0.410,7.060
1918,MAM,East Scotland,0.303,4.862
1919,MAM,East Scotland,0.372,6.701
1920,MAM,East Scotland,0.538,9.359
1921,MAM,East Scotland,0.446,7.892
1922,MAM,East Scotland,0.412,6.820
1923,MAM,East Scotland,0.427,8.760
1924,MAM,East Scotland,0.423,10.371
1925,MAM,East Scotland,0.544,9.874
1926,MAM,East Scotland,0.501,8.024
1927,MAM,East Scotland,0.485,7.623
1928,MAM,East Scotland,0.444,7.910
1929,MAM,East Scotland,0.314,6.617
1930,MAM,East Scotland,0.399,6.796
1931,MAM,East Scotland,0.449,7.982
1932,MAM,East Scotland,0.527,6.916
1933,MAM,East Scotland,0.400,5.473
1934,MAM,East Scotland,0.514,11.533
1935,MAM,East Scotland,0.350,6.838
1936,MAM,East Scotland,0.328,5.335
1937,MAM,East Scotland,0.435,7.413
1938,MAM,East Scotland,0.324,9.731
1939,MAM,East Scotland,0.418,6.431
1940,MAM,East Scotland,0.446,8.814
1941,MAM,East Scotland,0.395,8.150
1942,MAM,East Scotland,0.367,9.994
1943,MAM,East Scotland,0.381,6.976
1944,MAM,East Scotland,0.368,6.036
1945,MAM,East Scotland,0.443,10.946
1946,MAM,East Scotland,0.322,7.653
1947,MAM,East Scotland,0.561,12.156
1948,MAM,East Scotland,0.357,8.287
1949,MAM,East Scotland,0.406,7.701
1950,MAM,East Scotland,0.406,6.587
1951,MAM,East Scotland,0.447,6.275
1952,MAM,East Scotland,0.337,5.234
1953,MAM,East Scotland,0.337,6.407
1954,MAM,East Scotland,0.359,6.395
1955,MAM,East Scotland,0.385,7.653
1956,MAM,East Scotland,0.307,5.108
1957,MAM,East Scotland,0.395,6.808
1958,MAM,East Scotland,0.418,6.413
1959,MAM,East Scotland,0.389,7.665
1960,MAM,East Scotland,0.350,7.365
1961,MAM,East Scotland,0.367,6.743
1962,MAM,East Scotland,0.370,7.503
1963,MAM,East Scotland,0.539,7.820
1964,MAM,East Scotland,0.403,8.419
1965,MAM,East Scotland,0.452,6.802
1966,MAM,East Scotland,0.440,7.503
1967,MAM,East Scotland,0.509,11.731
1968,MAM,East Scotland,0.404,6.647
1969,MAM,East Scotland,0.461,9.275
1970,MAM,East Scotland,0.406,7.263
1971,MAM,East Scotland,0.339,4.287
1972,MAM,East Scotland,0.464,10.940
1973,MAM,East Scotland,0.360,6.240
1974,MAM,East Scotland,0.326,8.000
1975,MAM,East Scotland,0.362,7.527
1976,MAM,East Scotland,0.445,8.419
1977,MAM,East Scotland,0.487,9.395
1978,MAM,East Scotland,0.399,8.497
1979,MAM,East Scotland,0.553,7.210
1980,MAM,East Scotland,0.288,6.138
1981,MAM,East Scotland,0.405,5.958
1982,MAM,East Scotland,0.356,8.593
1983,MAM,East Scotland,0.550,11.228
1984,MAM,East Scotland,0.272,6.766
1985,MAM,East Scotland,0.466,12.515
1986,MAM,East Scotland,0.549,8.844
1987,MAM,East Scotland,0.383,5.425
1988,MAM,East Scotland,0.410,6.575
1989,MAM,East Scotland,0.406,7.719
1990,MAM,East Scotland,0.380,6.970
1991,MAM,East Scotland,0.333,7.611
1992,MAM,East Scotland,0.467,8.611
1993,MAM,East Scotland,0.437,6.677
1994,MAM,East Scotland,0.424,8.593
1995,MAM,East Scotland,0.423,8.377
1996,MAM,East Scotland,0.420,9.503
1997,MAM,East Scotland,0.364,6.425
1998,MAM,East Scotland,0.443,8.970
1999,MAM,East Scotland,0.423,7.766
2000,MAM,East Scotland,0.428,8.048
2001,MAM,East Scotland,0.392,6.347
2002,MAM,East Scotland,0.455,10.587
2003,MAM,East Scotland,0.383,10.862
2004,MAM,East Scotland,0.424,6.994
2005,MAM,East Scotland,0.475,7.772
2006,MAM,East Scotland,0.502,9.647
2007,MAM,East Scotland,0.361,7.988
2008,MAM,East Scotland,0.460,9.940
2009,MAM,East Scotland,0.402,7.371
2010,MAM,East Scotland,0.357,7.060
2011,MAM,East Scotland,0.378,8.665
2012,MAM,East Scotland,0.407,9.689
2013,MAM,East Scotland,0.424,7.395
2014,MAM,East Scotland,0.444,7.359
2015,MAM,East Scotland,0.448,6.832
2016,MAM,East Scotland,0.386,8.150
2017,MAM,East Scotland,0.327,5.940
2018,MAM,East Scotland,0.389,4.689
2019,MAM,East Scotland,0.424,8.072
2020,MAM,East Scotland,0.261,6.784
2021,MAM,East Scotland,0.387,7.593
1892,MAM,London,0.215,3.000
1893,MAM,London,0.119,4.583
1894,MAM,London,0.306,5.250
1895,MAM,London,0.274,5.583
1896,MAM,London,0.258,4.833
1897,MAM,London,0.390,6.500
1898,MAM,London,0.350,5.667
1899,MAM,London,0.295,5.417
1900,MAM,London,0.216,3.833
1901,MAM,London,0.335,6.917
1902,MAM,London,0.347,6.000
1903,MAM,London,0.426,7.667
1904,MAM,London,0.351,4.000
1905,MAM,London,0.351,10.500
1906,MAM,London,0.270,4.000
1907,MAM,London,0.382,6.500
1908,MAM,London,0.361,4.250
1909,MAM,London,0.370,5.000
1910,MAM,London,0.322,5.500
1911,MAM,London,0.284,4.250
1912,MAM,London,0.241,7.000
1913,MAM,London,0.423,8.167
1914,MAM,London,0.355,6.833
1915,MAM,London,0.212,2.167
1916,MAM,London,0.380,4.667
1917,MAM,London,0.342,5.417
1918,MAM,London,0.305,3.417
1919,MAM,London,0.318,6.667
1920,MAM,London,0.361,6.250
1921,MAM,London,0.303,3.750
1922,MAM,London,0.361,4.000
1923,MAM,London,0.351,4.333
1924,MAM,London,0.380,7.083
1925,MAM,London,0.352,4.417
1926,MAM,London,0.304,5.083
1927,MAM,London,0.304,5.333
1928,MAM,London,0.349,8.500
1929,MAM,London,0.160,3.833
1930,MAM,London,0.388,5.000
1931,MAM,London,0.296,6.000
1932,MAM,London,0.444,6.667
1933,MAM,London,0.305,5.833
1934,MAM,London,0.314,7.000
1935,MAM,London,0.305,8.750
1936,MAM,London,0.229,2.833
1937,MAM,London,0.413,5.167
1938,MAM,London,0.171,5.417
1939,MAM,London,0.275,5.917
1940,MAM,London,0.321,6.417
1941,MAM,London,0.311,5.417
1942,MAM,London,0.332,6.417
1943,MAM,London,0.199,4.667
1944,MAM,London,0.129,3.167
1945,MAM,London,0.226,4.000
1946,MAM,London,0.284,3.917
1947,MAM,London,0.402,6.000
1948,MAM,London,0.247,5.833
1949,MAM,London,0.223,4.500
1950,MAM,London,0.341,5.250
1951,MAM,London,0.438,7.500
1952,MAM,London,0.347,5.583
1953,MAM,London,0.246,5.083
1954,MAM,London,0.302,4.750
1955,MAM,London,0.272,5.583
1956,MAM,London,0.157,3.083
1957,MAM,London,0.217,3.333
1958,MAM,London,0.246,3.083
1959,MAM,London,0.314,5.167
1960,MAM,London,0.188,3.583
1961,MAM,London,0.180,4.083
1962,MAM,London,0.310,4.083
1963,MAM,London,0.412,5.000
1964,MAM,London,0.344,6.500
1965,MAM,London,0.350,5.417
1966,MAM,London,0.320,6.333
1967,MAM,London,0.386,5.833
1968,MAM,London,0.300,4.000
1969,MAM,London,0.312,5.167
1970,MAM,London,0.341,5.167
1971,MAM,London,0.245,5.083
1972,MAM,London,0.377,5.333
1973,MAM,London,0.282,4.417
1974,MAM,London,0.188,3.250
1975,MAM,London,0.367,4.250
1976,MAM,London,0.135,2.500
1977,MAM,London,0.333,7.833
1978,MAM,London,0.361,4.667
1979,MAM,London,0.491,7.417
1980,MAM,London,0.220,3.167
1981,MAM,London,0.457,7.000
1982,MAM,London,0.293,4.333
1983,MAM,London,0.547,7.833
1984,MAM,London,0.265,4.417
1985,MAM,London,0.300,4.667
1986,MAM,London,0.480,7.917
1987,MAM,London,0.354,5.583
1988,MAM,London,0.348,3.917
1989,MAM,London,0.298,4.167
1990,MAM,London,0.140,6.083
1991,MAM,London,0.221,3.667
1992,MAM,London,0.292,4.750
1993,MAM,London,0.248,4.917
1994,MAM,London,0.402,5.000
1995,MAM,London,0.210,3.417
1996,MAM,London,0.182,3.083
1997,MAM,London,0.139,3.750
1998,MAM,London,0.403,9.833
1999,MAM,London,0.286,3.750
2000,MAM,London,0.439,10.500
2001,MAM,London,0.409,6.667
2002,MAM,London,0.331,7.000
2003,MAM,London,0.208,3.083
2004,MAM,London,0.351,4.167
2005,MAM,London,0.279,4.083
2006,MAM,London,0.365,8.333
2007,MAM,London,0.255,6.667
2008,MAM,London,0.399,5.583
2009,MAM,London,0.217,3.333
2010,MAM,London,0.216,4.667
2011,MAM,London,0.099,2.000
2012,MAM,London,0.334,9.083
2013,MAM,London,0.300,4.417
2014,MAM,London,0.303,7.000
2015,MAM,London,0.246,3.167
2016,MAM,London,0.310,4.083
2017,MAM,London,0.191,3.833
2018,MAM,London,0.372,7.250
2019,MAM,London,0.261,4.500
2020,MAM,London,0.148,4.583
2021,MAM,London,0.249,6.667
1892,MAM,North East England,0.362,9.371
1893,MAM,North East England,0.190,5.226
1894,MAM,North East England,0.408,10.048
1895,MAM,North East England,0.333,6.774
1896,MAM,North East England,0.335,4.855
1897,MAM,North East England,0.466,9.387
1898,MAM,North East England,0.394,7.661
1899,MAM,North East England,0.494,9.452
1900,MAM,North East England,0.342,6.468
1901,MAM,North East England,0.423,6.048
1902,MAM,North East England,0.428,7.081
1903,MAM,North East England,0.413,10.210
1904,MAM,North East England,0.430,6.500
1905,MAM,North East England,0.425,8.161
1906,MAM,North East England,0.440,6.210
1907,MAM,North East England,0.406,7.274
1908,MAM,North East England,0.518,6.274
1909,MAM,North East England,0.479,8.935
1910,MAM,North East England,0.367,5.516
1911,MAM,North East England,0.397,9.565
1912,MAM,North East England,0.320,5.339
1913,MAM,North East England,0.487,7.887
1914,MAM,North East England,0.411,7.032
1915,MAM,North East England,0.326,4.210
1916,MAM,North East England,0.513,9.839
1917,MAM,North East England,0.421,7.242
1918,MAM,North East England,0.302,3.839
1919,MAM,North East England,0.388,8.177
1920,MAM,North East England,0.524,8.919
1921,MAM,North East England,0.359,5.613
1922,MAM,North East England,0.363,6.629
1923,MAM,North East England,0.403,6.339
1924,MAM,North East England,0.394,10.306
1925,MAM,North East England,0.514,8.242
1926,MAM,North East England,0.397,6.226
1927,MAM,North East England,0.449,7.774
1928,MAM,North East England,0.416,7.194
1929,MAM,North East England,0.228,4.403
1930,MAM,North East England,0.422,6.435
1931,MAM,North East England,0.417,8.581
1932,MAM,North East England,0.508,6.565
1933,MAM,North East England,0.371,5.403
1934,MAM,North East England,0.455,8.274
1935,MAM,North East England,0.307,6.790
1936,MAM,North East England,0.303,6.339
1937,MAM,North East England,0.489,8.242
1938,MAM,North East England,0.223,6.242
1939,MAM,North East England,0.368,6.452
1940,MAM,North East England,0.343,5.452
1941,MAM,North East England,0.332,7.242
1942,MAM,North East England,0.309,6.758
1943,MAM,North East England,0.320,7.790
1944,MAM,North East England,0.279,5.194
1945,MAM,North East England,0.376,7.565
1946,MAM,North East England,0.295,5.661
1947,MAM,North East England,0.489,10.548
1948,MAM,North East England,0.281,8.952
1949,MAM,North East England,0.299,5.484
1950,MAM,North East England,0.388,5.903
1951,MAM,North East England,0.447,7.000
1952,MAM,North East England,0.285,4.790
1953,MAM,North East England,0.277,5.677
1954,MAM,North East England,0.305,5.194
1955,MAM,North East England,0.350,6.065
1956,MAM,North East England,0.233,3.113
1957,MAM,North East England,0.305,5.935
1958,MAM,North East England,0.415,7.839
1959,MAM,North East England,0.268,5.258
1960,MAM,North East England,0.305,4.887
1961,MAM,North East England,0.301,4.774
1962,MAM,North East England,0.406,8.177
1963,MAM,North East England,0.444,5.758
1964,MAM,North East England,0.401,5.758
1965,MAM,North East England,0.446,8.032
1966,MAM,North East England,0.379,5.839
1967,MAM,North East England,0.465,8.919
1968,MAM,North East England,0.361,7.806
1969,MAM,North East England,0.459,9.274
1970,MAM,North East England,0.380,7.161
1971,MAM,North East England,0.339,4.984
1972,MAM,North East England,0.440,8.581
1973,MAM,North East England,0.344,6.677
1974,MAM,North East England,0.264,7.468
1975,MAM,North East England,0.380,5.806
1976,MAM,North East England,0.404,7.403
1977,MAM,North East England,0.415,7.726
1978,MAM,North East England,0.320,5.323
1979,MAM,North East England,0.554,7.903
1980,MAM,North East England,0.283,5.710
1981,MAM,North East England,0.449,7.306
1982,MAM,North East England,0.256,5.339
1983,MAM,North East England,0.526,8.323
1984,MAM,North East England,0.285,7.484
1985,MAM,North East England,0.422,8.177
1986,MAM,North East England,0.499,7.677
1987,MAM,North East England,0.365,5.597
1988,MAM,North East England,0.398,6.177
1989,MAM,North East England,0.357,7.306
1990,MAM,North East England,0.253,5.758
1991,MAM,North East England,0.299,5.419
1992,MAM,North East England,0.396,7.290
1993,MAM,North East England,0.370,4.984
1994,MAM,North East England,0.400,6.790
1995,MAM,North East England,0.367,5.790
1996,MAM,North East England,0.311,4.661
1997,MAM,North East England,0.298,5.629
1998,MAM,North East England,0.454,9.774
1999,MAM,North East England,0.429,8.613
2000,MAM,North East England,0.402,7.774
2001,MAM,North East England,0.377,6.258
2002,MAM,North East England,0.375,7.339
2003,MAM,North East England,0.332,9.500
2004,MAM,North East England,0.366,5.677
2005,MAM,North East England,0.391,6.145
2006,MAM,North East England,0.461,9.952
2007,MAM,North East England,0.280,7.790
2008,MAM,North East England,0.432,8.742
2009,MAM,North East England,0.301,6.081
2010,MAM,North East England,0.270,4.871
2011,MAM,North East England,0.263,5.452
2012,MAM,North East England,0.353,7.242
2013,MAM,North East England,0.386,6.855
2014,MAM,North East England,0.401,6.823
2015,MAM,North East England,0.400,6.984
2016,MAM,North East England,0.352,7.113
2017,MAM,North East England,0.274,4.774
2018,MAM,North East England,0.378,7.548
2019,MAM,North East England,0.330,8.677
2020,MAM,North East England,0.181,4.661
2021,MAM,North East England,0.324,6.306
1892,MAM,North Scotland,0.494,17.386
1893,MAM,North Scotland,0.474,9.781
1894,MAM,North Scotland,0.498,12.223
1895,MAM,North Scotland,0.541,14.660
1896,MAM,North Scotland,0.573,14.135
1897,MAM,North Scotland,0.616,17.944
1898,MAM,North Scotland,0.665,14.577
1899,MAM,North Scotland,0.617,17.940
1900,MAM,North Scotland,0.567,11.740
1901,MAM,North Scotland,0.487,10.051
1902,MAM,North Scotland,0.670,12.735
1903,MAM,North Scotland,0.642,19.377
1904,MAM,North Scotland,0.622,15.712
1905,MAM,North Scotland,0.647,14.991
1906,MAM,North Scotland,0.667,14.377
1907,MAM,North Scotland,0.588,15.800
1908,MAM,North Scotland,0.592,11.670
1909,MAM,North Scotland,0.593,10.660
1910,MAM,North Scotland,0.582,11.102
1911,MAM,North Scotland,0.489,11.144
1912,MAM,North Scotland,0.537,9.549
1913,MAM,North Scotland,0.612,10.395
1914,MAM,North Scotland,0.573,11.163
1915,MAM,North Scotland,0.540,18.660
1916,MAM,North Scotland,0.634,16.823
1917,MAM,North Scotland,0.586,13.033
1918,MAM,North Scotland,0.370,6.093
1919,MAM,North Scotland,0.514,11.842
1920,MAM,North Scotland,0.680,15.605
1921,MAM,North Scotland,0.635,12.381
1922,MAM,North Scotland,0.613,10.935
1923,MAM,North Scotland,0.495,15.679
1924,MAM,North Scotland,0.538,9.716
1925,MAM,North Scotland,0.678,13.660
1926,MAM,North Scotland,0.616,10.856
1927,MAM,North Scotland,0.657,20.274
1928,MAM,North Scotland,0.479,11.279
1929,MAM,North Scotland,0.418,9.405
1930,MAM,North Scotland,0.544,10.819
1931,MAM,North Scotland,0.537,9.381
1932,MAM,North Scotland,0.619,13.284
1933,MAM,North Scotland,0.515,9.005
1934,MAM,North Scotland,0.662,15.163
1935,MAM,North Scotland,0.432,12.112
1936,MAM,North Scotland,0.441,8.740
1937,MAM,North Scotland,0.412,10.400
1938,MAM,North Scotland,0.533,16.274
1939,MAM,North Scotland,0.478,8.814
1940,MAM,North Scotland,0.543,12.209
1941,MAM,North Scotland,0.430,8.860
1942,MAM,North Scotland,0.384,10.228
1943,MAM,North Scotland,0.586,10.437
1944,MAM,North Scotland,0.518,8.107
1945,MAM,North Scotland,0.548,12.493
1946,MAM,North Scotland,0.408,9.902
1947,MAM,North Scotland,0.540,13.326
1948,MAM,North Scotland,0.490,10.428
1949,MAM,North Scotland,0.576,11.084
1950,MAM,North Scotland,0.556,10.777
1951,MAM,North Scotland,0.517,12.823
1952,MAM,North Scotland,0.489,10.656
1953,MAM,North Scotland,0.444,9.405
1954,MAM,North Scotland,0.451,8.591
1955,MAM,North Scotland,0.501,14.298
1956,MAM,North Scotland,0.453,8.656
1957,MAM,North Scotland,0.475,8.581
1958,MAM,North Scotland,0.528,10.172
1959,MAM,North Scotland,0.481,13.084
1960,MAM,North Scotland,0.319,8.005
1961,MAM,North Scotland,0.496,12.470
1962,MAM,North Scotland,0.484,10.795
1963,MAM,North Scotland,0.595,14.972
1964,MAM,North Scotland,0.478,15.577
1965,MAM,North Scotland,0.512,10.479
1966,MAM,North Scotland,0.559,12.935
1967,MAM,North Scotland,0.659,14.549
1968,MAM,North Scotland,0.542,16.256
1969,MAM,North Scotland,0.458,9.428
1970,MAM,North Scotland,0.663,14.079
1971,MAM,North Scotland,0.486,7.028
1972,MAM,North Scotland,0.477,13.484
1973,MAM,North Scotland,0.528,10.814
1974,MAM,North Scotland,0.294,8.484
1975,MAM,North Scotland,0.495,10.995
1976,MAM,North Scotland,0.517,12.033
1977,MAM,North Scotland,0.582,13.753
1978,MAM,North Scotland,0.457,11.586
1979,MAM,North Scotland,0.698,9.884
1980,MAM,North Scotland,0.351,5.679
1981,MAM,North Scotland,0.460,11.167
1982,MAM,North Scotland,0.516,11.084
1983,MAM,North Scotland,0.570,12.014
1984,MAM,North Scotland,0.364,9.684
1985,MAM,North Scotland,0.563,11.028
1986,MAM,North Scotland,0.646,13.340
1987,MAM,North Scotland,0.473,8.805
1988,MAM,North Scotland,0.492,9.326
1989,MAM,North Scotland,0.541,11.707
1990,MAM,North Scotland,0.559,10.093
1991,MAM,North Scotland,0.482,10.916
1992,MAM,North Scotland,0.637,16.558
1993,MAM,North Scotland,0.488,10.042
1994,MAM,North Scotland,0.599,12.856
1995,MAM,North Scotland,0.621,11.130
1996,MAM,North Scotland,0.448,10.316
1997,MAM,North Scotland,0.509,8.558
1998,MAM,North Scotland,0.558,11.781
1999,MAM,North Scotland,0.540,11.098
2000,MAM,North Scotland,0.505,8.893
2001,MAM,North Scotland,0.431,8.242
2002,MAM,North Scotland,0.538,11.130
2003,MAM,North Scotland,0.467,13.865
2004,MAM,North Scotland,0.534,11.353
2005,MAM,North Scotland,0.571,11.465
2006,MAM,North Scotland,0.650,14.051
2007,MAM,North Scotland,0.521,9.777
2008,MAM,North Scotland,0.508,10.772
2009,MAM,North Scotland,0.578,9.707
2010,MAM,North Scotland,0.509,9.219
2011,MAM,North Scotland,0.558,19.521
2012,MAM,North Scotland,0.481,11.447
2013,MAM,North Scotland,0.467,10.735
2014,MAM,North Scotland,0.529,9.647
2015,MAM,North Scotland,0.611,11.767
2016,MAM,North Scotland,0.498,10.214
2017,MAM,North Scotland,0.499,9.121
2018,MAM,North Scotland,0.430,6.879
2019,MAM,North Scotland,0.514,13.958
2020,MAM,North Scotland,0.465,7.828
2021,MAM,North Scotland,0.491,8.847
1892,MAM,North West England,0.372,10.292
1893,MAM,North West England,0.237,7.469
1894,MAM,North West England,0.457,8.833
1895,MAM,North West England,0.359,6.781
1896,MAM,North West England,0.404,7.271
1897,MAM,North West England,0.520,11.365
1898,MAM,North West England,0.404,6.802
1899,MAM,North West England,0.482,9.438
1900,MAM,North West England,0.316,6.969
1901,MAM,North West England,0.371,6.917
1902,MAM,North West England,0.530,8.917
1903,MAM,North West England,0.534,13.969
1904,MAM,North West England,0.495,9.427
1905,MAM,North West England,0.472,11.458
1906,MAM,North West England,0.450,7.042
1907,MAM,North West England,0.489,8.833
1908,MAM,North West England,0.526,8.792
1909,MAM,North West England,0.446,7.417
1910,MAM,North West England,0.442,7.333
1911,MAM,North West England,0.330,9.229
1912,MAM,North West England,0.411,8.552
1913,MAM,North West England,0.567,9.542
1914,MAM,North West England,0.478,8.542
1915,MAM,North West England,0.365,4.427
1916,MAM,North West England,0.436,11.312
1917,MAM,North West England,0.424,8.177
1918,MAM,North West England,0.306,4.646
1919,MAM,North West England,0.428,8.865
1920,MAM,North West England,0.678,11.990
1921,MAM,North West England,0.458,9.646
1922,MAM,North West England,0.413,7.396
1923,MAM,North West England,0.441,8.271
1924,MAM,North West England,0.459,12.031
1925,MAM,North West England,0.525,7.677
1926,MAM,North West England,0.427,8.562
1927,MAM,North West England,0.478,9.438
1928,MAM,North West England,0.361,6.292
1929,MAM,North West England,0.255,5.562
1930,MAM,North West England,0.428,5.792
1931,MAM,North West England,0.393,7.500
1932,MAM,North West England,0.508,7.104
1933,MAM,North West England,0.390,6.604
1934,MAM,North West England,0.478,8.062
1935,MAM,North West England,0.320,6.229
1936,MAM,North West England,0.296,4.615
1937,MAM,North West England,0.423,7.083
1938,MAM,North West England,0.278,7.083
1939,MAM,North West England,0.341,4.771
1940,MAM,North West England,0.419,7.604
1941,MAM,North West England,0.363,7.302
1942,MAM,North West England,0.375,10.156
1943,MAM,North West England,0.352,7.302
1944,MAM,North West England,0.302,6.312
1945,MAM,North West England,0.390,11.208
1946,MAM,North West England,0.264,6.479
1947,MAM,North West England,0.568,13.042
1948,MAM,North West England,0.315,9.760
1949,MAM,North West England,0.427,7.583
1950,MAM,North West England,0.412,6.625
1951,MAM,North West England,0.433,5.167
1952,MAM,North West England,0.337,5.344
1953,MAM,North West England,0.321,8.146
1954,MAM,North West England,0.328,6.156
1955,MAM,North West England,0.382,7.875
1956,MAM,North West England,0.305,5.396
1957,MAM,North West England,0.352,9.427
1958,MAM,North West England,0.387,10.302
1959,MAM,North West England,0.381,7.698
1960,MAM,North West England,0.322,6.156
1961,MAM,North West England,0.339,6.604
1962,MAM,North West England,0.378,7.698
1963,MAM,North West England,0.502,6.833
1964,MAM,North West England,0.430,8.271
1965,MAM,North West England,0.436,8.396
1966,MAM,North West England,0.436,5.958
1967,MAM,North West England,0.524,10.969
1968,MAM,North West England,0.438,9.583
1969,MAM,North West England,0.428,7.615
1970,MAM,North West England,0.418,5.490
1971,MAM,North West England,0.322,4.938
1972,MAM,North West England,0.468,11.000
1973,MAM,North West England,0.377,7.438
1974,MAM,North West England,0.245,5.698
1975,MAM,North West England,0.342,6.833
1976,MAM,North West England,0.400,6.385
1977,MAM,North West England,0.442,8.833
1978,MAM,North West England,0.369,8.094
1979,MAM,North West England,0.564,7.833
1980,MAM,North West England,0.284,7.208
1981,MAM,North West England,0.497,10.073
1982,MAM,North West England,0.344,8.469
1983,MAM,North West England,0.601,12.260
1984,MAM,North West England,0.222,5.052
1985,MAM,North West England,0.406,7.104
1986,MAM,North West England,0.552,8.906
1987,MAM,North West England,0.416,6.938
1988,MAM,North West England,0.453,7.375
1989,MAM,North West England,0.416,6.510
1990,MAM,North West England,0.333,6.229
1991,MAM,North West England,0.309,6.406
1992,MAM,North West England,0.533,7.979
1993,MAM,North West England,0.399,6.406
1994,MAM,North West England,0.507,9.646
1995,MAM,North West England,0.412,7.177
1996,MAM,North West England,0.321,5.781
1997,MAM,North West England,0.353,5.979
1998,MAM,North West England,0.425,7.656
1999,MAM,North West England,0.469,7.812
2000,MAM,North West England,0.407,8.375
2001,MAM,North West England,0.398,6.333
2002,MAM,North West England,0.435,9.802
2003,MAM,North West England,0.385,9.677
2004,MAM,North West England,0.349,6.104
2005,MAM,North West England,0.427,7.000
2006,MAM,North West England,0.526,10.990
2007,MAM,North West England,0.336,8.219
2008,MAM,North West England,0.451,7.812
2009,MAM,North West England,0.436,9.927
2010,MAM,North West England,0.280,7.146
2011,MAM,North West England,0.345,7.385
2012,MAM,North West England,0.362,6.229
2013,MAM,North West England,0.384,7.635
2014,MAM,North West England,0.429,7.490
2015,MAM,North West England,0.435,7.531
2016,MAM,North West England,0.382,7.542
2017,MAM,North West England,0.367,7.115
2018,MAM,North West England,0.392,4.823
2019,MAM,North West England,0.391,12.156
2020,MAM,North West England,0.213,6.073
2021,MAM,North West England,0.372,7.750
1892,MAM,South East England,0.194,3.295
1893,MAM,South East England,0.104,4.357
1894,MAM,South East England,0.338,5.829
1895,MAM,South East England,0.275,6.411
1896,MAM,South East England,0.280,5.178
1897,MAM,South East England,0.422,7.690
1898,MAM,South East England,0.375,6.860
1899,MAM,South East England,0.305,5.519
1900,MAM,South East England,0.226,3.860
1901,MAM,South East England,0.330,7.434
1902,MAM,South East England,0.361,7.264
1903,MAM,South East England,0.413,9.791
1904,MAM,South East England,0.335,4.310
1905,MAM,South East England,0.375,10.837
1906,MAM,South East England,0.308,5.132
1907,MAM,South East England,0.414,7.000
1908,MAM,South East England,0.386,6.163
1909,MAM,South East England,0.388,6.016
1910,MAM,South East England,0.353,5.752
1911,MAM,South East England,0.296,5.078
1912,MAM,South East England,0.285,9.271
1913,MAM,South East England,0.459,8.140
1914,MAM,South East England,0.401,8.984
1915,MAM,South East England,0.236,4.380
1916,MAM,South East England,0.389,5.279
1917,MAM,South East England,0.380,6.240
1918,MAM,South East England,0.296,4.248
1919,MAM,South East England,0.338,7.938
1920,MAM,South East England,0.429,7.798
1921,MAM,South East England,0.288,3.651
1922,MAM,South East England,0.368,5.116
1923,MAM,South East England,0.398,6.155
1924,MAM,South East England,0.404,8.000
1925,MAM,South East England,0.407,6.705
1926,MAM,South East England,0.355,6.209
1927,MAM,South East England,0.338,7.085
1928,MAM,South East England,0.362,7.302
1929,MAM,South East England,0.166,3.907
1930,MAM,South East England,0.383,4.860
1931,MAM,South East England,0.329,5.853
1932,MAM,South East England,0.459,6.574
1933,MAM,South East England,0.310,5.481
1934,MAM,South East England,0.347,6.264
1935,MAM,South East England,0.326,8.155
1936,MAM,South East England,0.265,3.915
1937,MAM,South East England,0.427,6.326
1938,MAM,South East England,0.168,5.953
1939,MAM,South East England,0.299,4.713
1940,MAM,South East England,0.307,4.915
1941,MAM,South East England,0.306,6.132
1942,MAM,South East England,0.336,6.922
1943,MAM,South East England,0.214,4.899
1944,MAM,South East England,0.145,3.178
1945,MAM,South East England,0.263,5.341
1946,MAM,South East England,0.287,6.419
1947,MAM,South East England,0.445,9.217
1948,MAM,South East England,0.265,6.791
1949,MAM,South East England,0.242,4.783
1950,MAM,South East England,0.328,6.271
1951,MAM,South East England,0.484,8.403
1952,MAM,South East England,0.381,7.093
1953,MAM,South East England,0.265,6.450
1954,MAM,South East England,0.305,5.550
1955,MAM,South East England,0.298,6.519
1956,MAM,South East England,0.160,2.628
1957,MAM,South East England,0.238,4.574
1958,MAM,South East England,0.269,4.419
1959,MAM,South East England,0.340,6.194
1960,MAM,South East England,0.244,4.434
1961,MAM,South East England,0.212,4.783
1962,MAM,South East England,0.325,4.868
1963,MAM,South East England,0.433,5.589
1964,MAM,South East England,0.370,7.295
1965,MAM,South East England,0.401,8.023
1966,MAM,South East England,0.357,6.636
1967,MAM,South East England,0.393,7.915
1968,MAM,South East England,0.342,5.814
1969,MAM,South East England,0.360,5.915
1970,MAM,South East England,0.364,5.535
1971,MAM,South East England,0.264,4.845
1972,MAM,South East England,0.401,6.101
1973,MAM,South East England,0.309,5.186
1974,MAM,South East England,0.187,2.977
1975,MAM,South East England,0.378,5.899
1976,MAM,South East England,0.158,2.659
1977,MAM,South East England,0.368,7.395
1978,MAM,South East England,0.372,5.357
1979,MAM,South East England,0.491,7.163
1980,MAM,South East England,0.241,3.527
1981,MAM,South East England,0.485,9.783
1982,MAM,South East England,0.292,4.419
1983,MAM,South East England,0.522,7.279
1984,MAM,South East England,0.237,4.682
1985,MAM,South East England,0.342,5.713
1986,MAM,South East England,0.452,7.287
1987,MAM,South East England,0.340,5.078
1988,MAM,South East England,0.346,5.364
1989,MAM,South East England,0.313,4.326
1990,MAM,South East England,0.153,4.380
1991,MAM,South East England,0.250,4.380
1992,MAM,South East England,0.337,6.178
1993,MAM,South East England,0.276,6.457
1994,MAM,South East England,0.422,6.558
1995,MAM,South East England,0.219,3.271
1996,MAM,South East England,0.220,4.473
1997,MAM,South East England,0.184,5.302
1998,MAM,South East England,0.386,8.496
1999,MAM,South East England,0.297,4.953
2000,MAM,South East England,0.432,10.279
2001,MAM,South East England,0.409,6.961
2002,MAM,South East England,0.334,7.667
2003,MAM,South East England,0.234,5.349
2004,MAM,South East England,0.363,5.527
2005,MAM,South East England,0.307,4.682
2006,MAM,South East England,0.365,8.845
2007,MAM,South East England,0.270,7.504
2008,MAM,South East England,0.407,5.721
2009,MAM,South East England,0.258,4.543
2010,MAM,South East England,0.234,5.442
2011,MAM,South East England,0.093,2.008
2012,MAM,South East England,0.356,10.612
2013,MAM,South East England,0.327,5.620
2014,MAM,South East England,0.354,7.093
2015,MAM,South East England,0.256,3.992
2016,MAM,South East England,0.350,4.783
2017,MAM,South East England,0.245,5.209
2018,MAM,South East England,0.427,7.124
2019,MAM,South East England,0.274,5.357
2020,MAM,South East England,0.175,5.101
2021,MAM,South East England,0.285,7.682
1892,MAM,South West England,0.194,3.711
1893,MAM,South West England,0.122,5.283
1894,MAM,South West England,0.431,8.321
1895,MAM,South West England,0.303,5.874
1896,MAM,South West England,0.289,4.931
1897,MAM,South West England,0.481,8.195
1898,MAM,South West England,0.405,8.201
1899,MAM,South West England,0.347,5.094
1900,MAM,South West England,0.313,4.987
1901,MAM,South West England,0.371,11.314
1902,MAM,South West England,0.378,6.233
1903,MAM,South West England,0.473,12.472
1904,MAM,South West England,0.383,5.428
1905,MAM,South West England,0.397,11.006
1906,MAM,South West England,0.366,6.899
1907,MAM,South West England,0.454,8.931
1908,MAM,South West England,0.422,7.050
1909,MAM,South West England,0.412,7.742
1910,MAM,South West England,0.398,6.553
1911,MAM,South West England,0.308,4.654
1912,MAM,South West England,0.362,9.943
1913,MAM,South West England,0.529,10.478
1914,MAM,South West England,0.477,9.396
1915,MAM,South West England,0.278,4.459
1916,MAM,South West England,0.427,8.082
1917,MAM,South West England,0.404,6.428
1918,MAM,South West England,0.317,6.585
1919,MAM,South West England,0.401,9.025
1920,MAM,South West England,0.542,12.283
1921,MAM,South West England,0.381,8.050
1922,MAM,South West England,0.393,5.748
1923,MAM,South West England,0.444,7.226
1924,MAM,South West England,0.424,7.314
1925,MAM,South West England,0.416,7.811
1926,MAM,South West England,0.350,6.736
1927,MAM,South West England,0.378,8.075
1928,MAM,South West England,0.380,7.421
1929,MAM,South West England,0.226,4.516
1930,MAM,South West England,0.461,5.931
1931,MAM,South West England,0.385,5.113
1932,MAM,South West England,0.510,8.302
1933,MAM,South West England,0.349,8.233
1934,MAM,South West England,0.390,6.686
1935,MAM,South West England,0.371,9.019
1936,MAM,South West England,0.359,6.906
1937,MAM,South West England,0.474,10.270
1938,MAM,South West England,0.185,7.610
1939,MAM,South West England,0.338,5.176
1940,MAM,South West England,0.366,6.176
1941,MAM,South West England,0.343,6.491
1942,MAM,South West England,0.393,8.931
1943,MAM,South West England,0.240,4.818
1944,MAM,South West England,0.200,4.340
1945,MAM,South West England,0.322,9.390
1946,MAM,South West England,0.322,6.962
1947,MAM,South West England,0.559,14.038
1948,MAM,South West England,0.295,7.893
1949,MAM,South West England,0.302,5.824
1950,MAM,South West England,0.388,7.333
1951,MAM,South West England,0.501,8.025
1952,MAM,South West England,0.436,9.673
1953,MAM,South West England,0.312,7.428
1954,MAM,South West England,0.319,5.994
1955,MAM,South West England,0.341,7.453
1956,MAM,South West England,0.202,4.063
1957,MAM,South West England,0.277,6.503
1958,MAM,South West England,0.298,5.805
1959,MAM,South West England,0.420,6.994
1960,MAM,South West England,0.316,5.931
1961,MAM,South West England,0.287,6.962
1962,MAM,South West England,0.354,6.252
1963,MAM,South West England,0.496,8.270
1964,MAM,South West England,0.389,7.786
1965,MAM,South West England,0.430,7.642
1966,MAM,South West England,0.438,8.994
1967,MAM,South West England,0.423,8.566
1968,MAM,South West England,0.399,8.843
1969,MAM,South West England,0.427,7.226
1970,MAM,South West England,0.385,5.887
1971,MAM,South West England,0.272,5.472
1972,MAM,South West England,0.453,7.252
1973,MAM,South West England,0.323,5.025
1974,MAM,South West England,0.266,4.987
1975,MAM,South West England,0.376,5.805
1976,MAM,South West England,0.228,3.465
1977,MAM,South West England,0.427,9.987
1978,MAM,South West England,0.404,7.748
1979,MAM,South West England,0.562,10.604
1980,MAM,South West England,0.300,6.855
1981,MAM,South West England,0.497,9.208
1982,MAM,South West England,0.302,5.195
1983,MAM,South West England,0.571,10.723
1984,MAM,South West England,0.221,4.686
1985,MAM,South West England,0.403,6.491
1986,MAM,South West England,0.494,7.604
1987,MAM,South West England,0.360,7.283
1988,MAM,South West England,0.371,7.509
1989,MAM,South West England,0.365,5.157
1990,MAM,South West England,0.198,4.459
1991,MAM,South West England,0.315,8.138
1992,MAM,South West England,0.394,4.950
1993,MAM,South West England,0.370,7.906
1994,MAM,South West England,0.474,7.208
1995,MAM,South West England,0.310,4.736
1996,MAM,South West England,0.340,8.711
1997,MAM,South West England,0.274,8.258
1998,MAM,South West England,0.438,9.893
1999,MAM,South West England,0.390,6.371
2000,MAM,South West England,0.452,11.774
2001,MAM,South West England,0.429,7.830
2002,MAM,South West England,0.398,10.025
2003,MAM,South West England,0.315,8.459
2004,MAM,South West England,0.366,7.050
2005,MAM,South West England,0.358,6.069
2006,MAM,South West England,0.404,9.516
2007,MAM,South West England,0.310,9.792
2008,MAM,South West England,0.462,7.151
2009,MAM,South West England,0.316,6.107
2010,MAM,South West England,0.281,6.327
2011,MAM,South West England,0.184,3.019
2012,MAM,South West England,0.373,11.950
2013,MAM,South West England,0.318,5.818
2014,MAM,South West England,0.417,6.906
2015,MAM,South West England,0.312,4.937
2016,MAM,South West England,0.380,5.258
2017,MAM,South West England,0.329,6.654
2018,MAM,South West England,0.457,5.780
2019,MAM,South West England,0.338,6.950
2020,MAM,South West England,0.245,5.899
2021,MAM,South West England,0.328,10.044
1892,MAM,West Midlands,0.252,4.374
1893,MAM,West Midlands,0.174,6.033
1894,MAM,West Midlands,0.363,7.121
1895,MAM,West Midlands,0.310,8.110
1896,MAM,West Midlands,0.331,6.802
1897,MAM,West Midlands,0.435,7.242
1898,MAM,West Midlands,0.368,7.264
1899,MAM,West Midlands,0.364,6.549
1900,MAM,West Midlands,0.284,4.923
1901,MAM,West Midlands,0.368,7.945
1902,MAM,West Midlands,0.406,6.396
1903,MAM,West Midlands,0.484,12.989
1904,MAM,West Midlands,0.373,5.637
1905,MAM,West Midlands,0.417,10.088
1906,MAM,West Midlands,0.387,8.209
1907,MAM,West Midlands,0.395,6.176
1908,MAM,West Midlands,0.423,7.451
1909,MAM,West Midlands,0.373,7.077
1910,MAM,West Midlands,0.362,6.066
1911,MAM,West Midlands,0.244,5.132
1912,MAM,West Midlands,0.324,10.308
1913,MAM,West Midlands,0.498,9.978
1914,MAM,West Midlands,0.421,8.571
1915,MAM,West Midlands,0.273,3.527
1916,MAM,West Midlands,0.419,7.011
1917,MAM,West Midlands,0.394,5.209
1918,MAM,West Midlands,0.290,4.978
1919,MAM,West Midlands,0.343,5.593
1920,MAM,West Midlands,0.525,10.989
1921,MAM,West Midlands,0.345,5.297
1922,MAM,West Midlands,0.366,5.593
1923,MAM,West Midlands,0.424,6.582
1924,MAM,West Midlands,0.416,9.714
1925,MAM,West Midlands,0.403,7.066
1926,MAM,West Midlands,0.359,7.033
1927,MAM,West Midlands,0.363,7.692
1928,MAM,West Midlands,0.302,5.374
1929,MAM,West Midlands,0.192,4.462
1930,MAM,West Midlands,0.419,4.923
1931,MAM,West Midlands,0.355,6.044
1932,MAM,West Midlands,0.522,9.297
1933,MAM,West Midlands,0.322,5.154
1934,MAM,West Midlands,0.364,5.516
1935,MAM,West Midlands,0.321,7.846
1936,MAM,West Midlands,0.329,4.890
1937,MAM,West Midlands,0.409,6.132
1938,MAM,West Midlands,0.162,5.011
1939,MAM,West Midlands,0.301,4.758
1940,MAM,West Midlands,0.366,5.143
1941,MAM,West Midlands,0.328,5.780
1942,MAM,West Midlands,0.332,9.132
1943,MAM,West Midlands,0.245,5.121
1944,MAM,West Midlands,0.213,4.308
1945,MAM,West Midlands,0.302,6.758
1946,MAM,West Midlands,0.236,5.000
1947,MAM,West Midlands,0.507,11.703
1948,MAM,West Midlands,0.284,7.110
1949,MAM,West Midlands,0.306,6.022
1950,MAM,West Midlands,0.361,6.385
1951,MAM,West Midlands,0.509,7.396
1952,MAM,West Midlands,0.395,10.440
1953,MAM,West Midlands,0.288,6.791
1954,MAM,West Midlands,0.301,5.615
1955,MAM,West Midlands,0.358,7.165
1956,MAM,West Midlands,0.214,3.308
1957,MAM,West Midlands,0.256,6.846
1958,MAM,West Midlands,0.281,6.055
1959,MAM,West Midlands,0.374,5.857
1960,MAM,West Midlands,0.246,4.989
1961,MAM,West Midlands,0.275,6.451
1962,MAM,West Midlands,0.367,5.868
1963,MAM,West Midlands,0.462,5.527
1964,MAM,West Midlands,0.372,7.374
1965,MAM,West Midlands,0.420,9.088
1966,MAM,West Midlands,0.416,6.253
1967,MAM,West Midlands,0.418,8.220
1968,MAM,West Midlands,0.387,6.989
1969,MAM,West Midlands,0.438,8.220
1970,MAM,West Midlands,0.397,5.209
1971,MAM,West Midlands,0.257,5.110
1972,MAM,West Midlands,0.453,7.681
1973,MAM,West Midlands,0.335,4.978
1974,MAM,West Midlands,0.221,4.033
1975,MAM,West Midlands,0.377,6.736
1976,MAM,West Midlands,0.285,3.549
1977,MAM,West Midlands,0.403,7.264
1978,MAM,West Midlands,0.328,4.451
1979,MAM,West Midlands,0.514,7.099
1980,MAM,West Midlands,0.286,6.451
1981,MAM,West Midlands,0.479,9.923
1982,MAM,West Midlands,0.313,5.978
1983,MAM,West Midlands,0.573,9.198
1984,MAM,West Midlands,0.227,5.407
1985,MAM,West Midlands,0.394,5.352
1986,MAM,West Midlands,0.456,8.143
1987,MAM,West Midlands,0.364,6.604
1988,MAM,West Midlands,0.394,6.022
1989,MAM,West Midlands,0.345,4.670
1990,MAM,West Midlands,0.192,4.714
1991,MAM,West Midlands,0.277,6.198
1992,MAM,West Midlands,0.394,5.440
1993,MAM,West Midlands,0.317,6.121
1994,MAM,West Midlands,0.405,7.396
1995,MAM,West Midlands,0.288,5.923
1996,MAM,West Midlands,0.278,4.835
1997,MAM,West Midlands,0.269,6.099
1998,MAM,West Midlands,0.372,5.923
1999,MAM,West Midlands,0.437,7.527
2000,MAM,West Midlands,0.374,8.648
2001,MAM,West Midlands,0.412,7.791
2002,MAM,West Midlands,0.331,8.912
2003,MAM,West Midlands,0.317,7.022
2004,MAM,West Midlands,0.379,5.923
2005,MAM,West Midlands,0.324,4.022
2006,MAM,West Midlands,0.466,10.549
2007,MAM,West Midlands,0.271,7.692
2008,MAM,West Midlands,0.410,5.538
2009,MAM,West Midlands,0.287,6.659
2010,MAM,West Midlands,0.252,5.187
2011,MAM,West Midlands,0.160,2.879
2012,MAM,West Midlands,0.375,11.769
2013,MAM,West Midlands,0.300,5.000
2014,MAM,West Midlands,0.414,6.967
2015,MAM,West Midlands,0.330,6.341
2016,MAM,West Midlands,0.406,7.231
2017,MAM,West Midlands,0.312,5.692
2018,MAM,West Midlands,0.443,4.945
2019,MAM,West Midlands,0.318,8.725
2020,MAM,West Midlands,0.198,4.582
2021,MAM,West Midlands,0.324,8.055
1892,MAM,West Scotland,0.384,12.284
1893,MAM,West Scotland,0.349,8.097
1894,MAM,West Scotland,0.523,10.694
1895,MAM,West Scotland,0.431,10.410
1896,MAM,West Scotland,0.444,7.828
1897,MAM,West Scotland,0.571,18.933
1898,MAM,West Scotland,0.484,9.000
1899,MAM,West Scotland,0.535,13.269
1900,MAM,West Scotland,0.413,9.403
1901,MAM,West Scotland,0.435,8.731
1902,MAM,West Scotland,0.604,11.097
1903,MAM,West Scotland,0.622,15.896
1904,MAM,West Scotland,0.638,16.179
1905,MAM,West Scotland,0.620,15.933
1906,MAM,West Scotland,0.533,10.112
1907,MAM,West Scotland,0.544,11.970
1908,MAM,West Scotland,0.558,12.493
1909,MAM,West Scotland,0.479,8.216
1910,MAM,West Scotland,0.494,6.821
1911,MAM,West Scotland,0.407,15.657
1912,MAM,West Scotland,0.480,8.291
1913,MAM,West Scotland,0.649,12.381
1914,MAM,West Scotland,0.545,9.545
1915,MAM,West Scotland,0.394,9.470
1916,MAM,West Scotland,0.515,12.440
1917,MAM,West Scotland,0.454,5.948
1918,MAM,West Scotland,0.316,5.104
1919,MAM,West Scotland,0.412,9.836
1920,MAM,West Scotland,0.661,9.552
1921,MAM,West Scotland,0.582,12.403
1922,MAM,West Scotland,0.399,7.134
1923,MAM,West Scotland,0.438,8.052
1924,MAM,West Scotland,0.465,8.993
1925,MAM,West Scotland,0.595,11.007
1926,MAM,West Scotland,0.514,9.403
1927,MAM,West Scotland,0.543,10.306
1928,MAM,West Scotland,0.419,7.284
1929,MAM,West Scotland,0.320,7.291
1930,MAM,West Scotland,0.405,6.410
1931,MAM,West Scotland,0.462,7.716
1932,MAM,West Scotland,0.488,7.403
1933,MAM,West Scotland,0.478,7.552
1934,MAM,West Scotland,0.539,10.888
1935,MAM,West Scotland,0.349,6.276
1936,MAM,West Scotland,0.356,6.373
1937,MAM,West Scotland,0.381,7.604
1938,MAM,West Scotland,0.404,10.022
1939,MAM,West Scotland,0.428,6.381
1940,MAM,West Scotland,0.486,10.433
1941,MAM,West Scotland,0.404,9.201
1942,MAM,West Scotland,0.418,10.522
1943,MAM,West Scotland,0.489,8.552
1944,MAM,West Scotland,0.372,6.709
1945,MAM,West Scotland,0.456,12.694
1946,MAM,West Scotland,0.332,8.746
1947,MAM,West Scotland,0.629,12.940
1948,MAM,West Scotland,0.421,10.500
1949,MAM,West Scotland,0.497,9.440
1950,MAM,West Scotland,0.454,8.425
1951,MAM,West Scotland,0.405,6.194
1952,MAM,West Scotland,0.359,5.634
1953,MAM,West Scotland,0.355,9.209
1954,MAM,West Scotland,0.398,7.500
1955,MAM,West Scotland,0.377,8.582
1956,MAM,West Scotland,0.390,7.291
1957,MAM,West Scotland,0.485,11.209
1958,MAM,West Scotland,0.405,7.657
1959,MAM,West Scotland,0.484,9.724
1960,MAM,West Scotland,0.387,10.679
1961,MAM,West Scotland,0.453,9.261
1962,MAM,West Scotland,0.361,10.515
1963,MAM,West Scotland,0.602,11.612
1964,MAM,West Scotland,0.504,16.522
1965,MAM,West Scotland,0.495,8.657
1966,MAM,West Scotland,0.526,8.955
1967,MAM,West Scotland,0.634,14.015
1968,MAM,West Scotland,0.453,12.119
1969,MAM,West Scotland,0.374,7.664
1970,MAM,West Scotland,0.467,7.470
1971,MAM,West Scotland,0.374,5.493
1972,MAM,West Scotland,0.513,14.231
1973,MAM,West Scotland,0.415,8.224
1974,MAM,West Scotland,0.302,7.440
1975,MAM,West Scotland,0.334,6.560
1976,MAM,West Scotland,0.495,10.507
1977,MAM,West Scotland,0.522,12.388
1978,MAM,West Scotland,0.401,11.067
1979,MAM,West Scotland,0.546,6.993
1980,MAM,West Scotland,0.303,6.448
1981,MAM,West Scotland,0.486,8.448
1982,MAM,West Scotland,0.431,11.522
1983,MAM,West Scotland,0.585,13.067
1984,MAM,West Scotland,0.257,5.985
1985,MAM,West Scotland,0.442,10.231
1986,MAM,West Scotland,0.645,13.485
1987,MAM,West Scotland,0.433,5.903
1988,MAM,West Scotland,0.480,8.731
1989,MAM,West Scotland,0.497,10.231
1990,MAM,West Scotland,0.514,9.500
1991,MAM,West Scotland,0.391,9.410
1992,MAM,West Scotland,0.613,10.687
1993,MAM,West Scotland,0.482,9.522
1994,MAM,West Scotland,0.556,13.769
1995,MAM,West Scotland,0.537,9.396
1996,MAM,West Scotland,0.428,12.590
1997,MAM,West Scotland,0.438,7.254
1998,MAM,West Scotland,0.442,6.679
1999,MAM,West Scotland,0.517,10.097
2000,MAM,West Scotland,0.415,6.627
2001,MAM,West Scotland,0.381,6.284
2002,MAM,West Scotland,0.548,13.425
2003,MAM,West Scotland,0.466,13.948
2004,MAM,West Scotland,0.450,8.075
2005,MAM,West Scotland,0.492,8.470
2006,MAM,West Scotland,0.562,11.306
2007,MAM,West Scotland,0.435,8.381
2008,MAM,West Scotland,0.477,9.948
2009,MAM,West Scotland,0.558,12.172
2010,MAM,West Scotland,0.379,8.194
2011,MAM,West Scotland,0.499,14.679
2012,MAM,West Scotland,0.374,5.560
2013,MAM,West Scotland,0.441,8.403
2014,MAM,West Scotland,0.555,9.604
2015,MAM,West Scotland,0.515,8.358
2016,MAM,West Scotland,0.416,10.843
2017,MAM,West Scotland,0.440,7.597
2018,MAM,West Scotland,0.424,5.784
2019,MAM,West Scotland,0.450,14.552
2020,MAM,West Scotland,0.334,8.052
2021,MAM,West Scotland,0.380,8.306
1892,MAM,Yorkshire and Humber,0.334,5.813
1893,MAM,Yorkshire and Humber,0.183,5.178
1894,MAM,Yorkshire and Humber,0.389,7.570
1895,MAM,Yorkshire and Humber,0.311,4.776
1896,MAM,Yorkshire and Humber,0.322,6.215
1897,MAM,Yorkshire and Humber,0.424,7.402
1898,MAM,Yorkshire and Humber,0.392,7.000
1899,MAM,Yorkshire and Humber,0.445,8.467
1900,MAM,Yorkshire and Humber,0.263,4.449
1901,MAM,Yorkshire and Humber,0.377,4.869
1902,MAM,Yorkshire and Humber,0.363,6.374
1903,MAM,Yorkshire and Humber,0.432,11.907
1904,MAM,Yorkshire and Humber,0.388,6.037
1905,MAM,Yorkshire and Humber,0.378,8.720
1906,MAM,Yorkshire and Humber,0.379,5.832
1907,MAM,Yorkshire and Humber,0.442,7.084
1908,MAM,Yorkshire and Humber,0.488,6.729
1909,MAM,Yorkshire and Humber,0.436,7.103
1910,MAM,Yorkshire and Humber,0.371,6.178
1911,MAM,Yorkshire and Humber,0.323,6.159
1912,MAM,Yorkshire and Humber,0.340,7.112
1913,MAM,Yorkshire and Humber,0.455,6.925
1914,MAM,Yorkshire and Humber,0.346,6.075
1915,MAM,Yorkshire and Humber,0.271,3.196
1916,MAM,Yorkshire and Humber,0.447,7.636
1917,MAM,Yorkshire and Humber,0.380,7.112
1918,MAM,Yorkshire and Humber,0.299,4.458
1919,MAM,Yorkshire and Humber,0.355,5.916
1920,MAM,Yorkshire and Humber,0.524,9.822
1921,MAM,Yorkshire and Humber,0.359,5.766
1922,MAM,Yorkshire and Humber,0.391,6.766
1923,MAM,Yorkshire and Humber,0.364,5.654
1924,MAM,Yorkshire and Humber,0.394,10.252
1925,MAM,Yorkshire and Humber,0.455,7.009
1926,MAM,Yorkshire and Humber,0.327,5.598
1927,MAM,Yorkshire and Humber,0.398,6.421
1928,MAM,Yorkshire and Humber,0.374,6.131
1929,MAM,Yorkshire and Humber,0.210,4.776
1930,MAM,Yorkshire and Humber,0.392,5.692
1931,MAM,Yorkshire and Humber,0.385,7.131
1932,MAM,Yorkshire and Humber,0.489,6.888
1933,MAM,Yorkshire and Humber,0.353,5.841
1934,MAM,Yorkshire and Humber,0.395,7.308
1935,MAM,Yorkshire and Humber,0.294,6.065
1936,MAM,Yorkshire and Humber,0.296,5.187
1937,MAM,Yorkshire and Humber,0.445,5.869
1938,MAM,Yorkshire and Humber,0.187,6.991
1939,MAM,Yorkshire and Humber,0.323,4.832
1940,MAM,Yorkshire and Humber,0.332,5.374
1941,MAM,Yorkshire and Humber,0.284,5.421
1942,MAM,Yorkshire and Humber,0.325,6.355
1943,MAM,Yorkshire and Humber,0.258,7.019
1944,MAM,Yorkshire and Humber,0.243,5.131
1945,MAM,Yorkshire and Humber,0.302,7.897
1946,MAM,Yorkshire and Humber,0.270,4.607
1947,MAM,Yorkshire and Humber,0.462,12.505
1948,MAM,Yorkshire and Humber,0.247,6.411
1949,MAM,Yorkshire and Humber,0.320,5.897
1950,MAM,Yorkshire and Humber,0.381,5.093
1951,MAM,Yorkshire and Humber,0.405,6.150
1952,MAM,Yorkshire and Humber,0.290,4.196
1953,MAM,Yorkshire and Humber,0.279,6.187
1954,MAM,Yorkshire and Humber,0.287,4.598
1955,MAM,Yorkshire and Humber,0.343,7.206
1956,MAM,Yorkshire and Humber,0.231,2.879
1957,MAM,Yorkshire and Humber,0.261,5.439
1958,MAM,Yorkshire and Humber,0.361,8.617
1959,MAM,Yorkshire and Humber,0.281,5.140
1960,MAM,Yorkshire and Humber,0.242,4.785
1961,MAM,Yorkshire and Humber,0.302,6.056
1962,MAM,Yorkshire and Humber,0.358,6.290
1963,MAM,Yorkshire and Humber,0.417,5.140
1964,MAM,Yorkshire and Humber,0.373,6.430
1965,MAM,Yorkshire and Humber,0.381,6.879
1966,MAM,Yorkshire and Humber,0.387,5.907
1967,MAM,Yorkshire and Humber,0.440,8.159
1968,MAM,Yorkshire and Humber,0.379,7.794
1969,MAM,Yorkshire and Humber,0.473,8.075
1970,MAM,Yorkshire and Humber,0.341,5.944
1971,MAM,Yorkshire and Humber,0.275,4.187
1972,MAM,Yorkshire and Humber,0.451,8.355
1973,MAM,Yorkshire and Humber,0.322,5.570
1974,MAM,Yorkshire and Humber,0.241,5.131
1975,MAM,Yorkshire and Humber,0.376,6.355
1976,MAM,Yorkshire and Humber,0.339,6.168
1977,MAM,Yorkshire and Humber,0.390,7.271
1978,MAM,Yorkshire and Humber,0.318,4.916
1979,MAM,Yorkshire and Humber,0.527,6.486
1980,MAM,Yorkshire and Humber,0.250,4.607
1981,MAM,Yorkshire and Humber,0.487,8.224
1982,MAM,Yorkshire and Humber,0.251,5.047
1983,MAM,Yorkshire and Humber,0.514,7.206
1984,MAM,Yorkshire and Humber,0.241,5.168
1985,MAM,Yorkshire and Humber,0.407,7.028
1986,MAM,Yorkshire and Humber,0.468,7.486
1987,MAM,Yorkshire and Humber,0.342,5.776
1988,MAM,Yorkshire and Humber,0.416,6.514
1989,MAM,Yorkshire and Humber,0.362,5.832
1990,MAM,Yorkshire and Humber,0.217,4.757
1991,MAM,Yorkshire and Humber,0.267,5.542
1992,MAM,Yorkshire and Humber,0.405,6.682
1993,MAM,Yorkshire and Humber,0.326,4.757
1994,MAM,Yorkshire and Humber,0.379,5.393
1995,MAM,Yorkshire and Humber,0.322,5.364
1996,MAM,Yorkshire and Humber,0.273,3.486
1997,MAM,Yorkshire and Humber,0.262,4.495
1998,MAM,Yorkshire and Humber,0.428,8.262
1999,MAM,Yorkshire and Humber,0.427,8.196
2000,MAM,Yorkshire and Humber,0.403,9.542
2001,MAM,Yorkshire and Humber,0.360,6.364
2002,MAM,Yorkshire and Humber,0.318,6.907
2003,MAM,Yorkshire and Humber,0.314,8.935
2004,MAM,Yorkshire and Humber,0.337,5.804
2005,MAM,Yorkshire and Humber,0.382,4.981
2006,MAM,Yorkshire and Humber,0.461,10.505
2007,MAM,Yorkshire and Humber,0.249,6.299
2008,MAM,Yorkshire and Humber,0.408,6.579
2009,MAM,Yorkshire and Humber,0.306,8.458
2010,MAM,Yorkshire and Humber,0.243,4.514
2011,MAM,Yorkshire and Humber,0.195,4.009
2012,MAM,Yorkshire and Humber,0.337,6.364
2013,MAM,Yorkshire and Humber,0.325,6.794
2014,MAM,Yorkshire and Humber,0.380,7.626
2015,MAM,Yorkshire and Humber,0.348,5.963
2016,MAM,Yorkshire and Humber,0.388,6.402
2017,MAM,Yorkshire and Humber,0.281,5.720
2018,MAM,Yorkshire and Humber,0.374,7.252
2019,MAM,Yorkshire and Humber,0.331,9.953
2020,MAM,Yorkshire and Humber,0.167,4.523
2021,MAM,Yorkshire and Humber,0.315,6.402
1892,MAM,Channel Islands, NaN,  NA
1893,MAM,Channel Islands, NaN,  NA
1894,MAM,Channel Islands, NaN,  NA
1895,MAM,Channel Islands, NaN,  NA
1896,MAM,Channel Islands, NaN,  NA
1897,MAM,Channel Islands, NaN,  NA
1898,MAM,Channel Islands, NaN,  NA
1899,MAM,Channel Islands, NaN,  NA
1900,MAM,Channel Islands, NaN,  NA
1901,MAM,Channel Islands, NaN,  NA
1902,MAM,Channel Islands, NaN,  NA
1903,MAM,Channel Islands, NaN,  NA
1904,MAM,Channel Islands, NaN,  NA
1905,MAM,Channel Islands, NaN,  NA
1906,MAM,Channel Islands, NaN,  NA
1907,MAM,Channel Islands, NaN,  NA
1908,MAM,Channel Islands, NaN,  NA
1909,MAM,Channel Islands, NaN,  NA
1910,MAM,Channel Islands, NaN,  NA
1911,MAM,Channel Islands, NaN,  NA
1912,MAM,Channel Islands, NaN,  NA
1913,MAM,Channel Islands, NaN,  NA
1914,MAM,Channel Islands, NaN,  NA
1915,MAM,Channel Islands, NaN,  NA
1916,MAM,Channel Islands, NaN,  NA
1917,MAM,Channel Islands, NaN,  NA
1918,MAM,Channel Islands, NaN,  NA
1919,MAM,Channel Islands, NaN,  NA
1920,MAM,Channel Islands, NaN,  NA
1921,MAM,Channel Islands, NaN,  NA
1922,MAM,Channel Islands, NaN,  NA
1923,MAM,Channel Islands, NaN,  NA
1924,MAM,Channel Islands, NaN,  NA
1925,MAM,Channel Islands, NaN,  NA
1926,MAM,Channel Islands, NaN,  NA
1927,MAM,Channel Islands, NaN,  NA
1928,MAM,Channel Islands, NaN,  NA
1929,MAM,Channel Islands, NaN,  NA
1930,MAM,Channel Islands, NaN,  NA
1931,MAM,Channel Islands, NaN,  NA
1932,MAM,Channel Islands, NaN,  NA
1933,MAM,Channel Islands, NaN,  NA
1934,MAM,Channel Islands, NaN,  NA
1935,MAM,Channel Islands, NaN,  NA
1936,MAM,Channel Islands, NaN,  NA
1937,MAM,Channel Islands, NaN,  NA
1938,MAM,Channel Islands, NaN,  NA
1939,MAM,Channel Islands, NaN,  NA
1940,MAM,Channel Islands, NaN,  NA
1941,MAM,Channel Islands, NaN,  NA
1942,MAM,Channel Islands, NaN,  NA
1943,MAM,Channel Islands, NaN,  NA
1944,MAM,Channel Islands, NaN,  NA
1945,MAM,Channel Islands, NaN,  NA
1946,MAM,Channel Islands, NaN,  NA
1947,MAM,Channel Islands, NaN,  NA
1948,MAM,Channel Islands, NaN,  NA
1949,MAM,Channel Islands, NaN,  NA
1950,MAM,Channel Islands, NaN,  NA
1951,MAM,Channel Islands, NaN,  NA
1952,MAM,Channel Islands, NaN,  NA
1953,MAM,Channel Islands, NaN,  NA
1954,MAM,Channel Islands, NaN,  NA
1955,MAM,Channel Islands, NaN,  NA
1956,MAM,Channel Islands, NaN,  NA
1957,MAM,Channel Islands, NaN,  NA
1958,MAM,Channel Islands, NaN,  NA
1959,MAM,Channel Islands, NaN,  NA
1960,MAM,Channel Islands, NaN,  NA
1961,MAM,Channel Islands, NaN,  NA
1962,MAM,Channel Islands, NaN,  NA
1963,MAM,Channel Islands, NaN,  NA
1964,MAM,Channel Islands, NaN,  NA
1965,MAM,Channel Islands, NaN,  NA
1966,MAM,Channel Islands, NaN,  NA
1967,MAM,Channel Islands, NaN,  NA
1968,MAM,Channel Islands, NaN,  NA
1969,MAM,Channel Islands, NaN,  NA
1970,MAM,Channel Islands, NaN,  NA
1971,MAM,Channel Islands, NaN,  NA
1972,MAM,Channel Islands, NaN,  NA
1973,MAM,Channel Islands, NaN,  NA
1974,MAM,Channel Islands, NaN,  NA
1975,MAM,Channel Islands, NaN,  NA
1976,MAM,Channel Islands, NaN,  NA
1977,MAM,Channel Islands, NaN,  NA
1978,MAM,Channel Islands, NaN,  NA
1979,MAM,Channel Islands, NaN,  NA
1980,MAM,Channel Islands, NaN,  NA
1981,MAM,Channel Islands, NaN,  NA
1982,MAM,Channel Islands, NaN,  NA
1983,MAM,Channel Islands, NaN,  NA
1984,MAM,Channel Islands, NaN,  NA
1985,MAM,Channel Islands, NaN,  NA
1986,MAM,Channel Islands, NaN,  NA
1987,MAM,Channel Islands, NaN,  NA
1988,MAM,Channel Islands, NaN,  NA
1989,MAM,Channel Islands, NaN,  NA
1990,MAM,Channel Islands, NaN,  NA
1991,MAM,Channel Islands, NaN,  NA
1992,MAM,Channel Islands, NaN,  NA
1993,MAM,Channel Islands, NaN,  NA
1994,MAM,Channel Islands, NaN,  NA
1995,MAM,Channel Islands, NaN,  NA
1996,MAM,Channel Islands, NaN,  NA
1997,MAM,Channel Islands, NaN,  NA
1998,MAM,Channel Islands, NaN,  NA
1999,MAM,Channel Islands, NaN,  NA
2000,MAM,Channel Islands, NaN,  NA
2001,MAM,Channel Islands, NaN,  NA
2002,MAM,Channel Islands, NaN,  NA
2003,MAM,Channel Islands, NaN,  NA
2004,MAM,Channel Islands, NaN,  NA
2005,MAM,Channel Islands, NaN,  NA
2006,MAM,Channel Islands, NaN,  NA
2007,MAM,Channel Islands, NaN,  NA
2008,MAM,Channel Islands, NaN,  NA
2009,MAM,Channel Islands, NaN,  NA
2010,MAM,Channel Islands, NaN,  NA
2011,MAM,Channel Islands, NaN,  NA
2012,MAM,Channel Islands, NaN,  NA
2013,MAM,Channel Islands, NaN,  NA
2014,MAM,Channel Islands, NaN,  NA
2015,MAM,Channel Islands, NaN,  NA
2016,MAM,Channel Islands, NaN,  NA
2017,MAM,Channel Islands, NaN,  NA
2018,MAM,Channel Islands, NaN,  NA
2019,MAM,Channel Islands, NaN,  NA
2020,MAM,Channel Islands, NaN,  NA
2021,MAM,Channel Islands, NaN,  NA
1892,MAM,Isle of Man,0.359,5.000
1893,MAM,Isle of Man,0.221,4.000
1894,MAM,Isle of Man,0.420,8.000
1895,MAM,Isle of Man,0.279,7.000
1896,MAM,Isle of Man,0.308,5.000
1897,MAM,Isle of Man,0.471,6.000
1898,MAM,Isle of Man,0.431,6.000
1899,MAM,Isle of Man,0.428,6.000
1900,MAM,Isle of Man,0.304,4.333
1901,MAM,Isle of Man,0.308,5.667
1902,MAM,Isle of Man,0.460,5.333
1903,MAM,Isle of Man,0.500,10.000
1904,MAM,Isle of Man,0.409,7.000
1905,MAM,Isle of Man,0.453,11.000
1906,MAM,Isle of Man,0.446,7.000
1907,MAM,Isle of Man,0.424,6.667
1908,MAM,Isle of Man,0.435,6.667
1909,MAM,Isle of Man,0.366,4.333
1910,MAM,Isle of Man,0.399,6.333
1911,MAM,Isle of Man,0.279,9.333
1912,MAM,Isle of Man,0.355,5.000
1913,MAM,Isle of Man,0.547,9.000
1914,MAM,Isle of Man,0.482,13.333
1915,MAM,Isle of Man,0.351,3.000
1916,MAM,Isle of Man,0.384,6.000
1917,MAM,Isle of Man,0.446,11.333
1918,MAM,Isle of Man,0.297,5.333
1919,MAM,Isle of Man,0.460,7.000
1920,MAM,Isle of Man,0.565,8.667
1921,MAM,Isle of Man,0.406,8.000
1922,MAM,Isle of Man,0.362,6.000
1923,MAM,Isle of Man,0.435,8.333
1924,MAM,Isle of Man,0.420,8.000
1925,MAM,Isle of Man,0.569,6.000
1926,MAM,Isle of Man,0.384,7.000
1927,MAM,Isle of Man,0.402,6.000
1928,MAM,Isle of Man,0.366,10.000
1929,MAM,Isle of Man,0.293,5.000
1930,MAM,Isle of Man,0.431,5.000
1931,MAM,Isle of Man,0.366,6.000
1932,MAM,Isle of Man,0.453,7.000
1933,MAM,Isle of Man,0.399,5.000
1934,MAM,Isle of Man,0.478,8.000
1935,MAM,Isle of Man,0.308,7.000
1936,MAM,Isle of Man,0.319,5.333
1937,MAM,Isle of Man,0.424,6.000
1938,MAM,Isle of Man,0.264,8.000
1939,MAM,Isle of Man,0.319,4.000
1940,MAM,Isle of Man,0.413,6.000
1941,MAM,Isle of Man,0.315,6.667
1942,MAM,Isle of Man,0.391,9.333
1943,MAM,Isle of Man,0.344,4.000
1944,MAM,Isle of Man,0.304,4.667
1945,MAM,Isle of Man,0.377,7.667
1946,MAM,Isle of Man,0.275,7.000
1947,MAM,Isle of Man,0.612,7.667
1948,MAM,Isle of Man,0.322,9.333
1949,MAM,Isle of Man,0.380,6.000
1950,MAM,Isle of Man,0.431,7.000
1951,MAM,Isle of Man,0.395,6.000
1952,MAM,Isle of Man,0.326,5.000
1953,MAM,Isle of Man,0.268,5.000
1954,MAM,Isle of Man,0.257,3.667
1955,MAM,Isle of Man,0.355,6.667
1956,MAM,Isle of Man,0.297,5.667
1957,MAM,Isle of Man,0.373,9.000
1958,MAM,Isle of Man,0.399,6.333
1959,MAM,Isle of Man,0.399,6.000
1960,MAM,Isle of Man,0.301,6.000
1961,MAM,Isle of Man,0.344,8.000
1962,MAM,Isle of Man,0.351,5.333
1963,MAM,Isle of Man,0.533,6.667
1964,MAM,Isle of Man,0.402,7.667
1965,MAM,Isle of Man,0.471,9.000
1966,MAM,Isle of Man,0.565,10.000
1967,MAM,Isle of Man,0.453,7.000
1968,MAM,Isle of Man,0.402,6.000
1969,MAM,Isle of Man,0.399,10.667
1970,MAM,Isle of Man,0.428,7.000
1971,MAM,Isle of Man,0.348,5.000
1972,MAM,Isle of Man,0.428,15.667
1973,MAM,Isle of Man,0.366,6.667
1974,MAM,Isle of Man,0.293,6.667
1975,MAM,Isle of Man,0.312,7.000
1976,MAM,Isle of Man,0.377,5.667
1977,MAM,Isle of Man,0.366,6.667
1978,MAM,Isle of Man,0.355,7.667
1979,MAM,Isle of Man,0.438,6.667
1980,MAM,Isle of Man,0.293,8.667
1981,MAM,Isle of Man,0.460,12.000
1982,MAM,Isle of Man,0.362,9.000
1983,MAM,Isle of Man,0.525,8.000
1984,MAM,Isle of Man,0.199,3.333
1985,MAM,Isle of Man,0.395,7.000
1986,MAM,Isle of Man,0.496,8.667
1987,MAM,Isle of Man,0.446,7.000
1988,MAM,Isle of Man,0.442,11.000
1989,MAM,Isle of Man,0.373,5.000
1990,MAM,Isle of Man,0.290,6.333
1991,MAM,Isle of Man,0.366,7.000
1992,MAM,Isle of Man,0.576,8.667
1993,MAM,Isle of Man,0.464,7.333
1994,MAM,Isle of Man,0.471,7.333
1995,MAM,Isle of Man,0.384,6.000
1996,MAM,Isle of Man,0.377,7.667
1997,MAM,Isle of Man,0.290,5.333
1998,MAM,Isle of Man,0.428,5.333
1999,MAM,Isle of Man,0.373,6.000
2000,MAM,Isle of Man,0.355,6.333
2001,MAM,Isle of Man,0.409,6.000
2002,MAM,Isle of Man,0.417,9.333
2003,MAM,Isle of Man,0.362,7.000
2004,MAM,Isle of Man,0.326,5.333
2005,MAM,Isle of Man,0.446,7.667
2006,MAM,Isle of Man,0.569,11.000
2007,MAM,Isle of Man,0.293,8.000
2008,MAM,Isle of Man,0.355,7.000
2009,MAM,Isle of Man,0.431,6.667
2010,MAM,Isle of Man,0.319,5.000
2011,MAM,Isle of Man,0.380,6.333
2012,MAM,Isle of Man,0.322,4.333
2013,MAM,Isle of Man,0.380,6.333
2014,MAM,Isle of Man,0.438,7.000
2015,MAM,Isle of Man,0.402,6.333
2016,MAM,Isle of Man,0.380,7.000
2017,MAM,Isle of Man,0.341,6.000
2018,MAM,Isle of Man,0.399,4.667
2019,MAM,Isle of Man,0.420,11.333
2020,MAM,Isle of Man,0.178,3.667
2021,MAM,Isle of Man,0.348,4.000
1892,MAM,Northern Ireland,0.379,10.267
1893,MAM,Northern Ireland,0.286,5.833
1894,MAM,Northern Ireland,0.518,9.589
1895,MAM,Northern Ireland,0.416,9.389
1896,MAM,Northern Ireland,0.433,6.022
1897,MAM,Northern Ireland,0.599,13.644
1898,MAM,Northern Ireland,0.508,8.067
1899,MAM,Northern Ireland,0.490,10.356
1900,MAM,Northern Ireland,0.442,11.400
1901,MAM,Northern Ireland,0.435,11.600
1902,MAM,Northern Ireland,0.617,10.700
1903,MAM,Northern Ireland,0.640,14.956
1904,MAM,Northern Ireland,0.557,15.378
1905,MAM,Northern Ireland,0.575,14.000
1906,MAM,Northern Ireland,0.578,13.844
1907,MAM,Northern Ireland,0.611,17.422
1908,MAM,Northern Ireland,0.642,13.144
1909,MAM,Northern Ireland,0.586,9.767
1910,MAM,Northern Ireland,0.496,9.044
1911,MAM,Northern Ireland,0.396,13.589
1912,MAM,Northern Ireland,0.514,12.844
1913,MAM,Northern Ireland,0.657,13.467
1914,MAM,Northern Ireland,0.519,13.289
1915,MAM,Northern Ireland,0.361,12.556
1916,MAM,Northern Ireland,0.516,13.878
1917,MAM,Northern Ireland,0.487,7.611
1918,MAM,Northern Ireland,0.343,6.344
1919,MAM,Northern Ireland,0.442,7.578
1920,MAM,Northern Ireland,0.622,9.622
1921,MAM,Northern Ireland,0.511,9.067
1922,MAM,Northern Ireland,0.428,8.922
1923,MAM,Northern Ireland,0.483,8.933
1924,MAM,Northern Ireland,0.471,11.644
1925,MAM,Northern Ireland,0.580,9.278
1926,MAM,Northern Ireland,0.441,9.089
1927,MAM,Northern Ireland,0.463,10.044
1928,MAM,Northern Ireland,0.396,8.222
1929,MAM,Northern Ireland,0.266,4.544
1930,MAM,Northern Ireland,0.458,7.967
1931,MAM,Northern Ireland,0.506,7.933
1932,MAM,Northern Ireland,0.525,9.422
1933,MAM,Northern Ireland,0.465,7.311
1934,MAM,Northern Ireland,0.523,9.089
1935,MAM,Northern Ireland,0.352,7.644
1936,MAM,Northern Ireland,0.368,5.956
1937,MAM,Northern Ireland,0.427,7.600
1938,MAM,Northern Ireland,0.311,7.367
1939,MAM,Northern Ireland,0.471,6.211
1940,MAM,Northern Ireland,0.528,11.367
1941,MAM,Northern Ireland,0.399,7.733
1942,MAM,Northern Ireland,0.471,11.233
1943,MAM,Northern Ireland,0.456,7.800
1944,MAM,Northern Ireland,0.366,5.478
1945,MAM,Northern Ireland,0.445,14.867
1946,MAM,Northern Ireland,0.325,8.744
1947,MAM,Northern Ireland,0.564,10.911
1948,MAM,Northern Ireland,0.421,10.122
1949,MAM,Northern Ireland,0.493,11.544
1950,MAM,Northern Ireland,0.480,11.111
1951,MAM,Northern Ireland,0.400,5.956
1952,MAM,Northern Ireland,0.352,6.578
1953,MAM,Northern Ireland,0.352,8.733
1954,MAM,Northern Ireland,0.410,9.844
1955,MAM,Northern Ireland,0.425,11.289
1956,MAM,Northern Ireland,0.399,5.811
1957,MAM,Northern Ireland,0.449,8.422
1958,MAM,Northern Ireland,0.429,7.867
1959,MAM,Northern Ireland,0.479,8.733
1960,MAM,Northern Ireland,0.390,9.956
1961,MAM,Northern Ireland,0.435,9.367
1962,MAM,Northern Ireland,0.424,11.622
1963,MAM,Northern Ireland,0.564,10.467
1964,MAM,Northern Ireland,0.475,10.878
1965,MAM,Northern Ireland,0.540,10.433
1966,MAM,Northern Ireland,0.537,8.644
1967,MAM,Northern Ireland,0.553,11.756
1968,MAM,Northern Ireland,0.448,8.989
1969,MAM,Northern Ireland,0.404,7.011
1970,MAM,Northern Ireland,0.523,8.733
1971,MAM,Northern Ireland,0.340,4.978
1972,MAM,Northern Ireland,0.531,15.022
1973,MAM,Northern Ireland,0.402,9.044
1974,MAM,Northern Ireland,0.297,5.756
1975,MAM,Northern Ireland,0.376,6.644
1976,MAM,Northern Ireland,0.489,11.378
1977,MAM,Northern Ireland,0.460,6.478
1978,MAM,Northern Ireland,0.453,11.500
1979,MAM,Northern Ireland,0.623,9.356
1980,MAM,Northern Ireland,0.344,7.633
1981,MAM,Northern Ireland,0.523,10.911
1982,MAM,Northern Ireland,0.427,13.444
1983,MAM,Northern Ireland,0.535,13.300
1984,MAM,Northern Ireland,0.278,5.100
1985,MAM,Northern Ireland,0.501,9.611
1986,MAM,Northern Ireland,0.636,11.444
1987,MAM,Northern Ireland,0.429,8.322
1988,MAM,Northern Ireland,0.468,10.489
1989,MAM,Northern Ireland,0.479,9.100
1990,MAM,Northern Ireland,0.409,8.378
1991,MAM,Northern Ireland,0.384,7.889
1992,MAM,Northern Ireland,0.598,10.000
1993,MAM,Northern Ireland,0.516,10.367
1994,MAM,Northern Ireland,0.556,14.600
1995,MAM,Northern Ireland,0.473,7.822
1996,MAM,Northern Ireland,0.468,14.000
1997,MAM,Northern Ireland,0.364,7.700
1998,MAM,Northern Ireland,0.480,7.767
1999,MAM,Northern Ireland,0.503,7.433
2000,MAM,Northern Ireland,0.465,9.256
2001,MAM,Northern Ireland,0.396,6.133
2002,MAM,Northern Ireland,0.517,10.711
2003,MAM,Northern Ireland,0.484,11.622
2004,MAM,Northern Ireland,0.415,8.467
2005,MAM,Northern Ireland,0.492,8.478
2006,MAM,Northern Ireland,0.573,10.356
2007,MAM,Northern Ireland,0.362,6.722
2008,MAM,Northern Ireland,0.467,9.011
2009,MAM,Northern Ireland,0.589,11.478
2010,MAM,Northern Ireland,0.333,6.822
2011,MAM,Northern Ireland,0.429,13.667
2012,MAM,Northern Ireland,0.361,5.767
2013,MAM,Northern Ireland,0.464,9.156
2014,MAM,Northern Ireland,0.478,8.400
2015,MAM,Northern Ireland,0.491,7.967
2016,MAM,Northern Ireland,0.442,8.933
2017,MAM,Northern Ireland,0.417,8.433
2018,MAM,Northern Ireland,0.450,6.289
2019,MAM,Northern Ireland,0.469,16.922
2020,MAM,Northern Ireland,0.284,7.933
2021,MAM,Northern Ireland,0.422,7.600
1892,MAM,Wales,0.333,5.021
1893,MAM,Wales,0.223,6.887
1894,MAM,Wales,0.460,9.430
1895,MAM,Wales,0.367,9.021
1896,MAM,Wales,0.422,7.606
1897,MAM,Wales,0.546,8.958
1898,MAM,Wales,0.441,8.373
1899,MAM,Wales,0.472,11.993
1900,MAM,Wales,0.355,5.845
1901,MAM,Wales,0.401,11.915
1902,MAM,Wales,0.507,7.697
1903,MAM,Wales,0.557,13.162
1904,MAM,Wales,0.435,6.655
1905,MAM,Wales,0.492,12.472
1906,MAM,Wales,0.459,9.655
1907,MAM,Wales,0.518,9.310
1908,MAM,Wales,0.524,6.465
1909,MAM,Wales,0.472,8.923
1910,MAM,Wales,0.461,7.761
1911,MAM,Wales,0.349,5.577
1912,MAM,Wales,0.425,9.958
1913,MAM,Wales,0.623,12.042
1914,MAM,Wales,0.519,13.056
1915,MAM,Wales,0.346,4.225
1916,MAM,Wales,0.493,9.951
1917,MAM,Wales,0.456,8.345
1918,MAM,Wales,0.324,7.127
1919,MAM,Wales,0.448,8.873
1920,MAM,Wales,0.663,13.873
1921,MAM,Wales,0.484,9.845
1922,MAM,Wales,0.443,6.049
1923,MAM,Wales,0.510,9.415
1924,MAM,Wales,0.479,12.732
1925,MAM,Wales,0.545,9.789
1926,MAM,Wales,0.423,9.056
1927,MAM,Wales,0.467,12.261
1928,MAM,Wales,0.406,8.577
1929,MAM,Wales,0.244,4.894
1930,MAM,Wales,0.501,6.831
1931,MAM,Wales,0.489,7.155
1932,MAM,Wales,0.580,9.930
1933,MAM,Wales,0.370,6.655
1934,MAM,Wales,0.481,7.972
1935,MAM,Wales,0.382,9.965
1936,MAM,Wales,0.408,8.014
1937,MAM,Wales,0.460,7.866
1938,MAM,Wales,0.248,7.986
1939,MAM,Wales,0.399,5.254
1940,MAM,Wales,0.471,8.824
1941,MAM,Wales,0.390,8.092
1942,MAM,Wales,0.415,8.620
1943,MAM,Wales,0.322,6.662
1944,MAM,Wales,0.277,5.549
1945,MAM,Wales,0.416,12.655
1946,MAM,Wales,0.315,6.789
1947,MAM,Wales,0.595,13.789
1948,MAM,Wales,0.353,10.514
1949,MAM,Wales,0.405,8.845
1950,MAM,Wales,0.462,8.965
1951,MAM,Wales,0.540,9.789
1952,MAM,Wales,0.427,10.880
1953,MAM,Wales,0.326,8.627
1954,MAM,Wales,0.357,6.535
1955,MAM,Wales,0.408,10.092
1956,MAM,Wales,0.278,3.951
1957,MAM,Wales,0.331,8.775
1958,MAM,Wales,0.372,9.662
1959,MAM,Wales,0.485,9.514
1960,MAM,Wales,0.335,6.324
1961,MAM,Wales,0.355,8.014
1962,MAM,Wales,0.422,9.289
1963,MAM,Wales,0.552,8.359
1964,MAM,Wales,0.420,7.880
1965,MAM,Wales,0.461,9.415
1966,MAM,Wales,0.510,7.239
1967,MAM,Wales,0.487,10.070
1968,MAM,Wales,0.437,9.887
1969,MAM,Wales,0.481,10.866
1970,MAM,Wales,0.497,9.923
1971,MAM,Wales,0.326,6.556
1972,MAM,Wales,0.501,12.380
1973,MAM,Wales,0.410,6.577
1974,MAM,Wales,0.275,5.472
1975,MAM,Wales,0.408,6.683
1976,MAM,Wales,0.360,4.831
1977,MAM,Wales,0.471,10.408
1978,MAM,Wales,0.428,8.035
1979,MAM,Wales,0.592,8.887
1980,MAM,Wales,0.313,8.415
1981,MAM,Wales,0.540,12.887
1982,MAM,Wales,0.351,8.866
1983,MAM,Wales,0.648,13.732
1984,MAM,Wales,0.220,5.465
1985,MAM,Wales,0.466,10.134
1986,MAM,Wales,0.577,10.310
1987,MAM,Wales,0.445,10.775
1988,MAM,Wales,0.453,10.127
1989,MAM,Wales,0.405,6.225
1990,MAM,Wales,0.293,5.197
1991,MAM,Wales,0.358,8.718
1992,MAM,Wales,0.532,7.261
1993,MAM,Wales,0.441,7.775
1994,MAM,Wales,0.547,10.648
1995,MAM,Wales,0.372,6.380
1996,MAM,Wales,0.385,8.310
1997,MAM,Wales,0.340,9.486
1998,MAM,Wales,0.472,9.676
1999,MAM,Wales,0.483,8.993
2000,MAM,Wales,0.440,9.225
2001,MAM,Wales,0.471,9.549
2002,MAM,Wales,0.461,11.239
2003,MAM,Wales,0.412,10.197
2004,MAM,Wales,0.392,7.613
2005,MAM,Wales,0.444,6.465
2006,MAM,Wales,0.548,10.859
2007,MAM,Wales,0.345,9.514
2008,MAM,Wales,0.520,8.148
2009,MAM,Wales,0.450,8.528
2010,MAM,Wales,0.333,7.465
2011,MAM,Wales,0.310,6.275
2012,MAM,Wales,0.394,10.796
2013,MAM,Wales,0.375,7.521
2014,MAM,Wales,0.448,8.211
2015,MAM,Wales,0.412,6.592
2016,MAM,Wales,0.440,7.908
2017,MAM,Wales,0.387,7.085
2018,MAM,Wales,0.474,5.761
2019,MAM,Wales,0.415,8.352
2020,MAM,Wales,0.255,7.775
2021,MAM,Wales,0.416,10.092
1892,JJA,East Midlands,0.373,6.841
1893,JJA,East Midlands,0.348,5.243
1894,JJA,East Midlands,0.433,6.505
1895,JJA,East Midlands,0.383,7.841
1896,JJA,East Midlands,0.357,5.757
1897,JJA,East Midlands,0.352,7.355
1898,JJA,East Midlands,0.328,5.533
1899,JJA,East Midlands,0.221,5.888
1900,JJA,East Midlands,0.451,9.617
1901,JJA,East Midlands,0.269,5.271
1902,JJA,East Midlands,0.421,5.729
1903,JJA,East Midlands,0.367,6.701
1904,JJA,East Midlands,0.286,4.682
1905,JJA,East Midlands,0.394,6.598
1906,JJA,East Midlands,0.272,4.355
1907,JJA,East Midlands,0.452,5.514
1908,JJA,East Midlands,0.347,8.019
1909,JJA,East Midlands,0.407,7.421
1910,JJA,East Midlands,0.378,6.243
1911,JJA,East Midlands,0.220,3.897
1912,JJA,East Midlands,0.614,9.916
1913,JJA,East Midlands,0.210,3.888
1914,JJA,East Midlands,0.328,4.757
1915,JJA,East Midlands,0.384,6.626
1916,JJA,East Midlands,0.373,6.206
1917,JJA,East Midlands,0.417,7.897
1918,JJA,East Midlands,0.312,6.626
1919,JJA,East Midlands,0.293,5.103
1920,JJA,East Midlands,0.357,8.411
1921,JJA,East Midlands,0.234,4.533
1922,JJA,East Midlands,0.414,8.766
1923,JJA,East Midlands,0.324,5.075
1924,JJA,East Midlands,0.423,6.505
1925,JJA,East Midlands,0.226,4.224
1926,JJA,East Midlands,0.347,7.252
1927,JJA,East Midlands,0.475,9.673
1928,JJA,East Midlands,0.352,5.766
1929,JJA,East Midlands,0.279,4.449
1930,JJA,East Midlands,0.380,5.953
1931,JJA,East Midlands,0.423,5.327
1932,JJA,East Midlands,0.273,5.533
1933,JJA,East Midlands,0.283,7.757
1934,JJA,East Midlands,0.288,4.813
1935,JJA,East Midlands,0.290,7.187
1936,JJA,East Midlands,0.420,6.636
1937,JJA,East Midlands,0.194,3.579
1938,JJA,East Midlands,0.356,6.925
1939,JJA,East Midlands,0.437,7.991
1940,JJA,East Midlands,0.243,5.084
1941,JJA,East Midlands,0.354,5.009
1942,JJA,East Midlands,0.289,4.589
1943,JJA,East Midlands,0.321,5.355
1944,JJA,East Midlands,0.347,8.748
1945,JJA,East Midlands,0.346,5.019
1946,JJA,East Midlands,0.443,8.346
1947,JJA,East Midlands,0.247,3.720
1948,JJA,East Midlands,0.404,4.981
1949,JJA,East Midlands,0.217,4.832
1950,JJA,East Midlands,0.356,4.757
1951,JJA,East Midlands,0.348,6.262
1952,JJA,East Midlands,0.266,4.439
1953,JJA,East Midlands,0.402,5.907
1954,JJA,East Midlands,0.459,7.841
1955,JJA,East Midlands,0.200,3.234
1956,JJA,East Midlands,0.495,6.636
1957,JJA,East Midlands,0.412,6.411
1958,JJA,East Midlands,0.507,8.150
1959,JJA,East Midlands,0.223,4.215
1960,JJA,East Midlands,0.410,7.617
1961,JJA,East Midlands,0.342,6.009
1962,JJA,East Midlands,0.246,3.196
1963,JJA,East Midlands,0.409,8.065
1964,JJA,East Midlands,0.331,4.570
1965,JJA,East Midlands,0.389,5.850
1966,JJA,East Midlands,0.379,7.131
1967,JJA,East Midlands,0.237,5.009
1968,JJA,East Midlands,0.344,6.888
1969,JJA,East Midlands,0.298,5.178
1970,JJA,East Midlands,0.265,4.477
1971,JJA,East Midlands,0.326,4.701
1972,JJA,East Midlands,0.309,5.888
1973,JJA,East Midlands,0.237,5.598
1974,JJA,East Midlands,0.337,6.065
1975,JJA,East Midlands,0.223,5.271
1976,JJA,East Midlands,0.116,2.570
1977,JJA,East Midlands,0.279,5.869
1978,JJA,East Midlands,0.404,6.888
1979,JJA,East Midlands,0.217,4.084
1980,JJA,East Midlands,0.400,7.766
1981,JJA,East Midlands,0.223,4.065
1982,JJA,East Midlands,0.355,5.374
1983,JJA,East Midlands,0.140,1.963
1984,JJA,East Midlands,0.219,4.290
1985,JJA,East Midlands,0.455,6.393
1986,JJA,East Midlands,0.279,3.393
1987,JJA,East Midlands,0.416,6.290
1988,JJA,East Midlands,0.399,7.664
1989,JJA,East Midlands,0.223,3.383
1990,JJA,East Midlands,0.267,4.841
1991,JJA,East Midlands,0.312,6.243
1992,JJA,East Midlands,0.338,4.953
1993,JJA,East Midlands,0.350,6.682
1994,JJA,East Midlands,0.221,2.832
1995,JJA,East Midlands,0.133,2.822
1996,JJA,East Midlands,0.258,5.336
1997,JJA,East Midlands,0.458,9.916
1998,JJA,East Midlands,0.337,5.738
1999,JJA,East Midlands,0.328,6.364
2000,JJA,East Midlands,0.301,3.626
2001,JJA,East Midlands,0.314,5.935
2002,JJA,East Midlands,0.348,5.449
2003,JJA,East Midlands,0.266,5.019
2004,JJA,East Midlands,0.427,6.196
2005,JJA,East Midlands,0.294,4.168
2006,JJA,East Midlands,0.307,5.243
2007,JJA,East Midlands,0.433,8.860
2008,JJA,East Midlands,0.398,7.822
2009,JJA,East Midlands,0.377,5.953
2010,JJA,East Midlands,0.342,6.355
2011,JJA,East Midlands,0.323,4.243
2012,JJA,East Midlands,0.511,8.439
2013,JJA,East Midlands,0.259,4.037
2014,JJA,East Midlands,0.318,4.121
2015,JJA,East Midlands,0.315,4.037
2016,JJA,East Midlands,0.372,7.449
2017,JJA,East Midlands,0.346,6.280
2018,JJA,East Midlands,0.170,4.355
2019,JJA,East Midlands,0.384,8.991
2020,JJA,East Midlands,0.398,5.290
2021,JJA,East Midlands,0.302,5.701
1892,JJA,East of England,0.351,5.265
1893,JJA,East of England,0.366,4.765
1894,JJA,East of England,0.444,5.894
1895,JJA,East of England,0.352,7.083
1896,JJA,East of England,0.309,5.083
1897,JJA,East of England,0.315,4.947
1898,JJA,East of England,0.271,5.152
1899,JJA,East of England,0.185,4.697
1900,JJA,East of England,0.402,7.273
1901,JJA,East of England,0.217,3.985
1902,JJA,East of England,0.396,5.295
1903,JJA,East of England,0.403,8.985
1904,JJA,East of England,0.232,4.750
1905,JJA,East of England,0.342,5.636
1906,JJA,East of England,0.232,3.083
1907,JJA,East of England,0.366,4.356
1908,JJA,East of England,0.304,8.023
1909,JJA,East of England,0.420,7.235
1910,JJA,East of England,0.384,5.674
1911,JJA,East of England,0.208,3.780
1912,JJA,East of England,0.545,11.492
1913,JJA,East of England,0.232,4.076
1914,JJA,East of England,0.287,4.485
1915,JJA,East of England,0.375,6.576
1916,JJA,East of England,0.406,7.561
1917,JJA,East of England,0.395,7.220
1918,JJA,East of England,0.317,7.121
1919,JJA,East of England,0.320,5.508
1920,JJA,East of England,0.327,5.947
1921,JJA,East of England,0.168,3.174
1922,JJA,East of England,0.399,5.962
1923,JJA,East of England,0.253,3.720
1924,JJA,East of England,0.400,6.644
1925,JJA,East of England,0.284,5.379
1926,JJA,East of England,0.354,6.273
1927,JJA,East of England,0.485,9.477
1928,JJA,East of England,0.322,4.621
1929,JJA,East of England,0.227,4.235
1930,JJA,East of England,0.335,6.788
1931,JJA,East of England,0.379,5.879
1932,JJA,East of England,0.273,5.583
1933,JJA,East of England,0.273,7.114
1934,JJA,East of England,0.258,3.742
1935,JJA,East of England,0.285,6.788
1936,JJA,East of England,0.416,6.076
1937,JJA,East of England,0.244,4.280
1938,JJA,East of England,0.280,4.871
1939,JJA,East of England,0.334,6.932
1940,JJA,East of England,0.228,4.477
1941,JJA,East of England,0.376,6.939
1942,JJA,East of England,0.271,4.174
1943,JJA,East of England,0.296,5.091
1944,JJA,East of England,0.278,4.765
1945,JJA,East of England,0.296,4.576
1946,JJA,East of England,0.485,7.136
1947,JJA,East of England,0.216,4.045
1948,JJA,East of England,0.357,4.871
1949,JJA,East of England,0.178,4.061
1950,JJA,East of England,0.353,4.697
1951,JJA,East of England,0.289,3.902
1952,JJA,East of England,0.270,5.932
1953,JJA,East of England,0.383,5.606
1954,JJA,East of England,0.431,7.902
1955,JJA,East of England,0.189,3.129
1956,JJA,East of England,0.443,6.030
1957,JJA,East of England,0.387,7.288
1958,JJA,East of England,0.431,7.371
1959,JJA,East of England,0.227,4.606
1960,JJA,East of England,0.429,8.371
1961,JJA,East of England,0.280,5.447
1962,JJA,East of England,0.230,3.455
1963,JJA,East of England,0.366,7.265
1964,JJA,East of England,0.294,5.182
1965,JJA,East of England,0.379,6.129
1966,JJA,East of England,0.359,6.015
1967,JJA,East of England,0.218,3.500
1968,JJA,East of England,0.430,8.273
1969,JJA,East of England,0.273,4.856
1970,JJA,East of England,0.251,3.894
1971,JJA,East of England,0.299,5.205
1972,JJA,East of England,0.239,4.159
1973,JJA,East of England,0.207,5.758
1974,JJA,East of England,0.337,7.409
1975,JJA,East of England,0.186,3.000
1976,JJA,East of England,0.107,3.508
1977,JJA,East of England,0.277,6.015
1978,JJA,East of England,0.352,8.962
1979,JJA,East of England,0.241,4.409
1980,JJA,East of England,0.364,5.909
1981,JJA,East of England,0.208,3.644
1982,JJA,East of England,0.344,5.205
1983,JJA,East of England,0.139,2.303
1984,JJA,East of England,0.214,3.727
1985,JJA,East of England,0.466,8.742
1986,JJA,East of England,0.264,3.242
1987,JJA,East of England,0.441,8.750
1988,JJA,East of England,0.322,5.795
1989,JJA,East of England,0.250,4.462
1990,JJA,East of England,0.208,3.364
1991,JJA,East of England,0.319,7.136
1992,JJA,East of England,0.311,3.773
1993,JJA,East of England,0.323,6.871
1994,JJA,East of England,0.225,2.841
1995,JJA,East of England,0.172,4.098
1996,JJA,East of England,0.223,4.038
1997,JJA,East of England,0.384,8.083
1998,JJA,East of England,0.346,4.765
1999,JJA,East of England,0.328,5.818
2000,JJA,East of England,0.262,4.538
2001,JJA,East of England,0.314,4.803
2002,JJA,East of England,0.327,5.515
2003,JJA,East of England,0.240,4.659
2004,JJA,East of England,0.402,5.811
2005,JJA,East of England,0.275,4.068
2006,JJA,East of England,0.290,4.712
2007,JJA,East of England,0.400,6.720
2008,JJA,East of England,0.341,4.598
2009,JJA,East of England,0.299,3.545
2010,JJA,East of England,0.307,4.485
2011,JJA,East of England,0.347,4.682
2012,JJA,East of England,0.455,6.045
2013,JJA,East of England,0.224,3.538
2014,JJA,East of England,0.323,4.242
2015,JJA,East of England,0.310,4.636
2016,JJA,East of England,0.315,5.583
2017,JJA,East of England,0.276,4.553
2018,JJA,East of England,0.175,4.758
2019,JJA,East of England,0.301,5.545
2020,JJA,East of England,0.329,5.205
2021,JJA,East of England,0.295,5.159
1892,JJA,East Scotland,0.469,7.868
1893,JJA,East Scotland,0.439,7.599
1894,JJA,East Scotland,0.502,10.509
1895,JJA,East Scotland,0.548,10.449
1896,JJA,East Scotland,0.489,6.994
1897,JJA,East Scotland,0.498,9.796
1898,JJA,East Scotland,0.403,7.246
1899,JJA,East Scotland,0.336,6.305
1900,JJA,East Scotland,0.538,7.982
1901,JJA,East Scotland,0.423,8.072
1902,JJA,East Scotland,0.488,8.353
1903,JJA,East Scotland,0.576,12.719
1904,JJA,East Scotland,0.476,8.880
1905,JJA,East Scotland,0.422,7.988
1906,JJA,East Scotland,0.470,8.347
1907,JJA,East Scotland,0.611,12.060
1908,JJA,East Scotland,0.380,8.527
1909,JJA,East Scotland,0.448,7.623
1910,JJA,East Scotland,0.507,12.341
1911,JJA,East Scotland,0.379,6.587
1912,JJA,East Scotland,0.555,9.180
1913,JJA,East Scotland,0.299,5.497
1914,JJA,East Scotland,0.371,6.168
1915,JJA,East Scotland,0.464,8.928
1916,JJA,East Scotland,0.485,10.449
1917,JJA,East Scotland,0.424,11.299
1918,JJA,East Scotland,0.439,9.527
1919,JJA,East Scotland,0.332,4.844
1920,JJA,East Scotland,0.434,8.114
1921,JJA,East Scotland,0.394,9.281
1922,JJA,East Scotland,0.477,7.695
1923,JJA,East Scotland,0.487,9.275
1924,JJA,East Scotland,0.583,9.150
1925,JJA,East Scotland,0.341,4.862
1926,JJA,East Scotland,0.450,8.641
1927,JJA,East Scotland,0.570,10.437
1928,JJA,East Scotland,0.541,10.072
1929,JJA,East Scotland,0.476,8.084
1930,JJA,East Scotland,0.501,7.090
1931,JJA,East Scotland,0.530,8.988
1932,JJA,East Scotland,0.358,10.695
1933,JJA,East Scotland,0.407,7.749
1934,JJA,East Scotland,0.417,6.874
1935,JJA,East Scotland,0.419,7.808
1936,JJA,East Scotland,0.441,7.754
1937,JJA,East Scotland,0.447,8.898
1938,JJA,East Scotland,0.511,7.952
1939,JJA,East Scotland,0.448,7.198
1940,JJA,East Scotland,0.414,9.665
1941,JJA,East Scotland,0.426,7.024
1942,JJA,East Scotland,0.438,8.138
1943,JJA,East Scotland,0.511,7.928
1944,JJA,East Scotland,0.435,9.365
1945,JJA,East Scotland,0.420,5.862
1946,JJA,East Scotland,0.593,10.754
1947,JJA,East Scotland,0.328,6.395
1948,JJA,East Scotland,0.552,7.030
1949,JJA,East Scotland,0.328,5.503
1950,JJA,East Scotland,0.524,9.365
1951,JJA,East Scotland,0.473,8.503
1952,JJA,East Scotland,0.457,8.551
1953,JJA,East Scotland,0.540,10.563
1954,JJA,East Scotland,0.521,7.383
1955,JJA,East Scotland,0.208,5.958
1956,JJA,East Scotland,0.524,7.880
1957,JJA,East Scotland,0.460,7.108
1958,JJA,East Scotland,0.526,9.228
1959,JJA,East Scotland,0.319,6.114
1960,JJA,East Scotland,0.569,12.024
1961,JJA,East Scotland,0.399,7.156
1962,JJA,East Scotland,0.403,6.731
1963,JJA,East Scotland,0.534,9.623
1964,JJA,East Scotland,0.398,6.599
1965,JJA,East Scotland,0.466,6.683
1966,JJA,East Scotland,0.462,9.138
1967,JJA,East Scotland,0.390,5.940
1968,JJA,East Scotland,0.366,6.006
1969,JJA,East Scotland,0.367,6.168
1970,JJA,East Scotland,0.412,7.437
1971,JJA,East Scotland,0.383,6.994
1972,JJA,East Scotland,0.376,5.982
1973,JJA,East Scotland,0.380,8.120
1974,JJA,East Scotland,0.424,7.820
1975,JJA,East Scotland,0.343,5.180
1976,JJA,East Scotland,0.221,3.844
1977,JJA,East Scotland,0.321,6.066
1978,JJA,East Scotland,0.387,5.916
1979,JJA,East Scotland,0.439,7.144
1980,JJA,East Scotland,0.466,6.066
1981,JJA,East Scotland,0.333,8.323
1982,JJA,East Scotland,0.347,6.653
1983,JJA,East Scotland,0.233,3.868
1984,JJA,East Scotland,0.234,5.186
1985,JJA,East Scotland,0.631,10.323
1986,JJA,East Scotland,0.350,6.192
1987,JJA,East Scotland,0.473,6.665
1988,JJA,East Scotland,0.499,9.635
1989,JJA,East Scotland,0.358,6.365
1990,JJA,East Scotland,0.405,6.305
1991,JJA,East Scotland,0.448,7.701
1992,JJA,East Scotland,0.430,6.970
1993,JJA,East Scotland,0.392,6.198
1994,JJA,East Scotland,0.362,6.335
1995,JJA,East Scotland,0.269,4.820
1996,JJA,East Scotland,0.324,5.701
1997,JJA,East Scotland,0.416,7.293
1998,JJA,East Scotland,0.501,7.671
1999,JJA,East Scotland,0.391,6.246
2000,JJA,East Scotland,0.393,7.970
2001,JJA,East Scotland,0.457,6.814
2002,JJA,East Scotland,0.548,8.958
2003,JJA,East Scotland,0.342,5.623
2004,JJA,East Scotland,0.516,7.329
2005,JJA,East Scotland,0.382,5.018
2006,JJA,East Scotland,0.305,5.868
2007,JJA,East Scotland,0.477,7.964
2008,JJA,East Scotland,0.514,7.760
2009,JJA,East Scotland,0.558,10.760
2010,JJA,East Scotland,0.412,6.413
2011,JJA,East Scotland,0.487,6.904
2012,JJA,East Scotland,0.571,8.515
2013,JJA,East Scotland,0.323,7.904
2014,JJA,East Scotland,0.456,5.317
2015,JJA,East Scotland,0.536,7.731
2016,JJA,East Scotland,0.495,7.922
2017,JJA,East Scotland,0.553,9.431
2018,JJA,East Scotland,0.353,6.587
2019,JJA,East Scotland,0.533,9.713
2020,JJA,East Scotland,0.510,7.922
2021,JJA,East Scotland,0.293,6.922
1892,JJA,London,0.356,5.000
1893,JJA,London,0.341,4.083
1894,JJA,London,0.445,6.667
1895,JJA,London,0.312,6.917
1896,JJA,London,0.312,6.583
1897,JJA,London,0.275,5.250
1898,JJA,London,0.218,4.833
1899,JJA,London,0.178,4.250
1900,JJA,London,0.353,4.333
1901,JJA,London,0.224,4.750
1902,JJA,London,0.409,5.250
1903,JJA,London,0.400,5.750
1904,JJA,London,0.243,4.000
1905,JJA,London,0.327,7.333
1906,JJA,London,0.176,2.833
1907,JJA,London,0.357,4.000
1908,JJA,London,0.304,9.500
1909,JJA,London,0.399,6.083
1910,JJA,London,0.389,4.917
1911,JJA,London,0.178,3.333
1912,JJA,London,0.506,9.917
1913,JJA,London,0.257,4.583
1914,JJA,London,0.300,4.417
1915,JJA,London,0.334,6.083
1916,JJA,London,0.338,6.333
1917,JJA,London,0.399,7.583
1918,JJA,London,0.349,7.000
1919,JJA,London,0.289,6.417
1920,JJA,London,0.280,5.667
1921,JJA,London,0.117,2.083
1922,JJA,London,0.409,7.250
1923,JJA,London,0.227,3.583
1924,JJA,London,0.427,6.167
1925,JJA,London,0.288,5.333
1926,JJA,London,0.344,5.333
1927,JJA,London,0.488,10.500
1928,JJA,London,0.310,4.250
1929,JJA,London,0.232,3.917
1930,JJA,London,0.319,5.167
1931,JJA,London,0.370,6.583
1932,JJA,London,0.212,5.000
1933,JJA,London,0.274,6.250
1934,JJA,London,0.246,5.167
1935,JJA,London,0.300,8.167
1936,JJA,London,0.420,5.333
1937,JJA,London,0.217,3.167
1938,JJA,London,0.224,4.500
1939,JJA,London,0.338,7.333
1940,JJA,London,0.215,4.250
1941,JJA,London,0.408,8.250
1942,JJA,London,0.255,3.667
1943,JJA,London,0.293,4.500
1944,JJA,London,0.289,5.000
1945,JJA,London,0.313,4.750
1946,JJA,London,0.418,8.667
1947,JJA,London,0.248,4.333
1948,JJA,London,0.337,4.667
1949,JJA,London,0.153,3.750
1950,JJA,London,0.390,4.917
1951,JJA,London,0.288,4.833
1952,JJA,London,0.245,3.750
1953,JJA,London,0.352,4.250
1954,JJA,London,0.401,9.083
1955,JJA,London,0.168,3.000
1956,JJA,London,0.462,5.833
1957,JJA,London,0.354,7.000
1958,JJA,London,0.442,6.417
1959,JJA,London,0.250,5.000
1960,JJA,London,0.404,7.917
1961,JJA,London,0.245,5.250
1962,JJA,London,0.222,3.167
1963,JJA,London,0.350,7.000
1964,JJA,London,0.273,3.583
1965,JJA,London,0.360,5.833
1966,JJA,London,0.312,4.917
1967,JJA,London,0.222,4.000
1968,JJA,London,0.388,6.167
1969,JJA,London,0.249,4.250
1970,JJA,London,0.274,4.667
1971,JJA,London,0.313,6.250
1972,JJA,London,0.179,2.583
1973,JJA,London,0.197,4.917
1974,JJA,London,0.335,7.250
1975,JJA,London,0.169,2.250
1976,JJA,London,0.060,1.833
1977,JJA,London,0.300,6.333
1978,JJA,London,0.276,9.083
1979,JJA,London,0.264,5.250
1980,JJA,London,0.335,5.750
1981,JJA,London,0.182,3.833
1982,JJA,London,0.336,5.750
1983,JJA,London,0.113,1.833
1984,JJA,London,0.209,3.917
1985,JJA,London,0.453,7.250
1986,JJA,London,0.238,3.167
1987,JJA,London,0.428,8.583
1988,JJA,London,0.327,6.500
1989,JJA,London,0.229,4.000
1990,JJA,London,0.222,4.417
1991,JJA,London,0.288,5.750
1992,JJA,London,0.322,4.000
1993,JJA,London,0.265,7.333
1994,JJA,London,0.186,2.583
1995,JJA,London,0.146,3.500
1996,JJA,London,0.227,4.083
1997,JJA,London,0.355,9.500
1998,JJA,London,0.307,5.000
1999,JJA,London,0.286,5.167
2000,JJA,London,0.228,3.167
2001,JJA,London,0.300,4.000
2002,JJA,London,0.323,6.000
2003,JJA,London,0.204,4.000
2004,JJA,London,0.335,5.833
2005,JJA,London,0.265,4.583
2006,JJA,London,0.272,4.917
2007,JJA,London,0.416,6.167
2008,JJA,London,0.305,5.000
2009,JJA,London,0.289,3.917
2010,JJA,London,0.242,2.333
2011,JJA,London,0.393,6.250
2012,JJA,London,0.436,5.333
2013,JJA,London,0.229,4.000
2014,JJA,London,0.336,4.917
2015,JJA,London,0.247,4.833
2016,JJA,London,0.289,6.000
2017,JJA,London,0.270,3.417
2018,JJA,London,0.158,4.083
2019,JJA,London,0.286,4.750
2020,JJA,London,0.327,6.083
2021,JJA,London,0.326,5.583
1892,JJA,North East England,0.390,6.548
1893,JJA,North East England,0.397,7.952
1894,JJA,North East England,0.473,5.194
1895,JJA,North East England,0.451,8.839
1896,JJA,North East England,0.416,5.242
1897,JJA,North East England,0.428,9.532
1898,JJA,North East England,0.345,5.403
1899,JJA,North East England,0.315,6.597
1900,JJA,North East England,0.512,8.355
1901,JJA,North East England,0.365,4.952
1902,JJA,North East England,0.454,6.145
1903,JJA,North East England,0.461,7.677
1904,JJA,North East England,0.350,4.726
1905,JJA,North East England,0.306,5.710
1906,JJA,North East England,0.390,8.903
1907,JJA,North East England,0.461,7.887
1908,JJA,North East England,0.311,7.887
1909,JJA,North East England,0.410,6.000
1910,JJA,North East England,0.444,9.661
1911,JJA,North East England,0.297,4.935
1912,JJA,North East England,0.635,9.935
1913,JJA,North East England,0.280,4.694
1914,JJA,North East England,0.328,4.629
1915,JJA,North East England,0.421,7.790
1916,JJA,North East England,0.453,7.274
1917,JJA,North East England,0.414,11.242
1918,JJA,North East England,0.347,8.306
1919,JJA,North East England,0.310,4.774
1920,JJA,North East England,0.394,9.661
1921,JJA,North East England,0.394,10.194
1922,JJA,North East England,0.442,6.000
1923,JJA,North East England,0.431,10.855
1924,JJA,North East England,0.506,10.371
1925,JJA,North East England,0.271,6.145
1926,JJA,North East England,0.459,9.516
1927,JJA,North East England,0.507,8.177
1928,JJA,North East England,0.476,7.581
1929,JJA,North East England,0.418,8.210
1930,JJA,North East England,0.453,8.081
1931,JJA,North East England,0.527,8.242
1932,JJA,North East England,0.293,7.258
1933,JJA,North East England,0.362,6.016
1934,JJA,North East England,0.365,5.000
1935,JJA,North East England,0.371,10.161
1936,JJA,North East England,0.433,6.597
1937,JJA,North East England,0.384,5.355
1938,JJA,North East England,0.442,7.242
1939,JJA,North East England,0.448,6.468
1940,JJA,North East England,0.344,6.613
1941,JJA,North East England,0.300,5.113
1942,JJA,North East England,0.366,5.935
1943,JJA,North East England,0.460,6.774
1944,JJA,North East England,0.407,9.968
1945,JJA,North East England,0.404,4.774
1946,JJA,North East England,0.487,8.597
1947,JJA,North East England,0.296,5.855
1948,JJA,North East England,0.479,6.452
1949,JJA,North East England,0.241,3.371
1950,JJA,North East England,0.457,5.984
1951,JJA,North East England,0.389,6.161
1952,JJA,North East England,0.364,6.952
1953,JJA,North East England,0.488,7.435
1954,JJA,North East England,0.494,9.452
1955,JJA,North East England,0.215,4.355
1956,JJA,North East England,0.529,7.258
1957,JJA,North East England,0.464,6.323
1958,JJA,North East England,0.522,7.419
1959,JJA,North East England,0.252,6.839
1960,JJA,North East England,0.441,8.952
1961,JJA,North East England,0.360,5.984
1962,JJA,North East England,0.343,5.258
1963,JJA,North East England,0.530,9.435
1964,JJA,North East England,0.351,5.839
1965,JJA,North East England,0.433,7.016
1966,JJA,North East England,0.458,7.403
1967,JJA,North East England,0.353,6.984
1968,JJA,North East England,0.354,7.548
1969,JJA,North East England,0.326,6.129
1970,JJA,North East England,0.329,6.306
1971,JJA,North East England,0.393,6.403
1972,JJA,North East England,0.331,5.339
1973,JJA,North East England,0.363,8.242
1974,JJA,North East England,0.376,7.629
1975,JJA,North East England,0.295,5.355
1976,JJA,North East England,0.161,3.274
1977,JJA,North East England,0.297,5.258
1978,JJA,North East England,0.394,5.613
1979,JJA,North East England,0.368,5.887
1980,JJA,North East England,0.458,7.565
1981,JJA,North East England,0.294,5.306
1982,JJA,North East England,0.354,7.742
1983,JJA,North East England,0.217,2.694
1984,JJA,North East England,0.247,4.887
1985,JJA,North East England,0.518,8.177
1986,JJA,North East England,0.343,5.774
1987,JJA,North East England,0.458,7.290
1988,JJA,North East England,0.455,9.177
1989,JJA,North East England,0.281,4.629
1990,JJA,North East England,0.343,5.435
1991,JJA,North East England,0.400,5.435
1992,JJA,North East England,0.340,3.984
1993,JJA,North East England,0.366,5.242
1994,JJA,North East England,0.316,5.226
1995,JJA,North East England,0.231,4.516
1996,JJA,North East England,0.289,5.258
1997,JJA,North East England,0.411,5.371
1998,JJA,North East England,0.489,6.419
1999,JJA,North East England,0.336,4.823
2000,JJA,North East England,0.402,6.226
2001,JJA,North East England,0.374,6.145
2002,JJA,North East England,0.404,6.355
2003,JJA,North East England,0.266,3.742
2004,JJA,North East England,0.500,8.081
2005,JJA,North East England,0.309,4.403
2006,JJA,North East England,0.282,6.097
2007,JJA,North East England,0.446,9.048
2008,JJA,North East England,0.499,7.097
2009,JJA,North East England,0.508,7.806
2010,JJA,North East England,0.338,4.790
2011,JJA,North East England,0.486,7.613
2012,JJA,North East England,0.530,7.532
2013,JJA,North East England,0.289,4.097
2014,JJA,North East England,0.370,4.145
2015,JJA,North East England,0.421,5.419
2016,JJA,North East England,0.429,5.323
2017,JJA,North East England,0.481,7.677
2018,JJA,North East England,0.275,6.048
2019,JJA,North East England,0.452,6.597
2020,JJA,North East England,0.495,8.871
2021,JJA,North East England,0.283,5.145
1892,JJA,North Scotland,0.579,13.693
1893,JJA,North Scotland,0.574,11.140
1894,JJA,North Scotland,0.616,19.521
1895,JJA,North Scotland,0.671,14.688
1896,JJA,North Scotland,0.641,10.386
1897,JJA,North Scotland,0.532,11.981
1898,JJA,North Scotland,0.535,12.744
1899,JJA,North Scotland,0.464,10.349
1900,JJA,North Scotland,0.597,9.898
1901,JJA,North Scotland,0.559,11.847
1902,JJA,North Scotland,0.585,10.279
1903,JJA,North Scotland,0.650,18.442
1904,JJA,North Scotland,0.565,13.219
1905,JJA,North Scotland,0.543,16.493
1906,JJA,North Scotland,0.515,10.451
1907,JJA,North Scotland,0.746,18.553
1908,JJA,North Scotland,0.489,12.763
1909,JJA,North Scotland,0.548,12.153
1910,JJA,North Scotland,0.506,10.009
1911,JJA,North Scotland,0.522,14.112
1912,JJA,North Scotland,0.588,11.647
1913,JJA,North Scotland,0.369,7.595
1914,JJA,North Scotland,0.507,8.391
1915,JJA,North Scotland,0.548,13.981
1916,JJA,North Scotland,0.556,8.772
1917,JJA,North Scotland,0.527,14.916
1918,JJA,North Scotland,0.631,18.381
1919,JJA,North Scotland,0.510,11.423
1920,JJA,North Scotland,0.525,15.126
1921,JJA,North Scotland,0.502,15.577
1922,JJA,North Scotland,0.676,19.293
1923,JJA,North Scotland,0.701,21.060
1924,JJA,North Scotland,0.699,17.116
1925,JJA,North Scotland,0.460,9.572
1926,JJA,North Scotland,0.545,12.195
1927,JJA,North Scotland,0.619,13.591
1928,JJA,North Scotland,0.659,17.753
1929,JJA,North Scotland,0.636,13.414
1930,JJA,North Scotland,0.615,11.898
1931,JJA,North Scotland,0.554,10.228
1932,JJA,North Scotland,0.473,18.619
1933,JJA,North Scotland,0.519,11.060
1934,JJA,North Scotland,0.548,13.191
1935,JJA,North Scotland,0.543,10.763
1936,JJA,North Scotland,0.540,10.614
1937,JJA,North Scotland,0.479,8.079
1938,JJA,North Scotland,0.622,11.847
1939,JJA,North Scotland,0.520,8.758
1940,JJA,North Scotland,0.577,14.488
1941,JJA,North Scotland,0.526,13.367
1942,JJA,North Scotland,0.546,10.186
1943,JJA,North Scotland,0.597,12.735
1944,JJA,North Scotland,0.492,8.981
1945,JJA,North Scotland,0.503,6.670
1946,JJA,North Scotland,0.728,19.953
1947,JJA,North Scotland,0.372,7.530
1948,JJA,North Scotland,0.582,12.205
1949,JJA,North Scotland,0.462,11.712
1950,JJA,North Scotland,0.641,14.753
1951,JJA,North Scotland,0.590,11.814
1952,JJA,North Scotland,0.625,11.800
1953,JJA,North Scotland,0.610,13.874
1954,JJA,North Scotland,0.574,10.088
1955,JJA,North Scotland,0.268,7.112
1956,JJA,North Scotland,0.599,9.837
1957,JJA,North Scotland,0.536,10.251
1958,JJA,North Scotland,0.523,10.428
1959,JJA,North Scotland,0.524,7.930
1960,JJA,North Scotland,0.599,13.874
1961,JJA,North Scotland,0.618,13.195
1962,JJA,North Scotland,0.533,11.507
1963,JJA,North Scotland,0.523,10.074
1964,JJA,North Scotland,0.550,9.977
1965,JJA,North Scotland,0.556,10.428
1966,JJA,North Scotland,0.545,11.191
1967,JJA,North Scotland,0.505,9.535
1968,JJA,North Scotland,0.447,9.065
1969,JJA,North Scotland,0.474,9.126
1970,JJA,North Scotland,0.468,12.019
1971,JJA,North Scotland,0.436,8.135
1972,JJA,North Scotland,0.489,10.284
1973,JJA,North Scotland,0.469,10.307
1974,JJA,North Scotland,0.573,10.898
1975,JJA,North Scotland,0.432,7.842
1976,JJA,North Scotland,0.349,6.633
1977,JJA,North Scotland,0.377,10.484
1978,JJA,North Scotland,0.461,7.065
1979,JJA,North Scotland,0.555,9.302
1980,JJA,North Scotland,0.610,13.502
1981,JJA,North Scotland,0.511,8.730
1982,JJA,North Scotland,0.419,14.037
1983,JJA,North Scotland,0.344,6.670
1984,JJA,North Scotland,0.332,5.702
1985,JJA,North Scotland,0.691,12.205
1986,JJA,North Scotland,0.458,8.302
1987,JJA,North Scotland,0.543,9.549
1988,JJA,North Scotland,0.574,11.656
1989,JJA,North Scotland,0.496,13.191
1990,JJA,North Scotland,0.524,12.581
1991,JJA,North Scotland,0.524,10.056
1992,JJA,North Scotland,0.542,16.353
1993,JJA,North Scotland,0.557,10.391
1994,JJA,North Scotland,0.494,9.488
1995,JJA,North Scotland,0.358,7.209
1996,JJA,North Scotland,0.435,7.349
1997,JJA,North Scotland,0.438,7.549
1998,JJA,North Scotland,0.593,10.335
1999,JJA,North Scotland,0.449,7.777
2000,JJA,North Scotland,0.434,7.377
2001,JJA,North Scotland,0.539,7.293
2002,JJA,North Scotland,0.561,11.033
2003,JJA,North Scotland,0.444,6.860
2004,JJA,North Scotland,0.564,9.460
2005,JJA,North Scotland,0.459,7.158
2006,JJA,North Scotland,0.431,7.847
2007,JJA,North Scotland,0.565,9.437
2008,JJA,North Scotland,0.566,8.726
2009,JJA,North Scotland,0.598,15.544
2010,JJA,North Scotland,0.514,9.753
2011,JJA,North Scotland,0.506,7.205
2012,JJA,North Scotland,0.516,8.963
2013,JJA,North Scotland,0.453,8.930
2014,JJA,North Scotland,0.542,9.065
2015,JJA,North Scotland,0.608,9.102
2016,JJA,North Scotland,0.581,12.819
2017,JJA,North Scotland,0.639,10.247
2018,JJA,North Scotland,0.426,7.205
2019,JJA,North Scotland,0.608,11.042
2020,JJA,North Scotland,0.522,7.791
2021,JJA,North Scotland,0.323,5.647
1892,JJA,North West England,0.466,9.042
1893,JJA,North West England,0.463,8.677
1894,JJA,North West England,0.525,7.771
1895,JJA,North West England,0.498,8.667
1896,JJA,North West England,0.447,6.896
1897,JJA,North West England,0.476,12.198
1898,JJA,North West England,0.392,7.302
1899,JJA,North West England,0.326,6.510
1900,JJA,North West England,0.505,10.750
1901,JJA,North West England,0.411,8.219
1902,JJA,North West England,0.447,6.229
1903,JJA,North West England,0.496,11.031
1904,JJA,North West England,0.399,6.552
1905,JJA,North West England,0.398,6.302
1906,JJA,North West England,0.441,8.844
1907,JJA,North West England,0.617,10.469
1908,JJA,North West England,0.405,12.469
1909,JJA,North West England,0.527,10.604
1910,JJA,North West England,0.492,11.458
1911,JJA,North West England,0.308,5.156
1912,JJA,North West England,0.667,13.833
1913,JJA,North West England,0.328,5.271
1914,JJA,North West England,0.413,4.979
1915,JJA,North West England,0.456,9.354
1916,JJA,North West England,0.445,7.688
1917,JJA,North West England,0.455,17.521
1918,JJA,North West England,0.476,13.146
1919,JJA,North West England,0.385,6.167
1920,JJA,North West England,0.508,10.615
1921,JJA,North West England,0.379,13.802
1922,JJA,North West England,0.551,13.021
1923,JJA,North West England,0.524,12.646
1924,JJA,North West England,0.615,12.385
1925,JJA,North West England,0.323,8.906
1926,JJA,North West England,0.452,11.604
1927,JJA,North West England,0.598,13.458
1928,JJA,North West England,0.548,9.719
1929,JJA,North West England,0.481,9.979
1930,JJA,North West England,0.560,10.781
1931,JJA,North West England,0.565,10.385
1932,JJA,North West England,0.347,10.365
1933,JJA,North West England,0.397,8.812
1934,JJA,North West England,0.421,7.292
1935,JJA,North West England,0.412,8.510
1936,JJA,North West England,0.472,7.427
1937,JJA,North West England,0.363,6.198
1938,JJA,North West England,0.516,8.740
1939,JJA,North West England,0.487,9.281
1940,JJA,North West England,0.391,8.625
1941,JJA,North West England,0.394,8.344
1942,JJA,North West England,0.393,7.812
1943,JJA,North West England,0.524,10.438
1944,JJA,North West England,0.445,9.917
1945,JJA,North West England,0.412,4.854
1946,JJA,North West England,0.599,10.667
1947,JJA,North West England,0.338,6.823
1948,JJA,North West England,0.524,7.458
1949,JJA,North West England,0.258,4.208
1950,JJA,North West England,0.509,9.729
1951,JJA,North West England,0.453,7.979
1952,JJA,North West England,0.435,7.500
1953,JJA,North West England,0.544,11.812
1954,JJA,North West England,0.592,8.260
1955,JJA,North West England,0.256,4.344
1956,JJA,North West England,0.586,10.396
1957,JJA,North West England,0.491,7.677
1958,JJA,North West England,0.586,8.938
1959,JJA,North West England,0.336,7.562
1960,JJA,North West England,0.541,9.896
1961,JJA,North West England,0.403,6.875
1962,JJA,North West England,0.386,6.146
1963,JJA,North West England,0.560,12.083
1964,JJA,North West England,0.399,4.865
1965,JJA,North West England,0.464,7.812
1966,JJA,North West England,0.473,9.990
1967,JJA,North West England,0.426,9.083
1968,JJA,North West England,0.336,8.615
1969,JJA,North West England,0.375,7.562
1970,JJA,North West England,0.381,7.646
1971,JJA,North West England,0.416,6.344
1972,JJA,North West England,0.424,9.042
1973,JJA,North West England,0.369,8.042
1974,JJA,North West England,0.443,8.948
1975,JJA,North West England,0.364,7.281
1976,JJA,North West England,0.201,3.438
1977,JJA,North West England,0.339,6.208
1978,JJA,North West England,0.453,8.135
1979,JJA,North West England,0.399,7.896
1980,JJA,North West England,0.538,9.354
1981,JJA,North West England,0.373,7.531
1982,JJA,North West England,0.468,12.865
1983,JJA,North West England,0.231,3.844
1984,JJA,North West England,0.263,4.781
1985,JJA,North West England,0.574,12.385
1986,JJA,North West England,0.397,5.490
1987,JJA,North West England,0.510,7.417
1988,JJA,North West England,0.504,11.094
1989,JJA,North West England,0.333,5.750
1990,JJA,North West England,0.429,7.688
1991,JJA,North West England,0.458,6.510
1992,JJA,North West England,0.405,7.094
1993,JJA,North West England,0.450,8.667
1994,JJA,North West England,0.373,6.417
1995,JJA,North West England,0.239,4.375
1996,JJA,North West England,0.354,7.385
1997,JJA,North West England,0.447,7.292
1998,JJA,North West England,0.549,7.500
1999,JJA,North West England,0.400,5.938
2000,JJA,North West England,0.456,7.094
2001,JJA,North West England,0.408,6.812
2002,JJA,North West England,0.444,6.802
2003,JJA,North West England,0.303,4.438
2004,JJA,North West England,0.540,7.677
2005,JJA,North West England,0.360,4.573
2006,JJA,North West England,0.334,8.938
2007,JJA,North West England,0.530,11.208
2008,JJA,North West England,0.525,9.750
2009,JJA,North West England,0.543,13.750
2010,JJA,North West England,0.410,8.042
2011,JJA,North West England,0.469,7.552
2012,JJA,North West England,0.602,10.021
2013,JJA,North West England,0.327,5.312
2014,JJA,North West England,0.433,6.552
2015,JJA,North West England,0.438,5.938
2016,JJA,North West England,0.481,7.000
2017,JJA,North West England,0.541,8.083
2018,JJA,North West England,0.320,6.229
2019,JJA,North West England,0.501,9.760
2020,JJA,North West England,0.594,10.635
2021,JJA,North West England,0.312,5.562
1892,JJA,South East England,0.371,5.155
1893,JJA,South East England,0.304,4.279
1894,JJA,South East England,0.440,6.217
1895,JJA,South East England,0.363,8.798
1896,JJA,South East England,0.319,5.884
1897,JJA,South East England,0.325,5.659
1898,JJA,South East England,0.221,4.527
1899,JJA,South East England,0.191,4.659
1900,JJA,South East England,0.362,5.504
1901,JJA,South East England,0.260,5.380
1902,JJA,South East England,0.414,6.256
1903,JJA,South East England,0.401,7.039
1904,JJA,South East England,0.265,4.450
1905,JJA,South East England,0.342,6.589
1906,JJA,South East England,0.204,3.426
1907,JJA,South East England,0.382,5.775
1908,JJA,South East England,0.307,12.147
1909,JJA,South East England,0.411,7.558
1910,JJA,South East England,0.419,5.682
1911,JJA,South East England,0.197,4.543
1912,JJA,South East England,0.574,11.171
1913,JJA,South East England,0.260,4.395
1914,JJA,South East England,0.308,4.667
1915,JJA,South East England,0.326,5.473
1916,JJA,South East England,0.360,7.233
1917,JJA,South East England,0.435,7.047
1918,JJA,South East England,0.332,7.829
1919,JJA,South East England,0.278,5.806
1920,JJA,South East England,0.329,8.357
1921,JJA,South East England,0.141,3.240
1922,JJA,South East England,0.400,7.047
1923,JJA,South East England,0.233,4.961
1924,JJA,South East England,0.449,7.380
1925,JJA,South East England,0.293,5.628
1926,JJA,South East England,0.328,5.574
1927,JJA,South East England,0.530,11.814
1928,JJA,South East England,0.304,4.884
1929,JJA,South East England,0.261,4.659
1930,JJA,South East England,0.303,5.690
1931,JJA,South East England,0.431,7.426
1932,JJA,South East England,0.243,5.612
1933,JJA,South East England,0.292,7.357
1934,JJA,South East England,0.283,4.605
1935,JJA,South East England,0.313,7.504
1936,JJA,South East England,0.436,6.558
1937,JJA,South East England,0.219,3.860
1938,JJA,South East England,0.274,5.674
1939,JJA,South East England,0.390,9.752
1940,JJA,South East England,0.202,4.760
1941,JJA,South East England,0.421,11.581
1942,JJA,South East England,0.285,4.287
1943,JJA,South East England,0.313,5.566
1944,JJA,South East England,0.339,7.240
1945,JJA,South East England,0.335,4.481
1946,JJA,South East England,0.455,9.581
1947,JJA,South East England,0.248,4.837
1948,JJA,South East England,0.345,5.101
1949,JJA,South East England,0.147,3.496
1950,JJA,South East England,0.407,7.140
1951,JJA,South East England,0.310,6.736
1952,JJA,South East England,0.270,5.628
1953,JJA,South East England,0.379,5.667
1954,JJA,South East England,0.405,8.264
1955,JJA,South East England,0.197,3.760
1956,JJA,South East England,0.473,7.202
1957,JJA,South East England,0.384,6.566
1958,JJA,South East England,0.444,6.953
1959,JJA,South East England,0.246,5.372
1960,JJA,South East England,0.450,9.233
1961,JJA,South East England,0.239,5.116
1962,JJA,South East England,0.219,3.093
1963,JJA,South East England,0.374,6.558
1964,JJA,South East England,0.261,4.217
1965,JJA,South East England,0.357,5.806
1966,JJA,South East England,0.355,6.442
1967,JJA,South East England,0.226,3.674
1968,JJA,South East England,0.367,7.271
1969,JJA,South East England,0.253,3.961
1970,JJA,South East England,0.291,5.085
1971,JJA,South East England,0.307,4.860
1972,JJA,South East England,0.248,4.450
1973,JJA,South East England,0.191,4.744
1974,JJA,South East England,0.345,9.124
1975,JJA,South East England,0.187,3.233
1976,JJA,South East England,0.097,2.271
1977,JJA,South East England,0.310,5.698
1978,JJA,South East England,0.289,6.891
1979,JJA,South East England,0.267,4.690
1980,JJA,South East England,0.373,6.287
1981,JJA,South East England,0.181,3.209
1982,JJA,South East England,0.337,6.178
1983,JJA,South East England,0.146,2.558
1984,JJA,South East England,0.206,3.519
1985,JJA,South East England,0.461,7.225
1986,JJA,South East England,0.261,2.984
1987,JJA,South East England,0.369,7.504
1988,JJA,South East England,0.324,7.093
1989,JJA,South East England,0.208,3.628
1990,JJA,South East England,0.206,4.240
1991,JJA,South East England,0.346,6.643
1992,JJA,South East England,0.345,5.171
1993,JJA,South East England,0.279,7.457
1994,JJA,South East England,0.222,3.163
1995,JJA,South East England,0.131,2.953
1996,JJA,South East England,0.235,4.612
1997,JJA,South East England,0.370,7.713
1998,JJA,South East England,0.302,5.349
1999,JJA,South East England,0.288,5.682
2000,JJA,South East England,0.236,3.093
2001,JJA,South East England,0.274,4.411
2002,JJA,South East England,0.308,5.829
2003,JJA,South East England,0.213,4.426
2004,JJA,South East England,0.317,5.535
2005,JJA,South East England,0.269,4.000
2006,JJA,South East England,0.258,4.481
2007,JJA,South East England,0.425,7.713
2008,JJA,South East England,0.343,6.248
2009,JJA,South East England,0.320,4.574
2010,JJA,South East England,0.260,3.736
2011,JJA,South East England,0.363,5.698
2012,JJA,South East England,0.456,6.791
2013,JJA,South East England,0.213,3.667
2014,JJA,South East England,0.309,4.899
2015,JJA,South East England,0.279,4.798
2016,JJA,South East England,0.284,5.279
2017,JJA,South East England,0.273,4.434
2018,JJA,South East England,0.156,3.550
2019,JJA,South East England,0.289,4.907
2020,JJA,South East England,0.329,5.070
2021,JJA,South East England,0.336,6.713
1892,JJA,South West England,0.315,7.182
1893,JJA,South West England,0.333,5.679
1894,JJA,South West England,0.464,7.302
1895,JJA,South West England,0.374,9.365
1896,JJA,South West England,0.328,6.088
1897,JJA,South West England,0.384,12.384
1898,JJA,South West England,0.262,4.673
1899,JJA,South West England,0.207,5.736
1900,JJA,South West England,0.401,8.987
1901,JJA,South West England,0.278,5.717
1902,JJA,South West England,0.442,6.528
1903,JJA,South West England,0.446,8.943
1904,JJA,South West England,0.366,6.843
1905,JJA,South West England,0.402,6.094
1906,JJA,South West England,0.295,5.233
1907,JJA,South West England,0.464,7.189
1908,JJA,South West England,0.291,12.830
1909,JJA,South West England,0.385,7.572
1910,JJA,South West England,0.476,7.453
1911,JJA,South West England,0.231,5.522
1912,JJA,South West England,0.639,12.314
1913,JJA,South West England,0.232,3.950
1914,JJA,South West England,0.394,5.918
1915,JJA,South West England,0.393,7.610
1916,JJA,South West England,0.365,7.006
1917,JJA,South West England,0.483,9.069
1918,JJA,South West England,0.360,12.000
1919,JJA,South West England,0.292,5.943
1920,JJA,South West England,0.433,11.151
1921,JJA,South West England,0.228,4.937
1922,JJA,South West England,0.424,7.019
1923,JJA,South West England,0.287,6.698
1924,JJA,South West England,0.471,9.006
1925,JJA,South West England,0.306,6.270
1926,JJA,South West England,0.348,6.119
1927,JJA,South West England,0.545,11.151
1928,JJA,South West England,0.392,6.352
1929,JJA,South West England,0.311,4.698
1930,JJA,South West England,0.373,6.805
1931,JJA,South West England,0.515,8.616
1932,JJA,South West England,0.272,8.503
1933,JJA,South West England,0.322,8.358
1934,JJA,South West England,0.317,6.138
1935,JJA,South West England,0.344,8.289
1936,JJA,South West England,0.450,11.623
1937,JJA,South West England,0.235,4.340
1938,JJA,South West England,0.398,6.094
1939,JJA,South West England,0.503,11.786
1940,JJA,South West England,0.245,7.031
1941,JJA,South West England,0.402,9.038
1942,JJA,South West England,0.339,6.170
1943,JJA,South West England,0.411,7.415
1944,JJA,South West England,0.388,8.887
1945,JJA,South West England,0.408,5.182
1946,JJA,South West England,0.497,11.491
1947,JJA,South West England,0.300,4.969
1948,JJA,South West England,0.408,5.862
1949,JJA,South West England,0.197,4.264
1950,JJA,South West England,0.465,9.535
1951,JJA,South West England,0.369,8.340
1952,JJA,South West England,0.303,8.346
1953,JJA,South West England,0.413,6.566
1954,JJA,South West England,0.445,8.264
1955,JJA,South West England,0.191,3.126
1956,JJA,South West England,0.444,7.107
1957,JJA,South West England,0.396,7.660
1958,JJA,South West England,0.498,7.742
1959,JJA,South West England,0.263,5.314
1960,JJA,South West England,0.509,9.616
1961,JJA,South West England,0.277,5.277
1962,JJA,South West England,0.287,3.403
1963,JJA,South West England,0.469,8.371
1964,JJA,South West England,0.258,4.403
1965,JJA,South West England,0.430,7.610
1966,JJA,South West England,0.405,8.214
1967,JJA,South West England,0.285,5.843
1968,JJA,South West England,0.362,6.994
1969,JJA,South West England,0.245,5.616
1970,JJA,South West England,0.356,5.811
1971,JJA,South West England,0.370,6.195
1972,JJA,South West England,0.327,7.642
1973,JJA,South West England,0.251,6.151
1974,JJA,South West England,0.403,9.591
1975,JJA,South West England,0.241,6.038
1976,JJA,South West England,0.114,2.572
1977,JJA,South West England,0.331,6.547
1978,JJA,South West England,0.336,4.899
1979,JJA,South West England,0.283,4.874
1980,JJA,South West England,0.404,7.805
1981,JJA,South West England,0.214,3.616
1982,JJA,South West England,0.397,9.270
1983,JJA,South West England,0.182,3.642
1984,JJA,South West England,0.204,3.931
1985,JJA,South West England,0.488,10.711
1986,JJA,South West England,0.341,5.044
1987,JJA,South West England,0.308,6.132
1988,JJA,South West England,0.424,8.277
1989,JJA,South West England,0.210,3.566
1990,JJA,South West England,0.304,6.189
1991,JJA,South West England,0.379,6.384
1992,JJA,South West England,0.382,6.686
1993,JJA,South West England,0.336,8.390
1994,JJA,South West England,0.287,5.321
1995,JJA,South West England,0.141,2.755
1996,JJA,South West England,0.285,5.352
1997,JJA,South West England,0.413,6.950
1998,JJA,South West England,0.385,5.440
1999,JJA,South West England,0.324,6.447
2000,JJA,South West England,0.314,4.868
2001,JJA,South West England,0.335,5.969
2002,JJA,South West England,0.314,6.013
2003,JJA,South West England,0.286,5.509
2004,JJA,South West England,0.369,5.943
2005,JJA,South West England,0.313,4.780
2006,JJA,South West England,0.250,4.597
2007,JJA,South West England,0.494,11.283
2008,JJA,South West England,0.450,11.384
2009,JJA,South West England,0.426,7.415
2010,JJA,South West England,0.318,6.170
2011,JJA,South West England,0.408,5.937
2012,JJA,South West England,0.592,8.874
2013,JJA,South West England,0.275,4.906
2014,JJA,South West England,0.350,5.616
2015,JJA,South West England,0.360,6.811
2016,JJA,South West England,0.338,6.308
2017,JJA,South West England,0.390,6.208
2018,JJA,South West England,0.204,4.409
2019,JJA,South West England,0.357,7.604
2020,JJA,South West England,0.433,7.472
2021,JJA,South West England,0.340,5.994
1892,JJA,West Midlands,0.370,7.121
1893,JJA,West Midlands,0.366,5.209
1894,JJA,West Midlands,0.431,6.604
1895,JJA,West Midlands,0.352,6.692
1896,JJA,West Midlands,0.354,6.264
1897,JJA,West Midlands,0.387,7.967
1898,JJA,West Midlands,0.292,5.187
1899,JJA,West Midlands,0.209,5.209
1900,JJA,West Midlands,0.455,11.956
1901,JJA,West Midlands,0.309,5.956
1902,JJA,West Midlands,0.429,5.879
1903,JJA,West Midlands,0.412,8.604
1904,JJA,West Midlands,0.298,4.747
1905,JJA,West Midlands,0.417,6.912
1906,JJA,West Midlands,0.302,5.308
1907,JJA,West Midlands,0.516,7.308
1908,JJA,West Midlands,0.331,11.440
1909,JJA,West Midlands,0.410,8.637
1910,JJA,West Midlands,0.426,6.396
1911,JJA,West Midlands,0.225,4.132
1912,JJA,West Midlands,0.634,10.703
1913,JJA,West Midlands,0.250,4.758
1914,JJA,West Midlands,0.397,6.209
1915,JJA,West Midlands,0.408,9.022
1916,JJA,West Midlands,0.362,6.769
1917,JJA,West Midlands,0.477,8.802
1918,JJA,West Midlands,0.335,10.659
1919,JJA,West Midlands,0.300,5.143
1920,JJA,West Midlands,0.409,7.066
1921,JJA,West Midlands,0.245,4.956
1922,JJA,West Midlands,0.423,9.352
1923,JJA,West Midlands,0.330,6.143
1924,JJA,West Midlands,0.471,7.582
1925,JJA,West Midlands,0.263,5.286
1926,JJA,West Midlands,0.348,5.088
1927,JJA,West Midlands,0.557,14.033
1928,JJA,West Midlands,0.371,6.044
1929,JJA,West Midlands,0.301,4.626
1930,JJA,West Midlands,0.399,6.967
1931,JJA,West Midlands,0.473,6.220
1932,JJA,West Midlands,0.276,5.703
1933,JJA,West Midlands,0.290,9.857
1934,JJA,West Midlands,0.297,5.418
1935,JJA,West Midlands,0.313,6.890
1936,JJA,West Midlands,0.434,7.220
1937,JJA,West Midlands,0.223,3.901
1938,JJA,West Midlands,0.385,6.659
1939,JJA,West Midlands,0.466,9.187
1940,JJA,West Midlands,0.248,4.868
1941,JJA,West Midlands,0.369,6.187
1942,JJA,West Midlands,0.281,5.484
1943,JJA,West Midlands,0.326,5.473
1944,JJA,West Midlands,0.369,7.912
1945,JJA,West Midlands,0.384,4.769
1946,JJA,West Midlands,0.467,9.330
1947,JJA,West Midlands,0.278,4.912
1948,JJA,West Midlands,0.412,5.780
1949,JJA,West Midlands,0.187,4.582
1950,JJA,West Midlands,0.379,6.901
1951,JJA,West Midlands,0.371,7.549
1952,JJA,West Midlands,0.319,7.670
1953,JJA,West Midlands,0.432,6.549
1954,JJA,West Midlands,0.462,7.681
1955,JJA,West Midlands,0.209,3.154
1956,JJA,West Midlands,0.500,6.659
1957,JJA,West Midlands,0.431,8.187
1958,JJA,West Midlands,0.496,6.824
1959,JJA,West Midlands,0.255,5.308
1960,JJA,West Midlands,0.452,7.495
1961,JJA,West Midlands,0.306,5.923
1962,JJA,West Midlands,0.296,3.286
1963,JJA,West Midlands,0.433,8.769
1964,JJA,West Midlands,0.292,4.000
1965,JJA,West Midlands,0.390,6.242
1966,JJA,West Midlands,0.394,6.308
1967,JJA,West Midlands,0.290,6.571
1968,JJA,West Midlands,0.336,7.154
1969,JJA,West Midlands,0.277,5.440
1970,JJA,West Midlands,0.325,5.736
1971,JJA,West Midlands,0.348,5.176
1972,JJA,West Midlands,0.346,6.736
1973,JJA,West Midlands,0.251,6.297
1974,JJA,West Midlands,0.342,7.813
1975,JJA,West Midlands,0.258,6.418
1976,JJA,West Midlands,0.135,3.308
1977,JJA,West Midlands,0.317,6.857
1978,JJA,West Midlands,0.395,7.626
1979,JJA,West Midlands,0.236,5.846
1980,JJA,West Midlands,0.431,8.813
1981,JJA,West Midlands,0.186,3.330
1982,JJA,West Midlands,0.386,7.901
1983,JJA,West Midlands,0.211,2.967
1984,JJA,West Midlands,0.233,4.055
1985,JJA,West Midlands,0.443,6.264
1986,JJA,West Midlands,0.304,4.429
1987,JJA,West Midlands,0.397,7.527
1988,JJA,West Midlands,0.369,6.077
1989,JJA,West Midlands,0.217,3.473
1990,JJA,West Midlands,0.265,4.648
1991,JJA,West Midlands,0.344,5.714
1992,JJA,West Midlands,0.382,5.253
1993,JJA,West Midlands,0.327,7.802
1994,JJA,West Midlands,0.253,4.099
1995,JJA,West Midlands,0.132,2.429
1996,JJA,West Midlands,0.268,5.363
1997,JJA,West Midlands,0.424,6.780
1998,JJA,West Midlands,0.391,5.978
1999,JJA,West Midlands,0.327,6.352
2000,JJA,West Midlands,0.363,5.703
2001,JJA,West Midlands,0.302,5.121
2002,JJA,West Midlands,0.321,4.769
2003,JJA,West Midlands,0.245,3.978
2004,JJA,West Midlands,0.400,5.505
2005,JJA,West Midlands,0.270,3.780
2006,JJA,West Midlands,0.283,5.484
2007,JJA,West Midlands,0.455,9.297
2008,JJA,West Midlands,0.429,9.286
2009,JJA,West Midlands,0.450,9.440
2010,JJA,West Midlands,0.350,6.110
2011,JJA,West Midlands,0.322,4.440
2012,JJA,West Midlands,0.567,10.901
2013,JJA,West Midlands,0.263,4.484
2014,JJA,West Midlands,0.353,4.835
2015,JJA,West Midlands,0.340,4.989
2016,JJA,West Midlands,0.355,7.758
2017,JJA,West Midlands,0.366,6.143
2018,JJA,West Midlands,0.172,4.121
2019,JJA,West Midlands,0.369,7.780
2020,JJA,West Midlands,0.428,7.780
2021,JJA,West Midlands,0.294,5.626
1892,JJA,West Scotland,0.508,8.627
1893,JJA,West Scotland,0.461,8.373
1894,JJA,West Scotland,0.527,10.134
1895,JJA,West Scotland,0.593,9.619
1896,JJA,West Scotland,0.562,8.336
1897,JJA,West Scotland,0.580,12.201
1898,JJA,West Scotland,0.470,8.388
1899,JJA,West Scotland,0.366,5.761
1900,JJA,West Scotland,0.601,10.284
1901,JJA,West Scotland,0.480,13.575
1902,JJA,West Scotland,0.517,8.687
1903,JJA,West Scotland,0.617,19.194
1904,JJA,West Scotland,0.576,11.015
1905,JJA,West Scotland,0.547,11.709
1906,JJA,West Scotland,0.540,11.000
1907,JJA,West Scotland,0.677,14.948
1908,JJA,West Scotland,0.469,11.746
1909,JJA,West Scotland,0.504,8.649
1910,JJA,West Scotland,0.540,13.134
1911,JJA,West Scotland,0.427,8.701
1912,JJA,West Scotland,0.590,11.403
1913,JJA,West Scotland,0.342,9.007
1914,JJA,West Scotland,0.430,8.754
1915,JJA,West Scotland,0.471,8.634
1916,JJA,West Scotland,0.479,8.381
1917,JJA,West Scotland,0.475,17.866
1918,JJA,West Scotland,0.554,12.500
1919,JJA,West Scotland,0.412,6.373
1920,JJA,West Scotland,0.564,15.664
1921,JJA,West Scotland,0.476,16.701
1922,JJA,West Scotland,0.588,10.910
1923,JJA,West Scotland,0.583,12.082
1924,JJA,West Scotland,0.651,10.500
1925,JJA,West Scotland,0.390,6.575
1926,JJA,West Scotland,0.488,13.791
1927,JJA,West Scotland,0.648,11.537
1928,JJA,West Scotland,0.622,13.530
1929,JJA,West Scotland,0.565,10.545
1930,JJA,West Scotland,0.591,10.813
1931,JJA,West Scotland,0.573,10.582
1932,JJA,West Scotland,0.435,13.299
1933,JJA,West Scotland,0.479,9.597
1934,JJA,West Scotland,0.507,10.687
1935,JJA,West Scotland,0.501,10.694
1936,JJA,West Scotland,0.517,7.657
1937,JJA,West Scotland,0.459,11.552
1938,JJA,West Scotland,0.541,8.970
1939,JJA,West Scotland,0.465,7.634
1940,JJA,West Scotland,0.446,7.157
1941,JJA,West Scotland,0.478,9.888
1942,JJA,West Scotland,0.506,12.231
1943,JJA,West Scotland,0.623,13.739
1944,JJA,West Scotland,0.519,9.015
1945,JJA,West Scotland,0.445,5.440
1946,JJA,West Scotland,0.641,14.896
1947,JJA,West Scotland,0.413,8.955
1948,JJA,West Scotland,0.561,9.299
1949,JJA,West Scotland,0.360,8.224
1950,JJA,West Scotland,0.628,12.291
1951,JJA,West Scotland,0.504,9.985
1952,JJA,West Scotland,0.498,8.634
1953,JJA,West Scotland,0.539,14.090
1954,JJA,West Scotland,0.589,10.306
1955,JJA,West Scotland,0.282,6.642
1956,JJA,West Scotland,0.573,10.739
1957,JJA,West Scotland,0.481,10.269
1958,JJA,West Scotland,0.571,10.343
1959,JJA,West Scotland,0.421,8.985
1960,JJA,West Scotland,0.574,11.582
1961,JJA,West Scotland,0.507,8.575
1962,JJA,West Scotland,0.486,10.522
1963,JJA,West Scotland,0.553,10.090
1964,JJA,West Scotland,0.486,7.336
1965,JJA,West Scotland,0.504,8.216
1966,JJA,West Scotland,0.449,8.313
1967,JJA,West Scotland,0.496,7.381
1968,JJA,West Scotland,0.360,7.194
1969,JJA,West Scotland,0.462,8.993
1970,JJA,West Scotland,0.431,8.709
1971,JJA,West Scotland,0.427,8.545
1972,JJA,West Scotland,0.467,8.672
1973,JJA,West Scotland,0.442,9.590
1974,JJA,West Scotland,0.539,11.388
1975,JJA,West Scotland,0.412,6.433
1976,JJA,West Scotland,0.304,6.201
1977,JJA,West Scotland,0.358,10.075
1978,JJA,West Scotland,0.437,7.067
1979,JJA,West Scotland,0.484,7.821
1980,JJA,West Scotland,0.564,8.313
1981,JJA,West Scotland,0.450,9.313
1982,JJA,West Scotland,0.451,9.582
1983,JJA,West Scotland,0.274,6.537
1984,JJA,West Scotland,0.310,6.142
1985,JJA,West Scotland,0.685,19.269
1986,JJA,West Scotland,0.422,6.500
1987,JJA,West Scotland,0.477,7.082
1988,JJA,West Scotland,0.576,13.254
1989,JJA,West Scotland,0.430,10.507
1990,JJA,West Scotland,0.539,10.381
1991,JJA,West Scotland,0.484,6.649
1992,JJA,West Scotland,0.513,11.940
1993,JJA,West Scotland,0.478,10.410
1994,JJA,West Scotland,0.505,8.836
1995,JJA,West Scotland,0.307,6.067
1996,JJA,West Scotland,0.385,5.619
1997,JJA,West Scotland,0.454,8.097
1998,JJA,West Scotland,0.571,9.134
1999,JJA,West Scotland,0.448,8.015
2000,JJA,West Scotland,0.443,7.970
2001,JJA,West Scotland,0.485,6.522
2002,JJA,West Scotland,0.594,10.791
2003,JJA,West Scotland,0.409,7.231
2004,JJA,West Scotland,0.541,8.470
2005,JJA,West Scotland,0.416,6.261
2006,JJA,West Scotland,0.387,8.134
2007,JJA,West Scotland,0.531,8.187
2008,JJA,West Scotland,0.599,10.948
2009,JJA,West Scotland,0.594,19.142
2010,JJA,West Scotland,0.484,9.955
2011,JJA,West Scotland,0.524,8.060
2012,JJA,West Scotland,0.623,11.142
2013,JJA,West Scotland,0.403,8.030
2014,JJA,West Scotland,0.464,7.291
2015,JJA,West Scotland,0.570,7.381
2016,JJA,West Scotland,0.528,9.306
2017,JJA,West Scotland,0.635,10.493
2018,JJA,West Scotland,0.450,7.806
2019,JJA,West Scotland,0.568,12.769
2020,JJA,West Scotland,0.604,10.231
2021,JJA,West Scotland,0.265,5.739
1892,JJA,Yorkshire and Humber,0.391,6.075
1893,JJA,Yorkshire and Humber,0.361,7.140
1894,JJA,Yorkshire and Humber,0.449,6.841
1895,JJA,Yorkshire and Humber,0.423,9.776
1896,JJA,Yorkshire and Humber,0.384,6.280
1897,JJA,Yorkshire and Humber,0.371,9.140
1898,JJA,Yorkshire and Humber,0.319,5.794
1899,JJA,Yorkshire and Humber,0.260,5.991
1900,JJA,Yorkshire and Humber,0.445,8.262
1901,JJA,Yorkshire and Humber,0.309,4.963
1902,JJA,Yorkshire and Humber,0.417,4.822
1903,JJA,Yorkshire and Humber,0.390,5.411
1904,JJA,Yorkshire and Humber,0.314,6.383
1905,JJA,Yorkshire and Humber,0.316,5.542
1906,JJA,Yorkshire and Humber,0.328,6.654
1907,JJA,Yorkshire and Humber,0.471,6.178
1908,JJA,Yorkshire and Humber,0.326,8.140
1909,JJA,Yorkshire and Humber,0.437,9.579
1910,JJA,Yorkshire and Humber,0.412,7.636
1911,JJA,Yorkshire and Humber,0.278,4.150
1912,JJA,Yorkshire and Humber,0.602,9.477
1913,JJA,Yorkshire and Humber,0.231,4.093
1914,JJA,Yorkshire and Humber,0.334,4.215
1915,JJA,Yorkshire and Humber,0.387,6.664
1916,JJA,Yorkshire and Humber,0.377,6.252
1917,JJA,Yorkshire and Humber,0.443,10.607
1918,JJA,Yorkshire and Humber,0.383,8.075
1919,JJA,Yorkshire and Humber,0.328,5.243
1920,JJA,Yorkshire and Humber,0.392,9.785
1921,JJA,Yorkshire and Humber,0.288,6.897
1922,JJA,Yorkshire and Humber,0.443,7.766
1923,JJA,Yorkshire and Humber,0.399,10.065
1924,JJA,Yorkshire and Humber,0.442,6.804
1925,JJA,Yorkshire and Humber,0.230,5.402
1926,JJA,Yorkshire and Humber,0.425,9.617
1927,JJA,Yorkshire and Humber,0.490,8.729
1928,JJA,Yorkshire and Humber,0.393,6.935
1929,JJA,Yorkshire and Humber,0.339,8.561
1930,JJA,Yorkshire and Humber,0.445,8.393
1931,JJA,Yorkshire and Humber,0.487,7.467
1932,JJA,Yorkshire and Humber,0.267,6.402
1933,JJA,Yorkshire and Humber,0.273,6.364
1934,JJA,Yorkshire and Humber,0.341,5.075
1935,JJA,Yorkshire and Humber,0.310,6.776
1936,JJA,Yorkshire and Humber,0.411,5.551
1937,JJA,Yorkshire and Humber,0.271,3.776
1938,JJA,Yorkshire and Humber,0.456,7.645
1939,JJA,Yorkshire and Humber,0.438,6.692
1940,JJA,Yorkshire and Humber,0.285,6.262
1941,JJA,Yorkshire and Humber,0.333,4.701
1942,JJA,Yorkshire and Humber,0.345,4.944
1943,JJA,Yorkshire and Humber,0.402,6.692
1944,JJA,Yorkshire and Humber,0.375,9.299
1945,JJA,Yorkshire and Humber,0.393,4.944
1946,JJA,Yorkshire and Humber,0.496,7.822
1947,JJA,Yorkshire and Humber,0.275,4.542
1948,JJA,Yorkshire and Humber,0.429,5.514
1949,JJA,Yorkshire and Humber,0.221,4.336
1950,JJA,Yorkshire and Humber,0.420,6.467
1951,JJA,Yorkshire and Humber,0.393,7.028
1952,JJA,Yorkshire and Humber,0.306,5.140
1953,JJA,Yorkshire and Humber,0.431,5.804
1954,JJA,Yorkshire and Humber,0.482,8.654
1955,JJA,Yorkshire and Humber,0.193,3.579
1956,JJA,Yorkshire and Humber,0.513,7.056
1957,JJA,Yorkshire and Humber,0.478,6.654
1958,JJA,Yorkshire and Humber,0.526,7.168
1959,JJA,Yorkshire and Humber,0.222,4.757
1960,JJA,Yorkshire and Humber,0.425,7.570
1961,JJA,Yorkshire and Humber,0.348,5.402
1962,JJA,Yorkshire and Humber,0.265,3.477
1963,JJA,Yorkshire and Humber,0.466,9.047
1964,JJA,Yorkshire and Humber,0.360,5.187
1965,JJA,Yorkshire and Humber,0.383,5.981
1966,JJA,Yorkshire and Humber,0.440,8.196
1967,JJA,Yorkshire and Humber,0.312,6.047
1968,JJA,Yorkshire and Humber,0.349,9.000
1969,JJA,Yorkshire and Humber,0.298,5.822
1970,JJA,Yorkshire and Humber,0.309,5.589
1971,JJA,Yorkshire and Humber,0.347,5.514
1972,JJA,Yorkshire and Humber,0.361,6.411
1973,JJA,Yorkshire and Humber,0.302,6.103
1974,JJA,Yorkshire and Humber,0.364,7.252
1975,JJA,Yorkshire and Humber,0.270,6.673
1976,JJA,Yorkshire and Humber,0.130,2.617
1977,JJA,Yorkshire and Humber,0.314,5.869
1978,JJA,Yorkshire and Humber,0.424,6.860
1979,JJA,Yorkshire and Humber,0.300,5.280
1980,JJA,Yorkshire and Humber,0.439,7.421
1981,JJA,Yorkshire and Humber,0.280,5.093
1982,JJA,Yorkshire and Humber,0.383,8.131
1983,JJA,Yorkshire and Humber,0.186,2.757
1984,JJA,Yorkshire and Humber,0.239,4.561
1985,JJA,Yorkshire and Humber,0.467,7.486
1986,JJA,Yorkshire and Humber,0.317,3.981
1987,JJA,Yorkshire and Humber,0.465,7.271
1988,JJA,Yorkshire and Humber,0.434,7.383
1989,JJA,Yorkshire and Humber,0.257,3.673
1990,JJA,Yorkshire and Humber,0.334,5.542
1991,JJA,Yorkshire and Humber,0.334,8.168
1992,JJA,Yorkshire and Humber,0.330,5.243
1993,JJA,Yorkshire and Humber,0.382,5.299
1994,JJA,Yorkshire and Humber,0.274,4.000
1995,JJA,Yorkshire and Humber,0.195,4.561
1996,JJA,Yorkshire and Humber,0.291,5.439
1997,JJA,Yorkshire and Humber,0.443,8.028
1998,JJA,Yorkshire and Humber,0.414,6.710
1999,JJA,Yorkshire and Humber,0.334,5.374
2000,JJA,Yorkshire and Humber,0.346,5.037
2001,JJA,Yorkshire and Humber,0.334,7.019
2002,JJA,Yorkshire and Humber,0.370,5.673
2003,JJA,Yorkshire and Humber,0.272,4.150
2004,JJA,Yorkshire and Humber,0.508,7.869
2005,JJA,Yorkshire and Humber,0.336,4.692
2006,JJA,Yorkshire and Humber,0.305,6.449
2007,JJA,Yorkshire and Humber,0.430,8.037
2008,JJA,Yorkshire and Humber,0.485,8.093
2009,JJA,Yorkshire and Humber,0.433,7.533
2010,JJA,Yorkshire and Humber,0.344,5.738
2011,JJA,Yorkshire and Humber,0.405,6.280
2012,JJA,Yorkshire and Humber,0.530,9.308
2013,JJA,Yorkshire and Humber,0.279,4.234
2014,JJA,Yorkshire and Humber,0.383,4.813
2015,JJA,Yorkshire and Humber,0.355,5.084
2016,JJA,Yorkshire and Humber,0.383,5.757
2017,JJA,Yorkshire and Humber,0.433,6.907
2018,JJA,Yorkshire and Humber,0.215,4.757
2019,JJA,Yorkshire and Humber,0.422,7.841
2020,JJA,Yorkshire and Humber,0.480,8.093
2021,JJA,Yorkshire and Humber,0.296,5.280
1892,JJA,Channel Islands, NaN,  NA
1893,JJA,Channel Islands, NaN,  NA
1894,JJA,Channel Islands, NaN,  NA
1895,JJA,Channel Islands, NaN,  NA
1896,JJA,Channel Islands, NaN,  NA
1897,JJA,Channel Islands, NaN,  NA
1898,JJA,Channel Islands, NaN,  NA
1899,JJA,Channel Islands, NaN,  NA
1900,JJA,Channel Islands, NaN,  NA
1901,JJA,Channel Islands, NaN,  NA
1902,JJA,Channel Islands, NaN,  NA
1903,JJA,Channel Islands, NaN,  NA
1904,JJA,Channel Islands, NaN,  NA
1905,JJA,Channel Islands, NaN,  NA
1906,JJA,Channel Islands, NaN,  NA
1907,JJA,Channel Islands, NaN,  NA
1908,JJA,Channel Islands, NaN,  NA
1909,JJA,Channel Islands, NaN,  NA
1910,JJA,Channel Islands, NaN,  NA
1911,JJA,Channel Islands, NaN,  NA
1912,JJA,Channel Islands, NaN,  NA
1913,JJA,Channel Islands, NaN,  NA
1914,JJA,Channel Islands, NaN,  NA
1915,JJA,Channel Islands, NaN,  NA
1916,JJA,Channel Islands, NaN,  NA
1917,JJA,Channel Islands, NaN,  NA
1918,JJA,Channel Islands, NaN,  NA
1919,JJA,Channel Islands, NaN,  NA
1920,JJA,Channel Islands, NaN,  NA
1921,JJA,Channel Islands, NaN,  NA
1922,JJA,Channel Islands, NaN,  NA
1923,JJA,Channel Islands, NaN,  NA
1924,JJA,Channel Islands, NaN,  NA
1925,JJA,Channel Islands, NaN,  NA
1926,JJA,Channel Islands, NaN,  NA
1927,JJA,Channel Islands, NaN,  NA
1928,JJA,Channel Islands, NaN,  NA
1929,JJA,Channel Islands, NaN,  NA
1930,JJA,Channel Islands, NaN,  NA
1931,JJA,Channel Islands, NaN,  NA
1932,JJA,Channel Islands, NaN,  NA
1933,JJA,Channel Islands, NaN,  NA
1934,JJA,Channel Islands, NaN,  NA
1935,JJA,Channel Islands, NaN,  NA
1936,JJA,Channel Islands, NaN,  NA
1937,JJA,Channel Islands, NaN,  NA
1938,JJA,Channel Islands, NaN,  NA
1939,JJA,Channel Islands, NaN,  NA
1940,JJA,Channel Islands, NaN,  NA
1941,JJA,Channel Islands, NaN,  NA
1942,JJA,Channel Islands, NaN,  NA
1943,JJA,Channel Islands, NaN,  NA
1944,JJA,Channel Islands, NaN,  NA
1945,JJA,Channel Islands, NaN,  NA
1946,JJA,Channel Islands, NaN,  NA
1947,JJA,Channel Islands, NaN,  NA
1948,JJA,Channel Islands, NaN,  NA
1949,JJA,Channel Islands, NaN,  NA
1950,JJA,Channel Islands, NaN,  NA
1951,JJA,Channel Islands, NaN,  NA
1952,JJA,Channel Islands, NaN,  NA
1953,JJA,Channel Islands, NaN,  NA
1954,JJA,Channel Islands, NaN,  NA
1955,JJA,Channel Islands, NaN,  NA
1956,JJA,Channel Islands, NaN,  NA
1957,JJA,Channel Islands, NaN,  NA
1958,JJA,Channel Islands, NaN,  NA
1959,JJA,Channel Islands, NaN,  NA
1960,JJA,Channel Islands, NaN,  NA
1961,JJA,Channel Islands, NaN,  NA
1962,JJA,Channel Islands, NaN,  NA
1963,JJA,Channel Islands, NaN,  NA
1964,JJA,Channel Islands, NaN,  NA
1965,JJA,Channel Islands, NaN,  NA
1966,JJA,Channel Islands, NaN,  NA
1967,JJA,Channel Islands, NaN,  NA
1968,JJA,Channel Islands, NaN,  NA
1969,JJA,Channel Islands, NaN,  NA
1970,JJA,Channel Islands, NaN,  NA
1971,JJA,Channel Islands, NaN,  NA
1972,JJA,Channel Islands, NaN,  NA
1973,JJA,Channel Islands, NaN,  NA
1974,JJA,Channel Islands, NaN,  NA
1975,JJA,Channel Islands, NaN,  NA
1976,JJA,Channel Islands, NaN,  NA
1977,JJA,Channel Islands, NaN,  NA
1978,JJA,Channel Islands, NaN,  NA
1979,JJA,Channel Islands, NaN,  NA
1980,JJA,Channel Islands, NaN,  NA
1981,JJA,Channel Islands, NaN,  NA
1982,JJA,Channel Islands, NaN,  NA
1983,JJA,Channel Islands, NaN,  NA
1984,JJA,Channel Islands, NaN,  NA
1985,JJA,Channel Islands, NaN,  NA
1986,JJA,Channel Islands, NaN,  NA
1987,JJA,Channel Islands, NaN,  NA
1988,JJA,Channel Islands, NaN,  NA
1989,JJA,Channel Islands, NaN,  NA
1990,JJA,Channel Islands, NaN,  NA
1991,JJA,Channel Islands, NaN,  NA
1992,JJA,Channel Islands, NaN,  NA
1993,JJA,Channel Islands, NaN,  NA
1994,JJA,Channel Islands, NaN,  NA
1995,JJA,Channel Islands, NaN,  NA
1996,JJA,Channel Islands, NaN,  NA
1997,JJA,Channel Islands, NaN,  NA
1998,JJA,Channel Islands, NaN,  NA
1999,JJA,Channel Islands, NaN,  NA
2000,JJA,Channel Islands, NaN,  NA
2001,JJA,Channel Islands, NaN,  NA
2002,JJA,Channel Islands, NaN,  NA
2003,JJA,Channel Islands, NaN,  NA
2004,JJA,Channel Islands, NaN,  NA
2005,JJA,Channel Islands, NaN,  NA
2006,JJA,Channel Islands, NaN,  NA
2007,JJA,Channel Islands, NaN,  NA
2008,JJA,Channel Islands, NaN,  NA
2009,JJA,Channel Islands, NaN,  NA
2010,JJA,Channel Islands, NaN,  NA
2011,JJA,Channel Islands, NaN,  NA
2012,JJA,Channel Islands, NaN,  NA
2013,JJA,Channel Islands, NaN,  NA
2014,JJA,Channel Islands, NaN,  NA
2015,JJA,Channel Islands, NaN,  NA
2016,JJA,Channel Islands, NaN,  NA
2017,JJA,Channel Islands, NaN,  NA
2018,JJA,Channel Islands, NaN,  NA
2019,JJA,Channel Islands, NaN,  NA
2020,JJA,Channel Islands, NaN,  NA
2021,JJA,Channel Islands, NaN,  NA
1892,JJA,Isle of Man,0.359,5.667
1893,JJA,Isle of Man,0.351,5.000
1894,JJA,Isle of Man,0.406,5.000
1895,JJA,Isle of Man,0.326,4.000
1896,JJA,Isle of Man,0.355,4.000
1897,JJA,Isle of Man,0.413,8.000
1898,JJA,Isle of Man,0.301,4.000
1899,JJA,Isle of Man,0.264,3.333
1900,JJA,Isle of Man,0.351,5.000
1901,JJA,Isle of Man,0.246,3.000
1902,JJA,Isle of Man,0.341,4.000
1903,JJA,Isle of Man,0.391,6.333
1904,JJA,Isle of Man,0.380,5.333
1905,JJA,Isle of Man,0.301,5.000
1906,JJA,Isle of Man,0.391,4.000
1907,JJA,Isle of Man,0.511,9.667
1908,JJA,Isle of Man,0.351,6.000
1909,JJA,Isle of Man,0.377,6.333
1910,JJA,Isle of Man,0.435,5.333
1911,JJA,Isle of Man,0.254,3.000
1912,JJA,Isle of Man,0.547,7.000
1913,JJA,Isle of Man,0.319,5.333
1914,JJA,Isle of Man,0.319,3.667
1915,JJA,Isle of Man,0.286,3.000
1916,JJA,Isle of Man,0.330,4.000
1917,JJA,Isle of Man,0.351,11.000
1918,JJA,Isle of Man,0.384,5.000
1919,JJA,Isle of Man,0.370,3.000
1920,JJA,Isle of Man,0.431,9.000
1921,JJA,Isle of Man,0.315,8.000
1922,JJA,Isle of Man,0.486,10.000
1923,JJA,Isle of Man,0.460,4.000
1924,JJA,Isle of Man,0.576,12.667
1925,JJA,Isle of Man,0.308,6.000
1926,JJA,Isle of Man,0.366,8.000
1927,JJA,Isle of Man,0.493,8.000
1928,JJA,Isle of Man,0.438,6.000
1929,JJA,Isle of Man,0.413,5.000
1930,JJA,Isle of Man,0.471,5.000
1931,JJA,Isle of Man,0.464,7.000
1932,JJA,Isle of Man,0.315,5.000
1933,JJA,Isle of Man,0.330,9.000
1934,JJA,Isle of Man,0.337,4.000
1935,JJA,Isle of Man,0.326,5.333
1936,JJA,Isle of Man,0.525,6.000
1937,JJA,Isle of Man,0.333,5.000
1938,JJA,Isle of Man,0.409,5.000
1939,JJA,Isle of Man,0.388,7.000
1940,JJA,Isle of Man,0.319,5.000
1941,JJA,Isle of Man,0.337,5.000
1942,JJA,Isle of Man,0.333,5.667
1943,JJA,Isle of Man,0.453,5.000
1944,JJA,Isle of Man,0.366,8.667
1945,JJA,Isle of Man,0.326,3.333
1946,JJA,Isle of Man,0.453,11.000
1947,JJA,Isle of Man,0.355,6.333
1948,JJA,Isle of Man,0.391,5.000
1949,JJA,Isle of Man,0.254,3.333
1950,JJA,Isle of Man,0.486,6.000
1951,JJA,Isle of Man,0.326,4.000
1952,JJA,Isle of Man,0.315,7.000
1953,JJA,Isle of Man,0.417,7.333
1954,JJA,Isle of Man,0.449,6.667
1955,JJA,Isle of Man,0.232,3.000
1956,JJA,Isle of Man,0.493,8.000
1957,JJA,Isle of Man,0.351,4.667
1958,JJA,Isle of Man,0.518,4.333
1959,JJA,Isle of Man,0.272,6.000
1960,JJA,Isle of Man,0.438,7.667
1961,JJA,Isle of Man,0.326,4.667
1962,JJA,Isle of Man,0.362,3.000
1963,JJA,Isle of Man,0.424,5.000
1964,JJA,Isle of Man,0.370,4.000
1965,JJA,Isle of Man,0.399,6.667
1966,JJA,Isle of Man,0.348,6.000
1967,JJA,Isle of Man,0.399,6.667
1968,JJA,Isle of Man,0.283,5.667
1969,JJA,Isle of Man,0.326,7.000
1970,JJA,Isle of Man,0.315,5.333
1971,JJA,Isle of Man,0.377,5.667
1972,JJA,Isle of Man,0.428,10.000
1973,JJA,Isle of Man,0.351,4.667
1974,JJA,Isle of Man,0.326,5.667
1975,JJA,Isle of Man,0.293,5.333
1976,JJA,Isle of Man,0.214,4.667
1977,JJA,Isle of Man,0.312,3.667
1978,JJA,Isle of Man,0.391,7.000
1979,JJA,Isle of Man,0.355,4.000
1980,JJA,Isle of Man,0.514,12.667
1981,JJA,Isle of Man,0.373,6.333
1982,JJA,Isle of Man,0.395,7.667
1983,JJA,Isle of Man,0.228,5.000
1984,JJA,Isle of Man,0.243,4.333
1985,JJA,Isle of Man,0.562,9.000
1986,JJA,Isle of Man,0.341,3.667
1987,JJA,Isle of Man,0.406,7.667
1988,JJA,Isle of Man,0.409,5.333
1989,JJA,Isle of Man,0.326,4.333
1990,JJA,Isle of Man,0.384,6.000
1991,JJA,Isle of Man,0.442,4.333
1992,JJA,Isle of Man,0.351,5.667
1993,JJA,Isle of Man,0.373,5.333
1994,JJA,Isle of Man,0.424,6.667
1995,JJA,Isle of Man,0.163,3.000
1996,JJA,Isle of Man,0.322,4.667
1997,JJA,Isle of Man,0.431,5.000
1998,JJA,Isle of Man,0.478,5.333
1999,JJA,Isle of Man,0.344,6.000
2000,JJA,Isle of Man,0.395,5.667
2001,JJA,Isle of Man,0.341,3.667
2002,JJA,Isle of Man,0.457,6.000
2003,JJA,Isle of Man,0.275,4.000
2004,JJA,Isle of Man,0.453,10.000
2005,JJA,Isle of Man,0.264,3.667
2006,JJA,Isle of Man,0.290,3.333
2007,JJA,Isle of Man,0.435,9.000
2008,JJA,Isle of Man,0.424,8.667
2009,JJA,Isle of Man,0.428,5.667
2010,JJA,Isle of Man,0.373,4.333
2011,JJA,Isle of Man,0.380,4.333
2012,JJA,Isle of Man,0.591,8.333
2013,JJA,Isle of Man,0.297,6.000
2014,JJA,Isle of Man,0.362,3.333
2015,JJA,Isle of Man,0.417,5.333
2016,JJA,Isle of Man,0.395,5.333
2017,JJA,Isle of Man,0.475,4.000
2018,JJA,Isle of Man,0.279,5.000
2019,JJA,Isle of Man,0.366,4.667
2020,JJA,Isle of Man,0.565,7.333
2021,JJA,Isle of Man,0.221,4.000
1892,JJA,Northern Ireland,0.464,8.044
1893,JJA,Northern Ireland,0.475,7.967
1894,JJA,Northern Ireland,0.610,14.822
1895,JJA,Northern Ireland,0.576,12.200
1896,JJA,Northern Ireland,0.550,7.911
1897,JJA,Northern Ireland,0.572,12.644
1898,JJA,Northern Ireland,0.443,7.844
1899,JJA,Northern Ireland,0.331,7.789
1900,JJA,Northern Ireland,0.567,11.067
1901,JJA,Northern Ireland,0.483,9.122
1902,JJA,Northern Ireland,0.543,7.589
1903,JJA,Northern Ireland,0.607,16.222
1904,JJA,Northern Ireland,0.598,17.467
1905,JJA,Northern Ireland,0.501,12.089
1906,JJA,Northern Ireland,0.453,8.033
1907,JJA,Northern Ireland,0.693,13.767
1908,JJA,Northern Ireland,0.494,11.756
1909,JJA,Northern Ireland,0.444,8.100
1910,JJA,Northern Ireland,0.636,15.822
1911,JJA,Northern Ireland,0.464,13.378
1912,JJA,Northern Ireland,0.619,11.878
1913,JJA,Northern Ireland,0.359,7.467
1914,JJA,Northern Ireland,0.451,8.644
1915,JJA,Northern Ireland,0.547,11.478
1916,JJA,Northern Ireland,0.456,5.567
1917,JJA,Northern Ireland,0.535,18.722
1918,JJA,Northern Ireland,0.478,7.167
1919,JJA,Northern Ireland,0.407,6.967
1920,JJA,Northern Ireland,0.509,7.189
1921,JJA,Northern Ireland,0.421,14.967
1922,JJA,Northern Ireland,0.621,12.967
1923,JJA,Northern Ireland,0.598,11.356
1924,JJA,Northern Ireland,0.724,13.500
1925,JJA,Northern Ireland,0.375,7.022
1926,JJA,Northern Ireland,0.464,13.456
1927,JJA,Northern Ireland,0.550,7.233
1928,JJA,Northern Ireland,0.587,13.889
1929,JJA,Northern Ireland,0.560,7.389
1930,JJA,Northern Ireland,0.573,13.067
1931,JJA,Northern Ireland,0.549,8.511
1932,JJA,Northern Ireland,0.445,11.311
1933,JJA,Northern Ireland,0.429,8.978
1934,JJA,Northern Ireland,0.502,11.256
1935,JJA,Northern Ireland,0.478,13.711
1936,JJA,Northern Ireland,0.553,12.833
1937,JJA,Northern Ireland,0.487,7.878
1938,JJA,Northern Ireland,0.582,11.422
1939,JJA,Northern Ireland,0.436,8.744
1940,JJA,Northern Ireland,0.460,9.267
1941,JJA,Northern Ireland,0.484,10.400
1942,JJA,Northern Ireland,0.499,12.622
1943,JJA,Northern Ireland,0.607,11.489
1944,JJA,Northern Ireland,0.523,8.633
1945,JJA,Northern Ireland,0.484,6.989
1946,JJA,Northern Ireland,0.671,19.267
1947,JJA,Northern Ireland,0.432,8.300
1948,JJA,Northern Ireland,0.573,9.389
1949,JJA,Northern Ireland,0.402,9.700
1950,JJA,Northern Ireland,0.675,18.600
1951,JJA,Northern Ireland,0.534,10.944
1952,JJA,Northern Ireland,0.483,8.689
1953,JJA,Northern Ireland,0.564,13.511
1954,JJA,Northern Ireland,0.566,8.533
1955,JJA,Northern Ireland,0.324,6.944
1956,JJA,Northern Ireland,0.603,10.344
1957,JJA,Northern Ireland,0.481,7.133
1958,JJA,Northern Ireland,0.634,12.678
1959,JJA,Northern Ireland,0.357,5.711
1960,JJA,Northern Ireland,0.602,14.500
1961,JJA,Northern Ireland,0.446,7.689
1962,JJA,Northern Ireland,0.489,9.856
1963,JJA,Northern Ireland,0.536,9.833
1964,JJA,Northern Ireland,0.466,7.900
1965,JJA,Northern Ireland,0.552,10.711
1966,JJA,Northern Ireland,0.490,9.156
1967,JJA,Northern Ireland,0.443,7.689
1968,JJA,Northern Ireland,0.337,9.811
1969,JJA,Northern Ireland,0.421,7.689
1970,JJA,Northern Ireland,0.429,6.744
1971,JJA,Northern Ireland,0.470,8.700
1972,JJA,Northern Ireland,0.456,8.400
1973,JJA,Northern Ireland,0.436,8.044
1974,JJA,Northern Ireland,0.494,9.656
1975,JJA,Northern Ireland,0.344,5.722
1976,JJA,Northern Ireland,0.295,5.789
1977,JJA,Northern Ireland,0.373,7.300
1978,JJA,Northern Ireland,0.437,6.556
1979,JJA,Northern Ireland,0.468,6.222
1980,JJA,Northern Ireland,0.582,8.567
1981,JJA,Northern Ireland,0.432,8.233
1982,JJA,Northern Ireland,0.428,9.111
1983,JJA,Northern Ireland,0.259,4.378
1984,JJA,Northern Ireland,0.317,5.500
1985,JJA,Northern Ireland,0.683,13.267
1986,JJA,Northern Ireland,0.481,7.422
1987,JJA,Northern Ireland,0.458,6.944
1988,JJA,Northern Ireland,0.541,11.922
1989,JJA,Northern Ireland,0.409,9.811
1990,JJA,Northern Ireland,0.500,7.967
1991,JJA,Northern Ireland,0.467,9.633
1992,JJA,Northern Ireland,0.475,11.089
1993,JJA,Northern Ireland,0.451,8.744
1994,JJA,Northern Ireland,0.473,9.533
1995,JJA,Northern Ireland,0.294,5.078
1996,JJA,Northern Ireland,0.401,7.044
1997,JJA,Northern Ireland,0.458,7.878
1998,JJA,Northern Ireland,0.589,9.078
1999,JJA,Northern Ireland,0.463,6.756
2000,JJA,Northern Ireland,0.414,5.978
2001,JJA,Northern Ireland,0.486,7.800
2002,JJA,Northern Ireland,0.506,10.011
2003,JJA,Northern Ireland,0.398,7.889
2004,JJA,Northern Ireland,0.510,10.989
2005,JJA,Northern Ireland,0.381,5.022
2006,JJA,Northern Ireland,0.376,7.822
2007,JJA,Northern Ireland,0.589,11.389
2008,JJA,Northern Ireland,0.585,12.378
2009,JJA,Northern Ireland,0.585,12.811
2010,JJA,Northern Ireland,0.443,7.311
2011,JJA,Northern Ireland,0.467,7.067
2012,JJA,Northern Ireland,0.622,8.011
2013,JJA,Northern Ireland,0.399,6.989
2014,JJA,Northern Ireland,0.512,9.211
2015,JJA,Northern Ireland,0.518,6.356
2016,JJA,Northern Ireland,0.536,7.578
2017,JJA,Northern Ireland,0.568,9.300
2018,JJA,Northern Ireland,0.393,9.811
2019,JJA,Northern Ireland,0.541,11.044
2020,JJA,Northern Ireland,0.599,11.400
2021,JJA,Northern Ireland,0.273,7.400
1892,JJA,Wales,0.432,9.007
1893,JJA,Wales,0.422,6.056
1894,JJA,Wales,0.556,8.035
1895,JJA,Wales,0.419,8.155
1896,JJA,Wales,0.462,7.690
1897,JJA,Wales,0.464,12.387
1898,JJA,Wales,0.377,6.901
1899,JJA,Wales,0.285,6.310
1900,JJA,Wales,0.469,11.817
1901,JJA,Wales,0.385,7.415
1902,JJA,Wales,0.471,7.028
1903,JJA,Wales,0.474,9.028
1904,JJA,Wales,0.404,5.634
1905,JJA,Wales,0.482,7.148
1906,JJA,Wales,0.390,7.824
1907,JJA,Wales,0.635,11.373
1908,JJA,Wales,0.380,13.246
1909,JJA,Wales,0.463,10.458
1910,JJA,Wales,0.539,9.775
1911,JJA,Wales,0.302,6.873
1912,JJA,Wales,0.669,11.775
1913,JJA,Wales,0.316,4.944
1914,JJA,Wales,0.452,6.070
1915,JJA,Wales,0.460,9.690
1916,JJA,Wales,0.408,6.824
1917,JJA,Wales,0.507,12.373
1918,JJA,Wales,0.410,16.592
1919,JJA,Wales,0.338,5.521
1920,JJA,Wales,0.541,12.331
1921,JJA,Wales,0.345,10.486
1922,JJA,Wales,0.509,14.725
1923,JJA,Wales,0.438,8.183
1924,JJA,Wales,0.590,12.324
1925,JJA,Wales,0.355,8.613
1926,JJA,Wales,0.471,11.254
1927,JJA,Wales,0.663,17.472
1928,JJA,Wales,0.499,9.493
1929,JJA,Wales,0.455,6.986
1930,JJA,Wales,0.513,9.092
1931,JJA,Wales,0.560,9.887
1932,JJA,Wales,0.331,10.099
1933,JJA,Wales,0.355,8.993
1934,JJA,Wales,0.394,7.831
1935,JJA,Wales,0.397,8.655
1936,JJA,Wales,0.526,10.535
1937,JJA,Wales,0.355,6.120
1938,JJA,Wales,0.514,8.754
1939,JJA,Wales,0.525,9.486
1940,JJA,Wales,0.305,7.035
1941,JJA,Wales,0.407,9.810
1942,JJA,Wales,0.411,7.549
1943,JJA,Wales,0.499,9.359
1944,JJA,Wales,0.436,8.915
1945,JJA,Wales,0.454,5.887
1946,JJA,Wales,0.586,11.669
1947,JJA,Wales,0.357,5.803
1948,JJA,Wales,0.545,7.570
1949,JJA,Wales,0.263,4.739
1950,JJA,Wales,0.520,11.655
1951,JJA,Wales,0.434,8.197
1952,JJA,Wales,0.380,10.479
1953,JJA,Wales,0.481,8.000
1954,JJA,Wales,0.561,9.345
1955,JJA,Wales,0.276,4.232
1956,JJA,Wales,0.553,10.035
1957,JJA,Wales,0.473,8.782
1958,JJA,Wales,0.587,9.873
1959,JJA,Wales,0.347,6.472
1960,JJA,Wales,0.548,10.627
1961,JJA,Wales,0.364,7.134
1962,JJA,Wales,0.410,4.620
1963,JJA,Wales,0.526,11.993
1964,JJA,Wales,0.356,4.944
1965,JJA,Wales,0.484,7.246
1966,JJA,Wales,0.475,8.282
1967,JJA,Wales,0.378,8.486
1968,JJA,Wales,0.364,8.021
1969,JJA,Wales,0.315,6.838
1970,JJA,Wales,0.413,7.000
1971,JJA,Wales,0.429,8.232
1972,JJA,Wales,0.406,9.641
1973,JJA,Wales,0.324,7.317
1974,JJA,Wales,0.456,9.549
1975,JJA,Wales,0.304,6.246
1976,JJA,Wales,0.158,3.352
1977,JJA,Wales,0.346,5.535
1978,JJA,Wales,0.427,6.852
1979,JJA,Wales,0.312,6.239
1980,JJA,Wales,0.504,9.099
1981,JJA,Wales,0.290,5.458
1982,JJA,Wales,0.456,9.507
1983,JJA,Wales,0.252,4.162
1984,JJA,Wales,0.268,4.817
1985,JJA,Wales,0.583,14.648
1986,JJA,Wales,0.407,6.268
1987,JJA,Wales,0.429,6.915
1988,JJA,Wales,0.512,8.915
1989,JJA,Wales,0.303,4.979
1990,JJA,Wales,0.378,7.352
1991,JJA,Wales,0.441,7.113
1992,JJA,Wales,0.452,9.718
1993,JJA,Wales,0.403,7.085
1994,JJA,Wales,0.364,5.986
1995,JJA,Wales,0.207,3.592
1996,JJA,Wales,0.350,6.408
1997,JJA,Wales,0.470,7.761
1998,JJA,Wales,0.505,7.662
1999,JJA,Wales,0.352,6.155
2000,JJA,Wales,0.465,7.282
2001,JJA,Wales,0.402,6.549
2002,JJA,Wales,0.408,6.627
2003,JJA,Wales,0.323,6.711
2004,JJA,Wales,0.450,6.866
2005,JJA,Wales,0.346,5.894
2006,JJA,Wales,0.322,5.986
2007,JJA,Wales,0.528,11.979
2008,JJA,Wales,0.521,11.704
2009,JJA,Wales,0.529,11.817
2010,JJA,Wales,0.392,8.662
2011,JJA,Wales,0.441,5.683
2012,JJA,Wales,0.634,10.338
2013,JJA,Wales,0.328,7.239
2014,JJA,Wales,0.427,5.725
2015,JJA,Wales,0.469,7.627
2016,JJA,Wales,0.460,8.007
2017,JJA,Wales,0.498,8.690
2018,JJA,Wales,0.301,5.704
2019,JJA,Wales,0.450,9.134
2020,JJA,Wales,0.544,9.887
2021,JJA,Wales,0.340,6.120
1892,SON,East Midlands,0.402,5.654
1893,SON,East Midlands,0.359,4.935
1894,SON,East Midlands,0.324,6.785
1895,SON,East Midlands,0.381,7.215
1896,SON,East Midlands,0.497,9.430
1897,SON,East Midlands,0.304,4.757
1898,SON,East Midlands,0.262,6.290
1899,SON,East Midlands,0.364,9.645
1900,SON,East Midlands,0.390,7.673
1901,SON,East Midlands,0.287,4.636
1902,SON,East Midlands,0.349,6.972
1903,SON,East Midlands,0.507,13.729
1904,SON,East Midlands,0.260,4.430
1905,SON,East Midlands,0.387,5.626
1906,SON,East Midlands,0.406,7.626
1907,SON,East Midlands,0.370,6.897
1908,SON,East Midlands,0.298,3.879
1909,SON,East Midlands,0.416,6.710
1910,SON,East Midlands,0.278,5.308
1911,SON,East Midlands,0.393,5.458
1912,SON,East Midlands,0.289,5.206
1913,SON,East Midlands,0.374,7.598
1914,SON,East Midlands,0.345,6.626
1915,SON,East Midlands,0.228,4.897
1916,SON,East Midlands,0.393,9.832
1917,SON,East Midlands,0.351,5.019
1918,SON,East Midlands,0.460,8.813
1919,SON,East Midlands,0.358,7.664
1920,SON,East Midlands,0.273,6.299
1921,SON,East Midlands,0.195,3.458
1922,SON,East Midlands,0.283,3.673
1923,SON,East Midlands,0.435,8.112
1924,SON,East Midlands,0.415,6.280
1925,SON,East Midlands,0.360,5.234
1926,SON,East Midlands,0.396,5.794
1927,SON,East Midlands,0.410,6.234
1928,SON,East Midlands,0.391,7.019
1929,SON,East Midlands,0.341,5.299
1930,SON,East Midlands,0.447,6.430
1931,SON,East Midlands,0.298,5.402
1932,SON,East Midlands,0.441,5.364
1933,SON,East Midlands,0.327,5.551
1934,SON,East Midlands,0.315,4.318
1935,SON,East Midlands,0.510,7.925
1936,SON,East Midlands,0.403,5.701
1937,SON,East Midlands,0.255,7.336
1938,SON,East Midlands,0.414,6.561
1939,SON,East Midlands,0.398,6.346
1940,SON,East Midlands,0.399,8.234
1941,SON,East Midlands,0.314,5.533
1942,SON,East Midlands,0.327,6.019
1943,SON,East Midlands,0.352,4.449
1944,SON,East Midlands,0.525,10.589
1945,SON,East Midlands,0.261,7.748
1946,SON,East Midlands,0.434,6.794
1947,SON,East Midlands,0.244,4.710
1948,SON,East Midlands,0.280,4.234
1949,SON,East Midlands,0.363,6.121
1950,SON,East Midlands,0.449,7.673
1951,SON,East Midlands,0.358,7.430
1952,SON,East Midlands,0.390,6.346
1953,SON,East Midlands,0.252,4.084
1954,SON,East Midlands,0.512,7.766
1955,SON,East Midlands,0.254,4.439
1956,SON,East Midlands,0.260,3.832
1957,SON,East Midlands,0.357,5.636
1958,SON,East Midlands,0.324,7.383
1959,SON,East Midlands,0.249,4.084
1960,SON,East Midlands,0.541,8.346
1961,SON,East Midlands,0.397,6.710
1962,SON,East Midlands,0.306,4.710
1963,SON,East Midlands,0.346,5.364
1964,SON,East Midlands,0.230,3.935
1965,SON,East Midlands,0.374,6.364
1966,SON,East Midlands,0.396,6.393
1967,SON,East Midlands,0.409,5.318
1968,SON,East Midlands,0.405,4.785
1969,SON,East Midlands,0.234,4.514
1970,SON,East Midlands,0.334,6.439
1971,SON,East Midlands,0.251,5.421
1972,SON,East Midlands,0.205,3.729
1973,SON,East Midlands,0.258,3.617
1974,SON,East Midlands,0.493,6.673
1975,SON,East Midlands,0.280,4.252
1976,SON,East Midlands,0.495,9.589
1977,SON,East Midlands,0.298,4.047
1978,SON,East Midlands,0.197,4.318
1979,SON,East Midlands,0.278,4.075
1980,SON,East Midlands,0.401,5.318
1981,SON,East Midlands,0.389,4.907
1982,SON,East Midlands,0.399,7.729
1983,SON,East Midlands,0.299,5.785
1984,SON,East Midlands,0.441,6.019
1985,SON,East Midlands,0.254,5.411
1986,SON,East Midlands,0.283,5.841
1987,SON,East Midlands,0.367,5.065
1988,SON,East Midlands,0.255,4.748
1989,SON,East Midlands,0.255,5.065
1990,SON,East Midlands,0.318,5.150
1991,SON,East Midlands,0.268,4.720
1992,SON,East Midlands,0.406,6.327
1993,SON,East Midlands,0.356,5.467
1994,SON,East Midlands,0.385,5.290
1995,SON,East Midlands,0.325,4.607
1996,SON,East Midlands,0.326,4.598
1997,SON,East Midlands,0.310,4.850
1998,SON,East Midlands,0.426,7.234
1999,SON,East Midlands,0.337,7.383
2000,SON,East Midlands,0.485,6.075
2001,SON,East Midlands,0.435,5.645
2002,SON,East Midlands,0.392,8.523
2003,SON,East Midlands,0.255,4.841
2004,SON,East Midlands,0.367,5.888
2005,SON,East Midlands,0.331,4.776
2006,SON,East Midlands,0.371,4.925
2007,SON,East Midlands,0.237,5.589
2008,SON,East Midlands,0.396,6.832
2009,SON,East Midlands,0.350,7.009
2010,SON,East Midlands,0.385,6.121
2011,SON,East Midlands,0.284,3.832
2012,SON,East Midlands,0.382,4.430
2013,SON,East Midlands,0.398,5.925
2014,SON,East Midlands,0.364,5.692
2015,SON,East Midlands,0.366,5.467
2016,SON,East Midlands,0.314,4.682
2017,SON,East Midlands,0.369,6.140
2018,SON,East Midlands,0.269,4.636
2019,SON,East Midlands,0.545,8.860
2020,SON,East Midlands,0.379,6.486
2021,SON,East Midlands,0.272,4.860
1892,SON,East of England,0.405,5.394
1893,SON,East of England,0.364,5.508
1894,SON,East of England,0.417,6.614
1895,SON,East of England,0.335,7.114
1896,SON,East of England,0.435,10.485
1897,SON,East of England,0.282,4.833
1898,SON,East of England,0.246,6.455
1899,SON,East of England,0.304,6.515
1900,SON,East of England,0.340,7.083
1901,SON,East of England,0.258,4.409
1902,SON,East of England,0.274,5.189
1903,SON,East of England,0.488,9.636
1904,SON,East of England,0.278,4.121
1905,SON,East of England,0.387,6.758
1906,SON,East of England,0.374,6.076
1907,SON,East of England,0.331,6.212
1908,SON,East of England,0.277,3.977
1909,SON,East of England,0.407,5.136
1910,SON,East of England,0.274,5.424
1911,SON,East of England,0.387,5.409
1912,SON,East of England,0.326,5.470
1913,SON,East of England,0.359,6.568
1914,SON,East of England,0.325,4.455
1915,SON,East of England,0.259,5.083
1916,SON,East of England,0.356,5.902
1917,SON,East of England,0.317,3.720
1918,SON,East of England,0.444,9.288
1919,SON,East of England,0.329,8.735
1920,SON,East of England,0.234,6.197
1921,SON,East of England,0.187,4.909
1922,SON,East of England,0.277,3.462
1923,SON,East of England,0.393,5.773
1924,SON,East of England,0.388,5.947
1925,SON,East of England,0.398,6.068
1926,SON,East of England,0.391,5.939
1927,SON,East of England,0.391,5.712
1928,SON,East of England,0.332,5.902
1929,SON,East of England,0.342,6.727
1930,SON,East of England,0.439,8.189
1931,SON,East of England,0.272,5.114
1932,SON,East of England,0.438,5.924
1933,SON,East of England,0.342,5.106
1934,SON,East of England,0.279,4.015
1935,SON,East of England,0.477,7.121
1936,SON,East of England,0.420,6.091
1937,SON,East of England,0.312,8.424
1938,SON,East of England,0.405,6.174
1939,SON,East of England,0.455,6.545
1940,SON,East of England,0.389,8.614
1941,SON,East of England,0.280,5.856
1942,SON,East of England,0.333,4.333
1943,SON,East of England,0.339,6.477
1944,SON,East of England,0.501,7.508
1945,SON,East of England,0.256,6.205
1946,SON,East of England,0.442,7.083
1947,SON,East of England,0.185,4.152
1948,SON,East of England,0.255,5.061
1949,SON,East of England,0.333,6.697
1950,SON,East of England,0.432,6.250
1951,SON,East of England,0.370,6.053
1952,SON,East of England,0.435,6.273
1953,SON,East of England,0.266,4.659
1954,SON,East of England,0.425,6.818
1955,SON,East of England,0.240,4.879
1956,SON,East of England,0.288,3.902
1957,SON,East of England,0.308,4.508
1958,SON,East of England,0.303,6.871
1959,SON,East of England,0.231,3.879
1960,SON,East of England,0.545,10.295
1961,SON,East of England,0.395,6.402
1962,SON,East of England,0.296,4.598
1963,SON,East of England,0.344,4.114
1964,SON,East of England,0.223,3.811
1965,SON,East of England,0.320,7.470
1966,SON,East of England,0.384,7.712
1967,SON,East of England,0.412,7.485
1968,SON,East of England,0.373,4.417
1969,SON,East of England,0.180,3.682
1970,SON,East of England,0.341,5.826
1971,SON,East of England,0.271,6.386
1972,SON,East of England,0.179,2.356
1973,SON,East of England,0.259,4.197
1974,SON,East of England,0.502,7.606
1975,SON,East of England,0.281,5.038
1976,SON,East of England,0.483,7.689
1977,SON,East of England,0.246,3.530
1978,SON,East of England,0.147,3.159
1979,SON,East of England,0.247,3.848
1980,SON,East of England,0.292,3.667
1981,SON,East of England,0.376,3.924
1982,SON,East of England,0.385,5.424
1983,SON,East of England,0.302,5.402
1984,SON,East of England,0.414,5.795
1985,SON,East of England,0.212,3.848
1986,SON,East of England,0.304,5.076
1987,SON,East of England,0.343,5.212
1988,SON,East of England,0.248,3.477
1989,SON,East of England,0.222,4.053
1990,SON,East of England,0.310,3.955
1991,SON,East of England,0.272,5.212
1992,SON,East of England,0.377,5.477
1993,SON,East of England,0.344,7.773
1994,SON,East of England,0.321,4.098
1995,SON,East of England,0.305,4.848
1996,SON,East of England,0.329,4.152
1997,SON,East of England,0.259,4.629
1998,SON,East of England,0.420,4.811
1999,SON,East of England,0.333,6.848
2000,SON,East of England,0.453,4.985
2001,SON,East of England,0.438,6.106
2002,SON,East of England,0.386,7.606
2003,SON,East of England,0.283,5.015
2004,SON,East of England,0.325,5.061
2005,SON,East of England,0.323,4.136
2006,SON,East of England,0.353,4.174
2007,SON,East of England,0.219,5.159
2008,SON,East of England,0.366,4.576
2009,SON,East of England,0.309,6.136
2010,SON,East of England,0.373,6.015
2011,SON,East of England,0.196,3.167
2012,SON,East of England,0.393,5.992
2013,SON,East of England,0.381,5.348
2014,SON,East of England,0.342,4.750
2015,SON,East of England,0.395,6.402
2016,SON,East of England,0.288,4.970
2017,SON,East of England,0.319,6.811
2018,SON,East of England,0.238,4.758
2019,SON,East of England,0.465,5.795
2020,SON,East of England,0.404,10.848
2021,SON,East of England,0.253,3.644
1892,SON,East Scotland,0.558,11.695
1893,SON,East Scotland,0.480,8.623
1894,SON,East Scotland,0.387,9.653
1895,SON,East Scotland,0.478,10.509
1896,SON,East Scotland,0.535,9.934
1897,SON,East Scotland,0.423,8.353
1898,SON,East Scotland,0.493,12.180
1899,SON,East Scotland,0.515,13.437
1900,SON,East Scotland,0.621,17.102
1901,SON,East Scotland,0.479,10.132
1902,SON,East Scotland,0.456,7.641
1903,SON,East Scotland,0.623,18.814
1904,SON,East Scotland,0.400,6.689
1905,SON,East Scotland,0.586,13.814
1906,SON,East Scotland,0.548,13.395
1907,SON,East Scotland,0.456,11.766
1908,SON,East Scotland,0.492,7.551
1909,SON,East Scotland,0.461,10.186
1910,SON,East Scotland,0.396,6.587
1911,SON,East Scotland,0.476,13.826
1912,SON,East Scotland,0.406,8.904
1913,SON,East Scotland,0.465,7.623
1914,SON,East Scotland,0.463,12.976
1915,SON,East Scotland,0.355,6.144
1916,SON,East Scotland,0.519,9.473
1917,SON,East Scotland,0.558,9.898
1918,SON,East Scotland,0.524,11.635
1919,SON,East Scotland,0.533,13.311
1920,SON,East Scotland,0.386,8.096
1921,SON,East Scotland,0.405,6.844
1922,SON,East Scotland,0.379,6.401
1923,SON,East Scotland,0.594,10.659
1924,SON,East Scotland,0.466,8.419
1925,SON,East Scotland,0.465,7.479
1926,SON,East Scotland,0.539,7.976
1927,SON,East Scotland,0.574,10.964
1928,SON,East Scotland,0.579,11.305
1929,SON,East Scotland,0.496,16.257
1930,SON,East Scotland,0.581,12.551
1931,SON,East Scotland,0.459,8.778
1932,SON,East Scotland,0.566,8.527
1933,SON,East Scotland,0.402,9.970
1934,SON,East Scotland,0.523,9.772
1935,SON,East Scotland,0.663,11.491
1936,SON,East Scotland,0.453,8.527
1937,SON,East Scotland,0.377,8.623
1938,SON,East Scotland,0.637,10.970
1939,SON,East Scotland,0.558,13.275
1940,SON,East Scotland,0.530,10.042
1941,SON,East Scotland,0.481,9.269
1942,SON,East Scotland,0.446,8.054
1943,SON,East Scotland,0.494,7.257
1944,SON,East Scotland,0.570,9.611
1945,SON,East Scotland,0.404,11.431
1946,SON,East Scotland,0.488,12.844
1947,SON,East Scotland,0.471,8.162
1948,SON,East Scotland,0.475,6.808
1949,SON,East Scotland,0.487,9.647
1950,SON,East Scotland,0.590,11.671
1951,SON,East Scotland,0.425,8.545
1952,SON,East Scotland,0.482,10.132
1953,SON,East Scotland,0.450,8.862
1954,SON,East Scotland,0.657,11.395
1955,SON,East Scotland,0.404,6.707
1956,SON,East Scotland,0.388,6.737
1957,SON,East Scotland,0.426,6.653
1958,SON,East Scotland,0.348,7.401
1959,SON,East Scotland,0.418,12.371
1960,SON,East Scotland,0.606,14.497
1961,SON,East Scotland,0.528,9.216
1962,SON,East Scotland,0.464,11.000
1963,SON,East Scotland,0.547,11.731
1964,SON,East Scotland,0.410,6.335
1965,SON,East Scotland,0.476,9.204
1966,SON,East Scotland,0.491,8.677
1967,SON,East Scotland,0.541,9.611
1968,SON,East Scotland,0.495,8.443
1969,SON,East Scotland,0.405,6.898
1970,SON,East Scotland,0.563,8.635
1971,SON,East Scotland,0.361,7.222
1972,SON,East Scotland,0.262,6.431
1973,SON,East Scotland,0.367,6.024
1974,SON,East Scotland,0.560,11.006
1975,SON,East Scotland,0.422,6.940
1976,SON,East Scotland,0.527,8.713
1977,SON,East Scotland,0.513,13.545
1978,SON,East Scotland,0.441,7.479
1979,SON,East Scotland,0.484,8.665
1980,SON,East Scotland,0.571,12.551
1981,SON,East Scotland,0.536,10.090
1982,SON,East Scotland,0.584,11.084
1983,SON,East Scotland,0.469,10.880
1984,SON,East Scotland,0.585,9.251
1985,SON,East Scotland,0.434,8.641
1986,SON,East Scotland,0.406,11.976
1987,SON,East Scotland,0.474,8.850
1988,SON,East Scotland,0.458,7.659
1989,SON,East Scotland,0.388,9.599
1990,SON,East Scotland,0.450,6.719
1991,SON,East Scotland,0.457,7.844
1992,SON,East Scotland,0.544,10.503
1993,SON,East Scotland,0.390,9.509
1994,SON,East Scotland,0.448,9.401
1995,SON,East Scotland,0.535,9.281
1996,SON,East Scotland,0.454,8.120
1997,SON,East Scotland,0.416,8.629
1998,SON,East Scotland,0.536,9.162
1999,SON,East Scotland,0.475,10.515
2000,SON,East Scotland,0.610,12.850
2001,SON,East Scotland,0.547,10.281
2002,SON,East Scotland,0.483,11.096
2003,SON,East Scotland,0.402,6.102
2004,SON,East Scotland,0.529,9.329
2005,SON,East Scotland,0.480,12.000
2006,SON,East Scotland,0.561,12.180
2007,SON,East Scotland,0.350,6.934
2008,SON,East Scotland,0.502,8.018
2009,SON,East Scotland,0.507,10.096
2010,SON,East Scotland,0.570,10.988
2011,SON,East Scotland,0.573,10.359
2012,SON,East Scotland,0.490,8.832
2013,SON,East Scotland,0.435,7.222
2014,SON,East Scotland,0.489,10.329
2015,SON,East Scotland,0.438,12.587
2016,SON,East Scotland,0.414,8.072
2017,SON,East Scotland,0.539,8.515
2018,SON,East Scotland,0.541,10.389
2019,SON,East Scotland,0.512,8.257
2020,SON,East Scotland,0.519,10.042
2021,SON,East Scotland,0.515,8.293
1892,SON,London,0.358,4.167
1893,SON,London,0.361,4.500
1894,SON,London,0.390,7.667
1895,SON,London,0.316,6.833
1896,SON,London,0.443,6.750
1897,SON,London,0.217,2.500
1898,SON,London,0.255,7.167
1899,SON,London,0.273,5.333
1900,SON,London,0.295,6.250
1901,SON,London,0.239,4.500
1902,SON,London,0.268,4.167
1903,SON,London,0.411,7.667
1904,SON,London,0.297,4.333
1905,SON,London,0.344,9.000
1906,SON,London,0.368,6.500
1907,SON,London,0.365,5.917
1908,SON,London,0.231,3.000
1909,SON,London,0.419,4.583
1910,SON,London,0.248,5.000
1911,SON,London,0.342,4.333
1912,SON,London,0.265,5.167
1913,SON,London,0.353,5.250
1914,SON,London,0.302,4.833
1915,SON,London,0.212,9.000
1916,SON,London,0.375,8.000
1917,SON,London,0.342,3.250
1918,SON,London,0.435,8.583
1919,SON,London,0.269,8.917
1920,SON,London,0.266,6.333
1921,SON,London,0.179,4.250
1922,SON,London,0.233,3.250
1923,SON,London,0.404,6.833
1924,SON,London,0.439,7.750
1925,SON,London,0.378,7.083
1926,SON,London,0.418,7.250
1927,SON,London,0.321,4.333
1928,SON,London,0.351,9.167
1929,SON,London,0.316,8.667
1930,SON,London,0.436,8.500
1931,SON,London,0.245,6.000
1932,SON,London,0.429,8.583
1933,SON,London,0.299,5.083
1934,SON,London,0.259,3.583
1935,SON,London,0.471,7.917
1936,SON,London,0.372,5.083
1937,SON,London,0.286,6.083
1938,SON,London,0.392,5.417
1939,SON,London,0.455,7.250
1940,SON,London,0.393,7.833
1941,SON,London,0.225,4.833
1942,SON,London,0.292,4.417
1943,SON,London,0.329,8.000
1944,SON,London,0.483,8.750
1945,SON,London,0.236,5.917
1946,SON,London,0.429,5.917
1947,SON,London,0.137,3.000
1948,SON,London,0.245,5.167
1949,SON,London,0.339,6.500
1950,SON,London,0.396,5.500
1951,SON,London,0.392,8.750
1952,SON,London,0.384,5.083
1953,SON,London,0.288,4.583
1954,SON,London,0.393,8.167
1955,SON,London,0.233,4.417
1956,SON,London,0.246,3.750
1957,SON,London,0.288,5.167
1958,SON,London,0.346,6.333
1959,SON,London,0.235,3.583
1960,SON,London,0.593,16.417
1961,SON,London,0.360,5.750
1962,SON,London,0.332,5.167
1963,SON,London,0.397,5.500
1964,SON,London,0.231,5.167
1965,SON,London,0.336,4.917
1966,SON,London,0.314,6.333
1967,SON,London,0.401,10.583
1968,SON,London,0.389,5.083
1969,SON,London,0.190,4.583
1970,SON,London,0.340,6.750
1971,SON,London,0.201,3.333
1972,SON,London,0.184,2.750
1973,SON,London,0.200,2.083
1974,SON,London,0.483,9.333
1975,SON,London,0.293,6.417
1976,SON,London,0.512,11.333
1977,SON,London,0.275,4.000
1978,SON,London,0.110,2.167
1979,SON,London,0.282,4.833
1980,SON,London,0.275,3.167
1981,SON,London,0.431,4.500
1982,SON,London,0.425,5.583
1983,SON,London,0.283,4.917
1984,SON,London,0.444,4.917
1985,SON,London,0.170,3.000
1986,SON,London,0.311,5.667
1987,SON,London,0.325,4.750
1988,SON,London,0.238,3.083
1989,SON,London,0.229,4.750
1990,SON,London,0.279,3.917
1991,SON,London,0.239,5.083
1992,SON,London,0.409,5.833
1993,SON,London,0.344,12.500
1994,SON,London,0.337,4.500
1995,SON,London,0.310,5.000
1996,SON,London,0.339,4.250
1997,SON,London,0.263,4.833
1998,SON,London,0.425,7.417
1999,SON,London,0.337,8.167
2000,SON,London,0.500,5.000
2001,SON,London,0.440,8.000
2002,SON,London,0.397,8.667
2003,SON,London,0.266,5.750
2004,SON,London,0.330,5.833
2005,SON,London,0.329,4.417
2006,SON,London,0.405,6.917
2007,SON,London,0.185,4.000
2008,SON,London,0.323,4.000
2009,SON,London,0.336,8.250
2010,SON,London,0.346,6.667
2011,SON,London,0.212,3.917
2012,SON,London,0.395,6.667
2013,SON,London,0.389,4.917
2014,SON,London,0.376,6.917
2015,SON,London,0.350,5.750
2016,SON,London,0.251,3.250
2017,SON,London,0.310,4.417
2018,SON,London,0.256,5.083
2019,SON,London,0.447,7.167
2020,SON,London,0.365,7.000
2021,SON,London,0.234,4.167
1892,SON,North East England,0.518,8.532
1893,SON,North East England,0.446,8.548
1894,SON,North East England,0.420,8.419
1895,SON,North East England,0.452,7.758
1896,SON,North East England,0.566,10.435
1897,SON,North East England,0.337,5.887
1898,SON,North East England,0.398,10.548
1899,SON,North East England,0.397,7.258
1900,SON,North East England,0.550,13.500
1901,SON,North East England,0.389,6.161
1902,SON,North East England,0.428,7.145
1903,SON,North East England,0.579,13.210
1904,SON,North East England,0.246,4.903
1905,SON,North East England,0.530,7.968
1906,SON,North East England,0.436,10.500
1907,SON,North East England,0.383,8.565
1908,SON,North East England,0.382,4.839
1909,SON,North East England,0.400,7.968
1910,SON,North East England,0.392,5.710
1911,SON,North East England,0.481,10.887
1912,SON,North East England,0.397,8.065
1913,SON,North East England,0.432,7.161
1914,SON,North East England,0.456,11.984
1915,SON,North East England,0.312,4.710
1916,SON,North East England,0.474,9.371
1917,SON,North East England,0.420,8.161
1918,SON,North East England,0.527,13.097
1919,SON,North East England,0.505,15.177
1920,SON,North East England,0.296,7.032
1921,SON,North East England,0.285,5.903
1922,SON,North East England,0.416,6.903
1923,SON,North East England,0.541,8.065
1924,SON,North East England,0.432,8.016
1925,SON,North East England,0.465,8.758
1926,SON,North East England,0.525,8.323
1927,SON,North East England,0.519,7.774
1928,SON,North East England,0.497,8.661
1929,SON,North East England,0.420,11.032
1930,SON,North East England,0.523,7.661
1931,SON,North East England,0.385,5.532
1932,SON,North East England,0.527,8.113
1933,SON,North East England,0.410,8.677
1934,SON,North East England,0.463,8.242
1935,SON,North East England,0.609,8.532
1936,SON,North East England,0.410,7.048
1937,SON,North East England,0.320,12.984
1938,SON,North East England,0.538,9.645
1939,SON,North East England,0.442,8.887
1940,SON,North East England,0.459,6.194
1941,SON,North East England,0.387,7.048
1942,SON,North East England,0.360,5.419
1943,SON,North East England,0.443,6.290
1944,SON,North East England,0.595,11.081
1945,SON,North East England,0.354,9.903
1946,SON,North East England,0.487,12.323
1947,SON,North East England,0.350,5.065
1948,SON,North East England,0.402,5.871
1949,SON,North East England,0.413,7.484
1950,SON,North East England,0.535,7.952
1951,SON,North East England,0.387,7.887
1952,SON,North East England,0.514,8.355
1953,SON,North East England,0.344,6.419
1954,SON,North East England,0.614,8.839
1955,SON,North East England,0.345,5.806
1956,SON,North East England,0.312,4.065
1957,SON,North East England,0.399,6.081
1958,SON,North East England,0.354,7.306
1959,SON,North East England,0.349,9.097
1960,SON,North East England,0.609,11.935
1961,SON,North East England,0.472,7.387
1962,SON,North East England,0.373,6.242
1963,SON,North East England,0.510,9.065
1964,SON,North East England,0.311,5.210
1965,SON,North East England,0.461,10.984
1966,SON,North East England,0.440,6.565
1967,SON,North East England,0.475,7.129
1968,SON,North East England,0.474,8.048
1969,SON,North East England,0.364,6.113
1970,SON,North East England,0.454,8.161
1971,SON,North East England,0.290,6.726
1972,SON,North East England,0.253,4.935
1973,SON,North East England,0.282,4.968
1974,SON,North East England,0.533,6.226
1975,SON,North East England,0.387,6.161
1976,SON,North East England,0.506,8.548
1977,SON,North East England,0.413,8.984
1978,SON,North East England,0.360,6.629
1979,SON,North East England,0.390,5.097
1980,SON,North East England,0.513,9.161
1981,SON,North East England,0.463,13.419
1982,SON,North East England,0.520,11.742
1983,SON,North East England,0.379,8.435
1984,SON,North East England,0.522,6.113
1985,SON,North East England,0.387,6.306
1986,SON,North East England,0.331,7.726
1987,SON,North East England,0.452,8.306
1988,SON,North East England,0.387,5.968
1989,SON,North East England,0.306,7.548
1990,SON,North East England,0.423,6.387
1991,SON,North East England,0.395,6.790
1992,SON,North East England,0.518,7.177
1993,SON,North East England,0.385,6.855
1994,SON,North East England,0.426,8.210
1995,SON,North East England,0.421,7.855
1996,SON,North East England,0.407,5.597
1997,SON,North East England,0.361,6.161
1998,SON,North East England,0.500,9.081
1999,SON,North East England,0.375,9.968
2000,SON,North East England,0.563,7.903
2001,SON,North East England,0.471,7.887
2002,SON,North East England,0.413,8.887
2003,SON,North East England,0.366,5.339
2004,SON,North East England,0.453,7.694
2005,SON,North East England,0.412,10.565
2006,SON,North East England,0.500,9.065
2007,SON,North East England,0.308,6.177
2008,SON,North East England,0.446,6.435
2009,SON,North East England,0.454,8.645
2010,SON,North East England,0.566,11.952
2011,SON,North East England,0.424,6.548
2012,SON,North East England,0.469,8.823
2013,SON,North East England,0.419,7.952
2014,SON,North East England,0.403,5.677
2015,SON,North East England,0.420,9.516
2016,SON,North East England,0.419,7.355
2017,SON,North East England,0.449,8.048
2018,SON,North East England,0.402,8.306
2019,SON,North East England,0.548,9.387
2020,SON,North East England,0.443,7.548
2021,SON,North East England,0.394,7.113
1892,SON,North Scotland,0.708,21.167
1893,SON,North Scotland,0.761,22.647
1894,SON,North Scotland,0.506,18.721
1895,SON,North Scotland,0.609,14.884
1896,SON,North Scotland,0.651,15.981
1897,SON,North Scotland,0.603,18.219
1898,SON,North Scotland,0.621,30.963
1899,SON,North Scotland,0.763,24.251
1900,SON,North Scotland,0.704,16.488
1901,SON,North Scotland,0.595,15.037
1902,SON,North Scotland,0.569,9.633
1903,SON,North Scotland,0.733,22.186
1904,SON,North Scotland,0.628,14.451
1905,SON,North Scotland,0.736,22.991
1906,SON,North Scotland,0.635,23.591
1907,SON,North Scotland,0.566,11.814
1908,SON,North Scotland,0.567,14.251
1909,SON,North Scotland,0.621,16.009
1910,SON,North Scotland,0.522,9.772
1911,SON,North Scotland,0.613,17.219
1912,SON,North Scotland,0.600,14.851
1913,SON,North Scotland,0.579,15.014
1914,SON,North Scotland,0.578,16.600
1915,SON,North Scotland,0.481,11.944
1916,SON,North Scotland,0.609,13.647
1917,SON,North Scotland,0.824,20.614
1918,SON,North Scotland,0.684,23.047
1919,SON,North Scotland,0.713,16.623
1920,SON,North Scotland,0.510,12.935
1921,SON,North Scotland,0.609,12.726
1922,SON,North Scotland,0.557,11.730
1923,SON,North Scotland,0.819,29.112
1924,SON,North Scotland,0.548,13.070
1925,SON,North Scotland,0.659,12.288
1926,SON,North Scotland,0.693,17.740
1927,SON,North Scotland,0.714,23.316
1928,SON,North Scotland,0.678,21.270
1929,SON,North Scotland,0.769,32.767
1930,SON,North Scotland,0.716,19.795
1931,SON,North Scotland,0.588,13.353
1932,SON,North Scotland,0.733,20.498
1933,SON,North Scotland,0.486,13.195
1934,SON,North Scotland,0.676,18.116
1935,SON,North Scotland,0.731,19.372
1936,SON,North Scotland,0.559,20.893
1937,SON,North Scotland,0.515,6.660
1938,SON,North Scotland,0.741,17.344
1939,SON,North Scotland,0.587,23.121
1940,SON,North Scotland,0.672,16.307
1941,SON,North Scotland,0.566,10.144
1942,SON,North Scotland,0.680,18.395
1943,SON,North Scotland,0.693,14.926
1944,SON,North Scotland,0.721,18.921
1945,SON,North Scotland,0.419,9.702
1946,SON,North Scotland,0.526,14.079
1947,SON,North Scotland,0.690,15.405
1948,SON,North Scotland,0.663,13.321
1949,SON,North Scotland,0.596,19.474
1950,SON,North Scotland,0.730,27.553
1951,SON,North Scotland,0.560,20.023
1952,SON,North Scotland,0.651,16.553
1953,SON,North Scotland,0.612,16.470
1954,SON,North Scotland,0.805,22.484
1955,SON,North Scotland,0.625,11.451
1956,SON,North Scotland,0.571,16.386
1957,SON,North Scotland,0.651,17.860
1958,SON,North Scotland,0.484,10.074
1959,SON,North Scotland,0.519,14.358
1960,SON,North Scotland,0.566,9.065
1961,SON,North Scotland,0.676,19.056
1962,SON,North Scotland,0.576,11.981
1963,SON,North Scotland,0.648,15.260
1964,SON,North Scotland,0.581,16.772
1965,SON,North Scotland,0.556,15.358
1966,SON,North Scotland,0.650,17.242
1967,SON,North Scotland,0.680,20.637
1968,SON,North Scotland,0.482,10.181
1969,SON,North Scotland,0.647,17.302
1970,SON,North Scotland,0.727,16.609
1971,SON,North Scotland,0.604,15.126
1972,SON,North Scotland,0.475,13.930
1973,SON,North Scotland,0.612,13.856
1974,SON,North Scotland,0.771,37.209
1975,SON,North Scotland,0.574,15.935
1976,SON,North Scotland,0.557,10.028
1977,SON,North Scotland,0.639,25.721
1978,SON,North Scotland,0.734,17.005
1979,SON,North Scotland,0.653,18.321
1980,SON,North Scotland,0.731,17.433
1981,SON,North Scotland,0.761,20.926
1982,SON,North Scotland,0.748,19.600
1983,SON,North Scotland,0.676,16.865
1984,SON,North Scotland,0.754,15.051
1985,SON,North Scotland,0.583,11.307
1986,SON,North Scotland,0.708,28.140
1987,SON,North Scotland,0.614,15.298
1988,SON,North Scotland,0.571,9.902
1989,SON,North Scotland,0.530,18.000
1990,SON,North Scotland,0.573,12.767
1991,SON,North Scotland,0.626,16.042
1992,SON,North Scotland,0.695,15.907
1993,SON,North Scotland,0.419,14.763
1994,SON,North Scotland,0.594,12.572
1995,SON,North Scotland,0.639,11.935
1996,SON,North Scotland,0.621,20.447
1997,SON,North Scotland,0.502,10.870
1998,SON,North Scotland,0.627,22.805
1999,SON,North Scotland,0.622,18.302
2000,SON,North Scotland,0.735,19.702
2001,SON,North Scotland,0.683,15.330
2002,SON,North Scotland,0.511,12.735
2003,SON,North Scotland,0.571,10.116
2004,SON,North Scotland,0.695,15.847
2005,SON,North Scotland,0.590,14.009
2006,SON,North Scotland,0.665,24.995
2007,SON,North Scotland,0.593,13.567
2008,SON,North Scotland,0.688,17.958
2009,SON,North Scotland,0.647,14.581
2010,SON,North Scotland,0.580,12.549
2011,SON,North Scotland,0.658,21.660
2012,SON,North Scotland,0.671,14.949
2013,SON,North Scotland,0.633,15.921
2014,SON,North Scotland,0.522,16.047
2015,SON,North Scotland,0.500,22.098
2016,SON,North Scotland,0.509,9.995
2017,SON,North Scotland,0.761,23.205
2018,SON,North Scotland,0.674,19.237
2019,SON,North Scotland,0.577,9.223
2020,SON,North Scotland,0.668,14.698
2021,SON,North Scotland,0.679,11.949
1892,SON,North West England,0.606,12.781
1893,SON,North West England,0.528,12.521
1894,SON,North West England,0.365,10.906
1895,SON,North West England,0.459,10.062
1896,SON,North West England,0.540,18.479
1897,SON,North West England,0.401,6.302
1898,SON,North West England,0.437,12.771
1899,SON,North West England,0.448,12.906
1900,SON,North West England,0.561,12.552
1901,SON,North West England,0.410,6.552
1902,SON,North West England,0.470,8.125
1903,SON,North West England,0.702,20.094
1904,SON,North West England,0.342,6.406
1905,SON,North West England,0.492,8.844
1906,SON,North West England,0.522,11.479
1907,SON,North West England,0.449,12.990
1908,SON,North West England,0.420,6.135
1909,SON,North West England,0.465,11.188
1910,SON,North West England,0.347,6.333
1911,SON,North West England,0.449,9.990
1912,SON,North West England,0.401,6.021
1913,SON,North West England,0.482,12.333
1914,SON,North West England,0.424,13.698
1915,SON,North West England,0.226,4.646
1916,SON,North West England,0.576,15.552
1917,SON,North West England,0.581,10.542
1918,SON,North West England,0.625,20.677
1919,SON,North West England,0.418,8.812
1920,SON,North West England,0.342,6.823
1921,SON,North West England,0.345,5.542
1922,SON,North West England,0.368,8.375
1923,SON,North West England,0.672,13.271
1924,SON,North West England,0.526,11.156
1925,SON,North West England,0.513,11.865
1926,SON,North West England,0.542,12.365
1927,SON,North West England,0.557,11.760
1928,SON,North West England,0.575,14.208
1929,SON,North West England,0.569,18.073
1930,SON,North West England,0.610,12.615
1931,SON,North West England,0.461,7.917
1932,SON,North West England,0.580,10.521
1933,SON,North West England,0.326,6.750
1934,SON,North West England,0.538,11.552
1935,SON,North West England,0.692,9.865
1936,SON,North West England,0.498,10.625
1937,SON,North West England,0.335,8.604
1938,SON,North West England,0.621,13.531
1939,SON,North West England,0.409,10.677
1940,SON,North West England,0.498,9.021
1941,SON,North West England,0.371,5.667
1942,SON,North West England,0.458,8.927
1943,SON,North West England,0.546,8.104
1944,SON,North West England,0.647,12.979
1945,SON,North West England,0.314,10.115
1946,SON,North West England,0.512,17.667
1947,SON,North West England,0.414,8.469
1948,SON,North West England,0.494,8.802
1949,SON,North West England,0.472,11.750
1950,SON,North West England,0.599,12.531
1951,SON,North West England,0.466,11.729
1952,SON,North West England,0.459,11.604
1953,SON,North West England,0.442,11.833
1954,SON,North West England,0.750,15.583
1955,SON,North West England,0.410,6.271
1956,SON,North West England,0.385,6.552
1957,SON,North West England,0.463,13.875
1958,SON,North West England,0.452,11.719
1959,SON,North West England,0.397,9.969
1960,SON,North West England,0.609,9.990
1961,SON,North West England,0.542,11.604
1962,SON,North West England,0.381,7.427
1963,SON,North West England,0.591,14.896
1964,SON,North West England,0.415,7.865
1965,SON,North West England,0.423,7.406
1966,SON,North West England,0.495,8.708
1967,SON,North West England,0.642,11.677
1968,SON,North West England,0.473,8.667
1969,SON,North West England,0.447,7.167
1970,SON,North West England,0.608,11.542
1971,SON,North West England,0.350,6.083
1972,SON,North West England,0.371,9.531
1973,SON,North West England,0.402,7.646
1974,SON,North West England,0.612,9.750
1975,SON,North West England,0.453,7.354
1976,SON,North West England,0.557,8.573
1977,SON,North West England,0.512,13.104
1978,SON,North West England,0.436,8.896
1979,SON,North West England,0.540,10.917
1980,SON,North West England,0.585,11.865
1981,SON,North West England,0.621,16.604
1982,SON,North West England,0.580,16.552
1983,SON,North West England,0.437,12.562
1984,SON,North West England,0.621,10.750
1985,SON,North West England,0.398,8.698
1986,SON,North West England,0.440,13.760
1987,SON,North West England,0.528,9.865
1988,SON,North West England,0.398,6.271
1989,SON,North West England,0.410,12.219
1990,SON,North West England,0.475,9.219
1991,SON,North West England,0.440,8.781
1992,SON,North West England,0.605,11.708
1993,SON,North West England,0.350,7.406
1994,SON,North West England,0.531,11.979
1995,SON,North West England,0.422,7.396
1996,SON,North West England,0.487,9.042
1997,SON,North West England,0.444,8.396
1998,SON,North West England,0.557,17.229
1999,SON,North West England,0.472,15.750
2000,SON,North West England,0.760,21.927
2001,SON,North West England,0.581,11.073
2002,SON,North West England,0.452,12.521
2003,SON,North West England,0.411,6.875
2004,SON,North West England,0.550,9.323
2005,SON,North West England,0.514,16.219
2006,SON,North West England,0.581,14.073
2007,SON,North West England,0.394,11.510
2008,SON,North West England,0.517,7.521
2009,SON,North West England,0.523,12.760
2010,SON,North West England,0.515,8.969
2011,SON,North West England,0.518,14.135
2012,SON,North West England,0.577,9.896
2013,SON,North West England,0.522,11.312
2014,SON,North West England,0.425,8.531
2015,SON,North West England,0.451,13.844
2016,SON,North West England,0.393,6.542
2017,SON,North West England,0.581,9.021
2018,SON,North West England,0.438,9.031
2019,SON,North West England,0.571,10.854
2020,SON,North West England,0.550,13.094
2021,SON,North West England,0.488,10.594
1892,SON,South East England,0.408,6.279
1893,SON,South East England,0.406,6.938
1894,SON,South East England,0.424,11.186
1895,SON,South East England,0.376,9.124
1896,SON,South East England,0.477,7.581
1897,SON,South East England,0.264,3.636
1898,SON,South East England,0.273,7.605
1899,SON,South East England,0.321,7.426
1900,SON,South East England,0.356,6.868
1901,SON,South East England,0.259,4.217
1902,SON,South East England,0.307,5.581
1903,SON,South East England,0.481,7.566
1904,SON,South East England,0.270,3.744
1905,SON,South East England,0.375,8.333
1906,SON,South East England,0.395,6.450
1907,SON,South East England,0.391,9.271
1908,SON,South East England,0.313,4.705
1909,SON,South East England,0.460,7.271
1910,SON,South East England,0.297,5.612
1911,SON,South East England,0.397,5.930
1912,SON,South East England,0.289,5.845
1913,SON,South East England,0.423,7.357
1914,SON,South East England,0.357,9.054
1915,SON,South East England,0.248,8.326
1916,SON,South East England,0.446,13.163
1917,SON,South East England,0.357,5.000
1918,SON,South East England,0.484,10.109
1919,SON,South East England,0.308,9.178
1920,SON,South East England,0.276,7.287
1921,SON,South East England,0.195,4.930
1922,SON,South East England,0.271,3.806
1923,SON,South East England,0.421,7.938
1924,SON,South East England,0.458,7.628
1925,SON,South East England,0.361,7.256
1926,SON,South East England,0.441,9.597
1927,SON,South East England,0.375,4.884
1928,SON,South East England,0.416,10.512
1929,SON,South East England,0.364,8.783
1930,SON,South East England,0.449,10.295
1931,SON,South East England,0.272,7.124
1932,SON,South East England,0.453,9.450
1933,SON,South East England,0.321,5.217
1934,SON,South East England,0.300,4.357
1935,SON,South East England,0.543,10.481
1936,SON,South East England,0.402,6.264
1937,SON,South East England,0.312,9.271
1938,SON,South East England,0.442,8.217
1939,SON,South East England,0.466,9.016
1940,SON,South East England,0.432,7.333
1941,SON,South East England,0.270,4.969
1942,SON,South East England,0.324,5.302
1943,SON,South East England,0.363,7.279
1944,SON,South East England,0.484,9.674
1945,SON,South East England,0.265,7.783
1946,SON,South East England,0.434,7.814
1947,SON,South East England,0.197,3.690
1948,SON,South East England,0.262,5.853
1949,SON,South East England,0.392,9.705
1950,SON,South East England,0.421,5.364
1951,SON,South East England,0.423,13.667
1952,SON,South East England,0.422,6.326
1953,SON,South East England,0.317,5.969
1954,SON,South East England,0.485,10.171
1955,SON,South East England,0.277,5.860
1956,SON,South East England,0.282,4.209
1957,SON,South East England,0.317,5.760
1958,SON,South East England,0.373,8.977
1959,SON,South East England,0.287,5.023
1960,SON,South East England,0.626,16.008
1961,SON,South East England,0.402,6.930
1962,SON,South East England,0.329,6.364
1963,SON,South East England,0.445,8.372
1964,SON,South East England,0.246,6.233
1965,SON,South East England,0.338,4.938
1966,SON,South East England,0.374,7.295
1967,SON,South East England,0.433,9.798
1968,SON,South East England,0.394,5.357
1969,SON,South East England,0.230,8.279
1970,SON,South East England,0.370,7.295
1971,SON,South East England,0.216,4.186
1972,SON,South East England,0.227,6.271
1973,SON,South East England,0.231,3.054
1974,SON,South East England,0.541,11.628
1975,SON,South East England,0.334,6.775
1976,SON,South East England,0.552,12.690
1977,SON,South East England,0.315,4.651
1978,SON,South East England,0.134,2.403
1979,SON,South East England,0.303,6.457
1980,SON,South East England,0.324,3.922
1981,SON,South East England,0.444,5.450
1982,SON,South East England,0.462,8.891
1983,SON,South East England,0.289,5.791
1984,SON,South East England,0.455,5.659
1985,SON,South East England,0.193,6.302
1986,SON,South East England,0.338,6.550
1987,SON,South East England,0.396,8.806
1988,SON,South East England,0.255,3.442
1989,SON,South East England,0.263,5.016
1990,SON,South East England,0.288,4.535
1991,SON,South East England,0.292,4.822
1992,SON,South East England,0.445,7.318
1993,SON,South East England,0.363,13.798
1994,SON,South East England,0.370,6.155
1995,SON,South East England,0.351,4.977
1996,SON,South East England,0.366,5.186
1997,SON,South East England,0.315,7.357
1998,SON,South East England,0.446,6.969
1999,SON,South East England,0.368,9.822
2000,SON,South East England,0.539,8.054
2001,SON,South East England,0.417,7.101
2002,SON,South East England,0.415,9.023
2003,SON,South East England,0.282,5.256
2004,SON,South East England,0.373,5.767
2005,SON,South East England,0.331,5.450
2006,SON,South East England,0.412,6.977
2007,SON,South East England,0.209,4.705
2008,SON,South East England,0.384,5.023
2009,SON,South East England,0.400,11.674
2010,SON,South East England,0.344,7.535
2011,SON,South East England,0.260,4.527
2012,SON,South East England,0.420,6.496
2013,SON,South East England,0.409,6.907
2014,SON,South East England,0.414,8.961
2015,SON,South East England,0.379,5.977
2016,SON,South East England,0.271,3.659
2017,SON,South East England,0.325,5.969
2018,SON,South East England,0.281,8.248
2019,SON,South East England,0.508,9.047
2020,SON,South East England,0.388,8.651
2021,SON,South East England,0.247,4.473
1892,SON,South West England,0.443,5.579
1893,SON,South West England,0.426,8.723
1894,SON,South West England,0.413,14.497
1895,SON,South West England,0.425,11.101
1896,SON,South West England,0.478,11.541
1897,SON,South West England,0.305,4.006
1898,SON,South West England,0.373,9.610
1899,SON,South West England,0.344,7.409
1900,SON,South West England,0.432,9.069
1901,SON,South West England,0.347,5.264
1902,SON,South West England,0.433,7.673
1903,SON,South West England,0.592,14.667
1904,SON,South West England,0.306,6.780
1905,SON,South West England,0.399,7.623
1906,SON,South West England,0.432,7.742
1907,SON,South West England,0.475,13.830
1908,SON,South West England,0.370,5.138
1909,SON,South West England,0.477,10.786
1910,SON,South West England,0.395,13.057
1911,SON,South West England,0.465,13.013
1912,SON,South West England,0.310,9.377
1913,SON,South West England,0.495,7.962
1914,SON,South West England,0.421,13.094
1915,SON,South West England,0.332,12.189
1916,SON,South West England,0.520,15.547
1917,SON,South West England,0.486,11.296
1918,SON,South West England,0.590,14.377
1919,SON,South West England,0.361,8.025
1920,SON,South West England,0.337,7.182
1921,SON,South West England,0.293,5.547
1922,SON,South West England,0.280,6.138
1923,SON,South West England,0.535,10.818
1924,SON,South West England,0.507,9.491
1925,SON,South West England,0.393,9.874
1926,SON,South West England,0.520,12.057
1927,SON,South West England,0.497,8.233
1928,SON,South West England,0.504,11.962
1929,SON,South West England,0.430,19.830
1930,SON,South West England,0.607,12.654
1931,SON,South West England,0.371,7.843
1932,SON,South West England,0.532,9.220
1933,SON,South West England,0.348,5.874
1934,SON,South West England,0.434,7.679
1935,SON,South West England,0.669,13.893
1936,SON,South West England,0.443,9.862
1937,SON,South West England,0.359,8.912
1938,SON,South West England,0.537,14.113
1939,SON,South West England,0.462,10.730
1940,SON,South West England,0.491,9.610
1941,SON,South West England,0.324,6.189
1942,SON,South West England,0.384,6.918
1943,SON,South West England,0.485,8.113
1944,SON,South West England,0.541,12.503
1945,SON,South West England,0.306,8.151
1946,SON,South West England,0.484,14.189
1947,SON,South West England,0.309,4.434
1948,SON,South West England,0.352,7.629
1949,SON,South West England,0.471,12.535
1950,SON,South West England,0.563,11.296
1951,SON,South West England,0.469,13.050
1952,SON,South West England,0.495,8.704
1953,SON,South West England,0.377,7.107
1954,SON,South West England,0.612,11.881
1955,SON,South West England,0.306,7.516
1956,SON,South West England,0.355,6.421
1957,SON,South West England,0.367,6.484
1958,SON,South West England,0.419,10.623
1959,SON,South West England,0.372,9.063
1960,SON,South West England,0.654,17.522
1961,SON,South West England,0.461,10.874
1962,SON,South West England,0.368,7.044
1963,SON,South West England,0.520,12.541
1964,SON,South West England,0.317,7.239
1965,SON,South West England,0.414,8.384
1966,SON,South West England,0.408,7.962
1967,SON,South West England,0.576,11.811
1968,SON,South West England,0.459,6.283
1969,SON,South West England,0.322,12.113
1970,SON,South West England,0.464,10.780
1971,SON,South West England,0.288,5.654
1972,SON,South West England,0.292,12.132
1973,SON,South West England,0.346,4.969
1974,SON,South West England,0.614,9.516
1975,SON,South West England,0.364,7.403
1976,SON,South West England,0.588,13.874
1977,SON,South West England,0.413,8.239
1978,SON,South West England,0.223,4.277
1979,SON,South West England,0.401,8.000
1980,SON,South West England,0.449,6.245
1981,SON,South West England,0.540,8.541
1982,SON,South West England,0.553,10.585
1983,SON,South West England,0.383,7.679
1984,SON,South West England,0.564,8.459
1985,SON,South West England,0.251,9.623
1986,SON,South West England,0.381,10.830
1987,SON,South West England,0.482,10.969
1988,SON,South West England,0.323,6.799
1989,SON,South West England,0.348,7.629
1990,SON,South West England,0.397,8.421
1991,SON,South West England,0.407,7.226
1992,SON,South West England,0.550,14.516
1993,SON,South West England,0.384,9.868
1994,SON,South West England,0.467,10.164
1995,SON,South West England,0.423,7.258
1996,SON,South West England,0.464,8.377
1997,SON,South West England,0.398,9.969
1998,SON,South West England,0.545,11.170
1999,SON,South West England,0.426,13.377
2000,SON,South West England,0.653,15.069
2001,SON,South West England,0.428,7.126
2002,SON,South West England,0.488,10.673
2003,SON,South West England,0.338,5.736
2004,SON,South West England,0.462,7.214
2005,SON,South West England,0.432,9.327
2006,SON,South West England,0.481,10.912
2007,SON,South West England,0.264,8.327
2008,SON,South West England,0.441,6.547
2009,SON,South West England,0.464,10.717
2010,SON,South West England,0.403,9.396
2011,SON,South West England,0.405,7.774
2012,SON,South West England,0.475,8.528
2013,SON,South West England,0.505,11.314
2014,SON,South West England,0.440,10.044
2015,SON,South West England,0.438,10.270
2016,SON,South West England,0.347,6.981
2017,SON,South West England,0.461,9.113
2018,SON,South West England,0.354,9.371
2019,SON,South West England,0.598,11.780
2020,SON,South West England,0.485,11.604
2021,SON,South West England,0.335,6.428
1892,SON,West Midlands,0.424,5.385
1893,SON,West Midlands,0.340,5.835
1894,SON,West Midlands,0.333,9.615
1895,SON,West Midlands,0.381,8.000
1896,SON,West Midlands,0.466,9.154
1897,SON,West Midlands,0.306,3.791
1898,SON,West Midlands,0.277,6.495
1899,SON,West Midlands,0.335,6.912
1900,SON,West Midlands,0.446,9.044
1901,SON,West Midlands,0.313,5.396
1902,SON,West Midlands,0.369,7.374
1903,SON,West Midlands,0.564,12.341
1904,SON,West Midlands,0.244,4.725
1905,SON,West Midlands,0.365,5.407
1906,SON,West Midlands,0.408,6.890
1907,SON,West Midlands,0.398,8.198
1908,SON,West Midlands,0.341,4.440
1909,SON,West Midlands,0.453,8.901
1910,SON,West Midlands,0.336,7.549
1911,SON,West Midlands,0.388,6.165
1912,SON,West Midlands,0.258,4.857
1913,SON,West Midlands,0.427,6.901
1914,SON,West Midlands,0.366,8.780
1915,SON,West Midlands,0.239,6.297
1916,SON,West Midlands,0.450,15.505
1917,SON,West Midlands,0.394,7.615
1918,SON,West Midlands,0.488,12.956
1919,SON,West Midlands,0.321,6.473
1920,SON,West Midlands,0.297,6.846
1921,SON,West Midlands,0.231,5.033
1922,SON,West Midlands,0.249,4.187
1923,SON,West Midlands,0.444,8.945
1924,SON,West Midlands,0.440,7.736
1925,SON,West Midlands,0.371,7.396
1926,SON,West Midlands,0.442,9.725
1927,SON,West Midlands,0.410,6.659
1928,SON,West Midlands,0.458,9.440
1929,SON,West Midlands,0.387,9.264
1930,SON,West Midlands,0.481,8.176
1931,SON,West Midlands,0.346,6.242
1932,SON,West Midlands,0.484,7.352
1933,SON,West Midlands,0.301,4.901
1934,SON,West Midlands,0.362,4.703
1935,SON,West Midlands,0.580,9.846
1936,SON,West Midlands,0.400,6.473
1937,SON,West Midlands,0.286,5.835
1938,SON,West Midlands,0.458,9.396
1939,SON,West Midlands,0.396,6.989
1940,SON,West Midlands,0.426,8.451
1941,SON,West Midlands,0.329,4.835
1942,SON,West Midlands,0.308,5.077
1943,SON,West Midlands,0.403,6.440
1944,SON,West Midlands,0.514,8.758
1945,SON,West Midlands,0.257,8.549
1946,SON,West Midlands,0.422,8.538
1947,SON,West Midlands,0.290,5.253
1948,SON,West Midlands,0.301,3.901
1949,SON,West Midlands,0.409,8.945
1950,SON,West Midlands,0.490,7.736
1951,SON,West Midlands,0.421,12.725
1952,SON,West Midlands,0.418,6.824
1953,SON,West Midlands,0.318,4.934
1954,SON,West Midlands,0.539,8.824
1955,SON,West Midlands,0.280,6.791
1956,SON,West Midlands,0.311,5.132
1957,SON,West Midlands,0.351,6.648
1958,SON,West Midlands,0.397,9.989
1959,SON,West Midlands,0.284,4.011
1960,SON,West Midlands,0.608,10.451
1961,SON,West Midlands,0.409,6.440
1962,SON,West Midlands,0.331,5.868
1963,SON,West Midlands,0.394,6.121
1964,SON,West Midlands,0.256,4.593
1965,SON,West Midlands,0.389,8.967
1966,SON,West Midlands,0.395,7.692
1967,SON,West Midlands,0.487,8.121
1968,SON,West Midlands,0.429,5.473
1969,SON,West Midlands,0.242,7.670
1970,SON,West Midlands,0.396,6.615
1971,SON,West Midlands,0.259,4.857
1972,SON,West Midlands,0.228,8.451
1973,SON,West Midlands,0.294,4.560
1974,SON,West Midlands,0.549,9.264
1975,SON,West Midlands,0.314,4.330
1976,SON,West Midlands,0.515,10.407
1977,SON,West Midlands,0.349,7.077
1978,SON,West Midlands,0.220,4.055
1979,SON,West Midlands,0.330,6.143
1980,SON,West Midlands,0.401,5.407
1981,SON,West Midlands,0.438,6.560
1982,SON,West Midlands,0.429,7.989
1983,SON,West Midlands,0.328,6.912
1984,SON,West Midlands,0.468,5.681
1985,SON,West Midlands,0.236,5.813
1986,SON,West Midlands,0.314,6.780
1987,SON,West Midlands,0.412,6.978
1988,SON,West Midlands,0.275,4.835
1989,SON,West Midlands,0.309,5.857
1990,SON,West Midlands,0.340,4.989
1991,SON,West Midlands,0.317,5.407
1992,SON,West Midlands,0.455,6.319
1993,SON,West Midlands,0.347,5.088
1994,SON,West Midlands,0.446,8.341
1995,SON,West Midlands,0.364,5.055
1996,SON,West Midlands,0.381,6.582
1997,SON,West Midlands,0.326,6.110
1998,SON,West Midlands,0.464,9.824
1999,SON,West Midlands,0.406,10.132
2000,SON,West Midlands,0.555,8.802
2001,SON,West Midlands,0.429,5.890
2002,SON,West Midlands,0.417,7.780
2003,SON,West Midlands,0.277,5.912
2004,SON,West Midlands,0.415,6.066
2005,SON,West Midlands,0.384,8.209
2006,SON,West Midlands,0.435,7.967
2007,SON,West Midlands,0.255,6.462
2008,SON,West Midlands,0.416,5.330
2009,SON,West Midlands,0.395,8.956
2010,SON,West Midlands,0.390,6.253
2011,SON,West Midlands,0.330,4.154
2012,SON,West Midlands,0.402,5.286
2013,SON,West Midlands,0.444,6.692
2014,SON,West Midlands,0.376,7.231
2015,SON,West Midlands,0.399,6.824
2016,SON,West Midlands,0.282,4.418
2017,SON,West Midlands,0.384,6.626
2018,SON,West Midlands,0.308,7.143
2019,SON,West Midlands,0.545,8.758
2020,SON,West Midlands,0.408,7.187
2021,SON,West Midlands,0.312,6.198
1892,SON,West Scotland,0.629,13.799
1893,SON,West Scotland,0.596,11.090
1894,SON,West Scotland,0.382,13.022
1895,SON,West Scotland,0.482,12.351
1896,SON,West Scotland,0.552,14.970
1897,SON,West Scotland,0.499,7.015
1898,SON,West Scotland,0.546,15.470
1899,SON,West Scotland,0.610,14.604
1900,SON,West Scotland,0.685,22.493
1901,SON,West Scotland,0.612,17.463
1902,SON,West Scotland,0.523,10.590
1903,SON,West Scotland,0.749,25.993
1904,SON,West Scotland,0.574,13.037
1905,SON,West Scotland,0.579,12.806
1906,SON,West Scotland,0.625,16.284
1907,SON,West Scotland,0.545,18.239
1908,SON,West Scotland,0.571,10.612
1909,SON,West Scotland,0.505,12.485
1910,SON,West Scotland,0.400,5.754
1911,SON,West Scotland,0.463,18.761
1912,SON,West Scotland,0.495,9.455
1913,SON,West Scotland,0.568,16.179
1914,SON,West Scotland,0.491,14.410
1915,SON,West Scotland,0.332,4.261
1916,SON,West Scotland,0.632,15.246
1917,SON,West Scotland,0.708,13.843
1918,SON,West Scotland,0.654,15.328
1919,SON,West Scotland,0.475,10.455
1920,SON,West Scotland,0.505,10.694
1921,SON,West Scotland,0.480,8.142
1922,SON,West Scotland,0.412,7.403
1923,SON,West Scotland,0.735,16.896
1924,SON,West Scotland,0.572,14.858
1925,SON,West Scotland,0.484,11.739
1926,SON,West Scotland,0.586,11.007
1927,SON,West Scotland,0.618,14.022
1928,SON,West Scotland,0.642,15.866
1929,SON,West Scotland,0.643,24.403
1930,SON,West Scotland,0.633,22.194
1931,SON,West Scotland,0.550,15.507
1932,SON,West Scotland,0.620,13.104
1933,SON,West Scotland,0.350,8.134
1934,SON,West Scotland,0.635,15.739
1935,SON,West Scotland,0.716,16.918
1936,SON,West Scotland,0.548,15.075
1937,SON,West Scotland,0.439,8.254
1938,SON,West Scotland,0.764,19.567
1939,SON,West Scotland,0.486,14.224
1940,SON,West Scotland,0.577,11.119
1941,SON,West Scotland,0.467,8.716
1942,SON,West Scotland,0.547,13.948
1943,SON,West Scotland,0.618,9.440
1944,SON,West Scotland,0.628,11.828
1945,SON,West Scotland,0.403,11.343
1946,SON,West Scotland,0.565,16.418
1947,SON,West Scotland,0.524,9.575
1948,SON,West Scotland,0.638,11.172
1949,SON,West Scotland,0.572,15.127
1950,SON,West Scotland,0.687,24.336
1951,SON,West Scotland,0.529,13.866
1952,SON,West Scotland,0.465,14.970
1953,SON,West Scotland,0.605,16.403
1954,SON,West Scotland,0.791,17.172
1955,SON,West Scotland,0.535,9.022
1956,SON,West Scotland,0.482,11.575
1957,SON,West Scotland,0.533,14.104
1958,SON,West Scotland,0.461,11.433
1959,SON,West Scotland,0.499,14.567
1960,SON,West Scotland,0.567,9.127
1961,SON,West Scotland,0.643,10.194
1962,SON,West Scotland,0.489,9.500
1963,SON,West Scotland,0.649,17.030
1964,SON,West Scotland,0.535,12.052
1965,SON,West Scotland,0.480,7.963
1966,SON,West Scotland,0.534,11.373
1967,SON,West Scotland,0.652,14.381
1968,SON,West Scotland,0.525,10.075
1969,SON,West Scotland,0.555,12.045
1970,SON,West Scotland,0.685,14.418
1971,SON,West Scotland,0.506,9.284
1972,SON,West Scotland,0.387,8.933
1973,SON,West Scotland,0.433,9.664
1974,SON,West Scotland,0.635,22.769
1975,SON,West Scotland,0.538,11.694
1976,SON,West Scotland,0.566,10.851
1977,SON,West Scotland,0.621,17.627
1978,SON,West Scotland,0.641,14.194
1979,SON,West Scotland,0.690,14.664
1980,SON,West Scotland,0.648,15.515
1981,SON,West Scotland,0.690,15.843
1982,SON,West Scotland,0.689,17.060
1983,SON,West Scotland,0.601,19.366
1984,SON,West Scotland,0.687,13.910
1985,SON,West Scotland,0.470,10.269
1986,SON,West Scotland,0.579,23.284
1987,SON,West Scotland,0.613,13.172
1988,SON,West Scotland,0.548,9.119
1989,SON,West Scotland,0.494,16.164
1990,SON,West Scotland,0.526,11.037
1991,SON,West Scotland,0.525,9.970
1992,SON,West Scotland,0.658,16.537
1993,SON,West Scotland,0.364,11.940
1994,SON,West Scotland,0.578,14.664
1995,SON,West Scotland,0.576,9.410
1996,SON,West Scotland,0.558,16.104
1997,SON,West Scotland,0.511,11.545
1998,SON,West Scotland,0.608,20.761
1999,SON,West Scotland,0.582,18.791
2000,SON,West Scotland,0.755,18.216
2001,SON,West Scotland,0.645,16.507
2002,SON,West Scotland,0.533,13.836
2003,SON,West Scotland,0.513,9.746
2004,SON,West Scotland,0.646,12.694
2005,SON,West Scotland,0.591,16.246
2006,SON,West Scotland,0.697,21.709
2007,SON,West Scotland,0.490,11.343
2008,SON,West Scotland,0.614,12.358
2009,SON,West Scotland,0.603,12.858
2010,SON,West Scotland,0.541,9.687
2011,SON,West Scotland,0.726,29.187
2012,SON,West Scotland,0.659,14.366
2013,SON,West Scotland,0.576,14.791
2014,SON,West Scotland,0.489,12.410
2015,SON,West Scotland,0.473,17.851
2016,SON,West Scotland,0.462,8.537
2017,SON,West Scotland,0.682,12.731
2018,SON,West Scotland,0.610,12.291
2019,SON,West Scotland,0.540,9.052
2020,SON,West Scotland,0.632,14.978
2021,SON,West Scotland,0.612,12.799
1892,SON,Yorkshire and Humber,0.450,7.832
1893,SON,Yorkshire and Humber,0.415,6.009
1894,SON,Yorkshire and Humber,0.365,7.393
1895,SON,Yorkshire and Humber,0.419,6.168
1896,SON,Yorkshire and Humber,0.514,7.869
1897,SON,Yorkshire and Humber,0.339,6.103
1898,SON,Yorkshire and Humber,0.350,8.607
1899,SON,Yorkshire and Humber,0.379,8.692
1900,SON,Yorkshire and Humber,0.482,9.935
1901,SON,Yorkshire and Humber,0.338,5.776
1902,SON,Yorkshire and Humber,0.389,6.785
1903,SON,Yorkshire and Humber,0.568,13.626
1904,SON,Yorkshire and Humber,0.251,5.262
1905,SON,Yorkshire and Humber,0.448,6.495
1906,SON,Yorkshire and Humber,0.442,10.785
1907,SON,Yorkshire and Humber,0.424,11.701
1908,SON,Yorkshire and Humber,0.348,4.645
1909,SON,Yorkshire and Humber,0.404,6.430
1910,SON,Yorkshire and Humber,0.298,4.710
1911,SON,Yorkshire and Humber,0.447,7.701
1912,SON,Yorkshire and Humber,0.358,5.561
1913,SON,Yorkshire and Humber,0.417,9.000
1914,SON,Yorkshire and Humber,0.391,10.813
1915,SON,Yorkshire and Humber,0.235,3.495
1916,SON,Yorkshire and Humber,0.440,9.159
1917,SON,Yorkshire and Humber,0.372,6.972
1918,SON,Yorkshire and Humber,0.520,13.533
1919,SON,Yorkshire and Humber,0.451,10.664
1920,SON,Yorkshire and Humber,0.266,6.215
1921,SON,Yorkshire and Humber,0.250,3.636
1922,SON,Yorkshire and Humber,0.350,5.411
1923,SON,Yorkshire and Humber,0.497,8.701
1924,SON,Yorkshire and Humber,0.423,6.776
1925,SON,Yorkshire and Humber,0.443,8.832
1926,SON,Yorkshire and Humber,0.454,8.178
1927,SON,Yorkshire and Humber,0.483,8.299
1928,SON,Yorkshire and Humber,0.424,8.551
1929,SON,Yorkshire and Humber,0.408,12.757
1930,SON,Yorkshire and Humber,0.502,6.636
1931,SON,Yorkshire and Humber,0.354,5.738
1932,SON,Yorkshire and Humber,0.488,7.346
1933,SON,Yorkshire and Humber,0.356,7.131
1934,SON,Yorkshire and Humber,0.432,7.364
1935,SON,Yorkshire and Humber,0.585,9.421
1936,SON,Yorkshire and Humber,0.421,7.953
1937,SON,Yorkshire and Humber,0.273,9.467
1938,SON,Yorkshire and Humber,0.499,8.551
1939,SON,Yorkshire and Humber,0.419,7.421
1940,SON,Yorkshire and Humber,0.445,6.953
1941,SON,Yorkshire and Humber,0.351,6.402
1942,SON,Yorkshire and Humber,0.352,6.411
1943,SON,Yorkshire and Humber,0.370,5.841
1944,SON,Yorkshire and Humber,0.561,12.748
1945,SON,Yorkshire and Humber,0.294,9.103
1946,SON,Yorkshire and Humber,0.465,10.364
1947,SON,Yorkshire and Humber,0.320,4.850
1948,SON,Yorkshire and Humber,0.325,4.318
1949,SON,Yorkshire and Humber,0.389,6.897
1950,SON,Yorkshire and Humber,0.500,9.009
1951,SON,Yorkshire and Humber,0.355,6.832
1952,SON,Yorkshire and Humber,0.442,8.009
1953,SON,Yorkshire and Humber,0.306,5.598
1954,SON,Yorkshire and Humber,0.553,9.168
1955,SON,Yorkshire and Humber,0.297,5.178
1956,SON,Yorkshire and Humber,0.294,4.402
1957,SON,Yorkshire and Humber,0.402,7.439
1958,SON,Yorkshire and Humber,0.339,7.785
1959,SON,Yorkshire and Humber,0.325,6.617
1960,SON,Yorkshire and Humber,0.606,11.215
1961,SON,Yorkshire and Humber,0.438,7.738
1962,SON,Yorkshire and Humber,0.333,5.439
1963,SON,Yorkshire and Humber,0.437,8.140
1964,SON,Yorkshire and Humber,0.278,4.598
1965,SON,Yorkshire and Humber,0.451,9.645
1966,SON,Yorkshire and Humber,0.432,6.963
1967,SON,Yorkshire and Humber,0.455,7.196
1968,SON,Yorkshire and Humber,0.469,7.000
1969,SON,Yorkshire and Humber,0.346,5.794
1970,SON,Yorkshire and Humber,0.424,8.243
1971,SON,Yorkshire and Humber,0.255,5.645
1972,SON,Yorkshire and Humber,0.254,6.785
1973,SON,Yorkshire and Humber,0.320,5.336
1974,SON,Yorkshire and Humber,0.528,7.224
1975,SON,Yorkshire and Humber,0.327,5.607
1976,SON,Yorkshire and Humber,0.522,9.514
1977,SON,Yorkshire and Humber,0.392,6.785
1978,SON,Yorkshire and Humber,0.283,6.402
1979,SON,Yorkshire and Humber,0.351,5.028
1980,SON,Yorkshire and Humber,0.509,10.178
1981,SON,Yorkshire and Humber,0.457,8.692
1982,SON,Yorkshire and Humber,0.476,11.056
1983,SON,Yorkshire and Humber,0.346,6.850
1984,SON,Yorkshire and Humber,0.498,6.636
1985,SON,Yorkshire and Humber,0.328,6.336
1986,SON,Yorkshire and Humber,0.301,6.738
1987,SON,Yorkshire and Humber,0.400,6.467
1988,SON,Yorkshire and Humber,0.319,5.458
1989,SON,Yorkshire and Humber,0.285,6.832
1990,SON,Yorkshire and Humber,0.388,6.187
1991,SON,Yorkshire and Humber,0.348,5.813
1992,SON,Yorkshire and Humber,0.438,6.850
1993,SON,Yorkshire and Humber,0.343,6.121
1994,SON,Yorkshire and Humber,0.430,7.682
1995,SON,Yorkshire and Humber,0.343,4.514
1996,SON,Yorkshire and Humber,0.393,5.841
1997,SON,Yorkshire and Humber,0.336,5.458
1998,SON,Yorkshire and Humber,0.475,8.178
1999,SON,Yorkshire and Humber,0.369,9.252
2000,SON,Yorkshire and Humber,0.596,9.430
2001,SON,Yorkshire and Humber,0.444,7.121
2002,SON,Yorkshire and Humber,0.403,8.224
2003,SON,Yorkshire and Humber,0.305,4.991
2004,SON,Yorkshire and Humber,0.414,6.953
2005,SON,Yorkshire and Humber,0.418,10.822
2006,SON,Yorkshire and Humber,0.448,6.729
2007,SON,Yorkshire and Humber,0.278,6.402
2008,SON,Yorkshire and Humber,0.405,6.972
2009,SON,Yorkshire and Humber,0.419,10.570
2010,SON,Yorkshire and Humber,0.480,8.944
2011,SON,Yorkshire and Humber,0.363,8.000
2012,SON,Yorkshire and Humber,0.443,6.206
2013,SON,Yorkshire and Humber,0.438,7.953
2014,SON,Yorkshire and Humber,0.388,5.505
2015,SON,Yorkshire and Humber,0.391,8.327
2016,SON,Yorkshire and Humber,0.363,6.187
2017,SON,Yorkshire and Humber,0.457,7.178
2018,SON,Yorkshire and Humber,0.339,8.271
2019,SON,Yorkshire and Humber,0.574,9.234
2020,SON,Yorkshire and Humber,0.418,7.626
2021,SON,Yorkshire and Humber,0.333,6.336
1892,SON,Channel Islands, NaN,  NA
1893,SON,Channel Islands, NaN,  NA
1894,SON,Channel Islands, NaN,  NA
1895,SON,Channel Islands, NaN,  NA
1896,SON,Channel Islands, NaN,  NA
1897,SON,Channel Islands, NaN,  NA
1898,SON,Channel Islands, NaN,  NA
1899,SON,Channel Islands, NaN,  NA
1900,SON,Channel Islands, NaN,  NA
1901,SON,Channel Islands, NaN,  NA
1902,SON,Channel Islands, NaN,  NA
1903,SON,Channel Islands, NaN,  NA
1904,SON,Channel Islands, NaN,  NA
1905,SON,Channel Islands, NaN,  NA
1906,SON,Channel Islands, NaN,  NA
1907,SON,Channel Islands, NaN,  NA
1908,SON,Channel Islands, NaN,  NA
1909,SON,Channel Islands, NaN,  NA
1910,SON,Channel Islands, NaN,  NA
1911,SON,Channel Islands, NaN,  NA
1912,SON,Channel Islands, NaN,  NA
1913,SON,Channel Islands, NaN,  NA
1914,SON,Channel Islands, NaN,  NA
1915,SON,Channel Islands, NaN,  NA
1916,SON,Channel Islands, NaN,  NA
1917,SON,Channel Islands, NaN,  NA
1918,SON,Channel Islands, NaN,  NA
1919,SON,Channel Islands, NaN,  NA
1920,SON,Channel Islands, NaN,  NA
1921,SON,Channel Islands, NaN,  NA
1922,SON,Channel Islands, NaN,  NA
1923,SON,Channel Islands, NaN,  NA
1924,SON,Channel Islands, NaN,  NA
1925,SON,Channel Islands, NaN,  NA
1926,SON,Channel Islands, NaN,  NA
1927,SON,Channel Islands, NaN,  NA
1928,SON,Channel Islands, NaN,  NA
1929,SON,Channel Islands, NaN,  NA
1930,SON,Channel Islands, NaN,  NA
1931,SON,Channel Islands, NaN,  NA
1932,SON,Channel Islands, NaN,  NA
1933,SON,Channel Islands, NaN,  NA
1934,SON,Channel Islands, NaN,  NA
1935,SON,Channel Islands, NaN,  NA
1936,SON,Channel Islands, NaN,  NA
1937,SON,Channel Islands, NaN,  NA
1938,SON,Channel Islands, NaN,  NA
1939,SON,Channel Islands, NaN,  NA
1940,SON,Channel Islands, NaN,  NA
1941,SON,Channel Islands, NaN,  NA
1942,SON,Channel Islands, NaN,  NA
1943,SON,Channel Islands, NaN,  NA
1944,SON,Channel Islands, NaN,  NA
1945,SON,Channel Islands, NaN,  NA
1946,SON,Channel Islands, NaN,  NA
1947,SON,Channel Islands, NaN,  NA
1948,SON,Channel Islands, NaN,  NA
1949,SON,Channel Islands, NaN,  NA
1950,SON,Channel Islands, NaN,  NA
1951,SON,Channel Islands, NaN,  NA
1952,SON,Channel Islands, NaN,  NA
1953,SON,Channel Islands, NaN,  NA
1954,SON,Channel Islands, NaN,  NA
1955,SON,Channel Islands, NaN,  NA
1956,SON,Channel Islands, NaN,  NA
1957,SON,Channel Islands, NaN,  NA
1958,SON,Channel Islands, NaN,  NA
1959,SON,Channel Islands, NaN,  NA
1960,SON,Channel Islands, NaN,  NA
1961,SON,Channel Islands, NaN,  NA
1962,SON,Channel Islands, NaN,  NA
1963,SON,Channel Islands, NaN,  NA
1964,SON,Channel Islands, NaN,  NA
1965,SON,Channel Islands, NaN,  NA
1966,SON,Channel Islands, NaN,  NA
1967,SON,Channel Islands, NaN,  NA
1968,SON,Channel Islands, NaN,  NA
1969,SON,Channel Islands, NaN,  NA
1970,SON,Channel Islands, NaN,  NA
1971,SON,Channel Islands, NaN,  NA
1972,SON,Channel Islands, NaN,  NA
1973,SON,Channel Islands, NaN,  NA
1974,SON,Channel Islands, NaN,  NA
1975,SON,Channel Islands, NaN,  NA
1976,SON,Channel Islands, NaN,  NA
1977,SON,Channel Islands, NaN,  NA
1978,SON,Channel Islands, NaN,  NA
1979,SON,Channel Islands, NaN,  NA
1980,SON,Channel Islands, NaN,  NA
1981,SON,Channel Islands, NaN,  NA
1982,SON,Channel Islands, NaN,  NA
1983,SON,Channel Islands, NaN,  NA
1984,SON,Channel Islands, NaN,  NA
1985,SON,Channel Islands, NaN,  NA
1986,SON,Channel Islands, NaN,  NA
1987,SON,Channel Islands, NaN,  NA
1988,SON,Channel Islands, NaN,  NA
1989,SON,Channel Islands, NaN,  NA
1990,SON,Channel Islands, NaN,  NA
1991,SON,Channel Islands, NaN,  NA
1992,SON,Channel Islands, NaN,  NA
1993,SON,Channel Islands, NaN,  NA
1994,SON,Channel Islands, NaN,  NA
1995,SON,Channel Islands, NaN,  NA
1996,SON,Channel Islands, NaN,  NA
1997,SON,Channel Islands, NaN,  NA
1998,SON,Channel Islands, NaN,  NA
1999,SON,Channel Islands, NaN,  NA
2000,SON,Channel Islands, NaN,  NA
2001,SON,Channel Islands, NaN,  NA
2002,SON,Channel Islands, NaN,  NA
2003,SON,Channel Islands, NaN,  NA
2004,SON,Channel Islands, NaN,  NA
2005,SON,Channel Islands, NaN,  NA
2006,SON,Channel Islands, NaN,  NA
2007,SON,Channel Islands, NaN,  NA
2008,SON,Channel Islands, NaN,  NA
2009,SON,Channel Islands, NaN,  NA
2010,SON,Channel Islands, NaN,  NA
2011,SON,Channel Islands, NaN,  NA
2012,SON,Channel Islands, NaN,  NA
2013,SON,Channel Islands, NaN,  NA
2014,SON,Channel Islands, NaN,  NA
2015,SON,Channel Islands, NaN,  NA
2016,SON,Channel Islands, NaN,  NA
2017,SON,Channel Islands, NaN,  NA
2018,SON,Channel Islands, NaN,  NA
2019,SON,Channel Islands, NaN,  NA
2020,SON,Channel Islands, NaN,  NA
2021,SON,Channel Islands, NaN,  NA
1892,SON,Isle of Man,0.553,6.000
1893,SON,Isle of Man,0.476,7.000
1894,SON,Isle of Man,0.311,10.000
1895,SON,Isle of Man,0.447,8.000
1896,SON,Isle of Man,0.447,7.667
1897,SON,Isle of Man,0.396,8.000
1898,SON,Isle of Man,0.469,10.000
1899,SON,Isle of Man,0.341,5.333
1900,SON,Isle of Man,0.542,11.000
1901,SON,Isle of Man,0.513,6.000
1902,SON,Isle of Man,0.516,6.000
1903,SON,Isle of Man,0.601,13.667
1904,SON,Isle of Man,0.366,7.000
1905,SON,Isle of Man,0.425,6.000
1906,SON,Isle of Man,0.484,8.000
1907,SON,Isle of Man,0.403,10.000
1908,SON,Isle of Man,0.381,5.000
1909,SON,Isle of Man,0.410,8.000
1910,SON,Isle of Man,0.363,7.000
1911,SON,Isle of Man,0.418,9.000
1912,SON,Isle of Man,0.421,7.333
1913,SON,Isle of Man,0.484,10.000
1914,SON,Isle of Man,0.370,12.333
1915,SON,Isle of Man,0.385,7.000
1916,SON,Isle of Man,0.641,17.667
1917,SON,Isle of Man,0.579,9.000
1918,SON,Isle of Man,0.623,11.333
1919,SON,Isle of Man,0.425,6.667
1920,SON,Isle of Man,0.429,10.000
1921,SON,Isle of Man,0.363,8.000
1922,SON,Isle of Man,0.370,6.667
1923,SON,Isle of Man,0.586,8.000
1924,SON,Isle of Man,0.498,11.000
1925,SON,Isle of Man,0.505,7.000
1926,SON,Isle of Man,0.432,5.333
1927,SON,Isle of Man,0.564,11.000
1928,SON,Isle of Man,0.641,13.000
1929,SON,Isle of Man,0.549,12.000
1930,SON,Isle of Man,0.564,8.000
1931,SON,Isle of Man,0.487,10.000
1932,SON,Isle of Man,0.553,9.333
1933,SON,Isle of Man,0.366,7.000
1934,SON,Isle of Man,0.546,9.667
1935,SON,Isle of Man,0.597,10.000
1936,SON,Isle of Man,0.553,12.000
1937,SON,Isle of Man,0.344,6.000
1938,SON,Isle of Man,0.590,6.000
1939,SON,Isle of Man,0.469,5.667
1940,SON,Isle of Man,0.491,10.667
1941,SON,Isle of Man,0.410,7.000
1942,SON,Isle of Man,0.399,6.333
1943,SON,Isle of Man,0.509,8.000
1944,SON,Isle of Man,0.626,12.667
1945,SON,Isle of Man,0.304,9.000
1946,SON,Isle of Man,0.447,11.000
1947,SON,Isle of Man,0.429,6.000
1948,SON,Isle of Man,0.502,10.000
1949,SON,Isle of Man,0.502,10.667
1950,SON,Isle of Man,0.571,7.000
1951,SON,Isle of Man,0.465,11.000
1952,SON,Isle of Man,0.480,11.000
1953,SON,Isle of Man,0.473,7.000
1954,SON,Isle of Man,0.685,11.000
1955,SON,Isle of Man,0.381,7.000
1956,SON,Isle of Man,0.418,4.000
1957,SON,Isle of Man,0.465,8.667
1958,SON,Isle of Man,0.458,8.000
1959,SON,Isle of Man,0.443,12.000
1960,SON,Isle of Man,0.612,12.333
1961,SON,Isle of Man,0.524,14.667
1962,SON,Isle of Man,0.447,8.000
1963,SON,Isle of Man,0.538,9.000
1964,SON,Isle of Man,0.447,7.333
1965,SON,Isle of Man,0.451,16.667
1966,SON,Isle of Man,0.502,7.667
1967,SON,Isle of Man,0.645,9.000
1968,SON,Isle of Man,0.502,9.000
1969,SON,Isle of Man,0.440,6.000
1970,SON,Isle of Man,0.571,11.000
1971,SON,Isle of Man,0.425,6.000
1972,SON,Isle of Man,0.341,12.333
1973,SON,Isle of Man,0.403,5.000
1974,SON,Isle of Man,0.560,5.000
1975,SON,Isle of Man,0.440,5.000
1976,SON,Isle of Man,0.549,7.000
1977,SON,Isle of Man,0.531,10.667
1978,SON,Isle of Man,0.480,8.333
1979,SON,Isle of Man,0.520,6.000
1980,SON,Isle of Man,0.531,12.333
1981,SON,Isle of Man,0.579,7.667
1982,SON,Isle of Man,0.590,9.000
1983,SON,Isle of Man,0.458,9.667
1984,SON,Isle of Man,0.641,9.000
1985,SON,Isle of Man,0.436,7.333
1986,SON,Isle of Man,0.436,10.667
1987,SON,Isle of Man,0.516,11.000
1988,SON,Isle of Man,0.462,5.333
1989,SON,Isle of Man,0.436,10.333
1990,SON,Isle of Man,0.491,8.333
1991,SON,Isle of Man,0.495,10.667
1992,SON,Isle of Man,0.564,5.333
1993,SON,Isle of Man,0.414,7.667
1994,SON,Isle of Man,0.436,6.000
1995,SON,Isle of Man,0.505,7.000
1996,SON,Isle of Man,0.495,8.000
1997,SON,Isle of Man,0.429,8.667
1998,SON,Isle of Man,0.549,8.333
1999,SON,Isle of Man,0.484,7.333
2000,SON,Isle of Man,0.744,16.667
2001,SON,Isle of Man,0.549,6.333
2002,SON,Isle of Man,0.560,13.000
2003,SON,Isle of Man,0.436,5.000
2004,SON,Isle of Man,0.571,11.667
2005,SON,Isle of Man,0.520,11.333
2006,SON,Isle of Man,0.542,11.000
2007,SON,Isle of Man,0.399,12.000
2008,SON,Isle of Man,0.498,5.000
2009,SON,Isle of Man,0.487,9.000
2010,SON,Isle of Man,0.505,8.000
2011,SON,Isle of Man,0.612,10.333
2012,SON,Isle of Man,0.615,8.667
2013,SON,Isle of Man,0.458,7.667
2014,SON,Isle of Man,0.436,9.667
2015,SON,Isle of Man,0.425,11.333
2016,SON,Isle of Man,0.414,6.000
2017,SON,Isle of Man,0.564,6.667
2018,SON,Isle of Man,0.498,10.000
2019,SON,Isle of Man,0.604,11.333
2020,SON,Isle of Man,0.604,15.667
2021,SON,Isle of Man,0.502,9.667
1892,SON,Northern Ireland,0.616,11.478
1893,SON,Northern Ireland,0.530,12.800
1894,SON,Northern Ireland,0.343,11.822
1895,SON,Northern Ireland,0.490,11.989
1896,SON,Northern Ireland,0.554,16.633
1897,SON,Northern Ireland,0.475,7.356
1898,SON,Northern Ireland,0.491,9.911
1899,SON,Northern Ireland,0.518,11.667
1900,SON,Northern Ireland,0.644,21.233
1901,SON,Northern Ireland,0.598,19.133
1902,SON,Northern Ireland,0.526,9.789
1903,SON,Northern Ireland,0.685,21.544
1904,SON,Northern Ireland,0.513,12.678
1905,SON,Northern Ireland,0.518,10.544
1906,SON,Northern Ireland,0.574,14.856
1907,SON,Northern Ireland,0.507,15.600
1908,SON,Northern Ireland,0.568,11.100
1909,SON,Northern Ireland,0.520,9.856
1910,SON,Northern Ireland,0.381,8.156
1911,SON,Northern Ireland,0.505,15.544
1912,SON,Northern Ireland,0.438,7.811
1913,SON,Northern Ireland,0.519,12.944
1914,SON,Northern Ireland,0.421,18.844
1915,SON,Northern Ireland,0.358,6.278
1916,SON,Northern Ireland,0.587,15.478
1917,SON,Northern Ireland,0.658,13.911
1918,SON,Northern Ireland,0.672,23.267
1919,SON,Northern Ireland,0.481,14.267
1920,SON,Northern Ireland,0.494,8.389
1921,SON,Northern Ireland,0.495,7.256
1922,SON,Northern Ireland,0.366,6.344
1923,SON,Northern Ireland,0.713,13.444
1924,SON,Northern Ireland,0.524,10.556
1925,SON,Northern Ireland,0.508,11.378
1926,SON,Northern Ireland,0.521,8.156
1927,SON,Northern Ireland,0.597,9.667
1928,SON,Northern Ireland,0.621,13.022
1929,SON,Northern Ireland,0.592,18.533
1930,SON,Northern Ireland,0.613,12.833
1931,SON,Northern Ireland,0.517,10.722
1932,SON,Northern Ireland,0.558,10.444
1933,SON,Northern Ireland,0.320,6.878
1934,SON,Northern Ireland,0.584,15.033
1935,SON,Northern Ireland,0.696,12.500
1936,SON,Northern Ireland,0.518,11.811
1937,SON,Northern Ireland,0.396,6.122
1938,SON,Northern Ireland,0.661,14.467
1939,SON,Northern Ireland,0.523,14.233
1940,SON,Northern Ireland,0.518,11.111
1941,SON,Northern Ireland,0.444,8.078
1942,SON,Northern Ireland,0.552,13.133
1943,SON,Northern Ireland,0.643,8.978
1944,SON,Northern Ireland,0.701,16.744
1945,SON,Northern Ireland,0.366,8.489
1946,SON,Northern Ireland,0.556,19.044
1947,SON,Northern Ireland,0.545,10.800
1948,SON,Northern Ireland,0.542,9.100
1949,SON,Northern Ireland,0.546,11.678
1950,SON,Northern Ireland,0.685,14.667
1951,SON,Northern Ireland,0.507,9.833
1952,SON,Northern Ireland,0.514,16.467
1953,SON,Northern Ireland,0.466,8.078
1954,SON,Northern Ireland,0.719,13.422
1955,SON,Northern Ireland,0.487,7.744
1956,SON,Northern Ireland,0.499,7.200
1957,SON,Northern Ireland,0.483,11.489
1958,SON,Northern Ireland,0.421,7.989
1959,SON,Northern Ireland,0.463,7.700
1960,SON,Northern Ireland,0.602,8.189
1961,SON,Northern Ireland,0.569,10.333
1962,SON,Northern Ireland,0.432,8.444
1963,SON,Northern Ireland,0.596,11.500
1964,SON,Northern Ireland,0.529,9.311
1965,SON,Northern Ireland,0.478,15.900
1966,SON,Northern Ireland,0.508,12.922
1967,SON,Northern Ireland,0.656,10.944
1968,SON,Northern Ireland,0.548,10.167
1969,SON,Northern Ireland,0.441,6.867
1970,SON,Northern Ireland,0.695,14.233
1971,SON,Northern Ireland,0.433,7.689
1972,SON,Northern Ireland,0.367,9.200
1973,SON,Northern Ireland,0.430,7.056
1974,SON,Northern Ireland,0.640,9.022
1975,SON,Northern Ireland,0.534,10.933
1976,SON,Northern Ireland,0.483,7.278
1977,SON,Northern Ireland,0.579,19.933
1978,SON,Northern Ireland,0.547,11.533
1979,SON,Northern Ireland,0.633,11.422
1980,SON,Northern Ireland,0.616,11.600
1981,SON,Northern Ireland,0.642,13.789
1982,SON,Northern Ireland,0.634,17.056
1983,SON,Northern Ireland,0.494,12.178
1984,SON,Northern Ireland,0.616,8.544
1985,SON,Northern Ireland,0.449,7.756
1986,SON,Northern Ireland,0.417,11.667
1987,SON,Northern Ireland,0.505,9.122
1988,SON,Northern Ireland,0.482,8.989
1989,SON,Northern Ireland,0.491,11.478
1990,SON,Northern Ireland,0.532,10.500
1991,SON,Northern Ireland,0.522,11.400
1992,SON,Northern Ireland,0.587,11.900
1993,SON,Northern Ireland,0.366,10.667
1994,SON,Northern Ireland,0.464,8.444
1995,SON,Northern Ireland,0.529,8.656
1996,SON,Northern Ireland,0.540,10.822
1997,SON,Northern Ireland,0.474,9.711
1998,SON,Northern Ireland,0.625,17.433
1999,SON,Northern Ireland,0.516,14.578
2000,SON,Northern Ireland,0.745,14.011
2001,SON,Northern Ireland,0.568,12.444
2002,SON,Northern Ireland,0.540,11.422
2003,SON,Northern Ireland,0.472,7.078
2004,SON,Northern Ireland,0.535,10.722
2005,SON,Northern Ireland,0.551,13.033
2006,SON,Northern Ireland,0.606,16.011
2007,SON,Northern Ireland,0.428,14.544
2008,SON,Northern Ireland,0.568,10.933
2009,SON,Northern Ireland,0.522,10.744
2010,SON,Northern Ireland,0.535,10.200
2011,SON,Northern Ireland,0.638,13.311
2012,SON,Northern Ireland,0.538,7.922
2013,SON,Northern Ireland,0.490,10.956
2014,SON,Northern Ireland,0.402,8.033
2015,SON,Northern Ireland,0.435,13.867
2016,SON,Northern Ireland,0.400,7.444
2017,SON,Northern Ireland,0.640,11.478
2018,SON,Northern Ireland,0.474,8.522
2019,SON,Northern Ireland,0.568,8.167
2020,SON,Northern Ireland,0.609,13.422
2021,SON,Northern Ireland,0.550,10.889
1892,SON,Wales,0.593,12.577
1893,SON,Wales,0.495,9.845
1894,SON,Wales,0.448,13.669
1895,SON,Wales,0.497,12.577
1896,SON,Wales,0.566,19.303
1897,SON,Wales,0.370,6.197
1898,SON,Wales,0.457,14.338
1899,SON,Wales,0.456,14.979
1900,SON,Wales,0.561,14.148
1901,SON,Wales,0.504,8.282
1902,SON,Wales,0.476,8.113
1903,SON,Wales,0.683,18.289
1904,SON,Wales,0.349,6.070
1905,SON,Wales,0.475,7.725
1906,SON,Wales,0.515,12.085
1907,SON,Wales,0.523,14.965
1908,SON,Wales,0.448,6.768
1909,SON,Wales,0.513,11.894
1910,SON,Wales,0.431,15.310
1911,SON,Wales,0.513,13.296
1912,SON,Wales,0.379,8.549
1913,SON,Wales,0.576,11.951
1914,SON,Wales,0.455,13.803
1915,SON,Wales,0.361,9.246
1916,SON,Wales,0.608,18.099
1917,SON,Wales,0.607,13.937
1918,SON,Wales,0.665,20.042
1919,SON,Wales,0.432,9.282
1920,SON,Wales,0.387,7.134
1921,SON,Wales,0.348,7.127
1922,SON,Wales,0.314,6.739
1923,SON,Wales,0.652,12.810
1924,SON,Wales,0.532,9.711
1925,SON,Wales,0.489,12.063
1926,SON,Wales,0.579,17.486
1927,SON,Wales,0.578,10.937
1928,SON,Wales,0.590,14.866
1929,SON,Wales,0.559,23.577
1930,SON,Wales,0.638,15.599
1931,SON,Wales,0.478,9.915
1932,SON,Wales,0.596,10.310
1933,SON,Wales,0.376,5.613
1934,SON,Wales,0.587,15.556
1935,SON,Wales,0.748,14.852
1936,SON,Wales,0.506,11.887
1937,SON,Wales,0.384,8.000
1938,SON,Wales,0.622,17.683
1939,SON,Wales,0.476,11.556
1940,SON,Wales,0.543,11.317
1941,SON,Wales,0.376,7.585
1942,SON,Wales,0.437,8.796
1943,SON,Wales,0.604,9.697
1944,SON,Wales,0.632,14.359
1945,SON,Wales,0.345,8.901
1946,SON,Wales,0.540,14.000
1947,SON,Wales,0.460,10.944
1948,SON,Wales,0.493,9.387
1949,SON,Wales,0.513,14.289
1950,SON,Wales,0.692,15.134
1951,SON,Wales,0.507,15.345
1952,SON,Wales,0.534,13.732
1953,SON,Wales,0.458,9.345
1954,SON,Wales,0.722,17.331
1955,SON,Wales,0.382,7.606
1956,SON,Wales,0.436,8.592
1957,SON,Wales,0.455,12.838
1958,SON,Wales,0.471,12.563
1959,SON,Wales,0.420,10.901
1960,SON,Wales,0.683,18.366
1961,SON,Wales,0.578,14.507
1962,SON,Wales,0.430,9.993
1963,SON,Wales,0.598,17.444
1964,SON,Wales,0.429,10.218
1965,SON,Wales,0.460,15.141
1966,SON,Wales,0.503,9.887
1967,SON,Wales,0.692,17.218
1968,SON,Wales,0.527,9.641
1969,SON,Wales,0.396,12.106
1970,SON,Wales,0.600,13.669
1971,SON,Wales,0.380,6.669
1972,SON,Wales,0.340,15.768
1973,SON,Wales,0.450,7.204
1974,SON,Wales,0.704,12.380
1975,SON,Wales,0.455,7.430
1976,SON,Wales,0.624,15.387
1977,SON,Wales,0.539,18.028
1978,SON,Wales,0.386,10.303
1979,SON,Wales,0.547,10.106
1980,SON,Wales,0.578,11.937
1981,SON,Wales,0.632,12.725
1982,SON,Wales,0.600,16.134
1983,SON,Wales,0.454,11.768
1984,SON,Wales,0.624,8.648
1985,SON,Wales,0.364,9.127
1986,SON,Wales,0.430,13.007
1987,SON,Wales,0.552,13.592
1988,SON,Wales,0.419,7.472
1989,SON,Wales,0.431,15.669
1990,SON,Wales,0.473,8.366
1991,SON,Wales,0.481,9.500
1992,SON,Wales,0.619,15.387
1993,SON,Wales,0.425,10.592
1994,SON,Wales,0.521,11.162
1995,SON,Wales,0.478,7.451
1996,SON,Wales,0.521,11.331
1997,SON,Wales,0.446,9.077
1998,SON,Wales,0.603,17.761
1999,SON,Wales,0.516,15.577
2000,SON,Wales,0.770,31.134
2001,SON,Wales,0.540,11.106
2002,SON,Wales,0.502,13.852
2003,SON,Wales,0.444,7.866
2004,SON,Wales,0.543,9.979
2005,SON,Wales,0.537,17.549
2006,SON,Wales,0.579,22.761
2007,SON,Wales,0.390,12.282
2008,SON,Wales,0.551,8.042
2009,SON,Wales,0.510,15.845
2010,SON,Wales,0.533,8.359
2011,SON,Wales,0.536,10.035
2012,SON,Wales,0.566,9.120
2013,SON,Wales,0.545,15.556
2014,SON,Wales,0.452,10.077
2015,SON,Wales,0.499,24.063
2016,SON,Wales,0.414,8.042
2017,SON,Wales,0.611,11.908
2018,SON,Wales,0.439,11.697
2019,SON,Wales,0.645,12.535
2020,SON,Wales,0.558,13.423
2021,SON,Wales,0.483,12.176
