Year,Season,Region,fwd,wsmax
1981,Annual,East Midlands,0.395,8.816
1982,Annual,East Midlands,0.407,12.786
1983,Annual,East Midlands,0.455,9.602
1984,Annual,East Midlands,0.431,8.087
1985,Annual,East Midlands,0.440,10.155
1986,Annual,East Midlands,0.361,8.049
1987,Annual,East Midlands,0.404,8.728
1988,Annual,East Midlands,0.454,9.097
1989,Annual,East Midlands,0.389,9.534
1990,Annual,East Midlands,0.429,8.903
1991,Annual,East Midlands,0.357,8.039
1992,Annual,East Midlands,0.423,10.825
1993,Annual,East Midlands,0.419,8.883
1994,Annual,East Midlands,0.408,9.874
1995,Annual,East Midlands,0.393,7.825
1996,Annual,East Midlands,0.425,8.194
1997,Annual,East Midlands,0.359,9.291
1998,Annual,East Midlands,0.368,10.942
1999,Annual,East Midlands,0.411,11.097
2000,Annual,East Midlands,0.432,8.340
2001,Annual,East Midlands,0.348,8.417
2002,Annual,East Midlands,0.450,12.117
2003,Annual,East Midlands,0.369,8.728
2004,Annual,East Midlands,0.436,9.204
2005,Annual,East Midlands,0.367,9.612
2006,Annual,East Midlands,0.372,8.291
2007,Annual,East Midlands,0.324,7.728
2008,Annual,East Midlands,0.377,8.903
2009,Annual,East Midlands,0.425,10.330
2010,Annual,East Midlands,0.423,8.641
2011,Annual,East Midlands,0.344,10.515
2012,Annual,East Midlands,0.468,9.117
2013,Annual,East Midlands,0.358,6.709
2014,Annual,East Midlands,0.395,7.301
2015,Annual,East Midlands,0.371,10.029
2016,Annual,East Midlands,0.424,9.650
2017,Annual,East Midlands,0.399,8.903
2018,Annual,East Midlands,0.401,9.262
2019,Annual,East Midlands,0.360,9.379
2020,Annual,East Midlands,0.381,10.971
2021,Annual,East Midlands,0.406,9.175
2022,Annual,East Midlands,0.381,8.282
2023,Annual,East Midlands,0.373,13.107
2024,Annual,East Midlands,0.408,10.398
2025,Annual,East Midlands,0.392,9.291
2026,Annual,East Midlands,0.357,8.485
2027,Annual,East Midlands,0.416,10.214
2028,Annual,East Midlands,0.364,8.252
2029,Annual,East Midlands,0.373,5.971
2030,Annual,East Midlands,0.380,8.689
2031,Annual,East Midlands,0.331,7.990
2032,Annual,East Midlands,0.406,7.437
2033,Annual,East Midlands,0.390,8.990
2034,Annual,East Midlands,0.354,9.223
2035,Annual,East Midlands,0.429,10.456
2036,Annual,East Midlands,0.374,8.301
2037,Annual,East Midlands,0.407,9.175
2038,Annual,East Midlands,0.412,8.534
2039,Annual,East Midlands,0.380,11.359
2040,Annual,East Midlands,0.378,8.699
2041,Annual,East Midlands,0.330,7.748
2042,Annual,East Midlands,0.337,7.233
2043,Annual,East Midlands,0.412,10.291
2044,Annual,East Midlands,0.374,8.796
2045,Annual,East Midlands,0.331,7.379
2046,Annual,East Midlands,0.366,8.165
2047,Annual,East Midlands,0.411,9.825
2048,Annual,East Midlands,0.375,8.932
2049,Annual,East Midlands,0.314,5.922
2050,Annual,East Midlands,0.407,10.301
2051,Annual,East Midlands,0.404,10.641
2052,Annual,East Midlands,0.331,6.786
2053,Annual,East Midlands,0.452,9.757
2054,Annual,East Midlands,0.398,8.146
2055,Annual,East Midlands,0.316,8.204
2056,Annual,East Midlands,0.344,6.068
2057,Annual,East Midlands,0.354,7.650
2058,Annual,East Midlands,0.347,6.922
2059,Annual,East Midlands,0.332,6.379
2060,Annual,East Midlands,0.304,8.097
2061,Annual,East Midlands,0.410,10.311
2062,Annual,East Midlands,0.337,8.592
2063,Annual,East Midlands,0.362,11.252
2064,Annual,East Midlands,0.401,9.427
2065,Annual,East Midlands,0.350,10.039
2066,Annual,East Midlands,0.401,11.777
2067,Annual,East Midlands,0.365,7.194
2068,Annual,East Midlands,0.329,8.515
2069,Annual,East Midlands,0.358,8.058
2070,Annual,East Midlands,0.385,8.641
2071,Annual,East Midlands,0.346,8.165
2072,Annual,East Midlands,0.367,7.165
2073,Annual,East Midlands,0.420,9.631
2074,Annual,East Midlands,0.385,8.641
2075,Annual,East Midlands,0.338,7.165
2076,Annual,East Midlands,0.342,9.990
2077,Annual,East Midlands,0.334,6.068
2078,Annual,East Midlands,0.302,6.398
2079,Annual,East Midlands,0.334,8.184
2080,Annual,East Midlands,0.347,9.476
1981,Annual,East of England,0.402,8.543
1982,Annual,East of England,0.392,9.882
1983,Annual,East of England,0.456,8.835
1984,Annual,East of England,0.410,9.220
1985,Annual,East of England,0.422,9.362
1986,Annual,East of England,0.335,7.071
1987,Annual,East of England,0.403,8.165
1988,Annual,East of England,0.435,7.654
1989,Annual,East of England,0.389,11.094
1990,Annual,East of England,0.422,7.850
1991,Annual,East of England,0.342,6.961
1992,Annual,East of England,0.405,10.646
1993,Annual,East of England,0.410,7.535
1994,Annual,East of England,0.384,10.717
1995,Annual,East of England,0.393,8.661
1996,Annual,East of England,0.403,7.031
1997,Annual,East of England,0.355,8.811
1998,Annual,East of England,0.344,8.276
1999,Annual,East of England,0.400,9.992
2000,Annual,East of England,0.435,9.520
2001,Annual,East of England,0.344,8.063
2002,Annual,East of England,0.428,13.701
2003,Annual,East of England,0.345,7.370
2004,Annual,East of England,0.416,8.370
2005,Annual,East of England,0.349,7.913
2006,Annual,East of England,0.338,7.370
2007,Annual,East of England,0.294,7.299
2008,Annual,East of England,0.368,8.717
2009,Annual,East of England,0.402,9.142
2010,Annual,East of England,0.392,6.882
2011,Annual,East of England,0.323,9.921
2012,Annual,East of England,0.463,9.787
2013,Annual,East of England,0.328,5.780
2014,Annual,East of England,0.391,6.787
2015,Annual,East of England,0.376,10.213
2016,Annual,East of England,0.422,8.709
2017,Annual,East of England,0.394,7.150
2018,Annual,East of England,0.377,7.866
2019,Annual,East of England,0.347,8.795
2020,Annual,East of England,0.367,11.252
2021,Annual,East of England,0.370,8.417
2022,Annual,East of England,0.364,7.638
2023,Annual,East of England,0.358,11.094
2024,Annual,East of England,0.399,9.433
2025,Annual,East of England,0.374,9.646
2026,Annual,East of England,0.341,7.142
2027,Annual,East of England,0.385,8.378
2028,Annual,East of England,0.352,7.299
2029,Annual,East of England,0.363,7.724
2030,Annual,East of England,0.348,7.654
2031,Annual,East of England,0.300,6.591
2032,Annual,East of England,0.395,7.614
2033,Annual,East of England,0.358,7.803
2034,Annual,East of England,0.312,6.764
2035,Annual,East of England,0.437,10.496
2036,Annual,East of England,0.358,7.433
2037,Annual,East of England,0.406,9.457
2038,Annual,East of England,0.393,8.024
2039,Annual,East of England,0.384,13.535
2040,Annual,East of England,0.360,9.283
2041,Annual,East of England,0.308,7.465
2042,Annual,East of England,0.337,7.134
2043,Annual,East of England,0.383,8.937
2044,Annual,East of England,0.345,8.772
2045,Annual,East of England,0.303,6.126
2046,Annual,East of England,0.368,8.701
2047,Annual,East of England,0.370,8.236
2048,Annual,East of England,0.363,9.307
2049,Annual,East of England,0.297,5.472
2050,Annual,East of England,0.364,8.945
2051,Annual,East of England,0.404,9.087
2052,Annual,East of England,0.304,6.394
2053,Annual,East of England,0.438,10.087
2054,Annual,East of England,0.358,7.835
2055,Annual,East of England,0.292,8.661
2056,Annual,East of England,0.337,6.126
2057,Annual,East of England,0.333,6.433
2058,Annual,East of England,0.342,6.677
2059,Annual,East of England,0.316,7.583
2060,Annual,East of England,0.291,9.457
2061,Annual,East of England,0.398,10.598
2062,Annual,East of England,0.324,7.819
2063,Annual,East of England,0.345,8.268
2064,Annual,East of England,0.390,8.961
2065,Annual,East of England,0.323,9.693
2066,Annual,East of England,0.390,10.181
2067,Annual,East of England,0.321,6.039
2068,Annual,East of England,0.296,8.394
2069,Annual,East of England,0.335,8.213
2070,Annual,East of England,0.363,7.567
2071,Annual,East of England,0.336,6.976
2072,Annual,East of England,0.335,5.827
2073,Annual,East of England,0.374,8.228
2074,Annual,East of England,0.343,8.850
2075,Annual,East of England,0.310,9.047
2076,Annual,East of England,0.339,12.394
2077,Annual,East of England,0.322,6.110
2078,Annual,East of England,0.296,7.559
2079,Annual,East of England,0.302,7.094
2080,Annual,East of England,0.323,12.150
1981,Annual,East Scotland,0.503,11.219
1982,Annual,East Scotland,0.515,15.094
1983,Annual,East Scotland,0.543,12.519
1984,Annual,East Scotland,0.550,15.675
1985,Annual,East Scotland,0.510,11.906
1986,Annual,East Scotland,0.470,13.656
1987,Annual,East Scotland,0.481,11.750
1988,Annual,East Scotland,0.536,12.887
1989,Annual,East Scotland,0.468,12.944
1990,Annual,East Scotland,0.493,12.325
1991,Annual,East Scotland,0.498,11.800
1992,Annual,East Scotland,0.479,12.881
1993,Annual,East Scotland,0.529,12.113
1994,Annual,East Scotland,0.542,11.131
1995,Annual,East Scotland,0.478,14.656
1996,Annual,East Scotland,0.569,12.988
1997,Annual,East Scotland,0.429,10.500
1998,Annual,East Scotland,0.476,12.863
1999,Annual,East Scotland,0.518,14.544
2000,Annual,East Scotland,0.522,9.906
2001,Annual,East Scotland,0.467,11.825
2002,Annual,East Scotland,0.452,13.956
2003,Annual,East Scotland,0.502,16.356
2004,Annual,East Scotland,0.520,12.562
2005,Annual,East Scotland,0.477,12.219
2006,Annual,East Scotland,0.484,12.588
2007,Annual,East Scotland,0.468,14.062
2008,Annual,East Scotland,0.453,9.463
2009,Annual,East Scotland,0.489,11.750
2010,Annual,East Scotland,0.530,17.431
2011,Annual,East Scotland,0.458,11.025
2012,Annual,East Scotland,0.532,12.688
2013,Annual,East Scotland,0.465,11.300
2014,Annual,East Scotland,0.509,12.450
2015,Annual,East Scotland,0.480,11.194
2016,Annual,East Scotland,0.512,9.931
2017,Annual,East Scotland,0.528,11.863
2018,Annual,East Scotland,0.497,11.312
2019,Annual,East Scotland,0.512,13.100
2020,Annual,East Scotland,0.520,14.125
2021,Annual,East Scotland,0.527,12.169
2022,Annual,East Scotland,0.495,12.856
2023,Annual,East Scotland,0.444,11.344
2024,Annual,East Scotland,0.535,11.425
2025,Annual,East Scotland,0.517,14.531
2026,Annual,East Scotland,0.469,11.181
2027,Annual,East Scotland,0.480,12.419
2028,Annual,East Scotland,0.468,11.356
2029,Annual,East Scotland,0.475,11.306
2030,Annual,East Scotland,0.495,11.412
2031,Annual,East Scotland,0.478,11.269
2032,Annual,East Scotland,0.519,13.069
2033,Annual,East Scotland,0.514,12.488
2034,Annual,East Scotland,0.475,12.606
2035,Annual,East Scotland,0.503,13.094
2036,Annual,East Scotland,0.509,13.250
2037,Annual,East Scotland,0.461,10.569
2038,Annual,East Scotland,0.555,13.262
2039,Annual,East Scotland,0.468,12.544
2040,Annual,East Scotland,0.453,14.025
2041,Annual,East Scotland,0.443,9.931
2042,Annual,East Scotland,0.441,11.363
2043,Annual,East Scotland,0.486,11.544
2044,Annual,East Scotland,0.467,11.931
2045,Annual,East Scotland,0.499,12.619
2046,Annual,East Scotland,0.456,9.100
2047,Annual,East Scotland,0.505,12.800
2048,Annual,East Scotland,0.488,12.450
2049,Annual,East Scotland,0.446,12.238
2050,Annual,East Scotland,0.505,13.075
2051,Annual,East Scotland,0.483,12.044
2052,Annual,East Scotland,0.519,13.194
2053,Annual,East Scotland,0.488,10.838
2054,Annual,East Scotland,0.514,13.425
2055,Annual,East Scotland,0.448,13.956
2056,Annual,East Scotland,0.460,11.963
2057,Annual,East Scotland,0.437,10.469
2058,Annual,East Scotland,0.498,11.213
2059,Annual,East Scotland,0.466,12.056
2060,Annual,East Scotland,0.470,11.213
2061,Annual,East Scotland,0.469,11.700
2062,Annual,East Scotland,0.497,13.994
2063,Annual,East Scotland,0.445,11.800
2064,Annual,East Scotland,0.502,12.113
2065,Annual,East Scotland,0.423,9.488
2066,Annual,East Scotland,0.510,11.056
2067,Annual,East Scotland,0.475,10.631
2068,Annual,East Scotland,0.440,10.475
2069,Annual,East Scotland,0.453,11.169
2070,Annual,East Scotland,0.505,14.519
2071,Annual,East Scotland,0.436,10.781
2072,Annual,East Scotland,0.521,11.794
2073,Annual,East Scotland,0.494,11.794
2074,Annual,East Scotland,0.520,12.169
2075,Annual,East Scotland,0.439,10.637
2076,Annual,East Scotland,0.461,10.619
2077,Annual,East Scotland,0.446,12.356
2078,Annual,East Scotland,0.438,9.369
2079,Annual,East Scotland,0.485,15.200
2080,Annual,East Scotland,0.451,12.062
1981,Annual,London,0.403,10.667
1982,Annual,London,0.405,8.500
1983,Annual,London,0.449,7.000
1984,Annual,London,0.409,8.833
1985,Annual,London,0.416,8.167
1986,Annual,London,0.366,8.500
1987,Annual,London,0.394,9.083
1988,Annual,London,0.433,7.667
1989,Annual,London,0.397,10.500
1990,Annual,London,0.436,9.333
1991,Annual,London,0.341,7.000
1992,Annual,London,0.406,14.417
1993,Annual,London,0.384,7.083
1994,Annual,London,0.398,12.083
1995,Annual,London,0.418,11.333
1996,Annual,London,0.431,8.500
1997,Annual,London,0.338,11.000
1998,Annual,London,0.351,13.500
1999,Annual,London,0.413,10.917
2000,Annual,London,0.437,8.333
2001,Annual,London,0.353,10.917
2002,Annual,London,0.452,12.833
2003,Annual,London,0.346,11.000
2004,Annual,London,0.437,9.417
2005,Annual,London,0.351,10.333
2006,Annual,London,0.339,6.833
2007,Annual,London,0.298,10.083
2008,Annual,London,0.378,9.333
2009,Annual,London,0.404,10.667
2010,Annual,London,0.415,6.667
2011,Annual,London,0.355,13.250
2012,Annual,London,0.432,11.750
2013,Annual,London,0.364,6.167
2014,Annual,London,0.380,7.833
2015,Annual,London,0.381,11.833
2016,Annual,London,0.413,7.833
2017,Annual,London,0.396,7.833
2018,Annual,London,0.351,9.000
2019,Annual,London,0.368,9.500
2020,Annual,London,0.376,11.583
2021,Annual,London,0.403,8.167
2022,Annual,London,0.347,6.500
2023,Annual,London,0.351,11.083
2024,Annual,London,0.382,8.333
2025,Annual,London,0.370,9.750
2026,Annual,London,0.358,7.583
2027,Annual,London,0.403,8.917
2028,Annual,London,0.344,8.667
2029,Annual,London,0.362,7.250
2030,Annual,London,0.359,9.167
2031,Annual,London,0.307,7.417
2032,Annual,London,0.388,7.583
2033,Annual,London,0.360,10.583
2034,Annual,London,0.317,7.750
2035,Annual,London,0.429,11.083
2036,Annual,London,0.368,7.500
2037,Annual,London,0.438,11.333
2038,Annual,London,0.424,10.833
2039,Annual,London,0.376,15.417
2040,Annual,London,0.376,7.083
2041,Annual,London,0.297,6.500
2042,Annual,London,0.341,8.333
2043,Annual,London,0.405,9.833
2044,Annual,London,0.343,8.167
2045,Annual,London,0.320,6.667
2046,Annual,London,0.384,8.500
2047,Annual,London,0.400,8.250
2048,Annual,London,0.364,9.750
2049,Annual,London,0.309,6.417
2050,Annual,London,0.357,7.833
2051,Annual,London,0.393,8.333
2052,Annual,London,0.294,8.250
2053,Annual,London,0.436,8.167
2054,Annual,London,0.375,10.417
2055,Annual,London,0.309,11.917
2056,Annual,London,0.313,5.417
2057,Annual,London,0.351,8.417
2058,Annual,London,0.361,10.000
2059,Annual,London,0.326,9.583
2060,Annual,London,0.276,6.167
2061,Annual,London,0.409,11.833
2062,Annual,London,0.328,8.083
2063,Annual,London,0.348,7.667
2064,Annual,London,0.422,12.000
2065,Annual,London,0.329,10.000
2066,Annual,London,0.391,11.917
2067,Annual,London,0.310,5.750
2068,Annual,London,0.306,8.250
2069,Annual,London,0.336,7.000
2070,Annual,London,0.382,8.667
2071,Annual,London,0.351,7.667
2072,Annual,London,0.335,6.583
2073,Annual,London,0.353,7.667
2074,Annual,London,0.352,11.167
2075,Annual,London,0.309,7.167
2076,Annual,London,0.339,12.333
2077,Annual,London,0.335,6.833
2078,Annual,London,0.298,7.000
2079,Annual,London,0.319,7.583
2080,Annual,London,0.312,13.000
1981,Annual,North East England,0.468,9.579
1982,Annual,North East England,0.453,10.509
1983,Annual,North East England,0.503,11.842
1984,Annual,North East England,0.508,13.965
1985,Annual,North East England,0.472,10.158
1986,Annual,North East England,0.395,8.333
1987,Annual,North East England,0.458,9.386
1988,Annual,North East England,0.485,12.228
1989,Annual,North East England,0.418,10.807
1990,Annual,North East England,0.463,10.474
1991,Annual,North East England,0.421,8.684
1992,Annual,North East England,0.478,13.877
1993,Annual,North East England,0.471,9.228
1994,Annual,North East England,0.487,9.684
1995,Annual,North East England,0.428,9.842
1996,Annual,North East England,0.486,9.895
1997,Annual,North East England,0.404,8.877
1998,Annual,North East England,0.414,9.667
1999,Annual,North East England,0.455,10.930
2000,Annual,North East England,0.459,8.491
2001,Annual,North East England,0.419,10.649
2002,Annual,North East England,0.450,11.895
2003,Annual,North East England,0.476,12.842
2004,Annual,North East England,0.469,9.614
2005,Annual,North East England,0.410,8.316
2006,Annual,North East England,0.446,10.807
2007,Annual,North East England,0.393,9.053
2008,Annual,North East England,0.440,10.018
2009,Annual,North East England,0.454,10.439
2010,Annual,North East England,0.503,10.351
2011,Annual,North East England,0.415,9.491
2012,Annual,North East England,0.527,13.123
2013,Annual,North East England,0.431,8.211
2014,Annual,North East England,0.451,8.947
2015,Annual,North East England,0.428,7.965
2016,Annual,North East England,0.469,10.158
2017,Annual,North East England,0.468,11.439
2018,Annual,North East England,0.450,10.386
2019,Annual,North East England,0.429,10.088
2020,Annual,North East England,0.434,9.035
2021,Annual,North East England,0.462,10.246
2022,Annual,North East England,0.485,12.211
2023,Annual,North East England,0.403,12.053
2024,Annual,North East England,0.460,7.895
2025,Annual,North East England,0.436,10.649
2026,Annual,North East England,0.412,10.912
2027,Annual,North East England,0.458,11.140
2028,Annual,North East England,0.432,10.140
2029,Annual,North East England,0.434,9.719
2030,Annual,North East England,0.435,8.649
2031,Annual,North East England,0.408,10.298
2032,Annual,North East England,0.479,11.737
2033,Annual,North East England,0.449,9.246
2034,Annual,North East England,0.437,12.579
2035,Annual,North East England,0.479,11.860
2036,Annual,North East England,0.428,7.965
2037,Annual,North East England,0.412,9.719
2038,Annual,North East England,0.468,10.404
2039,Annual,North East England,0.417,7.702
2040,Annual,North East England,0.406,10.614
2041,Annual,North East England,0.394,7.860
2042,Annual,North East England,0.389,9.719
2043,Annual,North East England,0.473,12.474
2044,Annual,North East England,0.429,9.456
2045,Annual,North East England,0.427,11.053
2046,Annual,North East England,0.411,7.491
2047,Annual,North East England,0.464,10.000
2048,Annual,North East England,0.443,8.386
2049,Annual,North East England,0.382,7.877
2050,Annual,North East England,0.456,10.000
2051,Annual,North East England,0.441,14.965
2052,Annual,North East England,0.449,10.579
2053,Annual,North East England,0.473,11.526
2054,Annual,North East England,0.443,7.965
2055,Annual,North East England,0.396,10.719
2056,Annual,North East England,0.428,8.386
2057,Annual,North East England,0.396,9.368
2058,Annual,North East England,0.409,8.877
2059,Annual,North East England,0.392,7.614
2060,Annual,North East England,0.387,9.316
2061,Annual,North East England,0.423,7.702
2062,Annual,North East England,0.400,10.158
2063,Annual,North East England,0.393,13.930
2064,Annual,North East England,0.435,9.333
2065,Annual,North East England,0.387,10.947
2066,Annual,North East England,0.443,9.947
2067,Annual,North East England,0.390,7.439
2068,Annual,North East England,0.397,8.684
2069,Annual,North East England,0.392,8.737
2070,Annual,North East England,0.434,8.544
2071,Annual,North East England,0.389,8.737
2072,Annual,North East England,0.454,11.912
2073,Annual,North East England,0.488,11.018
2074,Annual,North East England,0.452,9.789
2075,Annual,North East England,0.389,9.684
2076,Annual,North East England,0.397,8.193
2077,Annual,North East England,0.410,9.316
2078,Annual,North East England,0.372,8.754
2079,Annual,North East England,0.393,11.000
2080,Annual,North East England,0.391,10.421
1981,Annual,North Scotland,0.560,13.358
1982,Annual,North Scotland,0.562,18.212
1983,Annual,North Scotland,0.617,15.283
1984,Annual,North Scotland,0.609,16.184
1985,Annual,North Scotland,0.557,15.892
1986,Annual,North Scotland,0.571,17.406
1987,Annual,North Scotland,0.584,15.627
1988,Annual,North Scotland,0.663,20.679
1989,Annual,North Scotland,0.560,14.755
1990,Annual,North Scotland,0.533,15.151
1991,Annual,North Scotland,0.630,20.816
1992,Annual,North Scotland,0.564,14.830
1993,Annual,North Scotland,0.631,16.557
1994,Annual,North Scotland,0.589,20.052
1995,Annual,North Scotland,0.616,23.854
1996,Annual,North Scotland,0.663,20.151
1997,Annual,North Scotland,0.510,13.542
1998,Annual,North Scotland,0.557,17.075
1999,Annual,North Scotland,0.614,17.807
2000,Annual,North Scotland,0.614,16.264
2001,Annual,North Scotland,0.544,15.429
2002,Annual,North Scotland,0.510,15.656
2003,Annual,North Scotland,0.603,18.604
2004,Annual,North Scotland,0.590,18.821
2005,Annual,North Scotland,0.621,22.099
2006,Annual,North Scotland,0.581,19.005
2007,Annual,North Scotland,0.569,15.259
2008,Annual,North Scotland,0.582,13.373
2009,Annual,North Scotland,0.594,16.769
2010,Annual,North Scotland,0.632,17.491
2011,Annual,North Scotland,0.554,16.283
2012,Annual,North Scotland,0.585,19.005
2013,Annual,North Scotland,0.529,16.075
2014,Annual,North Scotland,0.584,15.976
2015,Annual,North Scotland,0.606,20.858
2016,Annual,North Scotland,0.610,14.608
2017,Annual,North Scotland,0.611,15.472
2018,Annual,North Scotland,0.617,18.618
2019,Annual,North Scotland,0.584,17.458
2020,Annual,North Scotland,0.606,16.816
2021,Annual,North Scotland,0.620,16.632
2022,Annual,North Scotland,0.588,14.840
2023,Annual,North Scotland,0.555,16.967
2024,Annual,North Scotland,0.660,16.061
2025,Annual,North Scotland,0.607,17.877
2026,Annual,North Scotland,0.588,17.476
2027,Annual,North Scotland,0.524,16.939
2028,Annual,North Scotland,0.615,20.925
2029,Annual,North Scotland,0.613,18.024
2030,Annual,North Scotland,0.571,15.392
2031,Annual,North Scotland,0.592,17.684
2032,Annual,North Scotland,0.571,15.344
2033,Annual,North Scotland,0.595,16.651
2034,Annual,North Scotland,0.555,18.434
2035,Annual,North Scotland,0.549,13.533
2036,Annual,North Scotland,0.589,16.448
2037,Annual,North Scotland,0.546,16.561
2038,Annual,North Scotland,0.646,18.528
2039,Annual,North Scotland,0.566,15.094
2040,Annual,North Scotland,0.547,20.047
2041,Annual,North Scotland,0.584,15.335
2042,Annual,North Scotland,0.550,16.429
2043,Annual,North Scotland,0.598,16.184
2044,Annual,North Scotland,0.580,20.910
2045,Annual,North Scotland,0.594,20.604
2046,Annual,North Scotland,0.536,11.222
2047,Annual,North Scotland,0.611,16.245
2048,Annual,North Scotland,0.575,14.363
2049,Annual,North Scotland,0.584,21.123
2050,Annual,North Scotland,0.623,17.967
2051,Annual,North Scotland,0.608,17.967
2052,Annual,North Scotland,0.657,21.646
2053,Annual,North Scotland,0.568,14.250
2054,Annual,North Scotland,0.648,28.066
2055,Annual,North Scotland,0.597,18.816
2056,Annual,North Scotland,0.560,13.920
2057,Annual,North Scotland,0.519,13.925
2058,Annual,North Scotland,0.633,18.552
2059,Annual,North Scotland,0.616,17.712
2060,Annual,North Scotland,0.604,16.533
2061,Annual,North Scotland,0.571,18.665
2062,Annual,North Scotland,0.581,16.887
2063,Annual,North Scotland,0.579,18.349
2064,Annual,North Scotland,0.623,17.675
2065,Annual,North Scotland,0.521,12.877
2066,Annual,North Scotland,0.571,15.981
2067,Annual,North Scotland,0.637,16.618
2068,Annual,North Scotland,0.553,16.443
2069,Annual,North Scotland,0.594,14.486
2070,Annual,North Scotland,0.612,17.623
2071,Annual,North Scotland,0.576,18.142
2072,Annual,North Scotland,0.653,17.061
2073,Annual,North Scotland,0.539,12.462
2074,Annual,North Scotland,0.668,17.307
2075,Annual,North Scotland,0.540,13.901
2076,Annual,North Scotland,0.534,11.557
2077,Annual,North Scotland,0.524,14.269
2078,Annual,North Scotland,0.514,13.307
2079,Annual,North Scotland,0.586,16.052
2080,Annual,North Scotland,0.558,18.160
1981,Annual,North West England,0.499,12.237
1982,Annual,North West England,0.500,14.753
1983,Annual,North West England,0.554,17.892
1984,Annual,North West England,0.569,14.258
1985,Annual,North West England,0.529,12.720
1986,Annual,North West England,0.499,12.323
1987,Annual,North West England,0.501,12.215
1988,Annual,North West England,0.609,15.753
1989,Annual,North West England,0.519,17.269
1990,Annual,North West England,0.505,11.215
1991,Annual,North West England,0.524,15.462
1992,Annual,North West England,0.520,16.473
1993,Annual,North West England,0.562,13.495
1994,Annual,North West England,0.525,12.505
1995,Annual,North West England,0.552,18.312
1996,Annual,North West England,0.580,13.387
1997,Annual,North West England,0.398,10.108
1998,Annual,North West England,0.480,19.645
1999,Annual,North West England,0.551,16.903
2000,Annual,North West England,0.541,13.366
2001,Annual,North West England,0.420,15.677
2002,Annual,North West England,0.525,17.290
2003,Annual,North West England,0.487,18.860
2004,Annual,North West England,0.531,11.656
2005,Annual,North West England,0.521,12.968
2006,Annual,North West England,0.496,13.613
2007,Annual,North West England,0.456,14.409
2008,Annual,North West England,0.484,13.495
2009,Annual,North West England,0.531,15.903
2010,Annual,North West England,0.570,16.903
2011,Annual,North West England,0.474,14.989
2012,Annual,North West England,0.550,13.785
2013,Annual,North West England,0.440,12.516
2014,Annual,North West England,0.517,15.495
2015,Annual,North West England,0.524,10.806
2016,Annual,North West England,0.545,15.602
2017,Annual,North West England,0.515,13.333
2018,Annual,North West England,0.528,13.785
2019,Annual,North West England,0.498,11.914
2020,Annual,North West England,0.502,14.634
2021,Annual,North West England,0.571,13.011
2022,Annual,North West England,0.497,15.366
2023,Annual,North West England,0.453,13.323
2024,Annual,North West England,0.573,13.860
2025,Annual,North West England,0.525,16.699
2026,Annual,North West England,0.482,13.409
2027,Annual,North West England,0.516,14.387
2028,Annual,North West England,0.511,21.108
2029,Annual,North West England,0.512,12.968
2030,Annual,North West England,0.511,12.742
2031,Annual,North West England,0.484,19.645
2032,Annual,North West England,0.521,14.194
2033,Annual,North West England,0.507,12.591
2034,Annual,North West England,0.490,16.140
2035,Annual,North West England,0.526,12.978
2036,Annual,North West England,0.524,14.882
2037,Annual,North West England,0.516,15.914
2038,Annual,North West England,0.587,16.054
2039,Annual,North West England,0.499,14.839
2040,Annual,North West England,0.479,14.763
2041,Annual,North West England,0.486,10.344
2042,Annual,North West England,0.476,15.269
2043,Annual,North West England,0.544,18.215
2044,Annual,North West England,0.520,16.075
2045,Annual,North West England,0.504,16.946
2046,Annual,North West England,0.484,13.699
2047,Annual,North West England,0.557,16.419
2048,Annual,North West England,0.512,10.634
2049,Annual,North West England,0.469,11.667
2050,Annual,North West England,0.557,18.946
2051,Annual,North West England,0.561,14.688
2052,Annual,North West England,0.542,20.140
2053,Annual,North West England,0.545,16.140
2054,Annual,North West England,0.551,16.215
2055,Annual,North West England,0.464,17.505
2056,Annual,North West England,0.454,9.484
2057,Annual,North West England,0.453,13.183
2058,Annual,North West England,0.536,13.237
2059,Annual,North West England,0.518,12.032
2060,Annual,North West England,0.486,14.032
2061,Annual,North West England,0.501,13.312
2062,Annual,North West England,0.480,14.538
2063,Annual,North West England,0.509,22.817
2064,Annual,North West England,0.543,14.194
2065,Annual,North West England,0.464,15.237
2066,Annual,North West England,0.516,14.333
2067,Annual,North West England,0.520,16.688
2068,Annual,North West England,0.478,13.129
2069,Annual,North West England,0.502,13.140
2070,Annual,North West England,0.545,17.387
2071,Annual,North West England,0.496,16.032
2072,Annual,North West England,0.550,13.817
2073,Annual,North West England,0.524,13.495
2074,Annual,North West England,0.566,16.968
2075,Annual,North West England,0.464,12.925
2076,Annual,North West England,0.439,12.269
2077,Annual,North West England,0.467,12.828
2078,Annual,North West England,0.421,10.968
2079,Annual,North West England,0.492,15.452
2080,Annual,North West England,0.474,14.860
1981,Annual,South East England,0.381,8.305
1982,Annual,South East England,0.387,10.720
1983,Annual,South East England,0.448,9.907
1984,Annual,South East England,0.421,10.763
1985,Annual,South East England,0.416,9.093
1986,Annual,South East England,0.361,7.153
1987,Annual,South East England,0.376,11.364
1988,Annual,South East England,0.422,7.898
1989,Annual,South East England,0.392,10.475
1990,Annual,South East England,0.415,8.814
1991,Annual,South East England,0.334,7.169
1992,Annual,South East England,0.394,10.975
1993,Annual,South East England,0.393,7.559
1994,Annual,South East England,0.398,10.025
1995,Annual,South East England,0.390,7.805
1996,Annual,South East England,0.423,8.958
1997,Annual,South East England,0.340,9.178
1998,Annual,South East England,0.357,12.746
1999,Annual,South East England,0.407,12.042
2000,Annual,South East England,0.426,9.424
2001,Annual,South East England,0.345,8.415
2002,Annual,South East England,0.447,12.932
2003,Annual,South East England,0.336,10.203
2004,Annual,South East England,0.429,9.212
2005,Annual,South East England,0.350,11.390
2006,Annual,South East England,0.343,7.059
2007,Annual,South East England,0.304,10.237
2008,Annual,South East England,0.371,9.136
2009,Annual,South East England,0.400,11.881
2010,Annual,South East England,0.417,7.288
2011,Annual,South East England,0.340,11.754
2012,Annual,South East England,0.432,10.068
2013,Annual,South East England,0.361,6.542
2014,Annual,South East England,0.372,7.839
2015,Annual,South East England,0.374,13.212
2016,Annual,South East England,0.407,9.500
2017,Annual,South East England,0.390,7.763
2018,Annual,South East England,0.350,8.924
2019,Annual,South East England,0.345,9.237
2020,Annual,South East England,0.363,9.992
2021,Annual,South East England,0.402,9.593
2022,Annual,South East England,0.355,7.771
2023,Annual,South East England,0.345,10.144
2024,Annual,South East England,0.390,10.483
2025,Annual,South East England,0.367,9.508
2026,Annual,South East England,0.347,7.424
2027,Annual,South East England,0.396,9.576
2028,Annual,South East England,0.334,9.610
2029,Annual,South East England,0.353,7.788
2030,Annual,South East England,0.354,8.941
2031,Annual,South East England,0.302,8.525
2032,Annual,South East England,0.380,8.017
2033,Annual,South East England,0.370,10.237
2034,Annual,South East England,0.317,10.203
2035,Annual,South East England,0.427,12.059
2036,Annual,South East England,0.372,7.831
2037,Annual,South East England,0.428,9.483
2038,Annual,South East England,0.419,10.415
2039,Annual,South East England,0.365,15.381
2040,Annual,South East England,0.376,8.814
2041,Annual,South East England,0.312,7.864
2042,Annual,South East England,0.348,8.025
2043,Annual,South East England,0.391,9.627
2044,Annual,South East England,0.344,9.110
2045,Annual,South East England,0.318,6.602
2046,Annual,South East England,0.383,7.610
2047,Annual,South East England,0.408,9.831
2048,Annual,South East England,0.365,10.508
2049,Annual,South East England,0.315,7.254
2050,Annual,South East England,0.360,7.924
2051,Annual,South East England,0.391,8.636
2052,Annual,South East England,0.295,6.898
2053,Annual,South East England,0.434,9.466
2054,Annual,South East England,0.381,9.653
2055,Annual,South East England,0.296,11.178
2056,Annual,South East England,0.308,6.297
2057,Annual,South East England,0.328,7.449
2058,Annual,South East England,0.347,8.339
2059,Annual,South East England,0.321,9.085
2060,Annual,South East England,0.280,7.034
2061,Annual,South East England,0.401,13.492
2062,Annual,South East England,0.313,7.966
2063,Annual,South East England,0.345,8.102
2064,Annual,South East England,0.413,10.339
2065,Annual,South East England,0.324,8.136
2066,Annual,South East England,0.392,11.593
2067,Annual,South East England,0.314,5.729
2068,Annual,South East England,0.306,8.186
2069,Annual,South East England,0.331,7.678
2070,Annual,South East England,0.385,10.831
2071,Annual,South East England,0.336,6.992
2072,Annual,South East England,0.336,6.492
2073,Annual,South East England,0.367,8.568
2074,Annual,South East England,0.354,12.754
2075,Annual,South East England,0.312,6.492
2076,Annual,South East England,0.336,11.110
2077,Annual,South East England,0.322,6.110
2078,Annual,South East England,0.279,7.017
2079,Annual,South East England,0.318,8.364
2080,Annual,South East England,0.316,10.169
1981,Annual,South West England,0.393,7.699
1982,Annual,South West England,0.401,9.147
1983,Annual,South West England,0.470,9.103
1984,Annual,South West England,0.464,13.263
1985,Annual,South West England,0.461,10.821
1986,Annual,South West England,0.412,11.141
1987,Annual,South West England,0.397,12.397
1988,Annual,South West England,0.476,9.494
1989,Annual,South West England,0.417,12.955
1990,Annual,South West England,0.460,10.314
1991,Annual,South West England,0.381,10.038
1992,Annual,South West England,0.418,10.410
1993,Annual,South West England,0.456,10.474
1994,Annual,South West England,0.441,10.821
1995,Annual,South West England,0.427,10.917
1996,Annual,South West England,0.456,8.923
1997,Annual,South West England,0.353,10.327
1998,Annual,South West England,0.379,13.974
1999,Annual,South West England,0.457,14.000
2000,Annual,South West England,0.430,9.750
2001,Annual,South West England,0.344,8.987
2002,Annual,South West England,0.492,15.397
2003,Annual,South West England,0.378,10.872
2004,Annual,South West England,0.459,12.378
2005,Annual,South West England,0.385,10.821
2006,Annual,South West England,0.390,9.250
2007,Annual,South West England,0.349,11.064
2008,Annual,South West England,0.391,10.410
2009,Annual,South West England,0.426,13.019
2010,Annual,South West England,0.444,9.526
2011,Annual,South West England,0.367,11.199
2012,Annual,South West England,0.460,11.205
2013,Annual,South West England,0.376,8.000
2014,Annual,South West England,0.391,9.660
2015,Annual,South West England,0.414,13.109
2016,Annual,South West England,0.430,12.391
2017,Annual,South West England,0.428,8.936
2018,Annual,South West England,0.390,11.532
2019,Annual,South West England,0.377,9.679
2020,Annual,South West England,0.405,11.154
2021,Annual,South West England,0.429,10.147
2022,Annual,South West England,0.400,9.051
2023,Annual,South West England,0.368,11.327
2024,Annual,South West England,0.428,12.244
2025,Annual,South West England,0.411,10.949
2026,Annual,South West England,0.377,8.968
2027,Annual,South West England,0.415,12.506
2028,Annual,South West England,0.351,10.167
2029,Annual,South West England,0.391,8.962
2030,Annual,South West England,0.402,10.147
2031,Annual,South West England,0.358,10.814
2032,Annual,South West England,0.410,9.301
2033,Annual,South West England,0.416,10.763
2034,Annual,South West England,0.359,12.212
2035,Annual,South West England,0.431,12.404
2036,Annual,South West England,0.410,10.949
2037,Annual,South West England,0.444,9.205
2038,Annual,South West England,0.454,12.128
2039,Annual,South West England,0.406,15.981
2040,Annual,South West England,0.407,10.237
2041,Annual,South West England,0.353,7.872
2042,Annual,South West England,0.385,9.167
2043,Annual,South West England,0.427,10.763
2044,Annual,South West England,0.376,11.955
2045,Annual,South West England,0.378,7.904
2046,Annual,South West England,0.405,9.103
2047,Annual,South West England,0.448,11.763
2048,Annual,South West England,0.401,10.705
2049,Annual,South West England,0.332,8.987
2050,Annual,South West England,0.382,11.859
2051,Annual,South West England,0.424,11.006
2052,Annual,South West England,0.330,7.929
2053,Annual,South West England,0.443,10.423
2054,Annual,South West England,0.409,8.372
2055,Annual,South West England,0.313,11.808
2056,Annual,South West England,0.330,7.936
2057,Annual,South West England,0.347,10.212
2058,Annual,South West England,0.381,8.731
2059,Annual,South West England,0.343,8.827
2060,Annual,South West England,0.344,8.115
2061,Annual,South West England,0.414,14.897
2062,Annual,South West England,0.336,8.179
2063,Annual,South West England,0.388,12.372
2064,Annual,South West England,0.466,11.032
2065,Annual,South West England,0.342,8.032
2066,Annual,South West England,0.439,11.378
2067,Annual,South West England,0.375,8.231
2068,Annual,South West England,0.338,9.423
2069,Annual,South West England,0.387,9.718
2070,Annual,South West England,0.417,9.731
2071,Annual,South West England,0.378,7.962
2072,Annual,South West England,0.402,9.859
2073,Annual,South West England,0.426,10.865
2074,Annual,South West England,0.413,12.244
2075,Annual,South West England,0.363,8.635
2076,Annual,South West England,0.344,13.487
2077,Annual,South West England,0.377,9.141
2078,Annual,South West England,0.300,7.808
2079,Annual,South West England,0.349,11.436
2080,Annual,South West England,0.344,9.340
1981,Annual,West Midlands,0.385,7.640
1982,Annual,West Midlands,0.425,11.477
1983,Annual,West Midlands,0.464,8.965
1984,Annual,West Midlands,0.451,10.151
1985,Annual,West Midlands,0.449,11.686
1986,Annual,West Midlands,0.394,8.674
1987,Annual,West Midlands,0.400,11.360
1988,Annual,West Midlands,0.450,8.698
1989,Annual,West Midlands,0.396,9.198
1990,Annual,West Midlands,0.431,8.744
1991,Annual,West Midlands,0.378,9.616
1992,Annual,West Midlands,0.419,10.000
1993,Annual,West Midlands,0.448,10.895
1994,Annual,West Midlands,0.430,10.279
1995,Annual,West Midlands,0.408,8.500
1996,Annual,West Midlands,0.438,8.116
1997,Annual,West Midlands,0.354,9.779
1998,Annual,West Midlands,0.380,11.953
1999,Annual,West Midlands,0.448,11.337
2000,Annual,West Midlands,0.443,9.535
2001,Annual,West Midlands,0.338,7.814
2002,Annual,West Midlands,0.458,13.826
2003,Annual,West Midlands,0.372,9.035
2004,Annual,West Midlands,0.446,9.163
2005,Annual,West Midlands,0.375,10.802
2006,Annual,West Midlands,0.364,8.570
2007,Annual,West Midlands,0.324,8.860
2008,Annual,West Midlands,0.398,10.035
2009,Annual,West Midlands,0.426,10.640
2010,Annual,West Midlands,0.436,7.314
2011,Annual,West Midlands,0.357,11.105
2012,Annual,West Midlands,0.440,12.360
2013,Annual,West Midlands,0.370,7.081
2014,Annual,West Midlands,0.384,7.198
2015,Annual,West Midlands,0.379,11.070
2016,Annual,West Midlands,0.426,11.267
2017,Annual,West Midlands,0.411,8.895
2018,Annual,West Midlands,0.393,10.895
2019,Annual,West Midlands,0.359,7.709
2020,Annual,West Midlands,0.381,10.349
2021,Annual,West Midlands,0.416,8.349
2022,Annual,West Midlands,0.368,7.570
2023,Annual,West Midlands,0.370,11.535
2024,Annual,West Midlands,0.411,11.500
2025,Annual,West Midlands,0.405,9.151
2026,Annual,West Midlands,0.365,7.640
2027,Annual,West Midlands,0.423,10.907
2028,Annual,West Midlands,0.361,8.314
2029,Annual,West Midlands,0.379,7.837
2030,Annual,West Midlands,0.384,9.674
2031,Annual,West Midlands,0.339,11.744
2032,Annual,West Midlands,0.411,7.349
2033,Annual,West Midlands,0.398,9.419
2034,Annual,West Midlands,0.362,10.826
2035,Annual,West Midlands,0.431,8.965
2036,Annual,West Midlands,0.396,9.070
2037,Annual,West Midlands,0.415,8.233
2038,Annual,West Midlands,0.436,9.756
2039,Annual,West Midlands,0.385,12.012
2040,Annual,West Midlands,0.384,9.570
2041,Annual,West Midlands,0.344,7.709
2042,Annual,West Midlands,0.356,7.500
2043,Annual,West Midlands,0.415,11.105
2044,Annual,West Midlands,0.377,9.895
2045,Annual,West Midlands,0.336,7.988
2046,Annual,West Midlands,0.400,10.372
2047,Annual,West Midlands,0.446,10.814
2048,Annual,West Midlands,0.379,8.779
2049,Annual,West Midlands,0.319,6.047
2050,Annual,West Midlands,0.402,8.907
2051,Annual,West Midlands,0.420,9.663
2052,Annual,West Midlands,0.325,7.895
2053,Annual,West Midlands,0.464,11.674
2054,Annual,West Midlands,0.409,10.384
2055,Annual,West Midlands,0.323,9.884
2056,Annual,West Midlands,0.332,6.930
2057,Annual,West Midlands,0.352,8.198
2058,Annual,West Midlands,0.365,7.605
2059,Annual,West Midlands,0.341,7.256
2060,Annual,West Midlands,0.312,6.256
2061,Annual,West Midlands,0.410,10.233
2062,Annual,West Midlands,0.327,8.070
2063,Annual,West Midlands,0.368,9.616
2064,Annual,West Midlands,0.424,10.372
2065,Annual,West Midlands,0.356,9.767
2066,Annual,West Midlands,0.420,12.919
2067,Annual,West Midlands,0.386,7.721
2068,Annual,West Midlands,0.330,8.116
2069,Annual,West Midlands,0.386,9.384
2070,Annual,West Midlands,0.405,10.419
2071,Annual,West Midlands,0.359,8.267
2072,Annual,West Midlands,0.374,7.500
2073,Annual,West Midlands,0.408,10.640
2074,Annual,West Midlands,0.399,10.628
2075,Annual,West Midlands,0.361,7.221
2076,Annual,West Midlands,0.337,12.326
2077,Annual,West Midlands,0.362,7.628
2078,Annual,West Midlands,0.321,7.337
2079,Annual,West Midlands,0.357,10.488
2080,Annual,West Midlands,0.367,10.767
1981,Annual,West Scotland,0.533,11.008
1982,Annual,West Scotland,0.544,14.250
1983,Annual,West Scotland,0.555,15.053
1984,Annual,West Scotland,0.610,15.515
1985,Annual,West Scotland,0.517,12.432
1986,Annual,West Scotland,0.563,18.265
1987,Annual,West Scotland,0.517,12.848
1988,Annual,West Scotland,0.638,17.576
1989,Annual,West Scotland,0.546,15.455
1990,Annual,West Scotland,0.522,12.402
1991,Annual,West Scotland,0.592,16.447
1992,Annual,West Scotland,0.525,13.977
1993,Annual,West Scotland,0.580,13.068
1994,Annual,West Scotland,0.580,15.114
1995,Annual,West Scotland,0.562,22.402
1996,Annual,West Scotland,0.634,15.720
1997,Annual,West Scotland,0.415,10.106
1998,Annual,West Scotland,0.510,17.447
1999,Annual,West Scotland,0.578,17.364
2000,Annual,West Scotland,0.579,13.288
2001,Annual,West Scotland,0.471,15.318
2002,Annual,West Scotland,0.501,12.561
2003,Annual,West Scotland,0.541,18.462
2004,Annual,West Scotland,0.549,15.909
2005,Annual,West Scotland,0.563,17.689
2006,Annual,West Scotland,0.525,14.864
2007,Annual,West Scotland,0.514,14.515
2008,Annual,West Scotland,0.482,9.894
2009,Annual,West Scotland,0.535,13.182
2010,Annual,West Scotland,0.563,21.038
2011,Annual,West Scotland,0.509,13.235
2012,Annual,West Scotland,0.540,13.273
2013,Annual,West Scotland,0.474,15.348
2014,Annual,West Scotland,0.561,15.000
2015,Annual,West Scotland,0.552,14.492
2016,Annual,West Scotland,0.563,12.712
2017,Annual,West Scotland,0.566,13.742
2018,Annual,West Scotland,0.557,15.341
2019,Annual,West Scotland,0.550,13.159
2020,Annual,West Scotland,0.580,16.333
2021,Annual,West Scotland,0.623,14.227
2022,Annual,West Scotland,0.520,14.924
2023,Annual,West Scotland,0.487,13.379
2024,Annual,West Scotland,0.603,13.614
2025,Annual,West Scotland,0.579,18.136
2026,Annual,West Scotland,0.525,14.008
2027,Annual,West Scotland,0.503,12.902
2028,Annual,West Scotland,0.517,17.545
2029,Annual,West Scotland,0.561,15.652
2030,Annual,West Scotland,0.558,15.008
2031,Annual,West Scotland,0.535,15.250
2032,Annual,West Scotland,0.549,16.962
2033,Annual,West Scotland,0.542,18.053
2034,Annual,West Scotland,0.511,16.227
2035,Annual,West Scotland,0.546,12.462
2036,Annual,West Scotland,0.569,14.076
2037,Annual,West Scotland,0.548,16.189
2038,Annual,West Scotland,0.637,16.598
2039,Annual,West Scotland,0.513,14.629
2040,Annual,West Scotland,0.514,17.288
2041,Annual,West Scotland,0.529,13.265
2042,Annual,West Scotland,0.510,14.121
2043,Annual,West Scotland,0.563,15.364
2044,Annual,West Scotland,0.542,19.386
2045,Annual,West Scotland,0.559,15.924
2046,Annual,West Scotland,0.500,11.621
2047,Annual,West Scotland,0.583,14.886
2048,Annual,West Scotland,0.533,14.038
2049,Annual,West Scotland,0.526,16.561
2050,Annual,West Scotland,0.597,18.970
2051,Annual,West Scotland,0.578,14.538
2052,Annual,West Scotland,0.616,19.644
2053,Annual,West Scotland,0.528,14.727
2054,Annual,West Scotland,0.599,17.470
2055,Annual,West Scotland,0.520,16.227
2056,Annual,West Scotland,0.494,12.909
2057,Annual,West Scotland,0.477,13.326
2058,Annual,West Scotland,0.583,15.462
2059,Annual,West Scotland,0.569,14.212
2060,Annual,West Scotland,0.564,15.098
2061,Annual,West Scotland,0.520,15.205
2062,Annual,West Scotland,0.565,16.917
2063,Annual,West Scotland,0.533,16.788
2064,Annual,West Scotland,0.601,17.629
2065,Annual,West Scotland,0.483,12.856
2066,Annual,West Scotland,0.549,15.318
2067,Annual,West Scotland,0.579,18.606
2068,Annual,West Scotland,0.525,15.159
2069,Annual,West Scotland,0.533,13.932
2070,Annual,West Scotland,0.588,18.114
2071,Annual,West Scotland,0.528,14.402
2072,Annual,West Scotland,0.619,18.098
2073,Annual,West Scotland,0.532,12.879
2074,Annual,West Scotland,0.621,15.167
2075,Annual,West Scotland,0.503,14.432
2076,Annual,West Scotland,0.472,12.136
2077,Annual,West Scotland,0.496,15.076
2078,Annual,West Scotland,0.493,11.333
2079,Annual,West Scotland,0.555,15.576
2080,Annual,West Scotland,0.524,13.432
1981,Annual,Yorkshire and Humber,0.442,9.752
1982,Annual,Yorkshire and Humber,0.439,13.505
1983,Annual,Yorkshire and Humber,0.471,10.881
1984,Annual,Yorkshire and Humber,0.485,10.663
1985,Annual,Yorkshire and Humber,0.468,10.218
1986,Annual,Yorkshire and Humber,0.383,8.535
1987,Annual,Yorkshire and Humber,0.423,8.406
1988,Annual,Yorkshire and Humber,0.481,10.059
1989,Annual,Yorkshire and Humber,0.407,9.366
1990,Annual,Yorkshire and Humber,0.449,8.743
1991,Annual,Yorkshire and Humber,0.393,8.960
1992,Annual,Yorkshire and Humber,0.449,11.653
1993,Annual,Yorkshire and Humber,0.441,8.624
1994,Annual,Yorkshire and Humber,0.444,9.505
1995,Annual,Yorkshire and Humber,0.411,10.129
1996,Annual,Yorkshire and Humber,0.457,10.040
1997,Annual,Yorkshire and Humber,0.387,10.149
1998,Annual,Yorkshire and Humber,0.405,11.050
1999,Annual,Yorkshire and Humber,0.437,12.139
2000,Annual,Yorkshire and Humber,0.437,8.891
2001,Annual,Yorkshire and Humber,0.392,10.267
2002,Annual,Yorkshire and Humber,0.462,13.000
2003,Annual,Yorkshire and Humber,0.426,11.030
2004,Annual,Yorkshire and Humber,0.465,10.228
2005,Annual,Yorkshire and Humber,0.408,9.733
2006,Annual,Yorkshire and Humber,0.426,9.366
2007,Annual,Yorkshire and Humber,0.356,7.564
2008,Annual,Yorkshire and Humber,0.400,10.554
2009,Annual,Yorkshire and Humber,0.439,10.139
2010,Annual,Yorkshire and Humber,0.470,11.297
2011,Annual,Yorkshire and Humber,0.391,9.198
2012,Annual,Yorkshire and Humber,0.511,11.762
2013,Annual,Yorkshire and Humber,0.398,8.020
2014,Annual,Yorkshire and Humber,0.427,11.069
2015,Annual,Yorkshire and Humber,0.395,8.465
2016,Annual,Yorkshire and Humber,0.464,10.891
2017,Annual,Yorkshire and Humber,0.430,9.921
2018,Annual,Yorkshire and Humber,0.428,9.762
2019,Annual,Yorkshire and Humber,0.399,7.842
2020,Annual,Yorkshire and Humber,0.413,9.653
2021,Annual,Yorkshire and Humber,0.450,9.980
2022,Annual,Yorkshire and Humber,0.435,10.168
2023,Annual,Yorkshire and Humber,0.399,11.614
2024,Annual,Yorkshire and Humber,0.441,9.188
2025,Annual,Yorkshire and Humber,0.430,9.960
2026,Annual,Yorkshire and Humber,0.374,8.921
2027,Annual,Yorkshire and Humber,0.444,9.554
2028,Annual,Yorkshire and Humber,0.395,10.604
2029,Annual,Yorkshire and Humber,0.414,8.881
2030,Annual,Yorkshire and Humber,0.412,9.218
2031,Annual,Yorkshire and Humber,0.375,9.347
2032,Annual,Yorkshire and Humber,0.439,9.059
2033,Annual,Yorkshire and Humber,0.418,9.564
2034,Annual,Yorkshire and Humber,0.410,12.158
2035,Annual,Yorkshire and Humber,0.448,10.743
2036,Annual,Yorkshire and Humber,0.414,8.960
2037,Annual,Yorkshire and Humber,0.413,10.178
2038,Annual,Yorkshire and Humber,0.456,9.089
2039,Annual,Yorkshire and Humber,0.407,11.663
2040,Annual,Yorkshire and Humber,0.396,10.693
2041,Annual,Yorkshire and Humber,0.367,7.980
2042,Annual,Yorkshire and Humber,0.372,9.198
2043,Annual,Yorkshire and Humber,0.435,11.149
2044,Annual,Yorkshire and Humber,0.413,9.772
2045,Annual,Yorkshire and Humber,0.388,10.000
2046,Annual,Yorkshire and Humber,0.391,9.020
2047,Annual,Yorkshire and Humber,0.443,10.871
2048,Annual,Yorkshire and Humber,0.418,8.723
2049,Annual,Yorkshire and Humber,0.345,7.970
2050,Annual,Yorkshire and Humber,0.452,12.109
2051,Annual,Yorkshire and Humber,0.436,13.703
2052,Annual,Yorkshire and Humber,0.398,9.604
2053,Annual,Yorkshire and Humber,0.466,11.257
2054,Annual,Yorkshire and Humber,0.433,8.941
2055,Annual,Yorkshire and Humber,0.361,12.525
2056,Annual,Yorkshire and Humber,0.388,7.564
2057,Annual,Yorkshire and Humber,0.381,9.238
2058,Annual,Yorkshire and Humber,0.382,9.446
2059,Annual,Yorkshire and Humber,0.381,7.525
2060,Annual,Yorkshire and Humber,0.353,8.119
2061,Annual,Yorkshire and Humber,0.429,10.673
2062,Annual,Yorkshire and Humber,0.373,8.822
2063,Annual,Yorkshire and Humber,0.400,12.901
2064,Annual,Yorkshire and Humber,0.430,10.129
2065,Annual,Yorkshire and Humber,0.367,8.931
2066,Annual,Yorkshire and Humber,0.427,9.911
2067,Annual,Yorkshire and Humber,0.391,7.772
2068,Annual,Yorkshire and Humber,0.366,9.950
2069,Annual,Yorkshire and Humber,0.380,9.752
2070,Annual,Yorkshire and Humber,0.410,8.366
2071,Annual,Yorkshire and Humber,0.368,8.545
2072,Annual,Yorkshire and Humber,0.412,9.832
2073,Annual,Yorkshire and Humber,0.449,9.713
2074,Annual,Yorkshire and Humber,0.427,8.832
2075,Annual,Yorkshire and Humber,0.350,7.901
2076,Annual,Yorkshire and Humber,0.369,8.505
2077,Annual,Yorkshire and Humber,0.379,7.644
2078,Annual,Yorkshire and Humber,0.326,7.089
2079,Annual,Yorkshire and Humber,0.370,9.030
2080,Annual,Yorkshire and Humber,0.385,11.020
1981,Annual,Channel Islands,0.356,7.000
1982,Annual,Channel Islands,0.357,7.500
1983,Annual,Channel Islands,0.449,11.000
1984,Annual,Channel Islands,0.386,10.000
1985,Annual,Channel Islands,0.419,12.000
1986,Annual,Channel Islands,0.350,6.500
1987,Annual,Channel Islands,0.360,13.000
1988,Annual,Channel Islands,0.443,7.000
1989,Annual,Channel Islands,0.383,15.000
1990,Annual,Channel Islands,0.406,10.500
1991,Annual,Channel Islands,0.332,5.500
1992,Annual,Channel Islands,0.394,8.000
1993,Annual,Channel Islands,0.417,9.500
1994,Annual,Channel Islands,0.389,11.000
1995,Annual,Channel Islands,0.369,11.500
1996,Annual,Channel Islands,0.443,8.500
1997,Annual,Channel Islands,0.314,10.500
1998,Annual,Channel Islands,0.332,18.000
1999,Annual,Channel Islands,0.396,12.000
2000,Annual,Channel Islands,0.401,10.500
2001,Annual,Channel Islands,0.354,11.500
2002,Annual,Channel Islands,0.450,10.000
2003,Annual,Channel Islands,0.322,7.000
2004,Annual,Channel Islands,0.435,10.000
2005,Annual,Channel Islands,0.344,8.000
2006,Annual,Channel Islands,0.338,7.000
2007,Annual,Channel Islands,0.319,10.000
2008,Annual,Channel Islands,0.392,9.000
2009,Annual,Channel Islands,0.396,12.500
2010,Annual,Channel Islands,0.397,7.000
2011,Annual,Channel Islands,0.315,11.500
2012,Annual,Channel Islands,0.453,13.500
2013,Annual,Channel Islands,0.360,7.000
2014,Annual,Channel Islands,0.412,12.500
2015,Annual,Channel Islands,0.357,7.000
2016,Annual,Channel Islands,0.417,14.000
2017,Annual,Channel Islands,0.385,8.500
2018,Annual,Channel Islands,0.329,8.500
2019,Annual,Channel Islands,0.289,6.000
2020,Annual,Channel Islands,0.339,10.000
2021,Annual,Channel Islands,0.358,7.000
2022,Annual,Channel Islands,0.354,7.000
2023,Annual,Channel Islands,0.326,6.500
2024,Annual,Channel Islands,0.401,13.000
2025,Annual,Channel Islands,0.342,8.500
2026,Annual,Channel Islands,0.319,9.000
2027,Annual,Channel Islands,0.401,10.000
2028,Annual,Channel Islands,0.301,7.500
2029,Annual,Channel Islands,0.324,6.000
2030,Annual,Channel Islands,0.321,6.000
2031,Annual,Channel Islands,0.283,5.500
2032,Annual,Channel Islands,0.367,8.500
2033,Annual,Channel Islands,0.408,9.500
2034,Annual,Channel Islands,0.303,8.000
2035,Annual,Channel Islands,0.417,12.000
2036,Annual,Channel Islands,0.365,11.000
2037,Annual,Channel Islands,0.394,6.500
2038,Annual,Channel Islands,0.412,11.500
2039,Annual,Channel Islands,0.363,10.000
2040,Annual,Channel Islands,0.357,6.000
2041,Annual,Channel Islands,0.325,8.000
2042,Annual,Channel Islands,0.351,9.000
2043,Annual,Channel Islands,0.389,10.000
2044,Annual,Channel Islands,0.346,14.000
2045,Annual,Channel Islands,0.299,8.500
2046,Annual,Channel Islands,0.397,8.000
2047,Annual,Channel Islands,0.385,10.000
2048,Annual,Channel Islands,0.365,14.000
2049,Annual,Channel Islands,0.299,7.000
2050,Annual,Channel Islands,0.331,10.000
2051,Annual,Channel Islands,0.386,10.000
2052,Annual,Channel Islands,0.297,6.500
2053,Annual,Channel Islands,0.444,10.000
2054,Annual,Channel Islands,0.376,9.500
2055,Annual,Channel Islands,0.282,10.500
2056,Annual,Channel Islands,0.275,6.000
2057,Annual,Channel Islands,0.306,6.000
2058,Annual,Channel Islands,0.338,7.000
2059,Annual,Channel Islands,0.300,9.500
2060,Annual,Channel Islands,0.321,14.000
2061,Annual,Channel Islands,0.388,12.000
2062,Annual,Channel Islands,0.290,6.000
2063,Annual,Channel Islands,0.374,12.000
2064,Annual,Channel Islands,0.419,7.000
2065,Annual,Channel Islands,0.325,12.500
2066,Annual,Channel Islands,0.407,9.000
2067,Annual,Channel Islands,0.294,8.000
2068,Annual,Channel Islands,0.301,6.500
2069,Annual,Channel Islands,0.354,9.000
2070,Annual,Channel Islands,0.331,10.000
2071,Annual,Channel Islands,0.336,13.000
2072,Annual,Channel Islands,0.351,9.000
2073,Annual,Channel Islands,0.346,10.000
2074,Annual,Channel Islands,0.317,9.500
2075,Annual,Channel Islands,0.317,7.000
2076,Annual,Channel Islands,0.322,8.000
2077,Annual,Channel Islands,0.346,7.500
2078,Annual,Channel Islands,0.247,7.000
2079,Annual,Channel Islands,0.315,9.000
2080,Annual,Channel Islands,0.286,8.000
1981,Annual,Isle of Man,0.429,7.667
1982,Annual,Isle of Man,0.449,9.667
1983,Annual,Isle of Man,0.482,15.667
1984,Annual,Isle of Man,0.519,9.000
1985,Annual,Isle of Man,0.469,8.667
1986,Annual,Isle of Man,0.442,7.333
1987,Annual,Isle of Man,0.430,10.000
1988,Annual,Isle of Man,0.526,12.000
1989,Annual,Isle of Man,0.438,11.000
1990,Annual,Isle of Man,0.457,8.000
1991,Annual,Isle of Man,0.455,11.667
1992,Annual,Isle of Man,0.442,11.000
1993,Annual,Isle of Man,0.535,10.000
1994,Annual,Isle of Man,0.503,14.000
1995,Annual,Isle of Man,0.434,10.000
1996,Annual,Isle of Man,0.484,8.333
1997,Annual,Isle of Man,0.358,9.000
1998,Annual,Isle of Man,0.426,8.667
1999,Annual,Isle of Man,0.478,11.667
2000,Annual,Isle of Man,0.498,12.667
2001,Annual,Isle of Man,0.410,14.667
2002,Annual,Isle of Man,0.451,8.333
2003,Annual,Isle of Man,0.431,11.000
2004,Annual,Isle of Man,0.478,11.000
2005,Annual,Isle of Man,0.394,12.667
2006,Annual,Isle of Man,0.406,10.667
2007,Annual,Isle of Man,0.396,13.667
2008,Annual,Isle of Man,0.419,10.000
2009,Annual,Isle of Man,0.441,8.667
2010,Annual,Isle of Man,0.485,9.333
2011,Annual,Isle of Man,0.409,13.000
2012,Annual,Isle of Man,0.475,11.667
2013,Annual,Isle of Man,0.362,8.000
2014,Annual,Isle of Man,0.470,12.333
2015,Annual,Isle of Man,0.437,6.333
2016,Annual,Isle of Man,0.469,10.000
2017,Annual,Isle of Man,0.469,10.000
2018,Annual,Isle of Man,0.463,13.000
2019,Annual,Isle of Man,0.431,9.000
2020,Annual,Isle of Man,0.427,7.333
2021,Annual,Isle of Man,0.462,9.667
2022,Annual,Isle of Man,0.449,12.000
2023,Annual,Isle of Man,0.397,10.000
2024,Annual,Isle of Man,0.472,10.000
2025,Annual,Isle of Man,0.454,11.000
2026,Annual,Isle of Man,0.431,7.333
2027,Annual,Isle of Man,0.440,13.333
2028,Annual,Isle of Man,0.407,8.333
2029,Annual,Isle of Man,0.428,8.667
2030,Annual,Isle of Man,0.417,9.000
2031,Annual,Isle of Man,0.393,12.667
2032,Annual,Isle of Man,0.469,12.000
2033,Annual,Isle of Man,0.411,10.000
2034,Annual,Isle of Man,0.382,8.000
2035,Annual,Isle of Man,0.438,8.000
2036,Annual,Isle of Man,0.445,9.000
2037,Annual,Isle of Man,0.465,8.667
2038,Annual,Isle of Man,0.519,15.000
2039,Annual,Isle of Man,0.435,10.000
2040,Annual,Isle of Man,0.410,9.333
2041,Annual,Isle of Man,0.372,8.000
2042,Annual,Isle of Man,0.376,10.667
2043,Annual,Isle of Man,0.449,8.333
2044,Annual,Isle of Man,0.456,10.000
2045,Annual,Isle of Man,0.454,9.000
2046,Annual,Isle of Man,0.421,14.000
2047,Annual,Isle of Man,0.463,11.667
2048,Annual,Isle of Man,0.410,10.000
2049,Annual,Isle of Man,0.395,7.000
2050,Annual,Isle of Man,0.456,8.333
2051,Annual,Isle of Man,0.438,7.667
2052,Annual,Isle of Man,0.453,16.000
2053,Annual,Isle of Man,0.456,11.000
2054,Annual,Isle of Man,0.477,10.000
2055,Annual,Isle of Man,0.372,8.000
2056,Annual,Isle of Man,0.398,7.000
2057,Annual,Isle of Man,0.359,6.667
2058,Annual,Isle of Man,0.438,6.000
2059,Annual,Isle of Man,0.423,7.333
2060,Annual,Isle of Man,0.422,8.000
2061,Annual,Isle of Man,0.424,9.333
2062,Annual,Isle of Man,0.406,7.000
2063,Annual,Isle of Man,0.406,9.000
2064,Annual,Isle of Man,0.468,12.000
2065,Annual,Isle of Man,0.379,13.000
2066,Annual,Isle of Man,0.456,8.333
2067,Annual,Isle of Man,0.399,8.000
2068,Annual,Isle of Man,0.361,7.000
2069,Annual,Isle of Man,0.428,9.000
2070,Annual,Isle of Man,0.444,7.667
2071,Annual,Isle of Man,0.355,6.667
2072,Annual,Isle of Man,0.457,8.000
2073,Annual,Isle of Man,0.468,14.000
2074,Annual,Isle of Man,0.470,7.333
2075,Annual,Isle of Man,0.379,10.333
2076,Annual,Isle of Man,0.336,8.000
2077,Annual,Isle of Man,0.385,15.000
2078,Annual,Isle of Man,0.355,9.000
2079,Annual,Isle of Man,0.424,13.667
2080,Annual,Isle of Man,0.424,7.000
1981,Annual,Northern Ireland,0.492,10.329
1982,Annual,Northern Ireland,0.516,10.165
1983,Annual,Northern Ireland,0.532,13.659
1984,Annual,Northern Ireland,0.571,11.012
1985,Annual,Northern Ireland,0.499,9.965
1986,Annual,Northern Ireland,0.515,9.765
1987,Annual,Northern Ireland,0.500,11.835
1988,Annual,Northern Ireland,0.613,22.741
1989,Annual,Northern Ireland,0.492,11.741
1990,Annual,Northern Ireland,0.500,10.365
1991,Annual,Northern Ireland,0.533,12.306
1992,Annual,Northern Ireland,0.504,11.882
1993,Annual,Northern Ireland,0.574,12.341
1994,Annual,Northern Ireland,0.536,11.529
1995,Annual,Northern Ireland,0.492,18.059
1996,Annual,Northern Ireland,0.569,11.776
1997,Annual,Northern Ireland,0.421,9.671
1998,Annual,Northern Ireland,0.498,12.247
1999,Annual,Northern Ireland,0.542,17.424
2000,Annual,Northern Ireland,0.562,12.106
2001,Annual,Northern Ireland,0.478,15.741
2002,Annual,Northern Ireland,0.503,12.024
2003,Annual,Northern Ireland,0.522,17.988
2004,Annual,Northern Ireland,0.551,11.094
2005,Annual,Northern Ireland,0.493,13.682
2006,Annual,Northern Ireland,0.498,12.635
2007,Annual,Northern Ireland,0.432,11.235
2008,Annual,Northern Ireland,0.468,12.682
2009,Annual,Northern Ireland,0.504,11.541
2010,Annual,Northern Ireland,0.543,14.835
2011,Annual,Northern Ireland,0.453,10.600
2012,Annual,Northern Ireland,0.527,11.788
2013,Annual,Northern Ireland,0.441,9.329
2014,Annual,Northern Ireland,0.531,10.953
2015,Annual,Northern Ireland,0.502,10.106
2016,Annual,Northern Ireland,0.511,10.600
2017,Annual,Northern Ireland,0.562,12.741
2018,Annual,Northern Ireland,0.550,14.612
2019,Annual,Northern Ireland,0.523,12.200
2020,Annual,Northern Ireland,0.535,14.212
2021,Annual,Northern Ireland,0.551,13.129
2022,Annual,Northern Ireland,0.508,13.506
2023,Annual,Northern Ireland,0.476,14.800
2024,Annual,Northern Ireland,0.579,12.106
2025,Annual,Northern Ireland,0.536,13.024
2026,Annual,Northern Ireland,0.525,11.659
2027,Annual,Northern Ireland,0.494,12.906
2028,Annual,Northern Ireland,0.498,16.153
2029,Annual,Northern Ireland,0.497,11.259
2030,Annual,Northern Ireland,0.505,11.941
2031,Annual,Northern Ireland,0.467,9.059
2032,Annual,Northern Ireland,0.516,12.824
2033,Annual,Northern Ireland,0.495,12.059
2034,Annual,Northern Ireland,0.475,14.318
2035,Annual,Northern Ireland,0.505,10.588
2036,Annual,Northern Ireland,0.538,16.612
2037,Annual,Northern Ireland,0.501,18.047
2038,Annual,Northern Ireland,0.600,20.176
2039,Annual,Northern Ireland,0.502,12.859
2040,Annual,Northern Ireland,0.461,10.694
2041,Annual,Northern Ireland,0.458,9.894
2042,Annual,Northern Ireland,0.438,10.435
2043,Annual,Northern Ireland,0.528,14.212
2044,Annual,Northern Ireland,0.499,11.624
2045,Annual,Northern Ireland,0.526,13.388
2046,Annual,Northern Ireland,0.488,12.129
2047,Annual,Northern Ireland,0.542,12.812
2048,Annual,Northern Ireland,0.502,13.929
2049,Annual,Northern Ireland,0.488,13.165
2050,Annual,Northern Ireland,0.533,17.000
2051,Annual,Northern Ireland,0.504,10.741
2052,Annual,Northern Ireland,0.550,12.353
2053,Annual,Northern Ireland,0.498,12.635
2054,Annual,Northern Ireland,0.554,16.341
2055,Annual,Northern Ireland,0.466,17.765
2056,Annual,Northern Ireland,0.468,14.318
2057,Annual,Northern Ireland,0.439,13.588
2058,Annual,Northern Ireland,0.522,12.859
2059,Annual,Northern Ireland,0.486,12.235
2060,Annual,Northern Ireland,0.520,11.353
2061,Annual,Northern Ireland,0.482,11.494
2062,Annual,Northern Ireland,0.495,13.247
2063,Annual,Northern Ireland,0.488,13.612
2064,Annual,Northern Ireland,0.549,17.400
2065,Annual,Northern Ireland,0.437,13.694
2066,Annual,Northern Ireland,0.533,14.176
2067,Annual,Northern Ireland,0.495,12.165
2068,Annual,Northern Ireland,0.468,11.024
2069,Annual,Northern Ireland,0.496,11.694
2070,Annual,Northern Ireland,0.537,15.259
2071,Annual,Northern Ireland,0.480,11.671
2072,Annual,Northern Ireland,0.554,14.129
2073,Annual,Northern Ireland,0.512,10.682
2074,Annual,Northern Ireland,0.560,10.318
2075,Annual,Northern Ireland,0.457,12.047
2076,Annual,Northern Ireland,0.423,11.271
2077,Annual,Northern Ireland,0.453,14.306
2078,Annual,Northern Ireland,0.441,9.847
2079,Annual,Northern Ireland,0.488,11.859
2080,Annual,Northern Ireland,0.481,10.976
1981,Annual,Wales,0.473,13.429
1982,Annual,Wales,0.488,11.120
1983,Annual,Wales,0.562,16.233
1984,Annual,Wales,0.555,14.857
1985,Annual,Wales,0.506,13.293
1986,Annual,Wales,0.502,12.962
1987,Annual,Wales,0.486,13.571
1988,Annual,Wales,0.582,14.368
1989,Annual,Wales,0.493,17.594
1990,Annual,Wales,0.494,11.549
1991,Annual,Wales,0.480,13.353
1992,Annual,Wales,0.505,13.737
1993,Annual,Wales,0.554,13.617
1994,Annual,Wales,0.515,14.767
1995,Annual,Wales,0.515,14.699
1996,Annual,Wales,0.560,16.023
1997,Annual,Wales,0.407,11.654
1998,Annual,Wales,0.444,19.744
1999,Annual,Wales,0.534,14.158
2000,Annual,Wales,0.524,12.331
2001,Annual,Wales,0.408,17.383
2002,Annual,Wales,0.526,17.782
2003,Annual,Wales,0.468,17.564
2004,Annual,Wales,0.538,12.955
2005,Annual,Wales,0.470,11.406
2006,Annual,Wales,0.449,11.857
2007,Annual,Wales,0.422,13.278
2008,Annual,Wales,0.473,15.466
2009,Annual,Wales,0.519,16.338
2010,Annual,Wales,0.520,12.383
2011,Annual,Wales,0.429,16.722
2012,Annual,Wales,0.532,14.353
2013,Annual,Wales,0.439,9.669
2014,Annual,Wales,0.474,14.504
2015,Annual,Wales,0.492,13.474
2016,Annual,Wales,0.514,13.925
2017,Annual,Wales,0.508,11.699
2018,Annual,Wales,0.490,15.398
2019,Annual,Wales,0.463,13.173
2020,Annual,Wales,0.468,14.023
2021,Annual,Wales,0.529,13.030
2022,Annual,Wales,0.472,12.391
2023,Annual,Wales,0.440,13.421
2024,Annual,Wales,0.532,14.925
2025,Annual,Wales,0.491,18.150
2026,Annual,Wales,0.450,11.015
2027,Annual,Wales,0.484,13.113
2028,Annual,Wales,0.461,15.805
2029,Annual,Wales,0.476,11.985
2030,Annual,Wales,0.505,13.068
2031,Annual,Wales,0.449,17.541
2032,Annual,Wales,0.498,12.391
2033,Annual,Wales,0.490,10.617
2034,Annual,Wales,0.449,12.842
2035,Annual,Wales,0.501,13.812
2036,Annual,Wales,0.504,14.579
2037,Annual,Wales,0.499,12.737
2038,Annual,Wales,0.552,14.684
2039,Annual,Wales,0.471,14.925
2040,Annual,Wales,0.477,14.165
2041,Annual,Wales,0.452,9.338
2042,Annual,Wales,0.448,12.940
2043,Annual,Wales,0.503,13.489
2044,Annual,Wales,0.480,13.632
2045,Annual,Wales,0.473,14.977
2046,Annual,Wales,0.473,14.000
2047,Annual,Wales,0.521,15.293
2048,Annual,Wales,0.489,12.947
2049,Annual,Wales,0.429,11.707
2050,Annual,Wales,0.494,14.902
2051,Annual,Wales,0.516,13.564
2052,Annual,Wales,0.460,16.541
2053,Annual,Wales,0.520,16.737
2054,Annual,Wales,0.505,14.842
2055,Annual,Wales,0.406,18.865
2056,Annual,Wales,0.413,10.511
2057,Annual,Wales,0.413,11.917
2058,Annual,Wales,0.481,11.827
2059,Annual,Wales,0.444,12.940
2060,Annual,Wales,0.434,12.519
2061,Annual,Wales,0.477,12.436
2062,Annual,Wales,0.432,10.120
2063,Annual,Wales,0.461,15.647
2064,Annual,Wales,0.510,14.654
2065,Annual,Wales,0.424,11.489
2066,Annual,Wales,0.518,16.068
2067,Annual,Wales,0.486,12.677
2068,Annual,Wales,0.415,11.496
2069,Annual,Wales,0.477,12.910
2070,Annual,Wales,0.495,15.789
2071,Annual,Wales,0.463,11.880
2072,Annual,Wales,0.498,11.150
2073,Annual,Wales,0.495,14.444
2074,Annual,Wales,0.520,15.150
2075,Annual,Wales,0.438,10.444
2076,Annual,Wales,0.408,13.308
2077,Annual,Wales,0.441,12.481
2078,Annual,Wales,0.388,8.827
2079,Annual,Wales,0.455,14.338
2080,Annual,Wales,0.436,12.451
1981,DJF,East Midlands,0.471,7.068
1982,DJF,East Midlands,0.431,12.786
1983,DJF,East Midlands,0.453,6.223
1984,DJF,East Midlands,0.540,7.466
1985,DJF,East Midlands,0.518,7.175
1986,DJF,East Midlands,0.457,6.388
1987,DJF,East Midlands,0.434,4.893
1988,DJF,East Midlands,0.545,7.204
1989,DJF,East Midlands,0.557,8.990
1990,DJF,East Midlands,0.486,5.748
1991,DJF,East Midlands,0.518,6.951
1992,DJF,East Midlands,0.443,8.505
1993,DJF,East Midlands,0.515,5.922
1994,DJF,East Midlands,0.486,8.252
1995,DJF,East Midlands,0.474,6.874
1996,DJF,East Midlands,0.520,7.951
1997,DJF,East Midlands,0.477,6.680
1998,DJF,East Midlands,0.524,10.485
1999,DJF,East Midlands,0.460,6.612
2000,DJF,East Midlands,0.600,7.495
2001,DJF,East Midlands,0.488,8.019
2002,DJF,East Midlands,0.648,11.573
2003,DJF,East Midlands,0.548,6.981
2004,DJF,East Midlands,0.605,8.990
2005,DJF,East Midlands,0.417,6.544
2006,DJF,East Midlands,0.418,5.825
2007,DJF,East Midlands,0.466,6.146
2008,DJF,East Midlands,0.587,6.670
2009,DJF,East Midlands,0.501,5.961
2010,DJF,East Midlands,0.581,6.311
2011,DJF,East Midlands,0.450,10.252
2012,DJF,East Midlands,0.540,6.864
2013,DJF,East Midlands,0.383,6.058
2014,DJF,East Midlands,0.522,5.806
2015,DJF,East Midlands,0.530,9.990
2016,DJF,East Midlands,0.515,8.359
2017,DJF,East Midlands,0.507,7.019
2018,DJF,East Midlands,0.550,8.748
2019,DJF,East Midlands,0.536,6.864
2020,DJF,East Midlands,0.457,6.282
2021,DJF,East Midlands,0.513,7.922
2022,DJF,East Midlands,0.412,5.544
2023,DJF,East Midlands,0.510,13.107
2024,DJF,East Midlands,0.520,7.087
2025,DJF,East Midlands,0.595,8.058
2026,DJF,East Midlands,0.403,4.408
2027,DJF,East Midlands,0.405,6.718
2028,DJF,East Midlands,0.511,6.903
2029,DJF,East Midlands,0.487,5.417
2030,DJF,East Midlands,0.417,6.680
2031,DJF,East Midlands,0.455,7.427
2032,DJF,East Midlands,0.577,6.155
2033,DJF,East Midlands,0.426,5.233
2034,DJF,East Midlands,0.411,6.641
2035,DJF,East Midlands,0.533,10.262
2036,DJF,East Midlands,0.427,6.709
2037,DJF,East Midlands,0.515,7.398
2038,DJF,East Midlands,0.572,7.864
2039,DJF,East Midlands,0.505,9.864
2040,DJF,East Midlands,0.475,8.117
2041,DJF,East Midlands,0.383,3.864
2042,DJF,East Midlands,0.425,5.155
2043,DJF,East Midlands,0.582,7.010
2044,DJF,East Midlands,0.517,7.000
2045,DJF,East Midlands,0.387,6.233
2046,DJF,East Midlands,0.512,7.573
2047,DJF,East Midlands,0.435,5.544
2048,DJF,East Midlands,0.428,8.602
2049,DJF,East Midlands,0.429,5.398
2050,DJF,East Midlands,0.622,9.311
2051,DJF,East Midlands,0.486,9.951
2052,DJF,East Midlands,0.545,6.573
2053,DJF,East Midlands,0.531,7.437
2054,DJF,East Midlands,0.525,7.573
2055,DJF,East Midlands,0.585,7.534
2056,DJF,East Midlands,0.519,5.223
2057,DJF,East Midlands,0.505,6.893
2058,DJF,East Midlands,0.513,6.184
2059,DJF,East Midlands,0.448,5.845
2060,DJF,East Midlands,0.336,3.670
2061,DJF,East Midlands,0.562,10.078
2062,DJF,East Midlands,0.466,7.553
2063,DJF,East Midlands,0.531,11.029
2064,DJF,East Midlands,0.540,5.883
2065,DJF,East Midlands,0.424,6.583
2066,DJF,East Midlands,0.553,11.767
2067,DJF,East Midlands,0.550,5.534
2068,DJF,East Midlands,0.372,6.602
2069,DJF,East Midlands,0.451,7.806
2070,DJF,East Midlands,0.608,8.359
2071,DJF,East Midlands,0.530,7.913
2072,DJF,East Midlands,0.412,4.990
2073,DJF,East Midlands,0.629,8.961
2074,DJF,East Midlands,0.468,8.544
2075,DJF,East Midlands,0.483,6.087
2076,DJF,East Midlands,0.518,9.951
2077,DJF,East Midlands,0.465,4.592
2078,DJF,East Midlands,0.499,5.854
2079,DJF,East Midlands,0.598,8.039
2080,DJF,East Midlands,0.540,9.476
1981,DJF,East of England,0.513,7.134
1982,DJF,East of England,0.409,9.520
1983,DJF,East of England,0.465,6.976
1984,DJF,East of England,0.515,7.512
1985,DJF,East of England,0.503,8.283
1986,DJF,East of England,0.471,6.236
1987,DJF,East of England,0.406,4.646
1988,DJF,East of England,0.526,6.205
1989,DJF,East of England,0.523,10.858
1990,DJF,East of England,0.491,6.638
1991,DJF,East of England,0.488,6.173
1992,DJF,East of England,0.400,9.346
1993,DJF,East of England,0.513,6.024
1994,DJF,East of England,0.467,6.803
1995,DJF,East of England,0.498,7.992
1996,DJF,East of England,0.512,6.803
1997,DJF,East of England,0.460,7.063
1998,DJF,East of England,0.517,8.134
1999,DJF,East of England,0.427,6.031
2000,DJF,East of England,0.584,6.291
2001,DJF,East of England,0.487,7.843
2002,DJF,East of England,0.629,12.039
2003,DJF,East of England,0.514,5.654
2004,DJF,East of England,0.576,8.142
2005,DJF,East of England,0.418,6.094
2006,DJF,East of England,0.375,3.906
2007,DJF,East of England,0.434,6.441
2008,DJF,East of England,0.588,6.953
2009,DJF,East of England,0.453,4.362
2010,DJF,East of England,0.517,5.354
2011,DJF,East of England,0.433,9.362
2012,DJF,East of England,0.543,8.039
2013,DJF,East of England,0.359,4.858
2014,DJF,East of England,0.537,5.654
2015,DJF,East of England,0.534,10.102
2016,DJF,East of England,0.532,6.677
2017,DJF,East of England,0.490,6.063
2018,DJF,East of England,0.518,7.504
2019,DJF,East of England,0.479,5.803
2020,DJF,East of England,0.440,6.205
2021,DJF,East of England,0.471,6.559
2022,DJF,East of England,0.413,5.606
2023,DJF,East of England,0.483,11.087
2024,DJF,East of England,0.506,5.961
2025,DJF,East of England,0.566,6.913
2026,DJF,East of England,0.421,4.685
2027,DJF,East of England,0.381,5.661
2028,DJF,East of England,0.459,5.906
2029,DJF,East of England,0.464,7.622
2030,DJF,East of England,0.373,4.417
2031,DJF,East of England,0.391,5.606
2032,DJF,East of England,0.591,7.244
2033,DJF,East of England,0.410,4.685
2034,DJF,East of England,0.343,5.465
2035,DJF,East of England,0.540,9.858
2036,DJF,East of England,0.415,5.724
2037,DJF,East of England,0.534,8.465
2038,DJF,East of England,0.554,7.843
2039,DJF,East of England,0.510,12.850
2040,DJF,East of England,0.460,9.079
2041,DJF,East of England,0.368,3.984
2042,DJF,East of England,0.449,6.677
2043,DJF,East of England,0.591,7.079
2044,DJF,East of England,0.497,7.394
2045,DJF,East of England,0.352,5.071
2046,DJF,East of England,0.560,8.551
2047,DJF,East of England,0.414,6.701
2048,DJF,East of England,0.412,7.465
2049,DJF,East of England,0.385,4.992
2050,DJF,East of England,0.565,8.472
2051,DJF,East of England,0.460,4.323
2052,DJF,East of England,0.495,6.087
2053,DJF,East of England,0.516,8.094
2054,DJF,East of England,0.434,5.732
2055,DJF,East of England,0.553,7.000
2056,DJF,East of England,0.522,5.472
2057,DJF,East of England,0.484,6.016
2058,DJF,East of England,0.520,6.102
2059,DJF,East of England,0.452,7.228
2060,DJF,East of England,0.321,4.063
2061,DJF,East of England,0.559,10.346
2062,DJF,East of England,0.418,6.433
2063,DJF,East of England,0.494,7.685
2064,DJF,East of England,0.543,8.189
2065,DJF,East of England,0.438,5.551
2066,DJF,East of England,0.555,9.913
2067,DJF,East of England,0.536,5.843
2068,DJF,East of England,0.315,4.921
2069,DJF,East of England,0.477,7.921
2070,DJF,East of England,0.551,6.543
2071,DJF,East of England,0.501,6.787
2072,DJF,East of England,0.433,4.709
2073,DJF,East of England,0.585,7.598
2074,DJF,East of England,0.442,8.520
2075,DJF,East of England,0.478,7.984
2076,DJF,East of England,0.507,12.236
2077,DJF,East of England,0.430,3.984
2078,DJF,East of England,0.539,7.362
2079,DJF,East of England,0.564,7.094
2080,DJF,East of England,0.501,12.150
1981,DJF,East Scotland,0.582,8.912
1982,DJF,East Scotland,0.624,14.669
1983,DJF,East Scotland,0.538,7.888
1984,DJF,East Scotland,0.670,13.944
1985,DJF,East Scotland,0.535,8.606
1986,DJF,East Scotland,0.596,11.931
1987,DJF,East Scotland,0.550,9.938
1988,DJF,East Scotland,0.621,11.181
1989,DJF,East Scotland,0.677,12.213
1990,DJF,East Scotland,0.474,7.569
1991,DJF,East Scotland,0.602,10.125
1992,DJF,East Scotland,0.522,9.363
1993,DJF,East Scotland,0.586,8.469
1994,DJF,East Scotland,0.584,8.762
1995,DJF,East Scotland,0.548,12.406
1996,DJF,East Scotland,0.633,11.094
1997,DJF,East Scotland,0.533,8.531
1998,DJF,East Scotland,0.583,11.219
1999,DJF,East Scotland,0.611,12.081
2000,DJF,East Scotland,0.607,8.887
2001,DJF,East Scotland,0.521,10.075
2002,DJF,East Scotland,0.676,13.781
2003,DJF,East Scotland,0.656,15.306
2004,DJF,East Scotland,0.625,11.250
2005,DJF,East Scotland,0.599,9.406
2006,DJF,East Scotland,0.540,11.144
2007,DJF,East Scotland,0.634,12.125
2008,DJF,East Scotland,0.596,8.275
2009,DJF,East Scotland,0.543,7.700
2010,DJF,East Scotland,0.688,17.188
2011,DJF,East Scotland,0.505,8.537
2012,DJF,East Scotland,0.602,9.819
2013,DJF,East Scotland,0.509,9.881
2014,DJF,East Scotland,0.636,11.956
2015,DJF,East Scotland,0.562,8.800
2016,DJF,East Scotland,0.567,8.137
2017,DJF,East Scotland,0.623,10.194
2018,DJF,East Scotland,0.584,9.081
2019,DJF,East Scotland,0.628,11.575
2020,DJF,East Scotland,0.625,11.600
2021,DJF,East Scotland,0.619,9.969
2022,DJF,East Scotland,0.493,8.338
2023,DJF,East Scotland,0.500,9.969
2024,DJF,East Scotland,0.636,10.050
2025,DJF,East Scotland,0.691,13.619
2026,DJF,East Scotland,0.541,8.194
2027,DJF,East Scotland,0.490,10.456
2028,DJF,East Scotland,0.581,9.956
2029,DJF,East Scotland,0.600,10.062
2030,DJF,East Scotland,0.587,9.731
2031,DJF,East Scotland,0.541,9.912
2032,DJF,East Scotland,0.653,11.469
2033,DJF,East Scotland,0.532,7.125
2034,DJF,East Scotland,0.609,11.494
2035,DJF,East Scotland,0.533,8.481
2036,DJF,East Scotland,0.494,8.856
2037,DJF,East Scotland,0.586,9.350
2038,DJF,East Scotland,0.653,11.100
2039,DJF,East Scotland,0.605,11.269
2040,DJF,East Scotland,0.613,9.463
2041,DJF,East Scotland,0.538,6.950
2042,DJF,East Scotland,0.557,10.588
2043,DJF,East Scotland,0.588,8.825
2044,DJF,East Scotland,0.522,7.425
2045,DJF,East Scotland,0.616,11.588
2046,DJF,East Scotland,0.564,8.131
2047,DJF,East Scotland,0.544,8.469
2048,DJF,East Scotland,0.567,9.719
2049,DJF,East Scotland,0.598,10.225
2050,DJF,East Scotland,0.629,11.025
2051,DJF,East Scotland,0.573,9.094
2052,DJF,East Scotland,0.652,12.100
2053,DJF,East Scotland,0.494,8.456
2054,DJF,East Scotland,0.600,11.981
2055,DJF,East Scotland,0.641,12.000
2056,DJF,East Scotland,0.581,8.119
2057,DJF,East Scotland,0.526,8.531
2058,DJF,East Scotland,0.631,10.637
2059,DJF,East Scotland,0.544,8.906
2060,DJF,East Scotland,0.574,9.787
2061,DJF,East Scotland,0.556,9.037
2062,DJF,East Scotland,0.561,10.300
2063,DJF,East Scotland,0.528,9.050
2064,DJF,East Scotland,0.618,10.094
2065,DJF,East Scotland,0.524,8.800
2066,DJF,East Scotland,0.561,9.106
2067,DJF,East Scotland,0.593,8.856
2068,DJF,East Scotland,0.562,9.756
2069,DJF,East Scotland,0.518,9.894
2070,DJF,East Scotland,0.671,13.412
2071,DJF,East Scotland,0.562,9.637
2072,DJF,East Scotland,0.563,9.800
2073,DJF,East Scotland,0.559,10.669
2074,DJF,East Scotland,0.597,11.375
2075,DJF,East Scotland,0.548,9.069
2076,DJF,East Scotland,0.597,9.938
2077,DJF,East Scotland,0.630,9.825
2078,DJF,East Scotland,0.545,7.362
2079,DJF,East Scotland,0.625,13.375
2080,DJF,East Scotland,0.587,10.312
1981,DJF,London,0.483,9.667
1982,DJF,London,0.406,8.333
1983,DJF,London,0.431,4.917
1984,DJF,London,0.515,7.417
1985,DJF,London,0.453,7.250
1986,DJF,London,0.521,6.917
1987,DJF,London,0.405,4.917
1988,DJF,London,0.517,6.500
1989,DJF,London,0.559,10.333
1990,DJF,London,0.500,6.333
1991,DJF,London,0.481,6.500
1992,DJF,London,0.444,14.417
1993,DJF,London,0.475,4.917
1994,DJF,London,0.489,11.500
1995,DJF,London,0.500,6.750
1996,DJF,London,0.544,7.750
1997,DJF,London,0.471,11.000
1998,DJF,London,0.541,13.500
1999,DJF,London,0.499,5.750
2000,DJF,London,0.611,7.583
2001,DJF,London,0.538,10.917
2002,DJF,London,0.653,12.667
2003,DJF,London,0.567,10.250
2004,DJF,London,0.634,9.417
2005,DJF,London,0.380,4.250
2006,DJF,London,0.369,3.500
2007,DJF,London,0.462,5.417
2008,DJF,London,0.613,9.083
2009,DJF,London,0.476,5.333
2010,DJF,London,0.547,5.667
2011,DJF,London,0.498,12.917
2012,DJF,London,0.494,7.500
2013,DJF,London,0.383,5.083
2014,DJF,London,0.554,7.833
2015,DJF,London,0.553,11.833
2016,DJF,London,0.493,6.500
2017,DJF,London,0.519,5.333
2018,DJF,London,0.519,6.500
2019,DJF,London,0.561,9.333
2020,DJF,London,0.473,6.500
2021,DJF,London,0.542,7.500
2022,DJF,London,0.403,5.750
2023,DJF,London,0.488,11.000
2024,DJF,London,0.509,6.333
2025,DJF,London,0.591,7.000
2026,DJF,London,0.457,7.000
2027,DJF,London,0.395,4.583
2028,DJF,London,0.480,5.417
2029,DJF,London,0.491,7.250
2030,DJF,London,0.414,6.000
2031,DJF,London,0.417,7.417
2032,DJF,London,0.558,7.583
2033,DJF,London,0.457,7.000
2034,DJF,London,0.359,6.417
2035,DJF,London,0.536,10.333
2036,DJF,London,0.449,5.250
2037,DJF,London,0.575,10.583
2038,DJF,London,0.607,10.583
2039,DJF,London,0.515,15.417
2040,DJF,London,0.447,7.000
2041,DJF,London,0.395,4.417
2042,DJF,London,0.481,7.583
2043,DJF,London,0.643,9.833
2044,DJF,London,0.511,7.083
2045,DJF,London,0.396,4.000
2046,DJF,London,0.583,7.833
2047,DJF,London,0.440,6.250
2048,DJF,London,0.409,7.083
2049,DJF,London,0.414,5.083
2050,DJF,London,0.601,7.833
2051,DJF,London,0.442,4.167
2052,DJF,London,0.509,8.083
2053,DJF,London,0.559,8.000
2054,DJF,London,0.474,4.333
2055,DJF,London,0.623,11.917
2056,DJF,London,0.519,5.417
2057,DJF,London,0.505,6.500
2058,DJF,London,0.585,8.333
2059,DJF,London,0.505,9.167
2060,DJF,London,0.327,4.167
2061,DJF,London,0.574,9.250
2062,DJF,London,0.428,7.167
2063,DJF,London,0.485,6.750
2064,DJF,London,0.607,12.000
2065,DJF,London,0.449,5.750
2066,DJF,London,0.572,11.250
2067,DJF,London,0.525,5.083
2068,DJF,London,0.351,7.583
2069,DJF,London,0.490,6.333
2070,DJF,London,0.570,7.917
2071,DJF,London,0.523,7.583
2072,DJF,London,0.437,4.250
2073,DJF,London,0.545,7.250
2074,DJF,London,0.486,11.167
2075,DJF,London,0.502,6.583
2076,DJF,London,0.538,12.333
2077,DJF,London,0.453,4.250
2078,DJF,London,0.527,6.333
2079,DJF,London,0.609,7.583
2080,DJF,London,0.538,13.000
1981,DJF,North East England,0.527,7.386
1982,DJF,North East England,0.495,9.404
1983,DJF,North East England,0.526,7.825
1984,DJF,North East England,0.608,13.456
1985,DJF,North East England,0.490,7.509
1986,DJF,North East England,0.479,7.719
1987,DJF,North East England,0.504,7.123
1988,DJF,North East England,0.578,11.088
1989,DJF,North East England,0.563,8.982
1990,DJF,North East England,0.474,6.965
1991,DJF,North East England,0.545,8.158
1992,DJF,North East England,0.512,9.018
1993,DJF,North East England,0.561,7.140
1994,DJF,North East England,0.564,7.772
1995,DJF,North East England,0.479,7.386
1996,DJF,North East England,0.566,8.035
1997,DJF,North East England,0.551,8.158
1998,DJF,North East England,0.516,8.456
1999,DJF,North East England,0.533,9.281
2000,DJF,North East England,0.548,7.316
2001,DJF,North East England,0.509,9.404
2002,DJF,North East England,0.641,10.930
2003,DJF,North East England,0.632,10.877
2004,DJF,North East England,0.617,8.825
2005,DJF,North East England,0.491,6.772
2006,DJF,North East England,0.506,7.404
2007,DJF,North East England,0.529,6.789
2008,DJF,North East England,0.589,9.263
2009,DJF,North East England,0.468,6.035
2010,DJF,North East England,0.634,8.772
2011,DJF,North East England,0.433,5.544
2012,DJF,North East England,0.633,11.228
2013,DJF,North East England,0.416,6.474
2014,DJF,North East England,0.540,7.404
2015,DJF,North East England,0.537,7.298
2016,DJF,North East England,0.510,6.596
2017,DJF,North East England,0.523,9.298
2018,DJF,North East England,0.582,9.912
2019,DJF,North East England,0.547,8.368
2020,DJF,North East England,0.492,6.070
2021,DJF,North East England,0.538,9.000
2022,DJF,North East England,0.472,7.018
2023,DJF,North East England,0.513,11.947
2024,DJF,North East England,0.543,7.298
2025,DJF,North East England,0.616,10.123
2026,DJF,North East England,0.437,6.368
2027,DJF,North East England,0.477,9.912
2028,DJF,North East England,0.519,9.877
2029,DJF,North East England,0.540,9.333
2030,DJF,North East England,0.449,6.667
2031,DJF,North East England,0.496,9.737
2032,DJF,North East England,0.636,11.526
2033,DJF,North East England,0.442,6.158
2034,DJF,North East England,0.511,10.123
2035,DJF,North East England,0.547,8.439
2036,DJF,North East England,0.432,6.298
2037,DJF,North East England,0.546,9.123
2038,DJF,North East England,0.638,9.614
2039,DJF,North East England,0.525,6.825
2040,DJF,North East England,0.586,10.596
2041,DJF,North East England,0.479,6.491
2042,DJF,North East England,0.455,6.368
2043,DJF,North East England,0.591,10.526
2044,DJF,North East England,0.547,8.772
2045,DJF,North East England,0.551,10.596
2046,DJF,North East England,0.526,6.596
2047,DJF,North East England,0.467,7.298
2048,DJF,North East England,0.483,7.140
2049,DJF,North East England,0.474,6.842
2050,DJF,North East England,0.600,8.316
2051,DJF,North East England,0.519,7.263
2052,DJF,North East England,0.595,10.105
2053,DJF,North East England,0.553,10.860
2054,DJF,North East England,0.551,6.491
2055,DJF,North East England,0.598,9.456
2056,DJF,North East England,0.579,7.351
2057,DJF,North East England,0.508,8.263
2058,DJF,North East England,0.558,8.667
2059,DJF,North East England,0.479,6.333
2060,DJF,North East England,0.487,7.351
2061,DJF,North East England,0.541,7.193
2062,DJF,North East England,0.475,7.333
2063,DJF,North East England,0.493,10.053
2064,DJF,North East England,0.583,8.614
2065,DJF,North East England,0.481,8.088
2066,DJF,North East England,0.520,8.175
2067,DJF,North East England,0.504,6.474
2068,DJF,North East England,0.494,7.544
2069,DJF,North East England,0.462,8.421
2070,DJF,North East England,0.572,7.368
2071,DJF,North East England,0.530,8.596
2072,DJF,North East England,0.477,6.316
2073,DJF,North East England,0.600,9.404
2074,DJF,North East England,0.546,9.140
2075,DJF,North East England,0.507,8.123
2076,DJF,North East England,0.510,6.439
2077,DJF,North East England,0.530,6.947
2078,DJF,North East England,0.535,8.316
2079,DJF,North East England,0.618,10.737
2080,DJF,North East England,0.538,9.123
1981,DJF,North Scotland,0.668,12.269
1982,DJF,North Scotland,0.750,17.590
1983,DJF,North Scotland,0.596,9.877
1984,DJF,North Scotland,0.661,12.948
1985,DJF,North Scotland,0.594,11.764
1986,DJF,North Scotland,0.662,13.939
1987,DJF,North Scotland,0.660,13.222
1988,DJF,North Scotland,0.799,19.920
1989,DJF,North Scotland,0.701,13.868
1990,DJF,North Scotland,0.486,7.415
1991,DJF,North Scotland,0.724,18.057
1992,DJF,North Scotland,0.589,11.689
1993,DJF,North Scotland,0.652,13.726
1994,DJF,North Scotland,0.550,8.392
1995,DJF,North Scotland,0.695,22.736
1996,DJF,North Scotland,0.701,15.024
1997,DJF,North Scotland,0.546,10.472
1998,DJF,North Scotland,0.669,13.491
1999,DJF,North Scotland,0.694,15.934
2000,DJF,North Scotland,0.654,10.090
2001,DJF,North Scotland,0.468,10.028
2002,DJF,North Scotland,0.692,15.047
2003,DJF,North Scotland,0.725,17.241
2004,DJF,North Scotland,0.577,10.307
2005,DJF,North Scotland,0.787,19.467
2006,DJF,North Scotland,0.632,17.425
2007,DJF,North Scotland,0.655,14.080
2008,DJF,North Scotland,0.628,9.481
2009,DJF,North Scotland,0.546,8.920
2010,DJF,North Scotland,0.731,15.868
2011,DJF,North Scotland,0.637,13.646
2012,DJF,North Scotland,0.476,8.085
2013,DJF,North Scotland,0.664,15.123
2014,DJF,North Scotland,0.695,13.500
2015,DJF,North Scotland,0.649,19.509
2016,DJF,North Scotland,0.704,12.406
2017,DJF,North Scotland,0.708,13.019
2018,DJF,North Scotland,0.652,14.061
2019,DJF,North Scotland,0.647,14.774
2020,DJF,North Scotland,0.737,14.604
2021,DJF,North Scotland,0.706,11.665
2022,DJF,North Scotland,0.634,11.726
2023,DJF,North Scotland,0.462,8.396
2024,DJF,North Scotland,0.702,12.774
2025,DJF,North Scotland,0.743,16.566
2026,DJF,North Scotland,0.698,14.906
2027,DJF,North Scotland,0.493,10.722
2028,DJF,North Scotland,0.686,19.660
2029,DJF,North Scotland,0.660,14.245
2030,DJF,North Scotland,0.593,12.047
2031,DJF,North Scotland,0.639,16.547
2032,DJF,North Scotland,0.693,14.104
2033,DJF,North Scotland,0.574,9.349
2034,DJF,North Scotland,0.710,18.108
2035,DJF,North Scotland,0.467,9.146
2036,DJF,North Scotland,0.562,11.198
2037,DJF,North Scotland,0.676,13.580
2038,DJF,North Scotland,0.631,10.519
2039,DJF,North Scotland,0.673,13.514
2040,DJF,North Scotland,0.670,10.057
2041,DJF,North Scotland,0.686,11.698
2042,DJF,North Scotland,0.578,12.160
2043,DJF,North Scotland,0.685,14.689
2044,DJF,North Scotland,0.581,10.906
2045,DJF,North Scotland,0.620,16.679
2046,DJF,North Scotland,0.620,9.552
2047,DJF,North Scotland,0.683,12.618
2048,DJF,North Scotland,0.643,11.689
2049,DJF,North Scotland,0.738,20.373
2050,DJF,North Scotland,0.713,15.882
2051,DJF,North Scotland,0.708,13.542
2052,DJF,North Scotland,0.761,19.099
2053,DJF,North Scotland,0.558,11.396
2054,DJF,North Scotland,0.720,27.198
2055,DJF,North Scotland,0.735,17.321
2056,DJF,North Scotland,0.588,9.420
2057,DJF,North Scotland,0.501,8.278
2058,DJF,North Scotland,0.728,18.217
2059,DJF,North Scotland,0.671,14.085
2060,DJF,North Scotland,0.714,15.208
2061,DJF,North Scotland,0.686,16.113
2062,DJF,North Scotland,0.542,14.033
2063,DJF,North Scotland,0.651,14.915
2064,DJF,North Scotland,0.720,14.915
2065,DJF,North Scotland,0.589,10.288
2066,DJF,North Scotland,0.518,12.571
2067,DJF,North Scotland,0.721,14.042
2068,DJF,North Scotland,0.723,15.552
2069,DJF,North Scotland,0.658,12.401
2070,DJF,North Scotland,0.707,15.769
2071,DJF,North Scotland,0.687,14.358
2072,DJF,North Scotland,0.642,14.472
2073,DJF,North Scotland,0.524,7.967
2074,DJF,North Scotland,0.739,15.151
2075,DJF,North Scotland,0.563,10.142
2076,DJF,North Scotland,0.581,10.066
2077,DJF,North Scotland,0.677,13.075
2078,DJF,North Scotland,0.463,6.807
2079,DJF,North Scotland,0.586,9.656
2080,DJF,North Scotland,0.684,17.108
1981,DJF,North West England,0.627,9.226
1982,DJF,North West England,0.674,14.409
1983,DJF,North West England,0.579,16.903
1984,DJF,North West England,0.702,13.215
1985,DJF,North West England,0.568,9.075
1986,DJF,North West England,0.663,10.688
1987,DJF,North West England,0.594,11.237
1988,DJF,North West England,0.748,15.151
1989,DJF,North West England,0.750,16.925
1990,DJF,North West England,0.546,9.280
1991,DJF,North West England,0.738,14.527
1992,DJF,North West England,0.616,15.237
1993,DJF,North West England,0.610,8.645
1994,DJF,North West England,0.620,11.065
1995,DJF,North West England,0.692,15.333
1996,DJF,North West England,0.692,12.022
1997,DJF,North West England,0.542,7.602
1998,DJF,North West England,0.679,18.237
1999,DJF,North West England,0.700,14.634
2000,DJF,North West England,0.705,13.194
2001,DJF,North West England,0.494,9.828
2002,DJF,North West England,0.769,15.699
2003,DJF,North West England,0.730,18.559
2004,DJF,North West England,0.647,10.505
2005,DJF,North West England,0.677,12.280
2006,DJF,North West England,0.568,12.473
2007,DJF,North West England,0.594,8.280
2008,DJF,North West England,0.700,13.086
2009,DJF,North West England,0.626,9.538
2010,DJF,North West England,0.789,16.591
2011,DJF,North West England,0.584,13.323
2012,DJF,North West England,0.503,9.839
2013,DJF,North West England,0.526,10.237
2014,DJF,North West England,0.694,15.151
2015,DJF,North West England,0.647,10.613
2016,DJF,North West England,0.618,14.054
2017,DJF,North West England,0.718,12.806
2018,DJF,North West England,0.696,12.183
2019,DJF,North West England,0.673,11.624
2020,DJF,North West England,0.739,12.935
2021,DJF,North West England,0.712,12.452
2022,DJF,North West England,0.565,10.043
2023,DJF,North West England,0.517,11.441
2024,DJF,North West England,0.681,12.731
2025,DJF,North West England,0.773,16.355
2026,DJF,North West England,0.589,8.183
2027,DJF,North West England,0.452,8.215
2028,DJF,North West England,0.684,20.785
2029,DJF,North West England,0.662,11.032
2030,DJF,North West England,0.593,10.978
2031,DJF,North West England,0.676,18.441
2032,DJF,North West England,0.726,14.065
2033,DJF,North West England,0.531,9.860
2034,DJF,North West England,0.680,14.108
2035,DJF,North West England,0.590,12.097
2036,DJF,North West England,0.588,13.054
2037,DJF,North West England,0.732,15.570
2038,DJF,North West England,0.734,15.656
2039,DJF,North West England,0.702,14.462
2040,DJF,North West England,0.683,13.280
2041,DJF,North West England,0.620,8.419
2042,DJF,North West England,0.572,7.656
2043,DJF,North West England,0.734,15.086
2044,DJF,North West England,0.665,15.505
2045,DJF,North West England,0.650,16.849
2046,DJF,North West England,0.669,12.828
2047,DJF,North West England,0.608,10.344
2048,DJF,North West England,0.591,9.720
2049,DJF,North West England,0.716,10.688
2050,DJF,North West England,0.777,18.204
2051,DJF,North West England,0.662,11.505
2052,DJF,North West England,0.768,19.333
2053,DJF,North West England,0.609,15.591
2054,DJF,North West England,0.715,14.086
2055,DJF,North West England,0.794,16.957
2056,DJF,North West England,0.577,8.720
2057,DJF,North West England,0.597,12.935
2058,DJF,North West England,0.743,13.108
2059,DJF,North West England,0.670,11.075
2060,DJF,North West England,0.649,12.301
2061,DJF,North West England,0.735,11.505
2062,DJF,North West England,0.551,12.677
2063,DJF,North West England,0.688,21.634
2064,DJF,North West England,0.758,13.398
2065,DJF,North West England,0.606,14.796
2066,DJF,North West England,0.597,13.032
2067,DJF,North West England,0.724,16.183
2068,DJF,North West England,0.667,12.323
2069,DJF,North West England,0.607,12.108
2070,DJF,North West England,0.761,16.398
2071,DJF,North West England,0.714,15.269
2072,DJF,North West England,0.581,10.376
2073,DJF,North West England,0.587,8.022
2074,DJF,North West England,0.768,16.903
2075,DJF,North West England,0.626,11.559
2076,DJF,North West England,0.657,12.215
2077,DJF,North West England,0.699,11.172
2078,DJF,North West England,0.518,7.828
2079,DJF,North West England,0.698,12.860
2080,DJF,North West England,0.722,14.430
1981,DJF,South East England,0.480,7.915
1982,DJF,South East England,0.429,10.068
1983,DJF,South East England,0.448,5.483
1984,DJF,South East England,0.558,9.525
1985,DJF,South East England,0.459,7.941
1986,DJF,South East England,0.529,6.492
1987,DJF,South East England,0.407,4.458
1988,DJF,South East England,0.500,6.475
1989,DJF,South East England,0.563,9.975
1990,DJF,South East England,0.506,8.000
1991,DJF,South East England,0.479,5.924
1992,DJF,South East England,0.427,8.331
1993,DJF,South East England,0.483,6.814
1994,DJF,South East England,0.498,9.178
1995,DJF,South East England,0.473,6.034
1996,DJF,South East England,0.543,7.703
1997,DJF,South East England,0.495,8.746
1998,DJF,South East England,0.552,12.441
1999,DJF,South East England,0.484,6.263
2000,DJF,South East England,0.620,6.873
2001,DJF,South East England,0.557,8.017
2002,DJF,South East England,0.644,10.661
2003,DJF,South East England,0.586,10.008
2004,DJF,South East England,0.627,8.856
2005,DJF,South East England,0.381,4.161
2006,DJF,South East England,0.413,4.568
2007,DJF,South East England,0.485,5.771
2008,DJF,South East England,0.641,8.559
2009,DJF,South East England,0.486,6.949
2010,DJF,South East England,0.589,6.169
2011,DJF,South East England,0.513,11.559
2012,DJF,South East England,0.504,7.712
2013,DJF,South East England,0.393,6.314
2014,DJF,South East England,0.549,6.653
2015,DJF,South East England,0.563,13.212
2016,DJF,South East England,0.511,7.153
2017,DJF,South East England,0.532,5.669
2018,DJF,South East England,0.573,8.636
2019,DJF,South East England,0.542,8.941
2020,DJF,South East England,0.507,6.288
2021,DJF,South East England,0.570,9.237
2022,DJF,South East England,0.426,6.025
2023,DJF,South East England,0.507,10.136
2024,DJF,South East England,0.513,7.085
2025,DJF,South East England,0.621,8.195
2026,DJF,South East England,0.468,7.017
2027,DJF,South East England,0.404,5.788
2028,DJF,South East England,0.485,7.034
2029,DJF,South East England,0.505,7.729
2030,DJF,South East England,0.460,6.000
2031,DJF,South East England,0.414,6.288
2032,DJF,South East England,0.547,8.008
2033,DJF,South East England,0.452,6.415
2034,DJF,South East England,0.388,8.288
2035,DJF,South East England,0.553,10.653
2036,DJF,South East England,0.452,6.695
2037,DJF,South East England,0.561,7.025
2038,DJF,South East England,0.611,10.322
2039,DJF,South East England,0.519,15.203
2040,DJF,South East England,0.464,7.636
2041,DJF,South East England,0.419,4.186
2042,DJF,South East England,0.506,7.364
2043,DJF,South East England,0.607,9.195
2044,DJF,South East England,0.509,8.559
2045,DJF,South East England,0.392,4.314
2046,DJF,South East England,0.577,6.856
2047,DJF,South East England,0.446,6.305
2048,DJF,South East England,0.429,9.059
2049,DJF,South East England,0.466,7.034
2050,DJF,South East England,0.622,7.661
2051,DJF,South East England,0.449,6.178
2052,DJF,South East England,0.543,6.144
2053,DJF,South East England,0.546,7.263
2054,DJF,South East England,0.517,7.398
2055,DJF,South East England,0.627,11.093
2056,DJF,South East England,0.474,6.068
2057,DJF,South East England,0.485,7.017
2058,DJF,South East England,0.570,7.492
2059,DJF,South East England,0.524,9.051
2060,DJF,South East England,0.336,4.525
2061,DJF,South East England,0.571,13.203
2062,DJF,South East England,0.427,6.797
2063,DJF,South East England,0.495,6.864
2064,DJF,South East England,0.578,9.237
2065,DJF,South East England,0.461,5.873
2066,DJF,South East England,0.591,11.432
2067,DJF,South East England,0.547,4.992
2068,DJF,South East England,0.365,7.127
2069,DJF,South East England,0.461,6.788
2070,DJF,South East England,0.614,9.593
2071,DJF,South East England,0.511,6.881
2072,DJF,South East England,0.451,5.305
2073,DJF,South East England,0.572,7.924
2074,DJF,South East England,0.510,12.754
2075,DJF,South East England,0.507,6.314
2076,DJF,South East England,0.553,10.966
2077,DJF,South East England,0.455,4.669
2078,DJF,South East England,0.512,6.220
2079,DJF,South East England,0.620,8.051
2080,DJF,South East England,0.550,10.093
1981,DJF,South West England,0.499,7.026
1982,DJF,South West England,0.449,7.769
1983,DJF,South West England,0.490,6.962
1984,DJF,South West England,0.588,10.994
1985,DJF,South West England,0.557,8.353
1986,DJF,South West England,0.612,7.551
1987,DJF,South West England,0.457,5.404
1988,DJF,South West England,0.554,8.019
1989,DJF,South West England,0.615,10.853
1990,DJF,South West England,0.542,8.788
1991,DJF,South West England,0.583,8.776
1992,DJF,South West England,0.488,9.410
1993,DJF,South West England,0.546,7.545
1994,DJF,South West England,0.561,8.878
1995,DJF,South West England,0.521,10.186
1996,DJF,South West England,0.550,7.019
1997,DJF,South West England,0.518,9.654
1998,DJF,South West England,0.565,12.308
1999,DJF,South West England,0.611,10.205
2000,DJF,South West England,0.653,7.615
2001,DJF,South West England,0.560,8.006
2002,DJF,South West England,0.687,11.449
2003,DJF,South West England,0.622,9.596
2004,DJF,South West England,0.672,11.660
2005,DJF,South West England,0.435,5.635
2006,DJF,South West England,0.454,6.615
2007,DJF,South West England,0.536,6.859
2008,DJF,South West England,0.638,9.654
2009,DJF,South West England,0.550,9.564
2010,DJF,South West England,0.650,8.949
2011,DJF,South West England,0.559,10.244
2012,DJF,South West England,0.488,8.910
2013,DJF,South West England,0.437,7.808
2014,DJF,South West England,0.587,8.103
2015,DJF,South West England,0.636,13.109
2016,DJF,South West England,0.541,8.750
2017,DJF,South West England,0.565,6.577
2018,DJF,South West England,0.633,10.353
2019,DJF,South West England,0.587,9.558
2020,DJF,South West England,0.593,7.962
2021,DJF,South West England,0.592,9.474
2022,DJF,South West England,0.466,6.622
2023,DJF,South West England,0.532,10.994
2024,DJF,South West England,0.572,8.859
2025,DJF,South West England,0.690,10.737
2026,DJF,South West England,0.501,8.917
2027,DJF,South West England,0.369,5.109
2028,DJF,South West England,0.575,9.756
2029,DJF,South West England,0.548,7.596
2030,DJF,South West England,0.564,7.314
2031,DJF,South West England,0.515,8.494
2032,DJF,South West England,0.604,8.981
2033,DJF,South West England,0.526,7.077
2034,DJF,South West England,0.453,10.571
2035,DJF,South West England,0.540,10.526
2036,DJF,South West England,0.505,9.410
2037,DJF,South West England,0.620,8.083
2038,DJF,South West England,0.646,12.103
2039,DJF,South West England,0.564,15.808
2040,DJF,South West England,0.514,7.827
2041,DJF,South West England,0.515,5.897
2042,DJF,South West England,0.552,7.244
2043,DJF,South West England,0.637,10.545
2044,DJF,South West England,0.573,10.449
2045,DJF,South West England,0.475,7.269
2046,DJF,South West England,0.633,8.718
2047,DJF,South West England,0.501,7.712
2048,DJF,South West England,0.466,10.301
2049,DJF,South West England,0.568,8.942
2050,DJF,South West England,0.681,11.577
2051,DJF,South West England,0.502,5.744
2052,DJF,South West England,0.593,7.718
2053,DJF,South West England,0.545,8.609
2054,DJF,South West England,0.607,7.821
2055,DJF,South West England,0.664,11.667
2056,DJF,South West England,0.489,6.359
2057,DJF,South West England,0.522,9.301
2058,DJF,South West England,0.622,8.218
2059,DJF,South West England,0.529,8.603
2060,DJF,South West England,0.405,5.974
2061,DJF,South West England,0.616,14.641
2062,DJF,South West England,0.473,7.500
2063,DJF,South West England,0.570,11.795
2064,DJF,South West England,0.651,8.801
2065,DJF,South West England,0.462,6.404
2066,DJF,South West England,0.617,10.282
2067,DJF,South West England,0.623,7.647
2068,DJF,South West England,0.443,8.571
2069,DJF,South West England,0.490,8.519
2070,DJF,South West England,0.652,9.340
2071,DJF,South West England,0.590,6.917
2072,DJF,South West England,0.508,9.006
2073,DJF,South West England,0.618,9.237
2074,DJF,South West England,0.568,11.974
2075,DJF,South West England,0.568,8.199
2076,DJF,South West England,0.582,12.994
2077,DJF,South West England,0.574,6.686
2078,DJF,South West England,0.466,6.372
2079,DJF,South West England,0.661,11.083
2080,DJF,South West England,0.625,9.340
1981,DJF,West Midlands,0.462,6.000
1982,DJF,West Midlands,0.469,11.453
1983,DJF,West Midlands,0.453,6.605
1984,DJF,West Midlands,0.560,8.337
1985,DJF,West Midlands,0.487,6.907
1986,DJF,West Midlands,0.502,5.826
1987,DJF,West Midlands,0.419,4.744
1988,DJF,West Midlands,0.513,6.314
1989,DJF,West Midlands,0.560,8.872
1990,DJF,West Midlands,0.474,5.965
1991,DJF,West Midlands,0.561,8.570
1992,DJF,West Midlands,0.460,8.151
1993,DJF,West Midlands,0.521,7.244
1994,DJF,West Midlands,0.519,9.965
1995,DJF,West Midlands,0.485,7.233
1996,DJF,West Midlands,0.524,7.733
1997,DJF,West Midlands,0.479,9.012
1998,DJF,West Midlands,0.534,8.919
1999,DJF,West Midlands,0.498,5.965
2000,DJF,West Midlands,0.640,7.640
2001,DJF,West Midlands,0.497,5.698
2002,DJF,West Midlands,0.626,10.814
2003,DJF,West Midlands,0.550,8.221
2004,DJF,West Midlands,0.585,8.372
2005,DJF,West Midlands,0.414,7.337
2006,DJF,West Midlands,0.418,5.070
2007,DJF,West Midlands,0.466,6.012
2008,DJF,West Midlands,0.599,7.756
2009,DJF,West Midlands,0.510,7.523
2010,DJF,West Midlands,0.607,6.372
2011,DJF,West Midlands,0.494,10.895
2012,DJF,West Midlands,0.454,6.802
2013,DJF,West Midlands,0.405,6.977
2014,DJF,West Midlands,0.528,6.477
2015,DJF,West Midlands,0.537,11.058
2016,DJF,West Midlands,0.487,10.174
2017,DJF,West Midlands,0.498,6.209
2018,DJF,West Midlands,0.601,10.430
2019,DJF,West Midlands,0.548,7.302
2020,DJF,West Midlands,0.488,6.233
2021,DJF,West Midlands,0.549,7.919
2022,DJF,West Midlands,0.407,6.174
2023,DJF,West Midlands,0.526,11.535
2024,DJF,West Midlands,0.523,8.488
2025,DJF,West Midlands,0.642,8.907
2026,DJF,West Midlands,0.443,6.686
2027,DJF,West Midlands,0.386,4.884
2028,DJF,West Midlands,0.523,7.140
2029,DJF,West Midlands,0.497,6.140
2030,DJF,West Midlands,0.482,7.256
2031,DJF,West Midlands,0.459,10.628
2032,DJF,West Midlands,0.555,6.907
2033,DJF,West Midlands,0.453,6.267
2034,DJF,West Midlands,0.404,6.802
2035,DJF,West Midlands,0.516,8.709
2036,DJF,West Midlands,0.469,8.256
2037,DJF,West Midlands,0.554,7.744
2038,DJF,West Midlands,0.606,9.593
2039,DJF,West Midlands,0.522,11.465
2040,DJF,West Midlands,0.477,8.988
2041,DJF,West Midlands,0.456,5.116
2042,DJF,West Midlands,0.484,6.326
2043,DJF,West Midlands,0.593,8.907
2044,DJF,West Midlands,0.549,8.186
2045,DJF,West Midlands,0.415,7.802
2046,DJF,West Midlands,0.553,7.488
2047,DJF,West Midlands,0.482,5.395
2048,DJF,West Midlands,0.409,8.674
2049,DJF,West Midlands,0.457,5.233
2050,DJF,West Midlands,0.630,7.581
2051,DJF,West Midlands,0.505,8.477
2052,DJF,West Midlands,0.553,7.651
2053,DJF,West Midlands,0.563,11.151
2054,DJF,West Midlands,0.538,9.302
2055,DJF,West Midlands,0.630,9.640
2056,DJF,West Midlands,0.479,5.791
2057,DJF,West Midlands,0.520,7.791
2058,DJF,West Midlands,0.529,6.488
2059,DJF,West Midlands,0.476,6.826
2060,DJF,West Midlands,0.340,4.186
2061,DJF,West Midlands,0.569,9.698
2062,DJF,West Midlands,0.436,7.198
2063,DJF,West Midlands,0.521,9.360
2064,DJF,West Midlands,0.574,7.535
2065,DJF,West Midlands,0.433,7.058
2066,DJF,West Midlands,0.555,12.919
2067,DJF,West Midlands,0.572,6.628
2068,DJF,West Midlands,0.379,7.349
2069,DJF,West Midlands,0.475,9.384
2070,DJF,West Midlands,0.627,9.872
2071,DJF,West Midlands,0.541,7.930
2072,DJF,West Midlands,0.443,6.000
2073,DJF,West Midlands,0.585,9.547
2074,DJF,West Midlands,0.520,10.570
2075,DJF,West Midlands,0.526,6.430
2076,DJF,West Midlands,0.521,11.430
2077,DJF,West Midlands,0.510,5.384
2078,DJF,West Midlands,0.481,5.535
2079,DJF,West Midlands,0.646,8.093
2080,DJF,West Midlands,0.613,10.767
1981,DJF,West Scotland,0.645,9.121
1982,DJF,West Scotland,0.748,13.689
1983,DJF,West Scotland,0.502,8.030
1984,DJF,West Scotland,0.756,13.235
1985,DJF,West Scotland,0.570,8.977
1986,DJF,West Scotland,0.732,16.417
1987,DJF,West Scotland,0.638,11.424
1988,DJF,West Scotland,0.762,16.470
1989,DJF,West Scotland,0.794,14.909
1990,DJF,West Scotland,0.513,8.053
1991,DJF,West Scotland,0.797,15.295
1992,DJF,West Scotland,0.613,12.008
1993,DJF,West Scotland,0.622,11.939
1994,DJF,West Scotland,0.647,10.197
1995,DJF,West Scotland,0.696,21.667
1996,DJF,West Scotland,0.707,12.008
1997,DJF,West Scotland,0.569,9.258
1998,DJF,West Scotland,0.699,16.780
1999,DJF,West Scotland,0.737,15.773
2000,DJF,West Scotland,0.718,12.485
2001,DJF,West Scotland,0.469,11.053
2002,DJF,West Scotland,0.730,11.811
2003,DJF,West Scotland,0.768,17.432
2004,DJF,West Scotland,0.589,11.030
2005,DJF,West Scotland,0.765,15.000
2006,DJF,West Scotland,0.554,13.780
2007,DJF,West Scotland,0.698,11.348
2008,DJF,West Scotland,0.642,8.841
2009,DJF,West Scotland,0.617,8.348
2010,DJF,West Scotland,0.770,21.023
2011,DJF,West Scotland,0.575,9.553
2012,DJF,West Scotland,0.476,8.144
2013,DJF,West Scotland,0.588,13.803
2014,DJF,West Scotland,0.710,13.795
2015,DJF,West Scotland,0.659,14.371
2016,DJF,West Scotland,0.632,10.265
2017,DJF,West Scotland,0.769,12.848
2018,DJF,West Scotland,0.695,14.068
2019,DJF,West Scotland,0.679,11.455
2020,DJF,West Scotland,0.772,15.288
2021,DJF,West Scotland,0.741,11.727
2022,DJF,West Scotland,0.544,9.826
2023,DJF,West Scotland,0.511,10.455
2024,DJF,West Scotland,0.703,12.818
2025,DJF,West Scotland,0.804,16.591
2026,DJF,West Scotland,0.675,12.144
2027,DJF,West Scotland,0.416,6.144
2028,DJF,West Scotland,0.714,17.121
2029,DJF,West Scotland,0.723,14.576
2030,DJF,West Scotland,0.682,14.576
2031,DJF,West Scotland,0.682,14.098
2032,DJF,West Scotland,0.759,16.705
2033,DJF,West Scotland,0.546,9.280
2034,DJF,West Scotland,0.750,15.947
2035,DJF,West Scotland,0.543,9.955
2036,DJF,West Scotland,0.570,10.561
2037,DJF,West Scotland,0.722,15.250
2038,DJF,West Scotland,0.748,13.189
2039,DJF,West Scotland,0.676,14.061
2040,DJF,West Scotland,0.677,10.712
2041,DJF,West Scotland,0.677,10.977
2042,DJF,West Scotland,0.640,13.053
2043,DJF,West Scotland,0.678,11.682
2044,DJF,West Scotland,0.630,13.803
2045,DJF,West Scotland,0.689,14.455
2046,DJF,West Scotland,0.654,11.265
2047,DJF,West Scotland,0.664,11.705
2048,DJF,West Scotland,0.637,11.591
2049,DJF,West Scotland,0.791,16.205
2050,DJF,West Scotland,0.761,18.568
2051,DJF,West Scotland,0.670,13.326
2052,DJF,West Scotland,0.780,18.348
2053,DJF,West Scotland,0.510,14.023
2054,DJF,West Scotland,0.722,14.023
2055,DJF,West Scotland,0.758,16.136
2056,DJF,West Scotland,0.562,9.795
2057,DJF,West Scotland,0.545,12.614
2058,DJF,West Scotland,0.743,14.818
2059,DJF,West Scotland,0.674,11.848
2060,DJF,West Scotland,0.733,14.311
2061,DJF,West Scotland,0.689,13.803
2062,DJF,West Scotland,0.609,14.091
2063,DJF,West Scotland,0.689,14.841
2064,DJF,West Scotland,0.755,13.500
2065,DJF,West Scotland,0.601,12.545
2066,DJF,West Scotland,0.566,13.924
2067,DJF,West Scotland,0.763,17.924
2068,DJF,West Scotland,0.738,14.742
2069,DJF,West Scotland,0.623,13.348
2070,DJF,West Scotland,0.789,17.750
2071,DJF,West Scotland,0.699,12.917
2072,DJF,West Scotland,0.691,17.114
2073,DJF,West Scotland,0.560,9.053
2074,DJF,West Scotland,0.781,14.886
2075,DJF,West Scotland,0.645,12.909
2076,DJF,West Scotland,0.653,12.068
2077,DJF,West Scotland,0.754,13.773
2078,DJF,West Scotland,0.525,8.447
2079,DJF,West Scotland,0.634,8.220
2080,DJF,West Scotland,0.726,12.742
1981,DJF,Yorkshire and Humber,0.500,5.743
1982,DJF,Yorkshire and Humber,0.481,13.485
1983,DJF,Yorkshire and Humber,0.509,8.149
1984,DJF,Yorkshire and Humber,0.572,10.238
1985,DJF,Yorkshire and Humber,0.524,7.693
1986,DJF,Yorkshire and Humber,0.496,7.911
1987,DJF,Yorkshire and Humber,0.486,6.515
1988,DJF,Yorkshire and Humber,0.563,8.743
1989,DJF,Yorkshire and Humber,0.564,8.851
1990,DJF,Yorkshire and Humber,0.530,6.713
1991,DJF,Yorkshire and Humber,0.542,8.050
1992,DJF,Yorkshire and Humber,0.486,8.485
1993,DJF,Yorkshire and Humber,0.537,6.020
1994,DJF,Yorkshire and Humber,0.514,7.663
1995,DJF,Yorkshire and Humber,0.467,7.960
1996,DJF,Yorkshire and Humber,0.548,8.624
1997,DJF,Yorkshire and Humber,0.518,6.762
1998,DJF,Yorkshire and Humber,0.533,8.832
1999,DJF,Yorkshire and Humber,0.486,8.396
2000,DJF,Yorkshire and Humber,0.563,8.366
2001,DJF,Yorkshire and Humber,0.540,9.089
2002,DJF,Yorkshire and Humber,0.641,11.356
2003,DJF,Yorkshire and Humber,0.595,9.851
2004,DJF,Yorkshire and Humber,0.654,10.010
2005,DJF,Yorkshire and Humber,0.449,7.079
2006,DJF,Yorkshire and Humber,0.479,7.465
2007,DJF,Yorkshire and Humber,0.482,6.257
2008,DJF,Yorkshire and Humber,0.584,8.733
2009,DJF,Yorkshire and Humber,0.483,6.931
2010,DJF,Yorkshire and Humber,0.640,10.406
2011,DJF,Yorkshire and Humber,0.475,7.911
2012,DJF,Yorkshire and Humber,0.574,10.663
2013,DJF,Yorkshire and Humber,0.395,6.733
2014,DJF,Yorkshire and Humber,0.569,9.762
2015,DJF,Yorkshire and Humber,0.515,8.168
2016,DJF,Yorkshire and Humber,0.545,8.851
2017,DJF,Yorkshire and Humber,0.519,7.446
2018,DJF,Yorkshire and Humber,0.589,8.475
2019,DJF,Yorkshire and Humber,0.559,7.386
2020,DJF,Yorkshire and Humber,0.521,6.644
2021,DJF,Yorkshire and Humber,0.563,9.307
2022,DJF,Yorkshire and Humber,0.446,6.812
2023,DJF,Yorkshire and Humber,0.545,11.475
2024,DJF,Yorkshire and Humber,0.538,7.901
2025,DJF,Yorkshire and Humber,0.642,9.832
2026,DJF,Yorkshire and Humber,0.419,5.802
2027,DJF,Yorkshire and Humber,0.446,7.743
2028,DJF,Yorkshire and Humber,0.550,10.327
2029,DJF,Yorkshire and Humber,0.515,7.653
2030,DJF,Yorkshire and Humber,0.450,6.594
2031,DJF,Yorkshire and Humber,0.485,8.861
2032,DJF,Yorkshire and Humber,0.606,8.505
2033,DJF,Yorkshire and Humber,0.457,5.921
2034,DJF,Yorkshire and Humber,0.467,9.307
2035,DJF,Yorkshire and Humber,0.529,9.436
2036,DJF,Yorkshire and Humber,0.446,7.337
2037,DJF,Yorkshire and Humber,0.538,9.198
2038,DJF,Yorkshire and Humber,0.603,7.931
2039,DJF,Yorkshire and Humber,0.558,10.574
2040,DJF,Yorkshire and Humber,0.556,10.277
2041,DJF,Yorkshire and Humber,0.451,6.158
2042,DJF,Yorkshire and Humber,0.443,5.347
2043,DJF,Yorkshire and Humber,0.586,7.713
2044,DJF,Yorkshire and Humber,0.552,7.782
2045,DJF,Yorkshire and Humber,0.488,9.198
2046,DJF,Yorkshire and Humber,0.530,8.822
2047,DJF,Yorkshire and Humber,0.447,6.426
2048,DJF,Yorkshire and Humber,0.469,8.356
2049,DJF,Yorkshire and Humber,0.464,7.089
2050,DJF,Yorkshire and Humber,0.640,10.475
2051,DJF,Yorkshire and Humber,0.500,8.317
2052,DJF,Yorkshire and Humber,0.620,9.386
2053,DJF,Yorkshire and Humber,0.559,9.703
2054,DJF,Yorkshire and Humber,0.556,7.861
2055,DJF,Yorkshire and Humber,0.631,11.871
2056,DJF,Yorkshire and Humber,0.544,6.059
2057,DJF,Yorkshire and Humber,0.490,6.802
2058,DJF,Yorkshire and Humber,0.574,9.109
2059,DJF,Yorkshire and Humber,0.500,7.327
2060,DJF,Yorkshire and Humber,0.429,5.644
2061,DJF,Yorkshire and Humber,0.582,9.366
2062,DJF,Yorkshire and Humber,0.475,7.158
2063,DJF,Yorkshire and Humber,0.539,11.802
2064,DJF,Yorkshire and Humber,0.593,7.505
2065,DJF,Yorkshire and Humber,0.461,7.614
2066,DJF,Yorkshire and Humber,0.565,9.238
2067,DJF,Yorkshire and Humber,0.552,7.040
2068,DJF,Yorkshire and Humber,0.453,6.832
2069,DJF,Yorkshire and Humber,0.464,9.653
2070,DJF,Yorkshire and Humber,0.578,6.901
2071,DJF,Yorkshire and Humber,0.533,7.772
2072,DJF,Yorkshire and Humber,0.440,5.455
2073,DJF,Yorkshire and Humber,0.608,7.901
2074,DJF,Yorkshire and Humber,0.524,8.396
2075,DJF,Yorkshire and Humber,0.478,7.297
2076,DJF,Yorkshire and Humber,0.546,7.990
2077,DJF,Yorkshire and Humber,0.528,6.475
2078,DJF,Yorkshire and Humber,0.497,6.267
2079,DJF,Yorkshire and Humber,0.597,8.931
2080,DJF,Yorkshire and Humber,0.577,10.782
1981,DJF,Channel Islands,0.483,5.000
1982,DJF,Channel Islands,0.356,6.000
1983,DJF,Channel Islands,0.556,8.000
1984,DJF,Channel Islands,0.533,6.000
1985,DJF,Channel Islands,0.550,12.000
1986,DJF,Channel Islands,0.500,6.000
1987,DJF,Channel Islands,0.344,3.000
1988,DJF,Channel Islands,0.539,6.500
1989,DJF,Channel Islands,0.500,7.000
1990,DJF,Channel Islands,0.483,10.500
1991,DJF,Channel Islands,0.517,5.000
1992,DJF,Channel Islands,0.428,5.000
1993,DJF,Channel Islands,0.522,6.500
1994,DJF,Channel Islands,0.483,6.000
1995,DJF,Channel Islands,0.450,10.000
1996,DJF,Channel Islands,0.528,6.000
1997,DJF,Channel Islands,0.478,10.500
1998,DJF,Channel Islands,0.539,18.000
1999,DJF,Channel Islands,0.550,5.000
2000,DJF,Channel Islands,0.594,9.000
2001,DJF,Channel Islands,0.622,11.500
2002,DJF,Channel Islands,0.622,9.500
2003,DJF,Channel Islands,0.461,6.000
2004,DJF,Channel Islands,0.650,9.500
2005,DJF,Channel Islands,0.367,5.000
2006,DJF,Channel Islands,0.400,6.000
2007,DJF,Channel Islands,0.461,6.000
2008,DJF,Channel Islands,0.633,9.000
2009,DJF,Channel Islands,0.500,7.000
2010,DJF,Channel Islands,0.567,7.000
2011,DJF,Channel Islands,0.489,11.500
2012,DJF,Channel Islands,0.539,11.000
2013,DJF,Channel Islands,0.361,7.000
2014,DJF,Channel Islands,0.578,12.000
2015,DJF,Channel Islands,0.572,7.000
2016,DJF,Channel Islands,0.594,14.000
2017,DJF,Channel Islands,0.589,8.500
2018,DJF,Channel Islands,0.572,8.500
2019,DJF,Channel Islands,0.450,6.000
2020,DJF,Channel Islands,0.528,9.500
2021,DJF,Channel Islands,0.533,5.500
2022,DJF,Channel Islands,0.417,6.000
2023,DJF,Channel Islands,0.483,6.000
2024,DJF,Channel Islands,0.561,9.000
2025,DJF,Channel Islands,0.578,6.000
2026,DJF,Channel Islands,0.472,9.000
2027,DJF,Channel Islands,0.456,7.000
2028,DJF,Channel Islands,0.461,6.000
2029,DJF,Channel Islands,0.433,6.000
2030,DJF,Channel Islands,0.411,6.000
2031,DJF,Channel Islands,0.378,3.000
2032,DJF,Channel Islands,0.500,8.500
2033,DJF,Channel Islands,0.506,5.500
2034,DJF,Channel Islands,0.417,6.500
2035,DJF,Channel Islands,0.500,10.000
2036,DJF,Channel Islands,0.422,9.500
2037,DJF,Channel Islands,0.500,6.000
2038,DJF,Channel Islands,0.550,11.500
2039,DJF,Channel Islands,0.494,9.000
2040,DJF,Channel Islands,0.489,6.000
2041,DJF,Channel Islands,0.439,8.000
2042,DJF,Channel Islands,0.517,8.000
2043,DJF,Channel Islands,0.644,10.000
2044,DJF,Channel Islands,0.494,7.000
2045,DJF,Channel Islands,0.339,4.000
2046,DJF,Channel Islands,0.572,6.500
2047,DJF,Channel Islands,0.489,10.000
2048,DJF,Channel Islands,0.406,7.000
2049,DJF,Channel Islands,0.500,7.000
2050,DJF,Channel Islands,0.583,10.000
2051,DJF,Channel Islands,0.439,7.000
2052,DJF,Channel Islands,0.517,5.000
2053,DJF,Channel Islands,0.611,9.000
2054,DJF,Channel Islands,0.522,6.000
2055,DJF,Channel Islands,0.628,10.500
2056,DJF,Channel Islands,0.439,6.000
2057,DJF,Channel Islands,0.478,5.000
2058,DJF,Channel Islands,0.550,7.000
2059,DJF,Channel Islands,0.489,9.500
2060,DJF,Channel Islands,0.339,5.000
2061,DJF,Channel Islands,0.617,12.000
2062,DJF,Channel Islands,0.317,4.000
2063,DJF,Channel Islands,0.589,12.000
2064,DJF,Channel Islands,0.594,5.500
2065,DJF,Channel Islands,0.439,12.000
2066,DJF,Channel Islands,0.606,8.500
2067,DJF,Channel Islands,0.600,8.000
2068,DJF,Channel Islands,0.428,6.000
2069,DJF,Channel Islands,0.417,6.000
2070,DJF,Channel Islands,0.550,10.000
2071,DJF,Channel Islands,0.522,13.000
2072,DJF,Channel Islands,0.456,9.000
2073,DJF,Channel Islands,0.594,10.000
2074,DJF,Channel Islands,0.450,8.000
2075,DJF,Channel Islands,0.500,7.000
2076,DJF,Channel Islands,0.550,8.000
2077,DJF,Channel Islands,0.506,7.500
2078,DJF,Channel Islands,0.461,7.000
2079,DJF,Channel Islands,0.639,9.000
2080,DJF,Channel Islands,0.522,8.000
1981,DJF,Isle of Man,0.519,6.333
1982,DJF,Isle of Man,0.570,8.333
1983,DJF,Isle of Man,0.496,9.000
1984,DJF,Isle of Man,0.619,9.000
1985,DJF,Isle of Man,0.574,6.667
1986,DJF,Isle of Man,0.556,7.333
1987,DJF,Isle of Man,0.515,5.000
1988,DJF,Isle of Man,0.619,9.000
1989,DJF,Isle of Man,0.681,11.000
1990,DJF,Isle of Man,0.467,5.667
1991,DJF,Isle of Man,0.637,8.667
1992,DJF,Isle of Man,0.522,8.333
1993,DJF,Isle of Man,0.604,8.000
1994,DJF,Isle of Man,0.607,14.000
1995,DJF,Isle of Man,0.537,7.000
1996,DJF,Isle of Man,0.556,6.000
1997,DJF,Isle of Man,0.485,8.667
1998,DJF,Isle of Man,0.578,8.667
1999,DJF,Isle of Man,0.548,6.000
2000,DJF,Isle of Man,0.633,12.667
2001,DJF,Isle of Man,0.448,9.000
2002,DJF,Isle of Man,0.652,8.333
2003,DJF,Isle of Man,0.663,8.000
2004,DJF,Isle of Man,0.585,9.000
2005,DJF,Isle of Man,0.526,11.333
2006,DJF,Isle of Man,0.419,6.667
2007,DJF,Isle of Man,0.600,13.333
2008,DJF,Isle of Man,0.567,10.000
2009,DJF,Isle of Man,0.581,8.000
2010,DJF,Isle of Man,0.652,9.333
2011,DJF,Isle of Man,0.507,7.000
2012,DJF,Isle of Man,0.393,4.667
2013,DJF,Isle of Man,0.381,6.333
2014,DJF,Isle of Man,0.641,12.333
2015,DJF,Isle of Man,0.533,5.667
2016,DJF,Isle of Man,0.522,6.000
2017,DJF,Isle of Man,0.578,7.000
2018,DJF,Isle of Man,0.648,13.000
2019,DJF,Isle of Man,0.585,9.000
2020,DJF,Isle of Man,0.559,6.667
2021,DJF,Isle of Man,0.589,8.333
2022,DJF,Isle of Man,0.433,6.000
2023,DJF,Isle of Man,0.519,10.000
2024,DJF,Isle of Man,0.574,9.667
2025,DJF,Isle of Man,0.659,11.000
2026,DJF,Isle of Man,0.493,7.000
2027,DJF,Isle of Man,0.356,4.667
2028,DJF,Isle of Man,0.533,6.000
2029,DJF,Isle of Man,0.570,6.000
2030,DJF,Isle of Man,0.481,9.000
2031,DJF,Isle of Man,0.496,5.667
2032,DJF,Isle of Man,0.637,12.000
2033,DJF,Isle of Man,0.437,10.000
2034,DJF,Isle of Man,0.526,6.333
2035,DJF,Isle of Man,0.463,7.333
2036,DJF,Isle of Man,0.459,5.333
2037,DJF,Isle of Man,0.626,8.333
2038,DJF,Isle of Man,0.719,15.000
2039,DJF,Isle of Man,0.581,10.000
2040,DJF,Isle of Man,0.622,9.333
2041,DJF,Isle of Man,0.448,8.000
2042,DJF,Isle of Man,0.519,10.667
2043,DJF,Isle of Man,0.511,7.000
2044,DJF,Isle of Man,0.556,7.000
2045,DJF,Isle of Man,0.496,6.000
2046,DJF,Isle of Man,0.548,14.000
2047,DJF,Isle of Man,0.481,5.667
2048,DJF,Isle of Man,0.493,10.000
2049,DJF,Isle of Man,0.593,6.000
2050,DJF,Isle of Man,0.607,7.333
2051,DJF,Isle of Man,0.544,7.000
2052,DJF,Isle of Man,0.537,7.333
2053,DJF,Isle of Man,0.522,7.000
2054,DJF,Isle of Man,0.570,6.333
2055,DJF,Isle of Man,0.619,8.000
2056,DJF,Isle of Man,0.448,4.333
2057,DJF,Isle of Man,0.489,6.000
2058,DJF,Isle of Man,0.559,6.000
2059,DJF,Isle of Man,0.541,6.000
2060,DJF,Isle of Man,0.519,5.333
2061,DJF,Isle of Man,0.619,9.333
2062,DJF,Isle of Man,0.511,5.333
2063,DJF,Isle of Man,0.559,8.000
2064,DJF,Isle of Man,0.648,8.000
2065,DJF,Isle of Man,0.430,13.000
2066,DJF,Isle of Man,0.515,7.667
2067,DJF,Isle of Man,0.559,6.000
2068,DJF,Isle of Man,0.485,6.000
2069,DJF,Isle of Man,0.504,6.000
2070,DJF,Isle of Man,0.581,7.000
2071,DJF,Isle of Man,0.530,6.333
2072,DJF,Isle of Man,0.493,6.000
2073,DJF,Isle of Man,0.500,7.333
2074,DJF,Isle of Man,0.644,7.000
2075,DJF,Isle of Man,0.511,5.667
2076,DJF,Isle of Man,0.470,5.000
2077,DJF,Isle of Man,0.570,6.000
2078,DJF,Isle of Man,0.474,7.000
2079,DJF,Isle of Man,0.704,13.000
2080,DJF,Isle of Man,0.581,7.000
1981,DJF,Northern Ireland,0.575,7.188
1982,DJF,Northern Ireland,0.646,9.235
1983,DJF,Northern Ireland,0.525,8.400
1984,DJF,Northern Ireland,0.695,9.859
1985,DJF,Northern Ireland,0.559,7.647
1986,DJF,Northern Ireland,0.622,8.612
1987,DJF,Northern Ireland,0.597,9.541
1988,DJF,Northern Ireland,0.756,22.059
1989,DJF,Northern Ireland,0.690,11.471
1990,DJF,Northern Ireland,0.546,8.965
1991,DJF,Northern Ireland,0.747,11.847
1992,DJF,Northern Ireland,0.572,10.776
1993,DJF,Northern Ireland,0.638,8.871
1994,DJF,Northern Ireland,0.602,8.059
1995,DJF,Northern Ireland,0.576,11.388
1996,DJF,Northern Ireland,0.673,7.459
1997,DJF,Northern Ireland,0.595,7.671
1998,DJF,Northern Ireland,0.657,10.282
1999,DJF,Northern Ireland,0.616,9.824
2000,DJF,Northern Ireland,0.664,11.329
2001,DJF,Northern Ireland,0.539,10.894
2002,DJF,Northern Ireland,0.676,10.318
2003,DJF,Northern Ireland,0.711,14.259
2004,DJF,Northern Ireland,0.625,7.565
2005,DJF,Northern Ireland,0.675,10.929
2006,DJF,Northern Ireland,0.515,11.059
2007,DJF,Northern Ireland,0.598,9.800
2008,DJF,Northern Ireland,0.625,12.659
2009,DJF,Northern Ireland,0.618,8.024
2010,DJF,Northern Ireland,0.733,14.659
2011,DJF,Northern Ireland,0.538,6.494
2012,DJF,Northern Ireland,0.459,6.541
2013,DJF,Northern Ireland,0.487,6.106
2014,DJF,Northern Ireland,0.658,10.353
2015,DJF,Northern Ireland,0.602,8.165
2016,DJF,Northern Ireland,0.599,9.482
2017,DJF,Northern Ireland,0.692,10.224
2018,DJF,Northern Ireland,0.712,13.412
2019,DJF,Northern Ireland,0.636,11.529
2020,DJF,Northern Ireland,0.674,11.976
2021,DJF,Northern Ireland,0.688,11.894
2022,DJF,Northern Ireland,0.481,7.400
2023,DJF,Northern Ireland,0.594,13.824
2024,DJF,Northern Ireland,0.687,11.047
2025,DJF,Northern Ireland,0.763,12.918
2026,DJF,Northern Ireland,0.639,10.929
2027,DJF,Northern Ireland,0.437,5.353
2028,DJF,Northern Ireland,0.662,14.694
2029,DJF,Northern Ireland,0.628,8.918
2030,DJF,Northern Ireland,0.631,11.106
2031,DJF,Northern Ireland,0.632,8.094
2032,DJF,Northern Ireland,0.690,12.506
2033,DJF,Northern Ireland,0.492,8.459
2034,DJF,Northern Ireland,0.649,12.741
2035,DJF,Northern Ireland,0.495,9.859
2036,DJF,Northern Ireland,0.533,14.353
2037,DJF,Northern Ireland,0.681,17.859
2038,DJF,Northern Ireland,0.752,17.988
2039,DJF,Northern Ireland,0.648,11.106
2040,DJF,Northern Ireland,0.644,8.929
2041,DJF,Northern Ireland,0.578,8.976
2042,DJF,Northern Ireland,0.509,6.600
2043,DJF,Northern Ireland,0.633,9.224
2044,DJF,Northern Ireland,0.560,8.918
2045,DJF,Northern Ireland,0.614,11.918
2046,DJF,Northern Ireland,0.631,12.118
2047,DJF,Northern Ireland,0.623,9.976
2048,DJF,Northern Ireland,0.565,13.035
2049,DJF,Northern Ireland,0.747,12.753
2050,DJF,Northern Ireland,0.730,16.988
2051,DJF,Northern Ireland,0.601,8.435
2052,DJF,Northern Ireland,0.704,11.047
2053,DJF,Northern Ireland,0.518,10.153
2054,DJF,Northern Ireland,0.687,15.365
2055,DJF,Northern Ireland,0.733,17.576
2056,DJF,Northern Ireland,0.557,9.176
2057,DJF,Northern Ireland,0.559,11.894
2058,DJF,Northern Ireland,0.700,12.482
2059,DJF,Northern Ireland,0.573,10.753
2060,DJF,Northern Ireland,0.664,9.071
2061,DJF,Northern Ireland,0.686,10.647
2062,DJF,Northern Ireland,0.582,9.247
2063,DJF,Northern Ireland,0.651,13.259
2064,DJF,Northern Ireland,0.737,12.671
2065,DJF,Northern Ireland,0.534,13.694
2066,DJF,Northern Ireland,0.595,10.753
2067,DJF,Northern Ireland,0.630,9.894
2068,DJF,Northern Ireland,0.637,10.894
2069,DJF,Northern Ireland,0.589,10.906
2070,DJF,Northern Ireland,0.703,15.106
2071,DJF,Northern Ireland,0.676,11.329
2072,DJF,Northern Ireland,0.592,9.294
2073,DJF,Northern Ireland,0.514,8.671
2074,DJF,Northern Ireland,0.668,9.553
2075,DJF,Northern Ireland,0.592,9.400
2076,DJF,Northern Ireland,0.606,10.118
2077,DJF,Northern Ireland,0.673,12.000
2078,DJF,Northern Ireland,0.544,8.906
2079,DJF,Northern Ireland,0.647,8.118
2080,DJF,Northern Ireland,0.668,10.600
1981,DJF,Wales,0.604,10.241
1982,DJF,Wales,0.620,10.075
1983,DJF,Wales,0.591,13.617
1984,DJF,Wales,0.670,11.902
1985,DJF,Wales,0.557,10.850
1986,DJF,Wales,0.713,10.211
1987,DJF,Wales,0.589,9.301
1988,DJF,Wales,0.716,14.000
1989,DJF,Wales,0.729,17.338
1990,DJF,Wales,0.569,10.195
1991,DJF,Wales,0.698,11.556
1992,DJF,Wales,0.593,13.226
1993,DJF,Wales,0.649,10.338
1994,DJF,Wales,0.645,12.609
1995,DJF,Wales,0.665,13.895
1996,DJF,Wales,0.715,15.692
1997,DJF,Wales,0.571,10.316
1998,DJF,Wales,0.665,18.782
1999,DJF,Wales,0.688,11.662
2000,DJF,Wales,0.737,11.150
2001,DJF,Wales,0.551,9.195
2002,DJF,Wales,0.776,16.286
2003,DJF,Wales,0.724,15.835
2004,DJF,Wales,0.709,12.579
2005,DJF,Wales,0.575,9.045
2006,DJF,Wales,0.553,10.263
2007,DJF,Wales,0.606,9.579
2008,DJF,Wales,0.713,14.752
2009,DJF,Wales,0.681,11.564
2010,DJF,Wales,0.760,11.827
2011,DJF,Wales,0.612,16.421
2012,DJF,Wales,0.517,9.436
2013,DJF,Wales,0.526,7.729
2014,DJF,Wales,0.673,13.737
2015,DJF,Wales,0.663,13.474
2016,DJF,Wales,0.624,11.098
2017,DJF,Wales,0.660,9.594
2018,DJF,Wales,0.738,15.233
2019,DJF,Wales,0.651,12.639
2020,DJF,Wales,0.675,11.737
2021,DJF,Wales,0.693,12.150
2022,DJF,Wales,0.546,9.737
2023,DJF,Wales,0.597,11.744
2024,DJF,Wales,0.665,10.481
2025,DJF,Wales,0.791,18.075
2026,DJF,Wales,0.598,9.624
2027,DJF,Wales,0.454,6.932
2028,DJF,Wales,0.685,15.271
2029,DJF,Wales,0.618,8.030
2030,DJF,Wales,0.678,11.707
2031,DJF,Wales,0.673,16.203
2032,DJF,Wales,0.705,12.098
2033,DJF,Wales,0.571,9.391
2034,DJF,Wales,0.608,10.955
2035,DJF,Wales,0.611,12.263
2036,DJF,Wales,0.603,13.699
2037,DJF,Wales,0.690,12.113
2038,DJF,Wales,0.741,14.308
2039,DJF,Wales,0.647,14.308
2040,DJF,Wales,0.657,13.774
2041,DJF,Wales,0.636,8.677
2042,DJF,Wales,0.602,8.865
2043,DJF,Wales,0.707,11.647
2044,DJF,Wales,0.658,11.797
2045,DJF,Wales,0.615,14.654
2046,DJF,Wales,0.708,13.782
2047,DJF,Wales,0.581,9.586
2048,DJF,Wales,0.593,12.609
2049,DJF,Wales,0.701,11.211
2050,DJF,Wales,0.756,14.624
2051,DJF,Wales,0.635,9.970
2052,DJF,Wales,0.730,16.188
2053,DJF,Wales,0.645,16.038
2054,DJF,Wales,0.695,12.519
2055,DJF,Wales,0.765,17.767
2056,DJF,Wales,0.573,8.526
2057,DJF,Wales,0.585,11.662
2058,DJF,Wales,0.691,11.383
2059,DJF,Wales,0.651,12.729
2060,DJF,Wales,0.554,10.353
2061,DJF,Wales,0.708,11.474
2062,DJF,Wales,0.552,8.827
2063,DJF,Wales,0.639,15.534
2064,DJF,Wales,0.754,12.887
2065,DJF,Wales,0.531,10.233
2066,DJF,Wales,0.676,14.880
2067,DJF,Wales,0.724,10.699
2068,DJF,Wales,0.569,10.323
2069,DJF,Wales,0.625,11.940
2070,DJF,Wales,0.742,15.519
2071,DJF,Wales,0.687,10.617
2072,DJF,Wales,0.563,8.233
2073,DJF,Wales,0.629,11.639
2074,DJF,Wales,0.719,14.158
2075,DJF,Wales,0.644,9.075
2076,DJF,Wales,0.658,12.632
2077,DJF,Wales,0.662,9.729
2078,DJF,Wales,0.543,8.083
2079,DJF,Wales,0.757,12.774
2080,DJF,Wales,0.722,12.338
1981,MAM,East Midlands,0.508,8.087
1982,MAM,East Midlands,0.451,7.029
1983,MAM,East Midlands,0.450,5.777
1984,MAM,East Midlands,0.475,5.650
1985,MAM,East Midlands,0.382,5.553
1986,MAM,East Midlands,0.394,6.816
1987,MAM,East Midlands,0.528,8.330
1988,MAM,East Midlands,0.357,6.039
1989,MAM,East Midlands,0.327,5.621
1990,MAM,East Midlands,0.345,4.864
1991,MAM,East Midlands,0.321,5.175
1992,MAM,East Midlands,0.450,9.136
1993,MAM,East Midlands,0.421,6.000
1994,MAM,East Midlands,0.474,8.243
1995,MAM,East Midlands,0.408,6.078
1996,MAM,East Midlands,0.402,6.301
1997,MAM,East Midlands,0.470,8.961
1998,MAM,East Midlands,0.463,7.961
1999,MAM,East Midlands,0.533,10.864
2000,MAM,East Midlands,0.387,4.534
2001,MAM,East Midlands,0.327,5.660
2002,MAM,East Midlands,0.651,9.932
2003,MAM,East Midlands,0.421,8.058
2004,MAM,East Midlands,0.431,6.087
2005,MAM,East Midlands,0.387,5.641
2006,MAM,East Midlands,0.439,8.039
2007,MAM,East Midlands,0.319,5.757
2008,MAM,East Midlands,0.402,7.981
2009,MAM,East Midlands,0.518,9.592
2010,MAM,East Midlands,0.444,6.282
2011,MAM,East Midlands,0.319,5.670
2012,MAM,East Midlands,0.496,8.660
2013,MAM,East Midlands,0.365,5.592
2014,MAM,East Midlands,0.389,6.544
2015,MAM,East Midlands,0.346,6.136
2016,MAM,East Midlands,0.496,7.107
2017,MAM,East Midlands,0.494,8.563
2018,MAM,East Midlands,0.565,7.718
2019,MAM,East Midlands,0.378,8.544
2020,MAM,East Midlands,0.505,10.971
2021,MAM,East Midlands,0.468,7.466
2022,MAM,East Midlands,0.440,7.204
2023,MAM,East Midlands,0.378,4.990
2024,MAM,East Midlands,0.488,9.951
2025,MAM,East Midlands,0.396,7.825
2026,MAM,East Midlands,0.366,4.175
2027,MAM,East Midlands,0.581,10.068
2028,MAM,East Midlands,0.408,7.243
2029,MAM,East Midlands,0.445,5.272
2030,MAM,East Midlands,0.476,8.146
2031,MAM,East Midlands,0.348,6.592
2032,MAM,East Midlands,0.371,6.631
2033,MAM,East Midlands,0.533,8.796
2034,MAM,East Midlands,0.360,4.816
2035,MAM,East Midlands,0.587,8.350
2036,MAM,East Midlands,0.479,7.330
2037,MAM,East Midlands,0.417,5.825
2038,MAM,East Midlands,0.425,7.126
2039,MAM,East Midlands,0.455,10.175
2040,MAM,East Midlands,0.455,6.680
2041,MAM,East Midlands,0.449,6.990
2042,MAM,East Midlands,0.397,6.466
2043,MAM,East Midlands,0.599,9.942
2044,MAM,East Midlands,0.500,8.039
2045,MAM,East Midlands,0.351,6.631
2046,MAM,East Midlands,0.403,6.680
2047,MAM,East Midlands,0.433,7.476
2048,MAM,East Midlands,0.309,6.903
2049,MAM,East Midlands,0.385,5.417
2050,MAM,East Midlands,0.466,8.699
2051,MAM,East Midlands,0.411,7.592
2052,MAM,East Midlands,0.384,4.971
2053,MAM,East Midlands,0.570,8.825
2054,MAM,East Midlands,0.420,6.165
2055,MAM,East Midlands,0.316,4.165
2056,MAM,East Midlands,0.414,5.447
2057,MAM,East Midlands,0.491,6.670
2058,MAM,East Midlands,0.354,4.786
2059,MAM,East Midlands,0.400,5.738
2060,MAM,East Midlands,0.514,7.971
2061,MAM,East Midlands,0.406,6.117
2062,MAM,East Midlands,0.413,7.252
2063,MAM,East Midlands,0.425,7.301
2064,MAM,East Midlands,0.526,7.602
2065,MAM,East Midlands,0.527,9.864
2066,MAM,East Midlands,0.482,7.155
2067,MAM,East Midlands,0.359,6.417
2068,MAM,East Midlands,0.450,7.262
2069,MAM,East Midlands,0.445,6.000
2070,MAM,East Midlands,0.461,6.602
2071,MAM,East Midlands,0.295,6.136
2072,MAM,East Midlands,0.429,5.340
2073,MAM,East Midlands,0.484,8.893
2074,MAM,East Midlands,0.480,5.505
2075,MAM,East Midlands,0.444,6.825
2076,MAM,East Midlands,0.448,6.602
2077,MAM,East Midlands,0.393,5.757
2078,MAM,East Midlands,0.342,5.748
2079,MAM,East Midlands,0.313,5.515
2080,MAM,East Midlands,0.340,4.204
1981,MAM,East of England,0.533,7.480
1982,MAM,East of England,0.427,7.441
1983,MAM,East of England,0.436,5.173
1984,MAM,East of England,0.450,7.591
1985,MAM,East of England,0.355,6.858
1986,MAM,East of England,0.345,5.299
1987,MAM,East of England,0.506,7.551
1988,MAM,East of England,0.320,5.472
1989,MAM,East of England,0.362,6.354
1990,MAM,East of England,0.368,4.976
1991,MAM,East of England,0.315,4.732
1992,MAM,East of England,0.448,9.677
1993,MAM,East of England,0.402,4.937
1994,MAM,East of England,0.475,10.567
1995,MAM,East of England,0.393,4.654
1996,MAM,East of England,0.410,5.811
1997,MAM,East of England,0.432,8.087
1998,MAM,East of England,0.440,5.472
1999,MAM,East of England,0.511,9.906
2000,MAM,East of England,0.394,5.724
2001,MAM,East of England,0.302,5.087
2002,MAM,East of England,0.586,11.307
2003,MAM,East of England,0.366,7.071
2004,MAM,East of England,0.411,5.795
2005,MAM,East of England,0.359,5.228
2006,MAM,East of England,0.400,7.244
2007,MAM,East of England,0.283,4.961
2008,MAM,East of England,0.363,6.803
2009,MAM,East of England,0.516,8.449
2010,MAM,East of England,0.422,5.819
2011,MAM,East of England,0.293,5.472
2012,MAM,East of England,0.477,9.031
2013,MAM,East of England,0.302,5.087
2014,MAM,East of England,0.367,5.197
2015,MAM,East of England,0.338,5.764
2016,MAM,East of England,0.497,7.992
2017,MAM,East of England,0.505,6.551
2018,MAM,East of England,0.534,6.913
2019,MAM,East of England,0.364,8.512
2020,MAM,East of England,0.513,11.244
2021,MAM,East of England,0.457,7.433
2022,MAM,East of England,0.403,6.268
2023,MAM,East of England,0.333,5.882
2024,MAM,East of England,0.490,9.354
2025,MAM,East of England,0.380,9.449
2026,MAM,East of England,0.336,4.307
2027,MAM,East of England,0.555,8.031
2028,MAM,East of England,0.424,7.071
2029,MAM,East of England,0.452,5.016
2030,MAM,East of England,0.480,7.512
2031,MAM,East of England,0.309,5.850
2032,MAM,East of England,0.324,5.528
2033,MAM,East of England,0.490,7.772
2034,MAM,East of England,0.375,5.417
2035,MAM,East of England,0.618,10.024
2036,MAM,East of England,0.481,6.055
2037,MAM,East of England,0.430,7.843
2038,MAM,East of England,0.404,4.472
2039,MAM,East of England,0.463,10.591
2040,MAM,East of England,0.466,6.173
2041,MAM,East of England,0.427,6.087
2042,MAM,East of England,0.394,5.150
2043,MAM,East of England,0.558,8.512
2044,MAM,East of England,0.483,7.835
2045,MAM,East of England,0.286,5.441
2046,MAM,East of England,0.402,5.661
2047,MAM,East of England,0.404,7.504
2048,MAM,East of England,0.331,9.260
2049,MAM,East of England,0.367,4.402
2050,MAM,East of England,0.393,7.181
2051,MAM,East of England,0.409,7.189
2052,MAM,East of England,0.355,4.323
2053,MAM,East of England,0.559,8.157
2054,MAM,East of England,0.400,6.394
2055,MAM,East of England,0.281,4.654
2056,MAM,East of England,0.454,5.496
2057,MAM,East of England,0.469,5.724
2058,MAM,East of England,0.365,4.882
2059,MAM,East of England,0.370,6.709
2060,MAM,East of England,0.509,9.331
2061,MAM,East of England,0.410,6.504
2062,MAM,East of England,0.429,7.394
2063,MAM,East of England,0.454,6.551
2064,MAM,East of England,0.515,7.299
2065,MAM,East of England,0.485,9.693
2066,MAM,East of England,0.490,7.157
2067,MAM,East of England,0.265,3.528
2068,MAM,East of England,0.419,7.472
2069,MAM,East of England,0.422,6.732
2070,MAM,East of England,0.454,7.118
2071,MAM,East of England,0.270,5.016
2072,MAM,East of England,0.395,5.016
2073,MAM,East of England,0.436,7.213
2074,MAM,East of England,0.469,6.181
2075,MAM,East of England,0.432,7.165
2076,MAM,East of England,0.444,8.110
2077,MAM,East of England,0.412,5.740
2078,MAM,East of England,0.302,6.638
2079,MAM,East of England,0.286,4.850
2080,MAM,East of England,0.306,3.898
1981,MAM,East Scotland,0.549,9.363
1982,MAM,East Scotland,0.481,10.119
1983,MAM,East Scotland,0.578,11.275
1984,MAM,East Scotland,0.536,10.150
1985,MAM,East Scotland,0.510,10.213
1986,MAM,East Scotland,0.481,10.125
1987,MAM,East Scotland,0.599,9.300
1988,MAM,East Scotland,0.459,7.156
1989,MAM,East Scotland,0.392,6.100
1990,MAM,East Scotland,0.415,8.219
1991,MAM,East Scotland,0.475,7.888
1992,MAM,East Scotland,0.540,9.806
1993,MAM,East Scotland,0.564,8.287
1994,MAM,East Scotland,0.552,9.300
1995,MAM,East Scotland,0.478,8.231
1996,MAM,East Scotland,0.511,7.950
1997,MAM,East Scotland,0.545,8.506
1998,MAM,East Scotland,0.526,10.206
1999,MAM,East Scotland,0.563,10.131
2000,MAM,East Scotland,0.491,7.744
2001,MAM,East Scotland,0.508,9.344
2002,MAM,East Scotland,0.594,8.137
2003,MAM,East Scotland,0.501,8.619
2004,MAM,East Scotland,0.560,9.088
2005,MAM,East Scotland,0.466,11.213
2006,MAM,East Scotland,0.476,8.088
2007,MAM,East Scotland,0.472,10.550
2008,MAM,East Scotland,0.445,7.581
2009,MAM,East Scotland,0.605,10.444
2010,MAM,East Scotland,0.540,7.494
2011,MAM,East Scotland,0.495,7.881
2012,MAM,East Scotland,0.520,10.113
2013,MAM,East Scotland,0.486,6.519
2014,MAM,East Scotland,0.520,8.713
2015,MAM,East Scotland,0.444,7.062
2016,MAM,East Scotland,0.529,7.944
2017,MAM,East Scotland,0.600,9.831
2018,MAM,East Scotland,0.604,9.900
2019,MAM,East Scotland,0.525,9.400
2020,MAM,East Scotland,0.563,9.094
2021,MAM,East Scotland,0.588,9.675
2022,MAM,East Scotland,0.496,8.688
2023,MAM,East Scotland,0.506,7.925
2024,MAM,East Scotland,0.550,8.406
2025,MAM,East Scotland,0.541,9.863
2026,MAM,East Scotland,0.438,7.325
2027,MAM,East Scotland,0.526,9.206
2028,MAM,East Scotland,0.487,7.869
2029,MAM,East Scotland,0.475,8.100
2030,MAM,East Scotland,0.507,8.200
2031,MAM,East Scotland,0.481,7.338
2032,MAM,East Scotland,0.451,8.463
2033,MAM,East Scotland,0.580,10.706
2034,MAM,East Scotland,0.402,6.075
2035,MAM,East Scotland,0.660,11.769
2036,MAM,East Scotland,0.645,11.069
2037,MAM,East Scotland,0.463,7.144
2038,MAM,East Scotland,0.537,8.500
2039,MAM,East Scotland,0.513,7.119
2040,MAM,East Scotland,0.417,6.619
2041,MAM,East Scotland,0.532,9.306
2042,MAM,East Scotland,0.513,7.312
2043,MAM,East Scotland,0.599,9.844
2044,MAM,East Scotland,0.579,9.756
2045,MAM,East Scotland,0.523,8.887
2046,MAM,East Scotland,0.441,7.469
2047,MAM,East Scotland,0.455,9.181
2048,MAM,East Scotland,0.419,9.700
2049,MAM,East Scotland,0.467,8.694
2050,MAM,East Scotland,0.590,10.319
2051,MAM,East Scotland,0.536,11.050
2052,MAM,East Scotland,0.635,10.506
2053,MAM,East Scotland,0.575,9.056
2054,MAM,East Scotland,0.529,9.088
2055,MAM,East Scotland,0.402,5.575
2056,MAM,East Scotland,0.437,8.250
2057,MAM,East Scotland,0.529,8.925
2058,MAM,East Scotland,0.477,7.331
2059,MAM,East Scotland,0.499,9.500
2060,MAM,East Scotland,0.580,8.744
2061,MAM,East Scotland,0.448,8.700
2062,MAM,East Scotland,0.592,11.544
2063,MAM,East Scotland,0.533,11.300
2064,MAM,East Scotland,0.597,9.819
2065,MAM,East Scotland,0.545,7.425
2066,MAM,East Scotland,0.609,8.544
2067,MAM,East Scotland,0.518,8.363
2068,MAM,East Scotland,0.497,7.619
2069,MAM,East Scotland,0.507,7.131
2070,MAM,East Scotland,0.532,8.125
2071,MAM,East Scotland,0.409,6.381
2072,MAM,East Scotland,0.579,8.019
2073,MAM,East Scotland,0.521,8.606
2074,MAM,East Scotland,0.557,9.113
2075,MAM,East Scotland,0.486,8.588
2076,MAM,East Scotland,0.518,6.994
2077,MAM,East Scotland,0.475,10.694
2078,MAM,East Scotland,0.474,7.119
2079,MAM,East Scotland,0.522,8.662
2080,MAM,East Scotland,0.381,6.469
1981,MAM,London,0.565,8.750
1982,MAM,London,0.424,6.583
1983,MAM,London,0.414,5.000
1984,MAM,London,0.444,8.583
1985,MAM,London,0.381,6.000
1986,MAM,London,0.387,7.833
1987,MAM,London,0.483,9.000
1988,MAM,London,0.331,6.583
1989,MAM,London,0.367,6.500
1990,MAM,London,0.368,6.167
1991,MAM,London,0.325,5.833
1992,MAM,London,0.403,5.667
1993,MAM,London,0.351,4.333
1994,MAM,London,0.503,10.333
1995,MAM,London,0.408,4.750
1996,MAM,London,0.418,6.000
1997,MAM,London,0.406,6.583
1998,MAM,London,0.443,6.167
1999,MAM,London,0.535,10.667
2000,MAM,London,0.397,4.333
2001,MAM,London,0.268,3.500
2002,MAM,London,0.583,8.750
2003,MAM,London,0.381,8.417
2004,MAM,London,0.432,5.500
2005,MAM,London,0.391,5.000
2006,MAM,London,0.407,6.833
2007,MAM,London,0.291,7.083
2008,MAM,London,0.362,4.583
2009,MAM,London,0.566,10.667
2010,MAM,London,0.457,6.250
2011,MAM,London,0.331,6.000
2012,MAM,London,0.490,11.750
2013,MAM,London,0.359,5.000
2014,MAM,London,0.309,4.500
2015,MAM,London,0.351,5.583
2016,MAM,London,0.497,7.667
2017,MAM,London,0.510,7.667
2018,MAM,London,0.477,8.833
2019,MAM,London,0.355,7.583
2020,MAM,London,0.539,11.583
2021,MAM,London,0.431,6.000
2022,MAM,London,0.384,4.500
2023,MAM,London,0.355,5.750
2024,MAM,London,0.505,8.250
2025,MAM,London,0.352,9.750
2026,MAM,London,0.329,4.833
2027,MAM,London,0.544,8.917
2028,MAM,London,0.383,8.667
2029,MAM,London,0.463,5.000
2030,MAM,London,0.437,8.500
2031,MAM,London,0.326,5.917
2032,MAM,London,0.327,5.167
2033,MAM,London,0.444,10.167
2034,MAM,London,0.371,6.417
2035,MAM,London,0.598,10.083
2036,MAM,London,0.494,6.833
2037,MAM,London,0.457,7.250
2038,MAM,London,0.437,5.500
2039,MAM,London,0.431,9.750
2040,MAM,London,0.486,6.500
2041,MAM,London,0.376,5.500
2042,MAM,London,0.406,5.750
2043,MAM,London,0.566,8.417
2044,MAM,London,0.508,7.917
2045,MAM,London,0.323,5.917
2046,MAM,London,0.398,5.917
2047,MAM,London,0.481,7.667
2048,MAM,London,0.378,9.500
2049,MAM,London,0.399,5.333
2050,MAM,London,0.324,5.333
2051,MAM,London,0.405,7.750
2052,MAM,London,0.321,4.167
2053,MAM,London,0.537,7.667
2054,MAM,London,0.415,10.417
2055,MAM,London,0.271,7.167
2056,MAM,London,0.407,4.167
2057,MAM,London,0.477,8.167
2058,MAM,London,0.375,9.333
2059,MAM,London,0.367,8.000
2060,MAM,London,0.475,5.917
2061,MAM,London,0.428,6.583
2062,MAM,London,0.425,7.333
2063,MAM,London,0.432,5.000
2064,MAM,London,0.553,7.500
2065,MAM,London,0.509,10.000
2066,MAM,London,0.494,7.917
2067,MAM,London,0.287,3.083
2068,MAM,London,0.435,7.250
2069,MAM,London,0.413,6.667
2070,MAM,London,0.485,7.417
2071,MAM,London,0.264,5.083
2072,MAM,London,0.400,6.417
2073,MAM,London,0.436,7.250
2074,MAM,London,0.499,6.417
2075,MAM,London,0.424,5.833
2076,MAM,London,0.428,9.167
2077,MAM,London,0.417,6.833
2078,MAM,London,0.313,6.833
2079,MAM,London,0.300,6.500
2080,MAM,London,0.293,4.000
1981,MAM,North East England,0.567,7.825
1982,MAM,North East England,0.509,7.281
1983,MAM,North East England,0.511,10.333
1984,MAM,North East England,0.530,7.351
1985,MAM,North East England,0.441,6.930
1986,MAM,North East England,0.397,5.667
1987,MAM,North East England,0.590,8.649
1988,MAM,North East England,0.400,5.912
1989,MAM,North East England,0.379,5.614
1990,MAM,North East England,0.366,4.860
1991,MAM,North East England,0.379,5.053
1992,MAM,North East England,0.532,11.789
1993,MAM,North East England,0.514,8.070
1994,MAM,North East England,0.538,9.070
1995,MAM,North East England,0.437,6.860
1996,MAM,North East England,0.430,7.737
1997,MAM,North East England,0.509,7.491
1998,MAM,North East England,0.480,7.105
1999,MAM,North East England,0.527,9.053
2000,MAM,North East England,0.478,6.281
2001,MAM,North East England,0.415,7.544
2002,MAM,North East England,0.600,9.246
2003,MAM,North East England,0.494,9.982
2004,MAM,North East England,0.483,7.789
2005,MAM,North East England,0.424,7.281
2006,MAM,North East England,0.481,8.211
2007,MAM,North East England,0.385,8.439
2008,MAM,North East England,0.472,8.088
2009,MAM,North East England,0.557,8.491
2010,MAM,North East England,0.521,7.649
2011,MAM,North East England,0.395,6.298
2012,MAM,North East England,0.519,11.719
2013,MAM,North East England,0.472,7.070
2014,MAM,North East England,0.492,7.368
2015,MAM,North East England,0.417,6.702
2016,MAM,North East England,0.499,5.860
2017,MAM,North East England,0.588,9.684
2018,MAM,North East England,0.584,8.702
2019,MAM,North East England,0.449,8.351
2020,MAM,North East England,0.522,8.211
2021,MAM,North East England,0.512,7.772
2022,MAM,North East England,0.556,8.860
2023,MAM,North East England,0.408,6.754
2024,MAM,North East England,0.474,6.263
2025,MAM,North East England,0.439,6.158
2026,MAM,North East England,0.387,6.491
2027,MAM,North East England,0.491,7.596
2028,MAM,North East England,0.487,5.912
2029,MAM,North East England,0.470,6.947
2030,MAM,North East England,0.476,7.649
2031,MAM,North East England,0.396,6.386
2032,MAM,North East England,0.446,7.509
2033,MAM,North East England,0.549,8.421
2034,MAM,North East England,0.358,4.246
2035,MAM,North East England,0.662,11.754
2036,MAM,North East England,0.543,7.316
2037,MAM,North East England,0.377,7.702
2038,MAM,North East England,0.447,6.614
2039,MAM,North East England,0.445,6.246
2040,MAM,North East England,0.392,5.509
2041,MAM,North East England,0.495,6.035
2042,MAM,North East England,0.454,6.982
2043,MAM,North East England,0.638,10.702
2044,MAM,North East England,0.543,7.439
2045,MAM,North East England,0.368,7.158
2046,MAM,North East England,0.412,5.860
2047,MAM,North East England,0.458,7.281
2048,MAM,North East England,0.363,6.632
2049,MAM,North East England,0.450,7.035
2050,MAM,North East England,0.509,8.789
2051,MAM,North East England,0.435,14.684
2052,MAM,North East England,0.554,7.368
2053,MAM,North East England,0.540,7.649
2054,MAM,North East England,0.452,6.579
2055,MAM,North East England,0.389,5.702
2056,MAM,North East England,0.459,6.228
2057,MAM,North East England,0.480,8.561
2058,MAM,North East England,0.389,4.982
2059,MAM,North East England,0.441,6.140
2060,MAM,North East England,0.532,8.053
2061,MAM,North East England,0.407,5.667
2062,MAM,North East England,0.486,8.895
2063,MAM,North East England,0.513,13.632
2064,MAM,North East England,0.540,6.982
2065,MAM,North East England,0.519,10.123
2066,MAM,North East England,0.561,8.088
2067,MAM,North East England,0.421,6.404
2068,MAM,North East England,0.461,5.737
2069,MAM,North East England,0.462,6.421
2070,MAM,North East England,0.483,6.474
2071,MAM,North East England,0.370,4.807
2072,MAM,North East England,0.551,10.684
2073,MAM,North East England,0.525,9.035
2074,MAM,North East England,0.513,6.368
2075,MAM,North East England,0.437,8.509
2076,MAM,North East England,0.502,6.807
2077,MAM,North East England,0.456,7.754
2078,MAM,North East England,0.402,6.123
2079,MAM,North East England,0.368,6.596
2080,MAM,North East England,0.323,4.667
1981,MAM,North Scotland,0.506,7.783
1982,MAM,North Scotland,0.413,9.000
1983,MAM,North Scotland,0.606,13.571
1984,MAM,North Scotland,0.576,12.354
1985,MAM,North Scotland,0.580,13.976
1986,MAM,North Scotland,0.586,12.792
1987,MAM,North Scotland,0.705,13.392
1988,MAM,North Scotland,0.560,8.660
1989,MAM,North Scotland,0.521,8.925
1990,MAM,North Scotland,0.469,12.519
1991,MAM,North Scotland,0.580,13.538
1992,MAM,North Scotland,0.623,12.604
1993,MAM,North Scotland,0.621,8.741
1994,MAM,North Scotland,0.583,12.217
1995,MAM,North Scotland,0.633,14.316
1996,MAM,North Scotland,0.577,8.429
1997,MAM,North Scotland,0.582,11.665
1998,MAM,North Scotland,0.543,10.514
1999,MAM,North Scotland,0.571,9.892
2000,MAM,North Scotland,0.600,13.340
2001,MAM,North Scotland,0.656,14.038
2002,MAM,North Scotland,0.633,10.618
2003,MAM,North Scotland,0.489,9.604
2004,MAM,North Scotland,0.678,16.929
2005,MAM,North Scotland,0.575,16.849
2006,MAM,North Scotland,0.503,6.991
2007,MAM,North Scotland,0.605,11.863
2008,MAM,North Scotland,0.550,10.212
2009,MAM,North Scotland,0.670,15.024
2010,MAM,North Scotland,0.627,11.948
2011,MAM,North Scotland,0.607,13.113
2012,MAM,North Scotland,0.578,8.533
2013,MAM,North Scotland,0.471,7.132
2014,MAM,North Scotland,0.539,9.014
2015,MAM,North Scotland,0.578,9.061
2016,MAM,North Scotland,0.590,8.684
2017,MAM,North Scotland,0.686,12.708
2018,MAM,North Scotland,0.724,16.830
2019,MAM,North Scotland,0.561,13.014
2020,MAM,North Scotland,0.521,9.910
2021,MAM,North Scotland,0.671,13.981
2022,MAM,North Scotland,0.541,9.061
2023,MAM,North Scotland,0.643,9.467
2024,MAM,North Scotland,0.653,13.189
2025,MAM,North Scotland,0.607,12.368
2026,MAM,North Scotland,0.536,9.439
2027,MAM,North Scotland,0.542,10.104
2028,MAM,North Scotland,0.644,11.759
2029,MAM,North Scotland,0.607,15.052
2030,MAM,North Scotland,0.599,11.208
2031,MAM,North Scotland,0.550,9.156
2032,MAM,North Scotland,0.508,9.080
2033,MAM,North Scotland,0.642,15.274
2034,MAM,North Scotland,0.552,8.066
2035,MAM,North Scotland,0.556,9.264
2036,MAM,North Scotland,0.717,15.684
2037,MAM,North Scotland,0.518,9.057
2038,MAM,North Scotland,0.723,15.892
2039,MAM,North Scotland,0.604,12.080
2040,MAM,North Scotland,0.518,9.014
2041,MAM,North Scotland,0.649,13.594
2042,MAM,North Scotland,0.625,14.368
2043,MAM,North Scotland,0.698,11.198
2044,MAM,North Scotland,0.629,11.896
2045,MAM,North Scotland,0.697,17.236
2046,MAM,North Scotland,0.488,9.288
2047,MAM,North Scotland,0.498,10.731
2048,MAM,North Scotland,0.446,9.410
2049,MAM,North Scotland,0.553,11.330
2050,MAM,North Scotland,0.684,12.962
2051,MAM,North Scotland,0.651,15.717
2052,MAM,North Scotland,0.725,16.113
2053,MAM,North Scotland,0.618,9.057
2054,MAM,North Scotland,0.628,10.401
2055,MAM,North Scotland,0.582,11.476
2056,MAM,North Scotland,0.486,8.420
2057,MAM,North Scotland,0.646,13.184
2058,MAM,North Scotland,0.548,9.736
2059,MAM,North Scotland,0.589,12.844
2060,MAM,North Scotland,0.673,14.184
2061,MAM,North Scotland,0.528,12.939
2062,MAM,North Scotland,0.650,12.840
2063,MAM,North Scotland,0.637,14.269
2064,MAM,North Scotland,0.627,14.184
2065,MAM,North Scotland,0.678,10.033
2066,MAM,North Scotland,0.699,12.708
2067,MAM,North Scotland,0.705,12.212
2068,MAM,North Scotland,0.577,11.047
2069,MAM,North Scotland,0.606,11.604
2070,MAM,North Scotland,0.587,8.165
2071,MAM,North Scotland,0.531,10.255
2072,MAM,North Scotland,0.675,13.132
2073,MAM,North Scotland,0.528,9.792
2074,MAM,North Scotland,0.617,13.807
2075,MAM,North Scotland,0.555,10.943
2076,MAM,North Scotland,0.576,9.061
2077,MAM,North Scotland,0.485,8.476
2078,MAM,North Scotland,0.608,11.420
2079,MAM,North Scotland,0.650,14.434
2080,MAM,North Scotland,0.510,8.193
1981,MAM,North West England,0.544,8.978
1982,MAM,North West England,0.393,7.742
1983,MAM,North West England,0.549,10.903
1984,MAM,North West England,0.541,8.839
1985,MAM,North West England,0.519,9.892
1986,MAM,North West England,0.524,10.301
1987,MAM,North West England,0.634,10.129
1988,MAM,North West England,0.471,6.333
1989,MAM,North West England,0.457,7.677
1990,MAM,North West England,0.450,7.914
1991,MAM,North West England,0.478,9.097
1992,MAM,North West England,0.543,7.516
1993,MAM,North West England,0.657,11.860
1994,MAM,North West England,0.510,7.441
1995,MAM,North West England,0.564,12.785
1996,MAM,North West England,0.449,7.785
1997,MAM,North West England,0.539,8.699
1998,MAM,North West England,0.511,14.699
1999,MAM,North West England,0.618,14.935
2000,MAM,North West England,0.496,6.548
2001,MAM,North West England,0.447,13.075
2002,MAM,North West England,0.717,13.613
2003,MAM,North West England,0.502,10.559
2004,MAM,North West England,0.583,9.000
2005,MAM,North West England,0.500,8.581
2006,MAM,North West England,0.472,9.505
2007,MAM,North West England,0.502,12.817
2008,MAM,North West England,0.471,6.796
2009,MAM,North West England,0.607,13.376
2010,MAM,North West England,0.559,9.387
2011,MAM,North West England,0.519,9.946
2012,MAM,North West England,0.575,12.946
2013,MAM,North West England,0.359,5.871
2014,MAM,North West England,0.502,7.613
2015,MAM,North West England,0.470,6.355
2016,MAM,North West England,0.562,10.237
2017,MAM,North West England,0.542,7.839
2018,MAM,North West England,0.709,11.366
2019,MAM,North West England,0.446,8.269
2020,MAM,North West England,0.561,13.441
2021,MAM,North West England,0.627,9.634
2022,MAM,North West England,0.526,14.731
2023,MAM,North West England,0.522,11.075
2024,MAM,North West England,0.613,11.086
2025,MAM,North West England,0.524,9.989
2026,MAM,North West England,0.451,8.828
2027,MAM,North West England,0.587,12.312
2028,MAM,North West England,0.487,8.968
2029,MAM,North West England,0.578,9.667
2030,MAM,North West England,0.508,10.172
2031,MAM,North West England,0.522,13.344
2032,MAM,North West England,0.447,7.806
2033,MAM,North West England,0.575,10.430
2034,MAM,North West England,0.399,6.591
2035,MAM,North West England,0.590,9.645
2036,MAM,North West England,0.700,13.183
2037,MAM,North West England,0.500,10.957
2038,MAM,North West England,0.601,10.269
2039,MAM,North West England,0.567,10.000
2040,MAM,North West England,0.445,7.806
2041,MAM,North West England,0.578,8.226
2042,MAM,North West England,0.579,13.355
2043,MAM,North West England,0.682,15.355
2044,MAM,North West England,0.659,10.817
2045,MAM,North West England,0.510,10.882
2046,MAM,North West England,0.460,8.667
2047,MAM,North West England,0.564,14.570
2048,MAM,North West England,0.359,6.914
2049,MAM,North West England,0.471,8.548
2050,MAM,North West England,0.618,13.430
2051,MAM,North West England,0.531,12.785
2052,MAM,North West England,0.663,12.419
2053,MAM,North West England,0.638,9.763
2054,MAM,North West England,0.567,13.097
2055,MAM,North West England,0.432,8.527
2056,MAM,North West England,0.454,8.441
2057,MAM,North West England,0.566,7.581
2058,MAM,North West England,0.486,5.344
2059,MAM,North West England,0.545,8.957
2060,MAM,North West England,0.637,12.753
2061,MAM,North West England,0.431,9.441
2062,MAM,North West England,0.596,10.355
2063,MAM,North West England,0.594,15.957
2064,MAM,North West England,0.647,11.226
2065,MAM,North West England,0.633,9.516
2066,MAM,North West England,0.651,11.538
2067,MAM,North West England,0.532,12.452
2068,MAM,North West England,0.519,8.505
2069,MAM,North West England,0.525,8.075
2070,MAM,North West England,0.600,9.914
2071,MAM,North West England,0.462,8.699
2072,MAM,North West England,0.674,11.387
2073,MAM,North West England,0.572,13.355
2074,MAM,North West England,0.589,8.366
2075,MAM,North West England,0.505,10.462
2076,MAM,North West England,0.496,6.763
2077,MAM,North West England,0.486,11.892
2078,MAM,North West England,0.504,9.183
2079,MAM,North West England,0.508,14.226
2080,MAM,North West England,0.402,7.591
1981,MAM,South East England,0.484,6.602
1982,MAM,South East England,0.414,7.432
1983,MAM,South East England,0.435,5.051
1984,MAM,South East England,0.465,8.415
1985,MAM,South East England,0.372,6.720
1986,MAM,South East England,0.400,6.169
1987,MAM,South East England,0.490,11.034
1988,MAM,South East England,0.337,5.992
1989,MAM,South East England,0.349,5.661
1990,MAM,South East England,0.336,4.797
1991,MAM,South East England,0.329,5.432
1992,MAM,South East England,0.404,6.966
1993,MAM,South East England,0.397,4.924
1994,MAM,South East England,0.480,8.280
1995,MAM,South East England,0.400,4.983
1996,MAM,South East England,0.403,6.237
1997,MAM,South East England,0.403,6.890
1998,MAM,South East England,0.423,8.000
1999,MAM,South East England,0.555,12.042
2000,MAM,South East England,0.380,4.678
2001,MAM,South East England,0.292,4.085
2002,MAM,South East England,0.629,12.025
2003,MAM,South East England,0.390,6.856
2004,MAM,South East England,0.419,8.127
2005,MAM,South East England,0.395,5.339
2006,MAM,South East England,0.388,6.669
2007,MAM,South East England,0.304,5.508
2008,MAM,South East England,0.359,5.229
2009,MAM,South East England,0.568,11.763
2010,MAM,South East England,0.464,6.941
2011,MAM,South East England,0.317,5.949
2012,MAM,South East England,0.490,10.034
2013,MAM,South East England,0.372,5.602
2014,MAM,South East England,0.338,5.856
2015,MAM,South East England,0.329,4.856
2016,MAM,South East England,0.484,7.136
2017,MAM,South East England,0.463,7.475
2018,MAM,South East England,0.459,6.551
2019,MAM,South East England,0.334,6.593
2020,MAM,South East England,0.499,9.992
2021,MAM,South East England,0.448,6.432
2022,MAM,South East England,0.390,6.153
2023,MAM,South East England,0.363,6.525
2024,MAM,South East England,0.530,9.873
2025,MAM,South East England,0.338,7.661
2026,MAM,South East England,0.297,3.703
2027,MAM,South East England,0.565,9.458
2028,MAM,South East England,0.371,9.364
2029,MAM,South East England,0.425,4.703
2030,MAM,South East England,0.402,8.331
2031,MAM,South East England,0.360,8.008
2032,MAM,South East England,0.335,5.542
2033,MAM,South East England,0.467,9.847
2034,MAM,South East England,0.369,7.771
2035,MAM,South East England,0.600,11.085
2036,MAM,South East England,0.497,7.051
2037,MAM,South East England,0.434,6.161
2038,MAM,South East England,0.439,5.932
2039,MAM,South East England,0.426,8.568
2040,MAM,South East England,0.497,7.254
2041,MAM,South East England,0.408,6.797
2042,MAM,South East England,0.405,5.568
2043,MAM,South East England,0.561,8.686
2044,MAM,South East England,0.491,7.915
2045,MAM,South East England,0.328,5.373
2046,MAM,South East England,0.385,5.831
2047,MAM,South East England,0.490,9.381
2048,MAM,South East England,0.366,9.119
2049,MAM,South East England,0.377,5.059
2050,MAM,South East England,0.352,5.958
2051,MAM,South East England,0.389,7.898
2052,MAM,South East England,0.338,5.763
2053,MAM,South East England,0.561,8.636
2054,MAM,South East England,0.433,7.975
2055,MAM,South East England,0.242,5.915
2056,MAM,South East England,0.420,5.051
2057,MAM,South East England,0.413,6.449
2058,MAM,South East England,0.351,6.822
2059,MAM,South East England,0.379,6.610
2060,MAM,South East England,0.474,6.720
2061,MAM,South East England,0.406,5.669
2062,MAM,South East England,0.407,7.593
2063,MAM,South East England,0.432,6.856
2064,MAM,South East England,0.544,7.822
2065,MAM,South East England,0.470,8.093
2066,MAM,South East England,0.485,7.432
2067,MAM,South East England,0.289,4.568
2068,MAM,South East England,0.424,6.890
2069,MAM,South East England,0.418,7.059
2070,MAM,South East England,0.479,9.186
2071,MAM,South East England,0.263,5.195
2072,MAM,South East England,0.392,4.856
2073,MAM,South East England,0.465,7.746
2074,MAM,South East England,0.483,7.271
2075,MAM,South East England,0.424,5.407
2076,MAM,South East England,0.415,7.839
2077,MAM,South East England,0.406,6.034
2078,MAM,South East England,0.285,6.873
2079,MAM,South East England,0.296,6.542
2080,MAM,South East England,0.270,3.593
1981,MAM,South West England,0.440,5.519
1982,MAM,South West England,0.387,6.821
1983,MAM,South West England,0.479,6.417
1984,MAM,South West England,0.488,7.776
1985,MAM,South West England,0.400,6.974
1986,MAM,South West England,0.461,10.519
1987,MAM,South West England,0.516,12.250
1988,MAM,South West England,0.409,7.603
1989,MAM,South West England,0.356,6.487
1990,MAM,South West England,0.387,5.756
1991,MAM,South West England,0.382,7.308
1992,MAM,South West England,0.425,6.147
1993,MAM,South West England,0.523,7.051
1994,MAM,South West England,0.488,7.878
1995,MAM,South West England,0.436,6.955
1996,MAM,South West England,0.425,7.840
1997,MAM,South West England,0.439,8.423
1998,MAM,South West England,0.480,11.513
1999,MAM,South West England,0.610,13.288
2000,MAM,South West England,0.389,5.045
2001,MAM,South West England,0.322,6.154
2002,MAM,South West England,0.726,15.096
2003,MAM,South West England,0.451,9.712
2004,MAM,South West England,0.455,9.212
2005,MAM,South West England,0.442,5.917
2006,MAM,South West England,0.399,7.583
2007,MAM,South West England,0.312,5.929
2008,MAM,South West England,0.395,8.077
2009,MAM,South West England,0.535,12.724
2010,MAM,South West England,0.478,6.583
2011,MAM,South West England,0.411,9.391
2012,MAM,South West England,0.533,10.949
2013,MAM,South West England,0.362,5.673
2014,MAM,South West England,0.367,6.128
2015,MAM,South West England,0.378,5.179
2016,MAM,South West England,0.519,9.647
2017,MAM,South West England,0.437,8.564
2018,MAM,South West England,0.516,8.654
2019,MAM,South West England,0.349,7.442
2020,MAM,South West England,0.545,10.936
2021,MAM,South West England,0.460,7.962
2022,MAM,South West England,0.434,8.994
2023,MAM,South West England,0.407,8.372
2024,MAM,South West England,0.552,11.346
2025,MAM,South West England,0.360,6.750
2026,MAM,South West England,0.326,4.571
2027,MAM,South West England,0.610,12.276
2028,MAM,South West England,0.355,8.968
2029,MAM,South West England,0.431,6.744
2030,MAM,South West England,0.429,9.904
2031,MAM,South West England,0.456,10.083
2032,MAM,South West England,0.345,6.910
2033,MAM,South West England,0.480,9.654
2034,MAM,South West England,0.367,8.321
2035,MAM,South West England,0.631,10.987
2036,MAM,South West England,0.556,9.654
2037,MAM,South West England,0.472,7.321
2038,MAM,South West England,0.479,7.699
2039,MAM,South West England,0.488,9.615
2040,MAM,South West England,0.479,6.622
2041,MAM,South West England,0.426,7.429
2042,MAM,South West England,0.467,8.147
2043,MAM,South West England,0.602,8.212
2044,MAM,South West England,0.529,10.429
2045,MAM,South West England,0.412,6.391
2046,MAM,South West England,0.391,5.942
2047,MAM,South West England,0.532,11.173
2048,MAM,South West England,0.385,8.199
2049,MAM,South West England,0.393,5.744
2050,MAM,South West England,0.434,7.904
2051,MAM,South West England,0.433,9.532
2052,MAM,South West England,0.381,5.404
2053,MAM,South West England,0.577,9.135
2054,MAM,South West England,0.447,6.853
2055,MAM,South West England,0.255,3.673
2056,MAM,South West England,0.413,7.500
2057,MAM,South West England,0.429,8.026
2058,MAM,South West England,0.380,7.417
2059,MAM,South West England,0.409,6.705
2060,MAM,South West England,0.517,7.263
2061,MAM,South West England,0.385,5.308
2062,MAM,South West England,0.437,7.083
2063,MAM,South West England,0.452,8.705
2064,MAM,South West England,0.603,9.590
2065,MAM,South West England,0.450,7.654
2066,MAM,South West England,0.516,7.391
2067,MAM,South West England,0.379,6.577
2068,MAM,South West England,0.422,7.378
2069,MAM,South West England,0.444,8.167
2070,MAM,South West England,0.490,7.949
2071,MAM,South West England,0.249,4.026
2072,MAM,South West England,0.481,5.615
2073,MAM,South West England,0.550,9.788
2074,MAM,South West England,0.540,8.218
2075,MAM,South West England,0.435,7.468
2076,MAM,South West England,0.463,9.654
2077,MAM,South West England,0.483,8.987
2078,MAM,South West England,0.341,7.763
2079,MAM,South West England,0.371,8.660
2080,MAM,South West England,0.285,3.679
1981,MAM,West Midlands,0.473,5.826
1982,MAM,West Midlands,0.415,6.477
1983,MAM,West Midlands,0.466,5.651
1984,MAM,West Midlands,0.447,4.988
1985,MAM,West Midlands,0.397,6.395
1986,MAM,West Midlands,0.427,7.581
1987,MAM,West Midlands,0.517,11.186
1988,MAM,West Midlands,0.367,5.209
1989,MAM,West Midlands,0.356,6.186
1990,MAM,West Midlands,0.340,4.814
1991,MAM,West Midlands,0.343,6.058
1992,MAM,West Midlands,0.440,6.291
1993,MAM,West Midlands,0.509,10.244
1994,MAM,West Midlands,0.509,8.326
1995,MAM,West Midlands,0.412,6.233
1996,MAM,West Midlands,0.383,5.744
1997,MAM,West Midlands,0.466,8.012
1998,MAM,West Midlands,0.455,11.302
1999,MAM,West Midlands,0.566,10.616
2000,MAM,West Midlands,0.385,4.128
2001,MAM,West Midlands,0.296,6.884
2002,MAM,West Midlands,0.697,12.767
2003,MAM,West Midlands,0.463,7.837
2004,MAM,West Midlands,0.435,7.698
2005,MAM,West Midlands,0.397,5.116
2006,MAM,West Midlands,0.389,8.477
2007,MAM,West Midlands,0.312,5.488
2008,MAM,West Midlands,0.430,7.663
2009,MAM,West Midlands,0.549,10.291
2010,MAM,West Midlands,0.460,5.384
2011,MAM,West Midlands,0.350,7.081
2012,MAM,West Midlands,0.521,12.093
2013,MAM,West Midlands,0.373,5.558
2014,MAM,West Midlands,0.373,6.174
2015,MAM,West Midlands,0.366,5.419
2016,MAM,West Midlands,0.508,8.465
2017,MAM,West Midlands,0.487,8.733
2018,MAM,West Midlands,0.514,7.314
2019,MAM,West Midlands,0.340,6.744
2020,MAM,West Midlands,0.515,10.267
2021,MAM,West Midlands,0.439,6.407
2022,MAM,West Midlands,0.422,6.919
2023,MAM,West Midlands,0.404,6.081
2024,MAM,West Midlands,0.515,10.965
2025,MAM,West Midlands,0.385,6.733
2026,MAM,West Midlands,0.340,3.826
2027,MAM,West Midlands,0.573,10.802
2028,MAM,West Midlands,0.371,7.407
2029,MAM,West Midlands,0.445,6.093
2030,MAM,West Midlands,0.428,9.267
2031,MAM,West Midlands,0.397,10.314
2032,MAM,West Midlands,0.370,6.616
2033,MAM,West Midlands,0.503,9.279
2034,MAM,West Midlands,0.368,5.686
2035,MAM,West Midlands,0.585,7.384
2036,MAM,West Midlands,0.481,7.384
2037,MAM,West Midlands,0.425,5.860
2038,MAM,West Midlands,0.437,6.965
2039,MAM,West Midlands,0.486,8.523
2040,MAM,West Midlands,0.452,6.767
2041,MAM,West Midlands,0.420,7.512
2042,MAM,West Midlands,0.428,6.814
2043,MAM,West Midlands,0.610,10.523
2044,MAM,West Midlands,0.498,8.058
2045,MAM,West Midlands,0.360,5.686
2046,MAM,West Midlands,0.448,9.872
2047,MAM,West Midlands,0.477,9.163
2048,MAM,West Midlands,0.330,6.419
2049,MAM,West Midlands,0.388,5.384
2050,MAM,West Midlands,0.456,8.267
2051,MAM,West Midlands,0.382,6.012
2052,MAM,West Midlands,0.384,4.930
2053,MAM,West Midlands,0.585,7.349
2054,MAM,West Midlands,0.466,8.488
2055,MAM,West Midlands,0.280,3.953
2056,MAM,West Midlands,0.415,6.081
2057,MAM,West Midlands,0.448,6.663
2058,MAM,West Midlands,0.379,6.663
2059,MAM,West Midlands,0.412,6.244
2060,MAM,West Midlands,0.519,6.070
2061,MAM,West Midlands,0.394,5.907
2062,MAM,West Midlands,0.414,7.721
2063,MAM,West Midlands,0.419,6.023
2064,MAM,West Midlands,0.554,8.081
2065,MAM,West Midlands,0.502,9.488
2066,MAM,West Midlands,0.523,7.628
2067,MAM,West Midlands,0.413,5.977
2068,MAM,West Midlands,0.445,7.547
2069,MAM,West Midlands,0.448,7.186
2070,MAM,West Midlands,0.472,7.105
2071,MAM,West Midlands,0.284,6.512
2072,MAM,West Midlands,0.455,6.349
2073,MAM,West Midlands,0.504,9.070
2074,MAM,West Midlands,0.494,6.419
2075,MAM,West Midlands,0.457,6.477
2076,MAM,West Midlands,0.448,9.326
2077,MAM,West Midlands,0.452,7.570
2078,MAM,West Midlands,0.366,7.163
2079,MAM,West Midlands,0.352,10.000
2080,MAM,West Midlands,0.328,3.791
1981,MAM,West Scotland,0.495,7.856
1982,MAM,West Scotland,0.408,8.712
1983,MAM,West Scotland,0.563,12.500
1984,MAM,West Scotland,0.551,12.273
1985,MAM,West Scotland,0.543,11.447
1986,MAM,West Scotland,0.594,13.818
1987,MAM,West Scotland,0.609,10.492
1988,MAM,West Scotland,0.536,9.939
1989,MAM,West Scotland,0.482,7.545
1990,MAM,West Scotland,0.497,11.629
1991,MAM,West Scotland,0.558,10.318
1992,MAM,West Scotland,0.552,8.273
1993,MAM,West Scotland,0.615,9.515
1994,MAM,West Scotland,0.531,9.364
1995,MAM,West Scotland,0.602,10.242
1996,MAM,West Scotland,0.482,7.947
1997,MAM,West Scotland,0.507,7.674
1998,MAM,West Scotland,0.506,11.553
1999,MAM,West Scotland,0.599,12.288
2000,MAM,West Scotland,0.504,7.576
2001,MAM,West Scotland,0.576,14.561
2002,MAM,West Scotland,0.658,10.288
2003,MAM,West Scotland,0.514,10.348
2004,MAM,West Scotland,0.643,12.386
2005,MAM,West Scotland,0.525,15.712
2006,MAM,West Scotland,0.485,7.773
2007,MAM,West Scotland,0.557,12.318
2008,MAM,West Scotland,0.432,5.530
2009,MAM,West Scotland,0.621,10.758
2010,MAM,West Scotland,0.540,6.917
2011,MAM,West Scotland,0.589,11.909
2012,MAM,West Scotland,0.549,11.038
2013,MAM,West Scotland,0.374,5.561
2014,MAM,West Scotland,0.538,9.295
2015,MAM,West Scotland,0.510,7.394
2016,MAM,West Scotland,0.544,11.265
2017,MAM,West Scotland,0.573,8.174
2018,MAM,West Scotland,0.715,12.614
2019,MAM,West Scotland,0.500,10.152
2020,MAM,West Scotland,0.614,10.765
2021,MAM,West Scotland,0.670,12.508
2022,MAM,West Scotland,0.496,14.015
2023,MAM,West Scotland,0.579,11.674
2024,MAM,West Scotland,0.638,10.742
2025,MAM,West Scotland,0.564,11.985
2026,MAM,West Scotland,0.480,10.477
2027,MAM,West Scotland,0.539,10.644
2028,MAM,West Scotland,0.443,7.386
2029,MAM,West Scotland,0.568,10.364
2030,MAM,West Scotland,0.541,9.220
2031,MAM,West Scotland,0.563,10.447
2032,MAM,West Scotland,0.458,8.076
2033,MAM,West Scotland,0.596,15.545
2034,MAM,West Scotland,0.418,5.818
2035,MAM,West Scotland,0.570,9.227
2036,MAM,West Scotland,0.744,13.068
2037,MAM,West Scotland,0.567,11.038
2038,MAM,West Scotland,0.660,14.174
2039,MAM,West Scotland,0.568,9.371
2040,MAM,West Scotland,0.469,8.030
2041,MAM,West Scotland,0.596,11.606
2042,MAM,West Scotland,0.617,11.053
2043,MAM,West Scotland,0.665,14.159
2044,MAM,West Scotland,0.628,12.045
2045,MAM,West Scotland,0.629,13.742
2046,MAM,West Scotland,0.439,6.379
2047,MAM,West Scotland,0.515,12.856
2048,MAM,West Scotland,0.384,6.212
2049,MAM,West Scotland,0.503,10.371
2050,MAM,West Scotland,0.695,10.205
2051,MAM,West Scotland,0.612,11.818
2052,MAM,West Scotland,0.746,15.530
2053,MAM,West Scotland,0.638,9.720
2054,MAM,West Scotland,0.583,12.508
2055,MAM,West Scotland,0.465,6.106
2056,MAM,West Scotland,0.423,10.644
2057,MAM,West Scotland,0.579,9.545
2058,MAM,West Scotland,0.526,8.879
2059,MAM,West Scotland,0.538,12.455
2060,MAM,West Scotland,0.649,11.598
2061,MAM,West Scotland,0.464,11.803
2062,MAM,West Scotland,0.655,13.174
2063,MAM,West Scotland,0.612,15.083
2064,MAM,West Scotland,0.661,15.765
2065,MAM,West Scotland,0.620,8.644
2066,MAM,West Scotland,0.678,11.114
2067,MAM,West Scotland,0.621,12.583
2068,MAM,West Scotland,0.540,9.167
2069,MAM,West Scotland,0.540,8.591
2070,MAM,West Scotland,0.580,9.098
2071,MAM,West Scotland,0.495,9.826
2072,MAM,West Scotland,0.681,11.432
2073,MAM,West Scotland,0.555,12.205
2074,MAM,West Scotland,0.571,11.652
2075,MAM,West Scotland,0.520,9.955
2076,MAM,West Scotland,0.495,6.955
2077,MAM,West Scotland,0.468,11.689
2078,MAM,West Scotland,0.591,9.947
2079,MAM,West Scotland,0.634,13.167
2080,MAM,West Scotland,0.457,7.621
1981,MAM,Yorkshire and Humber,0.561,8.822
1982,MAM,Yorkshire and Humber,0.472,7.109
1983,MAM,Yorkshire and Humber,0.453,9.040
1984,MAM,Yorkshire and Humber,0.533,6.109
1985,MAM,Yorkshire and Humber,0.412,6.594
1986,MAM,Yorkshire and Humber,0.389,6.535
1987,MAM,Yorkshire and Humber,0.558,7.505
1988,MAM,Yorkshire and Humber,0.397,5.485
1989,MAM,Yorkshire and Humber,0.361,5.535
1990,MAM,Yorkshire and Humber,0.346,4.792
1991,MAM,Yorkshire and Humber,0.335,4.743
1992,MAM,Yorkshire and Humber,0.498,8.624
1993,MAM,Yorkshire and Humber,0.465,7.079
1994,MAM,Yorkshire and Humber,0.472,8.010
1995,MAM,Yorkshire and Humber,0.442,7.653
1996,MAM,Yorkshire and Humber,0.397,7.673
1997,MAM,Yorkshire and Humber,0.507,9.406
1998,MAM,Yorkshire and Humber,0.499,9.198
1999,MAM,Yorkshire and Humber,0.549,11.228
2000,MAM,Yorkshire and Humber,0.412,4.901
2001,MAM,Yorkshire and Humber,0.349,5.911
2002,MAM,Yorkshire and Humber,0.667,11.287
2003,MAM,Yorkshire and Humber,0.468,8.495
2004,MAM,Yorkshire and Humber,0.448,6.644
2005,MAM,Yorkshire and Humber,0.421,6.455
2006,MAM,Yorkshire and Humber,0.466,7.396
2007,MAM,Yorkshire and Humber,0.356,6.762
2008,MAM,Yorkshire and Humber,0.448,8.257
2009,MAM,Yorkshire and Humber,0.519,8.267
2010,MAM,Yorkshire and Humber,0.490,7.782
2011,MAM,Yorkshire and Humber,0.351,6.376
2012,MAM,Yorkshire and Humber,0.548,9.950
2013,MAM,Yorkshire and Humber,0.388,6.059
2014,MAM,Yorkshire and Humber,0.419,6.644
2015,MAM,Yorkshire and Humber,0.367,6.139
2016,MAM,Yorkshire and Humber,0.513,6.069
2017,MAM,Yorkshire and Humber,0.524,9.040
2018,MAM,Yorkshire and Humber,0.585,8.257
2019,MAM,Yorkshire and Humber,0.401,6.307
2020,MAM,Yorkshire and Humber,0.490,9.050
2021,MAM,Yorkshire and Humber,0.493,6.802
2022,MAM,Yorkshire and Humber,0.512,8.238
2023,MAM,Yorkshire and Humber,0.415,6.188
2024,MAM,Yorkshire and Humber,0.494,7.861
2025,MAM,Yorkshire and Humber,0.433,6.089
2026,MAM,Yorkshire and Humber,0.370,5.356
2027,MAM,Yorkshire and Humber,0.571,8.861
2028,MAM,Yorkshire and Humber,0.428,5.545
2029,MAM,Yorkshire and Humber,0.491,6.713
2030,MAM,Yorkshire and Humber,0.466,8.455
2031,MAM,Yorkshire and Humber,0.363,6.040
2032,MAM,Yorkshire and Humber,0.410,6.792
2033,MAM,Yorkshire and Humber,0.533,9.099
2034,MAM,Yorkshire and Humber,0.367,5.000
2035,MAM,Yorkshire and Humber,0.616,8.980
2036,MAM,Yorkshire and Humber,0.547,8.109
2037,MAM,Yorkshire and Humber,0.391,7.149
2038,MAM,Yorkshire and Humber,0.463,7.851
2039,MAM,Yorkshire and Humber,0.478,9.139
2040,MAM,Yorkshire and Humber,0.412,6.079
2041,MAM,Yorkshire and Humber,0.473,6.693
2042,MAM,Yorkshire and Humber,0.428,6.950
2043,MAM,Yorkshire and Humber,0.604,10.495
2044,MAM,Yorkshire and Humber,0.509,7.663
2045,MAM,Yorkshire and Humber,0.375,7.059
2046,MAM,Yorkshire and Humber,0.428,6.188
2047,MAM,Yorkshire and Humber,0.470,9.396
2048,MAM,Yorkshire and Humber,0.355,7.228
2049,MAM,Yorkshire and Humber,0.402,6.475
2050,MAM,Yorkshire and Humber,0.504,9.307
2051,MAM,Yorkshire and Humber,0.467,13.347
2052,MAM,Yorkshire and Humber,0.474,6.228
2053,MAM,Yorkshire and Humber,0.556,9.188
2054,MAM,Yorkshire and Humber,0.455,6.248
2055,MAM,Yorkshire and Humber,0.323,4.762
2056,MAM,Yorkshire and Humber,0.435,6.624
2057,MAM,Yorkshire and Humber,0.515,8.752
2058,MAM,Yorkshire and Humber,0.376,4.921
2059,MAM,Yorkshire and Humber,0.442,6.059
2060,MAM,Yorkshire and Humber,0.524,7.455
2061,MAM,Yorkshire and Humber,0.403,5.723
2062,MAM,Yorkshire and Humber,0.430,6.079
2063,MAM,Yorkshire and Humber,0.492,10.465
2064,MAM,Yorkshire and Humber,0.544,8.733
2065,MAM,Yorkshire and Humber,0.514,8.248
2066,MAM,Yorkshire and Humber,0.520,7.673
2067,MAM,Yorkshire and Humber,0.406,5.921
2068,MAM,Yorkshire and Humber,0.427,5.822
2069,MAM,Yorkshire and Humber,0.458,6.376
2070,MAM,Yorkshire and Humber,0.489,7.416
2071,MAM,Yorkshire and Humber,0.321,5.228
2072,MAM,Yorkshire and Humber,0.487,8.564
2073,MAM,Yorkshire and Humber,0.488,8.723
2074,MAM,Yorkshire and Humber,0.518,6.594
2075,MAM,Yorkshire and Humber,0.418,6.228
2076,MAM,Yorkshire and Humber,0.455,5.653
2077,MAM,Yorkshire and Humber,0.429,6.376
2078,MAM,Yorkshire and Humber,0.369,5.762
2079,MAM,Yorkshire and Humber,0.348,6.188
2080,MAM,Yorkshire and Humber,0.326,4.149
1981,MAM,Channel Islands,0.433,5.000
1982,MAM,Channel Islands,0.444,7.000
1983,MAM,Channel Islands,0.378,11.000
1984,MAM,Channel Islands,0.483,10.000
1985,MAM,Channel Islands,0.378,7.500
1986,MAM,Channel Islands,0.428,6.000
1987,MAM,Channel Islands,0.506,13.000
1988,MAM,Channel Islands,0.406,6.000
1989,MAM,Channel Islands,0.294,6.000
1990,MAM,Channel Islands,0.339,4.000
1991,MAM,Channel Islands,0.283,5.000
1992,MAM,Channel Islands,0.378,5.000
1993,MAM,Channel Islands,0.478,6.500
1994,MAM,Channel Islands,0.522,11.000
1995,MAM,Channel Islands,0.406,6.000
1996,MAM,Channel Islands,0.467,8.500
1997,MAM,Channel Islands,0.439,6.000
1998,MAM,Channel Islands,0.356,4.500
1999,MAM,Channel Islands,0.583,12.000
2000,MAM,Channel Islands,0.372,9.000
2001,MAM,Channel Islands,0.272,3.000
2002,MAM,Channel Islands,0.644,9.000
2003,MAM,Channel Islands,0.428,7.000
2004,MAM,Channel Islands,0.456,8.000
2005,MAM,Channel Islands,0.372,7.000
2006,MAM,Channel Islands,0.378,7.000
2007,MAM,Channel Islands,0.294,10.000
2008,MAM,Channel Islands,0.400,8.000
2009,MAM,Channel Islands,0.544,12.500
2010,MAM,Channel Islands,0.478,6.000
2011,MAM,Channel Islands,0.367,6.500
2012,MAM,Channel Islands,0.500,12.000
2013,MAM,Channel Islands,0.378,7.000
2014,MAM,Channel Islands,0.428,7.000
2015,MAM,Channel Islands,0.350,6.000
2016,MAM,Channel Islands,0.494,8.500
2017,MAM,Channel Islands,0.444,8.000
2018,MAM,Channel Islands,0.417,4.000
2019,MAM,Channel Islands,0.278,5.000
2020,MAM,Channel Islands,0.478,8.500
2021,MAM,Channel Islands,0.356,6.000
2022,MAM,Channel Islands,0.372,6.000
2023,MAM,Channel Islands,0.378,6.500
2024,MAM,Channel Islands,0.550,13.000
2025,MAM,Channel Islands,0.372,8.500
2026,MAM,Channel Islands,0.311,4.500
2027,MAM,Channel Islands,0.611,10.000
2028,MAM,Channel Islands,0.361,7.500
2029,MAM,Channel Islands,0.372,6.000
2030,MAM,Channel Islands,0.339,6.000
2031,MAM,Channel Islands,0.383,5.500
2032,MAM,Channel Islands,0.400,7.000
2033,MAM,Channel Islands,0.467,9.500
2034,MAM,Channel Islands,0.322,7.000
2035,MAM,Channel Islands,0.683,12.000
2036,MAM,Channel Islands,0.567,7.500
2037,MAM,Channel Islands,0.433,6.000
2038,MAM,Channel Islands,0.439,8.000
2039,MAM,Channel Islands,0.439,5.000
2040,MAM,Channel Islands,0.456,6.000
2041,MAM,Channel Islands,0.433,6.500
2042,MAM,Channel Islands,0.378,8.500
2043,MAM,Channel Islands,0.522,8.500
2044,MAM,Channel Islands,0.528,14.000
2045,MAM,Channel Islands,0.306,7.000
2046,MAM,Channel Islands,0.400,8.000
2047,MAM,Channel Islands,0.456,10.000
2048,MAM,Channel Islands,0.472,14.000
2049,MAM,Channel Islands,0.378,6.500
2050,MAM,Channel Islands,0.422,7.500
2051,MAM,Channel Islands,0.378,8.000
2052,MAM,Channel Islands,0.333,5.500
2053,MAM,Channel Islands,0.544,10.000
2054,MAM,Channel Islands,0.378,6.000
2055,MAM,Channel Islands,0.206,2.000
2056,MAM,Channel Islands,0.372,4.000
2057,MAM,Channel Islands,0.389,6.000
2058,MAM,Channel Islands,0.350,7.000
2059,MAM,Channel Islands,0.356,4.000
2060,MAM,Channel Islands,0.594,14.000
2061,MAM,Channel Islands,0.389,6.000
2062,MAM,Channel Islands,0.478,4.500
2063,MAM,Channel Islands,0.439,8.000
2064,MAM,Channel Islands,0.556,7.000
2065,MAM,Channel Islands,0.483,5.500
2066,MAM,Channel Islands,0.522,9.000
2067,MAM,Channel Islands,0.300,5.000
2068,MAM,Channel Islands,0.361,5.000
2069,MAM,Channel Islands,0.489,9.000
2070,MAM,Channel Islands,0.394,5.000
2071,MAM,Channel Islands,0.267,4.000
2072,MAM,Channel Islands,0.450,5.000
2073,MAM,Channel Islands,0.422,6.500
2074,MAM,Channel Islands,0.478,7.000
2075,MAM,Channel Islands,0.433,7.000
2076,MAM,Channel Islands,0.406,6.000
2077,MAM,Channel Islands,0.444,7.000
2078,MAM,Channel Islands,0.244,7.000
2079,MAM,Channel Islands,0.294,3.500
2080,MAM,Channel Islands,0.244,4.000
1981,MAM,Isle of Man,0.444,5.333
1982,MAM,Isle of Man,0.356,8.333
1983,MAM,Isle of Man,0.530,15.667
1984,MAM,Isle of Man,0.515,5.667
1985,MAM,Isle of Man,0.459,8.667
1986,MAM,Isle of Man,0.452,5.333
1987,MAM,Isle of Man,0.519,8.667
1988,MAM,Isle of Man,0.441,6.667
1989,MAM,Isle of Man,0.363,4.667
1990,MAM,Isle of Man,0.393,7.000
1991,MAM,Isle of Man,0.448,10.333
1992,MAM,Isle of Man,0.474,8.667
1993,MAM,Isle of Man,0.596,9.667
1994,MAM,Isle of Man,0.430,6.000
1995,MAM,Isle of Man,0.415,6.000
1996,MAM,Isle of Man,0.419,6.000
1997,MAM,Isle of Man,0.537,8.333
1998,MAM,Isle of Man,0.481,8.000
1999,MAM,Isle of Man,0.559,11.667
2000,MAM,Isle of Man,0.489,7.333
2001,MAM,Isle of Man,0.444,9.000
2002,MAM,Isle of Man,0.611,6.000
2003,MAM,Isle of Man,0.478,9.333
2004,MAM,Isle of Man,0.474,6.667
2005,MAM,Isle of Man,0.389,9.000
2006,MAM,Isle of Man,0.400,5.333
2007,MAM,Isle of Man,0.411,9.667
2008,MAM,Isle of Man,0.437,5.333
2009,MAM,Isle of Man,0.504,7.000
2010,MAM,Isle of Man,0.504,7.000
2011,MAM,Isle of Man,0.459,6.333
2012,MAM,Isle of Man,0.559,11.667
2013,MAM,Isle of Man,0.289,5.000
2014,MAM,Isle of Man,0.426,6.667
2015,MAM,Isle of Man,0.381,5.000
2016,MAM,Isle of Man,0.515,7.333
2017,MAM,Isle of Man,0.537,10.000
2018,MAM,Isle of Man,0.619,9.333
2019,MAM,Isle of Man,0.359,3.000
2020,MAM,Isle of Man,0.548,5.667
2021,MAM,Isle of Man,0.511,7.000
2022,MAM,Isle of Man,0.541,12.000
2023,MAM,Isle of Man,0.437,7.000
2024,MAM,Isle of Man,0.559,6.667
2025,MAM,Isle of Man,0.444,6.667
2026,MAM,Isle of Man,0.430,5.667
2027,MAM,Isle of Man,0.567,13.333
2028,MAM,Isle of Man,0.430,8.333
2029,MAM,Isle of Man,0.481,7.000
2030,MAM,Isle of Man,0.404,7.333
2031,MAM,Isle of Man,0.470,12.667
2032,MAM,Isle of Man,0.378,7.000
2033,MAM,Isle of Man,0.396,7.000
2034,MAM,Isle of Man,0.326,6.000
2035,MAM,Isle of Man,0.552,7.333
2036,MAM,Isle of Man,0.589,9.000
2037,MAM,Isle of Man,0.481,7.333
2038,MAM,Isle of Man,0.567,9.000
2039,MAM,Isle of Man,0.511,7.000
2040,MAM,Isle of Man,0.378,5.000
2041,MAM,Isle of Man,0.507,7.000
2042,MAM,Isle of Man,0.430,5.000
2043,MAM,Isle of Man,0.611,8.333
2044,MAM,Isle of Man,0.604,9.000
2045,MAM,Isle of Man,0.519,8.333
2046,MAM,Isle of Man,0.389,5.000
2047,MAM,Isle of Man,0.496,11.667
2048,MAM,Isle of Man,0.330,6.333
2049,MAM,Isle of Man,0.433,7.000
2050,MAM,Isle of Man,0.593,8.000
2051,MAM,Isle of Man,0.470,6.333
2052,MAM,Isle of Man,0.685,16.000
2053,MAM,Isle of Man,0.563,11.000
2054,MAM,Isle of Man,0.544,10.000
2055,MAM,Isle of Man,0.289,4.000
2056,MAM,Isle of Man,0.456,7.000
2057,MAM,Isle of Man,0.444,6.000
2058,MAM,Isle of Man,0.485,4.667
2059,MAM,Isle of Man,0.437,4.667
2060,MAM,Isle of Man,0.559,8.000
2061,MAM,Isle of Man,0.385,6.667
2062,MAM,Isle of Man,0.537,6.333
2063,MAM,Isle of Man,0.470,8.000
2064,MAM,Isle of Man,0.604,12.000
2065,MAM,Isle of Man,0.537,5.000
2066,MAM,Isle of Man,0.626,8.333
2067,MAM,Isle of Man,0.496,8.000
2068,MAM,Isle of Man,0.452,7.000
2069,MAM,Isle of Man,0.467,7.333
2070,MAM,Isle of Man,0.515,7.667
2071,MAM,Isle of Man,0.352,4.667
2072,MAM,Isle of Man,0.533,8.000
2073,MAM,Isle of Man,0.533,14.000
2074,MAM,Isle of Man,0.496,6.667
2075,MAM,Isle of Man,0.448,10.333
2076,MAM,Isle of Man,0.426,5.667
2077,MAM,Isle of Man,0.444,15.000
2078,MAM,Isle of Man,0.419,6.000
2079,MAM,Isle of Man,0.481,11.333
2080,MAM,Isle of Man,0.404,6.000
1981,MAM,Northern Ireland,0.489,7.306
1982,MAM,Northern Ireland,0.435,6.753
1983,MAM,Northern Ireland,0.562,12.647
1984,MAM,Northern Ireland,0.592,8.471
1985,MAM,Northern Ireland,0.514,9.635
1986,MAM,Northern Ireland,0.556,8.506
1987,MAM,Northern Ireland,0.642,9.694
1988,MAM,Northern Ireland,0.520,11.059
1989,MAM,Northern Ireland,0.464,7.918
1990,MAM,Northern Ireland,0.418,8.047
1991,MAM,Northern Ireland,0.507,8.118
1992,MAM,Northern Ireland,0.552,9.153
1993,MAM,Northern Ireland,0.667,12.047
1994,MAM,Northern Ireland,0.473,8.212
1995,MAM,Northern Ireland,0.524,15.671
1996,MAM,Northern Ireland,0.436,6.318
1997,MAM,Northern Ireland,0.573,9.118
1998,MAM,Northern Ireland,0.548,11.459
1999,MAM,Northern Ireland,0.593,17.012
2000,MAM,Northern Ireland,0.576,8.341
2001,MAM,Northern Ireland,0.526,9.388
2002,MAM,Northern Ireland,0.720,10.788
2003,MAM,Northern Ireland,0.510,11.529
2004,MAM,Northern Ireland,0.582,9.976
2005,MAM,Northern Ireland,0.487,12.165
2006,MAM,Northern Ireland,0.474,6.047
2007,MAM,Northern Ireland,0.488,10.353
2008,MAM,Northern Ireland,0.472,6.224
2009,MAM,Northern Ireland,0.598,9.929
2010,MAM,Northern Ireland,0.504,6.718
2011,MAM,Northern Ireland,0.504,9.765
2012,MAM,Northern Ireland,0.550,10.353
2013,MAM,Northern Ireland,0.415,6.976
2014,MAM,Northern Ireland,0.525,7.553
2015,MAM,Northern Ireland,0.485,7.576
2016,MAM,Northern Ireland,0.529,8.200
2017,MAM,Northern Ireland,0.599,9.494
2018,MAM,Northern Ireland,0.729,11.400
2019,MAM,Northern Ireland,0.472,7.729
2020,MAM,Northern Ireland,0.631,8.376
2021,MAM,Northern Ireland,0.618,10.706
2022,MAM,Northern Ireland,0.541,12.153
2023,MAM,Northern Ireland,0.537,12.035
2024,MAM,Northern Ireland,0.601,8.024
2025,MAM,Northern Ireland,0.499,9.118
2026,MAM,Northern Ireland,0.528,7.341
2027,MAM,Northern Ireland,0.546,12.165
2028,MAM,Northern Ireland,0.484,6.929
2029,MAM,Northern Ireland,0.534,7.953
2030,MAM,Northern Ireland,0.522,9.094
2031,MAM,Northern Ireland,0.481,8.118
2032,MAM,Northern Ireland,0.441,6.953
2033,MAM,Northern Ireland,0.545,10.882
2034,MAM,Northern Ireland,0.450,7.424
2035,MAM,Northern Ireland,0.636,9.600
2036,MAM,Northern Ireland,0.700,11.235
2037,MAM,Northern Ireland,0.556,9.000
2038,MAM,Northern Ireland,0.624,11.506
2039,MAM,Northern Ireland,0.571,9.835
2040,MAM,Northern Ireland,0.406,8.071
2041,MAM,Northern Ireland,0.529,8.071
2042,MAM,Northern Ireland,0.544,10.047
2043,MAM,Northern Ireland,0.674,13.682
2044,MAM,Northern Ireland,0.646,10.729
2045,MAM,Northern Ireland,0.602,10.765
2046,MAM,Northern Ireland,0.462,7.035
2047,MAM,Northern Ireland,0.490,9.412
2048,MAM,Northern Ireland,0.395,8.447
2049,MAM,Northern Ireland,0.467,8.259
2050,MAM,Northern Ireland,0.627,9.188
2051,MAM,Northern Ireland,0.553,10.071
2052,MAM,Northern Ireland,0.674,10.788
2053,MAM,Northern Ireland,0.625,10.718
2054,MAM,Northern Ireland,0.580,13.118
2055,MAM,Northern Ireland,0.396,5.706
2056,MAM,Northern Ireland,0.475,11.482
2057,MAM,Northern Ireland,0.555,11.259
2058,MAM,Northern Ireland,0.507,7.624
2059,MAM,Northern Ireland,0.500,7.882
2060,MAM,Northern Ireland,0.609,8.800
2061,MAM,Northern Ireland,0.436,8.247
2062,MAM,Northern Ireland,0.616,12.024
2063,MAM,Northern Ireland,0.534,8.565
2064,MAM,Northern Ireland,0.653,16.188
2065,MAM,Northern Ireland,0.554,7.812
2066,MAM,Northern Ireland,0.698,13.353
2067,MAM,Northern Ireland,0.586,10.765
2068,MAM,Northern Ireland,0.487,6.471
2069,MAM,Northern Ireland,0.523,9.212
2070,MAM,Northern Ireland,0.594,8.153
2071,MAM,Northern Ireland,0.410,9.047
2072,MAM,Northern Ireland,0.647,10.353
2073,MAM,Northern Ireland,0.574,9.624
2074,MAM,Northern Ireland,0.619,8.482
2075,MAM,Northern Ireland,0.527,10.094
2076,MAM,Northern Ireland,0.437,7.576
2077,MAM,Northern Ireland,0.489,12.624
2078,MAM,Northern Ireland,0.486,6.494
2079,MAM,Northern Ireland,0.568,11.153
2080,MAM,Northern Ireland,0.439,5.929
1981,MAM,Wales,0.517,7.150
1982,MAM,Wales,0.407,7.045
1983,MAM,Wales,0.595,11.444
1984,MAM,Wales,0.559,9.278
1985,MAM,Wales,0.488,8.759
1986,MAM,Wales,0.532,11.594
1987,MAM,Wales,0.594,12.135
1988,MAM,Wales,0.493,7.203
1989,MAM,Wales,0.422,8.609
1990,MAM,Wales,0.421,8.842
1991,MAM,Wales,0.475,8.632
1992,MAM,Wales,0.550,8.594
1993,MAM,Wales,0.629,11.421
1994,MAM,Wales,0.537,8.654
1995,MAM,Wales,0.517,10.150
1996,MAM,Wales,0.456,7.699
1997,MAM,Wales,0.558,10.662
1998,MAM,Wales,0.497,14.571
1999,MAM,Wales,0.623,13.008
2000,MAM,Wales,0.480,6.030
2001,MAM,Wales,0.422,12.406
2002,MAM,Wales,0.755,15.271
2003,MAM,Wales,0.517,13.902
2004,MAM,Wales,0.555,9.211
2005,MAM,Wales,0.502,7.459
2006,MAM,Wales,0.414,8.714
2007,MAM,Wales,0.427,10.398
2008,MAM,Wales,0.482,11.564
2009,MAM,Wales,0.617,15.857
2010,MAM,Wales,0.515,7.195
2011,MAM,Wales,0.472,9.880
2012,MAM,Wales,0.602,12.977
2013,MAM,Wales,0.393,5.835
2014,MAM,Wales,0.487,7.368
2015,MAM,Wales,0.457,5.985
2016,MAM,Wales,0.583,11.857
2017,MAM,Wales,0.564,10.774
2018,MAM,Wales,0.642,9.541
2019,MAM,Wales,0.444,8.880
2020,MAM,Wales,0.596,12.188
2021,MAM,Wales,0.565,9.030
2022,MAM,Wales,0.505,9.722
2023,MAM,Wales,0.477,12.602
2024,MAM,Wales,0.614,12.602
2025,MAM,Wales,0.453,7.737
2026,MAM,Wales,0.414,5.699
2027,MAM,Wales,0.615,12.812
2028,MAM,Wales,0.468,10.263
2029,MAM,Wales,0.546,10.083
2030,MAM,Wales,0.497,9.113
2031,MAM,Wales,0.526,14.008
2032,MAM,Wales,0.402,7.308
2033,MAM,Wales,0.526,9.662
2034,MAM,Wales,0.401,7.662
2035,MAM,Wales,0.640,10.564
2036,MAM,Wales,0.648,11.331
2037,MAM,Wales,0.518,9.293
2038,MAM,Wales,0.585,10.571
2039,MAM,Wales,0.555,10.617
2040,MAM,Wales,0.459,6.617
2041,MAM,Wales,0.522,8.218
2042,MAM,Wales,0.552,12.564
2043,MAM,Wales,0.671,12.293
2044,MAM,Wales,0.635,11.955
2045,MAM,Wales,0.498,8.549
2046,MAM,Wales,0.476,8.624
2047,MAM,Wales,0.554,12.925
2048,MAM,Wales,0.388,8.376
2049,MAM,Wales,0.458,7.684
2050,MAM,Wales,0.577,8.820
2051,MAM,Wales,0.523,11.955
2052,MAM,Wales,0.556,9.353
2053,MAM,Wales,0.646,10.113
2054,MAM,Wales,0.548,13.128
2055,MAM,Wales,0.349,7.556
2056,MAM,Wales,0.446,9.391
2057,MAM,Wales,0.514,7.669
2058,MAM,Wales,0.453,7.293
2059,MAM,Wales,0.469,7.654
2060,MAM,Wales,0.588,10.624
2061,MAM,Wales,0.421,6.444
2062,MAM,Wales,0.545,7.639
2063,MAM,Wales,0.512,8.857
2064,MAM,Wales,0.636,12.444
2065,MAM,Wales,0.548,9.662
2066,MAM,Wales,0.621,12.180
2067,MAM,Wales,0.488,10.511
2068,MAM,Wales,0.475,8.474
2069,MAM,Wales,0.463,7.383
2070,MAM,Wales,0.555,8.571
2071,MAM,Wales,0.388,7.534
2072,MAM,Wales,0.622,8.820
2073,MAM,Wales,0.580,12.000
2074,MAM,Wales,0.579,11.248
2075,MAM,Wales,0.477,9.556
2076,MAM,Wales,0.509,9.549
2077,MAM,Wales,0.539,11.857
2078,MAM,Wales,0.439,7.474
2079,MAM,Wales,0.442,12.286
2080,MAM,Wales,0.376,5.617
1981,JJA,East Midlands,0.327,6.379
1982,JJA,East Midlands,0.346,4.709
1983,JJA,East Midlands,0.427,7.223
1984,JJA,East Midlands,0.393,6.126
1985,JJA,East Midlands,0.457,7.602
1986,JJA,East Midlands,0.324,5.204
1987,JJA,East Midlands,0.269,3.893
1988,JJA,East Midlands,0.427,6.718
1989,JJA,East Midlands,0.140,3.524
1990,JJA,East Midlands,0.493,8.728
1991,JJA,East Midlands,0.319,6.010
1992,JJA,East Midlands,0.356,9.272
1993,JJA,East Midlands,0.398,7.689
1994,JJA,East Midlands,0.325,4.282
1995,JJA,East Midlands,0.239,4.641
1996,JJA,East Midlands,0.383,6.039
1997,JJA,East Midlands,0.262,4.097
1998,JJA,East Midlands,0.154,2.650
1999,JJA,East Midlands,0.226,4.786
2000,JJA,East Midlands,0.395,5.942
2001,JJA,East Midlands,0.223,4.175
2002,JJA,East Midlands,0.273,6.398
2003,JJA,East Midlands,0.296,4.893
2004,JJA,East Midlands,0.279,5.602
2005,JJA,East Midlands,0.296,4.553
2006,JJA,East Midlands,0.320,5.563
2007,JJA,East Midlands,0.244,3.942
2008,JJA,East Midlands,0.241,6.252
2009,JJA,East Midlands,0.364,5.825
2010,JJA,East Midlands,0.448,7.981
2011,JJA,East Midlands,0.320,5.214
2012,JJA,East Midlands,0.469,6.019
2013,JJA,East Midlands,0.414,6.194
2014,JJA,East Midlands,0.377,5.262
2015,JJA,East Midlands,0.275,3.942
2016,JJA,East Midlands,0.252,4.359
2017,JJA,East Midlands,0.383,5.612
2018,JJA,East Midlands,0.176,3.485
2019,JJA,East Midlands,0.251,3.029
2020,JJA,East Midlands,0.207,3.922
2021,JJA,East Midlands,0.360,8.223
2022,JJA,East Midlands,0.307,5.961
2023,JJA,East Midlands,0.277,5.699
2024,JJA,East Midlands,0.277,3.320
2025,JJA,East Midlands,0.228,3.835
2026,JJA,East Midlands,0.280,3.699
2027,JJA,East Midlands,0.353,5.117
2028,JJA,East Midlands,0.266,3.971
2029,JJA,East Midlands,0.227,3.864
2030,JJA,East Midlands,0.261,4.010
2031,JJA,East Midlands,0.316,4.126
2032,JJA,East Midlands,0.297,3.932
2033,JJA,East Midlands,0.250,3.738
2034,JJA,East Midlands,0.388,8.728
2035,JJA,East Midlands,0.194,2.612
2036,JJA,East Midlands,0.186,4.214
2037,JJA,East Midlands,0.322,8.107
2038,JJA,East Midlands,0.224,4.262
2039,JJA,East Midlands,0.214,4.194
2040,JJA,East Midlands,0.255,4.049
2041,JJA,East Midlands,0.221,4.175
2042,JJA,East Midlands,0.218,4.097
2043,JJA,East Midlands,0.194,2.816
2044,JJA,East Midlands,0.276,5.922
2045,JJA,East Midlands,0.235,3.757
2046,JJA,East Midlands,0.226,3.718
2047,JJA,East Midlands,0.389,7.282
2048,JJA,East Midlands,0.400,4.728
2049,JJA,East Midlands,0.146,3.748
2050,JJA,East Midlands,0.280,4.388
2051,JJA,East Midlands,0.331,5.311
2052,JJA,East Midlands,0.159,2.427
2053,JJA,East Midlands,0.379,7.194
2054,JJA,East Midlands,0.224,4.553
2055,JJA,East Midlands,0.216,5.019
2056,JJA,East Midlands,0.267,4.262
2057,JJA,East Midlands,0.210,4.049
2058,JJA,East Midlands,0.264,4.922
2059,JJA,East Midlands,0.259,4.350
2060,JJA,East Midlands,0.175,4.738
2061,JJA,East Midlands,0.277,4.553
2062,JJA,East Midlands,0.191,4.010
2063,JJA,East Midlands,0.159,3.641
2064,JJA,East Midlands,0.156,2.680
2065,JJA,East Midlands,0.137,2.883
2066,JJA,East Midlands,0.288,3.971
2067,JJA,East Midlands,0.198,3.252
2068,JJA,East Midlands,0.136,2.689
2069,JJA,East Midlands,0.165,3.136
2070,JJA,East Midlands,0.214,3.437
2071,JJA,East Midlands,0.222,4.165
2072,JJA,East Midlands,0.295,5.845
2073,JJA,East Midlands,0.283,5.029
2074,JJA,East Midlands,0.248,4.272
2075,JJA,East Midlands,0.165,4.087
2076,JJA,East Midlands,0.175,3.612
2077,JJA,East Midlands,0.194,2.893
2078,JJA,East Midlands,0.157,3.272
2079,JJA,East Midlands,0.115,2.932
2080,JJA,East Midlands,0.259,4.408
1981,JJA,East of England,0.328,5.606
1982,JJA,East of England,0.354,5.165
1983,JJA,East of England,0.457,8.228
1984,JJA,East of England,0.377,6.937
1985,JJA,East of England,0.411,7.150
1986,JJA,East of England,0.296,4.992
1987,JJA,East of England,0.267,4.362
1988,JJA,East of England,0.427,5.024
1989,JJA,East of England,0.163,3.323
1990,JJA,East of England,0.461,7.118
1991,JJA,East of England,0.297,5.654
1992,JJA,East of England,0.374,8.898
1993,JJA,East of England,0.364,5.197
1994,JJA,East of England,0.322,5.449
1995,JJA,East of England,0.233,4.110
1996,JJA,East of England,0.332,4.551
1997,JJA,East of England,0.292,4.504
1998,JJA,East of England,0.158,2.598
1999,JJA,East of England,0.260,6.953
2000,JJA,East of England,0.399,9.142
2001,JJA,East of England,0.243,3.622
2002,JJA,East of England,0.266,4.969
2003,JJA,East of England,0.254,4.709
2004,JJA,East of England,0.274,4.591
2005,JJA,East of England,0.263,4.087
2006,JJA,East of England,0.288,3.874
2007,JJA,East of England,0.217,3.118
2008,JJA,East of England,0.235,6.386
2009,JJA,East of England,0.321,6.756
2010,JJA,East of England,0.431,6.622
2011,JJA,East of England,0.286,5.953
2012,JJA,East of England,0.459,5.685
2013,JJA,East of England,0.405,5.630
2014,JJA,East of England,0.335,5.417
2015,JJA,East of England,0.276,3.827
2016,JJA,East of England,0.246,4.339
2017,JJA,East of England,0.342,4.559
2018,JJA,East of England,0.171,2.961
2019,JJA,East of England,0.220,2.929
2020,JJA,East of England,0.180,3.102
2021,JJA,East of England,0.296,6.701
2022,JJA,East of England,0.302,5.244
2023,JJA,East of England,0.256,4.228
2024,JJA,East of England,0.250,3.276
2025,JJA,East of England,0.239,3.661
2026,JJA,East of England,0.258,4.339
2027,JJA,East of England,0.317,4.961
2028,JJA,East of England,0.284,4.976
2029,JJA,East of England,0.215,4.228
2030,JJA,East of England,0.248,3.921
2031,JJA,East of England,0.299,3.819
2032,JJA,East of England,0.316,4.197
2033,JJA,East of England,0.191,3.134
2034,JJA,East of England,0.313,5.173
2035,JJA,East of England,0.206,4.087
2036,JJA,East of England,0.170,3.165
2037,JJA,East of England,0.346,7.071
2038,JJA,East of England,0.210,4.228
2039,JJA,East of England,0.216,4.157
2040,JJA,East of England,0.241,3.795
2041,JJA,East of England,0.209,3.606
2042,JJA,East of England,0.235,4.150
2043,JJA,East of England,0.189,3.283
2044,JJA,East of England,0.193,5.008
2045,JJA,East of England,0.228,3.157
2046,JJA,East of England,0.224,3.961
2047,JJA,East of England,0.341,5.937
2048,JJA,East of England,0.350,4.819
2049,JJA,East of England,0.159,4.268
2050,JJA,East of England,0.298,4.756
2051,JJA,East of England,0.320,7.063
2052,JJA,East of England,0.131,4.150
2053,JJA,East of England,0.369,8.827
2054,JJA,East of England,0.214,5.039
2055,JJA,East of England,0.194,5.000
2056,JJA,East of England,0.202,2.740
2057,JJA,East of England,0.179,2.504
2058,JJA,East of England,0.241,4.717
2059,JJA,East of England,0.210,3.102
2060,JJA,East of England,0.179,4.961
2061,JJA,East of England,0.278,4.063
2062,JJA,East of England,0.201,3.709
2063,JJA,East of England,0.160,3.567
2064,JJA,East of England,0.184,3.701
2065,JJA,East of England,0.100,2.252
2066,JJA,East of England,0.235,3.504
2067,JJA,East of England,0.163,2.827
2068,JJA,East of England,0.115,2.362
2069,JJA,East of England,0.161,3.252
2070,JJA,East of England,0.190,3.283
2071,JJA,East of England,0.216,3.787
2072,JJA,East of England,0.224,4.630
2073,JJA,East of England,0.249,4.071
2074,JJA,East of England,0.195,4.110
2075,JJA,East of England,0.116,3.244
2076,JJA,East of England,0.184,4.039
2077,JJA,East of England,0.179,2.921
2078,JJA,East of England,0.159,3.307
2079,JJA,East of England,0.101,2.654
2080,JJA,East of England,0.251,3.661
1981,JJA,East Scotland,0.468,9.044
1982,JJA,East Scotland,0.508,7.588
1983,JJA,East Scotland,0.484,8.844
1984,JJA,East Scotland,0.558,10.319
1985,JJA,East Scotland,0.543,8.500
1986,JJA,East Scotland,0.386,6.625
1987,JJA,East Scotland,0.329,5.406
1988,JJA,East Scotland,0.549,9.400
1989,JJA,East Scotland,0.242,4.800
1990,JJA,East Scotland,0.589,10.781
1991,JJA,East Scotland,0.477,6.706
1992,JJA,East Scotland,0.351,7.938
1993,JJA,East Scotland,0.513,9.287
1994,JJA,East Scotland,0.554,8.762
1995,JJA,East Scotland,0.315,5.319
1996,JJA,East Scotland,0.611,9.012
1997,JJA,East Scotland,0.328,6.375
1998,JJA,East Scotland,0.355,5.544
1999,JJA,East Scotland,0.389,6.950
2000,JJA,East Scotland,0.486,6.619
2001,JJA,East Scotland,0.431,7.000
2002,JJA,East Scotland,0.250,6.419
2003,JJA,East Scotland,0.530,10.988
2004,JJA,East Scotland,0.421,9.600
2005,JJA,East Scotland,0.451,6.469
2006,JJA,East Scotland,0.461,7.975
2007,JJA,East Scotland,0.324,5.225
2008,JJA,East Scotland,0.348,4.975
2009,JJA,East Scotland,0.459,8.838
2010,JJA,East Scotland,0.541,6.731
2011,JJA,East Scotland,0.510,9.075
2012,JJA,East Scotland,0.541,8.175
2013,JJA,East Scotland,0.468,8.613
2014,JJA,East Scotland,0.459,7.450
2015,JJA,East Scotland,0.467,9.344
2016,JJA,East Scotland,0.358,5.450
2017,JJA,East Scotland,0.532,7.444
2018,JJA,East Scotland,0.374,5.244
2019,JJA,East Scotland,0.402,8.188
2020,JJA,East Scotland,0.399,7.463
2021,JJA,East Scotland,0.443,9.331
2022,JJA,East Scotland,0.533,11.037
2023,JJA,East Scotland,0.359,7.294
2024,JJA,East Scotland,0.444,6.044
2025,JJA,East Scotland,0.351,4.981
2026,JJA,East Scotland,0.463,9.231
2027,JJA,East Scotland,0.486,7.569
2028,JJA,East Scotland,0.439,6.537
2029,JJA,East Scotland,0.430,5.700
2030,JJA,East Scotland,0.395,6.306
2031,JJA,East Scotland,0.507,7.344
2032,JJA,East Scotland,0.466,6.787
2033,JJA,East Scotland,0.421,7.681
2034,JJA,East Scotland,0.488,8.681
2035,JJA,East Scotland,0.369,5.394
2036,JJA,East Scotland,0.301,8.281
2037,JJA,East Scotland,0.309,6.856
2038,JJA,East Scotland,0.444,7.588
2039,JJA,East Scotland,0.311,4.575
2040,JJA,East Scotland,0.334,7.181
2041,JJA,East Scotland,0.370,6.006
2042,JJA,East Scotland,0.305,6.175
2043,JJA,East Scotland,0.428,6.075
2044,JJA,East Scotland,0.459,9.556
2045,JJA,East Scotland,0.435,6.525
2046,JJA,East Scotland,0.332,5.656
2047,JJA,East Scotland,0.576,10.162
2048,JJA,East Scotland,0.560,8.125
2049,JJA,East Scotland,0.380,8.256
2050,JJA,East Scotland,0.390,5.013
2051,JJA,East Scotland,0.385,6.331
2052,JJA,East Scotland,0.357,5.188
2053,JJA,East Scotland,0.472,6.412
2054,JJA,East Scotland,0.419,6.744
2055,JJA,East Scotland,0.369,9.481
2056,JJA,East Scotland,0.486,10.344
2057,JJA,East Scotland,0.342,4.425
2058,JJA,East Scotland,0.403,7.069
2059,JJA,East Scotland,0.453,7.612
2060,JJA,East Scotland,0.401,7.562
2061,JJA,East Scotland,0.419,8.150
2062,JJA,East Scotland,0.367,6.894
2063,JJA,East Scotland,0.277,5.175
2064,JJA,East Scotland,0.339,5.225
2065,JJA,East Scotland,0.240,4.912
2066,JJA,East Scotland,0.470,8.294
2067,JJA,East Scotland,0.324,4.694
2068,JJA,East Scotland,0.270,4.537
2069,JJA,East Scotland,0.291,4.619
2070,JJA,East Scotland,0.419,6.231
2071,JJA,East Scotland,0.269,3.819
2072,JJA,East Scotland,0.473,8.438
2073,JJA,East Scotland,0.452,7.300
2074,JJA,East Scotland,0.475,6.225
2075,JJA,East Scotland,0.345,5.500
2076,JJA,East Scotland,0.298,4.338
2077,JJA,East Scotland,0.316,4.588
2078,JJA,East Scotland,0.302,6.575
2079,JJA,East Scotland,0.283,4.044
2080,JJA,East Scotland,0.392,7.569
1981,JJA,London,0.343,4.917
1982,JJA,London,0.397,5.833
1983,JJA,London,0.460,6.417
1984,JJA,London,0.374,7.667
1985,JJA,London,0.430,7.250
1986,JJA,London,0.292,4.667
1987,JJA,London,0.270,4.167
1988,JJA,London,0.396,5.167
1989,JJA,London,0.144,2.750
1990,JJA,London,0.465,8.667
1991,JJA,London,0.290,5.500
1992,JJA,London,0.362,9.583
1993,JJA,London,0.343,6.417
1994,JJA,London,0.344,5.917
1995,JJA,London,0.260,4.500
1996,JJA,London,0.372,5.083
1997,JJA,London,0.261,4.667
1998,JJA,London,0.119,2.917
1999,JJA,London,0.243,6.750
2000,JJA,London,0.382,8.000
2001,JJA,London,0.232,4.333
2002,JJA,London,0.307,5.083
2003,JJA,London,0.223,4.833
2004,JJA,London,0.262,5.417
2005,JJA,London,0.245,3.083
2006,JJA,London,0.294,4.000
2007,JJA,London,0.198,3.250
2008,JJA,London,0.231,4.583
2009,JJA,London,0.248,6.167
2010,JJA,London,0.425,5.833
2011,JJA,London,0.292,6.917
2012,JJA,London,0.395,4.250
2013,JJA,London,0.437,6.000
2014,JJA,London,0.368,4.917
2015,JJA,London,0.260,4.500
2016,JJA,London,0.203,3.417
2017,JJA,London,0.303,4.083
2018,JJA,London,0.128,2.500
2019,JJA,London,0.192,2.917
2020,JJA,London,0.171,3.000
2021,JJA,London,0.319,6.583
2022,JJA,London,0.264,3.583
2023,JJA,London,0.209,4.500
2024,JJA,London,0.186,3.000
2025,JJA,London,0.200,3.250
2026,JJA,London,0.289,4.417
2027,JJA,London,0.330,4.000
2028,JJA,London,0.261,4.667
2029,JJA,London,0.227,5.000
2030,JJA,London,0.279,4.000
2031,JJA,London,0.295,3.917
2032,JJA,London,0.282,3.667
2033,JJA,London,0.149,2.833
2034,JJA,London,0.302,6.250
2035,JJA,London,0.172,3.250
2036,JJA,London,0.141,2.750
2037,JJA,London,0.348,6.583
2038,JJA,London,0.234,5.917
2039,JJA,London,0.181,2.583
2040,JJA,London,0.258,4.667
2041,JJA,London,0.198,3.417
2042,JJA,London,0.255,7.083
2043,JJA,London,0.197,4.333
2044,JJA,London,0.194,5.083
2045,JJA,London,0.191,3.000
2046,JJA,London,0.255,4.833
2047,JJA,London,0.360,6.500
2048,JJA,London,0.304,4.083
2049,JJA,London,0.142,4.500
2050,JJA,London,0.290,5.167
2051,JJA,London,0.293,5.083
2052,JJA,London,0.124,6.833
2053,JJA,London,0.342,7.667
2054,JJA,London,0.195,4.000
2055,JJA,London,0.180,2.917
2056,JJA,London,0.164,2.333
2057,JJA,London,0.179,2.917
2058,JJA,London,0.227,3.417
2059,JJA,London,0.200,5.083
2060,JJA,London,0.160,4.167
2061,JJA,London,0.243,3.917
2062,JJA,London,0.198,3.250
2063,JJA,London,0.148,4.000
2064,JJA,London,0.181,3.583
2065,JJA,London,0.090,1.917
2066,JJA,London,0.198,3.500
2067,JJA,London,0.132,2.083
2068,JJA,London,0.102,2.250
2069,JJA,London,0.163,3.500
2070,JJA,London,0.200,3.750
2071,JJA,London,0.237,4.000
2072,JJA,London,0.188,3.417
2073,JJA,London,0.198,3.250
2074,JJA,London,0.166,3.583
2075,JJA,London,0.093,3.000
2076,JJA,London,0.177,3.917
2077,JJA,London,0.191,2.167
2078,JJA,London,0.150,2.083
2079,JJA,London,0.084,2.500
2080,JJA,London,0.203,3.250
1981,JJA,North East England,0.446,8.632
1982,JJA,North East England,0.431,7.491
1983,JJA,North East England,0.432,8.333
1984,JJA,North East England,0.492,7.632
1985,JJA,North East England,0.505,9.719
1986,JJA,North East England,0.331,4.965
1987,JJA,North East England,0.305,3.263
1988,JJA,North East England,0.497,7.947
1989,JJA,North East England,0.165,3.982
1990,JJA,North East England,0.556,9.947
1991,JJA,North East England,0.404,5.754
1992,JJA,North East England,0.378,6.947
1993,JJA,North East England,0.459,8.263
1994,JJA,North East England,0.454,6.000
1995,JJA,North East England,0.266,4.737
1996,JJA,North East England,0.483,6.807
1997,JJA,North East England,0.307,5.158
1998,JJA,North East England,0.286,5.719
1999,JJA,North East England,0.328,4.632
2000,JJA,North East England,0.423,5.930
2001,JJA,North East England,0.374,6.667
2002,JJA,North East England,0.276,5.246
2003,JJA,North East England,0.485,9.439
2004,JJA,North East England,0.350,6.439
2005,JJA,North East England,0.377,6.544
2006,JJA,North East England,0.384,9.614
2007,JJA,North East England,0.300,5.088
2008,JJA,North East England,0.283,4.228
2009,JJA,North East England,0.459,8.509
2010,JJA,North East England,0.556,8.018
2011,JJA,North East England,0.468,8.895
2012,JJA,North East England,0.543,6.228
2013,JJA,North East England,0.484,7.632
2014,JJA,North East England,0.379,6.877
2015,JJA,North East England,0.390,5.035
2016,JJA,North East England,0.327,4.754
2017,JJA,North East England,0.504,7.667
2018,JJA,North East England,0.282,3.298
2019,JJA,North East England,0.328,6.351
2020,JJA,North East England,0.332,6.421
2021,JJA,North East England,0.416,8.316
2022,JJA,North East England,0.457,10.912
2023,JJA,North East England,0.334,7.333
2024,JJA,North East England,0.425,5.561
2025,JJA,North East England,0.277,3.877
2026,JJA,North East England,0.406,7.053
2027,JJA,North East England,0.520,8.614
2028,JJA,North East England,0.372,4.386
2029,JJA,North East England,0.351,4.491
2030,JJA,North East England,0.352,5.930
2031,JJA,North East England,0.402,4.526
2032,JJA,North East England,0.434,5.351
2033,JJA,North East England,0.340,4.754
2034,JJA,North East England,0.506,10.860
2035,JJA,North East England,0.293,5.000
2036,JJA,North East England,0.273,4.982
2037,JJA,North East England,0.317,4.088
2038,JJA,North East England,0.319,7.404
2039,JJA,North East England,0.298,4.439
2040,JJA,North East England,0.268,5.649
2041,JJA,North East England,0.319,4.912
2042,JJA,North East England,0.293,7.684
2043,JJA,North East England,0.370,5.246
2044,JJA,North East England,0.372,6.193
2045,JJA,North East England,0.394,5.298
2046,JJA,North East England,0.284,4.667
2047,JJA,North East England,0.508,9.263
2048,JJA,North East England,0.514,6.246
2049,JJA,North East England,0.292,4.175
2050,JJA,North East England,0.379,5.509
2051,JJA,North East England,0.399,6.193
2052,JJA,North East England,0.306,3.947
2053,JJA,North East England,0.418,6.439
2054,JJA,North East England,0.297,5.561
2055,JJA,North East England,0.302,6.263
2056,JJA,North East England,0.386,5.772
2057,JJA,North East England,0.288,4.158
2058,JJA,North East England,0.319,5.842
2059,JJA,North East England,0.373,5.421
2060,JJA,North East England,0.316,6.561
2061,JJA,North East England,0.354,5.105
2062,JJA,North East England,0.291,5.474
2063,JJA,North East England,0.207,4.316
2064,JJA,North East England,0.285,4.140
2065,JJA,North East England,0.226,4.649
2066,JJA,North East England,0.378,6.561
2067,JJA,North East England,0.281,4.070
2068,JJA,North East England,0.238,3.684
2069,JJA,North East England,0.260,3.316
2070,JJA,North East England,0.331,5.228
2071,JJA,North East England,0.251,4.035
2072,JJA,North East England,0.392,7.088
2073,JJA,North East England,0.435,7.351
2074,JJA,North East England,0.356,4.351
2075,JJA,North East England,0.299,4.737
2076,JJA,North East England,0.250,3.421
2077,JJA,North East England,0.277,3.719
2078,JJA,North East England,0.239,4.298
2079,JJA,North East England,0.202,3.246
2080,JJA,North East England,0.358,7.789
1981,JJA,North Scotland,0.554,9.608
1982,JJA,North Scotland,0.575,10.269
1983,JJA,North Scotland,0.557,11.915
1984,JJA,North Scotland,0.688,13.071
1985,JJA,North Scotland,0.599,10.698
1986,JJA,North Scotland,0.553,10.759
1987,JJA,North Scotland,0.480,9.434
1988,JJA,North Scotland,0.633,13.085
1989,JJA,North Scotland,0.387,8.783
1990,JJA,North Scotland,0.605,10.075
1991,JJA,North Scotland,0.672,16.217
1992,JJA,North Scotland,0.451,10.340
1993,JJA,North Scotland,0.713,13.538
1994,JJA,North Scotland,0.754,19.193
1995,JJA,North Scotland,0.498,8.778
1996,JJA,North Scotland,0.765,16.689
1997,JJA,North Scotland,0.430,8.259
1998,JJA,North Scotland,0.546,13.491
1999,JJA,North Scotland,0.606,10.377
2000,JJA,North Scotland,0.584,9.373
2001,JJA,North Scotland,0.604,11.104
2002,JJA,North Scotland,0.333,7.085
2003,JJA,North Scotland,0.668,13.377
2004,JJA,North Scotland,0.597,15.547
2005,JJA,North Scotland,0.568,9.302
2006,JJA,North Scotland,0.619,13.585
2007,JJA,North Scotland,0.458,7.835
2008,JJA,North Scotland,0.560,8.750
2009,JJA,North Scotland,0.635,13.278
2010,JJA,North Scotland,0.683,12.118
2011,JJA,North Scotland,0.559,8.821
2012,JJA,North Scotland,0.641,10.618
2013,JJA,North Scotland,0.569,11.142
2014,JJA,North Scotland,0.586,12.363
2015,JJA,North Scotland,0.635,11.557
2016,JJA,North Scotland,0.495,11.901
2017,JJA,North Scotland,0.616,9.123
2018,JJA,North Scotland,0.555,9.472
2019,JJA,North Scotland,0.569,11.608
2020,JJA,North Scotland,0.562,9.774
2021,JJA,North Scotland,0.500,11.491
2022,JJA,North Scotland,0.683,12.198
2023,JJA,North Scotland,0.540,16.255
2024,JJA,North Scotland,0.617,9.236
2025,JJA,North Scotland,0.477,8.146
2026,JJA,North Scotland,0.626,12.472
2027,JJA,North Scotland,0.622,15.241
2028,JJA,North Scotland,0.617,12.085
2029,JJA,North Scotland,0.589,11.142
2030,JJA,North Scotland,0.529,10.292
2031,JJA,North Scotland,0.616,9.811
2032,JJA,North Scotland,0.549,8.533
2033,JJA,North Scotland,0.535,11.165
2034,JJA,North Scotland,0.530,9.491
2035,JJA,North Scotland,0.607,11.179
2036,JJA,North Scotland,0.440,8.505
2037,JJA,North Scotland,0.409,9.038
2038,JJA,North Scotland,0.548,11.005
2039,JJA,North Scotland,0.513,6.745
2040,JJA,North Scotland,0.421,7.976
2041,JJA,North Scotland,0.562,9.925
2042,JJA,North Scotland,0.431,9.925
2043,JJA,North Scotland,0.557,11.415
2044,JJA,North Scotland,0.633,20.453
2045,JJA,North Scotland,0.577,8.774
2046,JJA,North Scotland,0.517,8.156
2047,JJA,North Scotland,0.651,11.561
2048,JJA,North Scotland,0.702,12.137
2049,JJA,North Scotland,0.515,9.217
2050,JJA,North Scotland,0.546,9.410
2051,JJA,North Scotland,0.478,11.330
2052,JJA,North Scotland,0.552,8.698
2053,JJA,North Scotland,0.579,10.939
2054,JJA,North Scotland,0.629,10.755
2055,JJA,North Scotland,0.569,14.028
2056,JJA,North Scotland,0.641,12.604
2057,JJA,North Scotland,0.481,7.434
2058,JJA,North Scotland,0.581,10.481
2059,JJA,North Scotland,0.654,14.769
2060,JJA,North Scotland,0.537,9.873
2061,JJA,North Scotland,0.521,11.995
2062,JJA,North Scotland,0.549,11.443
2063,JJA,North Scotland,0.417,8.646
2064,JJA,North Scotland,0.538,9.962
2065,JJA,North Scotland,0.383,9.637
2066,JJA,North Scotland,0.598,11.472
2067,JJA,North Scotland,0.458,7.675
2068,JJA,North Scotland,0.402,9.618
2069,JJA,North Scotland,0.467,8.613
2070,JJA,North Scotland,0.642,10.708
2071,JJA,North Scotland,0.433,7.061
2072,JJA,North Scotland,0.639,11.991
2073,JJA,North Scotland,0.593,10.745
2074,JJA,North Scotland,0.708,11.736
2075,JJA,North Scotland,0.535,7.660
2076,JJA,North Scotland,0.406,6.066
2077,JJA,North Scotland,0.462,6.080
2078,JJA,North Scotland,0.465,11.269
2079,JJA,North Scotland,0.469,6.689
2080,JJA,North Scotland,0.505,8.580
1981,JJA,North West England,0.439,8.849
1982,JJA,North West England,0.465,6.376
1983,JJA,North West England,0.444,9.559
1984,JJA,North West England,0.601,10.462
1985,JJA,North West England,0.577,10.237
1986,JJA,North West England,0.421,6.946
1987,JJA,North West England,0.337,4.355
1988,JJA,North West England,0.587,10.269
1989,JJA,North West England,0.203,7.269
1990,JJA,North West England,0.562,10.129
1991,JJA,North West England,0.449,7.882
1992,JJA,North West England,0.373,10.032
1993,JJA,North West England,0.568,10.075
1994,JJA,North West England,0.509,7.656
1995,JJA,North West England,0.311,5.559
1996,JJA,North West England,0.611,8.688
1997,JJA,North West England,0.296,8.430
1998,JJA,North West England,0.310,6.419
1999,JJA,North West England,0.380,6.731
2000,JJA,North West England,0.481,6.022
2001,JJA,North West England,0.379,10.376
2002,JJA,North West England,0.320,7.312
2003,JJA,North West England,0.446,10.505
2004,JJA,North West England,0.388,8.634
2005,JJA,North West England,0.447,8.742
2006,JJA,North West England,0.428,9.290
2007,JJA,North West England,0.298,5.129
2008,JJA,North West England,0.307,4.742
2009,JJA,North West England,0.508,11.204
2010,JJA,North West England,0.571,10.495
2011,JJA,North West England,0.471,11.871
2012,JJA,North West England,0.539,7.086
2013,JJA,North West England,0.492,10.667
2014,JJA,North West England,0.502,7.957
2015,JJA,North West England,0.466,7.559
2016,JJA,North West England,0.349,5.656
2017,JJA,North West England,0.525,7.817
2018,JJA,North West England,0.287,4.387
2019,JJA,North West England,0.391,6.688
2020,JJA,North West England,0.308,8.108
2021,JJA,North West England,0.437,9.796
2022,JJA,North West England,0.486,10.935
2023,JJA,North West England,0.368,9.860
2024,JJA,North West England,0.461,7.301
2025,JJA,North West England,0.317,6.473
2026,JJA,North West England,0.415,8.344
2027,JJA,North West England,0.562,9.667
2028,JJA,North West England,0.483,6.828
2029,JJA,North West England,0.421,6.247
2030,JJA,North West England,0.398,7.280
2031,JJA,North West England,0.397,4.935
2032,JJA,North West England,0.430,7.108
2033,JJA,North West England,0.384,5.796
2034,JJA,North West England,0.512,11.957
2035,JJA,North West England,0.353,6.785
2036,JJA,North West England,0.274,5.731
2037,JJA,North West England,0.327,7.957
2038,JJA,North West England,0.378,8.323
2039,JJA,North West England,0.306,6.409
2040,JJA,North West England,0.301,6.935
2041,JJA,North West England,0.389,7.344
2042,JJA,North West England,0.283,8.355
2043,JJA,North West England,0.426,7.473
2044,JJA,North West England,0.469,10.086
2045,JJA,North West England,0.381,6.161
2046,JJA,North West England,0.316,5.366
2047,JJA,North West England,0.559,12.000
2048,JJA,North West England,0.575,8.129
2049,JJA,North West England,0.304,7.419
2050,JJA,North West England,0.384,5.484
2051,JJA,North West England,0.498,9.634
2052,JJA,North West England,0.321,4.785
2053,JJA,North West England,0.454,8.409
2054,JJA,North West England,0.341,6.108
2055,JJA,North West England,0.327,8.677
2056,JJA,North West England,0.447,5.742
2057,JJA,North West England,0.288,4.667
2058,JJA,North West England,0.371,7.527
2059,JJA,North West England,0.464,8.118
2060,JJA,North West England,0.345,7.226
2061,JJA,North West England,0.365,5.871
2062,JJA,North West England,0.321,5.892
2063,JJA,North West England,0.234,4.366
2064,JJA,North West England,0.281,3.882
2065,JJA,North West England,0.210,5.452
2066,JJA,North West England,0.419,7.505
2067,JJA,North West England,0.308,4.333
2068,JJA,North West England,0.248,4.645
2069,JJA,North West England,0.291,6.237
2070,JJA,North West England,0.411,6.355
2071,JJA,North West England,0.271,4.473
2072,JJA,North West England,0.409,7.430
2073,JJA,North West England,0.449,7.925
2074,JJA,North West England,0.390,5.624
2075,JJA,North West England,0.287,4.785
2076,JJA,North West England,0.212,3.376
2077,JJA,North West England,0.263,5.247
2078,JJA,North West England,0.282,6.226
2079,JJA,North West England,0.257,3.774
2080,JJA,North West England,0.371,8.086
1981,JJA,South East England,0.334,5.898
1982,JJA,South East England,0.335,5.110
1983,JJA,South East England,0.430,7.280
1984,JJA,South East England,0.360,7.263
1985,JJA,South East England,0.422,7.534
1986,JJA,South East England,0.273,4.212
1987,JJA,South East England,0.217,3.788
1988,JJA,South East England,0.371,6.008
1989,JJA,South East England,0.122,2.398
1990,JJA,South East England,0.421,7.085
1991,JJA,South East England,0.264,5.873
1992,JJA,South East England,0.360,8.839
1993,JJA,South East England,0.319,5.839
1994,JJA,South East England,0.322,5.746
1995,JJA,South East England,0.238,3.653
1996,JJA,South East England,0.329,5.102
1997,JJA,South East England,0.264,4.831
1998,JJA,South East England,0.118,2.568
1999,JJA,South East England,0.206,6.331
2000,JJA,South East England,0.364,9.127
2001,JJA,South East England,0.211,5.339
2002,JJA,South East England,0.280,5.373
2003,JJA,South East England,0.184,3.466
2004,JJA,South East England,0.246,5.169
2005,JJA,South East England,0.244,3.788
2006,JJA,South East England,0.275,3.763
2007,JJA,South East England,0.174,3.034
2008,JJA,South East England,0.194,4.814
2009,JJA,South East England,0.250,5.364
2010,JJA,South East England,0.401,5.373
2011,JJA,South East England,0.257,5.508
2012,JJA,South East England,0.352,4.136
2013,JJA,South East England,0.393,5.644
2014,JJA,South East England,0.315,5.559
2015,JJA,South East England,0.264,4.534
2016,JJA,South East England,0.184,3.627
2017,JJA,South East England,0.295,5.288
2018,JJA,South East England,0.118,2.729
2019,JJA,South East England,0.179,2.703
2020,JJA,South East England,0.141,2.508
2021,JJA,South East England,0.276,5.339
2022,JJA,South East England,0.266,3.949
2023,JJA,South East England,0.193,4.093
2024,JJA,South East England,0.185,3.110
2025,JJA,South East England,0.176,3.576
2026,JJA,South East England,0.269,4.424
2027,JJA,South East England,0.299,4.017
2028,JJA,South East England,0.221,4.059
2029,JJA,South East England,0.214,4.864
2030,JJA,South East England,0.244,4.593
2031,JJA,South East England,0.240,3.585
2032,JJA,South East England,0.254,2.856
2033,JJA,South East England,0.188,3.195
2034,JJA,South East England,0.297,6.661
2035,JJA,South East England,0.141,3.144
2036,JJA,South East England,0.157,2.949
2037,JJA,South East England,0.313,6.856
2038,JJA,South East England,0.220,4.576
2039,JJA,South East England,0.161,2.381
2040,JJA,South East England,0.233,4.517
2041,JJA,South East England,0.186,4.102
2042,JJA,South East England,0.242,6.237
2043,JJA,South East England,0.165,3.017
2044,JJA,South East England,0.204,4.780
2045,JJA,South East England,0.189,3.153
2046,JJA,South East England,0.244,3.915
2047,JJA,South East England,0.363,6.229
2048,JJA,South East England,0.320,4.297
2049,JJA,South East England,0.136,4.449
2050,JJA,South East England,0.254,4.424
2051,JJA,South East England,0.295,6.178
2052,JJA,South East England,0.094,3.559
2053,JJA,South East England,0.313,7.398
2054,JJA,South East England,0.158,3.864
2055,JJA,South East England,0.185,4.780
2056,JJA,South East England,0.191,2.559
2057,JJA,South East England,0.172,3.500
2058,JJA,South East England,0.212,3.381
2059,JJA,South East England,0.169,4.178
2060,JJA,South East England,0.149,3.958
2061,JJA,South East England,0.236,3.864
2062,JJA,South East England,0.144,2.483
2063,JJA,South East England,0.128,3.881
2064,JJA,South East England,0.175,3.534
2065,JJA,South East England,0.088,2.297
2066,JJA,South East England,0.198,3.441
2067,JJA,South East England,0.121,2.441
2068,JJA,South East England,0.095,2.500
2069,JJA,South East England,0.156,3.492
2070,JJA,South East England,0.180,3.924
2071,JJA,South East England,0.214,3.246
2072,JJA,South East England,0.205,5.042
2073,JJA,South East England,0.191,3.551
2074,JJA,South East England,0.146,3.263
2075,JJA,South East England,0.090,3.102
2076,JJA,South East England,0.149,3.432
2077,JJA,South East England,0.156,2.678
2078,JJA,South East England,0.119,2.441
2079,JJA,South East England,0.087,2.331
2080,JJA,South East England,0.200,3.559
1981,JJA,South West England,0.369,6.282
1982,JJA,South West England,0.352,5.391
1983,JJA,South West England,0.410,5.853
1984,JJA,South West England,0.423,12.301
1985,JJA,South West England,0.466,7.923
1986,JJA,South West England,0.284,5.064
1987,JJA,South West England,0.219,3.282
1988,JJA,South West England,0.461,7.885
1989,JJA,South West England,0.123,2.750
1990,JJA,South West England,0.461,9.385
1991,JJA,South West England,0.307,5.083
1992,JJA,South West England,0.347,6.891
1993,JJA,South West England,0.377,5.737
1994,JJA,South West England,0.320,6.359
1995,JJA,South West England,0.242,4.872
1996,JJA,South West England,0.394,6.564
1997,JJA,South West England,0.282,5.910
1998,JJA,South West England,0.137,2.558
1999,JJA,South West England,0.182,7.288
2000,JJA,South West England,0.351,9.071
2001,JJA,South West England,0.200,7.032
2002,JJA,South West England,0.316,6.558
2003,JJA,South West England,0.240,4.955
2004,JJA,South West England,0.279,7.032
2005,JJA,South West England,0.278,5.853
2006,JJA,South West England,0.334,6.846
2007,JJA,South West England,0.229,3.660
2008,JJA,South West England,0.218,4.769
2009,JJA,South West England,0.309,4.705
2010,JJA,South West England,0.413,5.756
2011,JJA,South West England,0.251,4.679
2012,JJA,South West England,0.383,5.506
2013,JJA,South West England,0.385,6.109
2014,JJA,South West England,0.338,8.000
2015,JJA,South West England,0.270,4.385
2016,JJA,South West England,0.164,4.506
2017,JJA,South West England,0.423,6.205
2018,JJA,South West England,0.159,2.968
2019,JJA,South West England,0.191,3.558
2020,JJA,South West England,0.122,2.308
2021,JJA,South West England,0.333,6.571
2022,JJA,South West England,0.323,5.660
2023,JJA,South West England,0.202,5.038
2024,JJA,South West England,0.260,3.840
2025,JJA,South West England,0.201,3.929
2026,JJA,South West England,0.279,4.603
2027,JJA,South West England,0.330,5.699
2028,JJA,South West England,0.203,3.295
2029,JJA,South West England,0.281,5.494
2030,JJA,South West England,0.260,4.885
2031,JJA,South West England,0.241,4.231
2032,JJA,South West England,0.255,3.026
2033,JJA,South West England,0.242,4.699
2034,JJA,South West England,0.357,8.128
2035,JJA,South West England,0.115,2.628
2036,JJA,South West England,0.179,4.115
2037,JJA,South West England,0.249,5.417
2038,JJA,South West England,0.223,4.571
2039,JJA,South West England,0.172,2.724
2040,JJA,South West England,0.267,4.590
2041,JJA,South West England,0.211,3.654
2042,JJA,South West England,0.268,6.154
2043,JJA,South West England,0.203,3.968
2044,JJA,South West England,0.239,4.756
2045,JJA,South West England,0.242,4.109
2046,JJA,South West England,0.208,4.115
2047,JJA,South West England,0.417,7.705
2048,JJA,South West England,0.374,5.359
2049,JJA,South West England,0.120,3.090
2050,JJA,South West England,0.165,3.224
2051,JJA,South West England,0.320,4.564
2052,JJA,South West England,0.121,4.654
2053,JJA,South West England,0.316,7.526
2054,JJA,South West England,0.166,4.667
2055,JJA,South West England,0.196,6.173
2056,JJA,South West England,0.238,3.494
2057,JJA,South West England,0.165,3.397
2058,JJA,South West England,0.224,3.256
2059,JJA,South West England,0.221,5.603
2060,JJA,South West England,0.227,4.910
2061,JJA,South West England,0.242,3.840
2062,JJA,South West England,0.149,2.468
2063,JJA,South West England,0.164,4.115
2064,JJA,South West England,0.186,3.000
2065,JJA,South West England,0.106,2.096
2066,JJA,South West England,0.300,5.891
2067,JJA,South West England,0.178,3.590
2068,JJA,South West England,0.123,2.410
2069,JJA,South West England,0.187,4.635
2070,JJA,South West England,0.215,5.224
2071,JJA,South West England,0.242,4.724
2072,JJA,South West England,0.234,4.455
2073,JJA,South West England,0.222,4.654
2074,JJA,South West England,0.175,3.051
2075,JJA,South West England,0.125,3.141
2076,JJA,South West England,0.111,2.609
2077,JJA,South West England,0.155,3.205
2078,JJA,South West England,0.138,3.179
2079,JJA,South West England,0.067,2.045
2080,JJA,South West England,0.184,2.872
1981,JJA,West Midlands,0.333,6.035
1982,JJA,West Midlands,0.369,5.174
1983,JJA,West Midlands,0.435,7.267
1984,JJA,West Midlands,0.441,7.860
1985,JJA,West Midlands,0.500,9.105
1986,JJA,West Midlands,0.356,5.116
1987,JJA,West Midlands,0.291,3.581
1988,JJA,West Midlands,0.439,7.733
1989,JJA,West Midlands,0.126,3.116
1990,JJA,West Midlands,0.484,8.605
1991,JJA,West Midlands,0.330,6.779
1992,JJA,West Midlands,0.368,8.116
1993,JJA,West Midlands,0.401,6.477
1994,JJA,West Midlands,0.342,4.605
1995,JJA,West Midlands,0.263,4.523
1996,JJA,West Midlands,0.415,6.395
1997,JJA,West Midlands,0.270,5.442
1998,JJA,West Midlands,0.174,3.849
1999,JJA,West Midlands,0.254,8.023
2000,JJA,West Midlands,0.394,8.023
2001,JJA,West Midlands,0.225,5.384
2002,JJA,West Midlands,0.281,5.477
2003,JJA,West Midlands,0.276,4.593
2004,JJA,West Midlands,0.281,5.233
2005,JJA,West Midlands,0.287,4.756
2006,JJA,West Midlands,0.323,4.837
2007,JJA,West Midlands,0.239,3.698
2008,JJA,West Midlands,0.240,7.593
2009,JJA,West Midlands,0.356,5.651
2010,JJA,West Midlands,0.447,6.663
2011,JJA,West Midlands,0.319,6.767
2012,JJA,West Midlands,0.426,5.198
2013,JJA,West Midlands,0.397,5.953
2014,JJA,West Midlands,0.370,4.535
2015,JJA,West Midlands,0.272,4.209
2016,JJA,West Midlands,0.222,4.581
2017,JJA,West Midlands,0.421,6.477
2018,JJA,West Midlands,0.166,3.000
2019,JJA,West Midlands,0.240,3.081
2020,JJA,West Midlands,0.161,2.837
2021,JJA,West Midlands,0.377,7.442
2022,JJA,West Midlands,0.311,5.593
2023,JJA,West Midlands,0.251,5.384
2024,JJA,West Midlands,0.267,3.384
2025,JJA,West Midlands,0.238,4.070
2026,JJA,West Midlands,0.271,4.779
2027,JJA,West Midlands,0.394,6.047
2028,JJA,West Midlands,0.260,3.547
2029,JJA,West Midlands,0.274,5.477
2030,JJA,West Midlands,0.265,4.058
2031,JJA,West Midlands,0.290,3.953
2032,JJA,West Midlands,0.280,3.267
2033,JJA,West Midlands,0.258,5.791
2034,JJA,West Midlands,0.407,10.616
2035,JJA,West Midlands,0.175,2.314
2036,JJA,West Midlands,0.204,4.500
2037,JJA,West Midlands,0.285,6.791
2038,JJA,West Midlands,0.246,4.674
2039,JJA,West Midlands,0.174,3.047
2040,JJA,West Midlands,0.262,5.105
2041,JJA,West Midlands,0.238,3.430
2042,JJA,West Midlands,0.224,4.884
2043,JJA,West Midlands,0.191,3.477
2044,JJA,West Midlands,0.277,7.174
2045,JJA,West Midlands,0.225,4.360
2046,JJA,West Midlands,0.221,4.442
2047,JJA,West Midlands,0.419,8.163
2048,JJA,West Midlands,0.405,4.802
2049,JJA,West Midlands,0.138,3.105
2050,JJA,West Midlands,0.270,3.907
2051,JJA,West Midlands,0.360,5.012
2052,JJA,West Midlands,0.137,3.372
2053,JJA,West Midlands,0.355,6.860
2054,JJA,West Midlands,0.203,4.477
2055,JJA,West Midlands,0.229,5.919
2056,JJA,West Midlands,0.266,4.302
2057,JJA,West Midlands,0.201,4.442
2058,JJA,West Midlands,0.257,4.186
2059,JJA,West Midlands,0.260,4.791
2060,JJA,West Midlands,0.198,4.360
2061,JJA,West Midlands,0.251,4.221
2062,JJA,West Midlands,0.157,2.349
2063,JJA,West Midlands,0.178,3.674
2064,JJA,West Midlands,0.165,2.953
2065,JJA,West Midlands,0.141,3.000
2066,JJA,West Midlands,0.295,4.465
2067,JJA,West Midlands,0.202,3.837
2068,JJA,West Midlands,0.124,2.802
2069,JJA,West Midlands,0.215,4.616
2070,JJA,West Midlands,0.242,6.477
2071,JJA,West Midlands,0.243,4.349
2072,JJA,West Midlands,0.259,5.302
2073,JJA,West Midlands,0.251,4.802
2074,JJA,West Midlands,0.225,2.930
2075,JJA,West Midlands,0.163,3.826
2076,JJA,West Midlands,0.147,2.919
2077,JJA,West Midlands,0.197,3.209
2078,JJA,West Midlands,0.190,3.884
2079,JJA,West Midlands,0.123,2.616
2080,JJA,West Midlands,0.240,4.012
1981,JJA,West Scotland,0.484,8.356
1982,JJA,West Scotland,0.578,8.955
1983,JJA,West Scotland,0.502,11.811
1984,JJA,West Scotland,0.645,10.364
1985,JJA,West Scotland,0.522,8.667
1986,JJA,West Scotland,0.475,7.947
1987,JJA,West Scotland,0.356,6.212
1988,JJA,West Scotland,0.625,12.606
1989,JJA,West Scotland,0.288,5.833
1990,JJA,West Scotland,0.598,8.492
1991,JJA,West Scotland,0.535,8.909
1992,JJA,West Scotland,0.374,9.235
1993,JJA,West Scotland,0.589,7.667
1994,JJA,West Scotland,0.631,12.780
1995,JJA,West Scotland,0.369,5.765
1996,JJA,West Scotland,0.728,11.735
1997,JJA,West Scotland,0.290,6.417
1998,JJA,West Scotland,0.402,6.174
1999,JJA,West Scotland,0.451,8.932
2000,JJA,West Scotland,0.535,7.652
2001,JJA,West Scotland,0.450,7.977
2002,JJA,West Scotland,0.297,7.242
2003,JJA,West Scotland,0.552,12.720
2004,JJA,West Scotland,0.461,14.720
2005,JJA,West Scotland,0.495,9.394
2006,JJA,West Scotland,0.489,10.303
2007,JJA,West Scotland,0.348,6.000
2008,JJA,West Scotland,0.385,5.614
2009,JJA,West Scotland,0.509,8.712
2010,JJA,West Scotland,0.529,6.341
2011,JJA,West Scotland,0.528,9.788
2012,JJA,West Scotland,0.535,8.205
2013,JJA,West Scotland,0.499,9.932
2014,JJA,West Scotland,0.532,9.000
2015,JJA,West Scotland,0.507,8.492
2016,JJA,West Scotland,0.380,6.205
2017,JJA,West Scotland,0.560,9.917
2018,JJA,West Scotland,0.358,5.098
2019,JJA,West Scotland,0.461,10.424
2020,JJA,West Scotland,0.411,10.295
2021,JJA,West Scotland,0.482,11.129
2022,JJA,West Scotland,0.589,11.962
2023,JJA,West Scotland,0.417,9.348
2024,JJA,West Scotland,0.498,6.682
2025,JJA,West Scotland,0.410,6.833
2026,JJA,West Scotland,0.479,10.242
2027,JJA,West Scotland,0.563,9.924
2028,JJA,West Scotland,0.480,6.538
2029,JJA,West Scotland,0.484,7.386
2030,JJA,West Scotland,0.454,8.689
2031,JJA,West Scotland,0.470,6.553
2032,JJA,West Scotland,0.434,6.667
2033,JJA,West Scotland,0.449,8.402
2034,JJA,West Scotland,0.505,11.023
2035,JJA,West Scotland,0.492,7.326
2036,JJA,West Scotland,0.322,6.689
2037,JJA,West Scotland,0.331,8.629
2038,JJA,West Scotland,0.475,9.129
2039,JJA,West Scotland,0.352,6.318
2040,JJA,West Scotland,0.358,6.583
2041,JJA,West Scotland,0.428,7.348
2042,JJA,West Scotland,0.312,6.924
2043,JJA,West Scotland,0.517,9.932
2044,JJA,West Scotland,0.555,18.333
2045,JJA,West Scotland,0.394,5.924
2046,JJA,West Scotland,0.384,6.311
2047,JJA,West Scotland,0.626,9.788
2048,JJA,West Scotland,0.616,8.364
2049,JJA,West Scotland,0.409,10.674
2050,JJA,West Scotland,0.415,5.735
2051,JJA,West Scotland,0.475,9.364
2052,JJA,West Scotland,0.420,6.061
2053,JJA,West Scotland,0.480,5.917
2054,JJA,West Scotland,0.501,8.068
2055,JJA,West Scotland,0.441,10.788
2056,JJA,West Scotland,0.563,10.295
2057,JJA,West Scotland,0.388,5.568
2058,JJA,West Scotland,0.436,7.083
2059,JJA,West Scotland,0.595,9.652
2060,JJA,West Scotland,0.446,9.068
2061,JJA,West Scotland,0.423,8.545
2062,JJA,West Scotland,0.422,9.682
2063,JJA,West Scotland,0.285,5.712
2064,JJA,West Scotland,0.402,5.773
2065,JJA,West Scotland,0.251,7.636
2066,JJA,West Scotland,0.501,10.265
2067,JJA,West Scotland,0.364,4.727
2068,JJA,West Scotland,0.356,8.235
2069,JJA,West Scotland,0.366,7.091
2070,JJA,West Scotland,0.547,8.977
2071,JJA,West Scotland,0.317,5.409
2072,JJA,West Scotland,0.487,8.477
2073,JJA,West Scotland,0.500,7.985
2074,JJA,West Scotland,0.576,9.053
2075,JJA,West Scotland,0.385,5.871
2076,JJA,West Scotland,0.261,4.258
2077,JJA,West Scotland,0.323,6.189
2078,JJA,West Scotland,0.344,7.326
2079,JJA,West Scotland,0.363,6.045
2080,JJA,West Scotland,0.400,7.750
1981,JJA,Yorkshire and Humber,0.373,6.673
1982,JJA,Yorkshire and Humber,0.402,6.178
1983,JJA,Yorkshire and Humber,0.395,6.158
1984,JJA,Yorkshire and Humber,0.477,6.663
1985,JJA,Yorkshire and Humber,0.509,8.822
1986,JJA,Yorkshire and Humber,0.335,5.139
1987,JJA,Yorkshire and Humber,0.273,3.406
1988,JJA,Yorkshire and Humber,0.477,7.139
1989,JJA,Yorkshire and Humber,0.148,3.327
1990,JJA,Yorkshire and Humber,0.503,8.257
1991,JJA,Yorkshire and Humber,0.373,6.218
1992,JJA,Yorkshire and Humber,0.344,7.158
1993,JJA,Yorkshire and Humber,0.441,7.386
1994,JJA,Yorkshire and Humber,0.397,5.931
1995,JJA,Yorkshire and Humber,0.244,4.475
1996,JJA,Yorkshire and Humber,0.436,5.941
1997,JJA,Yorkshire and Humber,0.299,8.099
1998,JJA,Yorkshire and Humber,0.224,4.792
1999,JJA,Yorkshire and Humber,0.297,4.347
2000,JJA,Yorkshire and Humber,0.391,5.525
2001,JJA,Yorkshire and Humber,0.303,5.099
2002,JJA,Yorkshire and Humber,0.277,5.614
2003,JJA,Yorkshire and Humber,0.392,6.663
2004,JJA,Yorkshire and Humber,0.310,6.584
2005,JJA,Yorkshire and Humber,0.364,6.495
2006,JJA,Yorkshire and Humber,0.361,7.059
2007,JJA,Yorkshire and Humber,0.264,4.584
2008,JJA,Yorkshire and Humber,0.242,6.119
2009,JJA,Yorkshire and Humber,0.409,6.891
2010,JJA,Yorkshire and Humber,0.474,6.693
2011,JJA,Yorkshire and Humber,0.413,6.634
2012,JJA,Yorkshire and Humber,0.498,6.149
2013,JJA,Yorkshire and Humber,0.450,6.822
2014,JJA,Yorkshire and Humber,0.381,7.465
2015,JJA,Yorkshire and Humber,0.345,4.475
2016,JJA,Yorkshire and Humber,0.289,4.327
2017,JJA,Yorkshire and Humber,0.445,7.980
2018,JJA,Yorkshire and Humber,0.206,2.861
2019,JJA,Yorkshire and Humber,0.307,5.436
2020,JJA,Yorkshire and Humber,0.276,5.802
2021,JJA,Yorkshire and Humber,0.409,8.356
2022,JJA,Yorkshire and Humber,0.367,5.505
2023,JJA,Yorkshire and Humber,0.295,5.723
2024,JJA,Yorkshire and Humber,0.352,4.792
2025,JJA,Yorkshire and Humber,0.255,4.188
2026,JJA,Yorkshire and Humber,0.338,4.228
2027,JJA,Yorkshire and Humber,0.429,6.713
2028,JJA,Yorkshire and Humber,0.308,4.129
2029,JJA,Yorkshire and Humber,0.325,4.733
2030,JJA,Yorkshire and Humber,0.325,5.366
2031,JJA,Yorkshire and Humber,0.371,4.663
2032,JJA,Yorkshire and Humber,0.359,4.495
2033,JJA,Yorkshire and Humber,0.291,3.713
2034,JJA,Yorkshire and Humber,0.479,10.386
2035,JJA,Yorkshire and Humber,0.234,3.406
2036,JJA,Yorkshire and Humber,0.232,6.129
2037,JJA,Yorkshire and Humber,0.317,6.396
2038,JJA,Yorkshire and Humber,0.278,6.485
2039,JJA,Yorkshire and Humber,0.224,4.089
2040,JJA,Yorkshire and Humber,0.248,4.990
2041,JJA,Yorkshire and Humber,0.291,4.723
2042,JJA,Yorkshire and Humber,0.265,5.693
2043,JJA,Yorkshire and Humber,0.294,4.168
2044,JJA,Yorkshire and Humber,0.360,7.208
2045,JJA,Yorkshire and Humber,0.322,5.089
2046,JJA,Yorkshire and Humber,0.229,4.030
2047,JJA,Yorkshire and Humber,0.444,9.257
2048,JJA,Yorkshire and Humber,0.451,5.337
2049,JJA,Yorkshire and Humber,0.206,3.881
2050,JJA,Yorkshire and Humber,0.348,5.059
2051,JJA,Yorkshire and Humber,0.381,6.050
2052,JJA,Yorkshire and Humber,0.234,3.416
2053,JJA,Yorkshire and Humber,0.392,7.040
2054,JJA,Yorkshire and Humber,0.265,5.881
2055,JJA,Yorkshire and Humber,0.274,6.059
2056,JJA,Yorkshire and Humber,0.322,4.861
2057,JJA,Yorkshire and Humber,0.245,3.931
2058,JJA,Yorkshire and Humber,0.265,5.277
2059,JJA,Yorkshire and Humber,0.325,4.505
2060,JJA,Yorkshire and Humber,0.256,5.436
2061,JJA,Yorkshire and Humber,0.308,5.495
2062,JJA,Yorkshire and Humber,0.265,6.257
2063,JJA,Yorkshire and Humber,0.194,4.198
2064,JJA,Yorkshire and Humber,0.211,3.040
2065,JJA,Yorkshire and Humber,0.172,3.050
2066,JJA,Yorkshire and Humber,0.328,5.099
2067,JJA,Yorkshire and Humber,0.239,3.713
2068,JJA,Yorkshire and Humber,0.176,3.129
2069,JJA,Yorkshire and Humber,0.221,4.475
2070,JJA,Yorkshire and Humber,0.257,3.842
2071,JJA,Yorkshire and Humber,0.237,4.465
2072,JJA,Yorkshire and Humber,0.353,6.842
2073,JJA,Yorkshire and Humber,0.341,7.030
2074,JJA,Yorkshire and Humber,0.296,3.941
2075,JJA,Yorkshire and Humber,0.225,4.376
2076,JJA,Yorkshire and Humber,0.191,3.535
2077,JJA,Yorkshire and Humber,0.254,3.584
2078,JJA,Yorkshire and Humber,0.174,3.287
2079,JJA,Yorkshire and Humber,0.174,2.950
2080,JJA,Yorkshire and Humber,0.336,6.089
1981,JJA,Channel Islands,0.289,7.000
1982,JJA,Channel Islands,0.244,3.500
1983,JJA,Channel Islands,0.378,6.500
1984,JJA,Channel Islands,0.261,5.000
1985,JJA,Channel Islands,0.344,5.000
1986,JJA,Channel Islands,0.239,6.000
1987,JJA,Channel Islands,0.183,5.000
1988,JJA,Channel Islands,0.333,6.000
1989,JJA,Channel Islands,0.139,3.000
1990,JJA,Channel Islands,0.361,7.000
1991,JJA,Channel Islands,0.278,4.500
1992,JJA,Channel Islands,0.406,8.000
1993,JJA,Channel Islands,0.272,5.000
1994,JJA,Channel Islands,0.283,5.000
1995,JJA,Channel Islands,0.183,3.000
1996,JJA,Channel Islands,0.306,6.000
1997,JJA,Channel Islands,0.200,4.500
1998,JJA,Channel Islands,0.117,2.000
1999,JJA,Channel Islands,0.122,6.500
2000,JJA,Channel Islands,0.294,6.500
2001,JJA,Channel Islands,0.211,7.000
2002,JJA,Channel Islands,0.306,6.000
2003,JJA,Channel Islands,0.183,4.000
2004,JJA,Channel Islands,0.189,5.000
2005,JJA,Channel Islands,0.272,3.000
2006,JJA,Channel Islands,0.256,5.000
2007,JJA,Channel Islands,0.200,5.000
2008,JJA,Channel Islands,0.206,7.000
2009,JJA,Channel Islands,0.239,4.000
2010,JJA,Channel Islands,0.289,3.000
2011,JJA,Channel Islands,0.144,3.000
2012,JJA,Channel Islands,0.400,6.000
2013,JJA,Channel Islands,0.378,6.500
2014,JJA,Channel Islands,0.339,10.000
2015,JJA,Channel Islands,0.172,3.000
2016,JJA,Channel Islands,0.167,3.000
2017,JJA,Channel Islands,0.211,4.500
2018,JJA,Channel Islands,0.094,3.000
2019,JJA,Channel Islands,0.111,2.000
2020,JJA,Channel Islands,0.056,2.000
2021,JJA,Channel Islands,0.206,3.500
2022,JJA,Channel Islands,0.222,5.000
2023,JJA,Channel Islands,0.111,2.500
2024,JJA,Channel Islands,0.178,3.500
2025,JJA,Channel Islands,0.100,4.000
2026,JJA,Channel Islands,0.178,3.500
2027,JJA,Channel Islands,0.217,3.500
2028,JJA,Channel Islands,0.122,2.000
2029,JJA,Channel Islands,0.200,4.500
2030,JJA,Channel Islands,0.217,4.500
2031,JJA,Channel Islands,0.194,2.500
2032,JJA,Channel Islands,0.206,2.500
2033,JJA,Channel Islands,0.211,3.500
2034,JJA,Channel Islands,0.267,5.000
2035,JJA,Channel Islands,0.089,2.000
2036,JJA,Channel Islands,0.106,2.000
2037,JJA,Channel Islands,0.272,5.000
2038,JJA,Channel Islands,0.217,4.500
2039,JJA,Channel Islands,0.178,3.000
2040,JJA,Channel Islands,0.178,3.000
2041,JJA,Channel Islands,0.150,3.000
2042,JJA,Channel Islands,0.244,5.000
2043,JJA,Channel Islands,0.133,3.000
2044,JJA,Channel Islands,0.178,3.000
2045,JJA,Channel Islands,0.189,3.000
2046,JJA,Channel Islands,0.289,5.000
2047,JJA,Channel Islands,0.333,6.000
2048,JJA,Channel Islands,0.244,4.000
2049,JJA,Channel Islands,0.122,4.000
2050,JJA,Channel Islands,0.067,2.500
2051,JJA,Channel Islands,0.267,3.000
2052,JJA,Channel Islands,0.078,4.000
2053,JJA,Channel Islands,0.294,5.000
2054,JJA,Channel Islands,0.117,4.500
2055,JJA,Channel Islands,0.167,3.500
2056,JJA,Channel Islands,0.133,1.000
2057,JJA,Channel Islands,0.111,2.500
2058,JJA,Channel Islands,0.189,3.500
2059,JJA,Channel Islands,0.139,4.000
2060,JJA,Channel Islands,0.139,3.500
2061,JJA,Channel Islands,0.189,3.000
2062,JJA,Channel Islands,0.106,1.500
2063,JJA,Channel Islands,0.167,4.000
2064,JJA,Channel Islands,0.217,7.000
2065,JJA,Channel Islands,0.061,2.000
2066,JJA,Channel Islands,0.167,3.000
2067,JJA,Channel Islands,0.061,1.000
2068,JJA,Channel Islands,0.106,3.500
2069,JJA,Channel Islands,0.161,3.500
2070,JJA,Channel Islands,0.106,3.000
2071,JJA,Channel Islands,0.206,4.000
2072,JJA,Channel Islands,0.189,5.500
2073,JJA,Channel Islands,0.139,2.500
2074,JJA,Channel Islands,0.094,2.000
2075,JJA,Channel Islands,0.072,2.000
2076,JJA,Channel Islands,0.067,4.000
2077,JJA,Channel Islands,0.133,3.500
2078,JJA,Channel Islands,0.067,2.000
2079,JJA,Channel Islands,0.089,2.000
2080,JJA,Channel Islands,0.122,3.000
1981,JJA,Isle of Man,0.456,7.000
1982,JJA,Isle of Man,0.452,6.000
1983,JJA,Isle of Man,0.367,8.667
1984,JJA,Isle of Man,0.563,9.000
1985,JJA,Isle of Man,0.467,5.000
1986,JJA,Isle of Man,0.381,5.667
1987,JJA,Isle of Man,0.233,5.000
1988,JJA,Isle of Man,0.570,12.000
1989,JJA,Isle of Man,0.163,4.667
1990,JJA,Isle of Man,0.544,8.000
1991,JJA,Isle of Man,0.396,4.333
1992,JJA,Isle of Man,0.356,11.000
1993,JJA,Isle of Man,0.541,7.333
1994,JJA,Isle of Man,0.500,6.000
1995,JJA,Isle of Man,0.263,4.667
1996,JJA,Isle of Man,0.504,4.333
1997,JJA,Isle of Man,0.226,5.000
1998,JJA,Isle of Man,0.248,4.000
1999,JJA,Isle of Man,0.326,5.000
2000,JJA,Isle of Man,0.426,5.000
2001,JJA,Isle of Man,0.381,13.333
2002,JJA,Isle of Man,0.285,6.333
2003,JJA,Isle of Man,0.363,10.667
2004,JJA,Isle of Man,0.337,5.333
2005,JJA,Isle of Man,0.315,7.667
2006,JJA,Isle of Man,0.389,10.667
2007,JJA,Isle of Man,0.256,4.000
2008,JJA,Isle of Man,0.252,3.000
2009,JJA,Isle of Man,0.415,8.667
2010,JJA,Isle of Man,0.433,5.333
2011,JJA,Isle of Man,0.396,13.000
2012,JJA,Isle of Man,0.459,5.667
2013,JJA,Isle of Man,0.441,8.000
2014,JJA,Isle of Man,0.430,5.667
2015,JJA,Isle of Man,0.370,4.667
2016,JJA,Isle of Man,0.278,4.333
2017,JJA,Isle of Man,0.470,6.000
2018,JJA,Isle of Man,0.207,4.000
2019,JJA,Isle of Man,0.319,6.000
2020,JJA,Isle of Man,0.181,5.000
2021,JJA,Isle of Man,0.352,6.333
2022,JJA,Isle of Man,0.441,8.000
2023,JJA,Isle of Man,0.300,4.667
2024,JJA,Isle of Man,0.352,4.333
2025,JJA,Isle of Man,0.322,4.000
2026,JJA,Isle of Man,0.370,6.000
2027,JJA,Isle of Man,0.437,6.000
2028,JJA,Isle of Man,0.296,4.000
2029,JJA,Isle of Man,0.337,6.000
2030,JJA,Isle of Man,0.330,8.000
2031,JJA,Isle of Man,0.359,5.000
2032,JJA,Isle of Man,0.307,5.000
2033,JJA,Isle of Man,0.363,7.000
2034,JJA,Isle of Man,0.441,8.000
2035,JJA,Isle of Man,0.289,3.667
2036,JJA,Isle of Man,0.207,4.667
2037,JJA,Isle of Man,0.252,4.000
2038,JJA,Isle of Man,0.289,5.000
2039,JJA,Isle of Man,0.263,4.667
2040,JJA,Isle of Man,0.285,5.000
2041,JJA,Isle of Man,0.252,4.333
2042,JJA,Isle of Man,0.252,6.667
2043,JJA,Isle of Man,0.385,5.333
2044,JJA,Isle of Man,0.400,7.333
2045,JJA,Isle of Man,0.367,7.000
2046,JJA,Isle of Man,0.278,5.000
2047,JJA,Isle of Man,0.474,6.667
2048,JJA,Isle of Man,0.437,6.333
2049,JJA,Isle of Man,0.233,5.000
2050,JJA,Isle of Man,0.263,4.667
2051,JJA,Isle of Man,0.352,5.333
2052,JJA,Isle of Man,0.259,4.000
2053,JJA,Isle of Man,0.356,5.000
2054,JJA,Isle of Man,0.304,4.000
2055,JJA,Isle of Man,0.337,6.667
2056,JJA,Isle of Man,0.367,6.000
2057,JJA,Isle of Man,0.226,4.667
2058,JJA,Isle of Man,0.300,3.000
2059,JJA,Isle of Man,0.437,7.333
2060,JJA,Isle of Man,0.293,3.667
2061,JJA,Isle of Man,0.296,4.333
2062,JJA,Isle of Man,0.204,4.333
2063,JJA,Isle of Man,0.200,5.000
2064,JJA,Isle of Man,0.178,3.000
2065,JJA,Isle of Man,0.189,4.667
2066,JJA,Isle of Man,0.341,5.000
2067,JJA,Isle of Man,0.193,4.000
2068,JJA,Isle of Man,0.189,3.667
2069,JJA,Isle of Man,0.248,6.333
2070,JJA,Isle of Man,0.326,4.000
2071,JJA,Isle of Man,0.174,2.333
2072,JJA,Isle of Man,0.341,5.000
2073,JJA,Isle of Man,0.363,6.667
2074,JJA,Isle of Man,0.307,3.667
2075,JJA,Isle of Man,0.193,3.667
2076,JJA,Isle of Man,0.189,8.000
2077,JJA,Isle of Man,0.189,5.333
2078,JJA,Isle of Man,0.237,7.667
2079,JJA,Isle of Man,0.141,3.667
2080,JJA,Isle of Man,0.319,5.333
1981,JJA,Northern Ireland,0.490,7.906
1982,JJA,Northern Ireland,0.546,9.200
1983,JJA,Northern Ireland,0.449,7.918
1984,JJA,Northern Ireland,0.557,8.000
1985,JJA,Northern Ireland,0.518,7.188
1986,JJA,Northern Ireland,0.460,7.129
1987,JJA,Northern Ireland,0.308,4.012
1988,JJA,Northern Ireland,0.606,12.329
1989,JJA,Northern Ireland,0.258,4.553
1990,JJA,Northern Ireland,0.544,8.212
1991,JJA,Northern Ireland,0.478,7.894
1992,JJA,Northern Ireland,0.342,6.259
1993,JJA,Northern Ireland,0.563,6.847
1994,JJA,Northern Ireland,0.583,8.824
1995,JJA,Northern Ireland,0.320,5.882
1996,JJA,Northern Ireland,0.630,11.106
1997,JJA,Northern Ireland,0.273,5.541
1998,JJA,Northern Ireland,0.365,5.812
1999,JJA,Northern Ireland,0.455,6.765
2000,JJA,Northern Ireland,0.481,7.294
2001,JJA,Northern Ireland,0.479,15.282
2002,JJA,Northern Ireland,0.316,6.494
2003,JJA,Northern Ireland,0.533,15.965
2004,JJA,Northern Ireland,0.467,8.094
2005,JJA,Northern Ireland,0.413,7.200
2006,JJA,Northern Ireland,0.466,10.694
2007,JJA,Northern Ireland,0.292,4.576
2008,JJA,Northern Ireland,0.358,4.447
2009,JJA,Northern Ireland,0.478,8.082
2010,JJA,Northern Ireland,0.562,8.188
2011,JJA,Northern Ireland,0.461,8.494
2012,JJA,Northern Ireland,0.559,7.800
2013,JJA,Northern Ireland,0.479,8.741
2014,JJA,Northern Ireland,0.499,8.118
2015,JJA,Northern Ireland,0.459,8.753
2016,JJA,Northern Ireland,0.351,6.012
2017,JJA,Northern Ireland,0.569,11.965
2018,JJA,Northern Ireland,0.319,5.624
2019,JJA,Northern Ireland,0.455,9.965
2020,JJA,Northern Ireland,0.365,8.588
2021,JJA,Northern Ireland,0.442,8.612
2022,JJA,Northern Ireland,0.569,10.259
2023,JJA,Northern Ireland,0.363,6.106
2024,JJA,Northern Ireland,0.494,6.718
2025,JJA,Northern Ireland,0.425,7.306
2026,JJA,Northern Ireland,0.475,8.624
2027,JJA,Northern Ireland,0.532,10.659
2028,JJA,Northern Ireland,0.452,6.094
2029,JJA,Northern Ireland,0.448,9.224
2030,JJA,Northern Ireland,0.402,8.259
2031,JJA,Northern Ireland,0.439,6.176
2032,JJA,Northern Ireland,0.414,6.600
2033,JJA,Northern Ireland,0.437,8.471
2034,JJA,Northern Ireland,0.476,9.447
2035,JJA,Northern Ireland,0.424,7.388
2036,JJA,Northern Ireland,0.330,7.624
2037,JJA,Northern Ireland,0.278,4.376
2038,JJA,Northern Ireland,0.410,6.071
2039,JJA,Northern Ireland,0.337,7.118
2040,JJA,Northern Ireland,0.391,6.424
2041,JJA,Northern Ireland,0.363,7.529
2042,JJA,Northern Ireland,0.294,5.953
2043,JJA,Northern Ireland,0.470,9.800
2044,JJA,Northern Ireland,0.466,8.106
2045,JJA,Northern Ireland,0.454,9.847
2046,JJA,Northern Ireland,0.352,6.176
2047,JJA,Northern Ireland,0.589,11.647
2048,JJA,Northern Ireland,0.585,7.894
2049,JJA,Northern Ireland,0.338,9.953
2050,JJA,Northern Ireland,0.354,5.353
2051,JJA,Northern Ireland,0.414,6.400
2052,JJA,Northern Ireland,0.362,5.247
2053,JJA,Northern Ireland,0.440,7.153
2054,JJA,Northern Ireland,0.412,5.706
2055,JJA,Northern Ireland,0.396,10.082
2056,JJA,Northern Ireland,0.517,13.106
2057,JJA,Northern Ireland,0.298,4.459
2058,JJA,Northern Ireland,0.352,5.941
2059,JJA,Northern Ireland,0.514,9.129
2060,JJA,Northern Ireland,0.446,10.553
2061,JJA,Northern Ireland,0.388,8.165
2062,JJA,Northern Ireland,0.329,6.894
2063,JJA,Northern Ireland,0.279,5.165
2064,JJA,Northern Ireland,0.310,4.729
2065,JJA,Northern Ireland,0.231,6.141
2066,JJA,Northern Ireland,0.496,13.153
2067,JJA,Northern Ireland,0.288,4.424
2068,JJA,Northern Ireland,0.334,4.506
2069,JJA,Northern Ireland,0.338,5.576
2070,JJA,Northern Ireland,0.448,7.788
2071,JJA,Northern Ireland,0.337,4.929
2072,JJA,Northern Ireland,0.452,12.718
2073,JJA,Northern Ireland,0.481,8.588
2074,JJA,Northern Ireland,0.465,5.765
2075,JJA,Northern Ireland,0.282,4.506
2076,JJA,Northern Ireland,0.289,4.318
2077,JJA,Northern Ireland,0.276,6.518
2078,JJA,Northern Ireland,0.298,7.882
2079,JJA,Northern Ireland,0.278,4.176
2080,JJA,Northern Ireland,0.367,5.647
1981,JJA,Wales,0.434,12.173
1982,JJA,Wales,0.428,5.617
1983,JJA,Wales,0.452,6.932
1984,JJA,Wales,0.559,11.293
1985,JJA,Wales,0.519,10.083
1986,JJA,Wales,0.377,6.180
1987,JJA,Wales,0.304,4.654
1988,JJA,Wales,0.547,9.331
1989,JJA,Wales,0.167,4.218
1990,JJA,Wales,0.510,8.444
1991,JJA,Wales,0.377,8.481
1992,JJA,Wales,0.381,10.842
1993,JJA,Wales,0.501,8.797
1994,JJA,Wales,0.415,6.241
1995,JJA,Wales,0.271,4.632
1996,JJA,Wales,0.524,7.940
1997,JJA,Wales,0.293,6.451
1998,JJA,Wales,0.248,4.902
1999,JJA,Wales,0.299,8.180
2000,JJA,Wales,0.410,7.594
2001,JJA,Wales,0.302,9.053
2002,JJA,Wales,0.314,6.105
2003,JJA,Wales,0.340,7.113
2004,JJA,Wales,0.343,7.271
2005,JJA,Wales,0.359,7.549
2006,JJA,Wales,0.382,5.880
2007,JJA,Wales,0.299,4.985
2008,JJA,Wales,0.270,5.053
2009,JJA,Wales,0.421,7.038
2010,JJA,Wales,0.496,7.451
2011,JJA,Wales,0.372,7.383
2012,JJA,Wales,0.503,7.158
2013,JJA,Wales,0.454,8.241
2014,JJA,Wales,0.393,6.150
2015,JJA,Wales,0.367,6.113
2016,JJA,Wales,0.262,5.263
2017,JJA,Wales,0.499,7.496
2018,JJA,Wales,0.226,4.113
2019,JJA,Wales,0.282,5.113
2020,JJA,Wales,0.185,5.015
2021,JJA,Wales,0.420,8.955
2022,JJA,Wales,0.436,9.233
2023,JJA,Wales,0.288,5.880
2024,JJA,Wales,0.379,5.045
2025,JJA,Wales,0.292,5.774
2026,JJA,Wales,0.337,6.301
2027,JJA,Wales,0.450,5.729
2028,JJA,Wales,0.328,4.060
2029,JJA,Wales,0.362,7.135
2030,JJA,Wales,0.357,6.865
2031,JJA,Wales,0.318,3.820
2032,JJA,Wales,0.359,4.571
2033,JJA,Wales,0.356,7.504
2034,JJA,Wales,0.444,10.977
2035,JJA,Wales,0.238,3.338
2036,JJA,Wales,0.254,6.143
2037,JJA,Wales,0.272,5.391
2038,JJA,Wales,0.309,6.436
2039,JJA,Wales,0.236,4.368
2040,JJA,Wales,0.324,5.045
2041,JJA,Wales,0.317,4.669
2042,JJA,Wales,0.263,6.902
2043,JJA,Wales,0.333,4.308
2044,JJA,Wales,0.380,6.774
2045,JJA,Wales,0.335,5.662
2046,JJA,Wales,0.255,4.571
2047,JJA,Wales,0.495,8.414
2048,JJA,Wales,0.504,5.526
2049,JJA,Wales,0.215,4.113
2050,JJA,Wales,0.259,3.496
2051,JJA,Wales,0.394,5.421
2052,JJA,Wales,0.227,4.368
2053,JJA,Wales,0.373,5.940
2054,JJA,Wales,0.259,4.827
2055,JJA,Wales,0.292,8.955
2056,JJA,Wales,0.372,6.361
2057,JJA,Wales,0.232,4.436
2058,JJA,Wales,0.321,5.075
2059,JJA,Wales,0.353,5.729
2060,JJA,Wales,0.292,5.519
2061,JJA,Wales,0.288,4.677
2062,JJA,Wales,0.241,4.917
2063,JJA,Wales,0.207,4.391
2064,JJA,Wales,0.213,3.977
2065,JJA,Wales,0.164,2.827
2066,JJA,Wales,0.376,6.579
2067,JJA,Wales,0.245,4.188
2068,JJA,Wales,0.190,3.353
2069,JJA,Wales,0.273,5.662
2070,JJA,Wales,0.309,7.617
2071,JJA,Wales,0.295,4.842
2072,JJA,Wales,0.342,7.774
2073,JJA,Wales,0.328,5.962
2074,JJA,Wales,0.274,3.436
2075,JJA,Wales,0.228,4.008
2076,JJA,Wales,0.151,3.060
2077,JJA,Wales,0.205,4.323
2078,JJA,Wales,0.235,5.910
2079,JJA,Wales,0.170,3.165
2080,JJA,Wales,0.264,4.406
1981,SON,East Midlands,0.273,5.117
1982,SON,East Midlands,0.400,5.738
1983,SON,East Midlands,0.489,7.981
1984,SON,East Midlands,0.315,5.544
1985,SON,East Midlands,0.405,9.816
1986,SON,East Midlands,0.268,6.650
1987,SON,East Midlands,0.384,5.650
1988,SON,East Midlands,0.488,7.184
1989,SON,East Midlands,0.532,7.670
1990,SON,East Midlands,0.393,6.447
1991,SON,East Midlands,0.268,5.107
1992,SON,East Midlands,0.441,5.777
1993,SON,East Midlands,0.342,5.777
1994,SON,East Midlands,0.346,4.505
1995,SON,East Midlands,0.449,5.612
1996,SON,East Midlands,0.395,4.893
1997,SON,East Midlands,0.228,4.913
1998,SON,East Midlands,0.333,5.398
1999,SON,East Midlands,0.426,8.097
2000,SON,East Midlands,0.345,5.097
2001,SON,East Midlands,0.356,5.544
2002,SON,East Midlands,0.228,4.942
2003,SON,East Midlands,0.209,3.544
2004,SON,East Midlands,0.429,5.990
2005,SON,East Midlands,0.366,9.466
2006,SON,East Midlands,0.311,4.670
2007,SON,East Midlands,0.268,7.000
2008,SON,East Midlands,0.279,4.447
2009,SON,East Midlands,0.317,6.563
2010,SON,East Midlands,0.217,4.049
2011,SON,East Midlands,0.287,4.796
2012,SON,East Midlands,0.368,4.854
2013,SON,East Midlands,0.271,4.447
2014,SON,East Midlands,0.292,6.291
2015,SON,East Midlands,0.332,4.194
2016,SON,East Midlands,0.431,6.466
2017,SON,East Midlands,0.213,4.000
2018,SON,East Midlands,0.312,5.165
2019,SON,East Midlands,0.274,3.641
2020,SON,East Midlands,0.355,4.806
2021,SON,East Midlands,0.282,3.612
2022,SON,East Midlands,0.366,7.350
2023,SON,East Midlands,0.327,4.155
2024,SON,East Midlands,0.348,6.320
2025,SON,East Midlands,0.351,5.359
2026,SON,East Midlands,0.381,8.350
2027,SON,East Midlands,0.324,6.748
2028,SON,East Midlands,0.271,5.184
2029,SON,East Midlands,0.332,4.097
2030,SON,East Midlands,0.366,5.553
2031,SON,East Midlands,0.206,4.495
2032,SON,East Midlands,0.380,5.175
2033,SON,East Midlands,0.350,4.748
2034,SON,East Midlands,0.258,4.990
2035,SON,East Midlands,0.401,4.883
2036,SON,East Midlands,0.406,6.544
2037,SON,East Midlands,0.372,5.631
2038,SON,East Midlands,0.426,5.301
2039,SON,East Midlands,0.347,5.961
2040,SON,East Midlands,0.328,6.039
2041,SON,East Midlands,0.265,6.854
2042,SON,East Midlands,0.306,5.981
2043,SON,East Midlands,0.271,4.311
2044,SON,East Midlands,0.205,5.981
2045,SON,East Midlands,0.353,4.340
2046,SON,East Midlands,0.324,5.136
2047,SON,East Midlands,0.386,8.748
2048,SON,East Midlands,0.362,4.621
2049,SON,East Midlands,0.296,4.660
2050,SON,East Midlands,0.258,4.087
2051,SON,East Midlands,0.388,5.903
2052,SON,East Midlands,0.237,2.320
2053,SON,East Midlands,0.330,4.913
2054,SON,East Midlands,0.421,5.058
2055,SON,East Midlands,0.147,5.709
2056,SON,East Midlands,0.178,3.922
2057,SON,East Midlands,0.212,3.786
2058,SON,East Midlands,0.256,4.485
2059,SON,East Midlands,0.221,3.204
2060,SON,East Midlands,0.191,2.922
2061,SON,East Midlands,0.395,6.864
2062,SON,East Midlands,0.280,5.534
2063,SON,East Midlands,0.331,3.534
2064,SON,East Midlands,0.383,9.146
2065,SON,East Midlands,0.312,3.602
2066,SON,East Midlands,0.280,4.767
2067,SON,East Midlands,0.352,5.573
2068,SON,East Midlands,0.358,7.408
2069,SON,East Midlands,0.370,4.660
2070,SON,East Midlands,0.257,3.505
2071,SON,East Midlands,0.336,4.078
2072,SON,East Midlands,0.331,5.854
2073,SON,East Midlands,0.282,5.767
2074,SON,East Midlands,0.343,4.301
2075,SON,East Midlands,0.260,4.583
2076,SON,East Midlands,0.227,4.602
2077,SON,East Midlands,0.286,4.874
2078,SON,East Midlands,0.208,4.369
2079,SON,East Midlands,0.311,4.029
2080,SON,East Midlands,0.251,3.447
1981,SON,East of England,0.236,3.386
1982,SON,East of England,0.377,5.417
1983,SON,East of England,0.466,6.520
1984,SON,East of England,0.298,4.669
1985,SON,East of England,0.418,5.984
1986,SON,East of England,0.229,3.772
1987,SON,East of England,0.434,6.559
1988,SON,East of England,0.468,6.724
1989,SON,East of England,0.508,8.252
1990,SON,East of England,0.368,6.378
1991,SON,East of England,0.267,3.803
1992,SON,East of England,0.398,3.874
1993,SON,East of England,0.362,6.472
1994,SON,East of England,0.269,3.441
1995,SON,East of England,0.448,6.354
1996,SON,East of England,0.356,4.953
1997,SON,East of England,0.235,5.016
1998,SON,East of England,0.262,4.535
1999,SON,East of England,0.403,5.882
2000,SON,East of England,0.364,5.488
2001,SON,East of England,0.342,5.016
2002,SON,East of England,0.233,4.268
2003,SON,East of England,0.245,5.717
2004,SON,East of England,0.401,5.504
2005,SON,East of England,0.357,7.732
2006,SON,East of England,0.288,4.283
2007,SON,East of England,0.240,5.693
2008,SON,East of England,0.286,4.717
2009,SON,East of England,0.319,5.228
2010,SON,East of England,0.200,3.764
2011,SON,East of England,0.280,4.409
2012,SON,East of England,0.372,4.724
2013,SON,East of England,0.247,4.220
2014,SON,East of England,0.323,5.937
2015,SON,East of England,0.358,5.000
2016,SON,East of England,0.414,6.614
2017,SON,East of England,0.239,5.157
2018,SON,East of England,0.286,4.197
2019,SON,East of England,0.324,4.504
2020,SON,East of England,0.333,7.071
2021,SON,East of England,0.257,3.866
2022,SON,East of England,0.339,6.976
2023,SON,East of England,0.360,4.858
2024,SON,East of England,0.351,5.441
2025,SON,East of England,0.310,4.921
2026,SON,East of England,0.350,6.819
2027,SON,East of England,0.285,6.016
2028,SON,East of England,0.242,4.606
2029,SON,East of England,0.319,4.654
2030,SON,East of England,0.292,5.386
2031,SON,East of England,0.201,4.520
2032,SON,East of England,0.349,4.693
2033,SON,East of England,0.342,5.008
2034,SON,East of England,0.216,3.685
2035,SON,East of England,0.383,5.520
2036,SON,East of England,0.369,7.102
2037,SON,East of England,0.315,5.835
2038,SON,East of England,0.404,5.512
2039,SON,East of England,0.348,6.961
2040,SON,East of England,0.275,5.748
2041,SON,East of England,0.229,6.937
2042,SON,East of England,0.270,5.449
2043,SON,East of England,0.194,2.614
2044,SON,East of England,0.208,5.142
2045,SON,East of England,0.346,4.488
2046,SON,East of England,0.286,4.087
2047,SON,East of England,0.321,5.992
2048,SON,East of England,0.357,4.874
2049,SON,East of England,0.275,5.031
2050,SON,East of England,0.199,3.102
2051,SON,East of England,0.428,6.913
2052,SON,East of England,0.236,2.882
2053,SON,East of England,0.307,5.402
2054,SON,East of England,0.382,3.173
2055,SON,East of England,0.141,7.858
2056,SON,East of England,0.169,3.575
2057,SON,East of England,0.201,3.709
2058,SON,East of England,0.240,4.205
2059,SON,East of England,0.231,3.441
2060,SON,East of England,0.155,2.480
2061,SON,East of England,0.345,5.992
2062,SON,East of England,0.247,3.906
2063,SON,East of England,0.270,3.520
2064,SON,East of England,0.318,6.299
2065,SON,East of England,0.268,3.346
2066,SON,East of England,0.280,6.220
2067,SON,East of England,0.323,4.976
2068,SON,East of England,0.333,7.906
2069,SON,East of England,0.281,3.457
2070,SON,East of England,0.259,3.000
2071,SON,East of England,0.358,4.126
2072,SON,East of England,0.287,3.709
2073,SON,East of England,0.226,5.079
2074,SON,East of England,0.266,3.157
2075,SON,East of England,0.212,3.055
2076,SON,East of England,0.222,4.409
2077,SON,East of England,0.267,4.047
2078,SON,East of England,0.185,4.780
2079,SON,East of England,0.259,3.402
2080,SON,East of England,0.232,3.094
1981,SON,East Scotland,0.412,6.844
1982,SON,East Scotland,0.445,5.794
1983,SON,East Scotland,0.574,8.875
1984,SON,East Scotland,0.436,8.037
1985,SON,East Scotland,0.452,7.162
1986,SON,East Scotland,0.417,7.575
1987,SON,East Scotland,0.445,7.188
1988,SON,East Scotland,0.514,8.894
1989,SON,East Scotland,0.562,8.581
1990,SON,East Scotland,0.492,7.513
1991,SON,East Scotland,0.436,6.350
1992,SON,East Scotland,0.503,11.156
1993,SON,East Scotland,0.452,7.850
1994,SON,East Scotland,0.476,7.956
1995,SON,East Scotland,0.570,8.169
1996,SON,East Scotland,0.521,10.137
1997,SON,East Scotland,0.310,4.881
1998,SON,East Scotland,0.440,6.794
1999,SON,East Scotland,0.507,11.256
2000,SON,East Scotland,0.504,7.744
2001,SON,East Scotland,0.408,6.669
2002,SON,East Scotland,0.287,5.900
2003,SON,East Scotland,0.321,6.781
2004,SON,East Scotland,0.472,8.525
2005,SON,East Scotland,0.393,7.044
2006,SON,East Scotland,0.458,7.175
2007,SON,East Scotland,0.441,6.775
2008,SON,East Scotland,0.422,6.881
2009,SON,East Scotland,0.349,7.331
2010,SON,East Scotland,0.350,6.412
2011,SON,East Scotland,0.324,5.294
2012,SON,East Scotland,0.465,8.562
2013,SON,East Scotland,0.397,7.362
2014,SON,East Scotland,0.420,7.750
2015,SON,East Scotland,0.448,6.444
2016,SON,East Scotland,0.593,8.387
2017,SON,East Scotland,0.356,6.125
2018,SON,East Scotland,0.424,8.250
2019,SON,East Scotland,0.493,9.831
2020,SON,East Scotland,0.496,9.875
2021,SON,East Scotland,0.456,7.481
2022,SON,East Scotland,0.459,8.713
2023,SON,East Scotland,0.411,6.588
2024,SON,East Scotland,0.510,9.000
2025,SON,East Scotland,0.484,8.344
2026,SON,East Scotland,0.433,7.062
2027,SON,East Scotland,0.417,7.862
2028,SON,East Scotland,0.366,5.519
2029,SON,East Scotland,0.393,7.350
2030,SON,East Scotland,0.492,7.619
2031,SON,East Scotland,0.384,5.812
2032,SON,East Scotland,0.508,9.225
2033,SON,East Scotland,0.522,10.825
2034,SON,East Scotland,0.401,6.906
2035,SON,East Scotland,0.450,7.763
2036,SON,East Scotland,0.595,9.319
2037,SON,East Scotland,0.486,9.069
2038,SON,East Scotland,0.584,9.919
2039,SON,East Scotland,0.445,8.838
2040,SON,East Scotland,0.447,11.400
2041,SON,East Scotland,0.332,6.131
2042,SON,East Scotland,0.389,6.850
2043,SON,East Scotland,0.330,8.069
2044,SON,East Scotland,0.308,5.306
2045,SON,East Scotland,0.422,9.094
2046,SON,East Scotland,0.489,6.725
2047,SON,East Scotland,0.444,9.812
2048,SON,East Scotland,0.407,6.594
2049,SON,East Scotland,0.338,5.094
2050,SON,East Scotland,0.413,7.606
2051,SON,East Scotland,0.439,6.781
2052,SON,East Scotland,0.431,7.625
2053,SON,East Scotland,0.412,6.237
2054,SON,East Scotland,0.507,8.656
2055,SON,East Scotland,0.380,6.431
2056,SON,East Scotland,0.335,8.219
2057,SON,East Scotland,0.351,7.419
2058,SON,East Scotland,0.481,6.425
2059,SON,East Scotland,0.369,7.381
2060,SON,East Scotland,0.325,5.369
2061,SON,East Scotland,0.453,7.281
2062,SON,East Scotland,0.469,9.875
2063,SON,East Scotland,0.442,5.394
2064,SON,East Scotland,0.454,7.325
2065,SON,East Scotland,0.384,5.256
2066,SON,East Scotland,0.401,5.912
2067,SON,East Scotland,0.465,6.531
2068,SON,East Scotland,0.429,6.987
2069,SON,East Scotland,0.497,9.031
2070,SON,East Scotland,0.397,9.031
2071,SON,East Scotland,0.504,8.262
2072,SON,East Scotland,0.468,8.775
2073,SON,East Scotland,0.443,7.194
2074,SON,East Scotland,0.452,6.456
2075,SON,East Scotland,0.377,6.594
2076,SON,East Scotland,0.431,7.125
2077,SON,East Scotland,0.365,5.975
2078,SON,East Scotland,0.431,7.469
2079,SON,East Scotland,0.511,8.225
2080,SON,East Scotland,0.445,5.844
1981,SON,London,0.223,3.250
1982,SON,London,0.394,6.000
1983,SON,London,0.493,6.833
1984,SON,London,0.304,5.167
1985,SON,London,0.403,5.583
1986,SON,London,0.266,3.750
1987,SON,London,0.419,6.417
1988,SON,London,0.489,7.583
1989,SON,London,0.517,9.333
1990,SON,London,0.413,6.750
1991,SON,London,0.269,4.500
1992,SON,London,0.416,3.333
1993,SON,London,0.367,6.250
1994,SON,London,0.255,4.417
1995,SON,London,0.503,11.333
1996,SON,London,0.390,8.417
1997,SON,London,0.214,5.000
1998,SON,London,0.304,4.750
1999,SON,London,0.375,9.333
2000,SON,London,0.356,5.167
2001,SON,London,0.374,5.750
2002,SON,London,0.263,4.167
2003,SON,London,0.215,5.083
2004,SON,London,0.419,7.167
2005,SON,London,0.388,10.333
2006,SON,London,0.285,3.417
2007,SON,London,0.241,10.000
2008,SON,London,0.305,7.000
2009,SON,London,0.325,5.250
2010,SON,London,0.230,4.917
2011,SON,London,0.298,4.167
2012,SON,London,0.349,3.167
2013,SON,London,0.277,4.167
2014,SON,London,0.289,6.083
2015,SON,London,0.361,4.917
2016,SON,London,0.460,6.083
2017,SON,London,0.250,4.000
2018,SON,London,0.280,4.417
2019,SON,London,0.364,5.667
2020,SON,London,0.320,5.583
2021,SON,London,0.319,5.000
2022,SON,London,0.336,5.167
2023,SON,London,0.353,4.083
2024,SON,London,0.328,4.667
2025,SON,London,0.339,6.000
2026,SON,London,0.358,5.250
2027,SON,London,0.341,7.000
2028,SON,London,0.251,4.833
2029,SON,London,0.269,3.750
2030,SON,London,0.307,8.500
2031,SON,London,0.191,5.000
2032,SON,London,0.383,4.250
2033,SON,London,0.392,7.750
2034,SON,London,0.236,6.667
2035,SON,London,0.409,9.250
2036,SON,London,0.389,6.750
2037,SON,London,0.369,7.667
2038,SON,London,0.419,6.667
2039,SON,London,0.377,9.417
2040,SON,London,0.313,6.667
2041,SON,London,0.218,6.417
2042,SON,London,0.224,6.083
2043,SON,London,0.213,2.500
2044,SON,London,0.156,3.667
2045,SON,London,0.371,6.000
2046,SON,London,0.299,5.667
2047,SON,London,0.317,6.667
2048,SON,London,0.366,5.500
2049,SON,London,0.282,5.583
2050,SON,London,0.215,3.417
2051,SON,London,0.433,7.500
2052,SON,London,0.221,3.500
2053,SON,London,0.305,6.167
2054,SON,London,0.416,6.167
2055,SON,London,0.163,5.500
2056,SON,London,0.161,4.000
2057,SON,London,0.244,4.667
2058,SON,London,0.256,5.250
2059,SON,London,0.231,5.667
2060,SON,London,0.142,2.667
2061,SON,London,0.392,10.417
2062,SON,London,0.262,5.500
2063,SON,London,0.328,5.417
2064,SON,London,0.346,9.000
2065,SON,London,0.268,4.750
2066,SON,London,0.300,5.000
2067,SON,London,0.297,5.583
2068,SON,London,0.334,6.083
2069,SON,London,0.278,3.750
2070,SON,London,0.274,3.083
2071,SON,London,0.380,5.583
2072,SON,London,0.315,4.750
2073,SON,London,0.234,5.833
2074,SON,London,0.256,4.333
2075,SON,London,0.218,3.167
2076,SON,London,0.214,5.000
2077,SON,London,0.281,4.000
2078,SON,London,0.203,4.667
2079,SON,London,0.281,3.250
2080,SON,London,0.217,2.750
1981,SON,North East England,0.332,6.772
1982,SON,North East England,0.377,4.526
1983,SON,North East England,0.543,6.684
1984,SON,North East England,0.401,7.702
1985,SON,North East England,0.451,7.860
1986,SON,North East England,0.373,5.772
1987,SON,North East England,0.432,5.193
1988,SON,North East England,0.466,6.596
1989,SON,North East England,0.564,8.211
1990,SON,North East England,0.456,7.684
1991,SON,North East England,0.358,5.474
1992,SON,North East England,0.489,12.228
1993,SON,North East England,0.349,5.825
1994,SON,North East England,0.393,5.404
1995,SON,North East England,0.529,7.930
1996,SON,North East England,0.466,6.807
1997,SON,North East England,0.250,5.000
1998,SON,North East England,0.375,5.228
1999,SON,North East England,0.432,6.246
2000,SON,North East England,0.387,4.860
2001,SON,North East England,0.375,6.140
2002,SON,North East England,0.285,3.649
2003,SON,North East England,0.294,5.895
2004,SON,North East England,0.427,7.263
2005,SON,North East England,0.347,5.316
2006,SON,North East England,0.414,5.632
2007,SON,North East England,0.359,4.930
2008,SON,North East England,0.414,5.263
2009,SON,North East England,0.332,8.474
2010,SON,North East England,0.302,6.333
2011,SON,North East England,0.363,6.263
2012,SON,North East England,0.412,6.596
2013,SON,North East England,0.352,5.088
2014,SON,North East England,0.394,6.912
2015,SON,North East England,0.368,5.667
2016,SON,North East England,0.542,10.018
2017,SON,North East England,0.256,3.316
2018,SON,North East England,0.352,5.509
2019,SON,North East England,0.392,6.596
2020,SON,North East England,0.391,4.965
2021,SON,North East England,0.382,4.667
2022,SON,North East England,0.454,8.088
2023,SON,North East England,0.359,4.912
2024,SON,North East England,0.398,6.386
2025,SON,North East England,0.413,5.228
2026,SON,North East England,0.418,9.842
2027,SON,North East England,0.342,6.158
2028,SON,North East England,0.352,5.596
2029,SON,North East England,0.374,5.965
2030,SON,North East England,0.463,5.649
2031,SON,North East England,0.339,6.368
2032,SON,North East England,0.398,5.351
2033,SON,North East England,0.466,8.263
2034,SON,North East England,0.374,6.737
2035,SON,North East England,0.413,4.895
2036,SON,North East England,0.465,5.509
2037,SON,North East England,0.408,6.895
2038,SON,North East England,0.469,5.368
2039,SON,North East England,0.401,5.772
2040,SON,North East England,0.377,6.649
2041,SON,North East England,0.286,6.860
2042,SON,North East England,0.355,7.632
2043,SON,North East England,0.293,5.579
2044,SON,North East England,0.252,5.000
2045,SON,North East England,0.393,5.509
2046,SON,North East England,0.425,5.561
2047,SON,North East England,0.422,6.175
2048,SON,North East England,0.412,5.754
2049,SON,North East England,0.313,5.754
2050,SON,North East England,0.335,5.772
2051,SON,North East England,0.410,4.544
2052,SON,North East England,0.342,4.877
2053,SON,North East England,0.382,5.632
2054,SON,North East England,0.472,6.825
2055,SON,North East England,0.295,6.982
2056,SON,North East England,0.286,4.491
2057,SON,North East England,0.309,5.965
2058,SON,North East England,0.372,5.439
2059,SON,North East England,0.276,3.263
2060,SON,North East England,0.212,4.123
2061,SON,North East England,0.390,5.877
2062,SON,North East England,0.347,5.298
2063,SON,North East England,0.359,4.509
2064,SON,North East England,0.333,5.719
2065,SON,North East England,0.321,4.368
2066,SON,North East England,0.311,3.982
2067,SON,North East England,0.355,4.895
2068,SON,North East England,0.395,6.930
2069,SON,North East England,0.383,4.702
2070,SON,North East England,0.351,5.351
2071,SON,North East England,0.406,5.614
2072,SON,North East England,0.394,8.123
2073,SON,North East England,0.392,5.842
2074,SON,North East England,0.392,5.088
2075,SON,North East England,0.313,4.825
2076,SON,North East England,0.324,4.368
2077,SON,North East England,0.376,6.754
2078,SON,North East England,0.313,4.947
2079,SON,North East England,0.382,5.000
2080,SON,North East England,0.344,4.333
1981,SON,North Scotland,0.513,9.264
1982,SON,North Scotland,0.512,7.807
1983,SON,North Scotland,0.708,11.868
1984,SON,North Scotland,0.508,10.127
1985,SON,North Scotland,0.456,6.693
1986,SON,North Scotland,0.483,11.858
1987,SON,North Scotland,0.492,9.137
1988,SON,North Scotland,0.661,13.434
1989,SON,North Scotland,0.631,11.208
1990,SON,North Scotland,0.573,10.854
1991,SON,North Scotland,0.546,8.608
1992,SON,North Scotland,0.594,10.509
1993,SON,North Scotland,0.539,10.344
1994,SON,North Scotland,0.471,7.802
1995,SON,North Scotland,0.639,12.019
1996,SON,North Scotland,0.611,15.373
1997,SON,North Scotland,0.481,7.769
1998,SON,North Scotland,0.469,8.472
1999,SON,North Scotland,0.583,12.368
2000,SON,North Scotland,0.617,14.684
2001,SON,North Scotland,0.450,7.274
2002,SON,North Scotland,0.382,8.198
2003,SON,North Scotland,0.528,10.618
2004,SON,North Scotland,0.510,9.830
2005,SON,North Scotland,0.552,9.052
2006,SON,North Scotland,0.569,12.453
2007,SON,North Scotland,0.560,10.184
2008,SON,North Scotland,0.593,10.693
2009,SON,North Scotland,0.527,10.769
2010,SON,North Scotland,0.487,8.090
2011,SON,North Scotland,0.413,8.038
2012,SON,North Scotland,0.646,17.241
2013,SON,North Scotland,0.411,10.448
2014,SON,North Scotland,0.515,9.566
2015,SON,North Scotland,0.560,9.509
2016,SON,North Scotland,0.652,9.453
2017,SON,North Scotland,0.434,9.802
2018,SON,North Scotland,0.538,10.123
2019,SON,North Scotland,0.559,10.882
2020,SON,North Scotland,0.604,11.708
2021,SON,North Scotland,0.602,10.835
2022,SON,North Scotland,0.495,8.307
2023,SON,North Scotland,0.574,11.090
2024,SON,North Scotland,0.669,13.042
2025,SON,North Scotland,0.601,12.491
2026,SON,North Scotland,0.491,8.637
2027,SON,North Scotland,0.440,9.368
2028,SON,North Scotland,0.512,7.387
2029,SON,North Scotland,0.596,10.698
2030,SON,North Scotland,0.561,12.986
2031,SON,North Scotland,0.561,9.712
2032,SON,North Scotland,0.535,9.892
2033,SON,North Scotland,0.631,12.604
2034,SON,North Scotland,0.428,6.259
2035,SON,North Scotland,0.566,9.896
2036,SON,North Scotland,0.638,11.788
2037,SON,North Scotland,0.580,14.807
2038,SON,North Scotland,0.682,13.906
2039,SON,North Scotland,0.473,9.132
2040,SON,North Scotland,0.580,19.132
2041,SON,North Scotland,0.437,7.939
2042,SON,North Scotland,0.566,10.005
2043,SON,North Scotland,0.450,8.689
2044,SON,North Scotland,0.476,7.764
2045,SON,North Scotland,0.483,11.354
2046,SON,North Scotland,0.521,8.731
2047,SON,North Scotland,0.611,14.160
2048,SON,North Scotland,0.509,8.571
2049,SON,North Scotland,0.528,9.561
2050,SON,North Scotland,0.547,10.443
2051,SON,North Scotland,0.598,11.915
2052,SON,North Scotland,0.591,17.278
2053,SON,North Scotland,0.519,10.429
2054,SON,North Scotland,0.614,13.330
2055,SON,North Scotland,0.503,7.816
2056,SON,North Scotland,0.525,9.377
2057,SON,North Scotland,0.447,9.038
2058,SON,North Scotland,0.676,11.689
2059,SON,North Scotland,0.549,11.203
2060,SON,North Scotland,0.491,9.708
2061,SON,North Scotland,0.549,10.557
2062,SON,North Scotland,0.584,10.429
2063,SON,North Scotland,0.613,10.349
2064,SON,North Scotland,0.607,11.269
2065,SON,North Scotland,0.433,8.505
2066,SON,North Scotland,0.467,6.915
2067,SON,North Scotland,0.663,13.335
2068,SON,North Scotland,0.510,10.731
2069,SON,North Scotland,0.643,10.387
2070,SON,North Scotland,0.511,9.514
2071,SON,North Scotland,0.655,16.000
2072,SON,North Scotland,0.654,12.382
2073,SON,North Scotland,0.509,8.462
2074,SON,North Scotland,0.607,10.057
2075,SON,North Scotland,0.507,11.712
2076,SON,North Scotland,0.574,8.387
2077,SON,North Scotland,0.473,8.217
2078,SON,North Scotland,0.523,10.165
2079,SON,North Scotland,0.641,12.627
2080,SON,North Scotland,0.534,9.019
1981,SON,North West England,0.385,10.516
1982,SON,North West England,0.468,6.903
1983,SON,North West England,0.644,9.946
1984,SON,North West England,0.431,9.731
1985,SON,North West England,0.451,8.183
1986,SON,North West England,0.387,5.667
1987,SON,North West England,0.438,7.581
1988,SON,North West England,0.629,12.247
1989,SON,North West England,0.665,9.516
1990,SON,North West England,0.463,7.280
1991,SON,North West England,0.430,12.817
1992,SON,North West England,0.550,13.559
1993,SON,North West England,0.413,9.054
1994,SON,North West England,0.461,10.054
1995,SON,North West England,0.642,9.376
1996,SON,North West England,0.568,10.215
1997,SON,North West England,0.216,3.860
1998,SON,North West England,0.421,6.710
1999,SON,North West England,0.506,10.032
2000,SON,North West England,0.482,8.430
2001,SON,North West England,0.359,12.054
2002,SON,North West England,0.295,4.559
2003,SON,North West England,0.272,6.946
2004,SON,North West England,0.507,8.796
2005,SON,North West England,0.459,9.817
2006,SON,North West England,0.516,8.505
2007,SON,North West England,0.430,9.140
2008,SON,North West England,0.457,8.763
2009,SON,North West England,0.384,13.849
2010,SON,North West England,0.359,10.591
2011,SON,North West England,0.324,7.043
2012,SON,North West England,0.584,11.452
2013,SON,North West England,0.382,6.742
2014,SON,North West England,0.370,7.452
2015,SON,North West England,0.511,6.462
2016,SON,North West England,0.652,12.204
2017,SON,North West England,0.276,4.366
2018,SON,North West England,0.421,8.473
2019,SON,North West England,0.481,8.387
2020,SON,North West England,0.400,6.247
2021,SON,North West England,0.508,9.667
2022,SON,North West England,0.411,6.505
2023,SON,North West England,0.404,6.194
2024,SON,North West England,0.535,9.753
2025,SON,North West England,0.487,9.989
2026,SON,North West England,0.473,12.978
2027,SON,North West England,0.462,9.763
2028,SON,North West England,0.389,8.527
2029,SON,North West England,0.386,7.387
2030,SON,North West England,0.548,10.269
2031,SON,North West England,0.343,7.140
2032,SON,North West England,0.481,6.269
2033,SON,North West England,0.539,10.785
2034,SON,North West England,0.369,6.527
2035,SON,North West England,0.570,8.430
2036,SON,North West England,0.534,9.108
2037,SON,North West England,0.506,9.387
2038,SON,North West England,0.633,9.548
2039,SON,North West England,0.419,8.785
2040,SON,North West England,0.485,11.849
2041,SON,North West England,0.359,5.968
2042,SON,North West England,0.470,12.333
2043,SON,North West England,0.332,7.828
2044,SON,North West England,0.289,5.054
2045,SON,North West England,0.474,8.344
2046,SON,North West England,0.490,7.903
2047,SON,North West England,0.496,11.290
2048,SON,North West England,0.526,9.419
2049,SON,North West England,0.385,6.269
2050,SON,North West England,0.448,9.978
2051,SON,North West England,0.554,9.011
2052,SON,North West England,0.417,6.344
2053,SON,North West England,0.477,8.484
2054,SON,North West England,0.579,10.312
2055,SON,North West England,0.301,7.011
2056,SON,North West England,0.338,5.226
2057,SON,North West England,0.361,7.226
2058,SON,North West England,0.546,7.720
2059,SON,North West England,0.391,6.118
2060,SON,North West England,0.312,7.559
2061,SON,North West England,0.474,12.366
2062,SON,North West England,0.450,10.151
2063,SON,North West England,0.519,9.591
2064,SON,North West England,0.488,11.430
2065,SON,North West England,0.405,6.323
2066,SON,North West England,0.398,6.710
2067,SON,North West England,0.516,7.946
2068,SON,North West England,0.480,11.581
2069,SON,North West England,0.585,10.409
2070,SON,North West England,0.411,8.527
2071,SON,North West England,0.536,11.269
2072,SON,North West England,0.537,10.925
2073,SON,North West England,0.487,9.226
2074,SON,North West England,0.516,7.204
2075,SON,North West England,0.438,7.419
2076,SON,North West England,0.391,6.742
2077,SON,North West England,0.420,8.280
2078,SON,North West England,0.379,7.871
2079,SON,North West England,0.504,8.914
2080,SON,North West England,0.400,5.011
1981,SON,South East England,0.224,4.068
1982,SON,South East England,0.371,6.415
1983,SON,South East England,0.478,9.110
1984,SON,South East England,0.300,4.966
1985,SON,South East England,0.410,7.712
1986,SON,South East England,0.243,4.280
1987,SON,South East England,0.391,5.992
1988,SON,South East England,0.479,6.873
1989,SON,South East England,0.533,8.907
1990,SON,South East England,0.395,6.508
1991,SON,South East England,0.265,3.907
1992,SON,South East England,0.386,4.169
1993,SON,South East England,0.370,6.424
1994,SON,South East England,0.293,5.559
1995,SON,South East England,0.450,7.263
1996,SON,South East England,0.419,8.407
1997,SON,South East England,0.198,4.119
1998,SON,South East England,0.334,5.000
1999,SON,South East England,0.383,7.619
2000,SON,South East England,0.338,5.373
2001,SON,South East England,0.318,5.458
2002,SON,South East England,0.236,4.458
2003,SON,South East England,0.185,4.441
2004,SON,South East England,0.424,6.754
2005,SON,South East England,0.381,11.390
2006,SON,South East England,0.295,4.881
2007,SON,South East England,0.251,10.051
2008,SON,South East England,0.289,6.924
2009,SON,South East England,0.297,4.678
2010,SON,South East England,0.214,4.619
2011,SON,South East England,0.272,5.432
2012,SON,South East England,0.383,4.102
2013,SON,South East England,0.285,4.805
2014,SON,South East England,0.287,6.220
2015,SON,South East England,0.340,5.322
2016,SON,South East England,0.450,8.678
2017,SON,South East England,0.270,4.822
2018,SON,South East England,0.248,5.017
2019,SON,South East England,0.326,4.941
2020,SON,South East England,0.307,5.093
2021,SON,South East England,0.313,5.915
2022,SON,South East England,0.339,5.763
2023,SON,South East England,0.318,4.347
2024,SON,South East England,0.334,6.331
2025,SON,South East England,0.335,5.483
2026,SON,South East England,0.355,4.525
2027,SON,South East England,0.316,6.822
2028,SON,South East England,0.257,4.771
2029,SON,South East England,0.269,4.754
2030,SON,South East England,0.309,6.415
2031,SON,South East England,0.193,3.966
2032,SON,South East England,0.384,4.356
2033,SON,South East England,0.372,7.754
2034,SON,South East England,0.214,6.593
2035,SON,South East England,0.414,8.424
2036,SON,South East England,0.380,6.407
2037,SON,South East England,0.404,8.263
2038,SON,South East England,0.406,5.280
2039,SON,South East England,0.354,8.000
2040,SON,South East England,0.310,6.890
2041,SON,South East England,0.237,6.119
2042,SON,South East England,0.239,6.042
2043,SON,South East England,0.231,3.144
2044,SON,South East England,0.171,4.788
2045,SON,South East England,0.362,6.424
2046,SON,South East England,0.327,5.161
2047,SON,South East England,0.334,6.119
2048,SON,South East England,0.346,5.390
2049,SON,South East England,0.279,4.153
2050,SON,South East England,0.213,3.729
2051,SON,South East England,0.431,7.068
2052,SON,South East England,0.205,2.992
2053,SON,South East England,0.316,6.627
2054,SON,South East England,0.416,6.805
2055,SON,South East England,0.130,5.271
2056,SON,South East England,0.146,3.754
2057,SON,South East England,0.240,3.907
2058,SON,South East England,0.255,5.186
2059,SON,South East England,0.214,4.746
2060,SON,South East England,0.160,2.644
2061,SON,South East England,0.392,8.161
2062,SON,South East England,0.275,6.441
2063,SON,South East England,0.325,5.280
2064,SON,South East England,0.355,8.788
2065,SON,South East England,0.275,4.746
2066,SON,South East England,0.296,5.347
2067,SON,South East England,0.299,5.110
2068,SON,South East England,0.339,5.780
2069,SON,South East England,0.291,4.178
2070,SON,South East England,0.266,3.169
2071,SON,South East England,0.356,4.424
2072,SON,South East England,0.298,4.780
2073,SON,South East England,0.240,5.619
2074,SON,South East England,0.277,4.907
2075,SON,South East England,0.228,2.780
2076,SON,South East England,0.226,4.941
2077,SON,South East England,0.273,4.212
2078,SON,South East England,0.198,4.432
2079,SON,South East England,0.270,3.831
2080,SON,South East England,0.242,2.915
1981,SON,South West England,0.262,5.167
1982,SON,South West England,0.417,7.282
1983,SON,South West England,0.500,7.974
1984,SON,South West England,0.359,6.788
1985,SON,South West England,0.421,10.288
1986,SON,South West England,0.290,4.724
1987,SON,South West England,0.397,5.429
1988,SON,South West England,0.478,6.128
1989,SON,South West England,0.571,11.718
1990,SON,South West England,0.452,8.013
1991,SON,South West England,0.251,3.647
1992,SON,South West England,0.413,6.814
1993,SON,South West England,0.377,9.346
1994,SON,South West England,0.394,8.038
1995,SON,South West England,0.507,7.564
1996,SON,South West England,0.454,7.654
1997,SON,South West England,0.175,3.628
1998,SON,South West England,0.334,4.814
1999,SON,South West England,0.424,8.814
2000,SON,South West England,0.326,5.051
2001,SON,South West England,0.293,6.045
2002,SON,South West England,0.240,4.250
2003,SON,South West England,0.200,4.731
2004,SON,South West England,0.430,5.840
2005,SON,South West England,0.386,10.712
2006,SON,South West England,0.371,6.962
2007,SON,South West England,0.321,10.699
2008,SON,South West England,0.313,6.929
2009,SON,South West England,0.312,5.679
2010,SON,South West England,0.233,6.532
2011,SON,South West England,0.246,5.417
2012,SON,South West England,0.434,5.737
2013,SON,South West England,0.320,4.731
2014,SON,South West England,0.271,8.167
2015,SON,South West England,0.373,5.045
2016,SON,South West England,0.495,11.423
2017,SON,South West England,0.287,6.058
2018,SON,South West England,0.250,5.878
2019,SON,South West England,0.382,5.686
2020,SON,South West England,0.362,6.346
2021,SON,South West England,0.330,7.333
2022,SON,South West England,0.378,5.506
2023,SON,South West England,0.330,4.872
2024,SON,South West England,0.328,10.096
2025,SON,South West England,0.393,5.571
2026,SON,South West England,0.403,5.686
2027,SON,South West England,0.351,7.744
2028,SON,South West England,0.272,5.096
2029,SON,South West England,0.306,5.872
2030,SON,South West England,0.354,5.904
2031,SON,South West England,0.222,3.590
2032,SON,South West England,0.433,6.487
2033,SON,South West England,0.418,8.506
2034,SON,South West England,0.258,9.840
2035,SON,South West England,0.439,7.391
2036,SON,South West England,0.402,7.314
2037,SON,South West England,0.435,6.853
2038,SON,South West England,0.467,5.750
2039,SON,South West England,0.402,9.795
2040,SON,South West England,0.367,8.962
2041,SON,South West England,0.260,5.436
2042,SON,South West England,0.255,5.994
2043,SON,South West England,0.265,5.949
2044,SON,South West England,0.164,6.282
2045,SON,South West England,0.384,5.994
2046,SON,South West England,0.388,6.647
2047,SON,South West England,0.342,6.692
2048,SON,South West England,0.379,6.058
2049,SON,South West England,0.245,4.096
2050,SON,South West England,0.246,4.449
2051,SON,South West England,0.442,8.019
2052,SON,South West England,0.223,4.987
2053,SON,South West England,0.332,7.122
2054,SON,South West England,0.417,4.603
2055,SON,South West England,0.139,5.179
2056,SON,South West England,0.180,3.833
2057,SON,South West England,0.271,4.808
2058,SON,South West England,0.300,5.064
2059,SON,South West England,0.211,4.006
2060,SON,South West England,0.227,4.212
2061,SON,South West England,0.414,7.263
2062,SON,South West England,0.283,5.224
2063,SON,South West England,0.367,7.359
2064,SON,South West England,0.423,9.167
2065,SON,South West England,0.351,5.744
2066,SON,South West England,0.323,8.462
2067,SON,South West England,0.321,4.301
2068,SON,South West England,0.366,7.853
2069,SON,South West England,0.426,7.173
2070,SON,South West England,0.313,4.288
2071,SON,South West England,0.432,6.872
2072,SON,South West England,0.383,7.853
2073,SON,South West England,0.313,5.353
2074,SON,South West England,0.371,5.410
2075,SON,South West England,0.324,3.590
2076,SON,South West England,0.222,4.994
2077,SON,South West England,0.298,5.372
2078,SON,South West England,0.256,4.378
2079,SON,South West England,0.296,3.801
2080,SON,South West England,0.280,3.327
1981,SON,West Midlands,0.272,5.151
1982,SON,West Midlands,0.448,6.477
1983,SON,West Midlands,0.500,6.581
1984,SON,West Midlands,0.355,6.756
1985,SON,West Midlands,0.411,11.547
1986,SON,West Midlands,0.290,7.488
1987,SON,West Midlands,0.373,5.360
1988,SON,West Midlands,0.482,6.140
1989,SON,West Midlands,0.543,7.744
1990,SON,West Midlands,0.428,6.733
1991,SON,West Midlands,0.279,6.337
1992,SON,West Midlands,0.409,6.140
1993,SON,West Midlands,0.361,6.442
1994,SON,West Midlands,0.352,4.988
1995,SON,West Midlands,0.474,6.756
1996,SON,West Midlands,0.430,6.407
1997,SON,West Midlands,0.203,4.314
1998,SON,West Midlands,0.359,5.279
1999,SON,West Midlands,0.476,10.047
2000,SON,West Midlands,0.354,5.965
2001,SON,West Midlands,0.334,6.209
2002,SON,West Midlands,0.227,5.012
2003,SON,West Midlands,0.199,3.640
2004,SON,West Midlands,0.482,6.477
2005,SON,West Midlands,0.401,10.395
2006,SON,West Midlands,0.326,4.640
2007,SON,West Midlands,0.278,8.477
2008,SON,West Midlands,0.322,6.244
2009,SON,West Midlands,0.290,4.744
2010,SON,West Midlands,0.230,4.628
2011,SON,West Midlands,0.265,4.593
2012,SON,West Midlands,0.358,4.930
2013,SON,West Midlands,0.304,4.581
2014,SON,West Midlands,0.265,5.651
2015,SON,West Midlands,0.342,4.326
2016,SON,West Midlands,0.486,7.721
2017,SON,West Midlands,0.238,4.419
2018,SON,West Midlands,0.292,4.733
2019,SON,West Midlands,0.310,5.000
2020,SON,West Midlands,0.358,6.116
2021,SON,West Midlands,0.298,4.593
2022,SON,West Midlands,0.333,5.372
2023,SON,West Midlands,0.300,3.593
2024,SON,West Midlands,0.338,7.942
2025,SON,West Midlands,0.357,5.244
2026,SON,West Midlands,0.406,6.244
2027,SON,West Midlands,0.338,6.814
2028,SON,West Midlands,0.289,5.151
2029,SON,West Midlands,0.300,4.198
2030,SON,West Midlands,0.362,7.000
2031,SON,West Midlands,0.208,4.988
2032,SON,West Midlands,0.440,5.047
2033,SON,West Midlands,0.379,6.093
2034,SON,West Midlands,0.269,5.953
2035,SON,West Midlands,0.448,5.186
2036,SON,West Midlands,0.431,7.698
2037,SON,West Midlands,0.396,6.116
2038,SON,West Midlands,0.454,5.640
2039,SON,West Midlands,0.360,6.570
2040,SON,West Midlands,0.345,6.826
2041,SON,West Midlands,0.261,6.465
2042,SON,West Midlands,0.289,6.000
2043,SON,West Midlands,0.266,4.942
2044,SON,West Midlands,0.186,6.221
2045,SON,West Midlands,0.345,4.465
2046,SON,West Midlands,0.378,6.198
2047,SON,West Midlands,0.407,8.837
2048,SON,West Midlands,0.371,5.000
2049,SON,West Midlands,0.292,4.047
2050,SON,West Midlands,0.253,4.395
2051,SON,West Midlands,0.435,7.860
2052,SON,West Midlands,0.224,2.802
2053,SON,West Midlands,0.355,5.709
2054,SON,West Midlands,0.430,4.919
2055,SON,West Midlands,0.150,5.314
2056,SON,West Midlands,0.168,3.372
2057,SON,West Midlands,0.239,4.360
2058,SON,West Midlands,0.294,4.500
2059,SON,West Midlands,0.216,3.326
2060,SON,West Midlands,0.192,2.640
2061,SON,West Midlands,0.427,8.419
2062,SON,West Midlands,0.302,6.151
2063,SON,West Midlands,0.354,5.221
2064,SON,West Midlands,0.402,9.709
2065,SON,West Midlands,0.346,4.570
2066,SON,West Midlands,0.307,5.605
2067,SON,West Midlands,0.356,5.930
2068,SON,West Midlands,0.371,5.965
2069,SON,West Midlands,0.407,5.372
2070,SON,West Midlands,0.280,3.512
2071,SON,West Midlands,0.367,5.000
2072,SON,West Midlands,0.337,5.884
2073,SON,West Midlands,0.293,5.023
2074,SON,West Midlands,0.358,4.442
2075,SON,West Midlands,0.298,4.779
2076,SON,West Midlands,0.231,4.686
2077,SON,West Midlands,0.289,5.140
2078,SON,West Midlands,0.246,4.919
2079,SON,West Midlands,0.306,3.349
2080,SON,West Midlands,0.286,3.628
1981,SON,West Scotland,0.509,9.341
1982,SON,West Scotland,0.444,6.205
1983,SON,West Scotland,0.653,10.515
1984,SON,West Scotland,0.487,9.826
1985,SON,West Scotland,0.432,6.780
1986,SON,West Scotland,0.452,7.386
1987,SON,West Scotland,0.467,9.765
1988,SON,West Scotland,0.630,13.758
1989,SON,West Scotland,0.622,10.288
1990,SON,West Scotland,0.480,8.258
1991,SON,West Scotland,0.477,11.750
1992,SON,West Scotland,0.563,12.886
1993,SON,West Scotland,0.496,9.083
1994,SON,West Scotland,0.513,11.515
1995,SON,West Scotland,0.579,11.992
1996,SON,West Scotland,0.620,13.667
1997,SON,West Scotland,0.295,3.606
1998,SON,West Scotland,0.433,5.795
1999,SON,West Scotland,0.526,13.144
2000,SON,West Scotland,0.561,10.197
2001,SON,West Scotland,0.390,7.811
2002,SON,West Scotland,0.316,6.205
2003,SON,West Scotland,0.330,8.667
2004,SON,West Scotland,0.502,8.902
2005,SON,West Scotland,0.468,7.902
2006,SON,West Scotland,0.571,10.273
2007,SON,West Scotland,0.451,8.371
2008,SON,West Scotland,0.467,7.841
2009,SON,West Scotland,0.391,12.568
2010,SON,West Scotland,0.414,7.576
2011,SON,West Scotland,0.344,4.833
2012,SON,West Scotland,0.599,11.379
2013,SON,West Scotland,0.434,10.909
2014,SON,West Scotland,0.464,10.303
2015,SON,West Scotland,0.533,8.144
2016,SON,West Scotland,0.697,9.356
2017,SON,West Scotland,0.361,5.530
2018,SON,West Scotland,0.459,6.023
2019,SON,West Scotland,0.560,8.879
2020,SON,West Scotland,0.523,10.773
2021,SON,West Scotland,0.598,10.045
2022,SON,West Scotland,0.451,7.682
2023,SON,West Scotland,0.442,6.424
2024,SON,West Scotland,0.576,9.758
2025,SON,West Scotland,0.539,13.152
2026,SON,West Scotland,0.466,9.606
2027,SON,West Scotland,0.494,10.561
2028,SON,West Scotland,0.432,8.568
2029,SON,West Scotland,0.469,10.947
2030,SON,West Scotland,0.556,9.530
2031,SON,West Scotland,0.425,8.015
2032,SON,West Scotland,0.545,10.735
2033,SON,West Scotland,0.577,14.197
2034,SON,West Scotland,0.370,5.720
2035,SON,West Scotland,0.581,9.348
2036,SON,West Scotland,0.639,10.568
2037,SON,West Scotland,0.570,11.348
2038,SON,West Scotland,0.666,14.045
2039,SON,West Scotland,0.455,9.492
2040,SON,West Scotland,0.552,16.083
2041,SON,West Scotland,0.414,5.864
2042,SON,West Scotland,0.473,9.765
2043,SON,West Scotland,0.390,7.894
2044,SON,West Scotland,0.357,5.939
2045,SON,West Scotland,0.522,11.447
2046,SON,West Scotland,0.526,8.015
2047,SON,West Scotland,0.529,11.902
2048,SON,West Scotland,0.494,11.947
2049,SON,West Scotland,0.399,6.538
2050,SON,West Scotland,0.516,9.008
2051,SON,West Scotland,0.554,9.515
2052,SON,West Scotland,0.520,9.750
2053,SON,West Scotland,0.484,10.136
2054,SON,West Scotland,0.591,12.561
2055,SON,West Scotland,0.417,6.750
2056,SON,West Scotland,0.427,8.811
2057,SON,West Scotland,0.395,10.083
2058,SON,West Scotland,0.626,11.318
2059,SON,West Scotland,0.470,8.500
2060,SON,West Scotland,0.429,8.030
2061,SON,West Scotland,0.505,11.348
2062,SON,West Scotland,0.573,12.591
2063,SON,West Scotland,0.544,7.659
2064,SON,West Scotland,0.586,11.182
2065,SON,West Scotland,0.461,7.659
2066,SON,West Scotland,0.449,7.773
2067,SON,West Scotland,0.566,9.841
2068,SON,West Scotland,0.466,9.205
2069,SON,West Scotland,0.601,11.568
2070,SON,West Scotland,0.435,11.386
2071,SON,West Scotland,0.602,11.750
2072,SON,West Scotland,0.616,11.621
2073,SON,West Scotland,0.515,10.341
2074,SON,West Scotland,0.556,7.212
2075,SON,West Scotland,0.463,11.561
2076,SON,West Scotland,0.480,6.568
2077,SON,West Scotland,0.439,8.530
2078,SON,West Scotland,0.510,9.485
2079,SON,West Scotland,0.587,13.045
2080,SON,West Scotland,0.513,7.091
1981,SON,Yorkshire and Humber,0.336,8.139
1982,SON,Yorkshire and Humber,0.402,5.436
1983,SON,Yorkshire and Humber,0.527,7.772
1984,SON,Yorkshire and Humber,0.359,6.614
1985,SON,Yorkshire and Humber,0.426,8.574
1986,SON,Yorkshire and Humber,0.312,4.921
1987,SON,Yorkshire and Humber,0.377,5.515
1988,SON,Yorkshire and Humber,0.487,6.881
1989,SON,Yorkshire and Humber,0.553,6.960
1990,SON,Yorkshire and Humber,0.415,5.337
1991,SON,Yorkshire and Humber,0.320,6.079
1992,SON,Yorkshire and Humber,0.466,9.327
1993,SON,Yorkshire and Humber,0.320,5.040
1994,SON,Yorkshire and Humber,0.394,5.911
1995,SON,Yorkshire and Humber,0.491,7.713
1996,SON,Yorkshire and Humber,0.446,6.168
1997,SON,Yorkshire and Humber,0.224,4.980
1998,SON,Yorkshire and Humber,0.361,5.604
1999,SON,Yorkshire and Humber,0.417,8.030
2000,SON,Yorkshire and Humber,0.382,5.406
2001,SON,Yorkshire and Humber,0.375,8.030
2002,SON,Yorkshire and Humber,0.264,4.386
2003,SON,Yorkshire and Humber,0.248,3.931
2004,SON,Yorkshire and Humber,0.449,6.238
2005,SON,Yorkshire and Humber,0.397,9.069
2006,SON,Yorkshire and Humber,0.399,7.297
2007,SON,Yorkshire and Humber,0.324,5.366
2008,SON,Yorkshire and Humber,0.327,5.703
2009,SON,Yorkshire and Humber,0.344,8.545
2010,SON,Yorkshire and Humber,0.274,5.030
2011,SON,Yorkshire and Humber,0.325,5.941
2012,SON,Yorkshire and Humber,0.426,6.188
2013,SON,Yorkshire and Humber,0.358,5.743
2014,SON,Yorkshire and Humber,0.339,6.287
2015,SON,Yorkshire and Humber,0.351,4.634
2016,SON,Yorkshire and Humber,0.511,9.099
2017,SON,Yorkshire and Humber,0.232,3.238
2018,SON,Yorkshire and Humber,0.333,7.158
2019,SON,Yorkshire and Humber,0.327,4.772
2020,SON,Yorkshire and Humber,0.366,5.347
2021,SON,Yorkshire and Humber,0.337,5.198
2022,SON,Yorkshire and Humber,0.416,8.901
2023,SON,Yorkshire and Humber,0.342,5.446
2024,SON,Yorkshire and Humber,0.382,6.693
2025,SON,Yorkshire and Humber,0.389,5.733
2026,SON,Yorkshire and Humber,0.370,8.653
2027,SON,Yorkshire and Humber,0.330,6.119
2028,SON,Yorkshire and Humber,0.294,5.554
2029,SON,Yorkshire and Humber,0.326,4.673
2030,SON,Yorkshire and Humber,0.406,5.535
2031,SON,Yorkshire and Humber,0.278,5.554
2032,SON,Yorkshire and Humber,0.380,5.119
2033,SON,Yorkshire and Humber,0.393,5.733
2034,SON,Yorkshire and Humber,0.329,4.802
2035,SON,Yorkshire and Humber,0.411,5.416
2036,SON,Yorkshire and Humber,0.431,5.574
2037,SON,Yorkshire and Humber,0.406,7.257
2038,SON,Yorkshire and Humber,0.482,5.842
2039,SON,Yorkshire and Humber,0.369,5.574
2040,SON,Yorkshire and Humber,0.367,7.515
2041,SON,Yorkshire and Humber,0.252,6.505
2042,SON,Yorkshire and Humber,0.352,8.317
2043,SON,Yorkshire and Humber,0.254,5.337
2044,SON,Yorkshire and Humber,0.231,4.911
2045,SON,Yorkshire and Humber,0.369,5.020
2046,SON,Yorkshire and Humber,0.377,5.634
2047,SON,Yorkshire and Humber,0.410,6.733
2048,SON,Yorkshire and Humber,0.398,5.990
2049,SON,Yorkshire and Humber,0.308,5.307
2050,SON,Yorkshire and Humber,0.317,6.040
2051,SON,Yorkshire and Humber,0.395,4.990
2052,SON,Yorkshire and Humber,0.265,3.079
2053,SON,Yorkshire and Humber,0.359,5.980
2054,SON,Yorkshire and Humber,0.454,5.950
2055,SON,Yorkshire and Humber,0.217,5.475
2056,SON,Yorkshire and Humber,0.252,4.099
2057,SON,Yorkshire and Humber,0.275,5.277
2058,SON,Yorkshire and Humber,0.311,4.941
2059,SON,Yorkshire and Humber,0.259,3.218
2060,SON,Yorkshire and Humber,0.203,3.653
2061,SON,Yorkshire and Humber,0.425,9.545
2062,SON,Yorkshire and Humber,0.323,5.703
2063,SON,Yorkshire and Humber,0.374,4.733
2064,SON,Yorkshire and Humber,0.374,8.228
2065,SON,Yorkshire and Humber,0.320,3.772
2066,SON,Yorkshire and Humber,0.296,4.386
2067,SON,Yorkshire and Humber,0.368,5.168
2068,SON,Yorkshire and Humber,0.407,9.663
2069,SON,Yorkshire and Humber,0.378,5.347
2070,SON,Yorkshire and Humber,0.315,4.228
2071,SON,Yorkshire and Humber,0.382,6.267
2072,SON,Yorkshire and Humber,0.367,7.079
2073,SON,Yorkshire and Humber,0.357,7.010
2074,SON,Yorkshire and Humber,0.370,5.455
2075,SON,Yorkshire and Humber,0.281,5.228
2076,SON,Yorkshire and Humber,0.282,4.901
2077,SON,Yorkshire and Humber,0.307,4.911
2078,SON,Yorkshire and Humber,0.264,5.010
2079,SON,Yorkshire and Humber,0.361,4.901
2080,SON,Yorkshire and Humber,0.301,3.752
1981,SON,Channel Islands,0.217,4.500
1982,SON,Channel Islands,0.383,6.000
1983,SON,Channel Islands,0.483,6.500
1984,SON,Channel Islands,0.267,4.500
1985,SON,Channel Islands,0.406,7.500
1986,SON,Channel Islands,0.233,4.000
1987,SON,Channel Islands,0.406,8.500
1988,SON,Channel Islands,0.494,7.000
1989,SON,Channel Islands,0.600,15.000
1990,SON,Channel Islands,0.439,6.000
1991,SON,Channel Islands,0.250,4.500
1992,SON,Channel Islands,0.367,5.000
1993,SON,Channel Islands,0.394,9.500
1994,SON,Channel Islands,0.267,4.500
1995,SON,Channel Islands,0.439,9.500
1996,SON,Channel Islands,0.472,6.500
1997,SON,Channel Islands,0.139,2.000
1998,SON,Channel Islands,0.317,9.000
1999,SON,Channel Islands,0.328,7.000
2000,SON,Channel Islands,0.344,9.000
2001,SON,Channel Islands,0.311,4.500
2002,SON,Channel Islands,0.228,5.000
2003,SON,Channel Islands,0.217,6.000
2004,SON,Channel Islands,0.444,8.500
2005,SON,Channel Islands,0.367,8.000
2006,SON,Channel Islands,0.317,6.000
2007,SON,Channel Islands,0.322,8.000
2008,SON,Channel Islands,0.328,6.000
2009,SON,Channel Islands,0.300,6.000
2010,SON,Channel Islands,0.256,5.000
2011,SON,Channel Islands,0.261,5.000
2012,SON,Channel Islands,0.372,3.000
2013,SON,Channel Islands,0.322,5.000
2014,SON,Channel Islands,0.306,5.000
2015,SON,Channel Islands,0.333,5.500
2016,SON,Channel Islands,0.411,6.000
2017,SON,Channel Islands,0.294,3.500
2018,SON,Channel Islands,0.233,4.500
2019,SON,Channel Islands,0.317,4.000
2020,SON,Channel Islands,0.294,5.000
2021,SON,Channel Islands,0.339,5.500
2022,SON,Channel Islands,0.406,7.000
2023,SON,Channel Islands,0.333,4.000
2024,SON,Channel Islands,0.317,4.000
2025,SON,Channel Islands,0.317,4.000
2026,SON,Channel Islands,0.317,4.000
2027,SON,Channel Islands,0.322,6.000
2028,SON,Channel Islands,0.261,6.000
2029,SON,Channel Islands,0.289,4.000
2030,SON,Channel Islands,0.317,5.000
2031,SON,Channel Islands,0.178,3.000
2032,SON,Channel Islands,0.361,5.500
2033,SON,Channel Islands,0.450,7.000
2034,SON,Channel Islands,0.206,7.000
2035,SON,Channel Islands,0.394,11.000
2036,SON,Channel Islands,0.367,5.000
2037,SON,Channel Islands,0.372,6.000
2038,SON,Channel Islands,0.444,9.000
2039,SON,Channel Islands,0.339,10.000
2040,SON,Channel Islands,0.306,5.500
2041,SON,Channel Islands,0.278,5.500
2042,SON,Channel Islands,0.267,8.000
2043,SON,Channel Islands,0.256,6.000
2044,SON,Channel Islands,0.183,3.000
2045,SON,Channel Islands,0.361,7.000
2046,SON,Channel Islands,0.328,7.500
2047,SON,Channel Islands,0.261,4.000
2048,SON,Channel Islands,0.339,5.000
2049,SON,Channel Islands,0.194,5.000
2050,SON,Channel Islands,0.250,3.000
2051,SON,Channel Islands,0.461,10.000
2052,SON,Channel Islands,0.261,5.500
2053,SON,Channel Islands,0.328,6.000
2054,SON,Channel Islands,0.489,9.500
2055,SON,Channel Islands,0.128,2.000
2056,SON,Channel Islands,0.156,4.000
2057,SON,Channel Islands,0.244,5.000
2058,SON,Channel Islands,0.261,5.000
2059,SON,Channel Islands,0.217,4.000
2060,SON,Channel Islands,0.211,5.000
2061,SON,Channel Islands,0.356,4.500
2062,SON,Channel Islands,0.261,6.000
2063,SON,Channel Islands,0.300,6.000
2064,SON,Channel Islands,0.311,6.000
2065,SON,Channel Islands,0.317,9.500
2066,SON,Channel Islands,0.333,7.000
2067,SON,Channel Islands,0.217,4.000
2068,SON,Channel Islands,0.311,5.500
2069,SON,Channel Islands,0.350,7.000
2070,SON,Channel Islands,0.272,4.000
2071,SON,Channel Islands,0.350,3.500
2072,SON,Channel Islands,0.311,4.000
2073,SON,Channel Islands,0.228,3.500
2074,SON,Channel Islands,0.244,4.500
2075,SON,Channel Islands,0.261,4.000
2076,SON,Channel Islands,0.267,7.000
2077,SON,Channel Islands,0.300,4.500
2078,SON,Channel Islands,0.217,4.500
2079,SON,Channel Islands,0.239,3.500
2080,SON,Channel Islands,0.256,6.500
1981,SON,Isle of Man,0.296,4.000
1982,SON,Isle of Man,0.419,5.000
1983,SON,Isle of Man,0.537,7.000
1984,SON,Isle of Man,0.381,5.000
1985,SON,Isle of Man,0.378,8.000
1986,SON,Isle of Man,0.378,5.667
1987,SON,Isle of Man,0.452,10.000
1988,SON,Isle of Man,0.474,6.000
1989,SON,Isle of Man,0.544,5.000
1990,SON,Isle of Man,0.426,5.000
1991,SON,Isle of Man,0.337,3.333
1992,SON,Isle of Man,0.415,5.000
1993,SON,Isle of Man,0.400,5.000
1994,SON,Isle of Man,0.474,11.333
1995,SON,Isle of Man,0.522,10.000
1996,SON,Isle of Man,0.459,8.333
1997,SON,Isle of Man,0.185,3.000
1998,SON,Isle of Man,0.396,6.333
1999,SON,Isle of Man,0.478,9.000
2000,SON,Isle of Man,0.444,5.000
2001,SON,Isle of Man,0.367,6.667
2002,SON,Isle of Man,0.256,5.000
2003,SON,Isle of Man,0.219,2.000
2004,SON,Isle of Man,0.515,11.000
2005,SON,Isle of Man,0.344,7.667
2006,SON,Isle of Man,0.415,5.000
2007,SON,Isle of Man,0.319,6.333
2008,SON,Isle of Man,0.419,6.667
2009,SON,Isle of Man,0.263,4.333
2010,SON,Isle of Man,0.352,5.333
2011,SON,Isle of Man,0.274,4.000
2012,SON,Isle of Man,0.489,5.000
2013,SON,Isle of Man,0.337,6.000
2014,SON,Isle of Man,0.385,4.000
2015,SON,Isle of Man,0.463,5.667
2016,SON,Isle of Man,0.563,10.000
2017,SON,Isle of Man,0.293,4.000
2018,SON,Isle of Man,0.378,6.000
2019,SON,Isle of Man,0.463,6.000
2020,SON,Isle of Man,0.419,7.000
2021,SON,Isle of Man,0.396,5.000
2022,SON,Isle of Man,0.381,4.667
2023,SON,Isle of Man,0.333,4.000
2024,SON,Isle of Man,0.404,10.000
2025,SON,Isle of Man,0.389,4.000
2026,SON,Isle of Man,0.430,5.000
2027,SON,Isle of Man,0.400,4.333
2028,SON,Isle of Man,0.370,6.667
2029,SON,Isle of Man,0.322,8.000
2030,SON,Isle of Man,0.452,5.667
2031,SON,Isle of Man,0.244,4.333
2032,SON,Isle of Man,0.552,5.667
2033,SON,Isle of Man,0.448,7.667
2034,SON,Isle of Man,0.237,4.333
2035,SON,Isle of Man,0.448,6.667
2036,SON,Isle of Man,0.526,6.667
2037,SON,Isle of Man,0.500,7.667
2038,SON,Isle of Man,0.500,9.000
2039,SON,Isle of Man,0.385,5.667
2040,SON,Isle of Man,0.356,5.000
2041,SON,Isle of Man,0.281,3.667
2042,SON,Isle of Man,0.304,6.000
2043,SON,Isle of Man,0.289,5.000
2044,SON,Isle of Man,0.263,4.000
2045,SON,Isle of Man,0.433,4.667
2046,SON,Isle of Man,0.470,4.667
2047,SON,Isle of Man,0.400,7.667
2048,SON,Isle of Man,0.381,5.667
2049,SON,Isle of Man,0.322,4.000
2050,SON,Isle of Man,0.363,7.667
2051,SON,Isle of Man,0.385,5.000
2052,SON,Isle of Man,0.330,5.333
2053,SON,Isle of Man,0.381,6.667
2054,SON,Isle of Man,0.489,5.000
2055,SON,Isle of Man,0.244,5.000
2056,SON,Isle of Man,0.322,3.667
2057,SON,Isle of Man,0.278,3.000
2058,SON,Isle of Man,0.407,5.000
2059,SON,Isle of Man,0.278,4.000
2060,SON,Isle of Man,0.319,3.667
2061,SON,Isle of Man,0.396,7.333
2062,SON,Isle of Man,0.370,6.000
2063,SON,Isle of Man,0.396,7.667
2064,SON,Isle of Man,0.441,7.667
2065,SON,Isle of Man,0.359,3.667
2066,SON,Isle of Man,0.344,7.000
2067,SON,Isle of Man,0.348,3.667
2068,SON,Isle of Man,0.319,6.000
2069,SON,Isle of Man,0.493,9.000
2070,SON,Isle of Man,0.352,4.667
2071,SON,Isle of Man,0.363,5.667
2072,SON,Isle of Man,0.463,5.000
2073,SON,Isle of Man,0.474,6.667
2074,SON,Isle of Man,0.433,4.000
2075,SON,Isle of Man,0.363,6.000
2076,SON,Isle of Man,0.259,6.000
2077,SON,Isle of Man,0.337,6.000
2078,SON,Isle of Man,0.289,4.333
2079,SON,Isle of Man,0.370,4.000
2080,SON,Isle of Man,0.393,6.000
1981,SON,Northern Ireland,0.415,9.329
1982,SON,Northern Ireland,0.438,6.659
1983,SON,Northern Ireland,0.591,10.047
1984,SON,Northern Ireland,0.439,8.365
1985,SON,Northern Ireland,0.405,5.624
1986,SON,Northern Ireland,0.423,5.529
1987,SON,Northern Ireland,0.452,8.435
1988,SON,Northern Ireland,0.568,8.388
1989,SON,Northern Ireland,0.556,6.165
1990,SON,Northern Ireland,0.494,8.059
1991,SON,Northern Ireland,0.401,7.329
1992,SON,Northern Ireland,0.551,7.706
1993,SON,Northern Ireland,0.426,6.671
1994,SON,Northern Ireland,0.486,8.624
1995,SON,Northern Ireland,0.550,6.753
1996,SON,Northern Ireland,0.539,9.153
1997,SON,Northern Ireland,0.244,3.176
1998,SON,Northern Ireland,0.421,6.965
1999,SON,Northern Ireland,0.504,11.671
2000,SON,Northern Ireland,0.525,9.165
2001,SON,Northern Ireland,0.370,5.694
2002,SON,Northern Ireland,0.298,6.800
2003,SON,Northern Ireland,0.334,5.894
2004,SON,Northern Ireland,0.529,8.706
2005,SON,Northern Ireland,0.398,6.024
2006,SON,Northern Ireland,0.538,6.741
2007,SON,Northern Ireland,0.351,6.435
2008,SON,Northern Ireland,0.416,5.541
2009,SON,Northern Ireland,0.323,9.388
2010,SON,Northern Ireland,0.372,7.329
2011,SON,Northern Ireland,0.309,3.859
2012,SON,Northern Ireland,0.540,9.306
2013,SON,Northern Ireland,0.385,6.271
2014,SON,Northern Ireland,0.443,8.247
2015,SON,Northern Ireland,0.464,5.224
2016,SON,Northern Ireland,0.567,7.365
2017,SON,Northern Ireland,0.386,7.776
2018,SON,Northern Ireland,0.441,9.682
2019,SON,Northern Ireland,0.529,7.400
2020,SON,Northern Ireland,0.471,9.976
2021,SON,Northern Ireland,0.455,6.059
2022,SON,Northern Ireland,0.440,6.141
2023,SON,Northern Ireland,0.409,6.271
2024,SON,Northern Ireland,0.537,10.882
2025,SON,Northern Ireland,0.458,6.518
2026,SON,Northern Ireland,0.458,5.412
2027,SON,Northern Ireland,0.461,7.059
2028,SON,Northern Ireland,0.394,10.682
2029,SON,Northern Ireland,0.379,6.694
2030,SON,Northern Ireland,0.468,6.553
2031,SON,Northern Ireland,0.314,6.094
2032,SON,Northern Ireland,0.521,6.906
2033,SON,Northern Ireland,0.507,9.294
2034,SON,Northern Ireland,0.324,5.718
2035,SON,Northern Ireland,0.467,6.388
2036,SON,Northern Ireland,0.591,10.518
2037,SON,Northern Ireland,0.491,6.859
2038,SON,Northern Ireland,0.613,11.741
2039,SON,Northern Ireland,0.454,8.800
2040,SON,Northern Ireland,0.404,7.612
2041,SON,Northern Ireland,0.361,5.635
2042,SON,Northern Ireland,0.406,6.929
2043,SON,Northern Ireland,0.335,7.129
2044,SON,Northern Ireland,0.325,4.129
2045,SON,Northern Ireland,0.433,6.624
2046,SON,Northern Ireland,0.506,5.741
2047,SON,Northern Ireland,0.468,6.976
2048,SON,Northern Ireland,0.463,8.800
2049,SON,Northern Ireland,0.400,5.682
2050,SON,Northern Ireland,0.421,7.976
2051,SON,Northern Ireland,0.448,5.318
2052,SON,Northern Ireland,0.460,5.341
2053,SON,Northern Ireland,0.411,8.165
2054,SON,Northern Ireland,0.537,9.765
2055,SON,Northern Ireland,0.339,5.494
2056,SON,Northern Ireland,0.321,6.706
2057,SON,Northern Ireland,0.342,7.235
2058,SON,Northern Ireland,0.529,8.988
2059,SON,Northern Ireland,0.359,5.965
2060,SON,Northern Ireland,0.359,5.259
2061,SON,Northern Ireland,0.417,7.412
2062,SON,Northern Ireland,0.453,6.012
2063,SON,Northern Ireland,0.486,7.294
2064,SON,Northern Ireland,0.497,9.282
2065,SON,Northern Ireland,0.428,6.188
2066,SON,Northern Ireland,0.344,4.965
2067,SON,Northern Ireland,0.475,5.918
2068,SON,Northern Ireland,0.416,7.647
2069,SON,Northern Ireland,0.532,8.118
2070,SON,Northern Ireland,0.403,8.400
2071,SON,Northern Ireland,0.496,7.294
2072,SON,Northern Ireland,0.527,8.106
2073,SON,Northern Ireland,0.480,8.106
2074,SON,Northern Ireland,0.488,5.918
2075,SON,Northern Ireland,0.429,7.282
2076,SON,Northern Ireland,0.359,5.694
2077,SON,Northern Ireland,0.372,6.435
2078,SON,Northern Ireland,0.435,6.871
2079,SON,Northern Ireland,0.459,7.400
2080,SON,Northern Ireland,0.452,5.800
1981,SON,Wales,0.335,7.955
1982,SON,Wales,0.497,9.045
1983,SON,Wales,0.611,12.835
1984,SON,Wales,0.432,8.992
1985,SON,Wales,0.460,10.827
1986,SON,Wales,0.384,7.211
1987,SON,Wales,0.455,9.489
1988,SON,Wales,0.571,8.398
1989,SON,Wales,0.652,10.293
1990,SON,Wales,0.476,7.120
1991,SON,Wales,0.370,11.383
1992,SON,Wales,0.495,10.180
1993,SON,Wales,0.437,9.361
1994,SON,Wales,0.464,13.316
1995,SON,Wales,0.606,11.180
1996,SON,Wales,0.546,10.180
1997,SON,Wales,0.207,3.714
1998,SON,Wales,0.366,5.782
1999,SON,Wales,0.526,10.120
2000,SON,Wales,0.471,9.955
2001,SON,Wales,0.357,16.120
2002,SON,Wales,0.261,5.526
2003,SON,Wales,0.292,5.820
2004,SON,Wales,0.545,8.677
2005,SON,Wales,0.442,10.632
2006,SON,Wales,0.447,8.820
2007,SON,Wales,0.358,10.759
2008,SON,Wales,0.428,8.451
2009,SON,Wales,0.354,9.233
2010,SON,Wales,0.308,8.083
2011,SON,Wales,0.258,6.609
2012,SON,Wales,0.506,8.737
2013,SON,Wales,0.382,6.519
2014,SON,Wales,0.342,8.962
2015,SON,Wales,0.479,5.496
2016,SON,Wales,0.588,12.338
2017,SON,Wales,0.307,6.722
2018,SON,Wales,0.353,7.293
2019,SON,Wales,0.474,7.767
2020,SON,Wales,0.418,5.872
2021,SON,Wales,0.439,10.338
2022,SON,Wales,0.401,8.835
2023,SON,Wales,0.396,6.143
2024,SON,Wales,0.470,13.211
2025,SON,Wales,0.428,7.902
2026,SON,Wales,0.451,9.030
2027,SON,Wales,0.416,8.955
2028,SON,Wales,0.364,8.391
2029,SON,Wales,0.380,9.917
2030,SON,Wales,0.488,9.609
2031,SON,Wales,0.280,5.113
2032,SON,Wales,0.524,7.451
2033,SON,Wales,0.505,8.263
2034,SON,Wales,0.342,8.722
2035,SON,Wales,0.514,11.150
2036,SON,Wales,0.512,8.887
2037,SON,Wales,0.516,7.872
2038,SON,Wales,0.573,8.526
2039,SON,Wales,0.446,10.925
2040,SON,Wales,0.467,10.624
2041,SON,Wales,0.333,5.737
2042,SON,Wales,0.374,7.030
2043,SON,Wales,0.301,7.241
2044,SON,Wales,0.246,8.271
2045,SON,Wales,0.443,5.932
2046,SON,Wales,0.453,6.647
2047,SON,Wales,0.453,10.887
2048,SON,Wales,0.472,8.444
2049,SON,Wales,0.344,6.729
2050,SON,Wales,0.384,8.556
2051,SON,Wales,0.512,8.564
2052,SON,Wales,0.328,4.504
2053,SON,Wales,0.415,8.797
2054,SON,Wales,0.517,6.150
2055,SON,Wales,0.217,5.744
2056,SON,Wales,0.260,5.496
2057,SON,Wales,0.319,6.053
2058,SON,Wales,0.460,8.647
2059,SON,Wales,0.302,6.241
2060,SON,Wales,0.304,6.594
2061,SON,Wales,0.490,10.429
2062,SON,Wales,0.391,7.496
2063,SON,Wales,0.486,7.767
2064,SON,Wales,0.439,9.992
2065,SON,Wales,0.452,6.271
2066,SON,Wales,0.400,8.729
2067,SON,Wales,0.488,7.910
2068,SON,Wales,0.426,9.135
2069,SON,Wales,0.548,11.023
2070,SON,Wales,0.372,5.827
2071,SON,Wales,0.483,8.955
2072,SON,Wales,0.468,7.759
2073,SON,Wales,0.446,10.113
2074,SON,Wales,0.508,8.459
2075,SON,Wales,0.404,5.752
2076,SON,Wales,0.313,6.526
2077,SON,Wales,0.359,6.880
2078,SON,Wales,0.335,5.820
2079,SON,Wales,0.450,6.534
2080,SON,Wales,0.383,4.654
