Year,Season,Region,fwd,wsmax
1981,Annual,East Midlands,0.366,7.913
1982,Annual,East Midlands,0.378,10.544
1983,Annual,East Midlands,0.400,10.893
1984,Annual,East Midlands,0.427,12.825
1985,Annual,East Midlands,0.448,10.689
1986,Annual,East Midlands,0.429,8.650
1987,Annual,East Midlands,0.398,7.913
1988,Annual,East Midlands,0.399,5.845
1989,Annual,East Midlands,0.423,9.010
1990,Annual,East Midlands,0.463,10.417
1991,Annual,East Midlands,0.361,8.369
1992,Annual,East Midlands,0.334,7.107
1993,Annual,East Midlands,0.387,8.573
1994,Annual,East Midlands,0.387,10.476
1995,Annual,East Midlands,0.450,10.922
1996,Annual,East Midlands,0.349,9.262
1997,Annual,East Midlands,0.408,7.068
1998,Annual,East Midlands,0.411,7.660
1999,Annual,East Midlands,0.433,10.252
2000,Annual,East Midlands,0.398,8.573
2001,Annual,East Midlands,0.413,9.301
2002,Annual,East Midlands,0.438,9.350
2003,Annual,East Midlands,0.421,7.534
2004,Annual,East Midlands,0.369,11.709
2005,Annual,East Midlands,0.408,9.456
2006,Annual,East Midlands,0.372,8.272
2007,Annual,East Midlands,0.389,8.660
2008,Annual,East Midlands,0.309,7.165
2009,Annual,East Midlands,0.389,7.447
2010,Annual,East Midlands,0.353,7.971
2011,Annual,East Midlands,0.340,11.262
2012,Annual,East Midlands,0.367,7.573
2013,Annual,East Midlands,0.368,10.097
2014,Annual,East Midlands,0.386,8.718
2015,Annual,East Midlands,0.383,14.223
2016,Annual,East Midlands,0.399,6.835
2017,Annual,East Midlands,0.497,10.175
2018,Annual,East Midlands,0.347,7.883
2019,Annual,East Midlands,0.431,7.524
2020,Annual,East Midlands,0.441,12.301
2021,Annual,East Midlands,0.398,11.505
2022,Annual,East Midlands,0.388,10.136
2023,Annual,East Midlands,0.332,7.058
2024,Annual,East Midlands,0.422,9.252
2025,Annual,East Midlands,0.391,10.427
2026,Annual,East Midlands,0.269,7.272
2027,Annual,East Midlands,0.412,6.971
2028,Annual,East Midlands,0.377,11.029
2029,Annual,East Midlands,0.445,11.447
2030,Annual,East Midlands,0.462,8.874
2031,Annual,East Midlands,0.439,10.845
2032,Annual,East Midlands,0.406,11.359
2033,Annual,East Midlands,0.366,7.320
2034,Annual,East Midlands,0.430,9.291
2035,Annual,East Midlands,0.388,7.340
2036,Annual,East Midlands,0.392,8.350
2037,Annual,East Midlands,0.371,7.505
2038,Annual,East Midlands,0.325,6.660
2039,Annual,East Midlands,0.383,8.039
2040,Annual,East Midlands,0.402,9.893
2041,Annual,East Midlands,0.392,7.107
2042,Annual,East Midlands,0.444,8.777
2043,Annual,East Midlands,0.360,7.951
2044,Annual,East Midlands,0.365,7.602
2045,Annual,East Midlands,0.325,8.175
2046,Annual,East Midlands,0.344,6.971
2047,Annual,East Midlands,0.294,6.359
2048,Annual,East Midlands,0.313,9.893
2049,Annual,East Midlands,0.397,9.612
2050,Annual,East Midlands,0.371,7.495
2051,Annual,East Midlands,0.382,8.641
2052,Annual,East Midlands,0.347,8.087
2053,Annual,East Midlands,0.324,7.398
2054,Annual,East Midlands,0.301,7.039
2055,Annual,East Midlands,0.383,13.350
2056,Annual,East Midlands,0.383,9.485
2057,Annual,East Midlands,0.313,7.068
2058,Annual,East Midlands,0.335,7.718
2059,Annual,East Midlands,0.309,7.631
2060,Annual,East Midlands,0.329,7.330
2061,Annual,East Midlands,0.366,6.233
2062,Annual,East Midlands,0.310,5.806
2063,Annual,East Midlands,0.316,7.806
2064,Annual,East Midlands,0.361,11.291
2065,Annual,East Midlands,0.446,10.728
2066,Annual,East Midlands,0.344,7.311
2067,Annual,East Midlands,0.351,7.252
2068,Annual,East Midlands,0.336,7.136
2069,Annual,East Midlands,0.342,7.087
2070,Annual,East Midlands,0.351,7.650
2071,Annual,East Midlands,0.374,9.466
2072,Annual,East Midlands,0.253,6.214
2073,Annual,East Midlands,0.387,7.971
2074,Annual,East Midlands,0.349,8.602
2075,Annual,East Midlands,0.341,9.883
2076,Annual,East Midlands,0.324,6.835
2077,Annual,East Midlands,0.358,6.631
2078,Annual,East Midlands,0.319,8.282
2079,Annual,East Midlands,0.382,7.146
2080,Annual,East Midlands,0.357,8.311
1981,Annual,East of England,0.355,7.213
1982,Annual,East of England,0.343,7.693
1983,Annual,East of England,0.367,11.551
1984,Annual,East of England,0.432,10.496
1985,Annual,East of England,0.428,9.425
1986,Annual,East of England,0.423,10.717
1987,Annual,East of England,0.409,7.535
1988,Annual,East of England,0.386,5.472
1989,Annual,East of England,0.409,7.535
1990,Annual,East of England,0.452,11.606
1991,Annual,East of England,0.357,8.598
1992,Annual,East of England,0.299,5.425
1993,Annual,East of England,0.364,9.984
1994,Annual,East of England,0.347,7.866
1995,Annual,East of England,0.433,11.394
1996,Annual,East of England,0.327,10.472
1997,Annual,East of England,0.384,6.512
1998,Annual,East of England,0.390,8.740
1999,Annual,East of England,0.387,9.921
2000,Annual,East of England,0.346,9.969
2001,Annual,East of England,0.403,7.740
2002,Annual,East of England,0.433,7.780
2003,Annual,East of England,0.412,7.843
2004,Annual,East of England,0.369,11.472
2005,Annual,East of England,0.394,8.866
2006,Annual,East of England,0.365,8.102
2007,Annual,East of England,0.381,8.260
2008,Annual,East of England,0.287,7.890
2009,Annual,East of England,0.375,7.937
2010,Annual,East of England,0.332,6.173
2011,Annual,East of England,0.320,8.504
2012,Annual,East of England,0.359,8.362
2013,Annual,East of England,0.341,7.795
2014,Annual,East of England,0.397,8.866
2015,Annual,East of England,0.376,17.339
2016,Annual,East of England,0.392,6.669
2017,Annual,East of England,0.476,9.087
2018,Annual,East of England,0.350,7.591
2019,Annual,East of England,0.382,6.811
2020,Annual,East of England,0.409,11.236
2021,Annual,East of England,0.392,8.850
2022,Annual,East of England,0.384,9.748
2023,Annual,East of England,0.306,6.244
2024,Annual,East of England,0.399,9.472
2025,Annual,East of England,0.364,8.866
2026,Annual,East of England,0.296,7.472
2027,Annual,East of England,0.401,7.858
2028,Annual,East of England,0.371,8.953
2029,Annual,East of England,0.427,10.236
2030,Annual,East of England,0.442,8.677
2031,Annual,East of England,0.427,9.441
2032,Annual,East of England,0.382,11.992
2033,Annual,East of England,0.362,7.346
2034,Annual,East of England,0.416,7.606
2035,Annual,East of England,0.358,7.346
2036,Annual,East of England,0.387,7.898
2037,Annual,East of England,0.359,6.630
2038,Annual,East of England,0.306,6.276
2039,Annual,East of England,0.369,7.331
2040,Annual,East of England,0.356,9.071
2041,Annual,East of England,0.367,6.591
2042,Annual,East of England,0.443,8.307
2043,Annual,East of England,0.341,6.929
2044,Annual,East of England,0.370,7.134
2045,Annual,East of England,0.295,7.866
2046,Annual,East of England,0.330,8.559
2047,Annual,East of England,0.276,5.756
2048,Annual,East of England,0.296,8.701
2049,Annual,East of England,0.374,7.024
2050,Annual,East of England,0.353,7.079
2051,Annual,East of England,0.407,9.646
2052,Annual,East of England,0.324,7.835
2053,Annual,East of England,0.319,6.858
2054,Annual,East of England,0.284,6.134
2055,Annual,East of England,0.376,11.094
2056,Annual,East of England,0.357,9.480
2057,Annual,East of England,0.281,6.756
2058,Annual,East of England,0.316,6.709
2059,Annual,East of England,0.277,6.677
2060,Annual,East of England,0.298,7.591
2061,Annual,East of England,0.354,6.165
2062,Annual,East of England,0.281,5.756
2063,Annual,East of England,0.325,7.748
2064,Annual,East of England,0.342,10.756
2065,Annual,East of England,0.414,10.945
2066,Annual,East of England,0.311,6.543
2067,Annual,East of England,0.330,7.575
2068,Annual,East of England,0.292,6.858
2069,Annual,East of England,0.303,6.323
2070,Annual,East of England,0.347,6.543
2071,Annual,East of England,0.364,10.252
2072,Annual,East of England,0.232,6.276
2073,Annual,East of England,0.377,8.181
2074,Annual,East of England,0.332,7.575
2075,Annual,East of England,0.327,10.425
2076,Annual,East of England,0.313,7.031
2077,Annual,East of England,0.350,9.173
2078,Annual,East of England,0.301,6.039
2079,Annual,East of England,0.363,7.669
2080,Annual,East of England,0.340,6.339
1981,Annual,East Scotland,0.524,15.331
1982,Annual,East Scotland,0.490,13.175
1983,Annual,East Scotland,0.528,12.438
1984,Annual,East Scotland,0.512,13.012
1985,Annual,East Scotland,0.549,12.819
1986,Annual,East Scotland,0.467,10.369
1987,Annual,East Scotland,0.534,12.369
1988,Annual,East Scotland,0.533,12.838
1989,Annual,East Scotland,0.521,13.619
1990,Annual,East Scotland,0.532,12.287
1991,Annual,East Scotland,0.443,10.062
1992,Annual,East Scotland,0.522,13.869
1993,Annual,East Scotland,0.493,14.794
1994,Annual,East Scotland,0.495,13.512
1995,Annual,East Scotland,0.502,10.675
1996,Annual,East Scotland,0.501,14.375
1997,Annual,East Scotland,0.531,11.356
1998,Annual,East Scotland,0.513,14.850
1999,Annual,East Scotland,0.525,13.400
2000,Annual,East Scotland,0.536,10.713
2001,Annual,East Scotland,0.542,15.000
2002,Annual,East Scotland,0.525,16.869
2003,Annual,East Scotland,0.519,12.556
2004,Annual,East Scotland,0.475,12.050
2005,Annual,East Scotland,0.506,12.256
2006,Annual,East Scotland,0.464,12.925
2007,Annual,East Scotland,0.508,12.025
2008,Annual,East Scotland,0.436,11.244
2009,Annual,East Scotland,0.496,17.212
2010,Annual,East Scotland,0.505,16.938
2011,Annual,East Scotland,0.474,12.031
2012,Annual,East Scotland,0.511,13.506
2013,Annual,East Scotland,0.528,15.062
2014,Annual,East Scotland,0.473,11.931
2015,Annual,East Scotland,0.496,13.331
2016,Annual,East Scotland,0.508,12.200
2017,Annual,East Scotland,0.565,14.488
2018,Annual,East Scotland,0.496,12.012
2019,Annual,East Scotland,0.562,13.869
2020,Annual,East Scotland,0.562,12.675
2021,Annual,East Scotland,0.479,10.394
2022,Annual,East Scotland,0.485,12.294
2023,Annual,East Scotland,0.490,14.231
2024,Annual,East Scotland,0.520,13.269
2025,Annual,East Scotland,0.471,12.662
2026,Annual,East Scotland,0.407,13.188
2027,Annual,East Scotland,0.471,9.800
2028,Annual,East Scotland,0.463,14.519
2029,Annual,East Scotland,0.509,12.200
2030,Annual,East Scotland,0.539,12.287
2031,Annual,East Scotland,0.526,14.569
2032,Annual,East Scotland,0.463,11.600
2033,Annual,East Scotland,0.491,11.150
2034,Annual,East Scotland,0.544,15.794
2035,Annual,East Scotland,0.495,10.025
2036,Annual,East Scotland,0.466,10.700
2037,Annual,East Scotland,0.460,12.050
2038,Annual,East Scotland,0.485,14.062
2039,Annual,East Scotland,0.488,10.625
2040,Annual,East Scotland,0.494,12.506
2041,Annual,East Scotland,0.495,12.787
2042,Annual,East Scotland,0.476,10.019
2043,Annual,East Scotland,0.504,12.062
2044,Annual,East Scotland,0.469,11.725
2045,Annual,East Scotland,0.435,15.631
2046,Annual,East Scotland,0.442,9.850
2047,Annual,East Scotland,0.465,11.800
2048,Annual,East Scotland,0.458,12.506
2049,Annual,East Scotland,0.526,14.750
2050,Annual,East Scotland,0.475,8.881
2051,Annual,East Scotland,0.510,10.975
2052,Annual,East Scotland,0.460,14.938
2053,Annual,East Scotland,0.457,12.588
2054,Annual,East Scotland,0.413,9.956
2055,Annual,East Scotland,0.480,12.863
2056,Annual,East Scotland,0.521,12.244
2057,Annual,East Scotland,0.470,13.150
2058,Annual,East Scotland,0.477,12.325
2059,Annual,East Scotland,0.463,11.706
2060,Annual,East Scotland,0.460,10.988
2061,Annual,East Scotland,0.481,9.850
2062,Annual,East Scotland,0.467,11.800
2063,Annual,East Scotland,0.461,11.825
2064,Annual,East Scotland,0.505,10.887
2065,Annual,East Scotland,0.519,14.706
2066,Annual,East Scotland,0.454,10.387
2067,Annual,East Scotland,0.486,10.356
2068,Annual,East Scotland,0.437,10.219
2069,Annual,East Scotland,0.494,12.556
2070,Annual,East Scotland,0.470,11.406
2071,Annual,East Scotland,0.441,13.781
2072,Annual,East Scotland,0.411,8.387
2073,Annual,East Scotland,0.523,16.200
2074,Annual,East Scotland,0.489,13.550
2075,Annual,East Scotland,0.460,12.181
2076,Annual,East Scotland,0.438,9.506
2077,Annual,East Scotland,0.496,11.238
2078,Annual,East Scotland,0.406,9.531
2079,Annual,East Scotland,0.493,11.312
2080,Annual,East Scotland,0.481,13.200
1981,Annual,London,0.356,6.917
1982,Annual,London,0.357,7.167
1983,Annual,London,0.403,10.500
1984,Annual,London,0.440,9.083
1985,Annual,London,0.412,9.333
1986,Annual,London,0.413,11.500
1987,Annual,London,0.448,9.000
1988,Annual,London,0.402,7.417
1989,Annual,London,0.416,9.500
1990,Annual,London,0.469,12.167
1991,Annual,London,0.377,8.833
1992,Annual,London,0.306,7.333
1993,Annual,London,0.394,9.500
1994,Annual,London,0.341,7.417
1995,Annual,London,0.460,15.333
1996,Annual,London,0.334,14.833
1997,Annual,London,0.401,9.417
1998,Annual,London,0.418,9.500
1999,Annual,London,0.407,10.083
2000,Annual,London,0.353,7.333
2001,Annual,London,0.423,8.167
2002,Annual,London,0.451,8.250
2003,Annual,London,0.406,9.083
2004,Annual,London,0.368,14.333
2005,Annual,London,0.383,7.667
2006,Annual,London,0.385,10.250
2007,Annual,London,0.385,7.500
2008,Annual,London,0.304,6.750
2009,Annual,London,0.389,6.833
2010,Annual,London,0.343,6.917
2011,Annual,London,0.331,8.250
2012,Annual,London,0.360,7.833
2013,Annual,London,0.328,7.000
2014,Annual,London,0.397,6.833
2015,Annual,London,0.376,16.833
2016,Annual,London,0.404,7.333
2017,Annual,London,0.502,9.583
2018,Annual,London,0.347,6.083
2019,Annual,London,0.400,7.333
2020,Annual,London,0.411,13.250
2021,Annual,London,0.389,10.333
2022,Annual,London,0.372,7.500
2023,Annual,London,0.321,5.750
2024,Annual,London,0.408,11.667
2025,Annual,London,0.350,9.000
2026,Annual,London,0.276,6.583
2027,Annual,London,0.393,7.000
2028,Annual,London,0.358,8.417
2029,Annual,London,0.457,11.417
2030,Annual,London,0.440,8.167
2031,Annual,London,0.459,9.833
2032,Annual,London,0.379,10.000
2033,Annual,London,0.386,7.000
2034,Annual,London,0.406,8.250
2035,Annual,London,0.346,12.000
2036,Annual,London,0.403,9.417
2037,Annual,London,0.341,7.083
2038,Annual,London,0.299,6.417
2039,Annual,London,0.413,7.750
2040,Annual,London,0.370,9.167
2041,Annual,London,0.373,6.917
2042,Annual,London,0.442,7.917
2043,Annual,London,0.331,7.083
2044,Annual,London,0.379,7.583
2045,Annual,London,0.279,9.750
2046,Annual,London,0.329,9.667
2047,Annual,London,0.277,4.750
2048,Annual,London,0.264,6.500
2049,Annual,London,0.387,6.833
2050,Annual,London,0.335,7.667
2051,Annual,London,0.417,10.333
2052,Annual,London,0.347,7.333
2053,Annual,London,0.289,6.333
2054,Annual,London,0.293,5.750
2055,Annual,London,0.356,9.000
2056,Annual,London,0.363,10.583
2057,Annual,London,0.267,6.583
2058,Annual,London,0.322,6.417
2059,Annual,London,0.287,6.833
2060,Annual,London,0.298,8.167
2061,Annual,London,0.366,9.583
2062,Annual,London,0.291,6.083
2063,Annual,London,0.317,7.833
2064,Annual,London,0.339,10.417
2065,Annual,London,0.429,12.667
2066,Annual,London,0.319,8.917
2067,Annual,London,0.362,10.583
2068,Annual,London,0.311,7.000
2069,Annual,London,0.297,9.250
2070,Annual,London,0.331,8.583
2071,Annual,London,0.384,13.417
2072,Annual,London,0.246,6.833
2073,Annual,London,0.383,8.333
2074,Annual,London,0.338,9.417
2075,Annual,London,0.322,8.583
2076,Annual,London,0.309,6.750
2077,Annual,London,0.377,8.833
2078,Annual,London,0.311,5.833
2079,Annual,London,0.359,9.083
2080,Annual,London,0.359,6.917
1981,Annual,North East England,0.475,11.719
1982,Annual,North East England,0.423,8.684
1983,Annual,North East England,0.447,10.018
1984,Annual,North East England,0.456,11.368
1985,Annual,North East England,0.523,10.263
1986,Annual,North East England,0.433,10.298
1987,Annual,North East England,0.447,10.070
1988,Annual,North East England,0.471,9.035
1989,Annual,North East England,0.456,11.316
1990,Annual,North East England,0.498,12.421
1991,Annual,North East England,0.378,7.965
1992,Annual,North East England,0.453,12.316
1993,Annual,North East England,0.438,9.456
1994,Annual,North East England,0.426,11.702
1995,Annual,North East England,0.467,9.158
1996,Annual,North East England,0.435,12.035
1997,Annual,North East England,0.473,9.825
1998,Annual,North East England,0.428,7.877
1999,Annual,North East England,0.492,11.684
2000,Annual,North East England,0.471,10.193
2001,Annual,North East England,0.499,12.544
2002,Annual,North East England,0.452,11.246
2003,Annual,North East England,0.471,10.000
2004,Annual,North East England,0.425,10.737
2005,Annual,North East England,0.465,10.877
2006,Annual,North East England,0.462,9.947
2007,Annual,North East England,0.473,10.561
2008,Annual,North East England,0.366,8.632
2009,Annual,North East England,0.439,11.930
2010,Annual,North East England,0.426,10.789
2011,Annual,North East England,0.407,10.140
2012,Annual,North East England,0.447,10.246
2013,Annual,North East England,0.424,11.105
2014,Annual,North East England,0.433,9.632
2015,Annual,North East England,0.421,10.737
2016,Annual,North East England,0.443,9.298
2017,Annual,North East England,0.536,13.632
2018,Annual,North East England,0.440,8.351
2019,Annual,North East England,0.499,10.158
2020,Annual,North East England,0.503,9.807
2021,Annual,North East England,0.436,8.158
2022,Annual,North East England,0.437,11.614
2023,Annual,North East England,0.399,8.596
2024,Annual,North East England,0.459,11.333
2025,Annual,North East England,0.433,13.368
2026,Annual,North East England,0.368,10.298
2027,Annual,North East England,0.456,9.281
2028,Annual,North East England,0.463,15.386
2029,Annual,North East England,0.461,10.000
2030,Annual,North East England,0.517,12.158
2031,Annual,North East England,0.504,13.719
2032,Annual,North East England,0.439,10.351
2033,Annual,North East England,0.426,9.351
2034,Annual,North East England,0.468,10.596
2035,Annual,North East England,0.423,7.947
2036,Annual,North East England,0.449,8.947
2037,Annual,North East England,0.415,8.421
2038,Annual,North East England,0.406,9.263
2039,Annual,North East England,0.444,9.035
2040,Annual,North East England,0.439,10.035
2041,Annual,North East England,0.440,8.193
2042,Annual,North East England,0.452,9.228
2043,Annual,North East England,0.469,9.930
2044,Annual,North East England,0.400,9.649
2045,Annual,North East England,0.362,10.579
2046,Annual,North East England,0.393,7.912
2047,Annual,North East England,0.368,9.526
2048,Annual,North East England,0.383,7.930
2049,Annual,North East England,0.457,10.807
2050,Annual,North East England,0.436,8.105
2051,Annual,North East England,0.427,8.211
2052,Annual,North East England,0.414,10.211
2053,Annual,North East England,0.400,9.421
2054,Annual,North East England,0.373,7.702
2055,Annual,North East England,0.459,11.579
2056,Annual,North East England,0.463,10.737
2057,Annual,North East England,0.380,11.912
2058,Annual,North East England,0.392,8.193
2059,Annual,North East England,0.389,8.754
2060,Annual,North East England,0.390,7.947
2061,Annual,North East England,0.447,10.368
2062,Annual,North East England,0.394,8.702
2063,Annual,North East England,0.381,8.509
2064,Annual,North East England,0.406,8.982
2065,Annual,North East England,0.487,12.842
2066,Annual,North East England,0.405,9.544
2067,Annual,North East England,0.420,8.018
2068,Annual,North East England,0.359,6.421
2069,Annual,North East England,0.436,8.070
2070,Annual,North East England,0.394,8.614
2071,Annual,North East England,0.405,9.965
2072,Annual,North East England,0.326,6.772
2073,Annual,North East England,0.474,12.544
2074,Annual,North East England,0.433,8.789
2075,Annual,North East England,0.425,11.596
2076,Annual,North East England,0.387,8.825
2077,Annual,North East England,0.439,8.649
2078,Annual,North East England,0.390,9.754
2079,Annual,North East England,0.427,9.614
2080,Annual,North East England,0.395,9.754
1981,Annual,North Scotland,0.606,21.071
1982,Annual,North Scotland,0.593,19.255
1983,Annual,North Scotland,0.596,17.179
1984,Annual,North Scotland,0.648,19.250
1985,Annual,North Scotland,0.683,21.557
1986,Annual,North Scotland,0.615,16.014
1987,Annual,North Scotland,0.659,18.948
1988,Annual,North Scotland,0.673,27.104
1989,Annual,North Scotland,0.635,18.726
1990,Annual,North Scotland,0.580,17.307
1991,Annual,North Scotland,0.593,16.731
1992,Annual,North Scotland,0.677,22.184
1993,Annual,North Scotland,0.575,19.986
1994,Annual,North Scotland,0.608,19.698
1995,Annual,North Scotland,0.585,14.505
1996,Annual,North Scotland,0.590,16.429
1997,Annual,North Scotland,0.676,22.203
1998,Annual,North Scotland,0.596,21.175
1999,Annual,North Scotland,0.625,21.995
2000,Annual,North Scotland,0.651,14.830
2001,Annual,North Scotland,0.596,20.877
2002,Annual,North Scotland,0.635,22.472
2003,Annual,North Scotland,0.623,18.085
2004,Annual,North Scotland,0.636,19.774
2005,Annual,North Scotland,0.578,18.608
2006,Annual,North Scotland,0.568,25.712
2007,Annual,North Scotland,0.635,21.057
2008,Annual,North Scotland,0.571,19.278
2009,Annual,North Scotland,0.630,21.552
2010,Annual,North Scotland,0.644,27.226
2011,Annual,North Scotland,0.601,17.651
2012,Annual,North Scotland,0.618,24.901
2013,Annual,North Scotland,0.670,25.363
2014,Annual,North Scotland,0.612,21.972
2015,Annual,North Scotland,0.607,18.991
2016,Annual,North Scotland,0.639,20.500
2017,Annual,North Scotland,0.666,22.307
2018,Annual,North Scotland,0.649,24.118
2019,Annual,North Scotland,0.653,20.821
2020,Annual,North Scotland,0.680,19.604
2021,Annual,North Scotland,0.595,19.849
2022,Annual,North Scotland,0.533,13.717
2023,Annual,North Scotland,0.624,22.934
2024,Annual,North Scotland,0.632,16.608
2025,Annual,North Scotland,0.562,16.976
2026,Annual,North Scotland,0.541,18.170
2027,Annual,North Scotland,0.601,16.071
2028,Annual,North Scotland,0.563,16.241
2029,Annual,North Scotland,0.639,17.552
2030,Annual,North Scotland,0.624,17.203
2031,Annual,North Scotland,0.657,19.717
2032,Annual,North Scotland,0.580,15.873
2033,Annual,North Scotland,0.566,14.467
2034,Annual,North Scotland,0.603,21.575
2035,Annual,North Scotland,0.649,17.948
2036,Annual,North Scotland,0.592,16.585
2037,Annual,North Scotland,0.585,16.708
2038,Annual,North Scotland,0.657,23.675
2039,Annual,North Scotland,0.586,15.901
2040,Annual,North Scotland,0.613,15.703
2041,Annual,North Scotland,0.601,18.344
2042,Annual,North Scotland,0.618,18.434
2043,Annual,North Scotland,0.599,17.160
2044,Annual,North Scotland,0.616,17.726
2045,Annual,North Scotland,0.598,27.382
2046,Annual,North Scotland,0.574,13.462
2047,Annual,North Scotland,0.652,22.198
2048,Annual,North Scotland,0.608,27.118
2049,Annual,North Scotland,0.658,22.811
2050,Annual,North Scotland,0.619,19.108
2051,Annual,North Scotland,0.627,18.458
2052,Annual,North Scotland,0.546,17.877
2053,Annual,North Scotland,0.623,24.090
2054,Annual,North Scotland,0.540,13.783
2055,Annual,North Scotland,0.601,17.302
2056,Annual,North Scotland,0.667,20.575
2057,Annual,North Scotland,0.630,21.396
2058,Annual,North Scotland,0.610,15.514
2059,Annual,North Scotland,0.624,19.363
2060,Annual,North Scotland,0.604,20.472
2061,Annual,North Scotland,0.626,17.896
2062,Annual,North Scotland,0.560,19.958
2063,Annual,North Scotland,0.602,21.877
2064,Annual,North Scotland,0.656,21.651
2065,Annual,North Scotland,0.600,23.165
2066,Annual,North Scotland,0.611,17.797
2067,Annual,North Scotland,0.630,16.321
2068,Annual,North Scotland,0.583,18.627
2069,Annual,North Scotland,0.633,21.392
2070,Annual,North Scotland,0.603,20.797
2071,Annual,North Scotland,0.571,18.991
2072,Annual,North Scotland,0.554,14.693
2073,Annual,North Scotland,0.652,34.325
2074,Annual,North Scotland,0.614,19.976
2075,Annual,North Scotland,0.586,18.976
2076,Annual,North Scotland,0.599,19.915
2077,Annual,North Scotland,0.682,20.958
2078,Annual,North Scotland,0.521,13.142
2079,Annual,North Scotland,0.648,18.764
2080,Annual,North Scotland,0.596,17.995
1981,Annual,North West England,0.514,18.430
1982,Annual,North West England,0.501,14.022
1983,Annual,North West England,0.556,20.559
1984,Annual,North West England,0.553,20.247
1985,Annual,North West England,0.595,15.538
1986,Annual,North West England,0.527,13.409
1987,Annual,North West England,0.582,13.935
1988,Annual,North West England,0.590,12.054
1989,Annual,North West England,0.590,19.258
1990,Annual,North West England,0.561,16.710
1991,Annual,North West England,0.499,13.387
1992,Annual,North West England,0.543,13.226
1993,Annual,North West England,0.526,16.935
1994,Annual,North West England,0.544,17.806
1995,Annual,North West England,0.544,13.258
1996,Annual,North West England,0.531,18.989
1997,Annual,North West England,0.590,13.957
1998,Annual,North West England,0.514,19.430
1999,Annual,North West England,0.560,16.817
2000,Annual,North West England,0.591,16.419
2001,Annual,North West England,0.531,16.258
2002,Annual,North West England,0.587,19.054
2003,Annual,North West England,0.567,14.140
2004,Annual,North West England,0.519,17.710
2005,Annual,North West England,0.508,13.194
2006,Annual,North West England,0.459,13.441
2007,Annual,North West England,0.568,12.957
2008,Annual,North West England,0.449,15.462
2009,Annual,North West England,0.533,13.763
2010,Annual,North West England,0.553,22.957
2011,Annual,North West England,0.516,15.925
2012,Annual,North West England,0.549,14.817
2013,Annual,North West England,0.560,15.806
2014,Annual,North West England,0.529,14.989
2015,Annual,North West England,0.513,17.108
2016,Annual,North West England,0.544,14.624
2017,Annual,North West England,0.648,19.624
2018,Annual,North West England,0.526,10.720
2019,Annual,North West England,0.603,16.258
2020,Annual,North West England,0.627,14.871
2021,Annual,North West England,0.518,15.269
2022,Annual,North West England,0.469,10.871
2023,Annual,North West England,0.515,13.065
2024,Annual,North West England,0.565,13.892
2025,Annual,North West England,0.504,12.935
2026,Annual,North West England,0.406,14.806
2027,Annual,North West England,0.516,11.075
2028,Annual,North West England,0.486,18.796
2029,Annual,North West England,0.549,13.591
2030,Annual,North West England,0.568,16.161
2031,Annual,North West England,0.597,25.140
2032,Annual,North West England,0.490,11.634
2033,Annual,North West England,0.476,12.129
2034,Annual,North West England,0.591,17.387
2035,Annual,North West England,0.558,14.194
2036,Annual,North West England,0.514,14.753
2037,Annual,North West England,0.497,12.290
2038,Annual,North West England,0.502,15.204
2039,Annual,North West England,0.500,11.204
2040,Annual,North West England,0.535,21.269
2041,Annual,North West England,0.534,12.688
2042,Annual,North West England,0.550,13.032
2043,Annual,North West England,0.512,13.452
2044,Annual,North West England,0.479,12.312
2045,Annual,North West England,0.475,21.989
2046,Annual,North West England,0.493,10.710
2047,Annual,North West England,0.483,12.935
2048,Annual,North West England,0.487,14.022
2049,Annual,North West England,0.566,17.054
2050,Annual,North West England,0.528,15.925
2051,Annual,North West England,0.534,14.720
2052,Annual,North West England,0.443,16.161
2053,Annual,North West England,0.485,13.108
2054,Annual,North West England,0.413,9.527
2055,Annual,North West England,0.493,17.806
2056,Annual,North West England,0.571,17.892
2057,Annual,North West England,0.489,14.129
2058,Annual,North West England,0.480,14.925
2059,Annual,North West England,0.507,14.806
2060,Annual,North West England,0.509,13.054
2061,Annual,North West England,0.553,15.925
2062,Annual,North West England,0.449,17.247
2063,Annual,North West England,0.490,14.581
2064,Annual,North West England,0.559,16.946
2065,Annual,North West England,0.576,23.129
2066,Annual,North West England,0.523,15.892
2067,Annual,North West England,0.529,12.860
2068,Annual,North West England,0.483,14.323
2069,Annual,North West England,0.551,12.667
2070,Annual,North West England,0.494,15.065
2071,Annual,North West England,0.492,13.817
2072,Annual,North West England,0.431,11.097
2073,Annual,North West England,0.575,17.785
2074,Annual,North West England,0.548,16.022
2075,Annual,North West England,0.504,24.688
2076,Annual,North West England,0.483,15.677
2077,Annual,North West England,0.550,13.108
2078,Annual,North West England,0.458,11.237
2079,Annual,North West England,0.516,14.301
2080,Annual,North West England,0.496,17.591
1981,Annual,South East England,0.351,7.737
1982,Annual,South East England,0.349,8.644
1983,Annual,South East England,0.400,12.017
1984,Annual,South East England,0.436,12.381
1985,Annual,South East England,0.403,9.085
1986,Annual,South East England,0.413,11.347
1987,Annual,South East England,0.428,8.907
1988,Annual,South East England,0.378,7.381
1989,Annual,South East England,0.412,9.263
1990,Annual,South East England,0.451,11.331
1991,Annual,South East England,0.354,8.127
1992,Annual,South East England,0.309,6.432
1993,Annual,South East England,0.388,9.441
1994,Annual,South East England,0.337,7.737
1995,Annual,South East England,0.435,10.797
1996,Annual,South East England,0.330,11.356
1997,Annual,South East England,0.377,6.822
1998,Annual,South East England,0.422,9.966
1999,Annual,South East England,0.404,10.008
2000,Annual,South East England,0.360,8.593
2001,Annual,South East England,0.437,10.390
2002,Annual,South East England,0.430,7.797
2003,Annual,South East England,0.392,9.822
2004,Annual,South East England,0.352,12.797
2005,Annual,South East England,0.378,8.263
2006,Annual,South East England,0.373,13.008
2007,Annual,South East England,0.372,9.331
2008,Annual,South East England,0.310,8.644
2009,Annual,South East England,0.380,7.085
2010,Annual,South East England,0.340,7.941
2011,Annual,South East England,0.327,9.449
2012,Annual,South East England,0.373,7.831
2013,Annual,South East England,0.328,7.907
2014,Annual,South East England,0.390,7.364
2015,Annual,South East England,0.393,15.322
2016,Annual,South East England,0.387,7.754
2017,Annual,South East England,0.491,10.144
2018,Annual,South East England,0.341,7.636
2019,Annual,South East England,0.403,7.797
2020,Annual,South East England,0.394,15.034
2021,Annual,South East England,0.387,12.576
2022,Annual,South East England,0.370,7.805
2023,Annual,South East England,0.317,7.144
2024,Annual,South East England,0.406,10.568
2025,Annual,South East England,0.345,7.585
2026,Annual,South East England,0.258,6.907
2027,Annual,South East England,0.368,7.102
2028,Annual,South East England,0.340,8.602
2029,Annual,South East England,0.438,12.754
2030,Annual,South East England,0.426,7.720
2031,Annual,South East England,0.434,11.000
2032,Annual,South East England,0.374,12.890
2033,Annual,South East England,0.375,8.059
2034,Annual,South East England,0.410,8.263
2035,Annual,South East England,0.344,10.805
2036,Annual,South East England,0.394,9.483
2037,Annual,South East England,0.342,8.415
2038,Annual,South East England,0.308,7.644
2039,Annual,South East England,0.385,8.271
2040,Annual,South East England,0.370,9.246
2041,Annual,South East England,0.365,7.856
2042,Annual,South East England,0.418,8.780
2043,Annual,South East England,0.336,7.110
2044,Annual,South East England,0.353,7.203
2045,Annual,South East England,0.265,7.508
2046,Annual,South East England,0.337,9.008
2047,Annual,South East England,0.277,5.822
2048,Annual,South East England,0.272,7.754
2049,Annual,South East England,0.377,8.161
2050,Annual,South East England,0.323,6.746
2051,Annual,South East England,0.398,9.669
2052,Annual,South East England,0.330,7.805
2053,Annual,South East England,0.290,6.737
2054,Annual,South East England,0.278,5.737
2055,Annual,South East England,0.357,11.559
2056,Annual,South East England,0.355,11.593
2057,Annual,South East England,0.267,7.373
2058,Annual,South East England,0.320,7.517
2059,Annual,South East England,0.278,7.305
2060,Annual,South East England,0.310,7.975
2061,Annual,South East England,0.365,11.008
2062,Annual,South East England,0.296,6.983
2063,Annual,South East England,0.316,9.110
2064,Annual,South East England,0.357,11.466
2065,Annual,South East England,0.424,9.780
2066,Annual,South East England,0.328,7.763
2067,Annual,South East England,0.358,10.458
2068,Annual,South East England,0.316,7.356
2069,Annual,South East England,0.294,9.458
2070,Annual,South East England,0.327,8.407
2071,Annual,South East England,0.381,12.280
2072,Annual,South East England,0.240,7.127
2073,Annual,South East England,0.386,7.873
2074,Annual,South East England,0.351,9.992
2075,Annual,South East England,0.332,9.907
2076,Annual,South East England,0.299,6.822
2077,Annual,South East England,0.353,9.508
2078,Annual,South East England,0.296,7.042
2079,Annual,South East England,0.355,7.975
2080,Annual,South East England,0.354,7.127
1981,Annual,South West England,0.405,10.814
1982,Annual,South West England,0.402,9.808
1983,Annual,South West England,0.469,12.224
1984,Annual,South West England,0.459,13.897
1985,Annual,South West England,0.425,9.699
1986,Annual,South West England,0.432,11.673
1987,Annual,South West England,0.461,10.269
1988,Annual,South West England,0.420,7.897
1989,Annual,South West England,0.453,10.814
1990,Annual,South West England,0.470,12.000
1991,Annual,South West England,0.375,9.968
1992,Annual,South West England,0.354,8.038
1993,Annual,South West England,0.433,12.115
1994,Annual,South West England,0.388,10.115
1995,Annual,South West England,0.453,11.288
1996,Annual,South West England,0.387,10.968
1997,Annual,South West England,0.444,9.372
1998,Annual,South West England,0.470,10.853
1999,Annual,South West England,0.422,11.096
2000,Annual,South West England,0.414,10.949
2001,Annual,South West England,0.461,12.962
2002,Annual,South West England,0.476,9.417
2003,Annual,South West England,0.416,10.013
2004,Annual,South West England,0.392,14.673
2005,Annual,South West England,0.415,8.776
2006,Annual,South West England,0.369,10.577
2007,Annual,South West England,0.434,10.417
2008,Annual,South West England,0.344,7.942
2009,Annual,South West England,0.424,9.231
2010,Annual,South West England,0.399,8.827
2011,Annual,South West England,0.379,16.019
2012,Annual,South West England,0.434,10.442
2013,Annual,South West England,0.384,9.929
2014,Annual,South West England,0.437,8.577
2015,Annual,South West England,0.438,14.122
2016,Annual,South West England,0.436,11.013
2017,Annual,South West England,0.531,10.981
2018,Annual,South West England,0.388,10.423
2019,Annual,South West England,0.465,10.865
2020,Annual,South West England,0.445,17.404
2021,Annual,South West England,0.423,13.276
2022,Annual,South West England,0.409,9.904
2023,Annual,South West England,0.396,10.718
2024,Annual,South West England,0.432,15.833
2025,Annual,South West England,0.411,11.506
2026,Annual,South West England,0.295,7.853
2027,Annual,South West England,0.387,8.628
2028,Annual,South West England,0.377,10.788
2029,Annual,South West England,0.444,12.378
2030,Annual,South West England,0.460,12.237
2031,Annual,South West England,0.443,13.346
2032,Annual,South West England,0.395,13.192
2033,Annual,South West England,0.409,7.929
2034,Annual,South West England,0.440,10.282
2035,Annual,South West England,0.410,12.397
2036,Annual,South West England,0.404,11.083
2037,Annual,South West England,0.385,9.763
2038,Annual,South West England,0.352,9.635
2039,Annual,South West England,0.398,10.551
2040,Annual,South West England,0.416,13.744
2041,Annual,South West England,0.410,9.160
2042,Annual,South West England,0.434,10.429
2043,Annual,South West England,0.364,9.263
2044,Annual,South West England,0.368,10.494
2045,Annual,South West England,0.319,11.186
2046,Annual,South West England,0.376,9.224
2047,Annual,South West England,0.340,8.500
2048,Annual,South West England,0.315,8.942
2049,Annual,South West England,0.422,11.295
2050,Annual,South West England,0.360,8.154
2051,Annual,South West England,0.428,12.218
2052,Annual,South West England,0.354,9.391
2053,Annual,South West England,0.326,7.827
2054,Annual,South West England,0.314,6.692
2055,Annual,South West England,0.395,14.692
2056,Annual,South West England,0.408,14.987
2057,Annual,South West England,0.325,9.532
2058,Annual,South West England,0.360,11.872
2059,Annual,South West England,0.322,8.321
2060,Annual,South West England,0.377,11.218
2061,Annual,South West England,0.393,13.974
2062,Annual,South West England,0.344,9.090
2063,Annual,South West England,0.373,10.186
2064,Annual,South West England,0.392,11.173
2065,Annual,South West England,0.471,14.026
2066,Annual,South West England,0.368,9.205
2067,Annual,South West England,0.389,10.647
2068,Annual,South West England,0.372,12.372
2069,Annual,South West England,0.364,10.160
2070,Annual,South West England,0.354,10.321
2071,Annual,South West England,0.401,12.532
2072,Annual,South West England,0.280,7.359
2073,Annual,South West England,0.423,11.000
2074,Annual,South West England,0.412,10.051
2075,Annual,South West England,0.374,13.365
2076,Annual,South West England,0.345,8.904
2077,Annual,South West England,0.395,9.397
2078,Annual,South West England,0.321,8.487
2079,Annual,South West England,0.387,9.071
2080,Annual,South West England,0.404,11.212
1981,Annual,West Midlands,0.385,9.186
1982,Annual,West Midlands,0.363,10.686
1983,Annual,West Midlands,0.424,10.988
1984,Annual,West Midlands,0.426,11.756
1985,Annual,West Midlands,0.437,11.442
1986,Annual,West Midlands,0.420,8.616
1987,Annual,West Midlands,0.397,7.814
1988,Annual,West Midlands,0.392,6.942
1989,Annual,West Midlands,0.428,11.791
1990,Annual,West Midlands,0.465,10.209
1991,Annual,West Midlands,0.367,8.779
1992,Annual,West Midlands,0.323,7.674
1993,Annual,West Midlands,0.395,9.767
1994,Annual,West Midlands,0.402,10.674
1995,Annual,West Midlands,0.455,10.500
1996,Annual,West Midlands,0.362,9.140
1997,Annual,West Midlands,0.408,7.605
1998,Annual,West Midlands,0.427,8.477
1999,Annual,West Midlands,0.421,11.465
2000,Annual,West Midlands,0.402,9.872
2001,Annual,West Midlands,0.427,9.802
2002,Annual,West Midlands,0.433,9.186
2003,Annual,West Midlands,0.407,8.198
2004,Annual,West Midlands,0.350,10.651
2005,Annual,West Midlands,0.398,8.593
2006,Annual,West Midlands,0.361,9.837
2007,Annual,West Midlands,0.409,8.221
2008,Annual,West Midlands,0.343,8.733
2009,Annual,West Midlands,0.407,7.779
2010,Annual,West Midlands,0.366,7.860
2011,Annual,West Midlands,0.356,13.163
2012,Annual,West Midlands,0.403,8.744
2013,Annual,West Midlands,0.357,8.581
2014,Annual,West Midlands,0.390,7.965
2015,Annual,West Midlands,0.396,15.500
2016,Annual,West Midlands,0.429,9.035
2017,Annual,West Midlands,0.503,11.140
2018,Annual,West Midlands,0.364,8.547
2019,Annual,West Midlands,0.439,7.802
2020,Annual,West Midlands,0.443,15.093
2021,Annual,West Midlands,0.390,10.814
2022,Annual,West Midlands,0.397,10.326
2023,Annual,West Midlands,0.359,7.744
2024,Annual,West Midlands,0.410,10.477
2025,Annual,West Midlands,0.410,9.244
2026,Annual,West Midlands,0.276,7.965
2027,Annual,West Midlands,0.391,7.070
2028,Annual,West Midlands,0.366,9.093
2029,Annual,West Midlands,0.454,10.023
2030,Annual,West Midlands,0.451,8.314
2031,Annual,West Midlands,0.435,10.151
2032,Annual,West Midlands,0.382,10.500
2033,Annual,West Midlands,0.392,7.151
2034,Annual,West Midlands,0.432,8.570
2035,Annual,West Midlands,0.387,10.849
2036,Annual,West Midlands,0.405,9.837
2037,Annual,West Midlands,0.373,8.256
2038,Annual,West Midlands,0.342,6.907
2039,Annual,West Midlands,0.387,9.233
2040,Annual,West Midlands,0.400,10.709
2041,Annual,West Midlands,0.399,8.686
2042,Annual,West Midlands,0.437,9.767
2043,Annual,West Midlands,0.359,7.523
2044,Annual,West Midlands,0.345,6.988
2045,Annual,West Midlands,0.316,8.395
2046,Annual,West Midlands,0.354,7.337
2047,Annual,West Midlands,0.297,7.233
2048,Annual,West Midlands,0.305,8.058
2049,Annual,West Midlands,0.396,9.837
2050,Annual,West Midlands,0.360,8.058
2051,Annual,West Midlands,0.386,9.186
2052,Annual,West Midlands,0.350,8.302
2053,Annual,West Midlands,0.318,6.907
2054,Annual,West Midlands,0.310,8.070
2055,Annual,West Midlands,0.383,13.767
2056,Annual,West Midlands,0.392,10.488
2057,Annual,West Midlands,0.309,8.395
2058,Annual,West Midlands,0.347,8.849
2059,Annual,West Midlands,0.300,7.163
2060,Annual,West Midlands,0.329,8.070
2061,Annual,West Midlands,0.376,8.488
2062,Annual,West Midlands,0.319,6.709
2063,Annual,West Midlands,0.342,10.453
2064,Annual,West Midlands,0.357,11.721
2065,Annual,West Midlands,0.432,11.488
2066,Annual,West Midlands,0.348,8.744
2067,Annual,West Midlands,0.361,6.849
2068,Annual,West Midlands,0.359,9.814
2069,Annual,West Midlands,0.337,7.314
2070,Annual,West Midlands,0.352,9.314
2071,Annual,West Midlands,0.365,9.581
2072,Annual,West Midlands,0.259,6.105
2073,Annual,West Midlands,0.407,8.151
2074,Annual,West Midlands,0.370,9.744
2075,Annual,West Midlands,0.346,9.349
2076,Annual,West Midlands,0.323,6.942
2077,Annual,West Midlands,0.374,7.616
2078,Annual,West Midlands,0.320,8.512
2079,Annual,West Midlands,0.371,7.360
2080,Annual,West Midlands,0.368,8.302
1981,Annual,West Scotland,0.558,15.212
1982,Annual,West Scotland,0.519,17.583
1983,Annual,West Scotland,0.589,17.144
1984,Annual,West Scotland,0.597,18.114
1985,Annual,West Scotland,0.604,16.545
1986,Annual,West Scotland,0.540,13.712
1987,Annual,West Scotland,0.633,17.341
1988,Annual,West Scotland,0.606,14.583
1989,Annual,West Scotland,0.615,15.917
1990,Annual,West Scotland,0.573,15.742
1991,Annual,West Scotland,0.527,13.682
1992,Annual,West Scotland,0.621,16.492
1993,Annual,West Scotland,0.566,22.250
1994,Annual,West Scotland,0.586,16.523
1995,Annual,West Scotland,0.557,13.288
1996,Annual,West Scotland,0.585,17.545
1997,Annual,West Scotland,0.606,13.455
1998,Annual,West Scotland,0.569,18.886
1999,Annual,West Scotland,0.578,17.879
2000,Annual,West Scotland,0.646,14.114
2001,Annual,West Scotland,0.553,18.795
2002,Annual,West Scotland,0.624,26.417
2003,Annual,West Scotland,0.597,14.258
2004,Annual,West Scotland,0.541,16.636
2005,Annual,West Scotland,0.535,13.826
2006,Annual,West Scotland,0.469,15.326
2007,Annual,West Scotland,0.579,14.220
2008,Annual,West Scotland,0.518,15.030
2009,Annual,West Scotland,0.574,16.386
2010,Annual,West Scotland,0.614,26.477
2011,Annual,West Scotland,0.539,14.189
2012,Annual,West Scotland,0.579,16.970
2013,Annual,West Scotland,0.616,18.659
2014,Annual,West Scotland,0.553,16.106
2015,Annual,West Scotland,0.557,16.856
2016,Annual,West Scotland,0.598,15.992
2017,Annual,West Scotland,0.641,18.348
2018,Annual,West Scotland,0.577,16.492
2019,Annual,West Scotland,0.642,17.955
2020,Annual,West Scotland,0.648,13.523
2021,Annual,West Scotland,0.541,14.553
2022,Annual,West Scotland,0.493,11.970
2023,Annual,West Scotland,0.584,18.667
2024,Annual,West Scotland,0.578,15.727
2025,Annual,West Scotland,0.523,13.568
2026,Annual,West Scotland,0.462,17.545
2027,Annual,West Scotland,0.541,12.462
2028,Annual,West Scotland,0.497,18.712
2029,Annual,West Scotland,0.557,14.879
2030,Annual,West Scotland,0.573,17.674
2031,Annual,West Scotland,0.587,21.932
2032,Annual,West Scotland,0.495,13.114
2033,Annual,West Scotland,0.525,12.970
2034,Annual,West Scotland,0.620,21.742
2035,Annual,West Scotland,0.612,15.000
2036,Annual,West Scotland,0.513,13.735
2037,Annual,West Scotland,0.522,19.712
2038,Annual,West Scotland,0.566,18.061
2039,Annual,West Scotland,0.528,12.220
2040,Annual,West Scotland,0.549,16.212
2041,Annual,West Scotland,0.560,13.235
2042,Annual,West Scotland,0.555,15.038
2043,Annual,West Scotland,0.533,12.258
2044,Annual,West Scotland,0.542,11.402
2045,Annual,West Scotland,0.547,23.212
2046,Annual,West Scotland,0.525,12.015
2047,Annual,West Scotland,0.568,15.795
2048,Annual,West Scotland,0.535,14.735
2049,Annual,West Scotland,0.623,20.826
2050,Annual,West Scotland,0.538,13.780
2051,Annual,West Scotland,0.591,15.326
2052,Annual,West Scotland,0.509,18.318
2053,Annual,West Scotland,0.534,18.712
2054,Annual,West Scotland,0.447,11.644
2055,Annual,West Scotland,0.516,19.697
2056,Annual,West Scotland,0.631,17.439
2057,Annual,West Scotland,0.563,15.568
2058,Annual,West Scotland,0.561,18.439
2059,Annual,West Scotland,0.564,13.341
2060,Annual,West Scotland,0.553,13.083
2061,Annual,West Scotland,0.564,13.841
2062,Annual,West Scotland,0.514,15.924
2063,Annual,West Scotland,0.534,17.220
2064,Annual,West Scotland,0.638,19.197
2065,Annual,West Scotland,0.578,21.977
2066,Annual,West Scotland,0.569,14.167
2067,Annual,West Scotland,0.576,13.955
2068,Annual,West Scotland,0.546,14.788
2069,Annual,West Scotland,0.595,16.697
2070,Annual,West Scotland,0.554,15.538
2071,Annual,West Scotland,0.498,16.439
2072,Annual,West Scotland,0.491,11.947
2073,Annual,West Scotland,0.595,22.674
2074,Annual,West Scotland,0.589,18.826
2075,Annual,West Scotland,0.540,16.992
2076,Annual,West Scotland,0.536,15.386
2077,Annual,West Scotland,0.597,16.023
2078,Annual,West Scotland,0.471,10.614
2079,Annual,West Scotland,0.564,15.530
2080,Annual,West Scotland,0.562,21.265
1981,Annual,Yorkshire and Humber,0.424,10.911
1982,Annual,Yorkshire and Humber,0.409,9.881
1983,Annual,Yorkshire and Humber,0.434,11.614
1984,Annual,Yorkshire and Humber,0.442,14.515
1985,Annual,Yorkshire and Humber,0.478,10.931
1986,Annual,Yorkshire and Humber,0.436,9.406
1987,Annual,Yorkshire and Humber,0.431,9.188
1988,Annual,Yorkshire and Humber,0.447,8.802
1989,Annual,Yorkshire and Humber,0.454,10.624
1990,Annual,Yorkshire and Humber,0.495,12.416
1991,Annual,Yorkshire and Humber,0.373,6.950
1992,Annual,Yorkshire and Humber,0.387,9.198
1993,Annual,Yorkshire and Humber,0.419,9.792
1994,Annual,Yorkshire and Humber,0.427,10.317
1995,Annual,Yorkshire and Humber,0.461,9.248
1996,Annual,Yorkshire and Humber,0.401,11.832
1997,Annual,Yorkshire and Humber,0.435,8.218
1998,Annual,Yorkshire and Humber,0.440,8.990
1999,Annual,Yorkshire and Humber,0.471,10.950
2000,Annual,Yorkshire and Humber,0.439,11.822
2001,Annual,Yorkshire and Humber,0.448,10.743
2002,Annual,Yorkshire and Humber,0.443,10.248
2003,Annual,Yorkshire and Humber,0.451,9.129
2004,Annual,Yorkshire and Humber,0.418,11.871
2005,Annual,Yorkshire and Humber,0.435,10.129
2006,Annual,Yorkshire and Humber,0.422,9.663
2007,Annual,Yorkshire and Humber,0.444,9.743
2008,Annual,Yorkshire and Humber,0.328,8.079
2009,Annual,Yorkshire and Humber,0.421,8.743
2010,Annual,Yorkshire and Humber,0.409,13.198
2011,Annual,Yorkshire and Humber,0.379,11.129
2012,Annual,Yorkshire and Humber,0.421,9.089
2013,Annual,Yorkshire and Humber,0.406,10.109
2014,Annual,Yorkshire and Humber,0.400,8.950
2015,Annual,Yorkshire and Humber,0.400,10.574
2016,Annual,Yorkshire and Humber,0.414,8.119
2017,Annual,Yorkshire and Humber,0.534,12.980
2018,Annual,Yorkshire and Humber,0.379,8.297
2019,Annual,Yorkshire and Humber,0.469,9.891
2020,Annual,Yorkshire and Humber,0.465,10.089
2021,Annual,Yorkshire and Humber,0.411,10.059
2022,Annual,Yorkshire and Humber,0.394,9.614
2023,Annual,Yorkshire and Humber,0.378,8.832
2024,Annual,Yorkshire and Humber,0.468,10.723
2025,Annual,Yorkshire and Humber,0.417,11.713
2026,Annual,Yorkshire and Humber,0.322,9.802
2027,Annual,Yorkshire and Humber,0.443,8.248
2028,Annual,Yorkshire and Humber,0.425,13.228
2029,Annual,Yorkshire and Humber,0.452,9.446
2030,Annual,Yorkshire and Humber,0.497,12.030
2031,Annual,Yorkshire and Humber,0.475,14.911
2032,Annual,Yorkshire and Humber,0.417,8.594
2033,Annual,Yorkshire and Humber,0.398,8.584
2034,Annual,Yorkshire and Humber,0.454,10.218
2035,Annual,Yorkshire and Humber,0.414,9.020
2036,Annual,Yorkshire and Humber,0.427,9.851
2037,Annual,Yorkshire and Humber,0.403,8.574
2038,Annual,Yorkshire and Humber,0.364,7.198
2039,Annual,Yorkshire and Humber,0.408,8.614
2040,Annual,Yorkshire and Humber,0.431,12.475
2041,Annual,Yorkshire and Humber,0.435,8.782
2042,Annual,Yorkshire and Humber,0.469,9.465
2043,Annual,Yorkshire and Humber,0.415,10.099
2044,Annual,Yorkshire and Humber,0.383,10.218
2045,Annual,Yorkshire and Humber,0.354,11.139
2046,Annual,Yorkshire and Humber,0.381,8.020
2047,Annual,Yorkshire and Humber,0.329,6.980
2048,Annual,Yorkshire and Humber,0.354,9.287
2049,Annual,Yorkshire and Humber,0.435,10.525
2050,Annual,Yorkshire and Humber,0.405,9.396
2051,Annual,Yorkshire and Humber,0.408,8.832
2052,Annual,Yorkshire and Humber,0.370,9.129
2053,Annual,Yorkshire and Humber,0.347,7.257
2054,Annual,Yorkshire and Humber,0.343,7.941
2055,Annual,Yorkshire and Humber,0.429,13.505
2056,Annual,Yorkshire and Humber,0.445,12.030
2057,Annual,Yorkshire and Humber,0.361,9.950
2058,Annual,Yorkshire and Humber,0.365,7.802
2059,Annual,Yorkshire and Humber,0.349,9.960
2060,Annual,Yorkshire and Humber,0.368,7.733
2061,Annual,Yorkshire and Humber,0.417,7.990
2062,Annual,Yorkshire and Humber,0.349,8.297
2063,Annual,Yorkshire and Humber,0.341,7.673
2064,Annual,Yorkshire and Humber,0.391,12.416
2065,Annual,Yorkshire and Humber,0.487,12.436
2066,Annual,Yorkshire and Humber,0.383,9.257
2067,Annual,Yorkshire and Humber,0.389,8.673
2068,Annual,Yorkshire and Humber,0.365,6.881
2069,Annual,Yorkshire and Humber,0.385,7.653
2070,Annual,Yorkshire and Humber,0.362,8.525
2071,Annual,Yorkshire and Humber,0.393,9.723
2072,Annual,Yorkshire and Humber,0.300,7.525
2073,Annual,Yorkshire and Humber,0.434,10.168
2074,Annual,Yorkshire and Humber,0.398,9.396
2075,Annual,Yorkshire and Humber,0.384,10.851
2076,Annual,Yorkshire and Humber,0.359,8.119
2077,Annual,Yorkshire and Humber,0.406,7.644
2078,Annual,Yorkshire and Humber,0.371,8.762
2079,Annual,Yorkshire and Humber,0.392,8.327
2080,Annual,Yorkshire and Humber,0.383,11.317
1981,Annual,Channel Islands,0.350,11.500
1982,Annual,Channel Islands,0.358,6.000
1983,Annual,Channel Islands,0.400,12.000
1984,Annual,Channel Islands,0.424,11.500
1985,Annual,Channel Islands,0.385,10.500
1986,Annual,Channel Islands,0.354,7.000
1987,Annual,Channel Islands,0.465,16.500
1988,Annual,Channel Islands,0.360,7.000
1989,Annual,Channel Islands,0.428,11.000
1990,Annual,Channel Islands,0.467,11.500
1991,Annual,Channel Islands,0.321,10.000
1992,Annual,Channel Islands,0.306,6.000
1993,Annual,Channel Islands,0.347,7.500
1994,Annual,Channel Islands,0.325,7.000
1995,Annual,Channel Islands,0.426,11.000
1996,Annual,Channel Islands,0.338,13.000
1997,Annual,Channel Islands,0.382,7.000
1998,Annual,Channel Islands,0.394,8.000
1999,Annual,Channel Islands,0.356,11.000
2000,Annual,Channel Islands,0.386,10.000
2001,Annual,Channel Islands,0.415,8.500
2002,Annual,Channel Islands,0.449,10.000
2003,Annual,Channel Islands,0.362,10.000
2004,Annual,Channel Islands,0.351,9.000
2005,Annual,Channel Islands,0.340,7.000
2006,Annual,Channel Islands,0.362,15.000
2007,Annual,Channel Islands,0.390,13.000
2008,Annual,Channel Islands,0.276,8.000
2009,Annual,Channel Islands,0.369,7.000
2010,Annual,Channel Islands,0.351,10.000
2011,Annual,Channel Islands,0.347,12.000
2012,Annual,Channel Islands,0.378,8.000
2013,Annual,Channel Islands,0.356,8.000
2014,Annual,Channel Islands,0.414,11.000
2015,Annual,Channel Islands,0.356,10.500
2016,Annual,Channel Islands,0.404,9.500
2017,Annual,Channel Islands,0.500,12.000
2018,Annual,Channel Islands,0.319,5.500
2019,Annual,Channel Islands,0.407,10.500
2020,Annual,Channel Islands,0.385,9.000
2021,Annual,Channel Islands,0.383,9.500
2022,Annual,Channel Islands,0.372,9.000
2023,Annual,Channel Islands,0.314,7.000
2024,Annual,Channel Islands,0.414,8.000
2025,Annual,Channel Islands,0.369,11.000
2026,Annual,Channel Islands,0.240,7.000
2027,Annual,Channel Islands,0.326,8.500
2028,Annual,Channel Islands,0.365,9.000
2029,Annual,Channel Islands,0.406,11.000
2030,Annual,Channel Islands,0.401,9.000
2031,Annual,Channel Islands,0.411,8.000
2032,Annual,Channel Islands,0.361,10.000
2033,Annual,Channel Islands,0.364,7.000
2034,Annual,Channel Islands,0.414,9.000
2035,Annual,Channel Islands,0.340,10.000
2036,Annual,Channel Islands,0.374,11.000
2037,Annual,Channel Islands,0.347,8.000
2038,Annual,Channel Islands,0.301,9.000
2039,Annual,Channel Islands,0.381,11.000
2040,Annual,Channel Islands,0.371,11.000
2041,Annual,Channel Islands,0.328,6.000
2042,Annual,Channel Islands,0.381,8.000
2043,Annual,Channel Islands,0.322,8.000
2044,Annual,Channel Islands,0.331,8.500
2045,Annual,Channel Islands,0.268,7.000
2046,Annual,Channel Islands,0.314,19.000
2047,Annual,Channel Islands,0.276,8.000
2048,Annual,Channel Islands,0.275,8.000
2049,Annual,Channel Islands,0.364,7.000
2050,Annual,Channel Islands,0.314,9.000
2051,Annual,Channel Islands,0.371,9.000
2052,Annual,Channel Islands,0.317,11.000
2053,Annual,Channel Islands,0.290,6.500
2054,Annual,Channel Islands,0.265,6.000
2055,Annual,Channel Islands,0.349,13.500
2056,Annual,Channel Islands,0.340,16.000
2057,Annual,Channel Islands,0.263,7.000
2058,Annual,Channel Islands,0.322,11.000
2059,Annual,Channel Islands,0.268,7.500
2060,Annual,Channel Islands,0.339,10.000
2061,Annual,Channel Islands,0.399,10.000
2062,Annual,Channel Islands,0.314,10.000
2063,Annual,Channel Islands,0.353,10.000
2064,Annual,Channel Islands,0.315,7.500
2065,Annual,Channel Islands,0.463,14.000
2066,Annual,Channel Islands,0.307,10.000
2067,Annual,Channel Islands,0.367,12.000
2068,Annual,Channel Islands,0.282,9.000
2069,Annual,Channel Islands,0.299,7.000
2070,Annual,Channel Islands,0.299,7.000
2071,Annual,Channel Islands,0.372,8.000
2072,Annual,Channel Islands,0.240,9.000
2073,Annual,Channel Islands,0.346,9.500
2074,Annual,Channel Islands,0.376,17.000
2075,Annual,Channel Islands,0.331,11.500
2076,Annual,Channel Islands,0.301,8.500
2077,Annual,Channel Islands,0.336,11.000
2078,Annual,Channel Islands,0.296,8.000
2079,Annual,Channel Islands,0.335,14.000
2080,Annual,Channel Islands,0.364,8.000
1981,Annual,Isle of Man,0.470,9.000
1982,Annual,Isle of Man,0.429,11.000
1983,Annual,Isle of Man,0.539,11.667
1984,Annual,Isle of Man,0.556,15.000
1985,Annual,Isle of Man,0.523,11.000
1986,Annual,Isle of Man,0.494,14.000
1987,Annual,Isle of Man,0.540,12.000
1988,Annual,Isle of Man,0.492,8.000
1989,Annual,Isle of Man,0.554,12.333
1990,Annual,Isle of Man,0.530,14.000
1991,Annual,Isle of Man,0.439,8.333
1992,Annual,Isle of Man,0.488,9.667
1993,Annual,Isle of Man,0.467,11.667
1994,Annual,Isle of Man,0.524,13.000
1995,Annual,Isle of Man,0.531,14.333
1996,Annual,Isle of Man,0.488,11.333
1997,Annual,Isle of Man,0.508,7.667
1998,Annual,Isle of Man,0.508,10.667
1999,Annual,Isle of Man,0.519,8.333
2000,Annual,Isle of Man,0.511,11.333
2001,Annual,Isle of Man,0.488,11.667
2002,Annual,Isle of Man,0.515,11.000
2003,Annual,Isle of Man,0.488,9.333
2004,Annual,Isle of Man,0.444,16.333
2005,Annual,Isle of Man,0.475,14.000
2006,Annual,Isle of Man,0.429,10.000
2007,Annual,Isle of Man,0.548,12.333
2008,Annual,Isle of Man,0.421,9.000
2009,Annual,Isle of Man,0.518,16.000
2010,Annual,Isle of Man,0.476,11.333
2011,Annual,Isle of Man,0.464,9.333
2012,Annual,Isle of Man,0.531,11.667
2013,Annual,Isle of Man,0.495,13.667
2014,Annual,Isle of Man,0.463,8.000
2015,Annual,Isle of Man,0.469,12.000
2016,Annual,Isle of Man,0.503,9.333
2017,Annual,Isle of Man,0.588,9.333
2018,Annual,Isle of Man,0.456,10.667
2019,Annual,Isle of Man,0.574,13.000
2020,Annual,Isle of Man,0.553,13.000
2021,Annual,Isle of Man,0.462,14.000
2022,Annual,Isle of Man,0.464,15.667
2023,Annual,Isle of Man,0.437,7.333
2024,Annual,Isle of Man,0.481,11.667
2025,Annual,Isle of Man,0.472,10.000
2026,Annual,Isle of Man,0.393,10.000
2027,Annual,Isle of Man,0.473,7.667
2028,Annual,Isle of Man,0.424,11.667
2029,Annual,Isle of Man,0.484,12.000
2030,Annual,Isle of Man,0.503,8.333
2031,Annual,Isle of Man,0.521,13.667
2032,Annual,Isle of Man,0.439,10.333
2033,Annual,Isle of Man,0.471,13.667
2034,Annual,Isle of Man,0.514,11.000
2035,Annual,Isle of Man,0.504,10.000
2036,Annual,Isle of Man,0.474,12.333
2037,Annual,Isle of Man,0.435,15.000
2038,Annual,Isle of Man,0.444,9.000
2039,Annual,Isle of Man,0.456,10.000
2040,Annual,Isle of Man,0.503,10.000
2041,Annual,Isle of Man,0.486,10.000
2042,Annual,Isle of Man,0.506,9.000
2043,Annual,Isle of Man,0.448,10.667
2044,Annual,Isle of Man,0.413,8.333
2045,Annual,Isle of Man,0.437,10.000
2046,Annual,Isle of Man,0.450,8.000
2047,Annual,Isle of Man,0.421,6.333
2048,Annual,Isle of Man,0.397,8.000
2049,Annual,Isle of Man,0.540,11.333
2050,Annual,Isle of Man,0.454,10.333
2051,Annual,Isle of Man,0.491,8.333
2052,Annual,Isle of Man,0.444,9.333
2053,Annual,Isle of Man,0.421,9.000
2054,Annual,Isle of Man,0.358,12.000
2055,Annual,Isle of Man,0.439,26.000
2056,Annual,Isle of Man,0.501,10.667
2057,Annual,Isle of Man,0.436,8.000
2058,Annual,Isle of Man,0.441,7.667
2059,Annual,Isle of Man,0.442,7.333
2060,Annual,Isle of Man,0.419,7.333
2061,Annual,Isle of Man,0.446,10.667
2062,Annual,Isle of Man,0.409,8.000
2063,Annual,Isle of Man,0.444,8.333
2064,Annual,Isle of Man,0.494,10.000
2065,Annual,Isle of Man,0.519,12.000
2066,Annual,Isle of Man,0.460,8.333
2067,Annual,Isle of Man,0.437,9.000
2068,Annual,Isle of Man,0.424,6.333
2069,Annual,Isle of Man,0.485,14.667
2070,Annual,Isle of Man,0.434,8.333
2071,Annual,Isle of Man,0.411,10.000
2072,Annual,Isle of Man,0.382,6.000
2073,Annual,Isle of Man,0.454,6.333
2074,Annual,Isle of Man,0.482,13.667
2075,Annual,Isle of Man,0.428,12.333
2076,Annual,Isle of Man,0.402,7.000
2077,Annual,Isle of Man,0.487,7.000
2078,Annual,Isle of Man,0.369,9.000
2079,Annual,Isle of Man,0.457,10.000
2080,Annual,Isle of Man,0.457,13.000
1981,Annual,Northern Ireland,0.499,11.635
1982,Annual,Northern Ireland,0.488,11.671
1983,Annual,Northern Ireland,0.574,14.706
1984,Annual,Northern Ireland,0.563,17.000
1985,Annual,Northern Ireland,0.555,13.212
1986,Annual,Northern Ireland,0.528,11.047
1987,Annual,Northern Ireland,0.572,13.259
1988,Annual,Northern Ireland,0.575,12.906
1989,Annual,Northern Ireland,0.574,13.494
1990,Annual,Northern Ireland,0.541,14.776
1991,Annual,Northern Ireland,0.496,12.341
1992,Annual,Northern Ireland,0.521,10.365
1993,Annual,Northern Ireland,0.515,14.906
1994,Annual,Northern Ireland,0.528,14.424
1995,Annual,Northern Ireland,0.538,15.918
1996,Annual,Northern Ireland,0.503,11.718
1997,Annual,Northern Ireland,0.564,12.624
1998,Annual,Northern Ireland,0.544,12.600
1999,Annual,Northern Ireland,0.558,12.247
2000,Annual,Northern Ireland,0.563,11.318
2001,Annual,Northern Ireland,0.526,13.165
2002,Annual,Northern Ireland,0.558,14.741
2003,Annual,Northern Ireland,0.554,11.400
2004,Annual,Northern Ireland,0.486,17.518
2005,Annual,Northern Ireland,0.513,13.435
2006,Annual,Northern Ireland,0.470,11.388
2007,Annual,Northern Ireland,0.552,13.035
2008,Annual,Northern Ireland,0.455,10.412
2009,Annual,Northern Ireland,0.523,11.353
2010,Annual,Northern Ireland,0.513,15.141
2011,Annual,Northern Ireland,0.470,11.518
2012,Annual,Northern Ireland,0.551,12.800
2013,Annual,Northern Ireland,0.523,12.541
2014,Annual,Northern Ireland,0.522,12.153
2015,Annual,Northern Ireland,0.512,12.918
2016,Annual,Northern Ireland,0.542,12.753
2017,Annual,Northern Ireland,0.614,16.506
2018,Annual,Northern Ireland,0.519,10.835
2019,Annual,Northern Ireland,0.612,13.788
2020,Annual,Northern Ireland,0.601,12.706
2021,Annual,Northern Ireland,0.507,13.282
2022,Annual,Northern Ireland,0.480,9.459
2023,Annual,Northern Ireland,0.516,11.459
2024,Annual,Northern Ireland,0.523,12.118
2025,Annual,Northern Ireland,0.512,13.376
2026,Annual,Northern Ireland,0.424,11.706
2027,Annual,Northern Ireland,0.524,10.435
2028,Annual,Northern Ireland,0.481,15.471
2029,Annual,Northern Ireland,0.531,11.788
2030,Annual,Northern Ireland,0.582,16.718
2031,Annual,Northern Ireland,0.562,14.518
2032,Annual,Northern Ireland,0.498,12.388
2033,Annual,Northern Ireland,0.476,11.435
2034,Annual,Northern Ireland,0.567,14.176
2035,Annual,Northern Ireland,0.545,15.106
2036,Annual,Northern Ireland,0.484,11.306
2037,Annual,Northern Ireland,0.480,18.953
2038,Annual,Northern Ireland,0.488,11.635
2039,Annual,Northern Ireland,0.476,11.424
2040,Annual,Northern Ireland,0.511,10.341
2041,Annual,Northern Ireland,0.523,13.541
2042,Annual,Northern Ireland,0.535,12.941
2043,Annual,Northern Ireland,0.485,11.588
2044,Annual,Northern Ireland,0.464,9.953
2045,Annual,Northern Ireland,0.482,14.553
2046,Annual,Northern Ireland,0.481,10.329
2047,Annual,Northern Ireland,0.477,10.812
2048,Annual,Northern Ireland,0.461,10.024
2049,Annual,Northern Ireland,0.586,15.776
2050,Annual,Northern Ireland,0.476,9.647
2051,Annual,Northern Ireland,0.547,13.624
2052,Annual,Northern Ireland,0.449,11.459
2053,Annual,Northern Ireland,0.459,11.318
2054,Annual,Northern Ireland,0.389,10.188
2055,Annual,Northern Ireland,0.475,17.565
2056,Annual,Northern Ireland,0.557,12.906
2057,Annual,Northern Ireland,0.485,10.800
2058,Annual,Northern Ireland,0.518,12.200
2059,Annual,Northern Ireland,0.482,10.412
2060,Annual,Northern Ireland,0.484,12.976
2061,Annual,Northern Ireland,0.496,16.200
2062,Annual,Northern Ireland,0.470,11.400
2063,Annual,Northern Ireland,0.462,9.824
2064,Annual,Northern Ireland,0.585,17.388
2065,Annual,Northern Ireland,0.552,15.059
2066,Annual,Northern Ireland,0.495,10.400
2067,Annual,Northern Ireland,0.509,12.918
2068,Annual,Northern Ireland,0.481,12.635
2069,Annual,Northern Ireland,0.515,12.518
2070,Annual,Northern Ireland,0.466,12.376
2071,Annual,Northern Ireland,0.435,12.518
2072,Annual,Northern Ireland,0.410,7.882
2073,Annual,Northern Ireland,0.531,15.306
2074,Annual,Northern Ireland,0.516,11.953
2075,Annual,Northern Ireland,0.475,15.200
2076,Annual,Northern Ireland,0.466,13.800
2077,Annual,Northern Ireland,0.529,11.800
2078,Annual,Northern Ireland,0.417,10.847
2079,Annual,Northern Ireland,0.522,13.565
2080,Annual,Northern Ireland,0.500,16.776
1981,Annual,Wales,0.506,12.865
1982,Annual,Wales,0.482,15.120
1983,Annual,Wales,0.551,18.707
1984,Annual,Wales,0.550,18.639
1985,Annual,Wales,0.544,14.256
1986,Annual,Wales,0.519,13.812
1987,Annual,Wales,0.552,15.075
1988,Annual,Wales,0.565,12.414
1989,Annual,Wales,0.550,16.429
1990,Annual,Wales,0.542,16.188
1991,Annual,Wales,0.477,17.677
1992,Annual,Wales,0.486,12.865
1993,Annual,Wales,0.502,19.173
1994,Annual,Wales,0.509,14.940
1995,Annual,Wales,0.546,15.902
1996,Annual,Wales,0.501,18.489
1997,Annual,Wales,0.567,14.045
1998,Annual,Wales,0.532,17.947
1999,Annual,Wales,0.522,14.098
2000,Annual,Wales,0.555,17.677
2001,Annual,Wales,0.532,16.519
2002,Annual,Wales,0.579,15.827
2003,Annual,Wales,0.497,12.444
2004,Annual,Wales,0.470,15.699
2005,Annual,Wales,0.481,11.556
2006,Annual,Wales,0.436,13.383
2007,Annual,Wales,0.556,15.940
2008,Annual,Wales,0.432,12.632
2009,Annual,Wales,0.525,13.624
2010,Annual,Wales,0.502,13.466
2011,Annual,Wales,0.475,14.970
2012,Annual,Wales,0.526,16.346
2013,Annual,Wales,0.487,13.571
2014,Annual,Wales,0.512,11.662
2015,Annual,Wales,0.510,21.353
2016,Annual,Wales,0.541,15.286
2017,Annual,Wales,0.632,17.241
2018,Annual,Wales,0.506,12.639
2019,Annual,Wales,0.585,16.489
2020,Annual,Wales,0.587,17.857
2021,Annual,Wales,0.488,14.707
2022,Annual,Wales,0.470,12.955
2023,Annual,Wales,0.480,11.624
2024,Annual,Wales,0.526,21.278
2025,Annual,Wales,0.495,13.271
2026,Annual,Wales,0.390,14.383
2027,Annual,Wales,0.507,12.361
2028,Annual,Wales,0.452,12.278
2029,Annual,Wales,0.531,12.293
2030,Annual,Wales,0.558,16.722
2031,Annual,Wales,0.551,19.684
2032,Annual,Wales,0.475,17.000
2033,Annual,Wales,0.492,12.421
2034,Annual,Wales,0.554,17.571
2035,Annual,Wales,0.517,14.940
2036,Annual,Wales,0.508,15.218
2037,Annual,Wales,0.484,14.421
2038,Annual,Wales,0.467,12.571
2039,Annual,Wales,0.479,13.970
2040,Annual,Wales,0.497,18.872
2041,Annual,Wales,0.497,11.541
2042,Annual,Wales,0.540,15.368
2043,Annual,Wales,0.471,12.180
2044,Annual,Wales,0.457,12.895
2045,Annual,Wales,0.432,16.556
2046,Annual,Wales,0.480,9.782
2047,Annual,Wales,0.442,12.902
2048,Annual,Wales,0.434,15.105
2049,Annual,Wales,0.517,13.579
2050,Annual,Wales,0.484,12.346
2051,Annual,Wales,0.517,14.955
2052,Annual,Wales,0.430,13.662
2053,Annual,Wales,0.422,12.346
2054,Annual,Wales,0.384,8.624
2055,Annual,Wales,0.465,14.955
2056,Annual,Wales,0.520,16.744
2057,Annual,Wales,0.445,13.030
2058,Annual,Wales,0.462,17.887
2059,Annual,Wales,0.448,10.669
2060,Annual,Wales,0.487,14.594
2061,Annual,Wales,0.491,15.120
2062,Annual,Wales,0.429,11.218
2063,Annual,Wales,0.472,12.211
2064,Annual,Wales,0.505,15.579
2065,Annual,Wales,0.544,18.737
2066,Annual,Wales,0.482,12.617
2067,Annual,Wales,0.486,10.940
2068,Annual,Wales,0.470,16.248
2069,Annual,Wales,0.494,12.594
2070,Annual,Wales,0.455,11.391
2071,Annual,Wales,0.467,14.895
2072,Annual,Wales,0.387,9.504
2073,Annual,Wales,0.540,15.323
2074,Annual,Wales,0.511,16.015
2075,Annual,Wales,0.471,19.158
2076,Annual,Wales,0.431,10.406
2077,Annual,Wales,0.520,12.504
2078,Annual,Wales,0.399,10.060
2079,Annual,Wales,0.484,12.932
2080,Annual,Wales,0.496,18.880
1981,DJF,East Midlands,0.397,5.534
1982,DJF,East Midlands,0.461,10.330
1983,DJF,East Midlands,0.509,8.233
1984,DJF,East Midlands,0.597,12.825
1985,DJF,East Midlands,0.400,6.214
1986,DJF,East Midlands,0.534,6.961
1987,DJF,East Midlands,0.525,7.078
1988,DJF,East Midlands,0.351,4.485
1989,DJF,East Midlands,0.532,8.320
1990,DJF,East Midlands,0.597,9.961
1991,DJF,East Midlands,0.500,6.223
1992,DJF,East Midlands,0.366,4.777
1993,DJF,East Midlands,0.490,5.631
1994,DJF,East Midlands,0.387,7.117
1995,DJF,East Midlands,0.593,8.757
1996,DJF,East Midlands,0.513,8.680
1997,DJF,East Midlands,0.519,6.553
1998,DJF,East Midlands,0.578,7.447
1999,DJF,East Midlands,0.452,5.583
2000,DJF,East Midlands,0.586,8.233
2001,DJF,East Midlands,0.444,7.000
2002,DJF,East Midlands,0.514,6.515
2003,DJF,East Midlands,0.540,6.534
2004,DJF,East Midlands,0.645,11.602
2005,DJF,East Midlands,0.525,9.437
2006,DJF,East Midlands,0.529,7.796
2007,DJF,East Midlands,0.484,5.990
2008,DJF,East Midlands,0.367,4.165
2009,DJF,East Midlands,0.456,6.913
2010,DJF,East Midlands,0.437,5.068
2011,DJF,East Midlands,0.273,3.961
2012,DJF,East Midlands,0.466,7.291
2013,DJF,East Midlands,0.497,8.340
2014,DJF,East Midlands,0.429,6.029
2015,DJF,East Midlands,0.555,14.126
2016,DJF,East Midlands,0.505,5.660
2017,DJF,East Midlands,0.564,7.272
2018,DJF,East Midlands,0.354,4.320
2019,DJF,East Midlands,0.479,7.087
2020,DJF,East Midlands,0.542,11.971
2021,DJF,East Midlands,0.414,11.437
2022,DJF,East Midlands,0.372,8.922
2023,DJF,East Midlands,0.457,6.311
2024,DJF,East Midlands,0.577,6.699
2025,DJF,East Midlands,0.417,5.757
2026,DJF,East Midlands,0.312,6.699
2027,DJF,East Midlands,0.453,4.767
2028,DJF,East Midlands,0.589,9.447
2029,DJF,East Midlands,0.551,10.835
2030,DJF,East Midlands,0.619,7.252
2031,DJF,East Midlands,0.522,6.990
2032,DJF,East Midlands,0.509,7.087
2033,DJF,East Midlands,0.423,6.835
2034,DJF,East Midlands,0.537,7.621
2035,DJF,East Midlands,0.593,7.272
2036,DJF,East Midlands,0.510,6.019
2037,DJF,East Midlands,0.423,5.796
2038,DJF,East Midlands,0.437,5.223
2039,DJF,East Midlands,0.565,6.922
2040,DJF,East Midlands,0.550,8.845
2041,DJF,East Midlands,0.512,6.097
2042,DJF,East Midlands,0.498,6.456
2043,DJF,East Midlands,0.349,5.534
2044,DJF,East Midlands,0.538,6.621
2045,DJF,East Midlands,0.523,7.816
2046,DJF,East Midlands,0.349,6.544
2047,DJF,East Midlands,0.366,5.233
2048,DJF,East Midlands,0.502,8.942
2049,DJF,East Midlands,0.466,9.417
2050,DJF,East Midlands,0.502,4.932
2051,DJF,East Midlands,0.365,7.816
2052,DJF,East Midlands,0.568,7.796
2053,DJF,East Midlands,0.356,5.252
2054,DJF,East Midlands,0.278,4.417
2055,DJF,East Midlands,0.534,8.689
2056,DJF,East Midlands,0.586,8.806
2057,DJF,East Midlands,0.324,5.476
2058,DJF,East Midlands,0.444,6.845
2059,DJF,East Midlands,0.533,7.563
2060,DJF,East Midlands,0.525,6.311
2061,DJF,East Midlands,0.496,5.806
2062,DJF,East Midlands,0.406,4.670
2063,DJF,East Midlands,0.313,4.262
2064,DJF,East Midlands,0.495,6.738
2065,DJF,East Midlands,0.655,9.359
2066,DJF,East Midlands,0.367,6.612
2067,DJF,East Midlands,0.435,5.058
2068,DJF,East Midlands,0.467,6.990
2069,DJF,East Midlands,0.486,6.767
2070,DJF,East Midlands,0.403,5.893
2071,DJF,East Midlands,0.496,8.165
2072,DJF,East Midlands,0.348,5.990
2073,DJF,East Midlands,0.556,7.398
2074,DJF,East Midlands,0.575,8.534
2075,DJF,East Midlands,0.485,8.311
2076,DJF,East Midlands,0.500,6.359
2077,DJF,East Midlands,0.459,6.350
2078,DJF,East Midlands,0.413,7.437
2079,DJF,East Midlands,0.529,6.282
2080,DJF,East Midlands,0.538,7.641
1981,DJF,East of England,0.358,4.827
1982,DJF,East of England,0.394,6.591
1983,DJF,East of England,0.541,11.228
1984,DJF,East of England,0.593,10.291
1985,DJF,East of England,0.375,5.346
1986,DJF,East of England,0.504,7.575
1987,DJF,East of England,0.523,7.079
1988,DJF,East of England,0.346,3.449
1989,DJF,East of England,0.512,7.354
1990,DJF,East of England,0.580,11.110
1991,DJF,East of England,0.489,5.520
1992,DJF,East of England,0.348,4.402
1993,DJF,East of England,0.462,5.866
1994,DJF,East of England,0.361,6.378
1995,DJF,East of England,0.588,10.874
1996,DJF,East of England,0.491,10.331
1997,DJF,East of England,0.477,5.748
1998,DJF,East of England,0.582,8.732
1999,DJF,East of England,0.417,5.976
2000,DJF,East of England,0.525,9.835
2001,DJF,East of England,0.436,6.480
2002,DJF,East of England,0.501,5.732
2003,DJF,East of England,0.547,6.047
2004,DJF,East of England,0.644,11.291
2005,DJF,East of England,0.474,8.835
2006,DJF,East of England,0.525,7.165
2007,DJF,East of England,0.460,5.843
2008,DJF,East of England,0.321,4.827
2009,DJF,East of England,0.422,6.142
2010,DJF,East of England,0.419,4.496
2011,DJF,East of England,0.272,2.819
2012,DJF,East of England,0.422,8.315
2013,DJF,East of England,0.454,7.071
2014,DJF,East of England,0.479,6.551
2015,DJF,East of England,0.561,17.339
2016,DJF,East of England,0.532,6.299
2017,DJF,East of England,0.539,6.677
2018,DJF,East of England,0.364,4.803
2019,DJF,East of England,0.427,6.197
2020,DJF,East of England,0.469,10.055
2021,DJF,East of England,0.398,8.520
2022,DJF,East of England,0.363,9.457
2023,DJF,East of England,0.453,5.598
2024,DJF,East of England,0.566,8.717
2025,DJF,East of England,0.374,7.402
2026,DJF,East of England,0.334,6.315
2027,DJF,East of England,0.482,6.898
2028,DJF,East of England,0.574,7.425
2029,DJF,East of England,0.555,9.094
2030,DJF,East of England,0.606,7.654
2031,DJF,East of England,0.507,7.976
2032,DJF,East of England,0.470,9.071
2033,DJF,East of England,0.411,6.024
2034,DJF,East of England,0.485,5.425
2035,DJF,East of England,0.538,7.024
2036,DJF,East of England,0.510,6.937
2037,DJF,East of England,0.409,5.417
2038,DJF,East of England,0.430,5.299
2039,DJF,East of England,0.527,6.252
2040,DJF,East of England,0.510,7.323
2041,DJF,East of England,0.463,5.701
2042,DJF,East of England,0.498,7.268
2043,DJF,East of England,0.329,4.213
2044,DJF,East of England,0.532,6.299
2045,DJF,East of England,0.469,7.701
2046,DJF,East of England,0.352,5.291
2047,DJF,East of England,0.365,5.449
2048,DJF,East of England,0.515,7.016
2049,DJF,East of England,0.454,6.898
2050,DJF,East of England,0.457,3.874
2051,DJF,East of England,0.388,9.031
2052,DJF,East of England,0.527,7.315
2053,DJF,East of England,0.366,5.063
2054,DJF,East of England,0.296,4.866
2055,DJF,East of England,0.515,8.000
2056,DJF,East of England,0.559,6.197
2057,DJF,East of England,0.322,4.094
2058,DJF,East of England,0.441,6.307
2059,DJF,East of England,0.474,6.039
2060,DJF,East of England,0.525,7.016
2061,DJF,East of England,0.479,5.181
2062,DJF,East of England,0.391,4.362
2063,DJF,East of England,0.336,4.228
2064,DJF,East of England,0.476,9.228
2065,DJF,East of England,0.653,10.520
2066,DJF,East of England,0.326,5.425
2067,DJF,East of England,0.431,6.346
2068,DJF,East of England,0.446,6.630
2069,DJF,East of England,0.454,5.654
2070,DJF,East of England,0.410,4.717
2071,DJF,East of England,0.480,8.386
2072,DJF,East of England,0.340,5.780
2073,DJF,East of England,0.547,7.803
2074,DJF,East of England,0.603,7.118
2075,DJF,East of England,0.464,6.504
2076,DJF,East of England,0.481,6.228
2077,DJF,East of England,0.449,6.661
2078,DJF,East of England,0.390,5.346
2079,DJF,East of England,0.526,5.787
2080,DJF,East of England,0.472,5.283
1981,DJF,East Scotland,0.519,7.938
1982,DJF,East Scotland,0.623,11.375
1983,DJF,East Scotland,0.561,10.344
1984,DJF,East Scotland,0.591,10.506
1985,DJF,East Scotland,0.578,8.938
1986,DJF,East Scotland,0.558,8.081
1987,DJF,East Scotland,0.606,9.113
1988,DJF,East Scotland,0.552,9.844
1989,DJF,East Scotland,0.586,12.262
1990,DJF,East Scotland,0.609,10.794
1991,DJF,East Scotland,0.533,8.581
1992,DJF,East Scotland,0.559,9.312
1993,DJF,East Scotland,0.585,13.194
1994,DJF,East Scotland,0.510,9.688
1995,DJF,East Scotland,0.596,9.106
1996,DJF,East Scotland,0.644,12.438
1997,DJF,East Scotland,0.614,9.075
1998,DJF,East Scotland,0.651,13.681
1999,DJF,East Scotland,0.502,9.906
2000,DJF,East Scotland,0.609,9.431
2001,DJF,East Scotland,0.598,14.025
2002,DJF,East Scotland,0.660,15.412
2003,DJF,East Scotland,0.532,9.375
2004,DJF,East Scotland,0.602,10.363
2005,DJF,East Scotland,0.608,10.931
2006,DJF,East Scotland,0.569,9.488
2007,DJF,East Scotland,0.633,9.956
2008,DJF,East Scotland,0.511,9.488
2009,DJF,East Scotland,0.569,14.787
2010,DJF,East Scotland,0.642,15.356
2011,DJF,East Scotland,0.493,9.750
2012,DJF,East Scotland,0.615,10.925
2013,DJF,East Scotland,0.645,14.000
2014,DJF,East Scotland,0.561,9.750
2015,DJF,East Scotland,0.638,12.881
2016,DJF,East Scotland,0.550,9.213
2017,DJF,East Scotland,0.649,12.062
2018,DJF,East Scotland,0.553,9.588
2019,DJF,East Scotland,0.602,12.238
2020,DJF,East Scotland,0.643,10.994
2021,DJF,East Scotland,0.487,6.769
2022,DJF,East Scotland,0.483,10.988
2023,DJF,East Scotland,0.595,10.519
2024,DJF,East Scotland,0.610,9.088
2025,DJF,East Scotland,0.527,9.844
2026,DJF,East Scotland,0.430,10.931
2027,DJF,East Scotland,0.522,7.694
2028,DJF,East Scotland,0.648,12.694
2029,DJF,East Scotland,0.552,8.037
2030,DJF,East Scotland,0.645,11.088
2031,DJF,East Scotland,0.595,12.156
2032,DJF,East Scotland,0.597,9.969
2033,DJF,East Scotland,0.522,9.662
2034,DJF,East Scotland,0.589,14.681
2035,DJF,East Scotland,0.606,8.681
2036,DJF,East Scotland,0.514,9.012
2037,DJF,East Scotland,0.514,6.338
2038,DJF,East Scotland,0.615,12.787
2039,DJF,East Scotland,0.578,8.044
2040,DJF,East Scotland,0.595,11.506
2041,DJF,East Scotland,0.548,11.256
2042,DJF,East Scotland,0.550,8.600
2043,DJF,East Scotland,0.489,7.600
2044,DJF,East Scotland,0.587,10.912
2045,DJF,East Scotland,0.633,14.569
2046,DJF,East Scotland,0.497,9.725
2047,DJF,East Scotland,0.487,9.506
2048,DJF,East Scotland,0.591,11.494
2049,DJF,East Scotland,0.589,13.175
2050,DJF,East Scotland,0.548,7.312
2051,DJF,East Scotland,0.550,9.537
2052,DJF,East Scotland,0.588,14.050
2053,DJF,East Scotland,0.503,7.694
2054,DJF,East Scotland,0.400,6.706
2055,DJF,East Scotland,0.551,9.562
2056,DJF,East Scotland,0.633,10.781
2057,DJF,East Scotland,0.476,10.588
2058,DJF,East Scotland,0.564,10.575
2059,DJF,East Scotland,0.602,10.800
2060,DJF,East Scotland,0.610,9.162
2061,DJF,East Scotland,0.582,9.225
2062,DJF,East Scotland,0.561,9.631
2063,DJF,East Scotland,0.504,9.506
2064,DJF,East Scotland,0.644,10.094
2065,DJF,East Scotland,0.695,12.625
2066,DJF,East Scotland,0.427,7.713
2067,DJF,East Scotland,0.550,6.744
2068,DJF,East Scotland,0.489,8.463
2069,DJF,East Scotland,0.558,9.469
2070,DJF,East Scotland,0.520,9.106
2071,DJF,East Scotland,0.577,11.787
2072,DJF,East Scotland,0.525,7.281
2073,DJF,East Scotland,0.690,13.319
2074,DJF,East Scotland,0.678,10.925
2075,DJF,East Scotland,0.567,9.950
2076,DJF,East Scotland,0.593,9.169
2077,DJF,East Scotland,0.569,9.369
2078,DJF,East Scotland,0.539,8.750
2079,DJF,East Scotland,0.574,8.931
2080,DJF,East Scotland,0.676,12.256
1981,DJF,London,0.357,4.833
1982,DJF,London,0.435,6.000
1983,DJF,London,0.550,10.500
1984,DJF,London,0.594,8.500
1985,DJF,London,0.353,6.750
1986,DJF,London,0.522,11.167
1987,DJF,London,0.569,9.000
1988,DJF,London,0.397,3.583
1989,DJF,London,0.534,9.167
1990,DJF,London,0.588,7.417
1991,DJF,London,0.491,8.667
1992,DJF,London,0.333,4.250
1993,DJF,London,0.500,7.667
1994,DJF,London,0.397,7.000
1995,DJF,London,0.635,15.333
1996,DJF,London,0.532,14.833
1997,DJF,London,0.486,6.083
1998,DJF,London,0.596,9.500
1999,DJF,London,0.477,6.500
2000,DJF,London,0.484,7.000
2001,DJF,London,0.498,7.500
2002,DJF,London,0.548,7.500
2003,DJF,London,0.536,8.000
2004,DJF,London,0.642,14.333
2005,DJF,London,0.486,7.667
2006,DJF,London,0.581,9.917
2007,DJF,London,0.440,5.583
2008,DJF,London,0.319,5.583
2009,DJF,London,0.448,6.417
2010,DJF,London,0.471,5.167
2011,DJF,London,0.310,2.750
2012,DJF,London,0.470,7.500
2013,DJF,London,0.465,5.750
2014,DJF,London,0.474,6.000
2015,DJF,London,0.546,16.833
2016,DJF,London,0.556,6.917
2017,DJF,London,0.545,7.000
2018,DJF,London,0.381,4.750
2019,DJF,London,0.435,6.417
2020,DJF,London,0.522,13.167
2021,DJF,London,0.377,10.333
2022,DJF,London,0.356,6.917
2023,DJF,London,0.480,5.583
2024,DJF,London,0.623,11.583
2025,DJF,London,0.430,9.000
2026,DJF,London,0.274,6.333
2027,DJF,London,0.478,7.000
2028,DJF,London,0.537,8.000
2029,DJF,London,0.585,9.417
2030,DJF,London,0.639,8.000
2031,DJF,London,0.536,8.833
2032,DJF,London,0.515,9.833
2033,DJF,London,0.462,5.833
2034,DJF,London,0.474,7.667
2035,DJF,London,0.543,12.000
2036,DJF,London,0.558,9.250
2037,DJF,London,0.424,5.917
2038,DJF,London,0.461,5.500
2039,DJF,London,0.567,6.583
2040,DJF,London,0.584,8.917
2041,DJF,London,0.462,6.000
2042,DJF,London,0.491,7.000
2043,DJF,London,0.314,3.833
2044,DJF,London,0.600,7.500
2045,DJF,London,0.469,9.750
2046,DJF,London,0.344,5.000
2047,DJF,London,0.357,4.333
2048,DJF,London,0.463,6.083
2049,DJF,London,0.475,5.250
2050,DJF,London,0.449,4.083
2051,DJF,London,0.388,10.000
2052,DJF,London,0.548,7.000
2053,DJF,London,0.303,4.167
2054,DJF,London,0.306,4.500
2055,DJF,London,0.544,7.083
2056,DJF,London,0.624,7.000
2057,DJF,London,0.314,5.833
2058,DJF,London,0.487,6.417
2059,DJF,London,0.534,6.167
2060,DJF,London,0.537,8.167
2061,DJF,London,0.514,6.167
2062,DJF,London,0.402,5.000
2063,DJF,London,0.336,4.750
2064,DJF,London,0.497,9.667
2065,DJF,London,0.688,12.583
2066,DJF,London,0.357,8.917
2067,DJF,London,0.498,9.583
2068,DJF,London,0.506,6.833
2069,DJF,London,0.448,7.417
2070,DJF,London,0.371,5.833
2071,DJF,London,0.508,9.250
2072,DJF,London,0.384,5.750
2073,DJF,London,0.570,7.167
2074,DJF,London,0.646,9.000
2075,DJF,London,0.451,7.417
2076,DJF,London,0.454,5.333
2077,DJF,London,0.496,8.667
2078,DJF,London,0.406,5.417
2079,DJF,London,0.587,8.250
2080,DJF,London,0.497,6.667
1981,DJF,North East England,0.482,7.772
1982,DJF,North East England,0.500,6.965
1983,DJF,North East England,0.459,7.404
1984,DJF,North East England,0.582,10.404
1985,DJF,North East England,0.533,7.105
1986,DJF,North East England,0.516,5.807
1987,DJF,North East England,0.548,9.070
1988,DJF,North East England,0.408,6.105
1989,DJF,North East England,0.535,11.140
1990,DJF,North East England,0.585,10.614
1991,DJF,North East England,0.477,7.474
1992,DJF,North East England,0.443,5.982
1993,DJF,North East England,0.507,7.702
1994,DJF,North East England,0.386,6.895
1995,DJF,North East England,0.588,8.105
1996,DJF,North East England,0.565,10.807
1997,DJF,North East England,0.521,8.825
1998,DJF,North East England,0.535,6.368
1999,DJF,North East England,0.447,7.842
2000,DJF,North East England,0.586,9.421
2001,DJF,North East England,0.523,8.333
2002,DJF,North East England,0.586,10.456
2003,DJF,North East England,0.538,7.877
2004,DJF,North East England,0.584,9.035
2005,DJF,North East England,0.564,10.351
2006,DJF,North East England,0.629,9.018
2007,DJF,North East England,0.588,8.263
2008,DJF,North East England,0.407,6.719
2009,DJF,North East England,0.478,7.877
2010,DJF,North East England,0.557,9.860
2011,DJF,North East England,0.350,5.193
2012,DJF,North East England,0.550,8.035
2013,DJF,North East England,0.508,9.667
2014,DJF,North East England,0.527,7.263
2015,DJF,North East England,0.571,10.509
2016,DJF,North East England,0.510,8.614
2017,DJF,North East England,0.618,10.035
2018,DJF,North East England,0.427,6.947
2019,DJF,North East England,0.520,9.719
2020,DJF,North East England,0.603,8.895
2021,DJF,North East England,0.453,7.193
2022,DJF,North East England,0.397,6.947
2023,DJF,North East England,0.488,6.193
2024,DJF,North East England,0.504,6.368
2025,DJF,North East England,0.436,7.404
2026,DJF,North East England,0.453,9.526
2027,DJF,North East England,0.455,5.947
2028,DJF,North East England,0.643,11.474
2029,DJF,North East England,0.541,7.088
2030,DJF,North East England,0.670,10.404
2031,DJF,North East England,0.524,8.807
2032,DJF,North East England,0.527,6.825
2033,DJF,North East England,0.451,7.404
2034,DJF,North East England,0.511,7.754
2035,DJF,North East England,0.543,7.228
2036,DJF,North East England,0.526,6.351
2037,DJF,North East England,0.496,6.439
2038,DJF,North East England,0.511,8.474
2039,DJF,North East England,0.568,8.123
2040,DJF,North East England,0.552,9.246
2041,DJF,North East England,0.534,6.947
2042,DJF,North East England,0.518,7.123
2043,DJF,North East England,0.451,6.333
2044,DJF,North East England,0.542,8.965
2045,DJF,North East England,0.501,8.860
2046,DJF,North East England,0.441,7.105
2047,DJF,North East England,0.427,7.386
2048,DJF,North East England,0.511,7.070
2049,DJF,North East England,0.513,8.842
2050,DJF,North East England,0.485,5.737
2051,DJF,North East England,0.437,7.579
2052,DJF,North East England,0.569,9.281
2053,DJF,North East England,0.416,7.000
2054,DJF,North East England,0.355,5.772
2055,DJF,North East England,0.542,8.789
2056,DJF,North East England,0.579,8.982
2057,DJF,North East England,0.399,8.561
2058,DJF,North East England,0.467,6.596
2059,DJF,North East England,0.555,8.298
2060,DJF,North East England,0.542,7.421
2061,DJF,North East England,0.568,8.754
2062,DJF,North East England,0.505,8.368
2063,DJF,North East England,0.378,5.544
2064,DJF,North East England,0.559,7.035
2065,DJF,North East England,0.653,11.018
2066,DJF,North East England,0.351,6.368
2067,DJF,North East England,0.448,4.491
2068,DJF,North East England,0.446,5.123
2069,DJF,North East England,0.533,7.035
2070,DJF,North East England,0.440,5.737
2071,DJF,North East England,0.482,7.000
2072,DJF,North East England,0.384,6.193
2073,DJF,North East England,0.629,9.386
2074,DJF,North East England,0.648,8.737
2075,DJF,North East England,0.495,8.825
2076,DJF,North East England,0.556,8.614
2077,DJF,North East England,0.496,6.439
2078,DJF,North East England,0.501,7.193
2079,DJF,North East England,0.513,7.561
2080,DJF,North East England,0.544,8.000
1981,DJF,North Scotland,0.632,13.453
1982,DJF,North Scotland,0.770,15.627
1983,DJF,North Scotland,0.629,10.363
1984,DJF,North Scotland,0.696,16.689
1985,DJF,North Scotland,0.718,15.189
1986,DJF,North Scotland,0.667,13.995
1987,DJF,North Scotland,0.709,15.509
1988,DJF,North Scotland,0.789,24.797
1989,DJF,North Scotland,0.661,15.675
1990,DJF,North Scotland,0.610,16.307
1991,DJF,North Scotland,0.708,14.675
1992,DJF,North Scotland,0.783,20.858
1993,DJF,North Scotland,0.656,17.627
1994,DJF,North Scotland,0.613,11.066
1995,DJF,North Scotland,0.617,8.420
1996,DJF,North Scotland,0.695,13.769
1997,DJF,North Scotland,0.712,16.901
1998,DJF,North Scotland,0.734,19.505
1999,DJF,North Scotland,0.570,16.241
2000,DJF,North Scotland,0.616,11.316
2001,DJF,North Scotland,0.632,17.307
2002,DJF,North Scotland,0.764,21.495
2003,DJF,North Scotland,0.658,16.316
2004,DJF,North Scotland,0.734,16.066
2005,DJF,North Scotland,0.546,15.340
2006,DJF,North Scotland,0.559,10.731
2007,DJF,North Scotland,0.806,20.382
2008,DJF,North Scotland,0.697,18.491
2009,DJF,North Scotland,0.754,19.792
2010,DJF,North Scotland,0.748,24.741
2011,DJF,North Scotland,0.691,16.212
2012,DJF,North Scotland,0.620,18.156
2013,DJF,North Scotland,0.782,21.854
2014,DJF,North Scotland,0.710,19.212
2015,DJF,North Scotland,0.731,17.844
2016,DJF,North Scotland,0.683,16.604
2017,DJF,North Scotland,0.728,19.373
2018,DJF,North Scotland,0.688,22.080
2019,DJF,North Scotland,0.626,15.165
2020,DJF,North Scotland,0.752,16.608
2021,DJF,North Scotland,0.596,12.302
2022,DJF,North Scotland,0.545,11.142
2023,DJF,North Scotland,0.699,20.297
2024,DJF,North Scotland,0.703,12.373
2025,DJF,North Scotland,0.636,15.495
2026,DJF,North Scotland,0.559,14.085
2027,DJF,North Scotland,0.679,12.811
2028,DJF,North Scotland,0.746,15.538
2029,DJF,North Scotland,0.699,11.726
2030,DJF,North Scotland,0.654,15.340
2031,DJF,North Scotland,0.753,14.929
2032,DJF,North Scotland,0.657,12.623
2033,DJF,North Scotland,0.513,10.660
2034,DJF,North Scotland,0.651,15.255
2035,DJF,North Scotland,0.715,15.160
2036,DJF,North Scotland,0.622,15.340
2037,DJF,North Scotland,0.562,9.863
2038,DJF,North Scotland,0.729,20.755
2039,DJF,North Scotland,0.552,8.014
2040,DJF,North Scotland,0.663,12.906
2041,DJF,North Scotland,0.570,13.906
2042,DJF,North Scotland,0.702,16.387
2043,DJF,North Scotland,0.639,14.137
2044,DJF,North Scotland,0.608,11.307
2045,DJF,North Scotland,0.758,27.146
2046,DJF,North Scotland,0.641,11.670
2047,DJF,North Scotland,0.643,17.160
2048,DJF,North Scotland,0.750,26.231
2049,DJF,North Scotland,0.704,21.241
2050,DJF,North Scotland,0.735,17.722
2051,DJF,North Scotland,0.708,17.590
2052,DJF,North Scotland,0.659,16.967
2053,DJF,North Scotland,0.763,21.703
2054,DJF,North Scotland,0.485,9.632
2055,DJF,North Scotland,0.580,11.047
2056,DJF,North Scotland,0.726,14.778
2057,DJF,North Scotland,0.633,19.335
2058,DJF,North Scotland,0.625,13.203
2059,DJF,North Scotland,0.698,18.396
2060,DJF,North Scotland,0.707,18.321
2061,DJF,North Scotland,0.672,12.717
2062,DJF,North Scotland,0.535,12.052
2063,DJF,North Scotland,0.757,19.448
2064,DJF,North Scotland,0.741,18.566
2065,DJF,North Scotland,0.764,22.175
2066,DJF,North Scotland,0.590,12.363
2067,DJF,North Scotland,0.713,13.783
2068,DJF,North Scotland,0.630,17.297
2069,DJF,North Scotland,0.715,17.245
2070,DJF,North Scotland,0.661,16.472
2071,DJF,North Scotland,0.723,14.241
2072,DJF,North Scotland,0.657,11.854
2073,DJF,North Scotland,0.824,32.698
2074,DJF,North Scotland,0.699,12.245
2075,DJF,North Scotland,0.687,17.462
2076,DJF,North Scotland,0.716,17.071
2077,DJF,North Scotland,0.764,17.835
2078,DJF,North Scotland,0.604,11.491
2079,DJF,North Scotland,0.692,16.005
2080,DJF,North Scotland,0.741,16.009
1981,DJF,North West England,0.575,11.022
1982,DJF,North West England,0.719,13.688
1983,DJF,North West England,0.667,19.581
1984,DJF,North West England,0.709,19.677
1985,DJF,North West England,0.614,13.591
1986,DJF,North West England,0.652,10.323
1987,DJF,North West England,0.724,13.344
1988,DJF,North West England,0.682,10.419
1989,DJF,North West England,0.695,18.559
1990,DJF,North West England,0.682,15.677
1991,DJF,North West England,0.689,12.828
1992,DJF,North West England,0.655,11.086
1993,DJF,North West England,0.690,14.978
1994,DJF,North West England,0.580,10.430
1995,DJF,North West England,0.708,10.882
1996,DJF,North West England,0.773,18.441
1997,DJF,North West England,0.672,12.323
1998,DJF,North West England,0.717,19.355
1999,DJF,North West England,0.622,15.204
2000,DJF,North West England,0.723,16.280
2001,DJF,North West England,0.576,13.054
2002,DJF,North West England,0.779,18.172
2003,DJF,North West England,0.660,12.785
2004,DJF,North West England,0.790,16.849
2005,DJF,North West England,0.569,12.570
2006,DJF,North West England,0.501,8.925
2007,DJF,North West England,0.734,12.215
2008,DJF,North West England,0.622,14.140
2009,DJF,North West England,0.708,11.505
2010,DJF,North West England,0.748,22.366
2011,DJF,North West England,0.594,9.570
2012,DJF,North West England,0.691,12.355
2013,DJF,North West England,0.744,15.161
2014,DJF,North West England,0.662,10.344
2015,DJF,North West England,0.703,17.022
2016,DJF,North West England,0.661,14.172
2017,DJF,North West England,0.744,17.430
2018,DJF,North West England,0.563,8.753
2019,DJF,North West England,0.638,13.957
2020,DJF,North West England,0.803,14.366
2021,DJF,North West England,0.503,12.376
2022,DJF,North West England,0.516,10.172
2023,DJF,North West England,0.710,12.011
2024,DJF,North West England,0.724,11.323
2025,DJF,North West England,0.615,12.301
2026,DJF,North West England,0.396,11.849
2027,DJF,North West England,0.571,7.978
2028,DJF,North West England,0.742,18.516
2029,DJF,North West England,0.602,8.280
2030,DJF,North West England,0.719,16.108
2031,DJF,North West England,0.747,15.495
2032,DJF,North West England,0.624,9.839
2033,DJF,North West England,0.494,10.581
2034,DJF,North West England,0.720,16.247
2035,DJF,North West England,0.773,13.699
2036,DJF,North West England,0.591,13.108
2037,DJF,North West England,0.573,8.957
2038,DJF,North West England,0.650,14.806
2039,DJF,North West England,0.599,8.925
2040,DJF,North West England,0.653,20.409
2041,DJF,North West England,0.559,9.806
2042,DJF,North West England,0.709,12.624
2043,DJF,North West England,0.504,10.237
2044,DJF,North West England,0.671,11.882
2045,DJF,North West England,0.706,21.806
2046,DJF,North West England,0.529,8.892
2047,DJF,North West England,0.531,11.763
2048,DJF,North West England,0.668,14.000
2049,DJF,North West England,0.710,14.581
2050,DJF,North West England,0.702,10.172
2051,DJF,North West England,0.581,14.581
2052,DJF,North West England,0.666,16.161
2053,DJF,North West England,0.584,11.258
2054,DJF,North West England,0.385,7.849
2055,DJF,North West England,0.605,13.258
2056,DJF,North West England,0.755,16.215
2057,DJF,North West England,0.526,13.613
2058,DJF,North West England,0.630,13.613
2059,DJF,North West England,0.719,14.290
2060,DJF,North West England,0.710,12.301
2061,DJF,North West England,0.720,15.828
2062,DJF,North West England,0.485,9.495
2063,DJF,North West England,0.644,12.344
2064,DJF,North West England,0.784,15.097
2065,DJF,North West England,0.858,22.785
2066,DJF,North West England,0.522,10.366
2067,DJF,North West England,0.654,10.516
2068,DJF,North West England,0.649,11.946
2069,DJF,North West England,0.741,12.505
2070,DJF,North West England,0.606,12.548
2071,DJF,North West England,0.707,12.978
2072,DJF,North West England,0.584,9.817
2073,DJF,North West England,0.808,15.785
2074,DJF,North West England,0.776,14.000
2075,DJF,North West England,0.692,24.667
2076,DJF,North West England,0.747,15.677
2077,DJF,North West England,0.690,12.183
2078,DJF,North West England,0.590,10.022
2079,DJF,North West England,0.656,11.505
2080,DJF,North West England,0.692,15.570
1981,DJF,South East England,0.392,4.907
1982,DJF,South East England,0.461,8.585
1983,DJF,South East England,0.554,11.483
1984,DJF,South East England,0.597,11.712
1985,DJF,South East England,0.397,6.136
1986,DJF,South East England,0.536,11.178
1987,DJF,South East England,0.566,8.492
1988,DJF,South East England,0.384,4.254
1989,DJF,South East England,0.547,8.915
1990,DJF,South East England,0.574,7.449
1991,DJF,South East England,0.497,7.746
1992,DJF,South East England,0.340,4.161
1993,DJF,South East England,0.524,8.568
1994,DJF,South East England,0.393,6.534
1995,DJF,South East England,0.609,10.763
1996,DJF,South East England,0.533,11.246
1997,DJF,South East England,0.490,5.958
1998,DJF,South East England,0.634,9.805
1999,DJF,South East England,0.477,7.551
2000,DJF,South East England,0.536,7.297
2001,DJF,South East England,0.517,9.161
2002,DJF,South East England,0.539,6.424
2003,DJF,South East England,0.533,9.229
2004,DJF,South East England,0.660,12.797
2005,DJF,South East England,0.490,7.364
2006,DJF,South East England,0.554,12.339
2007,DJF,South East England,0.440,5.627
2008,DJF,South East England,0.344,6.500
2009,DJF,South East England,0.452,6.534
2010,DJF,South East England,0.450,6.288
2011,DJF,South East England,0.313,3.093
2012,DJF,South East England,0.514,7.314
2013,DJF,South East England,0.501,7.746
2014,DJF,South East England,0.471,6.720
2015,DJF,South East England,0.554,15.212
2016,DJF,South East England,0.535,6.042
2017,DJF,South East England,0.530,7.203
2018,DJF,South East England,0.378,5.415
2019,DJF,South East England,0.443,6.881
2020,DJF,South East England,0.550,15.034
2021,DJF,South East England,0.410,12.576
2022,DJF,South East England,0.357,7.119
2023,DJF,South East England,0.512,7.017
2024,DJF,South East England,0.625,10.195
2025,DJF,South East England,0.435,7.475
2026,DJF,South East England,0.255,6.686
2027,DJF,South East England,0.466,7.000
2028,DJF,South East England,0.544,8.288
2029,DJF,South East England,0.534,9.390
2030,DJF,South East England,0.621,7.085
2031,DJF,South East England,0.539,7.661
2032,DJF,South East England,0.540,11.864
2033,DJF,South East England,0.481,6.331
2034,DJF,South East England,0.509,7.398
2035,DJF,South East England,0.555,10.695
2036,DJF,South East England,0.567,8.136
2037,DJF,South East England,0.430,7.949
2038,DJF,South East England,0.477,6.805
2039,DJF,South East England,0.572,7.653
2040,DJF,South East England,0.606,8.958
2041,DJF,South East England,0.464,5.093
2042,DJF,South East England,0.506,7.449
2043,DJF,South East England,0.304,4.144
2044,DJF,South East England,0.584,6.814
2045,DJF,South East England,0.461,6.449
2046,DJF,South East England,0.377,6.890
2047,DJF,South East England,0.367,4.653
2048,DJF,South East England,0.478,7.085
2049,DJF,South East England,0.488,7.898
2050,DJF,South East England,0.468,4.831
2051,DJF,South East England,0.390,9.331
2052,DJF,South East England,0.560,7.585
2053,DJF,South East England,0.304,5.314
2054,DJF,South East England,0.308,4.008
2055,DJF,South East England,0.557,10.356
2056,DJF,South East England,0.608,10.907
2057,DJF,South East England,0.330,5.347
2058,DJF,South East England,0.458,6.500
2059,DJF,South East England,0.529,6.992
2060,DJF,South East England,0.552,7.737
2061,DJF,South East England,0.538,8.771
2062,DJF,South East England,0.397,4.407
2063,DJF,South East England,0.339,5.093
2064,DJF,South East England,0.532,10.263
2065,DJF,South East England,0.684,8.788
2066,DJF,South East England,0.381,7.712
2067,DJF,South East England,0.515,9.356
2068,DJF,South East England,0.524,6.364
2069,DJF,South East England,0.472,7.212
2070,DJF,South East England,0.394,6.475
2071,DJF,South East England,0.523,7.873
2072,DJF,South East England,0.404,7.008
2073,DJF,South East England,0.576,7.364
2074,DJF,South East England,0.653,8.737
2075,DJF,South East England,0.490,7.983
2076,DJF,South East England,0.476,6.483
2077,DJF,South East England,0.496,9.449
2078,DJF,South East England,0.394,6.314
2079,DJF,South East England,0.593,7.585
2080,DJF,South East England,0.533,6.466
1981,DJF,South West England,0.432,6.391
1982,DJF,South West England,0.547,9.462
1983,DJF,South West England,0.594,9.442
1984,DJF,South West England,0.607,13.340
1985,DJF,South West England,0.448,7.109
1986,DJF,South West England,0.534,10.051
1987,DJF,South West England,0.586,9.494
1988,DJF,South West England,0.443,5.026
1989,DJF,South West England,0.581,10.526
1990,DJF,South West England,0.613,10.622
1991,DJF,South West England,0.538,9.673
1992,DJF,South West England,0.406,5.635
1993,DJF,South West England,0.599,11.923
1994,DJF,South West England,0.454,6.821
1995,DJF,South West England,0.613,10.878
1996,DJF,South West England,0.616,10.192
1997,DJF,South West England,0.582,7.410
1998,DJF,South West England,0.675,10.641
1999,DJF,South West England,0.536,10.173
2000,DJF,South West England,0.582,10.808
2001,DJF,South West England,0.558,10.776
2002,DJF,South West England,0.627,8.660
2003,DJF,South West England,0.528,8.058
2004,DJF,South West England,0.706,14.609
2005,DJF,South West England,0.553,7.744
2006,DJF,South West England,0.553,10.410
2007,DJF,South West England,0.562,7.468
2008,DJF,South West England,0.402,6.365
2009,DJF,South West England,0.514,6.840
2010,DJF,South West England,0.544,6.058
2011,DJF,South West England,0.372,4.974
2012,DJF,South West England,0.614,8.846
2013,DJF,South West England,0.590,9.891
2014,DJF,South West England,0.519,7.987
2015,DJF,South West England,0.621,14.071
2016,DJF,South West England,0.559,10.295
2017,DJF,South West England,0.580,9.474
2018,DJF,South West England,0.438,6.891
2019,DJF,South West England,0.500,7.654
2020,DJF,South West England,0.642,17.404
2021,DJF,South West England,0.465,13.276
2022,DJF,South West England,0.414,8.276
2023,DJF,South West England,0.616,10.686
2024,DJF,South West England,0.676,15.353
2025,DJF,South West England,0.586,11.359
2026,DJF,South West England,0.295,7.295
2027,DJF,South West England,0.517,8.237
2028,DJF,South West England,0.577,9.026
2029,DJF,South West England,0.535,7.891
2030,DJF,South West England,0.645,10.327
2031,DJF,South West England,0.605,9.199
2032,DJF,South West England,0.550,12.667
2033,DJF,South West England,0.492,7.083
2034,DJF,South West England,0.581,9.378
2035,DJF,South West England,0.639,12.269
2036,DJF,South West England,0.602,10.301
2037,DJF,South West England,0.474,8.141
2038,DJF,South West England,0.522,7.372
2039,DJF,South West England,0.595,10.096
2040,DJF,South West England,0.650,13.551
2041,DJF,South West England,0.520,7.173
2042,DJF,South West England,0.555,9.224
2043,DJF,South West England,0.367,6.045
2044,DJF,South West England,0.632,10.122
2045,DJF,South West England,0.570,10.628
2046,DJF,South West England,0.437,8.026
2047,DJF,South West England,0.431,7.526
2048,DJF,South West England,0.548,8.673
2049,DJF,South West England,0.586,11.250
2050,DJF,South West England,0.531,6.660
2051,DJF,South West England,0.450,12.045
2052,DJF,South West England,0.586,9.365
2053,DJF,South West England,0.340,6.160
2054,DJF,South West England,0.356,5.186
2055,DJF,South West England,0.591,11.974
2056,DJF,South West England,0.677,14.968
2057,DJF,South West England,0.380,6.429
2058,DJF,South West England,0.515,11.333
2059,DJF,South West England,0.562,7.910
2060,DJF,South West England,0.664,11.058
2061,DJF,South West England,0.593,13.936
2062,DJF,South West England,0.427,5.686
2063,DJF,South West England,0.415,6.942
2064,DJF,South West England,0.585,10.000
2065,DJF,South West England,0.748,13.615
2066,DJF,South West England,0.436,7.551
2067,DJF,South West England,0.585,9.840
2068,DJF,South West England,0.593,8.647
2069,DJF,South West England,0.564,8.147
2070,DJF,South West England,0.396,7.801
2071,DJF,South West England,0.565,10.859
2072,DJF,South West England,0.439,7.301
2073,DJF,South West England,0.661,10.609
2074,DJF,South West England,0.708,9.917
2075,DJF,South West England,0.582,11.603
2076,DJF,South West England,0.575,8.571
2077,DJF,South West England,0.549,8.949
2078,DJF,South West England,0.425,7.327
2079,DJF,South West England,0.618,8.212
2080,DJF,South West England,0.619,10.923
1981,DJF,West Midlands,0.387,5.151
1982,DJF,West Midlands,0.478,10.640
1983,DJF,West Midlands,0.529,8.302
1984,DJF,West Midlands,0.590,11.616
1985,DJF,West Midlands,0.384,5.698
1986,DJF,West Midlands,0.516,8.058
1987,DJF,West Midlands,0.508,7.279
1988,DJF,West Midlands,0.360,3.988
1989,DJF,West Midlands,0.537,11.605
1990,DJF,West Midlands,0.587,8.244
1991,DJF,West Midlands,0.513,7.570
1992,DJF,West Midlands,0.336,4.174
1993,DJF,West Midlands,0.507,8.244
1994,DJF,West Midlands,0.448,7.442
1995,DJF,West Midlands,0.597,8.744
1996,DJF,West Midlands,0.545,7.488
1997,DJF,West Midlands,0.528,7.372
1998,DJF,West Midlands,0.579,7.860
1999,DJF,West Midlands,0.459,6.198
2000,DJF,West Midlands,0.577,9.802
2001,DJF,West Midlands,0.483,7.756
2002,DJF,West Midlands,0.494,6.163
2003,DJF,West Midlands,0.506,6.872
2004,DJF,West Midlands,0.641,10.500
2005,DJF,West Midlands,0.534,8.535
2006,DJF,West Midlands,0.521,9.756
2007,DJF,West Midlands,0.491,6.372
2008,DJF,West Midlands,0.386,4.442
2009,DJF,West Midlands,0.480,6.267
2010,DJF,West Midlands,0.441,5.488
2011,DJF,West Midlands,0.303,4.291
2012,DJF,West Midlands,0.560,8.453
2013,DJF,West Midlands,0.532,8.244
2014,DJF,West Midlands,0.445,5.570
2015,DJF,West Midlands,0.566,15.407
2016,DJF,West Midlands,0.528,7.849
2017,DJF,West Midlands,0.563,9.151
2018,DJF,West Midlands,0.376,4.500
2019,DJF,West Midlands,0.449,6.395
2020,DJF,West Midlands,0.591,15.023
2021,DJF,West Midlands,0.394,10.709
2022,DJF,West Midlands,0.382,8.477
2023,DJF,West Midlands,0.512,7.442
2024,DJF,West Midlands,0.605,8.767
2025,DJF,West Midlands,0.515,8.070
2026,DJF,West Midlands,0.284,7.884
2027,DJF,West Midlands,0.468,5.453
2028,DJF,West Midlands,0.544,8.686
2029,DJF,West Midlands,0.535,8.884
2030,DJF,West Midlands,0.616,6.942
2031,DJF,West Midlands,0.518,6.442
2032,DJF,West Midlands,0.511,7.872
2033,DJF,West Midlands,0.425,6.105
2034,DJF,West Midlands,0.560,8.209
2035,DJF,West Midlands,0.580,10.779
2036,DJF,West Midlands,0.511,6.523
2037,DJF,West Midlands,0.466,6.372
2038,DJF,West Midlands,0.455,5.035
2039,DJF,West Midlands,0.555,8.500
2040,DJF,West Midlands,0.568,8.535
2041,DJF,West Midlands,0.492,6.965
2042,DJF,West Midlands,0.499,7.349
2043,DJF,West Midlands,0.338,5.709
2044,DJF,West Midlands,0.542,6.221
2045,DJF,West Midlands,0.545,7.709
2046,DJF,West Midlands,0.377,6.360
2047,DJF,West Midlands,0.343,5.023
2048,DJF,West Midlands,0.492,8.047
2049,DJF,West Midlands,0.468,9.674
2050,DJF,West Midlands,0.491,5.709
2051,DJF,West Midlands,0.385,7.895
2052,DJF,West Midlands,0.568,8.174
2053,DJF,West Midlands,0.343,5.616
2054,DJF,West Midlands,0.324,4.977
2055,DJF,West Midlands,0.543,11.291
2056,DJF,West Midlands,0.602,9.791
2057,DJF,West Midlands,0.336,6.058
2058,DJF,West Midlands,0.440,8.105
2059,DJF,West Midlands,0.497,6.872
2060,DJF,West Midlands,0.548,7.337
2061,DJF,West Midlands,0.541,8.453
2062,DJF,West Midlands,0.403,5.314
2063,DJF,West Midlands,0.344,4.930
2064,DJF,West Midlands,0.518,7.767
2065,DJF,West Midlands,0.641,8.128
2066,DJF,West Midlands,0.378,7.174
2067,DJF,West Midlands,0.460,5.663
2068,DJF,West Midlands,0.499,7.163
2069,DJF,West Midlands,0.506,6.163
2070,DJF,West Midlands,0.382,5.512
2071,DJF,West Midlands,0.507,8.360
2072,DJF,West Midlands,0.348,5.256
2073,DJF,West Midlands,0.595,7.895
2074,DJF,West Midlands,0.607,9.651
2075,DJF,West Midlands,0.497,7.291
2076,DJF,West Midlands,0.495,6.593
2077,DJF,West Midlands,0.451,7.186
2078,DJF,West Midlands,0.409,7.581
2079,DJF,West Midlands,0.554,6.826
2080,DJF,West Midlands,0.563,7.698
1981,DJF,West Scotland,0.596,10.053
1982,DJF,West Scotland,0.778,17.530
1983,DJF,West Scotland,0.674,13.909
1984,DJF,West Scotland,0.673,14.318
1985,DJF,West Scotland,0.648,12.856
1986,DJF,West Scotland,0.630,10.606
1987,DJF,West Scotland,0.754,12.765
1988,DJF,West Scotland,0.744,13.962
1989,DJF,West Scotland,0.717,15.348
1990,DJF,West Scotland,0.672,14.576
1991,DJF,West Scotland,0.690,12.583
1992,DJF,West Scotland,0.768,15.886
1993,DJF,West Scotland,0.754,21.356
1994,DJF,West Scotland,0.676,15.402
1995,DJF,West Scotland,0.694,12.712
1996,DJF,West Scotland,0.800,16.886
1997,DJF,West Scotland,0.690,9.833
1998,DJF,West Scotland,0.787,18.530
1999,DJF,West Scotland,0.656,15.674
2000,DJF,West Scotland,0.721,12.538
2001,DJF,West Scotland,0.655,16.970
2002,DJF,West Scotland,0.807,26.068
2003,DJF,West Scotland,0.649,12.985
2004,DJF,West Scotland,0.766,15.902
2005,DJF,West Scotland,0.568,12.250
2006,DJF,West Scotland,0.457,7.992
2007,DJF,West Scotland,0.744,12.083
2008,DJF,West Scotland,0.686,14.833
2009,DJF,West Scotland,0.750,15.530
2010,DJF,West Scotland,0.821,26.424
2011,DJF,West Scotland,0.660,12.705
2012,DJF,West Scotland,0.738,14.864
2013,DJF,West Scotland,0.809,17.750
2014,DJF,West Scotland,0.693,12.924
2015,DJF,West Scotland,0.722,16.439
2016,DJF,West Scotland,0.676,13.894
2017,DJF,West Scotland,0.794,16.386
2018,DJF,West Scotland,0.710,16.220
2019,DJF,West Scotland,0.694,14.538
2020,DJF,West Scotland,0.793,13.152
2021,DJF,West Scotland,0.547,9.712
2022,DJF,West Scotland,0.554,11.705
2023,DJF,West Scotland,0.769,16.932
2024,DJF,West Scotland,0.732,14.250
2025,DJF,West Scotland,0.655,13.167
2026,DJF,West Scotland,0.412,12.273
2027,DJF,West Scotland,0.645,9.500
2028,DJF,West Scotland,0.711,18.364
2029,DJF,West Scotland,0.584,7.508
2030,DJF,West Scotland,0.679,16.470
2031,DJF,West Scotland,0.781,16.189
2032,DJF,West Scotland,0.645,12.674
2033,DJF,West Scotland,0.519,12.402
2034,DJF,West Scotland,0.718,18.106
2035,DJF,West Scotland,0.743,13.697
2036,DJF,West Scotland,0.571,13.008
2037,DJF,West Scotland,0.531,7.106
2038,DJF,West Scotland,0.740,17.348
2039,DJF,West Scotland,0.568,8.523
2040,DJF,West Scotland,0.653,15.727
2041,DJF,West Scotland,0.578,11.667
2042,DJF,West Scotland,0.728,14.939
2043,DJF,West Scotland,0.546,10.341
2044,DJF,West Scotland,0.682,10.803
2045,DJF,West Scotland,0.801,23.061
2046,DJF,West Scotland,0.577,11.659
2047,DJF,West Scotland,0.553,14.947
2048,DJF,West Scotland,0.700,14.394
2049,DJF,West Scotland,0.755,19.144
2050,DJF,West Scotland,0.710,11.735
2051,DJF,West Scotland,0.695,15.144
2052,DJF,West Scotland,0.685,18.273
2053,DJF,West Scotland,0.626,13.341
2054,DJF,West Scotland,0.421,8.144
2055,DJF,West Scotland,0.572,13.379
2056,DJF,West Scotland,0.749,14.152
2057,DJF,West Scotland,0.617,15.114
2058,DJF,West Scotland,0.690,17.023
2059,DJF,West Scotland,0.730,11.583
2060,DJF,West Scotland,0.690,12.341
2061,DJF,West Scotland,0.692,13.273
2062,DJF,West Scotland,0.519,10.045
2063,DJF,West Scotland,0.715,15.848
2064,DJF,West Scotland,0.821,17.856
2065,DJF,West Scotland,0.826,20.235
2066,DJF,West Scotland,0.617,11.470
2067,DJF,West Scotland,0.689,9.614
2068,DJF,West Scotland,0.634,12.697
2069,DJF,West Scotland,0.727,13.485
2070,DJF,West Scotland,0.670,12.470
2071,DJF,West Scotland,0.733,14.076
2072,DJF,West Scotland,0.653,9.439
2073,DJF,West Scotland,0.830,20.977
2074,DJF,West Scotland,0.764,12.742
2075,DJF,West Scotland,0.726,16.417
2076,DJF,West Scotland,0.764,15.250
2077,DJF,West Scotland,0.731,15.008
2078,DJF,West Scotland,0.579,8.970
2079,DJF,West Scotland,0.694,13.295
2080,DJF,West Scotland,0.776,18.098
1981,DJF,Yorkshire and Humber,0.456,8.327
1982,DJF,Yorkshire and Humber,0.490,9.495
1983,DJF,Yorkshire and Humber,0.531,10.792
1984,DJF,Yorkshire and Humber,0.613,14.446
1985,DJF,Yorkshire and Humber,0.472,6.762
1986,DJF,Yorkshire and Humber,0.526,6.851
1987,DJF,Yorkshire and Humber,0.545,8.832
1988,DJF,Yorkshire and Humber,0.390,5.545
1989,DJF,Yorkshire and Humber,0.561,9.792
1990,DJF,Yorkshire and Humber,0.616,11.168
1991,DJF,Yorkshire and Humber,0.489,6.139
1992,DJF,Yorkshire and Humber,0.413,5.871
1993,DJF,Yorkshire and Humber,0.528,7.752
1994,DJF,Yorkshire and Humber,0.424,7.238
1995,DJF,Yorkshire and Humber,0.612,8.446
1996,DJF,Yorkshire and Humber,0.558,10.495
1997,DJF,Yorkshire and Humber,0.507,7.178
1998,DJF,Yorkshire and Humber,0.561,8.376
1999,DJF,Yorkshire and Humber,0.452,7.535
2000,DJF,Yorkshire and Humber,0.612,11.634
2001,DJF,Yorkshire and Humber,0.488,7.485
2002,DJF,Yorkshire and Humber,0.542,8.921
2003,DJF,Yorkshire and Humber,0.540,7.366
2004,DJF,Yorkshire and Humber,0.647,10.376
2005,DJF,Yorkshire and Humber,0.561,9.871
2006,DJF,Yorkshire and Humber,0.580,8.733
2007,DJF,Yorkshire and Humber,0.566,7.406
2008,DJF,Yorkshire and Humber,0.378,6.921
2009,DJF,Yorkshire and Humber,0.491,6.941
2010,DJF,Yorkshire and Humber,0.554,11.248
2011,DJF,Yorkshire and Humber,0.325,5.396
2012,DJF,Yorkshire and Humber,0.540,7.792
2013,DJF,Yorkshire and Humber,0.517,8.881
2014,DJF,Yorkshire and Humber,0.480,8.139
2015,DJF,Yorkshire and Humber,0.535,9.525
2016,DJF,Yorkshire and Humber,0.517,7.158
2017,DJF,Yorkshire and Humber,0.597,9.505
2018,DJF,Yorkshire and Humber,0.362,5.347
2019,DJF,Yorkshire and Humber,0.513,9.089
2020,DJF,Yorkshire and Humber,0.578,9.802
2021,DJF,Yorkshire and Humber,0.438,9.010
2022,DJF,Yorkshire and Humber,0.383,6.703
2023,DJF,Yorkshire and Humber,0.518,7.396
2024,DJF,Yorkshire and Humber,0.576,7.307
2025,DJF,Yorkshire and Humber,0.450,6.644
2026,DJF,Yorkshire and Humber,0.388,9.485
2027,DJF,Yorkshire and Humber,0.465,4.911
2028,DJF,Yorkshire and Humber,0.630,12.040
2029,DJF,Yorkshire and Humber,0.542,7.604
2030,DJF,Yorkshire and Humber,0.666,10.030
2031,DJF,Yorkshire and Humber,0.559,9.624
2032,DJF,Yorkshire and Humber,0.527,6.901
2033,DJF,Yorkshire and Humber,0.453,7.376
2034,DJF,Yorkshire and Humber,0.537,8.475
2035,DJF,Yorkshire and Humber,0.596,9.010
2036,DJF,Yorkshire and Humber,0.521,7.574
2037,DJF,Yorkshire and Humber,0.467,6.960
2038,DJF,Yorkshire and Humber,0.455,5.634
2039,DJF,Yorkshire and Humber,0.562,7.822
2040,DJF,Yorkshire and Humber,0.565,11.564
2041,DJF,Yorkshire and Humber,0.577,7.604
2042,DJF,Yorkshire and Humber,0.534,6.861
2043,DJF,Yorkshire and Humber,0.412,6.901
2044,DJF,Yorkshire and Humber,0.550,9.842
2045,DJF,Yorkshire and Humber,0.517,9.554
2046,DJF,Yorkshire and Humber,0.404,6.673
2047,DJF,Yorkshire and Humber,0.389,5.871
2048,DJF,Yorkshire and Humber,0.524,8.812
2049,DJF,Yorkshire and Humber,0.513,10.030
2050,DJF,Yorkshire and Humber,0.500,5.871
2051,DJF,Yorkshire and Humber,0.412,7.119
2052,DJF,Yorkshire and Humber,0.574,8.970
2053,DJF,Yorkshire and Humber,0.362,6.069
2054,DJF,Yorkshire and Humber,0.327,5.554
2055,DJF,Yorkshire and Humber,0.558,11.337
2056,DJF,Yorkshire and Humber,0.636,11.525
2057,DJF,Yorkshire and Humber,0.364,7.337
2058,DJF,Yorkshire and Humber,0.471,6.327
2059,DJF,Yorkshire and Humber,0.571,9.752
2060,DJF,Yorkshire and Humber,0.520,6.723
2061,DJF,Yorkshire and Humber,0.551,7.347
2062,DJF,Yorkshire and Humber,0.452,6.970
2063,DJF,Yorkshire and Humber,0.337,5.683
2064,DJF,Yorkshire and Humber,0.568,8.475
2065,DJF,Yorkshire and Humber,0.684,10.703
2066,DJF,Yorkshire and Humber,0.375,7.000
2067,DJF,Yorkshire and Humber,0.460,5.911
2068,DJF,Yorkshire and Humber,0.475,5.614
2069,DJF,Yorkshire and Humber,0.526,6.851
2070,DJF,Yorkshire and Humber,0.419,6.653
2071,DJF,Yorkshire and Humber,0.511,8.970
2072,DJF,Yorkshire and Humber,0.386,6.267
2073,DJF,Yorkshire and Humber,0.611,8.960
2074,DJF,Yorkshire and Humber,0.625,9.168
2075,DJF,Yorkshire and Humber,0.495,10.050
2076,DJF,Yorkshire and Humber,0.559,7.762
2077,DJF,Yorkshire and Humber,0.500,6.911
2078,DJF,Yorkshire and Humber,0.469,7.178
2079,DJF,Yorkshire and Humber,0.505,6.594
2080,DJF,Yorkshire and Humber,0.584,11.109
1981,DJF,Channel Islands,0.372,7.000
1982,DJF,Channel Islands,0.467,6.000
1983,DJF,Channel Islands,0.517,12.000
1984,DJF,Channel Islands,0.567,11.500
1985,DJF,Channel Islands,0.417,10.500
1986,DJF,Channel Islands,0.467,7.000
1987,DJF,Channel Islands,0.633,15.000
1988,DJF,Channel Islands,0.378,4.000
1989,DJF,Channel Islands,0.556,11.000
1990,DJF,Channel Islands,0.606,8.000
1991,DJF,Channel Islands,0.467,10.000
1992,DJF,Channel Islands,0.417,5.500
1993,DJF,Channel Islands,0.456,7.500
1994,DJF,Channel Islands,0.361,6.500
1995,DJF,Channel Islands,0.578,8.000
1996,DJF,Channel Islands,0.594,13.000
1997,DJF,Channel Islands,0.539,7.000
1998,DJF,Channel Islands,0.633,8.000
1999,DJF,Channel Islands,0.500,9.000
2000,DJF,Channel Islands,0.550,6.500
2001,DJF,Channel Islands,0.522,8.000
2002,DJF,Channel Islands,0.611,10.000
2003,DJF,Channel Islands,0.567,10.000
2004,DJF,Channel Islands,0.661,9.000
2005,DJF,Channel Islands,0.472,7.000
2006,DJF,Channel Islands,0.567,15.000
2007,DJF,Channel Islands,0.539,12.500
2008,DJF,Channel Islands,0.328,5.000
2009,DJF,Channel Islands,0.406,5.500
2010,DJF,Channel Islands,0.461,5.500
2011,DJF,Channel Islands,0.317,5.000
2012,DJF,Channel Islands,0.522,8.000
2013,DJF,Channel Islands,0.533,8.000
2014,DJF,Channel Islands,0.456,5.000
2015,DJF,Channel Islands,0.522,9.500
2016,DJF,Channel Islands,0.533,9.000
2017,DJF,Channel Islands,0.539,7.000
2018,DJF,Channel Islands,0.400,5.500
2019,DJF,Channel Islands,0.439,5.500
2020,DJF,Channel Islands,0.506,9.000
2021,DJF,Channel Islands,0.428,9.500
2022,DJF,Channel Islands,0.406,9.000
2023,DJF,Channel Islands,0.517,7.000
2024,DJF,Channel Islands,0.633,8.000
2025,DJF,Channel Islands,0.544,11.000
2026,DJF,Channel Islands,0.206,7.000
2027,DJF,Channel Islands,0.456,6.000
2028,DJF,Channel Islands,0.567,9.000
2029,DJF,Channel Islands,0.494,7.000
2030,DJF,Channel Islands,0.628,9.000
2031,DJF,Channel Islands,0.544,7.000
2032,DJF,Channel Islands,0.472,10.000
2033,DJF,Channel Islands,0.411,6.000
2034,DJF,Channel Islands,0.528,7.500
2035,DJF,Channel Islands,0.533,10.000
2036,DJF,Channel Islands,0.567,9.000
2037,DJF,Channel Islands,0.478,8.000
2038,DJF,Channel Islands,0.467,9.000
2039,DJF,Channel Islands,0.639,11.000
2040,DJF,Channel Islands,0.628,9.000
2041,DJF,Channel Islands,0.456,6.000
2042,DJF,Channel Islands,0.456,7.000
2043,DJF,Channel Islands,0.406,6.000
2044,DJF,Channel Islands,0.539,8.500
2045,DJF,Channel Islands,0.528,7.000
2046,DJF,Channel Islands,0.406,19.000
2047,DJF,Channel Islands,0.439,7.000
2048,DJF,Channel Islands,0.500,5.500
2049,DJF,Channel Islands,0.456,6.000
2050,DJF,Channel Islands,0.483,6.500
2051,DJF,Channel Islands,0.411,9.000
2052,DJF,Channel Islands,0.550,11.000
2053,DJF,Channel Islands,0.344,6.000
2054,DJF,Channel Islands,0.394,6.000
2055,DJF,Channel Islands,0.572,10.500
2056,DJF,Channel Islands,0.583,16.000
2057,DJF,Channel Islands,0.333,4.500
2058,DJF,Channel Islands,0.511,11.000
2059,DJF,Channel Islands,0.500,7.000
2060,DJF,Channel Islands,0.678,10.000
2061,DJF,Channel Islands,0.644,10.000
2062,DJF,Channel Islands,0.417,8.000
2063,DJF,Channel Islands,0.322,6.000
2064,DJF,Channel Islands,0.522,6.000
2065,DJF,Channel Islands,0.772,14.000
2066,DJF,Channel Islands,0.372,7.000
2067,DJF,Channel Islands,0.578,11.000
2068,DJF,Channel Islands,0.539,8.000
2069,DJF,Channel Islands,0.494,7.000
2070,DJF,Channel Islands,0.339,7.000
2071,DJF,Channel Islands,0.511,7.000
2072,DJF,Channel Islands,0.422,9.000
2073,DJF,Channel Islands,0.550,7.000
2074,DJF,Channel Islands,0.739,17.000
2075,DJF,Channel Islands,0.567,8.000
2076,DJF,Channel Islands,0.511,8.500
2077,DJF,Channel Islands,0.561,11.000
2078,DJF,Channel Islands,0.417,8.000
2079,DJF,Channel Islands,0.644,14.000
2080,DJF,Channel Islands,0.456,8.000
1981,DJF,Isle of Man,0.481,8.000
1982,DJF,Isle of Man,0.633,11.000
1983,DJF,Isle of Man,0.626,9.000
1984,DJF,Isle of Man,0.715,15.000
1985,DJF,Isle of Man,0.537,8.000
1986,DJF,Isle of Man,0.593,8.000
1987,DJF,Isle of Man,0.685,11.667
1988,DJF,Isle of Man,0.485,4.667
1989,DJF,Isle of Man,0.570,11.000
1990,DJF,Isle of Man,0.644,13.000
1991,DJF,Isle of Man,0.596,8.000
1992,DJF,Isle of Man,0.574,8.667
1993,DJF,Isle of Man,0.607,11.333
1994,DJF,Isle of Man,0.556,9.667
1995,DJF,Isle of Man,0.685,13.333
1996,DJF,Isle of Man,0.611,9.000
1997,DJF,Isle of Man,0.630,7.000
1998,DJF,Isle of Man,0.637,9.000
1999,DJF,Isle of Man,0.515,6.667
2000,DJF,Isle of Man,0.641,8.333
2001,DJF,Isle of Man,0.537,11.667
2002,DJF,Isle of Man,0.693,9.000
2003,DJF,Isle of Man,0.500,7.000
2004,DJF,Isle of Man,0.696,16.333
2005,DJF,Isle of Man,0.515,6.333
2006,DJF,Isle of Man,0.522,10.000
2007,DJF,Isle of Man,0.659,9.667
2008,DJF,Isle of Man,0.563,9.000
2009,DJF,Isle of Man,0.604,8.000
2010,DJF,Isle of Man,0.667,11.000
2011,DJF,Isle of Man,0.507,8.000
2012,DJF,Isle of Man,0.674,7.667
2013,DJF,Isle of Man,0.659,13.000
2014,DJF,Isle of Man,0.530,5.667
2015,DJF,Isle of Man,0.619,11.000
2016,DJF,Isle of Man,0.556,6.333
2017,DJF,Isle of Man,0.711,7.667
2018,DJF,Isle of Man,0.452,6.000
2019,DJF,Isle of Man,0.641,11.000
2020,DJF,Isle of Man,0.744,11.000
2021,DJF,Isle of Man,0.496,14.000
2022,DJF,Isle of Man,0.548,15.667
2023,DJF,Isle of Man,0.489,6.000
2024,DJF,Isle of Man,0.615,9.000
2025,DJF,Isle of Man,0.607,10.000
2026,DJF,Isle of Man,0.363,6.333
2027,DJF,Isle of Man,0.637,7.333
2028,DJF,Isle of Man,0.648,11.667
2029,DJF,Isle of Man,0.574,9.000
2030,DJF,Isle of Man,0.637,8.333
2031,DJF,Isle of Man,0.667,13.333
2032,DJF,Isle of Man,0.570,10.333
2033,DJF,Isle of Man,0.507,13.667
2034,DJF,Isle of Man,0.633,7.667
2035,DJF,Isle of Man,0.626,6.333
2036,DJF,Isle of Man,0.581,12.333
2037,DJF,Isle of Man,0.459,5.000
2038,DJF,Isle of Man,0.596,8.000
2039,DJF,Isle of Man,0.611,10.000
2040,DJF,Isle of Man,0.611,9.000
2041,DJF,Isle of Man,0.548,9.000
2042,DJF,Isle of Man,0.626,8.000
2043,DJF,Isle of Man,0.381,4.333
2044,DJF,Isle of Man,0.626,8.333
2045,DJF,Isle of Man,0.622,9.333
2046,DJF,Isle of Man,0.515,8.000
2047,DJF,Isle of Man,0.470,4.000
2048,DJF,Isle of Man,0.567,8.000
2049,DJF,Isle of Man,0.648,11.333
2050,DJF,Isle of Man,0.585,5.667
2051,DJF,Isle of Man,0.585,7.667
2052,DJF,Isle of Man,0.644,9.000
2053,DJF,Isle of Man,0.470,6.667
2054,DJF,Isle of Man,0.344,5.000
2055,DJF,Isle of Man,0.522,13.667
2056,DJF,Isle of Man,0.600,7.000
2057,DJF,Isle of Man,0.470,4.333
2058,DJF,Isle of Man,0.552,7.667
2059,DJF,Isle of Man,0.581,6.333
2060,DJF,Isle of Man,0.556,6.000
2061,DJF,Isle of Man,0.578,10.667
2062,DJF,Isle of Man,0.541,8.000
2063,DJF,Isle of Man,0.504,7.000
2064,DJF,Isle of Man,0.630,10.000
2065,DJF,Isle of Man,0.730,12.000
2066,DJF,Isle of Man,0.522,7.333
2067,DJF,Isle of Man,0.526,5.000
2068,DJF,Isle of Man,0.526,6.000
2069,DJF,Isle of Man,0.600,5.000
2070,DJF,Isle of Man,0.504,7.000
2071,DJF,Isle of Man,0.593,10.000
2072,DJF,Isle of Man,0.511,6.000
2073,DJF,Isle of Man,0.633,5.000
2074,DJF,Isle of Man,0.674,12.333
2075,DJF,Isle of Man,0.659,12.333
2076,DJF,Isle of Man,0.589,6.333
2077,DJF,Isle of Man,0.607,6.000
2078,DJF,Isle of Man,0.478,7.000
2079,DJF,Isle of Man,0.622,6.000
2080,DJF,Isle of Man,0.663,10.667
1981,DJF,Northern Ireland,0.535,7.294
1982,DJF,Northern Ireland,0.667,11.247
1983,DJF,Northern Ireland,0.622,11.153
1984,DJF,Northern Ireland,0.693,13.271
1985,DJF,Northern Ireland,0.592,11.647
1986,DJF,Northern Ireland,0.620,8.988
1987,DJF,Northern Ireland,0.684,12.824
1988,DJF,Northern Ireland,0.609,10.176
1989,DJF,Northern Ireland,0.646,12.694
1990,DJF,Northern Ireland,0.667,14.176
1991,DJF,Northern Ireland,0.630,10.388
1992,DJF,Northern Ireland,0.639,8.988
1993,DJF,Northern Ireland,0.679,12.388
1994,DJF,Northern Ireland,0.609,9.765
1995,DJF,Northern Ireland,0.680,13.988
1996,DJF,Northern Ireland,0.689,10.106
1997,DJF,Northern Ireland,0.672,10.447
1998,DJF,Northern Ireland,0.704,11.071
1999,DJF,Northern Ireland,0.552,10.259
2000,DJF,Northern Ireland,0.655,8.729
2001,DJF,Northern Ireland,0.599,8.729
2002,DJF,Northern Ireland,0.705,10.882
2003,DJF,Northern Ireland,0.603,8.718
2004,DJF,Northern Ireland,0.725,17.082
2005,DJF,Northern Ireland,0.583,9.329
2006,DJF,Northern Ireland,0.529,9.176
2007,DJF,Northern Ireland,0.726,12.882
2008,DJF,Northern Ireland,0.566,9.894
2009,DJF,Northern Ireland,0.657,9.694
2010,DJF,Northern Ireland,0.694,14.259
2011,DJF,Northern Ireland,0.472,8.529
2012,DJF,Northern Ireland,0.713,10.694
2013,DJF,Northern Ireland,0.692,10.882
2014,DJF,Northern Ireland,0.630,9.553
2015,DJF,Northern Ireland,0.653,10.247
2016,DJF,Northern Ireland,0.635,9.776
2017,DJF,Northern Ireland,0.735,12.435
2018,DJF,Northern Ireland,0.541,8.576
2019,DJF,Northern Ireland,0.653,10.565
2020,DJF,Northern Ireland,0.745,11.071
2021,DJF,Northern Ireland,0.507,9.247
2022,DJF,Northern Ireland,0.552,7.965
2023,DJF,Northern Ireland,0.654,10.247
2024,DJF,Northern Ireland,0.677,10.894
2025,DJF,Northern Ireland,0.604,11.094
2026,DJF,Northern Ireland,0.398,7.059
2027,DJF,Northern Ireland,0.654,9.671
2028,DJF,Northern Ireland,0.671,15.059
2029,DJF,Northern Ireland,0.601,8.576
2030,DJF,Northern Ireland,0.712,15.929
2031,DJF,Northern Ireland,0.706,12.824
2032,DJF,Northern Ireland,0.620,11.847
2033,DJF,Northern Ireland,0.473,9.906
2034,DJF,Northern Ireland,0.629,13.259
2035,DJF,Northern Ireland,0.652,9.329
2036,DJF,Northern Ireland,0.560,10.353
2037,DJF,Northern Ireland,0.459,5.412
2038,DJF,Northern Ireland,0.663,11.259
2039,DJF,Northern Ireland,0.557,9.376
2040,DJF,Northern Ireland,0.614,8.741
2041,DJF,Northern Ireland,0.544,11.471
2042,DJF,Northern Ireland,0.625,8.600
2043,DJF,Northern Ireland,0.508,10.729
2044,DJF,Northern Ireland,0.611,9.412
2045,DJF,Northern Ireland,0.745,14.482
2046,DJF,Northern Ireland,0.536,9.424
2047,DJF,Northern Ireland,0.494,9.718
2048,DJF,Northern Ireland,0.630,9.671
2049,DJF,Northern Ireland,0.699,10.635
2050,DJF,Northern Ireland,0.652,8.800
2051,DJF,Northern Ireland,0.593,13.376
2052,DJF,Northern Ireland,0.588,10.741
2053,DJF,Northern Ireland,0.497,9.929
2054,DJF,Northern Ireland,0.390,6.576
2055,DJF,Northern Ireland,0.568,11.965
2056,DJF,Northern Ireland,0.666,9.929
2057,DJF,Northern Ireland,0.508,8.235
2058,DJF,Northern Ireland,0.612,10.024
2059,DJF,Northern Ireland,0.646,9.553
2060,DJF,Northern Ireland,0.651,12.694
2061,DJF,Northern Ireland,0.646,16.153
2062,DJF,Northern Ireland,0.567,8.976
2063,DJF,Northern Ireland,0.561,7.906
2064,DJF,Northern Ireland,0.793,17.318
2065,DJF,Northern Ireland,0.785,12.035
2066,DJF,Northern Ireland,0.565,7.600
2067,DJF,Northern Ireland,0.656,12.341
2068,DJF,Northern Ireland,0.582,8.765
2069,DJF,Northern Ireland,0.646,7.671
2070,DJF,Northern Ireland,0.574,11.624
2071,DJF,Northern Ireland,0.609,11.835
2072,DJF,Northern Ireland,0.557,7.482
2073,DJF,Northern Ireland,0.733,9.812
2074,DJF,Northern Ireland,0.699,8.576
2075,DJF,Northern Ireland,0.694,14.753
2076,DJF,Northern Ireland,0.718,13.753
2077,DJF,Northern Ireland,0.647,8.929
2078,DJF,Northern Ireland,0.558,9.471
2079,DJF,Northern Ireland,0.658,11.847
2080,DJF,Northern Ireland,0.701,14.859
1981,DJF,Wales,0.529,8.774
1982,DJF,Wales,0.694,14.519
1983,DJF,Wales,0.694,17.526
1984,DJF,Wales,0.694,18.338
1985,DJF,Wales,0.599,10.654
1986,DJF,Wales,0.638,13.346
1987,DJF,Wales,0.680,13.271
1988,DJF,Wales,0.657,11.211
1989,DJF,Wales,0.676,15.579
1990,DJF,Wales,0.703,15.496
1991,DJF,Wales,0.710,17.466
1992,DJF,Wales,0.578,11.632
1993,DJF,Wales,0.674,18.947
1994,DJF,Wales,0.603,9.308
1995,DJF,Wales,0.708,13.955
1996,DJF,Wales,0.750,18.278
1997,DJF,Wales,0.699,12.812
1998,DJF,Wales,0.725,17.526
1999,DJF,Wales,0.604,12.143
2000,DJF,Wales,0.710,17.113
2001,DJF,Wales,0.637,14.135
2002,DJF,Wales,0.768,14.647
2003,DJF,Wales,0.629,10.759
2004,DJF,Wales,0.775,15.090
2005,DJF,Wales,0.592,9.955
2006,DJF,Wales,0.565,12.820
2007,DJF,Wales,0.730,15.459
2008,DJF,Wales,0.556,11.617
2009,DJF,Wales,0.690,11.887
2010,DJF,Wales,0.707,12.887
2011,DJF,Wales,0.561,9.714
2012,DJF,Wales,0.709,15.368
2013,DJF,Wales,0.706,13.278
2014,DJF,Wales,0.628,9.519
2015,DJF,Wales,0.718,21.278
2016,DJF,Wales,0.663,13.241
2017,DJF,Wales,0.725,15.466
2018,DJF,Wales,0.547,7.842
2019,DJF,Wales,0.616,13.195
2020,DJF,Wales,0.784,17.451
2021,DJF,Wales,0.490,13.707
2022,DJF,Wales,0.483,9.887
2023,DJF,Wales,0.691,11.436
2024,DJF,Wales,0.752,20.925
2025,DJF,Wales,0.635,13.098
2026,DJF,Wales,0.426,13.722
2027,DJF,Wales,0.671,12.008
2028,DJF,Wales,0.710,11.895
2029,DJF,Wales,0.632,10.789
2030,DJF,Wales,0.716,16.105
2031,DJF,Wales,0.748,16.519
2032,DJF,Wales,0.662,16.639
2033,DJF,Wales,0.552,11.474
2034,DJF,Wales,0.697,17.143
2035,DJF,Wales,0.764,14.865
2036,DJF,Wales,0.634,13.263
2037,DJF,Wales,0.584,9.241
2038,DJF,Wales,0.619,10.195
2039,DJF,Wales,0.634,12.481
2040,DJF,Wales,0.663,18.346
2041,DJF,Wales,0.565,9.248
2042,DJF,Wales,0.689,12.414
2043,DJF,Wales,0.488,8.406
2044,DJF,Wales,0.702,12.376
2045,DJF,Wales,0.708,16.195
2046,DJF,Wales,0.543,8.759
2047,DJF,Wales,0.504,9.940
2048,DJF,Wales,0.650,15.060
2049,DJF,Wales,0.686,12.090
2050,DJF,Wales,0.660,9.556
2051,DJF,Wales,0.536,14.481
2052,DJF,Wales,0.653,13.541
2053,DJF,Wales,0.507,11.722
2054,DJF,Wales,0.405,5.361
2055,DJF,Wales,0.622,14.241
2056,DJF,Wales,0.727,16.564
2057,DJF,Wales,0.523,12.218
2058,DJF,Wales,0.604,17.579
2059,DJF,Wales,0.663,9.474
2060,DJF,Wales,0.747,14.203
2061,DJF,Wales,0.682,14.872
2062,DJF,Wales,0.496,8.504
2063,DJF,Wales,0.582,11.195
2064,DJF,Wales,0.742,11.865
2065,DJF,Wales,0.821,16.549
2066,DJF,Wales,0.549,11.098
2067,DJF,Wales,0.656,9.669
2068,DJF,Wales,0.660,10.677
2069,DJF,Wales,0.695,9.917
2070,DJF,Wales,0.510,9.308
2071,DJF,Wales,0.670,12.639
2072,DJF,Wales,0.543,9.038
2073,DJF,Wales,0.788,14.669
2074,DJF,Wales,0.766,15.887
2075,DJF,Wales,0.697,18.331
2076,DJF,Wales,0.665,10.023
2077,DJF,Wales,0.696,11.722
2078,DJF,Wales,0.521,8.857
2079,DJF,Wales,0.689,11.609
2080,DJF,Wales,0.724,17.541
1981,MAM,East Midlands,0.394,5.883
1982,MAM,East Midlands,0.420,6.194
1983,MAM,East Midlands,0.522,9.845
1984,MAM,East Midlands,0.394,5.699
1985,MAM,East Midlands,0.504,10.417
1986,MAM,East Midlands,0.413,4.718
1987,MAM,East Midlands,0.364,7.029
1988,MAM,East Midlands,0.391,5.311
1989,MAM,East Midlands,0.330,4.437
1990,MAM,East Midlands,0.490,8.282
1991,MAM,East Midlands,0.301,5.184
1992,MAM,East Midlands,0.292,3.806
1993,MAM,East Midlands,0.461,7.126
1994,MAM,East Midlands,0.406,7.010
1995,MAM,East Midlands,0.473,7.175
1996,MAM,East Midlands,0.315,5.728
1997,MAM,East Midlands,0.416,5.845
1998,MAM,East Midlands,0.418,4.835
1999,MAM,East Midlands,0.518,8.835
2000,MAM,East Midlands,0.301,5.369
2001,MAM,East Midlands,0.568,9.136
2002,MAM,East Midlands,0.441,5.583
2003,MAM,East Midlands,0.510,6.971
2004,MAM,East Midlands,0.214,5.000
2005,MAM,East Midlands,0.318,5.330
2006,MAM,East Midlands,0.359,7.476
2007,MAM,East Midlands,0.482,7.961
2008,MAM,East Midlands,0.242,4.340
2009,MAM,East Midlands,0.437,5.456
2010,MAM,East Midlands,0.353,6.165
2011,MAM,East Midlands,0.373,8.049
2012,MAM,East Midlands,0.337,5.437
2013,MAM,East Midlands,0.448,7.272
2014,MAM,East Midlands,0.342,4.563
2015,MAM,East Midlands,0.389,6.233
2016,MAM,East Midlands,0.491,5.922
2017,MAM,East Midlands,0.474,8.320
2018,MAM,East Midlands,0.372,7.223
2019,MAM,East Midlands,0.371,6.194
2020,MAM,East Midlands,0.547,7.757
2021,MAM,East Midlands,0.424,5.398
2022,MAM,East Midlands,0.578,8.942
2023,MAM,East Midlands,0.313,4.252
2024,MAM,East Midlands,0.518,9.010
2025,MAM,East Midlands,0.413,6.049
2026,MAM,East Midlands,0.298,4.301
2027,MAM,East Midlands,0.452,6.204
2028,MAM,East Midlands,0.500,9.748
2029,MAM,East Midlands,0.475,8.699
2030,MAM,East Midlands,0.442,6.612
2031,MAM,East Midlands,0.441,9.592
2032,MAM,East Midlands,0.540,10.456
2033,MAM,East Midlands,0.401,5.252
2034,MAM,East Midlands,0.517,6.874
2035,MAM,East Midlands,0.388,4.816
2036,MAM,East Midlands,0.414,8.136
2037,MAM,East Midlands,0.458,7.272
2038,MAM,East Midlands,0.199,5.738
2039,MAM,East Midlands,0.443,7.233
2040,MAM,East Midlands,0.337,7.117
2041,MAM,East Midlands,0.479,6.699
2042,MAM,East Midlands,0.544,8.097
2043,MAM,East Midlands,0.300,4.621
2044,MAM,East Midlands,0.392,5.981
2045,MAM,East Midlands,0.359,5.961
2046,MAM,East Midlands,0.469,5.252
2047,MAM,East Midlands,0.296,5.913
2048,MAM,East Midlands,0.312,7.456
2049,MAM,East Midlands,0.407,5.223
2050,MAM,East Midlands,0.420,5.243
2051,MAM,East Midlands,0.483,6.544
2052,MAM,East Midlands,0.274,5.311
2053,MAM,East Midlands,0.408,5.592
2054,MAM,East Midlands,0.371,5.204
2055,MAM,East Midlands,0.531,12.903
2056,MAM,East Midlands,0.502,7.524
2057,MAM,East Midlands,0.328,4.340
2058,MAM,East Midlands,0.395,5.029
2059,MAM,East Midlands,0.277,6.107
2060,MAM,East Midlands,0.267,6.485
2061,MAM,East Midlands,0.363,4.699
2062,MAM,East Midlands,0.360,5.117
2063,MAM,East Midlands,0.402,6.583
2064,MAM,East Midlands,0.399,8.738
2065,MAM,East Midlands,0.540,8.951
2066,MAM,East Midlands,0.459,6.447
2067,MAM,East Midlands,0.508,7.117
2068,MAM,East Midlands,0.425,5.427
2069,MAM,East Midlands,0.282,4.204
2070,MAM,East Midlands,0.482,5.854
2071,MAM,East Midlands,0.553,8.699
2072,MAM,East Midlands,0.266,3.602
2073,MAM,East Midlands,0.406,6.146
2074,MAM,East Midlands,0.308,4.466
2075,MAM,East Midlands,0.426,8.252
2076,MAM,East Midlands,0.319,4.495
2077,MAM,East Midlands,0.388,5.427
2078,MAM,East Midlands,0.305,4.000
2079,MAM,East Midlands,0.421,6.194
2080,MAM,East Midlands,0.448,6.961
1981,MAM,East of England,0.390,6.071
1982,MAM,East of England,0.376,5.937
1983,MAM,East of England,0.420,7.929
1984,MAM,East of England,0.410,7.394
1985,MAM,East of England,0.495,9.118
1986,MAM,East of England,0.404,6.976
1987,MAM,East of England,0.399,6.150
1988,MAM,East of England,0.377,4.551
1989,MAM,East of England,0.321,4.409
1990,MAM,East of England,0.500,9.362
1991,MAM,East of England,0.307,5.307
1992,MAM,East of England,0.250,3.417
1993,MAM,East of England,0.451,9.866
1994,MAM,East of England,0.388,5.575
1995,MAM,East of England,0.495,8.213
1996,MAM,East of England,0.305,5.339
1997,MAM,East of England,0.386,5.244
1998,MAM,East of England,0.364,4.630
1999,MAM,East of England,0.488,9.299
2000,MAM,East of England,0.271,3.449
2001,MAM,East of England,0.581,7.504
2002,MAM,East of England,0.425,4.811
2003,MAM,East of England,0.505,7.732
2004,MAM,East of England,0.220,3.480
2005,MAM,East of England,0.320,4.969
2006,MAM,East of England,0.344,6.724
2007,MAM,East of England,0.495,7.827
2008,MAM,East of England,0.207,3.496
2009,MAM,East of England,0.467,6.457
2010,MAM,East of England,0.325,5.370
2011,MAM,East of England,0.352,6.520
2012,MAM,East of England,0.335,4.339
2013,MAM,East of England,0.421,5.315
2014,MAM,East of England,0.310,4.693
2015,MAM,East of England,0.368,5.976
2016,MAM,East of England,0.485,5.756
2017,MAM,East of England,0.454,8.000
2018,MAM,East of England,0.376,6.386
2019,MAM,East of England,0.321,6.024
2020,MAM,East of England,0.510,8.339
2021,MAM,East of England,0.448,6.291
2022,MAM,East of England,0.581,7.268
2023,MAM,East of England,0.288,4.646
2024,MAM,East of England,0.446,6.425
2025,MAM,East of England,0.389,4.181
2026,MAM,East of England,0.320,4.551
2027,MAM,East of England,0.413,6.575
2028,MAM,East of England,0.515,8.457
2029,MAM,East of England,0.455,8.780
2030,MAM,East of England,0.403,6.134
2031,MAM,East of England,0.479,7.134
2032,MAM,East of England,0.549,11.504
2033,MAM,East of England,0.374,6.268
2034,MAM,East of England,0.505,6.386
2035,MAM,East of England,0.341,4.142
2036,MAM,East of England,0.405,5.764
2037,MAM,East of England,0.460,6.189
2038,MAM,East of England,0.187,5.071
2039,MAM,East of England,0.408,6.850
2040,MAM,East of England,0.285,5.732
2041,MAM,East of England,0.428,5.843
2042,MAM,East of England,0.540,7.693
2043,MAM,East of England,0.270,4.496
2044,MAM,East of England,0.419,6.087
2045,MAM,East of England,0.352,5.740
2046,MAM,East of England,0.479,8.283
2047,MAM,East of England,0.248,4.063
2048,MAM,East of England,0.297,8.465
2049,MAM,East of England,0.344,4.622
2050,MAM,East of England,0.405,5.622
2051,MAM,East of England,0.510,7.787
2052,MAM,East of England,0.235,4.102
2053,MAM,East of England,0.396,4.795
2054,MAM,East of England,0.335,5.315
2055,MAM,East of England,0.516,11.000
2056,MAM,East of England,0.434,9.307
2057,MAM,East of England,0.290,5.268
2058,MAM,East of England,0.360,4.535
2059,MAM,East of England,0.241,6.496
2060,MAM,East of England,0.217,6.370
2061,MAM,East of England,0.355,5.409
2062,MAM,East of England,0.314,5.378
2063,MAM,East of England,0.451,6.276
2064,MAM,East of England,0.383,8.669
2065,MAM,East of England,0.483,5.984
2066,MAM,East of England,0.421,5.669
2067,MAM,East of England,0.468,7.268
2068,MAM,East of England,0.373,5.583
2069,MAM,East of England,0.258,3.787
2070,MAM,East of England,0.460,5.780
2071,MAM,East of England,0.531,9.346
2072,MAM,East of England,0.291,4.937
2073,MAM,East of England,0.403,6.512
2074,MAM,East of England,0.286,4.205
2075,MAM,East of England,0.430,10.425
2076,MAM,East of England,0.295,4.268
2077,MAM,East of England,0.403,7.748
2078,MAM,East of England,0.305,4.220
2079,MAM,East of England,0.401,7.354
2080,MAM,East of England,0.429,5.921
1981,MAM,East Scotland,0.530,11.250
1982,MAM,East Scotland,0.410,8.194
1983,MAM,East Scotland,0.547,9.294
1984,MAM,East Scotland,0.530,7.825
1985,MAM,East Scotland,0.554,10.981
1986,MAM,East Scotland,0.444,5.775
1987,MAM,East Scotland,0.523,9.881
1988,MAM,East Scotland,0.484,7.556
1989,MAM,East Scotland,0.478,7.725
1990,MAM,East Scotland,0.552,8.294
1991,MAM,East Scotland,0.432,6.625
1992,MAM,East Scotland,0.461,8.294
1993,MAM,East Scotland,0.478,8.231
1994,MAM,East Scotland,0.463,11.144
1995,MAM,East Scotland,0.526,8.119
1996,MAM,East Scotland,0.481,7.475
1997,MAM,East Scotland,0.528,10.088
1998,MAM,East Scotland,0.499,8.363
1999,MAM,East Scotland,0.590,10.050
2000,MAM,East Scotland,0.509,7.037
2001,MAM,East Scotland,0.592,9.562
2002,MAM,East Scotland,0.548,9.931
2003,MAM,East Scotland,0.539,9.606
2004,MAM,East Scotland,0.385,8.669
2005,MAM,East Scotland,0.423,6.494
2006,MAM,East Scotland,0.471,7.569
2007,MAM,East Scotland,0.566,9.775
2008,MAM,East Scotland,0.394,8.031
2009,MAM,East Scotland,0.626,11.875
2010,MAM,East Scotland,0.453,8.094
2011,MAM,East Scotland,0.473,8.463
2012,MAM,East Scotland,0.486,11.137
2013,MAM,East Scotland,0.590,10.037
2014,MAM,East Scotland,0.427,5.900
2015,MAM,East Scotland,0.502,8.775
2016,MAM,East Scotland,0.585,9.981
2017,MAM,East Scotland,0.544,9.981
2018,MAM,East Scotland,0.481,7.094
2019,MAM,East Scotland,0.482,6.700
2020,MAM,East Scotland,0.645,9.619
2021,MAM,East Scotland,0.450,7.662
2022,MAM,East Scotland,0.635,9.125
2023,MAM,East Scotland,0.431,8.825
2024,MAM,East Scotland,0.663,12.488
2025,MAM,East Scotland,0.460,8.781
2026,MAM,East Scotland,0.478,10.887
2027,MAM,East Scotland,0.480,6.838
2028,MAM,East Scotland,0.490,9.806
2029,MAM,East Scotland,0.551,10.637
2030,MAM,East Scotland,0.539,10.238
2031,MAM,East Scotland,0.538,9.863
2032,MAM,East Scotland,0.532,9.525
2033,MAM,East Scotland,0.524,8.875
2034,MAM,East Scotland,0.563,6.994
2035,MAM,East Scotland,0.498,7.481
2036,MAM,East Scotland,0.478,7.406
2037,MAM,East Scotland,0.481,10.725
2038,MAM,East Scotland,0.349,7.144
2039,MAM,East Scotland,0.487,7.838
2040,MAM,East Scotland,0.491,9.681
2041,MAM,East Scotland,0.583,8.806
2042,MAM,East Scotland,0.540,7.006
2043,MAM,East Scotland,0.470,7.812
2044,MAM,East Scotland,0.406,7.025
2045,MAM,East Scotland,0.435,7.188
2046,MAM,East Scotland,0.488,5.944
2047,MAM,East Scotland,0.431,8.231
2048,MAM,East Scotland,0.391,5.650
2049,MAM,East Scotland,0.586,8.981
2050,MAM,East Scotland,0.468,6.662
2051,MAM,East Scotland,0.539,8.162
2052,MAM,East Scotland,0.458,6.713
2053,MAM,East Scotland,0.505,10.675
2054,MAM,East Scotland,0.474,8.900
2055,MAM,East Scotland,0.544,11.338
2056,MAM,East Scotland,0.571,9.406
2057,MAM,East Scotland,0.588,8.631
2058,MAM,East Scotland,0.525,9.863
2059,MAM,East Scotland,0.449,6.412
2060,MAM,East Scotland,0.362,7.494
2061,MAM,East Scotland,0.440,6.638
2062,MAM,East Scotland,0.494,7.725
2063,MAM,East Scotland,0.491,9.500
2064,MAM,East Scotland,0.532,7.225
2065,MAM,East Scotland,0.542,9.131
2066,MAM,East Scotland,0.503,7.025
2067,MAM,East Scotland,0.582,9.556
2068,MAM,East Scotland,0.560,9.012
2069,MAM,East Scotland,0.383,9.912
2070,MAM,East Scotland,0.507,7.263
2071,MAM,East Scotland,0.482,8.769
2072,MAM,East Scotland,0.441,6.719
2073,MAM,East Scotland,0.524,11.694
2074,MAM,East Scotland,0.419,8.450
2075,MAM,East Scotland,0.507,10.331
2076,MAM,East Scotland,0.491,5.938
2077,MAM,East Scotland,0.432,7.812
2078,MAM,East Scotland,0.389,5.812
2079,MAM,East Scotland,0.441,8.731
2080,MAM,East Scotland,0.540,9.975
1981,MAM,London,0.406,5.750
1982,MAM,London,0.391,6.583
1983,MAM,London,0.514,7.167
1984,MAM,London,0.344,6.083
1985,MAM,London,0.515,8.750
1986,MAM,London,0.416,5.667
1987,MAM,London,0.435,6.583
1988,MAM,London,0.431,6.833
1989,MAM,London,0.344,5.167
1990,MAM,London,0.527,11.417
1991,MAM,London,0.339,6.500
1992,MAM,London,0.245,3.833
1993,MAM,London,0.483,9.250
1994,MAM,London,0.374,5.917
1995,MAM,London,0.500,8.000
1996,MAM,London,0.344,6.417
1997,MAM,London,0.406,5.833
1998,MAM,London,0.439,6.417
1999,MAM,London,0.467,9.667
2000,MAM,London,0.272,4.583
2001,MAM,London,0.643,8.000
2002,MAM,London,0.419,4.750
2003,MAM,London,0.503,7.583
2004,MAM,London,0.219,4.667
2005,MAM,London,0.307,5.000
2006,MAM,London,0.369,6.083
2007,MAM,London,0.537,7.500
2008,MAM,London,0.268,4.750
2009,MAM,London,0.504,6.667
2010,MAM,London,0.372,6.333
2011,MAM,London,0.335,6.833
2012,MAM,London,0.364,5.667
2013,MAM,London,0.405,4.917
2014,MAM,London,0.331,5.000
2015,MAM,London,0.381,4.917
2016,MAM,London,0.516,6.000
2017,MAM,London,0.492,9.583
2018,MAM,London,0.360,4.917
2019,MAM,London,0.322,6.500
2020,MAM,London,0.529,6.583
2021,MAM,London,0.477,7.250
2022,MAM,London,0.550,6.917
2023,MAM,London,0.321,4.417
2024,MAM,London,0.450,7.333
2025,MAM,London,0.340,3.417
2026,MAM,London,0.324,5.000
2027,MAM,London,0.417,5.667
2028,MAM,London,0.481,6.083
2029,MAM,London,0.463,10.250
2030,MAM,London,0.409,6.833
2031,MAM,London,0.548,7.833
2032,MAM,London,0.551,8.667
2033,MAM,London,0.389,5.667
2034,MAM,London,0.471,6.000
2035,MAM,London,0.355,3.750
2036,MAM,London,0.378,5.250
2037,MAM,London,0.464,6.250
2038,MAM,London,0.148,5.000
2039,MAM,London,0.446,7.333
2040,MAM,London,0.294,7.000
2041,MAM,London,0.435,6.083
2042,MAM,London,0.530,6.333
2043,MAM,London,0.242,4.167
2044,MAM,London,0.374,6.583
2045,MAM,London,0.344,6.000
2046,MAM,London,0.499,9.667
2047,MAM,London,0.285,3.500
2048,MAM,London,0.241,5.750
2049,MAM,London,0.389,5.000
2050,MAM,London,0.387,7.500
2051,MAM,London,0.494,7.167
2052,MAM,London,0.223,4.833
2053,MAM,London,0.413,5.583
2054,MAM,London,0.318,5.000
2055,MAM,London,0.468,8.750
2056,MAM,London,0.438,10.333
2057,MAM,London,0.255,4.000
2058,MAM,London,0.366,4.500
2059,MAM,London,0.257,6.833
2060,MAM,London,0.218,5.417
2061,MAM,London,0.386,9.417
2062,MAM,London,0.348,6.083
2063,MAM,London,0.444,7.250
2064,MAM,London,0.375,8.000
2065,MAM,London,0.498,5.583
2066,MAM,London,0.414,4.167
2067,MAM,London,0.516,8.500
2068,MAM,London,0.390,5.000
2069,MAM,London,0.263,4.000
2070,MAM,London,0.471,6.000
2071,MAM,London,0.571,13.417
2072,MAM,London,0.261,6.167
2073,MAM,London,0.447,7.500
2074,MAM,London,0.258,3.250
2075,MAM,London,0.429,8.417
2076,MAM,London,0.323,5.167
2077,MAM,London,0.471,6.000
2078,MAM,London,0.343,4.000
2079,MAM,London,0.405,7.667
2080,MAM,London,0.478,6.750
1981,MAM,North East England,0.513,10.158
1982,MAM,North East England,0.444,7.175
1983,MAM,North East England,0.550,8.895
1984,MAM,North East England,0.519,7.947
1985,MAM,North East England,0.572,9.965
1986,MAM,North East England,0.431,4.596
1987,MAM,North East England,0.461,7.333
1988,MAM,North East England,0.457,7.509
1989,MAM,North East England,0.386,5.404
1990,MAM,North East England,0.508,10.474
1991,MAM,North East England,0.371,6.421
1992,MAM,North East England,0.444,6.526
1993,MAM,North East England,0.501,7.965
1994,MAM,North East England,0.438,10.667
1995,MAM,North East England,0.475,7.579
1996,MAM,North East England,0.413,6.053
1997,MAM,North East England,0.447,8.421
1998,MAM,North East England,0.417,6.526
1999,MAM,North East England,0.564,8.228
2000,MAM,North East England,0.407,7.193
2001,MAM,North East England,0.631,12.070
2002,MAM,North East England,0.456,7.632
2003,MAM,North East England,0.507,8.246
2004,MAM,North East England,0.333,5.947
2005,MAM,North East England,0.385,5.281
2006,MAM,North East England,0.465,8.649
2007,MAM,North East England,0.541,9.158
2008,MAM,North East England,0.328,7.316
2009,MAM,North East England,0.499,10.895
2010,MAM,North East England,0.402,5.649
2011,MAM,North East England,0.464,9.035
2012,MAM,North East England,0.445,9.579
2013,MAM,North East England,0.496,5.860
2014,MAM,North East England,0.348,4.316
2015,MAM,North East England,0.421,6.649
2016,MAM,North East England,0.544,6.123
2017,MAM,North East England,0.496,12.263
2018,MAM,North East England,0.478,6.877
2019,MAM,North East England,0.434,5.947
2020,MAM,North East England,0.578,8.211
2021,MAM,North East England,0.449,7.246
2022,MAM,North East England,0.627,11.439
2023,MAM,North East England,0.367,5.684
2024,MAM,North East England,0.614,11.228
2025,MAM,North East England,0.440,8.281
2026,MAM,North East England,0.429,7.228
2027,MAM,North East England,0.489,7.456
2028,MAM,North East England,0.612,14.053
2029,MAM,North East England,0.469,9.561
2030,MAM,North East England,0.490,8.649
2031,MAM,North East England,0.555,10.105
2032,MAM,North East England,0.550,9.561
2033,MAM,North East England,0.476,6.526
2034,MAM,North East England,0.558,9.632
2035,MAM,North East England,0.380,4.614
2036,MAM,North East England,0.508,8.684
2037,MAM,North East England,0.479,7.228
2038,MAM,North East England,0.240,5.596
2039,MAM,North East England,0.495,7.649
2040,MAM,North East England,0.376,6.684
2041,MAM,North East England,0.538,7.772
2042,MAM,North East England,0.514,6.649
2043,MAM,North East England,0.437,7.140
2044,MAM,North East England,0.399,7.491
2045,MAM,North East England,0.362,5.474
2046,MAM,North East England,0.501,6.614
2047,MAM,North East England,0.335,8.351
2048,MAM,North East England,0.359,6.053
2049,MAM,North East England,0.485,7.246
2050,MAM,North East England,0.485,6.018
2051,MAM,North East England,0.471,6.912
2052,MAM,North East England,0.368,7.509
2053,MAM,North East England,0.437,5.842
2054,MAM,North East England,0.455,6.772
2055,MAM,North East England,0.538,11.070
2056,MAM,North East England,0.540,8.596
2057,MAM,North East England,0.450,5.895
2058,MAM,North East England,0.437,6.544
2059,MAM,North East England,0.367,6.035
2060,MAM,North East England,0.325,6.175
2061,MAM,North East England,0.410,6.053
2062,MAM,North East England,0.449,6.754
2063,MAM,North East England,0.475,7.912
2064,MAM,North East England,0.412,6.316
2065,MAM,North East England,0.589,9.579
2066,MAM,North East England,0.505,8.421
2067,MAM,North East England,0.520,7.737
2068,MAM,North East England,0.467,6.298
2069,MAM,North East England,0.346,6.351
2070,MAM,North East England,0.465,5.982
2071,MAM,North East England,0.560,9.667
2072,MAM,North East England,0.384,4.368
2073,MAM,North East England,0.518,10.351
2074,MAM,North East England,0.390,5.544
2075,MAM,North East England,0.524,10.526
2076,MAM,North East England,0.417,5.281
2077,MAM,North East England,0.419,6.982
2078,MAM,North East England,0.344,5.105
2079,MAM,North East England,0.405,7.351
2080,MAM,North East England,0.474,7.789
1981,MAM,North Scotland,0.475,6.906
1982,MAM,North Scotland,0.411,8.439
1983,MAM,North Scotland,0.467,10.443
1984,MAM,North Scotland,0.629,13.575
1985,MAM,North Scotland,0.594,11.396
1986,MAM,North Scotland,0.603,12.368
1987,MAM,North Scotland,0.573,12.241
1988,MAM,North Scotland,0.624,13.274
1989,MAM,North Scotland,0.656,15.269
1990,MAM,North Scotland,0.563,9.844
1991,MAM,North Scotland,0.626,11.939
1992,MAM,North Scotland,0.603,11.948
1993,MAM,North Scotland,0.588,12.778
1994,MAM,North Scotland,0.476,7.646
1995,MAM,North Scotland,0.586,11.127
1996,MAM,North Scotland,0.481,8.566
1997,MAM,North Scotland,0.699,17.363
1998,MAM,North Scotland,0.536,10.561
1999,MAM,North Scotland,0.652,14.179
2000,MAM,North Scotland,0.699,11.726
2001,MAM,North Scotland,0.511,8.604
2002,MAM,North Scotland,0.655,12.500
2003,MAM,North Scotland,0.572,10.264
2004,MAM,North Scotland,0.553,11.038
2005,MAM,North Scotland,0.594,15.377
2006,MAM,North Scotland,0.606,12.349
2007,MAM,North Scotland,0.593,11.538
2008,MAM,North Scotland,0.478,8.750
2009,MAM,North Scotland,0.708,15.882
2010,MAM,North Scotland,0.554,12.297
2011,MAM,North Scotland,0.556,10.896
2012,MAM,North Scotland,0.699,16.585
2013,MAM,North Scotland,0.674,9.967
2014,MAM,North Scotland,0.649,12.042
2015,MAM,North Scotland,0.625,11.033
2016,MAM,North Scotland,0.643,13.330
2017,MAM,North Scotland,0.612,15.104
2018,MAM,North Scotland,0.634,13.660
2019,MAM,North Scotland,0.597,10.274
2020,MAM,North Scotland,0.728,13.675
2021,MAM,North Scotland,0.550,11.401
2022,MAM,North Scotland,0.536,9.288
2023,MAM,North Scotland,0.587,12.708
2024,MAM,North Scotland,0.687,15.995
2025,MAM,North Scotland,0.526,10.123
2026,MAM,North Scotland,0.560,15.217
2027,MAM,North Scotland,0.573,12.330
2028,MAM,North Scotland,0.555,10.580
2029,MAM,North Scotland,0.580,12.613
2030,MAM,North Scotland,0.615,12.547
2031,MAM,North Scotland,0.658,12.406
2032,MAM,North Scotland,0.523,8.363
2033,MAM,North Scotland,0.543,9.429
2034,MAM,North Scotland,0.566,14.222
2035,MAM,North Scotland,0.673,13.392
2036,MAM,North Scotland,0.594,9.071
2037,MAM,North Scotland,0.589,13.142
2038,MAM,North Scotland,0.545,13.118
2039,MAM,North Scotland,0.534,11.208
2040,MAM,North Scotland,0.601,10.991
2041,MAM,North Scotland,0.726,17.434
2042,MAM,North Scotland,0.664,10.340
2043,MAM,North Scotland,0.473,8.340
2044,MAM,North Scotland,0.526,12.415
2045,MAM,North Scotland,0.665,11.585
2046,MAM,North Scotland,0.559,10.014
2047,MAM,North Scotland,0.593,9.981
2048,MAM,North Scotland,0.510,8.071
2049,MAM,North Scotland,0.742,14.991
2050,MAM,North Scotland,0.631,9.000
2051,MAM,North Scotland,0.640,10.759
2052,MAM,North Scotland,0.622,11.208
2053,MAM,North Scotland,0.648,17.580
2054,MAM,North Scotland,0.518,9.920
2055,MAM,North Scotland,0.620,12.146
2056,MAM,North Scotland,0.639,11.042
2057,MAM,North Scotland,0.733,12.656
2058,MAM,North Scotland,0.603,9.283
2059,MAM,North Scotland,0.591,10.396
2060,MAM,North Scotland,0.506,9.986
2061,MAM,North Scotland,0.610,14.297
2062,MAM,North Scotland,0.582,15.958
2063,MAM,North Scotland,0.536,14.759
2064,MAM,North Scotland,0.692,17.410
2065,MAM,North Scotland,0.533,8.170
2066,MAM,North Scotland,0.556,10.434
2067,MAM,North Scotland,0.690,13.873
2068,MAM,North Scotland,0.688,12.009
2069,MAM,North Scotland,0.516,12.358
2070,MAM,North Scotland,0.630,12.873
2071,MAM,North Scotland,0.471,11.014
2072,MAM,North Scotland,0.604,11.849
2073,MAM,North Scotland,0.550,13.585
2074,MAM,North Scotland,0.534,13.033
2075,MAM,North Scotland,0.587,11.042
2076,MAM,North Scotland,0.676,11.184
2077,MAM,North Scotland,0.596,14.099
2078,MAM,North Scotland,0.505,9.722
2079,MAM,North Scotland,0.656,16.156
2080,MAM,North Scotland,0.685,13.741
1981,MAM,North West England,0.435,9.108
1982,MAM,North West England,0.419,7.602
1983,MAM,North West England,0.514,12.828
1984,MAM,North West England,0.578,10.430
1985,MAM,North West England,0.554,12.871
1986,MAM,North West England,0.434,7.548
1987,MAM,North West England,0.505,9.161
1988,MAM,North West England,0.524,9.452
1989,MAM,North West England,0.569,9.753
1990,MAM,North West England,0.563,8.720
1991,MAM,North West England,0.460,7.978
1992,MAM,North West England,0.440,7.054
1993,MAM,North West England,0.540,13.602
1994,MAM,North West England,0.459,7.882
1995,MAM,North West England,0.523,10.194
1996,MAM,North West England,0.436,7.000
1997,MAM,North West England,0.641,12.290
1998,MAM,North West England,0.474,6.882
1999,MAM,North West England,0.611,11.946
2000,MAM,North West England,0.549,9.645
2001,MAM,North West England,0.653,12.505
2002,MAM,North West England,0.576,12.710
2003,MAM,North West England,0.631,11.151
2004,MAM,North West England,0.393,10.978
2005,MAM,North West England,0.495,10.140
2006,MAM,North West England,0.489,8.376
2007,MAM,North West England,0.594,10.839
2008,MAM,North West England,0.343,9.688
2009,MAM,North West England,0.570,12.054
2010,MAM,North West England,0.455,7.989
2011,MAM,North West England,0.428,10.108
2012,MAM,North West England,0.553,12.527
2013,MAM,North West England,0.612,8.452
2014,MAM,North West England,0.458,7.000
2015,MAM,North West England,0.504,13.065
2016,MAM,North West England,0.615,7.419
2017,MAM,North West England,0.579,15.505
2018,MAM,North West England,0.525,7.957
2019,MAM,North West England,0.526,9.312
2020,MAM,North West England,0.703,10.667
2021,MAM,North West England,0.525,10.065
2022,MAM,North West England,0.561,8.355
2023,MAM,North West England,0.510,10.054
2024,MAM,North West England,0.641,12.710
2025,MAM,North West England,0.488,8.624
2026,MAM,North West England,0.513,12.935
2027,MAM,North West England,0.546,8.247
2028,MAM,North West England,0.522,12.731
2029,MAM,North West England,0.573,13.237
2030,MAM,North West England,0.554,10.194
2031,MAM,North West England,0.516,11.129
2032,MAM,North West England,0.470,6.871
2033,MAM,North West England,0.497,9.527
2034,MAM,North West England,0.585,9.656
2035,MAM,North West England,0.543,10.817
2036,MAM,North West England,0.503,10.656
2037,MAM,North West England,0.554,12.086
2038,MAM,North West England,0.312,7.022
2039,MAM,North West England,0.505,9.269
2040,MAM,North West England,0.503,13.194
2041,MAM,North West England,0.683,12.376
2042,MAM,North West England,0.608,9.667
2043,MAM,North West England,0.398,7.215
2044,MAM,North West England,0.408,8.172
2045,MAM,North West England,0.494,9.376
2046,MAM,North West England,0.542,8.677
2047,MAM,North West England,0.441,8.495
2048,MAM,North West England,0.407,7.129
2049,MAM,North West England,0.636,11.774
2050,MAM,North West England,0.467,6.032
2051,MAM,North West England,0.595,7.323
2052,MAM,North West England,0.452,7.301
2053,MAM,North West England,0.567,11.806
2054,MAM,North West England,0.430,7.677
2055,MAM,North West England,0.558,16.710
2056,MAM,North West England,0.660,11.613
2057,MAM,North West England,0.593,8.247
2058,MAM,North West England,0.455,6.763
2059,MAM,North West England,0.466,7.871
2060,MAM,North West England,0.387,7.978
2061,MAM,North West England,0.495,7.860
2062,MAM,North West England,0.517,8.505
2063,MAM,North West England,0.505,9.828
2064,MAM,North West England,0.579,11.118
2065,MAM,North West England,0.544,9.591
2066,MAM,North West England,0.624,12.849
2067,MAM,North West England,0.659,11.613
2068,MAM,North West England,0.615,12.527
2069,MAM,North West England,0.441,8.548
2070,MAM,North West England,0.587,9.516
2071,MAM,North West England,0.555,10.129
2072,MAM,North West England,0.442,8.688
2073,MAM,North West England,0.544,13.043
2074,MAM,North West England,0.476,9.172
2075,MAM,North West England,0.590,9.882
2076,MAM,North West England,0.498,8.946
2077,MAM,North West England,0.502,9.376
2078,MAM,North West England,0.472,8.419
2079,MAM,North West England,0.525,13.065
2080,MAM,North West England,0.630,15.505
1981,MAM,South East England,0.395,6.559
1982,MAM,South East England,0.363,5.381
1983,MAM,South East England,0.540,9.203
1984,MAM,South East England,0.354,5.898
1985,MAM,South East England,0.486,9.051
1986,MAM,South East England,0.409,4.958
1987,MAM,South East England,0.393,6.703
1988,MAM,South East England,0.375,7.229
1989,MAM,South East England,0.330,4.568
1990,MAM,South East England,0.508,9.754
1991,MAM,South East England,0.300,6.144
1992,MAM,South East England,0.296,4.398
1993,MAM,South East England,0.464,7.966
1994,MAM,South East England,0.376,5.847
1995,MAM,South East England,0.475,7.398
1996,MAM,South East England,0.290,6.102
1997,MAM,South East England,0.377,4.237
1998,MAM,South East England,0.443,5.517
1999,MAM,South East England,0.454,8.364
2000,MAM,South East England,0.254,5.144
2001,MAM,South East England,0.646,9.398
2002,MAM,South East England,0.414,4.475
2003,MAM,South East England,0.473,6.229
2004,MAM,South East England,0.200,4.797
2005,MAM,South East England,0.316,5.890
2006,MAM,South East England,0.352,6.941
2007,MAM,South East England,0.505,9.314
2008,MAM,South East England,0.252,4.424
2009,MAM,South East England,0.447,6.424
2010,MAM,South East England,0.363,6.881
2011,MAM,South East England,0.324,4.475
2012,MAM,South East England,0.312,5.051
2013,MAM,South East England,0.388,5.636
2014,MAM,South East England,0.328,4.890
2015,MAM,South East England,0.401,6.831
2016,MAM,South East England,0.480,6.754
2017,MAM,South East England,0.510,9.381
2018,MAM,South East England,0.323,5.271
2019,MAM,South East England,0.320,6.186
2020,MAM,South East England,0.494,5.000
2021,MAM,South East England,0.459,6.737
2022,MAM,South East England,0.557,7.424
2023,MAM,South East England,0.289,4.568
2024,MAM,South East England,0.446,8.008
2025,MAM,South East England,0.364,4.203
2026,MAM,South East England,0.298,3.771
2027,MAM,South East England,0.424,5.653
2028,MAM,South East England,0.436,6.441
2029,MAM,South East England,0.483,12.000
2030,MAM,South East England,0.385,5.975
2031,MAM,South East England,0.494,9.703
2032,MAM,South East England,0.519,9.237
2033,MAM,South East England,0.393,6.449
2034,MAM,South East England,0.470,6.373
2035,MAM,South East England,0.347,4.059
2036,MAM,South East England,0.394,7.831
2037,MAM,South East England,0.463,7.263
2038,MAM,South East England,0.172,5.288
2039,MAM,South East England,0.425,6.864
2040,MAM,South East England,0.281,6.254
2041,MAM,South East England,0.433,6.008
2042,MAM,South East England,0.489,6.864
2043,MAM,South East England,0.268,5.186
2044,MAM,South East England,0.342,5.381
2045,MAM,South East England,0.321,6.610
2046,MAM,South East England,0.492,8.771
2047,MAM,South East England,0.272,4.619
2048,MAM,South East England,0.254,5.178
2049,MAM,South East England,0.385,4.898
2050,MAM,South East England,0.361,5.110
2051,MAM,South East England,0.458,5.203
2052,MAM,South East England,0.239,4.822
2053,MAM,South East England,0.403,6.161
2054,MAM,South East England,0.296,5.102
2055,MAM,South East England,0.479,10.178
2056,MAM,South East England,0.448,7.508
2057,MAM,South East England,0.236,4.432
2058,MAM,South East England,0.409,6.695
2059,MAM,South East England,0.240,6.475
2060,MAM,South East England,0.230,6.653
2061,MAM,South East England,0.357,9.119
2062,MAM,South East England,0.348,6.695
2063,MAM,South East England,0.426,8.610
2064,MAM,South East England,0.369,7.949
2065,MAM,South East England,0.469,6.703
2066,MAM,South East England,0.411,6.059
2067,MAM,South East England,0.513,9.102
2068,MAM,South East England,0.409,6.169
2069,MAM,South East England,0.261,3.653
2070,MAM,South East England,0.467,7.322
2071,MAM,South East England,0.554,12.085
2072,MAM,South East England,0.273,5.229
2073,MAM,South East England,0.436,6.797
2074,MAM,South East England,0.278,3.780
2075,MAM,South East England,0.421,9.525
2076,MAM,South East England,0.302,4.958
2077,MAM,South East England,0.409,6.008
2078,MAM,South East England,0.329,4.517
2079,MAM,South East England,0.366,5.559
2080,MAM,South East England,0.445,6.331
1981,MAM,South West England,0.442,9.981
1982,MAM,South West England,0.391,5.429
1983,MAM,South West England,0.597,11.417
1984,MAM,South West England,0.418,6.686
1985,MAM,South West England,0.475,8.827
1986,MAM,South West England,0.421,4.833
1987,MAM,South West England,0.402,7.372
1988,MAM,South West England,0.406,6.378
1989,MAM,South West England,0.393,6.667
1990,MAM,South West England,0.510,9.128
1991,MAM,South West England,0.309,6.487
1992,MAM,South West England,0.340,5.340
1993,MAM,South West England,0.491,8.442
1994,MAM,South West England,0.399,9.224
1995,MAM,South West England,0.467,7.808
1996,MAM,South West England,0.318,6.071
1997,MAM,South West England,0.478,8.365
1998,MAM,South West England,0.531,7.282
1999,MAM,South West England,0.464,6.423
2000,MAM,South West England,0.304,5.718
2001,MAM,South West England,0.688,10.212
2002,MAM,South West England,0.489,7.321
2003,MAM,South West England,0.521,9.199
2004,MAM,South West England,0.236,6.071
2005,MAM,South West England,0.342,6.199
2006,MAM,South West England,0.352,6.840
2007,MAM,South West England,0.529,10.045
2008,MAM,South West England,0.296,4.224
2009,MAM,South West England,0.482,7.981
2010,MAM,South West England,0.401,8.596
2011,MAM,South West England,0.344,6.276
2012,MAM,South West England,0.336,6.609
2013,MAM,South West England,0.460,6.712
2014,MAM,South West England,0.402,5.962
2015,MAM,South West England,0.429,7.192
2016,MAM,South West England,0.562,7.038
2017,MAM,South West England,0.555,10.096
2018,MAM,South West England,0.351,6.051
2019,MAM,South West England,0.409,8.340
2020,MAM,South West England,0.569,8.526
2021,MAM,South West England,0.463,7.071
2022,MAM,South West England,0.610,9.455
2023,MAM,South West England,0.373,5.756
2024,MAM,South West England,0.480,10.615
2025,MAM,South West England,0.425,5.686
2026,MAM,South West England,0.384,5.462
2027,MAM,South West England,0.449,6.154
2028,MAM,South West England,0.441,4.763
2029,MAM,South West England,0.503,12.276
2030,MAM,South West England,0.430,7.968
2031,MAM,South West England,0.440,11.609
2032,MAM,South West England,0.485,7.404
2033,MAM,South West England,0.454,7.006
2034,MAM,South West England,0.479,7.103
2035,MAM,South West England,0.420,6.583
2036,MAM,South West England,0.404,8.968
2037,MAM,South West England,0.522,9.353
2038,MAM,South West England,0.223,5.468
2039,MAM,South West England,0.426,6.987
2040,MAM,South West England,0.358,9.654
2041,MAM,South West England,0.505,7.923
2042,MAM,South West England,0.514,8.814
2043,MAM,South West England,0.261,4.590
2044,MAM,South West England,0.342,5.372
2045,MAM,South West England,0.340,8.929
2046,MAM,South West England,0.526,8.462
2047,MAM,South West England,0.356,6.276
2048,MAM,South West England,0.280,4.667
2049,MAM,South West England,0.452,6.199
2050,MAM,South West England,0.382,7.186
2051,MAM,South West England,0.509,6.923
2052,MAM,South West England,0.294,4.667
2053,MAM,South West England,0.456,6.724
2054,MAM,South West England,0.336,5.340
2055,MAM,South West England,0.541,13.622
2056,MAM,South West England,0.538,8.712
2057,MAM,South West England,0.332,6.365
2058,MAM,South West England,0.449,7.885
2059,MAM,South West England,0.278,6.353
2060,MAM,South West England,0.267,6.173
2061,MAM,South West England,0.392,6.635
2062,MAM,South West England,0.429,8.897
2063,MAM,South West England,0.459,9.256
2064,MAM,South West England,0.410,8.288
2065,MAM,South West England,0.510,9.083
2066,MAM,South West England,0.475,8.763
2067,MAM,South West England,0.527,7.686
2068,MAM,South West England,0.480,12.019
2069,MAM,South West England,0.311,4.449
2070,MAM,South West England,0.550,9.679
2071,MAM,South West England,0.543,11.622
2072,MAM,South West England,0.319,5.083
2073,MAM,South West England,0.447,7.558
2074,MAM,South West England,0.370,5.462
2075,MAM,South West England,0.456,12.090
2076,MAM,South West England,0.358,6.244
2077,MAM,South West England,0.459,7.122
2078,MAM,South West England,0.390,5.814
2079,MAM,South West England,0.406,7.769
2080,MAM,South West England,0.529,7.686
1981,MAM,West Midlands,0.441,8.047
1982,MAM,West Midlands,0.400,6.605
1983,MAM,West Midlands,0.571,10.488
1984,MAM,West Midlands,0.386,5.279
1985,MAM,West Midlands,0.505,11.221
1986,MAM,West Midlands,0.389,4.558
1987,MAM,West Midlands,0.345,7.070
1988,MAM,West Midlands,0.389,5.942
1989,MAM,West Midlands,0.336,5.058
1990,MAM,West Midlands,0.522,8.733
1991,MAM,West Midlands,0.321,5.977
1992,MAM,West Midlands,0.307,4.012
1993,MAM,West Midlands,0.457,7.302
1994,MAM,West Midlands,0.426,8.244
1995,MAM,West Midlands,0.477,7.326
1996,MAM,West Midlands,0.303,5.698
1997,MAM,West Midlands,0.408,5.988
1998,MAM,West Midlands,0.488,6.244
1999,MAM,West Midlands,0.522,10.802
2000,MAM,West Midlands,0.295,4.593
2001,MAM,West Midlands,0.612,9.326
2002,MAM,West Midlands,0.437,6.721
2003,MAM,West Midlands,0.525,7.744
2004,MAM,West Midlands,0.224,5.616
2005,MAM,West Midlands,0.299,5.837
2006,MAM,West Midlands,0.325,7.279
2007,MAM,West Midlands,0.498,7.581
2008,MAM,West Midlands,0.291,5.488
2009,MAM,West Midlands,0.462,7.523
2010,MAM,West Midlands,0.391,6.977
2011,MAM,West Midlands,0.346,5.663
2012,MAM,West Midlands,0.343,6.314
2013,MAM,West Midlands,0.460,6.605
2014,MAM,West Midlands,0.349,5.244
2015,MAM,West Midlands,0.377,6.093
2016,MAM,West Midlands,0.508,5.895
2017,MAM,West Midlands,0.502,9.826
2018,MAM,West Midlands,0.355,7.988
2019,MAM,West Midlands,0.398,6.733
2020,MAM,West Midlands,0.538,7.581
2021,MAM,West Midlands,0.434,5.733
2022,MAM,West Midlands,0.588,9.721
2023,MAM,West Midlands,0.343,4.337
2024,MAM,West Midlands,0.477,10.151
2025,MAM,West Midlands,0.408,5.558
2026,MAM,West Midlands,0.326,4.884
2027,MAM,West Midlands,0.466,6.767
2028,MAM,West Midlands,0.471,6.721
2029,MAM,West Midlands,0.479,8.849
2030,MAM,West Midlands,0.433,6.884
2031,MAM,West Midlands,0.438,7.965
2032,MAM,West Midlands,0.490,8.837
2033,MAM,West Midlands,0.441,6.140
2034,MAM,West Midlands,0.480,5.837
2035,MAM,West Midlands,0.393,4.779
2036,MAM,West Midlands,0.431,9.640
2037,MAM,West Midlands,0.449,8.151
2038,MAM,West Midlands,0.229,6.070
2039,MAM,West Midlands,0.457,8.081
2040,MAM,West Midlands,0.361,8.779
2041,MAM,West Midlands,0.494,7.291
2042,MAM,West Midlands,0.542,8.070
2043,MAM,West Midlands,0.324,6.291
2044,MAM,West Midlands,0.321,5.860
2045,MAM,West Midlands,0.332,7.430
2046,MAM,West Midlands,0.500,6.465
2047,MAM,West Midlands,0.333,6.872
2048,MAM,West Midlands,0.263,6.012
2049,MAM,West Midlands,0.451,5.453
2050,MAM,West Midlands,0.404,5.209
2051,MAM,West Midlands,0.486,7.884
2052,MAM,West Midlands,0.281,4.140
2053,MAM,West Midlands,0.404,6.267
2054,MAM,West Midlands,0.355,6.860
2055,MAM,West Midlands,0.527,12.779
2056,MAM,West Midlands,0.525,7.674
2057,MAM,West Midlands,0.351,6.105
2058,MAM,West Midlands,0.441,6.628
2059,MAM,West Midlands,0.267,5.907
2060,MAM,West Midlands,0.239,6.895
2061,MAM,West Midlands,0.378,4.907
2062,MAM,West Midlands,0.380,5.802
2063,MAM,West Midlands,0.452,10.244
2064,MAM,West Midlands,0.370,11.174
2065,MAM,West Midlands,0.507,10.826
2066,MAM,West Midlands,0.458,8.058
2067,MAM,West Midlands,0.515,6.628
2068,MAM,West Midlands,0.470,9.733
2069,MAM,West Midlands,0.277,3.256
2070,MAM,West Midlands,0.507,6.802
2071,MAM,West Midlands,0.514,8.849
2072,MAM,West Midlands,0.296,4.081
2073,MAM,West Midlands,0.462,6.767
2074,MAM,West Midlands,0.339,5.349
2075,MAM,West Midlands,0.431,8.291
2076,MAM,West Midlands,0.322,4.384
2077,MAM,West Midlands,0.398,5.535
2078,MAM,West Midlands,0.361,4.942
2079,MAM,West Midlands,0.398,6.198
2080,MAM,West Midlands,0.464,6.535
1981,MAM,West Scotland,0.447,7.947
1982,MAM,West Scotland,0.345,6.182
1983,MAM,West Scotland,0.502,12.894
1984,MAM,West Scotland,0.621,11.455
1985,MAM,West Scotland,0.495,11.333
1986,MAM,West Scotland,0.455,6.947
1987,MAM,West Scotland,0.549,9.856
1988,MAM,West Scotland,0.535,9.477
1989,MAM,West Scotland,0.621,11.098
1990,MAM,West Scotland,0.592,11.129
1991,MAM,West Scotland,0.512,7.379
1992,MAM,West Scotland,0.474,8.689
1993,MAM,West Scotland,0.518,10.826
1994,MAM,West Scotland,0.484,9.008
1995,MAM,West Scotland,0.506,9.576
1996,MAM,West Scotland,0.515,9.924
1997,MAM,West Scotland,0.656,12.402
1998,MAM,West Scotland,0.496,9.977
1999,MAM,West Scotland,0.608,14.242
2000,MAM,West Scotland,0.661,9.780
2001,MAM,West Scotland,0.517,8.773
2002,MAM,West Scotland,0.665,15.848
2003,MAM,West Scotland,0.595,10.621
2004,MAM,West Scotland,0.458,10.735
2005,MAM,West Scotland,0.555,10.697
2006,MAM,West Scotland,0.523,9.167
2007,MAM,West Scotland,0.582,10.689
2008,MAM,West Scotland,0.445,8.568
2009,MAM,West Scotland,0.657,12.538
2010,MAM,West Scotland,0.504,9.606
2011,MAM,West Scotland,0.464,10.712
2012,MAM,West Scotland,0.563,12.189
2013,MAM,West Scotland,0.656,9.538
2014,MAM,West Scotland,0.528,9.144
2015,MAM,West Scotland,0.556,13.295
2016,MAM,West Scotland,0.643,11.235
2017,MAM,West Scotland,0.559,13.098
2018,MAM,West Scotland,0.526,8.765
2019,MAM,West Scotland,0.551,10.379
2020,MAM,West Scotland,0.719,9.220
2021,MAM,West Scotland,0.499,10.295
2022,MAM,West Scotland,0.509,7.758
2023,MAM,West Scotland,0.551,13.462
2024,MAM,West Scotland,0.647,13.068
2025,MAM,West Scotland,0.477,8.242
2026,MAM,West Scotland,0.589,17.076
2027,MAM,West Scotland,0.537,8.326
2028,MAM,West Scotland,0.425,12.720
2029,MAM,West Scotland,0.589,14.008
2030,MAM,West Scotland,0.573,13.576
2031,MAM,West Scotland,0.477,9.220
2032,MAM,West Scotland,0.389,6.674
2033,MAM,West Scotland,0.547,9.985
2034,MAM,West Scotland,0.584,12.205
2035,MAM,West Scotland,0.627,11.652
2036,MAM,West Scotland,0.436,6.576
2037,MAM,West Scotland,0.546,19.523
2038,MAM,West Scotland,0.409,8.364
2039,MAM,West Scotland,0.480,7.598
2040,MAM,West Scotland,0.557,11.167
2041,MAM,West Scotland,0.671,12.106
2042,MAM,West Scotland,0.646,9.167
2043,MAM,West Scotland,0.401,6.712
2044,MAM,West Scotland,0.408,7.106
2045,MAM,West Scotland,0.561,9.886
2046,MAM,West Scotland,0.514,6.614
2047,MAM,West Scotland,0.531,8.258
2048,MAM,West Scotland,0.452,8.295
2049,MAM,West Scotland,0.719,15.364
2050,MAM,West Scotland,0.437,6.311
2051,MAM,West Scotland,0.600,8.833
2052,MAM,West Scotland,0.562,8.568
2053,MAM,West Scotland,0.611,17.417
2054,MAM,West Scotland,0.447,11.242
2055,MAM,West Scotland,0.588,19.197
2056,MAM,West Scotland,0.680,11.659
2057,MAM,West Scotland,0.683,8.818
2058,MAM,West Scotland,0.526,8.848
2059,MAM,West Scotland,0.542,10.083
2060,MAM,West Scotland,0.463,7.848
2061,MAM,West Scotland,0.481,8.848
2062,MAM,West Scotland,0.554,10.515
2063,MAM,West Scotland,0.517,13.045
2064,MAM,West Scotland,0.670,12.470
2065,MAM,West Scotland,0.475,7.780
2066,MAM,West Scotland,0.587,10.098
2067,MAM,West Scotland,0.674,13.780
2068,MAM,West Scotland,0.652,12.402
2069,MAM,West Scotland,0.464,9.606
2070,MAM,West Scotland,0.588,10.136
2071,MAM,West Scotland,0.466,11.386
2072,MAM,West Scotland,0.492,11.106
2073,MAM,West Scotland,0.498,12.576
2074,MAM,West Scotland,0.523,13.477
2075,MAM,West Scotland,0.530,8.242
2076,MAM,West Scotland,0.539,7.432
2077,MAM,West Scotland,0.497,7.955
2078,MAM,West Scotland,0.475,8.697
2079,MAM,West Scotland,0.490,12.841
2080,MAM,West Scotland,0.663,18.879
1981,MAM,Yorkshire and Humber,0.429,7.000
1982,MAM,Yorkshire and Humber,0.443,6.842
1983,MAM,Yorkshire and Humber,0.526,8.723
1984,MAM,Yorkshire and Humber,0.432,6.772
1985,MAM,Yorkshire and Humber,0.529,10.188
1986,MAM,Yorkshire and Humber,0.430,5.653
1987,MAM,Yorkshire and Humber,0.422,6.000
1988,MAM,Yorkshire and Humber,0.432,7.139
1989,MAM,Yorkshire and Humber,0.359,4.554
1990,MAM,Yorkshire and Humber,0.495,8.594
1991,MAM,Yorkshire and Humber,0.331,4.743
1992,MAM,Yorkshire and Humber,0.366,4.960
1993,MAM,Yorkshire and Humber,0.492,7.554
1994,MAM,Yorkshire and Humber,0.426,7.990
1995,MAM,Yorkshire and Humber,0.453,6.436
1996,MAM,Yorkshire and Humber,0.337,6.099
1997,MAM,Yorkshire and Humber,0.454,7.248
1998,MAM,Yorkshire and Humber,0.417,6.010
1999,MAM,Yorkshire and Humber,0.528,6.921
2000,MAM,Yorkshire and Humber,0.346,7.020
2001,MAM,Yorkshire and Humber,0.585,10.119
2002,MAM,Yorkshire and Humber,0.434,6.406
2003,MAM,Yorkshire and Humber,0.529,8.356
2004,MAM,Yorkshire and Humber,0.273,7.218
2005,MAM,Yorkshire and Humber,0.364,6.248
2006,MAM,Yorkshire and Humber,0.422,8.594
2007,MAM,Yorkshire and Humber,0.534,9.030
2008,MAM,Yorkshire and Humber,0.278,6.158
2009,MAM,Yorkshire and Humber,0.454,6.901
2010,MAM,Yorkshire and Humber,0.381,6.832
2011,MAM,Yorkshire and Humber,0.419,8.554
2012,MAM,Yorkshire and Humber,0.406,7.515
2013,MAM,Yorkshire and Humber,0.486,6.000
2014,MAM,Yorkshire and Humber,0.328,4.525
2015,MAM,Yorkshire and Humber,0.397,7.297
2016,MAM,Yorkshire and Humber,0.476,5.752
2017,MAM,Yorkshire and Humber,0.512,10.634
2018,MAM,Yorkshire and Humber,0.422,7.406
2019,MAM,Yorkshire and Humber,0.425,6.228
2020,MAM,Yorkshire and Humber,0.529,7.030
2021,MAM,Yorkshire and Humber,0.413,6.287
2022,MAM,Yorkshire and Humber,0.556,8.842
2023,MAM,Yorkshire and Humber,0.352,4.861
2024,MAM,Yorkshire and Humber,0.607,10.455
2025,MAM,Yorkshire and Humber,0.421,7.505
2026,MAM,Yorkshire and Humber,0.367,5.960
2027,MAM,Yorkshire and Humber,0.476,7.376
2028,MAM,Yorkshire and Humber,0.542,10.743
2029,MAM,Yorkshire and Humber,0.457,7.624
2030,MAM,Yorkshire and Humber,0.491,8.485
2031,MAM,Yorkshire and Humber,0.475,10.980
2032,MAM,Yorkshire and Humber,0.516,7.574
2033,MAM,Yorkshire and Humber,0.415,6.416
2034,MAM,Yorkshire and Humber,0.539,7.822
2035,MAM,Yorkshire and Humber,0.412,5.475
2036,MAM,Yorkshire and Humber,0.471,9.059
2037,MAM,Yorkshire and Humber,0.466,7.851
2038,MAM,Yorkshire and Humber,0.224,5.356
2039,MAM,Yorkshire and Humber,0.468,7.297
2040,MAM,Yorkshire and Humber,0.368,6.594
2041,MAM,Yorkshire and Humber,0.530,7.733
2042,MAM,Yorkshire and Humber,0.565,8.327
2043,MAM,Yorkshire and Humber,0.352,5.723
2044,MAM,Yorkshire and Humber,0.389,6.822
2045,MAM,Yorkshire and Humber,0.387,7.109
2046,MAM,Yorkshire and Humber,0.517,7.485
2047,MAM,Yorkshire and Humber,0.305,5.475
2048,MAM,Yorkshire and Humber,0.332,5.713
2049,MAM,Yorkshire and Humber,0.475,7.267
2050,MAM,Yorkshire and Humber,0.448,5.921
2051,MAM,Yorkshire and Humber,0.469,7.396
2052,MAM,Yorkshire and Humber,0.300,5.792
2053,MAM,Yorkshire and Humber,0.419,5.842
2054,MAM,Yorkshire and Humber,0.434,7.396
2055,MAM,Yorkshire and Humber,0.514,11.624
2056,MAM,Yorkshire and Humber,0.548,8.257
2057,MAM,Yorkshire and Humber,0.400,6.287
2058,MAM,Yorkshire and Humber,0.393,5.505
2059,MAM,Yorkshire and Humber,0.308,5.851
2060,MAM,Yorkshire and Humber,0.308,6.208
2061,MAM,Yorkshire and Humber,0.417,5.376
2062,MAM,Yorkshire and Humber,0.398,5.485
2063,MAM,Yorkshire and Humber,0.427,6.554
2064,MAM,Yorkshire and Humber,0.395,7.861
2065,MAM,Yorkshire and Humber,0.563,9.901
2066,MAM,Yorkshire and Humber,0.491,8.782
2067,MAM,Yorkshire and Humber,0.531,7.881
2068,MAM,Yorkshire and Humber,0.455,6.297
2069,MAM,Yorkshire and Humber,0.315,5.822
2070,MAM,Yorkshire and Humber,0.464,6.396
2071,MAM,Yorkshire and Humber,0.530,7.832
2072,MAM,Yorkshire and Humber,0.302,4.020
2073,MAM,Yorkshire and Humber,0.455,7.881
2074,MAM,Yorkshire and Humber,0.356,4.980
2075,MAM,Yorkshire and Humber,0.467,7.871
2076,MAM,Yorkshire and Humber,0.365,4.901
2077,MAM,Yorkshire and Humber,0.400,6.545
2078,MAM,Yorkshire and Humber,0.346,5.446
2079,MAM,Yorkshire and Humber,0.397,6.891
2080,MAM,Yorkshire and Humber,0.455,7.584
1981,MAM,Channel Islands,0.422,10.000
1982,MAM,Channel Islands,0.378,5.500
1983,MAM,Channel Islands,0.550,9.000
1984,MAM,Channel Islands,0.389,6.000
1985,MAM,Channel Islands,0.494,10.000
1986,MAM,Channel Islands,0.383,5.000
1987,MAM,Channel Islands,0.367,6.000
1988,MAM,Channel Islands,0.383,7.000
1989,MAM,Channel Islands,0.406,7.000
1990,MAM,Channel Islands,0.556,9.000
1991,MAM,Channel Islands,0.239,5.000
1992,MAM,Channel Islands,0.322,6.000
1993,MAM,Channel Islands,0.450,5.000
1994,MAM,Channel Islands,0.356,5.500
1995,MAM,Channel Islands,0.467,11.000
1996,MAM,Channel Islands,0.344,6.500
1997,MAM,Channel Islands,0.406,5.000
1998,MAM,Channel Islands,0.433,7.000
1999,MAM,Channel Islands,0.339,4.500
2000,MAM,Channel Islands,0.272,10.000
2001,MAM,Channel Islands,0.644,8.500
2002,MAM,Channel Islands,0.444,5.000
2003,MAM,Channel Islands,0.428,6.000
2004,MAM,Channel Islands,0.167,3.500
2005,MAM,Channel Islands,0.294,7.000
2006,MAM,Channel Islands,0.372,9.000
2007,MAM,Channel Islands,0.511,13.000
2008,MAM,Channel Islands,0.189,2.500
2009,MAM,Channel Islands,0.433,7.000
2010,MAM,Channel Islands,0.394,7.000
2011,MAM,Channel Islands,0.367,10.000
2012,MAM,Channel Islands,0.306,5.500
2013,MAM,Channel Islands,0.439,6.000
2014,MAM,Channel Islands,0.317,4.000
2015,MAM,Channel Islands,0.356,9.000
2016,MAM,Channel Islands,0.517,5.000
2017,MAM,Channel Islands,0.517,9.000
2018,MAM,Channel Islands,0.250,5.000
2019,MAM,Channel Islands,0.378,8.000
2020,MAM,Channel Islands,0.578,7.500
2021,MAM,Channel Islands,0.450,7.500
2022,MAM,Channel Islands,0.533,7.000
2023,MAM,Channel Islands,0.294,5.000
2024,MAM,Channel Islands,0.439,6.000
2025,MAM,Channel Islands,0.467,9.000
2026,MAM,Channel Islands,0.311,4.000
2027,MAM,Channel Islands,0.394,8.500
2028,MAM,Channel Islands,0.489,9.000
2029,MAM,Channel Islands,0.494,11.000
2030,MAM,Channel Islands,0.333,6.000
2031,MAM,Channel Islands,0.428,6.500
2032,MAM,Channel Islands,0.550,10.000
2033,MAM,Channel Islands,0.444,6.500
2034,MAM,Channel Islands,0.489,9.000
2035,MAM,Channel Islands,0.372,5.000
2036,MAM,Channel Islands,0.428,11.000
2037,MAM,Channel Islands,0.489,6.000
2038,MAM,Channel Islands,0.200,5.000
2039,MAM,Channel Islands,0.428,5.500
2040,MAM,Channel Islands,0.272,11.000
2041,MAM,Channel Islands,0.367,6.000
2042,MAM,Channel Islands,0.539,8.000
2043,MAM,Channel Islands,0.278,3.500
2044,MAM,Channel Islands,0.361,5.000
2045,MAM,Channel Islands,0.256,6.000
2046,MAM,Channel Islands,0.450,7.000
2047,MAM,Channel Islands,0.228,4.000
2048,MAM,Channel Islands,0.206,5.000
2049,MAM,Channel Islands,0.417,4.500
2050,MAM,Channel Islands,0.394,9.000
2051,MAM,Channel Islands,0.461,8.000
2052,MAM,Channel Islands,0.272,5.000
2053,MAM,Channel Islands,0.389,6.000
2054,MAM,Channel Islands,0.267,4.000
2055,MAM,Channel Islands,0.478,13.500
2056,MAM,Channel Islands,0.500,6.500
2057,MAM,Channel Islands,0.217,4.000
2058,MAM,Channel Islands,0.400,4.500
2059,MAM,Channel Islands,0.244,7.500
2060,MAM,Channel Islands,0.217,6.000
2061,MAM,Channel Islands,0.394,9.000
2062,MAM,Channel Islands,0.433,9.500
2063,MAM,Channel Islands,0.517,10.000
2064,MAM,Channel Islands,0.283,4.000
2065,MAM,Channel Islands,0.467,12.000
2066,MAM,Channel Islands,0.433,10.000
2067,MAM,Channel Islands,0.489,12.000
2068,MAM,Channel Islands,0.406,9.000
2069,MAM,Channel Islands,0.244,4.000
2070,MAM,Channel Islands,0.478,6.500
2071,MAM,Channel Islands,0.567,8.000
2072,MAM,Channel Islands,0.306,6.000
2073,MAM,Channel Islands,0.406,9.500
2074,MAM,Channel Islands,0.261,4.000
2075,MAM,Channel Islands,0.400,11.500
2076,MAM,Channel Islands,0.317,8.000
2077,MAM,Channel Islands,0.344,6.000
2078,MAM,Channel Islands,0.367,6.500
2079,MAM,Channel Islands,0.356,6.000
2080,MAM,Channel Islands,0.533,7.000
1981,MAM,Isle of Man,0.433,8.667
1982,MAM,Isle of Man,0.359,5.000
1983,MAM,Isle of Man,0.519,11.667
1984,MAM,Isle of Man,0.556,7.333
1985,MAM,Isle of Man,0.500,8.667
1986,MAM,Isle of Man,0.411,6.000
1987,MAM,Isle of Man,0.467,5.667
1988,MAM,Isle of Man,0.444,8.000
1989,MAM,Isle of Man,0.578,10.000
1990,MAM,Isle of Man,0.559,9.000
1991,MAM,Isle of Man,0.419,6.000
1992,MAM,Isle of Man,0.426,6.333
1993,MAM,Isle of Man,0.430,9.000
1994,MAM,Isle of Man,0.448,10.333
1995,MAM,Isle of Man,0.533,10.333
1996,MAM,Isle of Man,0.396,9.000
1997,MAM,Isle of Man,0.522,6.000
1998,MAM,Isle of Man,0.504,6.333
1999,MAM,Isle of Man,0.574,7.000
2000,MAM,Isle of Man,0.456,5.000
2001,MAM,Isle of Man,0.652,11.000
2002,MAM,Isle of Man,0.552,7.667
2003,MAM,Isle of Man,0.581,6.000
2004,MAM,Isle of Man,0.315,6.000
2005,MAM,Isle of Man,0.400,6.333
2006,MAM,Isle of Man,0.430,6.667
2007,MAM,Isle of Man,0.626,9.000
2008,MAM,Isle of Man,0.307,6.000
2009,MAM,Isle of Man,0.607,16.000
2010,MAM,Isle of Man,0.452,10.000
2011,MAM,Isle of Man,0.381,7.000
2012,MAM,Isle of Man,0.467,8.333
2013,MAM,Isle of Man,0.552,6.000
2014,MAM,Isle of Man,0.378,5.333
2015,MAM,Isle of Man,0.489,9.333
2016,MAM,Isle of Man,0.607,8.000
2017,MAM,Isle of Man,0.515,7.333
2018,MAM,Isle of Man,0.448,5.333
2019,MAM,Isle of Man,0.459,8.000
2020,MAM,Isle of Man,0.622,13.000
2021,MAM,Isle of Man,0.426,6.333
2022,MAM,Isle of Man,0.500,6.333
2023,MAM,Isle of Man,0.452,7.000
2024,MAM,Isle of Man,0.578,11.667
2025,MAM,Isle of Man,0.430,5.000
2026,MAM,Isle of Man,0.593,10.000
2027,MAM,Isle of Man,0.474,5.000
2028,MAM,Isle of Man,0.385,6.000
2029,MAM,Isle of Man,0.541,12.000
2030,MAM,Isle of Man,0.474,7.000
2031,MAM,Isle of Man,0.441,7.000
2032,MAM,Isle of Man,0.437,6.000
2033,MAM,Isle of Man,0.537,9.333
2034,MAM,Isle of Man,0.504,11.000
2035,MAM,Isle of Man,0.448,4.667
2036,MAM,Isle of Man,0.456,7.000
2037,MAM,Isle of Man,0.526,15.000
2038,MAM,Isle of Man,0.248,4.667
2039,MAM,Isle of Man,0.485,5.000
2040,MAM,Isle of Man,0.496,10.000
2041,MAM,Isle of Man,0.559,7.000
2042,MAM,Isle of Man,0.593,9.000
2043,MAM,Isle of Man,0.396,4.667
2044,MAM,Isle of Man,0.344,5.000
2045,MAM,Isle of Man,0.452,6.667
2046,MAM,Isle of Man,0.470,6.000
2047,MAM,Isle of Man,0.404,6.333
2048,MAM,Isle of Man,0.389,5.000
2049,MAM,Isle of Man,0.574,6.667
2050,MAM,Isle of Man,0.400,5.667
2051,MAM,Isle of Man,0.500,4.333
2052,MAM,Isle of Man,0.478,8.333
2053,MAM,Isle of Man,0.504,8.667
2054,MAM,Isle of Man,0.463,12.000
2055,MAM,Isle of Man,0.548,26.000
2056,MAM,Isle of Man,0.626,9.333
2057,MAM,Isle of Man,0.489,5.667
2058,MAM,Isle of Man,0.493,7.000
2059,MAM,Isle of Man,0.441,5.667
2060,MAM,Isle of Man,0.352,5.667
2061,MAM,Isle of Man,0.359,4.333
2062,MAM,Isle of Man,0.444,6.000
2063,MAM,Isle of Man,0.507,7.667
2064,MAM,Isle of Man,0.552,7.000
2065,MAM,Isle of Man,0.544,8.667
2066,MAM,Isle of Man,0.526,5.000
2067,MAM,Isle of Man,0.574,9.000
2068,MAM,Isle of Man,0.522,6.000
2069,MAM,Isle of Man,0.367,7.667
2070,MAM,Isle of Man,0.493,7.667
2071,MAM,Isle of Man,0.467,8.000
2072,MAM,Isle of Man,0.415,5.333
2073,MAM,Isle of Man,0.437,6.000
2074,MAM,Isle of Man,0.367,6.333
2075,MAM,Isle of Man,0.430,5.000
2076,MAM,Isle of Man,0.437,7.000
2077,MAM,Isle of Man,0.448,6.000
2078,MAM,Isle of Man,0.407,9.000
2079,MAM,Isle of Man,0.381,7.000
2080,MAM,Isle of Man,0.511,12.000
1981,MAM,Northern Ireland,0.417,7.424
1982,MAM,Northern Ireland,0.420,6.306
1983,MAM,Northern Ireland,0.576,14.000
1984,MAM,Northern Ireland,0.591,14.447
1985,MAM,Northern Ireland,0.524,11.235
1986,MAM,Northern Ireland,0.484,5.788
1987,MAM,Northern Ireland,0.505,9.200
1988,MAM,Northern Ireland,0.533,9.565
1989,MAM,Northern Ireland,0.559,9.988
1990,MAM,Northern Ireland,0.590,10.518
1991,MAM,Northern Ireland,0.492,9.282
1992,MAM,Northern Ireland,0.449,8.329
1993,MAM,Northern Ireland,0.492,11.082
1994,MAM,Northern Ireland,0.443,7.412
1995,MAM,Northern Ireland,0.550,12.012
1996,MAM,Northern Ireland,0.462,9.388
1997,MAM,Northern Ireland,0.628,11.482
1998,MAM,Northern Ireland,0.532,10.424
1999,MAM,Northern Ireland,0.639,10.118
2000,MAM,Northern Ireland,0.543,7.847
2001,MAM,Northern Ireland,0.596,11.118
2002,MAM,Northern Ireland,0.556,11.929
2003,MAM,Northern Ireland,0.566,8.306
2004,MAM,Northern Ireland,0.361,9.376
2005,MAM,Northern Ireland,0.483,10.141
2006,MAM,Northern Ireland,0.510,8.176
2007,MAM,Northern Ireland,0.579,7.671
2008,MAM,Northern Ireland,0.385,8.176
2009,MAM,Northern Ireland,0.650,10.718
2010,MAM,Northern Ireland,0.468,10.576
2011,MAM,Northern Ireland,0.501,11.165
2012,MAM,Northern Ireland,0.515,11.682
2013,MAM,Northern Ireland,0.610,10.000
2014,MAM,Northern Ireland,0.452,5.729
2015,MAM,Northern Ireland,0.551,10.918
2016,MAM,Northern Ireland,0.653,7.741
2017,MAM,Northern Ireland,0.584,15.576
2018,MAM,Northern Ireland,0.522,6.988
2019,MAM,Northern Ireland,0.517,8.435
2020,MAM,Northern Ireland,0.723,11.565
2021,MAM,Northern Ireland,0.478,8.541
2022,MAM,Northern Ireland,0.577,8.788
2023,MAM,Northern Ireland,0.468,8.776
2024,MAM,Northern Ireland,0.562,10.047
2025,MAM,Northern Ireland,0.525,12.059
2026,MAM,Northern Ireland,0.572,11.176
2027,MAM,Northern Ireland,0.555,7.600
2028,MAM,Northern Ireland,0.457,9.741
2029,MAM,Northern Ireland,0.583,11.118
2030,MAM,Northern Ireland,0.587,10.188
2031,MAM,Northern Ireland,0.470,9.871
2032,MAM,Northern Ireland,0.500,7.635
2033,MAM,Northern Ireland,0.563,9.506
2034,MAM,Northern Ireland,0.583,10.765
2035,MAM,Northern Ireland,0.593,13.812
2036,MAM,Northern Ireland,0.453,7.200
2037,MAM,Northern Ireland,0.571,18.929
2038,MAM,Northern Ireland,0.332,6.294
2039,MAM,Northern Ireland,0.483,7.388
2040,MAM,Northern Ireland,0.504,8.918
2041,MAM,Northern Ireland,0.631,11.412
2042,MAM,Northern Ireland,0.668,12.094
2043,MAM,Northern Ireland,0.392,5.424
2044,MAM,Northern Ireland,0.387,5.106
2045,MAM,Northern Ireland,0.510,7.882
2046,MAM,Northern Ireland,0.524,7.871
2047,MAM,Northern Ireland,0.485,7.506
2048,MAM,Northern Ireland,0.416,7.659
2049,MAM,Northern Ireland,0.690,14.906
2050,MAM,Northern Ireland,0.404,6.071
2051,MAM,Northern Ireland,0.604,8.494
2052,MAM,Northern Ireland,0.441,6.047
2053,MAM,Northern Ireland,0.561,8.941
2054,MAM,Northern Ireland,0.437,9.706
2055,MAM,Northern Ireland,0.586,17.471
2056,MAM,Northern Ireland,0.684,12.118
2057,MAM,Northern Ireland,0.617,10.224
2058,MAM,Northern Ireland,0.602,7.882
2059,MAM,Northern Ireland,0.510,8.812
2060,MAM,Northern Ireland,0.396,7.341
2061,MAM,Northern Ireland,0.439,10.588
2062,MAM,Northern Ireland,0.512,7.435
2063,MAM,Northern Ireland,0.514,8.906
2064,MAM,Northern Ireland,0.643,8.224
2065,MAM,Northern Ireland,0.564,7.588
2066,MAM,Northern Ireland,0.570,8.741
2067,MAM,Northern Ireland,0.621,8.894
2068,MAM,Northern Ireland,0.580,12.376
2069,MAM,Northern Ireland,0.407,9.671
2070,MAM,Northern Ireland,0.534,7.929
2071,MAM,Northern Ireland,0.454,9.541
2072,MAM,Northern Ireland,0.452,5.859
2073,MAM,Northern Ireland,0.502,13.988
2074,MAM,Northern Ireland,0.496,10.671
2075,MAM,Northern Ireland,0.489,7.188
2076,MAM,Northern Ireland,0.480,6.824
2077,MAM,Northern Ireland,0.495,8.812
2078,MAM,Northern Ireland,0.429,9.894
2079,MAM,Northern Ireland,0.471,10.565
2080,MAM,Northern Ireland,0.624,13.659
1981,MAM,Wales,0.505,11.068
1982,MAM,Wales,0.448,6.865
1983,MAM,Wales,0.581,14.444
1984,MAM,Wales,0.562,10.406
1985,MAM,Wales,0.553,12.594
1986,MAM,Wales,0.468,6.143
1987,MAM,Wales,0.493,8.594
1988,MAM,Wales,0.529,8.226
1989,MAM,Wales,0.501,7.684
1990,MAM,Wales,0.561,8.729
1991,MAM,Wales,0.404,8.812
1992,MAM,Wales,0.470,6.827
1993,MAM,Wales,0.524,11.038
1994,MAM,Wales,0.437,8.331
1995,MAM,Wales,0.561,11.150
1996,MAM,Wales,0.407,7.692
1997,MAM,Wales,0.606,11.579
1998,MAM,Wales,0.563,9.323
1999,MAM,Wales,0.602,10.165
2000,MAM,Wales,0.476,6.917
2001,MAM,Wales,0.690,15.376
2002,MAM,Wales,0.555,11.812
2003,MAM,Wales,0.584,11.158
2004,MAM,Wales,0.346,8.857
2005,MAM,Wales,0.398,7.955
2006,MAM,Wales,0.413,7.865
2007,MAM,Wales,0.591,10.173
2008,MAM,Wales,0.366,7.797
2009,MAM,Wales,0.571,11.805
2010,MAM,Wales,0.445,9.699
2011,MAM,Wales,0.369,7.098
2012,MAM,Wales,0.452,8.797
2013,MAM,Wales,0.555,7.842
2014,MAM,Wales,0.457,6.436
2015,MAM,Wales,0.491,10.624
2016,MAM,Wales,0.645,8.895
2017,MAM,Wales,0.605,13.331
2018,MAM,Wales,0.511,8.541
2019,MAM,Wales,0.522,9.233
2020,MAM,Wales,0.710,12.496
2021,MAM,Wales,0.505,8.617
2022,MAM,Wales,0.625,12.301
2023,MAM,Wales,0.451,7.068
2024,MAM,Wales,0.562,11.338
2025,MAM,Wales,0.504,8.278
2026,MAM,Wales,0.513,10.970
2027,MAM,Wales,0.546,9.662
2028,MAM,Wales,0.522,9.098
2029,MAM,Wales,0.573,11.226
2030,MAM,Wales,0.533,10.226
2031,MAM,Wales,0.475,11.842
2032,MAM,Wales,0.482,6.992
2033,MAM,Wales,0.523,9.955
2034,MAM,Wales,0.554,8.391
2035,MAM,Wales,0.498,7.429
2036,MAM,Wales,0.505,12.481
2037,MAM,Wales,0.570,13.707
2038,MAM,Wales,0.301,7.594
2039,MAM,Wales,0.517,9.940
2040,MAM,Wales,0.468,11.752
2041,MAM,Wales,0.617,9.699
2042,MAM,Wales,0.616,9.602
2043,MAM,Wales,0.339,5.564
2044,MAM,Wales,0.384,6.602
2045,MAM,Wales,0.437,9.737
2046,MAM,Wales,0.571,8.556
2047,MAM,Wales,0.462,11.602
2048,MAM,Wales,0.394,7.519
2049,MAM,Wales,0.564,8.008
2050,MAM,Wales,0.469,6.932
2051,MAM,Wales,0.599,8.286
2052,MAM,Wales,0.419,6.105
2053,MAM,Wales,0.522,7.421
2054,MAM,Wales,0.436,7.511
2055,MAM,Wales,0.581,12.722
2056,MAM,Wales,0.649,12.060
2057,MAM,Wales,0.518,7.406
2058,MAM,Wales,0.532,8.617
2059,MAM,Wales,0.391,7.444
2060,MAM,Wales,0.377,8.729
2061,MAM,Wales,0.440,5.850
2062,MAM,Wales,0.522,8.955
2063,MAM,Wales,0.526,9.910
2064,MAM,Wales,0.538,14.263
2065,MAM,Wales,0.561,9.970
2066,MAM,Wales,0.590,10.895
2067,MAM,Wales,0.629,9.684
2068,MAM,Wales,0.616,16.203
2069,MAM,Wales,0.399,7.496
2070,MAM,Wales,0.612,9.917
2071,MAM,Wales,0.565,14.030
2072,MAM,Wales,0.419,6.165
2073,MAM,Wales,0.550,10.564
2074,MAM,Wales,0.484,8.985
2075,MAM,Wales,0.561,10.692
2076,MAM,Wales,0.441,6.556
2077,MAM,Wales,0.516,9.023
2078,MAM,Wales,0.439,7.211
2079,MAM,Wales,0.486,10.970
2080,MAM,Wales,0.619,15.571
1981,JJA,East Midlands,0.283,6.107
1982,JJA,East Midlands,0.265,4.505
1983,JJA,East Midlands,0.297,4.243
1984,JJA,East Midlands,0.373,7.835
1985,JJA,East Midlands,0.457,6.864
1986,JJA,East Midlands,0.492,8.097
1987,JJA,East Midlands,0.317,4.932
1988,JJA,East Midlands,0.504,4.573
1989,JJA,East Midlands,0.420,6.466
1990,JJA,East Midlands,0.297,5.252
1991,JJA,East Midlands,0.369,7.301
1992,JJA,East Midlands,0.392,6.252
1993,JJA,East Midlands,0.231,2.573
1994,JJA,East Midlands,0.342,6.117
1995,JJA,East Midlands,0.414,9.117
1996,JJA,East Midlands,0.311,7.359
1997,JJA,East Midlands,0.389,5.126
1998,JJA,East Midlands,0.285,5.272
1999,JJA,East Midlands,0.328,5.078
2000,JJA,East Midlands,0.311,5.126
2001,JJA,East Midlands,0.294,4.204
2002,JJA,East Midlands,0.297,3.932
2003,JJA,East Midlands,0.256,5.078
2004,JJA,East Midlands,0.247,3.466
2005,JJA,East Midlands,0.334,5.214
2006,JJA,East Midlands,0.277,4.553
2007,JJA,East Midlands,0.373,5.680
2008,JJA,East Midlands,0.262,3.728
2009,JJA,East Midlands,0.339,4.175
2010,JJA,East Midlands,0.372,5.883
2011,JJA,East Midlands,0.333,5.223
2012,JJA,East Midlands,0.384,4.553
2013,JJA,East Midlands,0.243,9.301
2014,JJA,East Midlands,0.306,7.456
2015,JJA,East Midlands,0.316,9.117
2016,JJA,East Midlands,0.284,3.825
2017,JJA,East Midlands,0.388,7.922
2018,JJA,East Midlands,0.329,6.204
2019,JJA,East Midlands,0.455,5.039
2020,JJA,East Midlands,0.368,5.000
2021,JJA,East Midlands,0.326,5.738
2022,JJA,East Midlands,0.328,5.767
2023,JJA,East Midlands,0.253,4.505
2024,JJA,East Midlands,0.228,3.214
2025,JJA,East Midlands,0.348,9.437
2026,JJA,East Midlands,0.194,3.777
2027,JJA,East Midlands,0.420,5.485
2028,JJA,East Midlands,0.243,3.369
2029,JJA,East Midlands,0.400,6.612
2030,JJA,East Midlands,0.442,6.748
2031,JJA,East Midlands,0.460,8.563
2032,JJA,East Midlands,0.347,7.291
2033,JJA,East Midlands,0.288,5.214
2034,JJA,East Midlands,0.323,7.864
2035,JJA,East Midlands,0.282,4.767
2036,JJA,East Midlands,0.327,4.233
2037,JJA,East Midlands,0.307,4.592
2038,JJA,East Midlands,0.314,5.398
2039,JJA,East Midlands,0.239,4.262
2040,JJA,East Midlands,0.324,5.000
2041,JJA,East Midlands,0.334,4.592
2042,JJA,East Midlands,0.298,5.592
2043,JJA,East Midlands,0.370,7.641
2044,JJA,East Midlands,0.269,5.971
2045,JJA,East Midlands,0.274,4.505
2046,JJA,East Midlands,0.309,4.563
2047,JJA,East Midlands,0.165,3.641
2048,JJA,East Midlands,0.262,4.010
2049,JJA,East Midlands,0.223,3.864
2050,JJA,East Midlands,0.245,4.835
2051,JJA,East Midlands,0.355,6.534
2052,JJA,East Midlands,0.187,4.311
2053,JJA,East Midlands,0.372,6.165
2054,JJA,East Midlands,0.280,4.097
2055,JJA,East Midlands,0.270,7.524
2056,JJA,East Midlands,0.156,4.718
2057,JJA,East Midlands,0.258,4.039
2058,JJA,East Midlands,0.229,5.078
2059,JJA,East Midlands,0.177,2.214
2060,JJA,East Midlands,0.304,4.990
2061,JJA,East Midlands,0.316,4.845
2062,JJA,East Midlands,0.177,2.796
2063,JJA,East Midlands,0.227,3.913
2064,JJA,East Midlands,0.167,3.476
2065,JJA,East Midlands,0.227,4.049
2066,JJA,East Midlands,0.295,4.680
2067,JJA,East Midlands,0.196,5.194
2068,JJA,East Midlands,0.173,2.718
2069,JJA,East Midlands,0.280,5.369
2070,JJA,East Midlands,0.317,6.903
2071,JJA,East Midlands,0.225,3.806
2072,JJA,East Midlands,0.237,4.515
2073,JJA,East Midlands,0.274,3.350
2074,JJA,East Midlands,0.203,3.311
2075,JJA,East Midlands,0.151,2.961
2076,JJA,East Midlands,0.132,2.379
2077,JJA,East Midlands,0.285,4.583
2078,JJA,East Midlands,0.286,6.369
2079,JJA,East Midlands,0.256,4.049
2080,JJA,East Midlands,0.210,3.680
1981,JJA,East of England,0.285,5.921
1982,JJA,East of England,0.267,5.575
1983,JJA,East of England,0.255,3.024
1984,JJA,East of England,0.375,7.181
1985,JJA,East of England,0.453,7.252
1986,JJA,East of England,0.512,9.898
1987,JJA,East of England,0.353,6.142
1988,JJA,East of England,0.458,4.543
1989,JJA,East of England,0.403,4.795
1990,JJA,East of England,0.280,4.551
1991,JJA,East of England,0.352,8.039
1992,JJA,East of England,0.345,3.819
1993,JJA,East of England,0.203,2.575
1994,JJA,East of England,0.307,5.323
1995,JJA,East of England,0.353,7.268
1996,JJA,East of England,0.257,5.874
1997,JJA,East of England,0.361,4.315
1998,JJA,East of England,0.294,4.488
1999,JJA,East of England,0.265,3.921
2000,JJA,East of England,0.224,2.606
2001,JJA,East of England,0.298,4.142
2002,JJA,East of England,0.347,4.528
2003,JJA,East of England,0.252,4.354
2004,JJA,East of England,0.233,3.890
2005,JJA,East of England,0.325,4.346
2006,JJA,East of England,0.286,3.543
2007,JJA,East of England,0.340,5.614
2008,JJA,East of England,0.239,4.126
2009,JJA,East of England,0.328,4.236
2010,JJA,East of England,0.358,5.630
2011,JJA,East of England,0.315,5.866
2012,JJA,East of England,0.393,5.268
2013,JJA,East of England,0.233,6.543
2014,JJA,East of England,0.334,8.189
2015,JJA,East of England,0.283,7.787
2016,JJA,East of England,0.230,3.575
2017,JJA,East of England,0.368,7.394
2018,JJA,East of England,0.311,6.110
2019,JJA,East of England,0.404,4.811
2020,JJA,East of England,0.337,5.323
2021,JJA,East of England,0.332,6.094
2022,JJA,East of England,0.300,4.591
2023,JJA,East of England,0.212,3.441
2024,JJA,East of England,0.194,3.157
2025,JJA,East of England,0.327,6.748
2026,JJA,East of England,0.226,4.472
2027,JJA,East of England,0.383,5.197
2028,JJA,East of England,0.235,4.433
2029,JJA,East of England,0.366,7.268
2030,JJA,East of England,0.394,5.827
2031,JJA,East of England,0.418,8.457
2032,JJA,East of England,0.306,5.433
2033,JJA,East of England,0.261,3.717
2034,JJA,East of England,0.322,5.606
2035,JJA,East of England,0.267,4.906
2036,JJA,East of England,0.322,4.205
2037,JJA,East of England,0.309,3.969
2038,JJA,East of England,0.299,4.882
2039,JJA,East of England,0.226,3.835
2040,JJA,East of England,0.277,4.843
2041,JJA,East of England,0.361,5.433
2042,JJA,East of England,0.288,5.386
2043,JJA,East of England,0.359,6.827
2044,JJA,East of England,0.247,5.496
2045,JJA,East of England,0.244,3.591
2046,JJA,East of England,0.265,4.331
2047,JJA,East of England,0.163,4.457
2048,JJA,East of England,0.214,2.661
2049,JJA,East of England,0.220,3.268
2050,JJA,East of England,0.244,5.307
2051,JJA,East of England,0.432,7.252
2052,JJA,East of England,0.211,4.283
2053,JJA,East of England,0.362,6.669
2054,JJA,East of England,0.270,3.795
2055,JJA,East of England,0.285,5.055
2056,JJA,East of England,0.163,4.850
2057,JJA,East of England,0.190,2.874
2058,JJA,East of England,0.221,5.795
2059,JJA,East of England,0.149,2.000
2060,JJA,East of England,0.247,4.740
2061,JJA,East of England,0.292,4.236
2062,JJA,East of England,0.158,2.118
2063,JJA,East of England,0.171,2.622
2064,JJA,East of England,0.162,3.882
2065,JJA,East of England,0.187,3.299
2066,JJA,East of England,0.267,4.787
2067,JJA,East of England,0.197,3.504
2068,JJA,East of England,0.151,2.425
2069,JJA,East of England,0.240,4.228
2070,JJA,East of England,0.309,5.961
2071,JJA,East of England,0.224,3.315
2072,JJA,East of England,0.171,3.323
2073,JJA,East of England,0.274,4.417
2074,JJA,East of England,0.158,3.291
2075,JJA,East of England,0.142,3.252
2076,JJA,East of England,0.148,2.551
2077,JJA,East of England,0.304,6.213
2078,JJA,East of England,0.266,4.803
2079,JJA,East of England,0.263,4.094
2080,JJA,East of England,0.210,3.803
1981,JJA,East Scotland,0.503,7.419
1982,JJA,East Scotland,0.472,7.487
1983,JJA,East Scotland,0.498,7.463
1984,JJA,East Scotland,0.462,9.412
1985,JJA,East Scotland,0.518,9.281
1986,JJA,East Scotland,0.575,9.088
1987,JJA,East Scotland,0.467,9.156
1988,JJA,East Scotland,0.627,10.412
1989,JJA,East Scotland,0.524,8.856
1990,JJA,East Scotland,0.429,7.319
1991,JJA,East Scotland,0.391,6.825
1992,JJA,East Scotland,0.601,8.481
1993,JJA,East Scotland,0.426,5.975
1994,JJA,East Scotland,0.532,8.500
1995,JJA,East Scotland,0.484,6.856
1996,JJA,East Scotland,0.477,10.887
1997,JJA,East Scotland,0.535,8.244
1998,JJA,East Scotland,0.462,7.206
1999,JJA,East Scotland,0.513,9.094
2000,JJA,East Scotland,0.490,7.569
2001,JJA,East Scotland,0.456,6.319
2002,JJA,East Scotland,0.354,6.531
2003,JJA,East Scotland,0.450,8.425
2004,JJA,East Scotland,0.474,7.513
2005,JJA,East Scotland,0.451,7.325
2006,JJA,East Scotland,0.391,5.725
2007,JJA,East Scotland,0.443,6.331
2008,JJA,East Scotland,0.398,6.700
2009,JJA,East Scotland,0.360,6.431
2010,JJA,East Scotland,0.542,8.794
2011,JJA,East Scotland,0.485,7.525
2012,JJA,East Scotland,0.476,8.275
2013,JJA,East Scotland,0.444,9.738
2014,JJA,East Scotland,0.334,5.250
2015,JJA,East Scotland,0.396,7.631
2016,JJA,East Scotland,0.437,7.175
2017,JJA,East Scotland,0.549,10.100
2018,JJA,East Scotland,0.469,7.919
2019,JJA,East Scotland,0.532,8.500
2020,JJA,East Scotland,0.533,7.612
2021,JJA,East Scotland,0.433,7.075
2022,JJA,East Scotland,0.449,7.044
2023,JJA,East Scotland,0.396,8.581
2024,JJA,East Scotland,0.354,4.862
2025,JJA,East Scotland,0.425,7.912
2026,JJA,East Scotland,0.330,4.781
2027,JJA,East Scotland,0.492,7.694
2028,JJA,East Scotland,0.354,5.394
2029,JJA,East Scotland,0.455,6.862
2030,JJA,East Scotland,0.556,8.438
2031,JJA,East Scotland,0.517,8.250
2032,JJA,East Scotland,0.396,6.681
2033,JJA,East Scotland,0.406,7.106
2034,JJA,East Scotland,0.480,7.469
2035,JJA,East Scotland,0.454,6.200
2036,JJA,East Scotland,0.446,7.244
2037,JJA,East Scotland,0.402,9.100
2038,JJA,East Scotland,0.512,7.156
2039,JJA,East Scotland,0.494,7.325
2040,JJA,East Scotland,0.405,5.506
2041,JJA,East Scotland,0.409,6.638
2042,JJA,East Scotland,0.330,5.200
2043,JJA,East Scotland,0.585,11.363
2044,JJA,East Scotland,0.444,6.631
2045,JJA,East Scotland,0.393,8.725
2046,JJA,East Scotland,0.328,4.356
2047,JJA,East Scotland,0.405,6.706
2048,JJA,East Scotland,0.478,7.769
2049,JJA,East Scotland,0.439,7.088
2050,JJA,East Scotland,0.423,6.594
2051,JJA,East Scotland,0.467,5.950
2052,JJA,East Scotland,0.294,6.912
2053,JJA,East Scotland,0.513,8.150
2054,JJA,East Scotland,0.429,6.456
2055,JJA,East Scotland,0.417,7.981
2056,JJA,East Scotland,0.350,5.556
2057,JJA,East Scotland,0.414,5.525
2058,JJA,East Scotland,0.372,5.037
2059,JJA,East Scotland,0.390,5.825
2060,JJA,East Scotland,0.438,6.463
2061,JJA,East Scotland,0.471,7.325
2062,JJA,East Scotland,0.345,5.519
2063,JJA,East Scotland,0.381,6.300
2064,JJA,East Scotland,0.350,5.756
2065,JJA,East Scotland,0.374,7.219
2066,JJA,East Scotland,0.465,6.931
2067,JJA,East Scotland,0.408,6.706
2068,JJA,East Scotland,0.306,5.075
2069,JJA,East Scotland,0.534,6.963
2070,JJA,East Scotland,0.473,7.356
2071,JJA,East Scotland,0.350,5.075
2072,JJA,East Scotland,0.306,5.287
2073,JJA,East Scotland,0.424,5.444
2074,JJA,East Scotland,0.352,5.775
2075,JJA,East Scotland,0.295,4.688
2076,JJA,East Scotland,0.256,3.925
2077,JJA,East Scotland,0.514,7.531
2078,JJA,East Scotland,0.314,5.550
2079,JJA,East Scotland,0.489,7.925
2080,JJA,East Scotland,0.339,7.231
1981,JJA,London,0.284,5.667
1982,JJA,London,0.246,5.333
1983,JJA,London,0.287,3.750
1984,JJA,London,0.421,8.167
1985,JJA,London,0.406,5.417
1986,JJA,London,0.480,9.250
1987,JJA,London,0.381,6.750
1988,JJA,London,0.400,5.750
1989,JJA,London,0.357,4.167
1990,JJA,London,0.291,4.417
1991,JJA,London,0.377,4.917
1992,JJA,London,0.359,3.750
1993,JJA,London,0.223,3.167
1994,JJA,London,0.278,4.500
1995,JJA,London,0.367,6.500
1996,JJA,London,0.222,5.500
1997,JJA,London,0.358,4.417
1998,JJA,London,0.317,4.250
1999,JJA,London,0.264,3.667
2000,JJA,London,0.268,3.917
2001,JJA,London,0.236,4.250
2002,JJA,London,0.386,4.167
2003,JJA,London,0.244,3.500
2004,JJA,London,0.249,3.500
2005,JJA,London,0.292,3.917
2006,JJA,London,0.266,3.417
2007,JJA,London,0.339,4.583
2008,JJA,London,0.239,4.917
2009,JJA,London,0.336,4.583
2010,JJA,London,0.309,4.667
2011,JJA,London,0.311,4.417
2012,JJA,London,0.371,4.583
2013,JJA,London,0.183,4.333
2014,JJA,London,0.344,5.583
2015,JJA,London,0.287,5.917
2016,JJA,London,0.237,5.917
2017,JJA,London,0.409,5.417
2018,JJA,London,0.281,3.917
2019,JJA,London,0.441,4.583
2020,JJA,London,0.302,5.000
2021,JJA,London,0.330,5.417
2022,JJA,London,0.284,3.917
2023,JJA,London,0.241,3.500
2024,JJA,London,0.159,2.333
2025,JJA,London,0.293,4.667
2026,JJA,London,0.241,5.500
2027,JJA,London,0.343,5.083
2028,JJA,London,0.262,4.500
2029,JJA,London,0.429,8.000
2030,JJA,London,0.353,4.417
2031,JJA,London,0.421,8.250
2032,JJA,London,0.299,6.250
2033,JJA,London,0.254,3.833
2034,JJA,London,0.310,5.417
2035,JJA,London,0.233,4.667
2036,JJA,London,0.340,4.833
2037,JJA,London,0.243,3.417
2038,JJA,London,0.256,3.583
2039,JJA,London,0.301,4.583
2040,JJA,London,0.284,5.333
2041,JJA,London,0.367,6.583
2042,JJA,London,0.298,5.167
2043,JJA,London,0.346,6.833
2044,JJA,London,0.240,6.500
2045,JJA,London,0.230,2.917
2046,JJA,London,0.248,4.667
2047,JJA,London,0.121,2.417
2048,JJA,London,0.198,2.167
2049,JJA,London,0.174,3.000
2050,JJA,London,0.181,4.583
2051,JJA,London,0.418,7.417
2052,JJA,London,0.221,4.917
2053,JJA,London,0.304,6.250
2054,JJA,London,0.293,3.583
2055,JJA,London,0.248,4.250
2056,JJA,London,0.147,3.500
2057,JJA,London,0.177,2.833
2058,JJA,London,0.188,3.750
2059,JJA,London,0.128,2.083
2060,JJA,London,0.222,4.500
2061,JJA,London,0.248,3.750
2062,JJA,London,0.150,2.250
2063,JJA,London,0.152,2.333
2064,JJA,London,0.146,3.917
2065,JJA,London,0.149,2.667
2066,JJA,London,0.263,3.833
2067,JJA,London,0.193,4.000
2068,JJA,London,0.141,3.167
2069,JJA,London,0.221,2.333
2070,JJA,London,0.282,7.917
2071,JJA,London,0.251,3.250
2072,JJA,London,0.165,3.500
2073,JJA,London,0.241,3.917
2074,JJA,London,0.156,4.083
2075,JJA,London,0.150,3.333
2076,JJA,London,0.141,2.250
2077,JJA,London,0.297,5.917
2078,JJA,London,0.248,2.917
2079,JJA,London,0.228,3.083
2080,JJA,London,0.210,3.417
1981,JJA,North East England,0.427,6.053
1982,JJA,North East England,0.360,4.772
1983,JJA,North East England,0.384,5.614
1984,JJA,North East England,0.387,8.053
1985,JJA,North East England,0.515,6.000
1986,JJA,North East England,0.560,9.930
1987,JJA,North East England,0.342,6.772
1988,JJA,North East England,0.600,7.947
1989,JJA,North East England,0.458,7.053
1990,JJA,North East England,0.385,5.842
1991,JJA,North East England,0.379,5.246
1992,JJA,North East England,0.519,10.596
1993,JJA,North East England,0.348,4.193
1994,JJA,North East England,0.480,8.211
1995,JJA,North East England,0.485,5.544
1996,JJA,North East England,0.436,10.316
1997,JJA,North East England,0.509,7.070
1998,JJA,North East England,0.375,4.930
1999,JJA,North East England,0.490,6.544
2000,JJA,North East England,0.457,7.368
2001,JJA,North East England,0.374,5.719
2002,JJA,North East England,0.301,3.737
2003,JJA,North East England,0.366,6.544
2004,JJA,North East England,0.376,5.298
2005,JJA,North East England,0.406,7.316
2006,JJA,North East England,0.393,5.158
2007,JJA,North East England,0.447,5.579
2008,JJA,North East England,0.331,4.211
2009,JJA,North East England,0.358,6.667
2010,JJA,North East England,0.458,6.912
2011,JJA,North East England,0.424,7.404
2012,JJA,North East England,0.447,6.105
2013,JJA,North East England,0.348,8.456
2014,JJA,North East England,0.317,5.175
2015,JJA,North East England,0.324,5.860
2016,JJA,North East England,0.361,6.175
2017,JJA,North East England,0.502,6.825
2018,JJA,North East England,0.436,6.561
2019,JJA,North East England,0.532,7.596
2020,JJA,North East England,0.490,5.860
2021,JJA,North East England,0.365,5.158
2022,JJA,North East England,0.434,6.298
2023,JJA,North East England,0.338,5.193
2024,JJA,North East England,0.280,4.053
2025,JJA,North East England,0.419,12.825
2026,JJA,North East England,0.248,2.807
2027,JJA,North East England,0.487,7.579
2028,JJA,North East England,0.341,4.772
2029,JJA,North East England,0.440,6.509
2030,JJA,North East England,0.523,9.561
2031,JJA,North East England,0.510,11.404
2032,JJA,North East England,0.377,6.123
2033,JJA,North East England,0.346,6.105
2034,JJA,North East England,0.435,6.421
2035,JJA,North East England,0.373,5.123
2036,JJA,North East England,0.376,5.579
2037,JJA,North East England,0.347,6.684
2038,JJA,North East England,0.470,6.561
2039,JJA,North East England,0.380,4.825
2040,JJA,North East England,0.373,6.404
2041,JJA,North East England,0.364,5.018
2042,JJA,North East England,0.346,5.333
2043,JJA,North East England,0.524,8.895
2044,JJA,North East England,0.337,5.439
2045,JJA,North East England,0.393,8.351
2046,JJA,North East England,0.278,3.404
2047,JJA,North East England,0.310,5.053
2048,JJA,North East England,0.425,5.772
2049,JJA,North East England,0.351,6.158
2050,JJA,North East England,0.401,6.000
2051,JJA,North East England,0.448,5.649
2052,JJA,North East England,0.254,5.333
2053,JJA,North East England,0.476,7.263
2054,JJA,North East England,0.363,4.807
2055,JJA,North East England,0.417,6.930
2056,JJA,North East England,0.304,4.439
2057,JJA,North East England,0.309,4.281
2058,JJA,North East England,0.295,6.105
2059,JJA,North East England,0.305,4.491
2060,JJA,North East England,0.383,5.193
2061,JJA,North East England,0.453,8.667
2062,JJA,North East England,0.266,3.386
2063,JJA,North East England,0.317,4.702
2064,JJA,North East England,0.271,4.509
2065,JJA,North East England,0.335,6.351
2066,JJA,North East England,0.396,5.526
2067,JJA,North East England,0.353,5.281
2068,JJA,North East England,0.235,3.667
2069,JJA,North East England,0.427,5.333
2070,JJA,North East England,0.422,7.140
2071,JJA,North East England,0.320,4.316
2072,JJA,North East England,0.273,4.474
2073,JJA,North East England,0.374,4.982
2074,JJA,North East England,0.305,4.544
2075,JJA,North East England,0.235,3.474
2076,JJA,North East England,0.241,3.035
2077,JJA,North East England,0.433,6.772
2078,JJA,North East England,0.396,9.035
2079,JJA,North East England,0.411,7.000
2080,JJA,North East England,0.216,3.684
1981,JJA,North Scotland,0.672,13.759
1982,JJA,North Scotland,0.660,16.858
1983,JJA,North Scotland,0.653,13.981
1984,JJA,North Scotland,0.633,13.325
1985,JJA,North Scotland,0.638,12.354
1986,JJA,North Scotland,0.633,11.717
1987,JJA,North Scotland,0.669,13.099
1988,JJA,North Scotland,0.628,13.278
1989,JJA,North Scotland,0.611,11.259
1990,JJA,North Scotland,0.552,9.127
1991,JJA,North Scotland,0.476,11.080
1992,JJA,North Scotland,0.724,12.401
1993,JJA,North Scotland,0.527,9.929
1994,JJA,North Scotland,0.700,17.019
1995,JJA,North Scotland,0.568,9.189
1996,JJA,North Scotland,0.574,14.472
1997,JJA,North Scotland,0.729,14.910
1998,JJA,North Scotland,0.613,12.991
1999,JJA,North Scotland,0.687,17.245
2000,JJA,North Scotland,0.645,11.137
2001,JJA,North Scotland,0.670,15.986
2002,JJA,North Scotland,0.500,9.915
2003,JJA,North Scotland,0.630,13.061
2004,JJA,North Scotland,0.679,13.868
2005,JJA,North Scotland,0.596,9.514
2006,JJA,North Scotland,0.565,9.000
2007,JJA,North Scotland,0.616,11.533
2008,JJA,North Scotland,0.561,10.066
2009,JJA,North Scotland,0.472,7.896
2010,JJA,North Scotland,0.712,18.373
2011,JJA,North Scotland,0.641,12.052
2012,JJA,North Scotland,0.511,9.991
2013,JJA,North Scotland,0.591,18.514
2014,JJA,North Scotland,0.410,7.292
2015,JJA,North Scotland,0.453,7.259
2016,JJA,North Scotland,0.643,15.368
2017,JJA,North Scotland,0.702,14.552
2018,JJA,North Scotland,0.617,11.358
2019,JJA,North Scotland,0.594,14.863
2020,JJA,North Scotland,0.651,12.165
2021,JJA,North Scotland,0.587,12.042
2022,JJA,North Scotland,0.528,8.892
2023,JJA,North Scotland,0.613,13.311
2024,JJA,North Scotland,0.514,9.420
2025,JJA,North Scotland,0.561,10.307
2026,JJA,North Scotland,0.470,7.415
2027,JJA,North Scotland,0.625,10.118
2028,JJA,North Scotland,0.514,9.481
2029,JJA,North Scotland,0.577,8.967
2030,JJA,North Scotland,0.656,12.019
2031,JJA,North Scotland,0.597,9.972
2032,JJA,North Scotland,0.585,11.104
2033,JJA,North Scotland,0.634,12.651
2034,JJA,North Scotland,0.599,11.764
2035,JJA,North Scotland,0.641,11.717
2036,JJA,North Scotland,0.619,12.085
2037,JJA,North Scotland,0.618,14.835
2038,JJA,North Scotland,0.720,16.467
2039,JJA,North Scotland,0.645,12.090
2040,JJA,North Scotland,0.630,12.698
2041,JJA,North Scotland,0.486,8.580
2042,JJA,North Scotland,0.522,9.491
2043,JJA,North Scotland,0.632,13.104
2044,JJA,North Scotland,0.690,14.429
2045,JJA,North Scotland,0.516,8.236
2046,JJA,North Scotland,0.497,7.981
2047,JJA,North Scotland,0.630,17.505
2048,JJA,North Scotland,0.568,10.061
2049,JJA,North Scotland,0.579,9.486
2050,JJA,North Scotland,0.544,11.075
2051,JJA,North Scotland,0.566,9.330
2052,JJA,North Scotland,0.457,8.264
2053,JJA,North Scotland,0.579,13.038
2054,JJA,North Scotland,0.610,11.259
2055,JJA,North Scotland,0.614,14.731
2056,JJA,North Scotland,0.589,14.476
2057,JJA,North Scotland,0.604,12.203
2058,JJA,North Scotland,0.614,9.552
2059,JJA,North Scotland,0.598,10.741
2060,JJA,North Scotland,0.624,14.703
2061,JJA,North Scotland,0.597,11.906
2062,JJA,North Scotland,0.483,14.170
2063,JJA,North Scotland,0.520,11.665
2064,JJA,North Scotland,0.562,9.458
2065,JJA,North Scotland,0.497,8.594
2066,JJA,North Scotland,0.690,13.212
2067,JJA,North Scotland,0.579,10.033
2068,JJA,North Scotland,0.467,8.146
2069,JJA,North Scotland,0.604,14.250
2070,JJA,North Scotland,0.610,11.788
2071,JJA,North Scotland,0.543,9.708
2072,JJA,North Scotland,0.441,7.491
2073,JJA,North Scotland,0.614,12.019
2074,JJA,North Scotland,0.546,10.420
2075,JJA,North Scotland,0.471,9.217
2076,JJA,North Scotland,0.471,7.599
2077,JJA,North Scotland,0.664,11.340
2078,JJA,North Scotland,0.424,7.108
2079,JJA,North Scotland,0.625,11.363
2080,JJA,North Scotland,0.493,12.278
1981,JJA,North West England,0.492,9.828
1982,JJA,North West England,0.432,7.075
1983,JJA,North West England,0.531,9.075
1984,JJA,North West England,0.480,10.656
1985,JJA,North West England,0.547,8.624
1986,JJA,North West England,0.636,12.376
1987,JJA,North West England,0.505,9.086
1988,JJA,North West England,0.670,10.656
1989,JJA,North West England,0.545,10.763
1990,JJA,North West England,0.421,7.548
1991,JJA,North West England,0.435,9.806
1992,JJA,North West England,0.596,10.118
1993,JJA,North West England,0.369,5.086
1994,JJA,North West England,0.556,12.817
1995,JJA,North West England,0.540,7.441
1996,JJA,North West England,0.500,12.215
1997,JJA,North West England,0.598,7.602
1998,JJA,North West England,0.459,8.419
1999,JJA,North West England,0.550,7.935
2000,JJA,North West England,0.515,7.634
2001,JJA,North West England,0.408,8.624
2002,JJA,North West England,0.393,5.376
2003,JJA,North West England,0.463,7.935
2004,JJA,North West England,0.466,7.731
2005,JJA,North West England,0.440,7.290
2006,JJA,North West England,0.391,6.892
2007,JJA,North West England,0.567,10.097
2008,JJA,North West England,0.370,6.011
2009,JJA,North West England,0.409,7.376
2010,JJA,North West England,0.572,9.925
2011,JJA,North West England,0.494,7.355
2012,JJA,North West England,0.509,10.086
2013,JJA,North West England,0.410,9.903
2014,JJA,North West England,0.380,6.602
2015,JJA,North West England,0.366,6.398
2016,JJA,North West England,0.416,7.398
2017,JJA,North West England,0.591,15.452
2018,JJA,North West England,0.509,8.290
2019,JJA,North West England,0.549,9.903
2020,JJA,North West England,0.521,7.430
2021,JJA,North West England,0.428,9.860
2022,JJA,North West England,0.470,7.892
2023,JJA,North West England,0.347,7.054
2024,JJA,North West England,0.371,7.194
2025,JJA,North West England,0.446,7.011
2026,JJA,North West England,0.312,4.269
2027,JJA,North West England,0.533,8.946
2028,JJA,North West England,0.389,5.677
2029,JJA,North West England,0.520,8.860
2030,JJA,North West England,0.561,7.097
2031,JJA,North West England,0.617,13.398
2032,JJA,North West England,0.462,8.516
2033,JJA,North West England,0.424,6.570
2034,JJA,North West England,0.513,9.667
2035,JJA,North West England,0.481,6.065
2036,JJA,North West England,0.491,8.118
2037,JJA,North West England,0.406,7.763
2038,JJA,North West England,0.574,9.022
2039,JJA,North West England,0.416,5.032
2040,JJA,North West England,0.476,6.624
2041,JJA,North West England,0.425,6.140
2042,JJA,North West England,0.400,6.634
2043,JJA,North West England,0.583,12.355
2044,JJA,North West England,0.415,5.237
2045,JJA,North West England,0.408,8.129
2046,JJA,North West England,0.384,6.935
2047,JJA,North West England,0.364,5.925
2048,JJA,North West England,0.472,7.753
2049,JJA,North West England,0.367,8.495
2050,JJA,North West England,0.448,7.505
2051,JJA,North West England,0.423,6.183
2052,JJA,North West England,0.246,5.602
2053,JJA,North West England,0.468,6.602
2054,JJA,North West England,0.452,7.860
2055,JJA,North West England,0.407,11.183
2056,JJA,North West England,0.309,4.419
2057,JJA,North West England,0.361,5.602
2058,JJA,North West England,0.357,4.624
2059,JJA,North West England,0.411,5.860
2060,JJA,North West England,0.494,8.774
2061,JJA,North West England,0.519,8.258
2062,JJA,North West England,0.302,4.366
2063,JJA,North West England,0.316,5.548
2064,JJA,North West England,0.356,6.419
2065,JJA,North West England,0.344,6.806
2066,JJA,North West England,0.442,6.860
2067,JJA,North West England,0.400,6.903
2068,JJA,North West England,0.272,5.151
2069,JJA,North West England,0.511,6.634
2070,JJA,North West England,0.480,11.355
2071,JJA,North West England,0.331,6.258
2072,JJA,North West England,0.313,5.978
2073,JJA,North West England,0.428,5.505
2074,JJA,North West England,0.374,8.774
2075,JJA,North West England,0.235,3.570
2076,JJA,North West England,0.204,3.151
2077,JJA,North West England,0.447,9.269
2078,JJA,North West England,0.350,6.280
2079,JJA,North West England,0.404,4.828
2080,JJA,North West England,0.279,7.731
1981,JJA,South East England,0.259,6.458
1982,JJA,South East England,0.212,4.093
1983,JJA,South East England,0.257,3.534
1984,JJA,South East England,0.402,8.898
1985,JJA,South East England,0.365,4.949
1986,JJA,South East England,0.461,7.449
1987,JJA,South East England,0.373,6.686
1988,JJA,South East England,0.391,4.763
1989,JJA,South East England,0.346,4.254
1990,JJA,South East England,0.293,5.051
1991,JJA,South East England,0.336,4.644
1992,JJA,South East England,0.328,4.390
1993,JJA,South East England,0.193,2.864
1994,JJA,South East England,0.263,4.898
1995,JJA,South East England,0.337,5.305
1996,JJA,South East England,0.274,6.424
1997,JJA,South East England,0.327,4.864
1998,JJA,South East England,0.282,4.381
1999,JJA,South East England,0.246,3.483
2000,JJA,South East England,0.280,4.390
2001,JJA,South East England,0.242,3.805
2002,JJA,South East England,0.321,4.144
2003,JJA,South East England,0.210,3.263
2004,JJA,South East England,0.221,3.559
2005,JJA,South East England,0.265,3.771
2006,JJA,South East England,0.246,3.602
2007,JJA,South East England,0.317,3.992
2008,JJA,South East England,0.235,4.500
2009,JJA,South East England,0.334,5.517
2010,JJA,South East England,0.325,5.398
2011,JJA,South East England,0.305,4.500
2012,JJA,South East England,0.404,5.983
2013,JJA,South East England,0.164,3.331
2014,JJA,South East England,0.316,5.127
2015,JJA,South East England,0.299,5.780
2016,JJA,South East England,0.206,4.008
2017,JJA,South East England,0.371,5.373
2018,JJA,South East England,0.285,5.805
2019,JJA,South East England,0.443,4.602
2020,JJA,South East England,0.271,4.712
2021,JJA,South East England,0.291,5.229
2022,JJA,South East England,0.284,4.644
2023,JJA,South East England,0.198,3.720
2024,JJA,South East England,0.180,3.339
2025,JJA,South East England,0.262,3.619
2026,JJA,South East England,0.223,5.822
2027,JJA,South East England,0.296,3.992
2028,JJA,South East England,0.225,4.542
2029,JJA,South East England,0.400,6.288
2030,JJA,South East England,0.335,4.203
2031,JJA,South East England,0.372,6.992
2032,JJA,South East England,0.266,5.246
2033,JJA,South East England,0.229,4.220
2034,JJA,South East England,0.284,7.161
2035,JJA,South East England,0.226,4.534
2036,JJA,South East England,0.286,4.517
2037,JJA,South East England,0.232,3.932
2038,JJA,South East England,0.226,2.966
2039,JJA,South East England,0.242,3.975
2040,JJA,South East England,0.283,6.280
2041,JJA,South East England,0.340,7.025
2042,JJA,South East England,0.267,5.093
2043,JJA,South East England,0.365,6.492
2044,JJA,South East England,0.188,5.949
2045,JJA,South East England,0.187,2.534
2046,JJA,South East England,0.249,4.746
2047,JJA,South East England,0.110,2.864
2048,JJA,South East England,0.181,2.356
2049,JJA,South East England,0.163,3.017
2050,JJA,South East England,0.166,3.797
2051,JJA,South East England,0.393,7.254
2052,JJA,South East England,0.150,3.890
2053,JJA,South East England,0.326,5.822
2054,JJA,South East England,0.259,3.627
2055,JJA,South East England,0.219,3.195
2056,JJA,South East England,0.119,2.746
2057,JJA,South East England,0.159,2.644
2058,JJA,South East England,0.167,2.881
2059,JJA,South East England,0.129,2.288
2060,JJA,South East England,0.216,4.161
2061,JJA,South East England,0.245,4.322
2062,JJA,South East England,0.142,2.415
2063,JJA,South East England,0.150,2.610
2064,JJA,South East England,0.159,3.737
2065,JJA,South East England,0.166,2.924
2066,JJA,South East England,0.287,4.669
2067,JJA,South East England,0.172,4.610
2068,JJA,South East England,0.126,2.364
2069,JJA,South East England,0.176,3.102
2070,JJA,South East England,0.253,6.051
2071,JJA,South East England,0.227,3.381
2072,JJA,South East England,0.157,3.822
2073,JJA,South East England,0.254,3.653
2074,JJA,South East England,0.163,4.229
2075,JJA,South East England,0.142,3.924
2076,JJA,South East England,0.090,2.008
2077,JJA,South East England,0.262,5.602
2078,JJA,South East England,0.214,4.873
2079,JJA,South East England,0.204,2.737
2080,JJA,South East England,0.178,2.847
1981,JJA,South West England,0.341,8.391
1982,JJA,South West England,0.248,5.006
1983,JJA,South West England,0.342,6.038
1984,JJA,South West England,0.422,9.308
1985,JJA,South West England,0.351,4.962
1986,JJA,South West England,0.464,9.340
1987,JJA,South West England,0.409,6.955
1988,JJA,South West England,0.426,4.878
1989,JJA,South West England,0.390,4.994
1990,JJA,South West England,0.313,6.679
1991,JJA,South West England,0.381,6.333
1992,JJA,South West England,0.353,5.551
1993,JJA,South West England,0.229,3.776
1994,JJA,South West England,0.308,5.154
1995,JJA,South West England,0.415,7.545
1996,JJA,South West England,0.327,8.179
1997,JJA,South West England,0.354,5.045
1998,JJA,South West England,0.312,4.853
1999,JJA,South West England,0.257,4.199
2000,JJA,South West England,0.366,6.923
2001,JJA,South West England,0.250,4.167
2002,JJA,South West England,0.280,4.077
2003,JJA,South West England,0.225,4.154
2004,JJA,South West England,0.282,5.032
2005,JJA,South West England,0.289,5.013
2006,JJA,South West England,0.180,3.449
2007,JJA,South West England,0.374,5.103
2008,JJA,South West England,0.251,5.205
2009,JJA,South West England,0.371,7.917
2010,JJA,South West England,0.386,5.949
2011,JJA,South West England,0.336,4.769
2012,JJA,South West England,0.448,9.269
2013,JJA,South West England,0.204,4.641
2014,JJA,South West England,0.345,5.391
2015,JJA,South West England,0.351,6.821
2016,JJA,South West England,0.241,4.013
2017,JJA,South West England,0.382,5.808
2018,JJA,South West England,0.340,8.308
2019,JJA,South West England,0.467,7.276
2020,JJA,South West England,0.262,4.218
2021,JJA,South West England,0.324,5.417
2022,JJA,South West England,0.337,5.346
2023,JJA,South West England,0.237,5.160
2024,JJA,South West England,0.203,4.615
2025,JJA,South West England,0.271,4.192
2026,JJA,South West England,0.243,5.109
2027,JJA,South West England,0.315,5.481
2028,JJA,South West England,0.257,6.147
2029,JJA,South West England,0.417,6.058
2030,JJA,South West England,0.346,5.603
2031,JJA,South West England,0.388,6.301
2032,JJA,South West England,0.303,6.205
2033,JJA,South West England,0.277,4.487
2034,JJA,South West England,0.300,6.327
2035,JJA,South West England,0.316,5.410
2036,JJA,South West England,0.290,5.186
2037,JJA,South West England,0.254,4.096
2038,JJA,South West England,0.260,3.122
2039,JJA,South West England,0.248,4.827
2040,JJA,South West England,0.300,6.897
2041,JJA,South West England,0.329,5.987
2042,JJA,South West England,0.300,6.231
2043,JJA,South West England,0.383,5.942
2044,JJA,South West England,0.195,3.769
2045,JJA,South West England,0.231,3.019
2046,JJA,South West England,0.256,5.179
2047,JJA,South West England,0.162,2.776
2048,JJA,South West England,0.220,3.968
2049,JJA,South West England,0.192,4.128
2050,JJA,South West England,0.209,4.609
2051,JJA,South West England,0.360,5.288
2052,JJA,South West England,0.152,4.192
2053,JJA,South West England,0.370,6.532
2054,JJA,South West England,0.299,3.987
2055,JJA,South West England,0.247,4.423
2056,JJA,South West England,0.121,2.468
2057,JJA,South West England,0.195,2.987
2058,JJA,South West England,0.181,3.179
2059,JJA,South West England,0.208,3.224
2060,JJA,South West England,0.256,4.429
2061,JJA,South West England,0.274,5.090
2062,JJA,South West England,0.170,3.436
2063,JJA,South West England,0.218,3.372
2064,JJA,South West England,0.170,3.615
2065,JJA,South West England,0.202,4.314
2066,JJA,South West England,0.295,5.167
2067,JJA,South West England,0.176,4.558
2068,JJA,South West England,0.136,2.712
2069,JJA,South West England,0.261,4.359
2070,JJA,South West England,0.278,7.917
2071,JJA,South West England,0.239,4.981
2072,JJA,South West England,0.193,4.833
2073,JJA,South West England,0.266,3.558
2074,JJA,South West England,0.206,3.641
2075,JJA,South West England,0.149,3.724
2076,JJA,South West England,0.097,2.519
2077,JJA,South West England,0.272,5.026
2078,JJA,South West England,0.198,4.237
2079,JJA,South West England,0.219,2.891
2080,JJA,South West England,0.176,3.128
1981,JJA,West Midlands,0.311,7.302
1982,JJA,West Midlands,0.217,3.860
1983,JJA,West Midlands,0.305,4.593
1984,JJA,West Midlands,0.393,8.256
1985,JJA,West Midlands,0.422,6.698
1986,JJA,West Midlands,0.477,6.814
1987,JJA,West Midlands,0.333,5.081
1988,JJA,West Midlands,0.462,4.919
1989,JJA,West Midlands,0.417,5.326
1990,JJA,West Midlands,0.303,5.756
1991,JJA,West Midlands,0.375,7.186
1992,JJA,West Midlands,0.376,7.140
1993,JJA,West Midlands,0.241,3.058
1994,JJA,West Midlands,0.338,6.965
1995,JJA,West Midlands,0.426,9.244
1996,JJA,West Midlands,0.338,7.256
1997,JJA,West Midlands,0.371,4.860
1998,JJA,West Midlands,0.293,5.233
1999,JJA,West Midlands,0.287,4.151
2000,JJA,West Midlands,0.339,4.860
2001,JJA,West Midlands,0.294,4.174
2002,JJA,West Midlands,0.301,4.767
2003,JJA,West Midlands,0.216,3.860
2004,JJA,West Midlands,0.244,3.337
2005,JJA,West Midlands,0.302,4.953
2006,JJA,West Midlands,0.246,4.488
2007,JJA,West Midlands,0.408,5.384
2008,JJA,West Midlands,0.282,4.523
2009,JJA,West Midlands,0.332,4.640
2010,JJA,West Midlands,0.366,5.105
2011,JJA,West Midlands,0.321,4.721
2012,JJA,West Midlands,0.411,5.942
2013,JJA,West Midlands,0.198,5.337
2014,JJA,West Midlands,0.327,7.488
2015,JJA,West Midlands,0.347,9.221
2016,JJA,West Midlands,0.310,5.058
2017,JJA,West Midlands,0.407,6.733
2018,JJA,West Midlands,0.337,6.395
2019,JJA,West Midlands,0.472,5.942
2020,JJA,West Midlands,0.313,4.081
2021,JJA,West Midlands,0.313,5.349
2022,JJA,West Midlands,0.345,5.907
2023,JJA,West Midlands,0.241,4.523
2024,JJA,West Midlands,0.204,3.430
2025,JJA,West Midlands,0.341,6.407
2026,JJA,West Midlands,0.229,4.105
2027,JJA,West Midlands,0.359,5.372
2028,JJA,West Midlands,0.249,3.779
2029,JJA,West Midlands,0.453,6.791
2030,JJA,West Midlands,0.375,4.872
2031,JJA,West Midlands,0.456,8.942
2032,JJA,West Midlands,0.307,7.453
2033,JJA,West Midlands,0.309,5.930
2034,JJA,West Midlands,0.319,6.512
2035,JJA,West Midlands,0.304,5.523
2036,JJA,West Midlands,0.350,4.326
2037,JJA,West Midlands,0.287,4.988
2038,JJA,West Midlands,0.288,3.419
2039,JJA,West Midlands,0.243,4.256
2040,JJA,West Midlands,0.313,6.977
2041,JJA,West Midlands,0.364,6.442
2042,JJA,West Midlands,0.275,5.209
2043,JJA,West Midlands,0.363,5.907
2044,JJA,West Midlands,0.261,4.488
2045,JJA,West Midlands,0.238,3.663
2046,JJA,West Midlands,0.276,5.174
2047,JJA,West Midlands,0.151,3.163
2048,JJA,West Midlands,0.262,5.128
2049,JJA,West Midlands,0.197,4.198
2050,JJA,West Midlands,0.209,3.116
2051,JJA,West Midlands,0.302,5.430
2052,JJA,West Midlands,0.150,3.558
2053,JJA,West Midlands,0.363,5.663
2054,JJA,West Midlands,0.279,3.826
2055,JJA,West Midlands,0.258,6.174
2056,JJA,West Midlands,0.147,4.116
2057,JJA,West Midlands,0.202,2.570
2058,JJA,West Midlands,0.200,3.384
2059,JJA,West Midlands,0.192,2.860
2060,JJA,West Midlands,0.282,4.453
2061,JJA,West Midlands,0.310,5.198
2062,JJA,West Midlands,0.170,2.581
2063,JJA,West Midlands,0.234,3.093
2064,JJA,West Midlands,0.175,3.140
2065,JJA,West Midlands,0.212,4.116
2066,JJA,West Midlands,0.283,3.721
2067,JJA,West Midlands,0.221,5.302
2068,JJA,West Midlands,0.185,3.756
2069,JJA,West Midlands,0.252,3.698
2070,JJA,West Midlands,0.305,9.058
2071,JJA,West Midlands,0.243,4.430
2072,JJA,West Midlands,0.211,5.372
2073,JJA,West Midlands,0.263,3.640
2074,JJA,West Midlands,0.221,5.047
2075,JJA,West Midlands,0.148,3.291
2076,JJA,West Midlands,0.121,2.477
2077,JJA,West Midlands,0.320,6.209
2078,JJA,West Midlands,0.225,3.733
2079,JJA,West Midlands,0.227,3.070
2080,JJA,West Midlands,0.164,2.523
1981,JJA,West Scotland,0.595,11.644
1982,JJA,West Scotland,0.510,8.795
1983,JJA,West Scotland,0.596,11.106
1984,JJA,West Scotland,0.542,12.227
1985,JJA,West Scotland,0.554,11.038
1986,JJA,West Scotland,0.619,12.629
1987,JJA,West Scotland,0.557,10.470
1988,JJA,West Scotland,0.641,9.561
1989,JJA,West Scotland,0.547,9.311
1990,JJA,West Scotland,0.429,6.295
1991,JJA,West Scotland,0.419,7.280
1992,JJA,West Scotland,0.708,9.871
1993,JJA,West Scotland,0.453,8.023
1994,JJA,West Scotland,0.613,9.795
1995,JJA,West Scotland,0.541,6.485
1996,JJA,West Scotland,0.534,12.712
1997,JJA,West Scotland,0.606,9.659
1998,JJA,West Scotland,0.543,11.197
1999,JJA,West Scotland,0.566,10.023
2000,JJA,West Scotland,0.585,9.212
2001,JJA,West Scotland,0.483,8.470
2002,JJA,West Scotland,0.422,6.598
2003,JJA,West Scotland,0.547,8.333
2004,JJA,West Scotland,0.517,7.348
2005,JJA,West Scotland,0.476,6.856
2006,JJA,West Scotland,0.399,4.811
2007,JJA,West Scotland,0.554,8.917
2008,JJA,West Scotland,0.434,7.765
2009,JJA,West Scotland,0.405,8.053
2010,JJA,West Scotland,0.599,10.561
2011,JJA,West Scotland,0.514,6.621
2012,JJA,West Scotland,0.493,13.409
2013,JJA,West Scotland,0.458,12.553
2014,JJA,West Scotland,0.372,7.167
2015,JJA,West Scotland,0.393,5.879
2016,JJA,West Scotland,0.545,9.023
2017,JJA,West Scotland,0.626,14.356
2018,JJA,West Scotland,0.535,8.985
2019,JJA,West Scotland,0.569,12.712
2020,JJA,West Scotland,0.551,8.523
2021,JJA,West Scotland,0.458,9.985
2022,JJA,West Scotland,0.489,9.159
2023,JJA,West Scotland,0.419,8.008
2024,JJA,West Scotland,0.402,6.455
2025,JJA,West Scotland,0.488,9.205
2026,JJA,West Scotland,0.367,4.962
2027,JJA,West Scotland,0.526,9.205
2028,JJA,West Scotland,0.417,5.780
2029,JJA,West Scotland,0.496,7.000
2030,JJA,West Scotland,0.577,9.523
2031,JJA,West Scotland,0.584,10.030
2032,JJA,West Scotland,0.504,8.053
2033,JJA,West Scotland,0.485,6.705
2034,JJA,West Scotland,0.544,9.917
2035,JJA,West Scotland,0.577,7.576
2036,JJA,West Scotland,0.526,8.000
2037,JJA,West Scotland,0.452,10.015
2038,JJA,West Scotland,0.609,11.902
2039,JJA,West Scotland,0.528,8.379
2040,JJA,West Scotland,0.472,7.727
2041,JJA,West Scotland,0.440,5.992
2042,JJA,West Scotland,0.346,6.379
2043,JJA,West Scotland,0.614,10.818
2044,JJA,West Scotland,0.531,7.371
2045,JJA,West Scotland,0.432,10.795
2046,JJA,West Scotland,0.408,6.197
2047,JJA,West Scotland,0.487,9.962
2048,JJA,West Scotland,0.500,8.492
2049,JJA,West Scotland,0.490,10.902
2050,JJA,West Scotland,0.456,8.682
2051,JJA,West Scotland,0.467,7.697
2052,JJA,West Scotland,0.319,6.432
2053,JJA,West Scotland,0.503,7.864
2054,JJA,West Scotland,0.497,7.826
2055,JJA,West Scotland,0.414,6.371
2056,JJA,West Scotland,0.418,7.068
2057,JJA,West Scotland,0.480,5.848
2058,JJA,West Scotland,0.464,5.902
2059,JJA,West Scotland,0.488,7.311
2060,JJA,West Scotland,0.511,8.508
2061,JJA,West Scotland,0.553,8.303
2062,JJA,West Scotland,0.402,6.712
2063,JJA,West Scotland,0.351,6.023
2064,JJA,West Scotland,0.444,8.500
2065,JJA,West Scotland,0.400,8.386
2066,JJA,West Scotland,0.498,7.015
2067,JJA,West Scotland,0.479,7.303
2068,JJA,West Scotland,0.365,6.705
2069,JJA,West Scotland,0.572,9.447
2070,JJA,West Scotland,0.530,7.591
2071,JJA,West Scotland,0.344,5.129
2072,JJA,West Scotland,0.355,5.864
2073,JJA,West Scotland,0.510,8.038
2074,JJA,West Scotland,0.415,6.864
2075,JJA,West Scotland,0.346,5.591
2076,JJA,West Scotland,0.273,3.939
2077,JJA,West Scotland,0.530,7.826
2078,JJA,West Scotland,0.340,5.023
2079,JJA,West Scotland,0.525,7.197
2080,JJA,West Scotland,0.390,10.985
1981,JJA,Yorkshire and Humber,0.379,7.198
1982,JJA,Yorkshire and Humber,0.323,4.802
1983,JJA,Yorkshire and Humber,0.336,4.158
1984,JJA,Yorkshire and Humber,0.381,7.921
1985,JJA,Yorkshire and Humber,0.463,5.713
1986,JJA,Yorkshire and Humber,0.516,8.842
1987,JJA,Yorkshire and Humber,0.333,5.277
1988,JJA,Yorkshire and Humber,0.578,8.188
1989,JJA,Yorkshire and Humber,0.461,8.040
1990,JJA,Yorkshire and Humber,0.362,6.515
1991,JJA,Yorkshire and Humber,0.378,6.168
1992,JJA,Yorkshire and Humber,0.428,6.376
1993,JJA,Yorkshire and Humber,0.253,3.010
1994,JJA,Yorkshire and Humber,0.420,8.030
1995,JJA,Yorkshire and Humber,0.462,7.168
1996,JJA,Yorkshire and Humber,0.390,8.327
1997,JJA,Yorkshire and Humber,0.438,6.188
1998,JJA,Yorkshire and Humber,0.343,5.653
1999,JJA,Yorkshire and Humber,0.434,7.129
2000,JJA,Yorkshire and Humber,0.369,5.941
2001,JJA,Yorkshire and Humber,0.318,5.079
2002,JJA,Yorkshire and Humber,0.298,4.208
2003,JJA,Yorkshire and Humber,0.320,6.168
2004,JJA,Yorkshire and Humber,0.343,4.307
2005,JJA,Yorkshire and Humber,0.351,5.644
2006,JJA,Yorkshire and Humber,0.325,4.158
2007,JJA,Yorkshire and Humber,0.402,5.317
2008,JJA,Yorkshire and Humber,0.279,3.832
2009,JJA,Yorkshire and Humber,0.374,5.535
2010,JJA,Yorkshire and Humber,0.410,7.139
2011,JJA,Yorkshire and Humber,0.373,6.406
2012,JJA,Yorkshire and Humber,0.428,6.178
2013,JJA,Yorkshire and Humber,0.326,8.644
2014,JJA,Yorkshire and Humber,0.298,4.663
2015,JJA,Yorkshire and Humber,0.324,7.010
2016,JJA,Yorkshire and Humber,0.333,4.960
2017,JJA,Yorkshire and Humber,0.444,8.089
2018,JJA,Yorkshire and Humber,0.372,6.594
2019,JJA,Yorkshire and Humber,0.480,6.604
2020,JJA,Yorkshire and Humber,0.425,5.327
2021,JJA,Yorkshire and Humber,0.353,5.505
2022,JJA,Yorkshire and Humber,0.357,6.693
2023,JJA,Yorkshire and Humber,0.277,4.723
2024,JJA,Yorkshire and Humber,0.275,4.109
2025,JJA,Yorkshire and Humber,0.391,9.554
2026,JJA,Yorkshire and Humber,0.224,3.149
2027,JJA,Yorkshire and Humber,0.462,6.455
2028,JJA,Yorkshire and Humber,0.305,4.089
2029,JJA,Yorkshire and Humber,0.443,7.644
2030,JJA,Yorkshire and Humber,0.478,8.782
2031,JJA,Yorkshire and Humber,0.485,11.396
2032,JJA,Yorkshire and Humber,0.352,5.149
2033,JJA,Yorkshire and Humber,0.344,5.337
2034,JJA,Yorkshire and Humber,0.362,6.079
2035,JJA,Yorkshire and Humber,0.320,4.208
2036,JJA,Yorkshire and Humber,0.356,4.871
2037,JJA,Yorkshire and Humber,0.338,5.000
2038,JJA,Yorkshire and Humber,0.411,5.267
2039,JJA,Yorkshire and Humber,0.293,4.099
2040,JJA,Yorkshire and Humber,0.367,5.683
2041,JJA,Yorkshire and Humber,0.353,4.693
2042,JJA,Yorkshire and Humber,0.334,5.634
2043,JJA,Yorkshire and Humber,0.444,9.693
2044,JJA,Yorkshire and Humber,0.315,5.475
2045,JJA,Yorkshire and Humber,0.338,7.604
2046,JJA,Yorkshire and Humber,0.292,4.218
2047,JJA,Yorkshire and Humber,0.238,4.238
2048,JJA,Yorkshire and Humber,0.354,5.396
2049,JJA,Yorkshire and Humber,0.309,5.366
2050,JJA,Yorkshire and Humber,0.287,5.000
2051,JJA,Yorkshire and Humber,0.375,5.733
2052,JJA,Yorkshire and Humber,0.192,4.347
2053,JJA,Yorkshire and Humber,0.400,4.624
2054,JJA,Yorkshire and Humber,0.294,4.099
2055,JJA,Yorkshire and Humber,0.349,8.713
2056,JJA,Yorkshire and Humber,0.226,4.208
2057,JJA,Yorkshire and Humber,0.304,5.030
2058,JJA,Yorkshire and Humber,0.263,4.812
2059,JJA,Yorkshire and Humber,0.239,3.178
2060,JJA,Yorkshire and Humber,0.373,5.822
2061,JJA,Yorkshire and Humber,0.372,6.238
2062,JJA,Yorkshire and Humber,0.203,2.653
2063,JJA,Yorkshire and Humber,0.258,3.812
2064,JJA,Yorkshire and Humber,0.212,3.535
2065,JJA,Yorkshire and Humber,0.303,5.188
2066,JJA,Yorkshire and Humber,0.355,4.842
2067,JJA,Yorkshire and Humber,0.254,4.337
2068,JJA,Yorkshire and Humber,0.227,4.485
2069,JJA,Yorkshire and Humber,0.341,4.228
2070,JJA,Yorkshire and Humber,0.354,6.277
2071,JJA,Yorkshire and Humber,0.272,4.317
2072,JJA,Yorkshire and Humber,0.293,6.099
2073,JJA,Yorkshire and Humber,0.311,3.327
2074,JJA,Yorkshire and Humber,0.255,4.129
2075,JJA,Yorkshire and Humber,0.182,3.099
2076,JJA,Yorkshire and Humber,0.180,2.911
2077,JJA,Yorkshire and Humber,0.345,4.446
2078,JJA,Yorkshire and Humber,0.355,7.980
2079,JJA,Yorkshire and Humber,0.300,3.911
2080,JJA,Yorkshire and Humber,0.208,3.921
1981,JJA,Channel Islands,0.261,9.500
1982,JJA,Channel Islands,0.194,4.000
1983,JJA,Channel Islands,0.194,3.000
1984,JJA,Channel Islands,0.356,5.000
1985,JJA,Channel Islands,0.300,3.000
1986,JJA,Channel Islands,0.356,4.500
1987,JJA,Channel Islands,0.422,7.000
1988,JJA,Channel Islands,0.267,3.000
1989,JJA,Channel Islands,0.289,3.500
1990,JJA,Channel Islands,0.244,5.000
1991,JJA,Channel Islands,0.278,5.000
1992,JJA,Channel Islands,0.244,5.000
1993,JJA,Channel Islands,0.117,2.000
1994,JJA,Channel Islands,0.217,5.000
1995,JJA,Channel Islands,0.300,5.000
1996,JJA,Channel Islands,0.206,3.000
1997,JJA,Channel Islands,0.289,5.000
1998,JJA,Channel Islands,0.222,4.000
1999,JJA,Channel Islands,0.206,3.000
2000,JJA,Channel Islands,0.311,3.000
2001,JJA,Channel Islands,0.189,3.000
2002,JJA,Channel Islands,0.311,6.000
2003,JJA,Channel Islands,0.150,4.500
2004,JJA,Channel Islands,0.244,3.500
2005,JJA,Channel Islands,0.200,4.000
2006,JJA,Channel Islands,0.167,2.500
2007,JJA,Channel Islands,0.289,4.500
2008,JJA,Channel Islands,0.172,5.000
2009,JJA,Channel Islands,0.350,6.500
2010,JJA,Channel Islands,0.322,5.000
2011,JJA,Channel Islands,0.256,4.000
2012,JJA,Channel Islands,0.361,5.000
2013,JJA,Channel Islands,0.194,3.500
2014,JJA,Channel Islands,0.356,10.000
2015,JJA,Channel Islands,0.228,4.000
2016,JJA,Channel Islands,0.233,3.000
2017,JJA,Channel Islands,0.317,8.000
2018,JJA,Channel Islands,0.244,4.000
2019,JJA,Channel Islands,0.350,4.000
2020,JJA,Channel Islands,0.217,4.000
2021,JJA,Channel Islands,0.244,4.000
2022,JJA,Channel Islands,0.256,4.500
2023,JJA,Channel Islands,0.178,3.500
2024,JJA,Channel Islands,0.161,4.000
2025,JJA,Channel Islands,0.122,3.000
2026,JJA,Channel Islands,0.217,4.500
2027,JJA,Channel Islands,0.183,3.000
2028,JJA,Channel Islands,0.206,3.000
2029,JJA,Channel Islands,0.367,4.000
2030,JJA,Channel Islands,0.278,4.000
2031,JJA,Channel Islands,0.311,5.500
2032,JJA,Channel Islands,0.189,5.000
2033,JJA,Channel Islands,0.194,4.000
2034,JJA,Channel Islands,0.206,3.000
2035,JJA,Channel Islands,0.206,4.000
2036,JJA,Channel Islands,0.183,4.000
2037,JJA,Channel Islands,0.133,2.500
2038,JJA,Channel Islands,0.194,3.000
2039,JJA,Channel Islands,0.294,4.000
2040,JJA,Channel Islands,0.233,3.500
2041,JJA,Channel Islands,0.289,5.000
2042,JJA,Channel Islands,0.217,3.500
2043,JJA,Channel Islands,0.278,5.000
2044,JJA,Channel Islands,0.133,2.000
2045,JJA,Channel Islands,0.161,3.000
2046,JJA,Channel Islands,0.139,2.500
2047,JJA,Channel Islands,0.050,1.500
2048,JJA,Channel Islands,0.178,3.000
2049,JJA,Channel Islands,0.150,3.000
2050,JJA,Channel Islands,0.128,3.000
2051,JJA,Channel Islands,0.300,4.000
2052,JJA,Channel Islands,0.089,3.000
2053,JJA,Channel Islands,0.289,5.000
2054,JJA,Channel Islands,0.172,2.000
2055,JJA,Channel Islands,0.178,2.000
2056,JJA,Channel Islands,0.050,1.000
2057,JJA,Channel Islands,0.122,2.000
2058,JJA,Channel Islands,0.117,3.500
2059,JJA,Channel Islands,0.117,3.000
2060,JJA,Channel Islands,0.200,6.000
2061,JJA,Channel Islands,0.222,5.000
2062,JJA,Channel Islands,0.094,2.000
2063,JJA,Channel Islands,0.167,2.000
2064,JJA,Channel Islands,0.128,2.000
2065,JJA,Channel Islands,0.233,4.000
2066,JJA,Channel Islands,0.250,5.000
2067,JJA,Channel Islands,0.128,5.000
2068,JJA,Channel Islands,0.056,2.000
2069,JJA,Channel Islands,0.139,3.500
2070,JJA,Channel Islands,0.211,3.500
2071,JJA,Channel Islands,0.161,3.000
2072,JJA,Channel Islands,0.172,5.000
2073,JJA,Channel Islands,0.144,3.500
2074,JJA,Channel Islands,0.183,5.000
2075,JJA,Channel Islands,0.083,3.000
2076,JJA,Channel Islands,0.094,2.000
2077,JJA,Channel Islands,0.206,4.000
2078,JJA,Channel Islands,0.144,2.500
2079,JJA,Channel Islands,0.117,2.000
2080,JJA,Channel Islands,0.183,4.500
1981,JJA,Isle of Man,0.452,8.000
1982,JJA,Isle of Man,0.381,5.000
1983,JJA,Isle of Man,0.489,8.000
1984,JJA,Isle of Man,0.441,8.000
1985,JJA,Isle of Man,0.530,10.333
1986,JJA,Isle of Man,0.611,14.000
1987,JJA,Isle of Man,0.459,5.667
1988,JJA,Isle of Man,0.585,6.000
1989,JJA,Isle of Man,0.519,12.333
1990,JJA,Isle of Man,0.411,6.333
1991,JJA,Isle of Man,0.411,7.000
1992,JJA,Isle of Man,0.526,7.667
1993,JJA,Isle of Man,0.319,5.000
1994,JJA,Isle of Man,0.530,9.000
1995,JJA,Isle of Man,0.522,7.000
1996,JJA,Isle of Man,0.463,9.667
1997,JJA,Isle of Man,0.470,5.667
1998,JJA,Isle of Man,0.467,8.333
1999,JJA,Isle of Man,0.489,7.667
2000,JJA,Isle of Man,0.493,11.000
2001,JJA,Isle of Man,0.333,5.667
2002,JJA,Isle of Man,0.311,3.333
2003,JJA,Isle of Man,0.326,4.667
2004,JJA,Isle of Man,0.374,3.667
2005,JJA,Isle of Man,0.396,6.667
2006,JJA,Isle of Man,0.341,5.333
2007,JJA,Isle of Man,0.530,12.000
2008,JJA,Isle of Man,0.363,7.333
2009,JJA,Isle of Man,0.378,5.667
2010,JJA,Isle of Man,0.456,4.667
2011,JJA,Isle of Man,0.481,9.000
2012,JJA,Isle of Man,0.496,9.667
2013,JJA,Isle of Man,0.352,7.000
2014,JJA,Isle of Man,0.359,4.667
2015,JJA,Isle of Man,0.341,6.667
2016,JJA,Isle of Man,0.407,9.333
2017,JJA,Isle of Man,0.548,9.333
2018,JJA,Isle of Man,0.459,10.667
2019,JJA,Isle of Man,0.537,11.333
2020,JJA,Isle of Man,0.444,5.000
2021,JJA,Isle of Man,0.359,4.667
2022,JJA,Isle of Man,0.470,9.000
2023,JJA,Isle of Man,0.296,4.667
2024,JJA,Isle of Man,0.285,5.000
2025,JJA,Isle of Man,0.359,4.333
2026,JJA,Isle of Man,0.222,3.000
2027,JJA,Isle of Man,0.415,6.333
2028,JJA,Isle of Man,0.319,5.333
2029,JJA,Isle of Man,0.485,9.333
2030,JJA,Isle of Man,0.474,5.000
2031,JJA,Isle of Man,0.526,6.000
2032,JJA,Isle of Man,0.374,7.333
2033,JJA,Isle of Man,0.352,4.667
2034,JJA,Isle of Man,0.433,5.333
2035,JJA,Isle of Man,0.470,7.333
2036,JJA,Isle of Man,0.404,8.333
2037,JJA,Isle of Man,0.311,5.000
2038,JJA,Isle of Man,0.519,9.000
2039,JJA,Isle of Man,0.296,4.000
2040,JJA,Isle of Man,0.430,4.000
2041,JJA,Isle of Man,0.433,10.000
2042,JJA,Isle of Man,0.333,5.000
2043,JJA,Isle of Man,0.552,8.667
2044,JJA,Isle of Man,0.333,3.000
2045,JJA,Isle of Man,0.367,8.667
2046,JJA,Isle of Man,0.348,5.333
2047,JJA,Isle of Man,0.389,4.000
2048,JJA,Isle of Man,0.333,5.333
2049,JJA,Isle of Man,0.359,9.000
2050,JJA,Isle of Man,0.367,5.667
2051,JJA,Isle of Man,0.396,6.000
2052,JJA,Isle of Man,0.219,4.333
2053,JJA,Isle of Man,0.396,5.333
2054,JJA,Isle of Man,0.319,2.667
2055,JJA,Isle of Man,0.356,5.000
2056,JJA,Isle of Man,0.278,4.000
2057,JJA,Isle of Man,0.344,4.000
2058,JJA,Isle of Man,0.319,6.000
2059,JJA,Isle of Man,0.330,5.000
2060,JJA,Isle of Man,0.374,7.000
2061,JJA,Isle of Man,0.448,7.667
2062,JJA,Isle of Man,0.252,4.667
2063,JJA,Isle of Man,0.296,3.667
2064,JJA,Isle of Man,0.300,5.667
2065,JJA,Isle of Man,0.337,5.000
2066,JJA,Isle of Man,0.396,5.333
2067,JJA,Isle of Man,0.344,5.333
2068,JJA,Isle of Man,0.222,4.333
2069,JJA,Isle of Man,0.478,5.000
2070,JJA,Isle of Man,0.452,7.000
2071,JJA,Isle of Man,0.330,9.667
2072,JJA,Isle of Man,0.252,4.667
2073,JJA,Isle of Man,0.381,4.000
2074,JJA,Isle of Man,0.322,5.000
2075,JJA,Isle of Man,0.200,4.333
2076,JJA,Isle of Man,0.167,2.000
2077,JJA,Isle of Man,0.419,4.667
2078,JJA,Isle of Man,0.285,3.000
2079,JJA,Isle of Man,0.374,3.000
2080,JJA,Isle of Man,0.259,7.667
1981,JJA,Northern Ireland,0.522,11.247
1982,JJA,Northern Ireland,0.421,8.224
1983,JJA,Northern Ireland,0.559,11.329
1984,JJA,Northern Ireland,0.476,12.929
1985,JJA,Northern Ireland,0.527,7.318
1986,JJA,Northern Ireland,0.603,10.047
1987,JJA,Northern Ireland,0.516,10.741
1988,JJA,Northern Ireland,0.640,9.494
1989,JJA,Northern Ireland,0.550,8.682
1990,JJA,Northern Ireland,0.345,5.788
1991,JJA,Northern Ireland,0.442,9.824
1992,JJA,Northern Ireland,0.562,7.682
1993,JJA,Northern Ireland,0.405,6.859
1994,JJA,Northern Ireland,0.558,8.576
1995,JJA,Northern Ireland,0.527,6.388
1996,JJA,Northern Ireland,0.415,7.812
1997,JJA,Northern Ireland,0.503,5.906
1998,JJA,Northern Ireland,0.531,8.282
1999,JJA,Northern Ireland,0.551,7.682
2000,JJA,Northern Ireland,0.534,9.388
2001,JJA,Northern Ireland,0.414,6.612
2002,JJA,Northern Ireland,0.393,5.153
2003,JJA,Northern Ireland,0.434,9.424
2004,JJA,Northern Ireland,0.439,6.059
2005,JJA,Northern Ireland,0.413,4.682
2006,JJA,Northern Ireland,0.388,5.624
2007,JJA,Northern Ireland,0.531,7.471
2008,JJA,Northern Ireland,0.367,6.941
2009,JJA,Northern Ireland,0.377,6.494
2010,JJA,Northern Ireland,0.534,9.200
2011,JJA,Northern Ireland,0.452,5.400
2012,JJA,Northern Ireland,0.498,9.835
2013,JJA,Northern Ireland,0.398,8.188
2014,JJA,Northern Ireland,0.396,7.106
2015,JJA,Northern Ireland,0.390,7.671
2016,JJA,Northern Ireland,0.450,10.376
2017,JJA,Northern Ireland,0.586,9.765
2018,JJA,Northern Ireland,0.495,9.741
2019,JJA,Northern Ireland,0.568,10.753
2020,JJA,Northern Ireland,0.512,7.541
2021,JJA,Northern Ireland,0.476,7.024
2022,JJA,Northern Ireland,0.416,5.847
2023,JJA,Northern Ireland,0.402,7.318
2024,JJA,Northern Ireland,0.361,7.024
2025,JJA,Northern Ireland,0.456,5.235
2026,JJA,Northern Ireland,0.328,4.753
2027,JJA,Northern Ireland,0.459,8.494
2028,JJA,Northern Ireland,0.355,5.671
2029,JJA,Northern Ireland,0.519,8.871
2030,JJA,Northern Ireland,0.562,10.835
2031,JJA,Northern Ireland,0.610,10.882
2032,JJA,Northern Ireland,0.434,8.541
2033,JJA,Northern Ireland,0.400,4.976
2034,JJA,Northern Ireland,0.499,8.965
2035,JJA,Northern Ireland,0.466,7.165
2036,JJA,Northern Ireland,0.450,8.082
2037,JJA,Northern Ireland,0.415,6.776
2038,JJA,Northern Ireland,0.536,7.929
2039,JJA,Northern Ireland,0.467,8.941
2040,JJA,Northern Ireland,0.451,5.671
2041,JJA,Northern Ireland,0.463,6.306
2042,JJA,Northern Ireland,0.348,5.706
2043,JJA,Northern Ireland,0.569,9.365
2044,JJA,Northern Ireland,0.424,6.071
2045,JJA,Northern Ireland,0.397,6.365
2046,JJA,Northern Ireland,0.406,6.941
2047,JJA,Northern Ireland,0.426,7.635
2048,JJA,Northern Ireland,0.451,7.271
2049,JJA,Northern Ireland,0.426,9.753
2050,JJA,Northern Ireland,0.381,6.694
2051,JJA,Northern Ireland,0.450,7.506
2052,JJA,Northern Ireland,0.282,6.953
2053,JJA,Northern Ireland,0.448,6.094
2054,JJA,Northern Ireland,0.421,5.200
2055,JJA,Northern Ireland,0.386,7.553
2056,JJA,Northern Ireland,0.328,5.565
2057,JJA,Northern Ireland,0.398,5.341
2058,JJA,Northern Ireland,0.418,7.271
2059,JJA,Northern Ireland,0.374,4.706
2060,JJA,Northern Ireland,0.468,6.141
2061,JJA,Northern Ireland,0.491,8.318
2062,JJA,Northern Ireland,0.352,5.776
2063,JJA,Northern Ireland,0.314,5.259
2064,JJA,Northern Ireland,0.375,6.059
2065,JJA,Northern Ireland,0.372,6.835
2066,JJA,Northern Ireland,0.399,6.682
2067,JJA,Northern Ireland,0.350,6.035
2068,JJA,Northern Ireland,0.294,4.800
2069,JJA,Northern Ireland,0.492,6.800
2070,JJA,Northern Ireland,0.455,6.976
2071,JJA,Northern Ireland,0.349,7.918
2072,JJA,Northern Ireland,0.318,5.235
2073,JJA,Northern Ireland,0.451,5.729
2074,JJA,Northern Ireland,0.347,7.224
2075,JJA,Northern Ireland,0.266,3.800
2076,JJA,Northern Ireland,0.218,3.094
2077,JJA,Northern Ireland,0.468,8.694
2078,JJA,Northern Ireland,0.279,4.047
2079,JJA,Northern Ireland,0.454,5.365
2080,JJA,Northern Ireland,0.298,5.659
1981,JJA,Wales,0.465,10.278
1982,JJA,Wales,0.354,6.263
1983,JJA,Wales,0.447,6.917
1984,JJA,Wales,0.478,11.195
1985,JJA,Wales,0.468,7.308
1986,JJA,Wales,0.553,8.932
1987,JJA,Wales,0.470,7.835
1988,JJA,Wales,0.572,8.053
1989,JJA,Wales,0.480,7.504
1990,JJA,Wales,0.381,7.782
1991,JJA,Wales,0.426,8.368
1992,JJA,Wales,0.472,9.128
1993,JJA,Wales,0.310,4.534
1994,JJA,Wales,0.488,12.609
1995,JJA,Wales,0.524,9.917
1996,JJA,Wales,0.425,10.541
1997,JJA,Wales,0.512,6.421
1998,JJA,Wales,0.435,6.752
1999,JJA,Wales,0.406,5.805
2000,JJA,Wales,0.465,7.797
2001,JJA,Wales,0.356,6.556
2002,JJA,Wales,0.390,5.880
2003,JJA,Wales,0.311,5.624
2004,JJA,Wales,0.342,5.812
2005,JJA,Wales,0.398,6.195
2006,JJA,Wales,0.315,5.759
2007,JJA,Wales,0.530,8.571
2008,JJA,Wales,0.340,5.293
2009,JJA,Wales,0.419,8.331
2010,JJA,Wales,0.498,7.120
2011,JJA,Wales,0.452,8.180
2012,JJA,Wales,0.509,12.526
2013,JJA,Wales,0.322,8.248
2014,JJA,Wales,0.392,7.308
2015,JJA,Wales,0.403,8.932
2016,JJA,Wales,0.356,6.564
2017,JJA,Wales,0.513,10.797
2018,JJA,Wales,0.460,9.872
2019,JJA,Wales,0.551,9.406
2020,JJA,Wales,0.410,5.820
2021,JJA,Wales,0.393,7.556
2022,JJA,Wales,0.409,6.872
2023,JJA,Wales,0.313,6.278
2024,JJA,Wales,0.307,5.654
2025,JJA,Wales,0.395,6.594
2026,JJA,Wales,0.274,3.782
2027,JJA,Wales,0.443,7.759
2028,JJA,Wales,0.311,5.556
2029,JJA,Wales,0.492,7.218
2030,JJA,Wales,0.486,8.489
2031,JJA,Wales,0.530,9.594
2032,JJA,Wales,0.413,7.662
2033,JJA,Wales,0.388,5.925
2034,JJA,Wales,0.446,8.113
2035,JJA,Wales,0.403,6.271
2036,JJA,Wales,0.466,6.880
2037,JJA,Wales,0.365,6.737
2038,JJA,Wales,0.448,6.361
2039,JJA,Wales,0.335,4.767
2040,JJA,Wales,0.397,7.669
2041,JJA,Wales,0.411,7.278
2042,JJA,Wales,0.364,6.737
2043,JJA,Wales,0.497,8.654
2044,JJA,Wales,0.337,4.451
2045,JJA,Wales,0.335,5.376
2046,JJA,Wales,0.367,6.549
2047,JJA,Wales,0.290,4.850
2048,JJA,Wales,0.368,5.549
2049,JJA,Wales,0.288,6.263
2050,JJA,Wales,0.356,5.947
2051,JJA,Wales,0.417,6.120
2052,JJA,Wales,0.192,4.398
2053,JJA,Wales,0.421,6.722
2054,JJA,Wales,0.374,4.203
2055,JJA,Wales,0.353,8.075
2056,JJA,Wales,0.227,3.714
2057,JJA,Wales,0.287,4.278
2058,JJA,Wales,0.292,4.180
2059,JJA,Wales,0.352,5.023
2060,JJA,Wales,0.396,5.782
2061,JJA,Wales,0.421,6.902
2062,JJA,Wales,0.267,4.008
2063,JJA,Wales,0.310,4.594
2064,JJA,Wales,0.274,4.436
2065,JJA,Wales,0.291,5.083
2066,JJA,Wales,0.379,6.940
2067,JJA,Wales,0.332,6.008
2068,JJA,Wales,0.223,4.865
2069,JJA,Wales,0.441,6.925
2070,JJA,Wales,0.405,8.361
2071,JJA,Wales,0.310,6.286
2072,JJA,Wales,0.269,6.053
2073,JJA,Wales,0.369,5.211
2074,JJA,Wales,0.305,5.398
2075,JJA,Wales,0.191,4.075
2076,JJA,Wales,0.172,2.910
2077,JJA,Wales,0.402,8.421
2078,JJA,Wales,0.263,3.617
2079,JJA,Wales,0.330,3.805
2080,JJA,Wales,0.247,5.977
1981,SON,East Midlands,0.389,4.728
1982,SON,East Midlands,0.366,5.524
1983,SON,East Midlands,0.272,4.214
1984,SON,East Midlands,0.345,5.243
1985,SON,East Midlands,0.432,6.505
1986,SON,East Midlands,0.277,4.029
1987,SON,East Midlands,0.386,5.350
1988,SON,East Midlands,0.351,3.854
1989,SON,East Midlands,0.411,5.049
1990,SON,East Midlands,0.466,7.146
1991,SON,East Midlands,0.273,4.184
1992,SON,East Midlands,0.286,5.631
1993,SON,East Midlands,0.367,7.427
1994,SON,East Midlands,0.413,10.136
1995,SON,East Midlands,0.319,6.165
1996,SON,East Midlands,0.258,5.214
1997,SON,East Midlands,0.308,4.272
1998,SON,East Midlands,0.362,5.291
1999,SON,East Midlands,0.435,7.272
2000,SON,East Midlands,0.394,6.728
2001,SON,East Midlands,0.348,5.757
2002,SON,East Midlands,0.502,8.621
2003,SON,East Midlands,0.378,5.107
2004,SON,East Midlands,0.369,6.136
2005,SON,East Midlands,0.456,5.767
2006,SON,East Midlands,0.324,5.476
2007,SON,East Midlands,0.217,4.408
2008,SON,East Midlands,0.366,6.893
2009,SON,East Midlands,0.326,4.913
2010,SON,East Midlands,0.251,6.214
2011,SON,East Midlands,0.381,10.913
2012,SON,East Midlands,0.281,3.864
2013,SON,East Midlands,0.286,5.330
2014,SON,East Midlands,0.469,8.000
2015,SON,East Midlands,0.273,5.874
2016,SON,East Midlands,0.316,5.301
2017,SON,East Midlands,0.562,7.553
2018,SON,East Midlands,0.333,5.136
2019,SON,East Midlands,0.420,5.388
2020,SON,East Midlands,0.306,7.301
2021,SON,East Midlands,0.427,5.078
2022,SON,East Midlands,0.276,5.806
2023,SON,East Midlands,0.306,5.359
2024,SON,East Midlands,0.365,4.485
2025,SON,East Midlands,0.385,5.806
2026,SON,East Midlands,0.271,5.563
2027,SON,East Midlands,0.321,5.272
2028,SON,East Midlands,0.176,3.515
2029,SON,East Midlands,0.354,3.951
2030,SON,East Midlands,0.345,4.893
2031,SON,East Midlands,0.334,6.097
2032,SON,East Midlands,0.228,4.126
2033,SON,East Midlands,0.351,4.883
2034,SON,East Midlands,0.342,4.388
2035,SON,East Midlands,0.288,5.184
2036,SON,East Midlands,0.318,4.728
2037,SON,East Midlands,0.298,3.252
2038,SON,East Midlands,0.349,4.515
2039,SON,East Midlands,0.287,4.971
2040,SON,East Midlands,0.396,8.184
2041,SON,East Midlands,0.244,5.825
2042,SON,East Midlands,0.438,6.806
2043,SON,East Midlands,0.420,4.738
2044,SON,East Midlands,0.262,4.777
2045,SON,East Midlands,0.145,3.767
2046,SON,East Midlands,0.249,3.854
2047,SON,East Midlands,0.348,4.417
2048,SON,East Midlands,0.176,3.515
2049,SON,East Midlands,0.491,6.621
2050,SON,East Midlands,0.317,7.165
2051,SON,East Midlands,0.326,4.757
2052,SON,East Midlands,0.360,5.602
2053,SON,East Midlands,0.162,3.592
2054,SON,East Midlands,0.272,6.592
2055,SON,East Midlands,0.196,2.718
2056,SON,East Midlands,0.287,5.282
2057,SON,East Midlands,0.341,6.583
2058,SON,East Midlands,0.272,5.777
2059,SON,East Midlands,0.250,4.388
2060,SON,East Midlands,0.218,2.922
2061,SON,East Midlands,0.290,4.019
2062,SON,East Midlands,0.298,5.262
2063,SON,East Midlands,0.323,6.680
2064,SON,East Midlands,0.384,10.738
2065,SON,East Midlands,0.362,6.903
2066,SON,East Midlands,0.256,5.544
2067,SON,East Midlands,0.265,5.097
2068,SON,East Midlands,0.281,3.204
2069,SON,East Midlands,0.318,5.515
2070,SON,East Midlands,0.202,3.592
2071,SON,East Midlands,0.224,3.136
2072,SON,East Midlands,0.163,3.485
2073,SON,East Midlands,0.310,5.417
2074,SON,East Midlands,0.312,6.350
2075,SON,East Midlands,0.301,5.408
2076,SON,East Midlands,0.346,5.350
2077,SON,East Midlands,0.302,4.233
2078,SON,East Midlands,0.273,5.767
2079,SON,East Midlands,0.323,4.864
2080,SON,East Midlands,0.233,5.117
1981,SON,East of England,0.386,4.189
1982,SON,East of England,0.336,4.646
1983,SON,East of England,0.252,4.134
1984,SON,East of England,0.351,5.268
1985,SON,East of England,0.386,7.386
1986,SON,East of England,0.272,4.252
1987,SON,East of England,0.359,5.417
1988,SON,East of England,0.362,4.819
1989,SON,East of England,0.399,4.638
1990,SON,East of England,0.448,6.465
1991,SON,East of England,0.279,5.118
1992,SON,East of England,0.255,4.740
1993,SON,East of England,0.341,5.976
1994,SON,East of England,0.332,6.646
1995,SON,East of England,0.297,4.354
1996,SON,East of England,0.255,5.835
1997,SON,East of England,0.311,4.780
1998,SON,East of England,0.319,5.016
1999,SON,East of England,0.378,5.709
2000,SON,East of England,0.363,6.740
2001,SON,East of England,0.298,4.622
2002,SON,East of England,0.459,7.535
2003,SON,East of England,0.341,5.748
2004,SON,East of England,0.376,6.787
2005,SON,East of England,0.458,5.961
2006,SON,East of England,0.307,4.646
2007,SON,East of England,0.228,5.008
2008,SON,East of England,0.382,7.819
2009,SON,East of England,0.281,4.567
2010,SON,East of England,0.225,5.079
2011,SON,East of England,0.341,7.181
2012,SON,East of England,0.286,3.465
2013,SON,East of England,0.254,4.606
2014,SON,East of England,0.467,8.307
2015,SON,East of England,0.294,6.921
2016,SON,East of England,0.322,4.622
2017,SON,East of England,0.541,6.835
2018,SON,East of England,0.349,5.378
2019,SON,East of England,0.376,4.480
2020,SON,East of England,0.322,8.606
2021,SON,East of England,0.390,4.244
2022,SON,East of England,0.294,6.268
2023,SON,East of England,0.270,5.008
2024,SON,East of England,0.391,6.000
2025,SON,East of England,0.364,6.591
2026,SON,East of England,0.303,6.449
2027,SON,East of England,0.327,5.063
2028,SON,East of England,0.159,3.346
2029,SON,East of England,0.331,3.677
2030,SON,East of England,0.367,6.071
2031,SON,East of England,0.302,5.331
2032,SON,East of England,0.203,4.039
2033,SON,East of England,0.401,6.126
2034,SON,East of England,0.351,5.252
2035,SON,East of England,0.287,5.819
2036,SON,East of England,0.309,5.157
2037,SON,East of England,0.257,3.630
2038,SON,East of England,0.310,4.063
2039,SON,East of England,0.315,4.008
2040,SON,East of England,0.350,8.504
2041,SON,East of England,0.217,4.890
2042,SON,East of England,0.445,5.906
2043,SON,East of England,0.405,4.449
2044,SON,East of England,0.283,4.976
2045,SON,East of England,0.115,2.661
2046,SON,East of England,0.223,3.315
2047,SON,East of England,0.330,4.205
2048,SON,East of England,0.157,4.165
2049,SON,East of England,0.476,5.693
2050,SON,East of England,0.304,6.449
2051,SON,East of England,0.297,5.236
2052,SON,East of England,0.324,5.835
2053,SON,East of England,0.154,4.244
2054,SON,East of England,0.234,5.189
2055,SON,East of England,0.187,3.843
2056,SON,East of England,0.273,4.953
2057,SON,East of England,0.323,6.142
2058,SON,East of England,0.243,4.346
2059,SON,East of England,0.245,3.228
2060,SON,East of England,0.202,3.079
2061,SON,East of England,0.291,3.063
2062,SON,East of England,0.261,4.858
2063,SON,East of England,0.341,7.047
2064,SON,East of England,0.345,9.205
2065,SON,East of England,0.334,7.646
2066,SON,East of England,0.229,4.339
2067,SON,East of England,0.225,4.346
2068,SON,East of England,0.199,2.740
2069,SON,East of England,0.262,5.165
2070,SON,East of England,0.209,3.016
2071,SON,East of England,0.220,3.520
2072,SON,East of England,0.127,2.236
2073,SON,East of England,0.284,4.622
2074,SON,East of England,0.280,6.756
2075,SON,East of England,0.270,4.575
2076,SON,East of England,0.328,5.512
2077,SON,East of England,0.244,3.362
2078,SON,East of England,0.241,4.614
2079,SON,East of England,0.262,3.685
2080,SON,East of England,0.249,5.323
1981,SON,East Scotland,0.546,11.775
1982,SON,East Scotland,0.456,7.125
1983,SON,East Scotland,0.505,9.338
1984,SON,East Scotland,0.465,10.394
1985,SON,East Scotland,0.548,7.375
1986,SON,East Scotland,0.293,4.619
1987,SON,East Scotland,0.540,9.500
1988,SON,East Scotland,0.469,8.037
1989,SON,East Scotland,0.496,7.513
1990,SON,East Scotland,0.537,9.394
1991,SON,East Scotland,0.415,7.131
1992,SON,East Scotland,0.467,11.481
1993,SON,East Scotland,0.482,9.231
1994,SON,East Scotland,0.475,8.894
1995,SON,East Scotland,0.403,7.100
1996,SON,East Scotland,0.402,9.369
1997,SON,East Scotland,0.448,7.794
1998,SON,East Scotland,0.439,7.575
1999,SON,East Scotland,0.497,6.388
2000,SON,East Scotland,0.537,8.581
2001,SON,East Scotland,0.522,9.425
2002,SON,East Scotland,0.538,9.275
2003,SON,East Scotland,0.555,9.125
2004,SON,East Scotland,0.438,8.688
2005,SON,East Scotland,0.542,9.713
2006,SON,East Scotland,0.425,10.175
2007,SON,East Scotland,0.392,7.581
2008,SON,East Scotland,0.441,6.369
2009,SON,East Scotland,0.429,9.006
2010,SON,East Scotland,0.383,8.213
2011,SON,East Scotland,0.444,8.287
2012,SON,East Scotland,0.469,7.194
2013,SON,East Scotland,0.435,8.000
2014,SON,East Scotland,0.569,11.387
2015,SON,East Scotland,0.447,8.475
2016,SON,East Scotland,0.460,9.600
2017,SON,East Scotland,0.517,7.162
2018,SON,East Scotland,0.482,8.350
2019,SON,East Scotland,0.632,11.381
2020,SON,East Scotland,0.427,6.600
2021,SON,East Scotland,0.546,8.713
2022,SON,East Scotland,0.371,6.544
2023,SON,East Scotland,0.538,11.787
2024,SON,East Scotland,0.452,6.131
2025,SON,East Scotland,0.472,10.181
2026,SON,East Scotland,0.389,7.019
2027,SON,East Scotland,0.390,6.888
2028,SON,East Scotland,0.360,8.363
2029,SON,East Scotland,0.477,6.494
2030,SON,East Scotland,0.418,6.419
2031,SON,East Scotland,0.452,11.331
2032,SON,East Scotland,0.327,5.450
2033,SON,East Scotland,0.513,8.375
2034,SON,East Scotland,0.542,9.713
2035,SON,East Scotland,0.423,7.688
2036,SON,East Scotland,0.425,8.231
2037,SON,East Scotland,0.442,6.188
2038,SON,East Scotland,0.466,7.562
2039,SON,East Scotland,0.393,7.550
2040,SON,East Scotland,0.484,7.981
2041,SON,East Scotland,0.439,6.119
2042,SON,East Scotland,0.485,7.900
2043,SON,East Scotland,0.471,7.537
2044,SON,East Scotland,0.438,6.650
2045,SON,East Scotland,0.280,5.438
2046,SON,East Scotland,0.456,6.031
2047,SON,East Scotland,0.539,8.588
2048,SON,East Scotland,0.372,6.725
2049,SON,East Scotland,0.490,10.319
2050,SON,East Scotland,0.462,7.175
2051,SON,East Scotland,0.485,8.088
2052,SON,East Scotland,0.499,10.594
2053,SON,East Scotland,0.309,4.569
2054,SON,East Scotland,0.347,7.725
2055,SON,East Scotland,0.407,8.188
2056,SON,East Scotland,0.530,9.037
2057,SON,East Scotland,0.401,9.625
2058,SON,East Scotland,0.447,9.119
2059,SON,East Scotland,0.411,7.675
2060,SON,East Scotland,0.429,7.875
2061,SON,East Scotland,0.431,7.494
2062,SON,East Scotland,0.470,9.387
2063,SON,East Scotland,0.469,8.113
2064,SON,East Scotland,0.494,6.294
2065,SON,East Scotland,0.464,9.988
2066,SON,East Scotland,0.421,7.469
2067,SON,East Scotland,0.405,6.031
2068,SON,East Scotland,0.391,5.250
2069,SON,East Scotland,0.502,9.550
2070,SON,East Scotland,0.380,8.344
2071,SON,East Scotland,0.356,8.969
2072,SON,East Scotland,0.369,5.156
2073,SON,East Scotland,0.454,10.744
2074,SON,East Scotland,0.505,11.006
2075,SON,East Scotland,0.471,7.138
2076,SON,East Scotland,0.414,5.862
2077,SON,East Scotland,0.469,7.306
2078,SON,East Scotland,0.384,6.850
2079,SON,East Scotland,0.468,8.456
2080,SON,East Scotland,0.371,6.381
1981,SON,London,0.374,4.917
1982,SON,London,0.355,4.167
1983,SON,London,0.263,4.333
1984,SON,London,0.402,6.417
1985,SON,London,0.376,5.000
1986,SON,London,0.234,3.917
1987,SON,London,0.406,5.250
1988,SON,London,0.380,5.750
1989,SON,London,0.430,8.417
1990,SON,London,0.472,8.833
1991,SON,London,0.301,5.000
1992,SON,London,0.288,7.250
1993,SON,London,0.369,6.250
1994,SON,London,0.317,5.167
1995,SON,London,0.340,5.833
1996,SON,London,0.235,6.750
1997,SON,London,0.355,9.333
1998,SON,London,0.320,5.750
1999,SON,London,0.421,6.833
2000,SON,London,0.386,6.583
2001,SON,London,0.316,5.167
2002,SON,London,0.449,8.000
2003,SON,London,0.339,5.917
2004,SON,London,0.364,5.000
2005,SON,London,0.447,6.333
2006,SON,London,0.322,5.000
2007,SON,London,0.223,5.500
2008,SON,London,0.390,6.167
2009,SON,London,0.267,3.833
2010,SON,London,0.219,5.833
2011,SON,London,0.368,6.667
2012,SON,London,0.236,4.000
2013,SON,London,0.261,6.000
2014,SON,London,0.438,5.583
2015,SON,London,0.289,6.833
2016,SON,London,0.308,4.667
2017,SON,London,0.563,6.583
2018,SON,London,0.367,5.833
2019,SON,London,0.400,5.167
2020,SON,London,0.293,7.083
2021,SON,London,0.372,3.583
2022,SON,London,0.296,6.417
2023,SON,London,0.244,4.417
2024,SON,London,0.399,4.667
2025,SON,London,0.339,4.583
2026,SON,London,0.264,3.000
2027,SON,London,0.335,5.167
2028,SON,London,0.154,5.083
2029,SON,London,0.353,4.083
2030,SON,London,0.360,7.000
2031,SON,London,0.331,5.000
2032,SON,London,0.150,3.000
2033,SON,London,0.438,6.333
2034,SON,London,0.369,6.667
2035,SON,London,0.254,3.833
2036,SON,London,0.334,6.000
2037,SON,London,0.232,3.917
2038,SON,London,0.331,5.250
2039,SON,London,0.339,5.000
2040,SON,London,0.318,8.667
2041,SON,London,0.227,5.000
2042,SON,London,0.448,6.833
2043,SON,London,0.420,5.333
2044,SON,London,0.303,6.083
2045,SON,London,0.072,1.917
2046,SON,London,0.224,4.000
2047,SON,London,0.345,3.833
2048,SON,London,0.153,3.583
2049,SON,London,0.508,6.667
2050,SON,London,0.321,6.000
2051,SON,London,0.369,6.833
2052,SON,London,0.394,5.250
2053,SON,London,0.137,5.000
2054,SON,London,0.255,5.333
2055,SON,London,0.164,4.000
2056,SON,London,0.244,5.000
2057,SON,London,0.324,6.250
2058,SON,London,0.246,4.917
2059,SON,London,0.230,3.167
2060,SON,London,0.216,4.000
2061,SON,London,0.315,3.667
2062,SON,London,0.262,3.167
2063,SON,London,0.337,5.417
2064,SON,London,0.339,9.333
2065,SON,London,0.381,7.000
2066,SON,London,0.242,4.667
2067,SON,London,0.242,4.833
2068,SON,London,0.206,3.583
2069,SON,London,0.257,8.500
2070,SON,London,0.197,3.167
2071,SON,London,0.206,2.833
2072,SON,London,0.174,2.917
2073,SON,London,0.275,5.000
2074,SON,London,0.292,7.750
2075,SON,London,0.260,4.000
2076,SON,London,0.317,5.833
2077,SON,London,0.244,3.000
2078,SON,London,0.248,4.917
2079,SON,London,0.217,3.333
2080,SON,London,0.251,5.000
1981,SON,North East England,0.478,8.105
1982,SON,North East England,0.390,5.474
1983,SON,North East England,0.396,5.596
1984,SON,North East England,0.336,6.439
1985,SON,North East England,0.473,5.123
1986,SON,North East England,0.226,3.018
1987,SON,North East England,0.438,5.982
1988,SON,North East England,0.419,6.912
1989,SON,North East England,0.445,6.333
1990,SON,North East England,0.515,8.368
1991,SON,North East England,0.284,5.386
1992,SON,North East England,0.405,10.281
1993,SON,North East England,0.396,6.228
1994,SON,North East England,0.402,9.684
1995,SON,North East England,0.321,5.105
1996,SON,North East England,0.325,6.351
1997,SON,North East England,0.413,5.684
1998,SON,North East England,0.384,5.070
1999,SON,North East England,0.466,9.825
2000,SON,North East England,0.435,6.614
2001,SON,North East England,0.469,5.877
2002,SON,North East England,0.468,5.772
2003,SON,North East England,0.474,6.754
2004,SON,North East England,0.408,8.754
2005,SON,North East England,0.505,8.281
2006,SON,North East England,0.363,6.667
2007,SON,North East England,0.315,5.509
2008,SON,North East England,0.400,6.333
2009,SON,North East England,0.420,7.474
2010,SON,North East England,0.286,3.965
2011,SON,North East England,0.388,6.474
2012,SON,North East England,0.346,5.439
2013,SON,North East England,0.345,4.982
2014,SON,North East England,0.538,9.211
2015,SON,North East England,0.369,5.930
2016,SON,North East England,0.357,6.491
2017,SON,North East England,0.528,6.544
2018,SON,North East England,0.421,6.474
2019,SON,North East England,0.509,7.211
2020,SON,North East England,0.340,5.930
2021,SON,North East England,0.478,5.930
2022,SON,North East England,0.291,5.105
2023,SON,North East England,0.403,7.842
2024,SON,North East England,0.436,7.105
2025,SON,North East England,0.439,7.263
2026,SON,North East England,0.342,7.070
2027,SON,North East England,0.395,7.123
2028,SON,North East England,0.258,4.579
2029,SON,North East England,0.395,4.123
2030,SON,North East England,0.384,6.018
2031,SON,North East England,0.428,8.140
2032,SON,North East England,0.302,5.789
2033,SON,North East England,0.431,7.649
2034,SON,North East England,0.370,5.772
2035,SON,North East England,0.398,5.702
2036,SON,North East England,0.387,6.544
2037,SON,North East England,0.340,4.474
2038,SON,North East England,0.402,4.404
2039,SON,North East England,0.334,5.684
2040,SON,North East England,0.453,5.561
2041,SON,North East England,0.325,4.632
2042,SON,North East England,0.431,7.667
2043,SON,North East England,0.465,7.281
2044,SON,North East England,0.320,4.246
2045,SON,North East England,0.191,4.105
2046,SON,North East England,0.352,3.719
2047,SON,North East England,0.402,5.193
2048,SON,North East England,0.237,3.404
2049,SON,North East England,0.479,8.281
2050,SON,North East England,0.374,6.263
2051,SON,North East England,0.351,4.526
2052,SON,North East England,0.466,6.860
2053,SON,North East England,0.270,3.439
2054,SON,North East England,0.320,6.789
2055,SON,North East England,0.338,5.526
2056,SON,North East England,0.431,6.421
2057,SON,North East England,0.362,9.211
2058,SON,North East England,0.371,7.140
2059,SON,North East England,0.330,4.579
2060,SON,North East England,0.309,4.070
2061,SON,North East England,0.358,6.965
2062,SON,North East England,0.356,6.632
2063,SON,North East England,0.353,5.351
2064,SON,North East England,0.380,8.281
2065,SON,North East England,0.369,7.526
2066,SON,North East England,0.369,7.211
2067,SON,North East England,0.360,4.614
2068,SON,North East England,0.288,4.035
2069,SON,North East England,0.437,6.684
2070,SON,North East England,0.250,6.702
2071,SON,North East England,0.257,5.088
2072,SON,North East England,0.263,3.912
2073,SON,North East England,0.376,8.772
2074,SON,North East England,0.388,5.351
2075,SON,North East England,0.447,5.772
2076,SON,North East England,0.334,4.158
2077,SON,North East England,0.407,4.702
2078,SON,North East England,0.319,6.333
2079,SON,North East England,0.377,5.789
2080,SON,North East England,0.347,7.070
1981,SON,North Scotland,0.644,18.698
1982,SON,North Scotland,0.531,11.736
1983,SON,North Scotland,0.635,15.047
1984,SON,North Scotland,0.635,14.552
1985,SON,North Scotland,0.782,19.736
1986,SON,North Scotland,0.557,10.075
1987,SON,North Scotland,0.687,15.495
1988,SON,North Scotland,0.650,12.528
1989,SON,North Scotland,0.613,10.075
1990,SON,North Scotland,0.596,11.943
1991,SON,North Scotland,0.561,11.660
1992,SON,North Scotland,0.597,14.024
1993,SON,North Scotland,0.529,10.986
1994,SON,North Scotland,0.644,15.712
1995,SON,North Scotland,0.569,12.934
1996,SON,North Scotland,0.609,11.731
1997,SON,North Scotland,0.564,11.929
1998,SON,North Scotland,0.500,10.689
1999,SON,North Scotland,0.590,8.722
2000,SON,North Scotland,0.645,11.967
2001,SON,North Scotland,0.571,12.811
2002,SON,North Scotland,0.621,11.693
2003,SON,North Scotland,0.630,9.877
2004,SON,North Scotland,0.577,15.142
2005,SON,North Scotland,0.575,9.495
2006,SON,North Scotland,0.540,24.024
2007,SON,North Scotland,0.527,10.278
2008,SON,North Scotland,0.548,10.330
2009,SON,North Scotland,0.586,12.024
2010,SON,North Scotland,0.562,10.189
2011,SON,North Scotland,0.514,10.608
2012,SON,North Scotland,0.640,16.226
2013,SON,North Scotland,0.634,17.316
2014,SON,North Scotland,0.679,18.420
2015,SON,North Scotland,0.618,11.538
2016,SON,North Scotland,0.588,12.429
2017,SON,North Scotland,0.621,12.250
2018,SON,North Scotland,0.660,13.712
2019,SON,North Scotland,0.795,19.731
2020,SON,North Scotland,0.589,11.123
2021,SON,North Scotland,0.646,18.241
2022,SON,North Scotland,0.525,9.788
2023,SON,North Scotland,0.600,15.863
2024,SON,North Scotland,0.625,9.156
2025,SON,North Scotland,0.526,9.203
2026,SON,North Scotland,0.575,12.344
2027,SON,North Scotland,0.530,13.142
2028,SON,North Scotland,0.438,10.137
2029,SON,North Scotland,0.700,15.717
2030,SON,North Scotland,0.569,10.580
2031,SON,North Scotland,0.621,17.646
2032,SON,North Scotland,0.555,13.137
2033,SON,North Scotland,0.573,10.726
2034,SON,North Scotland,0.596,15.104
2035,SON,North Scotland,0.569,9.703
2036,SON,North Scotland,0.535,9.821
2037,SON,North Scotland,0.572,10.830
2038,SON,North Scotland,0.633,12.608
2039,SON,North Scotland,0.614,13.439
2040,SON,North Scotland,0.560,9.797
2041,SON,North Scotland,0.620,8.717
2042,SON,North Scotland,0.585,14.693
2043,SON,North Scotland,0.651,13.811
2044,SON,North Scotland,0.640,11.175
2045,SON,North Scotland,0.452,10.627
2046,SON,North Scotland,0.598,11.123
2047,SON,North Scotland,0.741,19.071
2048,SON,North Scotland,0.605,12.613
2049,SON,North Scotland,0.605,15.241
2050,SON,North Scotland,0.566,11.226
2051,SON,North Scotland,0.593,11.509
2052,SON,North Scotland,0.446,8.585
2053,SON,North Scotland,0.501,8.948
2054,SON,North Scotland,0.548,10.995
2055,SON,North Scotland,0.590,12.623
2056,SON,North Scotland,0.712,16.571
2057,SON,North Scotland,0.550,9.274
2058,SON,North Scotland,0.597,11.533
2059,SON,North Scotland,0.607,10.259
2060,SON,North Scotland,0.581,11.160
2061,SON,North Scotland,0.625,15.325
2062,SON,North Scotland,0.638,12.024
2063,SON,North Scotland,0.594,11.189
2064,SON,North Scotland,0.630,11.670
2065,SON,North Scotland,0.608,13.755
2066,SON,North Scotland,0.606,14.953
2067,SON,North Scotland,0.540,8.769
2068,SON,North Scotland,0.546,10.434
2069,SON,North Scotland,0.699,18.217
2070,SON,North Scotland,0.512,13.458
2071,SON,North Scotland,0.548,16.788
2072,SON,North Scotland,0.513,11.090
2073,SON,North Scotland,0.619,17.212
2074,SON,North Scotland,0.678,17.910
2075,SON,North Scotland,0.597,11.915
2076,SON,North Scotland,0.535,12.693
2077,SON,North Scotland,0.702,15.594
2078,SON,North Scotland,0.550,10.703
2079,SON,North Scotland,0.619,12.302
2080,SON,North Scotland,0.467,8.651
1981,SON,North West England,0.552,15.968
1982,SON,North West England,0.433,7.495
1983,SON,North West England,0.513,6.634
1984,SON,North West England,0.446,10.398
1985,SON,North West England,0.665,11.301
1986,SON,North West England,0.386,6.011
1987,SON,North West England,0.595,9.753
1988,SON,North West England,0.487,6.473
1989,SON,North West England,0.550,10.806
1990,SON,North West England,0.577,13.151
1991,SON,North West England,0.411,5.817
1992,SON,North West England,0.480,7.860
1993,SON,North West England,0.507,12.194
1994,SON,North West England,0.583,16.269
1995,SON,North West England,0.404,10.226
1996,SON,North West England,0.417,7.462
1997,SON,North West England,0.447,7.527
1998,SON,North West England,0.406,6.344
1999,SON,North West England,0.459,7.495
2000,SON,North West England,0.576,8.849
2001,SON,North West England,0.489,11.720
2002,SON,North West England,0.599,12.086
2003,SON,North West England,0.512,8.452
2004,SON,North West England,0.428,11.065
2005,SON,North West England,0.528,9.656
2006,SON,North West England,0.456,12.968
2007,SON,North West England,0.377,8.452
2008,SON,North West England,0.460,9.366
2009,SON,North West England,0.444,7.935
2010,SON,North West England,0.438,8.441
2011,SON,North West England,0.549,14.505
2012,SON,North West England,0.443,9.226
2013,SON,North West England,0.473,9.946
2014,SON,North West England,0.616,14.935
2015,SON,North West England,0.478,10.849
2016,SON,North West England,0.485,10.151
2017,SON,North West England,0.680,12.527
2018,SON,North West England,0.508,9.075
2019,SON,North West England,0.700,14.290
2020,SON,North West England,0.481,11.462
2021,SON,North West England,0.616,13.151
2022,SON,North West England,0.330,6.452
2023,SON,North West England,0.495,9.301
2024,SON,North West England,0.524,8.688
2025,SON,North West England,0.467,5.968
2026,SON,North West England,0.405,7.570
2027,SON,North West England,0.414,8.882
2028,SON,North West England,0.291,5.656
2029,SON,North West England,0.502,7.753
2030,SON,North West England,0.439,9.237
2031,SON,North West England,0.509,23.699
2032,SON,North West England,0.404,8.656
2033,SON,North West England,0.490,7.688
2034,SON,North West England,0.545,13.817
2035,SON,North West England,0.437,8.075
2036,SON,North West England,0.471,8.065
2037,SON,North West England,0.454,5.699
2038,SON,North West England,0.474,7.237
2039,SON,North West England,0.479,9.204
2040,SON,North West England,0.509,8.011
2041,SON,North West England,0.470,6.495
2042,SON,North West England,0.483,7.989
2043,SON,North West England,0.565,9.699
2044,SON,North West England,0.423,5.957
2045,SON,North West England,0.291,5.581
2046,SON,North West England,0.515,8.194
2047,SON,North West England,0.595,9.763
2048,SON,North West England,0.402,5.602
2049,SON,North West England,0.549,13.065
2050,SON,North West England,0.493,15.613
2051,SON,North West England,0.538,8.882
2052,SON,North West England,0.407,8.441
2053,SON,North West England,0.322,4.000
2054,SON,North West England,0.385,6.441
2055,SON,North West England,0.401,10.312
2056,SON,North West England,0.561,12.419
2057,SON,North West England,0.478,8.462
2058,SON,North West England,0.478,12.258
2059,SON,North West England,0.432,9.527
2060,SON,North West England,0.444,7.656
2061,SON,North West England,0.479,8.204
2062,SON,North West England,0.490,16.903
2063,SON,North West England,0.495,11.204
2064,SON,North West England,0.519,12.828
2065,SON,North West England,0.559,12.280
2066,SON,North West England,0.503,14.280
2067,SON,North West England,0.404,7.688
2068,SON,North West England,0.397,5.409
2069,SON,North West England,0.512,8.097
2070,SON,North West England,0.304,12.441
2071,SON,North West England,0.374,9.226
2072,SON,North West England,0.386,8.462
2073,SON,North West England,0.518,13.011
2074,SON,North West England,0.566,12.215
2075,SON,North West England,0.499,8.817
2076,SON,North West England,0.484,6.355
2077,SON,North West England,0.559,8.925
2078,SON,North West England,0.419,9.108
2079,SON,North West England,0.478,10.151
2080,SON,North West England,0.382,7.849
1981,SON,South East England,0.359,5.364
1982,SON,South East England,0.358,4.636
1983,SON,South East England,0.251,3.763
1984,SON,South East England,0.391,7.025
1985,SON,South East England,0.364,5.220
1986,SON,South East England,0.243,4.322
1987,SON,South East England,0.381,5.356
1988,SON,South East England,0.365,5.263
1989,SON,South East England,0.423,7.881
1990,SON,South East England,0.427,9.263
1991,SON,South East England,0.282,5.068
1992,SON,South East England,0.274,6.254
1993,SON,South East England,0.372,6.771
1994,SON,South East England,0.318,6.347
1995,SON,South East England,0.317,5.517
1996,SON,South East England,0.225,5.381
1997,SON,South East England,0.315,5.322
1998,SON,South East England,0.329,7.059
1999,SON,South East England,0.437,8.644
2000,SON,South East England,0.371,8.017
2001,SON,South East England,0.342,5.331
2002,SON,South East England,0.448,7.331
2003,SON,South East England,0.350,7.136
2004,SON,South East England,0.328,5.237
2005,SON,South East England,0.443,5.805
2006,SON,South East England,0.340,4.822
2007,SON,South East England,0.228,5.119
2008,SON,South East England,0.411,7.847
2009,SON,South East England,0.287,4.619
2010,SON,South East England,0.222,6.042
2011,SON,South East England,0.367,9.237
2012,SON,South East England,0.262,3.415
2013,SON,South East England,0.261,6.297
2014,SON,South East England,0.444,5.517
2015,SON,South East England,0.318,6.856
2016,SON,South East England,0.327,5.712
2017,SON,South East England,0.551,7.186
2018,SON,South East England,0.378,6.864
2019,SON,South East England,0.404,5.898
2020,SON,South East England,0.260,4.788
2021,SON,South East England,0.389,5.051
2022,SON,South East England,0.282,5.610
2023,SON,South East England,0.270,3.720
2024,SON,South East England,0.373,4.356
2025,SON,South East England,0.319,4.763
2026,SON,South East England,0.257,3.347
2027,SON,South East England,0.286,5.017
2028,SON,South East England,0.156,5.644
2029,SON,South East England,0.335,4.441
2030,SON,South East England,0.362,5.864
2031,SON,South East England,0.331,5.593
2032,SON,South East England,0.171,3.059
2033,SON,South East England,0.398,6.136
2034,SON,South East England,0.377,5.924
2035,SON,South East England,0.249,4.712
2036,SON,South East England,0.331,5.771
2037,SON,South East England,0.243,4.076
2038,SON,South East England,0.357,6.551
2039,SON,South East England,0.303,4.873
2040,SON,South East England,0.310,7.483
2041,SON,South East England,0.221,6.110
2042,SON,South East England,0.412,6.983
2043,SON,South East England,0.405,5.212
2044,SON,South East England,0.297,6.169
2045,SON,South East England,0.090,2.314
2046,SON,South East England,0.231,3.983
2047,SON,South East England,0.359,5.008
2048,SON,South East England,0.173,5.186
2049,SON,South East England,0.472,5.508
2050,SON,South East England,0.299,6.229
2051,SON,South East England,0.350,7.119
2052,SON,South East England,0.372,5.203
2053,SON,South East England,0.126,4.780
2054,SON,South East England,0.249,5.415
2055,SON,South East England,0.173,3.297
2056,SON,South East England,0.245,4.754
2057,SON,South East England,0.343,6.915
2058,SON,South East England,0.246,4.576
2059,SON,South East England,0.215,3.271
2060,SON,South East England,0.244,4.347
2061,SON,South East England,0.322,4.263
2062,SON,South East England,0.298,5.008
2063,SON,South East England,0.351,6.508
2064,SON,South East England,0.369,9.364
2065,SON,South East England,0.378,7.381
2066,SON,South East England,0.232,4.661
2067,SON,South East England,0.234,5.059
2068,SON,South East England,0.206,3.136
2069,SON,South East England,0.269,8.992
2070,SON,South East England,0.193,3.686
2071,SON,South East England,0.219,3.195
2072,SON,South East England,0.127,2.619
2073,SON,South East England,0.279,5.136
2074,SON,South East England,0.310,9.042
2075,SON,South East England,0.277,4.127
2076,SON,South East England,0.329,5.136
2077,SON,South East England,0.246,3.525
2078,SON,South East England,0.248,5.568
2079,SON,South East England,0.256,3.831
2080,SON,South East England,0.260,5.212
1981,SON,South West England,0.403,6.026
1982,SON,South West England,0.423,6.359
1983,SON,South West England,0.345,4.660
1984,SON,South West England,0.388,6.308
1985,SON,South West England,0.424,6.077
1986,SON,South West England,0.309,6.647
1987,SON,South West England,0.446,6.750
1988,SON,South West England,0.406,6.865
1989,SON,South West England,0.450,8.609
1990,SON,South West England,0.444,7.135
1991,SON,South West England,0.272,4.532
1992,SON,South West England,0.319,7.295
1993,SON,South West England,0.413,7.571
1994,SON,South West England,0.391,7.840
1995,SON,South West England,0.315,4.776
1996,SON,South West England,0.285,5.910
1997,SON,South West England,0.362,6.917
1998,SON,South West England,0.362,7.577
1999,SON,South West England,0.432,8.263
2000,SON,South West England,0.405,7.494
2001,SON,South West England,0.347,7.731
2002,SON,South West England,0.509,7.026
2003,SON,South West England,0.392,7.942
2004,SON,South West England,0.345,7.846
2005,SON,South West England,0.478,7.083
2006,SON,South West England,0.392,6.301
2007,SON,South West England,0.271,4.654
2008,SON,South West England,0.428,7.077
2009,SON,South West England,0.331,5.859
2010,SON,South West England,0.266,6.308
2011,SON,South West England,0.462,16.019
2012,SON,South West England,0.339,4.603
2013,SON,South West England,0.284,5.449
2014,SON,South West England,0.481,6.077
2015,SON,South West England,0.353,7.558
2016,SON,South West England,0.383,7.032
2017,SON,South West England,0.609,7.429
2018,SON,South West England,0.422,9.141
2019,SON,South West England,0.484,9.494
2020,SON,South West England,0.306,6.962
2021,SON,South West England,0.440,6.679
2022,SON,South West England,0.276,5.295
2023,SON,South West England,0.358,5.115
2024,SON,South West England,0.368,4.455
2025,SON,South West England,0.363,5.981
2026,SON,South West England,0.257,3.942
2027,SON,South West England,0.266,5.500
2028,SON,South West England,0.232,8.340
2029,SON,South West England,0.323,4.372
2030,SON,South West England,0.420,9.500
2031,SON,South West England,0.341,10.096
2032,SON,South West England,0.244,3.647
2033,SON,South West England,0.410,6.474
2034,SON,South West England,0.401,5.724
2035,SON,South West England,0.263,4.269
2036,SON,South West England,0.320,5.186
2037,SON,South West England,0.291,3.769
2038,SON,South West England,0.405,9.064
2039,SON,South West England,0.325,5.468
2040,SON,South West England,0.355,7.397
2041,SON,South West England,0.287,7.237
2042,SON,South West England,0.369,6.147
2043,SON,South West England,0.445,8.853
2044,SON,South West England,0.305,5.013
2045,SON,South West England,0.135,3.615
2046,SON,South West England,0.282,3.744
2047,SON,South West England,0.411,6.006
2048,SON,South West England,0.213,5.468
2049,SON,South West England,0.456,6.006
2050,SON,South West England,0.318,6.763
2051,SON,South West England,0.394,6.936
2052,SON,South West England,0.384,5.724
2053,SON,South West England,0.139,6.365
2054,SON,South West England,0.265,5.788
2055,SON,South West England,0.200,3.321
2056,SON,South West England,0.294,5.699
2057,SON,South West England,0.390,9.269
2058,SON,South West England,0.293,6.603
2059,SON,South West England,0.239,5.782
2060,SON,South West England,0.323,7.090
2061,SON,South West England,0.312,5.186
2062,SON,South West England,0.350,6.814
2063,SON,South West England,0.402,7.827
2064,SON,South West England,0.400,9.654
2065,SON,South West England,0.422,8.205
2066,SON,South West England,0.266,5.301
2067,SON,South West England,0.266,5.647
2068,SON,South West England,0.278,4.064
2069,SON,South West England,0.319,9.179
2070,SON,South West England,0.192,3.699
2071,SON,South West England,0.258,4.038
2072,SON,South West England,0.169,3.763
2073,SON,South West England,0.317,5.962
2074,SON,South West England,0.362,7.878
2075,SON,South West England,0.310,6.250
2076,SON,South West England,0.350,5.538
2077,SON,South West England,0.302,4.814
2078,SON,South West England,0.272,7.846
2079,SON,South West England,0.304,4.821
2080,SON,South West England,0.292,6.795
1981,SON,West Midlands,0.402,7.535
1982,SON,West Midlands,0.357,4.977
1983,SON,West Midlands,0.293,3.791
1984,SON,West Midlands,0.335,6.209
1985,SON,West Midlands,0.438,6.442
1986,SON,West Midlands,0.299,5.244
1987,SON,West Midlands,0.401,5.081
1988,SON,West Midlands,0.358,5.093
1989,SON,West Midlands,0.420,6.093
1990,SON,West Midlands,0.448,8.279
1991,SON,West Midlands,0.259,3.849
1992,SON,West Midlands,0.271,6.209
1993,SON,West Midlands,0.375,7.360
1994,SON,West Midlands,0.398,8.942
1995,SON,West Midlands,0.322,6.779
1996,SON,West Midlands,0.263,4.721
1997,SON,West Midlands,0.326,5.419
1998,SON,West Midlands,0.347,5.872
1999,SON,West Midlands,0.416,5.977
2000,SON,West Midlands,0.398,6.151
2001,SON,West Midlands,0.321,6.221
2002,SON,West Midlands,0.501,8.756
2003,SON,West Midlands,0.382,6.407
2004,SON,West Midlands,0.292,4.384
2005,SON,West Midlands,0.456,5.837
2006,SON,West Midlands,0.350,5.500
2007,SON,West Midlands,0.237,3.942
2008,SON,West Midlands,0.413,8.628
2009,SON,West Midlands,0.356,5.302
2010,SON,West Midlands,0.265,6.535
2011,SON,West Midlands,0.452,13.163
2012,SON,West Midlands,0.296,4.047
2013,SON,West Midlands,0.239,4.384
2014,SON,West Midlands,0.440,5.488
2015,SON,West Midlands,0.296,8.930
2016,SON,West Midlands,0.370,7.605
2017,SON,West Midlands,0.541,6.326
2018,SON,West Midlands,0.386,6.395
2019,SON,West Midlands,0.436,6.349
2020,SON,West Midlands,0.328,6.453
2021,SON,West Midlands,0.418,5.942
2022,SON,West Midlands,0.272,5.047
2023,SON,West Midlands,0.338,4.884
2024,SON,West Midlands,0.354,4.919
2025,SON,West Midlands,0.374,5.802
2026,SON,West Midlands,0.266,4.430
2027,SON,West Midlands,0.272,5.453
2028,SON,West Midlands,0.202,3.512
2029,SON,West Midlands,0.350,4.849
2030,SON,West Midlands,0.379,4.326
2031,SON,West Midlands,0.328,6.872
2032,SON,West Midlands,0.221,4.279
2033,SON,West Midlands,0.392,4.628
2034,SON,West Midlands,0.367,4.465
2035,SON,West Midlands,0.270,4.372
2036,SON,West Midlands,0.326,5.151
2037,SON,West Midlands,0.290,3.267
2038,SON,West Midlands,0.395,6.384
2039,SON,West Midlands,0.293,4.058
2040,SON,West Midlands,0.359,8.035
2041,SON,West Midlands,0.247,4.721
2042,SON,West Midlands,0.432,8.884
2043,SON,West Midlands,0.411,5.174
2044,SON,West Midlands,0.255,4.628
2045,SON,West Midlands,0.148,3.907
2046,SON,West Midlands,0.263,4.105
2047,SON,West Midlands,0.360,4.884
2048,SON,West Midlands,0.203,3.895
2049,SON,West Midlands,0.468,6.767
2050,SON,West Midlands,0.338,7.837
2051,SON,West Midlands,0.372,5.477
2052,SON,West Midlands,0.400,5.884
2053,SON,West Midlands,0.163,4.070
2054,SON,West Midlands,0.281,6.767
2055,SON,West Midlands,0.204,2.616
2056,SON,West Midlands,0.292,5.756
2057,SON,West Midlands,0.347,7.791
2058,SON,West Midlands,0.305,5.593
2059,SON,West Midlands,0.243,3.674
2060,SON,West Midlands,0.248,3.547
2061,SON,West Midlands,0.274,4.163
2062,SON,West Midlands,0.322,5.628
2063,SON,West Midlands,0.337,6.907
2064,SON,West Midlands,0.365,7.779
2065,SON,West Midlands,0.368,6.105
2066,SON,West Midlands,0.274,5.663
2067,SON,West Midlands,0.247,4.988
2068,SON,West Midlands,0.283,3.628
2069,SON,West Midlands,0.313,6.709
2070,SON,West Midlands,0.215,4.512
2071,SON,West Midlands,0.197,2.965
2072,SON,West Midlands,0.179,3.674
2073,SON,West Midlands,0.309,4.930
2074,SON,West Midlands,0.311,5.442
2075,SON,West Midlands,0.309,5.070
2076,SON,West Midlands,0.356,5.395
2077,SON,West Midlands,0.328,4.430
2078,SON,West Midlands,0.283,6.837
2079,SON,West Midlands,0.306,5.593
2080,SON,West Midlands,0.281,5.477
1981,SON,West Scotland,0.593,12.606
1982,SON,West Scotland,0.443,6.864
1983,SON,West Scotland,0.585,13.295
1984,SON,West Scotland,0.553,16.386
1985,SON,West Scotland,0.721,12.970
1986,SON,West Scotland,0.454,6.545
1987,SON,West Scotland,0.670,16.000
1988,SON,West Scotland,0.505,8.023
1989,SON,West Scotland,0.577,9.652
1990,SON,West Scotland,0.597,13.273
1991,SON,West Scotland,0.485,9.629
1992,SON,West Scotland,0.534,9.879
1993,SON,West Scotland,0.538,13.606
1994,SON,West Scotland,0.572,8.848
1995,SON,West Scotland,0.488,8.129
1996,SON,West Scotland,0.492,8.402
1997,SON,West Scotland,0.469,9.841
1998,SON,West Scotland,0.449,9.167
1999,SON,West Scotland,0.481,6.008
2000,SON,West Scotland,0.615,11.152
2001,SON,West Scotland,0.557,14.364
2002,SON,West Scotland,0.602,11.409
2003,SON,West Scotland,0.597,10.561
2004,SON,West Scotland,0.420,11.212
2005,SON,West Scotland,0.541,10.879
2006,SON,West Scotland,0.496,15.167
2007,SON,West Scotland,0.436,9.394
2008,SON,West Scotland,0.508,8.205
2009,SON,West Scotland,0.484,10.167
2010,SON,West Scotland,0.534,10.152
2011,SON,West Scotland,0.516,9.553
2012,SON,West Scotland,0.522,8.273
2013,SON,West Scotland,0.539,10.167
2014,SON,West Scotland,0.618,15.030
2015,SON,West Scotland,0.556,11.485
2016,SON,West Scotland,0.529,11.856
2017,SON,West Scotland,0.587,8.485
2018,SON,West Scotland,0.536,8.583
2019,SON,West Scotland,0.753,16.545
2020,SON,West Scotland,0.528,8.871
2021,SON,West Scotland,0.661,12.811
2022,SON,West Scotland,0.422,7.303
2023,SON,West Scotland,0.596,11.333
2024,SON,West Scotland,0.532,7.136
2025,SON,West Scotland,0.471,6.621
2026,SON,West Scotland,0.480,9.038
2027,SON,West Scotland,0.457,10.439
2028,SON,West Scotland,0.436,8.841
2029,SON,West Scotland,0.558,9.795
2030,SON,West Scotland,0.462,9.424
2031,SON,West Scotland,0.507,20.659
2032,SON,West Scotland,0.443,9.076
2033,SON,West Scotland,0.549,9.197
2034,SON,West Scotland,0.633,15.811
2035,SON,West Scotland,0.500,9.242
2036,SON,West Scotland,0.518,9.886
2037,SON,West Scotland,0.557,7.144
2038,SON,West Scotland,0.507,7.826
2039,SON,West Scotland,0.537,10.765
2040,SON,West Scotland,0.513,9.068
2041,SON,West Scotland,0.552,7.038
2042,SON,West Scotland,0.499,8.712
2043,SON,West Scotland,0.571,8.917
2044,SON,West Scotland,0.546,7.955
2045,SON,West Scotland,0.396,6.780
2046,SON,West Scotland,0.601,8.871
2047,SON,West Scotland,0.701,12.098
2048,SON,West Scotland,0.486,9.924
2049,SON,West Scotland,0.529,12.583
2050,SON,West Scotland,0.550,12.008
2051,SON,West Scotland,0.601,9.682
2052,SON,West Scotland,0.472,9.970
2053,SON,West Scotland,0.396,6.402
2054,SON,West Scotland,0.424,7.591
2055,SON,West Scotland,0.491,12.833
2056,SON,West Scotland,0.676,16.144
2057,SON,West Scotland,0.473,9.318
2058,SON,West Scotland,0.564,13.758
2059,SON,West Scotland,0.497,9.924
2060,SON,West Scotland,0.547,9.841
2061,SON,West Scotland,0.531,9.114
2062,SON,West Scotland,0.582,15.068
2063,SON,West Scotland,0.556,10.795
2064,SON,West Scotland,0.617,11.932
2065,SON,West Scotland,0.614,15.985
2066,SON,West Scotland,0.572,12.955
2067,SON,West Scotland,0.463,8.462
2068,SON,West Scotland,0.534,8.098
2069,SON,West Scotland,0.616,14.977
2070,SON,West Scotland,0.427,12.492
2071,SON,West Scotland,0.449,12.629
2072,SON,West Scotland,0.464,7.970
2073,SON,West Scotland,0.541,17.174
2074,SON,West Scotland,0.653,16.712
2075,SON,West Scotland,0.556,11.538
2076,SON,West Scotland,0.567,8.379
2077,SON,West Scotland,0.628,12.121
2078,SON,West Scotland,0.491,8.750
2079,SON,West Scotland,0.545,11.606
2080,SON,West Scotland,0.421,9.000
1981,SON,Yorkshire and Humber,0.433,7.535
1982,SON,Yorkshire and Humber,0.381,5.495
1983,SON,Yorkshire and Humber,0.342,4.376
1984,SON,Yorkshire and Humber,0.343,6.911
1985,SON,Yorkshire and Humber,0.448,5.050
1986,SON,Yorkshire and Humber,0.273,4.267
1987,SON,Yorkshire and Humber,0.426,6.327
1988,SON,Yorkshire and Humber,0.389,5.505
1989,SON,Yorkshire and Humber,0.433,5.634
1990,SON,Yorkshire and Humber,0.507,9.050
1991,SON,Yorkshire and Humber,0.294,4.743
1992,SON,Yorkshire and Humber,0.341,7.347
1993,SON,Yorkshire and Humber,0.403,8.436
1994,SON,Yorkshire and Humber,0.436,8.901
1995,SON,Yorkshire and Humber,0.315,5.733
1996,SON,Yorkshire and Humber,0.321,6.495
1997,SON,Yorkshire and Humber,0.340,4.713
1998,SON,Yorkshire and Humber,0.439,5.822
1999,SON,Yorkshire and Humber,0.470,8.713
2000,SON,Yorkshire and Humber,0.428,6.535
2001,SON,Yorkshire and Humber,0.400,6.970
2002,SON,Yorkshire and Humber,0.496,7.832
2003,SON,Yorkshire and Humber,0.416,5.653
2004,SON,Yorkshire and Humber,0.408,8.149
2005,SON,Yorkshire and Humber,0.463,6.554
2006,SON,Yorkshire and Humber,0.360,6.891
2007,SON,Yorkshire and Humber,0.273,5.515
2008,SON,Yorkshire and Humber,0.377,5.297
2009,SON,Yorkshire and Humber,0.367,5.970
2010,SON,Yorkshire and Humber,0.292,6.297
2011,SON,Yorkshire and Humber,0.397,9.693
2012,SON,Yorkshire and Humber,0.312,5.149
2013,SON,Yorkshire and Humber,0.296,5.198
2014,SON,Yorkshire and Humber,0.495,7.990
2015,SON,Yorkshire and Humber,0.342,6.673
2016,SON,Yorkshire and Humber,0.328,6.851
2017,SON,Yorkshire and Humber,0.585,7.129
2018,SON,Yorkshire and Humber,0.360,5.653
2019,SON,Yorkshire and Humber,0.458,8.158
2020,SON,Yorkshire and Humber,0.328,7.545
2021,SON,Yorkshire and Humber,0.440,6.119
2022,SON,Yorkshire and Humber,0.279,5.832
2023,SON,Yorkshire and Humber,0.365,7.871
2024,SON,Yorkshire and Humber,0.415,5.040
2025,SON,Yorkshire and Humber,0.408,5.743
2026,SON,Yorkshire and Humber,0.308,6.139
2027,SON,Yorkshire and Humber,0.368,6.010
2028,SON,Yorkshire and Humber,0.225,3.921
2029,SON,Yorkshire and Humber,0.366,4.139
2030,SON,Yorkshire and Humber,0.353,5.653
2031,SON,Yorkshire and Humber,0.382,9.653
2032,SON,Yorkshire and Humber,0.274,5.149
2033,SON,Yorkshire and Humber,0.380,6.683
2034,SON,Yorkshire and Humber,0.377,7.703
2035,SON,Yorkshire and Humber,0.327,5.505
2036,SON,Yorkshire and Humber,0.360,5.960
2037,SON,Yorkshire and Humber,0.343,4.515
2038,SON,Yorkshire and Humber,0.366,4.772
2039,SON,Yorkshire and Humber,0.309,5.465
2040,SON,Yorkshire and Humber,0.423,8.267
2041,SON,Yorkshire and Humber,0.281,5.178
2042,SON,Yorkshire and Humber,0.443,7.436
2043,SON,Yorkshire and Humber,0.450,6.406
2044,SON,Yorkshire and Humber,0.277,4.416
2045,SON,Yorkshire and Humber,0.176,4.059
2046,SON,Yorkshire and Humber,0.309,4.109
2047,SON,Yorkshire and Humber,0.383,5.178
2048,SON,Yorkshire and Humber,0.206,3.109
2049,SON,Yorkshire and Humber,0.441,5.881
2050,SON,Yorkshire and Humber,0.385,9.119
2051,SON,Yorkshire and Humber,0.378,5.436
2052,SON,Yorkshire and Humber,0.415,6.376
2053,SON,Yorkshire and Humber,0.208,2.347
2054,SON,Yorkshire and Humber,0.316,6.604
2055,SON,Yorkshire and Humber,0.294,5.545
2056,SON,Yorkshire and Humber,0.369,7.059
2057,SON,Yorkshire and Humber,0.376,7.931
2058,SON,Yorkshire and Humber,0.333,6.515
2059,SON,Yorkshire and Humber,0.279,5.297
2060,SON,Yorkshire and Humber,0.272,3.802
2061,SON,Yorkshire and Humber,0.326,5.277
2062,SON,Yorkshire and Humber,0.341,7.337
2063,SON,Yorkshire and Humber,0.341,6.475
2064,SON,Yorkshire and Humber,0.386,11.752
2065,SON,Yorkshire and Humber,0.397,7.752
2066,SON,Yorkshire and Humber,0.309,6.386
2067,SON,Yorkshire and Humber,0.312,4.891
2068,SON,Yorkshire and Humber,0.305,3.624
2069,SON,Yorkshire and Humber,0.359,6.525
2070,SON,Yorkshire and Humber,0.210,6.485
2071,SON,Yorkshire and Humber,0.258,4.248
2072,SON,Yorkshire and Humber,0.220,3.881
2073,SON,Yorkshire and Humber,0.358,7.158
2074,SON,Yorkshire and Humber,0.355,5.614
2075,SON,Yorkshire and Humber,0.392,6.436
2076,SON,Yorkshire and Humber,0.330,4.782
2077,SON,Yorkshire and Humber,0.381,4.851
2078,SON,Yorkshire and Humber,0.315,6.950
2079,SON,Yorkshire and Humber,0.365,6.228
2080,SON,Yorkshire and Humber,0.286,6.050
1981,SON,Channel Islands,0.344,5.500
1982,SON,Channel Islands,0.394,5.500
1983,SON,Channel Islands,0.339,5.000
1984,SON,Channel Islands,0.383,5.000
1985,SON,Channel Islands,0.328,5.500
1986,SON,Channel Islands,0.211,5.500
1987,SON,Channel Islands,0.439,14.000
1988,SON,Channel Islands,0.411,5.000
1989,SON,Channel Islands,0.461,8.000
1990,SON,Channel Islands,0.461,11.500
1991,SON,Channel Islands,0.300,5.000
1992,SON,Channel Islands,0.239,5.000
1993,SON,Channel Islands,0.367,7.000
1994,SON,Channel Islands,0.367,6.000
1995,SON,Channel Islands,0.361,4.000
1996,SON,Channel Islands,0.206,4.000
1997,SON,Channel Islands,0.294,5.000
1998,SON,Channel Islands,0.289,5.500
1999,SON,Channel Islands,0.378,11.000
2000,SON,Channel Islands,0.411,8.000
2001,SON,Channel Islands,0.306,6.000
2002,SON,Channel Islands,0.428,5.500
2003,SON,Channel Islands,0.306,5.000
2004,SON,Channel Islands,0.333,6.500
2005,SON,Channel Islands,0.394,6.000
2006,SON,Channel Islands,0.344,4.000
2007,SON,Channel Islands,0.222,5.000
2008,SON,Channel Islands,0.417,8.000
2009,SON,Channel Islands,0.289,4.000
2010,SON,Channel Islands,0.228,10.000
2011,SON,Channel Islands,0.450,12.000
2012,SON,Channel Islands,0.322,4.500
2013,SON,Channel Islands,0.256,6.000
2014,SON,Channel Islands,0.528,11.000
2015,SON,Channel Islands,0.317,5.000
2016,SON,Channel Islands,0.333,7.500
2017,SON,Channel Islands,0.628,12.000
2018,SON,Channel Islands,0.383,5.000
2019,SON,Channel Islands,0.461,10.500
2020,SON,Channel Islands,0.239,4.000
2021,SON,Channel Islands,0.411,5.000
2022,SON,Channel Islands,0.294,4.000
2023,SON,Channel Islands,0.267,2.000
2024,SON,Channel Islands,0.422,5.000
2025,SON,Channel Islands,0.344,4.000
2026,SON,Channel Islands,0.228,5.000
2027,SON,Channel Islands,0.272,6.500
2028,SON,Channel Islands,0.200,4.000
2029,SON,Channel Islands,0.267,6.000
2030,SON,Channel Islands,0.367,7.000
2031,SON,Channel Islands,0.361,6.500
2032,SON,Channel Islands,0.233,3.000
2033,SON,Channel Islands,0.406,4.000
2034,SON,Channel Islands,0.433,7.000
2035,SON,Channel Islands,0.250,5.000
2036,SON,Channel Islands,0.317,5.500
2037,SON,Channel Islands,0.289,3.500
2038,SON,Channel Islands,0.344,8.000
2039,SON,Channel Islands,0.161,3.000
2040,SON,Channel Islands,0.350,4.500
2041,SON,Channel Islands,0.200,5.000
2042,SON,Channel Islands,0.311,4.500
2043,SON,Channel Islands,0.328,8.000
2044,SON,Channel Islands,0.289,4.000
2045,SON,Channel Islands,0.128,2.500
2046,SON,Channel Islands,0.261,4.500
2047,SON,Channel Islands,0.389,8.000
2048,SON,Channel Islands,0.217,8.000
2049,SON,Channel Islands,0.433,7.000
2050,SON,Channel Islands,0.250,5.000
2051,SON,Channel Islands,0.311,6.000
2052,SON,Channel Islands,0.356,5.000
2053,SON,Channel Islands,0.139,4.000
2054,SON,Channel Islands,0.228,5.000
2055,SON,Channel Islands,0.167,2.000
2056,SON,Channel Islands,0.228,4.000
2057,SON,Channel Islands,0.378,7.000
2058,SON,Channel Islands,0.261,5.500
2059,SON,Channel Islands,0.211,4.000
2060,SON,Channel Islands,0.261,7.000
2061,SON,Channel Islands,0.333,5.000
2062,SON,Channel Islands,0.311,9.000
2063,SON,Channel Islands,0.406,6.000
2064,SON,Channel Islands,0.328,7.500
2065,SON,Channel Islands,0.378,4.500
2066,SON,Channel Islands,0.172,3.000
2067,SON,Channel Islands,0.272,7.000
2068,SON,Channel Islands,0.128,3.500
2069,SON,Channel Islands,0.317,6.000
2070,SON,Channel Islands,0.167,2.500
2071,SON,Channel Islands,0.250,4.000
2072,SON,Channel Islands,0.061,2.000
2073,SON,Channel Islands,0.283,5.000
2074,SON,Channel Islands,0.322,10.000
2075,SON,Channel Islands,0.272,4.000
2076,SON,Channel Islands,0.283,7.500
2077,SON,Channel Islands,0.233,2.500
2078,SON,Channel Islands,0.256,4.500
2079,SON,Channel Islands,0.222,4.000
2080,SON,Channel Islands,0.283,6.000
1981,SON,Isle of Man,0.515,6.333
1982,SON,Isle of Man,0.341,3.000
1983,SON,Isle of Man,0.522,5.667
1984,SON,Isle of Man,0.511,7.000
1985,SON,Isle of Man,0.526,6.000
1986,SON,Isle of Man,0.359,7.000
1987,SON,Isle of Man,0.548,9.667
1988,SON,Isle of Man,0.452,7.333
1989,SON,Isle of Man,0.548,10.667
1990,SON,Isle of Man,0.504,10.000
1991,SON,Isle of Man,0.330,5.000
1992,SON,Isle of Man,0.426,5.333
1993,SON,Isle of Man,0.511,9.333
1994,SON,Isle of Man,0.563,11.000
1995,SON,Isle of Man,0.381,4.000
1996,SON,Isle of Man,0.481,6.333
1997,SON,Isle of Man,0.411,7.000
1998,SON,Isle of Man,0.426,4.333
1999,SON,Isle of Man,0.500,7.667
2000,SON,Isle of Man,0.456,5.000
2001,SON,Isle of Man,0.430,7.667
2002,SON,Isle of Man,0.504,9.333
2003,SON,Isle of Man,0.544,9.333
2004,SON,Isle of Man,0.393,6.333
2005,SON,Isle of Man,0.589,14.000
2006,SON,Isle of Man,0.422,9.667
2007,SON,Isle of Man,0.378,5.667
2008,SON,Isle of Man,0.452,4.667
2009,SON,Isle of Man,0.481,7.000
2010,SON,Isle of Man,0.330,5.667
2011,SON,Isle of Man,0.485,4.667
2012,SON,Isle of Man,0.485,5.000
2013,SON,Isle of Man,0.419,6.333
2014,SON,Isle of Man,0.585,8.000
2015,SON,Isle of Man,0.426,10.667
2016,SON,Isle of Man,0.441,8.000
2017,SON,Isle of Man,0.578,7.333
2018,SON,Isle of Man,0.463,6.667
2019,SON,Isle of Man,0.659,12.667
2020,SON,Isle of Man,0.400,8.000
2021,SON,Isle of Man,0.567,7.333
2022,SON,Isle of Man,0.337,5.667
2023,SON,Isle of Man,0.511,5.667
2024,SON,Isle of Man,0.448,7.000
2025,SON,Isle of Man,0.493,6.333
2026,SON,Isle of Man,0.393,7.667
2027,SON,Isle of Man,0.367,6.333
2028,SON,Isle of Man,0.344,4.667
2029,SON,Isle of Man,0.337,4.333
2030,SON,Isle of Man,0.426,4.000
2031,SON,Isle of Man,0.452,10.667
2032,SON,Isle of Man,0.374,5.000
2033,SON,Isle of Man,0.489,7.000
2034,SON,Isle of Man,0.485,5.667
2035,SON,Isle of Man,0.470,10.000
2036,SON,Isle of Man,0.456,8.000
2037,SON,Isle of Man,0.444,4.000
2038,SON,Isle of Man,0.415,6.333
2039,SON,Isle of Man,0.430,5.000
2040,SON,Isle of Man,0.474,5.667
2041,SON,Isle of Man,0.404,4.000
2042,SON,Isle of Man,0.474,8.000
2043,SON,Isle of Man,0.463,10.000
2044,SON,Isle of Man,0.348,3.667
2045,SON,Isle of Man,0.307,4.000
2046,SON,Isle of Man,0.467,6.000
2047,SON,Isle of Man,0.422,6.000
2048,SON,Isle of Man,0.300,4.000
2049,SON,Isle of Man,0.578,8.000
2050,SON,Isle of Man,0.463,10.333
2051,SON,Isle of Man,0.481,7.000
2052,SON,Isle of Man,0.437,8.667
2053,SON,Isle of Man,0.315,4.000
2054,SON,Isle of Man,0.307,4.000
2055,SON,Isle of Man,0.330,10.000
2056,SON,Isle of Man,0.500,9.667
2057,SON,Isle of Man,0.441,8.000
2058,SON,Isle of Man,0.400,6.000
2059,SON,Isle of Man,0.415,7.000
2060,SON,Isle of Man,0.396,5.333
2061,SON,Isle of Man,0.400,6.000
2062,SON,Isle of Man,0.400,6.000
2063,SON,Isle of Man,0.470,5.333
2064,SON,Isle of Man,0.493,8.000
2065,SON,Isle of Man,0.467,10.667
2066,SON,Isle of Man,0.396,7.333
2067,SON,Isle of Man,0.304,4.333
2068,SON,Isle of Man,0.426,4.333
2069,SON,Isle of Man,0.496,14.667
2070,SON,Isle of Man,0.289,4.000
2071,SON,Isle of Man,0.256,3.000
2072,SON,Isle of Man,0.352,6.000
2073,SON,Isle of Man,0.363,5.667
2074,SON,Isle of Man,0.567,12.667
2075,SON,Isle of Man,0.422,7.667
2076,SON,Isle of Man,0.415,3.667
2077,SON,Isle of Man,0.474,6.000
2078,SON,Isle of Man,0.304,4.000
2079,SON,Isle of Man,0.452,10.000
2080,SON,Isle of Man,0.396,7.000
1981,SON,Northern Ireland,0.522,7.118
1982,SON,Northern Ireland,0.444,5.800
1983,SON,Northern Ireland,0.537,7.200
1984,SON,Northern Ireland,0.491,6.553
1985,SON,Northern Ireland,0.578,7.282
1986,SON,Northern Ireland,0.405,6.082
1987,SON,Northern Ireland,0.583,7.882
1988,SON,Northern Ireland,0.520,7.188
1989,SON,Northern Ireland,0.542,9.576
1990,SON,Northern Ireland,0.562,10.435
1991,SON,Northern Ireland,0.421,7.506
1992,SON,Northern Ireland,0.432,6.294
1993,SON,Northern Ireland,0.485,13.212
1994,SON,Northern Ireland,0.501,12.400
1995,SON,Northern Ireland,0.394,6.306
1996,SON,Northern Ireland,0.446,6.847
1997,SON,Northern Ireland,0.454,7.965
1998,SON,Northern Ireland,0.408,6.200
1999,SON,Northern Ireland,0.491,6.682
2000,SON,Northern Ireland,0.518,7.776
2001,SON,Northern Ireland,0.495,11.012
2002,SON,Northern Ireland,0.578,11.353
2003,SON,Northern Ireland,0.612,8.553
2004,SON,Northern Ireland,0.421,9.212
2005,SON,Northern Ireland,0.573,12.706
2006,SON,Northern Ireland,0.454,9.929
2007,SON,Northern Ireland,0.372,5.541
2008,SON,Northern Ireland,0.502,7.141
2009,SON,Northern Ireland,0.408,5.553
2010,SON,Northern Ireland,0.357,4.306
2011,SON,Northern Ireland,0.454,5.753
2012,SON,Northern Ireland,0.478,7.106
2013,SON,Northern Ireland,0.392,8.435
2014,SON,Northern Ireland,0.612,10.941
2015,SON,Northern Ireland,0.453,11.071
2016,SON,Northern Ireland,0.430,7.824
2017,SON,Northern Ireland,0.551,7.071
2018,SON,Northern Ireland,0.519,8.565
2019,SON,Northern Ireland,0.708,12.365
2020,SON,Northern Ireland,0.423,7.188
2021,SON,Northern Ireland,0.564,10.224
2022,SON,Northern Ireland,0.377,5.906
2023,SON,Northern Ireland,0.541,8.200
2024,SON,Northern Ireland,0.492,6.624
2025,SON,Northern Ireland,0.465,6.965
2026,SON,Northern Ireland,0.398,7.976
2027,SON,Northern Ireland,0.426,5.212
2028,SON,Northern Ireland,0.443,6.447
2029,SON,Northern Ireland,0.420,7.224
2030,SON,Northern Ireland,0.470,6.224
2031,SON,Northern Ireland,0.459,10.024
2032,SON,Northern Ireland,0.438,6.776
2033,SON,Northern Ireland,0.468,6.082
2034,SON,Northern Ireland,0.558,8.365
2035,SON,Northern Ireland,0.468,7.012
2036,SON,Northern Ireland,0.473,8.694
2037,SON,Northern Ireland,0.476,6.588
2038,SON,Northern Ireland,0.420,5.518
2039,SON,Northern Ireland,0.397,5.824
2040,SON,Northern Ireland,0.474,6.271
2041,SON,Northern Ireland,0.456,6.494
2042,SON,Northern Ireland,0.497,8.929
2043,SON,Northern Ireland,0.472,8.659
2044,SON,Northern Ireland,0.432,7.588
2045,SON,Northern Ireland,0.275,3.906
2046,SON,Northern Ireland,0.458,6.482
2047,SON,Northern Ireland,0.505,8.047
2048,SON,Northern Ireland,0.348,5.482
2049,SON,Northern Ireland,0.530,10.271
2050,SON,Northern Ireland,0.467,7.659
2051,SON,Northern Ireland,0.541,7.447
2052,SON,Northern Ireland,0.484,8.353
2053,SON,Northern Ireland,0.328,4.106
2054,SON,Northern Ireland,0.306,5.718
2055,SON,Northern Ireland,0.358,5.635
2056,SON,Northern Ireland,0.548,9.071
2057,SON,Northern Ireland,0.417,7.565
2058,SON,Northern Ireland,0.441,10.247
2059,SON,Northern Ireland,0.396,6.494
2060,SON,Northern Ireland,0.420,7.153
2061,SON,Northern Ireland,0.409,6.341
2062,SON,Northern Ireland,0.448,10.353
2063,SON,Northern Ireland,0.460,6.294
2064,SON,Northern Ireland,0.529,8.494
2065,SON,Northern Ireland,0.487,13.576
2066,SON,Northern Ireland,0.446,7.518
2067,SON,Northern Ireland,0.409,6.224
2068,SON,Northern Ireland,0.469,4.988
2069,SON,Northern Ireland,0.516,8.871
2070,SON,Northern Ireland,0.302,7.365
2071,SON,Northern Ireland,0.330,5.988
2072,SON,Northern Ireland,0.315,4.765
2073,SON,Northern Ireland,0.436,10.847
2074,SON,Northern Ireland,0.522,7.435
2075,SON,Northern Ireland,0.450,9.647
2076,SON,Northern Ireland,0.449,4.753
2077,SON,Northern Ireland,0.506,9.212
2078,SON,Northern Ireland,0.402,5.800
2079,SON,Northern Ireland,0.507,8.082
2080,SON,Northern Ireland,0.378,7.141
1981,SON,Wales,0.525,9.887
1982,SON,Wales,0.433,9.241
1983,SON,Wales,0.483,6.030
1984,SON,Wales,0.465,7.865
1985,SON,Wales,0.557,10.474
1986,SON,Wales,0.416,10.165
1987,SON,Wales,0.568,12.256
1988,SON,Wales,0.504,7.511
1989,SON,Wales,0.545,11.707
1990,SON,Wales,0.524,11.865
1991,SON,Wales,0.370,6.617
1992,SON,Wales,0.424,7.586
1993,SON,Wales,0.502,10.541
1994,SON,Wales,0.509,12.459
1995,SON,Wales,0.391,11.707
1996,SON,Wales,0.424,10.519
1997,SON,Wales,0.449,8.774
1998,SON,Wales,0.404,7.774
1999,SON,Wales,0.477,9.346
2000,SON,Wales,0.567,9.992
2001,SON,Wales,0.443,10.850
2002,SON,Wales,0.602,10.331
2003,SON,Wales,0.463,8.128
2004,SON,Wales,0.416,9.226
2005,SON,Wales,0.538,10.105
2006,SON,Wales,0.449,9.263
2007,SON,Wales,0.372,6.880
2008,SON,Wales,0.467,9.068
2009,SON,Wales,0.420,7.376
2010,SON,Wales,0.355,6.143
2011,SON,Wales,0.518,14.211
2012,SON,Wales,0.436,7.241
2013,SON,Wales,0.365,6.895
2014,SON,Wales,0.570,9.887
2015,SON,Wales,0.428,12.564
2016,SON,Wales,0.502,13.361
2017,SON,Wales,0.684,12.489
2018,SON,Wales,0.505,10.947
2019,SON,Wales,0.651,15.677
2020,SON,Wales,0.444,8.714
2021,SON,Wales,0.566,10.632
2022,SON,Wales,0.363,6.015
2023,SON,Wales,0.465,7.098
2024,SON,Wales,0.484,6.835
2025,SON,Wales,0.446,6.602
2026,SON,Wales,0.348,7.000
2027,SON,Wales,0.367,8.038
2028,SON,Wales,0.264,6.586
2029,SON,Wales,0.427,7.669
2030,SON,Wales,0.495,8.880
2031,SON,Wales,0.450,16.481
2032,SON,Wales,0.342,6.564
2033,SON,Wales,0.505,8.421
2034,SON,Wales,0.521,9.759
2035,SON,Wales,0.403,6.594
2036,SON,Wales,0.428,6.752
2037,SON,Wales,0.418,5.617
2038,SON,Wales,0.502,10.707
2039,SON,Wales,0.430,8.962
2040,SON,Wales,0.460,8.015
2041,SON,Wales,0.397,6.962
2042,SON,Wales,0.492,13.218
2043,SON,Wales,0.558,10.947
2044,SON,Wales,0.407,8.158
2045,SON,Wales,0.248,5.015
2046,SON,Wales,0.440,6.391
2047,SON,Wales,0.513,7.812
2048,SON,Wales,0.325,4.624
2049,SON,Wales,0.530,9.962
2050,SON,Wales,0.451,11.579
2051,SON,Wales,0.517,9.519
2052,SON,Wales,0.454,9.436
2053,SON,Wales,0.240,4.083
2054,SON,Wales,0.320,7.226
2055,SON,Wales,0.303,6.662
2056,SON,Wales,0.480,8.617
2057,SON,Wales,0.450,8.617
2058,SON,Wales,0.422,11.023
2059,SON,Wales,0.385,9.256
2060,SON,Wales,0.429,7.549
2061,SON,Wales,0.424,8.421
2062,SON,Wales,0.431,9.872
2063,SON,Wales,0.470,8.511
2064,SON,Wales,0.464,9.571
2065,SON,Wales,0.502,14.910
2066,SON,Wales,0.407,7.564
2067,SON,Wales,0.327,5.902
2068,SON,Wales,0.381,4.992
2069,SON,Wales,0.442,10.865
2070,SON,Wales,0.291,8.414
2071,SON,Wales,0.321,6.541
2072,SON,Wales,0.316,6.586
2073,SON,Wales,0.454,11.165
2074,SON,Wales,0.488,9.752
2075,SON,Wales,0.434,8.241
2076,SON,Wales,0.446,7.165
2077,SON,Wales,0.464,6.737
2078,SON,Wales,0.373,8.857
2079,SON,Wales,0.433,8.451
2080,SON,Wales,0.394,7.970
