Year,Season,Region,fwd,wsmax
1981,Annual,East Midlands,0.352,7.631
1982,Annual,East Midlands,0.344,10.786
1983,Annual,East Midlands,0.458,11.039
1984,Annual,East Midlands,0.403,7.913
1985,Annual,East Midlands,0.428,7.612
1986,Annual,East Midlands,0.367,10.029
1987,Annual,East Midlands,0.383,8.660
1988,Annual,East Midlands,0.420,10.612
1989,Annual,East Midlands,0.400,8.893
1990,Annual,East Midlands,0.361,6.845
1991,Annual,East Midlands,0.379,9.835
1992,Annual,East Midlands,0.359,8.990
1993,Annual,East Midlands,0.423,9.777
1994,Annual,East Midlands,0.405,7.068
1995,Annual,East Midlands,0.376,7.223
1996,Annual,East Midlands,0.398,8.359
1997,Annual,East Midlands,0.441,11.495
1998,Annual,East Midlands,0.364,8.689
1999,Annual,East Midlands,0.383,9.670
2000,Annual,East Midlands,0.425,9.146
2001,Annual,East Midlands,0.410,10.126
2002,Annual,East Midlands,0.354,8.340
2003,Annual,East Midlands,0.397,8.000
2004,Annual,East Midlands,0.371,8.466
2005,Annual,East Midlands,0.414,7.495
2006,Annual,East Midlands,0.433,9.379
2007,Annual,East Midlands,0.472,8.553
2008,Annual,East Midlands,0.448,10.068
2009,Annual,East Midlands,0.395,9.650
2010,Annual,East Midlands,0.448,9.757
2011,Annual,East Midlands,0.341,8.670
2012,Annual,East Midlands,0.367,6.592
2013,Annual,East Midlands,0.424,11.214
2014,Annual,East Midlands,0.336,6.981
2015,Annual,East Midlands,0.348,7.165
2016,Annual,East Midlands,0.423,9.447
2017,Annual,East Midlands,0.412,7.641
2018,Annual,East Midlands,0.378,10.282
2019,Annual,East Midlands,0.292,7.777
2020,Annual,East Midlands,0.332,7.942
2021,Annual,East Midlands,0.388,8.437
2022,Annual,East Midlands,0.389,8.544
2023,Annual,East Midlands,0.389,9.913
2024,Annual,East Midlands,0.383,7.913
2025,Annual,East Midlands,0.371,10.583
2026,Annual,East Midlands,0.443,9.777
2027,Annual,East Midlands,0.323,6.767
2028,Annual,East Midlands,0.423,11.039
2029,Annual,East Midlands,0.390,7.971
2030,Annual,East Midlands,0.362,7.650
2031,Annual,East Midlands,0.328,7.175
2032,Annual,East Midlands,0.367,9.981
2033,Annual,East Midlands,0.347,8.447
2034,Annual,East Midlands,0.333,7.165
2035,Annual,East Midlands,0.370,7.650
2036,Annual,East Midlands,0.372,10.903
2037,Annual,East Midlands,0.355,7.767
2038,Annual,East Midlands,0.393,8.689
2039,Annual,East Midlands,0.317,6.262
2040,Annual,East Midlands,0.331,8.835
2041,Annual,East Midlands,0.366,8.447
2042,Annual,East Midlands,0.351,7.485
2043,Annual,East Midlands,0.361,12.350
2044,Annual,East Midlands,0.352,13.029
2045,Annual,East Midlands,0.314,7.262
2046,Annual,East Midlands,0.369,7.767
2047,Annual,East Midlands,0.381,7.359
2048,Annual,East Midlands,0.354,9.107
2049,Annual,East Midlands,0.311,6.359
2050,Annual,East Midlands,0.386,6.932
2051,Annual,East Midlands,0.307,6.233
2052,Annual,East Midlands,0.282,11.641
2053,Annual,East Midlands,0.309,5.437
2054,Annual,East Midlands,0.368,9.155
2055,Annual,East Midlands,0.374,8.602
2056,Annual,East Midlands,0.293,7.087
2057,Annual,East Midlands,0.312,6.835
2058,Annual,East Midlands,0.301,8.184
2059,Annual,East Midlands,0.318,7.359
2060,Annual,East Midlands,0.269,5.320
2061,Annual,East Midlands,0.349,6.359
2062,Annual,East Midlands,0.302,6.660
2063,Annual,East Midlands,0.346,7.311
2064,Annual,East Midlands,0.310,7.097
2065,Annual,East Midlands,0.304,7.049
2066,Annual,East Midlands,0.375,9.845
2067,Annual,East Midlands,0.345,9.757
2068,Annual,East Midlands,0.305,6.485
2069,Annual,East Midlands,0.286,12.214
2070,Annual,East Midlands,0.280,6.583
2071,Annual,East Midlands,0.325,8.573
2072,Annual,East Midlands,0.335,10.709
2073,Annual,East Midlands,0.346,6.311
2074,Annual,East Midlands,0.321,7.777
2075,Annual,East Midlands,0.233,5.233
2076,Annual,East Midlands,0.289,6.689
2077,Annual,East Midlands,0.355,9.437
2078,Annual,East Midlands,0.340,8.874
2079,Annual,East Midlands,0.397,10.175
2080,Annual,East Midlands,0.239,5.864
1981,Annual,East of England,0.315,7.102
1982,Annual,East of England,0.313,9.354
1983,Annual,East of England,0.440,12.614
1984,Annual,East of England,0.387,7.953
1985,Annual,East of England,0.415,7.110
1986,Annual,East of England,0.383,9.157
1987,Annual,East of England,0.350,7.346
1988,Annual,East of England,0.413,10.874
1989,Annual,East of England,0.385,8.315
1990,Annual,East of England,0.326,6.181
1991,Annual,East of England,0.341,8.094
1992,Annual,East of England,0.362,9.425
1993,Annual,East of England,0.410,8.677
1994,Annual,East of England,0.390,8.307
1995,Annual,East of England,0.326,5.362
1996,Annual,East of England,0.382,7.693
1997,Annual,East of England,0.404,9.646
1998,Annual,East of England,0.356,7.890
1999,Annual,East of England,0.360,7.961
2000,Annual,East of England,0.405,9.110
2001,Annual,East of England,0.383,10.142
2002,Annual,East of England,0.349,7.748
2003,Annual,East of England,0.372,7.142
2004,Annual,East of England,0.353,7.181
2005,Annual,East of England,0.402,7.339
2006,Annual,East of England,0.409,9.449
2007,Annual,East of England,0.444,7.606
2008,Annual,East of England,0.433,9.000
2009,Annual,East of England,0.370,8.496
2010,Annual,East of England,0.435,10.181
2011,Annual,East of England,0.325,8.134
2012,Annual,East of England,0.351,6.787
2013,Annual,East of England,0.400,12.417
2014,Annual,East of England,0.311,7.299
2015,Annual,East of England,0.333,5.441
2016,Annual,East of England,0.412,7.984
2017,Annual,East of England,0.396,8.071
2018,Annual,East of England,0.350,9.157
2019,Annual,East of England,0.254,5.236
2020,Annual,East of England,0.336,7.693
2021,Annual,East of England,0.374,7.709
2022,Annual,East of England,0.356,6.087
2023,Annual,East of England,0.371,7.386
2024,Annual,East of England,0.386,6.937
2025,Annual,East of England,0.335,8.441
2026,Annual,East of England,0.432,9.063
2027,Annual,East of England,0.294,5.992
2028,Annual,East of England,0.412,8.709
2029,Annual,East of England,0.371,7.110
2030,Annual,East of England,0.349,7.827
2031,Annual,East of England,0.315,6.992
2032,Annual,East of England,0.362,7.850
2033,Annual,East of England,0.329,7.882
2034,Annual,East of England,0.297,6.898
2035,Annual,East of England,0.361,9.016
2036,Annual,East of England,0.366,10.315
2037,Annual,East of England,0.344,7.157
2038,Annual,East of England,0.404,8.150
2039,Annual,East of England,0.313,8.685
2040,Annual,East of England,0.301,9.008
2041,Annual,East of England,0.349,7.646
2042,Annual,East of England,0.336,5.598
2043,Annual,East of England,0.341,10.047
2044,Annual,East of England,0.323,13.583
2045,Annual,East of England,0.285,6.803
2046,Annual,East of England,0.356,7.252
2047,Annual,East of England,0.369,7.276
2048,Annual,East of England,0.336,8.913
2049,Annual,East of England,0.317,6.402
2050,Annual,East of England,0.383,7.787
2051,Annual,East of England,0.298,6.535
2052,Annual,East of England,0.268,8.000
2053,Annual,East of England,0.314,5.008
2054,Annual,East of England,0.363,8.323
2055,Annual,East of England,0.357,7.567
2056,Annual,East of England,0.287,5.504
2057,Annual,East of England,0.313,6.260
2058,Annual,East of England,0.280,8.953
2059,Annual,East of England,0.336,8.110
2060,Annual,East of England,0.263,5.669
2061,Annual,East of England,0.327,5.929
2062,Annual,East of England,0.301,6.465
2063,Annual,East of England,0.308,7.031
2064,Annual,East of England,0.273,5.795
2065,Annual,East of England,0.292,6.606
2066,Annual,East of England,0.349,7.866
2067,Annual,East of England,0.328,8.693
2068,Annual,East of England,0.295,6.528
2069,Annual,East of England,0.252,8.024
2070,Annual,East of England,0.250,6.827
2071,Annual,East of England,0.321,6.150
2072,Annual,East of England,0.322,10.276
2073,Annual,East of England,0.300,5.717
2074,Annual,East of England,0.298,5.984
2075,Annual,East of England,0.228,5.614
2076,Annual,East of England,0.250,7.488
2077,Annual,East of England,0.333,7.780
2078,Annual,East of England,0.305,7.520
2079,Annual,East of England,0.338,8.008
2080,Annual,East of England,0.226,5.157
1981,Annual,East Scotland,0.550,12.444
1982,Annual,East Scotland,0.491,14.881
1983,Annual,East Scotland,0.586,15.994
1984,Annual,East Scotland,0.538,13.569
1985,Annual,East Scotland,0.541,12.931
1986,Annual,East Scotland,0.465,11.644
1987,Annual,East Scotland,0.531,11.481
1988,Annual,East Scotland,0.512,12.412
1989,Annual,East Scotland,0.516,13.512
1990,Annual,East Scotland,0.449,10.262
1991,Annual,East Scotland,0.531,14.781
1992,Annual,East Scotland,0.430,11.244
1993,Annual,East Scotland,0.521,14.131
1994,Annual,East Scotland,0.480,11.762
1995,Annual,East Scotland,0.499,13.181
1996,Annual,East Scotland,0.507,11.850
1997,Annual,East Scotland,0.522,16.062
1998,Annual,East Scotland,0.485,13.713
1999,Annual,East Scotland,0.501,11.044
2000,Annual,East Scotland,0.548,11.975
2001,Annual,East Scotland,0.528,15.925
2002,Annual,East Scotland,0.444,12.494
2003,Annual,East Scotland,0.508,11.662
2004,Annual,East Scotland,0.469,12.706
2005,Annual,East Scotland,0.504,11.750
2006,Annual,East Scotland,0.539,13.850
2007,Annual,East Scotland,0.525,13.381
2008,Annual,East Scotland,0.528,13.113
2009,Annual,East Scotland,0.493,13.988
2010,Annual,East Scotland,0.517,13.231
2011,Annual,East Scotland,0.485,10.300
2012,Annual,East Scotland,0.498,11.887
2013,Annual,East Scotland,0.565,12.738
2014,Annual,East Scotland,0.425,13.850
2015,Annual,East Scotland,0.464,11.438
2016,Annual,East Scotland,0.500,12.156
2017,Annual,East Scotland,0.505,13.994
2018,Annual,East Scotland,0.494,12.131
2019,Annual,East Scotland,0.452,11.463
2020,Annual,East Scotland,0.401,11.363
2021,Annual,East Scotland,0.445,9.512
2022,Annual,East Scotland,0.476,10.012
2023,Annual,East Scotland,0.482,12.887
2024,Annual,East Scotland,0.497,13.700
2025,Annual,East Scotland,0.527,14.900
2026,Annual,East Scotland,0.540,15.394
2027,Annual,East Scotland,0.400,9.600
2028,Annual,East Scotland,0.474,9.762
2029,Annual,East Scotland,0.484,11.863
2030,Annual,East Scotland,0.496,10.256
2031,Annual,East Scotland,0.463,11.250
2032,Annual,East Scotland,0.501,13.762
2033,Annual,East Scotland,0.460,10.975
2034,Annual,East Scotland,0.362,9.181
2035,Annual,East Scotland,0.469,12.156
2036,Annual,East Scotland,0.470,20.113
2037,Annual,East Scotland,0.466,11.144
2038,Annual,East Scotland,0.488,12.681
2039,Annual,East Scotland,0.439,10.644
2040,Annual,East Scotland,0.508,12.463
2041,Annual,East Scotland,0.505,10.425
2042,Annual,East Scotland,0.473,13.287
2043,Annual,East Scotland,0.492,12.225
2044,Annual,East Scotland,0.432,11.600
2045,Annual,East Scotland,0.441,12.213
2046,Annual,East Scotland,0.460,12.613
2047,Annual,East Scotland,0.488,11.106
2048,Annual,East Scotland,0.401,8.494
2049,Annual,East Scotland,0.404,9.744
2050,Annual,East Scotland,0.487,9.906
2051,Annual,East Scotland,0.428,8.750
2052,Annual,East Scotland,0.425,11.469
2053,Annual,East Scotland,0.501,16.294
2054,Annual,East Scotland,0.433,9.675
2055,Annual,East Scotland,0.444,13.325
2056,Annual,East Scotland,0.445,11.456
2057,Annual,East Scotland,0.440,11.594
2058,Annual,East Scotland,0.418,11.238
2059,Annual,East Scotland,0.437,11.575
2060,Annual,East Scotland,0.394,10.863
2061,Annual,East Scotland,0.464,11.481
2062,Annual,East Scotland,0.470,11.694
2063,Annual,East Scotland,0.479,11.525
2064,Annual,East Scotland,0.413,11.969
2065,Annual,East Scotland,0.398,9.350
2066,Annual,East Scotland,0.490,12.669
2067,Annual,East Scotland,0.435,12.869
2068,Annual,East Scotland,0.403,12.744
2069,Annual,East Scotland,0.416,12.312
2070,Annual,East Scotland,0.423,10.669
2071,Annual,East Scotland,0.421,11.075
2072,Annual,East Scotland,0.461,12.688
2073,Annual,East Scotland,0.451,10.475
2074,Annual,East Scotland,0.414,10.419
2075,Annual,East Scotland,0.383,10.994
2076,Annual,East Scotland,0.450,11.750
2077,Annual,East Scotland,0.464,11.531
2078,Annual,East Scotland,0.490,12.581
2079,Annual,East Scotland,0.440,14.463
2080,Annual,East Scotland,0.362,8.850
1981,Annual,London,0.291,8.000
1982,Annual,London,0.322,11.917
1983,Annual,London,0.457,14.000
1984,Annual,London,0.398,10.000
1985,Annual,London,0.436,8.083
1986,Annual,London,0.364,11.583
1987,Annual,London,0.364,7.083
1988,Annual,London,0.408,9.667
1989,Annual,London,0.391,8.583
1990,Annual,London,0.324,7.000
1991,Annual,London,0.334,8.083
1992,Annual,London,0.371,11.083
1993,Annual,London,0.432,9.250
1994,Annual,London,0.388,7.583
1995,Annual,London,0.362,5.917
1996,Annual,London,0.377,8.333
1997,Annual,London,0.416,9.583
1998,Annual,London,0.347,8.333
1999,Annual,London,0.385,8.000
2000,Annual,London,0.431,12.667
2001,Annual,London,0.378,10.000
2002,Annual,London,0.384,9.750
2003,Annual,London,0.372,7.000
2004,Annual,London,0.344,7.500
2005,Annual,London,0.424,11.917
2006,Annual,London,0.413,10.083
2007,Annual,London,0.487,9.250
2008,Annual,London,0.453,9.083
2009,Annual,London,0.387,8.583
2010,Annual,London,0.428,10.833
2011,Annual,London,0.297,8.083
2012,Annual,London,0.378,7.500
2013,Annual,London,0.425,11.750
2014,Annual,London,0.334,8.833
2015,Annual,London,0.337,7.167
2016,Annual,London,0.426,9.333
2017,Annual,London,0.388,8.083
2018,Annual,London,0.382,11.417
2019,Annual,London,0.260,5.667
2020,Annual,London,0.344,7.917
2021,Annual,London,0.372,6.750
2022,Annual,London,0.367,7.333
2023,Annual,London,0.391,9.917
2024,Annual,London,0.372,7.000
2025,Annual,London,0.344,9.250
2026,Annual,London,0.426,8.333
2027,Annual,London,0.311,6.500
2028,Annual,London,0.429,9.417
2029,Annual,London,0.379,8.000
2030,Annual,London,0.369,7.667
2031,Annual,London,0.319,7.000
2032,Annual,London,0.369,10.083
2033,Annual,London,0.367,8.000
2034,Annual,London,0.286,6.167
2035,Annual,London,0.356,10.667
2036,Annual,London,0.378,15.583
2037,Annual,London,0.365,8.917
2038,Annual,London,0.427,7.917
2039,Annual,London,0.315,5.417
2040,Annual,London,0.314,9.000
2041,Annual,London,0.359,11.417
2042,Annual,London,0.342,5.750
2043,Annual,London,0.345,11.500
2044,Annual,London,0.337,14.583
2045,Annual,London,0.296,11.333
2046,Annual,London,0.357,7.250
2047,Annual,London,0.391,10.167
2048,Annual,London,0.331,8.250
2049,Annual,London,0.333,7.167
2050,Annual,London,0.380,6.500
2051,Annual,London,0.278,6.333
2052,Annual,London,0.271,8.000
2053,Annual,London,0.309,5.333
2054,Annual,London,0.374,7.000
2055,Annual,London,0.396,12.667
2056,Annual,London,0.297,6.667
2057,Annual,London,0.305,6.417
2058,Annual,London,0.306,6.750
2059,Annual,London,0.356,11.833
2060,Annual,London,0.282,5.250
2061,Annual,London,0.365,8.917
2062,Annual,London,0.303,7.417
2063,Annual,London,0.316,8.917
2064,Annual,London,0.283,6.667
2065,Annual,London,0.293,6.250
2066,Annual,London,0.356,7.833
2067,Annual,London,0.348,12.417
2068,Annual,London,0.285,6.333
2069,Annual,London,0.254,6.750
2070,Annual,London,0.254,8.000
2071,Annual,London,0.333,6.750
2072,Annual,London,0.320,10.167
2073,Annual,London,0.322,7.333
2074,Annual,London,0.300,6.167
2075,Annual,London,0.244,6.917
2076,Annual,London,0.283,8.083
2077,Annual,London,0.315,7.750
2078,Annual,London,0.302,7.833
2079,Annual,London,0.354,8.583
2080,Annual,London,0.218,5.250
1981,Annual,North East England,0.448,9.298
1982,Annual,North East England,0.413,12.789
1983,Annual,North East England,0.549,14.965
1984,Annual,North East England,0.474,10.175
1985,Annual,North East England,0.490,9.491
1986,Annual,North East England,0.414,9.263
1987,Annual,North East England,0.491,9.912
1988,Annual,North East England,0.449,10.667
1989,Annual,North East England,0.452,11.474
1990,Annual,North East England,0.428,9.123
1991,Annual,North East England,0.467,10.860
1992,Annual,North East England,0.445,10.088
1993,Annual,North East England,0.448,10.842
1994,Annual,North East England,0.438,9.772
1995,Annual,North East England,0.442,10.404
1996,Annual,North East England,0.446,9.912
1997,Annual,North East England,0.470,11.123
1998,Annual,North East England,0.409,9.544
1999,Annual,North East England,0.454,8.491
2000,Annual,North East England,0.484,8.456
2001,Annual,North East England,0.436,11.018
2002,Annual,North East England,0.410,10.632
2003,Annual,North East England,0.452,9.947
2004,Annual,North East England,0.420,9.158
2005,Annual,North East England,0.470,9.807
2006,Annual,North East England,0.491,11.088
2007,Annual,North East England,0.482,11.298
2008,Annual,North East England,0.486,11.561
2009,Annual,North East England,0.454,12.351
2010,Annual,North East England,0.473,8.877
2011,Annual,North East England,0.442,10.825
2012,Annual,North East England,0.421,9.368
2013,Annual,North East England,0.497,12.491
2014,Annual,North East England,0.393,10.158
2015,Annual,North East England,0.405,8.649
2016,Annual,North East England,0.458,8.544
2017,Annual,North East England,0.464,12.386
2018,Annual,North East England,0.447,11.632
2019,Annual,North East England,0.354,8.439
2020,Annual,North East England,0.358,9.211
2021,Annual,North East England,0.407,8.175
2022,Annual,North East England,0.390,7.825
2023,Annual,North East England,0.438,9.982
2024,Annual,North East England,0.444,11.298
2025,Annual,North East England,0.465,13.667
2026,Annual,North East England,0.494,10.421
2027,Annual,North East England,0.367,8.000
2028,Annual,North East England,0.450,9.579
2029,Annual,North East England,0.427,9.526
2030,Annual,North East England,0.403,7.982
2031,Annual,North East England,0.399,8.316
2032,Annual,North East England,0.448,11.018
2033,Annual,North East England,0.411,10.912
2034,Annual,North East England,0.352,8.140
2035,Annual,North East England,0.423,9.702
2036,Annual,North East England,0.420,12.789
2037,Annual,North East England,0.415,8.877
2038,Annual,North East England,0.469,11.789
2039,Annual,North East England,0.365,8.298
2040,Annual,North East England,0.416,9.772
2041,Annual,North East England,0.451,12.386
2042,Annual,North East England,0.415,9.018
2043,Annual,North East England,0.426,9.544
2044,Annual,North East England,0.398,9.333
2045,Annual,North East England,0.367,9.965
2046,Annual,North East England,0.414,8.491
2047,Annual,North East England,0.428,8.456
2048,Annual,North East England,0.378,8.947
2049,Annual,North East England,0.370,10.632
2050,Annual,North East England,0.426,8.246
2051,Annual,North East England,0.403,8.860
2052,Annual,North East England,0.368,10.421
2053,Annual,North East England,0.415,10.053
2054,Annual,North East England,0.423,10.702
2055,Annual,North East England,0.392,10.737
2056,Annual,North East England,0.363,10.474
2057,Annual,North East England,0.372,7.439
2058,Annual,North East England,0.344,8.088
2059,Annual,North East England,0.396,10.544
2060,Annual,North East England,0.318,7.596
2061,Annual,North East England,0.413,10.088
2062,Annual,North East England,0.394,8.228
2063,Annual,North East England,0.421,8.439
2064,Annual,North East England,0.365,8.965
2065,Annual,North East England,0.359,7.684
2066,Annual,North East England,0.407,10.807
2067,Annual,North East England,0.385,10.421
2068,Annual,North East England,0.355,8.404
2069,Annual,North East England,0.369,10.491
2070,Annual,North East England,0.348,9.825
2071,Annual,North East England,0.361,9.298
2072,Annual,North East England,0.387,11.018
2073,Annual,North East England,0.413,9.667
2074,Annual,North East England,0.343,7.912
2075,Annual,North East England,0.299,6.456
2076,Annual,North East England,0.372,8.965
2077,Annual,North East England,0.418,8.825
2078,Annual,North East England,0.420,14.035
2079,Annual,North East England,0.387,11.982
2080,Annual,North East England,0.289,6.667
1981,Annual,North Scotland,0.651,17.250
1982,Annual,North Scotland,0.642,21.481
1983,Annual,North Scotland,0.626,17.925
1984,Annual,North Scotland,0.635,24.486
1985,Annual,North Scotland,0.613,14.712
1986,Annual,North Scotland,0.578,15.028
1987,Annual,North Scotland,0.649,20.090
1988,Annual,North Scotland,0.627,18.264
1989,Annual,North Scotland,0.651,18.599
1990,Annual,North Scotland,0.548,12.901
1991,Annual,North Scotland,0.662,24.995
1992,Annual,North Scotland,0.549,14.590
1993,Annual,North Scotland,0.639,19.009
1994,Annual,North Scotland,0.617,16.774
1995,Annual,North Scotland,0.616,20.958
1996,Annual,North Scotland,0.605,17.226
1997,Annual,North Scotland,0.644,27.910
1998,Annual,North Scotland,0.621,17.491
1999,Annual,North Scotland,0.625,18.434
2000,Annual,North Scotland,0.658,20.118
2001,Annual,North Scotland,0.638,23.495
2002,Annual,North Scotland,0.491,15.873
2003,Annual,North Scotland,0.626,16.160
2004,Annual,North Scotland,0.616,21.792
2005,Annual,North Scotland,0.622,19.778
2006,Annual,North Scotland,0.586,20.118
2007,Annual,North Scotland,0.583,16.660
2008,Annual,North Scotland,0.619,23.627
2009,Annual,North Scotland,0.613,19.217
2010,Annual,North Scotland,0.591,14.165
2011,Annual,North Scotland,0.614,16.401
2012,Annual,North Scotland,0.613,14.712
2013,Annual,North Scotland,0.655,18.156
2014,Annual,North Scotland,0.530,13.627
2015,Annual,North Scotland,0.601,19.307
2016,Annual,North Scotland,0.605,18.462
2017,Annual,North Scotland,0.618,17.505
2018,Annual,North Scotland,0.627,17.623
2019,Annual,North Scotland,0.551,16.717
2020,Annual,North Scotland,0.518,14.854
2021,Annual,North Scotland,0.593,14.811
2022,Annual,North Scotland,0.623,17.406
2023,Annual,North Scotland,0.565,17.882
2024,Annual,North Scotland,0.657,19.646
2025,Annual,North Scotland,0.664,17.382
2026,Annual,North Scotland,0.591,19.863
2027,Annual,North Scotland,0.525,13.802
2028,Annual,North Scotland,0.605,15.127
2029,Annual,North Scotland,0.623,16.099
2030,Annual,North Scotland,0.631,17.708
2031,Annual,North Scotland,0.618,22.090
2032,Annual,North Scotland,0.633,22.745
2033,Annual,North Scotland,0.551,12.590
2034,Annual,North Scotland,0.498,12.736
2035,Annual,North Scotland,0.588,15.241
2036,Annual,North Scotland,0.592,26.448
2037,Annual,North Scotland,0.558,15.958
2038,Annual,North Scotland,0.581,14.887
2039,Annual,North Scotland,0.576,14.208
2040,Annual,North Scotland,0.645,16.528
2041,Annual,North Scotland,0.601,16.566
2042,Annual,North Scotland,0.567,18.382
2043,Annual,North Scotland,0.617,16.750
2044,Annual,North Scotland,0.490,13.307
2045,Annual,North Scotland,0.587,20.854
2046,Annual,North Scotland,0.518,14.075
2047,Annual,North Scotland,0.607,16.505
2048,Annual,North Scotland,0.542,13.976
2049,Annual,North Scotland,0.519,13.783
2050,Annual,North Scotland,0.608,15.042
2051,Annual,North Scotland,0.584,14.090
2052,Annual,North Scotland,0.540,16.608
2053,Annual,North Scotland,0.640,25.462
2054,Annual,North Scotland,0.521,12.910
2055,Annual,North Scotland,0.567,17.580
2056,Annual,North Scotland,0.569,17.486
2057,Annual,North Scotland,0.575,18.151
2058,Annual,North Scotland,0.616,22.042
2059,Annual,North Scotland,0.541,15.137
2060,Annual,North Scotland,0.612,18.840
2061,Annual,North Scotland,0.591,16.443
2062,Annual,North Scotland,0.628,22.458
2063,Annual,North Scotland,0.562,15.410
2064,Annual,North Scotland,0.554,16.816
2065,Annual,North Scotland,0.544,14.792
2066,Annual,North Scotland,0.604,19.590
2067,Annual,North Scotland,0.588,17.892
2068,Annual,North Scotland,0.544,18.632
2069,Annual,North Scotland,0.535,16.943
2070,Annual,North Scotland,0.599,16.825
2071,Annual,North Scotland,0.570,19.811
2072,Annual,North Scotland,0.578,16.439
2073,Annual,North Scotland,0.601,17.901
2074,Annual,North Scotland,0.544,18.283
2075,Annual,North Scotland,0.561,16.472
2076,Annual,North Scotland,0.575,18.340
2077,Annual,North Scotland,0.578,13.075
2078,Annual,North Scotland,0.664,24.382
2079,Annual,North Scotland,0.517,15.509
2080,Annual,North Scotland,0.552,16.259
1981,Annual,North West England,0.562,14.763
1982,Annual,North West England,0.511,17.710
1983,Annual,North West England,0.574,16.398
1984,Annual,North West England,0.595,14.634
1985,Annual,North West England,0.533,11.892
1986,Annual,North West England,0.505,14.441
1987,Annual,North West England,0.571,16.849
1988,Annual,North West England,0.579,16.237
1989,Annual,North West England,0.577,15.871
1990,Annual,North West England,0.443,10.796
1991,Annual,North West England,0.575,14.204
1992,Annual,North West England,0.435,12.000
1993,Annual,North West England,0.551,15.344
1994,Annual,North West England,0.520,11.323
1995,Annual,North West England,0.564,17.237
1996,Annual,North West England,0.497,12.151
1997,Annual,North West England,0.583,15.634
1998,Annual,North West England,0.520,15.441
1999,Annual,North West England,0.580,14.419
2000,Annual,North West England,0.584,14.344
2001,Annual,North West England,0.577,21.355
2002,Annual,North West England,0.432,13.323
2003,Annual,North West England,0.570,16.430
2004,Annual,North West England,0.538,20.710
2005,Annual,North West England,0.574,15.065
2006,Annual,North West England,0.544,15.387
2007,Annual,North West England,0.564,17.022
2008,Annual,North West England,0.577,14.613
2009,Annual,North West England,0.542,14.624
2010,Annual,North West England,0.550,16.269
2011,Annual,North West England,0.507,10.376
2012,Annual,North West England,0.535,13.925
2013,Annual,North West England,0.614,17.581
2014,Annual,North West England,0.453,13.484
2015,Annual,North West England,0.488,14.237
2016,Annual,North West England,0.559,14.312
2017,Annual,North West England,0.543,18.065
2018,Annual,North West England,0.548,17.602
2019,Annual,North West England,0.462,13.505
2020,Annual,North West England,0.447,13.075
2021,Annual,North West England,0.522,11.688
2022,Annual,North West England,0.501,13.806
2023,Annual,North West England,0.520,18.172
2024,Annual,North West England,0.538,13.151
2025,Annual,North West England,0.557,14.419
2026,Annual,North West England,0.556,19.204
2027,Annual,North West England,0.457,16.118
2028,Annual,North West England,0.529,16.452
2029,Annual,North West England,0.520,11.247
2030,Annual,North West England,0.524,10.097
2031,Annual,North West England,0.491,13.376
2032,Annual,North West England,0.541,12.968
2033,Annual,North West England,0.449,10.591
2034,Annual,North West England,0.403,10.151
2035,Annual,North West England,0.521,14.699
2036,Annual,North West England,0.530,17.699
2037,Annual,North West England,0.494,11.720
2038,Annual,North West England,0.507,13.806
2039,Annual,North West England,0.443,9.914
2040,Annual,North West England,0.560,21.032
2041,Annual,North West England,0.551,14.419
2042,Annual,North West England,0.493,17.527
2043,Annual,North West England,0.537,15.419
2044,Annual,North West England,0.447,11.387
2045,Annual,North West England,0.469,15.946
2046,Annual,North West England,0.443,12.860
2047,Annual,North West England,0.518,14.011
2048,Annual,North West England,0.456,14.247
2049,Annual,North West England,0.417,11.161
2050,Annual,North West England,0.519,14.129
2051,Annual,North West England,0.429,7.903
2052,Annual,North West England,0.412,15.656
2053,Annual,North West England,0.514,16.194
2054,Annual,North West England,0.444,11.688
2055,Annual,North West England,0.487,16.753
2056,Annual,North West England,0.457,16.548
2057,Annual,North West England,0.484,13.634
2058,Annual,North West England,0.481,13.333
2059,Annual,North West England,0.452,12.247
2060,Annual,North West England,0.454,10.495
2061,Annual,North West England,0.519,13.516
2062,Annual,North West England,0.481,12.258
2063,Annual,North West England,0.520,15.129
2064,Annual,North West England,0.438,12.570
2065,Annual,North West England,0.479,10.355
2066,Annual,North West England,0.526,14.892
2067,Annual,North West England,0.496,16.914
2068,Annual,North West England,0.461,12.237
2069,Annual,North West England,0.401,13.785
2070,Annual,North West England,0.454,16.075
2071,Annual,North West England,0.453,16.097
2072,Annual,North West England,0.509,14.462
2073,Annual,North West England,0.540,15.882
2074,Annual,North West England,0.441,16.065
2075,Annual,North West England,0.403,13.151
2076,Annual,North West England,0.489,15.699
2077,Annual,North West England,0.503,12.978
2078,Annual,North West England,0.549,22.409
2079,Annual,North West England,0.483,15.097
2080,Annual,North West England,0.363,11.097
1981,Annual,South East England,0.311,6.754
1982,Annual,South East England,0.333,13.237
1983,Annual,South East England,0.463,15.483
1984,Annual,South East England,0.402,9.542
1985,Annual,South East England,0.428,8.551
1986,Annual,South East England,0.360,9.602
1987,Annual,South East England,0.377,8.703
1988,Annual,South East England,0.409,10.703
1989,Annual,South East England,0.392,7.992
1990,Annual,South East England,0.343,7.347
1991,Annual,South East England,0.330,7.992
1992,Annual,South East England,0.355,9.932
1993,Annual,South East England,0.416,10.780
1994,Annual,South East England,0.376,7.534
1995,Annual,South East England,0.362,6.585
1996,Annual,South East England,0.357,9.415
1997,Annual,South East England,0.417,13.932
1998,Annual,South East England,0.342,9.229
1999,Annual,South East England,0.393,10.068
2000,Annual,South East England,0.424,12.686
2001,Annual,South East England,0.384,9.958
2002,Annual,South East England,0.379,10.703
2003,Annual,South East England,0.367,9.025
2004,Annual,South East England,0.348,8.381
2005,Annual,South East England,0.414,8.712
2006,Annual,South East England,0.428,11.763
2007,Annual,South East England,0.469,10.398
2008,Annual,South East England,0.436,8.847
2009,Annual,South East England,0.375,8.178
2010,Annual,South East England,0.428,14.949
2011,Annual,South East England,0.305,8.424
2012,Annual,South East England,0.371,8.542
2013,Annual,South East England,0.416,11.975
2014,Annual,South East England,0.322,9.161
2015,Annual,South East England,0.343,8.195
2016,Annual,South East England,0.406,9.805
2017,Annual,South East England,0.393,8.636
2018,Annual,South East England,0.364,11.178
2019,Annual,South East England,0.270,5.771
2020,Annual,South East England,0.341,8.771
2021,Annual,South East England,0.360,7.280
2022,Annual,South East England,0.370,7.678
2023,Annual,South East England,0.381,12.831
2024,Annual,South East England,0.354,7.025
2025,Annual,South East England,0.343,8.941
2026,Annual,South East England,0.430,8.780
2027,Annual,South East England,0.286,6.847
2028,Annual,South East England,0.427,9.881
2029,Annual,South East England,0.378,8.432
2030,Annual,South East England,0.363,8.127
2031,Annual,South East England,0.297,7.186
2032,Annual,South East England,0.363,8.797
2033,Annual,South East England,0.337,8.729
2034,Annual,South East England,0.289,6.898
2035,Annual,South East England,0.350,10.119
2036,Annual,South East England,0.381,15.102
2037,Annual,South East England,0.369,9.034
2038,Annual,South East England,0.398,8.254
2039,Annual,South East England,0.310,6.907
2040,Annual,South East England,0.316,9.263
2041,Annual,South East England,0.357,11.847
2042,Annual,South East England,0.344,8.924
2043,Annual,South East England,0.352,12.602
2044,Annual,South East England,0.333,10.686
2045,Annual,South East England,0.295,9.331
2046,Annual,South East England,0.346,6.636
2047,Annual,South East England,0.381,8.602
2048,Annual,South East England,0.317,8.314
2049,Annual,South East England,0.321,7.746
2050,Annual,South East England,0.366,7.000
2051,Annual,South East England,0.269,6.347
2052,Annual,South East England,0.269,9.602
2053,Annual,South East England,0.314,6.339
2054,Annual,South East England,0.359,8.703
2055,Annual,South East England,0.381,10.186
2056,Annual,South East England,0.293,7.169
2057,Annual,South East England,0.317,6.602
2058,Annual,South East England,0.302,6.746
2059,Annual,South East England,0.343,12.763
2060,Annual,South East England,0.269,5.898
2061,Annual,South East England,0.343,8.585
2062,Annual,South East England,0.306,6.441
2063,Annual,South East England,0.318,8.229
2064,Annual,South East England,0.277,6.347
2065,Annual,South East England,0.292,6.653
2066,Annual,South East England,0.367,7.542
2067,Annual,South East England,0.331,10.458
2068,Annual,South East England,0.283,6.992
2069,Annual,South East England,0.259,10.559
2070,Annual,South East England,0.255,8.356
2071,Annual,South East England,0.323,8.941
2072,Annual,South East England,0.325,10.288
2073,Annual,South East England,0.322,7.203
2074,Annual,South East England,0.294,6.136
2075,Annual,South East England,0.240,6.475
2076,Annual,South East England,0.287,7.661
2077,Annual,South East England,0.317,10.466
2078,Annual,South East England,0.305,7.475
2079,Annual,South East England,0.357,8.356
2080,Annual,South East England,0.212,5.653
1981,Annual,South West England,0.386,7.795
1982,Annual,South West England,0.376,14.404
1983,Annual,South West England,0.480,16.474
1984,Annual,South West England,0.460,11.026
1985,Annual,South West England,0.473,10.122
1986,Annual,South West England,0.367,9.731
1987,Annual,South West England,0.428,11.122
1988,Annual,South West England,0.467,11.109
1989,Annual,South West England,0.441,10.083
1990,Annual,South West England,0.370,9.526
1991,Annual,South West England,0.389,9.718
1992,Annual,South West England,0.356,9.532
1993,Annual,South West England,0.430,10.833
1994,Annual,South West England,0.395,8.968
1995,Annual,South West England,0.419,8.686
1996,Annual,South West England,0.390,9.301
1997,Annual,South West England,0.464,16.744
1998,Annual,South West England,0.397,9.090
1999,Annual,South West England,0.457,10.282
2000,Annual,South West England,0.461,13.686
2001,Annual,South West England,0.451,11.859
2002,Annual,South West England,0.410,12.340
2003,Annual,South West England,0.406,9.013
2004,Annual,South West England,0.405,10.237
2005,Annual,South West England,0.480,9.840
2006,Annual,South West England,0.455,12.660
2007,Annual,South West England,0.495,16.212
2008,Annual,South West England,0.468,10.250
2009,Annual,South West England,0.410,10.167
2010,Annual,South West England,0.452,14.045
2011,Annual,South West England,0.343,8.801
2012,Annual,South West England,0.411,9.859
2013,Annual,South West England,0.467,14.417
2014,Annual,South West England,0.361,10.058
2015,Annual,South West England,0.364,9.506
2016,Annual,South West England,0.453,11.353
2017,Annual,South West England,0.433,11.288
2018,Annual,South West England,0.397,11.231
2019,Annual,South West England,0.329,7.199
2020,Annual,South West England,0.381,12.705
2021,Annual,South West England,0.407,11.686
2022,Annual,South West England,0.424,10.391
2023,Annual,South West England,0.416,16.647
2024,Annual,South West England,0.380,8.410
2025,Annual,South West England,0.380,10.872
2026,Annual,South West England,0.461,8.397
2027,Annual,South West England,0.339,9.641
2028,Annual,South West England,0.454,13.263
2029,Annual,South West England,0.409,10.417
2030,Annual,South West England,0.424,9.385
2031,Annual,South West England,0.337,8.814
2032,Annual,South West England,0.419,9.256
2033,Annual,South West England,0.355,10.455
2034,Annual,South West England,0.322,7.327
2035,Annual,South West England,0.387,13.372
2036,Annual,South West England,0.409,17.628
2037,Annual,South West England,0.401,11.327
2038,Annual,South West England,0.403,8.615
2039,Annual,South West England,0.347,6.955
2040,Annual,South West England,0.368,13.269
2041,Annual,South West England,0.410,12.904
2042,Annual,South West England,0.392,9.295
2043,Annual,South West England,0.403,14.923
2044,Annual,South West England,0.382,9.327
2045,Annual,South West England,0.331,10.853
2046,Annual,South West England,0.383,9.308
2047,Annual,South West England,0.415,10.551
2048,Annual,South West England,0.340,8.737
2049,Annual,South West England,0.324,8.288
2050,Annual,South West England,0.403,9.635
2051,Annual,South West England,0.322,8.071
2052,Annual,South West England,0.289,11.686
2053,Annual,South West England,0.350,8.269
2054,Annual,South West England,0.402,10.199
2055,Annual,South West England,0.436,12.737
2056,Annual,South West England,0.327,9.071
2057,Annual,South West England,0.367,7.667
2058,Annual,South West England,0.363,9.179
2059,Annual,South West England,0.346,11.154
2060,Annual,South West England,0.299,6.346
2061,Annual,South West England,0.375,8.340
2062,Annual,South West England,0.348,7.256
2063,Annual,South West England,0.368,11.417
2064,Annual,South West England,0.308,6.526
2065,Annual,South West England,0.336,7.744
2066,Annual,South West England,0.416,8.372
2067,Annual,South West England,0.362,11.654
2068,Annual,South West England,0.330,10.032
2069,Annual,South West England,0.291,11.179
2070,Annual,South West England,0.291,8.929
2071,Annual,South West England,0.360,13.038
2072,Annual,South West England,0.348,10.596
2073,Annual,South West England,0.384,9.724
2074,Annual,South West England,0.332,7.795
2075,Annual,South West England,0.267,8.558
2076,Annual,South West England,0.334,8.058
2077,Annual,South West England,0.374,14.788
2078,Annual,South West England,0.370,10.981
2079,Annual,South West England,0.436,12.692
2080,Annual,South West England,0.233,7.045
1981,Annual,West Midlands,0.341,8.140
1982,Annual,West Midlands,0.346,11.814
1983,Annual,West Midlands,0.468,11.535
1984,Annual,West Midlands,0.431,9.686
1985,Annual,West Midlands,0.435,8.058
1986,Annual,West Midlands,0.358,10.291
1987,Annual,West Midlands,0.377,8.430
1988,Annual,West Midlands,0.427,10.919
1989,Annual,West Midlands,0.407,8.907
1990,Annual,West Midlands,0.360,8.791
1991,Annual,West Midlands,0.367,6.988
1992,Annual,West Midlands,0.349,10.744
1993,Annual,West Midlands,0.429,10.012
1994,Annual,West Midlands,0.386,8.058
1995,Annual,West Midlands,0.385,7.512
1996,Annual,West Midlands,0.392,9.349
1997,Annual,West Midlands,0.433,15.860
1998,Annual,West Midlands,0.370,8.488
1999,Annual,West Midlands,0.399,8.860
2000,Annual,West Midlands,0.448,10.314
2001,Annual,West Midlands,0.414,9.012
2002,Annual,West Midlands,0.374,9.709
2003,Annual,West Midlands,0.380,8.384
2004,Annual,West Midlands,0.364,8.500
2005,Annual,West Midlands,0.444,8.547
2006,Annual,West Midlands,0.429,9.895
2007,Annual,West Midlands,0.475,11.128
2008,Annual,West Midlands,0.454,10.837
2009,Annual,West Midlands,0.391,9.767
2010,Annual,West Midlands,0.443,8.965
2011,Annual,West Midlands,0.333,8.826
2012,Annual,West Midlands,0.379,6.988
2013,Annual,West Midlands,0.437,12.291
2014,Annual,West Midlands,0.347,9.314
2015,Annual,West Midlands,0.344,7.314
2016,Annual,West Midlands,0.440,10.279
2017,Annual,West Midlands,0.426,7.733
2018,Annual,West Midlands,0.374,9.674
2019,Annual,West Midlands,0.300,6.128
2020,Annual,West Midlands,0.346,9.500
2021,Annual,West Midlands,0.392,9.105
2022,Annual,West Midlands,0.403,10.756
2023,Annual,West Midlands,0.398,9.326
2024,Annual,West Midlands,0.369,8.233
2025,Annual,West Midlands,0.361,8.023
2026,Annual,West Midlands,0.430,8.523
2027,Annual,West Midlands,0.338,7.291
2028,Annual,West Midlands,0.428,9.430
2029,Annual,West Midlands,0.387,8.093
2030,Annual,West Midlands,0.374,8.244
2031,Annual,West Midlands,0.316,6.977
2032,Annual,West Midlands,0.372,8.919
2033,Annual,West Midlands,0.353,9.209
2034,Annual,West Midlands,0.339,6.733
2035,Annual,West Midlands,0.371,8.849
2036,Annual,West Midlands,0.381,13.465
2037,Annual,West Midlands,0.360,9.814
2038,Annual,West Midlands,0.368,7.616
2039,Annual,West Midlands,0.314,6.733
2040,Annual,West Midlands,0.335,7.756
2041,Annual,West Midlands,0.380,8.453
2042,Annual,West Midlands,0.359,8.384
2043,Annual,West Midlands,0.377,15.919
2044,Annual,West Midlands,0.348,9.500
2045,Annual,West Midlands,0.311,6.919
2046,Annual,West Midlands,0.365,7.709
2047,Annual,West Midlands,0.385,8.430
2048,Annual,West Midlands,0.349,9.081
2049,Annual,West Midlands,0.328,6.965
2050,Annual,West Midlands,0.391,6.977
2051,Annual,West Midlands,0.304,6.000
2052,Annual,West Midlands,0.282,10.477
2053,Annual,West Midlands,0.306,5.442
2054,Annual,West Midlands,0.366,9.593
2055,Annual,West Midlands,0.387,9.651
2056,Annual,West Midlands,0.293,7.651
2057,Annual,West Midlands,0.327,7.721
2058,Annual,West Midlands,0.320,7.826
2059,Annual,West Midlands,0.312,7.547
2060,Annual,West Midlands,0.289,5.767
2061,Annual,West Midlands,0.366,6.942
2062,Annual,West Midlands,0.314,6.186
2063,Annual,West Midlands,0.346,7.860
2064,Annual,West Midlands,0.291,6.140
2065,Annual,West Midlands,0.310,6.953
2066,Annual,West Midlands,0.378,9.512
2067,Annual,West Midlands,0.346,9.058
2068,Annual,West Midlands,0.305,6.814
2069,Annual,West Midlands,0.276,11.488
2070,Annual,West Midlands,0.275,7.849
2071,Annual,West Midlands,0.324,8.267
2072,Annual,West Midlands,0.335,10.616
2073,Annual,West Midlands,0.370,6.953
2074,Annual,West Midlands,0.322,6.965
2075,Annual,West Midlands,0.240,5.709
2076,Annual,West Midlands,0.296,6.767
2077,Annual,West Midlands,0.358,12.977
2078,Annual,West Midlands,0.351,8.477
2079,Annual,West Midlands,0.416,8.756
2080,Annual,West Midlands,0.217,5.570
1981,Annual,West Scotland,0.631,16.015
1982,Annual,West Scotland,0.587,20.311
1983,Annual,West Scotland,0.594,14.985
1984,Annual,West Scotland,0.637,20.417
1985,Annual,West Scotland,0.562,13.750
1986,Annual,West Scotland,0.519,13.167
1987,Annual,West Scotland,0.612,15.508
1988,Annual,West Scotland,0.616,16.280
1989,Annual,West Scotland,0.611,14.447
1990,Annual,West Scotland,0.485,11.250
1991,Annual,West Scotland,0.623,17.053
1992,Annual,West Scotland,0.452,12.424
1993,Annual,West Scotland,0.579,15.773
1994,Annual,West Scotland,0.567,13.985
1995,Annual,West Scotland,0.598,20.614
1996,Annual,West Scotland,0.543,13.455
1997,Annual,West Scotland,0.591,16.189
1998,Annual,West Scotland,0.558,17.515
1999,Annual,West Scotland,0.587,15.826
2000,Annual,West Scotland,0.629,15.174
2001,Annual,West Scotland,0.632,21.985
2002,Annual,West Scotland,0.459,18.652
2003,Annual,West Scotland,0.625,14.159
2004,Annual,West Scotland,0.565,17.826
2005,Annual,West Scotland,0.579,19.871
2006,Annual,West Scotland,0.581,20.470
2007,Annual,West Scotland,0.579,14.606
2008,Annual,West Scotland,0.585,16.167
2009,Annual,West Scotland,0.574,17.045
2010,Annual,West Scotland,0.574,14.826
2011,Annual,West Scotland,0.539,11.402
2012,Annual,West Scotland,0.577,16.492
2013,Annual,West Scotland,0.623,18.182
2014,Annual,West Scotland,0.489,15.189
2015,Annual,West Scotland,0.539,13.568
2016,Annual,West Scotland,0.595,13.886
2017,Annual,West Scotland,0.566,17.644
2018,Annual,West Scotland,0.615,17.932
2019,Annual,West Scotland,0.532,13.652
2020,Annual,West Scotland,0.458,14.265
2021,Annual,West Scotland,0.538,12.091
2022,Annual,West Scotland,0.558,12.644
2023,Annual,West Scotland,0.565,17.826
2024,Annual,West Scotland,0.579,16.288
2025,Annual,West Scotland,0.630,17.030
2026,Annual,West Scotland,0.585,19.470
2027,Annual,West Scotland,0.493,14.364
2028,Annual,West Scotland,0.539,14.121
2029,Annual,West Scotland,0.556,11.856
2030,Annual,West Scotland,0.604,12.235
2031,Annual,West Scotland,0.559,14.894
2032,Annual,West Scotland,0.577,15.977
2033,Annual,West Scotland,0.499,10.174
2034,Annual,West Scotland,0.417,11.076
2035,Annual,West Scotland,0.556,17.235
2036,Annual,West Scotland,0.542,26.455
2037,Annual,West Scotland,0.538,14.606
2038,Annual,West Scotland,0.532,16.379
2039,Annual,West Scotland,0.514,11.818
2040,Annual,West Scotland,0.635,17.955
2041,Annual,West Scotland,0.584,14.917
2042,Annual,West Scotland,0.548,18.447
2043,Annual,West Scotland,0.587,19.621
2044,Annual,West Scotland,0.487,11.742
2045,Annual,West Scotland,0.525,17.985
2046,Annual,West Scotland,0.466,14.924
2047,Annual,West Scotland,0.579,17.303
2048,Annual,West Scotland,0.478,11.727
2049,Annual,West Scotland,0.453,12.985
2050,Annual,West Scotland,0.564,17.030
2051,Annual,West Scotland,0.498,9.220
2052,Annual,West Scotland,0.487,14.629
2053,Annual,West Scotland,0.597,20.311
2054,Annual,West Scotland,0.469,11.167
2055,Annual,West Scotland,0.527,16.144
2056,Annual,West Scotland,0.533,16.439
2057,Annual,West Scotland,0.528,15.826
2058,Annual,West Scotland,0.538,15.348
2059,Annual,West Scotland,0.491,13.727
2060,Annual,West Scotland,0.537,12.894
2061,Annual,West Scotland,0.553,14.848
2062,Annual,West Scotland,0.544,15.985
2063,Annual,West Scotland,0.572,15.280
2064,Annual,West Scotland,0.486,12.970
2065,Annual,West Scotland,0.513,13.174
2066,Annual,West Scotland,0.596,14.841
2067,Annual,West Scotland,0.542,20.447
2068,Annual,West Scotland,0.479,16.076
2069,Annual,West Scotland,0.475,19.795
2070,Annual,West Scotland,0.540,15.667
2071,Annual,West Scotland,0.507,14.076
2072,Annual,West Scotland,0.550,15.848
2073,Annual,West Scotland,0.565,17.258
2074,Annual,West Scotland,0.491,13.250
2075,Annual,West Scotland,0.488,16.091
2076,Annual,West Scotland,0.531,16.212
2077,Annual,West Scotland,0.526,13.364
2078,Annual,West Scotland,0.603,19.659
2079,Annual,West Scotland,0.509,15.553
2080,Annual,West Scotland,0.470,13.121
1981,Annual,Yorkshire and Humber,0.415,8.248
1982,Annual,Yorkshire and Humber,0.398,12.703
1983,Annual,Yorkshire and Humber,0.499,12.129
1984,Annual,Yorkshire and Humber,0.444,9.010
1985,Annual,Yorkshire and Humber,0.448,8.564
1986,Annual,Yorkshire and Humber,0.397,9.129
1987,Annual,Yorkshire and Humber,0.446,9.634
1988,Annual,Yorkshire and Humber,0.434,10.218
1989,Annual,Yorkshire and Humber,0.429,11.881
1990,Annual,Yorkshire and Humber,0.403,9.188
1991,Annual,Yorkshire and Humber,0.428,10.030
1992,Annual,Yorkshire and Humber,0.390,10.238
1993,Annual,Yorkshire and Humber,0.443,10.723
1994,Annual,Yorkshire and Humber,0.434,8.614
1995,Annual,Yorkshire and Humber,0.431,10.168
1996,Annual,Yorkshire and Humber,0.432,10.396
1997,Annual,Yorkshire and Humber,0.457,11.446
1998,Annual,Yorkshire and Humber,0.402,10.356
1999,Annual,Yorkshire and Humber,0.443,9.317
2000,Annual,Yorkshire and Humber,0.455,9.119
2001,Annual,Yorkshire and Humber,0.446,11.050
2002,Annual,Yorkshire and Humber,0.369,9.673
2003,Annual,Yorkshire and Humber,0.441,9.218
2004,Annual,Yorkshire and Humber,0.391,9.743
2005,Annual,Yorkshire and Humber,0.447,8.733
2006,Annual,Yorkshire and Humber,0.457,8.970
2007,Annual,Yorkshire and Humber,0.491,10.178
2008,Annual,Yorkshire and Humber,0.467,10.406
2009,Annual,Yorkshire and Humber,0.439,9.782
2010,Annual,Yorkshire and Humber,0.468,9.366
2011,Annual,Yorkshire and Humber,0.375,8.990
2012,Annual,Yorkshire and Humber,0.399,8.069
2013,Annual,Yorkshire and Humber,0.471,12.337
2014,Annual,Yorkshire and Humber,0.367,9.871
2015,Annual,Yorkshire and Humber,0.373,8.752
2016,Annual,Yorkshire and Humber,0.436,10.228
2017,Annual,Yorkshire and Humber,0.423,10.000
2018,Annual,Yorkshire and Humber,0.405,11.158
2019,Annual,Yorkshire and Humber,0.328,7.307
2020,Annual,Yorkshire and Humber,0.352,9.198
2021,Annual,Yorkshire and Humber,0.413,9.129
2022,Annual,Yorkshire and Humber,0.377,7.644
2023,Annual,Yorkshire and Humber,0.402,10.297
2024,Annual,Yorkshire and Humber,0.413,9.188
2025,Annual,Yorkshire and Humber,0.427,11.693
2026,Annual,Yorkshire and Humber,0.455,11.594
2027,Annual,Yorkshire and Humber,0.366,8.950
2028,Annual,Yorkshire and Humber,0.445,10.099
2029,Annual,Yorkshire and Humber,0.414,8.287
2030,Annual,Yorkshire and Humber,0.370,7.436
2031,Annual,Yorkshire and Humber,0.361,7.139
2032,Annual,Yorkshire and Humber,0.422,9.535
2033,Annual,Yorkshire and Humber,0.368,8.317
2034,Annual,Yorkshire and Humber,0.353,7.426
2035,Annual,Yorkshire and Humber,0.400,9.040
2036,Annual,Yorkshire and Humber,0.391,10.317
2037,Annual,Yorkshire and Humber,0.382,8.297
2038,Annual,Yorkshire and Humber,0.415,10.871
2039,Annual,Yorkshire and Humber,0.346,6.693
2040,Annual,Yorkshire and Humber,0.387,12.010
2041,Annual,Yorkshire and Humber,0.409,13.257
2042,Annual,Yorkshire and Humber,0.392,10.416
2043,Annual,Yorkshire and Humber,0.396,9.743
2044,Annual,Yorkshire and Humber,0.374,9.970
2045,Annual,Yorkshire and Humber,0.338,8.188
2046,Annual,Yorkshire and Humber,0.386,9.337
2047,Annual,Yorkshire and Humber,0.407,8.139
2048,Annual,Yorkshire and Humber,0.379,9.000
2049,Annual,Yorkshire and Humber,0.344,8.525
2050,Annual,Yorkshire and Humber,0.386,7.941
2051,Annual,Yorkshire and Humber,0.349,7.238
2052,Annual,Yorkshire and Humber,0.333,12.980
2053,Annual,Yorkshire and Humber,0.370,8.812
2054,Annual,Yorkshire and Humber,0.402,10.317
2055,Annual,Yorkshire and Humber,0.388,10.703
2056,Annual,Yorkshire and Humber,0.323,10.109
2057,Annual,Yorkshire and Humber,0.349,7.792
2058,Annual,Yorkshire and Humber,0.327,8.119
2059,Annual,Yorkshire and Humber,0.351,8.960
2060,Annual,Yorkshire and Humber,0.291,6.782
2061,Annual,Yorkshire and Humber,0.376,9.327
2062,Annual,Yorkshire and Humber,0.363,8.248
2063,Annual,Yorkshire and Humber,0.390,9.406
2064,Annual,Yorkshire and Humber,0.350,8.040
2065,Annual,Yorkshire and Humber,0.333,6.960
2066,Annual,Yorkshire and Humber,0.399,9.554
2067,Annual,Yorkshire and Humber,0.373,10.099
2068,Annual,Yorkshire and Humber,0.330,8.416
2069,Annual,Yorkshire and Humber,0.330,11.752
2070,Annual,Yorkshire and Humber,0.323,7.802
2071,Annual,Yorkshire and Humber,0.359,12.297
2072,Annual,Yorkshire and Humber,0.367,10.980
2073,Annual,Yorkshire and Humber,0.388,8.693
2074,Annual,Yorkshire and Humber,0.325,7.772
2075,Annual,Yorkshire and Humber,0.268,7.307
2076,Annual,Yorkshire and Humber,0.342,8.000
2077,Annual,Yorkshire and Humber,0.399,9.554
2078,Annual,Yorkshire and Humber,0.401,12.416
2079,Annual,Yorkshire and Humber,0.398,10.851
2080,Annual,Yorkshire and Humber,0.262,6.941
1981,Annual,Channel Islands,0.349,8.500
1982,Annual,Channel Islands,0.338,9.000
1983,Annual,Channel Islands,0.454,12.000
1984,Annual,Channel Islands,0.365,9.000
1985,Annual,Channel Islands,0.444,11.000
1986,Annual,Channel Islands,0.311,10.000
1987,Annual,Channel Islands,0.385,13.000
1988,Annual,Channel Islands,0.393,12.000
1989,Annual,Channel Islands,0.375,9.000
1990,Annual,Channel Islands,0.286,9.500
1991,Annual,Channel Islands,0.335,6.000
1992,Annual,Channel Islands,0.362,10.500
1993,Annual,Channel Islands,0.401,8.500
1994,Annual,Channel Islands,0.347,5.000
1995,Annual,Channel Islands,0.368,9.500
1996,Annual,Channel Islands,0.350,8.000
1997,Annual,Channel Islands,0.390,9.500
1998,Annual,Channel Islands,0.304,7.000
1999,Annual,Channel Islands,0.397,11.000
2000,Annual,Channel Islands,0.386,13.000
2001,Annual,Channel Islands,0.349,10.000
2002,Annual,Channel Islands,0.346,11.000
2003,Annual,Channel Islands,0.312,6.000
2004,Annual,Channel Islands,0.335,8.000
2005,Annual,Channel Islands,0.424,9.000
2006,Annual,Channel Islands,0.417,12.000
2007,Annual,Channel Islands,0.468,16.000
2008,Annual,Channel Islands,0.429,14.000
2009,Annual,Channel Islands,0.367,9.500
2010,Annual,Channel Islands,0.421,14.000
2011,Annual,Channel Islands,0.335,10.000
2012,Annual,Channel Islands,0.312,8.000
2013,Annual,Channel Islands,0.421,17.000
2014,Annual,Channel Islands,0.308,8.000
2015,Annual,Channel Islands,0.310,7.000
2016,Annual,Channel Islands,0.389,10.000
2017,Annual,Channel Islands,0.401,12.500
2018,Annual,Channel Islands,0.343,7.500
2019,Annual,Channel Islands,0.272,6.500
2020,Annual,Channel Islands,0.289,9.000
2021,Annual,Channel Islands,0.354,7.000
2022,Annual,Channel Islands,0.324,7.500
2023,Annual,Channel Islands,0.344,5.500
2024,Annual,Channel Islands,0.336,8.000
2025,Annual,Channel Islands,0.294,7.000
2026,Annual,Channel Islands,0.418,13.000
2027,Annual,Channel Islands,0.278,7.000
2028,Annual,Channel Islands,0.435,11.500
2029,Annual,Channel Islands,0.368,8.500
2030,Annual,Channel Islands,0.344,7.000
2031,Annual,Channel Islands,0.281,5.500
2032,Annual,Channel Islands,0.368,8.500
2033,Annual,Channel Islands,0.335,10.000
2034,Annual,Channel Islands,0.315,8.000
2035,Annual,Channel Islands,0.324,10.500
2036,Annual,Channel Islands,0.374,11.000
2037,Annual,Channel Islands,0.357,11.000
2038,Annual,Channel Islands,0.376,12.000
2039,Annual,Channel Islands,0.297,7.000
2040,Annual,Channel Islands,0.269,8.000
2041,Annual,Channel Islands,0.335,10.000
2042,Annual,Channel Islands,0.338,7.000
2043,Annual,Channel Islands,0.312,7.500
2044,Annual,Channel Islands,0.319,8.000
2045,Annual,Channel Islands,0.282,8.000
2046,Annual,Channel Islands,0.346,9.000
2047,Annual,Channel Islands,0.351,7.500
2048,Annual,Channel Islands,0.292,8.500
2049,Annual,Channel Islands,0.268,13.000
2050,Annual,Channel Islands,0.368,8.500
2051,Annual,Channel Islands,0.272,8.500
2052,Annual,Channel Islands,0.268,22.500
2053,Annual,Channel Islands,0.303,8.500
2054,Annual,Channel Islands,0.331,9.500
2055,Annual,Channel Islands,0.382,12.000
2056,Annual,Channel Islands,0.289,8.000
2057,Annual,Channel Islands,0.325,8.500
2058,Annual,Channel Islands,0.294,7.500
2059,Annual,Channel Islands,0.324,12.000
2060,Annual,Channel Islands,0.231,5.500
2061,Annual,Channel Islands,0.338,9.000
2062,Annual,Channel Islands,0.292,8.500
2063,Annual,Channel Islands,0.303,9.000
2064,Annual,Channel Islands,0.268,6.500
2065,Annual,Channel Islands,0.281,7.000
2066,Annual,Channel Islands,0.353,6.500
2067,Annual,Channel Islands,0.321,9.000
2068,Annual,Channel Islands,0.303,7.500
2069,Annual,Channel Islands,0.237,8.000
2070,Annual,Channel Islands,0.222,8.000
2071,Annual,Channel Islands,0.329,10.000
2072,Annual,Channel Islands,0.308,12.000
2073,Annual,Channel Islands,0.318,8.000
2074,Annual,Channel Islands,0.278,6.500
2075,Annual,Channel Islands,0.239,6.000
2076,Annual,Channel Islands,0.285,8.000
2077,Annual,Channel Islands,0.317,11.000
2078,Annual,Channel Islands,0.306,12.500
2079,Annual,Channel Islands,0.389,13.000
2080,Annual,Channel Islands,0.201,5.000
1981,Annual,Isle of Man,0.492,9.000
1982,Annual,Isle of Man,0.435,11.000
1983,Annual,Isle of Man,0.538,16.000
1984,Annual,Isle of Man,0.527,13.333
1985,Annual,Isle of Man,0.481,9.000
1986,Annual,Isle of Man,0.451,15.000
1987,Annual,Isle of Man,0.497,10.333
1988,Annual,Isle of Man,0.525,10.667
1989,Annual,Isle of Man,0.491,9.667
1990,Annual,Isle of Man,0.423,9.333
1991,Annual,Isle of Man,0.506,10.333
1992,Annual,Isle of Man,0.400,10.000
1993,Annual,Isle of Man,0.469,11.333
1994,Annual,Isle of Man,0.447,11.667
1995,Annual,Isle of Man,0.468,7.333
1996,Annual,Isle of Man,0.471,11.667
1997,Annual,Isle of Man,0.500,10.000
1998,Annual,Isle of Man,0.449,11.667
1999,Annual,Isle of Man,0.456,7.667
2000,Annual,Isle of Man,0.515,16.667
2001,Annual,Isle of Man,0.493,9.667
2002,Annual,Isle of Man,0.372,12.333
2003,Annual,Isle of Man,0.492,7.000
2004,Annual,Isle of Man,0.467,8.333
2005,Annual,Isle of Man,0.469,10.000
2006,Annual,Isle of Man,0.478,9.000
2007,Annual,Isle of Man,0.502,10.667
2008,Annual,Isle of Man,0.502,9.667
2009,Annual,Isle of Man,0.469,8.000
2010,Annual,Isle of Man,0.453,9.333
2011,Annual,Isle of Man,0.412,9.000
2012,Annual,Isle of Man,0.459,8.667
2013,Annual,Isle of Man,0.524,9.667
2014,Annual,Isle of Man,0.402,10.000
2015,Annual,Isle of Man,0.424,7.333
2016,Annual,Isle of Man,0.477,7.000
2017,Annual,Isle of Man,0.473,15.000
2018,Annual,Isle of Man,0.470,14.000
2019,Annual,Isle of Man,0.406,10.667
2020,Annual,Isle of Man,0.391,11.333
2021,Annual,Isle of Man,0.446,8.000
2022,Annual,Isle of Man,0.438,13.667
2023,Annual,Isle of Man,0.451,12.333
2024,Annual,Isle of Man,0.458,9.667
2025,Annual,Isle of Man,0.469,9.667
2026,Annual,Isle of Man,0.474,9.000
2027,Annual,Isle of Man,0.405,9.000
2028,Annual,Isle of Man,0.450,9.667
2029,Annual,Isle of Man,0.452,9.667
2030,Annual,Isle of Man,0.486,8.000
2031,Annual,Isle of Man,0.408,6.333
2032,Annual,Isle of Man,0.473,9.000
2033,Annual,Isle of Man,0.372,7.000
2034,Annual,Isle of Man,0.352,6.333
2035,Annual,Isle of Man,0.424,8.667
2036,Annual,Isle of Man,0.434,10.000
2037,Annual,Isle of Man,0.425,8.000
2038,Annual,Isle of Man,0.445,8.000
2039,Annual,Isle of Man,0.369,7.333
2040,Annual,Isle of Man,0.481,9.000
2041,Annual,Isle of Man,0.484,9.000
2042,Annual,Isle of Man,0.440,8.000
2043,Annual,Isle of Man,0.465,10.000
2044,Annual,Isle of Man,0.404,6.667
2045,Annual,Isle of Man,0.389,8.667
2046,Annual,Isle of Man,0.373,8.667
2047,Annual,Isle of Man,0.448,12.333
2048,Annual,Isle of Man,0.389,8.000
2049,Annual,Isle of Man,0.339,12.000
2050,Annual,Isle of Man,0.442,11.333
2051,Annual,Isle of Man,0.406,7.333
2052,Annual,Isle of Man,0.339,7.000
2053,Annual,Isle of Man,0.455,12.667
2054,Annual,Isle of Man,0.394,9.000
2055,Annual,Isle of Man,0.392,12.667
2056,Annual,Isle of Man,0.381,8.667
2057,Annual,Isle of Man,0.397,9.000
2058,Annual,Isle of Man,0.378,8.667
2059,Annual,Isle of Man,0.371,9.000
2060,Annual,Isle of Man,0.366,7.333
2061,Annual,Isle of Man,0.453,8.667
2062,Annual,Isle of Man,0.407,9.000
2063,Annual,Isle of Man,0.417,7.333
2064,Annual,Isle of Man,0.352,6.333
2065,Annual,Isle of Man,0.394,8.333
2066,Annual,Isle of Man,0.458,10.667
2067,Annual,Isle of Man,0.402,9.333
2068,Annual,Isle of Man,0.371,11.000
2069,Annual,Isle of Man,0.359,16.000
2070,Annual,Isle of Man,0.371,9.000
2071,Annual,Isle of Man,0.388,8.667
2072,Annual,Isle of Man,0.430,11.333
2073,Annual,Isle of Man,0.440,12.667
2074,Annual,Isle of Man,0.351,8.000
2075,Annual,Isle of Man,0.312,7.000
2076,Annual,Isle of Man,0.390,7.333
2077,Annual,Isle of Man,0.414,7.667
2078,Annual,Isle of Man,0.444,9.000
2079,Annual,Isle of Man,0.454,12.333
2080,Annual,Isle of Man,0.291,9.000
1981,Annual,Northern Ireland,0.573,11.259
1982,Annual,Northern Ireland,0.526,13.165
1983,Annual,Northern Ireland,0.594,13.353
1984,Annual,Northern Ireland,0.607,16.471
1985,Annual,Northern Ireland,0.538,11.388
1986,Annual,Northern Ireland,0.491,12.647
1987,Annual,Northern Ireland,0.565,14.482
1988,Annual,Northern Ireland,0.572,13.506
1989,Annual,Northern Ireland,0.559,12.882
1990,Annual,Northern Ireland,0.478,12.753
1991,Annual,Northern Ireland,0.569,13.529
1992,Annual,Northern Ireland,0.443,13.200
1993,Annual,Northern Ireland,0.527,12.459
1994,Annual,Northern Ireland,0.509,10.929
1995,Annual,Northern Ireland,0.508,15.647
1996,Annual,Northern Ireland,0.508,10.800
1997,Annual,Northern Ireland,0.553,13.247
1998,Annual,Northern Ireland,0.489,9.353
1999,Annual,Northern Ireland,0.543,10.847
2000,Annual,Northern Ireland,0.579,13.306
2001,Annual,Northern Ireland,0.547,14.118
2002,Annual,Northern Ireland,0.426,12.518
2003,Annual,Northern Ireland,0.555,10.518
2004,Annual,Northern Ireland,0.507,12.776
2005,Annual,Northern Ireland,0.534,14.365
2006,Annual,Northern Ireland,0.527,13.035
2007,Annual,Northern Ireland,0.566,14.506
2008,Annual,Northern Ireland,0.564,14.718
2009,Annual,Northern Ireland,0.530,12.541
2010,Annual,Northern Ireland,0.531,12.329
2011,Annual,Northern Ireland,0.470,8.918
2012,Annual,Northern Ireland,0.499,13.071
2013,Annual,Northern Ireland,0.586,14.965
2014,Annual,Northern Ireland,0.454,10.894
2015,Annual,Northern Ireland,0.494,9.753
2016,Annual,Northern Ireland,0.549,11.941
2017,Annual,Northern Ireland,0.546,13.812
2018,Annual,Northern Ireland,0.518,12.929
2019,Annual,Northern Ireland,0.459,11.776
2020,Annual,Northern Ireland,0.464,9.318
2021,Annual,Northern Ireland,0.518,12.624
2022,Annual,Northern Ireland,0.509,10.706
2023,Annual,Northern Ireland,0.505,12.247
2024,Annual,Northern Ireland,0.536,10.471
2025,Annual,Northern Ireland,0.542,16.612
2026,Annual,Northern Ireland,0.546,11.600
2027,Annual,Northern Ireland,0.453,12.047
2028,Annual,Northern Ireland,0.502,11.694
2029,Annual,Northern Ireland,0.526,13.000
2030,Annual,Northern Ireland,0.572,14.012
2031,Annual,Northern Ireland,0.510,11.471
2032,Annual,Northern Ireland,0.542,13.776
2033,Annual,Northern Ireland,0.474,10.071
2034,Annual,Northern Ireland,0.409,9.553
2035,Annual,Northern Ireland,0.478,14.176
2036,Annual,Northern Ireland,0.507,14.671
2037,Annual,Northern Ireland,0.448,11.341
2038,Annual,Northern Ireland,0.496,16.282
2039,Annual,Northern Ireland,0.450,11.176
2040,Annual,Northern Ireland,0.542,11.565
2041,Annual,Northern Ireland,0.549,11.776
2042,Annual,Northern Ireland,0.485,10.929
2043,Annual,Northern Ireland,0.507,11.071
2044,Annual,Northern Ireland,0.473,10.024
2045,Annual,Northern Ireland,0.454,18.247
2046,Annual,Northern Ireland,0.466,12.776
2047,Annual,Northern Ireland,0.520,11.647
2048,Annual,Northern Ireland,0.451,9.282
2049,Annual,Northern Ireland,0.397,11.153
2050,Annual,Northern Ireland,0.534,13.118
2051,Annual,Northern Ireland,0.451,9.141
2052,Annual,Northern Ireland,0.402,9.212
2053,Annual,Northern Ireland,0.517,14.612
2054,Annual,Northern Ireland,0.468,9.435
2055,Annual,Northern Ireland,0.457,9.588
2056,Annual,Northern Ireland,0.454,11.506
2057,Annual,Northern Ireland,0.470,9.753
2058,Annual,Northern Ireland,0.468,11.729
2059,Annual,Northern Ireland,0.452,11.294
2060,Annual,Northern Ireland,0.449,15.047
2061,Annual,Northern Ireland,0.479,10.965
2062,Annual,Northern Ireland,0.462,9.412
2063,Annual,Northern Ireland,0.503,10.188
2064,Annual,Northern Ireland,0.409,8.847
2065,Annual,Northern Ireland,0.462,11.188
2066,Annual,Northern Ireland,0.534,14.318
2067,Annual,Northern Ireland,0.472,13.424
2068,Annual,Northern Ireland,0.433,12.565
2069,Annual,Northern Ireland,0.421,10.447
2070,Annual,Northern Ireland,0.459,13.671
2071,Annual,Northern Ireland,0.436,13.576
2072,Annual,Northern Ireland,0.501,12.259
2073,Annual,Northern Ireland,0.502,11.235
2074,Annual,Northern Ireland,0.412,10.400
2075,Annual,Northern Ireland,0.405,9.753
2076,Annual,Northern Ireland,0.465,11.800
2077,Annual,Northern Ireland,0.468,10.400
2078,Annual,Northern Ireland,0.500,15.035
2079,Annual,Northern Ireland,0.489,16.318
2080,Annual,Northern Ireland,0.353,9.082
1981,Annual,Wales,0.511,11.113
1982,Annual,Wales,0.461,19.556
1983,Annual,Wales,0.561,16.767
1984,Annual,Wales,0.572,15.173
1985,Annual,Wales,0.542,12.865
1986,Annual,Wales,0.467,12.496
1987,Annual,Wales,0.528,12.865
1988,Annual,Wales,0.562,17.466
1989,Annual,Wales,0.539,14.128
1990,Annual,Wales,0.438,12.158
1991,Annual,Wales,0.507,12.368
1992,Annual,Wales,0.426,13.722
1993,Annual,Wales,0.511,12.564
1994,Annual,Wales,0.501,13.406
1995,Annual,Wales,0.505,14.135
1996,Annual,Wales,0.477,11.699
1997,Annual,Wales,0.546,17.586
1998,Annual,Wales,0.494,12.241
1999,Annual,Wales,0.551,13.150
2000,Annual,Wales,0.570,16.353
2001,Annual,Wales,0.539,17.256
2002,Annual,Wales,0.448,12.564
2003,Annual,Wales,0.503,12.571
2004,Annual,Wales,0.512,18.789
2005,Annual,Wales,0.554,14.752
2006,Annual,Wales,0.506,14.722
2007,Annual,Wales,0.563,17.842
2008,Annual,Wales,0.563,15.586
2009,Annual,Wales,0.500,12.602
2010,Annual,Wales,0.521,15.165
2011,Annual,Wales,0.441,9.985
2012,Annual,Wales,0.490,14.737
2013,Annual,Wales,0.577,18.624
2014,Annual,Wales,0.424,12.098
2015,Annual,Wales,0.456,14.759
2016,Annual,Wales,0.554,13.233
2017,Annual,Wales,0.530,14.835
2018,Annual,Wales,0.508,18.286
2019,Annual,Wales,0.420,10.985
2020,Annual,Wales,0.436,13.759
2021,Annual,Wales,0.495,12.662
2022,Annual,Wales,0.498,13.609
2023,Annual,Wales,0.494,25.233
2024,Annual,Wales,0.491,11.248
2025,Annual,Wales,0.500,15.797
2026,Annual,Wales,0.537,13.008
2027,Annual,Wales,0.426,15.165
2028,Annual,Wales,0.507,19.774
2029,Annual,Wales,0.489,11.744
2030,Annual,Wales,0.517,12.519
2031,Annual,Wales,0.428,13.143
2032,Annual,Wales,0.506,12.293
2033,Annual,Wales,0.428,10.609
2034,Annual,Wales,0.380,7.812
2035,Annual,Wales,0.471,16.789
2036,Annual,Wales,0.479,16.263
2037,Annual,Wales,0.466,12.429
2038,Annual,Wales,0.466,12.820
2039,Annual,Wales,0.422,9.030
2040,Annual,Wales,0.477,16.647
2041,Annual,Wales,0.505,16.850
2042,Annual,Wales,0.476,14.120
2043,Annual,Wales,0.503,20.662
2044,Annual,Wales,0.436,11.737
2045,Annual,Wales,0.415,14.602
2046,Annual,Wales,0.437,12.496
2047,Annual,Wales,0.509,12.669
2048,Annual,Wales,0.429,9.992
2049,Annual,Wales,0.395,10.323
2050,Annual,Wales,0.490,12.805
2051,Annual,Wales,0.414,9.248
2052,Annual,Wales,0.378,15.526
2053,Annual,Wales,0.438,11.805
2054,Annual,Wales,0.449,12.451
2055,Annual,Wales,0.496,16.729
2056,Annual,Wales,0.430,12.504
2057,Annual,Wales,0.462,10.872
2058,Annual,Wales,0.430,13.632
2059,Annual,Wales,0.401,12.406
2060,Annual,Wales,0.396,9.368
2061,Annual,Wales,0.465,11.143
2062,Annual,Wales,0.427,9.662
2063,Annual,Wales,0.466,15.714
2064,Annual,Wales,0.396,10.421
2065,Annual,Wales,0.411,12.075
2066,Annual,Wales,0.493,12.556
2067,Annual,Wales,0.443,12.526
2068,Annual,Wales,0.413,11.962
2069,Annual,Wales,0.380,14.977
2070,Annual,Wales,0.394,10.872
2071,Annual,Wales,0.418,13.519
2072,Annual,Wales,0.447,12.947
2073,Annual,Wales,0.484,12.639
2074,Annual,Wales,0.408,12.383
2075,Annual,Wales,0.353,12.526
2076,Annual,Wales,0.426,11.835
2077,Annual,Wales,0.473,16.053
2078,Annual,Wales,0.484,15.564
2079,Annual,Wales,0.502,15.669
2080,Annual,Wales,0.316,11.895
1981,DJF,East Midlands,0.446,4.699
1982,DJF,East Midlands,0.509,10.786
1983,DJF,East Midlands,0.649,10.854
1984,DJF,East Midlands,0.442,4.282
1985,DJF,East Midlands,0.518,5.990
1986,DJF,East Midlands,0.399,6.767
1987,DJF,East Midlands,0.511,6.068
1988,DJF,East Midlands,0.560,10.417
1989,DJF,East Midlands,0.445,7.660
1990,DJF,East Midlands,0.316,4.650
1991,DJF,East Midlands,0.496,6.922
1992,DJF,East Midlands,0.433,6.485
1993,DJF,East Midlands,0.441,7.854
1994,DJF,East Midlands,0.440,6.515
1995,DJF,East Midlands,0.381,4.350
1996,DJF,East Midlands,0.453,7.553
1997,DJF,East Midlands,0.555,7.816
1998,DJF,East Midlands,0.496,6.369
1999,DJF,East Midlands,0.473,7.000
2000,DJF,East Midlands,0.563,8.777
2001,DJF,East Midlands,0.475,8.563
2002,DJF,East Midlands,0.473,7.155
2003,DJF,East Midlands,0.590,7.194
2004,DJF,East Midlands,0.450,7.466
2005,DJF,East Midlands,0.538,6.417
2006,DJF,East Midlands,0.586,6.641
2007,DJF,East Midlands,0.512,7.311
2008,DJF,East Midlands,0.627,9.738
2009,DJF,East Midlands,0.456,8.748
2010,DJF,East Midlands,0.612,9.175
2011,DJF,East Midlands,0.486,7.165
2012,DJF,East Midlands,0.534,5.388
2013,DJF,East Midlands,0.668,11.214
2014,DJF,East Midlands,0.345,5.524
2015,DJF,East Midlands,0.510,7.107
2016,DJF,East Midlands,0.537,7.126
2017,DJF,East Midlands,0.567,7.350
2018,DJF,East Midlands,0.525,9.010
2019,DJF,East Midlands,0.432,5.049
2020,DJF,East Midlands,0.466,7.126
2021,DJF,East Midlands,0.528,6.903
2022,DJF,East Midlands,0.491,5.709
2023,DJF,East Midlands,0.594,9.214
2024,DJF,East Midlands,0.396,5.951
2025,DJF,East Midlands,0.456,10.408
2026,DJF,East Midlands,0.535,7.816
2027,DJF,East Midlands,0.448,4.670
2028,DJF,East Midlands,0.554,10.534
2029,DJF,East Midlands,0.547,6.738
2030,DJF,East Midlands,0.517,7.107
2031,DJF,East Midlands,0.471,5.204
2032,DJF,East Midlands,0.481,8.359
2033,DJF,East Midlands,0.608,7.903
2034,DJF,East Midlands,0.500,7.155
2035,DJF,East Midlands,0.537,6.767
2036,DJF,East Midlands,0.411,5.437
2037,DJF,East Midlands,0.464,7.029
2038,DJF,East Midlands,0.505,6.728
2039,DJF,East Midlands,0.324,4.621
2040,DJF,East Midlands,0.319,4.689
2041,DJF,East Midlands,0.435,5.233
2042,DJF,East Midlands,0.435,6.126
2043,DJF,East Midlands,0.604,12.223
2044,DJF,East Midlands,0.491,7.456
2045,DJF,East Midlands,0.434,5.699
2046,DJF,East Midlands,0.424,6.019
2047,DJF,East Midlands,0.488,5.379
2048,DJF,East Midlands,0.369,4.961
2049,DJF,East Midlands,0.381,5.427
2050,DJF,East Midlands,0.476,6.194
2051,DJF,East Midlands,0.387,5.981
2052,DJF,East Midlands,0.485,11.350
2053,DJF,East Midlands,0.412,5.107
2054,DJF,East Midlands,0.503,7.437
2055,DJF,East Midlands,0.471,6.777
2056,DJF,East Midlands,0.375,6.883
2057,DJF,East Midlands,0.476,5.913
2058,DJF,East Midlands,0.464,7.515
2059,DJF,East Midlands,0.477,6.291
2060,DJF,East Midlands,0.451,4.243
2061,DJF,East Midlands,0.519,5.796
2062,DJF,East Midlands,0.491,5.175
2063,DJF,East Midlands,0.509,6.485
2064,DJF,East Midlands,0.462,6.175
2065,DJF,East Midlands,0.494,6.951
2066,DJF,East Midlands,0.504,9.757
2067,DJF,East Midlands,0.532,8.757
2068,DJF,East Midlands,0.359,5.709
2069,DJF,East Midlands,0.558,12.010
2070,DJF,East Midlands,0.473,6.408
2071,DJF,East Midlands,0.480,8.388
2072,DJF,East Midlands,0.548,10.146
2073,DJF,East Midlands,0.497,6.000
2074,DJF,East Midlands,0.452,4.990
2075,DJF,East Midlands,0.475,4.592
2076,DJF,East Midlands,0.390,4.932
2077,DJF,East Midlands,0.560,8.612
2078,DJF,East Midlands,0.521,8.262
2079,DJF,East Midlands,0.615,10.039
2080,DJF,East Midlands,0.402,5.272
1981,DJF,East of England,0.417,4.717
1982,DJF,East of England,0.470,9.268
1983,DJF,East of England,0.668,12.614
1984,DJF,East of England,0.421,4.213
1985,DJF,East of England,0.511,6.480
1986,DJF,East of England,0.455,6.283
1987,DJF,East of England,0.504,6.606
1988,DJF,East of England,0.552,7.685
1989,DJF,East of England,0.457,6.591
1990,DJF,East of England,0.315,4.787
1991,DJF,East of England,0.456,5.551
1992,DJF,East of England,0.446,6.039
1993,DJF,East of England,0.424,5.874
1994,DJF,East of England,0.433,5.354
1995,DJF,East of England,0.364,4.661
1996,DJF,East of England,0.435,6.803
1997,DJF,East of England,0.513,6.732
1998,DJF,East of England,0.464,6.717
1999,DJF,East of England,0.502,6.433
2000,DJF,East of England,0.553,8.787
2001,DJF,East of England,0.437,6.228
2002,DJF,East of England,0.461,6.307
2003,DJF,East of England,0.527,5.835
2004,DJF,East of England,0.417,6.307
2005,DJF,East of England,0.538,5.835
2006,DJF,East of England,0.587,7.252
2007,DJF,East of England,0.489,6.402
2008,DJF,East of England,0.579,7.969
2009,DJF,East of England,0.422,7.016
2010,DJF,East of England,0.570,8.819
2011,DJF,East of England,0.478,7.276
2012,DJF,East of England,0.511,5.953
2013,DJF,East of England,0.647,12.402
2014,DJF,East of England,0.303,5.087
2015,DJF,East of England,0.459,5.244
2016,DJF,East of England,0.534,6.535
2017,DJF,East of England,0.578,7.260
2018,DJF,East of England,0.500,8.323
2019,DJF,East of England,0.355,4.283
2020,DJF,East of England,0.494,6.685
2021,DJF,East of England,0.559,7.528
2022,DJF,East of England,0.406,4.669
2023,DJF,East of England,0.548,6.370
2024,DJF,East of England,0.415,5.677
2025,DJF,East of England,0.439,7.740
2026,DJF,East of England,0.506,7.268
2027,DJF,East of England,0.396,5.000
2028,DJF,East of England,0.518,8.110
2029,DJF,East of England,0.531,5.559
2030,DJF,East of England,0.514,7.701
2031,DJF,East of England,0.498,4.992
2032,DJF,East of England,0.467,7.228
2033,DJF,East of England,0.552,7.669
2034,DJF,East of England,0.489,6.709
2035,DJF,East of England,0.565,8.866
2036,DJF,East of England,0.411,4.819
2037,DJF,East of England,0.479,6.969
2038,DJF,East of England,0.493,5.228
2039,DJF,East of England,0.332,4.055
2040,DJF,East of England,0.295,5.339
2041,DJF,East of England,0.441,6.087
2042,DJF,East of England,0.398,4.756
2043,DJF,East of England,0.574,9.677
2044,DJF,East of England,0.449,7.528
2045,DJF,East of England,0.387,5.701
2046,DJF,East of England,0.418,5.394
2047,DJF,East of England,0.458,5.512
2048,DJF,East of England,0.391,5.528
2049,DJF,East of England,0.381,5.606
2050,DJF,East of England,0.487,5.339
2051,DJF,East of England,0.376,4.937
2052,DJF,East of England,0.446,7.472
2053,DJF,East of England,0.407,4.591
2054,DJF,East of England,0.560,7.252
2055,DJF,East of England,0.437,5.976
2056,DJF,East of England,0.337,4.386
2057,DJF,East of England,0.484,6.110
2058,DJF,East of England,0.476,8.346
2059,DJF,East of England,0.476,7.701
2060,DJF,East of England,0.463,4.315
2061,DJF,East of England,0.485,4.559
2062,DJF,East of England,0.493,5.945
2063,DJF,East of England,0.472,6.024
2064,DJF,East of England,0.409,4.535
2065,DJF,East of England,0.462,6.591
2066,DJF,East of England,0.408,6.346
2067,DJF,East of England,0.530,8.354
2068,DJF,East of England,0.336,5.055
2069,DJF,East of England,0.502,7.724
2070,DJF,East of England,0.449,6.827
2071,DJF,East of England,0.462,5.559
2072,DJF,East of England,0.523,9.583
2073,DJF,East of England,0.449,5.189
2074,DJF,East of England,0.425,3.732
2075,DJF,East of England,0.413,5.213
2076,DJF,East of England,0.341,3.827
2077,DJF,East of England,0.513,7.307
2078,DJF,East of England,0.454,5.984
2079,DJF,East of England,0.545,7.945
2080,DJF,East of England,0.374,4.520
1981,DJF,East Scotland,0.614,9.238
1982,DJF,East Scotland,0.643,14.637
1983,DJF,East Scotland,0.689,12.669
1984,DJF,East Scotland,0.575,12.338
1985,DJF,East Scotland,0.616,11.544
1986,DJF,East Scotland,0.455,9.681
1987,DJF,East Scotland,0.645,9.950
1988,DJF,East Scotland,0.624,10.969
1989,DJF,East Scotland,0.552,12.137
1990,DJF,East Scotland,0.411,8.906
1991,DJF,East Scotland,0.646,12.863
1992,DJF,East Scotland,0.441,7.419
1993,DJF,East Scotland,0.554,10.500
1994,DJF,East Scotland,0.506,8.838
1995,DJF,East Scotland,0.572,10.525
1996,DJF,East Scotland,0.552,9.312
1997,DJF,East Scotland,0.593,13.662
1998,DJF,East Scotland,0.534,9.713
1999,DJF,East Scotland,0.581,9.713
2000,DJF,East Scotland,0.598,10.500
2001,DJF,East Scotland,0.600,11.450
2002,DJF,East Scotland,0.618,12.075
2003,DJF,East Scotland,0.578,9.569
2004,DJF,East Scotland,0.578,10.637
2005,DJF,East Scotland,0.596,9.588
2006,DJF,East Scotland,0.670,12.119
2007,DJF,East Scotland,0.511,7.213
2008,DJF,East Scotland,0.687,11.006
2009,DJF,East Scotland,0.575,9.625
2010,DJF,East Scotland,0.649,11.463
2011,DJF,East Scotland,0.606,9.262
2012,DJF,East Scotland,0.615,9.594
2013,DJF,East Scotland,0.699,11.613
2014,DJF,East Scotland,0.506,12.787
2015,DJF,East Scotland,0.582,9.831
2016,DJF,East Scotland,0.546,8.144
2017,DJF,East Scotland,0.637,12.506
2018,DJF,East Scotland,0.629,10.225
2019,DJF,East Scotland,0.586,8.887
2020,DJF,East Scotland,0.542,10.881
2021,DJF,East Scotland,0.510,8.331
2022,DJF,East Scotland,0.562,9.594
2023,DJF,East Scotland,0.579,10.506
2024,DJF,East Scotland,0.518,8.844
2025,DJF,East Scotland,0.613,14.537
2026,DJF,East Scotland,0.663,14.819
2027,DJF,East Scotland,0.543,6.925
2028,DJF,East Scotland,0.592,8.656
2029,DJF,East Scotland,0.555,9.588
2030,DJF,East Scotland,0.535,7.094
2031,DJF,East Scotland,0.561,9.088
2032,DJF,East Scotland,0.568,11.375
2033,DJF,East Scotland,0.691,10.319
2034,DJF,East Scotland,0.400,6.231
2035,DJF,East Scotland,0.620,12.000
2036,DJF,East Scotland,0.535,10.787
2037,DJF,East Scotland,0.560,9.475
2038,DJF,East Scotland,0.573,10.944
2039,DJF,East Scotland,0.486,8.531
2040,DJF,East Scotland,0.474,8.156
2041,DJF,East Scotland,0.578,8.919
2042,DJF,East Scotland,0.647,13.094
2043,DJF,East Scotland,0.605,11.000
2044,DJF,East Scotland,0.568,9.069
2045,DJF,East Scotland,0.561,10.675
2046,DJF,East Scotland,0.524,11.394
2047,DJF,East Scotland,0.610,9.037
2048,DJF,East Scotland,0.382,5.744
2049,DJF,East Scotland,0.503,7.062
2050,DJF,East Scotland,0.564,8.456
2051,DJF,East Scotland,0.471,7.312
2052,DJF,East Scotland,0.546,9.506
2053,DJF,East Scotland,0.598,12.600
2054,DJF,East Scotland,0.506,6.975
2055,DJF,East Scotland,0.532,12.125
2056,DJF,East Scotland,0.554,10.431
2057,DJF,East Scotland,0.477,7.350
2058,DJF,East Scotland,0.623,10.950
2059,DJF,East Scotland,0.522,11.125
2060,DJF,East Scotland,0.574,8.356
2061,DJF,East Scotland,0.585,9.256
2062,DJF,East Scotland,0.585,9.613
2063,DJF,East Scotland,0.591,9.350
2064,DJF,East Scotland,0.563,11.787
2065,DJF,East Scotland,0.525,8.269
2066,DJF,East Scotland,0.593,12.025
2067,DJF,East Scotland,0.617,12.088
2068,DJF,East Scotland,0.492,10.975
2069,DJF,East Scotland,0.584,12.044
2070,DJF,East Scotland,0.549,9.894
2071,DJF,East Scotland,0.520,8.488
2072,DJF,East Scotland,0.620,12.600
2073,DJF,East Scotland,0.570,9.213
2074,DJF,East Scotland,0.607,9.981
2075,DJF,East Scotland,0.569,10.562
2076,DJF,East Scotland,0.583,8.988
2077,DJF,East Scotland,0.542,10.169
2078,DJF,East Scotland,0.679,12.069
2079,DJF,East Scotland,0.679,14.231
2080,DJF,East Scotland,0.487,7.806
1981,DJF,London,0.406,4.333
1982,DJF,London,0.466,11.917
1983,DJF,London,0.702,14.000
1984,DJF,London,0.459,4.583
1985,DJF,London,0.551,6.083
1986,DJF,London,0.424,4.833
1987,DJF,London,0.535,6.833
1988,DJF,London,0.563,8.500
1989,DJF,London,0.496,6.917
1990,DJF,London,0.309,5.000
1991,DJF,London,0.446,6.000
1992,DJF,London,0.474,6.917
1993,DJF,London,0.500,8.250
1994,DJF,London,0.447,6.417
1995,DJF,London,0.390,5.000
1996,DJF,London,0.423,5.667
1997,DJF,London,0.568,7.000
1998,DJF,London,0.482,7.417
1999,DJF,London,0.549,5.833
2000,DJF,London,0.623,12.417
2001,DJF,London,0.464,7.083
2002,DJF,London,0.501,8.250
2003,DJF,London,0.587,6.917
2004,DJF,London,0.425,7.333
2005,DJF,London,0.552,8.917
2006,DJF,London,0.568,9.667
2007,DJF,London,0.529,7.000
2008,DJF,London,0.629,8.833
2009,DJF,London,0.428,5.250
2010,DJF,London,0.569,10.000
2011,DJF,London,0.439,7.583
2012,DJF,London,0.606,6.500
2013,DJF,London,0.689,11.750
2014,DJF,London,0.307,4.500
2015,DJF,London,0.516,7.083
2016,DJF,London,0.543,8.750
2017,DJF,London,0.588,6.583
2018,DJF,London,0.531,8.000
2019,DJF,London,0.398,4.750
2020,DJF,London,0.503,7.167
2021,DJF,London,0.588,6.750
2022,DJF,London,0.428,4.500
2023,DJF,London,0.602,9.917
2024,DJF,London,0.395,5.250
2025,DJF,London,0.456,8.667
2026,DJF,London,0.506,5.083
2027,DJF,London,0.467,6.167
2028,DJF,London,0.590,9.083
2029,DJF,London,0.540,6.167
2030,DJF,London,0.562,7.583
2031,DJF,London,0.510,5.000
2032,DJF,London,0.488,8.083
2033,DJF,London,0.611,8.000
2034,DJF,London,0.484,5.333
2035,DJF,London,0.550,10.667
2036,DJF,London,0.438,4.333
2037,DJF,London,0.489,8.833
2038,DJF,London,0.611,6.250
2039,DJF,London,0.350,4.333
2040,DJF,London,0.322,8.250
2041,DJF,London,0.519,11.333
2042,DJF,London,0.406,5.250
2043,DJF,London,0.566,8.000
2044,DJF,London,0.491,9.500
2045,DJF,London,0.411,6.167
2046,DJF,London,0.424,5.083
2047,DJF,London,0.487,8.583
2048,DJF,London,0.415,6.083
2049,DJF,London,0.420,7.167
2050,DJF,London,0.490,5.167
2051,DJF,London,0.350,3.417
2052,DJF,London,0.421,8.000
2053,DJF,London,0.419,5.333
2054,DJF,London,0.556,6.167
2055,DJF,London,0.510,6.333
2056,DJF,London,0.310,4.500
2057,DJF,London,0.470,6.000
2058,DJF,London,0.513,6.667
2059,DJF,London,0.499,11.833
2060,DJF,London,0.518,4.417
2061,DJF,London,0.552,8.167
2062,DJF,London,0.524,4.667
2063,DJF,London,0.483,7.833
2064,DJF,London,0.468,6.583
2065,DJF,London,0.485,6.250
2066,DJF,London,0.444,6.083
2067,DJF,London,0.619,12.417
2068,DJF,London,0.337,6.250
2069,DJF,London,0.514,6.000
2070,DJF,London,0.496,8.000
2071,DJF,London,0.490,6.417
2072,DJF,London,0.553,9.917
2073,DJF,London,0.466,7.333
2074,DJF,London,0.438,4.000
2075,DJF,London,0.456,6.333
2076,DJF,London,0.378,4.000
2077,DJF,London,0.512,7.667
2078,DJF,London,0.459,6.000
2079,DJF,London,0.552,8.083
2080,DJF,London,0.393,4.750
1981,DJF,North East England,0.508,5.965
1982,DJF,North East England,0.581,12.789
1983,DJF,North East England,0.705,14.228
1984,DJF,North East England,0.533,9.649
1985,DJF,North East England,0.572,8.281
1986,DJF,North East England,0.422,8.544
1987,DJF,North East England,0.594,8.649
1988,DJF,North East England,0.554,9.351
1989,DJF,North East England,0.519,10.175
1990,DJF,North East England,0.369,7.228
1991,DJF,North East England,0.595,8.719
1992,DJF,North East England,0.483,8.175
1993,DJF,North East England,0.464,9.035
1994,DJF,North East England,0.481,7.596
1995,DJF,North East England,0.485,9.298
1996,DJF,North East England,0.489,7.509
1997,DJF,North East England,0.517,8.930
1998,DJF,North East England,0.445,7.877
1999,DJF,North East England,0.519,5.649
2000,DJF,North East England,0.619,7.579
2001,DJF,North East England,0.509,8.719
2002,DJF,North East England,0.546,10.281
2003,DJF,North East England,0.512,8.140
2004,DJF,North East England,0.482,6.789
2005,DJF,North East England,0.572,7.421
2006,DJF,North East England,0.577,7.965
2007,DJF,North East England,0.478,7.158
2008,DJF,North East England,0.671,11.368
2009,DJF,North East England,0.545,10.246
2010,DJF,North East England,0.570,8.018
2011,DJF,North East England,0.544,10.211
2012,DJF,North East England,0.528,6.719
2013,DJF,North East England,0.663,11.088
2014,DJF,North East England,0.447,8.895
2015,DJF,North East England,0.515,7.702
2016,DJF,North East England,0.535,7.439
2017,DJF,North East England,0.588,8.807
2018,DJF,North East England,0.585,10.193
2019,DJF,North East England,0.435,5.596
2020,DJF,North East England,0.477,7.895
2021,DJF,North East England,0.503,7.509
2022,DJF,North East England,0.475,6.509
2023,DJF,North East England,0.570,8.509
2024,DJF,North East England,0.434,7.965
2025,DJF,North East England,0.574,13.596
2026,DJF,North East England,0.565,9.351
2027,DJF,North East England,0.519,5.667
2028,DJF,North East England,0.563,7.982
2029,DJF,North East England,0.520,7.772
2030,DJF,North East England,0.482,6.649
2031,DJF,North East England,0.459,5.123
2032,DJF,North East England,0.500,6.667
2033,DJF,North East England,0.699,10.228
2034,DJF,North East England,0.405,6.386
2035,DJF,North East England,0.558,8.596
2036,DJF,North East England,0.471,8.877
2037,DJF,North East England,0.535,7.386
2038,DJF,North East England,0.536,9.912
2039,DJF,North East England,0.404,6.772
2040,DJF,North East England,0.354,5.018
2041,DJF,North East England,0.522,7.947
2042,DJF,North East England,0.562,8.123
2043,DJF,North East England,0.596,9.298
2044,DJF,North East England,0.550,8.263
2045,DJF,North East England,0.493,9.579
2046,DJF,North East England,0.499,6.333
2047,DJF,North East England,0.518,6.895
2048,DJF,North East England,0.323,5.789
2049,DJF,North East England,0.479,8.789
2050,DJF,North East England,0.476,6.175
2051,DJF,North East England,0.496,8.737
2052,DJF,North East England,0.533,8.526
2053,DJF,North East England,0.453,7.123
2054,DJF,North East England,0.506,6.965
2055,DJF,North East England,0.469,9.018
2056,DJF,North East England,0.426,9.684
2057,DJF,North East England,0.426,5.544
2058,DJF,North East England,0.493,6.667
2059,DJF,North East England,0.509,9.579
2060,DJF,North East England,0.486,6.825
2061,DJF,North East England,0.562,8.193
2062,DJF,North East England,0.491,7.246
2063,DJF,North East England,0.568,7.211
2064,DJF,North East England,0.498,8.737
2065,DJF,North East England,0.477,7.561
2066,DJF,North East England,0.515,9.702
2067,DJF,North East England,0.560,9.982
2068,DJF,North East England,0.407,6.526
2069,DJF,North East England,0.589,10.351
2070,DJF,North East England,0.475,8.000
2071,DJF,North East England,0.486,8.982
2072,DJF,North East England,0.550,10.649
2073,DJF,North East England,0.536,8.912
2074,DJF,North East England,0.505,7.825
2075,DJF,North East England,0.510,6.386
2076,DJF,North East England,0.485,6.982
2077,DJF,North East England,0.504,6.404
2078,DJF,North East England,0.640,13.140
2079,DJF,North East England,0.622,11.298
2080,DJF,North East England,0.411,5.965
1981,DJF,North Scotland,0.646,12.401
1982,DJF,North Scotland,0.729,18.580
1983,DJF,North Scotland,0.612,10.910
1984,DJF,North Scotland,0.706,23.123
1985,DJF,North Scotland,0.597,11.368
1986,DJF,North Scotland,0.583,11.778
1987,DJF,North Scotland,0.681,16.108
1988,DJF,North Scotland,0.743,15.995
1989,DJF,North Scotland,0.701,17.434
1990,DJF,North Scotland,0.476,10.009
1991,DJF,North Scotland,0.736,23.774
1992,DJF,North Scotland,0.562,10.321
1993,DJF,North Scotland,0.609,13.132
1994,DJF,North Scotland,0.595,12.665
1995,DJF,North Scotland,0.691,15.943
1996,DJF,North Scotland,0.550,13.080
1997,DJF,North Scotland,0.699,27.005
1998,DJF,North Scotland,0.660,15.925
1999,DJF,North Scotland,0.672,16.646
2000,DJF,North Scotland,0.650,11.868
2001,DJF,North Scotland,0.724,17.014
2002,DJF,North Scotland,0.634,15.335
2003,DJF,North Scotland,0.632,11.750
2004,DJF,North Scotland,0.743,20.071
2005,DJF,North Scotland,0.708,18.146
2006,DJF,North Scotland,0.652,17.472
2007,DJF,North Scotland,0.578,9.736
2008,DJF,North Scotland,0.730,18.005
2009,DJF,North Scotland,0.675,11.321
2010,DJF,North Scotland,0.667,10.675
2011,DJF,North Scotland,0.700,10.387
2012,DJF,North Scotland,0.650,11.000
2013,DJF,North Scotland,0.732,15.000
2014,DJF,North Scotland,0.607,12.344
2015,DJF,North Scotland,0.640,13.184
2016,DJF,North Scotland,0.631,13.741
2017,DJF,North Scotland,0.675,14.873
2018,DJF,North Scotland,0.705,15.571
2019,DJF,North Scotland,0.603,11.604
2020,DJF,North Scotland,0.602,14.302
2021,DJF,North Scotland,0.597,11.377
2022,DJF,North Scotland,0.657,12.047
2023,DJF,North Scotland,0.586,9.811
2024,DJF,North Scotland,0.655,16.524
2025,DJF,North Scotland,0.669,14.623
2026,DJF,North Scotland,0.762,19.231
2027,DJF,North Scotland,0.613,10.712
2028,DJF,North Scotland,0.692,13.311
2029,DJF,North Scotland,0.617,12.349
2030,DJF,North Scotland,0.669,12.075
2031,DJF,North Scotland,0.731,20.090
2032,DJF,North Scotland,0.716,20.986
2033,DJF,North Scotland,0.633,10.047
2034,DJF,North Scotland,0.475,7.910
2035,DJF,North Scotland,0.697,14.420
2036,DJF,North Scotland,0.715,23.726
2037,DJF,North Scotland,0.644,14.736
2038,DJF,North Scotland,0.591,9.660
2039,DJF,North Scotland,0.622,11.755
2040,DJF,North Scotland,0.617,13.627
2041,DJF,North Scotland,0.589,13.392
2042,DJF,North Scotland,0.770,17.797
2043,DJF,North Scotland,0.648,13.604
2044,DJF,North Scotland,0.512,12.618
2045,DJF,North Scotland,0.755,19.684
2046,DJF,North Scotland,0.482,10.939
2047,DJF,North Scotland,0.697,12.552
2048,DJF,North Scotland,0.547,9.151
2049,DJF,North Scotland,0.607,11.552
2050,DJF,North Scotland,0.700,13.019
2051,DJF,North Scotland,0.625,11.340
2052,DJF,North Scotland,0.566,8.811
2053,DJF,North Scotland,0.756,23.863
2054,DJF,North Scotland,0.509,8.830
2055,DJF,North Scotland,0.573,14.505
2056,DJF,North Scotland,0.665,14.646
2057,DJF,North Scotland,0.543,11.108
2058,DJF,North Scotland,0.787,21.547
2059,DJF,North Scotland,0.569,11.703
2060,DJF,North Scotland,0.731,15.925
2061,DJF,North Scotland,0.652,14.651
2062,DJF,North Scotland,0.695,19.283
2063,DJF,North Scotland,0.596,13.316
2064,DJF,North Scotland,0.670,15.561
2065,DJF,North Scotland,0.675,12.495
2066,DJF,North Scotland,0.703,18.458
2067,DJF,North Scotland,0.732,16.712
2068,DJF,North Scotland,0.655,17.250
2069,DJF,North Scotland,0.522,15.613
2070,DJF,North Scotland,0.668,14.741
2071,DJF,North Scotland,0.641,12.972
2072,DJF,North Scotland,0.652,14.028
2073,DJF,North Scotland,0.692,15.717
2074,DJF,North Scotland,0.748,17.283
2075,DJF,North Scotland,0.719,15.349
2076,DJF,North Scotland,0.710,12.854
2077,DJF,North Scotland,0.610,10.991
2078,DJF,North Scotland,0.802,23.665
2079,DJF,North Scotland,0.653,12.443
2080,DJF,North Scotland,0.616,13.882
1981,DJF,North West England,0.589,9.484
1982,DJF,North West England,0.739,17.591
1983,DJF,North West England,0.687,13.011
1984,DJF,North West England,0.686,12.247
1985,DJF,North West England,0.576,11.108
1986,DJF,North West England,0.497,6.871
1987,DJF,North West England,0.718,14.505
1988,DJF,North West England,0.771,15.258
1989,DJF,North West England,0.651,11.172
1990,DJF,North West England,0.397,7.731
1991,DJF,North West England,0.716,12.495
1992,DJF,North West England,0.518,7.699
1993,DJF,North West England,0.581,12.602
1994,DJF,North West England,0.545,8.785
1995,DJF,North West England,0.671,14.290
1996,DJF,North West England,0.537,9.183
1997,DJF,North West England,0.713,14.473
1998,DJF,North West England,0.627,11.710
1999,DJF,North West England,0.706,11.140
2000,DJF,North West England,0.666,10.591
2001,DJF,North West England,0.745,20.505
2002,DJF,North West England,0.627,12.559
2003,DJF,North West England,0.730,16.065
2004,DJF,North West England,0.725,12.269
2005,DJF,North West England,0.758,14.204
2006,DJF,North West England,0.695,14.763
2007,DJF,North West England,0.592,11.968
2008,DJF,North West England,0.798,14.000
2009,DJF,North West England,0.659,11.258
2010,DJF,North West England,0.762,15.935
2011,DJF,North West England,0.622,9.559
2012,DJF,North West England,0.706,13.258
2013,DJF,North West England,0.818,17.280
2014,DJF,North West England,0.565,10.978
2015,DJF,North West England,0.662,13.731
2016,DJF,North West England,0.661,11.849
2017,DJF,North West England,0.685,14.978
2018,DJF,North West England,0.703,14.441
2019,DJF,North West England,0.601,9.280
2020,DJF,North West England,0.608,12.419
2021,DJF,North West England,0.611,9.989
2022,DJF,North West England,0.643,11.559
2023,DJF,North West England,0.695,17.785
2024,DJF,North West England,0.545,11.516
2025,DJF,North West England,0.646,13.935
2026,DJF,North West England,0.788,19.054
2027,DJF,North West England,0.644,8.710
2028,DJF,North West England,0.685,14.161
2029,DJF,North West England,0.663,9.989
2030,DJF,North West England,0.657,8.505
2031,DJF,North West England,0.683,11.849
2032,DJF,North West England,0.682,11.323
2033,DJF,North West England,0.649,7.882
2034,DJF,North West England,0.444,6.849
2035,DJF,North West England,0.712,13.817
2036,DJF,North West England,0.635,9.753
2037,DJF,North West England,0.617,9.473
2038,DJF,North West England,0.641,12.785
2039,DJF,North West England,0.494,8.699
2040,DJF,North West England,0.555,13.527
2041,DJF,North West England,0.660,12.828
2042,DJF,North West England,0.734,16.161
2043,DJF,North West England,0.760,15.419
2044,DJF,North West England,0.551,9.602
2045,DJF,North West England,0.670,15.140
2046,DJF,North West England,0.484,11.409
2047,DJF,North West England,0.718,12.774
2048,DJF,North West England,0.462,7.419
2049,DJF,North West England,0.551,9.871
2050,DJF,North West England,0.645,12.032
2051,DJF,North West England,0.492,6.806
2052,DJF,North West England,0.551,13.118
2053,DJF,North West England,0.693,15.473
2054,DJF,North West England,0.518,7.043
2055,DJF,North West England,0.591,13.871
2056,DJF,North West England,0.625,16.204
2057,DJF,North West England,0.582,7.710
2058,DJF,North West England,0.711,13.108
2059,DJF,North West England,0.546,11.817
2060,DJF,North West England,0.698,10.075
2061,DJF,North West England,0.731,12.129
2062,DJF,North West England,0.660,10.172
2063,DJF,North West England,0.695,13.957
2064,DJF,North West England,0.667,12.473
2065,DJF,North West England,0.725,9.527
2066,DJF,North West England,0.708,13.946
2067,DJF,North West England,0.768,16.473
2068,DJF,North West England,0.570,11.763
2069,DJF,North West England,0.564,13.538
2070,DJF,North West England,0.656,12.817
2071,DJF,North West England,0.582,13.409
2072,DJF,North West England,0.723,14.172
2073,DJF,North West England,0.718,15.817
2074,DJF,North West England,0.738,14.355
2075,DJF,North West England,0.683,12.387
2076,DJF,North West England,0.708,13.452
2077,DJF,North West England,0.653,12.505
2078,DJF,North West England,0.822,21.903
2079,DJF,North West England,0.750,14.785
2080,DJF,North West England,0.563,9.731
1981,DJF,South East England,0.422,4.814
1982,DJF,South East England,0.522,13.229
1983,DJF,South East England,0.710,15.483
1984,DJF,South East England,0.482,6.000
1985,DJF,South East England,0.569,7.898
1986,DJF,South East England,0.427,6.458
1987,DJF,South East England,0.574,6.737
1988,DJF,South East England,0.557,8.186
1989,DJF,South East England,0.482,5.797
1990,DJF,South East England,0.355,5.407
1991,DJF,South East England,0.465,7.441
1992,DJF,South East England,0.464,6.195
1993,DJF,South East England,0.522,10.441
1994,DJF,South East England,0.454,6.983
1995,DJF,South East England,0.414,5.890
1996,DJF,South East England,0.418,5.669
1997,DJF,South East England,0.589,6.847
1998,DJF,South East England,0.507,7.347
1999,DJF,South East England,0.583,8.356
2000,DJF,South East England,0.634,12.678
2001,DJF,South East England,0.485,8.051
2002,DJF,South East England,0.495,8.508
2003,DJF,South East England,0.619,8.695
2004,DJF,South East England,0.464,7.992
2005,DJF,South East England,0.557,7.720
2006,DJF,South East England,0.605,10.356
2007,DJF,South East England,0.495,7.017
2008,DJF,South East England,0.609,8.407
2009,DJF,South East England,0.461,5.551
2010,DJF,South East England,0.624,14.636
2011,DJF,South East England,0.450,6.314
2012,DJF,South East England,0.629,8.415
2013,DJF,South East England,0.697,11.831
2014,DJF,South East England,0.321,4.729
2015,DJF,South East England,0.563,8.102
2016,DJF,South East England,0.509,9.636
2017,DJF,South East England,0.581,7.203
2018,DJF,South East England,0.529,6.983
2019,DJF,South East England,0.423,5.449
2020,DJF,South East England,0.504,8.288
2021,DJF,South East England,0.546,6.873
2022,DJF,South East England,0.461,4.644
2023,DJF,South East England,0.613,12.822
2024,DJF,South East England,0.399,6.280
2025,DJF,South East England,0.491,8.729
2026,DJF,South East England,0.509,6.831
2027,DJF,South East England,0.443,6.119
2028,DJF,South East England,0.598,9.314
2029,DJF,South East England,0.546,7.610
2030,DJF,South East England,0.556,7.814
2031,DJF,South East England,0.494,5.424
2032,DJF,South East England,0.500,7.737
2033,DJF,South East England,0.589,8.517
2034,DJF,South East England,0.499,5.898
2035,DJF,South East England,0.562,10.076
2036,DJF,South East England,0.431,5.958
2037,DJF,South East England,0.546,8.958
2038,DJF,South East England,0.588,6.992
2039,DJF,South East England,0.364,4.907
2040,DJF,South East England,0.334,6.915
2041,DJF,South East England,0.532,11.627
2042,DJF,South East England,0.471,8.822
2043,DJF,South East England,0.620,11.051
2044,DJF,South East England,0.499,8.703
2045,DJF,South East England,0.434,6.525
2046,DJF,South East England,0.406,5.314
2047,DJF,South East England,0.508,7.551
2048,DJF,South East England,0.395,7.025
2049,DJF,South East England,0.407,7.186
2050,DJF,South East England,0.482,5.602
2051,DJF,South East England,0.337,4.653
2052,DJF,South East England,0.463,9.542
2053,DJF,South East England,0.431,6.025
2054,DJF,South East England,0.535,6.271
2055,DJF,South East England,0.518,6.500
2056,DJF,South East England,0.347,6.551
2057,DJF,South East England,0.510,6.288
2058,DJF,South East England,0.511,6.525
2059,DJF,South East England,0.520,12.763
2060,DJF,South East England,0.507,4.339
2061,DJF,South East England,0.555,7.017
2062,DJF,South East England,0.555,5.339
2063,DJF,South East England,0.518,7.263
2064,DJF,South East England,0.454,5.119
2065,DJF,South East England,0.497,6.559
2066,DJF,South East England,0.464,6.229
2067,DJF,South East England,0.585,10.407
2068,DJF,South East England,0.364,6.339
2069,DJF,South East England,0.541,9.508
2070,DJF,South East England,0.513,8.356
2071,DJF,South East England,0.501,8.805
2072,DJF,South East England,0.569,10.059
2073,DJF,South East England,0.471,6.873
2074,DJF,South East England,0.446,3.602
2075,DJF,South East England,0.484,5.585
2076,DJF,South East England,0.406,4.949
2077,DJF,South East England,0.543,10.017
2078,DJF,South East England,0.492,5.949
2079,DJF,South East England,0.585,8.144
2080,DJF,South East England,0.401,5.212
1981,DJF,South West England,0.499,6.795
1982,DJF,South West England,0.641,14.064
1983,DJF,South West England,0.639,16.474
1984,DJF,South West England,0.574,9.045
1985,DJF,South West England,0.631,9.513
1986,DJF,South West England,0.400,7.577
1987,DJF,South West England,0.619,9.750
1988,DJF,South West England,0.637,10.391
1989,DJF,South West England,0.537,7.019
1990,DJF,South West England,0.363,6.288
1991,DJF,South West England,0.555,9.513
1992,DJF,South West England,0.446,5.865
1993,DJF,South West England,0.530,9.910
1994,DJF,South West England,0.495,8.660
1995,DJF,South West England,0.495,7.712
1996,DJF,South West England,0.489,6.737
1997,DJF,South West England,0.587,8.667
1998,DJF,South West England,0.579,7.186
1999,DJF,South West England,0.639,8.397
2000,DJF,South West England,0.625,13.429
2001,DJF,South West England,0.578,11.308
2002,DJF,South West England,0.537,10.058
2003,DJF,South West England,0.634,8.635
2004,DJF,South West England,0.553,8.660
2005,DJF,South West England,0.641,8.250
2006,DJF,South West England,0.649,10.558
2007,DJF,South West England,0.513,11.205
2008,DJF,South West England,0.670,8.654
2009,DJF,South West England,0.528,6.660
2010,DJF,South West England,0.669,13.167
2011,DJF,South West England,0.520,7.160
2012,DJF,South West England,0.684,9.782
2013,DJF,South West England,0.760,14.327
2014,DJF,South West England,0.418,6.513
2015,DJF,South West England,0.590,9.474
2016,DJF,South West England,0.549,11.019
2017,DJF,South West England,0.631,8.641
2018,DJF,South West England,0.582,8.590
2019,DJF,South West England,0.504,6.962
2020,DJF,South West England,0.537,12.609
2021,DJF,South West England,0.579,10.237
2022,DJF,South West England,0.531,8.295
2023,DJF,South West England,0.665,16.641
2024,DJF,South West England,0.418,5.462
2025,DJF,South West England,0.515,9.756
2026,DJF,South West England,0.587,7.327
2027,DJF,South West England,0.526,6.782
2028,DJF,South West England,0.658,12.615
2029,DJF,South West England,0.603,10.045
2030,DJF,South West England,0.602,8.077
2031,DJF,South West England,0.549,8.199
2032,DJF,South West England,0.547,7.917
2033,DJF,South West England,0.600,10.410
2034,DJF,South West England,0.522,6.795
2035,DJF,South West England,0.606,13.359
2036,DJF,South West England,0.492,9.378
2037,DJF,South West England,0.553,9.699
2038,DJF,South West England,0.631,8.006
2039,DJF,South West England,0.415,5.776
2040,DJF,South West England,0.393,8.853
2041,DJF,South West England,0.534,12.429
2042,DJF,South West England,0.562,9.276
2043,DJF,South West England,0.689,12.936
2044,DJF,South West England,0.522,6.840
2045,DJF,South West England,0.497,9.994
2046,DJF,South West England,0.450,7.583
2047,DJF,South West England,0.569,9.635
2048,DJF,South West England,0.408,6.692
2049,DJF,South West England,0.416,5.218
2050,DJF,South West England,0.530,7.455
2051,DJF,South West England,0.380,4.429
2052,DJF,South West England,0.512,11.622
2053,DJF,South West England,0.513,7.404
2054,DJF,South West England,0.611,8.045
2055,DJF,South West England,0.568,9.013
2056,DJF,South West England,0.410,7.814
2057,DJF,South West England,0.576,7.263
2058,DJF,South West England,0.594,7.865
2059,DJF,South West England,0.522,11.154
2060,DJF,South West England,0.561,5.538
2061,DJF,South West England,0.606,7.885
2062,DJF,South West England,0.604,6.865
2063,DJF,South West England,0.581,11.244
2064,DJF,South West England,0.486,5.532
2065,DJF,South West England,0.561,7.705
2066,DJF,South West England,0.532,7.353
2067,DJF,South West England,0.628,11.641
2068,DJF,South West England,0.430,9.276
2069,DJF,South West England,0.567,9.724
2070,DJF,South West England,0.532,8.827
2071,DJF,South West England,0.570,12.660
2072,DJF,South West England,0.640,10.186
2073,DJF,South West England,0.560,9.449
2074,DJF,South West England,0.521,7.192
2075,DJF,South West England,0.548,8.359
2076,DJF,South West England,0.489,6.833
2077,DJF,South West England,0.622,14.321
2078,DJF,South West England,0.593,10.519
2079,DJF,South West England,0.703,12.635
2080,DJF,South West England,0.440,6.859
1981,DJF,West Midlands,0.428,4.651
1982,DJF,West Midlands,0.551,11.814
1983,DJF,West Midlands,0.620,11.500
1984,DJF,West Midlands,0.482,6.372
1985,DJF,West Midlands,0.555,7.512
1986,DJF,West Midlands,0.396,8.570
1987,DJF,West Midlands,0.499,5.349
1988,DJF,West Midlands,0.577,10.500
1989,DJF,West Midlands,0.433,5.767
1990,DJF,West Midlands,0.353,7.756
1991,DJF,West Midlands,0.469,5.919
1992,DJF,West Midlands,0.404,7.000
1993,DJF,West Midlands,0.468,8.302
1994,DJF,West Midlands,0.410,7.360
1995,DJF,West Midlands,0.376,5.791
1996,DJF,West Midlands,0.457,5.837
1997,DJF,West Midlands,0.518,7.116
1998,DJF,West Midlands,0.519,6.012
1999,DJF,West Midlands,0.494,6.907
2000,DJF,West Midlands,0.594,9.977
2001,DJF,West Midlands,0.439,6.535
2002,DJF,West Midlands,0.498,7.686
2003,DJF,West Midlands,0.590,7.988
2004,DJF,West Midlands,0.453,6.023
2005,DJF,West Midlands,0.560,6.198
2006,DJF,West Midlands,0.552,5.314
2007,DJF,West Midlands,0.493,10.081
2008,DJF,West Midlands,0.634,10.721
2009,DJF,West Midlands,0.437,7.314
2010,DJF,West Midlands,0.621,6.942
2011,DJF,West Midlands,0.470,6.581
2012,DJF,West Midlands,0.546,5.419
2013,DJF,West Midlands,0.686,12.291
2014,DJF,West Midlands,0.320,4.744
2015,DJF,West Midlands,0.516,7.174
2016,DJF,West Midlands,0.548,7.593
2017,DJF,West Midlands,0.585,7.209
2018,DJF,West Midlands,0.514,7.442
2019,DJF,West Midlands,0.450,5.163
2020,DJF,West Midlands,0.436,9.360
2021,DJF,West Midlands,0.518,6.198
2022,DJF,West Midlands,0.521,6.919
2023,DJF,West Midlands,0.623,9.326
2024,DJF,West Midlands,0.362,5.000
2025,DJF,West Midlands,0.452,7.244
2026,DJF,West Midlands,0.520,6.128
2027,DJF,West Midlands,0.475,5.326
2028,DJF,West Midlands,0.588,8.860
2029,DJF,West Midlands,0.556,6.802
2030,DJF,West Midlands,0.535,7.523
2031,DJF,West Midlands,0.471,5.116
2032,DJF,West Midlands,0.508,8.570
2033,DJF,West Midlands,0.572,7.453
2034,DJF,West Midlands,0.504,6.337
2035,DJF,West Midlands,0.557,8.547
2036,DJF,West Midlands,0.427,5.128
2037,DJF,West Midlands,0.490,8.977
2038,DJF,West Midlands,0.527,6.523
2039,DJF,West Midlands,0.352,4.302
2040,DJF,West Midlands,0.318,5.384
2041,DJF,West Midlands,0.466,6.628
2042,DJF,West Midlands,0.461,7.977
2043,DJF,West Midlands,0.607,15.872
2044,DJF,West Midlands,0.490,6.698
2045,DJF,West Midlands,0.440,6.174
2046,DJF,West Midlands,0.422,5.791
2047,DJF,West Midlands,0.498,5.942
2048,DJF,West Midlands,0.376,6.186
2049,DJF,West Midlands,0.386,4.872
2050,DJF,West Midlands,0.481,5.988
2051,DJF,West Midlands,0.364,4.733
2052,DJF,West Midlands,0.481,10.174
2053,DJF,West Midlands,0.394,4.128
2054,DJF,West Midlands,0.505,6.372
2055,DJF,West Midlands,0.493,7.488
2056,DJF,West Midlands,0.367,7.512
2057,DJF,West Midlands,0.512,6.384
2058,DJF,West Midlands,0.485,7.395
2059,DJF,West Midlands,0.478,7.442
2060,DJF,West Midlands,0.469,4.593
2061,DJF,West Midlands,0.552,5.977
2062,DJF,West Midlands,0.521,5.721
2063,DJF,West Midlands,0.497,7.488
2064,DJF,West Midlands,0.448,4.860
2065,DJF,West Midlands,0.489,6.663
2066,DJF,West Midlands,0.515,9.023
2067,DJF,West Midlands,0.558,8.558
2068,DJF,West Midlands,0.348,5.907
2069,DJF,West Midlands,0.533,11.279
2070,DJF,West Midlands,0.463,7.802
2071,DJF,West Midlands,0.478,7.384
2072,DJF,West Midlands,0.562,9.419
2073,DJF,West Midlands,0.502,6.186
2074,DJF,West Midlands,0.458,5.814
2075,DJF,West Midlands,0.470,4.744
2076,DJF,West Midlands,0.399,5.314
2077,DJF,West Midlands,0.577,12.977
2078,DJF,West Midlands,0.509,7.047
2079,DJF,West Midlands,0.639,8.605
2080,DJF,West Midlands,0.398,5.023
1981,DJF,West Scotland,0.610,9.000
1982,DJF,West Scotland,0.795,18.439
1983,DJF,West Scotland,0.628,10.697
1984,DJF,West Scotland,0.710,15.364
1985,DJF,West Scotland,0.621,13.424
1986,DJF,West Scotland,0.448,7.348
1987,DJF,West Scotland,0.733,13.061
1988,DJF,West Scotland,0.791,15.038
1989,DJF,West Scotland,0.664,12.947
1990,DJF,West Scotland,0.471,9.318
1991,DJF,West Scotland,0.745,13.841
1992,DJF,West Scotland,0.503,9.758
1993,DJF,West Scotland,0.603,9.045
1994,DJF,West Scotland,0.588,12.705
1995,DJF,West Scotland,0.721,18.795
1996,DJF,West Scotland,0.526,8.833
1997,DJF,West Scotland,0.696,14.977
1998,DJF,West Scotland,0.635,13.848
1999,DJF,West Scotland,0.697,12.621
2000,DJF,West Scotland,0.654,12.606
2001,DJF,West Scotland,0.766,17.932
2002,DJF,West Scotland,0.669,18.402
2003,DJF,West Scotland,0.727,12.697
2004,DJF,West Scotland,0.757,14.333
2005,DJF,West Scotland,0.738,19.485
2006,DJF,West Scotland,0.760,19.735
2007,DJF,West Scotland,0.585,9.886
2008,DJF,West Scotland,0.770,13.894
2009,DJF,West Scotland,0.682,11.492
2010,DJF,West Scotland,0.786,13.917
2011,DJF,West Scotland,0.635,9.068
2012,DJF,West Scotland,0.728,14.750
2013,DJF,West Scotland,0.798,16.720
2014,DJF,West Scotland,0.632,13.977
2015,DJF,West Scotland,0.704,13.121
2016,DJF,West Scotland,0.656,10.462
2017,DJF,West Scotland,0.691,15.227
2018,DJF,West Scotland,0.755,15.318
2019,DJF,West Scotland,0.699,11.523
2020,DJF,West Scotland,0.606,14.197
2021,DJF,West Scotland,0.593,9.795
2022,DJF,West Scotland,0.665,10.674
2023,DJF,West Scotland,0.676,15.280
2024,DJF,West Scotland,0.583,8.955
2025,DJF,West Scotland,0.696,16.364
2026,DJF,West Scotland,0.786,19.167
2027,DJF,West Scotland,0.697,11.689
2028,DJF,West Scotland,0.661,13.205
2029,DJF,West Scotland,0.672,10.856
2030,DJF,West Scotland,0.640,8.197
2031,DJF,West Scotland,0.735,14.167
2032,DJF,West Scotland,0.689,15.856
2033,DJF,West Scotland,0.649,9.795
2034,DJF,West Scotland,0.402,7.045
2035,DJF,West Scotland,0.726,16.848
2036,DJF,West Scotland,0.627,14.114
2037,DJF,West Scotland,0.673,12.682
2038,DJF,West Scotland,0.609,15.318
2039,DJF,West Scotland,0.566,9.856
2040,DJF,West Scotland,0.640,14.424
2041,DJF,West Scotland,0.654,11.795
2042,DJF,West Scotland,0.819,18.303
2043,DJF,West Scotland,0.734,19.500
2044,DJF,West Scotland,0.558,11.220
2045,DJF,West Scotland,0.706,17.386
2046,DJF,West Scotland,0.502,14.288
2047,DJF,West Scotland,0.798,17.189
2048,DJF,West Scotland,0.537,8.826
2049,DJF,West Scotland,0.592,10.318
2050,DJF,West Scotland,0.649,12.098
2051,DJF,West Scotland,0.520,7.189
2052,DJF,West Scotland,0.574,8.848
2053,DJF,West Scotland,0.795,18.705
2054,DJF,West Scotland,0.530,6.553
2055,DJF,West Scotland,0.586,13.864
2056,DJF,West Scotland,0.706,16.091
2057,DJF,West Scotland,0.560,9.568
2058,DJF,West Scotland,0.787,14.947
2059,DJF,West Scotland,0.570,11.977
2060,DJF,West Scotland,0.753,10.947
2061,DJF,West Scotland,0.706,12.735
2062,DJF,West Scotland,0.705,13.379
2063,DJF,West Scotland,0.705,14.288
2064,DJF,West Scotland,0.684,12.515
2065,DJF,West Scotland,0.709,11.167
2066,DJF,West Scotland,0.749,14.136
2067,DJF,West Scotland,0.792,20.159
2068,DJF,West Scotland,0.658,15.735
2069,DJF,West Scotland,0.569,19.788
2070,DJF,West Scotland,0.708,14.364
2071,DJF,West Scotland,0.629,11.485
2072,DJF,West Scotland,0.709,14.985
2073,DJF,West Scotland,0.699,12.841
2074,DJF,West Scotland,0.748,12.811
2075,DJF,West Scotland,0.711,15.447
2076,DJF,West Scotland,0.747,13.795
2077,DJF,West Scotland,0.613,13.159
2078,DJF,West Scotland,0.833,19.500
2079,DJF,West Scotland,0.759,14.689
2080,DJF,West Scotland,0.632,11.318
1981,DJF,Yorkshire and Humber,0.503,6.465
1982,DJF,Yorkshire and Humber,0.568,12.683
1983,DJF,Yorkshire and Humber,0.678,12.020
1984,DJF,Yorkshire and Humber,0.490,6.584
1985,DJF,Yorkshire and Humber,0.542,6.436
1986,DJF,Yorkshire and Humber,0.417,6.337
1987,DJF,Yorkshire and Humber,0.566,8.525
1988,DJF,Yorkshire and Humber,0.533,9.980
1989,DJF,Yorkshire and Humber,0.510,10.812
1990,DJF,Yorkshire and Humber,0.382,5.525
1991,DJF,Yorkshire and Humber,0.570,9.238
1992,DJF,Yorkshire and Humber,0.433,5.960
1993,DJF,Yorkshire and Humber,0.453,9.277
1994,DJF,Yorkshire and Humber,0.467,7.584
1995,DJF,Yorkshire and Humber,0.471,7.594
1996,DJF,Yorkshire and Humber,0.514,8.525
1997,DJF,Yorkshire and Humber,0.544,9.208
1998,DJF,Yorkshire and Humber,0.501,8.545
1999,DJF,Yorkshire and Humber,0.562,6.515
2000,DJF,Yorkshire and Humber,0.618,8.020
2001,DJF,Yorkshire and Humber,0.537,9.099
2002,DJF,Yorkshire and Humber,0.510,9.228
2003,DJF,Yorkshire and Humber,0.611,8.158
2004,DJF,Yorkshire and Humber,0.480,8.772
2005,DJF,Yorkshire and Humber,0.567,7.426
2006,DJF,Yorkshire and Humber,0.568,8.119
2007,DJF,Yorkshire and Humber,0.496,6.515
2008,DJF,Yorkshire and Humber,0.670,10.287
2009,DJF,Yorkshire and Humber,0.527,8.564
2010,DJF,Yorkshire and Humber,0.610,8.653
2011,DJF,Yorkshire and Humber,0.493,7.673
2012,DJF,Yorkshire and Humber,0.538,6.515
2013,DJF,Yorkshire and Humber,0.707,12.119
2014,DJF,Yorkshire and Humber,0.411,7.297
2015,DJF,Yorkshire and Humber,0.539,8.426
2016,DJF,Yorkshire and Humber,0.538,7.663
2017,DJF,Yorkshire and Humber,0.572,8.386
2018,DJF,Yorkshire and Humber,0.550,9.455
2019,DJF,Yorkshire and Humber,0.449,5.050
2020,DJF,Yorkshire and Humber,0.475,8.267
2021,DJF,Yorkshire and Humber,0.534,8.158
2022,DJF,Yorkshire and Humber,0.479,6.663
2023,DJF,Yorkshire and Humber,0.592,10.208
2024,DJF,Yorkshire and Humber,0.421,6.723
2025,DJF,Yorkshire and Humber,0.506,11.574
2026,DJF,Yorkshire and Humber,0.568,10.832
2027,DJF,Yorkshire and Humber,0.508,6.079
2028,DJF,Yorkshire and Humber,0.570,8.663
2029,DJF,Yorkshire and Humber,0.550,6.931
2030,DJF,Yorkshire and Humber,0.485,6.495
2031,DJF,Yorkshire and Humber,0.466,5.198
2032,DJF,Yorkshire and Humber,0.502,8.089
2033,DJF,Yorkshire and Humber,0.650,7.851
2034,DJF,Yorkshire and Humber,0.421,6.822
2035,DJF,Yorkshire and Humber,0.533,7.020
2036,DJF,Yorkshire and Humber,0.430,7.030
2037,DJF,Yorkshire and Humber,0.495,7.030
2038,DJF,Yorkshire and Humber,0.516,8.455
2039,DJF,Yorkshire and Humber,0.357,5.000
2040,DJF,Yorkshire and Humber,0.384,5.812
2041,DJF,Yorkshire and Humber,0.472,6.386
2042,DJF,Yorkshire and Humber,0.534,8.485
2043,DJF,Yorkshire and Humber,0.626,9.703
2044,DJF,Yorkshire and Humber,0.511,6.901
2045,DJF,Yorkshire and Humber,0.451,7.208
2046,DJF,Yorkshire and Humber,0.474,6.723
2047,DJF,Yorkshire and Humber,0.519,7.257
2048,DJF,Yorkshire and Humber,0.351,4.861
2049,DJF,Yorkshire and Humber,0.404,5.812
2050,DJF,Yorkshire and Humber,0.450,6.178
2051,DJF,Yorkshire and Humber,0.455,7.129
2052,DJF,Yorkshire and Humber,0.526,12.782
2053,DJF,Yorkshire and Humber,0.467,7.000
2054,DJF,Yorkshire and Humber,0.511,7.485
2055,DJF,Yorkshire and Humber,0.486,8.614
2056,DJF,Yorkshire and Humber,0.421,9.832
2057,DJF,Yorkshire and Humber,0.466,5.119
2058,DJF,Yorkshire and Humber,0.500,7.079
2059,DJF,Yorkshire and Humber,0.507,7.871
2060,DJF,Yorkshire and Humber,0.464,5.713
2061,DJF,Yorkshire and Humber,0.512,6.950
2062,DJF,Yorkshire and Humber,0.526,6.614
2063,DJF,Yorkshire and Humber,0.574,8.257
2064,DJF,Yorkshire and Humber,0.497,7.495
2065,DJF,Yorkshire and Humber,0.514,6.752
2066,DJF,Yorkshire and Humber,0.526,8.960
2067,DJF,Yorkshire and Humber,0.560,8.673
2068,DJF,Yorkshire and Humber,0.398,7.376
2069,DJF,Yorkshire and Humber,0.572,11.733
2070,DJF,Yorkshire and Humber,0.496,7.010
2071,DJF,Yorkshire and Humber,0.492,11.376
2072,DJF,Yorkshire and Humber,0.562,10.327
2073,DJF,Yorkshire and Humber,0.510,8.257
2074,DJF,Yorkshire and Humber,0.474,6.515
2075,DJF,Yorkshire and Humber,0.505,6.703
2076,DJF,Yorkshire and Humber,0.469,7.059
2077,DJF,Yorkshire and Humber,0.572,8.772
2078,DJF,Yorkshire and Humber,0.628,11.960
2079,DJF,Yorkshire and Humber,0.644,10.693
2080,DJF,Yorkshire and Humber,0.437,5.525
1981,DJF,Channel Islands,0.522,8.000
1982,DJF,Channel Islands,0.544,8.500
1983,DJF,Channel Islands,0.644,11.000
1984,DJF,Channel Islands,0.472,8.000
1985,DJF,Channel Islands,0.650,11.000
1986,DJF,Channel Islands,0.439,10.000
1987,DJF,Channel Islands,0.617,13.000
1988,DJF,Channel Islands,0.611,12.000
1989,DJF,Channel Islands,0.444,9.000
1990,DJF,Channel Islands,0.244,4.000
1991,DJF,Channel Islands,0.517,5.000
1992,DJF,Channel Islands,0.494,7.000
1993,DJF,Channel Islands,0.517,7.000
1994,DJF,Channel Islands,0.411,5.000
1995,DJF,Channel Islands,0.456,9.500
1996,DJF,Channel Islands,0.461,7.000
1997,DJF,Channel Islands,0.494,7.500
1998,DJF,Channel Islands,0.561,6.500
1999,DJF,Channel Islands,0.644,11.000
2000,DJF,Channel Islands,0.639,13.000
2001,DJF,Channel Islands,0.467,9.500
2002,DJF,Channel Islands,0.422,11.000
2003,DJF,Channel Islands,0.450,6.000
2004,DJF,Channel Islands,0.461,4.000
2005,DJF,Channel Islands,0.544,9.000
2006,DJF,Channel Islands,0.628,11.500
2007,DJF,Channel Islands,0.517,8.000
2008,DJF,Channel Islands,0.633,14.000
2009,DJF,Channel Islands,0.489,9.500
2010,DJF,Channel Islands,0.594,14.000
2011,DJF,Channel Islands,0.600,8.000
2012,DJF,Channel Islands,0.583,8.000
2013,DJF,Channel Islands,0.717,17.000
2014,DJF,Channel Islands,0.328,5.000
2015,DJF,Channel Islands,0.494,7.000
2016,DJF,Channel Islands,0.494,10.000
2017,DJF,Channel Islands,0.622,8.000
2018,DJF,Channel Islands,0.522,6.000
2019,DJF,Channel Islands,0.450,6.500
2020,DJF,Channel Islands,0.411,9.000
2021,DJF,Channel Islands,0.561,7.000
2022,DJF,Channel Islands,0.422,7.000
2023,DJF,Channel Islands,0.539,5.500
2024,DJF,Channel Islands,0.450,4.000
2025,DJF,Channel Islands,0.422,7.000
2026,DJF,Channel Islands,0.489,6.000
2027,DJF,Channel Islands,0.389,4.000
2028,DJF,Channel Islands,0.611,10.000
2029,DJF,Channel Islands,0.550,5.000
2030,DJF,Channel Islands,0.450,6.000
2031,DJF,Channel Islands,0.478,4.000
2032,DJF,Channel Islands,0.561,7.500
2033,DJF,Channel Islands,0.550,10.000
2034,DJF,Channel Islands,0.556,8.000
2035,DJF,Channel Islands,0.589,10.500
2036,DJF,Channel Islands,0.483,8.000
2037,DJF,Channel Islands,0.506,11.000
2038,DJF,Channel Islands,0.644,12.000
2039,DJF,Channel Islands,0.422,6.000
2040,DJF,Channel Islands,0.306,7.500
2041,DJF,Channel Islands,0.456,10.000
2042,DJF,Channel Islands,0.528,7.000
2043,DJF,Channel Islands,0.583,6.000
2044,DJF,Channel Islands,0.506,8.000
2045,DJF,Channel Islands,0.383,8.000
2046,DJF,Channel Islands,0.394,7.000
2047,DJF,Channel Islands,0.433,6.000
2048,DJF,Channel Islands,0.344,6.000
2049,DJF,Channel Islands,0.378,13.000
2050,DJF,Channel Islands,0.489,5.000
2051,DJF,Channel Islands,0.322,4.000
2052,DJF,Channel Islands,0.517,22.500
2053,DJF,Channel Islands,0.444,8.500
2054,DJF,Channel Islands,0.544,8.500
2055,DJF,Channel Islands,0.572,7.000
2056,DJF,Channel Islands,0.328,8.000
2057,DJF,Channel Islands,0.578,8.500
2058,DJF,Channel Islands,0.517,7.500
2059,DJF,Channel Islands,0.517,12.000
2060,DJF,Channel Islands,0.517,5.000
2061,DJF,Channel Islands,0.567,9.000
2062,DJF,Channel Islands,0.578,8.500
2063,DJF,Channel Islands,0.489,9.000
2064,DJF,Channel Islands,0.472,5.000
2065,DJF,Channel Islands,0.500,7.000
2066,DJF,Channel Islands,0.472,6.500
2067,DJF,Channel Islands,0.556,6.000
2068,DJF,Channel Islands,0.428,4.500
2069,DJF,Channel Islands,0.472,6.500
2070,DJF,Channel Islands,0.372,7.500
2071,DJF,Channel Islands,0.539,9.000
2072,DJF,Channel Islands,0.578,12.000
2073,DJF,Channel Islands,0.517,8.000
2074,DJF,Channel Islands,0.450,5.500
2075,DJF,Channel Islands,0.483,4.000
2076,DJF,Channel Islands,0.383,8.000
2077,DJF,Channel Islands,0.556,10.000
2078,DJF,Channel Islands,0.594,12.500
2079,DJF,Channel Islands,0.656,13.000
2080,DJF,Channel Islands,0.389,5.000
1981,DJF,Isle of Man,0.530,9.000
1982,DJF,Isle of Man,0.656,11.000
1983,DJF,Isle of Man,0.641,8.333
1984,DJF,Isle of Man,0.589,6.333
1985,DJF,Isle of Man,0.563,9.000
1986,DJF,Isle of Man,0.389,4.000
1987,DJF,Isle of Man,0.622,7.000
1988,DJF,Isle of Man,0.663,8.000
1989,DJF,Isle of Man,0.585,7.333
1990,DJF,Isle of Man,0.470,9.000
1991,DJF,Isle of Man,0.685,10.000
1992,DJF,Isle of Man,0.430,6.000
1993,DJF,Isle of Man,0.456,7.333
1994,DJF,Isle of Man,0.478,8.000
1995,DJF,Isle of Man,0.600,7.000
1996,DJF,Isle of Man,0.522,6.000
1997,DJF,Isle of Man,0.596,8.000
1998,DJF,Isle of Man,0.519,7.667
1999,DJF,Isle of Man,0.548,6.000
2000,DJF,Isle of Man,0.619,16.667
2001,DJF,Isle of Man,0.530,5.000
2002,DJF,Isle of Man,0.533,8.667
2003,DJF,Isle of Man,0.670,7.000
2004,DJF,Isle of Man,0.559,6.000
2005,DJF,Isle of Man,0.596,8.667
2006,DJF,Isle of Man,0.652,9.000
2007,DJF,Isle of Man,0.474,8.000
2008,DJF,Isle of Man,0.685,8.333
2009,DJF,Isle of Man,0.526,6.333
2010,DJF,Isle of Man,0.644,7.000
2011,DJF,Isle of Man,0.519,9.000
2012,DJF,Isle of Man,0.615,7.000
2013,DJF,Isle of Man,0.704,9.667
2014,DJF,Isle of Man,0.556,6.000
2015,DJF,Isle of Man,0.578,6.000
2016,DJF,Isle of Man,0.585,4.667
2017,DJF,Isle of Man,0.659,15.000
2018,DJF,Isle of Man,0.611,8.000
2019,DJF,Isle of Man,0.637,5.000
2020,DJF,Isle of Man,0.530,11.333
2021,DJF,Isle of Man,0.563,6.000
2022,DJF,Isle of Man,0.622,13.667
2023,DJF,Isle of Man,0.659,12.333
2024,DJF,Isle of Man,0.489,6.333
2025,DJF,Isle of Man,0.526,9.667
2026,DJF,Isle of Man,0.570,7.333
2027,DJF,Isle of Man,0.585,6.333
2028,DJF,Isle of Man,0.563,6.000
2029,DJF,Isle of Man,0.600,9.667
2030,DJF,Isle of Man,0.622,7.000
2031,DJF,Isle of Man,0.570,6.000
2032,DJF,Isle of Man,0.567,7.667
2033,DJF,Isle of Man,0.630,6.667
2034,DJF,Isle of Man,0.411,5.000
2035,DJF,Isle of Man,0.578,8.000
2036,DJF,Isle of Man,0.519,7.333
2037,DJF,Isle of Man,0.593,7.000
2038,DJF,Isle of Man,0.581,7.000
2039,DJF,Isle of Man,0.474,7.000
2040,DJF,Isle of Man,0.470,5.333
2041,DJF,Isle of Man,0.607,9.000
2042,DJF,Isle of Man,0.667,8.000
2043,DJF,Isle of Man,0.633,10.000
2044,DJF,Isle of Man,0.519,4.000
2045,DJF,Isle of Man,0.574,8.667
2046,DJF,Isle of Man,0.437,6.000
2047,DJF,Isle of Man,0.615,12.333
2048,DJF,Isle of Man,0.430,7.000
2049,DJF,Isle of Man,0.496,5.000
2050,DJF,Isle of Man,0.515,5.667
2051,DJF,Isle of Man,0.493,5.667
2052,DJF,Isle of Man,0.452,5.667
2053,DJF,Isle of Man,0.552,5.000
2054,DJF,Isle of Man,0.537,5.000
2055,DJF,Isle of Man,0.500,6.333
2056,DJF,Isle of Man,0.537,8.667
2057,DJF,Isle of Man,0.493,6.000
2058,DJF,Isle of Man,0.596,7.667
2059,DJF,Isle of Man,0.474,9.000
2060,DJF,Isle of Man,0.533,7.000
2061,DJF,Isle of Man,0.615,7.333
2062,DJF,Isle of Man,0.593,9.000
2063,DJF,Isle of Man,0.530,6.000
2064,DJF,Isle of Man,0.552,6.333
2065,DJF,Isle of Man,0.589,8.000
2066,DJF,Isle of Man,0.578,10.667
2067,DJF,Isle of Man,0.619,8.000
2068,DJF,Isle of Man,0.444,6.333
2069,DJF,Isle of Man,0.593,16.000
2070,DJF,Isle of Man,0.548,9.000
2071,DJF,Isle of Man,0.570,8.667
2072,DJF,Isle of Man,0.593,11.333
2073,DJF,Isle of Man,0.622,12.667
2074,DJF,Isle of Man,0.581,8.000
2075,DJF,Isle of Man,0.519,7.000
2076,DJF,Isle of Man,0.541,7.333
2077,DJF,Isle of Man,0.619,7.667
2078,DJF,Isle of Man,0.637,6.000
2079,DJF,Isle of Man,0.707,12.000
2080,DJF,Isle of Man,0.474,9.000
1981,DJF,Northern Ireland,0.571,7.200
1982,DJF,Northern Ireland,0.732,10.482
1983,DJF,Northern Ireland,0.639,10.082
1984,DJF,Northern Ireland,0.656,12.835
1985,DJF,Northern Ireland,0.610,10.929
1986,DJF,Northern Ireland,0.448,7.518
1987,DJF,Northern Ireland,0.653,8.929
1988,DJF,Northern Ireland,0.741,12.565
1989,DJF,Northern Ireland,0.633,10.306
1990,DJF,Northern Ireland,0.474,8.600
1991,DJF,Northern Ireland,0.677,12.212
1992,DJF,Northern Ireland,0.474,6.788
1993,DJF,Northern Ireland,0.497,7.224
1994,DJF,Northern Ireland,0.525,7.424
1995,DJF,Northern Ireland,0.616,14.647
1996,DJF,Northern Ireland,0.536,7.306
1997,DJF,Northern Ireland,0.682,11.224
1998,DJF,Northern Ireland,0.594,7.718
1999,DJF,Northern Ireland,0.658,8.294
2000,DJF,Northern Ireland,0.667,12.506
2001,DJF,Northern Ireland,0.612,9.047
2002,DJF,Northern Ireland,0.605,12.047
2003,DJF,Northern Ireland,0.661,8.706
2004,DJF,Northern Ireland,0.653,11.847
2005,DJF,Northern Ireland,0.701,12.871
2006,DJF,Northern Ireland,0.694,12.600
2007,DJF,Northern Ireland,0.571,9.459
2008,DJF,Northern Ireland,0.759,12.976
2009,DJF,Northern Ireland,0.650,10.635
2010,DJF,Northern Ireland,0.696,8.482
2011,DJF,Northern Ireland,0.618,8.435
2012,DJF,Northern Ireland,0.684,12.612
2013,DJF,Northern Ireland,0.769,13.835
2014,DJF,Northern Ireland,0.601,9.553
2015,DJF,Northern Ireland,0.634,8.529
2016,DJF,Northern Ireland,0.625,8.412
2017,DJF,Northern Ireland,0.674,12.212
2018,DJF,Northern Ireland,0.669,12.259
2019,DJF,Northern Ireland,0.632,10.294
2020,DJF,Northern Ireland,0.596,9.071
2021,DJF,Northern Ireland,0.615,11.953
2022,DJF,Northern Ireland,0.577,8.200
2023,DJF,Northern Ireland,0.639,11.282
2024,DJF,Northern Ireland,0.578,7.435
2025,DJF,Northern Ireland,0.578,16.600
2026,DJF,Northern Ireland,0.646,8.518
2027,DJF,Northern Ireland,0.586,10.282
2028,DJF,Northern Ireland,0.608,10.118
2029,DJF,Northern Ireland,0.615,11.165
2030,DJF,Northern Ireland,0.644,8.918
2031,DJF,Northern Ireland,0.641,10.224
2032,DJF,Northern Ireland,0.621,8.694
2033,DJF,Northern Ireland,0.667,9.435
2034,DJF,Northern Ireland,0.466,6.059
2035,DJF,Northern Ireland,0.644,14.094
2036,DJF,Northern Ireland,0.585,9.224
2037,DJF,Northern Ireland,0.584,10.553
2038,DJF,Northern Ireland,0.644,15.800
2039,DJF,Northern Ireland,0.568,10.706
2040,DJF,Northern Ireland,0.513,7.282
2041,DJF,Northern Ireland,0.614,10.765
2042,DJF,Northern Ireland,0.677,10.529
2043,DJF,Northern Ireland,0.656,10.024
2044,DJF,Northern Ireland,0.585,9.388
2045,DJF,Northern Ireland,0.627,18.247
2046,DJF,Northern Ireland,0.515,7.635
2047,DJF,Northern Ireland,0.683,10.588
2048,DJF,Northern Ireland,0.490,5.588
2049,DJF,Northern Ireland,0.510,7.953
2050,DJF,Northern Ireland,0.650,10.753
2051,DJF,Northern Ireland,0.567,8.953
2052,DJF,Northern Ireland,0.543,7.941
2053,DJF,Northern Ireland,0.669,11.918
2054,DJF,Northern Ireland,0.621,7.400
2055,DJF,Northern Ireland,0.558,8.259
2056,DJF,Northern Ireland,0.601,11.329
2057,DJF,Northern Ireland,0.536,8.412
2058,DJF,Northern Ireland,0.698,11.424
2059,DJF,Northern Ireland,0.563,9.812
2060,DJF,Northern Ireland,0.715,14.576
2061,DJF,Northern Ireland,0.589,9.047
2062,DJF,Northern Ireland,0.645,8.894
2063,DJF,Northern Ireland,0.617,9.082
2064,DJF,Northern Ireland,0.591,8.024
2065,DJF,Northern Ireland,0.701,11.141
2066,DJF,Northern Ireland,0.652,14.118
2067,DJF,Northern Ireland,0.673,12.765
2068,DJF,Northern Ireland,0.580,12.329
2069,DJF,Northern Ireland,0.585,9.506
2070,DJF,Northern Ireland,0.640,12.212
2071,DJF,Northern Ireland,0.559,8.176
2072,DJF,Northern Ireland,0.718,11.494
2073,DJF,Northern Ireland,0.601,9.424
2074,DJF,Northern Ireland,0.633,10.071
2075,DJF,Northern Ireland,0.627,9.518
2076,DJF,Northern Ireland,0.624,10.976
2077,DJF,Northern Ireland,0.597,9.765
2078,DJF,Northern Ireland,0.731,14.682
2079,DJF,Northern Ireland,0.737,16.118
2080,DJF,Northern Ireland,0.557,8.694
1981,DJF,Wales,0.589,10.120
1982,DJF,Wales,0.729,18.947
1983,DJF,Wales,0.675,16.128
1984,DJF,Wales,0.679,11.835
1985,DJF,Wales,0.683,12.383
1986,DJF,Wales,0.492,7.579
1987,DJF,Wales,0.704,11.226
1988,DJF,Wales,0.749,16.714
1989,DJF,Wales,0.667,10.188
1990,DJF,Wales,0.418,7.368
1991,DJF,Wales,0.664,12.105
1992,DJF,Wales,0.535,9.609
1993,DJF,Wales,0.578,11.368
1994,DJF,Wales,0.578,12.820
1995,DJF,Wales,0.620,11.586
1996,DJF,Wales,0.584,9.301
1997,DJF,Wales,0.673,12.872
1998,DJF,Wales,0.634,7.767
1999,DJF,Wales,0.716,11.128
2000,DJF,Wales,0.702,16.120
2001,DJF,Wales,0.704,16.293
2002,DJF,Wales,0.619,10.226
2003,DJF,Wales,0.702,12.338
2004,DJF,Wales,0.696,13.226
2005,DJF,Wales,0.750,13.256
2006,DJF,Wales,0.667,13.564
2007,DJF,Wales,0.582,15.241
2008,DJF,Wales,0.786,14.887
2009,DJF,Wales,0.615,9.053
2010,DJF,Wales,0.755,13.466
2011,DJF,Wales,0.610,9.602
2012,DJF,Wales,0.718,14.195
2013,DJF,Wales,0.832,18.617
2014,DJF,Wales,0.543,8.180
2015,DJF,Wales,0.646,14.474
2016,DJF,Wales,0.652,11.286
2017,DJF,Wales,0.736,13.278
2018,DJF,Wales,0.687,14.564
2019,DJF,Wales,0.621,10.038
2020,DJF,Wales,0.615,13.414
2021,DJF,Wales,0.635,10.308
2022,DJF,Wales,0.649,11.865
2023,DJF,Wales,0.735,25.203
2024,DJF,Wales,0.542,8.586
2025,DJF,Wales,0.614,15.414
2026,DJF,Wales,0.743,11.015
2027,DJF,Wales,0.645,9.173
2028,DJF,Wales,0.693,19.496
2029,DJF,Wales,0.664,11.271
2030,DJF,Wales,0.686,11.105
2031,DJF,Wales,0.648,12.759
2032,DJF,Wales,0.671,11.060
2033,DJF,Wales,0.641,9.571
2034,DJF,Wales,0.520,7.135
2035,DJF,Wales,0.689,16.632
2036,DJF,Wales,0.592,9.782
2037,DJF,Wales,0.609,11.150
2038,DJF,Wales,0.671,12.308
2039,DJF,Wales,0.507,8.075
2040,DJF,Wales,0.513,11.564
2041,DJF,Wales,0.642,16.323
2042,DJF,Wales,0.726,13.414
2043,DJF,Wales,0.764,20.286
2044,DJF,Wales,0.607,11.571
2045,DJF,Wales,0.606,13.932
2046,DJF,Wales,0.505,10.414
2047,DJF,Wales,0.710,11.098
2048,DJF,Wales,0.483,6.759
2049,DJF,Wales,0.535,6.992
2050,DJF,Wales,0.641,10.038
2051,DJF,Wales,0.516,7.850
2052,DJF,Wales,0.589,15.511
2053,DJF,Wales,0.634,9.985
2054,DJF,Wales,0.636,8.556
2055,DJF,Wales,0.642,14.797
2056,DJF,Wales,0.569,12.173
2057,DJF,Wales,0.639,9.248
2058,DJF,Wales,0.682,13.128
2059,DJF,Wales,0.550,11.534
2060,DJF,Wales,0.663,8.376
2061,DJF,Wales,0.684,10.647
2062,DJF,Wales,0.660,8.323
2063,DJF,Wales,0.654,15.684
2064,DJF,Wales,0.620,10.248
2065,DJF,Wales,0.687,11.880
2066,DJF,Wales,0.673,11.782
2067,DJF,Wales,0.737,12.376
2068,DJF,Wales,0.516,10.707
2069,DJF,Wales,0.619,14.850
2070,DJF,Wales,0.616,9.850
2071,DJF,Wales,0.610,13.120
2072,DJF,Wales,0.699,12.782
2073,DJF,Wales,0.671,12.511
2074,DJF,Wales,0.668,11.782
2075,DJF,Wales,0.646,12.451
2076,DJF,Wales,0.642,11.474
2077,DJF,Wales,0.688,15.023
2078,DJF,Wales,0.739,15.421
2079,DJF,Wales,0.790,14.902
2080,DJF,Wales,0.540,9.045
1981,MAM,East Midlands,0.396,7.049
1982,MAM,East Midlands,0.295,4.718
1983,MAM,East Midlands,0.555,5.748
1984,MAM,East Midlands,0.518,7.583
1985,MAM,East Midlands,0.444,6.214
1986,MAM,East Midlands,0.523,9.903
1987,MAM,East Midlands,0.293,5.971
1988,MAM,East Midlands,0.419,4.485
1989,MAM,East Midlands,0.443,4.456
1990,MAM,East Midlands,0.382,6.573
1991,MAM,East Midlands,0.402,8.534
1992,MAM,East Midlands,0.448,7.262
1993,MAM,East Midlands,0.454,7.155
1994,MAM,East Midlands,0.459,6.029
1995,MAM,East Midlands,0.419,6.107
1996,MAM,East Midlands,0.475,6.369
1997,MAM,East Midlands,0.387,10.155
1998,MAM,East Midlands,0.350,7.971
1999,MAM,East Midlands,0.416,9.058
2000,MAM,East Midlands,0.424,6.214
2001,MAM,East Midlands,0.417,7.194
2002,MAM,East Midlands,0.358,7.350
2003,MAM,East Midlands,0.366,5.068
2004,MAM,East Midlands,0.317,4.291
2005,MAM,East Midlands,0.398,5.291
2006,MAM,East Midlands,0.533,8.913
2007,MAM,East Midlands,0.623,6.796
2008,MAM,East Midlands,0.452,5.942
2009,MAM,East Midlands,0.459,6.544
2010,MAM,East Midlands,0.436,5.961
2011,MAM,East Midlands,0.444,8.311
2012,MAM,East Midlands,0.303,5.689
2013,MAM,East Midlands,0.370,5.437
2014,MAM,East Midlands,0.496,6.835
2015,MAM,East Midlands,0.354,4.922
2016,MAM,East Midlands,0.538,9.058
2017,MAM,East Midlands,0.447,6.107
2018,MAM,East Midlands,0.381,5.301
2019,MAM,East Midlands,0.235,3.631
2020,MAM,East Midlands,0.349,4.612
2021,MAM,East Midlands,0.411,7.427
2022,MAM,East Midlands,0.403,7.359
2023,MAM,East Midlands,0.425,5.078
2024,MAM,East Midlands,0.418,6.107
2025,MAM,East Midlands,0.480,6.689
2026,MAM,East Midlands,0.542,8.621
2027,MAM,East Midlands,0.386,6.660
2028,MAM,East Midlands,0.437,5.272
2029,MAM,East Midlands,0.386,5.000
2030,MAM,East Midlands,0.397,4.942
2031,MAM,East Midlands,0.366,6.786
2032,MAM,East Midlands,0.343,9.049
2033,MAM,East Midlands,0.313,6.350
2034,MAM,East Midlands,0.278,4.990
2035,MAM,East Midlands,0.303,5.291
2036,MAM,East Midlands,0.562,9.155
2037,MAM,East Midlands,0.357,5.563
2038,MAM,East Midlands,0.395,7.417
2039,MAM,East Midlands,0.338,4.971
2040,MAM,East Midlands,0.492,8.515
2041,MAM,East Midlands,0.476,8.291
2042,MAM,East Midlands,0.302,5.107
2043,MAM,East Midlands,0.320,6.524
2044,MAM,East Midlands,0.470,13.029
2045,MAM,East Midlands,0.334,5.573
2046,MAM,East Midlands,0.554,7.282
2047,MAM,East Midlands,0.367,4.757
2048,MAM,East Midlands,0.463,9.107
2049,MAM,East Midlands,0.399,5.777
2050,MAM,East Midlands,0.540,6.019
2051,MAM,East Midlands,0.334,4.165
2052,MAM,East Midlands,0.190,3.544
2053,MAM,East Midlands,0.295,4.592
2054,MAM,East Midlands,0.427,8.990
2055,MAM,East Midlands,0.570,7.291
2056,MAM,East Midlands,0.410,4.748
2057,MAM,East Midlands,0.344,6.709
2058,MAM,East Midlands,0.380,6.252
2059,MAM,East Midlands,0.327,6.816
2060,MAM,East Midlands,0.292,4.660
2061,MAM,East Midlands,0.309,5.388
2062,MAM,East Midlands,0.268,3.932
2063,MAM,East Midlands,0.454,6.184
2064,MAM,East Midlands,0.329,4.796
2065,MAM,East Midlands,0.234,3.854
2066,MAM,East Midlands,0.416,5.932
2067,MAM,East Midlands,0.461,8.097
2068,MAM,East Midlands,0.332,5.456
2069,MAM,East Midlands,0.221,6.272
2070,MAM,East Midlands,0.281,3.330
2071,MAM,East Midlands,0.403,6.058
2072,MAM,East Midlands,0.447,9.563
2073,MAM,East Midlands,0.313,4.932
2074,MAM,East Midlands,0.470,7.175
2075,MAM,East Midlands,0.201,3.767
2076,MAM,East Midlands,0.340,5.010
2077,MAM,East Midlands,0.485,7.311
2078,MAM,East Midlands,0.327,6.680
2079,MAM,East Midlands,0.359,5.417
2080,MAM,East Midlands,0.233,3.612
1981,MAM,East of England,0.356,5.976
1982,MAM,East of England,0.271,4.803
1983,MAM,East of England,0.528,6.362
1984,MAM,East of England,0.505,7.787
1985,MAM,East of England,0.420,5.890
1986,MAM,East of England,0.496,8.567
1987,MAM,East of England,0.260,4.906
1988,MAM,East of England,0.415,4.803
1989,MAM,East of England,0.412,4.362
1990,MAM,East of England,0.369,5.732
1991,MAM,East of England,0.371,6.780
1992,MAM,East of England,0.440,9.244
1993,MAM,East of England,0.447,5.969
1994,MAM,East of England,0.448,7.551
1995,MAM,East of England,0.364,4.433
1996,MAM,East of England,0.446,6.071
1997,MAM,East of England,0.348,7.772
1998,MAM,East of England,0.367,7.449
1999,MAM,East of England,0.389,7.323
2000,MAM,East of England,0.420,5.488
2001,MAM,East of England,0.389,6.866
2002,MAM,East of England,0.352,6.850
2003,MAM,East of England,0.338,4.094
2004,MAM,East of England,0.330,4.031
2005,MAM,East of England,0.366,4.189
2006,MAM,East of England,0.497,8.717
2007,MAM,East of England,0.561,6.913
2008,MAM,East of England,0.446,7.346
2009,MAM,East of England,0.425,6.984
2010,MAM,East of England,0.456,7.756
2011,MAM,East of England,0.444,7.685
2012,MAM,East of England,0.313,6.228
2013,MAM,East of England,0.348,5.504
2014,MAM,East of England,0.457,7.087
2015,MAM,East of England,0.359,3.890
2016,MAM,East of England,0.513,7.268
2017,MAM,East of England,0.429,6.150
2018,MAM,East of England,0.352,6.362
2019,MAM,East of England,0.222,2.583
2020,MAM,East of England,0.317,4.457
2021,MAM,East of England,0.392,6.228
2022,MAM,East of England,0.405,4.835
2023,MAM,East of England,0.413,5.795
2024,MAM,East of England,0.420,4.622
2025,MAM,East of England,0.466,6.858
2026,MAM,East of England,0.507,7.882
2027,MAM,East of England,0.361,5.732
2028,MAM,East of England,0.469,5.921
2029,MAM,East of England,0.377,5.213
2030,MAM,East of England,0.397,4.441
2031,MAM,East of England,0.301,5.937
2032,MAM,East of England,0.320,6.598
2033,MAM,East of England,0.308,6.945
2034,MAM,East of England,0.257,5.638
2035,MAM,East of England,0.327,6.913
2036,MAM,East of England,0.526,8.425
2037,MAM,East of England,0.301,4.850
2038,MAM,East of England,0.460,7.181
2039,MAM,East of England,0.361,7.921
2040,MAM,East of England,0.450,6.882
2041,MAM,East of England,0.469,7.236
2042,MAM,East of England,0.296,4.961
2043,MAM,East of England,0.300,6.000
2044,MAM,East of England,0.470,13.551
2045,MAM,East of England,0.309,4.213
2046,MAM,East of England,0.566,6.756
2047,MAM,East of England,0.356,4.354
2048,MAM,East of England,0.470,8.677
2049,MAM,East of England,0.399,5.228
2050,MAM,East of England,0.501,7.031
2051,MAM,East of England,0.335,6.102
2052,MAM,East of England,0.185,3.984
2053,MAM,East of England,0.278,3.740
2054,MAM,East of England,0.391,6.709
2055,MAM,East of England,0.532,7.299
2056,MAM,East of England,0.386,4.575
2057,MAM,East of England,0.323,6.047
2058,MAM,East of England,0.366,6.449
2059,MAM,East of England,0.352,6.591
2060,MAM,East of England,0.278,5.307
2061,MAM,East of England,0.291,5.717
2062,MAM,East of England,0.299,4.283
2063,MAM,East of England,0.377,6.189
2064,MAM,East of England,0.355,4.937
2065,MAM,East of England,0.267,4.417
2066,MAM,East of England,0.417,6.819
2067,MAM,East of England,0.424,6.685
2068,MAM,East of England,0.311,5.488
2069,MAM,East of England,0.209,5.961
2070,MAM,East of England,0.220,2.913
2071,MAM,East of England,0.390,5.425
2072,MAM,East of England,0.423,9.969
2073,MAM,East of England,0.301,4.685
2074,MAM,East of England,0.434,5.433
2075,MAM,East of England,0.267,4.661
2076,MAM,East of England,0.324,7.331
2077,MAM,East of England,0.472,6.835
2078,MAM,East of England,0.326,7.039
2079,MAM,East of England,0.351,5.441
2080,MAM,East of England,0.225,3.882
1981,MAM,East Scotland,0.529,9.581
1982,MAM,East Scotland,0.482,8.356
1983,MAM,East Scotland,0.678,13.294
1984,MAM,East Scotland,0.628,10.950
1985,MAM,East Scotland,0.532,8.150
1986,MAM,East Scotland,0.563,9.681
1987,MAM,East Scotland,0.525,9.300
1988,MAM,East Scotland,0.543,8.856
1989,MAM,East Scotland,0.545,7.056
1990,MAM,East Scotland,0.493,7.438
1991,MAM,East Scotland,0.523,9.556
1992,MAM,East Scotland,0.476,10.031
1993,MAM,East Scotland,0.571,10.106
1994,MAM,East Scotland,0.562,8.294
1995,MAM,East Scotland,0.528,9.688
1996,MAM,East Scotland,0.588,9.287
1997,MAM,East Scotland,0.497,8.944
1998,MAM,East Scotland,0.522,8.875
1999,MAM,East Scotland,0.519,7.700
2000,MAM,East Scotland,0.556,8.175
2001,MAM,East Scotland,0.484,12.806
2002,MAM,East Scotland,0.494,8.469
2003,MAM,East Scotland,0.484,8.300
2004,MAM,East Scotland,0.377,6.494
2005,MAM,East Scotland,0.530,9.475
2006,MAM,East Scotland,0.601,9.956
2007,MAM,East Scotland,0.634,10.969
2008,MAM,East Scotland,0.501,8.425
2009,MAM,East Scotland,0.491,7.606
2010,MAM,East Scotland,0.424,7.369
2011,MAM,East Scotland,0.501,8.262
2012,MAM,East Scotland,0.473,9.831
2013,MAM,East Scotland,0.476,7.656
2014,MAM,East Scotland,0.560,9.887
2015,MAM,East Scotland,0.436,6.144
2016,MAM,East Scotland,0.535,8.113
2017,MAM,East Scotland,0.510,7.225
2018,MAM,East Scotland,0.484,10.375
2019,MAM,East Scotland,0.377,7.600
2020,MAM,East Scotland,0.453,6.625
2021,MAM,East Scotland,0.468,6.806
2022,MAM,East Scotland,0.444,6.706
2023,MAM,East Scotland,0.560,11.887
2024,MAM,East Scotland,0.552,11.881
2025,MAM,East Scotland,0.574,10.294
2026,MAM,East Scotland,0.627,7.619
2027,MAM,East Scotland,0.395,7.912
2028,MAM,East Scotland,0.439,6.994
2029,MAM,East Scotland,0.459,7.756
2030,MAM,East Scotland,0.564,7.544
2031,MAM,East Scotland,0.516,8.219
2032,MAM,East Scotland,0.503,10.425
2033,MAM,East Scotland,0.389,8.719
2034,MAM,East Scotland,0.325,6.469
2035,MAM,East Scotland,0.420,6.775
2036,MAM,East Scotland,0.671,18.438
2037,MAM,East Scotland,0.555,9.056
2038,MAM,East Scotland,0.474,7.775
2039,MAM,East Scotland,0.431,8.200
2040,MAM,East Scotland,0.658,10.838
2041,MAM,East Scotland,0.488,8.613
2042,MAM,East Scotland,0.448,7.119
2043,MAM,East Scotland,0.465,7.894
2044,MAM,East Scotland,0.515,10.825
2045,MAM,East Scotland,0.469,8.700
2046,MAM,East Scotland,0.583,9.938
2047,MAM,East Scotland,0.504,9.131
2048,MAM,East Scotland,0.461,6.819
2049,MAM,East Scotland,0.424,8.963
2050,MAM,East Scotland,0.526,8.381
2051,MAM,East Scotland,0.506,7.025
2052,MAM,East Scotland,0.373,6.200
2053,MAM,East Scotland,0.486,10.438
2054,MAM,East Scotland,0.535,9.094
2055,MAM,East Scotland,0.558,9.231
2056,MAM,East Scotland,0.509,7.875
2057,MAM,East Scotland,0.465,8.819
2058,MAM,East Scotland,0.455,6.475
2059,MAM,East Scotland,0.430,5.981
2060,MAM,East Scotland,0.370,7.156
2061,MAM,East Scotland,0.411,8.156
2062,MAM,East Scotland,0.410,6.944
2063,MAM,East Scotland,0.628,9.600
2064,MAM,East Scotland,0.380,6.181
2065,MAM,East Scotland,0.358,5.769
2066,MAM,East Scotland,0.560,7.875
2067,MAM,East Scotland,0.491,8.675
2068,MAM,East Scotland,0.405,8.238
2069,MAM,East Scotland,0.330,7.112
2070,MAM,East Scotland,0.452,7.625
2071,MAM,East Scotland,0.482,9.619
2072,MAM,East Scotland,0.544,8.531
2073,MAM,East Scotland,0.487,8.475
2074,MAM,East Scotland,0.514,7.375
2075,MAM,East Scotland,0.337,6.112
2076,MAM,East Scotland,0.559,10.825
2077,MAM,East Scotland,0.520,9.194
2078,MAM,East Scotland,0.418,7.806
2079,MAM,East Scotland,0.352,6.544
2080,MAM,East Scotland,0.316,5.475
1981,MAM,London,0.329,7.833
1982,MAM,London,0.314,4.417
1983,MAM,London,0.560,6.000
1984,MAM,London,0.531,10.000
1985,MAM,London,0.466,7.250
1986,MAM,London,0.456,11.583
1987,MAM,London,0.317,4.833
1988,MAM,London,0.395,4.083
1989,MAM,London,0.380,4.000
1990,MAM,London,0.356,5.167
1991,MAM,London,0.398,6.750
1992,MAM,London,0.478,11.083
1993,MAM,London,0.463,8.250
1994,MAM,London,0.451,6.083
1995,MAM,London,0.389,5.083
1996,MAM,London,0.446,6.500
1997,MAM,London,0.366,9.083
1998,MAM,London,0.372,7.750
1999,MAM,London,0.413,7.750
2000,MAM,London,0.450,6.417
2001,MAM,London,0.400,6.583
2002,MAM,London,0.363,7.250
2003,MAM,London,0.288,3.583
2004,MAM,London,0.278,3.167
2005,MAM,London,0.442,5.667
2006,MAM,London,0.530,8.417
2007,MAM,London,0.630,9.167
2008,MAM,London,0.480,7.417
2009,MAM,London,0.438,7.083
2010,MAM,London,0.433,8.500
2011,MAM,London,0.427,7.250
2012,MAM,London,0.321,6.417
2013,MAM,London,0.398,6.167
2014,MAM,London,0.451,7.750
2015,MAM,London,0.367,4.000
2016,MAM,London,0.522,6.833
2017,MAM,London,0.415,5.833
2018,MAM,London,0.391,7.917
2019,MAM,London,0.214,2.167
2020,MAM,London,0.315,3.750
2021,MAM,London,0.385,5.083
2022,MAM,London,0.392,4.917
2023,MAM,London,0.402,4.833
2024,MAM,London,0.449,6.750
2025,MAM,London,0.471,7.750
2026,MAM,London,0.487,7.833
2027,MAM,London,0.380,5.333
2028,MAM,London,0.444,5.417
2029,MAM,London,0.394,5.083
2030,MAM,London,0.416,5.583
2031,MAM,London,0.335,7.000
2032,MAM,London,0.365,9.250
2033,MAM,London,0.340,5.917
2034,MAM,London,0.248,6.000
2035,MAM,London,0.321,6.167
2036,MAM,London,0.502,6.417
2037,MAM,London,0.315,5.750
2038,MAM,London,0.413,7.750
2039,MAM,London,0.347,4.917
2040,MAM,London,0.477,6.667
2041,MAM,London,0.469,6.500
2042,MAM,London,0.308,4.250
2043,MAM,London,0.341,11.250
2044,MAM,London,0.455,14.500
2045,MAM,London,0.296,3.833
2046,MAM,London,0.581,7.083
2047,MAM,London,0.361,4.917
2048,MAM,London,0.427,7.833
2049,MAM,London,0.406,5.167
2050,MAM,London,0.513,4.583
2051,MAM,London,0.315,6.333
2052,MAM,London,0.189,3.417
2053,MAM,London,0.293,4.000
2054,MAM,London,0.402,6.250
2055,MAM,London,0.570,12.667
2056,MAM,London,0.394,5.500
2057,MAM,London,0.330,6.000
2058,MAM,London,0.380,4.333
2059,MAM,London,0.390,7.083
2060,MAM,London,0.256,4.917
2061,MAM,London,0.352,7.750
2062,MAM,London,0.259,3.833
2063,MAM,London,0.395,6.917
2064,MAM,London,0.346,4.667
2065,MAM,London,0.243,4.917
2066,MAM,London,0.433,7.083
2067,MAM,London,0.411,5.583
2068,MAM,London,0.321,5.333
2069,MAM,London,0.215,5.917
2070,MAM,London,0.203,3.000
2071,MAM,London,0.419,5.167
2072,MAM,London,0.401,9.083
2073,MAM,London,0.356,4.917
2074,MAM,London,0.439,6.000
2075,MAM,London,0.256,6.500
2076,MAM,London,0.366,7.167
2077,MAM,London,0.475,6.333
2078,MAM,London,0.328,7.667
2079,MAM,London,0.345,7.417
2080,MAM,London,0.184,3.000
1981,MAM,North East England,0.476,7.807
1982,MAM,North East England,0.385,4.895
1983,MAM,North East England,0.630,9.070
1984,MAM,North East England,0.563,8.053
1985,MAM,North East England,0.478,6.000
1986,MAM,North East England,0.501,8.439
1987,MAM,North East England,0.424,6.474
1988,MAM,North East England,0.472,7.456
1989,MAM,North East England,0.524,7.158
1990,MAM,North East England,0.459,7.263
1991,MAM,North East England,0.467,9.596
1992,MAM,North East England,0.434,6.544
1993,MAM,North East England,0.509,7.860
1994,MAM,North East England,0.493,6.895
1995,MAM,North East England,0.473,7.035
1996,MAM,North East England,0.502,8.018
1997,MAM,North East England,0.402,7.632
1998,MAM,North East England,0.429,7.088
1999,MAM,North East England,0.492,8.263
2000,MAM,North East England,0.472,6.298
2001,MAM,North East England,0.423,7.246
2002,MAM,North East England,0.475,7.404
2003,MAM,North East England,0.453,7.561
2004,MAM,North East England,0.366,5.140
2005,MAM,North East England,0.483,8.860
2006,MAM,North East England,0.640,10.386
2007,MAM,North East England,0.615,7.158
2008,MAM,North East England,0.469,7.947
2009,MAM,North East England,0.469,6.842
2010,MAM,North East England,0.441,5.807
2011,MAM,North East England,0.529,8.228
2012,MAM,North East England,0.391,7.246
2013,MAM,North East England,0.445,7.772
2014,MAM,North East England,0.522,7.719
2015,MAM,North East England,0.417,5.702
2016,MAM,North East England,0.529,7.544
2017,MAM,North East England,0.446,8.035
2018,MAM,North East England,0.426,6.982
2019,MAM,North East England,0.323,5.772
2020,MAM,North East England,0.410,7.526
2021,MAM,North East England,0.405,5.526
2022,MAM,North East England,0.351,5.281
2023,MAM,North East England,0.490,8.579
2024,MAM,North East England,0.481,8.649
2025,MAM,North East England,0.516,8.982
2026,MAM,North East England,0.642,7.702
2027,MAM,North East England,0.413,7.228
2028,MAM,North East England,0.470,7.140
2029,MAM,North East England,0.453,6.895
2030,MAM,North East England,0.439,5.596
2031,MAM,North East England,0.442,6.474
2032,MAM,North East England,0.452,10.719
2033,MAM,North East England,0.377,8.947
2034,MAM,North East England,0.315,5.491
2035,MAM,North East England,0.348,6.509
2036,MAM,North East England,0.597,12.386
2037,MAM,North East England,0.431,6.158
2038,MAM,North East England,0.511,8.018
2039,MAM,North East England,0.422,7.316
2040,MAM,North East England,0.571,9.561
2041,MAM,North East England,0.495,12.193
2042,MAM,North East England,0.389,7.316
2043,MAM,North East England,0.356,5.053
2044,MAM,North East England,0.486,8.211
2045,MAM,North East England,0.442,6.912
2046,MAM,North East England,0.539,8.070
2047,MAM,North East England,0.429,7.175
2048,MAM,North East England,0.507,7.947
2049,MAM,North East England,0.439,9.930
2050,MAM,North East England,0.512,7.509
2051,MAM,North East England,0.470,4.842
2052,MAM,North East England,0.304,4.930
2053,MAM,North East England,0.391,6.456
2054,MAM,North East England,0.508,9.754
2055,MAM,North East England,0.563,8.702
2056,MAM,North East England,0.450,8.456
2057,MAM,North East England,0.419,7.018
2058,MAM,North East England,0.392,5.140
2059,MAM,North East England,0.355,5.807
2060,MAM,North East England,0.298,5.667
2061,MAM,North East England,0.329,4.491
2062,MAM,North East England,0.376,5.000
2063,MAM,North East England,0.533,7.140
2064,MAM,North East England,0.361,5.123
2065,MAM,North East England,0.297,4.544
2066,MAM,North East England,0.494,8.140
2067,MAM,North East England,0.497,6.982
2068,MAM,North East England,0.387,6.965
2069,MAM,North East England,0.302,7.228
2070,MAM,North East England,0.427,7.702
2071,MAM,North East England,0.442,6.509
2072,MAM,North East England,0.475,9.860
2073,MAM,North East England,0.406,6.456
2074,MAM,North East England,0.446,5.544
2075,MAM,North East England,0.291,4.596
2076,MAM,North East England,0.457,8.526
2077,MAM,North East England,0.507,7.895
2078,MAM,North East England,0.357,5.175
2079,MAM,North East England,0.346,7.456
2080,MAM,North East England,0.255,2.930
1981,MAM,North Scotland,0.626,10.519
1982,MAM,North Scotland,0.673,16.585
1983,MAM,North Scotland,0.601,12.156
1984,MAM,North Scotland,0.704,17.665
1985,MAM,North Scotland,0.544,8.542
1986,MAM,North Scotland,0.666,12.467
1987,MAM,North Scotland,0.651,14.066
1988,MAM,North Scotland,0.692,14.981
1989,MAM,North Scotland,0.666,12.656
1990,MAM,North Scotland,0.634,10.873
1991,MAM,North Scotland,0.648,11.858
1992,MAM,North Scotland,0.522,12.071
1993,MAM,North Scotland,0.694,17.075
1994,MAM,North Scotland,0.695,13.373
1995,MAM,North Scotland,0.660,15.434
1996,MAM,North Scotland,0.710,11.146
1997,MAM,North Scotland,0.604,9.170
1998,MAM,North Scotland,0.589,13.123
1999,MAM,North Scotland,0.688,10.962
2000,MAM,North Scotland,0.683,11.849
2001,MAM,North Scotland,0.599,21.995
2002,MAM,North Scotland,0.433,10.137
2003,MAM,North Scotland,0.633,9.769
2004,MAM,North Scotland,0.557,10.226
2005,MAM,North Scotland,0.547,11.330
2006,MAM,North Scotland,0.543,8.873
2007,MAM,North Scotland,0.603,10.844
2008,MAM,North Scotland,0.571,10.844
2009,MAM,North Scotland,0.517,9.113
2010,MAM,North Scotland,0.536,8.712
2011,MAM,North Scotland,0.528,7.410
2012,MAM,North Scotland,0.562,11.132
2013,MAM,North Scotland,0.595,12.170
2014,MAM,North Scotland,0.604,10.594
2015,MAM,North Scotland,0.560,12.373
2016,MAM,North Scotland,0.615,12.486
2017,MAM,North Scotland,0.671,12.052
2018,MAM,North Scotland,0.630,15.656
2019,MAM,North Scotland,0.564,12.769
2020,MAM,North Scotland,0.515,8.236
2021,MAM,North Scotland,0.635,11.042
2022,MAM,North Scotland,0.573,13.712
2023,MAM,North Scotland,0.647,16.415
2024,MAM,North Scotland,0.671,13.075
2025,MAM,North Scotland,0.711,13.651
2026,MAM,North Scotland,0.579,7.849
2027,MAM,North Scotland,0.474,8.670
2028,MAM,North Scotland,0.542,8.311
2029,MAM,North Scotland,0.658,10.656
2030,MAM,North Scotland,0.745,15.175
2031,MAM,North Scotland,0.691,17.929
2032,MAM,North Scotland,0.616,13.297
2033,MAM,North Scotland,0.443,8.943
2034,MAM,North Scotland,0.541,10.585
2035,MAM,North Scotland,0.577,8.481
2036,MAM,North Scotland,0.728,19.542
2037,MAM,North Scotland,0.704,13.387
2038,MAM,North Scotland,0.544,10.759
2039,MAM,North Scotland,0.580,10.024
2040,MAM,North Scotland,0.729,12.736
2041,MAM,North Scotland,0.548,9.915
2042,MAM,North Scotland,0.527,11.052
2043,MAM,North Scotland,0.611,12.047
2044,MAM,North Scotland,0.496,8.901
2045,MAM,North Scotland,0.569,12.561
2046,MAM,North Scotland,0.602,9.538
2047,MAM,North Scotland,0.689,12.226
2048,MAM,North Scotland,0.572,9.873
2049,MAM,North Scotland,0.470,9.009
2050,MAM,North Scotland,0.579,12.759
2051,MAM,North Scotland,0.569,10.547
2052,MAM,North Scotland,0.528,13.061
2053,MAM,North Scotland,0.549,12.675
2054,MAM,North Scotland,0.643,11.231
2055,MAM,North Scotland,0.635,13.090
2056,MAM,North Scotland,0.632,13.693
2057,MAM,North Scotland,0.561,14.005
2058,MAM,North Scotland,0.687,12.255
2059,MAM,North Scotland,0.542,10.986
2060,MAM,North Scotland,0.607,13.080
2061,MAM,North Scotland,0.560,12.137
2062,MAM,North Scotland,0.620,15.712
2063,MAM,North Scotland,0.731,13.094
2064,MAM,North Scotland,0.523,12.212
2065,MAM,North Scotland,0.538,9.142
2066,MAM,North Scotland,0.599,8.948
2067,MAM,North Scotland,0.613,12.245
2068,MAM,North Scotland,0.505,10.358
2069,MAM,North Scotland,0.441,9.821
2070,MAM,North Scotland,0.682,15.104
2071,MAM,North Scotland,0.597,17.830
2072,MAM,North Scotland,0.632,12.580
2073,MAM,North Scotland,0.642,12.061
2074,MAM,North Scotland,0.631,11.901
2075,MAM,North Scotland,0.406,7.311
2076,MAM,North Scotland,0.678,16.472
2077,MAM,North Scotland,0.539,8.627
2078,MAM,North Scotland,0.603,9.901
2079,MAM,North Scotland,0.450,8.849
2080,MAM,North Scotland,0.533,11.689
1981,MAM,North West England,0.535,12.645
1982,MAM,North West England,0.475,9.419
1983,MAM,North West England,0.650,14.591
1984,MAM,North West England,0.686,13.215
1985,MAM,North West England,0.502,6.118
1986,MAM,North West England,0.645,14.172
1987,MAM,North West England,0.538,8.387
1988,MAM,North West England,0.566,9.344
1989,MAM,North West England,0.587,7.484
1990,MAM,North West England,0.457,8.645
1991,MAM,North West England,0.610,10.656
1992,MAM,North West England,0.471,11.376
1993,MAM,North West England,0.620,13.882
1994,MAM,North West England,0.601,9.183
1995,MAM,North West England,0.573,8.710
1996,MAM,North West England,0.571,9.763
1997,MAM,North West England,0.478,11.258
1998,MAM,North West England,0.504,11.301
1999,MAM,North West England,0.623,12.290
2000,MAM,North West England,0.575,12.387
2001,MAM,North West England,0.553,12.462
2002,MAM,North West England,0.417,6.871
2003,MAM,North West England,0.550,8.258
2004,MAM,North West England,0.365,5.355
2005,MAM,North West England,0.543,12.075
2006,MAM,North West England,0.537,8.613
2007,MAM,North West England,0.658,12.419
2008,MAM,North West England,0.539,10.097
2009,MAM,North West England,0.524,7.398
2010,MAM,North West England,0.461,6.280
2011,MAM,North West England,0.480,7.763
2012,MAM,North West England,0.460,8.656
2013,MAM,North West England,0.491,8.710
2014,MAM,North West England,0.556,10.022
2015,MAM,North West England,0.471,8.387
2016,MAM,North West England,0.582,12.441
2017,MAM,North West England,0.556,7.527
2018,MAM,North West England,0.605,13.527
2019,MAM,North West England,0.415,8.742
2020,MAM,North West England,0.477,8.849
2021,MAM,North West England,0.551,9.032
2022,MAM,North West England,0.468,10.011
2023,MAM,North West England,0.566,11.871
2024,MAM,North West England,0.590,11.667
2025,MAM,North West England,0.605,10.086
2026,MAM,North West England,0.591,7.054
2027,MAM,North West England,0.469,15.505
2028,MAM,North West England,0.483,7.097
2029,MAM,North West England,0.503,8.559
2030,MAM,North West England,0.599,8.065
2031,MAM,North West England,0.583,9.828
2032,MAM,North West England,0.467,7.065
2033,MAM,North West England,0.368,9.989
2034,MAM,North West England,0.381,7.677
2035,MAM,North West England,0.447,8.054
2036,MAM,North West England,0.723,17.570
2037,MAM,North West England,0.615,9.742
2038,MAM,North West England,0.458,7.828
2039,MAM,North West England,0.463,8.720
2040,MAM,North West England,0.732,19.419
2041,MAM,North West England,0.514,13.247
2042,MAM,North West England,0.446,8.731
2043,MAM,North West England,0.502,7.753
2044,MAM,North West England,0.527,10.290
2045,MAM,North West England,0.511,12.538
2046,MAM,North West England,0.581,10.430
2047,MAM,North West England,0.544,8.742
2048,MAM,North West England,0.469,8.301
2049,MAM,North West England,0.431,9.290
2050,MAM,North West England,0.591,13.075
2051,MAM,North West England,0.480,6.344
2052,MAM,North West England,0.373,6.194
2053,MAM,North West England,0.471,7.839
2054,MAM,North West England,0.536,9.688
2055,MAM,North West England,0.697,14.699
2056,MAM,North West England,0.591,9.527
2057,MAM,North West England,0.561,13.129
2058,MAM,North West England,0.528,7.871
2059,MAM,North West England,0.506,7.710
2060,MAM,North West England,0.456,7.699
2061,MAM,North West England,0.442,9.355
2062,MAM,North West England,0.413,6.624
2063,MAM,North West England,0.685,12.151
2064,MAM,North West England,0.410,8.043
2065,MAM,North West England,0.390,6.065
2066,MAM,North West England,0.564,9.720
2067,MAM,North West England,0.565,12.602
2068,MAM,North West England,0.437,9.140
2069,MAM,North West England,0.337,10.323
2070,MAM,North West England,0.551,12.301
2071,MAM,North West England,0.547,10.570
2072,MAM,North West England,0.596,10.495
2073,MAM,North West England,0.558,8.720
2074,MAM,North West England,0.578,10.667
2075,MAM,North West England,0.321,7.839
2076,MAM,North West England,0.568,13.581
2077,MAM,North West England,0.541,8.118
2078,MAM,North West England,0.470,6.548
2079,MAM,North West England,0.377,7.086
2080,MAM,North West England,0.315,6.441
1981,MAM,South East England,0.337,6.246
1982,MAM,South East England,0.286,4.432
1983,MAM,South East England,0.581,6.161
1984,MAM,South East England,0.534,9.254
1985,MAM,South East England,0.440,6.576
1986,MAM,South East England,0.440,9.254
1987,MAM,South East England,0.334,7.364
1988,MAM,South East England,0.376,3.873
1989,MAM,South East England,0.392,4.068
1990,MAM,South East England,0.342,5.288
1991,MAM,South East England,0.378,6.186
1992,MAM,South East England,0.447,9.780
1993,MAM,South East England,0.434,6.661
1994,MAM,South East England,0.412,5.602
1995,MAM,South East England,0.380,5.288
1996,MAM,South East England,0.412,5.500
1997,MAM,South East England,0.387,13.407
1998,MAM,South East England,0.384,8.254
1999,MAM,South East England,0.400,8.390
2000,MAM,South East England,0.419,6.331
2001,MAM,South East England,0.411,7.907
2002,MAM,South East England,0.384,7.212
2003,MAM,South East England,0.287,3.746
2004,MAM,South East England,0.262,3.712
2005,MAM,South East England,0.457,6.008
2006,MAM,South East England,0.537,8.686
2007,MAM,South East England,0.620,10.085
2008,MAM,South East England,0.448,7.602
2009,MAM,South East England,0.416,7.568
2010,MAM,South East England,0.417,6.941
2011,MAM,South East England,0.417,8.085
2012,MAM,South East England,0.307,5.864
2013,MAM,South East England,0.382,6.780
2014,MAM,South East England,0.461,8.712
2015,MAM,South East England,0.354,5.000
2016,MAM,South East England,0.480,5.305
2017,MAM,South East England,0.430,6.305
2018,MAM,South East England,0.355,5.466
2019,MAM,South East England,0.222,3.186
2020,MAM,South East England,0.341,4.661
2021,MAM,South East England,0.388,5.898
2022,MAM,South East England,0.385,6.000
2023,MAM,South East England,0.386,4.407
2024,MAM,South East England,0.438,5.322
2025,MAM,South East England,0.483,6.678
2026,MAM,South East England,0.508,8.076
2027,MAM,South East England,0.363,6.390
2028,MAM,South East England,0.443,6.102
2029,MAM,South East England,0.384,5.280
2030,MAM,South East England,0.409,5.831
2031,MAM,South East England,0.316,6.449
2032,MAM,South East England,0.322,7.593
2033,MAM,South East England,0.308,5.797
2034,MAM,South East England,0.230,6.237
2035,MAM,South East England,0.308,5.763
2036,MAM,South East England,0.541,8.076
2037,MAM,South East England,0.311,5.661
2038,MAM,South East England,0.364,6.907
2039,MAM,South East England,0.337,6.169
2040,MAM,South East England,0.482,7.254
2041,MAM,South East England,0.460,7.559
2042,MAM,South East England,0.307,3.822
2043,MAM,South East England,0.336,9.856
2044,MAM,South East England,0.442,9.703
2045,MAM,South East England,0.280,3.686
2046,MAM,South East England,0.565,6.492
2047,MAM,South East England,0.359,4.907
2048,MAM,South East England,0.409,7.559
2049,MAM,South East England,0.391,6.042
2050,MAM,South East England,0.506,6.025
2051,MAM,South East England,0.305,5.966
2052,MAM,South East England,0.170,2.720
2053,MAM,South East England,0.288,4.119
2054,MAM,South East England,0.399,8.263
2055,MAM,South East England,0.546,8.746
2056,MAM,South East England,0.398,5.746
2057,MAM,South East England,0.355,5.839
2058,MAM,South East England,0.363,4.542
2059,MAM,South East England,0.368,6.941
2060,MAM,South East England,0.248,5.551
2061,MAM,South East England,0.327,7.958
2062,MAM,South East England,0.251,3.025
2063,MAM,South East England,0.386,6.653
2064,MAM,South East England,0.327,5.364
2065,MAM,South East England,0.261,4.415
2066,MAM,South East England,0.437,5.788
2067,MAM,South East England,0.404,5.576
2068,MAM,South East England,0.309,5.229
2069,MAM,South East England,0.222,8.347
2070,MAM,South East England,0.198,3.051
2071,MAM,South East England,0.402,6.297
2072,MAM,South East England,0.382,9.085
2073,MAM,South East England,0.348,5.220
2074,MAM,South East England,0.415,5.356
2075,MAM,South East England,0.228,6.093
2076,MAM,South East England,0.344,6.602
2077,MAM,South East England,0.457,8.093
2078,MAM,South East England,0.315,7.398
2079,MAM,South East England,0.338,5.441
2080,MAM,South East England,0.160,2.788
1981,MAM,South West England,0.428,6.641
1982,MAM,South West England,0.336,8.032
1983,MAM,South West England,0.666,8.436
1984,MAM,South West England,0.584,10.705
1985,MAM,South West England,0.505,8.212
1986,MAM,South West England,0.487,8.923
1987,MAM,South West England,0.423,8.744
1988,MAM,South West England,0.408,4.904
1989,MAM,South West England,0.481,5.545
1990,MAM,South West England,0.391,9.167
1991,MAM,South West England,0.429,6.865
1992,MAM,South West England,0.442,9.212
1993,MAM,South West England,0.454,7.724
1994,MAM,South West England,0.412,6.282
1995,MAM,South West England,0.408,6.212
1996,MAM,South West England,0.452,6.231
1997,MAM,South West England,0.474,16.468
1998,MAM,South West England,0.435,8.179
1999,MAM,South West England,0.452,9.064
2000,MAM,South West England,0.483,7.071
2001,MAM,South West England,0.489,9.321
2002,MAM,South West England,0.438,10.167
2003,MAM,South West England,0.358,5.436
2004,MAM,South West England,0.299,4.615
2005,MAM,South West England,0.528,7.968
2006,MAM,South West England,0.551,10.224
2007,MAM,South West England,0.665,15.321
2008,MAM,South West England,0.481,8.628
2009,MAM,South West England,0.444,9.301
2010,MAM,South West England,0.382,5.910
2011,MAM,South West England,0.386,5.462
2012,MAM,South West England,0.341,5.731
2013,MAM,South West England,0.438,7.801
2014,MAM,South West England,0.492,9.122
2015,MAM,South West England,0.378,5.013
2016,MAM,South West England,0.546,8.000
2017,MAM,South West England,0.482,10.500
2018,MAM,South West England,0.426,6.378
2019,MAM,South West England,0.287,5.000
2020,MAM,South West England,0.412,6.301
2021,MAM,South West England,0.440,9.372
2022,MAM,South West England,0.443,7.397
2023,MAM,South West England,0.445,5.346
2024,MAM,South West England,0.450,6.686
2025,MAM,South West England,0.510,8.526
2026,MAM,South West England,0.538,7.679
2027,MAM,South West England,0.395,8.872
2028,MAM,South West England,0.445,6.468
2029,MAM,South West England,0.400,5.968
2030,MAM,South West England,0.507,8.423
2031,MAM,South West England,0.374,6.596
2032,MAM,South West England,0.384,8.231
2033,MAM,South West England,0.333,5.288
2034,MAM,South West England,0.249,5.301
2035,MAM,South West England,0.330,5.865
2036,MAM,South West England,0.557,8.115
2037,MAM,South West England,0.393,6.321
2038,MAM,South West England,0.327,6.372
2039,MAM,South West England,0.361,6.013
2040,MAM,South West England,0.565,12.468
2041,MAM,South West England,0.464,9.109
2042,MAM,South West England,0.381,5.308
2043,MAM,South West England,0.413,11.865
2044,MAM,South West England,0.481,8.590
2045,MAM,South West England,0.343,5.962
2046,MAM,South West England,0.582,8.551
2047,MAM,South West England,0.423,5.077
2048,MAM,South West England,0.413,8.372
2049,MAM,South West England,0.413,7.564
2050,MAM,South West England,0.551,8.936
2051,MAM,South West England,0.387,6.628
2052,MAM,South West England,0.209,3.513
2053,MAM,South West England,0.360,5.686
2054,MAM,South West England,0.427,9.128
2055,MAM,South West England,0.631,10.923
2056,MAM,South West England,0.496,8.237
2057,MAM,South West England,0.422,6.122
2058,MAM,South West England,0.414,6.859
2059,MAM,South West England,0.409,6.462
2060,MAM,South West England,0.279,5.244
2061,MAM,South West England,0.320,6.718
2062,MAM,South West England,0.290,3.609
2063,MAM,South West England,0.455,6.692
2064,MAM,South West England,0.318,4.846
2065,MAM,South West England,0.277,4.808
2066,MAM,South West England,0.503,7.147
2067,MAM,South West England,0.421,5.628
2068,MAM,South West England,0.391,8.647
2069,MAM,South West England,0.267,9.571
2070,MAM,South West England,0.280,4.808
2071,MAM,South West England,0.430,10.500
2072,MAM,South West England,0.393,7.115
2073,MAM,South West England,0.403,7.846
2074,MAM,South West England,0.473,5.590
2075,MAM,South West England,0.219,5.385
2076,MAM,South West England,0.401,5.647
2077,MAM,South West England,0.517,10.942
2078,MAM,South West England,0.350,6.910
2079,MAM,South West England,0.395,5.667
2080,MAM,South West England,0.153,2.846
1981,MAM,West Midlands,0.385,7.884
1982,MAM,West Midlands,0.303,5.093
1983,MAM,West Midlands,0.630,7.570
1984,MAM,West Midlands,0.536,9.256
1985,MAM,West Midlands,0.456,6.349
1986,MAM,West Midlands,0.478,9.628
1987,MAM,West Midlands,0.333,6.453
1988,MAM,West Midlands,0.406,5.570
1989,MAM,West Midlands,0.442,4.709
1990,MAM,West Midlands,0.358,6.407
1991,MAM,West Midlands,0.402,5.581
1992,MAM,West Midlands,0.475,9.733
1993,MAM,West Midlands,0.442,7.384
1994,MAM,West Midlands,0.435,6.395
1995,MAM,West Midlands,0.418,6.070
1996,MAM,West Midlands,0.427,5.721
1997,MAM,West Midlands,0.424,15.698
1998,MAM,West Midlands,0.379,8.058
1999,MAM,West Midlands,0.426,7.663
2000,MAM,West Midlands,0.467,6.047
2001,MAM,West Midlands,0.453,8.337
2002,MAM,West Midlands,0.366,6.535
2003,MAM,West Midlands,0.342,5.709
2004,MAM,West Midlands,0.257,4.337
2005,MAM,West Midlands,0.464,5.860
2006,MAM,West Midlands,0.521,9.581
2007,MAM,West Midlands,0.649,8.047
2008,MAM,West Midlands,0.471,5.628
2009,MAM,West Midlands,0.449,8.291
2010,MAM,West Midlands,0.401,7.814
2011,MAM,West Midlands,0.420,8.628
2012,MAM,West Midlands,0.328,5.977
2013,MAM,West Midlands,0.381,5.081
2014,MAM,West Midlands,0.528,8.837
2015,MAM,West Midlands,0.353,5.279
2016,MAM,West Midlands,0.547,9.523
2017,MAM,West Midlands,0.494,6.140
2018,MAM,West Midlands,0.396,5.349
2019,MAM,West Midlands,0.236,3.419
2020,MAM,West Midlands,0.374,5.221
2021,MAM,West Midlands,0.424,7.849
2022,MAM,West Midlands,0.415,7.919
2023,MAM,West Midlands,0.395,4.523
2024,MAM,West Midlands,0.414,6.791
2025,MAM,West Midlands,0.497,6.523
2026,MAM,West Midlands,0.533,8.314
2027,MAM,West Midlands,0.379,7.163
2028,MAM,West Midlands,0.411,5.733
2029,MAM,West Midlands,0.351,4.930
2030,MAM,West Midlands,0.428,6.058
2031,MAM,West Midlands,0.349,6.279
2032,MAM,West Midlands,0.327,6.756
2033,MAM,West Midlands,0.303,6.279
2034,MAM,West Midlands,0.292,5.872
2035,MAM,West Midlands,0.301,5.209
2036,MAM,West Midlands,0.581,13.279
2037,MAM,West Midlands,0.349,5.558
2038,MAM,West Midlands,0.328,5.337
2039,MAM,West Midlands,0.320,4.802
2040,MAM,West Midlands,0.511,7.279
2041,MAM,West Midlands,0.475,7.407
2042,MAM,West Midlands,0.349,5.012
2043,MAM,West Midlands,0.381,7.302
2044,MAM,West Midlands,0.427,9.279
2045,MAM,West Midlands,0.341,4.942
2046,MAM,West Midlands,0.544,7.570
2047,MAM,West Midlands,0.380,6.209
2048,MAM,West Midlands,0.431,9.023
2049,MAM,West Midlands,0.413,6.791
2050,MAM,West Midlands,0.549,6.209
2051,MAM,West Midlands,0.347,4.849
2052,MAM,West Midlands,0.169,2.430
2053,MAM,West Midlands,0.310,4.860
2054,MAM,West Midlands,0.427,9.442
2055,MAM,West Midlands,0.569,7.488
2056,MAM,West Midlands,0.409,4.977
2057,MAM,West Midlands,0.343,6.453
2058,MAM,West Midlands,0.383,5.779
2059,MAM,West Midlands,0.339,5.802
2060,MAM,West Midlands,0.304,5.256
2061,MAM,West Midlands,0.325,5.209
2062,MAM,West Midlands,0.255,4.151
2063,MAM,West Midlands,0.468,6.326
2064,MAM,West Midlands,0.287,4.535
2065,MAM,West Midlands,0.225,3.326
2066,MAM,West Midlands,0.430,7.419
2067,MAM,West Midlands,0.412,6.256
2068,MAM,West Midlands,0.338,5.605
2069,MAM,West Midlands,0.223,6.337
2070,MAM,West Midlands,0.269,3.151
2071,MAM,West Midlands,0.391,7.302
2072,MAM,West Midlands,0.410,9.733
2073,MAM,West Midlands,0.395,6.279
2074,MAM,West Midlands,0.476,5.977
2075,MAM,West Midlands,0.203,4.744
2076,MAM,West Midlands,0.353,5.198
2077,MAM,West Midlands,0.477,8.837
2078,MAM,West Midlands,0.355,7.256
2079,MAM,West Midlands,0.353,4.779
2080,MAM,West Midlands,0.172,3.837
1981,MAM,West Scotland,0.579,10.371
1982,MAM,West Scotland,0.581,15.962
1983,MAM,West Scotland,0.638,14.439
1984,MAM,West Scotland,0.734,18.235
1985,MAM,West Scotland,0.512,7.144
1986,MAM,West Scotland,0.648,12.114
1987,MAM,West Scotland,0.674,12.523
1988,MAM,West Scotland,0.643,11.659
1989,MAM,West Scotland,0.608,7.773
1990,MAM,West Scotland,0.526,7.742
1991,MAM,West Scotland,0.599,11.015
1992,MAM,West Scotland,0.485,10.894
1993,MAM,West Scotland,0.665,14.811
1994,MAM,West Scotland,0.695,10.000
1995,MAM,West Scotland,0.592,12.424
1996,MAM,West Scotland,0.674,12.061
1997,MAM,West Scotland,0.547,10.182
1998,MAM,West Scotland,0.529,10.833
1999,MAM,West Scotland,0.566,10.939
2000,MAM,West Scotland,0.672,9.538
2001,MAM,West Scotland,0.608,18.326
2002,MAM,West Scotland,0.458,8.341
2003,MAM,West Scotland,0.613,9.621
2004,MAM,West Scotland,0.396,6.992
2005,MAM,West Scotland,0.556,13.023
2006,MAM,West Scotland,0.530,11.394
2007,MAM,West Scotland,0.638,10.924
2008,MAM,West Scotland,0.481,9.280
2009,MAM,West Scotland,0.521,8.061
2010,MAM,West Scotland,0.432,8.803
2011,MAM,West Scotland,0.447,7.841
2012,MAM,West Scotland,0.509,13.152
2013,MAM,West Scotland,0.513,10.356
2014,MAM,West Scotland,0.570,10.530
2015,MAM,West Scotland,0.481,7.371
2016,MAM,West Scotland,0.586,10.871
2017,MAM,West Scotland,0.568,7.273
2018,MAM,West Scotland,0.608,14.742
2019,MAM,West Scotland,0.472,12.591
2020,MAM,West Scotland,0.471,6.939
2021,MAM,West Scotland,0.544,8.144
2022,MAM,West Scotland,0.514,10.780
2023,MAM,West Scotland,0.598,15.030
2024,MAM,West Scotland,0.632,14.265
2025,MAM,West Scotland,0.637,12.258
2026,MAM,West Scotland,0.572,6.606
2027,MAM,West Scotland,0.463,12.636
2028,MAM,West Scotland,0.468,7.038
2029,MAM,West Scotland,0.533,10.227
2030,MAM,West Scotland,0.756,11.515
2031,MAM,West Scotland,0.639,11.333
2032,MAM,West Scotland,0.531,8.189
2033,MAM,West Scotland,0.408,8.015
2034,MAM,West Scotland,0.410,8.682
2035,MAM,West Scotland,0.541,8.894
2036,MAM,West Scotland,0.744,23.689
2037,MAM,West Scotland,0.706,12.341
2038,MAM,West Scotland,0.445,9.523
2039,MAM,West Scotland,0.453,8.432
2040,MAM,West Scotland,0.790,14.659
2041,MAM,West Scotland,0.501,11.341
2042,MAM,West Scotland,0.500,9.871
2043,MAM,West Scotland,0.582,10.803
2044,MAM,West Scotland,0.559,10.152
2045,MAM,West Scotland,0.519,10.462
2046,MAM,West Scotland,0.551,9.886
2047,MAM,West Scotland,0.620,10.765
2048,MAM,West Scotland,0.428,7.106
2049,MAM,West Scotland,0.435,9.568
2050,MAM,West Scotland,0.577,16.697
2051,MAM,West Scotland,0.548,8.477
2052,MAM,West Scotland,0.447,8.742
2053,MAM,West Scotland,0.543,12.295
2054,MAM,West Scotland,0.579,10.864
2055,MAM,West Scotland,0.688,13.765
2056,MAM,West Scotland,0.626,12.212
2057,MAM,West Scotland,0.583,15.114
2058,MAM,West Scotland,0.572,8.258
2059,MAM,West Scotland,0.528,9.386
2060,MAM,West Scotland,0.540,9.848
2061,MAM,West Scotland,0.508,11.856
2062,MAM,West Scotland,0.422,7.348
2063,MAM,West Scotland,0.740,12.523
2064,MAM,West Scotland,0.434,8.606
2065,MAM,West Scotland,0.450,7.386
2066,MAM,West Scotland,0.626,7.227
2067,MAM,West Scotland,0.540,13.023
2068,MAM,West Scotland,0.406,9.962
2069,MAM,West Scotland,0.369,7.583
2070,MAM,West Scotland,0.619,13.280
2071,MAM,West Scotland,0.550,12.932
2072,MAM,West Scotland,0.624,11.091
2073,MAM,West Scotland,0.597,14.053
2074,MAM,West Scotland,0.576,8.015
2075,MAM,West Scotland,0.370,8.614
2076,MAM,West Scotland,0.613,14.030
2077,MAM,West Scotland,0.519,7.530
2078,MAM,West Scotland,0.475,8.909
2079,MAM,West Scotland,0.371,6.583
2080,MAM,West Scotland,0.392,7.311
1981,MAM,Yorkshire and Humber,0.470,7.495
1982,MAM,Yorkshire and Humber,0.375,6.634
1983,MAM,Yorkshire and Humber,0.566,7.238
1984,MAM,Yorkshire and Humber,0.535,8.030
1985,MAM,Yorkshire and Humber,0.432,6.743
1986,MAM,Yorkshire and Humber,0.513,8.822
1987,MAM,Yorkshire and Humber,0.383,5.842
1988,MAM,Yorkshire and Humber,0.436,5.921
1989,MAM,Yorkshire and Humber,0.465,4.772
1990,MAM,Yorkshire and Humber,0.404,7.752
1991,MAM,Yorkshire and Humber,0.451,7.723
1992,MAM,Yorkshire and Humber,0.443,6.168
1993,MAM,Yorkshire and Humber,0.494,7.446
1994,MAM,Yorkshire and Humber,0.473,6.495
1995,MAM,Yorkshire and Humber,0.476,7.535
1996,MAM,Yorkshire and Humber,0.481,6.604
1997,MAM,Yorkshire and Humber,0.397,9.307
1998,MAM,Yorkshire and Humber,0.390,8.752
1999,MAM,Yorkshire and Humber,0.465,8.752
2000,MAM,Yorkshire and Humber,0.438,6.485
2001,MAM,Yorkshire and Humber,0.434,7.069
2002,MAM,Yorkshire and Humber,0.378,5.901
2003,MAM,Yorkshire and Humber,0.401,5.218
2004,MAM,Yorkshire and Humber,0.310,4.564
2005,MAM,Yorkshire and Humber,0.450,6.782
2006,MAM,Yorkshire and Humber,0.556,7.366
2007,MAM,Yorkshire and Humber,0.634,7.525
2008,MAM,Yorkshire and Humber,0.452,5.772
2009,MAM,Yorkshire and Humber,0.484,6.990
2010,MAM,Yorkshire and Humber,0.443,5.277
2011,MAM,Yorkshire and Humber,0.473,8.376
2012,MAM,Yorkshire and Humber,0.348,6.059
2013,MAM,Yorkshire and Humber,0.395,6.525
2014,MAM,Yorkshire and Humber,0.503,8.812
2015,MAM,Yorkshire and Humber,0.380,5.208
2016,MAM,Yorkshire and Humber,0.521,9.822
2017,MAM,Yorkshire and Humber,0.417,7.129
2018,MAM,Yorkshire and Humber,0.405,6.554
2019,MAM,Yorkshire and Humber,0.271,4.960
2020,MAM,Yorkshire and Humber,0.387,6.010
2021,MAM,Yorkshire and Humber,0.420,6.792
2022,MAM,Yorkshire and Humber,0.372,6.188
2023,MAM,Yorkshire and Humber,0.444,5.812
2024,MAM,Yorkshire and Humber,0.450,7.178
2025,MAM,Yorkshire and Humber,0.494,7.426
2026,MAM,Yorkshire and Humber,0.580,7.990
2027,MAM,Yorkshire and Humber,0.414,8.535
2028,MAM,Yorkshire and Humber,0.460,6.416
2029,MAM,Yorkshire and Humber,0.448,6.386
2030,MAM,Yorkshire and Humber,0.401,5.307
2031,MAM,Yorkshire and Humber,0.424,6.436
2032,MAM,Yorkshire and Humber,0.410,8.327
2033,MAM,Yorkshire and Humber,0.308,6.238
2034,MAM,Yorkshire and Humber,0.326,5.812
2035,MAM,Yorkshire and Humber,0.330,6.327
2036,MAM,Yorkshire and Humber,0.559,9.950
2037,MAM,Yorkshire and Humber,0.407,6.050
2038,MAM,Yorkshire and Humber,0.422,6.515
2039,MAM,Yorkshire and Humber,0.368,5.604
2040,MAM,Yorkshire and Humber,0.536,11.248
2041,MAM,Yorkshire and Humber,0.493,13.010
2042,MAM,Yorkshire and Humber,0.358,5.970
2043,MAM,Yorkshire and Humber,0.338,5.782
2044,MAM,Yorkshire and Humber,0.485,9.693
2045,MAM,Yorkshire and Humber,0.366,6.228
2046,MAM,Yorkshire and Humber,0.529,9.040
2047,MAM,Yorkshire and Humber,0.392,5.000
2048,MAM,Yorkshire and Humber,0.503,8.356
2049,MAM,Yorkshire and Humber,0.443,8.238
2050,MAM,Yorkshire and Humber,0.525,7.614
2051,MAM,Yorkshire and Humber,0.409,5.475
2052,MAM,Yorkshire and Humber,0.249,3.703
2053,MAM,Yorkshire and Humber,0.343,6.178
2054,MAM,Yorkshire and Humber,0.478,10.168
2055,MAM,Yorkshire and Humber,0.589,9.446
2056,MAM,Yorkshire and Humber,0.436,6.604
2057,MAM,Yorkshire and Humber,0.410,7.703
2058,MAM,Yorkshire and Humber,0.385,5.901
2059,MAM,Yorkshire and Humber,0.329,6.644
2060,MAM,Yorkshire and Humber,0.296,5.525
2061,MAM,Yorkshire and Humber,0.314,4.455
2062,MAM,Yorkshire and Humber,0.311,3.950
2063,MAM,Yorkshire and Humber,0.503,7.545
2064,MAM,Yorkshire and Humber,0.363,5.683
2065,MAM,Yorkshire and Humber,0.247,4.158
2066,MAM,Yorkshire and Humber,0.465,7.257
2067,MAM,Yorkshire and Humber,0.498,8.010
2068,MAM,Yorkshire and Humber,0.351,5.545
2069,MAM,Yorkshire and Humber,0.281,6.871
2070,MAM,Yorkshire and Humber,0.366,6.010
2071,MAM,Yorkshire and Humber,0.453,8.327
2072,MAM,Yorkshire and Humber,0.450,9.178
2073,MAM,Yorkshire and Humber,0.357,6.277
2074,MAM,Yorkshire and Humber,0.451,7.089
2075,MAM,Yorkshire and Humber,0.230,4.356
2076,MAM,Yorkshire and Humber,0.390,6.792
2077,MAM,Yorkshire and Humber,0.505,7.485
2078,MAM,Yorkshire and Humber,0.358,5.772
2079,MAM,Yorkshire and Humber,0.344,6.594
2080,MAM,Yorkshire and Humber,0.238,3.604
1981,MAM,Channel Islands,0.406,7.000
1982,MAM,Channel Islands,0.294,5.500
1983,MAM,Channel Islands,0.622,9.000
1984,MAM,Channel Islands,0.544,9.000
1985,MAM,Channel Islands,0.450,8.000
1986,MAM,Channel Islands,0.394,7.000
1987,MAM,Channel Islands,0.356,10.500
1988,MAM,Channel Islands,0.322,4.500
1989,MAM,Channel Islands,0.406,4.500
1990,MAM,Channel Islands,0.389,9.500
1991,MAM,Channel Islands,0.333,6.000
1992,MAM,Channel Islands,0.433,10.500
1993,MAM,Channel Islands,0.361,5.000
1994,MAM,Channel Islands,0.339,4.500
1995,MAM,Channel Islands,0.411,5.500
1996,MAM,Channel Islands,0.411,8.000
1997,MAM,Channel Islands,0.328,6.000
1998,MAM,Channel Islands,0.333,6.000
1999,MAM,Channel Islands,0.339,8.500
2000,MAM,Channel Islands,0.361,6.500
2001,MAM,Channel Islands,0.456,8.500
2002,MAM,Channel Islands,0.383,10.000
2003,MAM,Channel Islands,0.272,3.500
2004,MAM,Channel Islands,0.233,3.000
2005,MAM,Channel Islands,0.511,5.500
2006,MAM,Channel Islands,0.494,7.500
2007,MAM,Channel Islands,0.667,16.000
2008,MAM,Channel Islands,0.483,7.000
2009,MAM,Channel Islands,0.372,7.000
2010,MAM,Channel Islands,0.444,8.000
2011,MAM,Channel Islands,0.339,6.000
2012,MAM,Channel Islands,0.222,5.000
2013,MAM,Channel Islands,0.433,10.000
2014,MAM,Channel Islands,0.456,6.000
2015,MAM,Channel Islands,0.294,4.000
2016,MAM,Channel Islands,0.494,6.000
2017,MAM,Channel Islands,0.472,12.500
2018,MAM,Channel Islands,0.356,5.000
2019,MAM,Channel Islands,0.256,3.000
2020,MAM,Channel Islands,0.289,4.000
2021,MAM,Channel Islands,0.383,5.500
2022,MAM,Channel Islands,0.400,6.000
2023,MAM,Channel Islands,0.394,5.000
2024,MAM,Channel Islands,0.361,5.000
2025,MAM,Channel Islands,0.422,5.500
2026,MAM,Channel Islands,0.556,13.000
2027,MAM,Channel Islands,0.406,7.000
2028,MAM,Channel Islands,0.450,5.500
2029,MAM,Channel Islands,0.372,6.500
2030,MAM,Channel Islands,0.433,7.000
2031,MAM,Channel Islands,0.356,5.500
2032,MAM,Channel Islands,0.289,7.500
2033,MAM,Channel Islands,0.389,6.500
2034,MAM,Channel Islands,0.272,7.000
2035,MAM,Channel Islands,0.267,5.500
2036,MAM,Channel Islands,0.489,7.000
2037,MAM,Channel Islands,0.383,6.000
2038,MAM,Channel Islands,0.306,9.000
2039,MAM,Channel Islands,0.311,6.500
2040,MAM,Channel Islands,0.428,7.000
2041,MAM,Channel Islands,0.433,9.000
2042,MAM,Channel Islands,0.294,6.000
2043,MAM,Channel Islands,0.289,7.500
2044,MAM,Channel Islands,0.422,5.000
2045,MAM,Channel Islands,0.294,5.500
2046,MAM,Channel Islands,0.528,8.500
2047,MAM,Channel Islands,0.344,5.000
2048,MAM,Channel Islands,0.378,8.500
2049,MAM,Channel Islands,0.344,6.500
2050,MAM,Channel Islands,0.572,8.500
2051,MAM,Channel Islands,0.367,8.500
2052,MAM,Channel Islands,0.150,2.000
2053,MAM,Channel Islands,0.339,5.000
2054,MAM,Channel Islands,0.344,8.000
2055,MAM,Channel Islands,0.517,11.500
2056,MAM,Channel Islands,0.433,7.000
2057,MAM,Channel Islands,0.344,6.000
2058,MAM,Channel Islands,0.322,5.000
2059,MAM,Channel Islands,0.361,7.000
2060,MAM,Channel Islands,0.200,4.500
2061,MAM,Channel Islands,0.333,5.000
2062,MAM,Channel Islands,0.261,3.000
2063,MAM,Channel Islands,0.367,8.500
2064,MAM,Channel Islands,0.311,5.500
2065,MAM,Channel Islands,0.256,4.000
2066,MAM,Channel Islands,0.456,6.000
2067,MAM,Channel Islands,0.417,9.000
2068,MAM,Channel Islands,0.306,7.500
2069,MAM,Channel Islands,0.256,6.500
2070,MAM,Channel Islands,0.250,6.000
2071,MAM,Channel Islands,0.406,8.000
2072,MAM,Channel Islands,0.333,7.000
2073,MAM,Channel Islands,0.378,5.000
2074,MAM,Channel Islands,0.367,5.000
2075,MAM,Channel Islands,0.211,5.500
2076,MAM,Channel Islands,0.378,4.500
2077,MAM,Channel Islands,0.500,10.000
2078,MAM,Channel Islands,0.278,5.000
2079,MAM,Channel Islands,0.400,6.000
2080,MAM,Channel Islands,0.128,2.500
1981,MAM,Isle of Man,0.522,6.667
1982,MAM,Isle of Man,0.344,6.333
1983,MAM,Isle of Man,0.681,16.000
1984,MAM,Isle of Man,0.626,13.333
1985,MAM,Isle of Man,0.474,6.333
1986,MAM,Isle of Man,0.589,13.000
1987,MAM,Isle of Man,0.530,9.000
1988,MAM,Isle of Man,0.533,6.333
1989,MAM,Isle of Man,0.496,6.000
1990,MAM,Isle of Man,0.426,7.000
1991,MAM,Isle of Man,0.485,8.000
1992,MAM,Isle of Man,0.519,10.000
1993,MAM,Isle of Man,0.585,9.000
1994,MAM,Isle of Man,0.548,11.667
1995,MAM,Isle of Man,0.448,5.667
1996,MAM,Isle of Man,0.578,11.667
1997,MAM,Isle of Man,0.459,10.000
1998,MAM,Isle of Man,0.430,5.667
1999,MAM,Isle of Man,0.430,6.000
2000,MAM,Isle of Man,0.511,7.000
2001,MAM,Isle of Man,0.481,7.667
2002,MAM,Isle of Man,0.370,4.333
2003,MAM,Isle of Man,0.463,5.000
2004,MAM,Isle of Man,0.367,5.333
2005,MAM,Isle of Man,0.485,9.333
2006,MAM,Isle of Man,0.430,9.000
2007,MAM,Isle of Man,0.659,10.667
2008,MAM,Isle of Man,0.463,7.667
2009,MAM,Isle of Man,0.493,6.000
2010,MAM,Isle of Man,0.363,9.333
2011,MAM,Isle of Man,0.426,6.000
2012,MAM,Isle of Man,0.415,8.000
2013,MAM,Isle of Man,0.433,6.667
2014,MAM,Isle of Man,0.537,10.000
2015,MAM,Isle of Man,0.448,6.667
2016,MAM,Isle of Man,0.489,6.667
2017,MAM,Isle of Man,0.489,5.333
2018,MAM,Isle of Man,0.448,6.000
2019,MAM,Isle of Man,0.315,4.333
2020,MAM,Isle of Man,0.426,5.667
2021,MAM,Isle of Man,0.485,8.000
2022,MAM,Isle of Man,0.359,5.667
2023,MAM,Isle of Man,0.478,6.000
2024,MAM,Isle of Man,0.533,8.000
2025,MAM,Isle of Man,0.504,6.333
2026,MAM,Isle of Man,0.544,8.667
2027,MAM,Isle of Man,0.411,5.000
2028,MAM,Isle of Man,0.389,7.000
2029,MAM,Isle of Man,0.433,5.667
2030,MAM,Isle of Man,0.559,6.667
2031,MAM,Isle of Man,0.452,6.000
2032,MAM,Isle of Man,0.448,8.000
2033,MAM,Isle of Man,0.256,7.000
2034,MAM,Isle of Man,0.311,5.333
2035,MAM,Isle of Man,0.367,5.667
2036,MAM,Isle of Man,0.667,10.000
2037,MAM,Isle of Man,0.504,7.667
2038,MAM,Isle of Man,0.407,6.333
2039,MAM,Isle of Man,0.344,6.333
2040,MAM,Isle of Man,0.633,8.333
2041,MAM,Isle of Man,0.481,7.000
2042,MAM,Isle of Man,0.385,5.000
2043,MAM,Isle of Man,0.456,8.000
2044,MAM,Isle of Man,0.459,5.333
2045,MAM,Isle of Man,0.426,6.667
2046,MAM,Isle of Man,0.515,8.667
2047,MAM,Isle of Man,0.444,6.333
2048,MAM,Isle of Man,0.400,5.667
2049,MAM,Isle of Man,0.374,12.000
2050,MAM,Isle of Man,0.541,11.333
2051,MAM,Isle of Man,0.504,6.667
2052,MAM,Isle of Man,0.274,7.000
2053,MAM,Isle of Man,0.422,5.000
2054,MAM,Isle of Man,0.470,8.000
2055,MAM,Isle of Man,0.581,12.667
2056,MAM,Isle of Man,0.481,5.000
2057,MAM,Isle of Man,0.515,9.000
2058,MAM,Isle of Man,0.441,8.333
2059,MAM,Isle of Man,0.404,5.333
2060,MAM,Isle of Man,0.389,6.333
2061,MAM,Isle of Man,0.400,7.667
2062,MAM,Isle of Man,0.344,4.000
2063,MAM,Isle of Man,0.570,7.333
2064,MAM,Isle of Man,0.319,4.667
2065,MAM,Isle of Man,0.322,5.000
2066,MAM,Isle of Man,0.530,8.667
2067,MAM,Isle of Man,0.481,8.667
2068,MAM,Isle of Man,0.430,11.000
2069,MAM,Isle of Man,0.226,4.000
2070,MAM,Isle of Man,0.415,6.333
2071,MAM,Isle of Man,0.437,6.000
2072,MAM,Isle of Man,0.515,9.000
2073,MAM,Isle of Man,0.467,5.000
2074,MAM,Isle of Man,0.481,6.000
2075,MAM,Isle of Man,0.263,6.000
2076,MAM,Isle of Man,0.433,5.333
2077,MAM,Isle of Man,0.496,6.000
2078,MAM,Isle of Man,0.389,4.333
2079,MAM,Isle of Man,0.404,9.000
2080,MAM,Isle of Man,0.230,5.000
1981,MAM,Northern Ireland,0.602,9.824
1982,MAM,Northern Ireland,0.473,12.235
1983,MAM,Northern Ireland,0.735,13.082
1984,MAM,Northern Ireland,0.735,14.718
1985,MAM,Northern Ireland,0.538,8.776
1986,MAM,Northern Ireland,0.617,10.459
1987,MAM,Northern Ireland,0.600,12.635
1988,MAM,Northern Ireland,0.584,8.929
1989,MAM,Northern Ireland,0.604,9.765
1990,MAM,Northern Ireland,0.531,10.600
1991,MAM,Northern Ireland,0.585,10.682
1992,MAM,Northern Ireland,0.524,13.165
1993,MAM,Northern Ireland,0.625,11.259
1994,MAM,Northern Ireland,0.613,9.529
1995,MAM,Northern Ireland,0.468,6.729
1996,MAM,Northern Ireland,0.623,9.941
1997,MAM,Northern Ireland,0.451,8.859
1998,MAM,Northern Ireland,0.471,6.965
1999,MAM,Northern Ireland,0.554,9.612
2000,MAM,Northern Ireland,0.601,8.765
2001,MAM,Northern Ireland,0.578,13.165
2002,MAM,Northern Ireland,0.440,8.612
2003,MAM,Northern Ireland,0.521,7.365
2004,MAM,Northern Ireland,0.415,6.412
2005,MAM,Northern Ireland,0.506,10.871
2006,MAM,Northern Ireland,0.539,8.765
2007,MAM,Northern Ireland,0.707,13.376
2008,MAM,Northern Ireland,0.490,6.824
2009,MAM,Northern Ireland,0.487,6.306
2010,MAM,Northern Ireland,0.478,10.800
2011,MAM,Northern Ireland,0.440,5.718
2012,MAM,Northern Ireland,0.468,8.153
2013,MAM,Northern Ireland,0.512,10.059
2014,MAM,Northern Ireland,0.573,9.553
2015,MAM,Northern Ireland,0.479,7.659
2016,MAM,Northern Ireland,0.594,7.753
2017,MAM,Northern Ireland,0.623,10.565
2018,MAM,Northern Ireland,0.542,8.282
2019,MAM,Northern Ireland,0.440,8.600
2020,MAM,Northern Ireland,0.483,7.118
2021,MAM,Northern Ireland,0.590,9.082
2022,MAM,Northern Ireland,0.518,9.588
2023,MAM,Northern Ireland,0.579,9.506
2024,MAM,Northern Ireland,0.575,9.400
2025,MAM,Northern Ireland,0.541,9.459
2026,MAM,Northern Ireland,0.644,11.176
2027,MAM,Northern Ireland,0.447,8.459
2028,MAM,Northern Ireland,0.474,6.024
2029,MAM,Northern Ireland,0.587,11.059
2030,MAM,Northern Ireland,0.700,13.729
2031,MAM,Northern Ireland,0.604,10.153
2032,MAM,Northern Ireland,0.515,13.459
2033,MAM,Northern Ireland,0.411,7.506
2034,MAM,Northern Ireland,0.379,7.388
2035,MAM,Northern Ireland,0.429,5.247
2036,MAM,Northern Ireland,0.696,14.212
2037,MAM,Northern Ireland,0.556,8.188
2038,MAM,Northern Ireland,0.406,8.071
2039,MAM,Northern Ireland,0.425,8.682
2040,MAM,Northern Ireland,0.693,10.400
2041,MAM,Northern Ireland,0.546,7.529
2042,MAM,Northern Ireland,0.492,6.306
2043,MAM,Northern Ireland,0.538,7.588
2044,MAM,Northern Ireland,0.567,7.918
2045,MAM,Northern Ireland,0.477,8.941
2046,MAM,Northern Ireland,0.557,11.929
2047,MAM,Northern Ireland,0.568,10.153
2048,MAM,Northern Ireland,0.441,6.682
2049,MAM,Northern Ireland,0.448,9.976
2050,MAM,Northern Ireland,0.617,11.706
2051,MAM,Northern Ireland,0.512,6.494
2052,MAM,Northern Ireland,0.305,5.247
2053,MAM,Northern Ireland,0.440,6.188
2054,MAM,Northern Ireland,0.568,9.059
2055,MAM,Northern Ireland,0.615,9.153
2056,MAM,Northern Ireland,0.536,7.612
2057,MAM,Northern Ireland,0.553,8.624
2058,MAM,Northern Ireland,0.530,8.612
2059,MAM,Northern Ireland,0.468,9.729
2060,MAM,Northern Ireland,0.485,9.435
2061,MAM,Northern Ireland,0.425,8.294
2062,MAM,Northern Ireland,0.388,5.847
2063,MAM,Northern Ireland,0.683,9.200
2064,MAM,Northern Ireland,0.367,7.412
2065,MAM,Northern Ireland,0.363,6.494
2066,MAM,Northern Ireland,0.601,9.129
2067,MAM,Northern Ireland,0.562,9.588
2068,MAM,Northern Ireland,0.402,8.447
2069,MAM,Northern Ireland,0.334,5.847
2070,MAM,Northern Ireland,0.537,11.929
2071,MAM,Northern Ireland,0.507,13.188
2072,MAM,Northern Ireland,0.587,9.776
2073,MAM,Northern Ireland,0.583,10.106
2074,MAM,Northern Ireland,0.522,5.800
2075,MAM,Northern Ireland,0.336,5.400
2076,MAM,Northern Ireland,0.551,10.188
2077,MAM,Northern Ireland,0.542,9.024
2078,MAM,Northern Ireland,0.459,6.341
2079,MAM,Northern Ireland,0.401,6.541
2080,MAM,Northern Ireland,0.255,4.518
1981,MAM,Wales,0.540,8.203
1982,MAM,Wales,0.433,12.165
1983,MAM,Wales,0.697,11.436
1984,MAM,Wales,0.667,13.970
1985,MAM,Wales,0.535,8.549
1986,MAM,Wales,0.627,12.241
1987,MAM,Wales,0.506,9.211
1988,MAM,Wales,0.563,9.211
1989,MAM,Wales,0.569,10.015
1990,MAM,Wales,0.436,11.602
1991,MAM,Wales,0.527,8.271
1992,MAM,Wales,0.520,13.391
1993,MAM,Wales,0.579,10.083
1994,MAM,Wales,0.562,10.692
1995,MAM,Wales,0.483,7.474
1996,MAM,Wales,0.518,6.910
1997,MAM,Wales,0.536,15.729
1998,MAM,Wales,0.480,9.534
1999,MAM,Wales,0.564,10.045
2000,MAM,Wales,0.595,11.233
2001,MAM,Wales,0.541,11.752
2002,MAM,Wales,0.444,10.308
2003,MAM,Wales,0.454,6.323
2004,MAM,Wales,0.352,5.459
2005,MAM,Wales,0.540,10.316
2006,MAM,Wales,0.543,9.737
2007,MAM,Wales,0.719,15.135
2008,MAM,Wales,0.548,10.045
2009,MAM,Wales,0.475,8.278
2010,MAM,Wales,0.428,10.308
2011,MAM,Wales,0.445,6.105
2012,MAM,Wales,0.440,6.962
2013,MAM,Wales,0.503,8.008
2014,MAM,Wales,0.552,10.323
2015,MAM,Wales,0.446,6.699
2016,MAM,Wales,0.596,11.414
2017,MAM,Wales,0.567,9.940
2018,MAM,Wales,0.569,10.474
2019,MAM,Wales,0.369,6.865
2020,MAM,Wales,0.462,7.105
2021,MAM,Wales,0.509,10.737
2022,MAM,Wales,0.490,8.880
2023,MAM,Wales,0.545,10.526
2024,MAM,Wales,0.542,10.158
2025,MAM,Wales,0.582,10.429
2026,MAM,Wales,0.584,10.594
2027,MAM,Wales,0.448,14.932
2028,MAM,Wales,0.476,7.271
2029,MAM,Wales,0.460,7.474
2030,MAM,Wales,0.604,10.008
2031,MAM,Wales,0.486,7.895
2032,MAM,Wales,0.465,9.519
2033,MAM,Wales,0.377,8.150
2034,MAM,Wales,0.332,6.090
2035,MAM,Wales,0.393,6.677
2036,MAM,Wales,0.658,16.000
2037,MAM,Wales,0.532,7.398
2038,MAM,Wales,0.381,6.511
2039,MAM,Wales,0.416,7.571
2040,MAM,Wales,0.641,15.789
2041,MAM,Wales,0.541,11.789
2042,MAM,Wales,0.464,7.421
2043,MAM,Wales,0.505,11.000
2044,MAM,Wales,0.503,7.662
2045,MAM,Wales,0.441,10.075
2046,MAM,Wales,0.611,11.226
2047,MAM,Wales,0.503,8.639
2048,MAM,Wales,0.465,8.564
2049,MAM,Wales,0.439,9.850
2050,MAM,Wales,0.595,11.925
2051,MAM,Wales,0.489,8.000
2052,MAM,Wales,0.261,3.556
2053,MAM,Wales,0.416,6.594
2054,MAM,Wales,0.498,8.211
2055,MAM,Wales,0.671,13.947
2056,MAM,Wales,0.582,9.714
2057,MAM,Wales,0.515,9.120
2058,MAM,Wales,0.480,9.955
2059,MAM,Wales,0.460,8.090
2060,MAM,Wales,0.401,7.511
2061,MAM,Wales,0.387,6.684
2062,MAM,Wales,0.353,4.519
2063,MAM,Wales,0.598,8.549
2064,MAM,Wales,0.388,6.759
2065,MAM,Wales,0.305,5.391
2066,MAM,Wales,0.538,9.669
2067,MAM,Wales,0.499,8.083
2068,MAM,Wales,0.440,11.316
2069,MAM,Wales,0.330,9.353
2070,MAM,Wales,0.429,7.331
2071,MAM,Wales,0.465,10.000
2072,MAM,Wales,0.512,8.293
2073,MAM,Wales,0.510,8.165
2074,MAM,Wales,0.557,9.195
2075,MAM,Wales,0.277,7.045
2076,MAM,Wales,0.487,7.459
2077,MAM,Wales,0.554,13.218
2078,MAM,Wales,0.450,6.767
2079,MAM,Wales,0.424,8.278
2080,MAM,Wales,0.223,4.857
1981,JJA,East Midlands,0.302,5.748
1982,JJA,East Midlands,0.292,4.777
1983,JJA,East Midlands,0.267,3.165
1984,JJA,East Midlands,0.297,5.767
1985,JJA,East Midlands,0.423,6.748
1986,JJA,East Midlands,0.239,3.854
1987,JJA,East Midlands,0.437,7.233
1988,JJA,East Midlands,0.289,5.854
1989,JJA,East Midlands,0.312,6.650
1990,JJA,East Midlands,0.356,4.534
1991,JJA,East Midlands,0.257,4.738
1992,JJA,East Midlands,0.229,5.408
1993,JJA,East Midlands,0.465,8.883
1994,JJA,East Midlands,0.353,5.359
1995,JJA,East Midlands,0.328,4.165
1996,JJA,East Midlands,0.306,5.184
1997,JJA,East Midlands,0.359,8.738
1998,JJA,East Midlands,0.267,3.670
1999,JJA,East Midlands,0.301,5.748
2000,JJA,East Midlands,0.359,5.437
2001,JJA,East Midlands,0.393,6.068
2002,JJA,East Midlands,0.280,5.699
2003,JJA,East Midlands,0.312,6.252
2004,JJA,East Midlands,0.289,4.738
2005,JJA,East Midlands,0.244,3.068
2006,JJA,East Midlands,0.267,4.107
2007,JJA,East Midlands,0.407,7.078
2008,JJA,East Midlands,0.444,6.757
2009,JJA,East Midlands,0.341,6.767
2010,JJA,East Midlands,0.442,6.301
2011,JJA,East Midlands,0.140,2.320
2012,JJA,East Midlands,0.329,3.767
2013,JJA,East Midlands,0.288,4.718
2014,JJA,East Midlands,0.183,4.223
2015,JJA,East Midlands,0.262,3.466
2016,JJA,East Midlands,0.322,5.932
2017,JJA,East Midlands,0.380,5.942
2018,JJA,East Midlands,0.181,3.078
2019,JJA,East Midlands,0.276,6.913
2020,JJA,East Midlands,0.135,3.068
2021,JJA,East Midlands,0.312,6.097
2022,JJA,East Midlands,0.245,5.291
2023,JJA,East Midlands,0.252,5.602
2024,JJA,East Midlands,0.405,7.223
2025,JJA,East Midlands,0.252,3.680
2026,JJA,East Midlands,0.276,4.456
2027,JJA,East Midlands,0.194,3.495
2028,JJA,East Midlands,0.257,4.184
2029,JJA,East Midlands,0.195,4.544
2030,JJA,East Midlands,0.290,5.845
2031,JJA,East Midlands,0.247,3.262
2032,JJA,East Midlands,0.301,4.563
2033,JJA,East Midlands,0.170,3.223
2034,JJA,East Midlands,0.304,4.709
2035,JJA,East Midlands,0.272,4.592
2036,JJA,East Midlands,0.150,2.738
2037,JJA,East Midlands,0.253,6.107
2038,JJA,East Midlands,0.260,5.874
2039,JJA,East Midlands,0.262,4.165
2040,JJA,East Midlands,0.257,4.699
2041,JJA,East Midlands,0.261,4.883
2042,JJA,East Midlands,0.323,5.437
2043,JJA,East Midlands,0.180,2.728
2044,JJA,East Midlands,0.214,3.816
2045,JJA,East Midlands,0.077,1.854
2046,JJA,East Midlands,0.337,6.456
2047,JJA,East Midlands,0.224,5.243
2048,JJA,East Midlands,0.197,3.660
2049,JJA,East Midlands,0.229,3.563
2050,JJA,East Midlands,0.215,4.311
2051,JJA,East Midlands,0.160,3.078
2052,JJA,East Midlands,0.186,7.194
2053,JJA,East Midlands,0.216,3.699
2054,JJA,East Midlands,0.235,5.214
2055,JJA,East Midlands,0.224,7.340
2056,JJA,East Midlands,0.127,1.981
2057,JJA,East Midlands,0.204,3.767
2058,JJA,East Midlands,0.162,3.573
2059,JJA,East Midlands,0.189,3.476
2060,JJA,East Midlands,0.147,3.379
2061,JJA,East Midlands,0.234,3.563
2062,JJA,East Midlands,0.218,4.350
2063,JJA,East Midlands,0.210,3.612
2064,JJA,East Midlands,0.204,5.971
2065,JJA,East Midlands,0.160,3.058
2066,JJA,East Midlands,0.243,3.922
2067,JJA,East Midlands,0.118,2.961
2068,JJA,East Midlands,0.271,5.544
2069,JJA,East Midlands,0.179,3.320
2070,JJA,East Midlands,0.172,3.282
2071,JJA,East Midlands,0.195,2.816
2072,JJA,East Midlands,0.121,2.058
2073,JJA,East Midlands,0.253,4.631
2074,JJA,East Midlands,0.128,2.961
2075,JJA,East Midlands,0.070,1.689
2076,JJA,East Midlands,0.141,2.777
2077,JJA,East Midlands,0.189,3.136
2078,JJA,East Midlands,0.189,2.612
2079,JJA,East Midlands,0.257,5.262
2080,JJA,East Midlands,0.133,2.835
1981,JJA,East of England,0.282,5.622
1982,JJA,East of England,0.263,3.898
1983,JJA,East of England,0.272,3.898
1984,JJA,East of England,0.310,5.465
1985,JJA,East of England,0.420,5.937
1986,JJA,East of England,0.268,3.528
1987,JJA,East of England,0.380,6.205
1988,JJA,East of England,0.334,10.173
1989,JJA,East of England,0.287,6.882
1990,JJA,East of England,0.306,4.496
1991,JJA,East of England,0.208,4.488
1992,JJA,East of England,0.216,4.969
1993,JJA,East of England,0.448,7.646
1994,JJA,East of England,0.325,4.260
1995,JJA,East of England,0.285,4.677
1996,JJA,East of England,0.297,5.016
1997,JJA,East of England,0.346,8.433
1998,JJA,East of England,0.285,3.898
1999,JJA,East of England,0.263,7.000
2000,JJA,East of England,0.327,5.480
2001,JJA,East of England,0.357,7.575
2002,JJA,East of England,0.258,5.134
2003,JJA,East of England,0.265,6.598
2004,JJA,East of England,0.245,5.142
2005,JJA,East of England,0.244,2.764
2006,JJA,East of England,0.248,4.583
2007,JJA,East of England,0.380,6.370
2008,JJA,East of England,0.444,6.866
2009,JJA,East of England,0.328,6.992
2010,JJA,East of England,0.414,8.283
2011,JJA,East of England,0.115,2.654
2012,JJA,East of England,0.312,3.504
2013,JJA,East of England,0.247,3.685
2014,JJA,East of England,0.165,3.614
2015,JJA,East of England,0.258,4.055
2016,JJA,East of England,0.324,5.685
2017,JJA,East of England,0.377,7.299
2018,JJA,East of England,0.146,2.386
2019,JJA,East of England,0.218,4.449
2020,JJA,East of England,0.152,2.843
2021,JJA,East of England,0.299,4.984
2022,JJA,East of England,0.263,5.299
2023,JJA,East of England,0.221,5.008
2024,JJA,East of England,0.378,6.417
2025,JJA,East of England,0.203,2.646
2026,JJA,East of England,0.310,4.598
2027,JJA,East of England,0.170,3.819
2028,JJA,East of England,0.250,4.213
2029,JJA,East of England,0.139,4.480
2030,JJA,East of England,0.278,3.992
2031,JJA,East of England,0.253,3.685
2032,JJA,East of England,0.312,5.063
2033,JJA,East of England,0.178,3.685
2034,JJA,East of England,0.226,2.937
2035,JJA,East of England,0.236,5.339
2036,JJA,East of England,0.157,3.567
2037,JJA,East of England,0.234,5.425
2038,JJA,East of England,0.284,6.850
2039,JJA,East of England,0.230,3.614
2040,JJA,East of England,0.213,4.016
2041,JJA,East of England,0.250,4.094
2042,JJA,East of England,0.323,4.528
2043,JJA,East of England,0.163,2.898
2044,JJA,East of England,0.184,4.236
2045,JJA,East of England,0.057,1.307
2046,JJA,East of England,0.308,6.449
2047,JJA,East of England,0.217,5.543
2048,JJA,East of England,0.190,4.291
2049,JJA,East of England,0.245,3.614
2050,JJA,East of England,0.211,4.449
2051,JJA,East of England,0.167,3.638
2052,JJA,East of England,0.178,6.551
2053,JJA,East of England,0.233,3.992
2054,JJA,East of England,0.231,7.543
2055,JJA,East of England,0.225,5.157
2056,JJA,East of England,0.136,2.425
2057,JJA,East of England,0.218,4.598
2058,JJA,East of England,0.106,2.803
2059,JJA,East of England,0.215,3.819
2060,JJA,East of England,0.139,2.882
2061,JJA,East of England,0.236,3.315
2062,JJA,East of England,0.170,3.126
2063,JJA,East of England,0.195,3.449
2064,JJA,East of England,0.134,4.039
2065,JJA,East of England,0.157,2.787
2066,JJA,East of England,0.232,4.283
2067,JJA,East of England,0.141,4.339
2068,JJA,East of England,0.259,5.488
2069,JJA,East of England,0.122,2.756
2070,JJA,East of England,0.150,2.614
2071,JJA,East of England,0.191,3.173
2072,JJA,East of England,0.125,1.969
2073,JJA,East of England,0.202,3.898
2074,JJA,East of England,0.123,2.559
2075,JJA,East of England,0.056,1.787
2076,JJA,East of England,0.113,2.354
2077,JJA,East of England,0.195,3.079
2078,JJA,East of England,0.149,2.630
2079,JJA,East of England,0.234,5.157
2080,JJA,East of England,0.123,2.748
1981,JJA,East Scotland,0.503,8.506
1982,JJA,East Scotland,0.421,6.675
1983,JJA,East Scotland,0.437,7.838
1984,JJA,East Scotland,0.442,6.856
1985,JJA,East Scotland,0.548,8.200
1986,JJA,East Scotland,0.448,7.131
1987,JJA,East Scotland,0.598,8.200
1988,JJA,East Scotland,0.387,7.125
1989,JJA,East Scotland,0.461,9.875
1990,JJA,East Scotland,0.424,6.138
1991,JJA,East Scotland,0.426,8.300
1992,JJA,East Scotland,0.407,5.812
1993,JJA,East Scotland,0.542,11.731
1994,JJA,East Scotland,0.425,9.762
1995,JJA,East Scotland,0.437,8.306
1996,JJA,East Scotland,0.439,6.662
1997,JJA,East Scotland,0.518,8.963
1998,JJA,East Scotland,0.375,5.269
1999,JJA,East Scotland,0.418,6.612
2000,JJA,East Scotland,0.475,7.444
2001,JJA,East Scotland,0.535,10.119
2002,JJA,East Scotland,0.313,5.581
2003,JJA,East Scotland,0.440,6.725
2004,JJA,East Scotland,0.452,7.331
2005,JJA,East Scotland,0.374,5.625
2006,JJA,East Scotland,0.444,7.069
2007,JJA,East Scotland,0.492,8.094
2008,JJA,East Scotland,0.507,8.000
2009,JJA,East Scotland,0.390,7.569
2010,JJA,East Scotland,0.586,11.294
2011,JJA,East Scotland,0.401,6.825
2012,JJA,East Scotland,0.479,8.269
2013,JJA,East Scotland,0.526,7.862
2014,JJA,East Scotland,0.221,3.906
2015,JJA,East Scotland,0.396,7.631
2016,JJA,East Scotland,0.410,8.613
2017,JJA,East Scotland,0.480,6.431
2018,JJA,East Scotland,0.388,4.438
2019,JJA,East Scotland,0.406,9.250
2020,JJA,East Scotland,0.199,2.756
2021,JJA,East Scotland,0.414,6.800
2022,JJA,East Scotland,0.418,6.106
2023,JJA,East Scotland,0.339,4.675
2024,JJA,East Scotland,0.468,8.312
2025,JJA,East Scotland,0.416,6.062
2026,JJA,East Scotland,0.388,6.725
2027,JJA,East Scotland,0.299,4.125
2028,JJA,East Scotland,0.407,5.944
2029,JJA,East Scotland,0.358,8.213
2030,JJA,East Scotland,0.486,9.025
2031,JJA,East Scotland,0.398,6.638
2032,JJA,East Scotland,0.475,6.056
2033,JJA,East Scotland,0.316,4.794
2034,JJA,East Scotland,0.367,6.675
2035,JJA,East Scotland,0.378,6.100
2036,JJA,East Scotland,0.272,4.300
2037,JJA,East Scotland,0.284,6.737
2038,JJA,East Scotland,0.394,7.888
2039,JJA,East Scotland,0.411,6.075
2040,JJA,East Scotland,0.472,7.912
2041,JJA,East Scotland,0.457,7.419
2042,JJA,East Scotland,0.365,5.263
2043,JJA,East Scotland,0.387,5.469
2044,JJA,East Scotland,0.281,5.094
2045,JJA,East Scotland,0.174,3.513
2046,JJA,East Scotland,0.417,7.175
2047,JJA,East Scotland,0.400,6.375
2048,JJA,East Scotland,0.282,4.287
2049,JJA,East Scotland,0.306,4.562
2050,JJA,East Scotland,0.384,6.669
2051,JJA,East Scotland,0.300,4.356
2052,JJA,East Scotland,0.334,4.838
2053,JJA,East Scotland,0.424,11.606
2054,JJA,East Scotland,0.322,6.969
2055,JJA,East Scotland,0.349,8.231
2056,JJA,East Scotland,0.298,4.700
2057,JJA,East Scotland,0.340,5.006
2058,JJA,East Scotland,0.268,5.963
2059,JJA,East Scotland,0.329,6.506
2060,JJA,East Scotland,0.243,3.425
2061,JJA,East Scotland,0.350,5.125
2062,JJA,East Scotland,0.405,5.831
2063,JJA,East Scotland,0.319,5.669
2064,JJA,East Scotland,0.327,4.969
2065,JJA,East Scotland,0.240,3.244
2066,JJA,East Scotland,0.354,5.681
2067,JJA,East Scotland,0.239,4.150
2068,JJA,East Scotland,0.306,5.125
2069,JJA,East Scotland,0.453,6.350
2070,JJA,East Scotland,0.285,4.581
2071,JJA,East Scotland,0.299,5.169
2072,JJA,East Scotland,0.263,3.719
2073,JJA,East Scotland,0.318,7.531
2074,JJA,East Scotland,0.252,3.900
2075,JJA,East Scotland,0.275,4.556
2076,JJA,East Scotland,0.227,4.194
2077,JJA,East Scotland,0.385,5.419
2078,JJA,East Scotland,0.402,4.606
2079,JJA,East Scotland,0.254,3.831
2080,JJA,East Scotland,0.281,4.956
1981,JJA,London,0.236,3.833
1982,JJA,London,0.234,3.500
1983,JJA,London,0.269,3.500
1984,JJA,London,0.278,4.833
1985,JJA,London,0.415,7.083
1986,JJA,London,0.278,3.833
1987,JJA,London,0.337,6.083
1988,JJA,London,0.317,7.833
1989,JJA,London,0.312,6.833
1990,JJA,London,0.281,4.750
1991,JJA,London,0.188,2.917
1992,JJA,London,0.255,5.083
1993,JJA,London,0.452,6.250
1994,JJA,London,0.302,3.833
1995,JJA,London,0.309,4.333
1996,JJA,London,0.297,4.667
1997,JJA,London,0.330,6.583
1998,JJA,London,0.238,3.750
1999,JJA,London,0.242,6.833
2000,JJA,London,0.334,5.250
2001,JJA,London,0.291,4.167
2002,JJA,London,0.317,8.417
2003,JJA,London,0.242,5.250
2004,JJA,London,0.233,6.000
2005,JJA,London,0.214,2.500
2006,JJA,London,0.264,4.750
2007,JJA,London,0.392,6.583
2008,JJA,London,0.416,7.333
2009,JJA,London,0.378,7.750
2010,JJA,London,0.406,6.333
2011,JJA,London,0.083,1.667
2012,JJA,London,0.305,3.333
2013,JJA,London,0.231,3.500
2014,JJA,London,0.200,4.000
2015,JJA,London,0.219,3.417
2016,JJA,London,0.347,6.583
2017,JJA,London,0.344,7.583
2018,JJA,London,0.138,2.667
2019,JJA,London,0.205,4.583
2020,JJA,London,0.145,2.333
2021,JJA,London,0.289,4.250
2022,JJA,London,0.275,5.000
2023,JJA,London,0.231,4.083
2024,JJA,London,0.332,6.083
2025,JJA,London,0.219,2.833
2026,JJA,London,0.294,4.250
2027,JJA,London,0.154,3.167
2028,JJA,London,0.242,5.667
2029,JJA,London,0.151,4.167
2030,JJA,London,0.276,4.167
2031,JJA,London,0.214,4.083
2032,JJA,London,0.274,5.000
2033,JJA,London,0.179,3.750
2034,JJA,London,0.200,2.667
2035,JJA,London,0.206,5.583
2036,JJA,London,0.153,3.333
2037,JJA,London,0.242,5.833
2038,JJA,London,0.284,4.750
2039,JJA,London,0.216,3.583
2040,JJA,London,0.219,4.083
2041,JJA,London,0.209,3.500
2042,JJA,London,0.344,4.333
2043,JJA,London,0.166,3.000
2044,JJA,London,0.209,3.667
2045,JJA,London,0.070,1.833
2046,JJA,London,0.283,6.583
2047,JJA,London,0.222,5.083
2048,JJA,London,0.175,2.750
2049,JJA,London,0.267,3.833
2050,JJA,London,0.175,4.417
2051,JJA,London,0.183,3.583
2052,JJA,London,0.205,6.833
2053,JJA,London,0.211,4.083
2054,JJA,London,0.206,5.750
2055,JJA,London,0.225,3.667
2056,JJA,London,0.124,1.917
2057,JJA,London,0.181,6.250
2058,JJA,London,0.140,3.417
2059,JJA,London,0.231,4.583
2060,JJA,London,0.165,2.333
2061,JJA,London,0.244,4.083
2062,JJA,London,0.179,2.917
2063,JJA,London,0.198,3.583
2064,JJA,London,0.122,3.500
2065,JJA,London,0.149,2.667
2066,JJA,London,0.181,3.167
2067,JJA,London,0.144,4.250
2068,JJA,London,0.222,3.917
2069,JJA,London,0.117,2.750
2070,JJA,London,0.152,2.917
2071,JJA,London,0.194,4.250
2072,JJA,London,0.098,1.750
2073,JJA,London,0.188,4.667
2074,JJA,London,0.123,2.667
2075,JJA,London,0.060,1.833
2076,JJA,London,0.121,2.500
2077,JJA,London,0.119,2.000
2078,JJA,London,0.112,2.417
2079,JJA,London,0.220,4.833
2080,JJA,London,0.108,3.917
1981,JJA,North East England,0.405,6.053
1982,JJA,North East England,0.411,6.123
1983,JJA,North East England,0.373,5.912
1984,JJA,North East England,0.396,6.158
1985,JJA,North East England,0.502,7.596
1986,JJA,North East England,0.342,4.632
1987,JJA,North East England,0.550,7.035
1988,JJA,North East England,0.337,5.596
1989,JJA,North East England,0.400,9.368
1990,JJA,North East England,0.474,6.351
1991,JJA,North East England,0.372,5.246
1992,JJA,North East England,0.380,6.421
1993,JJA,North East England,0.467,9.263
1994,JJA,North East England,0.387,8.596
1995,JJA,North East England,0.349,5.018
1996,JJA,North East England,0.404,5.947
1997,JJA,North East England,0.439,8.175
1998,JJA,North East England,0.339,5.175
1999,JJA,North East England,0.374,4.895
2000,JJA,North East England,0.419,6.456
2001,JJA,North East England,0.448,8.421
2002,JJA,North East England,0.272,4.895
2003,JJA,North East England,0.403,7.842
2004,JJA,North East England,0.379,6.596
2005,JJA,North East England,0.365,5.088
2006,JJA,North East England,0.326,4.649
2007,JJA,North East England,0.449,6.474
2008,JJA,North East England,0.440,5.211
2009,JJA,North East England,0.351,9.789
2010,JJA,North East England,0.503,7.123
2011,JJA,North East England,0.319,6.158
2012,JJA,North East England,0.430,7.246
2013,JJA,North East England,0.441,5.193
2014,JJA,North East England,0.231,3.211
2015,JJA,North East England,0.353,5.439
2016,JJA,North East England,0.372,5.509
2017,JJA,North East England,0.471,7.509
2018,JJA,North East England,0.306,3.421
2019,JJA,North East England,0.342,6.754
2020,JJA,North East England,0.163,2.649
2021,JJA,North East England,0.389,6.632
2022,JJA,North East England,0.306,5.895
2023,JJA,North East England,0.316,5.456
2024,JJA,North East England,0.483,9.789
2025,JJA,North East England,0.355,4.281
2026,JJA,North East England,0.308,5.386
2027,JJA,North East England,0.263,4.140
2028,JJA,North East England,0.365,5.719
2029,JJA,North East England,0.287,6.246
2030,JJA,North East England,0.424,7.000
2031,JJA,North East England,0.390,6.667
2032,JJA,North East England,0.414,5.140
2033,JJA,North East England,0.221,3.965
2034,JJA,North East England,0.361,5.930
2035,JJA,North East England,0.353,5.351
2036,JJA,North East England,0.274,3.912
2037,JJA,North East England,0.279,7.351
2038,JJA,North East England,0.358,8.228
2039,JJA,North East England,0.285,4.825
2040,JJA,North East England,0.373,5.526
2041,JJA,North East England,0.357,7.018
2042,JJA,North East England,0.321,4.368
2043,JJA,North East England,0.321,4.211
2044,JJA,North East England,0.239,4.105
2045,JJA,North East England,0.105,2.491
2046,JJA,North East England,0.376,5.702
2047,JJA,North East England,0.320,4.825
2048,JJA,North East England,0.268,4.386
2049,JJA,North East England,0.275,4.509
2050,JJA,North East England,0.340,5.895
2051,JJA,North East England,0.216,2.702
2052,JJA,North East England,0.266,5.474
2053,JJA,North East England,0.400,8.386
2054,JJA,North East England,0.314,8.404
2055,JJA,North East England,0.272,5.544
2056,JJA,North East England,0.236,3.263
2057,JJA,North East England,0.283,3.509
2058,JJA,North East England,0.236,5.456
2059,JJA,North East England,0.298,5.439
2060,JJA,North East England,0.216,2.649
2061,JJA,North East England,0.309,5.895
2062,JJA,North East England,0.361,5.930
2063,JJA,North East England,0.291,4.386
2064,JJA,North East England,0.316,4.298
2065,JJA,North East England,0.265,3.421
2066,JJA,North East England,0.291,4.912
2067,JJA,North East England,0.177,3.386
2068,JJA,North East England,0.297,5.070
2069,JJA,North East England,0.341,4.649
2070,JJA,North East England,0.226,3.368
2071,JJA,North East England,0.214,3.526
2072,JJA,North East England,0.230,2.772
2073,JJA,North East England,0.329,5.772
2074,JJA,North East England,0.183,3.772
2075,JJA,North East England,0.150,2.491
2076,JJA,North East England,0.205,3.561
2077,JJA,North East England,0.323,4.228
2078,JJA,North East England,0.311,3.175
2079,JJA,North East England,0.252,4.228
2080,JJA,North East England,0.224,4.439
1981,JJA,North Scotland,0.654,13.943
1982,JJA,North Scotland,0.569,11.500
1983,JJA,North Scotland,0.664,15.590
1984,JJA,North Scotland,0.580,12.778
1985,JJA,North Scotland,0.668,12.349
1986,JJA,North Scotland,0.592,12.038
1987,JJA,North Scotland,0.752,17.019
1988,JJA,North Scotland,0.510,10.392
1989,JJA,North Scotland,0.568,11.439
1990,JJA,North Scotland,0.523,9.307
1991,JJA,North Scotland,0.610,14.212
1992,JJA,North Scotland,0.526,10.335
1993,JJA,North Scotland,0.651,11.514
1994,JJA,North Scotland,0.603,12.335
1995,JJA,North Scotland,0.563,17.514
1996,JJA,North Scotland,0.600,13.415
1997,JJA,North Scotland,0.630,11.764
1998,JJA,North Scotland,0.582,9.231
1999,JJA,North Scotland,0.535,8.863
2000,JJA,North Scotland,0.644,18.156
2001,JJA,North Scotland,0.632,11.151
2002,JJA,North Scotland,0.466,8.632
2003,JJA,North Scotland,0.561,7.877
2004,JJA,North Scotland,0.565,13.094
2005,JJA,North Scotland,0.555,8.458
2006,JJA,North Scotland,0.599,16.448
2007,JJA,North Scotland,0.617,11.788
2008,JJA,North Scotland,0.627,16.349
2009,JJA,North Scotland,0.551,8.915
2010,JJA,North Scotland,0.644,12.472
2011,JJA,North Scotland,0.614,14.052
2012,JJA,North Scotland,0.609,10.953
2013,JJA,North Scotland,0.624,11.825
2014,JJA,North Scotland,0.375,6.009
2015,JJA,North Scotland,0.533,13.255
2016,JJA,North Scotland,0.564,11.344
2017,JJA,North Scotland,0.591,12.476
2018,JJA,North Scotland,0.598,9.075
2019,JJA,North Scotland,0.485,12.189
2020,JJA,North Scotland,0.443,8.929
2021,JJA,North Scotland,0.562,8.868
2022,JJA,North Scotland,0.641,10.830
2023,JJA,North Scotland,0.483,7.542
2024,JJA,North Scotland,0.612,12.377
2025,JJA,North Scotland,0.632,11.981
2026,JJA,North Scotland,0.521,11.651
2027,JJA,North Scotland,0.441,8.811
2028,JJA,North Scotland,0.599,9.783
2029,JJA,North Scotland,0.586,11.509
2030,JJA,North Scotland,0.598,11.877
2031,JJA,North Scotland,0.604,12.906
2032,JJA,North Scotland,0.627,11.693
2033,JJA,North Scotland,0.530,9.995
2034,JJA,North Scotland,0.495,9.632
2035,JJA,North Scotland,0.525,10.476
2036,JJA,North Scotland,0.413,8.443
2037,JJA,North Scotland,0.378,8.278
2038,JJA,North Scotland,0.539,12.203
2039,JJA,North Scotland,0.599,11.731
2040,JJA,North Scotland,0.611,13.288
2041,JJA,North Scotland,0.664,13.627
2042,JJA,North Scotland,0.508,11.104
2043,JJA,North Scotland,0.597,13.085
2044,JJA,North Scotland,0.443,7.698
2045,JJA,North Scotland,0.367,7.255
2046,JJA,North Scotland,0.529,10.566
2047,JJA,North Scotland,0.581,13.561
2048,JJA,North Scotland,0.454,7.943
2049,JJA,North Scotland,0.412,6.420
2050,JJA,North Scotland,0.566,10.302
2051,JJA,North Scotland,0.517,8.552
2052,JJA,North Scotland,0.477,8.434
2053,JJA,North Scotland,0.595,13.344
2054,JJA,North Scotland,0.455,8.505
2055,JJA,North Scotland,0.506,9.632
2056,JJA,North Scotland,0.496,8.146
2057,JJA,North Scotland,0.568,9.934
2058,JJA,North Scotland,0.449,11.297
2059,JJA,North Scotland,0.485,8.637
2060,JJA,North Scotland,0.469,7.835
2061,JJA,North Scotland,0.515,9.726
2062,JJA,North Scotland,0.576,8.410
2063,JJA,North Scotland,0.436,9.269
2064,JJA,North Scotland,0.487,9.368
2065,JJA,North Scotland,0.390,6.750
2066,JJA,North Scotland,0.471,9.344
2067,JJA,North Scotland,0.444,8.849
2068,JJA,North Scotland,0.407,9.047
2069,JJA,North Scotland,0.688,11.203
2070,JJA,North Scotland,0.463,8.524
2071,JJA,North Scotland,0.514,10.500
2072,JJA,North Scotland,0.453,7.500
2073,JJA,North Scotland,0.504,12.047
2074,JJA,North Scotland,0.395,8.080
2075,JJA,North Scotland,0.549,9.571
2076,JJA,North Scotland,0.356,6.453
2077,JJA,North Scotland,0.610,10.429
2078,JJA,North Scotland,0.631,14.425
2079,JJA,North Scotland,0.397,6.877
2080,JJA,North Scotland,0.516,9.226
1981,JJA,North West England,0.563,8.946
1982,JJA,North West England,0.385,8.677
1983,JJA,North West England,0.451,6.355
1984,JJA,North West England,0.490,9.774
1985,JJA,North West England,0.576,7.839
1986,JJA,North West England,0.417,7.570
1987,JJA,North West England,0.660,13.204
1988,JJA,North West England,0.457,11.462
1989,JJA,North West England,0.477,9.495
1990,JJA,North West England,0.472,7.710
1991,JJA,North West England,0.408,11.720
1992,JJA,North West England,0.360,5.054
1993,JJA,North West England,0.532,10.989
1994,JJA,North West England,0.412,10.075
1995,JJA,North West England,0.460,7.462
1996,JJA,North West England,0.401,6.290
1997,JJA,North West England,0.538,10.280
1998,JJA,North West England,0.382,6.581
1999,JJA,North West England,0.416,5.022
2000,JJA,North West England,0.521,9.495
2001,JJA,North West England,0.502,12.161
2002,JJA,North West England,0.337,6.882
2003,JJA,North West England,0.449,8.559
2004,JJA,North West England,0.444,8.258
2005,JJA,North West England,0.381,5.892
2006,JJA,North West England,0.473,9.237
2007,JJA,North West England,0.538,11.398
2008,JJA,North West England,0.539,10.441
2009,JJA,North West England,0.397,8.108
2010,JJA,North West England,0.540,7.968
2011,JJA,North West England,0.395,8.419
2012,JJA,North West England,0.488,8.989
2013,JJA,North West England,0.527,7.839
2014,JJA,North West England,0.223,4.344
2015,JJA,North West England,0.364,7.000
2016,JJA,North West England,0.431,8.172
2017,JJA,North West England,0.512,7.763
2018,JJA,North West England,0.308,3.634
2019,JJA,North West England,0.396,12.118
2020,JJA,North West England,0.197,3.935
2021,JJA,North West England,0.448,8.570
2022,JJA,North West England,0.365,7.903
2023,JJA,North West England,0.331,5.527
2024,JJA,North West England,0.524,8.591
2025,JJA,North West England,0.394,5.871
2026,JJA,North West England,0.377,5.634
2027,JJA,North West England,0.299,5.688
2028,JJA,North West England,0.387,5.247
2029,JJA,North West England,0.346,7.817
2030,JJA,North West England,0.452,8.409
2031,JJA,North West England,0.347,6.151
2032,JJA,North West England,0.493,7.667
2033,JJA,North West England,0.297,4.376
2034,JJA,North West England,0.369,5.645
2035,JJA,North West England,0.415,10.559
2036,JJA,North West England,0.300,4.624
2037,JJA,North West England,0.302,7.462
2038,JJA,North West England,0.343,7.688
2039,JJA,North West England,0.358,6.043
2040,JJA,North West England,0.455,6.946
2041,JJA,North West England,0.463,7.355
2042,JJA,North West England,0.379,6.968
2043,JJA,North West England,0.386,7.140
2044,JJA,North West England,0.296,5.667
2045,JJA,North West England,0.122,3.731
2046,JJA,North West England,0.446,6.892
2047,JJA,North West England,0.332,5.462
2048,JJA,North West England,0.277,4.473
2049,JJA,North West England,0.268,4.194
2050,JJA,North West England,0.355,6.333
2051,JJA,North West England,0.231,2.968
2052,JJA,North West England,0.263,4.828
2053,JJA,North West England,0.392,9.473
2054,JJA,North West England,0.291,6.602
2055,JJA,North West England,0.296,6.892
2056,JJA,North West England,0.234,3.194
2057,JJA,North West England,0.332,4.473
2058,JJA,North West England,0.250,5.796
2059,JJA,North West England,0.274,5.903
2060,JJA,North West England,0.251,4.333
2061,JJA,North West England,0.333,5.387
2062,JJA,North West England,0.374,9.194
2063,JJA,North West England,0.339,6.011
2064,JJA,North West England,0.241,4.677
2065,JJA,North West England,0.263,5.505
2066,JJA,North West England,0.342,6.323
2067,JJA,North West England,0.225,4.398
2068,JJA,North West England,0.355,6.151
2069,JJA,North West England,0.373,5.086
2070,JJA,North West England,0.211,3.032
2071,JJA,North West England,0.298,4.753
2072,JJA,North West England,0.214,2.989
2073,JJA,North West England,0.382,6.860
2074,JJA,North West England,0.165,3.699
2075,JJA,North West England,0.218,5.011
2076,JJA,North West England,0.191,5.011
2077,JJA,North West England,0.361,4.484
2078,JJA,North West England,0.374,4.344
2079,JJA,North West England,0.252,4.215
2080,JJA,North West England,0.198,4.645
1981,JJA,South East England,0.268,4.339
1982,JJA,South East England,0.216,3.390
1983,JJA,South East England,0.246,3.619
1984,JJA,South East England,0.270,4.008
1985,JJA,South East England,0.403,7.085
1986,JJA,South East England,0.270,4.602
1987,JJA,South East England,0.337,5.339
1988,JJA,South East England,0.321,10.415
1989,JJA,South East England,0.291,7.432
1990,JJA,South East England,0.293,4.839
1991,JJA,South East England,0.180,3.119
1992,JJA,South East England,0.205,4.703
1993,JJA,South East England,0.417,6.229
1994,JJA,South East England,0.274,4.441
1995,JJA,South East England,0.304,5.178
1996,JJA,South East England,0.267,4.297
1997,JJA,South East England,0.305,10.059
1998,JJA,South East England,0.206,3.229
1999,JJA,South East England,0.230,5.932
2000,JJA,South East England,0.327,5.576
2001,JJA,South East England,0.288,4.466
2002,JJA,South East England,0.298,7.373
2003,JJA,South East England,0.233,5.297
2004,JJA,South East England,0.241,5.864
2005,JJA,South East England,0.164,2.297
2006,JJA,South East England,0.254,4.458
2007,JJA,South East England,0.368,7.169
2008,JJA,South East England,0.401,6.593
2009,JJA,South East England,0.318,6.466
2010,JJA,South East England,0.382,6.525
2011,JJA,South East England,0.082,1.695
2012,JJA,South East England,0.287,3.161
2013,JJA,South East England,0.215,3.576
2014,JJA,South East England,0.154,3.229
2015,JJA,South East England,0.204,3.246
2016,JJA,South East England,0.311,5.237
2017,JJA,South East England,0.348,7.322
2018,JJA,South East England,0.133,2.847
2019,JJA,South East England,0.202,3.619
2020,JJA,South East England,0.116,2.339
2021,JJA,South East England,0.288,4.780
2022,JJA,South East England,0.254,4.966
2023,JJA,South East England,0.222,4.195
2024,JJA,South East England,0.308,6.076
2025,JJA,South East England,0.173,3.000
2026,JJA,South East England,0.313,4.492
2027,JJA,South East England,0.129,2.500
2028,JJA,South East England,0.214,5.085
2029,JJA,South East England,0.133,3.729
2030,JJA,South East England,0.247,4.220
2031,JJA,South East England,0.166,4.017
2032,JJA,South East England,0.282,4.653
2033,JJA,South East England,0.137,2.720
2034,JJA,South East England,0.189,2.559
2035,JJA,South East England,0.187,4.153
2036,JJA,South East England,0.145,3.237
2037,JJA,South East England,0.216,5.407
2038,JJA,South East England,0.259,4.449
2039,JJA,South East England,0.203,3.398
2040,JJA,South East England,0.222,3.822
2041,JJA,South East England,0.181,3.737
2042,JJA,South East England,0.292,3.797
2043,JJA,South East England,0.141,2.822
2044,JJA,South East England,0.185,3.754
2045,JJA,South East England,0.085,1.983
2046,JJA,South East England,0.272,5.602
2047,JJA,South East England,0.183,4.864
2048,JJA,South East England,0.150,2.585
2049,JJA,South East England,0.241,4.085
2050,JJA,South East England,0.155,4.051
2051,JJA,South East England,0.154,3.373
2052,JJA,South East England,0.186,7.229
2053,JJA,South East England,0.192,3.915
2054,JJA,South East England,0.175,3.788
2055,JJA,South East England,0.195,4.483
2056,JJA,South East England,0.102,2.169
2057,JJA,South East England,0.166,6.076
2058,JJA,South East England,0.127,3.254
2059,JJA,South East England,0.180,3.110
2060,JJA,South East England,0.141,2.763
2061,JJA,South East England,0.190,4.288
2062,JJA,South East England,0.164,2.822
2063,JJA,South East England,0.176,2.669
2064,JJA,South East England,0.120,3.754
2065,JJA,South East England,0.124,2.229
2066,JJA,South East England,0.187,3.085
2067,JJA,South East England,0.109,3.229
2068,JJA,South East England,0.194,3.466
2069,JJA,South East England,0.095,2.085
2070,JJA,South East England,0.140,2.695
2071,JJA,South East England,0.168,2.881
2072,JJA,South East England,0.104,1.941
2073,JJA,South East England,0.180,4.203
2074,JJA,South East England,0.103,2.559
2075,JJA,South East England,0.054,1.644
2076,JJA,South East England,0.123,2.661
2077,JJA,South East England,0.106,2.068
2078,JJA,South East England,0.098,1.636
2079,JJA,South East England,0.190,4.178
2080,JJA,South East England,0.096,2.788
1981,JJA,South West England,0.320,5.731
1982,JJA,South West England,0.204,3.769
1983,JJA,South West England,0.278,5.526
1984,JJA,South West England,0.274,3.417
1985,JJA,South West England,0.387,7.128
1986,JJA,South West England,0.263,5.801
1987,JJA,South West England,0.410,6.327
1988,JJA,South West England,0.365,8.436
1989,JJA,South West England,0.302,8.545
1990,JJA,South West England,0.315,4.878
1991,JJA,South West England,0.237,3.737
1992,JJA,South West England,0.251,5.256
1993,JJA,South West England,0.407,7.833
1994,JJA,South West England,0.281,4.635
1995,JJA,South West England,0.362,6.321
1996,JJA,South West England,0.282,4.641
1997,JJA,South West England,0.310,9.859
1998,JJA,South West England,0.221,3.474
1999,JJA,South West England,0.279,5.705
2000,JJA,South West England,0.340,5.000
2001,JJA,South West England,0.341,5.327
2002,JJA,South West England,0.319,8.404
2003,JJA,South West England,0.261,4.038
2004,JJA,South West England,0.293,5.667
2005,JJA,South West England,0.215,3.686
2006,JJA,South West England,0.251,4.090
2007,JJA,South West England,0.404,7.968
2008,JJA,South West England,0.416,7.545
2009,JJA,South West England,0.295,7.782
2010,JJA,South West England,0.457,8.872
2011,JJA,South West England,0.104,1.923
2012,JJA,South West England,0.303,3.673
2013,JJA,South West England,0.235,4.006
2014,JJA,South West England,0.155,3.590
2015,JJA,South West England,0.209,3.455
2016,JJA,South West England,0.305,6.545
2017,JJA,South West England,0.358,5.590
2018,JJA,South West England,0.141,2.962
2019,JJA,South West England,0.227,3.737
2020,JJA,South West England,0.112,2.750
2021,JJA,South West England,0.341,5.359
2022,JJA,South West England,0.275,5.519
2023,JJA,South West England,0.260,5.058
2024,JJA,South West England,0.331,7.949
2025,JJA,South West England,0.194,3.385
2026,JJA,South West England,0.319,4.929
2027,JJA,South West England,0.166,2.949
2028,JJA,South West England,0.206,3.513
2029,JJA,South West England,0.177,4.372
2030,JJA,South West England,0.294,6.481
2031,JJA,South West England,0.182,3.564
2032,JJA,South West England,0.339,5.115
2033,JJA,South West England,0.146,3.660
2034,JJA,South West England,0.220,3.449
2035,JJA,South West England,0.223,5.269
2036,JJA,South West England,0.151,2.660
2037,JJA,South West England,0.254,6.186
2038,JJA,South West England,0.228,4.353
2039,JJA,South West England,0.230,3.891
2040,JJA,South West England,0.286,4.321
2041,JJA,South West England,0.266,5.212
2042,JJA,South West England,0.308,4.333
2043,JJA,South West England,0.187,3.032
2044,JJA,South West England,0.235,3.885
2045,JJA,South West England,0.080,2.263
2046,JJA,South West England,0.310,4.994
2047,JJA,South West England,0.196,5.019
2048,JJA,South West England,0.159,2.968
2049,JJA,South West England,0.201,5.103
2050,JJA,South West England,0.184,3.885
2051,JJA,South West England,0.173,3.410
2052,JJA,South West England,0.167,5.231
2053,JJA,South West England,0.152,3.558
2054,JJA,South West England,0.186,3.968
2055,JJA,South West England,0.244,6.353
2056,JJA,South West England,0.121,2.295
2057,JJA,South West England,0.192,4.622
2058,JJA,South West England,0.189,4.519
2059,JJA,South West England,0.148,2.981
2060,JJA,South West England,0.148,2.641
2061,JJA,South West England,0.227,4.224
2062,JJA,South West England,0.209,3.718
2063,JJA,South West England,0.184,3.756
2064,JJA,South West England,0.137,3.192
2065,JJA,South West England,0.137,2.436
2066,JJA,South West England,0.205,3.417
2067,JJA,South West England,0.109,2.692
2068,JJA,South West England,0.197,4.237
2069,JJA,South West England,0.138,3.019
2070,JJA,South West England,0.140,3.019
2071,JJA,South West England,0.192,4.090
2072,JJA,South West England,0.107,2.019
2073,JJA,South West England,0.230,4.853
2074,JJA,South West England,0.116,2.686
2075,JJA,South West England,0.077,1.949
2076,JJA,South West England,0.129,2.590
2077,JJA,South West England,0.144,2.526
2078,JJA,South West England,0.173,2.417
2079,JJA,South West England,0.197,5.167
2080,JJA,South West England,0.120,2.769
1981,JJA,West Midlands,0.294,5.686
1982,JJA,West Midlands,0.251,3.698
1983,JJA,West Midlands,0.292,3.616
1984,JJA,West Midlands,0.304,5.093
1985,JJA,West Midlands,0.401,5.698
1986,JJA,West Midlands,0.261,4.523
1987,JJA,West Midlands,0.432,7.058
1988,JJA,West Midlands,0.304,7.430
1989,JJA,West Midlands,0.352,7.837
1990,JJA,West Midlands,0.344,4.721
1991,JJA,West Midlands,0.246,4.581
1992,JJA,West Midlands,0.230,4.942
1993,JJA,West Midlands,0.465,8.663
1994,JJA,West Midlands,0.329,5.512
1995,JJA,West Midlands,0.347,4.512
1996,JJA,West Midlands,0.306,4.372
1997,JJA,West Midlands,0.338,9.174
1998,JJA,West Midlands,0.244,3.384
1999,JJA,West Midlands,0.298,5.953
2000,JJA,West Midlands,0.346,5.512
2001,JJA,West Midlands,0.376,5.116
2002,JJA,West Midlands,0.323,8.500
2003,JJA,West Midlands,0.289,4.930
2004,JJA,West Midlands,0.316,4.686
2005,JJA,West Midlands,0.231,3.140
2006,JJA,West Midlands,0.297,4.907
2007,JJA,West Midlands,0.412,8.453
2008,JJA,West Midlands,0.435,7.791
2009,JJA,West Midlands,0.340,7.698
2010,JJA,West Midlands,0.454,6.721
2011,JJA,West Midlands,0.123,2.035
2012,JJA,West Midlands,0.345,3.860
2013,JJA,West Midlands,0.285,4.419
2014,JJA,West Midlands,0.196,5.198
2015,JJA,West Midlands,0.249,3.744
2016,JJA,West Midlands,0.332,6.558
2017,JJA,West Midlands,0.380,5.965
2018,JJA,West Midlands,0.152,2.988
2019,JJA,West Midlands,0.267,4.826
2020,JJA,West Midlands,0.133,2.593
2021,JJA,West Midlands,0.329,6.826
2022,JJA,West Midlands,0.245,5.605
2023,JJA,West Midlands,0.264,4.698
2024,JJA,West Midlands,0.371,7.523
2025,JJA,West Midlands,0.193,2.930
2026,JJA,West Midlands,0.272,4.814
2027,JJA,West Midlands,0.204,3.814
2028,JJA,West Midlands,0.241,3.605
2029,JJA,West Midlands,0.191,3.372
2030,JJA,West Midlands,0.287,6.419
2031,JJA,West Midlands,0.212,3.442
2032,JJA,West Midlands,0.302,4.895
2033,JJA,West Midlands,0.186,3.360
2034,JJA,West Midlands,0.303,4.349
2035,JJA,West Midlands,0.262,5.442
2036,JJA,West Midlands,0.164,2.500
2037,JJA,West Midlands,0.259,8.256
2038,JJA,West Midlands,0.234,4.174
2039,JJA,West Midlands,0.238,3.826
2040,JJA,West Midlands,0.265,4.570
2041,JJA,West Midlands,0.247,5.872
2042,JJA,West Midlands,0.295,4.814
2043,JJA,West Midlands,0.184,2.965
2044,JJA,West Midlands,0.243,4.233
2045,JJA,West Midlands,0.070,1.884
2046,JJA,West Midlands,0.328,5.453
2047,JJA,West Midlands,0.222,5.453
2048,JJA,West Midlands,0.188,4.151
2049,JJA,West Midlands,0.241,4.198
2050,JJA,West Midlands,0.218,4.070
2051,JJA,West Midlands,0.173,3.547
2052,JJA,West Midlands,0.167,4.395
2053,JJA,West Midlands,0.181,3.570
2054,JJA,West Midlands,0.212,4.686
2055,JJA,West Midlands,0.217,8.023
2056,JJA,West Midlands,0.113,1.791
2057,JJA,West Midlands,0.229,6.349
2058,JJA,West Midlands,0.197,4.395
2059,JJA,West Midlands,0.154,3.174
2060,JJA,West Midlands,0.172,3.093
2061,JJA,West Midlands,0.252,3.930
2062,JJA,West Midlands,0.233,4.174
2063,JJA,West Midlands,0.193,3.198
2064,JJA,West Midlands,0.179,4.849
2065,JJA,West Midlands,0.191,3.605
2066,JJA,West Midlands,0.215,4.384
2067,JJA,West Midlands,0.114,2.628
2068,JJA,West Midlands,0.264,5.105
2069,JJA,West Midlands,0.164,3.442
2070,JJA,West Midlands,0.166,4.000
2071,JJA,West Midlands,0.202,4.326
2072,JJA,West Midlands,0.113,2.035
2073,JJA,West Midlands,0.260,5.128
2074,JJA,West Midlands,0.113,3.035
2075,JJA,West Midlands,0.070,1.663
2076,JJA,West Midlands,0.126,3.779
2077,JJA,West Midlands,0.181,2.884
2078,JJA,West Midlands,0.197,2.663
2079,JJA,West Midlands,0.237,5.942
2080,JJA,West Midlands,0.099,2.523
1981,JJA,West Scotland,0.662,11.977
1982,JJA,West Scotland,0.431,6.455
1983,JJA,West Scotland,0.526,7.477
1984,JJA,West Scotland,0.495,8.606
1985,JJA,West Scotland,0.578,8.712
1986,JJA,West Scotland,0.513,11.114
1987,JJA,West Scotland,0.676,12.773
1988,JJA,West Scotland,0.468,11.348
1989,JJA,West Scotland,0.521,10.788
1990,JJA,West Scotland,0.458,8.712
1991,JJA,West Scotland,0.486,11.250
1992,JJA,West Scotland,0.414,6.871
1993,JJA,West Scotland,0.559,11.288
1994,JJA,West Scotland,0.433,8.826
1995,JJA,West Scotland,0.540,13.591
1996,JJA,West Scotland,0.468,8.720
1997,JJA,West Scotland,0.548,11.197
1998,JJA,West Scotland,0.409,6.621
1999,JJA,West Scotland,0.479,6.492
2000,JJA,West Scotland,0.522,7.894
2001,JJA,West Scotland,0.545,10.197
2002,JJA,West Scotland,0.341,6.992
2003,JJA,West Scotland,0.515,9.568
2004,JJA,West Scotland,0.516,10.583
2005,JJA,West Scotland,0.404,6.470
2006,JJA,West Scotland,0.501,12.909
2007,JJA,West Scotland,0.587,10.197
2008,JJA,West Scotland,0.571,12.568
2009,JJA,West Scotland,0.447,8.803
2010,JJA,West Scotland,0.597,11.674
2011,JJA,West Scotland,0.509,8.841
2012,JJA,West Scotland,0.512,9.030
2013,JJA,West Scotland,0.516,8.159
2014,JJA,West Scotland,0.234,4.083
2015,JJA,West Scotland,0.419,8.348
2016,JJA,West Scotland,0.494,8.341
2017,JJA,West Scotland,0.515,12.455
2018,JJA,West Scotland,0.484,6.614
2019,JJA,West Scotland,0.407,9.136
2020,JJA,West Scotland,0.281,4.583
2021,JJA,West Scotland,0.459,7.955
2022,JJA,West Scotland,0.501,7.833
2023,JJA,West Scotland,0.425,6.515
2024,JJA,West Scotland,0.524,7.182
2025,JJA,West Scotland,0.516,8.621
2026,JJA,West Scotland,0.469,9.205
2027,JJA,West Scotland,0.320,5.750
2028,JJA,West Scotland,0.449,6.386
2029,JJA,West Scotland,0.434,7.023
2030,JJA,West Scotland,0.518,8.606
2031,JJA,West Scotland,0.417,7.326
2032,JJA,West Scotland,0.526,7.902
2033,JJA,West Scotland,0.413,5.697
2034,JJA,West Scotland,0.391,6.205
2035,JJA,West Scotland,0.438,11.864
2036,JJA,West Scotland,0.304,4.644
2037,JJA,West Scotland,0.264,6.008
2038,JJA,West Scotland,0.452,9.432
2039,JJA,West Scotland,0.511,8.758
2040,JJA,West Scotland,0.545,11.417
2041,JJA,West Scotland,0.563,9.780
2042,JJA,West Scotland,0.411,7.091
2043,JJA,West Scotland,0.461,9.273
2044,JJA,West Scotland,0.372,7.144
2045,JJA,West Scotland,0.194,5.227
2046,JJA,West Scotland,0.457,8.023
2047,JJA,West Scotland,0.458,6.492
2048,JJA,West Scotland,0.318,5.780
2049,JJA,West Scotland,0.273,4.159
2050,JJA,West Scotland,0.452,8.470
2051,JJA,West Scotland,0.372,4.576
2052,JJA,West Scotland,0.390,6.091
2053,JJA,West Scotland,0.456,10.886
2054,JJA,West Scotland,0.331,6.295
2055,JJA,West Scotland,0.403,5.417
2056,JJA,West Scotland,0.345,5.515
2057,JJA,West Scotland,0.407,5.061
2058,JJA,West Scotland,0.305,8.591
2059,JJA,West Scotland,0.344,6.674
2060,JJA,West Scotland,0.297,5.083
2061,JJA,West Scotland,0.357,5.841
2062,JJA,West Scotland,0.435,5.235
2063,JJA,West Scotland,0.360,7.258
2064,JJA,West Scotland,0.329,5.008
2065,JJA,West Scotland,0.295,6.348
2066,JJA,West Scotland,0.421,6.508
2067,JJA,West Scotland,0.304,6.682
2068,JJA,West Scotland,0.306,5.508
2069,JJA,West Scotland,0.526,8.038
2070,JJA,West Scotland,0.315,4.841
2071,JJA,West Scotland,0.399,7.076
2072,JJA,West Scotland,0.293,4.894
2073,JJA,West Scotland,0.446,10.886
2074,JJA,West Scotland,0.305,4.561
2075,JJA,West Scotland,0.392,6.674
2076,JJA,West Scotland,0.251,4.682
2077,JJA,West Scotland,0.466,6.955
2078,JJA,West Scotland,0.508,6.492
2079,JJA,West Scotland,0.296,5.015
2080,JJA,West Scotland,0.342,5.083
1981,JJA,Yorkshire and Humber,0.354,4.802
1982,JJA,Yorkshire and Humber,0.355,6.881
1983,JJA,Yorkshire and Humber,0.313,4.792
1984,JJA,Yorkshire and Humber,0.342,5.723
1985,JJA,Yorkshire and Humber,0.462,7.455
1986,JJA,Yorkshire and Humber,0.291,4.396
1987,JJA,Yorkshire and Humber,0.489,7.089
1988,JJA,Yorkshire and Humber,0.326,5.891
1989,JJA,Yorkshire and Humber,0.339,8.158
1990,JJA,Yorkshire and Humber,0.415,5.198
1991,JJA,Yorkshire and Humber,0.319,6.030
1992,JJA,Yorkshire and Humber,0.304,5.406
1993,JJA,Yorkshire and Humber,0.482,9.851
1994,JJA,Yorkshire and Humber,0.390,6.436
1995,JJA,Yorkshire and Humber,0.336,4.842
1996,JJA,Yorkshire and Humber,0.348,5.703
1997,JJA,Yorkshire and Humber,0.389,7.495
1998,JJA,Yorkshire and Humber,0.317,4.723
1999,JJA,Yorkshire and Humber,0.325,3.960
2000,JJA,Yorkshire and Humber,0.369,5.693
2001,JJA,Yorkshire and Humber,0.448,7.297
2002,JJA,Yorkshire and Humber,0.269,5.426
2003,JJA,Yorkshire and Humber,0.368,7.376
2004,JJA,Yorkshire and Humber,0.316,5.089
2005,JJA,Yorkshire and Humber,0.304,4.495
2006,JJA,Yorkshire and Humber,0.304,4.347
2007,JJA,Yorkshire and Humber,0.433,6.980
2008,JJA,Yorkshire and Humber,0.422,6.475
2009,JJA,Yorkshire and Humber,0.348,5.723
2010,JJA,Yorkshire and Humber,0.480,6.703
2011,JJA,Yorkshire and Humber,0.216,3.257
2012,JJA,Yorkshire and Humber,0.375,5.525
2013,JJA,Yorkshire and Humber,0.367,5.554
2014,JJA,Yorkshire and Humber,0.206,3.782
2015,JJA,Yorkshire and Humber,0.291,4.119
2016,JJA,Yorkshire and Humber,0.325,5.743
2017,JJA,Yorkshire and Humber,0.423,6.693
2018,JJA,Yorkshire and Humber,0.217,2.663
2019,JJA,Yorkshire and Humber,0.324,6.624
2020,JJA,Yorkshire and Humber,0.134,2.683
2021,JJA,Yorkshire and Humber,0.337,5.406
2022,JJA,Yorkshire and Humber,0.247,4.851
2023,JJA,Yorkshire and Humber,0.248,4.406
2024,JJA,Yorkshire and Humber,0.417,7.851
2025,JJA,Yorkshire and Humber,0.319,4.228
2026,JJA,Yorkshire and Humber,0.256,4.644
2027,JJA,Yorkshire and Humber,0.256,4.881
2028,JJA,Yorkshire and Humber,0.293,4.396
2029,JJA,Yorkshire and Humber,0.233,5.386
2030,JJA,Yorkshire and Humber,0.344,5.693
2031,JJA,Yorkshire and Humber,0.283,4.079
2032,JJA,Yorkshire and Humber,0.382,5.040
2033,JJA,Yorkshire and Humber,0.196,3.406
2034,JJA,Yorkshire and Humber,0.340,5.020
2035,JJA,Yorkshire and Humber,0.326,6.525
2036,JJA,Yorkshire and Humber,0.224,3.109
2037,JJA,Yorkshire and Humber,0.270,7.050
2038,JJA,Yorkshire and Humber,0.289,8.188
2039,JJA,Yorkshire and Humber,0.288,5.178
2040,JJA,Yorkshire and Humber,0.299,4.842
2041,JJA,Yorkshire and Humber,0.306,6.129
2042,JJA,Yorkshire and Humber,0.308,5.673
2043,JJA,Yorkshire and Humber,0.243,3.584
2044,JJA,Yorkshire and Humber,0.226,4.099
2045,JJA,Yorkshire and Humber,0.101,2.178
2046,JJA,Yorkshire and Humber,0.354,6.079
2047,JJA,Yorkshire and Humber,0.254,5.733
2048,JJA,Yorkshire and Humber,0.226,3.475
2049,JJA,Yorkshire and Humber,0.255,4.149
2050,JJA,Yorkshire and Humber,0.249,5.010
2051,JJA,Yorkshire and Humber,0.166,2.465
2052,JJA,Yorkshire and Humber,0.226,6.030
2053,JJA,Yorkshire and Humber,0.321,6.188
2054,JJA,Yorkshire and Humber,0.268,5.594
2055,JJA,Yorkshire and Humber,0.234,6.812
2056,JJA,Yorkshire and Humber,0.160,2.842
2057,JJA,Yorkshire and Humber,0.235,3.515
2058,JJA,Yorkshire and Humber,0.195,3.950
2059,JJA,Yorkshire and Humber,0.229,4.158
2060,JJA,Yorkshire and Humber,0.169,3.020
2061,JJA,Yorkshire and Humber,0.275,4.861
2062,JJA,Yorkshire and Humber,0.308,6.089
2063,JJA,Yorkshire and Humber,0.229,3.881
2064,JJA,Yorkshire and Humber,0.257,4.644
2065,JJA,Yorkshire and Humber,0.227,3.149
2066,JJA,Yorkshire and Humber,0.267,4.475
2067,JJA,Yorkshire and Humber,0.133,2.653
2068,JJA,Yorkshire and Humber,0.299,5.663
2069,JJA,Yorkshire and Humber,0.244,3.792
2070,JJA,Yorkshire and Humber,0.183,3.426
2071,JJA,Yorkshire and Humber,0.223,3.594
2072,JJA,Yorkshire and Humber,0.178,2.812
2073,JJA,Yorkshire and Humber,0.298,5.475
2074,JJA,Yorkshire and Humber,0.145,2.703
2075,JJA,Yorkshire and Humber,0.113,2.238
2076,JJA,Yorkshire and Humber,0.193,3.842
2077,JJA,Yorkshire and Humber,0.247,3.406
2078,JJA,Yorkshire and Humber,0.257,3.069
2079,JJA,Yorkshire and Humber,0.244,4.356
2080,JJA,Yorkshire and Humber,0.146,3.267
1981,JJA,Channel Islands,0.244,4.000
1982,JJA,Channel Islands,0.178,2.500
1983,JJA,Channel Islands,0.222,5.500
1984,JJA,Channel Islands,0.228,3.000
1985,JJA,Channel Islands,0.328,7.000
1986,JJA,Channel Islands,0.189,4.000
1987,JJA,Channel Islands,0.289,4.000
1988,JJA,Channel Islands,0.244,3.500
1989,JJA,Channel Islands,0.267,6.000
1990,JJA,Channel Islands,0.211,5.000
1991,JJA,Channel Islands,0.217,3.000
1992,JJA,Channel Islands,0.228,4.000
1993,JJA,Channel Islands,0.361,6.500
1994,JJA,Channel Islands,0.200,3.000
1995,JJA,Channel Islands,0.306,4.500
1996,JJA,Channel Islands,0.206,3.000
1997,JJA,Channel Islands,0.222,7.000
1998,JJA,Channel Islands,0.139,2.500
1999,JJA,Channel Islands,0.189,5.500
2000,JJA,Channel Islands,0.239,5.000
2001,JJA,Channel Islands,0.206,2.500
2002,JJA,Channel Islands,0.244,6.000
2003,JJA,Channel Islands,0.200,3.000
2004,JJA,Channel Islands,0.244,4.500
2005,JJA,Channel Islands,0.178,3.500
2006,JJA,Channel Islands,0.189,2.000
2007,JJA,Channel Islands,0.322,8.000
2008,JJA,Channel Islands,0.333,8.000
2009,JJA,Channel Islands,0.272,3.500
2010,JJA,Channel Islands,0.311,3.500
2011,JJA,Channel Islands,0.094,2.500
2012,JJA,Channel Islands,0.217,3.000
2013,JJA,Channel Islands,0.183,3.500
2014,JJA,Channel Islands,0.106,3.000
2015,JJA,Channel Islands,0.167,3.000
2016,JJA,Channel Islands,0.206,4.000
2017,JJA,Channel Islands,0.256,4.500
2018,JJA,Channel Islands,0.078,2.000
2019,JJA,Channel Islands,0.150,2.000
2020,JJA,Channel Islands,0.072,2.000
2021,JJA,Channel Islands,0.261,5.000
2022,JJA,Channel Islands,0.189,5.000
2023,JJA,Channel Islands,0.178,2.000
2024,JJA,Channel Islands,0.239,8.000
2025,JJA,Channel Islands,0.133,3.000
2026,JJA,Channel Islands,0.244,4.500
2027,JJA,Channel Islands,0.094,2.500
2028,JJA,Channel Islands,0.183,6.000
2029,JJA,Channel Islands,0.100,4.500
2030,JJA,Channel Islands,0.156,3.000
2031,JJA,Channel Islands,0.122,3.000
2032,JJA,Channel Islands,0.256,4.000
2033,JJA,Channel Islands,0.072,2.000
2034,JJA,Channel Islands,0.167,3.000
2035,JJA,Channel Islands,0.117,4.500
2036,JJA,Channel Islands,0.078,2.000
2037,JJA,Channel Islands,0.172,8.500
2038,JJA,Channel Islands,0.178,3.000
2039,JJA,Channel Islands,0.144,2.000
2040,JJA,Channel Islands,0.128,3.000
2041,JJA,Channel Islands,0.128,2.000
2042,JJA,Channel Islands,0.256,3.500
2043,JJA,Channel Islands,0.133,2.000
2044,JJA,Channel Islands,0.117,2.500
2045,JJA,Channel Islands,0.106,3.000
2046,JJA,Channel Islands,0.250,4.500
2047,JJA,Channel Islands,0.156,5.000
2048,JJA,Channel Islands,0.144,3.000
2049,JJA,Channel Islands,0.133,4.000
2050,JJA,Channel Islands,0.122,5.000
2051,JJA,Channel Islands,0.089,2.000
2052,JJA,Channel Islands,0.133,5.500
2053,JJA,Channel Islands,0.122,3.000
2054,JJA,Channel Islands,0.161,3.000
2055,JJA,Channel Islands,0.144,4.000
2056,JJA,Channel Islands,0.094,2.000
2057,JJA,Channel Islands,0.139,4.000
2058,JJA,Channel Islands,0.094,2.500
2059,JJA,Channel Islands,0.117,2.500
2060,JJA,Channel Islands,0.067,2.000
2061,JJA,Channel Islands,0.133,2.500
2062,JJA,Channel Islands,0.122,3.000
2063,JJA,Channel Islands,0.156,3.500
2064,JJA,Channel Islands,0.094,2.000
2065,JJA,Channel Islands,0.078,1.500
2066,JJA,Channel Islands,0.144,3.000
2067,JJA,Channel Islands,0.094,2.500
2068,JJA,Channel Islands,0.161,5.000
2069,JJA,Channel Islands,0.100,2.000
2070,JJA,Channel Islands,0.094,2.500
2071,JJA,Channel Islands,0.111,2.000
2072,JJA,Channel Islands,0.089,3.000
2073,JJA,Channel Islands,0.122,3.000
2074,JJA,Channel Islands,0.072,2.500
2075,JJA,Channel Islands,0.033,1.000
2076,JJA,Channel Islands,0.100,2.000
2077,JJA,Channel Islands,0.056,1.000
2078,JJA,Channel Islands,0.033,1.000
2079,JJA,Channel Islands,0.139,4.000
2080,JJA,Channel Islands,0.106,3.000
1981,JJA,Isle of Man,0.474,7.000
1982,JJA,Isle of Man,0.356,5.333
1983,JJA,Isle of Man,0.363,6.000
1984,JJA,Isle of Man,0.363,4.000
1985,JJA,Isle of Man,0.470,6.667
1986,JJA,Isle of Man,0.352,6.000
1987,JJA,Isle of Man,0.556,10.000
1988,JJA,Isle of Man,0.419,9.667
1989,JJA,Isle of Man,0.359,5.667
1990,JJA,Isle of Man,0.389,5.333
1991,JJA,Isle of Man,0.367,8.667
1992,JJA,Isle of Man,0.319,4.000
1993,JJA,Isle of Man,0.426,9.667
1994,JJA,Isle of Man,0.322,9.333
1995,JJA,Isle of Man,0.359,7.333
1996,JJA,Isle of Man,0.378,6.000
1997,JJA,Isle of Man,0.430,8.000
1998,JJA,Isle of Man,0.322,6.333
1999,JJA,Isle of Man,0.322,4.333
2000,JJA,Isle of Man,0.411,6.333
2001,JJA,Isle of Man,0.459,8.000
2002,JJA,Isle of Man,0.293,5.667
2003,JJA,Isle of Man,0.393,6.333
2004,JJA,Isle of Man,0.378,5.333
2005,JJA,Isle of Man,0.263,4.667
2006,JJA,Isle of Man,0.356,5.667
2007,JJA,Isle of Man,0.478,5.333
2008,JJA,Isle of Man,0.470,9.000
2009,JJA,Isle of Man,0.315,4.000
2010,JJA,Isle of Man,0.444,6.000
2011,JJA,Isle of Man,0.263,3.667
2012,JJA,Isle of Man,0.396,7.333
2013,JJA,Isle of Man,0.415,5.333
2014,JJA,Isle of Man,0.189,3.000
2015,JJA,Isle of Man,0.285,5.667
2016,JJA,Isle of Man,0.352,5.000
2017,JJA,Isle of Man,0.400,4.000
2018,JJA,Isle of Man,0.281,3.333
2019,JJA,Isle of Man,0.300,10.667
2020,JJA,Isle of Man,0.133,2.333
2021,JJA,Isle of Man,0.344,5.667
2022,JJA,Isle of Man,0.341,6.000
2023,JJA,Isle of Man,0.256,4.333
2024,JJA,Isle of Man,0.378,9.667
2025,JJA,Isle of Man,0.274,4.333
2026,JJA,Isle of Man,0.359,4.667
2027,JJA,Isle of Man,0.174,4.000
2028,JJA,Isle of Man,0.300,3.000
2029,JJA,Isle of Man,0.289,3.667
2030,JJA,Isle of Man,0.381,8.000
2031,JJA,Isle of Man,0.274,5.667
2032,JJA,Isle of Man,0.433,8.000
2033,JJA,Isle of Man,0.222,2.667
2034,JJA,Isle of Man,0.337,5.333
2035,JJA,Isle of Man,0.344,5.000
2036,JJA,Isle of Man,0.163,2.000
2037,JJA,Isle of Man,0.207,3.667
2038,JJA,Isle of Man,0.300,7.667
2039,JJA,Isle of Man,0.333,5.000
2040,JJA,Isle of Man,0.352,7.000
2041,JJA,Isle of Man,0.359,6.000
2042,JJA,Isle of Man,0.285,4.000
2043,JJA,Isle of Man,0.319,5.333
2044,JJA,Isle of Man,0.293,5.667
2045,JJA,Isle of Man,0.104,2.667
2046,JJA,Isle of Man,0.315,4.000
2047,JJA,Isle of Man,0.300,4.333
2048,JJA,Isle of Man,0.196,3.333
2049,JJA,Isle of Man,0.141,3.000
2050,JJA,Isle of Man,0.256,5.000
2051,JJA,Isle of Man,0.211,3.000
2052,JJA,Isle of Man,0.248,4.333
2053,JJA,Isle of Man,0.359,10.333
2054,JJA,Isle of Man,0.204,4.000
2055,JJA,Isle of Man,0.233,4.000
2056,JJA,Isle of Man,0.167,2.333
2057,JJA,Isle of Man,0.233,2.333
2058,JJA,Isle of Man,0.185,4.333
2059,JJA,Isle of Man,0.244,3.000
2060,JJA,Isle of Man,0.181,3.000
2061,JJA,Isle of Man,0.278,7.333
2062,JJA,Isle of Man,0.281,3.000
2063,JJA,Isle of Man,0.252,3.333
2064,JJA,Isle of Man,0.178,3.000
2065,JJA,Isle of Man,0.207,4.667
2066,JJA,Isle of Man,0.311,5.667
2067,JJA,Isle of Man,0.156,2.000
2068,JJA,Isle of Man,0.256,4.333
2069,JJA,Isle of Man,0.341,6.333
2070,JJA,Isle of Man,0.152,3.000
2071,JJA,Isle of Man,0.219,5.000
2072,JJA,Isle of Man,0.163,2.667
2073,JJA,Isle of Man,0.304,5.000
2074,JJA,Isle of Man,0.126,2.000
2075,JJA,Isle of Man,0.170,3.667
2076,JJA,Isle of Man,0.170,4.000
2077,JJA,Isle of Man,0.200,3.333
2078,JJA,Isle of Man,0.278,3.000
2079,JJA,Isle of Man,0.200,3.667
2080,JJA,Isle of Man,0.141,3.667
1981,JJA,Northern Ireland,0.583,9.129
1982,JJA,Northern Ireland,0.442,8.824
1983,JJA,Northern Ireland,0.475,7.400
1984,JJA,Northern Ireland,0.477,8.071
1985,JJA,Northern Ireland,0.522,6.000
1986,JJA,Northern Ireland,0.471,9.588
1987,JJA,Northern Ireland,0.658,12.882
1988,JJA,Northern Ireland,0.420,9.741
1989,JJA,Northern Ireland,0.473,9.906
1990,JJA,Northern Ireland,0.476,9.941
1991,JJA,Northern Ireland,0.454,8.835
1992,JJA,Northern Ireland,0.382,7.318
1993,JJA,Northern Ireland,0.511,11.106
1994,JJA,Northern Ireland,0.396,8.071
1995,JJA,Northern Ireland,0.475,10.412
1996,JJA,Northern Ireland,0.426,6.953
1997,JJA,Northern Ireland,0.561,10.882
1998,JJA,Northern Ireland,0.386,5.800
1999,JJA,Northern Ireland,0.428,6.000
2000,JJA,Northern Ireland,0.465,5.812
2001,JJA,Northern Ireland,0.453,9.118
2002,JJA,Northern Ireland,0.342,5.400
2003,JJA,Northern Ireland,0.507,7.788
2004,JJA,Northern Ireland,0.446,6.235
2005,JJA,Northern Ireland,0.368,5.271
2006,JJA,Northern Ireland,0.461,7.412
2007,JJA,Northern Ireland,0.530,7.576
2008,JJA,Northern Ireland,0.586,11.153
2009,JJA,Northern Ireland,0.438,8.741
2010,JJA,Northern Ireland,0.543,8.635
2011,JJA,Northern Ireland,0.361,6.776
2012,JJA,Northern Ireland,0.436,8.365
2013,JJA,Northern Ireland,0.481,6.671
2014,JJA,Northern Ireland,0.219,3.459
2015,JJA,Northern Ireland,0.411,7.341
2016,JJA,Northern Ireland,0.446,7.224
2017,JJA,Northern Ireland,0.508,10.906
2018,JJA,Northern Ireland,0.385,5.894
2019,JJA,Northern Ireland,0.346,8.165
2020,JJA,Northern Ireland,0.265,4.294
2021,JJA,Northern Ireland,0.432,6.824
2022,JJA,Northern Ireland,0.427,7.588
2023,JJA,Northern Ireland,0.365,5.647
2024,JJA,Northern Ireland,0.511,6.847
2025,JJA,Northern Ireland,0.492,7.388
2026,JJA,Northern Ireland,0.409,8.647
2027,JJA,Northern Ireland,0.291,5.953
2028,JJA,Northern Ireland,0.384,4.565
2029,JJA,Northern Ireland,0.367,6.153
2030,JJA,Northern Ireland,0.483,7.141
2031,JJA,Northern Ireland,0.386,5.929
2032,JJA,Northern Ireland,0.565,8.706
2033,JJA,Northern Ireland,0.326,4.341
2034,JJA,Northern Ireland,0.378,7.518
2035,JJA,Northern Ireland,0.422,8.341
2036,JJA,Northern Ireland,0.294,4.776
2037,JJA,Northern Ireland,0.247,4.788
2038,JJA,Northern Ireland,0.389,9.647
2039,JJA,Northern Ireland,0.405,5.529
2040,JJA,Northern Ireland,0.434,9.000
2041,JJA,Northern Ireland,0.498,8.271
2042,JJA,Northern Ireland,0.325,4.835
2043,JJA,Northern Ireland,0.381,8.412
2044,JJA,Northern Ireland,0.343,5.365
2045,JJA,Northern Ireland,0.150,4.129
2046,JJA,Northern Ireland,0.453,6.824
2047,JJA,Northern Ireland,0.413,5.659
2048,JJA,Northern Ireland,0.337,6.624
2049,JJA,Northern Ireland,0.230,4.941
2050,JJA,Northern Ireland,0.391,5.412
2051,JJA,Northern Ireland,0.276,3.518
2052,JJA,Northern Ireland,0.360,4.329
2053,JJA,Northern Ireland,0.441,10.118
2054,JJA,Northern Ireland,0.284,5.176
2055,JJA,Northern Ireland,0.327,4.929
2056,JJA,Northern Ireland,0.303,3.824
2057,JJA,Northern Ireland,0.367,4.776
2058,JJA,Northern Ireland,0.281,6.082
2059,JJA,Northern Ireland,0.317,4.965
2060,JJA,Northern Ireland,0.252,4.012
2061,JJA,Northern Ireland,0.353,6.588
2062,JJA,Northern Ireland,0.364,5.518
2063,JJA,Northern Ireland,0.325,6.329
2064,JJA,Northern Ireland,0.289,5.929
2065,JJA,Northern Ireland,0.296,4.741
2066,JJA,Northern Ireland,0.409,6.353
2067,JJA,Northern Ireland,0.234,3.671
2068,JJA,Northern Ireland,0.317,4.988
2069,JJA,Northern Ireland,0.439,7.600
2070,JJA,Northern Ireland,0.284,3.918
2071,JJA,Northern Ireland,0.324,5.059
2072,JJA,Northern Ireland,0.222,3.188
2073,JJA,Northern Ireland,0.400,8.294
2074,JJA,Northern Ireland,0.226,3.600
2075,JJA,Northern Ireland,0.274,6.035
2076,JJA,Northern Ireland,0.235,4.482
2077,JJA,Northern Ireland,0.362,4.235
2078,JJA,Northern Ireland,0.343,4.165
2079,JJA,Northern Ireland,0.302,4.976
2080,JJA,Northern Ireland,0.244,4.424
1981,JJA,Wales,0.447,7.008
1982,JJA,Wales,0.301,6.038
1983,JJA,Wales,0.407,8.316
1984,JJA,Wales,0.402,7.053
1985,JJA,Wales,0.498,7.932
1986,JJA,Wales,0.346,6.602
1987,JJA,Wales,0.538,8.481
1988,JJA,Wales,0.404,9.654
1989,JJA,Wales,0.386,8.955
1990,JJA,Wales,0.409,6.173
1991,JJA,Wales,0.344,7.023
1992,JJA,Wales,0.286,4.925
1993,JJA,Wales,0.459,8.865
1994,JJA,Wales,0.367,6.075
1995,JJA,Wales,0.419,6.541
1996,JJA,Wales,0.366,5.835
1997,JJA,Wales,0.411,9.699
1998,JJA,Wales,0.352,4.429
1999,JJA,Wales,0.380,6.203
2000,JJA,Wales,0.457,7.150
2001,JJA,Wales,0.424,7.992
2002,JJA,Wales,0.362,9.346
2003,JJA,Wales,0.375,6.556
2004,JJA,Wales,0.402,6.639
2005,JJA,Wales,0.292,4.827
2006,JJA,Wales,0.388,6.947
2007,JJA,Wales,0.497,8.880
2008,JJA,Wales,0.519,10.925
2009,JJA,Wales,0.387,7.120
2010,JJA,Wales,0.541,11.218
2011,JJA,Wales,0.242,4.805
2012,JJA,Wales,0.390,5.211
2013,JJA,Wales,0.398,6.038
2014,JJA,Wales,0.185,4.459
2015,JJA,Wales,0.331,4.932
2016,JJA,Wales,0.429,8.541
2017,JJA,Wales,0.443,6.541
2018,JJA,Wales,0.224,3.812
2019,JJA,Wales,0.297,6.331
2020,JJA,Wales,0.138,2.504
2021,JJA,Wales,0.418,7.820
2022,JJA,Wales,0.332,6.617
2023,JJA,Wales,0.283,5.143
2024,JJA,Wales,0.438,9.120
2025,JJA,Wales,0.314,4.331
2026,JJA,Wales,0.357,7.594
2027,JJA,Wales,0.206,3.752
2028,JJA,Wales,0.311,5.158
2029,JJA,Wales,0.273,5.278
2030,JJA,Wales,0.408,7.504
2031,JJA,Wales,0.266,4.060
2032,JJA,Wales,0.413,6.624
2033,JJA,Wales,0.236,3.414
2034,JJA,Wales,0.283,4.346
2035,JJA,Wales,0.331,7.842
2036,JJA,Wales,0.221,3.286
2037,JJA,Wales,0.292,7.398
2038,JJA,Wales,0.286,5.556
2039,JJA,Wales,0.335,4.880
2040,JJA,Wales,0.380,4.992
2041,JJA,Wales,0.372,5.880
2042,JJA,Wales,0.316,4.692
2043,JJA,Wales,0.291,5.481
2044,JJA,Wales,0.284,5.030
2045,JJA,Wales,0.097,2.940
2046,JJA,Wales,0.404,6.414
2047,JJA,Wales,0.308,6.015
2048,JJA,Wales,0.228,4.195
2049,JJA,Wales,0.264,5.098
2050,JJA,Wales,0.306,5.263
2051,JJA,Wales,0.216,3.451
2052,JJA,Wales,0.220,4.970
2053,JJA,Wales,0.250,5.797
2054,JJA,Wales,0.242,4.759
2055,JJA,Wales,0.296,8.556
2056,JJA,Wales,0.191,2.459
2057,JJA,Wales,0.299,7.226
2058,JJA,Wales,0.219,5.368
2059,JJA,Wales,0.196,3.504
2060,JJA,Wales,0.213,3.744
2061,JJA,Wales,0.308,4.737
2062,JJA,Wales,0.301,5.609
2063,JJA,Wales,0.270,5.211
2064,JJA,Wales,0.181,4.120
2065,JJA,Wales,0.207,4.617
2066,JJA,Wales,0.302,5.895
2067,JJA,Wales,0.146,2.677
2068,JJA,Wales,0.309,6.045
2069,JJA,Wales,0.287,4.744
2070,JJA,Wales,0.178,3.158
2071,JJA,Wales,0.263,4.789
2072,JJA,Wales,0.170,2.346
2073,JJA,Wales,0.323,5.910
2074,JJA,Wales,0.137,3.023
2075,JJA,Wales,0.169,3.286
2076,JJA,Wales,0.162,4.150
2077,JJA,Wales,0.299,4.075
2078,JJA,Wales,0.293,4.150
2079,JJA,Wales,0.244,5.571
2080,JJA,Wales,0.165,4.398
1981,SON,East Midlands,0.264,2.913
1982,SON,East Midlands,0.281,4.165
1983,SON,East Midlands,0.362,6.019
1984,SON,East Midlands,0.353,6.573
1985,SON,East Midlands,0.326,5.680
1986,SON,East Midlands,0.307,5.583
1987,SON,East Midlands,0.291,4.146
1988,SON,East Midlands,0.413,5.913
1989,SON,East Midlands,0.402,6.893
1990,SON,East Midlands,0.392,4.922
1991,SON,East Midlands,0.360,4.097
1992,SON,East Midlands,0.326,7.806
1993,SON,East Midlands,0.331,5.680
1994,SON,East Midlands,0.365,5.553
1995,SON,East Midlands,0.375,6.165
1996,SON,East Midlands,0.357,6.621
1997,SON,East Midlands,0.462,6.990
1998,SON,East Midlands,0.342,6.107
1999,SON,East Midlands,0.343,4.641
2000,SON,East Midlands,0.356,4.961
2001,SON,East Midlands,0.355,6.291
2002,SON,East Midlands,0.306,4.485
2003,SON,East Midlands,0.319,3.233
2004,SON,East Midlands,0.429,6.777
2005,SON,East Midlands,0.475,6.621
2006,SON,East Midlands,0.344,5.214
2007,SON,East Midlands,0.345,4.641
2008,SON,East Midlands,0.268,4.883
2009,SON,East Midlands,0.326,5.476
2010,SON,East Midlands,0.303,4.612
2011,SON,East Midlands,0.293,3.806
2012,SON,East Midlands,0.304,4.660
2013,SON,East Midlands,0.368,4.398
2014,SON,East Midlands,0.318,4.583
2015,SON,East Midlands,0.266,3.301
2016,SON,East Midlands,0.297,3.553
2017,SON,East Midlands,0.253,4.738
2018,SON,East Midlands,0.426,8.592
2019,SON,East Midlands,0.226,3.534
2020,SON,East Midlands,0.379,7.078
2021,SON,East Midlands,0.301,6.010
2022,SON,East Midlands,0.418,6.379
2023,SON,East Midlands,0.284,4.039
2024,SON,East Midlands,0.313,3.495
2025,SON,East Midlands,0.296,4.922
2026,SON,East Midlands,0.420,7.194
2027,SON,East Midlands,0.263,4.039
2028,SON,East Midlands,0.444,8.214
2029,SON,East Midlands,0.431,7.680
2030,SON,East Midlands,0.242,4.320
2031,SON,East Midlands,0.229,6.126
2032,SON,East Midlands,0.343,5.291
2033,SON,East Midlands,0.297,4.699
2034,SON,East Midlands,0.248,3.369
2035,SON,East Midlands,0.370,6.680
2036,SON,East Midlands,0.365,9.485
2037,SON,East Midlands,0.345,4.883
2038,SON,East Midlands,0.410,5.068
2039,SON,East Midlands,0.345,4.951
2040,SON,East Midlands,0.257,4.612
2041,SON,East Midlands,0.291,3.854
2042,SON,East Midlands,0.341,5.136
2043,SON,East Midlands,0.340,3.913
2044,SON,East Midlands,0.231,3.602
2045,SON,East Midlands,0.412,6.058
2046,SON,East Midlands,0.161,4.718
2047,SON,East Midlands,0.445,7.068
2048,SON,East Midlands,0.388,5.961
2049,SON,East Midlands,0.234,4.078
2050,SON,East Midlands,0.314,4.184
2051,SON,East Midlands,0.346,5.252
2052,SON,East Midlands,0.268,6.583
2053,SON,East Midlands,0.312,4.524
2054,SON,East Midlands,0.305,4.796
2055,SON,East Midlands,0.232,4.466
2056,SON,East Midlands,0.261,4.495
2057,SON,East Midlands,0.224,3.447
2058,SON,East Midlands,0.199,4.311
2059,SON,East Midlands,0.279,4.689
2060,SON,East Midlands,0.187,3.544
2061,SON,East Midlands,0.332,4.670
2062,SON,East Midlands,0.233,6.068
2063,SON,East Midlands,0.209,4.311
2064,SON,East Midlands,0.246,4.718
2065,SON,East Midlands,0.330,5.146
2066,SON,East Midlands,0.337,5.408
2067,SON,East Midlands,0.269,4.097
2068,SON,East Midlands,0.259,5.961
2069,SON,East Midlands,0.184,5.505
2070,SON,East Midlands,0.196,2.796
2071,SON,East Midlands,0.220,3.408
2072,SON,East Midlands,0.221,3.534
2073,SON,East Midlands,0.319,4.650
2074,SON,East Midlands,0.235,5.913
2075,SON,East Midlands,0.188,3.563
2076,SON,East Midlands,0.285,6.175
2077,SON,East Midlands,0.184,3.961
2078,SON,East Midlands,0.321,7.427
2079,SON,East Midlands,0.357,5.243
2080,SON,East Midlands,0.189,5.340
1981,SON,East of England,0.205,2.583
1982,SON,East of England,0.247,4.283
1983,SON,East of England,0.290,4.646
1984,SON,East of England,0.312,6.047
1985,SON,East of England,0.309,4.913
1986,SON,East of England,0.312,5.543
1987,SON,East of England,0.254,3.606
1988,SON,East of England,0.352,6.339
1989,SON,East of England,0.387,6.480
1990,SON,East of England,0.313,5.260
1991,SON,East of England,0.329,4.409
1992,SON,East of England,0.347,5.921
1993,SON,East of England,0.320,6.173
1994,SON,East of England,0.355,6.323
1995,SON,East of England,0.289,4.465
1996,SON,East of England,0.350,6.102
1997,SON,East of England,0.409,4.724
1998,SON,East of England,0.305,4.425
1999,SON,East of England,0.287,3.071
2000,SON,East of England,0.322,6.724
2001,SON,East of England,0.346,7.150
2002,SON,East of England,0.324,4.732
2003,SON,East of England,0.360,4.575
2004,SON,East of England,0.418,5.228
2005,SON,East of England,0.461,7.102
2006,SON,East of England,0.306,5.843
2007,SON,East of England,0.346,4.142
2008,SON,East of England,0.261,4.008
2009,SON,East of England,0.305,5.339
2010,SON,East of England,0.301,4.496
2011,SON,East of England,0.261,3.472
2012,SON,East of England,0.268,4.425
2013,SON,East of England,0.360,4.094
2014,SON,East of England,0.319,5.370
2015,SON,East of England,0.255,3.110
2016,SON,East of England,0.278,2.795
2017,SON,East of England,0.201,3.197
2018,SON,East of England,0.403,7.843
2019,SON,East of England,0.220,3.961
2020,SON,East of England,0.382,6.669
2021,SON,East of England,0.247,4.709
2022,SON,East of England,0.352,5.039
2023,SON,East of England,0.301,4.472
2024,SON,East of England,0.331,4.323
2025,SON,East of England,0.233,4.031
2026,SON,East of England,0.406,6.677
2027,SON,East of England,0.248,3.850
2028,SON,East of England,0.410,5.969
2029,SON,East of England,0.438,6.512
2030,SON,East of England,0.208,3.173
2031,SON,East of England,0.209,6.795
2032,SON,East of England,0.349,4.465
2033,SON,East of England,0.278,4.598
2034,SON,East of England,0.216,3.000
2035,SON,East of England,0.317,5.953
2036,SON,East of England,0.369,8.331
2037,SON,East of England,0.363,5.583
2038,SON,East of England,0.380,3.969
2039,SON,East of England,0.329,5.150
2040,SON,East of England,0.244,7.134
2041,SON,East of England,0.234,3.276
2042,SON,East of England,0.326,4.614
2043,SON,East of England,0.328,6.835
2044,SON,East of England,0.189,2.969
2045,SON,East of England,0.387,6.417
2046,SON,East of England,0.134,4.433
2047,SON,East of England,0.445,6.984
2048,SON,East of England,0.293,4.543
2049,SON,East of England,0.243,4.882
2050,SON,East of England,0.333,5.843
2051,SON,East of England,0.314,4.331
2052,SON,East of England,0.265,4.449
2053,SON,East of England,0.339,4.449
2054,SON,East of England,0.272,4.126
2055,SON,East of England,0.233,5.063
2056,SON,East of England,0.289,5.197
2057,SON,East of England,0.230,3.047
2058,SON,East of England,0.172,2.583
2059,SON,East of England,0.301,4.386
2060,SON,East of England,0.171,3.181
2061,SON,East of England,0.296,3.260
2062,SON,East of England,0.242,4.882
2063,SON,East of England,0.186,3.575
2064,SON,East of England,0.194,3.614
2065,SON,East of England,0.281,3.189
2066,SON,East of England,0.338,5.299
2067,SON,East of England,0.218,4.000
2068,SON,East of England,0.275,5.638
2069,SON,East of England,0.174,3.795
2070,SON,East of England,0.181,3.094
2071,SON,East of England,0.242,3.583
2072,SON,East of England,0.216,3.945
2073,SON,East of England,0.248,3.646
2074,SON,East of England,0.209,5.181
2075,SON,East of England,0.177,3.016
2076,SON,East of England,0.224,5.441
2077,SON,East of England,0.154,2.882
2078,SON,East of England,0.292,6.055
2079,SON,East of England,0.221,3.220
2080,SON,East of England,0.181,4.559
1981,SON,East Scotland,0.554,9.363
1982,SON,East Scotland,0.416,6.369
1983,SON,East Scotland,0.542,9.325
1984,SON,East Scotland,0.508,7.650
1985,SON,East Scotland,0.468,7.150
1986,SON,East Scotland,0.394,5.719
1987,SON,East Scotland,0.357,5.737
1988,SON,East Scotland,0.494,7.819
1989,SON,East Scotland,0.504,8.469
1990,SON,East Scotland,0.467,8.094
1991,SON,East Scotland,0.529,7.300
1992,SON,East Scotland,0.396,6.831
1993,SON,East Scotland,0.417,6.125
1994,SON,East Scotland,0.426,6.256
1995,SON,East Scotland,0.459,9.206
1996,SON,East Scotland,0.450,9.094
1997,SON,East Scotland,0.480,7.594
1998,SON,East Scotland,0.511,12.631
1999,SON,East Scotland,0.484,6.075
2000,SON,East Scotland,0.562,9.675
2001,SON,East Scotland,0.493,10.863
2002,SON,East Scotland,0.349,7.700
2003,SON,East Scotland,0.528,8.769
2004,SON,East Scotland,0.470,8.156
2005,SON,East Scotland,0.517,7.975
2006,SON,East Scotland,0.442,7.737
2007,SON,East Scotland,0.463,9.944
2008,SON,East Scotland,0.417,8.775
2009,SON,East Scotland,0.515,11.319
2010,SON,East Scotland,0.410,7.062
2011,SON,East Scotland,0.434,5.556
2012,SON,East Scotland,0.426,5.456
2013,SON,East Scotland,0.561,9.175
2014,SON,East Scotland,0.414,5.794
2015,SON,East Scotland,0.441,7.787
2016,SON,East Scotland,0.509,8.556
2017,SON,East Scotland,0.394,10.050
2018,SON,East Scotland,0.475,8.537
2019,SON,East Scotland,0.439,8.613
2020,SON,East Scotland,0.412,6.525
2021,SON,East Scotland,0.388,5.794
2022,SON,East Scotland,0.480,6.431
2023,SON,East Scotland,0.451,7.906
2024,SON,East Scotland,0.448,7.412
2025,SON,East Scotland,0.503,7.425
2026,SON,East Scotland,0.481,8.531
2027,SON,East Scotland,0.362,8.450
2028,SON,East Scotland,0.458,7.112
2029,SON,East Scotland,0.565,10.319
2030,SON,East Scotland,0.398,6.688
2031,SON,East Scotland,0.378,5.963
2032,SON,East Scotland,0.459,6.300
2033,SON,East Scotland,0.443,7.325
2034,SON,East Scotland,0.355,7.019
2035,SON,East Scotland,0.457,6.556
2036,SON,East Scotland,0.402,8.713
2037,SON,East Scotland,0.465,8.606
2038,SON,East Scotland,0.510,7.787
2039,SON,East Scotland,0.429,6.850
2040,SON,East Scotland,0.430,7.688
2041,SON,East Scotland,0.499,6.969
2042,SON,East Scotland,0.431,7.181
2043,SON,East Scotland,0.511,6.662
2044,SON,East Scotland,0.365,5.938
2045,SON,East Scotland,0.560,7.638
2046,SON,East Scotland,0.318,5.356
2047,SON,East Scotland,0.438,5.350
2048,SON,East Scotland,0.477,7.200
2049,SON,East Scotland,0.385,5.631
2050,SON,East Scotland,0.477,6.481
2051,SON,East Scotland,0.435,5.494
2052,SON,East Scotland,0.446,9.544
2053,SON,East Scotland,0.498,10.375
2054,SON,East Scotland,0.367,6.594
2055,SON,East Scotland,0.338,5.306
2056,SON,East Scotland,0.419,7.350
2057,SON,East Scotland,0.478,9.550
2058,SON,East Scotland,0.325,5.194
2059,SON,East Scotland,0.468,6.581
2060,SON,East Scotland,0.391,10.231
2061,SON,East Scotland,0.511,9.588
2062,SON,East Scotland,0.480,10.281
2063,SON,East Scotland,0.378,5.094
2064,SON,East Scotland,0.381,6.750
2065,SON,East Scotland,0.470,7.750
2066,SON,East Scotland,0.454,7.919
2067,SON,East Scotland,0.392,8.131
2068,SON,East Scotland,0.411,5.588
2069,SON,East Scotland,0.297,4.575
2070,SON,East Scotland,0.406,6.088
2071,SON,East Scotland,0.382,6.338
2072,SON,East Scotland,0.418,6.481
2073,SON,East Scotland,0.427,6.688
2074,SON,East Scotland,0.284,6.025
2075,SON,East Scotland,0.349,6.925
2076,SON,East Scotland,0.430,7.838
2077,SON,East Scotland,0.412,6.612
2078,SON,East Scotland,0.461,7.562
2079,SON,East Scotland,0.475,7.950
2080,SON,East Scotland,0.363,6.756
1981,SON,London,0.194,2.417
1982,SON,London,0.272,4.417
1983,SON,London,0.295,5.000
1984,SON,London,0.325,4.750
1985,SON,London,0.314,5.500
1986,SON,London,0.299,5.500
1987,SON,London,0.267,3.000
1988,SON,London,0.356,5.250
1989,SON,London,0.377,4.083
1990,SON,London,0.352,6.500
1991,SON,London,0.303,3.333
1992,SON,London,0.278,6.667
1993,SON,London,0.312,5.750
1994,SON,London,0.354,5.750
1995,SON,London,0.358,5.333
1996,SON,London,0.343,7.833
1997,SON,London,0.399,7.000
1998,SON,London,0.297,6.667
1999,SON,London,0.335,5.083
2000,SON,London,0.318,9.583
2001,SON,London,0.358,10.000
2002,SON,London,0.357,7.083
2003,SON,London,0.370,5.000
2004,SON,London,0.441,5.833
2005,SON,London,0.490,11.250
2006,SON,London,0.293,7.750
2007,SON,London,0.398,5.333
2008,SON,London,0.287,3.833
2009,SON,London,0.305,3.250
2010,SON,London,0.303,4.250
2011,SON,London,0.237,5.583
2012,SON,London,0.280,5.500
2013,SON,London,0.383,4.917
2014,SON,London,0.377,8.833
2015,SON,London,0.246,3.167
2016,SON,London,0.292,3.000
2017,SON,London,0.205,2.917
2018,SON,London,0.469,11.000
2019,SON,London,0.223,4.167
2020,SON,London,0.415,6.833
2021,SON,London,0.228,4.833
2022,SON,London,0.373,6.667
2023,SON,London,0.329,4.250
2024,SON,London,0.310,4.833
2025,SON,London,0.229,4.917
2026,SON,London,0.418,7.333
2027,SON,London,0.244,3.917
2028,SON,London,0.442,8.000
2029,SON,London,0.431,8.000
2030,SON,London,0.223,4.000
2031,SON,London,0.219,7.000
2032,SON,London,0.350,5.667
2033,SON,London,0.339,6.500
2034,SON,London,0.213,3.417
2035,SON,London,0.347,6.000
2036,SON,London,0.419,15.500
2037,SON,London,0.415,6.667
2038,SON,London,0.399,6.333
2039,SON,London,0.345,4.167
2040,SON,London,0.237,9.000
2041,SON,London,0.241,3.333
2042,SON,London,0.308,5.167
2043,SON,London,0.306,4.583
2044,SON,London,0.193,3.500
2045,SON,London,0.405,11.333
2046,SON,London,0.139,3.000
2047,SON,London,0.495,9.000
2048,SON,London,0.308,5.000
2049,SON,London,0.240,5.000
2050,SON,London,0.343,6.167
2051,SON,London,0.266,4.750
2052,SON,London,0.269,5.000
2053,SON,London,0.316,3.417
2054,SON,London,0.334,3.750
2055,SON,London,0.279,5.833
2056,SON,London,0.361,6.667
2057,SON,London,0.239,3.000
2058,SON,London,0.191,3.250
2059,SON,London,0.303,4.833
2060,SON,London,0.188,5.000
2061,SON,London,0.312,3.000
2062,SON,London,0.248,7.417
2063,SON,London,0.189,2.917
2064,SON,London,0.194,6.000
2065,SON,London,0.295,5.000
2066,SON,London,0.365,5.500
2067,SON,London,0.218,4.000
2068,SON,London,0.259,5.083
2069,SON,London,0.169,4.750
2070,SON,London,0.167,2.583
2071,SON,London,0.228,3.167
2072,SON,London,0.227,4.000
2073,SON,London,0.276,4.333
2074,SON,London,0.202,4.333
2075,SON,London,0.206,3.000
2076,SON,London,0.269,7.333
2077,SON,London,0.154,3.167
2078,SON,London,0.308,5.167
2079,SON,London,0.298,5.667
2080,SON,London,0.186,4.583
1981,SON,North East England,0.402,6.281
1982,SON,North East England,0.273,4.000
1983,SON,North East England,0.489,9.526
1984,SON,North East England,0.405,6.193
1985,SON,North East England,0.407,6.000
1986,SON,North East England,0.391,4.842
1987,SON,North East England,0.397,6.228
1988,SON,North East England,0.433,5.719
1989,SON,North East England,0.364,4.947
1990,SON,North East England,0.409,7.456
1991,SON,North East England,0.435,6.193
1992,SON,North East England,0.484,8.947
1993,SON,North East England,0.352,5.579
1994,SON,North East England,0.389,7.193
1995,SON,North East England,0.463,7.947
1996,SON,North East England,0.390,8.088
1997,SON,North East England,0.523,6.947
1998,SON,North East England,0.424,6.368
1999,SON,North East England,0.430,5.053
2000,SON,North East England,0.426,6.404
2001,SON,North East England,0.365,6.596
2002,SON,North East England,0.344,5.053
2003,SON,North East England,0.439,6.211
2004,SON,North East England,0.454,7.491
2005,SON,North East England,0.459,6.211
2006,SON,North East England,0.422,5.912
2007,SON,North East England,0.385,9.228
2008,SON,North East England,0.365,5.211
2009,SON,North East England,0.450,7.544
2010,SON,North East England,0.380,5.386
2011,SON,North East England,0.377,4.333
2012,SON,North East England,0.336,3.842
2013,SON,North East England,0.441,8.684
2014,SON,North East England,0.373,6.105
2015,SON,North East England,0.335,4.982
2016,SON,North East England,0.394,5.421
2017,SON,North East England,0.352,9.737
2018,SON,North East England,0.469,10.439
2019,SON,North East England,0.316,6.193
2020,SON,North East England,0.384,7.596
2021,SON,North East England,0.333,4.579
2022,SON,North East England,0.427,6.228
2023,SON,North East England,0.376,5.246
2024,SON,North East England,0.378,5.772
2025,SON,North East England,0.414,6.368
2026,SON,North East England,0.462,8.175
2027,SON,North East England,0.274,5.825
2028,SON,North East England,0.399,7.035
2029,SON,North East England,0.446,8.702
2030,SON,North East England,0.265,3.982
2031,SON,North East England,0.307,5.140
2032,SON,North East England,0.424,7.263
2033,SON,North East England,0.345,5.772
2034,SON,North East England,0.326,5.930
2035,SON,North East England,0.435,5.877
2036,SON,North East England,0.339,6.386
2037,SON,North East England,0.413,8.018
2038,SON,North East England,0.471,7.772
2039,SON,North East England,0.348,5.404
2040,SON,North East England,0.367,5.667
2041,SON,North East England,0.430,4.895
2042,SON,North East England,0.388,6.368
2043,SON,North East England,0.430,6.456
2044,SON,North East England,0.318,4.544
2045,SON,North East England,0.427,5.000
2046,SON,North East England,0.242,3.860
2047,SON,North East England,0.445,5.175
2048,SON,North East England,0.414,6.982
2049,SON,North East England,0.289,4.386
2050,SON,North East England,0.377,3.895
2051,SON,North East England,0.431,4.596
2052,SON,North East England,0.368,9.175
2053,SON,North East England,0.414,6.404
2054,SON,North East England,0.366,6.421
2055,SON,North East England,0.265,3.421
2056,SON,North East England,0.340,6.228
2057,SON,North East England,0.359,4.702
2058,SON,North East England,0.253,3.544
2059,SON,North East England,0.420,7.702
2060,SON,North East England,0.273,5.947
2061,SON,North East England,0.452,9.596
2062,SON,North East England,0.348,6.491
2063,SON,North East England,0.289,4.386
2064,SON,North East England,0.287,3.895
2065,SON,North East England,0.399,6.053
2066,SON,North East England,0.328,4.140
2067,SON,North East England,0.306,6.053
2068,SON,North East England,0.330,4.965
2069,SON,North East England,0.244,3.281
2070,SON,North East England,0.265,3.702
2071,SON,North East England,0.302,4.667
2072,SON,North East England,0.291,5.877
2073,SON,North East England,0.381,7.088
2074,SON,North East England,0.240,5.281
2075,SON,North East England,0.245,4.368
2076,SON,North East England,0.342,5.702
2077,SON,North East England,0.336,4.667
2078,SON,North East England,0.372,7.386
2079,SON,North East England,0.328,4.649
2080,SON,North East England,0.266,4.895
1981,SON,North Scotland,0.679,14.495
1982,SON,North Scotland,0.596,13.524
1983,SON,North Scotland,0.628,12.863
1984,SON,North Scotland,0.549,10.226
1985,SON,North Scotland,0.643,11.623
1986,SON,North Scotland,0.472,8.392
1987,SON,North Scotland,0.511,10.193
1988,SON,North Scotland,0.562,10.387
1989,SON,North Scotland,0.671,11.736
1990,SON,North Scotland,0.559,9.000
1991,SON,North Scotland,0.653,14.712
1992,SON,North Scotland,0.585,10.991
1993,SON,North Scotland,0.604,11.868
1994,SON,North Scotland,0.576,9.401
1995,SON,North Scotland,0.552,12.948
1996,SON,North Scotland,0.562,10.406
1997,SON,North Scotland,0.642,12.608
1998,SON,North Scotland,0.653,13.052
1999,SON,North Scotland,0.602,10.519
2000,SON,North Scotland,0.655,11.726
2001,SON,North Scotland,0.599,13.075
2002,SON,North Scotland,0.431,9.708
2003,SON,North Scotland,0.676,14.726
2004,SON,North Scotland,0.599,13.321
2005,SON,North Scotland,0.676,12.108
2006,SON,North Scotland,0.550,9.929
2007,SON,North Scotland,0.533,11.656
2008,SON,North Scotland,0.547,19.505
2009,SON,North Scotland,0.711,18.165
2010,SON,North Scotland,0.516,10.901
2011,SON,North Scotland,0.615,12.726
2012,SON,North Scotland,0.631,10.991
2013,SON,North Scotland,0.667,13.519
2014,SON,North Scotland,0.533,9.745
2015,SON,North Scotland,0.670,17.514
2016,SON,North Scotland,0.612,14.953
2017,SON,North Scotland,0.535,8.759
2018,SON,North Scotland,0.573,10.028
2019,SON,North Scotland,0.554,10.811
2020,SON,North Scotland,0.510,9.858
2021,SON,North Scotland,0.576,11.679
2022,SON,North Scotland,0.620,13.840
2023,SON,North Scotland,0.546,10.816
2024,SON,North Scotland,0.689,14.094
2025,SON,North Scotland,0.645,11.778
2026,SON,North Scotland,0.501,7.542
2027,SON,North Scotland,0.572,12.222
2028,SON,North Scotland,0.588,10.208
2029,SON,North Scotland,0.632,12.571
2030,SON,North Scotland,0.512,8.882
2031,SON,North Scotland,0.445,7.476
2032,SON,North Scotland,0.572,8.873
2033,SON,North Scotland,0.599,9.788
2034,SON,North Scotland,0.483,8.849
2035,SON,North Scotland,0.555,7.745
2036,SON,North Scotland,0.511,11.632
2037,SON,North Scotland,0.504,10.090
2038,SON,North Scotland,0.652,10.825
2039,SON,North Scotland,0.504,9.123
2040,SON,North Scotland,0.624,10.340
2041,SON,North Scotland,0.604,9.877
2042,SON,North Scotland,0.463,8.311
2043,SON,North Scotland,0.612,9.297
2044,SON,North Scotland,0.508,9.495
2045,SON,North Scotland,0.655,10.708
2046,SON,North Scotland,0.458,10.349
2047,SON,North Scotland,0.459,8.354
2048,SON,North Scotland,0.594,11.863
2049,SON,North Scotland,0.587,11.038
2050,SON,North Scotland,0.587,9.670
2051,SON,North Scotland,0.623,11.863
2052,SON,North Scotland,0.590,14.500
2053,SON,North Scotland,0.660,16.722
2054,SON,North Scotland,0.478,9.849
2055,SON,North Scotland,0.552,13.472
2056,SON,North Scotland,0.481,10.910
2057,SON,North Scotland,0.630,16.269
2058,SON,North Scotland,0.542,10.557
2059,SON,North Scotland,0.566,11.637
2060,SON,North Scotland,0.640,13.863
2061,SON,North Scotland,0.638,10.387
2062,SON,North Scotland,0.621,12.967
2063,SON,North Scotland,0.484,6.505
2064,SON,North Scotland,0.537,9.165
2065,SON,North Scotland,0.575,12.920
2066,SON,North Scotland,0.645,13.788
2067,SON,North Scotland,0.563,12.137
2068,SON,North Scotland,0.611,12.057
2069,SON,North Scotland,0.486,7.604
2070,SON,North Scotland,0.584,9.495
2071,SON,North Scotland,0.526,11.703
2072,SON,North Scotland,0.575,9.019
2073,SON,North Scotland,0.567,10.387
2074,SON,North Scotland,0.404,8.387
2075,SON,North Scotland,0.571,13.038
2076,SON,North Scotland,0.559,11.759
2077,SON,North Scotland,0.554,9.099
2078,SON,North Scotland,0.619,12.981
2079,SON,North Scotland,0.569,13.236
2080,SON,North Scotland,0.541,8.382
1981,SON,North West England,0.560,11.473
1982,SON,North West England,0.443,6.280
1983,SON,North West England,0.508,8.473
1984,SON,North West England,0.516,7.871
1985,SON,North West England,0.476,8.957
1986,SON,North West England,0.461,7.946
1987,SON,North West England,0.369,5.699
1988,SON,North West England,0.523,8.753
1989,SON,North West England,0.593,14.043
1990,SON,North West England,0.447,9.882
1991,SON,North West England,0.565,9.849
1992,SON,North West England,0.390,8.634
1993,SON,North West England,0.472,8.882
1994,SON,North West England,0.520,9.000
1995,SON,North West England,0.551,14.828
1996,SON,North West England,0.477,11.495
1997,SON,North West England,0.603,9.258
1998,SON,North West England,0.568,11.591
1999,SON,North West England,0.576,11.376
2000,SON,North West England,0.576,10.763
2001,SON,North West England,0.507,11.527
2002,SON,North West England,0.348,9.634
2003,SON,North West England,0.550,7.355
2004,SON,North West England,0.617,20.634
2005,SON,North West England,0.612,8.688
2006,SON,North West England,0.472,8.398
2007,SON,North West England,0.469,13.516
2008,SON,North West England,0.430,7.849
2009,SON,North West England,0.590,13.387
2010,SON,North West England,0.438,7.473
2011,SON,North West England,0.530,6.968
2012,SON,North West England,0.486,7.172
2013,SON,North West England,0.621,11.366
2014,SON,North West England,0.468,10.108
2015,SON,North West England,0.453,8.355
2016,SON,North West England,0.563,10.387
2017,SON,North West England,0.418,13.151
2018,SON,North West England,0.577,15.172
2019,SON,North West England,0.437,8.516
2020,SON,North West England,0.505,9.581
2021,SON,North West England,0.477,6.559
2022,SON,North West England,0.525,8.484
2023,SON,North West England,0.488,8.247
2024,SON,North West England,0.492,8.720
2025,SON,North West England,0.585,9.441
2026,SON,North West England,0.470,7.914
2027,SON,North West England,0.415,9.763
2028,SON,North West England,0.562,14.710
2029,SON,North West England,0.567,9.484
2030,SON,North West England,0.389,8.204
2031,SON,North West England,0.351,8.269
2032,SON,North West England,0.523,11.462
2033,SON,North West England,0.484,6.495
2034,SON,North West England,0.418,9.548
2035,SON,North West England,0.510,9.215
2036,SON,North West England,0.460,10.581
2037,SON,North West England,0.444,10.172
2038,SON,North West England,0.587,11.032
2039,SON,North West England,0.457,7.237
2040,SON,North West England,0.495,11.054
2041,SON,North West England,0.568,8.032
2042,SON,North West England,0.415,11.398
2043,SON,North West England,0.502,6.312
2044,SON,North West England,0.413,7.247
2045,SON,North West England,0.573,8.000
2046,SON,North West England,0.259,6.409
2047,SON,North West England,0.478,8.559
2048,SON,North West England,0.616,13.796
2049,SON,North West England,0.416,6.720
2050,SON,North West England,0.486,5.806
2051,SON,North West England,0.513,6.559
2052,SON,North West England,0.463,10.914
2053,SON,North West England,0.501,9.882
2054,SON,North West England,0.433,10.828
2055,SON,North West England,0.363,5.688
2056,SON,North West England,0.379,9.656
2057,SON,North West England,0.462,8.161
2058,SON,North West England,0.436,7.763
2059,SON,North West England,0.484,7.398
2060,SON,North West England,0.411,6.301
2061,SON,North West England,0.569,11.591
2062,SON,North West England,0.475,10.161
2063,SON,North West England,0.364,5.366
2064,SON,North West England,0.434,7.194
2065,SON,North West England,0.537,8.892
2066,SON,North West England,0.490,6.333
2067,SON,North West England,0.426,7.011
2068,SON,North West England,0.483,8.000
2069,SON,North West England,0.332,5.677
2070,SON,North West England,0.397,6.344
2071,SON,North West England,0.385,11.204
2072,SON,North West England,0.501,6.785
2073,SON,North West England,0.500,7.871
2074,SON,North West England,0.284,11.753
2075,SON,North West England,0.391,7.871
2076,SON,North West England,0.487,9.516
2077,SON,North West England,0.457,9.323
2078,SON,North West England,0.530,11.785
2079,SON,North West England,0.552,9.785
2080,SON,North West England,0.376,9.462
1981,SON,South East England,0.217,2.941
1982,SON,South East England,0.308,4.602
1983,SON,South East England,0.313,5.975
1984,SON,South East England,0.321,6.271
1985,SON,South East England,0.298,4.975
1986,SON,South East England,0.305,5.364
1987,SON,South East England,0.263,3.847
1988,SON,South East England,0.379,5.483
1989,SON,South East England,0.404,4.966
1990,SON,South East England,0.384,6.881
1991,SON,South East England,0.297,4.288
1992,SON,South East England,0.306,6.941
1993,SON,South East England,0.291,5.542
1994,SON,South East England,0.365,5.636
1995,SON,South East England,0.352,5.602
1996,SON,South East England,0.332,9.271
1997,SON,South East England,0.388,6.212
1998,SON,South East England,0.273,7.034
1999,SON,South East England,0.360,6.381
2000,SON,South East England,0.316,7.737
2001,SON,South East England,0.354,9.110
2002,SON,South East England,0.340,8.678
2003,SON,South East England,0.329,4.703
2004,SON,South East England,0.426,5.085
2005,SON,South East England,0.477,7.415
2006,SON,South East England,0.319,9.144
2007,SON,South East England,0.394,5.992
2008,SON,South East England,0.285,3.788
2009,SON,South East England,0.305,4.017
2010,SON,South East England,0.289,3.881
2011,SON,South East England,0.273,4.881
2012,SON,South East England,0.260,5.127
2013,SON,South East England,0.371,4.551
2014,SON,South East England,0.354,8.280
2015,SON,South East England,0.251,3.153
2016,SON,South East England,0.321,3.364
2017,SON,South East England,0.212,5.339
2018,SON,South East England,0.440,10.932
2019,SON,South East England,0.234,4.839
2020,SON,South East England,0.405,6.797
2021,SON,South East England,0.219,4.602
2022,SON,South East England,0.382,7.161
2023,SON,South East England,0.301,5.246
2024,SON,South East England,0.270,4.678
2025,SON,South East England,0.224,4.398
2026,SON,South East England,0.388,6.780
2027,SON,South East England,0.208,3.941
2028,SON,South East England,0.453,8.500
2029,SON,South East England,0.451,7.669
2030,SON,South East England,0.240,4.627
2031,SON,South East England,0.211,7.161
2032,SON,South East England,0.347,4.720
2033,SON,South East England,0.313,6.695
2034,SON,South East England,0.238,3.669
2035,SON,South East England,0.343,5.915
2036,SON,South East England,0.407,15.093
2037,SON,South East England,0.401,6.331
2038,SON,South East England,0.382,4.983
2039,SON,South East England,0.335,4.186
2040,SON,South East England,0.227,8.814
2041,SON,South East England,0.253,3.432
2042,SON,South East England,0.305,5.144
2043,SON,South East England,0.312,4.314
2044,SON,South East England,0.207,3.822
2045,SON,South East England,0.381,9.271
2046,SON,South East England,0.143,3.000
2047,SON,South East England,0.474,7.737
2048,SON,South East England,0.315,5.153
2049,SON,South East England,0.246,4.271
2050,SON,South East England,0.323,5.483
2051,SON,South East England,0.281,4.788
2052,SON,South East England,0.258,6.381
2053,SON,South East England,0.343,5.085
2054,SON,South East England,0.325,3.983
2055,SON,South East England,0.265,8.178
2056,SON,South East England,0.325,6.280
2057,SON,South East England,0.238,3.559
2058,SON,South East England,0.207,4.381
2059,SON,South East England,0.303,4.034
2060,SON,South East England,0.180,4.593
2061,SON,South East England,0.300,3.653
2062,SON,South East England,0.253,5.746
2063,SON,South East England,0.190,3.110
2064,SON,South East England,0.205,5.847
2065,SON,South East England,0.286,4.856
2066,SON,South East England,0.378,6.186
2067,SON,South East England,0.225,3.958
2068,SON,South East England,0.265,5.254
2069,SON,South East England,0.180,4.263
2070,SON,South East England,0.169,2.356
2071,SON,South East England,0.221,3.466
2072,SON,South East England,0.245,5.263
2073,SON,South East England,0.290,4.788
2074,SON,South East England,0.213,5.271
2075,SON,South East England,0.196,3.008
2076,SON,South East England,0.276,6.805
2077,SON,South East England,0.163,3.737
2078,SON,South East England,0.314,5.703
2079,SON,South East England,0.316,5.856
2080,SON,South East England,0.192,5.068
1981,SON,South West England,0.299,3.763
1982,SON,South West England,0.320,5.308
1983,SON,South West England,0.337,6.641
1984,SON,South West England,0.409,6.699
1985,SON,South West England,0.368,6.615
1986,SON,South West England,0.318,5.103
1987,SON,South West England,0.262,4.654
1988,SON,South West England,0.457,7.647
1989,SON,South West England,0.446,8.064
1990,SON,South West England,0.410,6.744
1991,SON,South West England,0.334,4.378
1992,SON,South West England,0.284,7.532
1993,SON,South West England,0.328,6.494
1994,SON,South West England,0.393,4.321
1995,SON,South West England,0.412,7.314
1996,SON,South West England,0.337,8.353
1997,SON,South West England,0.483,9.628
1998,SON,South West England,0.352,6.628
1999,SON,South West England,0.458,8.340
2000,SON,South West England,0.397,8.372
2001,SON,South West England,0.394,8.718
2002,SON,South West England,0.345,7.013
2003,SON,South West England,0.370,5.192
2004,SON,South West England,0.473,9.660
2005,SON,South West England,0.538,7.622
2006,SON,South West England,0.369,9.340
2007,SON,South West England,0.398,6.276
2008,SON,South West England,0.306,5.000
2009,SON,South West England,0.372,6.212
2010,SON,South West England,0.299,4.571
2011,SON,South West England,0.364,7.359
2012,SON,South West England,0.317,5.340
2013,SON,South West England,0.434,4.801
2014,SON,South West England,0.381,8.378
2015,SON,South West England,0.281,3.551
2016,SON,South West England,0.412,4.833
2017,SON,South West England,0.261,5.744
2018,SON,South West England,0.439,10.635
2019,SON,South West England,0.300,5.679
2020,SON,South West England,0.462,7.423
2021,SON,South West England,0.267,4.295
2022,SON,South West England,0.445,7.891
2023,SON,South West England,0.294,3.904
2024,SON,South West England,0.321,4.462
2025,SON,South West England,0.299,6.365
2026,SON,South West England,0.400,6.192
2027,SON,South West England,0.268,5.096
2028,SON,South West England,0.508,9.596
2029,SON,South West England,0.457,8.346
2030,SON,South West England,0.293,4.429
2031,SON,South West England,0.244,6.532
2032,SON,South West England,0.405,6.731
2033,SON,South West England,0.343,4.481
2034,SON,South West England,0.296,5.308
2035,SON,South West England,0.390,6.115
2036,SON,South West England,0.437,17.494
2037,SON,South West England,0.404,9.615
2038,SON,South West England,0.426,5.487
2039,SON,South West England,0.382,5.327
2040,SON,South West England,0.228,5.724
2041,SON,South West England,0.374,4.865
2042,SON,South West England,0.318,5.276
2043,SON,South West England,0.321,3.423
2044,SON,South West England,0.291,4.628
2045,SON,South West England,0.402,7.154
2046,SON,South West England,0.189,3.936
2047,SON,South West England,0.473,8.295
2048,SON,South West England,0.382,6.173
2049,SON,South West England,0.268,4.532
2050,SON,South West England,0.346,5.910
2051,SON,South West England,0.350,7.205
2052,SON,South West England,0.267,7.071
2053,SON,South West England,0.374,7.019
2054,SON,South West England,0.383,6.372
2055,SON,South West England,0.299,10.045
2056,SON,South West England,0.282,6.244
2057,SON,South West England,0.280,4.494
2058,SON,South West England,0.255,5.955
2059,SON,South West England,0.307,4.750
2060,SON,South West England,0.207,4.487
2061,SON,South West England,0.349,5.314
2062,SON,South West England,0.288,5.737
2063,SON,South West England,0.252,4.288
2064,SON,South West England,0.293,5.865
2065,SON,South West England,0.367,5.288
2066,SON,South West England,0.426,6.532
2067,SON,South West England,0.291,4.160
2068,SON,South West England,0.303,5.455
2069,SON,South West England,0.191,4.583
2070,SON,South West England,0.212,3.199
2071,SON,South West England,0.250,3.583
2072,SON,South West England,0.253,4.949
2073,SON,South West England,0.340,5.237
2074,SON,South West England,0.219,6.244
2075,SON,South West England,0.223,3.660
2076,SON,South West England,0.320,6.449
2077,SON,South West England,0.213,4.186
2078,SON,South West England,0.366,6.365
2079,SON,South West England,0.448,7.596
2080,SON,South West England,0.219,5.500
1981,SON,West Midlands,0.257,3.116
1982,SON,West Midlands,0.279,4.849
1983,SON,West Midlands,0.331,5.105
1984,SON,West Midlands,0.403,6.326
1985,SON,West Midlands,0.327,5.093
1986,SON,West Midlands,0.297,5.186
1987,SON,West Midlands,0.245,5.488
1988,SON,West Midlands,0.420,5.651
1989,SON,West Midlands,0.401,7.314
1990,SON,West Midlands,0.385,6.012
1991,SON,West Midlands,0.352,4.151
1992,SON,West Midlands,0.288,8.651
1993,SON,West Midlands,0.340,6.012
1994,SON,West Midlands,0.372,5.919
1995,SON,West Midlands,0.400,7.058
1996,SON,West Midlands,0.379,9.035
1997,SON,West Midlands,0.450,7.314
1998,SON,West Midlands,0.339,6.279
1999,SON,West Midlands,0.378,6.012
2000,SON,West Midlands,0.386,4.837
2001,SON,West Midlands,0.386,6.291
2002,SON,West Midlands,0.310,5.523
2003,SON,West Midlands,0.299,3.267
2004,SON,West Midlands,0.431,8.326
2005,SON,West Midlands,0.521,7.965
2006,SON,West Midlands,0.347,5.767
2007,SON,West Midlands,0.347,4.570
2008,SON,West Midlands,0.277,4.535
2009,SON,West Midlands,0.339,5.430
2010,SON,West Midlands,0.296,4.407
2011,SON,West Midlands,0.321,4.081
2012,SON,West Midlands,0.298,3.628
2013,SON,West Midlands,0.395,4.453
2014,SON,West Midlands,0.344,7.372
2015,SON,West Midlands,0.257,3.349
2016,SON,West Midlands,0.332,3.907
2017,SON,West Midlands,0.244,4.802
2018,SON,West Midlands,0.436,8.919
2019,SON,West Midlands,0.249,4.640
2020,SON,West Midlands,0.444,7.442
2021,SON,West Midlands,0.298,6.570
2022,SON,West Midlands,0.430,8.930
2023,SON,West Midlands,0.312,3.395
2024,SON,West Midlands,0.327,4.151
2025,SON,West Midlands,0.303,5.163
2026,SON,West Midlands,0.396,7.000
2027,SON,West Midlands,0.294,4.558
2028,SON,West Midlands,0.472,8.360
2029,SON,West Midlands,0.452,7.965
2030,SON,West Midlands,0.246,3.674
2031,SON,West Midlands,0.232,5.651
2032,SON,West Midlands,0.351,5.233
2033,SON,West Midlands,0.353,8.093
2034,SON,West Midlands,0.256,3.512
2035,SON,West Midlands,0.365,5.744
2036,SON,West Midlands,0.351,8.372
2037,SON,West Midlands,0.341,5.209
2038,SON,West Midlands,0.384,5.477
2039,SON,West Midlands,0.347,6.000
2040,SON,West Midlands,0.248,4.105
2041,SON,West Midlands,0.332,4.442
2042,SON,West Midlands,0.332,6.012
2043,SON,West Midlands,0.337,3.640
2044,SON,West Midlands,0.234,3.419
2045,SON,West Midlands,0.394,5.535
2046,SON,West Midlands,0.167,4.593
2047,SON,West Midlands,0.440,7.105
2048,SON,West Midlands,0.399,5.860
2049,SON,West Midlands,0.275,4.791
2050,SON,West Midlands,0.316,4.174
2051,SON,West Midlands,0.332,5.233
2052,SON,West Midlands,0.310,7.128
2053,SON,West Midlands,0.339,4.674
2054,SON,West Midlands,0.320,5.395
2055,SON,West Midlands,0.270,7.267
2056,SON,West Midlands,0.284,5.430
2057,SON,West Midlands,0.224,3.116
2058,SON,West Midlands,0.215,6.000
2059,SON,West Midlands,0.279,4.163
2060,SON,West Midlands,0.213,4.605
2061,SON,West Midlands,0.333,6.314
2062,SON,West Midlands,0.247,5.488
2063,SON,West Midlands,0.226,3.919
2064,SON,West Midlands,0.249,5.488
2065,SON,West Midlands,0.334,5.686
2066,SON,West Midlands,0.353,4.953
2067,SON,West Midlands,0.301,5.605
2068,SON,West Midlands,0.268,5.570
2069,SON,West Midlands,0.182,4.709
2070,SON,West Midlands,0.201,2.791
2071,SON,West Midlands,0.225,2.953
2072,SON,West Midlands,0.254,4.651
2073,SON,West Midlands,0.325,4.547
2074,SON,West Midlands,0.241,6.221
2075,SON,West Midlands,0.217,3.419
2076,SON,West Midlands,0.305,5.895
2077,SON,West Midlands,0.198,3.314
2078,SON,West Midlands,0.343,7.035
2079,SON,West Midlands,0.433,7.023
2080,SON,West Midlands,0.199,5.233
1981,SON,West Scotland,0.673,15.409
1982,SON,West Scotland,0.539,8.136
1983,SON,West Scotland,0.584,9.826
1984,SON,West Scotland,0.610,10.167
1985,SON,West Scotland,0.538,9.015
1986,SON,West Scotland,0.467,7.250
1987,SON,West Scotland,0.364,6.727
1988,SON,West Scotland,0.561,9.652
1989,SON,West Scotland,0.652,11.288
1990,SON,West Scotland,0.482,10.424
1991,SON,West Scotland,0.661,13.341
1992,SON,West Scotland,0.405,6.667
1993,SON,West Scotland,0.489,7.409
1994,SON,West Scotland,0.551,10.674
1995,SON,West Scotland,0.541,13.924
1996,SON,West Scotland,0.504,9.727
1997,SON,West Scotland,0.571,11.098
1998,SON,West Scotland,0.661,15.553
1999,SON,West Scotland,0.605,9.902
2000,SON,West Scotland,0.668,13.023
2001,SON,West Scotland,0.610,15.636
2002,SON,West Scotland,0.369,10.462
2003,SON,West Scotland,0.643,10.606
2004,SON,West Scotland,0.593,15.030
2005,SON,West Scotland,0.620,7.977
2006,SON,West Scotland,0.533,9.326
2007,SON,West Scotland,0.507,12.682
2008,SON,West Scotland,0.519,11.977
2009,SON,West Scotland,0.645,16.561
2010,SON,West Scotland,0.482,9.371
2011,SON,West Scotland,0.564,8.735
2012,SON,West Scotland,0.560,7.121
2013,SON,West Scotland,0.664,14.371
2014,SON,West Scotland,0.519,8.947
2015,SON,West Scotland,0.551,9.189
2016,SON,West Scotland,0.643,12.712
2017,SON,West Scotland,0.489,10.606
2018,SON,West Scotland,0.612,13.530
2019,SON,West Scotland,0.551,11.447
2020,SON,West Scotland,0.474,6.614
2021,SON,West Scotland,0.557,9.720
2022,SON,West Scotland,0.551,8.523
2023,SON,West Scotland,0.559,9.023
2024,SON,West Scotland,0.577,10.780
2025,SON,West Scotland,0.670,10.523
2026,SON,West Scotland,0.514,9.788
2027,SON,West Scotland,0.490,10.250
2028,SON,West Scotland,0.579,11.818
2029,SON,West Scotland,0.584,9.879
2030,SON,West Scotland,0.502,9.174
2031,SON,West Scotland,0.447,7.265
2032,SON,West Scotland,0.562,8.848
2033,SON,West Scotland,0.527,6.470
2034,SON,West Scotland,0.467,10.583
2035,SON,West Scotland,0.519,6.652
2036,SON,West Scotland,0.493,11.311
2037,SON,West Scotland,0.509,10.939
2038,SON,West Scotland,0.623,12.015
2039,SON,West Scotland,0.527,9.409
2040,SON,West Scotland,0.565,9.659
2041,SON,West Scotland,0.618,11.333
2042,SON,West Scotland,0.462,8.159
2043,SON,West Scotland,0.573,8.311
2044,SON,West Scotland,0.458,6.697
2045,SON,West Scotland,0.678,10.530
2046,SON,West Scotland,0.353,6.424
2047,SON,West Scotland,0.442,7.364
2048,SON,West Scotland,0.629,10.659
2049,SON,West Scotland,0.512,8.235
2050,SON,West Scotland,0.578,7.697
2051,SON,West Scotland,0.553,7.424
2052,SON,West Scotland,0.536,14.348
2053,SON,West Scotland,0.595,14.121
2054,SON,West Scotland,0.436,9.144
2055,SON,West Scotland,0.431,6.977
2056,SON,West Scotland,0.457,10.992
2057,SON,West Scotland,0.562,10.174
2058,SON,West Scotland,0.486,8.538
2059,SON,West Scotland,0.525,9.902
2060,SON,West Scotland,0.556,10.348
2061,SON,West Scotland,0.641,12.053
2062,SON,West Scotland,0.616,14.318
2063,SON,West Scotland,0.483,6.712
2064,SON,West Scotland,0.498,8.371
2065,SON,West Scotland,0.597,10.909
2066,SON,West Scotland,0.589,10.992
2067,SON,West Scotland,0.530,9.636
2068,SON,West Scotland,0.547,8.652
2069,SON,West Scotland,0.437,6.189
2070,SON,West Scotland,0.516,8.568
2071,SON,West Scotland,0.452,8.038
2072,SON,West Scotland,0.575,8.295
2073,SON,West Scotland,0.515,8.227
2074,SON,West Scotland,0.334,9.614
2075,SON,West Scotland,0.481,10.144
2076,SON,West Scotland,0.511,9.455
2077,SON,West Scotland,0.506,8.250
2078,SON,West Scotland,0.596,10.295
2079,SON,West Scotland,0.611,12.659
2080,SON,West Scotland,0.512,10.530
1981,SON,Yorkshire and Humber,0.334,4.842
1982,SON,Yorkshire and Humber,0.294,4.188
1983,SON,Yorkshire and Humber,0.438,6.772
1984,SON,Yorkshire and Humber,0.408,5.881
1985,SON,Yorkshire and Humber,0.357,6.030
1986,SON,Yorkshire and Humber,0.368,5.782
1987,SON,Yorkshire and Humber,0.344,4.881
1988,SON,Yorkshire and Humber,0.439,5.851
1989,SON,Yorkshire and Humber,0.402,7.465
1990,SON,Yorkshire and Humber,0.412,8.059
1991,SON,Yorkshire and Humber,0.371,5.218
1992,SON,Yorkshire and Humber,0.381,10.050
1993,SON,Yorkshire and Humber,0.345,5.683
1994,SON,Yorkshire and Humber,0.405,7.208
1995,SON,Yorkshire and Humber,0.442,8.436
1996,SON,Yorkshire and Humber,0.383,9.584
1997,SON,Yorkshire and Humber,0.497,7.416
1998,SON,Yorkshire and Humber,0.402,6.109
1999,SON,Yorkshire and Humber,0.420,6.158
2000,SON,Yorkshire and Humber,0.395,7.248
2001,SON,Yorkshire and Humber,0.365,7.000
2002,SON,Yorkshire and Humber,0.321,5.248
2003,SON,Yorkshire and Humber,0.385,4.812
2004,SON,Yorkshire and Humber,0.459,8.376
2005,SON,Yorkshire and Humber,0.465,7.287
2006,SON,Yorkshire and Humber,0.399,5.545
2007,SON,Yorkshire and Humber,0.402,8.455
2008,SON,Yorkshire and Humber,0.323,6.059
2009,SON,Yorkshire and Humber,0.397,6.386
2010,SON,Yorkshire and Humber,0.339,5.030
2011,SON,Yorkshire and Humber,0.318,3.832
2012,SON,Yorkshire and Humber,0.334,4.574
2013,SON,Yorkshire and Humber,0.415,7.307
2014,SON,Yorkshire and Humber,0.348,6.149
2015,SON,Yorkshire and Humber,0.280,4.584
2016,SON,Yorkshire and Humber,0.362,5.653
2017,SON,Yorkshire and Humber,0.280,6.218
2018,SON,Yorkshire and Humber,0.450,10.248
2019,SON,Yorkshire and Humber,0.270,4.950
2020,SON,Yorkshire and Humber,0.413,7.475
2021,SON,Yorkshire and Humber,0.359,6.980
2022,SON,Yorkshire and Humber,0.411,5.812
2023,SON,Yorkshire and Humber,0.323,4.337
2024,SON,Yorkshire and Humber,0.366,5.495
2025,SON,Yorkshire and Humber,0.389,5.545
2026,SON,Yorkshire and Humber,0.415,6.683
2027,SON,Yorkshire and Humber,0.285,4.990
2028,SON,Yorkshire and Humber,0.455,8.178
2029,SON,Yorkshire and Humber,0.425,7.119
2030,SON,Yorkshire and Humber,0.252,4.792
2031,SON,Yorkshire and Humber,0.269,4.574
2032,SON,Yorkshire and Humber,0.394,7.406
2033,SON,Yorkshire and Humber,0.318,4.683
2034,SON,Yorkshire and Humber,0.324,5.366
2035,SON,Yorkshire and Humber,0.413,7.198
2036,SON,Yorkshire and Humber,0.353,8.010
2037,SON,Yorkshire and Humber,0.353,5.723
2038,SON,Yorkshire and Humber,0.432,7.554
2039,SON,Yorkshire and Humber,0.371,5.139
2040,SON,Yorkshire and Humber,0.330,7.515
2041,SON,Yorkshire and Humber,0.367,4.970
2042,SON,Yorkshire and Humber,0.370,7.792
2043,SON,Yorkshire and Humber,0.378,4.366
2044,SON,Yorkshire and Humber,0.274,3.851
2045,SON,Yorkshire and Humber,0.434,6.228
2046,SON,Yorkshire and Humber,0.188,3.772
2047,SON,Yorkshire and Humber,0.462,5.683
2048,SON,Yorkshire and Humber,0.434,6.723
2049,SON,Yorkshire and Humber,0.273,3.851
2050,SON,Yorkshire and Humber,0.319,3.713
2051,SON,Yorkshire and Humber,0.365,5.267
2052,SON,Yorkshire and Humber,0.330,7.634
2053,SON,Yorkshire and Humber,0.348,5.465
2054,SON,Yorkshire and Humber,0.352,6.119
2055,SON,Yorkshire and Humber,0.242,3.970
2056,SON,Yorkshire and Humber,0.277,5.653
2057,SON,Yorkshire and Humber,0.284,4.752
2058,SON,Yorkshire and Humber,0.228,3.861
2059,SON,Yorkshire and Humber,0.339,6.782
2060,SON,Yorkshire and Humber,0.235,4.000
2061,SON,Yorkshire and Humber,0.404,8.624
2062,SON,Yorkshire and Humber,0.306,6.842
2063,SON,Yorkshire and Humber,0.255,5.079
2064,SON,Yorkshire and Humber,0.284,4.218
2065,SON,Yorkshire and Humber,0.346,5.743
2066,SON,Yorkshire and Humber,0.339,4.535
2067,SON,Yorkshire and Humber,0.303,5.356
2068,SON,Yorkshire and Humber,0.273,5.545
2069,SON,Yorkshire and Humber,0.223,4.673
2070,SON,Yorkshire and Humber,0.245,3.554
2071,SON,Yorkshire and Humber,0.271,5.802
2072,SON,Yorkshire and Humber,0.280,4.416
2073,SON,Yorkshire and Humber,0.385,5.762
2074,SON,Yorkshire and Humber,0.230,4.921
2075,SON,Yorkshire and Humber,0.222,4.277
2076,SON,Yorkshire and Humber,0.315,5.871
2077,SON,Yorkshire and Humber,0.273,5.020
2078,SON,Yorkshire and Humber,0.361,7.911
2079,SON,Yorkshire and Humber,0.362,4.980
2080,SON,Yorkshire and Humber,0.229,5.960
1981,SON,Channel Islands,0.222,4.000
1982,SON,Channel Islands,0.333,6.000
1983,SON,Channel Islands,0.328,12.000
1984,SON,Channel Islands,0.217,3.500
1985,SON,Channel Islands,0.350,6.500
1986,SON,Channel Islands,0.222,4.000
1987,SON,Channel Islands,0.278,5.000
1988,SON,Channel Islands,0.394,9.000
1989,SON,Channel Islands,0.383,4.000
1990,SON,Channel Islands,0.300,8.000
1991,SON,Channel Islands,0.272,4.500
1992,SON,Channel Islands,0.294,5.000
1993,SON,Channel Islands,0.367,8.500
1994,SON,Channel Islands,0.439,5.000
1995,SON,Channel Islands,0.300,4.000
1996,SON,Channel Islands,0.322,5.500
1997,SON,Channel Islands,0.517,9.500
1998,SON,Channel Islands,0.183,7.000
1999,SON,Channel Islands,0.417,8.000
2000,SON,Channel Islands,0.306,6.500
2001,SON,Channel Islands,0.267,5.000
2002,SON,Channel Islands,0.333,4.500
2003,SON,Channel Islands,0.328,4.000
2004,SON,Channel Islands,0.400,8.000
2005,SON,Channel Islands,0.461,5.000
2006,SON,Channel Islands,0.356,12.000
2007,SON,Channel Islands,0.367,5.500
2008,SON,Channel Islands,0.267,4.000
2009,SON,Channel Islands,0.333,6.000
2010,SON,Channel Islands,0.333,6.500
2011,SON,Channel Islands,0.306,8.500
2012,SON,Channel Islands,0.228,4.500
2013,SON,Channel Islands,0.350,4.000
2014,SON,Channel Islands,0.344,8.000
2015,SON,Channel Islands,0.283,3.000
2016,SON,Channel Islands,0.361,7.000
2017,SON,Channel Islands,0.256,5.000
2018,SON,Channel Islands,0.417,7.500
2019,SON,Channel Islands,0.233,3.000
2020,SON,Channel Islands,0.383,4.500
2021,SON,Channel Islands,0.211,5.000
2022,SON,Channel Islands,0.283,3.500
2023,SON,Channel Islands,0.267,5.000
2024,SON,Channel Islands,0.294,5.000
2025,SON,Channel Islands,0.200,6.000
2026,SON,Channel Islands,0.383,5.000
2027,SON,Channel Islands,0.222,3.500
2028,SON,Channel Islands,0.494,11.500
2029,SON,Channel Islands,0.450,8.500
2030,SON,Channel Islands,0.339,4.500
2031,SON,Channel Islands,0.167,4.000
2032,SON,Channel Islands,0.367,7.000
2033,SON,Channel Islands,0.328,4.000
2034,SON,Channel Islands,0.267,5.000
2035,SON,Channel Islands,0.322,4.000
2036,SON,Channel Islands,0.444,11.000
2037,SON,Channel Islands,0.367,6.000
2038,SON,Channel Islands,0.378,4.500
2039,SON,Channel Islands,0.311,5.000
2040,SON,Channel Islands,0.217,4.000
2041,SON,Channel Islands,0.322,6.000
2042,SON,Channel Islands,0.272,6.000
2043,SON,Channel Islands,0.244,3.500
2044,SON,Channel Islands,0.233,3.500
2045,SON,Channel Islands,0.344,5.000
2046,SON,Channel Islands,0.211,4.000
2047,SON,Channel Islands,0.472,7.000
2048,SON,Channel Islands,0.300,5.500
2049,SON,Channel Islands,0.217,4.000
2050,SON,Channel Islands,0.289,5.000
2051,SON,Channel Islands,0.311,6.000
2052,SON,Channel Islands,0.272,5.500
2053,SON,Channel Islands,0.306,5.000
2054,SON,Channel Islands,0.272,5.000
2055,SON,Channel Islands,0.294,11.000
2056,SON,Channel Islands,0.300,6.000
2057,SON,Channel Islands,0.239,4.000
2058,SON,Channel Islands,0.244,5.500
2059,SON,Channel Islands,0.300,4.000
2060,SON,Channel Islands,0.139,4.000
2061,SON,Channel Islands,0.317,4.000
2062,SON,Channel Islands,0.206,3.000
2063,SON,Channel Islands,0.200,4.000
2064,SON,Channel Islands,0.194,6.000
2065,SON,Channel Islands,0.289,4.000
2066,SON,Channel Islands,0.339,5.000
2067,SON,Channel Islands,0.217,3.500
2068,SON,Channel Islands,0.317,5.000
2069,SON,Channel Islands,0.122,4.000
2070,SON,Channel Islands,0.172,3.000
2071,SON,Channel Islands,0.261,3.500
2072,SON,Channel Islands,0.233,5.000
2073,SON,Channel Islands,0.256,6.000
2074,SON,Channel Islands,0.222,4.000
2075,SON,Channel Islands,0.228,4.500
2076,SON,Channel Islands,0.278,5.500
2077,SON,Channel Islands,0.156,3.000
2078,SON,Channel Islands,0.317,5.500
2079,SON,Channel Islands,0.361,4.500
2080,SON,Channel Islands,0.183,2.500
1981,SON,Isle of Man,0.441,4.667
1982,SON,Isle of Man,0.385,5.667
1983,SON,Isle of Man,0.467,5.667
1984,SON,Isle of Man,0.530,4.667
1985,SON,Isle of Man,0.415,7.667
1986,SON,Isle of Man,0.474,13.333
1987,SON,Isle of Man,0.281,3.667
1988,SON,Isle of Man,0.485,7.000
1989,SON,Isle of Man,0.522,9.000
1990,SON,Isle of Man,0.407,8.000
1991,SON,Isle of Man,0.489,4.667
1992,SON,Isle of Man,0.333,4.000
1993,SON,Isle of Man,0.407,6.000
1994,SON,Isle of Man,0.441,4.667
1995,SON,Isle of Man,0.463,6.667
1996,SON,Isle of Man,0.407,11.000
1997,SON,Isle of Man,0.515,9.000
1998,SON,Isle of Man,0.526,11.667
1999,SON,Isle of Man,0.522,7.667
2000,SON,Isle of Man,0.519,10.000
2001,SON,Isle of Man,0.500,8.333
2002,SON,Isle of Man,0.293,12.333
2003,SON,Isle of Man,0.441,5.667
2004,SON,Isle of Man,0.563,7.667
2005,SON,Isle of Man,0.530,5.667
2006,SON,Isle of Man,0.474,6.667
2007,SON,Isle of Man,0.396,4.000
2008,SON,Isle of Man,0.389,4.667
2009,SON,Isle of Man,0.544,7.333
2010,SON,Isle of Man,0.359,4.333
2011,SON,Isle of Man,0.441,5.000
2012,SON,Isle of Man,0.411,3.333
2013,SON,Isle of Man,0.544,5.333
2014,SON,Isle of Man,0.326,5.000
2015,SON,Isle of Man,0.385,6.000
2016,SON,Isle of Man,0.481,5.333
2017,SON,Isle of Man,0.344,5.333
2018,SON,Isle of Man,0.541,14.000
2019,SON,Isle of Man,0.374,4.333
2020,SON,Isle of Man,0.474,6.000
2021,SON,Isle of Man,0.393,4.333
2022,SON,Isle of Man,0.430,5.000
2023,SON,Isle of Man,0.411,6.667
2024,SON,Isle of Man,0.433,7.333
2025,SON,Isle of Man,0.570,6.000
2026,SON,Isle of Man,0.422,6.000
2027,SON,Isle of Man,0.448,9.000
2028,SON,Isle of Man,0.548,9.667
2029,SON,Isle of Man,0.485,8.333
2030,SON,Isle of Man,0.381,7.000
2031,SON,Isle of Man,0.337,4.000
2032,SON,Isle of Man,0.444,8.000
2033,SON,Isle of Man,0.381,7.000
2034,SON,Isle of Man,0.348,6.000
2035,SON,Isle of Man,0.407,8.333
2036,SON,Isle of Man,0.389,5.000
2037,SON,Isle of Man,0.396,5.000
2038,SON,Isle of Man,0.493,5.667
2039,SON,Isle of Man,0.326,5.333
2040,SON,Isle of Man,0.470,9.000
2041,SON,Isle of Man,0.489,6.333
2042,SON,Isle of Man,0.422,8.000
2043,SON,Isle of Man,0.452,6.667
2044,SON,Isle of Man,0.344,3.000
2045,SON,Isle of Man,0.452,6.667
2046,SON,Isle of Man,0.226,3.333
2047,SON,Isle of Man,0.433,7.000
2048,SON,Isle of Man,0.530,8.000
2049,SON,Isle of Man,0.344,4.667
2050,SON,Isle of Man,0.456,4.333
2051,SON,Isle of Man,0.419,3.333
2052,SON,Isle of Man,0.381,6.000
2053,SON,Isle of Man,0.485,12.667
2054,SON,Isle of Man,0.363,9.000
2055,SON,Isle of Man,0.252,4.000
2056,SON,Isle of Man,0.341,5.000
2057,SON,Isle of Man,0.348,3.667
2058,SON,Isle of Man,0.289,3.333
2059,SON,Isle of Man,0.363,4.333
2060,SON,Isle of Man,0.359,6.000
2061,SON,Isle of Man,0.519,8.000
2062,SON,Isle of Man,0.411,6.333
2063,SON,Isle of Man,0.315,5.000
2064,SON,Isle of Man,0.359,5.333
2065,SON,Isle of Man,0.456,6.667
2066,SON,Isle of Man,0.415,5.000
2067,SON,Isle of Man,0.352,6.333
2068,SON,Isle of Man,0.356,5.000
2069,SON,Isle of Man,0.278,3.333
2070,SON,Isle of Man,0.370,3.667
2071,SON,Isle of Man,0.326,5.000
2072,SON,Isle of Man,0.448,6.000
2073,SON,Isle of Man,0.367,4.000
2074,SON,Isle of Man,0.215,4.667
2075,SON,Isle of Man,0.296,6.667
2076,SON,Isle of Man,0.415,4.333
2077,SON,Isle of Man,0.341,6.000
2078,SON,Isle of Man,0.474,9.000
2079,SON,Isle of Man,0.504,7.000
2080,SON,Isle of Man,0.319,5.667
1981,SON,Northern Ireland,0.535,9.224
1982,SON,Northern Ireland,0.457,5.788
1983,SON,Northern Ireland,0.527,8.200
1984,SON,Northern Ireland,0.561,6.671
1985,SON,Northern Ireland,0.482,7.871
1986,SON,Northern Ireland,0.426,8.671
1987,SON,Northern Ireland,0.350,5.000
1988,SON,Northern Ireland,0.542,7.059
1989,SON,Northern Ireland,0.527,8.906
1990,SON,Northern Ireland,0.431,9.706
1991,SON,Northern Ireland,0.562,7.624
1992,SON,Northern Ireland,0.391,5.200
1993,SON,Northern Ireland,0.476,7.835
1994,SON,Northern Ireland,0.503,7.918
1995,SON,Northern Ireland,0.472,8.600
1996,SON,Northern Ireland,0.447,6.682
1997,SON,Northern Ireland,0.520,10.459
1998,SON,Northern Ireland,0.505,8.365
1999,SON,Northern Ireland,0.533,7.376
2000,SON,Northern Ireland,0.583,9.153
2001,SON,Northern Ireland,0.545,8.835
2002,SON,Northern Ireland,0.317,5.788
2003,SON,Northern Ireland,0.532,6.894
2004,SON,Northern Ireland,0.514,9.612
2005,SON,Northern Ireland,0.562,8.059
2006,SON,Northern Ireland,0.413,6.106
2007,SON,Northern Ireland,0.458,8.929
2008,SON,Northern Ireland,0.421,8.659
2009,SON,Northern Ireland,0.545,11.059
2010,SON,Northern Ireland,0.407,6.024
2011,SON,Northern Ireland,0.463,6.447
2012,SON,Northern Ireland,0.409,4.318
2013,SON,Northern Ireland,0.584,12.600
2014,SON,Northern Ireland,0.424,6.835
2015,SON,Northern Ireland,0.453,7.494
2016,SON,Northern Ireland,0.532,10.635
2017,SON,Northern Ireland,0.378,5.671
2018,SON,Northern Ireland,0.478,7.294
2019,SON,Northern Ireland,0.418,6.835
2020,SON,Northern Ireland,0.511,7.176
2021,SON,Northern Ireland,0.434,5.318
2022,SON,Northern Ireland,0.514,7.847
2023,SON,Northern Ireland,0.435,5.718
2024,SON,Northern Ireland,0.480,8.235
2025,SON,Northern Ireland,0.556,8.800
2026,SON,Northern Ireland,0.483,6.176
2027,SON,Northern Ireland,0.487,10.506
2028,SON,Northern Ireland,0.541,10.706
2029,SON,Northern Ireland,0.536,7.565
2030,SON,Northern Ireland,0.462,5.941
2031,SON,Northern Ireland,0.409,6.118
2032,SON,Northern Ireland,0.466,7.812
2033,SON,Northern Ireland,0.491,6.271
2034,SON,Northern Ireland,0.415,7.729
2035,SON,Northern Ireland,0.419,6.153
2036,SON,Northern Ireland,0.453,9.647
2037,SON,Northern Ireland,0.405,7.953
2038,SON,Northern Ireland,0.546,8.318
2039,SON,Northern Ireland,0.402,6.871
2040,SON,Northern Ireland,0.527,8.800
2041,SON,Northern Ireland,0.537,5.976
2042,SON,Northern Ireland,0.444,7.741
2043,SON,Northern Ireland,0.455,7.294
2044,SON,Northern Ireland,0.398,4.741
2045,SON,Northern Ireland,0.562,6.847
2046,SON,Northern Ireland,0.337,7.318
2047,SON,Northern Ireland,0.417,6.612
2048,SON,Northern Ireland,0.536,7.988
2049,SON,Northern Ireland,0.400,4.976
2050,SON,Northern Ireland,0.477,6.506
2051,SON,Northern Ireland,0.451,5.612
2052,SON,Northern Ireland,0.400,8.106
2053,SON,Northern Ireland,0.518,12.706
2054,SON,Northern Ireland,0.398,7.341
2055,SON,Northern Ireland,0.327,5.824
2056,SON,Northern Ireland,0.377,6.176
2057,SON,Northern Ireland,0.423,5.729
2058,SON,Northern Ireland,0.363,6.412
2059,SON,Northern Ireland,0.460,6.553
2060,SON,Northern Ireland,0.345,5.188
2061,SON,Northern Ireland,0.548,10.282
2062,SON,Northern Ireland,0.450,7.824
2063,SON,Northern Ireland,0.387,5.376
2064,SON,Northern Ireland,0.390,5.424
2065,SON,Northern Ireland,0.486,5.447
2066,SON,Northern Ireland,0.472,7.624
2067,SON,Northern Ireland,0.419,5.400
2068,SON,Northern Ireland,0.432,4.012
2069,SON,Northern Ireland,0.324,4.188
2070,SON,Northern Ireland,0.374,5.282
2071,SON,Northern Ireland,0.353,6.071
2072,SON,Northern Ireland,0.476,7.282
2073,SON,Northern Ireland,0.424,6.859
2074,SON,Northern Ireland,0.267,6.176
2075,SON,Northern Ireland,0.381,6.624
2076,SON,Northern Ireland,0.450,6.200
2077,SON,Northern Ireland,0.373,4.694
2078,SON,Northern Ireland,0.467,8.024
2079,SON,Northern Ireland,0.516,8.918
2080,SON,Northern Ireland,0.357,6.129
1981,SON,Wales,0.467,7.504
1982,SON,Wales,0.381,6.820
1983,SON,Wales,0.465,7.812
1984,SON,Wales,0.541,8.737
1985,SON,Wales,0.453,8.534
1986,SON,Wales,0.404,6.489
1987,SON,Wales,0.363,9.729
1988,SON,Wales,0.530,7.977
1989,SON,Wales,0.536,12.361
1990,SON,Wales,0.490,8.940
1991,SON,Wales,0.491,6.556
1992,SON,Wales,0.362,6.985
1993,SON,Wales,0.427,8.962
1994,SON,Wales,0.498,7.759
1995,SON,Wales,0.499,12.632
1996,SON,Wales,0.441,11.271
1997,SON,Wales,0.565,9.955
1998,SON,Wales,0.512,10.827
1999,SON,Wales,0.544,11.000
2000,SON,Wales,0.525,8.872
2001,SON,Wales,0.486,9.722
2002,SON,Wales,0.367,8.000
2003,SON,Wales,0.481,5.271
2004,SON,Wales,0.600,18.421
2005,SON,Wales,0.635,11.301
2006,SON,Wales,0.425,8.526
2007,SON,Wales,0.456,11.068
2008,SON,Wales,0.398,7.519
2009,SON,Wales,0.524,11.421
2010,SON,Wales,0.360,6.744
2011,SON,Wales,0.469,5.970
2012,SON,Wales,0.410,7.789
2013,SON,Wales,0.576,7.075
2014,SON,Wales,0.416,10.496
2015,SON,Wales,0.401,7.632
2016,SON,Wales,0.540,9.015
2017,SON,Wales,0.375,9.038
2018,SON,Wales,0.552,15.489
2019,SON,Wales,0.392,7.286
2020,SON,Wales,0.528,10.346
2021,SON,Wales,0.418,7.955
2022,SON,Wales,0.519,10.519
2023,SON,Wales,0.415,6.511
2024,SON,Wales,0.439,6.526
2025,SON,Wales,0.488,9.180
2026,SON,Wales,0.464,7.180
2027,SON,Wales,0.405,9.150
2028,SON,Wales,0.549,10.060
2029,SON,Wales,0.559,9.248
2030,SON,Wales,0.369,6.632
2031,SON,Wales,0.310,7.940
2032,SON,Wales,0.475,8.940
2033,SON,Wales,0.457,7.436
2034,SON,Wales,0.386,6.361
2035,SON,Wales,0.472,8.023
2036,SON,Wales,0.447,9.977
2037,SON,Wales,0.431,9.684
2038,SON,Wales,0.525,9.023
2039,SON,Wales,0.432,6.639
2040,SON,Wales,0.375,8.947
2041,SON,Wales,0.464,6.308
2042,SON,Wales,0.398,9.835
2043,SON,Wales,0.449,6.120
2044,SON,Wales,0.350,5.850
2045,SON,Wales,0.514,6.962
2046,SON,Wales,0.230,6.383
2047,SON,Wales,0.514,10.203
2048,SON,Wales,0.539,8.895
2049,SON,Wales,0.343,6.474
2050,SON,Wales,0.419,6.211
2051,SON,Wales,0.437,6.391
2052,SON,Wales,0.443,8.158
2053,SON,Wales,0.452,10.827
2054,SON,Wales,0.419,11.286
2055,SON,Wales,0.375,9.805
2056,SON,Wales,0.378,8.361
2057,SON,Wales,0.395,7.677
2058,SON,Wales,0.340,6.947
2059,SON,Wales,0.397,5.609
2060,SON,Wales,0.308,6.684
2061,SON,Wales,0.481,9.128
2062,SON,Wales,0.392,8.489
2063,SON,Wales,0.343,5.955
2064,SON,Wales,0.394,6.970
2065,SON,Wales,0.446,7.211
2066,SON,Wales,0.459,7.466
2067,SON,Wales,0.390,5.925
2068,SON,Wales,0.389,6.271
2069,SON,Wales,0.287,4.947
2070,SON,Wales,0.354,7.406
2071,SON,Wales,0.333,5.992
2072,SON,Wales,0.406,6.820
2073,SON,Wales,0.430,7.632
2074,SON,Wales,0.269,8.872
2075,SON,Wales,0.322,5.895
2076,SON,Wales,0.412,7.774
2077,SON,Wales,0.350,7.955
2078,SON,Wales,0.454,8.632
2079,SON,Wales,0.552,10.331
2080,SON,Wales,0.335,10.737
