Year,Season,Region,fwd,wsmax
1981,Annual,East Midlands,0.404,9.650
1982,Annual,East Midlands,0.363,9.845
1983,Annual,East Midlands,0.326,7.612
1984,Annual,East Midlands,0.418,8.825
1985,Annual,East Midlands,0.390,7.350
1986,Annual,East Midlands,0.349,7.922
1987,Annual,East Midlands,0.343,7.854
1988,Annual,East Midlands,0.420,6.718
1989,Annual,East Midlands,0.377,9.971
1990,Annual,East Midlands,0.296,10.660
1991,Annual,East Midlands,0.366,7.913
1992,Annual,East Midlands,0.413,7.388
1993,Annual,East Midlands,0.376,9.194
1994,Annual,East Midlands,0.392,8.495
1995,Annual,East Midlands,0.374,10.340
1996,Annual,East Midlands,0.402,8.670
1997,Annual,East Midlands,0.300,7.728
1998,Annual,East Midlands,0.394,8.233
1999,Annual,East Midlands,0.380,8.942
2000,Annual,East Midlands,0.382,8.282
2001,Annual,East Midlands,0.391,8.039
2002,Annual,East Midlands,0.244,5.621
2003,Annual,East Midlands,0.381,7.631
2004,Annual,East Midlands,0.330,9.126
2005,Annual,East Midlands,0.367,7.223
2006,Annual,East Midlands,0.439,8.883
2007,Annual,East Midlands,0.345,8.835
2008,Annual,East Midlands,0.324,7.359
2009,Annual,East Midlands,0.355,7.534
2010,Annual,East Midlands,0.447,10.214
2011,Annual,East Midlands,0.354,8.369
2012,Annual,East Midlands,0.406,8.223
2013,Annual,East Midlands,0.397,8.961
2014,Annual,East Midlands,0.405,8.524
2015,Annual,East Midlands,0.389,10.951
2016,Annual,East Midlands,0.368,6.340
2017,Annual,East Midlands,0.401,10.233
2018,Annual,East Midlands,0.346,7.379
2019,Annual,East Midlands,0.376,7.107
2020,Annual,East Midlands,0.404,7.777
2021,Annual,East Midlands,0.356,7.796
2022,Annual,East Midlands,0.335,8.291
2023,Annual,East Midlands,0.409,10.699
2024,Annual,East Midlands,0.323,8.456
2025,Annual,East Midlands,0.312,7.845
2026,Annual,East Midlands,0.351,9.223
2027,Annual,East Midlands,0.313,6.058
2028,Annual,East Midlands,0.391,9.816
2029,Annual,East Midlands,0.425,10.437
2030,Annual,East Midlands,0.447,8.913
2031,Annual,East Midlands,0.290,6.408
2032,Annual,East Midlands,0.370,9.417
2033,Annual,East Midlands,0.375,8.146
2034,Annual,East Midlands,0.387,9.252
2035,Annual,East Midlands,0.310,6.767
2036,Annual,East Midlands,0.295,5.476
2037,Annual,East Midlands,0.314,7.680
2038,Annual,East Midlands,0.405,11.680
2039,Annual,East Midlands,0.380,6.534
2040,Annual,East Midlands,0.297,6.903
2041,Annual,East Midlands,0.355,7.961
2042,Annual,East Midlands,0.390,10.718
2043,Annual,East Midlands,0.354,7.058
2044,Annual,East Midlands,0.309,6.825
2045,Annual,East Midlands,0.384,9.388
2046,Annual,East Midlands,0.317,7.825
2047,Annual,East Midlands,0.341,8.476
2048,Annual,East Midlands,0.326,9.660
2049,Annual,East Midlands,0.373,7.524
2050,Annual,East Midlands,0.338,6.291
2051,Annual,East Midlands,0.344,7.583
2052,Annual,East Midlands,0.343,6.883
2053,Annual,East Midlands,0.413,7.913
2054,Annual,East Midlands,0.345,8.252
2055,Annual,East Midlands,0.308,7.515
2056,Annual,East Midlands,0.340,8.981
2057,Annual,East Midlands,0.361,7.068
2058,Annual,East Midlands,0.356,7.990
2059,Annual,East Midlands,0.387,9.845
2060,Annual,East Midlands,0.290,5.340
2061,Annual,East Midlands,0.369,8.903
2062,Annual,East Midlands,0.355,8.097
2063,Annual,East Midlands,0.254,4.845
2064,Annual,East Midlands,0.364,10.971
2065,Annual,East Midlands,0.350,8.029
2066,Annual,East Midlands,0.378,8.447
2067,Annual,East Midlands,0.301,9.204
2068,Annual,East Midlands,0.371,11.204
2069,Annual,East Midlands,0.311,7.825
2070,Annual,East Midlands,0.274,6.942
2071,Annual,East Midlands,0.359,6.786
2072,Annual,East Midlands,0.345,6.194
2073,Annual,East Midlands,0.283,6.592
2074,Annual,East Midlands,0.373,7.515
2075,Annual,East Midlands,0.301,6.971
2076,Annual,East Midlands,0.251,6.854
2077,Annual,East Midlands,0.241,5.845
2078,Annual,East Midlands,0.337,7.728
2079,Annual,East Midlands,0.324,6.447
2080,Annual,East Midlands,0.289,7.049
1981,Annual,East of England,0.370,7.378
1982,Annual,East of England,0.339,8.614
1983,Annual,East of England,0.321,6.118
1984,Annual,East of England,0.376,8.598
1985,Annual,East of England,0.378,7.654
1986,Annual,East of England,0.329,7.102
1987,Annual,East of England,0.359,9.008
1988,Annual,East of England,0.387,7.008
1989,Annual,East of England,0.359,8.976
1990,Annual,East of England,0.293,8.039
1991,Annual,East of England,0.349,7.843
1992,Annual,East of England,0.374,7.157
1993,Annual,East of England,0.341,7.669
1994,Annual,East of England,0.355,8.378
1995,Annual,East of England,0.343,9.449
1996,Annual,East of England,0.365,8.756
1997,Annual,East of England,0.283,7.213
1998,Annual,East of England,0.374,6.016
1999,Annual,East of England,0.362,9.441
2000,Annual,East of England,0.376,7.701
2001,Annual,East of England,0.367,9.276
2002,Annual,East of England,0.253,6.213
2003,Annual,East of England,0.366,8.039
2004,Annual,East of England,0.307,8.661
2005,Annual,East of England,0.357,7.520
2006,Annual,East of England,0.434,8.472
2007,Annual,East of England,0.338,8.087
2008,Annual,East of England,0.326,8.268
2009,Annual,East of England,0.354,8.142
2010,Annual,East of England,0.427,11.654
2011,Annual,East of England,0.345,8.433
2012,Annual,East of England,0.372,8.472
2013,Annual,East of England,0.381,8.913
2014,Annual,East of England,0.385,7.386
2015,Annual,East of England,0.381,9.465
2016,Annual,East of England,0.379,6.961
2017,Annual,East of England,0.393,8.291
2018,Annual,East of England,0.334,8.181
2019,Annual,East of England,0.381,8.457
2020,Annual,East of England,0.378,6.630
2021,Annual,East of England,0.333,9.008
2022,Annual,East of England,0.312,6.866
2023,Annual,East of England,0.382,7.953
2024,Annual,East of England,0.317,7.669
2025,Annual,East of England,0.279,6.512
2026,Annual,East of England,0.329,7.622
2027,Annual,East of England,0.306,6.150
2028,Annual,East of England,0.382,9.575
2029,Annual,East of England,0.400,7.843
2030,Annual,East of England,0.412,11.118
2031,Annual,East of England,0.281,5.732
2032,Annual,East of England,0.368,8.417
2033,Annual,East of England,0.364,7.047
2034,Annual,East of England,0.374,11.055
2035,Annual,East of England,0.275,7.386
2036,Annual,East of England,0.293,5.260
2037,Annual,East of England,0.295,8.173
2038,Annual,East of England,0.380,8.795
2039,Annual,East of England,0.373,6.480
2040,Annual,East of England,0.286,6.441
2041,Annual,East of England,0.347,9.244
2042,Annual,East of England,0.361,10.685
2043,Annual,East of England,0.325,7.520
2044,Annual,East of England,0.317,7.291
2045,Annual,East of England,0.375,8.213
2046,Annual,East of England,0.292,6.992
2047,Annual,East of England,0.346,9.126
2048,Annual,East of England,0.307,8.567
2049,Annual,East of England,0.351,7.039
2050,Annual,East of England,0.338,6.685
2051,Annual,East of England,0.342,7.961
2052,Annual,East of England,0.344,6.457
2053,Annual,East of England,0.409,8.024
2054,Annual,East of England,0.323,7.898
2055,Annual,East of England,0.287,8.378
2056,Annual,East of England,0.307,6.646
2057,Annual,East of England,0.337,6.079
2058,Annual,East of England,0.345,8.197
2059,Annual,East of England,0.367,11.378
2060,Annual,East of England,0.291,7.425
2061,Annual,East of England,0.329,7.756
2062,Annual,East of England,0.354,10.858
2063,Annual,East of England,0.236,4.795
2064,Annual,East of England,0.320,9.165
2065,Annual,East of England,0.338,9.441
2066,Annual,East of England,0.332,7.953
2067,Annual,East of England,0.277,7.780
2068,Annual,East of England,0.343,9.811
2069,Annual,East of England,0.295,6.087
2070,Annual,East of England,0.266,6.835
2071,Annual,East of England,0.347,5.346
2072,Annual,East of England,0.330,5.803
2073,Annual,East of England,0.250,5.543
2074,Annual,East of England,0.348,7.772
2075,Annual,East of England,0.305,8.346
2076,Annual,East of England,0.229,7.189
2077,Annual,East of England,0.215,4.630
2078,Annual,East of England,0.352,7.906
2079,Annual,East of England,0.306,5.134
2080,Annual,East of England,0.263,6.409
1981,Annual,East Scotland,0.486,13.556
1982,Annual,East Scotland,0.469,13.825
1983,Annual,East Scotland,0.418,11.419
1984,Annual,East Scotland,0.513,13.869
1985,Annual,East Scotland,0.479,14.412
1986,Annual,East Scotland,0.420,9.669
1987,Annual,East Scotland,0.425,10.463
1988,Annual,East Scotland,0.527,16.394
1989,Annual,East Scotland,0.476,12.262
1990,Annual,East Scotland,0.386,8.844
1991,Annual,East Scotland,0.432,10.106
1992,Annual,East Scotland,0.481,11.562
1993,Annual,East Scotland,0.444,11.537
1994,Annual,East Scotland,0.441,11.219
1995,Annual,East Scotland,0.465,10.713
1996,Annual,East Scotland,0.481,11.219
1997,Annual,East Scotland,0.390,9.300
1998,Annual,East Scotland,0.465,11.006
1999,Annual,East Scotland,0.462,11.081
2000,Annual,East Scotland,0.437,12.750
2001,Annual,East Scotland,0.450,10.581
2002,Annual,East Scotland,0.372,9.963
2003,Annual,East Scotland,0.475,11.375
2004,Annual,East Scotland,0.418,12.262
2005,Annual,East Scotland,0.483,11.531
2006,Annual,East Scotland,0.466,9.125
2007,Annual,East Scotland,0.419,11.275
2008,Annual,East Scotland,0.446,10.919
2009,Annual,East Scotland,0.409,10.069
2010,Annual,East Scotland,0.522,14.844
2011,Annual,East Scotland,0.422,11.262
2012,Annual,East Scotland,0.505,10.650
2013,Annual,East Scotland,0.463,11.244
2014,Annual,East Scotland,0.448,11.125
2015,Annual,East Scotland,0.438,10.781
2016,Annual,East Scotland,0.455,11.231
2017,Annual,East Scotland,0.477,10.562
2018,Annual,East Scotland,0.484,12.819
2019,Annual,East Scotland,0.411,8.950
2020,Annual,East Scotland,0.535,13.450
2021,Annual,East Scotland,0.437,9.831
2022,Annual,East Scotland,0.439,12.119
2023,Annual,East Scotland,0.514,10.312
2024,Annual,East Scotland,0.413,12.238
2025,Annual,East Scotland,0.381,9.519
2026,Annual,East Scotland,0.435,9.950
2027,Annual,East Scotland,0.395,7.812
2028,Annual,East Scotland,0.421,7.750
2029,Annual,East Scotland,0.520,15.012
2030,Annual,East Scotland,0.487,10.219
2031,Annual,East Scotland,0.442,11.037
2032,Annual,East Scotland,0.454,10.125
2033,Annual,East Scotland,0.445,11.562
2034,Annual,East Scotland,0.477,13.206
2035,Annual,East Scotland,0.421,10.144
2036,Annual,East Scotland,0.427,10.756
2037,Annual,East Scotland,0.396,8.887
2038,Annual,East Scotland,0.505,12.619
2039,Annual,East Scotland,0.420,10.525
2040,Annual,East Scotland,0.386,9.031
2041,Annual,East Scotland,0.455,9.500
2042,Annual,East Scotland,0.489,13.244
2043,Annual,East Scotland,0.430,9.325
2044,Annual,East Scotland,0.435,9.762
2045,Annual,East Scotland,0.400,10.506
2046,Annual,East Scotland,0.430,9.775
2047,Annual,East Scotland,0.413,11.181
2048,Annual,East Scotland,0.454,11.006
2049,Annual,East Scotland,0.467,9.344
2050,Annual,East Scotland,0.454,11.562
2051,Annual,East Scotland,0.413,11.125
2052,Annual,East Scotland,0.357,7.938
2053,Annual,East Scotland,0.457,8.525
2054,Annual,East Scotland,0.383,9.975
2055,Annual,East Scotland,0.434,11.425
2056,Annual,East Scotland,0.410,7.987
2057,Annual,East Scotland,0.442,11.281
2058,Annual,East Scotland,0.438,11.506
2059,Annual,East Scotland,0.479,13.588
2060,Annual,East Scotland,0.383,9.506
2061,Annual,East Scotland,0.518,12.912
2062,Annual,East Scotland,0.396,11.581
2063,Annual,East Scotland,0.353,7.631
2064,Annual,East Scotland,0.466,10.713
2065,Annual,East Scotland,0.438,9.444
2066,Annual,East Scotland,0.439,9.738
2067,Annual,East Scotland,0.393,11.906
2068,Annual,East Scotland,0.460,13.125
2069,Annual,East Scotland,0.420,14.662
2070,Annual,East Scotland,0.395,11.262
2071,Annual,East Scotland,0.443,10.731
2072,Annual,East Scotland,0.422,9.450
2073,Annual,East Scotland,0.389,9.863
2074,Annual,East Scotland,0.455,10.931
2075,Annual,East Scotland,0.428,11.300
2076,Annual,East Scotland,0.356,8.125
2077,Annual,East Scotland,0.353,9.644
2078,Annual,East Scotland,0.445,10.588
2079,Annual,East Scotland,0.427,9.438
2080,Annual,East Scotland,0.398,12.250
1981,Annual,London,0.388,9.333
1982,Annual,London,0.337,7.333
1983,Annual,London,0.319,6.917
1984,Annual,London,0.356,9.417
1985,Annual,London,0.382,11.000
1986,Annual,London,0.344,7.167
1987,Annual,London,0.375,8.667
1988,Annual,London,0.390,10.083
1989,Annual,London,0.377,11.667
1990,Annual,London,0.322,7.833
1991,Annual,London,0.341,8.000
1992,Annual,London,0.382,7.833
1993,Annual,London,0.351,7.000
1994,Annual,London,0.351,7.667
1995,Annual,London,0.343,6.417
1996,Annual,London,0.392,7.833
1997,Annual,London,0.303,7.833
1998,Annual,London,0.399,6.833
1999,Annual,London,0.374,9.333
2000,Annual,London,0.395,7.083
2001,Annual,London,0.355,9.250
2002,Annual,London,0.240,5.833
2003,Annual,London,0.380,10.750
2004,Annual,London,0.311,9.333
2005,Annual,London,0.341,7.750
2006,Annual,London,0.454,8.750
2007,Annual,London,0.350,9.083
2008,Annual,London,0.307,7.667
2009,Annual,London,0.356,7.667
2010,Annual,London,0.437,10.750
2011,Annual,London,0.332,12.333
2012,Annual,London,0.391,10.000
2013,Annual,London,0.374,8.917
2014,Annual,London,0.366,7.000
2015,Annual,London,0.412,8.083
2016,Annual,London,0.366,7.500
2017,Annual,London,0.423,9.000
2018,Annual,London,0.344,10.167
2019,Annual,London,0.376,7.333
2020,Annual,London,0.387,6.917
2021,Annual,London,0.343,10.000
2022,Annual,London,0.304,7.000
2023,Annual,London,0.403,11.750
2024,Annual,London,0.344,9.167
2025,Annual,London,0.292,6.333
2026,Annual,London,0.320,10.167
2027,Annual,London,0.292,6.083
2028,Annual,London,0.381,11.417
2029,Annual,London,0.405,8.000
2030,Annual,London,0.402,10.417
2031,Annual,London,0.299,7.000
2032,Annual,London,0.369,7.917
2033,Annual,London,0.378,7.417
2034,Annual,London,0.360,13.833
2035,Annual,London,0.308,8.167
2036,Annual,London,0.306,5.750
2037,Annual,London,0.300,8.750
2038,Annual,London,0.388,10.917
2039,Annual,London,0.375,5.750
2040,Annual,London,0.306,7.417
2041,Annual,London,0.331,7.500
2042,Annual,London,0.369,10.500
2043,Annual,London,0.316,6.500
2044,Annual,London,0.337,8.500
2045,Annual,London,0.381,13.500
2046,Annual,London,0.302,6.583
2047,Annual,London,0.349,8.500
2048,Annual,London,0.291,9.250
2049,Annual,London,0.338,6.917
2050,Annual,London,0.357,6.250
2051,Annual,London,0.359,9.083
2052,Annual,London,0.366,6.667
2053,Annual,London,0.401,8.500
2054,Annual,London,0.305,10.917
2055,Annual,London,0.293,8.667
2056,Annual,London,0.307,6.667
2057,Annual,London,0.335,7.167
2058,Annual,London,0.327,6.833
2059,Annual,London,0.346,8.583
2060,Annual,London,0.280,6.583
2061,Annual,London,0.335,8.750
2062,Annual,London,0.372,10.000
2063,Annual,London,0.236,5.083
2064,Annual,London,0.326,9.417
2065,Annual,London,0.322,9.667
2066,Annual,London,0.320,7.833
2067,Annual,London,0.271,5.417
2068,Annual,London,0.366,8.833
2069,Annual,London,0.293,7.000
2070,Annual,London,0.273,7.583
2071,Annual,London,0.347,5.917
2072,Annual,London,0.339,7.167
2073,Annual,London,0.270,5.583
2074,Annual,London,0.326,5.917
2075,Annual,London,0.293,6.917
2076,Annual,London,0.237,7.083
2077,Annual,London,0.192,4.833
2078,Annual,London,0.331,6.667
2079,Annual,London,0.304,5.667
2080,Annual,London,0.288,8.250
1981,Annual,North East England,0.464,13.912
1982,Annual,North East England,0.412,10.807
1983,Annual,North East England,0.355,9.298
1984,Annual,North East England,0.489,10.544
1985,Annual,North East England,0.457,10.842
1986,Annual,North East England,0.381,7.632
1987,Annual,North East England,0.365,8.368
1988,Annual,North East England,0.482,10.807
1989,Annual,North East England,0.430,10.807
1990,Annual,North East England,0.324,8.614
1991,Annual,North East England,0.435,9.474
1992,Annual,North East England,0.454,8.842
1993,Annual,North East England,0.408,11.789
1994,Annual,North East England,0.432,9.404
1995,Annual,North East England,0.433,10.421
1996,Annual,North East England,0.466,10.702
1997,Annual,North East England,0.349,12.404
1998,Annual,North East England,0.421,10.298
1999,Annual,North East England,0.395,9.158
2000,Annual,North East England,0.407,8.965
2001,Annual,North East England,0.424,9.649
2002,Annual,North East England,0.299,7.789
2003,Annual,North East England,0.438,8.772
2004,Annual,North East England,0.397,12.632
2005,Annual,North East England,0.439,8.842
2006,Annual,North East England,0.464,9.632
2007,Annual,North East England,0.409,14.386
2008,Annual,North East England,0.381,8.456
2009,Annual,North East England,0.389,9.088
2010,Annual,North East England,0.476,11.789
2011,Annual,North East England,0.383,9.123
2012,Annual,North East England,0.464,8.877
2013,Annual,North East England,0.426,10.491
2014,Annual,North East England,0.429,8.140
2015,Annual,North East England,0.397,9.509
2016,Annual,North East England,0.403,7.456
2017,Annual,North East England,0.418,7.105
2018,Annual,North East England,0.423,10.316
2019,Annual,North East England,0.422,9.632
2020,Annual,North East England,0.458,11.316
2021,Annual,North East England,0.417,8.807
2022,Annual,North East England,0.399,8.509
2023,Annual,North East England,0.450,9.895
2024,Annual,North East England,0.348,10.018
2025,Annual,North East England,0.363,7.561
2026,Annual,North East England,0.423,12.035
2027,Annual,North East England,0.356,7.123
2028,Annual,North East England,0.390,10.386
2029,Annual,North East England,0.446,11.228
2030,Annual,North East England,0.471,9.298
2031,Annual,North East England,0.373,10.140
2032,Annual,North East England,0.406,9.053
2033,Annual,North East England,0.407,7.842
2034,Annual,North East England,0.445,12.316
2035,Annual,North East England,0.361,8.316
2036,Annual,North East England,0.368,8.105
2037,Annual,North East England,0.345,7.579
2038,Annual,North East England,0.446,9.070
2039,Annual,North East England,0.399,9.193
2040,Annual,North East England,0.333,6.947
2041,Annual,North East England,0.386,7.667
2042,Annual,North East England,0.424,11.281
2043,Annual,North East England,0.386,7.526
2044,Annual,North East England,0.359,7.474
2045,Annual,North East England,0.387,11.351
2046,Annual,North East England,0.356,7.632
2047,Annual,North East England,0.387,10.281
2048,Annual,North East England,0.397,8.456
2049,Annual,North East England,0.410,10.053
2050,Annual,North East England,0.401,8.754
2051,Annual,North East England,0.384,8.860
2052,Annual,North East England,0.330,6.614
2053,Annual,North East England,0.456,7.737
2054,Annual,North East England,0.365,8.421
2055,Annual,North East England,0.373,10.632
2056,Annual,North East England,0.365,7.246
2057,Annual,North East England,0.401,8.123
2058,Annual,North East England,0.372,10.632
2059,Annual,North East England,0.469,10.860
2060,Annual,North East England,0.335,6.211
2061,Annual,North East England,0.452,12.526
2062,Annual,North East England,0.359,11.474
2063,Annual,North East England,0.316,7.491
2064,Annual,North East England,0.419,11.947
2065,Annual,North East England,0.372,9.000
2066,Annual,North East England,0.461,10.632
2067,Annual,North East England,0.361,10.404
2068,Annual,North East England,0.426,11.807
2069,Annual,North East England,0.358,8.930
2070,Annual,North East England,0.331,9.368
2071,Annual,North East England,0.384,8.544
2072,Annual,North East England,0.400,8.088
2073,Annual,North East England,0.325,8.193
2074,Annual,North East England,0.407,8.632
2075,Annual,North East England,0.371,10.105
2076,Annual,North East England,0.325,7.737
2077,Annual,North East England,0.294,7.579
2078,Annual,North East England,0.391,9.561
2079,Annual,North East England,0.368,7.123
2080,Annual,North East England,0.328,8.246
1981,Annual,North Scotland,0.543,11.920
1982,Annual,North Scotland,0.607,18.481
1983,Annual,North Scotland,0.514,15.627
1984,Annual,North Scotland,0.577,18.821
1985,Annual,North Scotland,0.505,12.703
1986,Annual,North Scotland,0.538,13.203
1987,Annual,North Scotland,0.501,15.868
1988,Annual,North Scotland,0.576,14.618
1989,Annual,North Scotland,0.565,16.047
1990,Annual,North Scotland,0.478,11.585
1991,Annual,North Scotland,0.521,13.448
1992,Annual,North Scotland,0.559,16.642
1993,Annual,North Scotland,0.531,19.830
1994,Annual,North Scotland,0.473,14.208
1995,Annual,North Scotland,0.532,14.566
1996,Annual,North Scotland,0.526,17.764
1997,Annual,North Scotland,0.533,15.292
1998,Annual,North Scotland,0.523,19.193
1999,Annual,North Scotland,0.493,11.552
2000,Annual,North Scotland,0.483,15.146
2001,Annual,North Scotland,0.551,14.816
2002,Annual,North Scotland,0.505,13.382
2003,Annual,North Scotland,0.583,17.500
2004,Annual,North Scotland,0.502,15.189
2005,Annual,North Scotland,0.582,15.646
2006,Annual,North Scotland,0.528,11.807
2007,Annual,North Scotland,0.535,15.382
2008,Annual,North Scotland,0.566,16.708
2009,Annual,North Scotland,0.483,11.307
2010,Annual,North Scotland,0.572,17.335
2011,Annual,North Scotland,0.473,10.538
2012,Annual,North Scotland,0.558,13.392
2013,Annual,North Scotland,0.512,13.255
2014,Annual,North Scotland,0.533,13.590
2015,Annual,North Scotland,0.510,15.151
2016,Annual,North Scotland,0.555,15.123
2017,Annual,North Scotland,0.559,16.156
2018,Annual,North Scotland,0.588,19.458
2019,Annual,North Scotland,0.481,10.542
2020,Annual,North Scotland,0.591,18.274
2021,Annual,North Scotland,0.454,13.392
2022,Annual,North Scotland,0.545,17.840
2023,Annual,North Scotland,0.540,14.028
2024,Annual,North Scotland,0.522,15.363
2025,Annual,North Scotland,0.472,11.222
2026,Annual,North Scotland,0.530,12.590
2027,Annual,North Scotland,0.500,12.811
2028,Annual,North Scotland,0.547,11.259
2029,Annual,North Scotland,0.539,17.241
2030,Annual,North Scotland,0.503,11.208
2031,Annual,North Scotland,0.572,14.071
2032,Annual,North Scotland,0.587,16.184
2033,Annual,North Scotland,0.541,15.302
2034,Annual,North Scotland,0.547,13.406
2035,Annual,North Scotland,0.539,16.599
2036,Annual,North Scotland,0.558,14.953
2037,Annual,North Scotland,0.525,13.892
2038,Annual,North Scotland,0.580,15.222
2039,Annual,North Scotland,0.527,12.925
2040,Annual,North Scotland,0.480,13.986
2041,Annual,North Scotland,0.573,15.024
2042,Annual,North Scotland,0.575,14.038
2043,Annual,North Scotland,0.550,15.759
2044,Annual,North Scotland,0.500,12.024
2045,Annual,North Scotland,0.487,14.028
2046,Annual,North Scotland,0.521,16.410
2047,Annual,North Scotland,0.500,14.651
2048,Annual,North Scotland,0.578,15.533
2049,Annual,North Scotland,0.578,12.632
2050,Annual,North Scotland,0.542,14.132
2051,Annual,North Scotland,0.499,12.778
2052,Annual,North Scotland,0.405,9.764
2053,Annual,North Scotland,0.512,13.066
2054,Annual,North Scotland,0.444,11.679
2055,Annual,North Scotland,0.514,15.146
2056,Annual,North Scotland,0.531,12.075
2057,Annual,North Scotland,0.562,13.453
2058,Annual,North Scotland,0.554,16.297
2059,Annual,North Scotland,0.590,15.057
2060,Annual,North Scotland,0.486,13.528
2061,Annual,North Scotland,0.592,15.278
2062,Annual,North Scotland,0.436,11.774
2063,Annual,North Scotland,0.494,12.486
2064,Annual,North Scotland,0.571,14.599
2065,Annual,North Scotland,0.480,11.066
2066,Annual,North Scotland,0.505,13.401
2067,Annual,North Scotland,0.521,13.962
2068,Annual,North Scotland,0.504,13.547
2069,Annual,North Scotland,0.512,14.472
2070,Annual,North Scotland,0.496,13.981
2071,Annual,North Scotland,0.541,15.259
2072,Annual,North Scotland,0.536,13.557
2073,Annual,North Scotland,0.468,12.175
2074,Annual,North Scotland,0.599,16.759
2075,Annual,North Scotland,0.494,13.882
2076,Annual,North Scotland,0.452,11.929
2077,Annual,North Scotland,0.523,14.745
2078,Annual,North Scotland,0.543,16.467
2079,Annual,North Scotland,0.515,12.118
2080,Annual,North Scotland,0.514,17.019
1981,Annual,North West England,0.494,13.978
1982,Annual,North West England,0.533,12.871
1983,Annual,North West England,0.437,13.387
1984,Annual,North West England,0.528,13.828
1985,Annual,North West England,0.485,10.226
1986,Annual,North West England,0.469,13.613
1987,Annual,North West England,0.474,14.172
1988,Annual,North West England,0.574,13.000
1989,Annual,North West England,0.505,14.419
1990,Annual,North West England,0.425,12.409
1991,Annual,North West England,0.456,12.183
1992,Annual,North West England,0.518,11.462
1993,Annual,North West England,0.498,15.097
1994,Annual,North West England,0.453,10.946
1995,Annual,North West England,0.488,14.269
1996,Annual,North West England,0.522,12.161
1997,Annual,North West England,0.430,11.720
1998,Annual,North West England,0.517,14.978
1999,Annual,North West England,0.473,10.140
2000,Annual,North West England,0.488,13.204
2001,Annual,North West England,0.516,15.290
2002,Annual,North West England,0.386,9.860
2003,Annual,North West England,0.526,15.366
2004,Annual,North West England,0.425,16.183
2005,Annual,North West England,0.503,13.667
2006,Annual,North West England,0.491,11.774
2007,Annual,North West England,0.458,19.290
2008,Annual,North West England,0.476,14.140
2009,Annual,North West England,0.437,10.409
2010,Annual,North West England,0.543,20.247
2011,Annual,North West England,0.425,13.430
2012,Annual,North West England,0.542,12.495
2013,Annual,North West England,0.527,13.989
2014,Annual,North West England,0.502,12.183
2015,Annual,North West England,0.487,18.151
2016,Annual,North West England,0.492,12.376
2017,Annual,North West England,0.521,13.032
2018,Annual,North West England,0.528,15.978
2019,Annual,North West England,0.420,11.075
2020,Annual,North West England,0.565,14.548
2021,Annual,North West England,0.427,10.731
2022,Annual,North West England,0.459,17.086
2023,Annual,North West England,0.523,13.849
2024,Annual,North West England,0.449,13.355
2025,Annual,North West England,0.432,10.925
2026,Annual,North West England,0.501,13.129
2027,Annual,North West England,0.446,13.172
2028,Annual,North West England,0.506,12.194
2029,Annual,North West England,0.509,14.462
2030,Annual,North West England,0.533,10.796
2031,Annual,North West England,0.482,13.989
2032,Annual,North West England,0.550,20.172
2033,Annual,North West England,0.541,13.645
2034,Annual,North West England,0.505,17.118
2035,Annual,North West England,0.430,11.806
2036,Annual,North West England,0.436,9.290
2037,Annual,North West England,0.448,9.441
2038,Annual,North West England,0.531,13.731
2039,Annual,North West England,0.488,13.398
2040,Annual,North West England,0.397,8.817
2041,Annual,North West England,0.466,10.602
2042,Annual,North West England,0.552,18.935
2043,Annual,North West England,0.492,14.215
2044,Annual,North West England,0.425,8.538
2045,Annual,North West England,0.446,13.763
2046,Annual,North West England,0.455,12.441
2047,Annual,North West England,0.478,15.022
2048,Annual,North West England,0.510,14.108
2049,Annual,North West England,0.533,12.043
2050,Annual,North West England,0.473,13.538
2051,Annual,North West England,0.450,11.538
2052,Annual,North West England,0.401,8.452
2053,Annual,North West England,0.506,13.602
2054,Annual,North West England,0.418,11.140
2055,Annual,North West England,0.414,12.366
2056,Annual,North West England,0.476,14.151
2057,Annual,North West England,0.496,13.989
2058,Annual,North West England,0.493,12.000
2059,Annual,North West England,0.514,12.656
2060,Annual,North West England,0.417,11.129
2061,Annual,North West England,0.540,14.925
2062,Annual,North West England,0.422,11.731
2063,Annual,North West England,0.372,8.624
2064,Annual,North West England,0.521,16.333
2065,Annual,North West England,0.387,11.054
2066,Annual,North West England,0.454,11.656
2067,Annual,North West England,0.427,14.677
2068,Annual,North West England,0.494,23.935
2069,Annual,North West England,0.441,12.505
2070,Annual,North West England,0.413,11.237
2071,Annual,North West England,0.510,20.699
2072,Annual,North West England,0.491,12.602
2073,Annual,North West England,0.392,10.022
2074,Annual,North West England,0.541,13.710
2075,Annual,North West England,0.416,9.527
2076,Annual,North West England,0.379,9.000
2077,Annual,North West England,0.380,13.108
2078,Annual,North West England,0.474,16.430
2079,Annual,North West England,0.434,9.613
2080,Annual,North West England,0.393,15.237
1981,Annual,South East England,0.401,9.102
1982,Annual,South East England,0.348,8.237
1983,Annual,South East England,0.323,8.424
1984,Annual,South East England,0.339,7.949
1985,Annual,South East England,0.376,12.178
1986,Annual,South East England,0.343,7.500
1987,Annual,South East England,0.367,10.449
1988,Annual,South East England,0.402,9.780
1989,Annual,South East England,0.374,10.610
1990,Annual,South East England,0.326,8.475
1991,Annual,South East England,0.334,7.644
1992,Annual,South East England,0.402,9.085
1993,Annual,South East England,0.337,7.424
1994,Annual,South East England,0.351,8.441
1995,Annual,South East England,0.340,8.585
1996,Annual,South East England,0.388,8.898
1997,Annual,South East England,0.303,8.415
1998,Annual,South East England,0.392,8.356
1999,Annual,South East England,0.381,10.653
2000,Annual,South East England,0.412,10.720
2001,Annual,South East England,0.373,9.525
2002,Annual,South East England,0.237,6.856
2003,Annual,South East England,0.378,10.263
2004,Annual,South East England,0.309,8.788
2005,Annual,South East England,0.344,7.034
2006,Annual,South East England,0.442,9.585
2007,Annual,South East England,0.341,9.034
2008,Annual,South East England,0.328,8.059
2009,Annual,South East England,0.351,7.466
2010,Annual,South East England,0.432,12.127
2011,Annual,South East England,0.335,10.847
2012,Annual,South East England,0.394,9.627
2013,Annual,South East England,0.370,10.136
2014,Annual,South East England,0.368,7.805
2015,Annual,South East England,0.406,10.398
2016,Annual,South East England,0.349,7.517
2017,Annual,South East England,0.414,10.814
2018,Annual,South East England,0.370,10.669
2019,Annual,South East England,0.374,7.847
2020,Annual,South East England,0.398,7.246
2021,Annual,South East England,0.340,9.805
2022,Annual,South East England,0.312,8.203
2023,Annual,South East England,0.411,13.390
2024,Annual,South East England,0.331,12.178
2025,Annual,South East England,0.293,6.729
2026,Annual,South East England,0.325,9.492
2027,Annual,South East England,0.314,6.890
2028,Annual,South East England,0.394,11.034
2029,Annual,South East England,0.408,9.678
2030,Annual,South East England,0.418,10.958
2031,Annual,South East England,0.284,6.356
2032,Annual,South East England,0.375,8.475
2033,Annual,South East England,0.374,7.314
2034,Annual,South East England,0.358,13.686
2035,Annual,South East England,0.308,10.932
2036,Annual,South East England,0.302,6.805
2037,Annual,South East England,0.304,8.890
2038,Annual,South East England,0.377,9.322
2039,Annual,South East England,0.375,7.390
2040,Annual,South East England,0.288,7.102
2041,Annual,South East England,0.323,8.932
2042,Annual,South East England,0.369,10.508
2043,Annual,South East England,0.326,8.373
2044,Annual,South East England,0.319,7.449
2045,Annual,South East England,0.366,15.025
2046,Annual,South East England,0.312,7.220
2047,Annual,South East England,0.348,9.703
2048,Annual,South East England,0.289,6.975
2049,Annual,South East England,0.352,7.492
2050,Annual,South East England,0.357,7.576
2051,Annual,South East England,0.360,8.136
2052,Annual,South East England,0.361,7.542
2053,Annual,South East England,0.399,8.398
2054,Annual,South East England,0.308,10.000
2055,Annual,South East England,0.285,7.534
2056,Annual,South East England,0.317,8.398
2057,Annual,South East England,0.348,8.025
2058,Annual,South East England,0.325,7.195
2059,Annual,South East England,0.338,7.839
2060,Annual,South East England,0.266,5.890
2061,Annual,South East England,0.349,8.907
2062,Annual,South East England,0.372,12.102
2063,Annual,South East England,0.238,5.924
2064,Annual,South East England,0.328,9.559
2065,Annual,South East England,0.322,10.381
2066,Annual,South East England,0.323,8.890
2067,Annual,South East England,0.283,6.203
2068,Annual,South East England,0.357,10.364
2069,Annual,South East England,0.306,7.924
2070,Annual,South East England,0.274,7.525
2071,Annual,South East England,0.344,5.720
2072,Annual,South East England,0.339,6.627
2073,Annual,South East England,0.277,6.636
2074,Annual,South East England,0.320,7.466
2075,Annual,South East England,0.290,6.949
2076,Annual,South East England,0.232,7.424
2077,Annual,South East England,0.210,5.551
2078,Annual,South East England,0.331,8.576
2079,Annual,South East England,0.304,6.568
2080,Annual,South East England,0.284,8.449
1981,Annual,South West England,0.452,13.942
1982,Annual,South West England,0.376,9.840
1983,Annual,South West England,0.347,9.115
1984,Annual,South West England,0.383,9.481
1985,Annual,South West England,0.418,11.372
1986,Annual,South West England,0.370,7.981
1987,Annual,South West England,0.376,10.147
1988,Annual,South West England,0.458,11.712
1989,Annual,South West England,0.411,10.603
1990,Annual,South West England,0.351,10.122
1991,Annual,South West England,0.361,8.686
1992,Annual,South West England,0.437,8.641
1993,Annual,South West England,0.362,9.173
1994,Annual,South West England,0.375,9.660
1995,Annual,South West England,0.373,8.128
1996,Annual,South West England,0.437,10.359
1997,Annual,South West England,0.342,7.314
1998,Annual,South West England,0.434,10.571
1999,Annual,South West England,0.425,10.596
2000,Annual,South West England,0.423,9.224
2001,Annual,South West England,0.408,10.269
2002,Annual,South West England,0.260,7.808
2003,Annual,South West England,0.407,12.538
2004,Annual,South West England,0.319,10.449
2005,Annual,South West England,0.392,9.071
2006,Annual,South West England,0.462,13.462
2007,Annual,South West England,0.394,10.917
2008,Annual,South West England,0.372,9.103
2009,Annual,South West England,0.373,7.942
2010,Annual,South West England,0.468,14.077
2011,Annual,South West England,0.373,11.500
2012,Annual,South West England,0.407,10.590
2013,Annual,South West England,0.406,9.808
2014,Annual,South West England,0.388,11.923
2015,Annual,South West England,0.426,12.923
2016,Annual,South West England,0.379,8.250
2017,Annual,South West England,0.436,10.917
2018,Annual,South West England,0.407,10.103
2019,Annual,South West England,0.381,7.654
2020,Annual,South West England,0.455,9.013
2021,Annual,South West England,0.367,9.244
2022,Annual,South West England,0.337,8.942
2023,Annual,South West England,0.452,12.609
2024,Annual,South West England,0.340,12.705
2025,Annual,South West England,0.349,9.500
2026,Annual,South West England,0.369,10.891
2027,Annual,South West England,0.369,8.718
2028,Annual,South West England,0.427,10.019
2029,Annual,South West England,0.445,12.545
2030,Annual,South West England,0.464,10.186
2031,Annual,South West England,0.328,8.942
2032,Annual,South West England,0.420,10.256
2033,Annual,South West England,0.406,8.942
2034,Annual,South West England,0.372,14.321
2035,Annual,South West England,0.336,10.410
2036,Annual,South West England,0.337,8.596
2037,Annual,South West England,0.369,11.179
2038,Annual,South West England,0.423,10.263
2039,Annual,South West England,0.385,9.071
2040,Annual,South West England,0.325,10.269
2041,Annual,South West England,0.332,7.115
2042,Annual,South West England,0.409,10.109
2043,Annual,South West England,0.368,9.083
2044,Annual,South West England,0.345,10.564
2045,Annual,South West England,0.369,13.917
2046,Annual,South West England,0.348,8.782
2047,Annual,South West England,0.383,10.218
2048,Annual,South West England,0.332,8.071
2049,Annual,South West England,0.407,9.500
2050,Annual,South West England,0.376,11.051
2051,Annual,South West England,0.379,12.641
2052,Annual,South West England,0.391,8.179
2053,Annual,South West England,0.432,11.006
2054,Annual,South West England,0.347,11.019
2055,Annual,South West England,0.296,6.827
2056,Annual,South West England,0.364,12.295
2057,Annual,South West England,0.376,8.872
2058,Annual,South West England,0.349,7.737
2059,Annual,South West England,0.372,8.077
2060,Annual,South West England,0.280,6.327
2061,Annual,South West England,0.405,11.051
2062,Annual,South West England,0.384,12.071
2063,Annual,South West England,0.255,6.404
2064,Annual,South West England,0.369,9.423
2065,Annual,South West England,0.343,10.340
2066,Annual,South West England,0.348,11.506
2067,Annual,South West England,0.307,7.724
2068,Annual,South West England,0.406,11.321
2069,Annual,South West England,0.338,10.359
2070,Annual,South West England,0.301,7.872
2071,Annual,South West England,0.383,9.160
2072,Annual,South West England,0.355,8.538
2073,Annual,South West England,0.333,9.212
2074,Annual,South West England,0.364,7.224
2075,Annual,South West England,0.308,6.942
2076,Annual,South West England,0.266,7.731
2077,Annual,South West England,0.248,6.071
2078,Annual,South West England,0.370,11.359
2079,Annual,South West England,0.368,9.583
2080,Annual,South West England,0.305,9.474
1981,Annual,West Midlands,0.416,9.942
1982,Annual,West Midlands,0.354,9.279
1983,Annual,West Midlands,0.326,7.930
1984,Annual,West Midlands,0.391,10.081
1985,Annual,West Midlands,0.402,8.430
1986,Annual,West Midlands,0.324,7.616
1987,Annual,West Midlands,0.333,7.686
1988,Annual,West Midlands,0.445,9.128
1989,Annual,West Midlands,0.382,9.465
1990,Annual,West Midlands,0.314,8.384
1991,Annual,West Midlands,0.354,7.163
1992,Annual,West Midlands,0.407,7.314
1993,Annual,West Midlands,0.358,8.674
1994,Annual,West Midlands,0.371,9.047
1995,Annual,West Midlands,0.362,8.267
1996,Annual,West Midlands,0.404,8.372
1997,Annual,West Midlands,0.301,7.395
1998,Annual,West Midlands,0.393,9.500
1999,Annual,West Midlands,0.385,8.558
2000,Annual,West Midlands,0.375,7.837
2001,Annual,West Midlands,0.406,8.407
2002,Annual,West Midlands,0.238,6.093
2003,Annual,West Midlands,0.388,8.070
2004,Annual,West Midlands,0.302,7.965
2005,Annual,West Midlands,0.347,7.279
2006,Annual,West Midlands,0.431,10.326
2007,Annual,West Midlands,0.357,8.616
2008,Annual,West Midlands,0.334,7.535
2009,Annual,West Midlands,0.357,6.349
2010,Annual,West Midlands,0.454,16.826
2011,Annual,West Midlands,0.348,10.453
2012,Annual,West Midlands,0.391,7.814
2013,Annual,West Midlands,0.382,7.721
2014,Annual,West Midlands,0.384,9.895
2015,Annual,West Midlands,0.385,12.674
2016,Annual,West Midlands,0.373,6.884
2017,Annual,West Midlands,0.415,9.547
2018,Annual,West Midlands,0.352,7.837
2019,Annual,West Midlands,0.359,7.105
2020,Annual,West Midlands,0.405,6.930
2021,Annual,West Midlands,0.354,8.430
2022,Annual,West Midlands,0.320,10.105
2023,Annual,West Midlands,0.414,12.209
2024,Annual,West Midlands,0.330,9.140
2025,Annual,West Midlands,0.317,9.919
2026,Annual,West Midlands,0.342,11.337
2027,Annual,West Midlands,0.308,5.953
2028,Annual,West Midlands,0.388,11.093
2029,Annual,West Midlands,0.411,9.779
2030,Annual,West Midlands,0.437,7.791
2031,Annual,West Midlands,0.289,6.407
2032,Annual,West Midlands,0.384,9.337
2033,Annual,West Midlands,0.386,9.116
2034,Annual,West Midlands,0.376,14.070
2035,Annual,West Midlands,0.320,7.523
2036,Annual,West Midlands,0.309,6.105
2037,Annual,West Midlands,0.336,8.023
2038,Annual,West Midlands,0.404,10.105
2039,Annual,West Midlands,0.374,7.244
2040,Annual,West Midlands,0.318,6.837
2041,Annual,West Midlands,0.321,6.849
2042,Annual,West Midlands,0.399,11.116
2043,Annual,West Midlands,0.350,7.837
2044,Annual,West Midlands,0.320,6.047
2045,Annual,West Midlands,0.380,9.593
2046,Annual,West Midlands,0.314,6.233
2047,Annual,West Midlands,0.350,9.128
2048,Annual,West Midlands,0.307,7.895
2049,Annual,West Midlands,0.370,7.698
2050,Annual,West Midlands,0.346,8.267
2051,Annual,West Midlands,0.380,9.744
2052,Annual,West Midlands,0.357,7.116
2053,Annual,West Midlands,0.412,8.488
2054,Annual,West Midlands,0.337,7.581
2055,Annual,West Midlands,0.306,7.767
2056,Annual,West Midlands,0.333,10.407
2057,Annual,West Midlands,0.353,7.000
2058,Annual,West Midlands,0.340,6.814
2059,Annual,West Midlands,0.370,8.058
2060,Annual,West Midlands,0.277,5.140
2061,Annual,West Midlands,0.378,8.884
2062,Annual,West Midlands,0.363,10.547
2063,Annual,West Midlands,0.244,4.709
2064,Annual,West Midlands,0.358,11.105
2065,Annual,West Midlands,0.335,7.547
2066,Annual,West Midlands,0.371,9.256
2067,Annual,West Midlands,0.285,7.233
2068,Annual,West Midlands,0.382,8.919
2069,Annual,West Midlands,0.327,7.442
2070,Annual,West Midlands,0.279,7.128
2071,Annual,West Midlands,0.348,6.384
2072,Annual,West Midlands,0.337,6.256
2073,Annual,West Midlands,0.289,8.826
2074,Annual,West Midlands,0.369,7.244
2075,Annual,West Midlands,0.290,6.500
2076,Annual,West Midlands,0.255,6.674
2077,Annual,West Midlands,0.231,7.791
2078,Annual,West Midlands,0.348,11.256
2079,Annual,West Midlands,0.336,6.930
2080,Annual,West Midlands,0.288,7.535
1981,Annual,West Scotland,0.517,17.258
1982,Annual,West Scotland,0.572,14.205
1983,Annual,West Scotland,0.478,12.409
1984,Annual,West Scotland,0.559,14.167
1985,Annual,West Scotland,0.514,13.288
1986,Annual,West Scotland,0.493,12.341
1987,Annual,West Scotland,0.512,15.409
1988,Annual,West Scotland,0.583,13.848
1989,Annual,West Scotland,0.552,15.197
1990,Annual,West Scotland,0.486,12.758
1991,Annual,West Scotland,0.473,12.295
1992,Annual,West Scotland,0.532,11.500
1993,Annual,West Scotland,0.538,16.689
1994,Annual,West Scotland,0.448,11.644
1995,Annual,West Scotland,0.525,15.432
1996,Annual,West Scotland,0.520,13.205
1997,Annual,West Scotland,0.477,12.326
1998,Annual,West Scotland,0.535,16.689
1999,Annual,West Scotland,0.511,12.159
2000,Annual,West Scotland,0.496,13.962
2001,Annual,West Scotland,0.537,12.045
2002,Annual,West Scotland,0.437,10.280
2003,Annual,West Scotland,0.566,16.023
2004,Annual,West Scotland,0.451,14.106
2005,Annual,West Scotland,0.540,14.000
2006,Annual,West Scotland,0.479,10.212
2007,Annual,West Scotland,0.475,16.273
2008,Annual,West Scotland,0.537,12.697
2009,Annual,West Scotland,0.463,11.568
2010,Annual,West Scotland,0.559,17.159
2011,Annual,West Scotland,0.461,11.818
2012,Annual,West Scotland,0.580,14.568
2013,Annual,West Scotland,0.539,13.447
2014,Annual,West Scotland,0.496,14.068
2015,Annual,West Scotland,0.516,16.773
2016,Annual,West Scotland,0.531,13.652
2017,Annual,West Scotland,0.548,13.455
2018,Annual,West Scotland,0.571,16.136
2019,Annual,West Scotland,0.421,9.053
2020,Annual,West Scotland,0.606,16.780
2021,Annual,West Scotland,0.462,11.439
2022,Annual,West Scotland,0.515,14.962
2023,Annual,West Scotland,0.570,12.318
2024,Annual,West Scotland,0.503,14.742
2025,Annual,West Scotland,0.463,11.644
2026,Annual,West Scotland,0.521,15.212
2027,Annual,West Scotland,0.472,11.515
2028,Annual,West Scotland,0.518,10.992
2029,Annual,West Scotland,0.564,16.659
2030,Annual,West Scotland,0.525,12.030
2031,Annual,West Scotland,0.549,13.303
2032,Annual,West Scotland,0.589,15.977
2033,Annual,West Scotland,0.558,19.545
2034,Annual,West Scotland,0.534,15.652
2035,Annual,West Scotland,0.500,13.561
2036,Annual,West Scotland,0.488,12.364
2037,Annual,West Scotland,0.479,11.197
2038,Annual,West Scotland,0.559,14.947
2039,Annual,West Scotland,0.507,11.152
2040,Annual,West Scotland,0.454,9.902
2041,Annual,West Scotland,0.527,11.985
2042,Annual,West Scotland,0.595,16.121
2043,Annual,West Scotland,0.542,14.409
2044,Annual,West Scotland,0.487,10.394
2045,Annual,West Scotland,0.462,13.053
2046,Annual,West Scotland,0.511,15.902
2047,Annual,West Scotland,0.503,15.970
2048,Annual,West Scotland,0.560,19.000
2049,Annual,West Scotland,0.588,12.424
2050,Annual,West Scotland,0.534,14.394
2051,Annual,West Scotland,0.448,10.970
2052,Annual,West Scotland,0.382,7.977
2053,Annual,West Scotland,0.479,11.583
2054,Annual,West Scotland,0.423,10.621
2055,Annual,West Scotland,0.470,12.280
2056,Annual,West Scotland,0.509,12.902
2057,Annual,West Scotland,0.537,14.258
2058,Annual,West Scotland,0.517,11.818
2059,Annual,West Scotland,0.536,11.439
2060,Annual,West Scotland,0.455,11.356
2061,Annual,West Scotland,0.602,14.545
2062,Annual,West Scotland,0.424,11.750
2063,Annual,West Scotland,0.442,11.758
2064,Annual,West Scotland,0.547,15.265
2065,Annual,West Scotland,0.453,10.500
2066,Annual,West Scotland,0.451,11.636
2067,Annual,West Scotland,0.467,13.970
2068,Annual,West Scotland,0.504,22.280
2069,Annual,West Scotland,0.499,14.492
2070,Annual,West Scotland,0.489,13.818
2071,Annual,West Scotland,0.546,17.023
2072,Annual,West Scotland,0.524,14.068
2073,Annual,West Scotland,0.440,11.311
2074,Annual,West Scotland,0.565,13.083
2075,Annual,West Scotland,0.463,11.917
2076,Annual,West Scotland,0.430,10.341
2077,Annual,West Scotland,0.449,13.114
2078,Annual,West Scotland,0.523,15.417
2079,Annual,West Scotland,0.476,11.295
2080,Annual,West Scotland,0.468,15.705
1981,Annual,Yorkshire and Humber,0.436,13.614
1982,Annual,Yorkshire and Humber,0.399,10.792
1983,Annual,Yorkshire and Humber,0.344,9.366
1984,Annual,Yorkshire and Humber,0.467,10.257
1985,Annual,Yorkshire and Humber,0.418,10.277
1986,Annual,Yorkshire and Humber,0.380,8.347
1987,Annual,Yorkshire and Humber,0.352,8.515
1988,Annual,Yorkshire and Humber,0.453,8.594
1989,Annual,Yorkshire and Humber,0.416,13.208
1990,Annual,Yorkshire and Humber,0.328,11.030
1991,Annual,Yorkshire and Humber,0.403,8.851
1992,Annual,Yorkshire and Humber,0.430,7.990
1993,Annual,Yorkshire and Humber,0.396,10.168
1994,Annual,Yorkshire and Humber,0.422,9.406
1995,Annual,Yorkshire and Humber,0.395,10.139
1996,Annual,Yorkshire and Humber,0.438,9.723
1997,Annual,Yorkshire and Humber,0.329,12.347
1998,Annual,Yorkshire and Humber,0.415,9.614
1999,Annual,Yorkshire and Humber,0.403,8.089
2000,Annual,Yorkshire and Humber,0.397,9.327
2001,Annual,Yorkshire and Humber,0.410,9.752
2002,Annual,Yorkshire and Humber,0.279,6.446
2003,Annual,Yorkshire and Humber,0.409,9.297
2004,Annual,Yorkshire and Humber,0.355,10.366
2005,Annual,Yorkshire and Humber,0.402,7.406
2006,Annual,Yorkshire and Humber,0.450,10.010
2007,Annual,Yorkshire and Humber,0.386,11.752
2008,Annual,Yorkshire and Humber,0.352,8.782
2009,Annual,Yorkshire and Humber,0.365,7.535
2010,Annual,Yorkshire and Humber,0.466,12.634
2011,Annual,Yorkshire and Humber,0.356,8.535
2012,Annual,Yorkshire and Humber,0.445,9.069
2013,Annual,Yorkshire and Humber,0.416,10.723
2014,Annual,Yorkshire and Humber,0.436,9.327
2015,Annual,Yorkshire and Humber,0.395,12.713
2016,Annual,Yorkshire and Humber,0.394,7.673
2017,Annual,Yorkshire and Humber,0.399,7.931
2018,Annual,Yorkshire and Humber,0.383,8.653
2019,Annual,Yorkshire and Humber,0.388,8.297
2020,Annual,Yorkshire and Humber,0.438,9.851
2021,Annual,Yorkshire and Humber,0.388,8.317
2022,Annual,Yorkshire and Humber,0.369,9.554
2023,Annual,Yorkshire and Humber,0.429,10.554
2024,Annual,Yorkshire and Humber,0.343,9.792
2025,Annual,Yorkshire and Humber,0.349,7.178
2026,Annual,Yorkshire and Humber,0.384,9.772
2027,Annual,Yorkshire and Humber,0.340,6.822
2028,Annual,Yorkshire and Humber,0.386,8.614
2029,Annual,Yorkshire and Humber,0.437,11.327
2030,Annual,Yorkshire and Humber,0.474,9.436
2031,Annual,Yorkshire and Humber,0.328,8.960
2032,Annual,Yorkshire and Humber,0.386,8.089
2033,Annual,Yorkshire and Humber,0.392,9.832
2034,Annual,Yorkshire and Humber,0.428,10.931
2035,Annual,Yorkshire and Humber,0.355,7.733
2036,Annual,Yorkshire and Humber,0.317,6.218
2037,Annual,Yorkshire and Humber,0.332,6.594
2038,Annual,Yorkshire and Humber,0.425,11.980
2039,Annual,Yorkshire and Humber,0.390,7.436
2040,Annual,Yorkshire and Humber,0.317,7.693
2041,Annual,Yorkshire and Humber,0.383,7.446
2042,Annual,Yorkshire and Humber,0.429,14.337
2043,Annual,Yorkshire and Humber,0.382,8.723
2044,Annual,Yorkshire and Humber,0.337,7.960
2045,Annual,Yorkshire and Humber,0.399,12.158
2046,Annual,Yorkshire and Humber,0.346,8.584
2047,Annual,Yorkshire and Humber,0.366,9.317
2048,Annual,Yorkshire and Humber,0.371,8.871
2049,Annual,Yorkshire and Humber,0.399,8.168
2050,Annual,Yorkshire and Humber,0.376,8.871
2051,Annual,Yorkshire and Humber,0.363,8.109
2052,Annual,Yorkshire and Humber,0.337,6.584
2053,Annual,Yorkshire and Humber,0.437,8.000
2054,Annual,Yorkshire and Humber,0.374,9.287
2055,Annual,Yorkshire and Humber,0.356,10.693
2056,Annual,Yorkshire and Humber,0.365,10.733
2057,Annual,Yorkshire and Humber,0.393,8.673
2058,Annual,Yorkshire and Humber,0.377,10.149
2059,Annual,Yorkshire and Humber,0.434,10.683
2060,Annual,Yorkshire and Humber,0.326,6.406
2061,Annual,Yorkshire and Humber,0.418,11.228
2062,Annual,Yorkshire and Humber,0.365,11.505
2063,Annual,Yorkshire and Humber,0.280,6.198
2064,Annual,Yorkshire and Humber,0.398,13.485
2065,Annual,Yorkshire and Humber,0.354,8.238
2066,Annual,Yorkshire and Humber,0.427,10.376
2067,Annual,Yorkshire and Humber,0.338,9.257
2068,Annual,Yorkshire and Humber,0.410,13.040
2069,Annual,Yorkshire and Humber,0.336,8.366
2070,Annual,Yorkshire and Humber,0.316,8.267
2071,Annual,Yorkshire and Humber,0.383,9.960
2072,Annual,Yorkshire and Humber,0.374,7.089
2073,Annual,Yorkshire and Humber,0.313,7.891
2074,Annual,Yorkshire and Humber,0.394,8.178
2075,Annual,Yorkshire and Humber,0.339,7.406
2076,Annual,Yorkshire and Humber,0.290,6.960
2077,Annual,Yorkshire and Humber,0.275,8.238
2078,Annual,Yorkshire and Humber,0.368,10.267
2079,Annual,Yorkshire and Humber,0.345,6.634
2080,Annual,Yorkshire and Humber,0.307,8.287
1981,Annual,Channel Islands,0.390,7.500
1982,Annual,Channel Islands,0.339,6.000
1983,Annual,Channel Islands,0.310,7.000
1984,Annual,Channel Islands,0.304,6.500
1985,Annual,Channel Islands,0.371,8.500
1986,Annual,Channel Islands,0.336,6.000
1987,Annual,Channel Islands,0.336,7.000
1988,Annual,Channel Islands,0.407,9.000
1989,Annual,Channel Islands,0.369,10.500
1990,Annual,Channel Islands,0.275,7.000
1991,Annual,Channel Islands,0.297,6.000
1992,Annual,Channel Islands,0.382,10.500
1993,Annual,Channel Islands,0.314,9.000
1994,Annual,Channel Islands,0.353,6.000
1995,Annual,Channel Islands,0.325,12.000
1996,Annual,Channel Islands,0.399,7.500
1997,Annual,Channel Islands,0.303,7.000
1998,Annual,Channel Islands,0.419,7.500
1999,Annual,Channel Islands,0.388,11.000
2000,Annual,Channel Islands,0.418,15.000
2001,Annual,Channel Islands,0.381,8.000
2002,Annual,Channel Islands,0.206,5.000
2003,Annual,Channel Islands,0.390,11.000
2004,Annual,Channel Islands,0.326,7.500
2005,Annual,Channel Islands,0.347,7.000
2006,Annual,Channel Islands,0.431,11.000
2007,Annual,Channel Islands,0.378,11.000
2008,Annual,Channel Islands,0.304,8.000
2009,Annual,Channel Islands,0.351,11.000
2010,Annual,Channel Islands,0.424,6.500
2011,Annual,Channel Islands,0.344,11.500
2012,Annual,Channel Islands,0.431,10.500
2013,Annual,Channel Islands,0.372,12.000
2014,Annual,Channel Islands,0.361,7.500
2015,Annual,Channel Islands,0.394,12.000
2016,Annual,Channel Islands,0.362,9.000
2017,Annual,Channel Islands,0.376,9.500
2018,Annual,Channel Islands,0.382,10.000
2019,Annual,Channel Islands,0.399,8.000
2020,Annual,Channel Islands,0.383,5.500
2021,Annual,Channel Islands,0.326,11.000
2022,Annual,Channel Islands,0.254,7.000
2023,Annual,Channel Islands,0.387,14.500
2024,Annual,Channel Islands,0.286,8.000
2025,Annual,Channel Islands,0.326,6.500
2026,Annual,Channel Islands,0.331,12.000
2027,Annual,Channel Islands,0.357,7.000
2028,Annual,Channel Islands,0.387,10.000
2029,Annual,Channel Islands,0.386,8.500
2030,Annual,Channel Islands,0.378,12.500
2031,Annual,Channel Islands,0.308,6.000
2032,Annual,Channel Islands,0.353,6.000
2033,Annual,Channel Islands,0.383,10.000
2034,Annual,Channel Islands,0.331,8.500
2035,Annual,Channel Islands,0.299,14.000
2036,Annual,Channel Islands,0.310,10.500
2037,Annual,Channel Islands,0.289,11.500
2038,Annual,Channel Islands,0.350,15.000
2039,Annual,Channel Islands,0.339,14.000
2040,Annual,Channel Islands,0.271,12.000
2041,Annual,Channel Islands,0.318,8.000
2042,Annual,Channel Islands,0.358,12.000
2043,Annual,Channel Islands,0.324,10.500
2044,Annual,Channel Islands,0.315,10.000
2045,Annual,Channel Islands,0.360,13.000
2046,Annual,Channel Islands,0.338,9.000
2047,Annual,Channel Islands,0.383,12.000
2048,Annual,Channel Islands,0.319,8.500
2049,Annual,Channel Islands,0.342,8.000
2050,Annual,Channel Islands,0.358,8.500
2051,Annual,Channel Islands,0.336,8.000
2052,Annual,Channel Islands,0.365,8.000
2053,Annual,Channel Islands,0.397,9.000
2054,Annual,Channel Islands,0.300,7.000
2055,Annual,Channel Islands,0.268,6.500
2056,Annual,Channel Islands,0.324,12.000
2057,Annual,Channel Islands,0.361,8.500
2058,Annual,Channel Islands,0.321,6.000
2059,Annual,Channel Islands,0.318,8.000
2060,Annual,Channel Islands,0.261,7.500
2061,Annual,Channel Islands,0.339,11.500
2062,Annual,Channel Islands,0.360,11.000
2063,Annual,Channel Islands,0.226,7.000
2064,Annual,Channel Islands,0.321,7.000
2065,Annual,Channel Islands,0.328,13.500
2066,Annual,Channel Islands,0.301,8.000
2067,Annual,Channel Islands,0.286,9.500
2068,Annual,Channel Islands,0.368,7.500
2069,Annual,Channel Islands,0.286,11.000
2070,Annual,Channel Islands,0.287,8.000
2071,Annual,Channel Islands,0.349,8.500
2072,Annual,Channel Islands,0.319,11.500
2073,Annual,Channel Islands,0.312,8.500
2074,Annual,Channel Islands,0.279,7.500
2075,Annual,Channel Islands,0.253,9.000
2076,Annual,Channel Islands,0.235,8.000
2077,Annual,Channel Islands,0.222,5.000
2078,Annual,Channel Islands,0.350,14.500
2079,Annual,Channel Islands,0.283,7.000
2080,Annual,Channel Islands,0.279,7.500
1981,Annual,Isle of Man,0.471,12.000
1982,Annual,Isle of Man,0.442,7.333
1983,Annual,Isle of Man,0.384,12.000
1984,Annual,Isle of Man,0.461,9.000
1985,Annual,Isle of Man,0.493,8.333
1986,Annual,Isle of Man,0.418,10.000
1987,Annual,Isle of Man,0.402,12.667
1988,Annual,Isle of Man,0.514,11.333
1989,Annual,Isle of Man,0.434,8.333
1990,Annual,Isle of Man,0.398,9.333
1991,Annual,Isle of Man,0.359,6.667
1992,Annual,Isle of Man,0.457,10.333
1993,Annual,Isle of Man,0.457,9.667
1994,Annual,Isle of Man,0.399,8.333
1995,Annual,Isle of Man,0.408,8.000
1996,Annual,Isle of Man,0.452,8.667
1997,Annual,Isle of Man,0.368,8.000
1998,Annual,Isle of Man,0.442,9.667
1999,Annual,Isle of Man,0.415,9.333
2000,Annual,Isle of Man,0.416,10.333
2001,Annual,Isle of Man,0.454,12.000
2002,Annual,Isle of Man,0.326,7.333
2003,Annual,Isle of Man,0.447,8.000
2004,Annual,Isle of Man,0.357,5.000
2005,Annual,Isle of Man,0.415,8.333
2006,Annual,Isle of Man,0.437,9.333
2007,Annual,Isle of Man,0.383,9.000
2008,Annual,Isle of Man,0.419,8.000
2009,Annual,Isle of Man,0.392,7.000
2010,Annual,Isle of Man,0.466,8.667
2011,Annual,Isle of Man,0.368,7.333
2012,Annual,Isle of Man,0.481,14.333
2013,Annual,Isle of Man,0.457,9.000
2014,Annual,Isle of Man,0.449,8.667
2015,Annual,Isle of Man,0.424,14.000
2016,Annual,Isle of Man,0.440,8.000
2017,Annual,Isle of Man,0.471,9.333
2018,Annual,Isle of Man,0.412,9.000
2019,Annual,Isle of Man,0.341,7.000
2020,Annual,Isle of Man,0.510,11.000
2021,Annual,Isle of Man,0.407,7.333
2022,Annual,Isle of Man,0.411,9.667
2023,Annual,Isle of Man,0.468,12.667
2024,Annual,Isle of Man,0.383,10.000
2025,Annual,Isle of Man,0.370,9.000
2026,Annual,Isle of Man,0.440,17.667
2027,Annual,Isle of Man,0.400,7.000
2028,Annual,Isle of Man,0.384,7.667
2029,Annual,Isle of Man,0.488,9.333
2030,Annual,Isle of Man,0.500,9.333
2031,Annual,Isle of Man,0.406,8.333
2032,Annual,Isle of Man,0.423,11.667
2033,Annual,Isle of Man,0.412,8.667
2034,Annual,Isle of Man,0.435,7.667
2035,Annual,Isle of Man,0.360,8.667
2036,Annual,Isle of Man,0.381,6.667
2037,Annual,Isle of Man,0.385,8.000
2038,Annual,Isle of Man,0.461,10.333
2039,Annual,Isle of Man,0.414,10.333
2040,Annual,Isle of Man,0.348,6.000
2041,Annual,Isle of Man,0.408,6.000
2042,Annual,Isle of Man,0.502,12.000
2043,Annual,Isle of Man,0.430,7.333
2044,Annual,Isle of Man,0.378,6.667
2045,Annual,Isle of Man,0.392,7.000
2046,Annual,Isle of Man,0.391,8.000
2047,Annual,Isle of Man,0.378,8.000
2048,Annual,Isle of Man,0.446,8.000
2049,Annual,Isle of Man,0.446,6.667
2050,Annual,Isle of Man,0.422,7.667
2051,Annual,Isle of Man,0.369,6.667
2052,Annual,Isle of Man,0.350,6.333
2053,Annual,Isle of Man,0.415,12.333
2054,Annual,Isle of Man,0.364,11.333
2055,Annual,Isle of Man,0.376,7.333
2056,Annual,Isle of Man,0.372,11.333
2057,Annual,Isle of Man,0.400,8.000
2058,Annual,Isle of Man,0.390,8.667
2059,Annual,Isle of Man,0.433,14.667
2060,Annual,Isle of Man,0.340,7.333
2061,Annual,Isle of Man,0.479,15.333
2062,Annual,Isle of Man,0.376,12.000
2063,Annual,Isle of Man,0.317,7.000
2064,Annual,Isle of Man,0.423,9.000
2065,Annual,Isle of Man,0.358,9.000
2066,Annual,Isle of Man,0.373,7.667
2067,Annual,Isle of Man,0.343,6.667
2068,Annual,Isle of Man,0.425,8.333
2069,Annual,Isle of Man,0.386,10.333
2070,Annual,Isle of Man,0.307,6.000
2071,Annual,Isle of Man,0.402,9.333
2072,Annual,Isle of Man,0.404,10.333
2073,Annual,Isle of Man,0.346,9.333
2074,Annual,Isle of Man,0.423,7.667
2075,Annual,Isle of Man,0.353,6.000
2076,Annual,Isle of Man,0.320,5.667
2077,Annual,Isle of Man,0.286,5.667
2078,Annual,Isle of Man,0.435,13.000
2079,Annual,Isle of Man,0.392,10.333
2080,Annual,Isle of Man,0.331,7.333
1981,Annual,Northern Ireland,0.519,18.024
1982,Annual,Northern Ireland,0.482,8.835
1983,Annual,Northern Ireland,0.424,11.459
1984,Annual,Northern Ireland,0.533,16.188
1985,Annual,Northern Ireland,0.523,12.635
1986,Annual,Northern Ireland,0.465,10.553
1987,Annual,Northern Ireland,0.440,11.412
1988,Annual,Northern Ireland,0.533,10.800
1989,Annual,Northern Ireland,0.490,11.953
1990,Annual,Northern Ireland,0.432,10.247
1991,Annual,Northern Ireland,0.454,11.188
1992,Annual,Northern Ireland,0.521,9.271
1993,Annual,Northern Ireland,0.477,12.341
1994,Annual,Northern Ireland,0.431,9.412
1995,Annual,Northern Ireland,0.480,11.894
1996,Annual,Northern Ireland,0.490,11.224
1997,Annual,Northern Ireland,0.420,8.635
1998,Annual,Northern Ireland,0.520,11.729
1999,Annual,Northern Ireland,0.491,11.129
2000,Annual,Northern Ireland,0.480,12.647
2001,Annual,Northern Ireland,0.518,11.506
2002,Annual,Northern Ireland,0.385,9.129
2003,Annual,Northern Ireland,0.508,11.506
2004,Annual,Northern Ireland,0.440,10.388
2005,Annual,Northern Ireland,0.491,13.988
2006,Annual,Northern Ireland,0.471,9.306
2007,Annual,Northern Ireland,0.469,15.271
2008,Annual,Northern Ireland,0.498,15.306
2009,Annual,Northern Ireland,0.432,10.071
2010,Annual,Northern Ireland,0.538,22.424
2011,Annual,Northern Ireland,0.432,9.259
2012,Annual,Northern Ireland,0.508,13.141
2013,Annual,Northern Ireland,0.519,11.506
2014,Annual,Northern Ireland,0.477,8.424
2015,Annual,Northern Ireland,0.472,10.471
2016,Annual,Northern Ireland,0.484,14.706
2017,Annual,Northern Ireland,0.525,9.882
2018,Annual,Northern Ireland,0.495,13.212
2019,Annual,Northern Ireland,0.401,8.541
2020,Annual,Northern Ireland,0.564,14.106
2021,Annual,Northern Ireland,0.455,9.388
2022,Annual,Northern Ireland,0.486,10.976
2023,Annual,Northern Ireland,0.535,10.800
2024,Annual,Northern Ireland,0.471,12.412
2025,Annual,Northern Ireland,0.433,9.576
2026,Annual,Northern Ireland,0.483,12.565
2027,Annual,Northern Ireland,0.430,8.541
2028,Annual,Northern Ireland,0.464,8.682
2029,Annual,Northern Ireland,0.548,12.153
2030,Annual,Northern Ireland,0.526,11.812
2031,Annual,Northern Ireland,0.476,9.694
2032,Annual,Northern Ireland,0.503,11.176
2033,Annual,Northern Ireland,0.498,12.353
2034,Annual,Northern Ireland,0.495,8.729
2035,Annual,Northern Ireland,0.447,11.447
2036,Annual,Northern Ireland,0.437,8.976
2037,Annual,Northern Ireland,0.427,9.212
2038,Annual,Northern Ireland,0.527,12.329
2039,Annual,Northern Ireland,0.455,10.553
2040,Annual,Northern Ireland,0.400,10.929
2041,Annual,Northern Ireland,0.476,9.412
2042,Annual,Northern Ireland,0.560,14.341
2043,Annual,Northern Ireland,0.449,8.788
2044,Annual,Northern Ireland,0.431,8.659
2045,Annual,Northern Ireland,0.448,11.318
2046,Annual,Northern Ireland,0.440,10.565
2047,Annual,Northern Ireland,0.454,11.753
2048,Annual,Northern Ireland,0.510,12.388
2049,Annual,Northern Ireland,0.508,9.141
2050,Annual,Northern Ireland,0.496,10.176
2051,Annual,Northern Ireland,0.428,9.082
2052,Annual,Northern Ireland,0.388,7.835
2053,Annual,Northern Ireland,0.454,11.306
2054,Annual,Northern Ireland,0.419,8.612
2055,Annual,Northern Ireland,0.431,8.012
2056,Annual,Northern Ireland,0.445,12.776
2057,Annual,Northern Ireland,0.478,10.765
2058,Annual,Northern Ireland,0.461,11.682
2059,Annual,Northern Ireland,0.491,10.976
2060,Annual,Northern Ireland,0.421,8.824
2061,Annual,Northern Ireland,0.539,14.988
2062,Annual,Northern Ireland,0.392,11.588
2063,Annual,Northern Ireland,0.399,8.753
2064,Annual,Northern Ireland,0.501,15.659
2065,Annual,Northern Ireland,0.411,8.529
2066,Annual,Northern Ireland,0.431,11.494
2067,Annual,Northern Ireland,0.403,10.824
2068,Annual,Northern Ireland,0.462,12.376
2069,Annual,Northern Ireland,0.440,12.047
2070,Annual,Northern Ireland,0.405,8.412
2071,Annual,Northern Ireland,0.464,10.318
2072,Annual,Northern Ireland,0.460,10.612
2073,Annual,Northern Ireland,0.404,10.882
2074,Annual,Northern Ireland,0.496,8.800
2075,Annual,Northern Ireland,0.444,11.412
2076,Annual,Northern Ireland,0.369,9.671
2077,Annual,Northern Ireland,0.380,10.224
2078,Annual,Northern Ireland,0.465,11.941
2079,Annual,Northern Ireland,0.462,10.424
2080,Annual,Northern Ireland,0.397,10.529
1981,Annual,Wales,0.504,15.662
1982,Annual,Wales,0.488,12.353
1983,Annual,Wales,0.415,14.226
1984,Annual,Wales,0.497,14.474
1985,Annual,Wales,0.501,12.782
1986,Annual,Wales,0.452,12.391
1987,Annual,Wales,0.453,14.647
1988,Annual,Wales,0.551,13.308
1989,Annual,Wales,0.468,11.684
1990,Annual,Wales,0.416,12.737
1991,Annual,Wales,0.430,10.857
1992,Annual,Wales,0.514,11.677
1993,Annual,Wales,0.442,13.030
1994,Annual,Wales,0.446,10.774
1995,Annual,Wales,0.465,12.662
1996,Annual,Wales,0.500,12.090
1997,Annual,Wales,0.412,11.158
1998,Annual,Wales,0.510,13.729
1999,Annual,Wales,0.477,11.992
2000,Annual,Wales,0.474,12.301
2001,Annual,Wales,0.503,13.917
2002,Annual,Wales,0.348,9.398
2003,Annual,Wales,0.480,14.624
2004,Annual,Wales,0.386,11.722
2005,Annual,Wales,0.482,11.068
2006,Annual,Wales,0.495,15.248
2007,Annual,Wales,0.451,13.842
2008,Annual,Wales,0.458,12.662
2009,Annual,Wales,0.433,9.316
2010,Annual,Wales,0.544,20.789
2011,Annual,Wales,0.429,14.481
2012,Annual,Wales,0.485,12.301
2013,Annual,Wales,0.493,14.128
2014,Annual,Wales,0.476,13.113
2015,Annual,Wales,0.471,14.887
2016,Annual,Wales,0.491,15.662
2017,Annual,Wales,0.517,11.368
2018,Annual,Wales,0.487,11.361
2019,Annual,Wales,0.424,10.308
2020,Annual,Wales,0.546,13.233
2021,Annual,Wales,0.439,11.158
2022,Annual,Wales,0.437,14.218
2023,Annual,Wales,0.523,16.677
2024,Annual,Wales,0.419,13.278
2025,Annual,Wales,0.409,12.376
2026,Annual,Wales,0.471,12.662
2027,Annual,Wales,0.420,12.887
2028,Annual,Wales,0.493,11.436
2029,Annual,Wales,0.519,14.218
2030,Annual,Wales,0.517,9.947
2031,Annual,Wales,0.426,11.842
2032,Annual,Wales,0.508,15.541
2033,Annual,Wales,0.506,14.075
2034,Annual,Wales,0.485,17.534
2035,Annual,Wales,0.396,13.278
2036,Annual,Wales,0.406,8.654
2037,Annual,Wales,0.439,13.143
2038,Annual,Wales,0.512,12.880
2039,Annual,Wales,0.455,13.917
2040,Annual,Wales,0.380,10.083
2041,Annual,Wales,0.418,8.872
2042,Annual,Wales,0.515,15.301
2043,Annual,Wales,0.458,12.571
2044,Annual,Wales,0.417,13.233
2045,Annual,Wales,0.430,14.872
2046,Annual,Wales,0.422,11.714
2047,Annual,Wales,0.444,14.203
2048,Annual,Wales,0.450,10.962
2049,Annual,Wales,0.481,13.038
2050,Annual,Wales,0.452,14.045
2051,Annual,Wales,0.442,14.083
2052,Annual,Wales,0.431,9.090
2053,Annual,Wales,0.490,12.556
2054,Annual,Wales,0.418,13.120
2055,Annual,Wales,0.384,10.519
2056,Annual,Wales,0.445,15.767
2057,Annual,Wales,0.446,11.842
2058,Annual,Wales,0.458,12.346
2059,Annual,Wales,0.483,11.323
2060,Annual,Wales,0.363,8.165
2061,Annual,Wales,0.507,16.203
2062,Annual,Wales,0.432,15.023
2063,Annual,Wales,0.336,8.571
2064,Annual,Wales,0.474,14.496
2065,Annual,Wales,0.401,9.534
2066,Annual,Wales,0.448,11.459
2067,Annual,Wales,0.385,11.759
2068,Annual,Wales,0.476,14.586
2069,Annual,Wales,0.422,14.579
2070,Annual,Wales,0.364,9.647
2071,Annual,Wales,0.457,12.068
2072,Annual,Wales,0.432,9.534
2073,Annual,Wales,0.391,12.850
2074,Annual,Wales,0.484,10.068
2075,Annual,Wales,0.385,8.316
2076,Annual,Wales,0.349,8.632
2077,Annual,Wales,0.331,11.962
2078,Annual,Wales,0.459,17.624
2079,Annual,Wales,0.448,10.632
2080,Annual,Wales,0.372,15.211
1981,DJF,East Midlands,0.462,5.942
1982,DJF,East Midlands,0.484,9.029
1983,DJF,East Midlands,0.436,6.495
1984,DJF,East Midlands,0.480,8.388
1985,DJF,East Midlands,0.507,6.621
1986,DJF,East Midlands,0.446,5.437
1987,DJF,East Midlands,0.520,6.786
1988,DJF,East Midlands,0.505,5.903
1989,DJF,East Midlands,0.287,6.485
1990,DJF,East Midlands,0.321,4.922
1991,DJF,East Midlands,0.468,7.544
1992,DJF,East Midlands,0.464,5.932
1993,DJF,East Midlands,0.421,5.204
1994,DJF,East Midlands,0.419,5.136
1995,DJF,East Midlands,0.462,6.301
1996,DJF,East Midlands,0.543,5.951
1997,DJF,East Midlands,0.408,4.825
1998,DJF,East Midlands,0.440,5.388
1999,DJF,East Midlands,0.424,5.553
2000,DJF,East Midlands,0.461,6.699
2001,DJF,East Midlands,0.479,6.767
2002,DJF,East Midlands,0.308,5.029
2003,DJF,East Midlands,0.508,6.718
2004,DJF,East Midlands,0.448,7.476
2005,DJF,East Midlands,0.375,5.476
2006,DJF,East Midlands,0.517,7.233
2007,DJF,East Midlands,0.486,7.437
2008,DJF,East Midlands,0.408,6.301
2009,DJF,East Midlands,0.413,5.320
2010,DJF,East Midlands,0.565,8.408
2011,DJF,East Midlands,0.338,4.515
2012,DJF,East Midlands,0.421,7.291
2013,DJF,East Midlands,0.565,8.243
2014,DJF,East Midlands,0.422,7.777
2015,DJF,East Midlands,0.456,7.767
2016,DJF,East Midlands,0.482,6.029
2017,DJF,East Midlands,0.485,6.010
2018,DJF,East Midlands,0.439,6.641
2019,DJF,East Midlands,0.522,6.223
2020,DJF,East Midlands,0.484,5.951
2021,DJF,East Midlands,0.474,5.320
2022,DJF,East Midlands,0.296,4.699
2023,DJF,East Midlands,0.450,5.689
2024,DJF,East Midlands,0.440,6.223
2025,DJF,East Midlands,0.388,4.631
2026,DJF,East Midlands,0.353,4.641
2027,DJF,East Midlands,0.392,5.068
2028,DJF,East Midlands,0.421,5.845
2029,DJF,East Midlands,0.502,6.417
2030,DJF,East Midlands,0.482,7.388
2031,DJF,East Midlands,0.417,6.165
2032,DJF,East Midlands,0.514,8.485
2033,DJF,East Midlands,0.361,4.874
2034,DJF,East Midlands,0.376,7.388
2035,DJF,East Midlands,0.417,5.447
2036,DJF,East Midlands,0.334,4.563
2037,DJF,East Midlands,0.343,4.437
2038,DJF,East Midlands,0.275,6.311
2039,DJF,East Midlands,0.509,6.078
2040,DJF,East Midlands,0.345,5.223
2041,DJF,East Midlands,0.416,7.485
2042,DJF,East Midlands,0.411,6.563
2043,DJF,East Midlands,0.524,6.670
2044,DJF,East Midlands,0.482,6.650
2045,DJF,East Midlands,0.540,8.670
2046,DJF,East Midlands,0.398,5.136
2047,DJF,East Midlands,0.534,7.563
2048,DJF,East Midlands,0.311,5.204
2049,DJF,East Midlands,0.495,6.340
2050,DJF,East Midlands,0.412,5.699
2051,DJF,East Midlands,0.449,6.592
2052,DJF,East Midlands,0.403,5.835
2053,DJF,East Midlands,0.504,5.777
2054,DJF,East Midlands,0.482,8.155
2055,DJF,East Midlands,0.455,5.485
2056,DJF,East Midlands,0.552,8.883
2057,DJF,East Midlands,0.469,6.330
2058,DJF,East Midlands,0.474,5.942
2059,DJF,East Midlands,0.368,8.146
2060,DJF,East Midlands,0.350,4.252
2061,DJF,East Midlands,0.540,7.243
2062,DJF,East Midlands,0.525,6.359
2063,DJF,East Midlands,0.336,3.835
2064,DJF,East Midlands,0.413,5.262
2065,DJF,East Midlands,0.457,6.971
2066,DJF,East Midlands,0.403,5.641
2067,DJF,East Midlands,0.340,8.165
2068,DJF,East Midlands,0.534,9.350
2069,DJF,East Midlands,0.445,7.825
2070,DJF,East Midlands,0.406,5.573
2071,DJF,East Midlands,0.453,6.359
2072,DJF,East Midlands,0.484,4.864
2073,DJF,East Midlands,0.458,5.359
2074,DJF,East Midlands,0.390,5.214
2075,DJF,East Midlands,0.346,5.291
2076,DJF,East Midlands,0.333,4.748
2077,DJF,East Midlands,0.243,4.146
2078,DJF,East Midlands,0.530,7.408
2079,DJF,East Midlands,0.457,5.641
2080,DJF,East Midlands,0.463,6.398
1981,DJF,East of England,0.419,5.449
1982,DJF,East of England,0.488,7.496
1983,DJF,East of England,0.366,5.063
1984,DJF,East of England,0.491,7.543
1985,DJF,East of England,0.463,6.496
1986,DJF,East of England,0.393,5.205
1987,DJF,East of England,0.532,8.772
1988,DJF,East of England,0.471,6.299
1989,DJF,East of England,0.277,4.780
1990,DJF,East of England,0.328,5.079
1991,DJF,East of England,0.415,7.409
1992,DJF,East of England,0.422,5.000
1993,DJF,East of England,0.421,5.480
1994,DJF,East of England,0.384,4.354
1995,DJF,East of England,0.412,5.189
1996,DJF,East of England,0.468,6.276
1997,DJF,East of England,0.404,4.787
1998,DJF,East of England,0.446,5.055
1999,DJF,East of England,0.363,6.142
2000,DJF,East of England,0.480,6.504
2001,DJF,East of England,0.472,8.504
2002,DJF,East of England,0.308,5.764
2003,DJF,East of England,0.485,6.780
2004,DJF,East of England,0.475,5.945
2005,DJF,East of England,0.380,5.882
2006,DJF,East of England,0.505,6.063
2007,DJF,East of England,0.482,7.748
2008,DJF,East of England,0.424,7.165
2009,DJF,East of England,0.444,5.370
2010,DJF,East of England,0.572,11.512
2011,DJF,East of England,0.334,4.567
2012,DJF,East of England,0.427,8.472
2013,DJF,East of England,0.561,6.787
2014,DJF,East of England,0.385,6.110
2015,DJF,East of England,0.448,6.543
2016,DJF,East of England,0.466,5.866
2017,DJF,East of England,0.507,6.780
2018,DJF,East of England,0.417,7.598
2019,DJF,East of England,0.539,7.732
2020,DJF,East of England,0.481,5.472
2021,DJF,East of England,0.428,4.370
2022,DJF,East of England,0.295,4.173
2023,DJF,East of England,0.459,5.622
2024,DJF,East of England,0.426,6.142
2025,DJF,East of England,0.366,4.685
2026,DJF,East of England,0.336,4.472
2027,DJF,East of England,0.387,5.646
2028,DJF,East of England,0.433,4.409
2029,DJF,East of England,0.494,5.228
2030,DJF,East of England,0.483,10.929
2031,DJF,East of England,0.393,5.394
2032,DJF,East of England,0.496,6.063
2033,DJF,East of England,0.347,4.055
2034,DJF,East of England,0.373,6.472
2035,DJF,East of England,0.327,4.142
2036,DJF,East of England,0.346,4.220
2037,DJF,East of England,0.331,4.417
2038,DJF,East of England,0.256,3.929
2039,DJF,East of England,0.502,5.850
2040,DJF,East of England,0.302,5.047
2041,DJF,East of England,0.448,8.307
2042,DJF,East of England,0.361,5.134
2043,DJF,East of England,0.503,7.087
2044,DJF,East of England,0.492,6.252
2045,DJF,East of England,0.536,7.433
2046,DJF,East of England,0.343,4.220
2047,DJF,East of England,0.537,8.929
2048,DJF,East of England,0.319,4.961
2049,DJF,East of England,0.497,6.528
2050,DJF,East of England,0.433,6.535
2051,DJF,East of England,0.457,7.630
2052,DJF,East of England,0.407,5.528
2053,DJF,East of England,0.487,5.976
2054,DJF,East of England,0.470,7.693
2055,DJF,East of England,0.427,6.709
2056,DJF,East of England,0.482,5.850
2057,DJF,East of England,0.435,4.921
2058,DJF,East of England,0.434,5.551
2059,DJF,East of England,0.386,7.795
2060,DJF,East of England,0.364,6.528
2061,DJF,East of England,0.535,7.268
2062,DJF,East of England,0.500,6.480
2063,DJF,East of England,0.313,4.291
2064,DJF,East of England,0.385,6.220
2065,DJF,East of England,0.449,7.118
2066,DJF,East of England,0.350,4.882
2067,DJF,East of England,0.311,5.898
2068,DJF,East of England,0.476,6.630
2069,DJF,East of England,0.407,6.000
2070,DJF,East of England,0.397,5.173
2071,DJF,East of England,0.400,4.409
2072,DJF,East of England,0.463,4.795
2073,DJF,East of England,0.400,4.866
2074,DJF,East of England,0.343,3.386
2075,DJF,East of England,0.359,4.787
2076,DJF,East of England,0.331,4.268
2077,DJF,East of England,0.198,2.874
2078,DJF,East of England,0.531,7.575
2079,DJF,East of England,0.459,4.937
2080,DJF,East of England,0.423,5.913
1981,DJF,East Scotland,0.541,13.412
1982,DJF,East Scotland,0.593,12.850
1983,DJF,East Scotland,0.472,8.688
1984,DJF,East Scotland,0.468,13.037
1985,DJF,East Scotland,0.577,11.512
1986,DJF,East Scotland,0.546,8.206
1987,DJF,East Scotland,0.536,9.131
1988,DJF,East Scotland,0.588,14.369
1989,DJF,East Scotland,0.423,9.075
1990,DJF,East Scotland,0.495,7.362
1991,DJF,East Scotland,0.454,5.881
1992,DJF,East Scotland,0.497,9.969
1993,DJF,East Scotland,0.446,6.575
1994,DJF,East Scotland,0.441,8.281
1995,DJF,East Scotland,0.509,9.137
1996,DJF,East Scotland,0.595,9.006
1997,DJF,East Scotland,0.515,7.994
1998,DJF,East Scotland,0.529,7.444
1999,DJF,East Scotland,0.464,7.737
2000,DJF,East Scotland,0.525,11.981
2001,DJF,East Scotland,0.540,10.213
2002,DJF,East Scotland,0.451,8.850
2003,DJF,East Scotland,0.554,7.556
2004,DJF,East Scotland,0.514,10.644
2005,DJF,East Scotland,0.483,8.694
2006,DJF,East Scotland,0.549,7.844
2007,DJF,East Scotland,0.559,10.488
2008,DJF,East Scotland,0.557,9.531
2009,DJF,East Scotland,0.457,7.438
2010,DJF,East Scotland,0.623,10.350
2011,DJF,East Scotland,0.388,6.931
2012,DJF,East Scotland,0.486,7.412
2013,DJF,East Scotland,0.515,10.925
2014,DJF,East Scotland,0.494,7.500
2015,DJF,East Scotland,0.513,8.844
2016,DJF,East Scotland,0.502,7.444
2017,DJF,East Scotland,0.554,9.037
2018,DJF,East Scotland,0.504,8.300
2019,DJF,East Scotland,0.508,7.912
2020,DJF,East Scotland,0.577,8.519
2021,DJF,East Scotland,0.603,8.800
2022,DJF,East Scotland,0.365,7.931
2023,DJF,East Scotland,0.470,7.750
2024,DJF,East Scotland,0.507,7.287
2025,DJF,East Scotland,0.455,7.550
2026,DJF,East Scotland,0.466,5.612
2027,DJF,East Scotland,0.476,6.881
2028,DJF,East Scotland,0.417,5.487
2029,DJF,East Scotland,0.605,13.350
2030,DJF,East Scotland,0.453,7.994
2031,DJF,East Scotland,0.495,7.200
2032,DJF,East Scotland,0.548,8.100
2033,DJF,East Scotland,0.503,10.256
2034,DJF,East Scotland,0.405,6.644
2035,DJF,East Scotland,0.492,7.125
2036,DJF,East Scotland,0.463,8.250
2037,DJF,East Scotland,0.400,6.375
2038,DJF,East Scotland,0.475,11.306
2039,DJF,East Scotland,0.465,6.188
2040,DJF,East Scotland,0.460,7.531
2041,DJF,East Scotland,0.495,8.119
2042,DJF,East Scotland,0.507,9.431
2043,DJF,East Scotland,0.527,6.694
2044,DJF,East Scotland,0.591,8.600
2045,DJF,East Scotland,0.517,9.250
2046,DJF,East Scotland,0.489,6.606
2047,DJF,East Scotland,0.551,9.956
2048,DJF,East Scotland,0.470,8.469
2049,DJF,East Scotland,0.494,8.312
2050,DJF,East Scotland,0.517,10.088
2051,DJF,East Scotland,0.482,9.731
2052,DJF,East Scotland,0.364,4.956
2053,DJF,East Scotland,0.474,6.394
2054,DJF,East Scotland,0.476,6.519
2055,DJF,East Scotland,0.592,8.700
2056,DJF,East Scotland,0.544,7.344
2057,DJF,East Scotland,0.486,10.550
2058,DJF,East Scotland,0.524,8.312
2059,DJF,East Scotland,0.437,7.838
2060,DJF,East Scotland,0.360,5.594
2061,DJF,East Scotland,0.639,11.781
2062,DJF,East Scotland,0.565,9.713
2063,DJF,East Scotland,0.432,6.188
2064,DJF,East Scotland,0.489,6.931
2065,DJF,East Scotland,0.469,7.162
2066,DJF,East Scotland,0.450,8.550
2067,DJF,East Scotland,0.337,8.225
2068,DJF,East Scotland,0.657,12.400
2069,DJF,East Scotland,0.465,6.475
2070,DJF,East Scotland,0.517,9.406
2071,DJF,East Scotland,0.533,7.919
2072,DJF,East Scotland,0.512,5.975
2073,DJF,East Scotland,0.542,7.431
2074,DJF,East Scotland,0.445,6.094
2075,DJF,East Scotland,0.423,8.194
2076,DJF,East Scotland,0.429,6.612
2077,DJF,East Scotland,0.317,8.312
2078,DJF,East Scotland,0.514,8.494
2079,DJF,East Scotland,0.543,8.331
2080,DJF,East Scotland,0.562,10.475
1981,DJF,London,0.434,6.250
1982,DJF,London,0.500,6.250
1983,DJF,London,0.368,6.500
1984,DJF,London,0.438,7.250
1985,DJF,London,0.486,10.833
1986,DJF,London,0.481,6.833
1987,DJF,London,0.564,8.667
1988,DJF,London,0.480,9.833
1989,DJF,London,0.314,5.000
1990,DJF,London,0.381,5.000
1991,DJF,London,0.408,5.833
1992,DJF,London,0.474,5.667
1993,DJF,London,0.470,6.417
1994,DJF,London,0.391,4.833
1995,DJF,London,0.429,5.000
1996,DJF,London,0.478,5.750
1997,DJF,London,0.448,4.000
1998,DJF,London,0.482,6.417
1999,DJF,London,0.422,6.000
2000,DJF,London,0.531,6.000
2001,DJF,London,0.478,9.250
2002,DJF,London,0.302,5.667
2003,DJF,London,0.480,10.750
2004,DJF,London,0.457,9.000
2005,DJF,London,0.365,6.917
2006,DJF,London,0.543,6.583
2007,DJF,London,0.507,9.083
2008,DJF,London,0.438,7.500
2009,DJF,London,0.460,7.500
2010,DJF,London,0.626,10.250
2011,DJF,London,0.297,4.833
2012,DJF,London,0.441,10.000
2013,DJF,London,0.560,7.250
2014,DJF,London,0.352,4.667
2015,DJF,London,0.476,8.083
2016,DJF,London,0.462,4.583
2017,DJF,London,0.578,9.000
2018,DJF,London,0.450,10.167
2019,DJF,London,0.519,5.917
2020,DJF,London,0.519,6.667
2021,DJF,London,0.426,4.917
2022,DJF,London,0.310,5.167
2023,DJF,London,0.461,6.000
2024,DJF,London,0.502,6.833
2025,DJF,London,0.353,4.000
2026,DJF,London,0.316,7.417
2027,DJF,London,0.381,6.083
2028,DJF,London,0.443,5.083
2029,DJF,London,0.550,6.833
2030,DJF,London,0.524,10.083
2031,DJF,London,0.406,7.000
2032,DJF,London,0.548,5.500
2033,DJF,London,0.370,4.417
2034,DJF,London,0.356,4.583
2035,DJF,London,0.373,5.083
2036,DJF,London,0.362,4.000
2037,DJF,London,0.352,5.167
2038,DJF,London,0.265,6.083
2039,DJF,London,0.492,5.250
2040,DJF,London,0.354,5.333
2041,DJF,London,0.434,7.167
2042,DJF,London,0.385,8.667
2043,DJF,London,0.487,5.417
2044,DJF,London,0.540,8.333
2045,DJF,London,0.553,13.500
2046,DJF,London,0.419,6.500
2047,DJF,London,0.564,8.250
2048,DJF,London,0.348,5.750
2049,DJF,London,0.498,6.000
2050,DJF,London,0.486,5.917
2051,DJF,London,0.468,6.250
2052,DJF,London,0.420,6.167
2053,DJF,London,0.464,5.583
2054,DJF,London,0.487,7.917
2055,DJF,London,0.484,8.667
2056,DJF,London,0.560,6.333
2057,DJF,London,0.481,7.167
2058,DJF,London,0.426,5.083
2059,DJF,London,0.351,6.750
2060,DJF,London,0.397,6.500
2061,DJF,London,0.567,8.667
2062,DJF,London,0.541,8.333
2063,DJF,London,0.322,4.000
2064,DJF,London,0.425,7.500
2065,DJF,London,0.454,8.333
2066,DJF,London,0.343,4.167
2067,DJF,London,0.310,5.417
2068,DJF,London,0.559,8.833
2069,DJF,London,0.433,7.000
2070,DJF,London,0.410,7.000
2071,DJF,London,0.419,5.167
2072,DJF,London,0.473,4.833
2073,DJF,London,0.438,5.333
2074,DJF,London,0.353,4.000
2075,DJF,London,0.355,4.583
2076,DJF,London,0.297,4.000
2077,DJF,London,0.165,2.333
2078,DJF,London,0.523,6.500
2079,DJF,London,0.497,5.667
2080,DJF,London,0.478,8.250
1981,DJF,North East England,0.508,12.789
1982,DJF,North East England,0.501,10.772
1983,DJF,North East England,0.408,6.754
1984,DJF,North East England,0.504,10.053
1985,DJF,North East England,0.549,8.211
1986,DJF,North East England,0.469,6.053
1987,DJF,North East England,0.494,6.982
1988,DJF,North East England,0.553,10.404
1989,DJF,North East England,0.348,7.053
1990,DJF,North East England,0.369,5.140
1991,DJF,North East England,0.484,7.018
1992,DJF,North East England,0.486,7.737
1993,DJF,North East England,0.401,5.702
1994,DJF,North East England,0.436,6.895
1995,DJF,North East England,0.493,7.596
1996,DJF,North East England,0.615,8.386
1997,DJF,North East England,0.457,6.140
1998,DJF,North East England,0.417,5.351
1999,DJF,North East England,0.400,5.789
2000,DJF,North East England,0.487,7.632
2001,DJF,North East England,0.542,8.281
2002,DJF,North East England,0.334,5.175
2003,DJF,North East England,0.573,7.684
2004,DJF,North East England,0.485,9.000
2005,DJF,North East England,0.435,7.070
2006,DJF,North East England,0.506,8.070
2007,DJF,North East England,0.525,14.316
2008,DJF,North East England,0.469,7.912
2009,DJF,North East England,0.397,5.737
2010,DJF,North East England,0.537,7.105
2011,DJF,North East England,0.329,4.719
2012,DJF,North East England,0.449,8.333
2013,DJF,North East England,0.487,9.807
2014,DJF,North East England,0.481,7.368
2015,DJF,North East England,0.435,5.789
2016,DJF,North East England,0.525,6.632
2017,DJF,North East England,0.488,5.912
2018,DJF,North East England,0.458,7.000
2019,DJF,North East England,0.524,9.333
2020,DJF,North East England,0.458,5.825
2021,DJF,North East England,0.535,7.684
2022,DJF,North East England,0.311,6.614
2023,DJF,North East England,0.422,6.246
2024,DJF,North East England,0.437,5.772
2025,DJF,North East England,0.402,6.000
2026,DJF,North East England,0.396,4.825
2027,DJF,North East England,0.424,6.175
2028,DJF,North East England,0.428,5.123
2029,DJF,North East England,0.512,7.456
2030,DJF,North East England,0.448,6.789
2031,DJF,North East England,0.442,6.965
2032,DJF,North East England,0.497,7.509
2033,DJF,North East England,0.412,5.561
2034,DJF,North East England,0.395,7.088
2035,DJF,North East England,0.430,6.807
2036,DJF,North East England,0.366,5.105
2037,DJF,North East England,0.346,4.930
2038,DJF,North East England,0.400,8.070
2039,DJF,North East England,0.429,5.772
2040,DJF,North East England,0.400,5.509
2041,DJF,North East England,0.376,5.386
2042,DJF,North East England,0.397,6.912
2043,DJF,North East England,0.470,6.158
2044,DJF,North East England,0.502,7.158
2045,DJF,North East England,0.485,9.193
2046,DJF,North East England,0.385,4.719
2047,DJF,North East England,0.558,10.088
2048,DJF,North East England,0.361,6.105
2049,DJF,North East England,0.453,9.421
2050,DJF,North East England,0.413,5.877
2051,DJF,North East England,0.372,5.070
2052,DJF,North East England,0.338,4.351
2053,DJF,North East England,0.470,6.123
2054,DJF,North East England,0.457,5.789
2055,DJF,North East England,0.524,6.386
2056,DJF,North East England,0.524,6.842
2057,DJF,North East England,0.475,7.509
2058,DJF,North East England,0.459,7.228
2059,DJF,North East England,0.427,9.982
2060,DJF,North East England,0.333,4.632
2061,DJF,North East England,0.554,8.895
2062,DJF,North East England,0.501,7.386
2063,DJF,North East England,0.425,6.474
2064,DJF,North East England,0.452,5.930
2065,DJF,North East England,0.472,7.912
2066,DJF,North East England,0.524,8.860
2067,DJF,North East England,0.336,6.614
2068,DJF,North East England,0.609,9.965
2069,DJF,North East England,0.451,6.386
2070,DJF,North East England,0.442,6.368
2071,DJF,North East England,0.447,7.509
2072,DJF,North East England,0.495,6.596
2073,DJF,North East England,0.492,6.772
2074,DJF,North East England,0.420,5.526
2075,DJF,North East England,0.423,9.456
2076,DJF,North East England,0.411,4.649
2077,DJF,North East England,0.315,5.561
2078,DJF,North East England,0.505,9.053
2079,DJF,North East England,0.465,6.140
2080,DJF,North East England,0.454,7.982
1981,DJF,North Scotland,0.454,8.835
1982,DJF,North Scotland,0.560,10.877
1983,DJF,North Scotland,0.578,11.505
1984,DJF,North Scotland,0.622,16.198
1985,DJF,North Scotland,0.529,10.495
1986,DJF,North Scotland,0.580,10.892
1987,DJF,North Scotland,0.583,15.179
1988,DJF,North Scotland,0.512,8.910
1989,DJF,North Scotland,0.527,11.953
1990,DJF,North Scotland,0.533,10.259
1991,DJF,North Scotland,0.469,8.420
1992,DJF,North Scotland,0.643,15.217
1993,DJF,North Scotland,0.522,16.684
1994,DJF,North Scotland,0.464,9.863
1995,DJF,North Scotland,0.531,10.995
1996,DJF,North Scotland,0.477,9.736
1997,DJF,North Scotland,0.677,13.981
1998,DJF,North Scotland,0.608,11.816
1999,DJF,North Scotland,0.407,7.363
2000,DJF,North Scotland,0.508,14.038
2001,DJF,North Scotland,0.560,11.585
2002,DJF,North Scotland,0.575,12.052
2003,DJF,North Scotland,0.613,14.189
2004,DJF,North Scotland,0.671,15.061
2005,DJF,North Scotland,0.609,13.580
2006,DJF,North Scotland,0.590,7.920
2007,DJF,North Scotland,0.638,12.854
2008,DJF,North Scotland,0.699,15.863
2009,DJF,North Scotland,0.590,8.783
2010,DJF,North Scotland,0.567,10.873
2011,DJF,North Scotland,0.490,8.019
2012,DJF,North Scotland,0.516,9.811
2013,DJF,North Scotland,0.464,9.892
2014,DJF,North Scotland,0.512,9.675
2015,DJF,North Scotland,0.559,12.759
2016,DJF,North Scotland,0.498,8.991
2017,DJF,North Scotland,0.635,11.033
2018,DJF,North Scotland,0.571,16.104
2019,DJF,North Scotland,0.501,8.278
2020,DJF,North Scotland,0.613,9.288
2021,DJF,North Scotland,0.575,12.797
2022,DJF,North Scotland,0.479,15.547
2023,DJF,North Scotland,0.460,8.047
2024,DJF,North Scotland,0.552,8.000
2025,DJF,North Scotland,0.563,9.481
2026,DJF,North Scotland,0.625,10.509
2027,DJF,North Scotland,0.489,9.014
2028,DJF,North Scotland,0.582,9.151
2029,DJF,North Scotland,0.505,15.071
2030,DJF,North Scotland,0.389,6.675
2031,DJF,North Scotland,0.570,8.236
2032,DJF,North Scotland,0.604,11.410
2033,DJF,North Scotland,0.620,14.307
2034,DJF,North Scotland,0.407,7.717
2035,DJF,North Scotland,0.485,8.231
2036,DJF,North Scotland,0.579,11.703
2037,DJF,North Scotland,0.487,8.590
2038,DJF,North Scotland,0.592,12.646
2039,DJF,North Scotland,0.571,9.476
2040,DJF,North Scotland,0.471,8.524
2041,DJF,North Scotland,0.482,6.769
2042,DJF,North Scotland,0.562,10.717
2043,DJF,North Scotland,0.618,8.623
2044,DJF,North Scotland,0.611,9.156
2045,DJF,North Scotland,0.526,10.241
2046,DJF,North Scotland,0.572,13.741
2047,DJF,North Scotland,0.486,9.151
2048,DJF,North Scotland,0.602,13.259
2049,DJF,North Scotland,0.602,10.259
2050,DJF,North Scotland,0.585,11.363
2051,DJF,North Scotland,0.494,9.769
2052,DJF,North Scotland,0.367,6.236
2053,DJF,North Scotland,0.507,8.184
2054,DJF,North Scotland,0.479,9.627
2055,DJF,North Scotland,0.419,6.590
2056,DJF,North Scotland,0.607,9.731
2057,DJF,North Scotland,0.577,9.684
2058,DJF,North Scotland,0.600,10.538
2059,DJF,North Scotland,0.491,7.340
2060,DJF,North Scotland,0.448,8.741
2061,DJF,North Scotland,0.598,11.283
2062,DJF,North Scotland,0.545,10.637
2063,DJF,North Scotland,0.444,7.769
2064,DJF,North Scotland,0.606,12.868
2065,DJF,North Scotland,0.402,7.797
2066,DJF,North Scotland,0.410,7.462
2067,DJF,North Scotland,0.473,8.953
2068,DJF,North Scotland,0.617,11.807
2069,DJF,North Scotland,0.498,8.330
2070,DJF,North Scotland,0.563,10.108
2071,DJF,North Scotland,0.555,8.519
2072,DJF,North Scotland,0.586,8.434
2073,DJF,North Scotland,0.494,8.113
2074,DJF,North Scotland,0.621,12.387
2075,DJF,North Scotland,0.420,7.906
2076,DJF,North Scotland,0.505,9.962
2077,DJF,North Scotland,0.456,10.547
2078,DJF,North Scotland,0.573,10.896
2079,DJF,North Scotland,0.546,9.958
2080,DJF,North Scotland,0.664,15.910
1981,DJF,North West England,0.469,11.301
1982,DJF,North West England,0.616,12.129
1983,DJF,North West England,0.615,12.935
1984,DJF,North West England,0.547,10.387
1985,DJF,North West England,0.561,8.419
1986,DJF,North West England,0.627,11.570
1987,DJF,North West England,0.734,13.914
1988,DJF,North West England,0.593,9.054
1989,DJF,North West England,0.523,11.978
1990,DJF,North West England,0.537,8.323
1991,DJF,North West England,0.486,8.602
1992,DJF,North West England,0.604,9.452
1993,DJF,North West England,0.522,13.075
1994,DJF,North West England,0.484,7.882
1995,DJF,North West England,0.555,9.323
1996,DJF,North West England,0.559,7.387
1997,DJF,North West England,0.639,11.108
1998,DJF,North West England,0.639,12.828
1999,DJF,North West England,0.522,8.613
2000,DJF,North West England,0.559,10.946
2001,DJF,North West England,0.634,14.495
2002,DJF,North West England,0.488,9.000
2003,DJF,North West England,0.637,11.667
2004,DJF,North West England,0.635,16.011
2005,DJF,North West England,0.541,9.527
2006,DJF,North West England,0.573,10.054
2007,DJF,North West England,0.692,19.075
2008,DJF,North West England,0.691,14.118
2009,DJF,North West England,0.573,9.430
2010,DJF,North West England,0.626,9.710
2011,DJF,North West England,0.475,7.785
2012,DJF,North West England,0.528,9.892
2013,DJF,North West England,0.579,12.903
2014,DJF,North West England,0.495,10.097
2015,DJF,North West England,0.669,14.978
2016,DJF,North West England,0.616,11.258
2017,DJF,North West England,0.688,11.871
2018,DJF,North West England,0.600,13.215
2019,DJF,North West England,0.547,10.204
2020,DJF,North West England,0.646,10.312
2021,DJF,North West England,0.594,10.172
2022,DJF,North West England,0.434,10.710
2023,DJF,North West England,0.482,9.344
2024,DJF,North West England,0.604,9.914
2025,DJF,North West England,0.580,9.065
2026,DJF,North West England,0.641,11.699
2027,DJF,North West England,0.517,12.237
2028,DJF,North West England,0.602,11.032
2029,DJF,North West England,0.556,12.430
2030,DJF,North West England,0.483,7.946
2031,DJF,North West England,0.592,10.731
2032,DJF,North West England,0.767,19.591
2033,DJF,North West England,0.616,12.656
2034,DJF,North West England,0.405,7.215
2035,DJF,North West England,0.527,8.591
2036,DJF,North West England,0.543,7.548
2037,DJF,North West England,0.462,6.344
2038,DJF,North West England,0.523,9.753
2039,DJF,North West England,0.691,12.645
2040,DJF,North West England,0.484,8.366
2041,DJF,North West England,0.473,7.194
2042,DJF,North West England,0.589,14.280
2043,DJF,North West England,0.700,11.774
2044,DJF,North West England,0.654,7.860
2045,DJF,North West England,0.619,13.634
2046,DJF,North West England,0.630,11.688
2047,DJF,North West England,0.650,14.237
2048,DJF,North West England,0.630,11.989
2049,DJF,North West England,0.642,9.914
2050,DJF,North West England,0.632,12.538
2051,DJF,North West England,0.474,9.882
2052,DJF,North West England,0.454,7.409
2053,DJF,North West England,0.556,10.204
2054,DJF,North West England,0.565,10.742
2055,DJF,North West England,0.516,7.720
2056,DJF,North West England,0.732,13.957
2057,DJF,North West England,0.653,13.312
2058,DJF,North West England,0.666,10.860
2059,DJF,North West England,0.453,6.527
2060,DJF,North West England,0.483,10.763
2061,DJF,North West England,0.718,13.796
2062,DJF,North West England,0.667,10.624
2063,DJF,North West England,0.424,7.097
2064,DJF,North West England,0.635,13.000
2065,DJF,North West England,0.475,10.613
2066,DJF,North West England,0.385,8.710
2067,DJF,North West England,0.460,14.129
2068,DJF,North West England,0.770,23.774
2069,DJF,North West England,0.568,10.946
2070,DJF,North West England,0.659,10.129
2071,DJF,North West England,0.594,9.000
2072,DJF,North West England,0.673,9.935
2073,DJF,North West England,0.588,8.903
2074,DJF,North West England,0.650,12.194
2075,DJF,North West England,0.423,8.140
2076,DJF,North West England,0.522,8.473
2077,DJF,North West England,0.325,12.634
2078,DJF,North West England,0.616,16.097
2079,DJF,North West England,0.586,7.667
2080,DJF,North West England,0.685,15.237
1981,DJF,South East England,0.458,7.297
1982,DJF,South East England,0.525,6.424
1983,DJF,South East England,0.409,7.881
1984,DJF,South East England,0.421,7.119
1985,DJF,South East England,0.507,12.042
1986,DJF,South East England,0.457,5.475
1987,DJF,South East England,0.591,10.297
1988,DJF,South East England,0.496,9.695
1989,DJF,South East England,0.320,5.602
1990,DJF,South East England,0.402,6.085
1991,DJF,South East England,0.417,5.847
1992,DJF,South East England,0.484,6.314
1993,DJF,South East England,0.450,6.025
1994,DJF,South East England,0.390,5.102
1995,DJF,South East England,0.459,6.881
1996,DJF,South East England,0.523,7.449
1997,DJF,South East England,0.462,5.034
1998,DJF,South East England,0.513,7.034
1999,DJF,South East England,0.445,6.398
2000,DJF,South East England,0.556,9.797
2001,DJF,South East England,0.517,9.508
2002,DJF,South East England,0.292,6.517
2003,DJF,South East England,0.485,9.441
2004,DJF,South East England,0.449,8.593
2005,DJF,South East England,0.341,5.729
2006,DJF,South East England,0.575,8.161
2007,DJF,South East England,0.524,8.347
2008,DJF,South East England,0.472,7.864
2009,DJF,South East England,0.454,7.237
2010,DJF,South East England,0.613,12.042
2011,DJF,South East England,0.310,3.814
2012,DJF,South East England,0.439,9.576
2013,DJF,South East England,0.569,7.508
2014,DJF,South East England,0.370,4.839
2015,DJF,South East England,0.512,9.949
2016,DJF,South East England,0.450,5.161
2017,DJF,South East England,0.561,10.508
2018,DJF,South East England,0.494,10.381
2019,DJF,South East England,0.537,6.712
2020,DJF,South East England,0.527,6.229
2021,DJF,South East England,0.460,5.297
2022,DJF,South East England,0.335,5.686
2023,DJF,South East England,0.458,6.610
2024,DJF,South East England,0.497,6.856
2025,DJF,South East England,0.386,5.508
2026,DJF,South East England,0.352,7.983
2027,DJF,South East England,0.436,6.847
2028,DJF,South East England,0.451,5.085
2029,DJF,South East England,0.548,8.966
2030,DJF,South East England,0.523,10.847
2031,DJF,South East England,0.406,6.229
2032,DJF,South East England,0.578,7.288
2033,DJF,South East England,0.385,4.678
2034,DJF,South East England,0.364,5.737
2035,DJF,South East England,0.400,5.839
2036,DJF,South East England,0.384,4.907
2037,DJF,South East England,0.360,4.390
2038,DJF,South East England,0.315,4.966
2039,DJF,South East England,0.530,7.195
2040,DJF,South East England,0.328,5.415
2041,DJF,South East England,0.461,7.144
2042,DJF,South East England,0.435,9.102
2043,DJF,South East England,0.500,6.551
2044,DJF,South East England,0.533,6.653
2045,DJF,South East England,0.578,14.958
2046,DJF,South East England,0.454,6.932
2047,DJF,South East England,0.584,9.373
2048,DJF,South East England,0.358,5.000
2049,DJF,South East England,0.532,6.864
2050,DJF,South East England,0.500,7.042
2051,DJF,South East England,0.495,7.441
2052,DJF,South East England,0.431,6.653
2053,DJF,South East England,0.479,6.703
2054,DJF,South East England,0.526,8.271
2055,DJF,South East England,0.496,7.271
2056,DJF,South East England,0.580,8.025
2057,DJF,South East England,0.492,7.737
2058,DJF,South East England,0.455,5.864
2059,DJF,South East England,0.360,6.890
2060,DJF,South East England,0.384,5.619
2061,DJF,South East England,0.581,8.271
2062,DJF,South East England,0.569,8.305
2063,DJF,South East England,0.325,4.322
2064,DJF,South East England,0.411,6.864
2065,DJF,South East England,0.475,10.144
2066,DJF,South East England,0.347,5.153
2067,DJF,South East England,0.353,6.136
2068,DJF,South East England,0.588,10.195
2069,DJF,South East England,0.449,7.924
2070,DJF,South East England,0.412,7.008
2071,DJF,South East England,0.458,4.661
2072,DJF,South East England,0.502,4.983
2073,DJF,South East England,0.477,6.220
2074,DJF,South East England,0.392,5.220
2075,DJF,South East England,0.349,5.458
2076,DJF,South East England,0.315,4.754
2077,DJF,South East England,0.204,3.051
2078,DJF,South East England,0.512,8.203
2079,DJF,South East England,0.528,6.322
2080,DJF,South East England,0.486,8.432
1981,DJF,South West England,0.485,12.019
1982,DJF,South West England,0.535,8.314
1983,DJF,South West England,0.459,8.590
1984,DJF,South West England,0.438,8.295
1985,DJF,South West England,0.522,9.641
1986,DJF,South West England,0.504,7.096
1987,DJF,South West England,0.618,9.596
1988,DJF,South West England,0.538,10.936
1989,DJF,South West England,0.394,9.583
1990,DJF,South West England,0.453,8.141
1991,DJF,South West England,0.440,7.083
1992,DJF,South West England,0.476,5.897
1993,DJF,South West England,0.427,8.628
1994,DJF,South West England,0.442,5.609
1995,DJF,South West England,0.455,6.397
1996,DJF,South West England,0.570,8.109
1997,DJF,South West England,0.511,6.109
1998,DJF,South West England,0.578,9.808
1999,DJF,South West England,0.469,6.667
2000,DJF,South West England,0.569,6.968
2001,DJF,South West England,0.539,10.173
2002,DJF,South West England,0.348,7.603
2003,DJF,South West England,0.504,7.282
2004,DJF,South West England,0.468,10.449
2005,DJF,South West England,0.406,6.872
2006,DJF,South West England,0.628,13.000
2007,DJF,South West England,0.594,10.038
2008,DJF,South West England,0.533,9.058
2009,DJF,South West England,0.469,6.910
2010,DJF,South West England,0.639,12.429
2011,DJF,South West England,0.342,4.506
2012,DJF,South West England,0.414,9.135
2013,DJF,South West England,0.561,7.808
2014,DJF,South West England,0.375,5.423
2015,DJF,South West England,0.563,9.500
2016,DJF,South West England,0.502,7.333
2017,DJF,South West England,0.604,10.564
2018,DJF,South West England,0.513,8.532
2019,DJF,South West England,0.533,7.071
2020,DJF,South West England,0.572,7.590
2021,DJF,South West England,0.505,5.878
2022,DJF,South West England,0.365,5.744
2023,DJF,South West England,0.453,7.494
2024,DJF,South West England,0.499,7.859
2025,DJF,South West England,0.432,6.654
2026,DJF,South West England,0.439,8.391
2027,DJF,South West England,0.525,8.641
2028,DJF,South West England,0.493,8.160
2029,DJF,South West England,0.525,11.083
2030,DJF,South West England,0.513,9.276
2031,DJF,South West England,0.474,8.237
2032,DJF,South West England,0.646,8.564
2033,DJF,South West England,0.431,5.833
2034,DJF,South West England,0.316,4.872
2035,DJF,South West England,0.470,7.641
2036,DJF,South West England,0.438,5.250
2037,DJF,South West England,0.388,5.885
2038,DJF,South West England,0.365,7.231
2039,DJF,South West England,0.582,8.917
2040,DJF,South West England,0.392,5.532
2041,DJF,South West England,0.472,5.647
2042,DJF,South West England,0.489,8.846
2043,DJF,South West England,0.572,8.147
2044,DJF,South West England,0.585,9.853
2045,DJF,South West England,0.564,13.769
2046,DJF,South West England,0.523,6.840
2047,DJF,South West England,0.644,9.878
2048,DJF,South West England,0.457,6.577
2049,DJF,South West England,0.566,8.891
2050,DJF,South West England,0.482,8.359
2051,DJF,South West England,0.517,10.301
2052,DJF,South West England,0.453,7.103
2053,DJF,South West England,0.533,10.474
2054,DJF,South West England,0.540,10.545
2055,DJF,South West England,0.514,6.590
2056,DJF,South West England,0.656,12.295
2057,DJF,South West England,0.532,8.032
2058,DJF,South West England,0.511,6.423
2059,DJF,South West England,0.396,5.731
2060,DJF,South West England,0.394,5.846
2061,DJF,South West England,0.641,10.699
2062,DJF,South West England,0.646,11.212
2063,DJF,South West England,0.344,4.628
2064,DJF,South West England,0.468,7.853
2065,DJF,South West England,0.504,10.077
2066,DJF,South West England,0.351,7.186
2067,DJF,South West England,0.411,6.936
2068,DJF,South West England,0.654,11.026
2069,DJF,South West England,0.480,9.154
2070,DJF,South West England,0.474,7.436
2071,DJF,South West England,0.502,5.545
2072,DJF,South West England,0.554,5.724
2073,DJF,South West England,0.550,8.506
2074,DJF,South West England,0.471,5.122
2075,DJF,South West England,0.387,6.288
2076,DJF,South West England,0.375,6.346
2077,DJF,South West England,0.235,4.250
2078,DJF,South West England,0.547,11.301
2079,DJF,South West England,0.610,9.333
2080,DJF,South West England,0.558,9.359
1981,DJF,West Midlands,0.444,5.988
1982,DJF,West Midlands,0.470,9.128
1983,DJF,West Midlands,0.466,7.372
1984,DJF,West Midlands,0.381,7.302
1985,DJF,West Midlands,0.520,8.186
1986,DJF,West Midlands,0.435,6.326
1987,DJF,West Midlands,0.509,7.198
1988,DJF,West Midlands,0.498,8.198
1989,DJF,West Midlands,0.331,7.140
1990,DJF,West Midlands,0.331,4.221
1991,DJF,West Midlands,0.447,6.465
1992,DJF,West Midlands,0.436,5.453
1993,DJF,West Midlands,0.392,4.593
1994,DJF,West Midlands,0.424,5.674
1995,DJF,West Midlands,0.409,5.791
1996,DJF,West Midlands,0.508,6.326
1997,DJF,West Midlands,0.414,4.558
1998,DJF,West Midlands,0.435,5.337
1999,DJF,West Midlands,0.421,5.395
2000,DJF,West Midlands,0.443,6.221
2001,DJF,West Midlands,0.485,6.430
2002,DJF,West Midlands,0.290,4.756
2003,DJF,West Midlands,0.488,6.814
2004,DJF,West Midlands,0.414,7.477
2005,DJF,West Midlands,0.305,3.814
2006,DJF,West Midlands,0.536,7.930
2007,DJF,West Midlands,0.506,7.442
2008,DJF,West Midlands,0.451,6.535
2009,DJF,West Midlands,0.438,5.558
2010,DJF,West Midlands,0.588,7.977
2011,DJF,West Midlands,0.291,3.395
2012,DJF,West Midlands,0.398,7.244
2013,DJF,West Midlands,0.536,7.419
2014,DJF,West Midlands,0.363,4.884
2015,DJF,West Midlands,0.483,7.919
2016,DJF,West Midlands,0.500,6.349
2017,DJF,West Midlands,0.534,7.547
2018,DJF,West Midlands,0.441,7.209
2019,DJF,West Midlands,0.469,5.244
2020,DJF,West Midlands,0.497,5.942
2021,DJF,West Midlands,0.441,4.651
2022,DJF,West Midlands,0.290,4.860
2023,DJF,West Midlands,0.438,4.709
2024,DJF,West Midlands,0.447,5.895
2025,DJF,West Midlands,0.356,4.872
2026,DJF,West Midlands,0.337,5.547
2027,DJF,West Midlands,0.418,5.593
2028,DJF,West Midlands,0.425,6.302
2029,DJF,West Midlands,0.467,6.221
2030,DJF,West Midlands,0.466,5.837
2031,DJF,West Midlands,0.405,5.965
2032,DJF,West Midlands,0.544,8.302
2033,DJF,West Midlands,0.344,3.884
2034,DJF,West Midlands,0.310,4.419
2035,DJF,West Midlands,0.426,6.070
2036,DJF,West Midlands,0.364,4.570
2037,DJF,West Midlands,0.345,4.744
2038,DJF,West Midlands,0.266,4.314
2039,DJF,West Midlands,0.532,6.814
2040,DJF,West Midlands,0.360,5.000
2041,DJF,West Midlands,0.407,6.267
2042,DJF,West Midlands,0.442,9.953
2043,DJF,West Midlands,0.512,7.198
2044,DJF,West Midlands,0.495,5.500
2045,DJF,West Midlands,0.553,9.291
2046,DJF,West Midlands,0.424,4.884
2047,DJF,West Midlands,0.575,7.953
2048,DJF,West Midlands,0.337,5.535
2049,DJF,West Midlands,0.481,6.070
2050,DJF,West Midlands,0.414,6.767
2051,DJF,West Midlands,0.499,9.198
2052,DJF,West Midlands,0.398,5.930
2053,DJF,West Midlands,0.476,6.721
2054,DJF,West Midlands,0.441,5.826
2055,DJF,West Midlands,0.458,5.686
2056,DJF,West Midlands,0.576,10.384
2057,DJF,West Midlands,0.474,6.302
2058,DJF,West Midlands,0.469,5.837
2059,DJF,West Midlands,0.338,4.837
2060,DJF,West Midlands,0.343,4.442
2061,DJF,West Midlands,0.546,6.884
2062,DJF,West Midlands,0.542,7.035
2063,DJF,West Midlands,0.308,3.651
2064,DJF,West Midlands,0.431,5.814
2065,DJF,West Midlands,0.430,7.209
2066,DJF,West Midlands,0.347,4.860
2067,DJF,West Midlands,0.338,6.919
2068,DJF,West Midlands,0.596,7.988
2069,DJF,West Midlands,0.452,7.267
2070,DJF,West Midlands,0.428,6.477
2071,DJF,West Midlands,0.422,4.477
2072,DJF,West Midlands,0.453,4.895
2073,DJF,West Midlands,0.452,6.430
2074,DJF,West Midlands,0.415,4.802
2075,DJF,West Midlands,0.345,5.558
2076,DJF,West Midlands,0.323,4.744
2077,DJF,West Midlands,0.220,6.605
2078,DJF,West Midlands,0.559,11.186
2079,DJF,West Midlands,0.488,6.244
2080,DJF,West Midlands,0.481,7.430
1981,DJF,West Scotland,0.451,16.038
1982,DJF,West Scotland,0.644,12.303
1983,DJF,West Scotland,0.591,11.068
1984,DJF,West Scotland,0.535,10.500
1985,DJF,West Scotland,0.601,8.659
1986,DJF,West Scotland,0.633,11.129
1987,DJF,West Scotland,0.731,15.182
1988,DJF,West Scotland,0.620,10.348
1989,DJF,West Scotland,0.598,12.197
1990,DJF,West Scotland,0.633,10.432
1991,DJF,West Scotland,0.503,7.962
1992,DJF,West Scotland,0.585,10.636
1993,DJF,West Scotland,0.582,15.697
1994,DJF,West Scotland,0.478,9.250
1995,DJF,West Scotland,0.598,13.750
1996,DJF,West Scotland,0.528,10.318
1997,DJF,West Scotland,0.691,11.879
1998,DJF,West Scotland,0.640,10.939
1999,DJF,West Scotland,0.561,9.924
2000,DJF,West Scotland,0.594,12.674
2001,DJF,West Scotland,0.612,11.576
2002,DJF,West Scotland,0.568,9.394
2003,DJF,West Scotland,0.656,11.523
2004,DJF,West Scotland,0.617,13.932
2005,DJF,West Scotland,0.562,10.750
2006,DJF,West Scotland,0.594,7.568
2007,DJF,West Scotland,0.704,15.773
2008,DJF,West Scotland,0.738,12.432
2009,DJF,West Scotland,0.620,10.955
2010,DJF,West Scotland,0.636,11.205
2011,DJF,West Scotland,0.527,7.538
2012,DJF,West Scotland,0.558,9.144
2013,DJF,West Scotland,0.558,12.538
2014,DJF,West Scotland,0.498,9.992
2015,DJF,West Scotland,0.658,13.674
2016,DJF,West Scotland,0.554,8.212
2017,DJF,West Scotland,0.657,12.485
2018,DJF,West Scotland,0.615,9.795
2019,DJF,West Scotland,0.507,8.485
2020,DJF,West Scotland,0.705,9.447
2021,DJF,West Scotland,0.642,11.356
2022,DJF,West Scotland,0.510,14.152
2023,DJF,West Scotland,0.509,10.462
2024,DJF,West Scotland,0.609,11.409
2025,DJF,West Scotland,0.601,10.523
2026,DJF,West Scotland,0.677,11.970
2027,DJF,West Scotland,0.515,9.515
2028,DJF,West Scotland,0.551,8.583
2029,DJF,West Scotland,0.635,16.061
2030,DJF,West Scotland,0.497,9.235
2031,DJF,West Scotland,0.625,9.909
2032,DJF,West Scotland,0.728,13.697
2033,DJF,West Scotland,0.705,19.508
2034,DJF,West Scotland,0.434,9.030
2035,DJF,West Scotland,0.577,8.652
2036,DJF,West Scotland,0.606,9.295
2037,DJF,West Scotland,0.497,6.417
2038,DJF,West Scotland,0.606,13.523
2039,DJF,West Scotland,0.645,9.341
2040,DJF,West Scotland,0.544,9.447
2041,DJF,West Scotland,0.568,7.871
2042,DJF,West Scotland,0.658,14.917
2043,DJF,West Scotland,0.719,10.333
2044,DJF,West Scotland,0.686,8.273
2045,DJF,West Scotland,0.622,12.886
2046,DJF,West Scotland,0.651,13.886
2047,DJF,West Scotland,0.613,14.917
2048,DJF,West Scotland,0.705,18.477
2049,DJF,West Scotland,0.647,10.705
2050,DJF,West Scotland,0.658,13.727
2051,DJF,West Scotland,0.464,9.705
2052,DJF,West Scotland,0.426,6.773
2053,DJF,West Scotland,0.497,8.788
2054,DJF,West Scotland,0.551,8.682
2055,DJF,West Scotland,0.495,8.765
2056,DJF,West Scotland,0.701,11.833
2057,DJF,West Scotland,0.644,14.053
2058,DJF,West Scotland,0.645,10.561
2059,DJF,West Scotland,0.464,6.735
2060,DJF,West Scotland,0.485,9.538
2061,DJF,West Scotland,0.731,12.947
2062,DJF,West Scotland,0.648,10.947
2063,DJF,West Scotland,0.460,8.856
2064,DJF,West Scotland,0.630,10.758
2065,DJF,West Scotland,0.476,8.439
2066,DJF,West Scotland,0.384,8.068
2067,DJF,West Scotland,0.474,11.167
2068,DJF,West Scotland,0.775,22.159
2069,DJF,West Scotland,0.551,8.106
2070,DJF,West Scotland,0.665,11.614
2071,DJF,West Scotland,0.629,11.091
2072,DJF,West Scotland,0.673,11.455
2073,DJF,West Scotland,0.582,8.652
2074,DJF,West Scotland,0.656,10.273
2075,DJF,West Scotland,0.427,8.280
2076,DJF,West Scotland,0.553,9.720
2077,DJF,West Scotland,0.362,11.848
2078,DJF,West Scotland,0.631,14.205
2079,DJF,West Scotland,0.584,9.212
2080,DJF,West Scotland,0.732,15.636
1981,DJF,Yorkshire and Humber,0.509,9.396
1982,DJF,Yorkshire and Humber,0.497,10.772
1983,DJF,Yorkshire and Humber,0.423,6.109
1984,DJF,Yorkshire and Humber,0.484,8.545
1985,DJF,Yorkshire and Humber,0.527,8.683
1986,DJF,Yorkshire and Humber,0.475,6.366
1987,DJF,Yorkshire and Humber,0.512,6.921
1988,DJF,Yorkshire and Humber,0.501,6.634
1989,DJF,Yorkshire and Humber,0.322,7.733
1990,DJF,Yorkshire and Humber,0.372,4.901
1991,DJF,Yorkshire and Humber,0.498,6.594
1992,DJF,Yorkshire and Humber,0.476,6.238
1993,DJF,Yorkshire and Humber,0.404,7.574
1994,DJF,Yorkshire and Humber,0.441,6.178
1995,DJF,Yorkshire and Humber,0.471,6.941
1996,DJF,Yorkshire and Humber,0.581,7.455
1997,DJF,Yorkshire and Humber,0.440,6.624
1998,DJF,Yorkshire and Humber,0.445,6.762
1999,DJF,Yorkshire and Humber,0.442,6.752
2000,DJF,Yorkshire and Humber,0.457,7.356
2001,DJF,Yorkshire and Humber,0.533,8.267
2002,DJF,Yorkshire and Humber,0.343,5.257
2003,DJF,Yorkshire and Humber,0.554,8.406
2004,DJF,Yorkshire and Humber,0.464,8.000
2005,DJF,Yorkshire and Humber,0.423,6.416
2006,DJF,Yorkshire and Humber,0.507,7.822
2007,DJF,Yorkshire and Humber,0.529,11.416
2008,DJF,Yorkshire and Humber,0.440,7.762
2009,DJF,Yorkshire and Humber,0.394,5.723
2010,DJF,Yorkshire and Humber,0.559,7.228
2011,DJF,Yorkshire and Humber,0.362,4.386
2012,DJF,Yorkshire and Humber,0.430,7.871
2013,DJF,Yorkshire and Humber,0.520,9.099
2014,DJF,Yorkshire and Humber,0.474,8.396
2015,DJF,Yorkshire and Humber,0.460,7.673
2016,DJF,Yorkshire and Humber,0.525,6.960
2017,DJF,Yorkshire and Humber,0.469,6.683
2018,DJF,Yorkshire and Humber,0.481,7.950
2019,DJF,Yorkshire and Humber,0.494,7.673
2020,DJF,Yorkshire and Humber,0.496,5.713
2021,DJF,Yorkshire and Humber,0.502,6.851
2022,DJF,Yorkshire and Humber,0.323,5.644
2023,DJF,Yorkshire and Humber,0.434,6.881
2024,DJF,Yorkshire and Humber,0.457,6.515
2025,DJF,Yorkshire and Humber,0.414,5.010
2026,DJF,Yorkshire and Humber,0.375,4.634
2027,DJF,Yorkshire and Humber,0.440,6.515
2028,DJF,Yorkshire and Humber,0.421,4.881
2029,DJF,Yorkshire and Humber,0.515,6.356
2030,DJF,Yorkshire and Humber,0.468,7.515
2031,DJF,Yorkshire and Humber,0.434,8.069
2032,DJF,Yorkshire and Humber,0.505,7.604
2033,DJF,Yorkshire and Humber,0.380,5.277
2034,DJF,Yorkshire and Humber,0.406,7.832
2035,DJF,Yorkshire and Humber,0.459,6.208
2036,DJF,Yorkshire and Humber,0.359,5.149
2037,DJF,Yorkshire and Humber,0.354,5.010
2038,DJF,Yorkshire and Humber,0.336,8.921
2039,DJF,Yorkshire and Humber,0.488,6.050
2040,DJF,Yorkshire and Humber,0.382,5.366
2041,DJF,Yorkshire and Humber,0.424,6.614
2042,DJF,Yorkshire and Humber,0.438,7.752
2043,DJF,Yorkshire and Humber,0.522,8.446
2044,DJF,Yorkshire and Humber,0.508,7.842
2045,DJF,Yorkshire and Humber,0.529,11.356
2046,DJF,Yorkshire and Humber,0.429,6.465
2047,DJF,Yorkshire and Humber,0.568,8.267
2048,DJF,Yorkshire and Humber,0.365,5.455
2049,DJF,Yorkshire and Humber,0.464,6.139
2050,DJF,Yorkshire and Humber,0.428,6.208
2051,DJF,Yorkshire and Humber,0.386,6.020
2052,DJF,Yorkshire and Humber,0.379,5.366
2053,DJF,Yorkshire and Humber,0.505,6.525
2054,DJF,Yorkshire and Humber,0.477,8.416
2055,DJF,Yorkshire and Humber,0.530,6.356
2056,DJF,Yorkshire and Humber,0.592,10.634
2057,DJF,Yorkshire and Humber,0.513,7.812
2058,DJF,Yorkshire and Humber,0.473,7.307
2059,DJF,Yorkshire and Humber,0.415,8.743
2060,DJF,Yorkshire and Humber,0.381,5.901
2061,DJF,Yorkshire and Humber,0.585,9.376
2062,DJF,Yorkshire and Humber,0.545,7.495
2063,DJF,Yorkshire and Humber,0.375,5.376
2064,DJF,Yorkshire and Humber,0.436,7.099
2065,DJF,Yorkshire and Humber,0.454,6.911
2066,DJF,Yorkshire and Humber,0.450,6.901
2067,DJF,Yorkshire and Humber,0.359,8.109
2068,DJF,Yorkshire and Humber,0.605,11.970
2069,DJF,Yorkshire and Humber,0.454,8.277
2070,DJF,Yorkshire and Humber,0.443,6.257
2071,DJF,Yorkshire and Humber,0.458,6.099
2072,DJF,Yorkshire and Humber,0.501,5.802
2073,DJF,Yorkshire and Humber,0.501,6.317
2074,DJF,Yorkshire and Humber,0.413,6.673
2075,DJF,Yorkshire and Humber,0.391,6.446
2076,DJF,Yorkshire and Humber,0.398,4.970
2077,DJF,Yorkshire and Humber,0.270,5.743
2078,DJF,Yorkshire and Humber,0.540,9.733
2079,DJF,Yorkshire and Humber,0.459,5.713
2080,DJF,Yorkshire and Humber,0.480,8.208
1981,DJF,Channel Islands,0.467,5.000
1982,DJF,Channel Islands,0.456,4.000
1983,DJF,Channel Islands,0.361,7.000
1984,DJF,Channel Islands,0.472,6.500
1985,DJF,Channel Islands,0.422,6.500
1986,DJF,Channel Islands,0.406,5.500
1987,DJF,Channel Islands,0.522,7.000
1988,DJF,Channel Islands,0.517,9.000
1989,DJF,Channel Islands,0.333,9.500
1990,DJF,Channel Islands,0.372,7.000
1991,DJF,Channel Islands,0.400,6.000
1992,DJF,Channel Islands,0.372,6.500
1993,DJF,Channel Islands,0.422,9.000
1994,DJF,Channel Islands,0.400,5.500
1995,DJF,Channel Islands,0.450,6.500
1996,DJF,Channel Islands,0.528,6.000
1997,DJF,Channel Islands,0.528,7.000
1998,DJF,Channel Islands,0.594,7.000
1999,DJF,Channel Islands,0.411,6.000
2000,DJF,Channel Islands,0.567,7.000
2001,DJF,Channel Islands,0.500,8.000
2002,DJF,Channel Islands,0.289,4.000
2003,DJF,Channel Islands,0.522,6.500
2004,DJF,Channel Islands,0.467,6.000
2005,DJF,Channel Islands,0.394,7.000
2006,DJF,Channel Islands,0.628,11.000
2007,DJF,Channel Islands,0.611,11.000
2008,DJF,Channel Islands,0.422,7.000
2009,DJF,Channel Islands,0.433,8.000
2010,DJF,Channel Islands,0.550,6.000
2011,DJF,Channel Islands,0.350,5.000
2012,DJF,Channel Islands,0.450,7.000
2013,DJF,Channel Islands,0.528,12.000
2014,DJF,Channel Islands,0.367,7.000
2015,DJF,Channel Islands,0.478,12.000
2016,DJF,Channel Islands,0.517,9.000
2017,DJF,Channel Islands,0.522,9.500
2018,DJF,Channel Islands,0.517,9.500
2019,DJF,Channel Islands,0.594,8.000
2020,DJF,Channel Islands,0.506,5.000
2021,DJF,Channel Islands,0.394,10.000
2022,DJF,Channel Islands,0.311,5.500
2023,DJF,Channel Islands,0.400,4.000
2024,DJF,Channel Islands,0.428,5.000
2025,DJF,Channel Islands,0.444,6.500
2026,DJF,Channel Islands,0.389,6.500
2027,DJF,Channel Islands,0.544,6.500
2028,DJF,Channel Islands,0.417,7.000
2029,DJF,Channel Islands,0.472,8.500
2030,DJF,Channel Islands,0.472,12.500
2031,DJF,Channel Islands,0.433,6.000
2032,DJF,Channel Islands,0.522,6.000
2033,DJF,Channel Islands,0.417,5.500
2034,DJF,Channel Islands,0.311,6.000
2035,DJF,Channel Islands,0.411,8.000
2036,DJF,Channel Islands,0.394,5.500
2037,DJF,Channel Islands,0.333,5.000
2038,DJF,Channel Islands,0.278,15.000
2039,DJF,Channel Islands,0.567,14.000
2040,DJF,Channel Islands,0.289,4.000
2041,DJF,Channel Islands,0.456,8.000
2042,DJF,Channel Islands,0.433,11.500
2043,DJF,Channel Islands,0.506,8.000
2044,DJF,Channel Islands,0.528,5.000
2045,DJF,Channel Islands,0.544,13.000
2046,DJF,Channel Islands,0.489,9.000
2047,DJF,Channel Islands,0.650,12.000
2048,DJF,Channel Islands,0.433,6.000
2049,DJF,Channel Islands,0.550,8.000
2050,DJF,Channel Islands,0.506,4.500
2051,DJF,Channel Islands,0.400,6.500
2052,DJF,Channel Islands,0.417,6.000
2053,DJF,Channel Islands,0.494,8.000
2054,DJF,Channel Islands,0.511,7.000
2055,DJF,Channel Islands,0.439,6.500
2056,DJF,Channel Islands,0.583,12.000
2057,DJF,Channel Islands,0.533,8.000
2058,DJF,Channel Islands,0.444,5.500
2059,DJF,Channel Islands,0.367,6.000
2060,DJF,Channel Islands,0.411,7.500
2061,DJF,Channel Islands,0.594,11.500
2062,DJF,Channel Islands,0.567,11.000
2063,DJF,Channel Islands,0.378,7.000
2064,DJF,Channel Islands,0.417,4.000
2065,DJF,Channel Islands,0.511,13.500
2066,DJF,Channel Islands,0.378,7.500
2067,DJF,Channel Islands,0.367,9.500
2068,DJF,Channel Islands,0.567,5.000
2069,DJF,Channel Islands,0.428,11.000
2070,DJF,Channel Islands,0.439,6.500
2071,DJF,Channel Islands,0.450,5.000
2072,DJF,Channel Islands,0.517,11.000
2073,DJF,Channel Islands,0.522,8.500
2074,DJF,Channel Islands,0.356,6.000
2075,DJF,Channel Islands,0.350,9.000
2076,DJF,Channel Islands,0.389,8.000
2077,DJF,Channel Islands,0.222,5.000
2078,DJF,Channel Islands,0.511,13.000
2079,DJF,Channel Islands,0.533,7.000
2080,DJF,Channel Islands,0.461,5.000
1981,DJF,Isle of Man,0.467,11.000
1982,DJF,Isle of Man,0.511,6.333
1983,DJF,Isle of Man,0.515,11.333
1984,DJF,Isle of Man,0.441,6.000
1985,DJF,Isle of Man,0.578,7.667
1986,DJF,Isle of Man,0.596,7.333
1987,DJF,Isle of Man,0.530,8.000
1988,DJF,Isle of Man,0.563,10.333
1989,DJF,Isle of Man,0.470,4.333
1990,DJF,Isle of Man,0.533,6.333
1991,DJF,Isle of Man,0.385,5.333
1992,DJF,Isle of Man,0.463,8.333
1993,DJF,Isle of Man,0.544,9.333
1994,DJF,Isle of Man,0.378,4.000
1995,DJF,Isle of Man,0.478,5.000
1996,DJF,Isle of Man,0.507,6.000
1997,DJF,Isle of Man,0.515,5.333
1998,DJF,Isle of Man,0.489,7.667
1999,DJF,Isle of Man,0.519,8.333
2000,DJF,Isle of Man,0.463,8.333
2001,DJF,Isle of Man,0.541,12.000
2002,DJF,Isle of Man,0.485,6.333
2003,DJF,Isle of Man,0.585,7.000
2004,DJF,Isle of Man,0.504,4.333
2005,DJF,Isle of Man,0.407,6.000
2006,DJF,Isle of Man,0.552,8.000
2007,DJF,Isle of Man,0.615,9.000
2008,DJF,Isle of Man,0.615,8.000
2009,DJF,Isle of Man,0.493,5.000
2010,DJF,Isle of Man,0.589,4.667
2011,DJF,Isle of Man,0.411,4.333
2012,DJF,Isle of Man,0.433,5.667
2013,DJF,Isle of Man,0.504,9.000
2014,DJF,Isle of Man,0.415,5.000
2015,DJF,Isle of Man,0.511,6.667
2016,DJF,Isle of Man,0.496,5.333
2017,DJF,Isle of Man,0.596,7.333
2018,DJF,Isle of Man,0.426,4.667
2019,DJF,Isle of Man,0.463,5.000
2020,DJF,Isle of Man,0.593,6.667
2021,DJF,Isle of Man,0.559,7.000
2022,DJF,Isle of Man,0.363,4.000
2023,DJF,Isle of Man,0.448,7.667
2024,DJF,Isle of Man,0.489,6.667
2025,DJF,Isle of Man,0.448,6.000
2026,DJF,Isle of Man,0.500,5.000
2027,DJF,Isle of Man,0.519,7.000
2028,DJF,Isle of Man,0.489,6.667
2029,DJF,Isle of Man,0.537,7.000
2030,DJF,Isle of Man,0.485,7.333
2031,DJF,Isle of Man,0.515,6.000
2032,DJF,Isle of Man,0.552,7.667
2033,DJF,Isle of Man,0.496,5.333
2034,DJF,Isle of Man,0.415,5.333
2035,DJF,Isle of Man,0.415,6.000
2036,DJF,Isle of Man,0.422,5.333
2037,DJF,Isle of Man,0.389,4.000
2038,DJF,Isle of Man,0.419,9.000
2039,DJF,Isle of Man,0.563,9.667
2040,DJF,Isle of Man,0.415,5.333
2041,DJF,Isle of Man,0.504,5.000
2042,DJF,Isle of Man,0.563,12.000
2043,DJF,Isle of Man,0.648,7.333
2044,DJF,Isle of Man,0.593,5.667
2045,DJF,Isle of Man,0.496,7.000
2046,DJF,Isle of Man,0.496,6.000
2047,DJF,Isle of Man,0.522,8.000
2048,DJF,Isle of Man,0.489,8.000
2049,DJF,Isle of Man,0.526,5.333
2050,DJF,Isle of Man,0.567,7.000
2051,DJF,Isle of Man,0.433,5.333
2052,DJF,Isle of Man,0.437,6.000
2053,DJF,Isle of Man,0.481,12.333
2054,DJF,Isle of Man,0.463,5.667
2055,DJF,Isle of Man,0.515,5.000
2056,DJF,Isle of Man,0.619,11.333
2057,DJF,Isle of Man,0.493,8.000
2058,DJF,Isle of Man,0.533,8.000
2059,DJF,Isle of Man,0.415,5.333
2060,DJF,Isle of Man,0.344,3.667
2061,DJF,Isle of Man,0.644,6.333
2062,DJF,Isle of Man,0.559,7.000
2063,DJF,Isle of Man,0.444,7.000
2064,DJF,Isle of Man,0.500,6.333
2065,DJF,Isle of Man,0.485,9.000
2066,DJF,Isle of Man,0.322,4.667
2067,DJF,Isle of Man,0.374,4.000
2068,DJF,Isle of Man,0.656,8.000
2069,DJF,Isle of Man,0.489,10.333
2070,DJF,Isle of Man,0.485,4.000
2071,DJF,Isle of Man,0.463,4.333
2072,DJF,Isle of Man,0.515,7.667
2073,DJF,Isle of Man,0.533,7.000
2074,DJF,Isle of Man,0.459,6.000
2075,DJF,Isle of Man,0.307,5.333
2076,DJF,Isle of Man,0.426,4.667
2077,DJF,Isle of Man,0.281,5.000
2078,DJF,Isle of Man,0.552,13.000
2079,DJF,Isle of Man,0.544,7.000
2080,DJF,Isle of Man,0.533,7.333
1981,DJF,Northern Ireland,0.562,15.741
1982,DJF,Northern Ireland,0.544,7.988
1983,DJF,Northern Ireland,0.524,8.212
1984,DJF,Northern Ireland,0.558,12.553
1985,DJF,Northern Ireland,0.657,12.388
1986,DJF,Northern Ireland,0.623,8.165
1987,DJF,Northern Ireland,0.634,11.071
1988,DJF,Northern Ireland,0.581,9.388
1989,DJF,Northern Ireland,0.491,6.565
1990,DJF,Northern Ireland,0.544,6.647
1991,DJF,Northern Ireland,0.445,6.118
1992,DJF,Northern Ireland,0.559,7.906
1993,DJF,Northern Ireland,0.475,9.624
1994,DJF,Northern Ireland,0.398,4.341
1995,DJF,Northern Ireland,0.536,8.459
1996,DJF,Northern Ireland,0.538,8.341
1997,DJF,Northern Ireland,0.585,7.647
1998,DJF,Northern Ireland,0.558,6.412
1999,DJF,Northern Ireland,0.495,6.929
2000,DJF,Northern Ireland,0.514,9.471
2001,DJF,Northern Ireland,0.579,10.059
2002,DJF,Northern Ireland,0.499,8.365
2003,DJF,Northern Ireland,0.598,8.965
2004,DJF,Northern Ireland,0.570,9.729
2005,DJF,Northern Ireland,0.498,5.847
2006,DJF,Northern Ireland,0.544,8.106
2007,DJF,Northern Ireland,0.676,14.965
2008,DJF,Northern Ireland,0.669,14.976
2009,DJF,Northern Ireland,0.471,5.224
2010,DJF,Northern Ireland,0.608,7.588
2011,DJF,Northern Ireland,0.439,5.941
2012,DJF,Northern Ireland,0.487,6.835
2013,DJF,Northern Ireland,0.593,11.047
2014,DJF,Northern Ireland,0.482,6.259
2015,DJF,Northern Ireland,0.623,9.435
2016,DJF,Northern Ireland,0.527,5.976
2017,DJF,Northern Ireland,0.653,8.682
2018,DJF,Northern Ireland,0.470,6.094
2019,DJF,Northern Ireland,0.486,8.024
2020,DJF,Northern Ireland,0.648,11.129
2021,DJF,Northern Ireland,0.587,8.341
2022,DJF,Northern Ireland,0.435,6.906
2023,DJF,Northern Ireland,0.533,7.235
2024,DJF,Northern Ireland,0.533,10.259
2025,DJF,Northern Ireland,0.526,7.847
2026,DJF,Northern Ireland,0.587,6.612
2027,DJF,Northern Ireland,0.510,6.906
2028,DJF,Northern Ireland,0.501,6.176
2029,DJF,Northern Ireland,0.636,9.282
2030,DJF,Northern Ireland,0.471,6.659
2031,DJF,Northern Ireland,0.534,7.353
2032,DJF,Northern Ireland,0.623,8.329
2033,DJF,Northern Ireland,0.598,10.976
2034,DJF,Northern Ireland,0.428,6.412
2035,DJF,Northern Ireland,0.531,6.388
2036,DJF,Northern Ireland,0.518,7.741
2037,DJF,Northern Ireland,0.409,4.553
2038,DJF,Northern Ireland,0.509,9.918
2039,DJF,Northern Ireland,0.558,9.094
2040,DJF,Northern Ireland,0.490,7.847
2041,DJF,Northern Ireland,0.531,8.318
2042,DJF,Northern Ireland,0.568,8.447
2043,DJF,Northern Ireland,0.590,7.518
2044,DJF,Northern Ireland,0.595,7.282
2045,DJF,Northern Ireland,0.590,10.282
2046,DJF,Northern Ireland,0.509,8.141
2047,DJF,Northern Ireland,0.606,11.576
2048,DJF,Northern Ireland,0.573,11.506
2049,DJF,Northern Ireland,0.587,7.706
2050,DJF,Northern Ireland,0.610,8.682
2051,DJF,Northern Ireland,0.478,7.929
2052,DJF,Northern Ireland,0.448,6.988
2053,DJF,Northern Ireland,0.517,8.471
2054,DJF,Northern Ireland,0.496,6.259
2055,DJF,Northern Ireland,0.517,6.318
2056,DJF,Northern Ireland,0.650,12.647
2057,DJF,Northern Ireland,0.565,10.741
2058,DJF,Northern Ireland,0.588,8.365
2059,DJF,Northern Ireland,0.441,6.659
2060,DJF,Northern Ireland,0.455,6.624
2061,DJF,Northern Ireland,0.642,8.859
2062,DJF,Northern Ireland,0.584,8.647
2063,DJF,Northern Ireland,0.469,6.388
2064,DJF,Northern Ireland,0.577,8.471
2065,DJF,Northern Ireland,0.462,7.471
2066,DJF,Northern Ireland,0.326,5.718
2067,DJF,Northern Ireland,0.352,4.871
2068,DJF,Northern Ireland,0.684,11.012
2069,DJF,Northern Ireland,0.499,7.329
2070,DJF,Northern Ireland,0.546,7.941
2071,DJF,Northern Ireland,0.466,7.388
2072,DJF,Northern Ireland,0.590,7.259
2073,DJF,Northern Ireland,0.552,10.200
2074,DJF,Northern Ireland,0.582,6.400
2075,DJF,Northern Ireland,0.387,5.894
2076,DJF,Northern Ireland,0.497,9.271
2077,DJF,Northern Ireland,0.284,6.529
2078,DJF,Northern Ireland,0.592,11.506
2079,DJF,Northern Ireland,0.577,7.682
2080,DJF,Northern Ireland,0.615,10.388
1981,DJF,Wales,0.540,13.549
1982,DJF,Wales,0.619,11.985
1983,DJF,Wales,0.594,13.947
1984,DJF,Wales,0.566,12.774
1985,DJF,Wales,0.637,11.902
1986,DJF,Wales,0.640,9.820
1987,DJF,Wales,0.732,14.158
1988,DJF,Wales,0.616,12.451
1989,DJF,Wales,0.499,10.173
1990,DJF,Wales,0.515,6.842
1991,DJF,Wales,0.492,8.429
1992,DJF,Wales,0.588,10.150
1993,DJF,Wales,0.475,11.135
1994,DJF,Wales,0.517,7.060
1995,DJF,Wales,0.543,11.556
1996,DJF,Wales,0.603,9.226
1997,DJF,Wales,0.608,9.023
1998,DJF,Wales,0.655,12.992
1999,DJF,Wales,0.528,9.827
2000,DJF,Wales,0.594,9.985
2001,DJF,Wales,0.606,12.767
2002,DJF,Wales,0.474,8.105
2003,DJF,Wales,0.584,9.180
2004,DJF,Wales,0.593,11.353
2005,DJF,Wales,0.504,7.729
2006,DJF,Wales,0.629,14.203
2007,DJF,Wales,0.689,13.226
2008,DJF,Wales,0.663,12.444
2009,DJF,Wales,0.565,8.459
2010,DJF,Wales,0.676,12.105
2011,DJF,Wales,0.448,6.195
2012,DJF,Wales,0.491,9.293
2013,DJF,Wales,0.617,12.383
2014,DJF,Wales,0.495,8.323
2015,DJF,Wales,0.665,12.677
2016,DJF,Wales,0.636,14.459
2017,DJF,Wales,0.656,10.474
2018,DJF,Wales,0.574,9.632
2019,DJF,Wales,0.585,8.744
2020,DJF,Wales,0.640,11.549
2021,DJF,Wales,0.576,9.669
2022,DJF,Wales,0.425,10.496
2023,DJF,Wales,0.544,11.812
2024,DJF,Wales,0.595,10.789
2025,DJF,Wales,0.532,7.556
2026,DJF,Wales,0.594,10.158
2027,DJF,Wales,0.573,12.677
2028,DJF,Wales,0.580,10.241
2029,DJF,Wales,0.580,11.850
2030,DJF,Wales,0.570,9.241
2031,DJF,Wales,0.566,10.932
2032,DJF,Wales,0.731,14.887
2033,DJF,Wales,0.568,11.098
2034,DJF,Wales,0.444,6.105
2035,DJF,Wales,0.543,7.970
2036,DJF,Wales,0.516,6.970
2037,DJF,Wales,0.456,6.504
2038,DJF,Wales,0.481,7.098
2039,DJF,Wales,0.682,13.789
2040,DJF,Wales,0.451,7.812
2041,DJF,Wales,0.491,8.271
2042,DJF,Wales,0.600,14.068
2043,DJF,Wales,0.669,11.421
2044,DJF,Wales,0.685,13.075
2045,DJF,Wales,0.615,14.519
2046,DJF,Wales,0.615,9.083
2047,DJF,Wales,0.677,13.902
2048,DJF,Wales,0.569,9.714
2049,DJF,Wales,0.617,12.376
2050,DJF,Wales,0.598,13.211
2051,DJF,Wales,0.570,13.504
2052,DJF,Wales,0.497,7.992
2053,DJF,Wales,0.558,11.451
2054,DJF,Wales,0.584,12.436
2055,DJF,Wales,0.563,8.000
2056,DJF,Wales,0.741,15.744
2057,DJF,Wales,0.603,9.541
2058,DJF,Wales,0.670,11.932
2059,DJF,Wales,0.464,7.286
2060,DJF,Wales,0.455,7.226
2061,DJF,Wales,0.740,15.692
2062,DJF,Wales,0.703,14.436
2063,DJF,Wales,0.428,7.887
2064,DJF,Wales,0.593,11.308
2065,DJF,Wales,0.538,9.248
2066,DJF,Wales,0.405,8.451
2067,DJF,Wales,0.461,10.662
2068,DJF,Wales,0.771,14.368
2069,DJF,Wales,0.600,14.361
2070,DJF,Wales,0.600,9.391
2071,DJF,Wales,0.546,6.391
2072,DJF,Wales,0.634,8.338
2073,DJF,Wales,0.609,12.519
2074,DJF,Wales,0.609,8.744
2075,DJF,Wales,0.466,7.383
2076,DJF,Wales,0.516,8.308
2077,DJF,Wales,0.313,11.293
2078,DJF,Wales,0.644,17.564
2079,DJF,Wales,0.662,10.143
2080,DJF,Wales,0.653,15.195
1981,MAM,East Midlands,0.398,8.932
1982,MAM,East Midlands,0.338,4.553
1983,MAM,East Midlands,0.218,3.718
1984,MAM,East Midlands,0.383,4.922
1985,MAM,East Midlands,0.461,6.301
1986,MAM,East Midlands,0.376,6.699
1987,MAM,East Midlands,0.382,3.835
1988,MAM,East Midlands,0.396,5.893
1989,MAM,East Midlands,0.488,5.825
1990,MAM,East Midlands,0.199,2.864
1991,MAM,East Midlands,0.332,5.087
1992,MAM,East Midlands,0.369,5.612
1993,MAM,East Midlands,0.525,9.078
1994,MAM,East Midlands,0.478,6.864
1995,MAM,East Midlands,0.445,10.029
1996,MAM,East Midlands,0.344,4.816
1997,MAM,East Midlands,0.271,4.010
1998,MAM,East Midlands,0.480,8.039
1999,MAM,East Midlands,0.512,8.777
2000,MAM,East Midlands,0.385,6.184
2001,MAM,East Midlands,0.349,5.087
2002,MAM,East Midlands,0.225,4.427
2003,MAM,East Midlands,0.392,5.466
2004,MAM,East Midlands,0.442,8.068
2005,MAM,East Midlands,0.390,4.951
2006,MAM,East Midlands,0.483,7.757
2007,MAM,East Midlands,0.302,8.068
2008,MAM,East Midlands,0.415,6.670
2009,MAM,East Midlands,0.368,5.883
2010,MAM,East Midlands,0.492,8.573
2011,MAM,East Midlands,0.431,7.689
2012,MAM,East Midlands,0.502,6.845
2013,MAM,East Midlands,0.393,5.194
2014,MAM,East Midlands,0.400,5.981
2015,MAM,East Midlands,0.417,10.942
2016,MAM,East Midlands,0.425,5.049
2017,MAM,East Midlands,0.451,10.087
2018,MAM,East Midlands,0.419,6.010
2019,MAM,East Midlands,0.483,6.301
2020,MAM,East Midlands,0.349,5.670
2021,MAM,East Midlands,0.376,7.456
2022,MAM,East Midlands,0.314,4.621
2023,MAM,East Midlands,0.494,9.573
2024,MAM,East Midlands,0.397,8.107
2025,MAM,East Midlands,0.363,5.495
2026,MAM,East Midlands,0.368,8.689
2027,MAM,East Midlands,0.280,5.301
2028,MAM,East Midlands,0.446,9.369
2029,MAM,East Midlands,0.409,7.165
2030,MAM,East Midlands,0.515,8.068
2031,MAM,East Midlands,0.291,4.136
2032,MAM,East Midlands,0.431,7.777
2033,MAM,East Midlands,0.466,7.854
2034,MAM,East Midlands,0.452,8.078
2035,MAM,East Midlands,0.360,6.485
2036,MAM,East Midlands,0.360,4.883
2037,MAM,East Midlands,0.333,4.709
2038,MAM,East Midlands,0.515,8.359
2039,MAM,East Midlands,0.430,5.408
2040,MAM,East Midlands,0.450,6.699
2041,MAM,East Midlands,0.374,5.854
2042,MAM,East Midlands,0.514,10.398
2043,MAM,East Midlands,0.294,4.252
2044,MAM,East Midlands,0.283,4.126
2045,MAM,East Midlands,0.311,5.544
2046,MAM,East Midlands,0.388,6.524
2047,MAM,East Midlands,0.315,6.184
2048,MAM,East Midlands,0.431,9.466
2049,MAM,East Midlands,0.471,6.942
2050,MAM,East Midlands,0.368,4.738
2051,MAM,East Midlands,0.380,6.282
2052,MAM,East Midlands,0.298,5.359
2053,MAM,East Midlands,0.446,7.330
2054,MAM,East Midlands,0.358,5.709
2055,MAM,East Midlands,0.250,5.544
2056,MAM,East Midlands,0.315,4.922
2057,MAM,East Midlands,0.310,4.505
2058,MAM,East Midlands,0.425,7.573
2059,MAM,East Midlands,0.597,8.126
2060,MAM,East Midlands,0.369,5.049
2061,MAM,East Midlands,0.357,5.728
2062,MAM,East Midlands,0.536,7.767
2063,MAM,East Midlands,0.320,4.534
2064,MAM,East Midlands,0.412,10.379
2065,MAM,East Midlands,0.397,6.437
2066,MAM,East Midlands,0.479,8.214
2067,MAM,East Midlands,0.454,7.951
2068,MAM,East Midlands,0.516,8.981
2069,MAM,East Midlands,0.346,4.252
2070,MAM,East Midlands,0.243,2.476
2071,MAM,East Midlands,0.367,5.252
2072,MAM,East Midlands,0.384,5.583
2073,MAM,East Midlands,0.180,3.340
2074,MAM,East Midlands,0.383,5.845
2075,MAM,East Midlands,0.372,6.796
2076,MAM,East Midlands,0.240,4.738
2077,MAM,East Midlands,0.371,5.330
2078,MAM,East Midlands,0.398,5.544
2079,MAM,East Midlands,0.295,3.845
2080,MAM,East Midlands,0.272,5.893
1981,MAM,East of England,0.331,7.087
1982,MAM,East of England,0.311,4.252
1983,MAM,East of England,0.255,4.465
1984,MAM,East of England,0.323,4.362
1985,MAM,East of England,0.478,5.921
1986,MAM,East of England,0.346,6.276
1987,MAM,East of England,0.389,4.858
1988,MAM,East of England,0.374,5.354
1989,MAM,East of England,0.478,7.992
1990,MAM,East of England,0.209,3.528
1991,MAM,East of England,0.350,5.394
1992,MAM,East of England,0.373,5.386
1993,MAM,East of England,0.466,7.276
1994,MAM,East of England,0.428,7.992
1995,MAM,East of England,0.423,9.449
1996,MAM,East of England,0.322,5.709
1997,MAM,East of England,0.267,5.961
1998,MAM,East of England,0.434,5.850
1999,MAM,East of England,0.521,9.228
2000,MAM,East of England,0.377,7.378
2001,MAM,East of England,0.338,4.449
2002,MAM,East of England,0.232,4.449
2003,MAM,East of England,0.390,6.472
2004,MAM,East of England,0.352,8.205
2005,MAM,East of England,0.377,5.118
2006,MAM,East of England,0.509,8.024
2007,MAM,East of England,0.270,6.598
2008,MAM,East of England,0.417,7.598
2009,MAM,East of England,0.382,6.850
2010,MAM,East of England,0.454,6.756
2011,MAM,East of England,0.459,7.575
2012,MAM,East of England,0.456,5.370
2013,MAM,East of England,0.401,7.551
2014,MAM,East of England,0.422,4.992
2015,MAM,East of England,0.420,9.165
2016,MAM,East of England,0.457,6.465
2017,MAM,East of England,0.428,7.465
2018,MAM,East of England,0.407,6.606
2019,MAM,East of England,0.478,7.134
2020,MAM,East of England,0.367,4.992
2021,MAM,East of England,0.325,8.937
2022,MAM,East of England,0.285,4.291
2023,MAM,East of England,0.428,7.016
2024,MAM,East of England,0.418,7.528
2025,MAM,East of England,0.303,3.323
2026,MAM,East of England,0.335,6.205
2027,MAM,East of England,0.264,5.677
2028,MAM,East of England,0.425,9.417
2029,MAM,East of England,0.386,7.504
2030,MAM,East of England,0.515,7.094
2031,MAM,East of England,0.289,4.472
2032,MAM,East of England,0.462,8.094
2033,MAM,East of England,0.449,6.906
2034,MAM,East of England,0.453,10.874
2035,MAM,East of England,0.316,4.843
2036,MAM,East of England,0.382,4.953
2037,MAM,East of England,0.310,6.732
2038,MAM,East of England,0.526,7.189
2039,MAM,East of England,0.436,6.055
2040,MAM,East of England,0.462,6.402
2041,MAM,East of England,0.431,7.945
2042,MAM,East of England,0.466,10.677
2043,MAM,East of England,0.248,4.031
2044,MAM,East of England,0.295,4.228
2045,MAM,East of England,0.274,5.189
2046,MAM,East of England,0.358,4.260
2047,MAM,East of England,0.311,6.055
2048,MAM,East of England,0.406,8.378
2049,MAM,East of England,0.434,5.449
2050,MAM,East of England,0.375,3.984
2051,MAM,East of England,0.371,6.252
2052,MAM,East of England,0.327,5.748
2053,MAM,East of England,0.438,5.551
2054,MAM,East of England,0.355,4.685
2055,MAM,East of England,0.233,4.047
2056,MAM,East of England,0.299,5.732
2057,MAM,East of England,0.307,4.236
2058,MAM,East of England,0.414,7.882
2059,MAM,East of England,0.582,10.197
2060,MAM,East of England,0.412,6.559
2061,MAM,East of England,0.308,5.276
2062,MAM,East of England,0.553,10.630
2063,MAM,East of England,0.316,4.063
2064,MAM,East of England,0.335,7.772
2065,MAM,East of England,0.406,8.717
2066,MAM,East of England,0.437,7.811
2067,MAM,East of England,0.448,7.488
2068,MAM,East of England,0.473,9.126
2069,MAM,East of England,0.345,4.252
2070,MAM,East of England,0.218,3.079
2071,MAM,East of England,0.348,4.583
2072,MAM,East of England,0.382,5.575
2073,MAM,East of England,0.172,3.709
2074,MAM,East of England,0.409,5.433
2075,MAM,East of England,0.406,8.276
2076,MAM,East of England,0.183,3.811
2077,MAM,East of England,0.321,4.583
2078,MAM,East of England,0.403,6.150
2079,MAM,East of England,0.269,3.276
2080,MAM,East of England,0.241,4.740
1981,MAM,East Scotland,0.536,7.544
1982,MAM,East Scotland,0.466,8.188
1983,MAM,East Scotland,0.242,5.069
1984,MAM,East Scotland,0.459,9.125
1985,MAM,East Scotland,0.395,7.806
1986,MAM,East Scotland,0.378,6.263
1987,MAM,East Scotland,0.385,7.237
1988,MAM,East Scotland,0.467,7.300
1989,MAM,East Scotland,0.544,9.100
1990,MAM,East Scotland,0.327,4.694
1991,MAM,East Scotland,0.389,7.069
1992,MAM,East Scotland,0.436,6.213
1993,MAM,East Scotland,0.556,8.012
1994,MAM,East Scotland,0.494,9.031
1995,MAM,East Scotland,0.450,8.200
1996,MAM,East Scotland,0.435,9.469
1997,MAM,East Scotland,0.376,5.300
1998,MAM,East Scotland,0.492,8.494
1999,MAM,East Scotland,0.515,8.906
2000,MAM,East Scotland,0.374,6.138
2001,MAM,East Scotland,0.442,5.731
2002,MAM,East Scotland,0.308,4.700
2003,MAM,East Scotland,0.400,9.331
2004,MAM,East Scotland,0.438,10.194
2005,MAM,East Scotland,0.409,5.544
2006,MAM,East Scotland,0.456,6.912
2007,MAM,East Scotland,0.355,7.737
2008,MAM,East Scotland,0.456,6.731
2009,MAM,East Scotland,0.415,7.769
2010,MAM,East Scotland,0.555,11.931
2011,MAM,East Scotland,0.479,8.331
2012,MAM,East Scotland,0.580,9.569
2013,MAM,East Scotland,0.453,7.019
2014,MAM,East Scotland,0.369,7.706
2015,MAM,East Scotland,0.424,8.775
2016,MAM,East Scotland,0.496,10.006
2017,MAM,East Scotland,0.405,7.756
2018,MAM,East Scotland,0.526,9.762
2019,MAM,East Scotland,0.483,7.219
2020,MAM,East Scotland,0.451,7.338
2021,MAM,East Scotland,0.397,6.487
2022,MAM,East Scotland,0.406,5.350
2023,MAM,East Scotland,0.563,8.100
2024,MAM,East Scotland,0.525,11.794
2025,MAM,East Scotland,0.427,7.456
2026,MAM,East Scotland,0.421,8.019
2027,MAM,East Scotland,0.340,5.938
2028,MAM,East Scotland,0.475,6.744
2029,MAM,East Scotland,0.490,7.919
2030,MAM,East Scotland,0.479,7.731
2031,MAM,East Scotland,0.430,6.519
2032,MAM,East Scotland,0.409,6.675
2033,MAM,East Scotland,0.482,8.319
2034,MAM,East Scotland,0.571,9.000
2035,MAM,East Scotland,0.487,8.856
2036,MAM,East Scotland,0.425,9.125
2037,MAM,East Scotland,0.403,6.875
2038,MAM,East Scotland,0.515,10.019
2039,MAM,East Scotland,0.413,7.781
2040,MAM,East Scotland,0.498,7.688
2041,MAM,East Scotland,0.491,7.763
2042,MAM,East Scotland,0.507,8.900
2043,MAM,East Scotland,0.393,5.994
2044,MAM,East Scotland,0.375,6.100
2045,MAM,East Scotland,0.303,6.513
2046,MAM,East Scotland,0.430,8.062
2047,MAM,East Scotland,0.345,7.088
2048,MAM,East Scotland,0.425,7.850
2049,MAM,East Scotland,0.521,7.281
2050,MAM,East Scotland,0.483,8.681
2051,MAM,East Scotland,0.423,8.300
2052,MAM,East Scotland,0.349,5.806
2053,MAM,East Scotland,0.437,6.625
2054,MAM,East Scotland,0.403,8.294
2055,MAM,East Scotland,0.364,6.331
2056,MAM,East Scotland,0.371,6.381
2057,MAM,East Scotland,0.386,6.600
2058,MAM,East Scotland,0.480,7.987
2059,MAM,East Scotland,0.587,12.644
2060,MAM,East Scotland,0.435,7.500
2061,MAM,East Scotland,0.513,9.481
2062,MAM,East Scotland,0.531,10.750
2063,MAM,East Scotland,0.357,5.031
2064,MAM,East Scotland,0.467,7.763
2065,MAM,East Scotland,0.496,7.931
2066,MAM,East Scotland,0.466,7.169
2067,MAM,East Scotland,0.548,8.831
2068,MAM,East Scotland,0.486,8.113
2069,MAM,East Scotland,0.507,14.250
2070,MAM,East Scotland,0.368,5.456
2071,MAM,East Scotland,0.427,7.138
2072,MAM,East Scotland,0.444,5.681
2073,MAM,East Scotland,0.316,6.619
2074,MAM,East Scotland,0.461,7.494
2075,MAM,East Scotland,0.539,10.806
2076,MAM,East Scotland,0.360,5.500
2077,MAM,East Scotland,0.482,6.588
2078,MAM,East Scotland,0.493,9.019
2079,MAM,East Scotland,0.454,7.862
2080,MAM,East Scotland,0.378,7.256
1981,MAM,London,0.374,9.167
1982,MAM,London,0.310,3.750
1983,MAM,London,0.226,4.250
1984,MAM,London,0.329,6.667
1985,MAM,London,0.492,6.583
1986,MAM,London,0.335,5.667
1987,MAM,London,0.418,5.083
1988,MAM,London,0.369,5.000
1989,MAM,London,0.491,10.750
1990,MAM,London,0.205,2.917
1991,MAM,London,0.344,5.833
1992,MAM,London,0.417,7.833
1993,MAM,London,0.438,6.417
1994,MAM,London,0.447,7.667
1995,MAM,London,0.395,6.250
1996,MAM,London,0.367,6.667
1997,MAM,London,0.276,4.167
1998,MAM,London,0.483,5.583
1999,MAM,London,0.522,9.333
2000,MAM,London,0.369,5.833
2001,MAM,London,0.336,5.167
2002,MAM,London,0.227,3.750
2003,MAM,London,0.423,7.000
2004,MAM,London,0.372,7.750
2005,MAM,London,0.335,4.917
2006,MAM,London,0.555,8.583
2007,MAM,London,0.294,6.417
2008,MAM,London,0.381,6.083
2009,MAM,London,0.381,4.250
2010,MAM,London,0.439,6.417
2011,MAM,London,0.456,11.000
2012,MAM,London,0.491,6.417
2013,MAM,London,0.386,8.500
2014,MAM,London,0.445,5.500
2015,MAM,London,0.397,7.333
2016,MAM,London,0.424,7.500
2017,MAM,London,0.419,7.000
2018,MAM,London,0.397,6.583
2019,MAM,London,0.471,5.583
2020,MAM,London,0.406,6.417
2021,MAM,London,0.368,10.000
2022,MAM,London,0.264,4.500
2023,MAM,London,0.476,11.667
2024,MAM,London,0.432,9.167
2025,MAM,London,0.338,3.250
2026,MAM,London,0.352,9.250
2027,MAM,London,0.246,4.083
2028,MAM,London,0.422,11.417
2029,MAM,London,0.383,7.583
2030,MAM,London,0.474,7.500
2031,MAM,London,0.301,5.000
2032,MAM,London,0.434,7.750
2033,MAM,London,0.462,7.167
2034,MAM,London,0.460,13.833
2035,MAM,London,0.356,4.333
2036,MAM,London,0.400,5.750
2037,MAM,London,0.305,7.917
2038,MAM,London,0.505,8.417
2039,MAM,London,0.397,4.833
2040,MAM,London,0.475,7.000
2041,MAM,London,0.413,6.667
2042,MAM,London,0.516,10.000
2043,MAM,London,0.272,3.750
2044,MAM,London,0.349,5.083
2045,MAM,London,0.300,5.000
2046,MAM,London,0.362,4.167
2047,MAM,London,0.295,6.667
2048,MAM,London,0.405,9.250
2049,MAM,London,0.434,6.667
2050,MAM,London,0.381,4.917
2051,MAM,London,0.410,8.667
2052,MAM,London,0.371,6.333
2053,MAM,London,0.415,5.417
2054,MAM,London,0.301,4.167
2055,MAM,London,0.211,3.917
2056,MAM,London,0.276,5.583
2057,MAM,London,0.318,3.667
2058,MAM,London,0.398,6.667
2059,MAM,London,0.529,7.750
2060,MAM,London,0.357,5.250
2061,MAM,London,0.306,4.167
2062,MAM,London,0.516,8.833
2063,MAM,London,0.337,4.833
2064,MAM,London,0.317,8.000
2065,MAM,London,0.382,6.833
2066,MAM,London,0.438,7.833
2067,MAM,London,0.419,5.000
2068,MAM,London,0.396,5.083
2069,MAM,London,0.331,3.917
2070,MAM,London,0.211,3.250
2071,MAM,London,0.334,4.167
2072,MAM,London,0.389,7.167
2073,MAM,London,0.139,3.417
2074,MAM,London,0.373,5.667
2075,MAM,London,0.379,6.500
2076,MAM,London,0.200,4.750
2077,MAM,London,0.307,4.750
2078,MAM,London,0.394,5.583
2079,MAM,London,0.249,3.250
2080,MAM,London,0.231,5.167
1981,MAM,North East England,0.503,10.333
1982,MAM,North East England,0.396,5.667
1983,MAM,North East England,0.242,5.088
1984,MAM,North East England,0.477,6.912
1985,MAM,North East England,0.466,6.965
1986,MAM,North East England,0.366,6.842
1987,MAM,North East England,0.355,4.298
1988,MAM,North East England,0.462,6.754
1989,MAM,North East England,0.519,7.772
1990,MAM,North East England,0.229,3.404
1991,MAM,North East England,0.401,7.175
1992,MAM,North East England,0.419,5.246
1993,MAM,North East England,0.589,11.561
1994,MAM,North East England,0.558,8.930
1995,MAM,North East England,0.454,8.754
1996,MAM,North East England,0.407,9.421
1997,MAM,North East England,0.331,3.947
1998,MAM,North East England,0.518,9.333
1999,MAM,North East England,0.450,6.281
2000,MAM,North East England,0.358,7.667
2001,MAM,North East England,0.410,5.316
2002,MAM,North East England,0.254,3.544
2003,MAM,North East England,0.392,6.333
2004,MAM,North East England,0.443,11.825
2005,MAM,North East England,0.454,5.140
2006,MAM,North East England,0.494,7.509
2007,MAM,North East England,0.347,6.754
2008,MAM,North East England,0.443,6.175
2009,MAM,North East England,0.491,8.316
2010,MAM,North East England,0.566,11.596
2011,MAM,North East England,0.433,7.474
2012,MAM,North East England,0.522,7.018
2013,MAM,North East England,0.437,6.386
2014,MAM,North East England,0.394,5.281
2015,MAM,North East England,0.359,8.544
2016,MAM,North East England,0.437,6.421
2017,MAM,North East England,0.413,5.965
2018,MAM,North East England,0.490,9.333
2019,MAM,North East England,0.489,5.719
2020,MAM,North East England,0.375,7.246
2021,MAM,North East England,0.433,7.456
2022,MAM,North East England,0.393,5.491
2023,MAM,North East England,0.524,6.965
2024,MAM,North East England,0.478,9.930
2025,MAM,North East England,0.412,5.298
2026,MAM,North East England,0.415,8.947
2027,MAM,North East England,0.271,4.895
2028,MAM,North East England,0.500,10.351
2029,MAM,North East England,0.433,5.386
2030,MAM,North East England,0.474,7.088
2031,MAM,North East England,0.387,5.175
2032,MAM,North East England,0.413,6.965
2033,MAM,North East England,0.464,7.439
2034,MAM,North East England,0.527,8.825
2035,MAM,North East England,0.377,5.825
2036,MAM,North East England,0.392,7.526
2037,MAM,North East England,0.374,6.070
2038,MAM,North East England,0.494,7.070
2039,MAM,North East England,0.449,8.351
2040,MAM,North East England,0.423,6.491
2041,MAM,North East England,0.419,6.298
2042,MAM,North East England,0.489,9.123
2043,MAM,North East England,0.319,4.930
2044,MAM,North East England,0.303,4.719
2045,MAM,North East England,0.269,3.965
2046,MAM,North East England,0.390,5.281
2047,MAM,North East England,0.331,6.228
2048,MAM,North East England,0.426,7.035
2049,MAM,North East England,0.470,6.175
2050,MAM,North East England,0.476,7.667
2051,MAM,North East England,0.420,7.702
2052,MAM,North East England,0.336,4.877
2053,MAM,North East England,0.479,6.368
2054,MAM,North East England,0.386,7.965
2055,MAM,North East England,0.272,4.456
2056,MAM,North East England,0.304,4.684
2057,MAM,North East England,0.334,5.807
2058,MAM,North East England,0.437,10.018
2059,MAM,North East England,0.626,9.825
2060,MAM,North East England,0.452,4.930
2061,MAM,North East England,0.446,11.842
2062,MAM,North East England,0.570,11.263
2063,MAM,North East England,0.319,5.404
2064,MAM,North East England,0.480,6.561
2065,MAM,North East England,0.433,6.947
2066,MAM,North East England,0.533,7.754
2067,MAM,North East England,0.532,9.719
2068,MAM,North East England,0.515,9.316
2069,MAM,North East England,0.412,7.965
2070,MAM,North East England,0.330,4.702
2071,MAM,North East England,0.385,6.526
2072,MAM,North East England,0.461,7.140
2073,MAM,North East England,0.246,5.719
2074,MAM,North East England,0.417,6.754
2075,MAM,North East England,0.476,8.333
2076,MAM,North East England,0.276,4.579
2077,MAM,North East England,0.423,6.982
2078,MAM,North East England,0.422,8.018
2079,MAM,North East England,0.375,5.491
2080,MAM,North East England,0.318,4.719
1981,MAM,North Scotland,0.565,8.047
1982,MAM,North Scotland,0.634,17.675
1983,MAM,North Scotland,0.375,8.382
1984,MAM,North Scotland,0.377,8.363
1985,MAM,North Scotland,0.406,7.778
1986,MAM,North Scotland,0.477,7.689
1987,MAM,North Scotland,0.434,7.571
1988,MAM,North Scotland,0.546,9.297
1989,MAM,North Scotland,0.656,12.321
1990,MAM,North Scotland,0.472,8.717
1991,MAM,North Scotland,0.438,9.203
1992,MAM,North Scotland,0.529,8.222
1993,MAM,North Scotland,0.569,7.594
1994,MAM,North Scotland,0.478,7.792
1995,MAM,North Scotland,0.449,8.726
1996,MAM,North Scotland,0.527,12.052
1997,MAM,North Scotland,0.519,8.000
1998,MAM,North Scotland,0.422,5.783
1999,MAM,North Scotland,0.524,8.160
2000,MAM,North Scotland,0.415,7.670
2001,MAM,North Scotland,0.566,10.264
2002,MAM,North Scotland,0.455,8.486
2003,MAM,North Scotland,0.492,9.019
2004,MAM,North Scotland,0.380,7.160
2005,MAM,North Scotland,0.485,8.108
2006,MAM,North Scotland,0.519,8.349
2007,MAM,North Scotland,0.446,8.420
2008,MAM,North Scotland,0.573,9.500
2009,MAM,North Scotland,0.449,8.528
2010,MAM,North Scotland,0.602,13.066
2011,MAM,North Scotland,0.517,8.151
2012,MAM,North Scotland,0.632,10.675
2013,MAM,North Scotland,0.488,8.146
2014,MAM,North Scotland,0.471,7.741
2015,MAM,North Scotland,0.489,9.495
2016,MAM,North Scotland,0.573,14.085
2017,MAM,North Scotland,0.422,12.797
2018,MAM,North Scotland,0.591,10.552
2019,MAM,North Scotland,0.520,9.184
2020,MAM,North Scotland,0.537,11.858
2021,MAM,North Scotland,0.387,5.505
2022,MAM,North Scotland,0.564,10.307
2023,MAM,North Scotland,0.490,6.467
2024,MAM,North Scotland,0.547,10.208
2025,MAM,North Scotland,0.442,8.476
2026,MAM,North Scotland,0.447,8.580
2027,MAM,North Scotland,0.464,9.991
2028,MAM,North Scotland,0.563,7.660
2029,MAM,North Scotland,0.524,7.250
2030,MAM,North Scotland,0.534,9.151
2031,MAM,North Scotland,0.567,9.175
2032,MAM,North Scotland,0.544,11.321
2033,MAM,North Scotland,0.535,9.269
2034,MAM,North Scotland,0.581,10.193
2035,MAM,North Scotland,0.631,15.434
2036,MAM,North Scotland,0.592,11.132
2037,MAM,North Scotland,0.475,9.505
2038,MAM,North Scotland,0.593,12.099
2039,MAM,North Scotland,0.536,11.778
2040,MAM,North Scotland,0.568,9.934
2041,MAM,North Scotland,0.641,13.410
2042,MAM,North Scotland,0.535,8.901
2043,MAM,North Scotland,0.505,11.033
2044,MAM,North Scotland,0.454,7.349
2045,MAM,North Scotland,0.379,6.953
2046,MAM,North Scotland,0.491,9.170
2047,MAM,North Scotland,0.482,11.642
2048,MAM,North Scotland,0.470,8.849
2049,MAM,North Scotland,0.541,10.165
2050,MAM,North Scotland,0.474,10.618
2051,MAM,North Scotland,0.534,10.274
2052,MAM,North Scotland,0.398,6.052
2053,MAM,North Scotland,0.424,6.358
2054,MAM,North Scotland,0.444,7.939
2055,MAM,North Scotland,0.524,8.651
2056,MAM,North Scotland,0.487,8.425
2057,MAM,North Scotland,0.477,8.892
2058,MAM,North Scotland,0.500,7.458
2059,MAM,North Scotland,0.620,11.472
2060,MAM,North Scotland,0.483,8.505
2061,MAM,North Scotland,0.610,12.212
2062,MAM,North Scotland,0.473,6.344
2063,MAM,North Scotland,0.565,10.443
2064,MAM,North Scotland,0.585,8.575
2065,MAM,North Scotland,0.538,9.156
2066,MAM,North Scotland,0.520,10.132
2067,MAM,North Scotland,0.588,10.104
2068,MAM,North Scotland,0.516,10.052
2069,MAM,North Scotland,0.525,12.349
2070,MAM,North Scotland,0.462,7.358
2071,MAM,North Scotland,0.492,10.594
2072,MAM,North Scotland,0.563,8.604
2073,MAM,North Scotland,0.454,10.052
2074,MAM,North Scotland,0.572,12.420
2075,MAM,North Scotland,0.550,12.637
2076,MAM,North Scotland,0.510,9.703
2077,MAM,North Scotland,0.627,13.670
2078,MAM,North Scotland,0.589,13.943
2079,MAM,North Scotland,0.516,9.642
2080,MAM,North Scotland,0.504,9.259
1981,MAM,North West England,0.530,10.871
1982,MAM,North West England,0.557,9.957
1983,MAM,North West England,0.209,3.892
1984,MAM,North West England,0.379,7.796
1985,MAM,North West England,0.454,8.215
1986,MAM,North West England,0.402,6.355
1987,MAM,North West England,0.377,8.183
1988,MAM,North West England,0.540,9.731
1989,MAM,North West England,0.635,9.215
1990,MAM,North West England,0.326,4.667
1991,MAM,North West England,0.431,10.398
1992,MAM,North West England,0.433,7.269
1993,MAM,North West England,0.631,9.946
1994,MAM,North West England,0.513,8.710
1995,MAM,North West England,0.433,13.538
1996,MAM,North West England,0.510,10.763
1997,MAM,North West England,0.379,5.409
1998,MAM,North West England,0.497,12.441
1999,MAM,North West England,0.535,8.699
2000,MAM,North West England,0.405,6.505
2001,MAM,North West England,0.481,6.839
2002,MAM,North West England,0.358,9.505
2003,MAM,North West England,0.472,14.011
2004,MAM,North West England,0.353,5.269
2005,MAM,North West England,0.399,7.398
2006,MAM,North West England,0.481,8.763
2007,MAM,North West England,0.354,8.194
2008,MAM,North West England,0.521,7.731
2009,MAM,North West England,0.358,7.065
2010,MAM,North West England,0.589,20.247
2011,MAM,North West England,0.434,7.258
2012,MAM,North West England,0.655,11.839
2013,MAM,North West England,0.543,9.215
2014,MAM,North West England,0.443,9.828
2015,MAM,North West England,0.438,15.785
2016,MAM,North West England,0.542,9.419
2017,MAM,North West England,0.405,9.215
2018,MAM,North West England,0.570,12.989
2019,MAM,North West England,0.490,7.237
2020,MAM,North West England,0.444,10.538
2021,MAM,North West England,0.435,8.796
2022,MAM,North West England,0.442,7.753
2023,MAM,North West England,0.603,10.978
2024,MAM,North West England,0.529,11.763
2025,MAM,North West England,0.480,9.344
2026,MAM,North West England,0.445,9.753
2027,MAM,North West England,0.357,8.570
2028,MAM,North West England,0.558,9.860
2029,MAM,North West England,0.499,7.387
2030,MAM,North West England,0.544,7.151
2031,MAM,North West England,0.489,8.452
2032,MAM,North West England,0.538,11.774
2033,MAM,North West England,0.558,8.065
2034,MAM,North West England,0.586,13.409
2035,MAM,North West England,0.478,11.204
2036,MAM,North West England,0.406,7.892
2037,MAM,North West England,0.445,7.742
2038,MAM,North West England,0.544,12.065
2039,MAM,North West England,0.451,7.699
2040,MAM,North West England,0.501,6.785
2041,MAM,North West England,0.448,8.430
2042,MAM,North West England,0.594,13.366
2043,MAM,North West England,0.448,10.624
2044,MAM,North West England,0.394,6.043
2045,MAM,North West England,0.370,7.828
2046,MAM,North West England,0.411,8.516
2047,MAM,North West England,0.461,11.376
2048,MAM,North West England,0.435,10.344
2049,MAM,North West England,0.574,9.430
2050,MAM,North West England,0.431,7.247
2051,MAM,North West England,0.504,10.376
2052,MAM,North West England,0.347,6.333
2053,MAM,North West England,0.421,10.226
2054,MAM,North West England,0.405,7.538
2055,MAM,North West England,0.348,6.634
2056,MAM,North West England,0.394,7.828
2057,MAM,North West England,0.412,7.935
2058,MAM,North West England,0.471,6.688
2059,MAM,North West England,0.589,12.215
2060,MAM,North West England,0.459,5.882
2061,MAM,North West England,0.514,9.387
2062,MAM,North West England,0.526,9.355
2063,MAM,North West England,0.422,6.355
2064,MAM,North West England,0.538,11.430
2065,MAM,North West England,0.457,7.118
2066,MAM,North West England,0.508,10.258
2067,MAM,North West England,0.616,11.495
2068,MAM,North West England,0.526,8.978
2069,MAM,North West England,0.453,10.828
2070,MAM,North West England,0.375,7.409
2071,MAM,North West England,0.508,19.978
2072,MAM,North West England,0.516,9.763
2073,MAM,North West England,0.322,8.828
2074,MAM,North West England,0.504,10.968
2075,MAM,North West England,0.516,8.269
2076,MAM,North West England,0.370,5.054
2077,MAM,North West England,0.596,10.968
2078,MAM,North West England,0.553,10.613
2079,MAM,North West England,0.428,7.763
2080,MAM,North West England,0.319,7.903
1981,MAM,South East England,0.372,8.500
1982,MAM,South East England,0.313,5.093
1983,MAM,South East England,0.225,4.500
1984,MAM,South East England,0.347,5.992
1985,MAM,South East England,0.473,6.975
1986,MAM,South East England,0.349,5.805
1987,MAM,South East England,0.383,4.610
1988,MAM,South East England,0.370,5.831
1989,MAM,South East England,0.490,10.085
1990,MAM,South East England,0.218,3.407
1991,MAM,South East England,0.345,5.653
1992,MAM,South East England,0.407,8.763
1993,MAM,South East England,0.446,6.763
1994,MAM,South East England,0.442,7.263
1995,MAM,South East England,0.392,7.754
1996,MAM,South East England,0.358,5.797
1997,MAM,South East England,0.255,4.076
1998,MAM,South East England,0.480,7.178
1999,MAM,South East England,0.539,10.636
2000,MAM,South East England,0.401,6.907
2001,MAM,South East England,0.339,5.483
2002,MAM,South East England,0.215,3.441
2003,MAM,South East England,0.408,7.856
2004,MAM,South East England,0.391,6.322
2005,MAM,South East England,0.357,5.466
2006,MAM,South East England,0.510,9.127
2007,MAM,South East England,0.270,6.907
2008,MAM,South East England,0.398,6.220
2009,MAM,South East England,0.350,4.915
2010,MAM,South East England,0.437,6.746
2011,MAM,South East England,0.442,10.271
2012,MAM,South East England,0.516,6.322
2013,MAM,South East England,0.376,9.831
2014,MAM,South East England,0.420,6.839
2015,MAM,South East England,0.389,7.949
2016,MAM,South East England,0.405,7.271
2017,MAM,South East England,0.428,8.110
2018,MAM,South East England,0.470,7.797
2019,MAM,South East England,0.475,6.746
2020,MAM,South East England,0.388,5.983
2021,MAM,South East England,0.340,9.805
2022,MAM,South East England,0.286,4.441
2023,MAM,South East England,0.502,12.780
2024,MAM,South East England,0.424,11.992
2025,MAM,South East England,0.345,4.551
2026,MAM,South East England,0.336,7.254
2027,MAM,South East England,0.229,4.229
2028,MAM,South East England,0.470,10.941
2029,MAM,South East England,0.399,7.958
2030,MAM,South East England,0.467,6.890
2031,MAM,South East England,0.276,4.102
2032,MAM,South East England,0.426,7.441
2033,MAM,South East England,0.423,6.559
2034,MAM,South East England,0.481,13.627
2035,MAM,South East England,0.370,8.568
2036,MAM,South East England,0.387,6.576
2037,MAM,South East England,0.315,8.322
2038,MAM,South East England,0.470,7.500
2039,MAM,South East England,0.382,4.941
2040,MAM,South East England,0.464,6.992
2041,MAM,South East England,0.377,8.246
2042,MAM,South East England,0.478,9.288
2043,MAM,South East England,0.271,5.008
2044,MAM,South East England,0.342,7.000
2045,MAM,South East England,0.287,4.966
2046,MAM,South East England,0.368,4.703
2047,MAM,South East England,0.307,6.898
2048,MAM,South East England,0.381,6.941
2049,MAM,South East England,0.457,6.898
2050,MAM,South East England,0.369,5.534
2051,MAM,South East England,0.389,7.127
2052,MAM,South East England,0.342,7.008
2053,MAM,South East England,0.421,5.593
2054,MAM,South East England,0.288,5.169
2055,MAM,South East England,0.190,3.678
2056,MAM,South East England,0.283,5.203
2057,MAM,South East England,0.316,3.898
2058,MAM,South East England,0.380,6.492
2059,MAM,South East England,0.529,6.720
2060,MAM,South East England,0.332,5.017
2061,MAM,South East England,0.342,5.169
2062,MAM,South East England,0.540,11.890
2063,MAM,South East England,0.315,5.831
2064,MAM,South East England,0.352,8.025
2065,MAM,South East England,0.377,6.398
2066,MAM,South East England,0.442,8.780
2067,MAM,South East England,0.418,5.178
2068,MAM,South East England,0.391,6.619
2069,MAM,South East England,0.356,4.424
2070,MAM,South East England,0.213,3.127
2071,MAM,South East England,0.327,4.746
2072,MAM,South East England,0.365,6.093
2073,MAM,South East England,0.156,3.398
2074,MAM,South East England,0.341,7.102
2075,MAM,South East England,0.398,6.636
2076,MAM,South East England,0.189,4.466
2077,MAM,South East England,0.348,5.500
2078,MAM,South East England,0.384,5.822
2079,MAM,South East England,0.245,3.229
2080,MAM,South East England,0.230,5.602
1981,MAM,South West England,0.446,11.103
1982,MAM,South West England,0.353,5.077
1983,MAM,South West England,0.227,5.429
1984,MAM,South West England,0.391,7.045
1985,MAM,South West England,0.486,8.763
1986,MAM,South West England,0.367,6.154
1987,MAM,South West England,0.372,5.071
1988,MAM,South West England,0.428,7.205
1989,MAM,South West England,0.510,9.103
1990,MAM,South West England,0.232,4.404
1991,MAM,South West England,0.380,6.776
1992,MAM,South West England,0.411,8.301
1993,MAM,South West England,0.507,7.282
1994,MAM,South West England,0.451,8.346
1995,MAM,South West England,0.387,7.865
1996,MAM,South West England,0.421,8.179
1997,MAM,South West England,0.287,3.558
1998,MAM,South West England,0.475,7.577
1999,MAM,South West England,0.557,10.442
2000,MAM,South West England,0.389,7.538
2001,MAM,South West England,0.356,5.724
2002,MAM,South West England,0.223,3.231
2003,MAM,South West England,0.430,12.301
2004,MAM,South West England,0.364,4.410
2005,MAM,South West England,0.391,7.154
2006,MAM,South West England,0.505,7.513
2007,MAM,South West England,0.307,6.872
2008,MAM,South West England,0.462,6.622
2009,MAM,South West England,0.353,6.449
2010,MAM,South West England,0.492,11.827
2011,MAM,South West England,0.488,10.667
2012,MAM,South West England,0.548,9.282
2013,MAM,South West England,0.391,7.314
2014,MAM,South West England,0.437,11.917
2015,MAM,South West England,0.409,12.397
2016,MAM,South West England,0.454,7.635
2017,MAM,South West England,0.426,7.513
2018,MAM,South West England,0.538,9.090
2019,MAM,South West England,0.501,6.596
2020,MAM,South West England,0.398,5.962
2021,MAM,South West England,0.394,9.115
2022,MAM,South West England,0.339,5.590
2023,MAM,South West England,0.568,11.160
2024,MAM,South West England,0.430,12.032
2025,MAM,South West England,0.458,9.058
2026,MAM,South West England,0.380,9.865
2027,MAM,South West England,0.270,4.340
2028,MAM,South West England,0.491,8.814
2029,MAM,South West England,0.465,8.333
2030,MAM,South West England,0.496,8.571
2031,MAM,South West England,0.318,5.199
2032,MAM,South West England,0.501,8.686
2033,MAM,South West England,0.440,8.340
2034,MAM,South West England,0.514,12.942
2035,MAM,South West England,0.416,9.077
2036,MAM,South West England,0.376,8.532
2037,MAM,South West England,0.419,10.660
2038,MAM,South West England,0.489,9.423
2039,MAM,South West England,0.335,4.455
2040,MAM,South West England,0.506,10.269
2041,MAM,South West England,0.309,6.288
2042,MAM,South West England,0.489,9.231
2043,MAM,South West England,0.329,6.532
2044,MAM,South West England,0.366,7.417
2045,MAM,South West England,0.326,4.769
2046,MAM,South West England,0.387,4.853
2047,MAM,South West England,0.340,7.776
2048,MAM,South West England,0.400,7.115
2049,MAM,South West England,0.522,7.679
2050,MAM,South West England,0.399,8.269
2051,MAM,South West England,0.439,12.231
2052,MAM,South West England,0.371,6.622
2053,MAM,South West England,0.455,6.609
2054,MAM,South West England,0.315,5.686
2055,MAM,South West England,0.211,4.077
2056,MAM,South West England,0.308,5.481
2057,MAM,South West England,0.314,4.987
2058,MAM,South West England,0.397,7.167
2059,MAM,South West England,0.499,7.269
2060,MAM,South West England,0.318,4.936
2061,MAM,South West England,0.403,6.212
2062,MAM,South West England,0.531,10.135
2063,MAM,South West England,0.309,6.154
2064,MAM,South West England,0.416,9.000
2065,MAM,South West England,0.400,5.160
2066,MAM,South West England,0.453,11.295
2067,MAM,South West England,0.451,7.141
2068,MAM,South West England,0.463,8.167
2069,MAM,South West England,0.402,9.295
2070,MAM,South West England,0.261,4.051
2071,MAM,South West England,0.341,8.481
2072,MAM,South West England,0.401,8.224
2073,MAM,South West England,0.242,4.923
2074,MAM,South West England,0.355,6.256
2075,MAM,South West England,0.409,6.468
2076,MAM,South West England,0.240,4.609
2077,MAM,South West England,0.414,5.481
2078,MAM,South West England,0.432,6.513
2079,MAM,South West England,0.324,5.513
2080,MAM,South West England,0.240,5.667
1981,MAM,West Midlands,0.396,9.465
1982,MAM,West Midlands,0.351,5.198
1983,MAM,West Midlands,0.193,4.035
1984,MAM,West Midlands,0.389,8.988
1985,MAM,West Midlands,0.485,6.965
1986,MAM,West Midlands,0.318,5.872
1987,MAM,West Midlands,0.364,5.140
1988,MAM,West Midlands,0.453,7.047
1989,MAM,West Midlands,0.493,7.302
1990,MAM,West Midlands,0.224,3.477
1991,MAM,West Midlands,0.328,4.640
1992,MAM,West Midlands,0.356,6.465
1993,MAM,West Midlands,0.471,8.349
1994,MAM,West Midlands,0.454,7.372
1995,MAM,West Midlands,0.386,7.558
1996,MAM,West Midlands,0.363,5.105
1997,MAM,West Midlands,0.275,3.488
1998,MAM,West Midlands,0.459,9.140
1999,MAM,West Midlands,0.503,8.488
2000,MAM,West Midlands,0.386,6.860
2001,MAM,West Midlands,0.385,4.895
2002,MAM,West Midlands,0.197,3.733
2003,MAM,West Midlands,0.398,6.779
2004,MAM,West Midlands,0.375,5.733
2005,MAM,West Midlands,0.372,6.047
2006,MAM,West Midlands,0.468,6.198
2007,MAM,West Midlands,0.317,8.163
2008,MAM,West Midlands,0.429,6.965
2009,MAM,West Midlands,0.349,5.198
2010,MAM,West Midlands,0.508,16.384
2011,MAM,West Midlands,0.431,8.651
2012,MAM,West Midlands,0.519,6.919
2013,MAM,West Midlands,0.346,5.093
2014,MAM,West Midlands,0.417,9.628
2015,MAM,West Midlands,0.396,12.512
2016,MAM,West Midlands,0.432,5.419
2017,MAM,West Midlands,0.421,9.221
2018,MAM,West Midlands,0.449,6.791
2019,MAM,West Midlands,0.482,6.523
2020,MAM,West Midlands,0.358,5.256
2021,MAM,West Midlands,0.389,8.430
2022,MAM,West Midlands,0.290,4.802
2023,MAM,West Midlands,0.504,11.826
2024,MAM,West Midlands,0.414,9.081
2025,MAM,West Midlands,0.406,8.837
2026,MAM,West Midlands,0.379,11.070
2027,MAM,West Midlands,0.264,4.651
2028,MAM,West Midlands,0.469,10.953
2029,MAM,West Midlands,0.416,7.140
2030,MAM,West Midlands,0.477,7.093
2031,MAM,West Midlands,0.277,3.663
2032,MAM,West Midlands,0.441,7.744
2033,MAM,West Midlands,0.427,9.023
2034,MAM,West Midlands,0.500,13.605
2035,MAM,West Midlands,0.377,6.500
2036,MAM,West Midlands,0.360,5.651
2037,MAM,West Midlands,0.361,7.360
2038,MAM,West Midlands,0.492,8.349
2039,MAM,West Midlands,0.352,5.384
2040,MAM,West Midlands,0.460,6.384
2041,MAM,West Midlands,0.294,5.035
2042,MAM,West Midlands,0.507,10.070
2043,MAM,West Midlands,0.304,4.977
2044,MAM,West Midlands,0.311,5.314
2045,MAM,West Midlands,0.308,5.756
2046,MAM,West Midlands,0.363,4.209
2047,MAM,West Midlands,0.316,7.895
2048,MAM,West Midlands,0.394,7.523
2049,MAM,West Midlands,0.491,7.384
2050,MAM,West Midlands,0.391,6.895
2051,MAM,West Midlands,0.405,8.744
2052,MAM,West Midlands,0.313,5.767
2053,MAM,West Midlands,0.458,7.686
2054,MAM,West Midlands,0.352,7.198
2055,MAM,West Midlands,0.229,5.140
2056,MAM,West Midlands,0.306,5.337
2057,MAM,West Midlands,0.299,3.756
2058,MAM,West Midlands,0.375,5.767
2059,MAM,West Midlands,0.565,7.453
2060,MAM,West Midlands,0.323,3.872
2061,MAM,West Midlands,0.385,6.267
2062,MAM,West Midlands,0.538,10.291
2063,MAM,West Midlands,0.290,4.140
2064,MAM,West Midlands,0.400,11.000
2065,MAM,West Midlands,0.377,5.244
2066,MAM,West Midlands,0.486,9.233
2067,MAM,West Midlands,0.407,5.570
2068,MAM,West Midlands,0.458,7.128
2069,MAM,West Midlands,0.372,5.977
2070,MAM,West Midlands,0.253,3.814
2071,MAM,West Midlands,0.325,5.035
2072,MAM,West Midlands,0.401,5.895
2073,MAM,West Midlands,0.178,3.174
2074,MAM,West Midlands,0.350,5.151
2075,MAM,West Midlands,0.372,6.302
2076,MAM,West Midlands,0.238,5.047
2077,MAM,West Midlands,0.371,5.151
2078,MAM,West Midlands,0.397,6.442
2079,MAM,West Midlands,0.280,3.907
2080,MAM,West Midlands,0.225,5.116
1981,MAM,West Scotland,0.590,11.394
1982,MAM,West Scotland,0.595,9.826
1983,MAM,West Scotland,0.235,4.538
1984,MAM,West Scotland,0.390,8.598
1985,MAM,West Scotland,0.355,5.788
1986,MAM,West Scotland,0.423,7.591
1987,MAM,West Scotland,0.381,8.538
1988,MAM,West Scotland,0.509,8.333
1989,MAM,West Scotland,0.677,12.114
1990,MAM,West Scotland,0.436,7.447
1991,MAM,West Scotland,0.418,9.614
1992,MAM,West Scotland,0.435,7.364
1993,MAM,West Scotland,0.617,7.735
1994,MAM,West Scotland,0.439,9.235
1995,MAM,West Scotland,0.428,11.076
1996,MAM,West Scotland,0.522,10.265
1997,MAM,West Scotland,0.422,6.182
1998,MAM,West Scotland,0.501,9.288
1999,MAM,West Scotland,0.540,10.220
2000,MAM,West Scotland,0.374,6.379
2001,MAM,West Scotland,0.501,6.212
2002,MAM,West Scotland,0.379,7.795
2003,MAM,West Scotland,0.489,10.197
2004,MAM,West Scotland,0.353,5.295
2005,MAM,West Scotland,0.366,7.038
2006,MAM,West Scotland,0.437,8.530
2007,MAM,West Scotland,0.326,5.992
2008,MAM,West Scotland,0.535,7.295
2009,MAM,West Scotland,0.363,6.371
2010,MAM,West Scotland,0.545,14.636
2011,MAM,West Scotland,0.495,9.348
2012,MAM,West Scotland,0.702,14.205
2013,MAM,West Scotland,0.528,8.659
2014,MAM,West Scotland,0.428,9.712
2015,MAM,West Scotland,0.488,13.045
2016,MAM,West Scotland,0.570,12.833
2017,MAM,West Scotland,0.401,10.273
2018,MAM,West Scotland,0.559,14.515
2019,MAM,West Scotland,0.503,7.848
2020,MAM,West Scotland,0.496,12.280
2021,MAM,West Scotland,0.430,7.591
2022,MAM,West Scotland,0.497,7.955
2023,MAM,West Scotland,0.634,9.970
2024,MAM,West Scotland,0.554,10.864
2025,MAM,West Scotland,0.508,10.038
2026,MAM,West Scotland,0.450,12.561
2027,MAM,West Scotland,0.417,10.242
2028,MAM,West Scotland,0.562,9.273
2029,MAM,West Scotland,0.525,8.364
2030,MAM,West Scotland,0.500,7.606
2031,MAM,West Scotland,0.567,10.356
2032,MAM,West Scotland,0.552,10.636
2033,MAM,West Scotland,0.555,8.720
2034,MAM,West Scotland,0.613,8.402
2035,MAM,West Scotland,0.575,12.977
2036,MAM,West Scotland,0.412,11.614
2037,MAM,West Scotland,0.454,8.068
2038,MAM,West Scotland,0.529,12.038
2039,MAM,West Scotland,0.479,7.811
2040,MAM,West Scotland,0.586,7.765
2041,MAM,West Scotland,0.522,10.303
2042,MAM,West Scotland,0.582,11.000
2043,MAM,West Scotland,0.529,13.220
2044,MAM,West Scotland,0.415,6.750
2045,MAM,West Scotland,0.382,8.053
2046,MAM,West Scotland,0.434,9.515
2047,MAM,West Scotland,0.476,12.220
2048,MAM,West Scotland,0.401,7.856
2049,MAM,West Scotland,0.585,9.939
2050,MAM,West Scotland,0.482,9.280
2051,MAM,West Scotland,0.500,9.333
2052,MAM,West Scotland,0.369,6.917
2053,MAM,West Scotland,0.403,6.318
2054,MAM,West Scotland,0.372,8.424
2055,MAM,West Scotland,0.404,6.674
2056,MAM,West Scotland,0.462,8.932
2057,MAM,West Scotland,0.486,9.652
2058,MAM,West Scotland,0.489,5.886
2059,MAM,West Scotland,0.555,10.432
2060,MAM,West Scotland,0.431,6.636
2061,MAM,West Scotland,0.590,11.879
2062,MAM,West Scotland,0.444,7.758
2063,MAM,West Scotland,0.506,6.364
2064,MAM,West Scotland,0.525,9.159
2065,MAM,West Scotland,0.478,7.356
2066,MAM,West Scotland,0.426,7.250
2067,MAM,West Scotland,0.597,11.167
2068,MAM,West Scotland,0.456,8.674
2069,MAM,West Scotland,0.546,14.023
2070,MAM,West Scotland,0.473,7.583
2071,MAM,West Scotland,0.490,12.606
2072,MAM,West Scotland,0.553,8.197
2073,MAM,West Scotland,0.418,10.159
2074,MAM,West Scotland,0.549,10.250
2075,MAM,West Scotland,0.551,10.235
2076,MAM,West Scotland,0.439,6.288
2077,MAM,West Scotland,0.634,10.470
2078,MAM,West Scotland,0.597,13.235
2079,MAM,West Scotland,0.465,10.136
2080,MAM,West Scotland,0.406,9.773
1981,MAM,Yorkshire and Humber,0.453,12.337
1982,MAM,Yorkshire and Humber,0.376,5.515
1983,MAM,Yorkshire and Humber,0.222,6.980
1984,MAM,Yorkshire and Humber,0.440,7.149
1985,MAM,Yorkshire and Humber,0.438,6.762
1986,MAM,Yorkshire and Humber,0.388,5.861
1987,MAM,Yorkshire and Humber,0.367,4.495
1988,MAM,Yorkshire and Humber,0.453,6.188
1989,MAM,Yorkshire and Humber,0.532,9.792
1990,MAM,Yorkshire and Humber,0.224,2.851
1991,MAM,Yorkshire and Humber,0.375,6.327
1992,MAM,Yorkshire and Humber,0.370,5.644
1993,MAM,Yorkshire and Humber,0.547,8.970
1994,MAM,Yorkshire and Humber,0.531,8.683
1995,MAM,Yorkshire and Humber,0.428,9.634
1996,MAM,Yorkshire and Humber,0.386,7.495
1997,MAM,Yorkshire and Humber,0.296,4.386
1998,MAM,Yorkshire and Humber,0.484,8.545
1999,MAM,Yorkshire and Humber,0.496,7.158
2000,MAM,Yorkshire and Humber,0.382,7.069
2001,MAM,Yorkshire and Humber,0.377,5.851
2002,MAM,Yorkshire and Humber,0.265,4.822
2003,MAM,Yorkshire and Humber,0.390,5.733
2004,MAM,Yorkshire and Humber,0.439,8.970
2005,MAM,Yorkshire and Humber,0.400,5.347
2006,MAM,Yorkshire and Humber,0.483,7.921
2007,MAM,Yorkshire and Humber,0.316,7.337
2008,MAM,Yorkshire and Humber,0.433,6.257
2009,MAM,Yorkshire and Humber,0.409,5.733
2010,MAM,Yorkshire and Humber,0.530,12.475
2011,MAM,Yorkshire and Humber,0.398,6.317
2012,MAM,Yorkshire and Humber,0.525,7.386
2013,MAM,Yorkshire and Humber,0.453,7.436
2014,MAM,Yorkshire and Humber,0.429,7.139
2015,MAM,Yorkshire and Humber,0.393,12.257
2016,MAM,Yorkshire and Humber,0.417,5.446
2017,MAM,Yorkshire and Humber,0.404,6.455
2018,MAM,Yorkshire and Humber,0.419,6.782
2019,MAM,Yorkshire and Humber,0.481,6.248
2020,MAM,Yorkshire and Humber,0.355,6.396
2021,MAM,Yorkshire and Humber,0.420,7.683
2022,MAM,Yorkshire and Humber,0.353,5.584
2023,MAM,Yorkshire and Humber,0.505,8.614
2024,MAM,Yorkshire and Humber,0.465,9.653
2025,MAM,Yorkshire and Humber,0.394,5.762
2026,MAM,Yorkshire and Humber,0.381,7.861
2027,MAM,Yorkshire and Humber,0.268,4.465
2028,MAM,Yorkshire and Humber,0.465,8.089
2029,MAM,Yorkshire and Humber,0.442,6.386
2030,MAM,Yorkshire and Humber,0.496,7.178
2031,MAM,Yorkshire and Humber,0.351,4.822
2032,MAM,Yorkshire and Humber,0.433,6.218
2033,MAM,Yorkshire and Humber,0.473,8.941
2034,MAM,Yorkshire and Humber,0.502,8.465
2035,MAM,Yorkshire and Humber,0.377,6.554
2036,MAM,Yorkshire and Humber,0.357,5.644
2037,MAM,Yorkshire and Humber,0.369,5.624
2038,MAM,Yorkshire and Humber,0.497,7.475
2039,MAM,Yorkshire and Humber,0.444,5.881
2040,MAM,Yorkshire and Humber,0.430,7.059
2041,MAM,Yorkshire and Humber,0.387,5.891
2042,MAM,Yorkshire and Humber,0.535,13.406
2043,MAM,Yorkshire and Humber,0.313,4.436
2044,MAM,Yorkshire and Humber,0.291,4.426
2045,MAM,Yorkshire and Humber,0.301,5.119
2046,MAM,Yorkshire and Humber,0.374,5.792
2047,MAM,Yorkshire and Humber,0.316,6.594
2048,MAM,Yorkshire and Humber,0.459,8.455
2049,MAM,Yorkshire and Humber,0.492,7.396
2050,MAM,Yorkshire and Humber,0.423,6.802
2051,MAM,Yorkshire and Humber,0.414,6.554
2052,MAM,Yorkshire and Humber,0.325,5.307
2053,MAM,Yorkshire and Humber,0.432,5.802
2054,MAM,Yorkshire and Humber,0.379,6.198
2055,MAM,Yorkshire and Humber,0.271,5.495
2056,MAM,Yorkshire and Humber,0.331,5.911
2057,MAM,Yorkshire and Humber,0.320,6.010
2058,MAM,Yorkshire and Humber,0.440,9.327
2059,MAM,Yorkshire and Humber,0.613,9.208
2060,MAM,Yorkshire and Humber,0.408,4.743
2061,MAM,Yorkshire and Humber,0.417,8.446
2062,MAM,Yorkshire and Humber,0.552,11.129
2063,MAM,Yorkshire and Humber,0.300,4.861
2064,MAM,Yorkshire and Humber,0.467,9.752
2065,MAM,Yorkshire and Humber,0.401,5.703
2066,MAM,Yorkshire and Humber,0.514,8.337
2067,MAM,Yorkshire and Humber,0.498,7.980
2068,MAM,Yorkshire and Humber,0.517,7.980
2069,MAM,Yorkshire and Humber,0.358,5.109
2070,MAM,Yorkshire and Humber,0.293,3.505
2071,MAM,Yorkshire and Humber,0.411,9.376
2072,MAM,Yorkshire and Humber,0.426,6.406
2073,MAM,Yorkshire and Humber,0.223,4.317
2074,MAM,Yorkshire and Humber,0.392,6.465
2075,MAM,Yorkshire and Humber,0.431,6.723
2076,MAM,Yorkshire and Humber,0.262,4.624
2077,MAM,Yorkshire and Humber,0.402,7.119
2078,MAM,Yorkshire and Humber,0.414,7.426
2079,MAM,Yorkshire and Humber,0.340,4.644
2080,MAM,Yorkshire and Humber,0.286,4.752
1981,MAM,Channel Islands,0.378,7.500
1982,MAM,Channel Islands,0.322,6.000
1983,MAM,Channel Islands,0.217,7.000
1984,MAM,Channel Islands,0.289,5.000
1985,MAM,Channel Islands,0.517,8.500
1986,MAM,Channel Islands,0.350,6.000
1987,MAM,Channel Islands,0.383,4.000
1988,MAM,Channel Islands,0.339,5.000
1989,MAM,Channel Islands,0.478,9.000
1990,MAM,Channel Islands,0.206,3.000
1991,MAM,Channel Islands,0.356,5.000
1992,MAM,Channel Islands,0.372,10.000
1993,MAM,Channel Islands,0.472,8.000
1994,MAM,Channel Islands,0.433,4.000
1995,MAM,Channel Islands,0.378,12.000
1996,MAM,Channel Islands,0.383,6.000
1997,MAM,Channel Islands,0.239,4.500
1998,MAM,Channel Islands,0.433,7.500
1999,MAM,Channel Islands,0.633,11.000
2000,MAM,Channel Islands,0.394,7.500
2001,MAM,Channel Islands,0.394,6.500
2002,MAM,Channel Islands,0.106,2.500
2003,MAM,Channel Islands,0.406,11.000
2004,MAM,Channel Islands,0.439,7.500
2005,MAM,Channel Islands,0.406,5.500
2006,MAM,Channel Islands,0.433,10.000
2007,MAM,Channel Islands,0.306,6.000
2008,MAM,Channel Islands,0.389,7.000
2009,MAM,Channel Islands,0.344,6.500
2010,MAM,Channel Islands,0.467,6.500
2011,MAM,Channel Islands,0.444,8.000
2012,MAM,Channel Islands,0.578,7.000
2013,MAM,Channel Islands,0.406,8.500
2014,MAM,Channel Islands,0.383,6.000
2015,MAM,Channel Islands,0.378,4.000
2016,MAM,Channel Islands,0.378,7.000
2017,MAM,Channel Islands,0.389,8.000
2018,MAM,Channel Islands,0.467,7.500
2019,MAM,Channel Islands,0.478,6.000
2020,MAM,Channel Islands,0.344,5.000
2021,MAM,Channel Islands,0.350,11.000
2022,MAM,Channel Islands,0.239,7.000
2023,MAM,Channel Islands,0.533,14.500
2024,MAM,Channel Islands,0.411,8.000
2025,MAM,Channel Islands,0.400,5.000
2026,MAM,Channel Islands,0.378,12.000
2027,MAM,Channel Islands,0.289,7.000
2028,MAM,Channel Islands,0.506,9.500
2029,MAM,Channel Islands,0.411,8.000
2030,MAM,Channel Islands,0.422,9.000
2031,MAM,Channel Islands,0.339,6.000
2032,MAM,Channel Islands,0.428,6.000
2033,MAM,Channel Islands,0.450,10.000
2034,MAM,Channel Islands,0.461,8.500
2035,MAM,Channel Islands,0.367,8.000
2036,MAM,Channel Islands,0.394,10.500
2037,MAM,Channel Islands,0.278,11.500
2038,MAM,Channel Islands,0.500,4.000
2039,MAM,Channel Islands,0.344,3.500
2040,MAM,Channel Islands,0.472,12.000
2041,MAM,Channel Islands,0.367,8.000
2042,MAM,Channel Islands,0.461,8.500
2043,MAM,Channel Islands,0.244,4.000
2044,MAM,Channel Islands,0.389,10.000
2045,MAM,Channel Islands,0.278,4.000
2046,MAM,Channel Islands,0.394,5.000
2047,MAM,Channel Islands,0.406,7.000
2048,MAM,Channel Islands,0.422,8.500
2049,MAM,Channel Islands,0.439,5.000
2050,MAM,Channel Islands,0.339,5.000
2051,MAM,Channel Islands,0.422,8.000
2052,MAM,Channel Islands,0.378,6.000
2053,MAM,Channel Islands,0.456,7.500
2054,MAM,Channel Islands,0.300,5.500
2055,MAM,Channel Islands,0.156,4.500
2056,MAM,Channel Islands,0.306,6.000
2057,MAM,Channel Islands,0.317,5.000
2058,MAM,Channel Islands,0.444,6.000
2059,MAM,Channel Islands,0.506,8.000
2060,MAM,Channel Islands,0.350,4.000
2061,MAM,Channel Islands,0.372,6.000
2062,MAM,Channel Islands,0.550,8.000
2063,MAM,Channel Islands,0.233,4.000
2064,MAM,Channel Islands,0.428,7.000
2065,MAM,Channel Islands,0.417,5.500
2066,MAM,Channel Islands,0.394,6.500
2067,MAM,Channel Islands,0.456,6.000
2068,MAM,Channel Islands,0.511,7.500
2069,MAM,Channel Islands,0.356,4.500
2070,MAM,Channel Islands,0.217,3.500
2071,MAM,Channel Islands,0.350,5.500
2072,MAM,Channel Islands,0.400,9.500
2073,MAM,Channel Islands,0.211,7.000
2074,MAM,Channel Islands,0.306,7.500
2075,MAM,Channel Islands,0.339,8.000
2076,MAM,Channel Islands,0.167,4.000
2077,MAM,Channel Islands,0.367,5.000
2078,MAM,Channel Islands,0.411,5.500
2079,MAM,Channel Islands,0.250,4.000
2080,MAM,Channel Islands,0.206,4.000
1981,MAM,Isle of Man,0.526,7.667
1982,MAM,Isle of Man,0.470,7.000
1983,MAM,Isle of Man,0.152,3.000
1984,MAM,Isle of Man,0.363,9.000
1985,MAM,Isle of Man,0.415,6.333
1986,MAM,Isle of Man,0.356,5.667
1987,MAM,Isle of Man,0.359,8.333
1988,MAM,Isle of Man,0.519,8.000
1989,MAM,Isle of Man,0.567,8.333
1990,MAM,Isle of Man,0.315,4.333
1991,MAM,Isle of Man,0.337,5.333
1992,MAM,Isle of Man,0.407,9.667
1993,MAM,Isle of Man,0.604,8.000
1994,MAM,Isle of Man,0.437,8.333
1995,MAM,Isle of Man,0.378,8.000
1996,MAM,Isle of Man,0.441,8.333
1997,MAM,Isle of Man,0.356,7.667
1998,MAM,Isle of Man,0.511,9.000
1999,MAM,Isle of Man,0.433,6.667
2000,MAM,Isle of Man,0.356,8.333
2001,MAM,Isle of Man,0.444,5.000
2002,MAM,Isle of Man,0.233,4.000
2003,MAM,Isle of Man,0.381,6.667
2004,MAM,Isle of Man,0.363,4.667
2005,MAM,Isle of Man,0.385,8.000
2006,MAM,Isle of Man,0.422,9.000
2007,MAM,Isle of Man,0.267,5.667
2008,MAM,Isle of Man,0.452,5.000
2009,MAM,Isle of Man,0.315,4.667
2010,MAM,Isle of Man,0.456,7.667
2011,MAM,Isle of Man,0.415,6.333
2012,MAM,Isle of Man,0.652,14.333
2013,MAM,Isle of Man,0.515,7.000
2014,MAM,Isle of Man,0.433,8.000
2015,MAM,Isle of Man,0.444,14.000
2016,MAM,Isle of Man,0.515,8.000
2017,MAM,Isle of Man,0.381,9.000
2018,MAM,Isle of Man,0.448,9.000
2019,MAM,Isle of Man,0.411,7.000
2020,MAM,Isle of Man,0.444,8.000
2021,MAM,Isle of Man,0.374,5.667
2022,MAM,Isle of Man,0.378,6.333
2023,MAM,Isle of Man,0.589,12.667
2024,MAM,Isle of Man,0.496,10.000
2025,MAM,Isle of Man,0.444,9.000
2026,MAM,Isle of Man,0.430,17.667
2027,MAM,Isle of Man,0.378,5.333
2028,MAM,Isle of Man,0.448,7.667
2029,MAM,Isle of Man,0.489,8.000
2030,MAM,Isle of Man,0.489,6.333
2031,MAM,Isle of Man,0.422,8.333
2032,MAM,Isle of Man,0.474,10.667
2033,MAM,Isle of Man,0.463,6.667
2034,MAM,Isle of Man,0.544,7.333
2035,MAM,Isle of Man,0.422,6.000
2036,MAM,Isle of Man,0.374,3.667
2037,MAM,Isle of Man,0.452,7.667
2038,MAM,Isle of Man,0.489,9.667
2039,MAM,Isle of Man,0.389,7.000
2040,MAM,Isle of Man,0.467,6.000
2041,MAM,Isle of Man,0.419,5.333
2042,MAM,Isle of Man,0.556,9.000
2043,MAM,Isle of Man,0.404,4.667
2044,MAM,Isle of Man,0.344,3.333
2045,MAM,Isle of Man,0.359,5.000
2046,MAM,Isle of Man,0.337,5.667
2047,MAM,Isle of Man,0.337,3.000
2048,MAM,Isle of Man,0.426,5.667
2049,MAM,Isle of Man,0.500,6.667
2050,MAM,Isle of Man,0.385,5.000
2051,MAM,Isle of Man,0.411,5.667
2052,MAM,Isle of Man,0.348,6.333
2053,MAM,Isle of Man,0.422,7.000
2054,MAM,Isle of Man,0.374,7.667
2055,MAM,Isle of Man,0.304,5.000
2056,MAM,Isle of Man,0.356,6.333
2057,MAM,Isle of Man,0.359,5.667
2058,MAM,Isle of Man,0.411,6.333
2059,MAM,Isle of Man,0.541,14.667
2060,MAM,Isle of Man,0.430,6.333
2061,MAM,Isle of Man,0.426,6.667
2062,MAM,Isle of Man,0.515,12.000
2063,MAM,Isle of Man,0.296,4.000
2064,MAM,Isle of Man,0.437,8.000
2065,MAM,Isle of Man,0.352,4.000
2066,MAM,Isle of Man,0.437,7.667
2067,MAM,Isle of Man,0.526,6.667
2068,MAM,Isle of Man,0.411,4.333
2069,MAM,Isle of Man,0.448,5.000
2070,MAM,Isle of Man,0.311,5.667
2071,MAM,Isle of Man,0.407,8.333
2072,MAM,Isle of Man,0.467,10.000
2073,MAM,Isle of Man,0.241,3.333
2074,MAM,Isle of Man,0.411,5.667
2075,MAM,Isle of Man,0.493,6.000
2076,MAM,Isle of Man,0.337,4.333
2077,MAM,Isle of Man,0.478,5.667
2078,MAM,Isle of Man,0.515,11.667
2079,MAM,Isle of Man,0.400,10.333
2080,MAM,Isle of Man,0.252,6.000
1981,MAM,Northern Ireland,0.593,14.141
1982,MAM,Northern Ireland,0.541,6.788
1983,MAM,Northern Ireland,0.223,4.659
1984,MAM,Northern Ireland,0.465,14.718
1985,MAM,Northern Ireland,0.432,6.141
1986,MAM,Northern Ireland,0.369,5.435
1987,MAM,Northern Ireland,0.397,6.306
1988,MAM,Northern Ireland,0.519,7.353
1989,MAM,Northern Ireland,0.625,11.671
1990,MAM,Northern Ireland,0.351,7.953
1991,MAM,Northern Ireland,0.426,10.365
1992,MAM,Northern Ireland,0.434,5.635
1993,MAM,Northern Ireland,0.630,9.200
1994,MAM,Northern Ireland,0.499,8.659
1995,MAM,Northern Ireland,0.409,9.059
1996,MAM,Northern Ireland,0.463,10.024
1997,MAM,Northern Ireland,0.360,4.259
1998,MAM,Northern Ireland,0.544,10.506
1999,MAM,Northern Ireland,0.534,10.024
2000,MAM,Northern Ireland,0.479,10.282
2001,MAM,Northern Ireland,0.514,6.553
2002,MAM,Northern Ireland,0.315,6.400
2003,MAM,Northern Ireland,0.459,6.624
2004,MAM,Northern Ireland,0.445,5.506
2005,MAM,Northern Ireland,0.414,7.141
2006,MAM,Northern Ireland,0.458,7.482
2007,MAM,Northern Ireland,0.377,7.482
2008,MAM,Northern Ireland,0.489,6.047
2009,MAM,Northern Ireland,0.384,6.553
2010,MAM,Northern Ireland,0.571,21.753
2011,MAM,Northern Ireland,0.495,8.847
2012,MAM,Northern Ireland,0.629,13.094
2013,MAM,Northern Ireland,0.470,7.929
2014,MAM,Northern Ireland,0.433,7.141
2015,MAM,Northern Ireland,0.484,8.812
2016,MAM,Northern Ireland,0.557,14.635
2017,MAM,Northern Ireland,0.381,7.706
2018,MAM,Northern Ireland,0.513,9.271
2019,MAM,Northern Ireland,0.462,7.212
2020,MAM,Northern Ireland,0.486,9.753
2021,MAM,Northern Ireland,0.470,8.694
2022,MAM,Northern Ireland,0.497,7.941
2023,MAM,Northern Ireland,0.596,10.224
2024,MAM,Northern Ireland,0.581,10.859
2025,MAM,Northern Ireland,0.507,9.235
2026,MAM,Northern Ireland,0.448,12.282
2027,MAM,Northern Ireland,0.390,7.294
2028,MAM,Northern Ireland,0.545,7.200
2029,MAM,Northern Ireland,0.512,7.059
2030,MAM,Northern Ireland,0.500,6.576
2031,MAM,Northern Ireland,0.475,8.294
2032,MAM,Northern Ireland,0.535,9.847
2033,MAM,Northern Ireland,0.539,9.165
2034,MAM,Northern Ireland,0.594,7.082
2035,MAM,Northern Ireland,0.540,10.000
2036,MAM,Northern Ireland,0.393,7.635
2037,MAM,Northern Ireland,0.448,8.671
2038,MAM,Northern Ireland,0.507,11.082
2039,MAM,Northern Ireland,0.461,7.706
2040,MAM,Northern Ireland,0.550,10.765
2041,MAM,Northern Ireland,0.487,5.682
2042,MAM,Northern Ireland,0.612,12.871
2043,MAM,Northern Ireland,0.467,7.318
2044,MAM,Northern Ireland,0.416,6.741
2045,MAM,Northern Ireland,0.399,8.094
2046,MAM,Northern Ireland,0.401,8.518
2047,MAM,Northern Ireland,0.458,6.424
2048,MAM,Northern Ireland,0.465,8.318
2049,MAM,Northern Ireland,0.578,7.953
2050,MAM,Northern Ireland,0.471,8.341
2051,MAM,Northern Ireland,0.498,8.012
2052,MAM,Northern Ireland,0.380,6.200
2053,MAM,Northern Ireland,0.402,8.129
2054,MAM,Northern Ireland,0.428,8.294
2055,MAM,Northern Ireland,0.356,6.576
2056,MAM,Northern Ireland,0.445,6.553
2057,MAM,Northern Ireland,0.432,8.329
2058,MAM,Northern Ireland,0.451,8.518
2059,MAM,Northern Ireland,0.610,10.424
2060,MAM,Northern Ireland,0.459,7.141
2061,MAM,Northern Ireland,0.492,8.024
2062,MAM,Northern Ireland,0.504,11.365
2063,MAM,Northern Ireland,0.432,6.153
2064,MAM,Northern Ireland,0.495,12.553
2065,MAM,Northern Ireland,0.422,4.965
2066,MAM,Northern Ireland,0.482,8.800
2067,MAM,Northern Ireland,0.571,10.647
2068,MAM,Northern Ireland,0.501,10.071
2069,MAM,Northern Ireland,0.519,11.929
2070,MAM,Northern Ireland,0.405,5.600
2071,MAM,Northern Ireland,0.468,8.153
2072,MAM,Northern Ireland,0.525,9.153
2073,MAM,Northern Ireland,0.366,6.988
2074,MAM,Northern Ireland,0.449,7.353
2075,MAM,Northern Ireland,0.593,11.388
2076,MAM,Northern Ireland,0.391,5.541
2077,MAM,Northern Ireland,0.584,10.000
2078,MAM,Northern Ireland,0.521,9.694
2079,MAM,Northern Ireland,0.467,9.988
2080,MAM,Northern Ireland,0.339,5.412
1981,MAM,Wales,0.499,13.361
1982,MAM,Wales,0.500,8.323
1983,MAM,Wales,0.222,4.602
1984,MAM,Wales,0.408,9.451
1985,MAM,Wales,0.504,9.308
1986,MAM,Wales,0.401,6.872
1987,MAM,Wales,0.401,6.850
1988,MAM,Wales,0.536,8.797
1989,MAM,Wales,0.589,10.120
1990,MAM,Wales,0.292,5.880
1991,MAM,Wales,0.426,8.917
1992,MAM,Wales,0.441,8.218
1993,MAM,Wales,0.591,10.586
1994,MAM,Wales,0.522,9.331
1995,MAM,Wales,0.429,9.541
1996,MAM,Wales,0.486,8.797
1997,MAM,Wales,0.352,4.519
1998,MAM,Wales,0.513,9.353
1999,MAM,Wales,0.576,11.278
2000,MAM,Wales,0.428,8.609
2001,MAM,Wales,0.472,8.406
2002,MAM,Wales,0.312,6.376
2003,MAM,Wales,0.459,14.150
2004,MAM,Wales,0.388,5.970
2005,MAM,Wales,0.446,8.331
2006,MAM,Wales,0.520,6.797
2007,MAM,Wales,0.350,7.098
2008,MAM,Wales,0.535,7.293
2009,MAM,Wales,0.359,6.398
2010,MAM,Wales,0.597,20.195
2011,MAM,Wales,0.487,10.038
2012,MAM,Wales,0.608,11.940
2013,MAM,Wales,0.480,9.887
2014,MAM,Wales,0.474,12.429
2015,MAM,Wales,0.463,14.376
2016,MAM,Wales,0.585,11.857
2017,MAM,Wales,0.456,8.421
2018,MAM,Wales,0.541,8.767
2019,MAM,Wales,0.524,8.850
2020,MAM,Wales,0.459,10.466
2021,MAM,Wales,0.455,10.060
2022,MAM,Wales,0.421,7.684
2023,MAM,Wales,0.633,13.368
2024,MAM,Wales,0.500,10.722
2025,MAM,Wales,0.491,12.188
2026,MAM,Wales,0.471,11.053
2027,MAM,Wales,0.334,6.188
2028,MAM,Wales,0.570,9.586
2029,MAM,Wales,0.525,8.241
2030,MAM,Wales,0.522,8.256
2031,MAM,Wales,0.430,7.880
2032,MAM,Wales,0.555,8.323
2033,MAM,Wales,0.537,11.241
2034,MAM,Wales,0.601,15.789
2035,MAM,Wales,0.470,12.594
2036,MAM,Wales,0.401,7.955
2037,MAM,Wales,0.467,12.932
2038,MAM,Wales,0.537,11.353
2039,MAM,Wales,0.366,5.218
2040,MAM,Wales,0.537,8.744
2041,MAM,Wales,0.396,5.842
2042,MAM,Wales,0.574,11.211
2043,MAM,Wales,0.448,8.000
2044,MAM,Wales,0.415,7.075
2045,MAM,Wales,0.358,6.662
2046,MAM,Wales,0.421,7.534
2047,MAM,Wales,0.416,9.902
2048,MAM,Wales,0.454,8.887
2049,MAM,Wales,0.578,8.143
2050,MAM,Wales,0.432,8.000
2051,MAM,Wales,0.477,11.797
2052,MAM,Wales,0.395,6.759
2053,MAM,Wales,0.485,6.955
2054,MAM,Wales,0.403,8.301
2055,MAM,Wales,0.298,6.150
2056,MAM,Wales,0.372,6.060
2057,MAM,Wales,0.360,7.308
2058,MAM,Wales,0.456,8.436
2059,MAM,Wales,0.610,10.940
2060,MAM,Wales,0.393,6.000
2061,MAM,Wales,0.508,7.414
2062,MAM,Wales,0.555,10.323
2063,MAM,Wales,0.359,5.564
2064,MAM,Wales,0.508,13.211
2065,MAM,Wales,0.456,7.098
2066,MAM,Wales,0.518,10.872
2067,MAM,Wales,0.541,9.023
2068,MAM,Wales,0.530,9.782
2069,MAM,Wales,0.455,11.263
2070,MAM,Wales,0.318,6.398
2071,MAM,Wales,0.423,11.008
2072,MAM,Wales,0.466,8.113
2073,MAM,Wales,0.299,5.556
2074,MAM,Wales,0.459,7.113
2075,MAM,Wales,0.468,7.391
2076,MAM,Wales,0.346,5.496
2077,MAM,Wales,0.520,8.812
2078,MAM,Wales,0.533,10.015
2079,MAM,Wales,0.422,7.060
2080,MAM,Wales,0.274,6.105
1981,JJA,East Midlands,0.290,4.816
1982,JJA,East Midlands,0.391,7.243
1983,JJA,East Midlands,0.316,5.699
1984,JJA,East Midlands,0.375,6.107
1985,JJA,East Midlands,0.316,4.699
1986,JJA,East Midlands,0.210,3.447
1987,JJA,East Midlands,0.254,5.874
1988,JJA,East Midlands,0.478,5.699
1989,JJA,East Midlands,0.392,9.466
1990,JJA,East Midlands,0.260,7.379
1991,JJA,East Midlands,0.280,4.592
1992,JJA,East Midlands,0.482,7.000
1993,JJA,East Midlands,0.343,7.223
1994,JJA,East Midlands,0.398,7.981
1995,JJA,East Midlands,0.319,4.777
1996,JJA,East Midlands,0.473,8.369
1997,JJA,East Midlands,0.211,3.330
1998,JJA,East Midlands,0.351,3.689
1999,JJA,East Midlands,0.206,3.330
2000,JJA,East Midlands,0.356,6.835
2001,JJA,East Midlands,0.374,7.194
2002,JJA,East Midlands,0.272,4.282
2003,JJA,East Midlands,0.360,6.291
2004,JJA,East Midlands,0.202,2.748
2005,JJA,East Midlands,0.443,6.757
2006,JJA,East Midlands,0.325,7.126
2007,JJA,East Midlands,0.416,5.854
2008,JJA,East Midlands,0.217,3.039
2009,JJA,East Midlands,0.392,6.476
2010,JJA,East Midlands,0.465,7.117
2011,JJA,East Midlands,0.278,6.748
2012,JJA,East Midlands,0.303,3.942
2013,JJA,East Midlands,0.408,6.767
2014,JJA,East Midlands,0.375,4.990
2015,JJA,East Midlands,0.327,7.476
2016,JJA,East Midlands,0.290,5.204
2017,JJA,East Midlands,0.248,3.340
2018,JJA,East Midlands,0.267,5.563
2019,JJA,East Midlands,0.175,2.476
2020,JJA,East Midlands,0.377,5.728
2021,JJA,East Midlands,0.307,6.417
2022,JJA,East Midlands,0.426,7.340
2023,JJA,East Midlands,0.273,5.466
2024,JJA,East Midlands,0.223,2.942
2025,JJA,East Midlands,0.338,7.320
2026,JJA,East Midlands,0.420,7.019
2027,JJA,East Midlands,0.217,4.524
2028,JJA,East Midlands,0.394,6.330
2029,JJA,East Midlands,0.401,9.981
2030,JJA,East Midlands,0.468,5.495
2031,JJA,East Midlands,0.161,2.680
2032,JJA,East Midlands,0.257,4.146
2033,JJA,East Midlands,0.349,4.854
2034,JJA,East Midlands,0.357,5.087
2035,JJA,East Midlands,0.176,3.097
2036,JJA,East Midlands,0.269,4.602
2037,JJA,East Midlands,0.318,7.350
2038,JJA,East Midlands,0.299,3.553
2039,JJA,East Midlands,0.277,4.243
2040,JJA,East Midlands,0.138,2.553
2041,JJA,East Midlands,0.273,5.146
2042,JJA,East Midlands,0.283,4.961
2043,JJA,East Midlands,0.311,3.515
2044,JJA,East Midlands,0.220,5.282
2045,JJA,East Midlands,0.311,6.835
2046,JJA,East Midlands,0.136,7.184
2047,JJA,East Midlands,0.299,6.718
2048,JJA,East Midlands,0.334,4.990
2049,JJA,East Midlands,0.211,4.291
2050,JJA,East Midlands,0.191,3.282
2051,JJA,East Midlands,0.328,5.476
2052,JJA,East Midlands,0.360,6.505
2053,JJA,East Midlands,0.304,4.854
2054,JJA,East Midlands,0.314,4.117
2055,JJA,East Midlands,0.261,7.165
2056,JJA,East Midlands,0.278,4.689
2057,JJA,East Midlands,0.344,5.223
2058,JJA,East Midlands,0.256,4.097
2059,JJA,East Midlands,0.331,4.447
2060,JJA,East Midlands,0.218,3.883
2061,JJA,East Midlands,0.240,4.330
2062,JJA,East Midlands,0.173,2.883
2063,JJA,East Midlands,0.230,3.272
2064,JJA,East Midlands,0.343,8.214
2065,JJA,East Midlands,0.334,5.515
2066,JJA,East Midlands,0.387,4.476
2067,JJA,East Midlands,0.166,2.854
2068,JJA,East Midlands,0.179,3.379
2069,JJA,East Midlands,0.188,3.068
2070,JJA,East Midlands,0.228,4.883
2071,JJA,East Midlands,0.270,4.680
2072,JJA,East Midlands,0.145,2.699
2073,JJA,East Midlands,0.205,3.816
2074,JJA,East Midlands,0.437,7.068
2075,JJA,East Midlands,0.227,3.864
2076,JJA,East Midlands,0.106,2.136
2077,JJA,East Midlands,0.145,3.330
2078,JJA,East Midlands,0.176,2.524
2079,JJA,East Midlands,0.315,5.214
2080,JJA,East Midlands,0.143,2.495
1981,JJA,East of England,0.288,4.213
1982,JJA,East of England,0.371,7.528
1983,JJA,East of England,0.323,5.039
1984,JJA,East of England,0.301,4.906
1985,JJA,East of England,0.311,5.575
1986,JJA,East of England,0.201,3.339
1987,JJA,East of England,0.296,7.181
1988,JJA,East of England,0.414,5.504
1989,JJA,East of England,0.364,6.583
1990,JJA,East of England,0.258,5.984
1991,JJA,East of England,0.264,4.512
1992,JJA,East of England,0.398,6.157
1993,JJA,East of England,0.307,5.598
1994,JJA,East of England,0.345,6.055
1995,JJA,East of England,0.280,4.157
1996,JJA,East of England,0.422,8.496
1997,JJA,East of England,0.202,2.929
1998,JJA,East of England,0.330,3.937
1999,JJA,East of England,0.203,3.031
2000,JJA,East of England,0.344,4.669
2001,JJA,East of England,0.352,7.331
2002,JJA,East of England,0.312,4.228
2003,JJA,East of England,0.362,6.717
2004,JJA,East of England,0.179,2.465
2005,JJA,East of England,0.432,6.795
2006,JJA,East of England,0.318,6.339
2007,JJA,East of England,0.424,6.409
2008,JJA,East of England,0.170,2.921
2009,JJA,East of England,0.359,5.929
2010,JJA,East of England,0.424,5.835
2011,JJA,East of England,0.285,6.268
2012,JJA,East of England,0.253,3.512
2013,JJA,East of England,0.373,7.370
2014,JJA,East of England,0.338,5.244
2015,JJA,East of England,0.329,6.323
2016,JJA,East of England,0.302,4.559
2017,JJA,East of England,0.234,3.118
2018,JJA,East of England,0.274,5.071
2019,JJA,East of England,0.188,2.685
2020,JJA,East of England,0.290,5.118
2021,JJA,East of England,0.301,5.079
2022,JJA,East of England,0.396,6.362
2023,JJA,East of England,0.265,5.843
2024,JJA,East of England,0.201,2.858
2025,JJA,East of England,0.295,6.244
2026,JJA,East of England,0.409,6.291
2027,JJA,East of England,0.234,4.268
2028,JJA,East of England,0.361,5.071
2029,JJA,East of England,0.394,6.252
2030,JJA,East of England,0.350,4.472
2031,JJA,East of England,0.187,4.000
2032,JJA,East of England,0.228,4.953
2033,JJA,East of England,0.335,4.661
2034,JJA,East of England,0.344,5.370
2035,JJA,East of England,0.174,2.386
2036,JJA,East of England,0.246,3.630
2037,JJA,East of England,0.330,6.961
2038,JJA,East of England,0.258,2.984
2039,JJA,East of England,0.263,3.488
2040,JJA,East of England,0.148,2.677
2041,JJA,East of England,0.200,2.961
2042,JJA,East of England,0.266,5.362
2043,JJA,East of England,0.265,3.409
2044,JJA,East of England,0.242,6.843
2045,JJA,East of England,0.301,6.063
2046,JJA,East of England,0.138,6.780
2047,JJA,East of England,0.311,5.260
2048,JJA,East of England,0.325,5.008
2049,JJA,East of England,0.184,4.772
2050,JJA,East of England,0.169,3.575
2051,JJA,East of England,0.308,5.268
2052,JJA,East of England,0.351,5.606
2053,JJA,East of England,0.332,6.252
2054,JJA,East of England,0.289,3.575
2055,JJA,East of England,0.285,7.378
2056,JJA,East of England,0.259,4.189
2057,JJA,East of England,0.337,5.110
2058,JJA,East of England,0.258,4.535
2059,JJA,East of England,0.279,3.134
2060,JJA,East of England,0.205,3.622
2061,JJA,East of England,0.187,3.630
2062,JJA,East of England,0.149,3.016
2063,JJA,East of England,0.223,3.504
2064,JJA,East of England,0.283,6.614
2065,JJA,East of England,0.305,5.433
2066,JJA,East of England,0.353,4.268
2067,JJA,East of England,0.138,3.260
2068,JJA,East of England,0.185,4.433
2069,JJA,East of England,0.187,3.433
2070,JJA,East of England,0.215,5.189
2071,JJA,East of England,0.306,4.394
2072,JJA,East of England,0.139,2.315
2073,JJA,East of England,0.198,3.701
2074,JJA,East of England,0.357,6.874
2075,JJA,East of England,0.199,3.591
2076,JJA,East of England,0.121,2.236
2077,JJA,East of England,0.139,2.866
2078,JJA,East of England,0.177,2.370
2079,JJA,East of England,0.277,3.984
2080,JJA,East of England,0.150,3.102
1981,JJA,East Scotland,0.361,6.938
1982,JJA,East Scotland,0.432,6.737
1983,JJA,East Scotland,0.457,10.056
1984,JJA,East Scotland,0.569,9.363
1985,JJA,East Scotland,0.480,7.138
1986,JJA,East Scotland,0.354,5.894
1987,JJA,East Scotland,0.383,8.113
1988,JJA,East Scotland,0.658,11.812
1989,JJA,East Scotland,0.488,10.456
1990,JJA,East Scotland,0.288,5.862
1991,JJA,East Scotland,0.441,7.956
1992,JJA,East Scotland,0.546,9.012
1993,JJA,East Scotland,0.475,10.250
1994,JJA,East Scotland,0.459,9.581
1995,JJA,East Scotland,0.434,7.388
1996,JJA,East Scotland,0.513,8.294
1997,JJA,East Scotland,0.273,6.081
1998,JJA,East Scotland,0.466,8.287
1999,JJA,East Scotland,0.436,7.606
2000,JJA,East Scotland,0.419,6.281
2001,JJA,East Scotland,0.392,5.906
2002,JJA,East Scotland,0.396,7.463
2003,JJA,East Scotland,0.499,7.112
2004,JJA,East Scotland,0.351,5.950
2005,JJA,East Scotland,0.615,10.500
2006,JJA,East Scotland,0.411,5.794
2007,JJA,East Scotland,0.464,6.675
2008,JJA,East Scotland,0.375,7.369
2009,JJA,East Scotland,0.453,7.206
2010,JJA,East Scotland,0.617,13.250
2011,JJA,East Scotland,0.366,7.475
2012,JJA,East Scotland,0.467,7.969
2013,JJA,East Scotland,0.450,6.344
2014,JJA,East Scotland,0.535,9.825
2015,JJA,East Scotland,0.419,6.281
2016,JJA,East Scotland,0.433,6.906
2017,JJA,East Scotland,0.478,7.475
2018,JJA,East Scotland,0.495,8.269
2019,JJA,East Scotland,0.321,4.544
2020,JJA,East Scotland,0.645,12.031
2021,JJA,East Scotland,0.339,6.094
2022,JJA,East Scotland,0.564,10.775
2023,JJA,East Scotland,0.468,8.406
2024,JJA,East Scotland,0.338,6.119
2025,JJA,East Scotland,0.331,6.406
2026,JJA,East Scotland,0.522,8.875
2027,JJA,East Scotland,0.341,5.694
2028,JJA,East Scotland,0.429,5.638
2029,JJA,East Scotland,0.478,10.900
2030,JJA,East Scotland,0.624,9.169
2031,JJA,East Scotland,0.418,8.662
2032,JJA,East Scotland,0.415,6.731
2033,JJA,East Scotland,0.423,5.656
2034,JJA,East Scotland,0.463,5.831
2035,JJA,East Scotland,0.354,6.350
2036,JJA,East Scotland,0.407,6.750
2037,JJA,East Scotland,0.403,7.237
2038,JJA,East Scotland,0.452,6.125
2039,JJA,East Scotland,0.384,7.131
2040,JJA,East Scotland,0.288,6.325
2041,JJA,East Scotland,0.435,6.431
2042,JJA,East Scotland,0.501,11.556
2043,JJA,East Scotland,0.458,6.956
2044,JJA,East Scotland,0.389,6.231
2045,JJA,East Scotland,0.391,7.487
2046,JJA,East Scotland,0.347,6.656
2047,JJA,East Scotland,0.455,7.062
2048,JJA,East Scotland,0.487,7.556
2049,JJA,East Scotland,0.399,6.250
2050,JJA,East Scotland,0.378,7.388
2051,JJA,East Scotland,0.394,6.537
2052,JJA,East Scotland,0.377,7.194
2053,JJA,East Scotland,0.430,6.381
2054,JJA,East Scotland,0.357,5.537
2055,JJA,East Scotland,0.458,9.762
2056,JJA,East Scotland,0.401,5.256
2057,JJA,East Scotland,0.458,7.975
2058,JJA,East Scotland,0.408,8.456
2059,JJA,East Scotland,0.442,6.269
2060,JJA,East Scotland,0.413,8.119
2061,JJA,East Scotland,0.476,7.806
2062,JJA,East Scotland,0.225,4.044
2063,JJA,East Scotland,0.340,5.425
2064,JJA,East Scotland,0.513,9.575
2065,JJA,East Scotland,0.418,6.225
2066,JJA,East Scotland,0.476,8.094
2067,JJA,East Scotland,0.320,5.981
2068,JJA,East Scotland,0.318,5.331
2069,JJA,East Scotland,0.353,6.900
2070,JJA,East Scotland,0.327,7.138
2071,JJA,East Scotland,0.398,6.956
2072,JJA,East Scotland,0.217,7.725
2073,JJA,East Scotland,0.281,3.881
2074,JJA,East Scotland,0.558,9.169
2075,JJA,East Scotland,0.400,7.244
2076,JJA,East Scotland,0.264,4.919
2077,JJA,East Scotland,0.300,5.719
2078,JJA,East Scotland,0.394,8.162
2079,JJA,East Scotland,0.420,5.838
2080,JJA,East Scotland,0.229,4.069
1981,JJA,London,0.259,4.667
1982,JJA,London,0.330,5.667
1983,JJA,London,0.299,5.583
1984,JJA,London,0.267,4.083
1985,JJA,London,0.279,5.000
1986,JJA,London,0.189,4.750
1987,JJA,London,0.291,5.083
1988,JJA,London,0.415,6.000
1989,JJA,London,0.344,8.833
1990,JJA,London,0.248,5.167
1991,JJA,London,0.213,3.167
1992,JJA,London,0.367,5.167
1993,JJA,London,0.331,4.500
1994,JJA,London,0.330,6.500
1995,JJA,London,0.281,3.750
1996,JJA,London,0.432,7.833
1997,JJA,London,0.192,2.917
1998,JJA,London,0.300,3.333
1999,JJA,London,0.197,2.833
2000,JJA,London,0.333,5.500
2001,JJA,London,0.298,4.833
2002,JJA,London,0.264,3.917
2003,JJA,London,0.384,6.583
2004,JJA,London,0.168,2.417
2005,JJA,London,0.429,6.333
2006,JJA,London,0.309,7.500
2007,JJA,London,0.432,6.167
2008,JJA,London,0.126,2.083
2009,JJA,London,0.315,5.167
2010,JJA,London,0.437,7.167
2011,JJA,London,0.265,4.917
2012,JJA,London,0.225,3.750
2013,JJA,London,0.352,4.917
2014,JJA,London,0.275,5.000
2015,JJA,London,0.367,6.500
2016,JJA,London,0.280,4.417
2017,JJA,London,0.214,3.083
2018,JJA,London,0.281,4.833
2019,JJA,London,0.144,2.333
2020,JJA,London,0.219,3.250
2021,JJA,London,0.291,5.333
2022,JJA,London,0.350,6.083
2023,JJA,London,0.253,7.500
2024,JJA,London,0.212,3.917
2025,JJA,London,0.294,6.333
2026,JJA,London,0.389,4.833
2027,JJA,London,0.186,4.000
2028,JJA,London,0.320,6.167
2029,JJA,London,0.356,5.750
2030,JJA,London,0.339,4.250
2031,JJA,London,0.188,3.750
2032,JJA,London,0.231,4.083
2033,JJA,London,0.325,4.500
2034,JJA,London,0.276,4.750
2035,JJA,London,0.202,3.167
2036,JJA,London,0.248,3.833
2037,JJA,London,0.318,6.500
2038,JJA,London,0.243,2.417
2039,JJA,London,0.254,4.083
2040,JJA,London,0.172,6.583
2041,JJA,London,0.166,2.333
2042,JJA,London,0.244,4.750
2043,JJA,London,0.227,3.583
2044,JJA,London,0.224,6.500
2045,JJA,London,0.275,3.917
2046,JJA,London,0.103,5.167
2047,JJA,London,0.279,5.333
2048,JJA,London,0.253,4.083
2049,JJA,London,0.141,2.750
2050,JJA,London,0.169,3.833
2051,JJA,London,0.271,4.667
2052,JJA,London,0.349,4.833
2053,JJA,London,0.345,4.583
2054,JJA,London,0.243,3.000
2055,JJA,London,0.280,4.750
2056,JJA,London,0.197,3.333
2057,JJA,London,0.282,4.167
2058,JJA,London,0.215,4.167
2059,JJA,London,0.271,3.417
2060,JJA,London,0.182,2.917
2061,JJA,London,0.142,3.750
2062,JJA,London,0.167,3.250
2063,JJA,London,0.174,3.000
2064,JJA,London,0.258,5.583
2065,JJA,London,0.266,5.500
2066,JJA,London,0.300,4.250
2067,JJA,London,0.113,3.167
2068,JJA,London,0.216,4.833
2069,JJA,London,0.162,3.667
2070,JJA,London,0.201,4.583
2071,JJA,London,0.313,4.583
2072,JJA,London,0.108,2.417
2073,JJA,London,0.237,4.250
2074,JJA,London,0.330,4.083
2075,JJA,London,0.175,3.250
2076,JJA,London,0.157,2.667
2077,JJA,London,0.123,2.083
2078,JJA,London,0.104,2.000
2079,JJA,London,0.251,3.083
2080,JJA,London,0.156,3.833
1981,JJA,North East England,0.343,6.667
1982,JJA,North East England,0.416,5.825
1983,JJA,North East England,0.361,7.509
1984,JJA,North East England,0.484,7.281
1985,JJA,North East England,0.439,6.754
1986,JJA,North East England,0.332,6.281
1987,JJA,North East England,0.320,7.246
1988,JJA,North East England,0.596,6.982
1989,JJA,North East England,0.475,10.281
1990,JJA,North East England,0.301,8.088
1991,JJA,North East England,0.400,5.702
1992,JJA,North East England,0.534,7.474
1993,JJA,North East England,0.415,7.228
1994,JJA,North East England,0.422,7.702
1995,JJA,North East England,0.399,8.737
1996,JJA,North East England,0.489,9.333
1997,JJA,North East England,0.233,4.579
1998,JJA,North East England,0.399,4.807
1999,JJA,North East England,0.298,4.351
2000,JJA,North East England,0.417,5.825
2001,JJA,North East England,0.400,8.246
2002,JJA,North East England,0.350,7.105
2003,JJA,North East England,0.469,6.228
2004,JJA,North East England,0.290,3.246
2005,JJA,North East England,0.544,8.000
2006,JJA,North East England,0.384,5.895
2007,JJA,North East England,0.466,5.930
2008,JJA,North East England,0.301,5.070
2009,JJA,North East England,0.448,7.105
2010,JJA,North East England,0.547,8.386
2011,JJA,North East England,0.347,6.649
2012,JJA,North East England,0.423,5.912
2013,JJA,North East England,0.446,6.298
2014,JJA,North East England,0.441,5.895
2015,JJA,North East England,0.438,7.246
2016,JJA,North East England,0.334,4.895
2017,JJA,North East England,0.387,4.614
2018,JJA,North East England,0.411,6.842
2019,JJA,North East England,0.264,3.596
2020,JJA,North East England,0.514,9.386
2021,JJA,North East England,0.335,6.070
2022,JJA,North East England,0.520,7.912
2023,JJA,North East England,0.356,6.228
2024,JJA,North East England,0.258,6.070
2025,JJA,North East England,0.357,5.754
2026,JJA,North East England,0.542,11.579
2027,JJA,North East England,0.280,4.421
2028,JJA,North East England,0.372,4.965
2029,JJA,North East England,0.401,10.895
2030,JJA,North East England,0.607,8.737
2031,JJA,North East England,0.302,6.807
2032,JJA,North East England,0.339,4.684
2033,JJA,North East England,0.393,4.649
2034,JJA,North East England,0.438,5.632
2035,JJA,North East England,0.282,4.421
2036,JJA,North East England,0.382,6.333
2037,JJA,North East England,0.358,7.053
2038,JJA,North East England,0.401,5.965
2039,JJA,North East England,0.381,6.404
2040,JJA,North East England,0.229,3.982
2041,JJA,North East England,0.430,6.982
2042,JJA,North East England,0.437,9.439
2043,JJA,North East England,0.415,5.579
2044,JJA,North East England,0.331,6.158
2045,JJA,North East England,0.391,9.439
2046,JJA,North East England,0.284,6.193
2047,JJA,North East England,0.408,7.421
2048,JJA,North East England,0.448,6.351
2049,JJA,North East England,0.314,7.070
2050,JJA,North East England,0.308,4.561
2051,JJA,North East England,0.402,6.018
2052,JJA,North East England,0.359,6.070
2053,JJA,North East England,0.416,6.333
2054,JJA,North East England,0.338,5.368
2055,JJA,North East England,0.387,10.509
2056,JJA,North East England,0.325,4.491
2057,JJA,North East England,0.420,5.667
2058,JJA,North East England,0.330,5.333
2059,JJA,North East England,0.469,6.088
2060,JJA,North East England,0.308,5.000
2061,JJA,North East England,0.358,6.368
2062,JJA,North East England,0.189,3.193
2063,JJA,North East England,0.296,4.930
2064,JJA,North East England,0.428,11.684
2065,JJA,North East England,0.324,4.772
2066,JJA,North East England,0.492,8.842
2067,JJA,North East England,0.248,4.228
2068,JJA,North East England,0.244,3.316
2069,JJA,North East England,0.289,3.544
2070,JJA,North East England,0.303,8.316
2071,JJA,North East England,0.360,4.614
2072,JJA,North East England,0.188,4.474
2073,JJA,North East England,0.227,3.789
2074,JJA,North East England,0.495,7.842
2075,JJA,North East England,0.335,4.667
2076,JJA,North East England,0.210,3.404
2077,JJA,North East England,0.205,3.789
2078,JJA,North East England,0.319,5.667
2079,JJA,North East England,0.334,5.088
2080,JJA,North East England,0.194,4.316
1981,JJA,North Scotland,0.523,9.943
1982,JJA,North Scotland,0.588,11.156
1983,JJA,North Scotland,0.521,11.585
1984,JJA,North Scotland,0.665,13.453
1985,JJA,North Scotland,0.576,8.392
1986,JJA,North Scotland,0.517,9.387
1987,JJA,North Scotland,0.487,9.420
1988,JJA,North Scotland,0.683,13.505
1989,JJA,North Scotland,0.616,11.901
1990,JJA,North Scotland,0.430,7.184
1991,JJA,North Scotland,0.605,11.160
1992,JJA,North Scotland,0.627,11.802
1993,JJA,North Scotland,0.617,15.821
1994,JJA,North Scotland,0.576,13.047
1995,JJA,North Scotland,0.584,11.594
1996,JJA,North Scotland,0.606,10.495
1997,JJA,North Scotland,0.502,9.514
1998,JJA,North Scotland,0.599,18.698
1999,JJA,North Scotland,0.591,10.958
2000,JJA,North Scotland,0.467,10.099
2001,JJA,North Scotland,0.499,7.472
2002,JJA,North Scotland,0.518,10.759
2003,JJA,North Scotland,0.605,9.976
2004,JJA,North Scotland,0.515,8.656
2005,JJA,North Scotland,0.644,12.307
2006,JJA,North Scotland,0.567,10.481
2007,JJA,North Scotland,0.580,9.590
2008,JJA,North Scotland,0.588,10.825
2009,JJA,North Scotland,0.586,9.524
2010,JJA,North Scotland,0.689,16.330
2011,JJA,North Scotland,0.470,7.226
2012,JJA,North Scotland,0.567,9.712
2013,JJA,North Scotland,0.556,11.014
2014,JJA,North Scotland,0.670,13.193
2015,JJA,North Scotland,0.541,10.915
2016,JJA,North Scotland,0.633,11.590
2017,JJA,North Scotland,0.597,13.330
2018,JJA,North Scotland,0.619,12.340
2019,JJA,North Scotland,0.504,7.085
2020,JJA,North Scotland,0.737,17.358
2021,JJA,North Scotland,0.426,8.151
2022,JJA,North Scotland,0.672,12.764
2023,JJA,North Scotland,0.568,12.193
2024,JJA,North Scotland,0.552,14.387
2025,JJA,North Scotland,0.416,7.099
2026,JJA,North Scotland,0.597,10.028
2027,JJA,North Scotland,0.584,11.118
2028,JJA,North Scotland,0.518,9.406
2029,JJA,North Scotland,0.537,11.684
2030,JJA,North Scotland,0.631,9.991
2031,JJA,North Scotland,0.624,13.108
2032,JJA,North Scotland,0.557,10.278
2033,JJA,North Scotland,0.555,8.368
2034,JJA,North Scotland,0.607,9.575
2035,JJA,North Scotland,0.544,10.099
2036,JJA,North Scotland,0.601,11.118
2037,JJA,North Scotland,0.516,9.627
2038,JJA,North Scotland,0.573,10.099
2039,JJA,North Scotland,0.473,8.368
2040,JJA,North Scotland,0.472,12.415
2041,JJA,North Scotland,0.624,10.835
2042,JJA,North Scotland,0.618,11.481
2043,JJA,North Scotland,0.611,13.967
2044,JJA,North Scotland,0.494,7.698
2045,JJA,North Scotland,0.574,13.382
2046,JJA,North Scotland,0.513,11.547
2047,JJA,North Scotland,0.596,13.901
2048,JJA,North Scotland,0.584,11.453
2049,JJA,North Scotland,0.615,10.401
2050,JJA,North Scotland,0.566,11.231
2051,JJA,North Scotland,0.527,9.524
2052,JJA,North Scotland,0.386,9.104
2053,JJA,North Scotland,0.531,9.236
2054,JJA,North Scotland,0.496,8.892
2055,JJA,North Scotland,0.603,11.476
2056,JJA,North Scotland,0.582,10.358
2057,JJA,North Scotland,0.598,10.439
2058,JJA,North Scotland,0.583,15.057
2059,JJA,North Scotland,0.625,11.453
2060,JJA,North Scotland,0.533,11.741
2061,JJA,North Scotland,0.668,12.750
2062,JJA,North Scotland,0.356,8.099
2063,JJA,North Scotland,0.533,9.495
2064,JJA,North Scotland,0.610,11.071
2065,JJA,North Scotland,0.473,8.604
2066,JJA,North Scotland,0.587,11.382
2067,JJA,North Scotland,0.534,12.377
2068,JJA,North Scotland,0.479,7.967
2069,JJA,North Scotland,0.495,12.104
2070,JJA,North Scotland,0.498,8.887
2071,JJA,North Scotland,0.561,11.500
2072,JJA,North Scotland,0.350,10.146
2073,JJA,North Scotland,0.415,7.179
2074,JJA,North Scotland,0.654,12.311
2075,JJA,North Scotland,0.513,7.420
2076,JJA,North Scotland,0.400,8.311
2077,JJA,North Scotland,0.502,8.132
2078,JJA,North Scotland,0.526,12.566
2079,JJA,North Scotland,0.546,9.717
2080,JJA,North Scotland,0.375,5.920
1981,JJA,North West England,0.355,10.226
1982,JJA,North West England,0.497,7.097
1983,JJA,North West England,0.443,8.914
1984,JJA,North West England,0.566,7.204
1985,JJA,North West England,0.476,7.000
1986,JJA,North West England,0.397,9.194
1987,JJA,North West England,0.381,9.935
1988,JJA,North West England,0.663,11.516
1989,JJA,North West England,0.445,12.634
1990,JJA,North West England,0.303,9.409
1991,JJA,North West England,0.384,6.312
1992,JJA,North West England,0.612,10.398
1993,JJA,North West England,0.516,10.968
1994,JJA,North West England,0.491,9.527
1995,JJA,North West England,0.473,10.656
1996,JJA,North West England,0.589,10.301
1997,JJA,North West England,0.324,5.183
1998,JJA,North West England,0.499,7.806
1999,JJA,North West England,0.404,6.978
2000,JJA,North West England,0.489,9.559
2001,JJA,North West England,0.438,10.677
2002,JJA,North West England,0.372,6.495
2003,JJA,North West England,0.496,7.441
2004,JJA,North West England,0.336,6.710
2005,JJA,North West England,0.587,13.151
2006,JJA,North West England,0.421,6.989
2007,JJA,North West England,0.513,7.462
2008,JJA,North West England,0.371,6.441
2009,JJA,North West England,0.530,8.796
2010,JJA,North West England,0.614,11.753
2011,JJA,North West England,0.314,7.237
2012,JJA,North West England,0.462,7.312
2013,JJA,North West England,0.539,10.645
2014,JJA,North West England,0.548,9.097
2015,JJA,North West England,0.396,8.634
2016,JJA,North West England,0.358,5.419
2017,JJA,North West England,0.454,6.624
2018,JJA,North West England,0.458,8.559
2019,JJA,North West England,0.270,4.344
2020,JJA,North West England,0.640,12.312
2021,JJA,North West England,0.301,6.409
2022,JJA,North West England,0.580,14.935
2023,JJA,North West England,0.391,8.312
2024,JJA,North West England,0.331,8.290
2025,JJA,North West England,0.375,7.785
2026,JJA,North West England,0.582,9.527
2027,JJA,North West England,0.352,7.591
2028,JJA,North West England,0.456,7.022
2029,JJA,North West England,0.388,11.892
2030,JJA,North West England,0.659,9.118
2031,JJA,North West England,0.432,9.774
2032,JJA,North West England,0.371,5.280
2033,JJA,North West England,0.508,6.570
2034,JJA,North West England,0.437,5.280
2035,JJA,North West England,0.305,5.645
2036,JJA,North West England,0.446,8.065
2037,JJA,North West England,0.381,5.688
2038,JJA,North West England,0.434,8.731
2039,JJA,North West England,0.391,7.602
2040,JJA,North West England,0.231,4.871
2041,JJA,North West England,0.416,6.226
2042,JJA,North West England,0.470,14.989
2043,JJA,North West England,0.475,7.387
2044,JJA,North West England,0.297,5.516
2045,JJA,North West England,0.403,7.849
2046,JJA,North West England,0.292,7.344
2047,JJA,North West England,0.469,8.538
2048,JJA,North West England,0.453,9.398
2049,JJA,North West England,0.392,7.914
2050,JJA,North West England,0.296,4.570
2051,JJA,North West England,0.456,6.989
2052,JJA,North West England,0.393,6.613
2053,JJA,North West England,0.441,8.183
2054,JJA,North West England,0.396,7.441
2055,JJA,North West England,0.400,10.570
2056,JJA,North West England,0.385,5.409
2057,JJA,North West England,0.458,7.828
2058,JJA,North West England,0.416,8.957
2059,JJA,North West England,0.477,6.570
2060,JJA,North West England,0.386,6.161
2061,JJA,North West England,0.461,7.516
2062,JJA,North West England,0.248,4.247
2063,JJA,North West England,0.352,6.645
2064,JJA,North West England,0.499,12.011
2065,JJA,North West England,0.311,5.376
2066,JJA,North West England,0.542,9.882
2067,JJA,North West England,0.264,6.097
2068,JJA,North West England,0.255,5.161
2069,JJA,North West England,0.319,5.903
2070,JJA,North West England,0.314,6.860
2071,JJA,North West England,0.386,6.269
2072,JJA,North West England,0.193,3.892
2073,JJA,North West England,0.219,4.022
2074,JJA,North West England,0.574,9.172
2075,JJA,North West England,0.349,5.624
2076,JJA,North West England,0.239,5.172
2077,JJA,North West England,0.244,5.075
2078,JJA,North West England,0.320,5.022
2079,JJA,North West England,0.364,5.194
2080,JJA,North West England,0.189,3.731
1981,JJA,South East England,0.275,4.619
1982,JJA,South East England,0.326,7.627
1983,JJA,South East England,0.282,5.695
1984,JJA,South East England,0.218,3.517
1985,JJA,South East England,0.250,5.212
1986,JJA,South East England,0.185,4.432
1987,JJA,South East England,0.256,6.220
1988,JJA,South East England,0.435,5.839
1989,JJA,South East England,0.309,5.712
1990,JJA,South East England,0.240,5.000
1991,JJA,South East England,0.189,2.856
1992,JJA,South East England,0.399,5.661
1993,JJA,South East England,0.282,5.237
1994,JJA,South East England,0.324,7.585
1995,JJA,South East England,0.241,3.627
1996,JJA,South East England,0.388,7.059
1997,JJA,South East England,0.204,2.924
1998,JJA,South East England,0.268,3.390
1999,JJA,South East England,0.181,3.025
2000,JJA,South East England,0.326,4.195
2001,JJA,South East England,0.299,5.144
2002,JJA,South East England,0.269,4.068
2003,JJA,South East England,0.369,7.051
2004,JJA,South East England,0.163,2.322
2005,JJA,South East England,0.436,5.907
2006,JJA,South East England,0.280,6.585
2007,JJA,South East England,0.424,6.678
2008,JJA,South East England,0.135,2.407
2009,JJA,South East England,0.314,5.059
2010,JJA,South East England,0.431,6.008
2011,JJA,South East England,0.245,4.534
2012,JJA,South East England,0.229,3.644
2013,JJA,South East England,0.309,5.881
2014,JJA,South East England,0.300,5.347
2015,JJA,South East England,0.328,7.085
2016,JJA,South East England,0.242,4.797
2017,JJA,South East England,0.217,3.678
2018,JJA,South East England,0.245,4.288
2019,JJA,South East England,0.131,2.356
2020,JJA,South East England,0.281,3.525
2021,JJA,South East England,0.264,4.822
2022,JJA,South East England,0.351,6.517
2023,JJA,South East England,0.257,6.508
2024,JJA,South East England,0.176,2.686
2025,JJA,South East England,0.275,6.136
2026,JJA,South East England,0.372,5.653
2027,JJA,South East England,0.205,4.212
2028,JJA,South East England,0.346,4.839
2029,JJA,South East England,0.342,4.712
2030,JJA,South East England,0.384,5.356
2031,JJA,South East England,0.165,4.161
2032,JJA,South East England,0.210,4.585
2033,JJA,South East England,0.312,4.814
2034,JJA,South East England,0.239,4.144
2035,JJA,South East England,0.153,2.847
2036,JJA,South East England,0.224,3.610
2037,JJA,South East England,0.296,6.212
2038,JJA,South East England,0.221,2.712
2039,JJA,South East England,0.244,3.898
2040,JJA,South East England,0.117,3.169
2041,JJA,South East England,0.155,3.508
2042,JJA,South East England,0.216,4.153
2043,JJA,South East England,0.229,3.246
2044,JJA,South East England,0.200,4.864
2045,JJA,South East England,0.239,4.127
2046,JJA,South East England,0.090,5.424
2047,JJA,South East England,0.257,4.797
2048,JJA,South East England,0.257,3.678
2049,JJA,South East England,0.123,2.432
2050,JJA,South East England,0.147,4.695
2051,JJA,South East England,0.271,4.915
2052,JJA,South East England,0.358,6.068
2053,JJA,South East England,0.317,4.941
2054,JJA,South East England,0.220,3.254
2055,JJA,South East England,0.255,5.390
2056,JJA,South East England,0.201,3.576
2057,JJA,South East England,0.287,5.254
2058,JJA,South East England,0.190,3.390
2059,JJA,South East England,0.245,3.136
2060,JJA,South East England,0.166,2.881
2061,JJA,South East England,0.155,2.814
2062,JJA,South East England,0.162,2.627
2063,JJA,South East England,0.185,3.161
2064,JJA,South East England,0.226,4.475
2065,JJA,South East England,0.265,5.314
2066,JJA,South East England,0.303,3.737
2067,JJA,South East England,0.115,3.534
2068,JJA,South East England,0.182,3.975
2069,JJA,South East England,0.152,3.593
2070,JJA,South East England,0.197,5.610
2071,JJA,South East England,0.273,4.322
2072,JJA,South East England,0.099,  NA
2073,JJA,South East England,0.194,3.331
2074,JJA,South East England,0.281,3.839
2075,JJA,South East England,0.172,3.169
2076,JJA,South East England,0.122,2.593
2077,JJA,South East England,0.131,3.407
2078,JJA,South East England,0.108,2.212
2079,JJA,South East England,0.226,3.093
2080,JJA,South East England,0.134,2.949
1981,JJA,South West England,0.318,6.442
1982,JJA,South West England,0.343,8.859
1983,JJA,South West England,0.312,5.801
1984,JJA,South West England,0.296,4.173
1985,JJA,South West England,0.334,6.058
1986,JJA,South West England,0.228,4.269
1987,JJA,South West England,0.209,6.429
1988,JJA,South West England,0.498,7.583
1989,JJA,South West England,0.330,7.173
1990,JJA,South West England,0.250,6.372
1991,JJA,South West England,0.213,3.404
1992,JJA,South West England,0.459,6.154
1993,JJA,South West England,0.303,6.224
1994,JJA,South West England,0.354,9.224
1995,JJA,South West England,0.301,4.782
1996,JJA,South West England,0.446,7.506
1997,JJA,South West England,0.243,3.538
1998,JJA,South West England,0.322,4.000
1999,JJA,South West England,0.264,4.135
2000,JJA,South West England,0.342,3.994
2001,JJA,South West England,0.356,5.321
2002,JJA,South West England,0.267,4.231
2003,JJA,South West England,0.401,6.750
2004,JJA,South West England,0.159,2.359
2005,JJA,South West England,0.481,7.378
2006,JJA,South West England,0.272,6.974
2007,JJA,South West England,0.471,7.808
2008,JJA,South West England,0.155,2.481
2009,JJA,South West England,0.345,5.622
2010,JJA,South West England,0.465,6.763
2011,JJA,South West England,0.258,5.359
2012,JJA,South West England,0.249,3.949
2013,JJA,South West England,0.381,7.571
2014,JJA,South West England,0.310,4.128
2015,JJA,South West England,0.328,6.981
2016,JJA,South West England,0.239,4.404
2017,JJA,South West England,0.244,3.974
2018,JJA,South West England,0.220,3.269
2019,JJA,South West England,0.146,2.353
2020,JJA,South West England,0.407,4.974
2021,JJA,South West England,0.263,4.724
2022,JJA,South West England,0.348,6.083
2023,JJA,South West England,0.285,7.551
2024,JJA,South West England,0.186,2.987
2025,JJA,South West England,0.303,6.096
2026,JJA,South West England,0.380,5.872
2027,JJA,South West England,0.220,4.462
2028,JJA,South West England,0.402,4.679
2029,JJA,South West England,0.389,8.359
2030,JJA,South West England,0.488,6.513
2031,JJA,South West England,0.169,3.615
2032,JJA,South West England,0.185,2.679
2033,JJA,South West England,0.339,5.833
2034,JJA,South West England,0.257,3.846
2035,JJA,South West England,0.142,2.808
2036,JJA,South West England,0.283,4.987
2037,JJA,South West England,0.335,7.981
2038,JJA,South West England,0.279,4.853
2039,JJA,South West England,0.284,5.955
2040,JJA,South West England,0.116,2.462
2041,JJA,South West England,0.175,4.019
2042,JJA,South West England,0.279,4.724
2043,JJA,South West England,0.271,4.051
2044,JJA,South West England,0.178,3.660
2045,JJA,South West England,0.264,4.936
2046,JJA,South West England,0.095,3.199
2047,JJA,South West England,0.258,5.692
2048,JJA,South West England,0.263,3.205
2049,JJA,South West England,0.184,2.744
2050,JJA,South West England,0.165,3.487
2051,JJA,South West England,0.282,5.064
2052,JJA,South West England,0.402,7.500
2053,JJA,South West England,0.344,4.936
2054,JJA,South West England,0.303,4.173
2055,JJA,South West England,0.218,4.660
2056,JJA,South West England,0.208,4.103
2057,JJA,South West England,0.299,5.423
2058,JJA,South West England,0.199,3.462
2059,JJA,South West England,0.278,4.333
2060,JJA,South West England,0.202,3.910
2061,JJA,South West England,0.232,3.147
2062,JJA,South West England,0.158,2.628
2063,JJA,South West England,0.193,3.731
2064,JJA,South West England,0.283,4.199
2065,JJA,South West England,0.290,5.596
2066,JJA,South West England,0.328,3.917
2067,JJA,South West England,0.111,2.763
2068,JJA,South West England,0.187,3.641
2069,JJA,South West England,0.171,4.109
2070,JJA,South West England,0.195,6.269
2071,JJA,South West England,0.306,5.500
2072,JJA,South West England,0.083,2.545
2073,JJA,South West England,0.207,3.756
2074,JJA,South West England,0.354,4.891
2075,JJA,South West England,0.173,2.750
2076,JJA,South West England,0.120,2.494
2077,JJA,South West England,0.141,3.641
2078,JJA,South West England,0.144,3.705
2079,JJA,South West England,0.269,4.519
2080,JJA,South West England,0.105,2.609
1981,JJA,West Midlands,0.312,6.128
1982,JJA,West Midlands,0.354,5.814
1983,JJA,West Midlands,0.314,5.930
1984,JJA,West Midlands,0.359,4.791
1985,JJA,West Midlands,0.317,4.174
1986,JJA,West Midlands,0.194,3.860
1987,JJA,West Midlands,0.238,5.895
1988,JJA,West Midlands,0.520,5.674
1989,JJA,West Midlands,0.336,8.465
1990,JJA,West Midlands,0.270,6.907
1991,JJA,West Midlands,0.245,3.942
1992,JJA,West Midlands,0.479,7.023
1993,JJA,West Midlands,0.359,6.547
1994,JJA,West Midlands,0.374,7.826
1995,JJA,West Midlands,0.330,5.174
1996,JJA,West Midlands,0.460,7.837
1997,JJA,West Midlands,0.207,3.233
1998,JJA,West Midlands,0.355,4.244
1999,JJA,West Midlands,0.218,3.419
2000,JJA,West Midlands,0.321,4.581
2001,JJA,West Midlands,0.398,7.965
2002,JJA,West Midlands,0.276,4.837
2003,JJA,West Midlands,0.397,6.651
2004,JJA,West Midlands,0.175,2.779
2005,JJA,West Midlands,0.415,6.093
2006,JJA,West Midlands,0.309,8.628
2007,JJA,West Midlands,0.420,7.012
2008,JJA,West Midlands,0.204,3.209
2009,JJA,West Midlands,0.367,5.721
2010,JJA,West Midlands,0.483,7.512
2011,JJA,West Midlands,0.263,5.163
2012,JJA,West Midlands,0.264,3.453
2013,JJA,West Midlands,0.379,6.174
2014,JJA,West Midlands,0.338,5.163
2015,JJA,West Midlands,0.309,7.395
2016,JJA,West Midlands,0.255,5.395
2017,JJA,West Midlands,0.256,3.965
2018,JJA,West Midlands,0.251,4.988
2019,JJA,West Midlands,0.162,2.756
2020,JJA,West Midlands,0.369,5.012
2021,JJA,West Midlands,0.286,5.314
2022,JJA,West Midlands,0.393,7.709
2023,JJA,West Midlands,0.269,7.558
2024,JJA,West Midlands,0.220,3.116
2025,JJA,West Midlands,0.318,8.291
2026,JJA,West Midlands,0.400,7.000
2027,JJA,West Midlands,0.175,3.907
2028,JJA,West Midlands,0.388,4.163
2029,JJA,West Midlands,0.377,9.360
2030,JJA,West Midlands,0.480,5.849
2031,JJA,West Midlands,0.173,3.209
2032,JJA,West Midlands,0.251,3.814
2033,JJA,West Midlands,0.383,5.221
2034,JJA,West Midlands,0.296,3.988
2035,JJA,West Midlands,0.189,3.221
2036,JJA,West Midlands,0.297,5.209
2037,JJA,West Midlands,0.341,6.407
2038,JJA,West Midlands,0.311,4.070
2039,JJA,West Midlands,0.304,5.151
2040,JJA,West Midlands,0.160,3.384
2041,JJA,West Midlands,0.240,5.651
2042,JJA,West Midlands,0.281,4.581
2043,JJA,West Midlands,0.307,5.035
2044,JJA,West Midlands,0.203,3.709
2045,JJA,West Midlands,0.292,6.535
2046,JJA,West Midlands,0.121,4.953
2047,JJA,West Midlands,0.274,6.640
2048,JJA,West Midlands,0.274,4.512
2049,JJA,West Midlands,0.206,3.105
2050,JJA,West Midlands,0.183,3.384
2051,JJA,West Midlands,0.342,5.802
2052,JJA,West Midlands,0.376,6.663
2053,JJA,West Midlands,0.324,4.628
2054,JJA,West Midlands,0.314,3.895
2055,JJA,West Midlands,0.265,6.453
2056,JJA,West Midlands,0.239,4.988
2057,JJA,West Midlands,0.288,3.977
2058,JJA,West Midlands,0.250,3.814
2059,JJA,West Midlands,0.323,5.023
2060,JJA,West Midlands,0.213,4.314
2061,JJA,West Midlands,0.245,3.395
2062,JJA,West Midlands,0.204,3.570
2063,JJA,West Midlands,0.205,3.128
2064,JJA,West Midlands,0.325,4.767
2065,JJA,West Midlands,0.321,5.558
2066,JJA,West Midlands,0.377,3.953
2067,JJA,West Midlands,0.141,3.012
2068,JJA,West Midlands,0.182,3.988
2069,JJA,West Midlands,0.190,3.512
2070,JJA,West Midlands,0.218,5.919
2071,JJA,West Midlands,0.300,4.802
2072,JJA,West Midlands,0.132,3.314
2073,JJA,West Midlands,0.199,4.105
2074,JJA,West Midlands,0.429,6.628
2075,JJA,West Midlands,0.202,3.570
2076,JJA,West Midlands,0.125,3.023
2077,JJA,West Midlands,0.135,3.395
2078,JJA,West Midlands,0.162,4.140
2079,JJA,West Midlands,0.326,5.337
2080,JJA,West Midlands,0.116,2.186
1981,JJA,West Scotland,0.426,10.371
1982,JJA,West Scotland,0.501,7.341
1983,JJA,West Scotland,0.513,11.023
1984,JJA,West Scotland,0.669,11.273
1985,JJA,West Scotland,0.528,8.030
1986,JJA,West Scotland,0.448,9.682
1987,JJA,West Scotland,0.438,8.773
1988,JJA,West Scotland,0.686,12.545
1989,JJA,West Scotland,0.471,10.773
1990,JJA,West Scotland,0.344,8.758
1991,JJA,West Scotland,0.433,6.045
1992,JJA,West Scotland,0.614,8.409
1993,JJA,West Scotland,0.562,12.962
1994,JJA,West Scotland,0.496,10.530
1995,JJA,West Scotland,0.518,9.098
1996,JJA,West Scotland,0.587,9.280
1997,JJA,West Scotland,0.374,7.848
1998,JJA,West Scotland,0.539,14.333
1999,JJA,West Scotland,0.508,10.152
2000,JJA,West Scotland,0.461,8.924
2001,JJA,West Scotland,0.473,8.152
2002,JJA,West Scotland,0.397,8.015
2003,JJA,West Scotland,0.531,8.106
2004,JJA,West Scotland,0.408,8.348
2005,JJA,West Scotland,0.634,12.591
2006,JJA,West Scotland,0.423,5.538
2007,JJA,West Scotland,0.526,8.682
2008,JJA,West Scotland,0.467,7.614
2009,JJA,West Scotland,0.533,8.902
2010,JJA,West Scotland,0.677,15.508
2011,JJA,West Scotland,0.352,7.030
2012,JJA,West Scotland,0.531,8.636
2013,JJA,West Scotland,0.513,7.705
2014,JJA,West Scotland,0.614,11.765
2015,JJA,West Scotland,0.449,7.189
2016,JJA,West Scotland,0.467,7.932
2017,JJA,West Scotland,0.536,8.167
2018,JJA,West Scotland,0.553,8.068
2019,JJA,West Scotland,0.339,5.023
2020,JJA,West Scotland,0.690,15.091
2021,JJA,West Scotland,0.337,5.886
2022,JJA,West Scotland,0.596,9.356
2023,JJA,West Scotland,0.473,8.977
2024,JJA,West Scotland,0.452,10.485
2025,JJA,West Scotland,0.364,4.553
2026,JJA,West Scotland,0.586,9.303
2027,JJA,West Scotland,0.419,8.568
2028,JJA,West Scotland,0.481,7.098
2029,JJA,West Scotland,0.480,10.545
2030,JJA,West Scotland,0.639,9.818
2031,JJA,West Scotland,0.527,12.523
2032,JJA,West Scotland,0.482,10.076
2033,JJA,West Scotland,0.517,7.174
2034,JJA,West Scotland,0.494,6.250
2035,JJA,West Scotland,0.425,7.947
2036,JJA,West Scotland,0.489,7.258
2037,JJA,West Scotland,0.418,8.606
2038,JJA,West Scotland,0.487,9.917
2039,JJA,West Scotland,0.403,8.364
2040,JJA,West Scotland,0.315,6.303
2041,JJA,West Scotland,0.479,7.167
2042,JJA,West Scotland,0.555,11.091
2043,JJA,West Scotland,0.552,7.841
2044,JJA,West Scotland,0.372,4.856
2045,JJA,West Scotland,0.438,8.265
2046,JJA,West Scotland,0.419,7.879
2047,JJA,West Scotland,0.506,7.015
2048,JJA,West Scotland,0.518,9.803
2049,JJA,West Scotland,0.511,8.962
2050,JJA,West Scotland,0.416,7.606
2051,JJA,West Scotland,0.447,7.068
2052,JJA,West Scotland,0.339,6.470
2053,JJA,West Scotland,0.440,6.538
2054,JJA,West Scotland,0.444,7.341
2055,JJA,West Scotland,0.528,9.947
2056,JJA,West Scotland,0.433,5.894
2057,JJA,West Scotland,0.494,8.364
2058,JJA,West Scotland,0.469,8.818
2059,JJA,West Scotland,0.476,7.129
2060,JJA,West Scotland,0.478,9.121
2061,JJA,West Scotland,0.579,9.386
2062,JJA,West Scotland,0.240,5.674
2063,JJA,West Scotland,0.395,6.902
2064,JJA,West Scotland,0.552,14.477
2065,JJA,West Scotland,0.413,6.129
2066,JJA,West Scotland,0.530,11.098
2067,JJA,West Scotland,0.380,8.364
2068,JJA,West Scotland,0.343,6.886
2069,JJA,West Scotland,0.418,7.591
2070,JJA,West Scotland,0.388,6.818
2071,JJA,West Scotland,0.452,7.773
2072,JJA,West Scotland,0.229,6.364
2073,JJA,West Scotland,0.281,3.894
2074,JJA,West Scotland,0.584,7.917
2075,JJA,West Scotland,0.424,5.894
2076,JJA,West Scotland,0.320,6.674
2077,JJA,West Scotland,0.362,6.402
2078,JJA,West Scotland,0.414,6.561
2079,JJA,West Scotland,0.458,6.712
2080,JJA,West Scotland,0.265,4.568
1981,JJA,Yorkshire and Humber,0.302,5.535
1982,JJA,Yorkshire and Humber,0.406,6.218
1983,JJA,Yorkshire and Humber,0.352,7.069
1984,JJA,Yorkshire and Humber,0.458,7.990
1985,JJA,Yorkshire and Humber,0.379,5.881
1986,JJA,Yorkshire and Humber,0.277,5.554
1987,JJA,Yorkshire and Humber,0.274,7.248
1988,JJA,Yorkshire and Humber,0.544,7.119
1989,JJA,Yorkshire and Humber,0.460,11.584
1990,JJA,Yorkshire and Humber,0.277,8.248
1991,JJA,Yorkshire and Humber,0.333,5.653
1992,JJA,Yorkshire and Humber,0.498,7.188
1993,JJA,Yorkshire and Humber,0.397,7.455
1994,JJA,Yorkshire and Humber,0.420,8.000
1995,JJA,Yorkshire and Humber,0.355,5.218
1996,JJA,Yorkshire and Humber,0.483,8.515
1997,JJA,Yorkshire and Humber,0.217,3.733
1998,JJA,Yorkshire and Humber,0.387,4.594
1999,JJA,Yorkshire and Humber,0.273,4.525
2000,JJA,Yorkshire and Humber,0.406,7.297
2001,JJA,Yorkshire and Humber,0.368,7.634
2002,JJA,Yorkshire and Humber,0.301,5.673
2003,JJA,Yorkshire and Humber,0.409,6.158
2004,JJA,Yorkshire and Humber,0.241,3.059
2005,JJA,Yorkshire and Humber,0.493,6.366
2006,JJA,Yorkshire and Humber,0.351,6.119
2007,JJA,Yorkshire and Humber,0.448,6.119
2008,JJA,Yorkshire and Humber,0.257,3.931
2009,JJA,Yorkshire and Humber,0.429,6.366
2010,JJA,Yorkshire and Humber,0.506,7.644
2011,JJA,Yorkshire and Humber,0.287,6.376
2012,JJA,Yorkshire and Humber,0.389,5.277
2013,JJA,Yorkshire and Humber,0.429,7.198
2014,JJA,Yorkshire and Humber,0.413,5.158
2015,JJA,Yorkshire and Humber,0.350,7.356
2016,JJA,Yorkshire and Humber,0.336,5.158
2017,JJA,Yorkshire and Humber,0.316,3.990
2018,JJA,Yorkshire and Humber,0.326,5.446
2019,JJA,Yorkshire and Humber,0.208,3.030
2020,JJA,Yorkshire and Humber,0.466,8.188
2021,JJA,Yorkshire and Humber,0.304,6.564
2022,JJA,Yorkshire and Humber,0.464,8.723
2023,JJA,Yorkshire and Humber,0.321,5.564
2024,JJA,Yorkshire and Humber,0.245,4.515
2025,JJA,Yorkshire and Humber,0.362,5.594
2026,JJA,Yorkshire and Humber,0.491,8.812
2027,JJA,Yorkshire and Humber,0.221,4.475
2028,JJA,Yorkshire and Humber,0.371,4.911
2029,JJA,Yorkshire and Humber,0.383,11.069
2030,JJA,Yorkshire and Humber,0.563,8.178
2031,JJA,Yorkshire and Humber,0.206,3.485
2032,JJA,Yorkshire and Humber,0.303,3.683
2033,JJA,Yorkshire and Humber,0.368,5.248
2034,JJA,Yorkshire and Humber,0.397,5.396
2035,JJA,Yorkshire and Humber,0.238,3.525
2036,JJA,Yorkshire and Humber,0.305,4.812
2037,JJA,Yorkshire and Humber,0.316,5.297
2038,JJA,Yorkshire and Humber,0.345,4.871
2039,JJA,Yorkshire and Humber,0.308,5.356
2040,JJA,Yorkshire and Humber,0.183,3.040
2041,JJA,Yorkshire and Humber,0.368,5.990
2042,JJA,Yorkshire and Humber,0.358,7.812
2043,JJA,Yorkshire and Humber,0.388,4.347
2044,JJA,Yorkshire and Humber,0.266,5.752
2045,JJA,Yorkshire and Humber,0.367,8.446
2046,JJA,Yorkshire and Humber,0.213,7.337
2047,JJA,Yorkshire and Humber,0.342,6.861
2048,JJA,Yorkshire and Humber,0.367,5.525
2049,JJA,Yorkshire and Humber,0.284,6.535
2050,JJA,Yorkshire and Humber,0.248,3.376
2051,JJA,Yorkshire and Humber,0.373,5.683
2052,JJA,Yorkshire and Humber,0.356,5.970
2053,JJA,Yorkshire and Humber,0.357,5.663
2054,JJA,Yorkshire and Humber,0.338,5.287
2055,JJA,Yorkshire and Humber,0.316,10.574
2056,JJA,Yorkshire and Humber,0.293,3.901
2057,JJA,Yorkshire and Humber,0.397,5.990
2058,JJA,Yorkshire and Humber,0.339,6.515
2059,JJA,Yorkshire and Humber,0.389,5.703
2060,JJA,Yorkshire and Humber,0.264,4.832
2061,JJA,Yorkshire and Humber,0.283,4.644
2062,JJA,Yorkshire and Humber,0.173,2.713
2063,JJA,Yorkshire and Humber,0.270,4.386
2064,JJA,Yorkshire and Humber,0.405,12.069
2065,JJA,Yorkshire and Humber,0.319,6.248
2066,JJA,Yorkshire and Humber,0.460,8.584
2067,JJA,Yorkshire and Humber,0.215,2.861
2068,JJA,Yorkshire and Humber,0.215,3.228
2069,JJA,Yorkshire and Humber,0.261,3.921
2070,JJA,Yorkshire and Humber,0.278,7.267
2071,JJA,Yorkshire and Humber,0.281,4.604
2072,JJA,Yorkshire and Humber,0.161,3.030
2073,JJA,Yorkshire and Humber,0.216,4.703
2074,JJA,Yorkshire and Humber,0.462,6.604
2075,JJA,Yorkshire and Humber,0.256,3.802
2076,JJA,Yorkshire and Humber,0.157,2.802
2077,JJA,Yorkshire and Humber,0.186,3.931
2078,JJA,Yorkshire and Humber,0.251,3.762
2079,JJA,Yorkshire and Humber,0.318,4.901
2080,JJA,Yorkshire and Humber,0.151,2.624
1981,JJA,Channel Islands,0.272,4.000
1982,JJA,Channel Islands,0.233,3.000
1983,JJA,Channel Islands,0.256,5.000
1984,JJA,Channel Islands,0.117,3.000
1985,JJA,Channel Islands,0.289,7.000
1986,JJA,Channel Islands,0.167,4.000
1987,JJA,Channel Islands,0.178,3.500
1988,JJA,Channel Islands,0.439,8.000
1989,JJA,Channel Islands,0.256,6.000
1990,JJA,Channel Islands,0.189,4.500
1991,JJA,Channel Islands,0.083,1.500
1992,JJA,Channel Islands,0.378,6.000
1993,JJA,Channel Islands,0.200,4.000
1994,JJA,Channel Islands,0.300,5.500
1995,JJA,Channel Islands,0.206,3.000
1996,JJA,Channel Islands,0.361,7.000
1997,JJA,Channel Islands,0.189,3.000
1998,JJA,Channel Islands,0.278,5.000
1999,JJA,Channel Islands,0.150,2.000
2000,JJA,Channel Islands,0.306,4.000
2001,JJA,Channel Islands,0.244,4.500
2002,JJA,Channel Islands,0.239,4.000
2003,JJA,Channel Islands,0.361,7.000
2004,JJA,Channel Islands,0.122,2.500
2005,JJA,Channel Islands,0.356,5.500
2006,JJA,Channel Islands,0.217,5.500
2007,JJA,Channel Islands,0.367,6.000
2008,JJA,Channel Islands,0.061,2.000
2009,JJA,Channel Islands,0.283,3.500
2010,JJA,Channel Islands,0.378,6.000
2011,JJA,Channel Islands,0.206,3.500
2012,JJA,Channel Islands,0.183,3.000
2013,JJA,Channel Islands,0.300,4.000
2014,JJA,Channel Islands,0.294,4.000
2015,JJA,Channel Islands,0.333,5.500
2016,JJA,Channel Islands,0.217,5.500
2017,JJA,Channel Islands,0.222,5.000
2018,JJA,Channel Islands,0.206,3.000
2019,JJA,Channel Islands,0.139,2.000
2020,JJA,Channel Islands,0.289,5.000
2021,JJA,Channel Islands,0.239,4.000
2022,JJA,Channel Islands,0.244,4.000
2023,JJA,Channel Islands,0.194,4.500
2024,JJA,Channel Islands,0.106,3.000
2025,JJA,Channel Islands,0.278,5.500
2026,JJA,Channel Islands,0.306,3.000
2027,JJA,Channel Islands,0.150,4.000
2028,JJA,Channel Islands,0.372,6.500
2029,JJA,Channel Islands,0.294,4.000
2030,JJA,Channel Islands,0.294,4.500
2031,JJA,Channel Islands,0.167,4.500
2032,JJA,Channel Islands,0.161,3.500
2033,JJA,Channel Islands,0.244,4.500
2034,JJA,Channel Islands,0.172,4.000
2035,JJA,Channel Islands,0.111,2.000
2036,JJA,Channel Islands,0.222,3.500
2037,JJA,Channel Islands,0.272,4.000
2038,JJA,Channel Islands,0.128,3.000
2039,JJA,Channel Islands,0.144,2.500
2040,JJA,Channel Islands,0.067,1.500
2041,JJA,Channel Islands,0.133,4.000
2042,JJA,Channel Islands,0.194,3.500
2043,JJA,Channel Islands,0.222,3.000
2044,JJA,Channel Islands,0.172,3.000
2045,JJA,Channel Islands,0.194,3.500
2046,JJA,Channel Islands,0.072,4.000
2047,JJA,Channel Islands,0.211,4.500
2048,JJA,Channel Islands,0.239,3.500
2049,JJA,Channel Islands,0.117,3.000
2050,JJA,Channel Islands,0.144,3.500
2051,JJA,Channel Islands,0.239,4.500
2052,JJA,Channel Islands,0.289,5.500
2053,JJA,Channel Islands,0.278,5.000
2054,JJA,Channel Islands,0.161,2.000
2055,JJA,Channel Islands,0.250,5.000
2056,JJA,Channel Islands,0.167,6.000
2057,JJA,Channel Islands,0.272,8.000
2058,JJA,Channel Islands,0.194,5.000
2059,JJA,Channel Islands,0.194,2.500
2060,JJA,Channel Islands,0.128,3.000
2061,JJA,Channel Islands,0.111,2.500
2062,JJA,Channel Islands,0.089,2.000
2063,JJA,Channel Islands,0.100,2.000
2064,JJA,Channel Islands,0.150,2.000
2065,JJA,Channel Islands,0.189,5.000
2066,JJA,Channel Islands,0.228,3.500
2067,JJA,Channel Islands,0.067,1.500
2068,JJA,Channel Islands,0.139,3.000
2069,JJA,Channel Islands,0.122,3.500
2070,JJA,Channel Islands,0.194,4.500
2071,JJA,Channel Islands,0.250,4.000
2072,JJA,Channel Islands,0.011,1.000
2073,JJA,Channel Islands,0.156,4.000
2074,JJA,Channel Islands,0.206,3.500
2075,JJA,Channel Islands,0.078,2.500
2076,JJA,Channel Islands,0.089,3.000
2077,JJA,Channel Islands,0.117,3.000
2078,JJA,Channel Islands,0.128,4.500
2079,JJA,Channel Islands,0.178,3.000
2080,JJA,Channel Islands,0.167,3.000
1981,JJA,Isle of Man,0.337,12.000
1982,JJA,Isle of Man,0.359,5.000
1983,JJA,Isle of Man,0.444,7.333
1984,JJA,Isle of Man,0.515,5.333
1985,JJA,Isle of Man,0.489,7.000
1986,JJA,Isle of Man,0.381,8.000
1987,JJA,Isle of Man,0.393,12.333
1988,JJA,Isle of Man,0.552,11.000
1989,JJA,Isle of Man,0.307,3.667
1990,JJA,Isle of Man,0.274,9.000
1991,JJA,Isle of Man,0.293,4.333
1992,JJA,Isle of Man,0.541,8.000
1993,JJA,Isle of Man,0.393,6.667
1994,JJA,Isle of Man,0.419,7.000
1995,JJA,Isle of Man,0.385,6.000
1996,JJA,Isle of Man,0.537,7.333
1997,JJA,Isle of Man,0.281,7.000
1998,JJA,Isle of Man,0.396,4.000
1999,JJA,Isle of Man,0.315,6.000
2000,JJA,Isle of Man,0.389,5.000
2001,JJA,Isle of Man,0.370,6.333
2002,JJA,Isle of Man,0.289,6.000
2003,JJA,Isle of Man,0.441,8.000
2004,JJA,Isle of Man,0.274,4.000
2005,JJA,Isle of Man,0.463,8.333
2006,JJA,Isle of Man,0.300,7.000
2007,JJA,Isle of Man,0.415,6.667
2008,JJA,Isle of Man,0.293,3.667
2009,JJA,Isle of Man,0.463,5.000
2010,JJA,Isle of Man,0.533,8.333
2011,JJA,Isle of Man,0.244,7.333
2012,JJA,Isle of Man,0.356,7.000
2013,JJA,Isle of Man,0.430,9.000
2014,JJA,Isle of Man,0.485,8.333
2015,JJA,Isle of Man,0.307,4.667
2016,JJA,Isle of Man,0.300,5.000
2017,JJA,Isle of Man,0.422,5.000
2018,JJA,Isle of Man,0.356,6.333
2019,JJA,Isle of Man,0.178,2.000
2020,JJA,Isle of Man,0.589,9.667
2021,JJA,Isle of Man,0.259,3.333
2022,JJA,Isle of Man,0.500,9.000
2023,JJA,Isle of Man,0.337,6.000
2024,JJA,Isle of Man,0.285,7.000
2025,JJA,Isle of Man,0.300,4.000
2026,JJA,Isle of Man,0.567,8.333
2027,JJA,Isle of Man,0.237,5.000
2028,JJA,Isle of Man,0.307,4.333
2029,JJA,Isle of Man,0.389,9.333
2030,JJA,Isle of Man,0.652,9.000
2031,JJA,Isle of Man,0.322,6.000
2032,JJA,Isle of Man,0.270,6.000
2033,JJA,Isle of Man,0.330,8.667
2034,JJA,Isle of Man,0.337,3.667
2035,JJA,Isle of Man,0.270,4.667
2036,JJA,Isle of Man,0.352,6.000
2037,JJA,Isle of Man,0.322,7.333
2038,JJA,Isle of Man,0.367,9.000
2039,JJA,Isle of Man,0.296,8.667
2040,JJA,Isle of Man,0.144,3.000
2041,JJA,Isle of Man,0.259,6.000
2042,JJA,Isle of Man,0.426,10.333
2043,JJA,Isle of Man,0.374,4.667
2044,JJA,Isle of Man,0.215,3.667
2045,JJA,Isle of Man,0.370,6.000
2046,JJA,Isle of Man,0.270,7.333
2047,JJA,Isle of Man,0.326,4.333
2048,JJA,Isle of Man,0.422,5.000
2049,JJA,Isle of Man,0.315,3.000
2050,JJA,Isle of Man,0.270,4.000
2051,JJA,Isle of Man,0.356,6.333
2052,JJA,Isle of Man,0.304,5.000
2053,JJA,Isle of Man,0.304,4.000
2054,JJA,Isle of Man,0.367,7.667
2055,JJA,Isle of Man,0.322,3.667
2056,JJA,Isle of Man,0.256,6.000
2057,JJA,Isle of Man,0.344,7.000
2058,JJA,Isle of Man,0.285,8.000
2059,JJA,Isle of Man,0.370,4.333
2060,JJA,Isle of Man,0.281,3.333
2061,JJA,Isle of Man,0.381,5.333
2062,JJA,Isle of Man,0.196,3.667
2063,JJA,Isle of Man,0.252,4.000
2064,JJA,Isle of Man,0.367,7.000
2065,JJA,Isle of Man,0.293,4.000
2066,JJA,Isle of Man,0.452,5.667
2067,JJA,Isle of Man,0.185,2.667
2068,JJA,Isle of Man,0.230,3.000
2069,JJA,Isle of Man,0.241,6.333
2070,JJA,Isle of Man,0.207,3.667
2071,JJA,Isle of Man,0.326,4.333
2072,JJA,Isle of Man,0.130,2.333
2073,JJA,Isle of Man,0.163,2.333
2074,JJA,Isle of Man,0.474,7.667
2075,JJA,Isle of Man,0.330,5.667
2076,JJA,Isle of Man,0.152,2.667
2077,JJA,Isle of Man,0.126,2.000
2078,JJA,Isle of Man,0.293,4.667
2079,JJA,Isle of Man,0.348,4.333
2080,JJA,Isle of Man,0.152,3.000
1981,JJA,Northern Ireland,0.374,10.482
1982,JJA,Northern Ireland,0.441,5.682
1983,JJA,Northern Ireland,0.468,11.353
1984,JJA,Northern Ireland,0.575,7.694
1985,JJA,Northern Ireland,0.509,7.576
1986,JJA,Northern Ireland,0.435,8.424
1987,JJA,Northern Ireland,0.358,7.647
1988,JJA,Northern Ireland,0.623,9.059
1989,JJA,Northern Ireland,0.450,7.600
1990,JJA,Northern Ireland,0.355,8.847
1991,JJA,Northern Ireland,0.449,8.635
1992,JJA,Northern Ireland,0.606,8.071
1993,JJA,Northern Ireland,0.502,9.424
1994,JJA,Northern Ireland,0.503,8.565
1995,JJA,Northern Ireland,0.466,9.376
1996,JJA,Northern Ireland,0.576,9.094
1997,JJA,Northern Ireland,0.341,6.482
1998,JJA,Northern Ireland,0.536,9.235
1999,JJA,Northern Ireland,0.430,8.576
2000,JJA,Northern Ireland,0.481,9.682
2001,JJA,Northern Ireland,0.496,9.306
2002,JJA,Northern Ireland,0.439,7.882
2003,JJA,Northern Ireland,0.527,9.153
2004,JJA,Northern Ireland,0.383,7.588
2005,JJA,Northern Ireland,0.614,13.953
2006,JJA,Northern Ireland,0.403,7.271
2007,JJA,Northern Ireland,0.500,7.635
2008,JJA,Northern Ireland,0.425,7.012
2009,JJA,Northern Ireland,0.511,9.588
2010,JJA,Northern Ireland,0.643,14.447
2011,JJA,Northern Ireland,0.341,5.729
2012,JJA,Northern Ireland,0.452,7.494
2013,JJA,Northern Ireland,0.530,8.165
2014,JJA,Northern Ireland,0.525,6.376
2015,JJA,Northern Ireland,0.366,7.471
2016,JJA,Northern Ireland,0.409,6.235
2017,JJA,Northern Ireland,0.496,6.659
2018,JJA,Northern Ireland,0.538,12.329
2019,JJA,Northern Ireland,0.301,4.871
2020,JJA,Northern Ireland,0.662,13.012
2021,JJA,Northern Ireland,0.344,6.588
2022,JJA,Northern Ireland,0.572,10.376
2023,JJA,Northern Ireland,0.432,9.094
2024,JJA,Northern Ireland,0.444,7.941
2025,JJA,Northern Ireland,0.331,5.165
2026,JJA,Northern Ireland,0.577,7.976
2027,JJA,Northern Ireland,0.318,6.282
2028,JJA,Northern Ireland,0.433,8.012
2029,JJA,Northern Ireland,0.483,10.518
2030,JJA,Northern Ireland,0.684,10.200
2031,JJA,Northern Ireland,0.441,7.918
2032,JJA,Northern Ireland,0.381,8.094
2033,JJA,Northern Ireland,0.469,8.706
2034,JJA,Northern Ireland,0.480,5.376
2035,JJA,Northern Ireland,0.352,7.753
2036,JJA,Northern Ireland,0.436,6.059
2037,JJA,Northern Ireland,0.402,7.694
2038,JJA,Northern Ireland,0.459,9.776
2039,JJA,Northern Ireland,0.393,8.576
2040,JJA,Northern Ireland,0.251,4.482
2041,JJA,Northern Ireland,0.395,5.941
2042,JJA,Northern Ireland,0.554,11.247
2043,JJA,Northern Ireland,0.456,6.529
2044,JJA,Northern Ireland,0.317,4.282
2045,JJA,Northern Ireland,0.430,7.200
2046,JJA,Northern Ireland,0.368,7.176
2047,JJA,Northern Ireland,0.390,7.153
2048,JJA,Northern Ireland,0.488,6.753
2049,JJA,Northern Ireland,0.410,5.071
2050,JJA,Northern Ireland,0.398,6.929
2051,JJA,Northern Ireland,0.413,6.459
2052,JJA,Northern Ireland,0.360,6.647
2053,JJA,Northern Ireland,0.453,9.471
2054,JJA,Northern Ireland,0.434,7.188
2055,JJA,Northern Ireland,0.476,6.165
2056,JJA,Northern Ireland,0.337,5.365
2057,JJA,Northern Ireland,0.463,7.059
2058,JJA,Northern Ireland,0.406,10.224
2059,JJA,Northern Ireland,0.442,6.200
2060,JJA,Northern Ireland,0.434,6.071
2061,JJA,Northern Ireland,0.526,9.471
2062,JJA,Northern Ireland,0.206,3.776
2063,JJA,Northern Ireland,0.316,6.247
2064,JJA,Northern Ireland,0.552,13.235
2065,JJA,Northern Ireland,0.432,7.176
2066,JJA,Northern Ireland,0.525,10.647
2067,JJA,Northern Ireland,0.333,7.294
2068,JJA,Northern Ireland,0.302,5.612
2069,JJA,Northern Ireland,0.328,5.706
2070,JJA,Northern Ireland,0.334,6.965
2071,JJA,Northern Ireland,0.435,5.906
2072,JJA,Northern Ireland,0.244,7.624
2073,JJA,Northern Ireland,0.255,3.224
2074,JJA,Northern Ireland,0.567,5.588
2075,JJA,Northern Ireland,0.413,6.376
2076,JJA,Northern Ireland,0.250,4.918
2077,JJA,Northern Ireland,0.306,5.918
2078,JJA,Northern Ireland,0.352,5.647
2079,JJA,Northern Ireland,0.471,6.600
2080,JJA,Northern Ireland,0.218,3.729
1981,JJA,Wales,0.343,9.331
1982,JJA,Wales,0.430,7.083
1983,JJA,Wales,0.401,7.812
1984,JJA,Wales,0.456,5.579
1985,JJA,Wales,0.444,6.699
1986,JJA,Wales,0.325,5.541
1987,JJA,Wales,0.310,7.729
1988,JJA,Wales,0.599,7.737
1989,JJA,Wales,0.358,7.083
1990,JJA,Wales,0.315,8.895
1991,JJA,Wales,0.316,5.639
1992,JJA,Wales,0.559,8.586
1993,JJA,Wales,0.423,8.789
1994,JJA,Wales,0.431,9.466
1995,JJA,Wales,0.408,7.564
1996,JJA,Wales,0.527,8.579
1997,JJA,Wales,0.301,4.526
1998,JJA,Wales,0.464,6.308
1999,JJA,Wales,0.332,5.414
2000,JJA,Wales,0.411,6.233
2001,JJA,Wales,0.442,9.368
2002,JJA,Wales,0.328,5.549
2003,JJA,Wales,0.478,8.714
2004,JJA,Wales,0.251,3.737
2005,JJA,Wales,0.547,10.474
2006,JJA,Wales,0.331,8.120
2007,JJA,Wales,0.487,7.444
2008,JJA,Wales,0.294,4.556
2009,JJA,Wales,0.466,7.489
2010,JJA,Wales,0.573,10.526
2011,JJA,Wales,0.316,6.128
2012,JJA,Wales,0.349,5.045
2013,JJA,Wales,0.485,11.820
2014,JJA,Wales,0.410,6.376
2015,JJA,Wales,0.331,6.887
2016,JJA,Wales,0.320,5.075
2017,JJA,Wales,0.397,5.985
2018,JJA,Wales,0.382,8.023
2019,JJA,Wales,0.199,2.857
2020,JJA,Wales,0.566,9.241
2021,JJA,Wales,0.348,6.383
2022,JJA,Wales,0.502,11.346
2023,JJA,Wales,0.334,7.211
2024,JJA,Wales,0.288,4.526
2025,JJA,Wales,0.355,7.571
2026,JJA,Wales,0.467,6.782
2027,JJA,Wales,0.241,5.346
2028,JJA,Wales,0.449,5.053
2029,JJA,Wales,0.432,10.895
2030,JJA,Wales,0.571,7.068
2031,JJA,Wales,0.306,6.286
2032,JJA,Wales,0.286,4.271
2033,JJA,Wales,0.433,8.015
2034,JJA,Wales,0.359,4.624
2035,JJA,Wales,0.213,4.248
2036,JJA,Wales,0.379,6.233
2037,JJA,Wales,0.368,7.835
2038,JJA,Wales,0.366,6.887
2039,JJA,Wales,0.365,7.263
2040,JJA,Wales,0.159,2.827
2041,JJA,Wales,0.318,5.226
2042,JJA,Wales,0.391,7.887
2043,JJA,Wales,0.387,4.564
2044,JJA,Wales,0.227,4.128
2045,JJA,Wales,0.355,7.316
2046,JJA,Wales,0.172,4.857
2047,JJA,Wales,0.365,7.549
2048,JJA,Wales,0.375,6.722
2049,JJA,Wales,0.276,5.120
2050,JJA,Wales,0.251,4.459
2051,JJA,Wales,0.362,6.045
2052,JJA,Wales,0.415,7.030
2053,JJA,Wales,0.380,7.120
2054,JJA,Wales,0.384,6.902
2055,JJA,Wales,0.322,6.414
2056,JJA,Wales,0.285,5.143
2057,JJA,Wales,0.389,6.391
2058,JJA,Wales,0.346,7.120
2059,JJA,Wales,0.418,6.669
2060,JJA,Wales,0.291,4.556
2061,JJA,Wales,0.357,4.752
2062,JJA,Wales,0.234,3.436
2063,JJA,Wales,0.265,5.128
2064,JJA,Wales,0.415,6.459
2065,JJA,Wales,0.335,5.722
2066,JJA,Wales,0.482,6.602
2067,JJA,Wales,0.197,3.406
2068,JJA,Wales,0.207,4.647
2069,JJA,Wales,0.246,4.489
2070,JJA,Wales,0.261,6.331
2071,JJA,Wales,0.377,5.083
2072,JJA,Wales,0.129,2.436
2073,JJA,Wales,0.229,4.008
2074,JJA,Wales,0.511,7.805
2075,JJA,Wales,0.281,3.872
2076,JJA,Wales,0.171,3.820
2077,JJA,Wales,0.200,4.083
2078,JJA,Wales,0.247,4.827
2079,JJA,Wales,0.371,4.835
2080,JJA,Wales,0.148,2.519
1981,SON,East Midlands,0.467,5.942
1982,SON,East Midlands,0.240,3.505
1983,SON,East Midlands,0.335,5.252
1984,SON,East Midlands,0.436,6.039
1985,SON,East Midlands,0.275,4.534
1986,SON,East Midlands,0.365,6.485
1987,SON,East Midlands,0.216,4.301
1988,SON,East Midlands,0.302,3.874
1989,SON,East Midlands,0.339,5.447
1990,SON,East Midlands,0.404,10.485
1991,SON,East Midlands,0.383,6.466
1992,SON,East Midlands,0.338,4.961
1993,SON,East Midlands,0.215,4.311
1994,SON,East Midlands,0.272,3.641
1995,SON,East Midlands,0.269,3.350
1996,SON,East Midlands,0.247,4.097
1997,SON,East Midlands,0.311,7.515
1998,SON,East Midlands,0.305,5.311
1999,SON,East Midlands,0.380,5.680
2000,SON,East Midlands,0.327,4.641
2001,SON,East Midlands,0.361,4.534
2002,SON,East Midlands,0.173,3.981
2003,SON,East Midlands,0.262,3.340
2004,SON,East Midlands,0.229,3.252
2005,SON,East Midlands,0.260,3.175
2006,SON,East Midlands,0.431,7.408
2007,SON,East Midlands,0.177,2.971
2008,SON,East Midlands,0.256,3.883
2009,SON,East Midlands,0.247,3.835
2010,SON,East Midlands,0.266,4.553
2011,SON,East Midlands,0.369,4.961
2012,SON,East Midlands,0.397,5.738
2013,SON,East Midlands,0.224,4.126
2014,SON,East Midlands,0.422,6.029
2015,SON,East Midlands,0.355,4.913
2016,SON,East Midlands,0.274,3.437
2017,SON,East Midlands,0.420,5.718
2018,SON,East Midlands,0.261,4.058
2019,SON,East Midlands,0.325,5.922
2020,SON,East Midlands,0.407,6.301
2021,SON,East Midlands,0.268,4.078
2022,SON,East Midlands,0.305,7.786
2023,SON,East Midlands,0.418,9.350
2024,SON,East Midlands,0.233,4.534
2025,SON,East Midlands,0.158,2.359
2026,SON,East Midlands,0.261,4.078
2027,SON,East Midlands,0.361,5.136
2028,SON,East Midlands,0.302,5.748
2029,SON,East Midlands,0.386,5.864
2030,SON,East Midlands,0.322,4.932
2031,SON,East Midlands,0.293,4.932
2032,SON,East Midlands,0.280,3.816
2033,SON,East Midlands,0.326,4.136
2034,SON,East Midlands,0.363,7.194
2035,SON,East Midlands,0.287,3.777
2036,SON,East Midlands,0.218,3.971
2037,SON,East Midlands,0.263,3.670
2038,SON,East Midlands,0.531,10.291
2039,SON,East Midlands,0.302,4.282
2040,SON,East Midlands,0.254,4.583
2041,SON,East Midlands,0.355,6.398
2042,SON,East Midlands,0.351,3.767
2043,SON,East Midlands,0.288,4.388
2044,SON,East Midlands,0.251,3.456
2045,SON,East Midlands,0.372,5.806
2046,SON,East Midlands,0.347,5.068
2047,SON,East Midlands,0.215,3.165
2048,SON,East Midlands,0.228,2.553
2049,SON,East Midlands,0.316,5.233
2050,SON,East Midlands,0.378,5.291
2051,SON,East Midlands,0.221,5.913
2052,SON,East Midlands,0.310,5.252
2053,SON,East Midlands,0.399,5.136
2054,SON,East Midlands,0.227,4.447
2055,SON,East Midlands,0.265,3.379
2056,SON,East Midlands,0.217,3.854
2057,SON,East Midlands,0.321,5.320
2058,SON,East Midlands,0.270,5.699
2059,SON,East Midlands,0.251,5.291
2060,SON,East Midlands,0.222,3.757
2061,SON,East Midlands,0.341,7.806
2062,SON,East Midlands,0.186,2.641
2063,SON,East Midlands,0.128,3.330
2064,SON,East Midlands,0.287,4.029
2065,SON,East Midlands,0.213,5.029
2066,SON,East Midlands,0.241,5.272
2067,SON,East Midlands,0.245,3.175
2068,SON,East Midlands,0.255,3.427
2069,SON,East Midlands,0.264,3.835
2070,SON,East Midlands,0.220,4.748
2071,SON,East Midlands,0.347,5.117
2072,SON,East Midlands,0.365,4.942
2073,SON,East Midlands,0.290,5.194
2074,SON,East Midlands,0.282,5.398
2075,SON,East Midlands,0.261,3.330
2076,SON,East Midlands,0.323,6.641
2077,SON,East Midlands,0.205,4.194
2078,SON,East Midlands,0.243,3.019
2079,SON,East Midlands,0.229,4.903
2080,SON,East Midlands,0.277,3.981
1981,SON,East of England,0.441,5.016
1982,SON,East of England,0.188,3.039
1983,SON,East of England,0.342,4.693
1984,SON,East of England,0.388,6.402
1985,SON,East of England,0.262,4.126
1986,SON,East of England,0.375,5.268
1987,SON,East of England,0.220,3.283
1988,SON,East of England,0.288,5.354
1989,SON,East of England,0.319,6.528
1990,SON,East of England,0.376,7.543
1991,SON,East of England,0.365,5.709
1992,SON,East of England,0.302,4.913
1993,SON,East of England,0.168,4.087
1994,SON,East of England,0.264,3.787
1995,SON,East of England,0.257,3.047
1996,SON,East of England,0.247,4.780
1997,SON,East of England,0.258,5.402
1998,SON,East of England,0.286,4.551
1999,SON,East of England,0.361,4.740
2000,SON,East of England,0.305,4.039
2001,SON,East of England,0.306,4.276
2002,SON,East of England,0.159,3.315
2003,SON,East of England,0.227,3.102
2004,SON,East of England,0.221,3.118
2005,SON,East of England,0.238,3.213
2006,SON,East of England,0.405,5.646
2007,SON,East of England,0.175,3.000
2008,SON,East of England,0.294,4.134
2009,SON,East of England,0.228,3.181
2010,SON,East of England,0.257,4.559
2011,SON,East of England,0.302,4.220
2012,SON,East of England,0.354,4.087
2013,SON,East of England,0.189,2.929
2014,SON,East of England,0.394,6.583
2015,SON,East of England,0.326,3.961
2016,SON,East of England,0.292,3.827
2017,SON,East of England,0.404,5.567
2018,SON,East of England,0.237,4.827
2019,SON,East of England,0.318,5.709
2020,SON,East of England,0.373,5.551
2021,SON,East of England,0.278,3.913
2022,SON,East of England,0.272,5.677
2023,SON,East of England,0.375,4.858
2024,SON,East of England,0.223,5.173
2025,SON,East of England,0.150,2.173
2026,SON,East of England,0.237,3.591
2027,SON,East of England,0.340,5.102
2028,SON,East of England,0.308,5.472
2029,SON,East of England,0.325,3.732
2030,SON,East of England,0.299,4.449
2031,SON,East of England,0.253,4.252
2032,SON,East of England,0.286,4.063
2033,SON,East of England,0.325,4.236
2034,SON,East of England,0.327,5.008
2035,SON,East of England,0.282,6.921
2036,SON,East of England,0.196,3.299
2037,SON,East of England,0.208,3.882
2038,SON,East of England,0.483,8.000
2039,SON,East of England,0.293,3.882
2040,SON,East of England,0.233,3.409
2041,SON,East of England,0.309,5.630
2042,SON,East of England,0.351,4.677
2043,SON,East of England,0.283,5.638
2044,SON,East of England,0.240,3.142
2045,SON,East of England,0.388,5.260
2046,SON,East of England,0.329,4.457
2047,SON,East of England,0.227,3.000
2048,SON,East of England,0.180,2.717
2049,SON,East of England,0.290,4.780
2050,SON,East of England,0.373,4.244
2051,SON,East of England,0.230,4.543
2052,SON,East of England,0.292,4.402
2053,SON,East of England,0.378,6.575
2054,SON,East of England,0.178,4.134
2055,SON,East of England,0.202,2.346
2056,SON,East of England,0.190,3.055
2057,SON,East of England,0.271,4.583
2058,SON,East of England,0.276,6.102
2059,SON,East of England,0.222,4.220
2060,SON,East of England,0.182,3.047
2061,SON,East of England,0.288,5.740
2062,SON,East of England,0.215,4.528
2063,SON,East of England,0.092,1.646
2064,SON,East of England,0.279,4.748
2065,SON,East of England,0.190,4.189
2066,SON,East of England,0.189,4.205
2067,SON,East of England,0.210,3.307
2068,SON,East of England,0.240,2.921
2069,SON,East of England,0.240,3.921
2070,SON,East of England,0.236,5.417
2071,SON,East of England,0.333,4.055
2072,SON,East of England,0.335,3.740
2073,SON,East of England,0.232,3.811
2074,SON,East of England,0.281,4.669
2075,SON,East of England,0.255,3.945
2076,SON,East of England,0.282,7.142
2077,SON,East of England,0.205,3.197
2078,SON,East of England,0.295,5.362
2079,SON,East of England,0.219,4.157
2080,SON,East of England,0.240,4.079
1981,SON,East Scotland,0.506,6.444
1982,SON,East Scotland,0.385,6.250
1983,SON,East Scotland,0.500,7.662
1984,SON,East Scotland,0.555,7.812
1985,SON,East Scotland,0.462,12.169
1986,SON,East Scotland,0.400,8.131
1987,SON,East Scotland,0.396,6.575
1988,SON,East Scotland,0.394,8.512
1989,SON,East Scotland,0.450,8.488
1990,SON,East Scotland,0.432,7.263
1991,SON,East Scotland,0.446,8.363
1992,SON,East Scotland,0.445,6.388
1993,SON,East Scotland,0.299,6.806
1994,SON,East Scotland,0.368,6.000
1995,SON,East Scotland,0.465,5.681
1996,SON,East Scotland,0.379,7.688
1997,SON,East Scotland,0.394,7.369
1998,SON,East Scotland,0.373,8.588
1999,SON,East Scotland,0.431,8.963
2000,SON,East Scotland,0.429,8.412
2001,SON,East Scotland,0.424,6.819
2002,SON,East Scotland,0.331,5.225
2003,SON,East Scotland,0.448,7.419
2004,SON,East Scotland,0.371,4.963
2005,SON,East Scotland,0.424,5.600
2006,SON,East Scotland,0.449,7.950
2007,SON,East Scotland,0.299,5.369
2008,SON,East Scotland,0.397,8.269
2009,SON,East Scotland,0.310,6.106
2010,SON,East Scotland,0.294,5.550
2011,SON,East Scotland,0.454,10.713
2012,SON,East Scotland,0.486,7.656
2013,SON,East Scotland,0.433,7.681
2014,SON,East Scotland,0.393,6.612
2015,SON,East Scotland,0.394,6.981
2016,SON,East Scotland,0.389,7.700
2017,SON,East Scotland,0.470,5.794
2018,SON,East Scotland,0.409,5.394
2019,SON,East Scotland,0.331,6.131
2020,SON,East Scotland,0.465,8.806
2021,SON,East Scotland,0.411,7.200
2022,SON,East Scotland,0.421,6.612
2023,SON,East Scotland,0.555,8.825
2024,SON,East Scotland,0.284,5.206
2025,SON,East Scotland,0.311,5.369
2026,SON,East Scotland,0.330,3.737
2027,SON,East Scotland,0.422,5.619
2028,SON,East Scotland,0.361,5.194
2029,SON,East Scotland,0.505,8.306
2030,SON,East Scotland,0.393,6.169
2031,SON,East Scotland,0.424,9.556
2032,SON,East Scotland,0.444,8.694
2033,SON,East Scotland,0.372,5.787
2034,SON,East Scotland,0.468,11.744
2035,SON,East Scotland,0.352,6.588
2036,SON,East Scotland,0.412,6.300
2037,SON,East Scotland,0.380,6.331
2038,SON,East Scotland,0.578,9.875
2039,SON,East Scotland,0.416,8.344
2040,SON,East Scotland,0.298,5.294
2041,SON,East Scotland,0.400,6.106
2042,SON,East Scotland,0.441,6.731
2043,SON,East Scotland,0.343,7.569
2044,SON,East Scotland,0.383,5.844
2045,SON,East Scotland,0.389,6.019
2046,SON,East Scotland,0.454,6.281
2047,SON,East Scotland,0.301,6.056
2048,SON,East Scotland,0.434,5.419
2049,SON,East Scotland,0.456,6.169
2050,SON,East Scotland,0.436,6.650
2051,SON,East Scotland,0.352,6.750
2052,SON,East Scotland,0.337,4.950
2053,SON,East Scotland,0.486,6.669
2054,SON,East Scotland,0.297,7.438
2055,SON,East Scotland,0.320,6.275
2056,SON,East Scotland,0.324,5.125
2057,SON,East Scotland,0.439,7.800
2058,SON,East Scotland,0.339,6.631
2059,SON,East Scotland,0.450,6.500
2060,SON,East Scotland,0.327,6.287
2061,SON,East Scotland,0.444,6.531
2062,SON,East Scotland,0.265,4.731
2063,SON,East Scotland,0.283,5.088
2064,SON,East Scotland,0.394,6.419
2065,SON,East Scotland,0.368,6.081
2066,SON,East Scotland,0.365,5.950
2067,SON,East Scotland,0.368,9.537
2068,SON,East Scotland,0.380,5.575
2069,SON,East Scotland,0.353,5.731
2070,SON,East Scotland,0.369,9.294
2071,SON,East Scotland,0.416,8.825
2072,SON,East Scotland,0.515,6.606
2073,SON,East Scotland,0.419,8.256
2074,SON,East Scotland,0.356,6.019
2075,SON,East Scotland,0.351,6.531
2076,SON,East Scotland,0.371,6.169
2077,SON,East Scotland,0.312,4.888
2078,SON,East Scotland,0.379,5.669
2079,SON,East Scotland,0.291,4.625
2080,SON,East Scotland,0.420,8.537
1981,SON,London,0.483,6.500
1982,SON,London,0.207,3.750
1983,SON,London,0.385,4.667
1984,SON,London,0.392,8.667
1985,SON,London,0.271,5.750
1986,SON,London,0.372,6.250
1987,SON,London,0.227,3.000
1988,SON,London,0.295,6.000
1989,SON,London,0.360,7.167
1990,SON,London,0.456,7.667
1991,SON,London,0.396,8.000
1992,SON,London,0.270,5.250
1993,SON,London,0.166,3.500
1994,SON,London,0.237,3.333
1995,SON,London,0.268,4.333
1996,SON,London,0.291,5.833
1997,SON,London,0.294,7.667
1998,SON,London,0.330,4.000
1999,SON,London,0.356,7.250
2000,SON,London,0.346,5.500
2001,SON,London,0.306,4.667
2002,SON,London,0.168,2.667
2003,SON,London,0.234,3.833
2004,SON,London,0.245,3.583
2005,SON,London,0.237,3.000
2006,SON,London,0.408,6.167
2007,SON,London,0.167,3.333
2008,SON,London,0.282,4.000
2009,SON,London,0.267,4.667
2010,SON,London,0.245,5.417
2011,SON,London,0.308,7.917
2012,SON,London,0.406,6.417
2013,SON,London,0.197,2.917
2014,SON,London,0.394,7.000
2015,SON,London,0.406,5.583
2016,SON,London,0.296,4.500
2017,SON,London,0.481,4.917
2018,SON,London,0.250,4.000
2019,SON,London,0.371,7.333
2020,SON,London,0.402,5.000
2021,SON,London,0.286,3.167
2022,SON,London,0.293,6.167
2023,SON,London,0.421,8.750
2024,SON,London,0.228,4.917
2025,SON,London,0.182,2.167
2026,SON,London,0.223,3.000
2027,SON,London,0.356,4.583
2028,SON,London,0.341,5.083
2029,SON,London,0.332,3.167
2030,SON,London,0.269,6.000
2031,SON,London,0.301,5.083
2032,SON,London,0.260,3.500
2033,SON,London,0.356,4.417
2034,SON,London,0.349,7.583
2035,SON,London,0.301,8.167
2036,SON,London,0.212,4.000
2037,SON,London,0.225,3.167
2038,SON,London,0.538,10.833
2039,SON,London,0.356,4.083
2040,SON,London,0.222,4.000
2041,SON,London,0.311,4.667
2042,SON,London,0.332,4.833
2043,SON,London,0.278,6.083
2044,SON,London,0.233,3.000
2045,SON,London,0.397,6.417
2046,SON,London,0.323,4.000
2047,SON,London,0.258,3.750
2048,SON,London,0.156,3.250
2049,SON,London,0.279,5.000
2050,SON,London,0.394,5.250
2051,SON,London,0.285,5.500
2052,SON,London,0.324,4.917
2053,SON,London,0.381,8.500
2054,SON,London,0.188,10.000
2055,SON,London,0.195,2.500
2056,SON,London,0.195,3.000
2057,SON,London,0.261,4.083
2058,SON,London,0.269,5.417
2059,SON,London,0.234,4.250
2060,SON,London,0.181,3.000
2061,SON,London,0.327,6.667
2062,SON,London,0.265,5.000
2063,SON,London,0.111,2.667
2064,SON,London,0.305,7.000
2065,SON,London,0.184,8.833
2066,SON,London,0.199,4.167
2067,SON,London,0.242,3.750
2068,SON,London,0.293,6.083
2069,SON,London,0.245,4.000
2070,SON,London,0.271,6.333
2071,SON,London,0.322,4.000
2072,SON,London,0.387,4.750
2073,SON,London,0.268,5.000
2074,SON,London,0.249,5.083
2075,SON,London,0.262,4.417
2076,SON,London,0.294,7.083
2077,SON,London,0.171,3.500
2078,SON,London,0.301,5.000
2079,SON,London,0.219,5.000
2080,SON,London,0.289,3.917
1981,SON,North East England,0.501,7.386
1982,SON,North East England,0.334,6.175
1983,SON,North East England,0.410,5.860
1984,SON,North East England,0.491,6.895
1985,SON,North East England,0.376,10.316
1986,SON,North East England,0.358,6.263
1987,SON,North East England,0.293,4.070
1988,SON,North East England,0.317,5.421
1989,SON,North East England,0.378,7.175
1990,SON,North East England,0.396,6.211
1991,SON,North East England,0.454,8.263
1992,SON,North East England,0.377,5.088
1993,SON,North East England,0.227,4.789
1994,SON,North East England,0.312,4.579
1995,SON,North East England,0.384,5.000
1996,SON,North East England,0.353,5.825
1997,SON,North East England,0.376,12.316
1998,SON,North East England,0.350,8.263
1999,SON,North East England,0.433,8.474
2000,SON,North East England,0.367,5.228
2001,SON,North East England,0.345,5.439
2002,SON,North East England,0.258,5.895
2003,SON,North East England,0.318,3.825
2004,SON,North East England,0.369,4.316
2005,SON,North East England,0.324,4.807
2006,SON,North East England,0.472,9.246
2007,SON,North East England,0.299,4.053
2008,SON,North East England,0.310,4.368
2009,SON,North East England,0.219,4.088
2010,SON,North East England,0.253,4.140
2011,SON,North East England,0.425,8.351
2012,SON,North East England,0.460,6.193
2013,SON,North East England,0.335,8.544
2014,SON,North East England,0.401,6.018
2015,SON,North East England,0.357,6.474
2016,SON,North East England,0.313,4.439
2017,SON,North East England,0.383,5.421
2018,SON,North East England,0.331,3.825
2019,SON,North East England,0.409,7.246
2020,SON,North East England,0.484,10.316
2021,SON,North East England,0.367,5.123
2022,SON,North East England,0.371,5.246
2023,SON,North East England,0.498,9.263
2024,SON,North East England,0.219,3.000
2025,SON,North East England,0.280,3.772
2026,SON,North East England,0.340,4.368
2027,SON,North East England,0.449,5.474
2028,SON,North East England,0.260,5.175
2029,SON,North East England,0.440,5.491
2030,SON,North East England,0.353,4.895
2031,SON,North East England,0.361,9.509
2032,SON,North East England,0.375,7.649
2033,SON,North East England,0.360,4.474
2034,SON,North East England,0.422,10.509
2035,SON,North East England,0.354,6.544
2036,SON,North East England,0.332,4.737
2037,SON,North East England,0.301,3.982
2038,SON,North East England,0.487,7.386
2039,SON,North East England,0.336,5.632
2040,SON,North East England,0.281,4.789
2041,SON,North East England,0.321,4.491
2042,SON,North East England,0.373,4.596
2043,SON,North East England,0.338,6.491
2044,SON,North East England,0.301,4.860
2045,SON,North East England,0.405,4.719
2046,SON,North East England,0.363,3.737
2047,SON,North East England,0.252,4.737
2048,SON,North East England,0.352,4.667
2049,SON,North East England,0.405,7.158
2050,SON,North East England,0.406,6.070
2051,SON,North East England,0.342,7.877
2052,SON,North East England,0.286,3.877
2053,SON,North East England,0.461,5.544
2054,SON,North East England,0.278,4.526
2055,SON,North East England,0.309,5.211
2056,SON,North East England,0.307,5.649
2057,SON,North East England,0.374,5.860
2058,SON,North East England,0.261,4.614
2059,SON,North East England,0.356,5.333
2060,SON,North East England,0.248,4.439
2061,SON,North East England,0.450,8.193
2062,SON,North East England,0.177,2.246
2063,SON,North East England,0.223,4.877
2064,SON,North East England,0.314,5.456
2065,SON,North East England,0.259,5.754
2066,SON,North East England,0.294,3.684
2067,SON,North East England,0.327,8.491
2068,SON,North East England,0.339,6.211
2069,SON,North East England,0.279,3.509
2070,SON,North East England,0.252,5.000
2071,SON,North East England,0.346,5.123
2072,SON,North East England,0.458,4.772
2073,SON,North East England,0.334,5.684
2074,SON,North East England,0.296,4.421
2075,SON,North East England,0.249,3.825
2076,SON,North East England,0.401,7.509
2077,SON,North East England,0.234,3.596
2078,SON,North East England,0.318,5.351
2079,SON,North East England,0.296,5.000
2080,SON,North East England,0.346,4.930
1981,SON,North Scotland,0.627,9.335
1982,SON,North Scotland,0.646,11.071
1983,SON,North Scotland,0.581,12.948
1984,SON,North Scotland,0.646,11.675
1985,SON,North Scotland,0.509,10.575
1986,SON,North Scotland,0.578,10.929
1987,SON,North Scotland,0.501,11.514
1988,SON,North Scotland,0.562,9.755
1989,SON,North Scotland,0.462,6.594
1990,SON,North Scotland,0.479,7.491
1991,SON,North Scotland,0.571,11.500
1992,SON,North Scotland,0.436,7.627
1993,SON,North Scotland,0.414,5.873
1994,SON,North Scotland,0.373,5.698
1995,SON,North Scotland,0.563,8.486
1996,SON,North Scotland,0.492,15.363
1997,SON,North Scotland,0.434,9.486
1998,SON,North Scotland,0.464,10.726
1999,SON,North Scotland,0.451,5.675
2000,SON,North Scotland,0.543,9.274
2001,SON,North Scotland,0.581,10.179
2002,SON,North Scotland,0.472,7.632
2003,SON,North Scotland,0.620,13.604
2004,SON,North Scotland,0.441,6.792
2005,SON,North Scotland,0.588,10.566
2006,SON,North Scotland,0.438,7.250
2007,SON,North Scotland,0.474,12.642
2008,SON,North Scotland,0.402,7.811
2009,SON,North Scotland,0.307,5.788
2010,SON,North Scotland,0.428,8.514
2011,SON,North Scotland,0.416,8.439
2012,SON,North Scotland,0.517,11.920
2013,SON,North Scotland,0.539,10.679
2014,SON,North Scotland,0.478,7.269
2015,SON,North Scotland,0.450,6.764
2016,SON,North Scotland,0.516,8.538
2017,SON,North Scotland,0.582,8.066
2018,SON,North Scotland,0.571,10.396
2019,SON,North Scotland,0.399,7.590
2020,SON,North Scotland,0.478,9.410
2021,SON,North Scotland,0.427,7.986
2022,SON,North Scotland,0.464,7.184
2023,SON,North Scotland,0.643,11.717
2024,SON,North Scotland,0.439,6.849
2025,SON,North Scotland,0.466,7.689
2026,SON,North Scotland,0.450,6.665
2027,SON,North Scotland,0.464,8.354
2028,SON,North Scotland,0.526,7.561
2029,SON,North Scotland,0.591,9.868
2030,SON,North Scotland,0.458,8.090
2031,SON,North Scotland,0.526,10.302
2032,SON,North Scotland,0.641,14.910
2033,SON,North Scotland,0.452,8.561
2034,SON,North Scotland,0.594,10.250
2035,SON,North Scotland,0.498,9.726
2036,SON,North Scotland,0.462,7.778
2037,SON,North Scotland,0.622,12.071
2038,SON,North Scotland,0.562,9.665
2039,SON,North Scotland,0.529,8.292
2040,SON,North Scotland,0.408,7.712
2041,SON,North Scotland,0.546,11.316
2042,SON,North Scotland,0.586,9.222
2043,SON,North Scotland,0.466,9.788
2044,SON,North Scotland,0.443,9.736
2045,SON,North Scotland,0.469,7.071
2046,SON,North Scotland,0.509,7.858
2047,SON,North Scotland,0.436,6.915
2048,SON,North Scotland,0.655,11.377
2049,SON,North Scotland,0.553,8.858
2050,SON,North Scotland,0.543,10.505
2051,SON,North Scotland,0.442,8.854
2052,SON,North Scotland,0.470,6.731
2053,SON,North Scotland,0.586,11.792
2054,SON,North Scotland,0.358,8.340
2055,SON,North Scotland,0.511,11.547
2056,SON,North Scotland,0.449,7.208
2057,SON,North Scotland,0.596,11.406
2058,SON,North Scotland,0.533,9.877
2059,SON,North Scotland,0.623,10.604
2060,SON,North Scotland,0.481,8.146
2061,SON,North Scotland,0.491,7.759
2062,SON,North Scotland,0.370,7.363
2063,SON,North Scotland,0.432,7.080
2064,SON,North Scotland,0.484,8.778
2065,SON,North Scotland,0.507,7.698
2066,SON,North Scotland,0.504,10.476
2067,SON,North Scotland,0.489,8.226
2068,SON,North Scotland,0.405,7.349
2069,SON,North Scotland,0.529,7.816
2070,SON,North Scotland,0.461,11.976
2071,SON,North Scotland,0.557,11.830
2072,SON,North Scotland,0.646,11.075
2073,SON,North Scotland,0.509,10.038
2074,SON,North Scotland,0.549,10.967
2075,SON,North Scotland,0.491,9.844
2076,SON,North Scotland,0.395,6.712
2077,SON,North Scotland,0.506,7.854
2078,SON,North Scotland,0.483,8.835
2079,SON,North Scotland,0.451,6.175
2080,SON,North Scotland,0.515,7.330
1981,SON,North West England,0.623,8.172
1982,SON,North West England,0.462,7.935
1983,SON,North West England,0.482,8.118
1984,SON,North West England,0.619,12.796
1985,SON,North West England,0.447,9.441
1986,SON,North West England,0.450,11.301
1987,SON,North West England,0.406,7.473
1988,SON,North West England,0.499,8.097
1989,SON,North West England,0.417,8.194
1990,SON,North West England,0.533,11.409
1991,SON,North West England,0.522,10.516
1992,SON,North West England,0.422,6.355
1993,SON,North West England,0.324,5.376
1994,SON,North West England,0.326,6.312
1995,SON,North West England,0.491,6.774
1996,SON,North West England,0.429,7.645
1997,SON,North West England,0.377,7.570
1998,SON,North West England,0.434,11.946
1999,SON,North West England,0.432,6.731
2000,SON,North West England,0.499,11.355
2001,SON,North West England,0.513,9.785
2002,SON,North West England,0.326,6.516
2003,SON,North West England,0.500,9.366
2004,SON,North West England,0.378,7.366
2005,SON,North West England,0.484,7.312
2006,SON,North West England,0.490,10.032
2007,SON,North West England,0.273,5.753
2008,SON,North West England,0.323,6.237
2009,SON,North West England,0.286,6.914
2010,SON,North West England,0.341,7.032
2011,SON,North West England,0.477,12.925
2012,SON,North West England,0.525,9.613
2013,SON,North West England,0.445,6.430
2014,SON,North West England,0.519,8.946
2015,SON,North West England,0.447,6.505
2016,SON,North West England,0.453,8.441
2017,SON,North West England,0.538,9.785
2018,SON,North West England,0.484,9.398
2019,SON,North West England,0.374,7.624
2020,SON,North West England,0.529,11.452
2021,SON,North West England,0.378,6.710
2022,SON,North West England,0.379,7.118
2023,SON,North West England,0.615,11.323
2024,SON,North West England,0.332,7.194
2025,SON,North West England,0.293,5.452
2026,SON,North West England,0.338,5.000
2027,SON,North West England,0.557,9.817
2028,SON,North West England,0.407,5.860
2029,SON,North West England,0.592,8.763
2030,SON,North West England,0.446,8.419
2031,SON,North West England,0.415,12.914
2032,SON,North West England,0.525,10.333
2033,SON,North West England,0.483,8.548
2034,SON,North West England,0.590,16.065
2035,SON,North West England,0.408,6.290
2036,SON,North West England,0.349,5.151
2037,SON,North West England,0.503,8.559
2038,SON,North West England,0.622,10.215
2039,SON,North West England,0.420,7.387
2040,SON,North West England,0.374,6.204
2041,SON,North West England,0.526,8.978
2042,SON,North West England,0.555,9.591
2043,SON,North West England,0.346,8.516
2044,SON,North West England,0.354,6.462
2045,SON,North West England,0.391,5.634
2046,SON,North West England,0.487,7.559
2047,SON,North West England,0.332,4.978
2048,SON,North West England,0.524,8.538
2049,SON,North West England,0.525,10.269
2050,SON,North West England,0.533,11.516
2051,SON,North West England,0.367,7.086
2052,SON,North West England,0.409,6.591
2053,SON,North West England,0.608,10.290
2054,SON,North West England,0.307,7.387
2055,SON,North West England,0.393,9.817
2056,SON,North West England,0.391,7.796
2057,SON,North West England,0.460,11.914
2058,SON,North West England,0.421,7.527
2059,SON,North West England,0.535,8.946
2060,SON,North West England,0.341,5.086
2061,SON,North West England,0.466,10.946
2062,SON,North West England,0.246,5.312
2063,SON,North West England,0.291,7.323
2064,SON,North West England,0.410,9.398
2065,SON,North West England,0.306,6.624
2066,SON,North West England,0.379,6.151
2067,SON,North West England,0.367,6.548
2068,SON,North West England,0.424,7.419
2069,SON,North West England,0.424,5.903
2070,SON,North West England,0.306,8.280
2071,SON,North West England,0.554,12.108
2072,SON,North West England,0.582,9.516
2073,SON,North West England,0.441,7.290
2074,SON,North West England,0.436,6.968
2075,SON,North West England,0.375,7.333
2076,SON,North West England,0.384,6.839
2077,SON,North West England,0.354,7.161
2078,SON,North West England,0.406,5.731
2079,SON,North West England,0.360,6.602
2080,SON,North West England,0.377,3.978
1981,SON,South East England,0.498,6.169
1982,SON,South East England,0.230,3.119
1983,SON,South East England,0.376,5.975
1984,SON,South East England,0.369,5.992
1985,SON,South East England,0.274,5.051
1986,SON,South East England,0.379,6.992
1987,SON,South East England,0.236,3.373
1988,SON,South East England,0.305,5.958
1989,SON,South East England,0.377,7.847
1990,SON,South East England,0.446,7.949
1991,SON,South East England,0.387,7.220
1992,SON,South East England,0.318,5.347
1993,SON,South East England,0.171,3.305
1994,SON,South East England,0.250,3.873
1995,SON,South East England,0.269,4.356
1996,SON,South East England,0.283,5.627
1997,SON,South East England,0.291,8.339
1998,SON,South East England,0.306,4.110
1999,SON,South East England,0.360,6.763
2000,SON,South East England,0.365,7.746
2001,SON,South East England,0.337,5.458
2002,SON,South East England,0.172,4.432
2003,SON,South East England,0.252,3.661
2004,SON,South East England,0.231,3.432
2005,SON,South East England,0.242,3.729
2006,SON,South East England,0.403,6.653
2007,SON,South East England,0.144,3.059
2008,SON,South East England,0.308,4.915
2009,SON,South East England,0.286,4.500
2010,SON,South East England,0.249,4.737
2011,SON,South East England,0.345,8.068
2012,SON,South East England,0.390,5.483
2013,SON,South East England,0.224,3.492
2014,SON,South East England,0.381,6.924
2015,SON,South East England,0.394,5.347
2016,SON,South East England,0.297,4.568
2017,SON,South East England,0.448,5.890
2018,SON,South East England,0.272,3.941
2019,SON,South East England,0.351,6.398
2020,SON,South East England,0.397,5.703
2021,SON,South East England,0.296,3.619
2022,SON,South East England,0.275,7.475
2023,SON,South East England,0.426,8.831
2024,SON,South East England,0.228,4.390
2025,SON,South East England,0.167,2.390
2026,SON,South East England,0.241,3.508
2027,SON,South East England,0.384,4.686
2028,SON,South East England,0.308,4.127
2029,SON,South East England,0.340,4.924
2030,SON,South East England,0.300,5.754
2031,SON,South East England,0.288,4.186
2032,SON,South East England,0.286,4.576
2033,SON,South East England,0.377,5.627
2034,SON,South East England,0.347,6.669
2035,SON,South East England,0.310,9.653
2036,SON,South East England,0.213,4.051
2037,SON,South East England,0.244,3.754
2038,SON,South East England,0.501,8.814
2039,SON,South East England,0.346,5.008
2040,SON,South East England,0.243,4.678
2041,SON,South East England,0.301,4.059
2042,SON,South East England,0.348,5.407
2043,SON,South East England,0.305,7.576
2044,SON,South East England,0.202,3.271
2045,SON,South East England,0.361,7.712
2046,SON,South East England,0.336,4.661
2047,SON,South East England,0.246,3.568
2048,SON,South East England,0.161,2.729
2049,SON,South East England,0.295,4.907
2050,SON,South East England,0.411,5.763
2051,SON,South East England,0.286,5.814
2052,SON,South East England,0.311,4.398
2053,SON,South East England,0.377,8.008
2054,SON,South East England,0.196,8.432
2055,SON,South East England,0.200,3.153
2056,SON,South East England,0.204,3.686
2057,SON,South East England,0.298,5.017
2058,SON,South East England,0.275,5.847
2059,SON,South East England,0.219,5.271
2060,SON,South East England,0.180,3.449
2061,SON,South East England,0.319,7.110
2062,SON,South East England,0.216,4.025
2063,SON,South East England,0.128,3.483
2064,SON,South East England,0.321,7.525
2065,SON,South East England,0.173,7.525
2066,SON,South East England,0.200,4.136
2067,SON,South East England,0.246,3.839
2068,SON,South East England,0.269,4.466
2069,SON,South East England,0.267,4.042
2070,SON,South East England,0.273,4.669
2071,SON,South East England,0.319,4.822
2072,SON,South East England,0.389,5.695
2073,SON,South East England,0.283,5.636
2074,SON,South East England,0.267,5.169
2075,SON,South East England,0.243,3.907
2076,SON,South East England,0.302,7.331
2077,SON,South East England,0.158,2.839
2078,SON,South East England,0.319,5.763
2079,SON,South East England,0.218,5.229
2080,SON,South East England,0.288,4.627
1981,SON,South West England,0.557,6.981
1982,SON,South West England,0.275,4.506
1983,SON,South West England,0.388,6.282
1984,SON,South West England,0.407,7.192
1985,SON,South West England,0.331,5.513
1986,SON,South West England,0.383,6.756
1987,SON,South West England,0.303,5.192
1988,SON,South West England,0.368,6.436
1989,SON,South West England,0.410,6.699
1990,SON,South West England,0.469,9.109
1991,SON,South West England,0.411,7.756
1992,SON,South West England,0.401,5.545
1993,SON,South West England,0.211,4.314
1994,SON,South West England,0.255,4.019
1995,SON,South West England,0.347,5.308
1996,SON,South West England,0.312,6.019
1997,SON,South West England,0.328,6.500
1998,SON,South West England,0.362,5.532
1999,SON,South West England,0.410,6.699
2000,SON,South West England,0.391,8.571
2001,SON,South West England,0.380,4.468
2002,SON,South West England,0.201,5.577
2003,SON,South West England,0.292,3.686
2004,SON,South West England,0.287,4.327
2005,SON,South West England,0.289,3.904
2006,SON,South West England,0.445,8.994
2007,SON,South West England,0.203,4.385
2008,SON,South West England,0.336,5.718
2009,SON,South West England,0.323,5.897
2010,SON,South West England,0.275,4.135
2011,SON,South West England,0.405,10.173
2012,SON,South West England,0.416,7.801
2013,SON,South West England,0.289,4.160
2014,SON,South West England,0.430,7.122
2015,SON,South West England,0.405,5.609
2016,SON,South West England,0.319,4.987
2017,SON,South West England,0.472,7.532
2018,SON,South West England,0.356,5.006
2019,SON,South West England,0.345,6.378
2020,SON,South West England,0.444,7.788
2021,SON,South West England,0.303,5.385
2022,SON,South West England,0.297,8.654
2023,SON,South West England,0.503,8.526
2024,SON,South West England,0.244,4.224
2025,SON,South West England,0.204,4.718
2026,SON,South West England,0.278,4.391
2027,SON,South West England,0.459,5.827
2028,SON,South West England,0.324,4.686
2029,SON,South West England,0.401,6.647
2030,SON,South West England,0.358,5.551
2031,SON,South West England,0.350,7.263
2032,SON,South West England,0.348,7.397
2033,SON,South West England,0.414,6.051
2034,SON,South West England,0.403,11.019
2035,SON,South West England,0.316,7.885
2036,SON,South West England,0.249,3.314
2037,SON,South West England,0.333,6.237
2038,SON,South West England,0.560,7.058
2039,SON,South West England,0.341,6.019
2040,SON,South West England,0.287,5.878
2041,SON,South West England,0.372,5.346
2042,SON,South West England,0.380,6.545
2043,SON,South West England,0.301,8.141
2044,SON,South West England,0.252,4.385
2045,SON,South West England,0.324,8.955
2046,SON,South West England,0.387,8.013
2047,SON,South West England,0.290,4.468
2048,SON,South West England,0.209,2.494
2049,SON,South West England,0.355,5.147
2050,SON,South West England,0.457,9.494
2051,SON,South West England,0.278,6.660
2052,SON,South West England,0.336,4.795
2053,SON,South West England,0.397,7.654
2054,SON,South West England,0.231,7.641
2055,SON,South West England,0.239,3.558
2056,SON,South West England,0.282,6.545
2057,SON,South West England,0.357,6.987
2058,SON,South West England,0.291,5.673
2059,SON,South West England,0.314,6.994
2060,SON,South West England,0.206,4.917
2061,SON,South West England,0.344,7.551
2062,SON,South West England,0.200,3.378
2063,SON,South West England,0.175,4.538
2064,SON,South West England,0.309,4.744
2065,SON,South West England,0.179,5.756
2066,SON,South West England,0.261,4.923
2067,SON,South West England,0.255,4.359
2068,SON,South West England,0.318,4.897
2069,SON,South West England,0.299,4.814
2070,SON,South West England,0.272,4.308
2071,SON,South West England,0.385,6.564
2072,SON,South West England,0.381,5.859
2073,SON,South West England,0.333,7.295
2074,SON,South West England,0.276,5.051
2075,SON,South West England,0.262,4.096
2076,SON,South West England,0.329,6.846
2077,SON,South West England,0.203,3.897
2078,SON,South West England,0.359,5.724
2079,SON,South West England,0.267,6.737
2080,SON,South West England,0.317,4.833
1981,SON,West Midlands,0.511,6.802
1982,SON,West Midlands,0.242,3.349
1983,SON,West Midlands,0.332,4.512
1984,SON,West Midlands,0.436,6.198
1985,SON,West Midlands,0.289,5.302
1986,SON,West Midlands,0.350,6.733
1987,SON,West Midlands,0.223,4.174
1988,SON,West Midlands,0.309,4.395
1989,SON,West Midlands,0.369,6.128
1990,SON,West Midlands,0.430,7.360
1991,SON,West Midlands,0.397,6.814
1992,SON,West Midlands,0.356,5.442
1993,SON,West Midlands,0.210,3.953
1994,SON,West Midlands,0.234,3.430
1995,SON,West Midlands,0.324,4.488
1996,SON,West Midlands,0.283,3.791
1997,SON,West Midlands,0.308,7.349
1998,SON,West Midlands,0.322,5.081
1999,SON,West Midlands,0.398,5.709
2000,SON,West Midlands,0.351,6.105
2001,SON,West Midlands,0.357,4.523
2002,SON,West Midlands,0.188,5.395
2003,SON,West Midlands,0.270,3.419
2004,SON,West Midlands,0.245,3.314
2005,SON,West Midlands,0.296,4.151
2006,SON,West Midlands,0.411,8.802
2007,SON,West Midlands,0.184,3.326
2008,SON,West Midlands,0.250,4.372
2009,SON,West Midlands,0.275,3.930
2010,SON,West Midlands,0.238,4.779
2011,SON,West Midlands,0.409,8.686
2012,SON,West Midlands,0.386,4.837
2013,SON,West Midlands,0.266,3.465
2014,SON,West Midlands,0.419,6.721
2015,SON,West Midlands,0.352,4.919
2016,SON,West Midlands,0.303,4.640
2017,SON,West Midlands,0.448,4.744
2018,SON,West Midlands,0.265,3.465
2019,SON,West Midlands,0.322,6.221
2020,SON,West Midlands,0.397,6.023
2021,SON,West Midlands,0.301,4.047
2022,SON,West Midlands,0.309,9.674
2023,SON,West Midlands,0.445,7.977
2024,SON,West Midlands,0.241,4.953
2025,SON,West Midlands,0.189,2.593
2026,SON,West Midlands,0.250,3.930
2027,SON,West Midlands,0.374,4.674
2028,SON,West Midlands,0.270,4.035
2029,SON,West Midlands,0.386,4.919
2030,SON,West Midlands,0.327,4.465
2031,SON,West Midlands,0.302,5.500
2032,SON,West Midlands,0.299,4.314
2033,SON,West Midlands,0.388,4.884
2034,SON,West Midlands,0.399,9.640
2035,SON,West Midlands,0.286,5.814
2036,SON,West Midlands,0.216,3.360
2037,SON,West Midlands,0.296,4.709
2038,SON,West Midlands,0.547,8.500
2039,SON,West Midlands,0.307,4.244
2040,SON,West Midlands,0.292,6.407
2041,SON,West Midlands,0.345,4.942
2042,SON,West Midlands,0.365,4.756
2043,SON,West Midlands,0.277,5.163
2044,SON,West Midlands,0.269,3.744
2045,SON,West Midlands,0.365,6.698
2046,SON,West Midlands,0.349,5.000
2047,SON,West Midlands,0.237,3.930
2048,SON,West Midlands,0.222,2.581
2049,SON,West Midlands,0.302,4.965
2050,SON,West Midlands,0.398,6.767
2051,SON,West Midlands,0.275,6.663
2052,SON,West Midlands,0.341,4.616
2053,SON,West Midlands,0.390,5.267
2054,SON,West Midlands,0.241,5.093
2055,SON,West Midlands,0.271,3.733
2056,SON,West Midlands,0.210,3.593
2057,SON,West Midlands,0.350,6.105
2058,SON,West Midlands,0.267,4.930
2059,SON,West Midlands,0.254,5.558
2060,SON,West Midlands,0.226,3.907
2061,SON,West Midlands,0.337,8.093
2062,SON,West Midlands,0.167,2.733
2063,SON,West Midlands,0.171,4.081
2064,SON,West Midlands,0.276,4.140
2065,SON,West Midlands,0.214,5.651
2066,SON,West Midlands,0.275,5.209
2067,SON,West Midlands,0.254,3.640
2068,SON,West Midlands,0.291,3.453
2069,SON,West Midlands,0.292,4.488
2070,SON,West Midlands,0.215,4.174
2071,SON,West Midlands,0.344,5.477
2072,SON,West Midlands,0.360,5.302
2073,SON,West Midlands,0.325,8.628
2074,SON,West Midlands,0.280,5.500
2075,SON,West Midlands,0.239,3.012
2076,SON,West Midlands,0.334,6.512
2077,SON,West Midlands,0.196,3.977
2078,SON,West Midlands,0.276,3.105
2079,SON,West Midlands,0.249,5.349
2080,SON,West Midlands,0.332,4.116
1981,SON,West Scotland,0.600,7.689
1982,SON,West Scotland,0.547,10.333
1983,SON,West Scotland,0.575,8.318
1984,SON,West Scotland,0.639,10.106
1985,SON,West Scotland,0.573,12.970
1986,SON,West Scotland,0.466,9.212
1987,SON,West Scotland,0.498,9.962
1988,SON,West Scotland,0.519,9.811
1989,SON,West Scotland,0.462,8.174
1990,SON,West Scotland,0.531,11.424
1991,SON,West Scotland,0.538,11.848
1992,SON,West Scotland,0.493,7.212
1993,SON,West Scotland,0.394,8.470
1994,SON,West Scotland,0.380,7.114
1995,SON,West Scotland,0.557,7.098
1996,SON,West Scotland,0.441,10.205
1997,SON,West Scotland,0.420,7.720
1998,SON,West Scotland,0.462,12.985
1999,SON,West Scotland,0.437,5.348
2000,SON,West Scotland,0.555,10.788
2001,SON,West Scotland,0.564,8.795
2002,SON,West Scotland,0.402,6.871
2003,SON,West Scotland,0.587,13.977
2004,SON,West Scotland,0.426,7.735
2005,SON,West Scotland,0.597,9.212
2006,SON,West Scotland,0.461,9.197
2007,SON,West Scotland,0.344,10.500
2008,SON,West Scotland,0.407,8.091
2009,SON,West Scotland,0.335,6.553
2010,SON,West Scotland,0.379,7.182
2011,SON,West Scotland,0.470,11.439
2012,SON,West Scotland,0.530,9.674
2013,SON,West Scotland,0.557,10.227
2014,SON,West Scotland,0.442,8.091
2015,SON,West Scotland,0.470,6.864
2016,SON,West Scotland,0.531,9.811
2017,SON,West Scotland,0.599,8.114
2018,SON,West Scotland,0.556,8.409
2019,SON,West Scotland,0.335,6.356
2020,SON,West Scotland,0.534,12.530
2021,SON,West Scotland,0.440,7.742
2022,SON,West Scotland,0.455,8.212
2023,SON,West Scotland,0.665,10.614
2024,SON,West Scotland,0.396,8.439
2025,SON,West Scotland,0.380,6.545
2026,SON,West Scotland,0.370,4.220
2027,SON,West Scotland,0.536,7.303
2028,SON,West Scotland,0.479,6.689
2029,SON,West Scotland,0.616,8.682
2030,SON,West Scotland,0.464,10.402
2031,SON,West Scotland,0.476,8.326
2032,SON,West Scotland,0.596,12.485
2033,SON,West Scotland,0.456,8.659
2034,SON,West Scotland,0.593,15.348
2035,SON,West Scotland,0.421,6.379
2036,SON,West Scotland,0.443,5.985
2037,SON,West Scotland,0.549,9.386
2038,SON,West Scotland,0.615,10.136
2039,SON,West Scotland,0.499,8.886
2040,SON,West Scotland,0.373,5.848
2041,SON,West Scotland,0.541,10.038
2042,SON,West Scotland,0.585,9.985
2043,SON,West Scotland,0.368,8.492
2044,SON,West Scotland,0.475,9.333
2045,SON,West Scotland,0.406,6.470
2046,SON,West Scotland,0.541,8.606
2047,SON,West Scotland,0.417,6.068
2048,SON,West Scotland,0.618,10.273
2049,SON,West Scotland,0.607,10.091
2050,SON,West Scotland,0.578,10.606
2051,SON,West Scotland,0.380,6.826
2052,SON,West Scotland,0.393,5.538
2053,SON,West Scotland,0.576,10.970
2054,SON,West Scotland,0.325,6.803
2055,SON,West Scotland,0.450,9.121
2056,SON,West Scotland,0.440,9.364
2057,SON,West Scotland,0.523,10.500
2058,SON,West Scotland,0.464,9.795
2059,SON,West Scotland,0.647,9.932
2060,SON,West Scotland,0.426,6.379
2061,SON,West Scotland,0.507,9.258
2062,SON,West Scotland,0.363,8.606
2063,SON,West Scotland,0.408,11.326
2064,SON,West Scotland,0.481,8.652
2065,SON,West Scotland,0.443,9.379
2066,SON,West Scotland,0.461,7.076
2067,SON,West Scotland,0.417,9.417
2068,SON,West Scotland,0.443,6.303
2069,SON,West Scotland,0.479,7.803
2070,SON,West Scotland,0.428,11.765
2071,SON,West Scotland,0.614,16.098
2072,SON,West Scotland,0.640,11.000
2073,SON,West Scotland,0.479,8.212
2074,SON,West Scotland,0.471,9.947
2075,SON,West Scotland,0.449,9.053
2076,SON,West Scotland,0.409,6.545
2077,SON,West Scotland,0.436,7.939
2078,SON,West Scotland,0.451,6.682
2079,SON,West Scotland,0.397,5.015
2080,SON,West Scotland,0.471,5.977
1981,SON,Yorkshire and Humber,0.480,6.842
1982,SON,Yorkshire and Humber,0.315,6.515
1983,SON,Yorkshire and Humber,0.378,5.851
1984,SON,Yorkshire and Humber,0.487,7.455
1985,SON,Yorkshire and Humber,0.329,8.396
1986,SON,Yorkshire and Humber,0.378,7.535
1987,SON,Yorkshire and Humber,0.257,5.040
1988,SON,Yorkshire and Humber,0.315,4.762
1989,SON,Yorkshire and Humber,0.351,5.851
1990,SON,Yorkshire and Humber,0.438,10.030
1991,SON,Yorkshire and Humber,0.407,8.475
1992,SON,Yorkshire and Humber,0.378,5.624
1993,SON,Yorkshire and Humber,0.236,4.762
1994,SON,Yorkshire and Humber,0.296,4.347
1995,SON,Yorkshire and Humber,0.325,4.772
1996,SON,Yorkshire and Humber,0.302,4.584
1997,SON,Yorkshire and Humber,0.362,12.178
1998,SON,Yorkshire and Humber,0.346,7.079
1999,SON,Yorkshire and Humber,0.398,6.693
2000,SON,Yorkshire and Humber,0.340,6.307
2001,SON,Yorkshire and Humber,0.359,4.941
2002,SON,Yorkshire and Humber,0.206,4.089
2003,SON,Yorkshire and Humber,0.283,4.030
2004,SON,Yorkshire and Humber,0.274,4.297
2005,SON,Yorkshire and Humber,0.293,3.733
2006,SON,Yorkshire and Humber,0.458,9.386
2007,SON,Yorkshire and Humber,0.250,3.703
2008,SON,Yorkshire and Humber,0.277,5.109
2009,SON,Yorkshire and Humber,0.229,4.248
2010,SON,Yorkshire and Humber,0.269,4.802
2011,SON,Yorkshire and Humber,0.376,6.554
2012,SON,Yorkshire and Humber,0.438,7.208
2013,SON,Yorkshire and Humber,0.263,5.693
2014,SON,Yorkshire and Humber,0.429,5.832
2015,SON,Yorkshire and Humber,0.379,6.119
2016,SON,Yorkshire and Humber,0.297,3.911
2017,SON,Yorkshire and Humber,0.407,6.347
2018,SON,Yorkshire and Humber,0.308,4.178
2019,SON,Yorkshire and Humber,0.369,6.446
2020,SON,Yorkshire and Humber,0.435,8.396
2021,SON,Yorkshire and Humber,0.327,4.792
2022,SON,Yorkshire and Humber,0.337,6.733
2023,SON,Yorkshire and Humber,0.457,9.069
2024,SON,Yorkshire and Humber,0.206,3.594
2025,SON,Yorkshire and Humber,0.227,3.525
2026,SON,Yorkshire and Humber,0.291,3.812
2027,SON,Yorkshire and Humber,0.433,5.505
2028,SON,Yorkshire and Humber,0.285,5.317
2029,SON,Yorkshire and Humber,0.409,5.733
2030,SON,Yorkshire and Humber,0.371,5.267
2031,SON,Yorkshire and Humber,0.320,7.723
2032,SON,Yorkshire and Humber,0.302,5.485
2033,SON,Yorkshire and Humber,0.346,4.851
2034,SON,Yorkshire and Humber,0.409,8.980
2035,SON,Yorkshire and Humber,0.345,6.089
2036,SON,Yorkshire and Humber,0.247,3.723
2037,SON,Yorkshire and Humber,0.290,3.950
2038,SON,Yorkshire and Humber,0.521,10.426
2039,SON,Yorkshire and Humber,0.320,5.188
2040,SON,Yorkshire and Humber,0.275,4.436
2041,SON,Yorkshire and Humber,0.351,6.050
2042,SON,Yorkshire and Humber,0.385,5.020
2043,SON,Yorkshire and Humber,0.306,5.139
2044,SON,Yorkshire and Humber,0.282,4.257
2045,SON,Yorkshire and Humber,0.399,5.386
2046,SON,Yorkshire and Humber,0.367,5.495
2047,SON,Yorkshire and Humber,0.238,4.228
2048,SON,Yorkshire and Humber,0.293,4.089
2049,SON,Yorkshire and Humber,0.357,5.762
2050,SON,Yorkshire and Humber,0.405,6.950
2051,SON,Yorkshire and Humber,0.279,6.861
2052,SON,Yorkshire and Humber,0.288,4.248
2053,SON,Yorkshire and Humber,0.454,7.020
2054,SON,Yorkshire and Humber,0.301,6.297
2055,SON,Yorkshire and Humber,0.307,5.129
2056,SON,Yorkshire and Humber,0.246,5.208
2057,SON,Yorkshire and Humber,0.343,5.822
2058,SON,Yorkshire and Humber,0.257,5.554
2059,SON,Yorkshire and Humber,0.318,5.772
2060,SON,Yorkshire and Humber,0.251,4.030
2061,SON,Yorkshire and Humber,0.388,8.050
2062,SON,Yorkshire and Humber,0.191,2.436
2063,SON,Yorkshire and Humber,0.176,4.822
2064,SON,Yorkshire and Humber,0.285,6.040
2065,SON,Yorkshire and Humber,0.242,4.475
2066,SON,Yorkshire and Humber,0.283,5.218
2067,SON,Yorkshire and Humber,0.278,3.832
2068,SON,Yorkshire and Humber,0.303,3.990
2069,SON,Yorkshire and Humber,0.270,3.376
2070,SON,Yorkshire and Humber,0.250,4.950
2071,SON,Yorkshire and Humber,0.382,6.554
2072,SON,Yorkshire and Humber,0.409,4.188
2073,SON,Yorkshire and Humber,0.311,6.634
2074,SON,Yorkshire and Humber,0.310,5.772
2075,SON,Yorkshire and Humber,0.276,3.822
2076,SON,Yorkshire and Humber,0.340,6.574
2077,SON,Yorkshire and Humber,0.241,4.703
2078,SON,Yorkshire and Humber,0.267,3.634
2079,SON,Yorkshire and Humber,0.265,4.911
2080,SON,Yorkshire and Humber,0.310,3.832
1981,SON,Channel Islands,0.444,4.000
1982,SON,Channel Islands,0.344,4.000
1983,SON,Channel Islands,0.406,6.000
1984,SON,Channel Islands,0.339,4.000
1985,SON,Channel Islands,0.256,3.500
1986,SON,Channel Islands,0.422,5.000
1987,SON,Channel Islands,0.261,3.000
1988,SON,Channel Islands,0.333,6.500
1989,SON,Channel Islands,0.411,8.000
1990,SON,Channel Islands,0.333,4.000
1991,SON,Channel Islands,0.350,6.000
1992,SON,Channel Islands,0.406,9.500
1993,SON,Channel Islands,0.161,7.000
1994,SON,Channel Islands,0.278,3.500
1995,SON,Channel Islands,0.267,3.000
1996,SON,Channel Islands,0.322,7.500
1997,SON,Channel Islands,0.256,6.000
1998,SON,Channel Islands,0.372,6.000
1999,SON,Channel Islands,0.356,5.000
2000,SON,Channel Islands,0.406,15.000
2001,SON,Channel Islands,0.383,4.000
2002,SON,Channel Islands,0.189,5.000
2003,SON,Channel Islands,0.272,3.500
2004,SON,Channel Islands,0.278,4.000
2005,SON,Channel Islands,0.233,2.500
2006,SON,Channel Islands,0.444,7.000
2007,SON,Channel Islands,0.228,4.500
2008,SON,Channel Islands,0.344,8.000
2009,SON,Channel Islands,0.344,11.000
2010,SON,Channel Islands,0.300,6.000
2011,SON,Channel Islands,0.378,11.500
2012,SON,Channel Islands,0.511,10.500
2013,SON,Channel Islands,0.256,4.500
2014,SON,Channel Islands,0.400,6.500
2015,SON,Channel Islands,0.389,4.500
2016,SON,Channel Islands,0.339,4.000
2017,SON,Channel Islands,0.372,4.500
2018,SON,Channel Islands,0.339,5.000
2019,SON,Channel Islands,0.383,7.000
2020,SON,Channel Islands,0.394,5.000
2021,SON,Channel Islands,0.322,5.000
2022,SON,Channel Islands,0.222,5.000
2023,SON,Channel Islands,0.422,10.000
2024,SON,Channel Islands,0.200,5.000
2025,SON,Channel Islands,0.183,5.000
2026,SON,Channel Islands,0.250,2.000
2027,SON,Channel Islands,0.444,5.000
2028,SON,Channel Islands,0.256,4.500
2029,SON,Channel Islands,0.367,6.000
2030,SON,Channel Islands,0.322,6.000
2031,SON,Channel Islands,0.294,5.000
2032,SON,Channel Islands,0.300,6.000
2033,SON,Channel Islands,0.422,7.500
2034,SON,Channel Islands,0.378,7.000
2035,SON,Channel Islands,0.306,14.000
2036,SON,Channel Islands,0.228,3.000
2037,SON,Channel Islands,0.272,4.000
2038,SON,Channel Islands,0.494,7.000
2039,SON,Channel Islands,0.300,2.500
2040,SON,Channel Islands,0.256,4.500
2041,SON,Channel Islands,0.317,5.000
2042,SON,Channel Islands,0.344,4.000
2043,SON,Channel Islands,0.322,9.000
2044,SON,Channel Islands,0.172,3.000
2045,SON,Channel Islands,0.422,6.000
2046,SON,Channel Islands,0.394,6.500
2047,SON,Channel Islands,0.267,4.500
2048,SON,Channel Islands,0.183,3.000
2049,SON,Channel Islands,0.261,4.000
2050,SON,Channel Islands,0.444,8.500
2051,SON,Channel Islands,0.283,7.000
2052,SON,Channel Islands,0.378,7.500
2053,SON,Channel Islands,0.361,9.000
2054,SON,Channel Islands,0.228,6.000
2055,SON,Channel Islands,0.228,3.000
2056,SON,Channel Islands,0.239,4.500
2057,SON,Channel Islands,0.322,3.500
2058,SON,Channel Islands,0.200,5.000
2059,SON,Channel Islands,0.206,4.000
2060,SON,Channel Islands,0.156,3.000
2061,SON,Channel Islands,0.278,7.000
2062,SON,Channel Islands,0.233,4.000
2063,SON,Channel Islands,0.194,4.000
2064,SON,Channel Islands,0.289,6.000
2065,SON,Channel Islands,0.194,6.500
2066,SON,Channel Islands,0.206,4.000
2067,SON,Channel Islands,0.256,3.500
2068,SON,Channel Islands,0.256,4.500
2069,SON,Channel Islands,0.239,3.500
2070,SON,Channel Islands,0.300,6.500
2071,SON,Channel Islands,0.344,8.500
2072,SON,Channel Islands,0.350,5.000
2073,SON,Channel Islands,0.361,5.000
2074,SON,Channel Islands,0.250,5.000
2075,SON,Channel Islands,0.244,3.500
2076,SON,Channel Islands,0.294,5.000
2077,SON,Channel Islands,0.183,4.000
2078,SON,Channel Islands,0.350,14.000
2079,SON,Channel Islands,0.172,5.500
2080,SON,Channel Islands,0.283,7.500
1981,SON,Isle of Man,0.556,9.333
1982,SON,Isle of Man,0.426,4.333
1983,SON,Isle of Man,0.426,4.000
1984,SON,Isle of Man,0.526,5.333
1985,SON,Isle of Man,0.489,8.333
1986,SON,Isle of Man,0.337,10.000
1987,SON,Isle of Man,0.326,4.667
1988,SON,Isle of Man,0.422,5.000
1989,SON,Isle of Man,0.393,5.333
1990,SON,Isle of Man,0.470,8.000
1991,SON,Isle of Man,0.422,6.667
1992,SON,Isle of Man,0.419,4.000
1993,SON,Isle of Man,0.289,5.000
1994,SON,Isle of Man,0.363,8.000
1995,SON,Isle of Man,0.393,5.333
1996,SON,Isle of Man,0.322,6.000
1997,SON,Isle of Man,0.319,7.000
1998,SON,Isle of Man,0.370,6.000
1999,SON,Isle of Man,0.393,5.333
2000,SON,Isle of Man,0.456,9.000
2001,SON,Isle of Man,0.459,7.000
2002,SON,Isle of Man,0.296,6.333
2003,SON,Isle of Man,0.381,3.000
2004,SON,Isle of Man,0.289,3.667
2005,SON,Isle of Man,0.404,3.000
2006,SON,Isle of Man,0.474,9.333
2007,SON,Isle of Man,0.237,5.000
2008,SON,Isle of Man,0.315,6.333
2009,SON,Isle of Man,0.296,7.000
2010,SON,Isle of Man,0.285,4.000
2011,SON,Isle of Man,0.400,5.667
2012,SON,Isle of Man,0.485,8.000
2013,SON,Isle of Man,0.381,6.667
2014,SON,Isle of Man,0.463,6.000
2015,SON,Isle of Man,0.433,6.000
2016,SON,Isle of Man,0.448,5.667
2017,SON,Isle of Man,0.485,5.000
2018,SON,Isle of Man,0.419,5.333
2019,SON,Isle of Man,0.311,4.000
2020,SON,Isle of Man,0.415,10.667
2021,SON,Isle of Man,0.437,7.000
2022,SON,Isle of Man,0.404,9.000
2023,SON,Isle of Man,0.496,8.000
2024,SON,Isle of Man,0.263,5.333
2025,SON,Isle of Man,0.289,3.000
2026,SON,Isle of Man,0.263,3.333
2027,SON,Isle of Man,0.467,6.333
2028,SON,Isle of Man,0.293,3.000
2029,SON,Isle of Man,0.537,7.000
2030,SON,Isle of Man,0.374,6.000
2031,SON,Isle of Man,0.363,4.667
2032,SON,Isle of Man,0.396,5.333
2033,SON,Isle of Man,0.359,5.000
2034,SON,Isle of Man,0.444,6.667
2035,SON,Isle of Man,0.333,8.333
2036,SON,Isle of Man,0.378,6.333
2037,SON,Isle of Man,0.378,3.667
2038,SON,Isle of Man,0.570,6.333
2039,SON,Isle of Man,0.407,5.000
2040,SON,Isle of Man,0.367,5.667
2041,SON,Isle of Man,0.452,4.667
2042,SON,Isle of Man,0.463,4.667
2043,SON,Isle of Man,0.293,3.667
2044,SON,Isle of Man,0.359,6.667
2045,SON,Isle of Man,0.341,4.000
2046,SON,Isle of Man,0.459,5.000
2047,SON,Isle of Man,0.326,4.000
2048,SON,Isle of Man,0.448,4.667
2049,SON,Isle of Man,0.444,4.000
2050,SON,Isle of Man,0.467,5.667
2051,SON,Isle of Man,0.274,6.000
2052,SON,Isle of Man,0.311,4.000
2053,SON,Isle of Man,0.452,7.333
2054,SON,Isle of Man,0.252,10.000
2055,SON,Isle of Man,0.363,7.000
2056,SON,Isle of Man,0.259,3.000
2057,SON,Isle of Man,0.404,5.000
2058,SON,Isle of Man,0.330,6.000
2059,SON,Isle of Man,0.407,5.000
2060,SON,Isle of Man,0.304,6.333
2061,SON,Isle of Man,0.463,15.333
2062,SON,Isle of Man,0.233,3.000
2063,SON,Isle of Man,0.274,4.333
2064,SON,Isle of Man,0.389,8.000
2065,SON,Isle of Man,0.304,4.667
2066,SON,Isle of Man,0.281,4.000
2067,SON,Isle of Man,0.285,4.000
2068,SON,Isle of Man,0.404,8.000
2069,SON,Isle of Man,0.367,7.000
2070,SON,Isle of Man,0.226,3.667
2071,SON,Isle of Man,0.411,8.667
2072,SON,Isle of Man,0.504,5.000
2073,SON,Isle of Man,0.448,9.000
2074,SON,Isle of Man,0.348,6.000
2075,SON,Isle of Man,0.281,4.000
2076,SON,Isle of Man,0.367,5.667
2077,SON,Isle of Man,0.259,4.000
2078,SON,Isle of Man,0.381,5.000
2079,SON,Isle of Man,0.274,3.000
2080,SON,Isle of Man,0.385,3.333
1981,SON,Northern Ireland,0.546,8.106
1982,SON,Northern Ireland,0.403,4.353
1983,SON,Northern Ireland,0.480,5.471
1984,SON,Northern Ireland,0.536,6.835
1985,SON,Northern Ireland,0.495,8.412
1986,SON,Northern Ireland,0.432,10.435
1987,SON,Northern Ireland,0.373,5.329
1988,SON,Northern Ireland,0.408,5.282
1989,SON,Northern Ireland,0.394,5.518
1990,SON,Northern Ireland,0.476,7.706
1991,SON,Northern Ireland,0.494,8.365
1992,SON,Northern Ireland,0.485,5.635
1993,SON,Northern Ireland,0.300,8.906
1994,SON,Northern Ireland,0.324,4.047
1995,SON,Northern Ireland,0.507,8.000
1996,SON,Northern Ireland,0.382,6.694
1997,SON,Northern Ireland,0.393,6.635
1998,SON,Northern Ireland,0.442,8.565
1999,SON,Northern Ireland,0.504,7.200
2000,SON,Northern Ireland,0.447,8.259
2001,SON,Northern Ireland,0.485,7.682
2002,SON,Northern Ireland,0.288,6.235
2003,SON,Northern Ireland,0.449,7.647
2004,SON,Northern Ireland,0.362,6.153
2005,SON,Northern Ireland,0.439,6.282
2006,SON,Northern Ireland,0.479,8.094
2007,SON,Northern Ireland,0.324,7.388
2008,SON,Northern Ireland,0.410,9.518
2009,SON,Northern Ireland,0.360,5.012
2010,SON,Northern Ireland,0.329,5.165
2011,SON,Northern Ireland,0.454,7.153
2012,SON,Northern Ireland,0.465,6.835
2013,SON,Northern Ireland,0.481,8.447
2014,SON,Northern Ireland,0.468,6.882
2015,SON,Northern Ireland,0.415,6.000
2016,SON,Northern Ireland,0.442,6.035
2017,SON,Northern Ireland,0.570,6.765
2018,SON,Northern Ireland,0.460,6.424
2019,SON,Northern Ireland,0.355,5.706
2020,SON,Northern Ireland,0.458,8.141
2021,SON,Northern Ireland,0.418,6.259
2022,SON,Northern Ireland,0.439,6.165
2023,SON,Northern Ireland,0.578,7.235
2024,SON,Northern Ireland,0.324,5.565
2025,SON,Northern Ireland,0.367,5.188
2026,SON,Northern Ireland,0.321,4.400
2027,SON,Northern Ireland,0.501,6.059
2028,SON,Northern Ireland,0.376,5.812
2029,SON,Northern Ireland,0.562,8.706
2030,SON,Northern Ireland,0.448,9.929
2031,SON,Northern Ireland,0.454,6.788
2032,SON,Northern Ireland,0.473,8.388
2033,SON,Northern Ireland,0.384,7.271
2034,SON,Northern Ireland,0.478,7.941
2035,SON,Northern Ireland,0.364,6.882
2036,SON,Northern Ireland,0.400,4.941
2037,SON,Northern Ireland,0.450,5.012
2038,SON,Northern Ireland,0.633,10.047
2039,SON,Northern Ireland,0.407,5.365
2040,SON,Northern Ireland,0.309,4.894
2041,SON,Northern Ireland,0.490,8.059
2042,SON,Northern Ireland,0.507,7.318
2043,SON,Northern Ireland,0.282,4.541
2044,SON,Northern Ireland,0.396,6.388
2045,SON,Northern Ireland,0.372,5.118
2046,SON,Northern Ireland,0.480,5.976
2047,SON,Northern Ireland,0.363,5.647
2048,SON,Northern Ireland,0.512,8.459
2049,SON,Northern Ireland,0.458,6.471
2050,SON,Northern Ireland,0.504,6.541
2051,SON,Northern Ireland,0.322,5.047
2052,SON,Northern Ireland,0.362,5.012
2053,SON,Northern Ireland,0.445,6.153
2054,SON,Northern Ireland,0.317,6.306
2055,SON,Northern Ireland,0.377,5.588
2056,SON,Northern Ireland,0.349,4.318
2057,SON,Northern Ireland,0.453,5.353
2058,SON,Northern Ireland,0.400,5.071
2059,SON,Northern Ireland,0.470,6.341
2060,SON,Northern Ireland,0.337,5.588
2061,SON,Northern Ireland,0.496,12.365
2062,SON,Northern Ireland,0.273,4.471
2063,SON,Northern Ireland,0.377,8.035
2064,SON,Northern Ireland,0.378,7.447
2065,SON,Northern Ireland,0.327,5.824
2066,SON,Northern Ireland,0.389,5.541
2067,SON,Northern Ireland,0.356,6.859
2068,SON,Northern Ireland,0.362,6.576
2069,SON,Northern Ireland,0.416,5.918
2070,SON,Northern Ireland,0.336,5.812
2071,SON,Northern Ireland,0.487,9.247
2072,SON,Northern Ireland,0.483,4.835
2073,SON,Northern Ireland,0.443,6.447
2074,SON,Northern Ireland,0.387,7.306
2075,SON,Northern Ireland,0.383,7.235
2076,SON,Northern Ireland,0.338,5.494
2077,SON,Northern Ireland,0.346,6.294
2078,SON,Northern Ireland,0.395,5.635
2079,SON,Northern Ireland,0.333,4.776
2080,SON,Northern Ireland,0.418,5.612
1981,SON,Wales,0.634,8.880
1982,SON,Wales,0.403,5.496
1983,SON,Wales,0.445,5.774
1984,SON,Wales,0.558,10.932
1985,SON,Wales,0.420,7.128
1986,SON,Wales,0.440,10.827
1987,SON,Wales,0.369,8.015
1988,SON,Wales,0.452,7.158
1989,SON,Wales,0.428,8.053
1990,SON,Wales,0.541,12.113
1991,SON,Wales,0.487,8.729
1992,SON,Wales,0.467,5.895
1993,SON,Wales,0.278,6.211
1994,SON,Wales,0.315,5.135
1995,SON,Wales,0.481,7.985
1996,SON,Wales,0.384,7.286
1997,SON,Wales,0.388,10.090
1998,SON,Wales,0.409,8.647
1999,SON,Wales,0.470,7.143
2000,SON,Wales,0.461,10.827
2001,SON,Wales,0.493,9.737
2002,SON,Wales,0.280,6.301
2003,SON,Wales,0.401,6.774
2004,SON,Wales,0.312,5.053
2005,SON,Wales,0.432,7.045
2006,SON,Wales,0.500,9.970
2007,SON,Wales,0.278,4.662
2008,SON,Wales,0.340,7.248
2009,SON,Wales,0.342,6.977
2010,SON,Wales,0.331,6.361
2011,SON,Wales,0.463,14.338
2012,SON,Wales,0.492,8.053
2013,SON,Wales,0.389,5.376
2014,SON,Wales,0.526,9.609
2015,SON,Wales,0.426,7.556
2016,SON,Wales,0.423,7.075
2017,SON,Wales,0.559,6.872
2018,SON,Wales,0.450,8.143
2019,SON,Wales,0.388,8.075
2020,SON,Wales,0.521,10.068
2021,SON,Wales,0.377,7.398
2022,SON,Wales,0.399,9.241
2023,SON,Wales,0.582,12.045
2024,SON,Wales,0.292,6.128
2025,SON,Wales,0.257,5.083
2026,SON,Wales,0.351,5.105
2027,SON,Wales,0.532,7.188
2028,SON,Wales,0.372,5.060
2029,SON,Wales,0.537,7.617
2030,SON,Wales,0.403,5.226
2031,SON,Wales,0.404,8.910
2032,SON,Wales,0.462,10.549
2033,SON,Wales,0.486,8.526
2034,SON,Wales,0.537,14.526
2035,SON,Wales,0.359,7.060
2036,SON,Wales,0.329,4.301
2037,SON,Wales,0.465,8.098
2038,SON,Wales,0.663,11.105
2039,SON,Wales,0.405,6.248
2040,SON,Wales,0.374,6.414
2041,SON,Wales,0.467,6.947
2042,SON,Wales,0.494,8.632
2043,SON,Wales,0.330,9.481
2044,SON,Wales,0.339,5.346
2045,SON,Wales,0.394,8.361
2046,SON,Wales,0.481,10.789
2047,SON,Wales,0.318,5.188
2048,SON,Wales,0.403,5.729
2049,SON,Wales,0.453,9.624
2050,SON,Wales,0.528,11.293
2051,SON,Wales,0.360,9.150
2052,SON,Wales,0.416,8.030
2053,SON,Wales,0.539,9.068
2054,SON,Wales,0.301,7.797
2055,SON,Wales,0.353,8.211
2056,SON,Wales,0.383,8.459
2057,SON,Wales,0.431,10.835
2058,SON,Wales,0.361,6.451
2059,SON,Wales,0.438,6.805
2060,SON,Wales,0.312,6.008
2061,SON,Wales,0.424,9.707
2062,SON,Wales,0.237,4.541
2063,SON,Wales,0.295,6.526
2064,SON,Wales,0.378,6.180
2065,SON,Wales,0.275,6.842
2066,SON,Wales,0.387,6.797
2067,SON,Wales,0.342,8.459
2068,SON,Wales,0.396,6.556
2069,SON,Wales,0.387,6.752
2070,SON,Wales,0.277,5.444
2071,SON,Wales,0.484,10.511
2072,SON,Wales,0.499,7.466
2073,SON,Wales,0.427,8.338
2074,SON,Wales,0.355,6.165
2075,SON,Wales,0.325,4.992
2076,SON,Wales,0.363,6.504
2077,SON,Wales,0.292,7.699
2078,SON,Wales,0.413,6.579
2079,SON,Wales,0.337,6.519
2080,SON,Wales,0.413,6.030
