Year,Season,Region,fwd,wsmax
1981,Annual,East Midlands,0.411,9.039
1982,Annual,East Midlands,0.359,7.922
1983,Annual,East Midlands,0.363,11.583
1984,Annual,East Midlands,0.342,8.961
1985,Annual,East Midlands,0.409,10.369
1986,Annual,East Midlands,0.383,7.184
1987,Annual,East Midlands,0.430,8.000
1988,Annual,East Midlands,0.481,9.262
1989,Annual,East Midlands,0.411,9.466
1990,Annual,East Midlands,0.374,8.447
1991,Annual,East Midlands,0.362,8.738
1992,Annual,East Midlands,0.384,7.835
1993,Annual,East Midlands,0.449,10.709
1994,Annual,East Midlands,0.382,9.408
1995,Annual,East Midlands,0.456,12.000
1996,Annual,East Midlands,0.355,7.417
1997,Annual,East Midlands,0.391,10.437
1998,Annual,East Midlands,0.412,9.107
1999,Annual,East Midlands,0.325,7.146
2000,Annual,East Midlands,0.339,8.330
2001,Annual,East Midlands,0.440,15.660
2002,Annual,East Midlands,0.420,12.971
2003,Annual,East Midlands,0.458,8.291
2004,Annual,East Midlands,0.429,14.845
2005,Annual,East Midlands,0.390,7.951
2006,Annual,East Midlands,0.363,11.796
2007,Annual,East Midlands,0.418,12.612
2008,Annual,East Midlands,0.428,10.379
2009,Annual,East Midlands,0.356,8.427
2010,Annual,East Midlands,0.379,8.767
2011,Annual,East Midlands,0.351,7.417
2012,Annual,East Midlands,0.376,8.184
2013,Annual,East Midlands,0.434,8.767
2014,Annual,East Midlands,0.379,7.621
2015,Annual,East Midlands,0.389,10.709
2016,Annual,East Midlands,0.394,8.592
2017,Annual,East Midlands,0.346,7.660
2018,Annual,East Midlands,0.369,10.107
2019,Annual,East Midlands,0.404,8.913
2020,Annual,East Midlands,0.444,9.660
2021,Annual,East Midlands,0.411,9.680
2022,Annual,East Midlands,0.372,10.883
2023,Annual,East Midlands,0.381,9.126
2024,Annual,East Midlands,0.352,9.660
2025,Annual,East Midlands,0.385,10.320
2026,Annual,East Midlands,0.339,6.233
2027,Annual,East Midlands,0.392,8.631
2028,Annual,East Midlands,0.369,6.447
2029,Annual,East Midlands,0.394,8.175
2030,Annual,East Midlands,0.375,9.214
2031,Annual,East Midlands,0.379,11.427
2032,Annual,East Midlands,0.358,8.010
2033,Annual,East Midlands,0.339,10.291
2034,Annual,East Midlands,0.446,10.845
2035,Annual,East Midlands,0.384,8.379
2036,Annual,East Midlands,0.302,6.563
2037,Annual,East Midlands,0.418,7.777
2038,Annual,East Midlands,0.386,9.883
2039,Annual,East Midlands,0.312,9.942
2040,Annual,East Midlands,0.390,10.456
2041,Annual,East Midlands,0.340,8.748
2042,Annual,East Midlands,0.463,9.495
2043,Annual,East Midlands,0.412,11.000
2044,Annual,East Midlands,0.390,9.621
2045,Annual,East Midlands,0.317,6.990
2046,Annual,East Midlands,0.380,5.825
2047,Annual,East Midlands,0.312,8.660
2048,Annual,East Midlands,0.301,9.204
2049,Annual,East Midlands,0.405,11.660
2050,Annual,East Midlands,0.346,9.680
2051,Annual,East Midlands,0.368,10.883
2052,Annual,East Midlands,0.376,9.903
2053,Annual,East Midlands,0.318,7.078
2054,Annual,East Midlands,0.363,10.476
2055,Annual,East Midlands,0.335,8.184
2056,Annual,East Midlands,0.363,10.447
2057,Annual,East Midlands,0.368,9.699
2058,Annual,East Midlands,0.326,13.097
2059,Annual,East Midlands,0.402,9.553
2060,Annual,East Midlands,0.349,7.311
2061,Annual,East Midlands,0.373,8.223
2062,Annual,East Midlands,0.351,9.709
2063,Annual,East Midlands,0.300,6.000
2064,Annual,East Midlands,0.375,8.951
2065,Annual,East Midlands,0.373,7.874
2066,Annual,East Midlands,0.354,7.223
2067,Annual,East Midlands,0.353,8.243
2068,Annual,East Midlands,0.322,6.194
2069,Annual,East Midlands,0.337,7.456
2070,Annual,East Midlands,0.377,9.078
2071,Annual,East Midlands,0.339,8.485
2072,Annual,East Midlands,0.288,6.340
2073,Annual,East Midlands,0.295,7.592
2074,Annual,East Midlands,0.351,7.650
2075,Annual,East Midlands,0.328,8.107
2076,Annual,East Midlands,0.330,7.019
2077,Annual,East Midlands,0.311,9.417
2078,Annual,East Midlands,0.287,8.155
2079,Annual,East Midlands,0.296,6.796
2080,Annual,East Midlands,0.360,9.427
1981,Annual,East of England,0.388,7.512
1982,Annual,East of England,0.336,7.921
1983,Annual,East of England,0.376,11.118
1984,Annual,East of England,0.293,8.598
1985,Annual,East of England,0.404,9.890
1986,Annual,East of England,0.371,7.110
1987,Annual,East of England,0.395,7.055
1988,Annual,East of England,0.460,7.433
1989,Annual,East of England,0.358,8.740
1990,Annual,East of England,0.338,7.976
1991,Annual,East of England,0.337,8.283
1992,Annual,East of England,0.372,8.528
1993,Annual,East of England,0.443,9.992
1994,Annual,East of England,0.383,8.591
1995,Annual,East of England,0.413,9.386
1996,Annual,East of England,0.344,7.291
1997,Annual,East of England,0.365,8.661
1998,Annual,East of England,0.371,7.472
1999,Annual,East of England,0.283,7.457
2000,Annual,East of England,0.319,6.724
2001,Annual,East of England,0.430,11.882
2002,Annual,East of England,0.391,9.031
2003,Annual,East of England,0.437,9.016
2004,Annual,East of England,0.418,12.339
2005,Annual,East of England,0.379,7.299
2006,Annual,East of England,0.338,8.291
2007,Annual,East of England,0.418,11.055
2008,Annual,East of England,0.422,10.260
2009,Annual,East of England,0.365,8.047
2010,Annual,East of England,0.343,6.898
2011,Annual,East of England,0.303,5.945
2012,Annual,East of England,0.343,7.717
2013,Annual,East of England,0.367,8.945
2014,Annual,East of England,0.356,7.827
2015,Annual,East of England,0.387,11.638
2016,Annual,East of England,0.391,9.173
2017,Annual,East of England,0.323,6.843
2018,Annual,East of England,0.349,10.724
2019,Annual,East of England,0.370,7.559
2020,Annual,East of England,0.442,11.906
2021,Annual,East of England,0.404,8.764
2022,Annual,East of England,0.361,11.630
2023,Annual,East of England,0.363,8.205
2024,Annual,East of England,0.340,8.488
2025,Annual,East of England,0.350,10.220
2026,Annual,East of England,0.324,8.835
2027,Annual,East of England,0.367,7.433
2028,Annual,East of England,0.344,6.055
2029,Annual,East of England,0.356,8.173
2030,Annual,East of England,0.326,7.654
2031,Annual,East of England,0.340,9.291
2032,Annual,East of England,0.331,7.890
2033,Annual,East of England,0.322,9.362
2034,Annual,East of England,0.435,9.780
2035,Annual,East of England,0.359,7.669
2036,Annual,East of England,0.282,5.063
2037,Annual,East of England,0.409,7.598
2038,Annual,East of England,0.380,9.354
2039,Annual,East of England,0.299,8.134
2040,Annual,East of England,0.352,7.717
2041,Annual,East of England,0.326,8.063
2042,Annual,East of England,0.448,8.575
2043,Annual,East of England,0.391,10.047
2044,Annual,East of England,0.353,8.528
2045,Annual,East of England,0.298,5.677
2046,Annual,East of England,0.372,5.307
2047,Annual,East of England,0.312,10.354
2048,Annual,East of England,0.279,10.071
2049,Annual,East of England,0.374,8.102
2050,Annual,East of England,0.327,8.835
2051,Annual,East of England,0.361,10.551
2052,Annual,East of England,0.353,7.512
2053,Annual,East of England,0.302,6.512
2054,Annual,East of England,0.348,10.071
2055,Annual,East of England,0.318,8.937
2056,Annual,East of England,0.361,8.260
2057,Annual,East of England,0.334,6.740
2058,Annual,East of England,0.317,13.031
2059,Annual,East of England,0.381,8.165
2060,Annual,East of England,0.335,7.142
2061,Annual,East of England,0.327,7.575
2062,Annual,East of England,0.342,11.709
2063,Annual,East of England,0.283,5.756
2064,Annual,East of England,0.355,9.000
2065,Annual,East of England,0.373,7.984
2066,Annual,East of England,0.329,6.417
2067,Annual,East of England,0.329,7.220
2068,Annual,East of England,0.326,6.047
2069,Annual,East of England,0.329,7.780
2070,Annual,East of England,0.341,7.874
2071,Annual,East of England,0.316,9.370
2072,Annual,East of England,0.278,6.039
2073,Annual,East of England,0.288,6.520
2074,Annual,East of England,0.319,5.850
2075,Annual,East of England,0.306,7.441
2076,Annual,East of England,0.309,6.283
2077,Annual,East of England,0.283,8.559
2078,Annual,East of England,0.273,7.496
2079,Annual,East of England,0.283,6.630
2080,Annual,East of England,0.334,10.102
1981,Annual,East Scotland,0.550,14.537
1982,Annual,East Scotland,0.451,13.456
1983,Annual,East Scotland,0.448,12.775
1984,Annual,East Scotland,0.475,15.675
1985,Annual,East Scotland,0.496,15.012
1986,Annual,East Scotland,0.492,11.125
1987,Annual,East Scotland,0.517,13.175
1988,Annual,East Scotland,0.547,12.356
1989,Annual,East Scotland,0.490,13.194
1990,Annual,East Scotland,0.495,12.219
1991,Annual,East Scotland,0.506,14.331
1992,Annual,East Scotland,0.513,15.919
1993,Annual,East Scotland,0.585,19.769
1994,Annual,East Scotland,0.473,11.500
1995,Annual,East Scotland,0.524,14.025
1996,Annual,East Scotland,0.474,10.588
1997,Annual,East Scotland,0.497,10.850
1998,Annual,East Scotland,0.575,18.212
1999,Annual,East Scotland,0.465,16.663
2000,Annual,East Scotland,0.503,13.963
2001,Annual,East Scotland,0.506,14.025
2002,Annual,East Scotland,0.503,15.156
2003,Annual,East Scotland,0.511,14.475
2004,Annual,East Scotland,0.507,18.637
2005,Annual,East Scotland,0.502,15.106
2006,Annual,East Scotland,0.464,15.137
2007,Annual,East Scotland,0.505,15.600
2008,Annual,East Scotland,0.539,14.750
2009,Annual,East Scotland,0.502,13.738
2010,Annual,East Scotland,0.482,12.781
2011,Annual,East Scotland,0.508,13.231
2012,Annual,East Scotland,0.492,10.488
2013,Annual,East Scotland,0.526,14.287
2014,Annual,East Scotland,0.472,13.369
2015,Annual,East Scotland,0.485,12.456
2016,Annual,East Scotland,0.494,12.094
2017,Annual,East Scotland,0.482,14.637
2018,Annual,East Scotland,0.481,14.550
2019,Annual,East Scotland,0.490,11.412
2020,Annual,East Scotland,0.556,12.806
2021,Annual,East Scotland,0.538,14.469
2022,Annual,East Scotland,0.507,18.775
2023,Annual,East Scotland,0.496,12.200
2024,Annual,East Scotland,0.500,13.750
2025,Annual,East Scotland,0.472,12.781
2026,Annual,East Scotland,0.482,11.100
2027,Annual,East Scotland,0.505,15.106
2028,Annual,East Scotland,0.509,13.994
2029,Annual,East Scotland,0.511,15.037
2030,Annual,East Scotland,0.521,15.425
2031,Annual,East Scotland,0.523,13.750
2032,Annual,East Scotland,0.466,12.081
2033,Annual,East Scotland,0.463,12.250
2034,Annual,East Scotland,0.554,14.738
2035,Annual,East Scotland,0.468,10.675
2036,Annual,East Scotland,0.473,9.863
2037,Annual,East Scotland,0.466,12.369
2038,Annual,East Scotland,0.464,10.856
2039,Annual,East Scotland,0.437,10.775
2040,Annual,East Scotland,0.479,12.056
2041,Annual,East Scotland,0.465,13.838
2042,Annual,East Scotland,0.538,13.613
2043,Annual,East Scotland,0.506,13.281
2044,Annual,East Scotland,0.522,13.863
2045,Annual,East Scotland,0.443,11.100
2046,Annual,East Scotland,0.542,13.494
2047,Annual,East Scotland,0.464,14.262
2048,Annual,East Scotland,0.425,11.650
2049,Annual,East Scotland,0.545,17.631
2050,Annual,East Scotland,0.455,11.119
2051,Annual,East Scotland,0.481,12.344
2052,Annual,East Scotland,0.469,10.438
2053,Annual,East Scotland,0.501,12.381
2054,Annual,East Scotland,0.462,12.463
2055,Annual,East Scotland,0.478,15.006
2056,Annual,East Scotland,0.477,15.613
2057,Annual,East Scotland,0.511,16.194
2058,Annual,East Scotland,0.425,11.381
2059,Annual,East Scotland,0.474,13.681
2060,Annual,East Scotland,0.467,13.556
2061,Annual,East Scotland,0.501,12.750
2062,Annual,East Scotland,0.439,12.044
2063,Annual,East Scotland,0.397,9.850
2064,Annual,East Scotland,0.512,11.963
2065,Annual,East Scotland,0.440,12.294
2066,Annual,East Scotland,0.452,9.713
2067,Annual,East Scotland,0.477,11.606
2068,Annual,East Scotland,0.418,12.650
2069,Annual,East Scotland,0.510,12.356
2070,Annual,East Scotland,0.475,15.363
2071,Annual,East Scotland,0.462,17.106
2072,Annual,East Scotland,0.386,9.294
2073,Annual,East Scotland,0.418,12.075
2074,Annual,East Scotland,0.482,17.000
2075,Annual,East Scotland,0.487,13.169
2076,Annual,East Scotland,0.460,12.031
2077,Annual,East Scotland,0.435,12.088
2078,Annual,East Scotland,0.449,11.812
2079,Annual,East Scotland,0.444,14.644
2080,Annual,East Scotland,0.470,8.981
1981,Annual,London,0.379,7.667
1982,Annual,London,0.366,9.583
1983,Annual,London,0.365,10.333
1984,Annual,London,0.302,9.500
1985,Annual,London,0.388,11.250
1986,Annual,London,0.369,6.167
1987,Annual,London,0.420,8.417
1988,Annual,London,0.494,9.000
1989,Annual,London,0.390,9.250
1990,Annual,London,0.356,8.583
1991,Annual,London,0.325,8.083
1992,Annual,London,0.380,10.000
1993,Annual,London,0.471,9.250
1994,Annual,London,0.380,7.750
1995,Annual,London,0.422,9.667
1996,Annual,London,0.356,8.667
1997,Annual,London,0.366,10.750
1998,Annual,London,0.387,8.583
1999,Annual,London,0.319,7.667
2000,Annual,London,0.348,8.417
2001,Annual,London,0.439,15.500
2002,Annual,London,0.400,10.500
2003,Annual,London,0.444,8.917
2004,Annual,London,0.402,15.000
2005,Annual,London,0.371,6.917
2006,Annual,London,0.347,8.417
2007,Annual,London,0.400,12.250
2008,Annual,London,0.404,10.167
2009,Annual,London,0.395,9.667
2010,Annual,London,0.351,8.250
2011,Annual,London,0.319,6.583
2012,Annual,London,0.376,7.333
2013,Annual,London,0.381,7.667
2014,Annual,London,0.364,8.667
2015,Annual,London,0.396,11.833
2016,Annual,London,0.416,12.333
2017,Annual,London,0.341,7.167
2018,Annual,London,0.349,17.667
2019,Annual,London,0.369,8.417
2020,Annual,London,0.436,12.750
2021,Annual,London,0.391,11.500
2022,Annual,London,0.370,13.333
2023,Annual,London,0.375,9.833
2024,Annual,London,0.338,7.833
2025,Annual,London,0.361,9.500
2026,Annual,London,0.333,7.667
2027,Annual,London,0.389,10.500
2028,Annual,London,0.363,5.917
2029,Annual,London,0.370,6.500
2030,Annual,London,0.309,7.500
2031,Annual,London,0.346,9.417
2032,Annual,London,0.331,7.667
2033,Annual,London,0.316,8.250
2034,Annual,London,0.427,10.583
2035,Annual,London,0.364,8.500
2036,Annual,London,0.311,5.833
2037,Annual,London,0.403,7.500
2038,Annual,London,0.409,9.917
2039,Annual,London,0.331,8.583
2040,Annual,London,0.356,7.583
2041,Annual,London,0.321,6.833
2042,Annual,London,0.464,8.417
2043,Annual,London,0.435,12.500
2044,Annual,London,0.380,8.167
2045,Annual,London,0.324,6.750
2046,Annual,London,0.371,6.250
2047,Annual,London,0.301,13.000
2048,Annual,London,0.280,11.750
2049,Annual,London,0.369,9.333
2050,Annual,London,0.333,8.167
2051,Annual,London,0.373,9.000
2052,Annual,London,0.343,8.167
2053,Annual,London,0.297,6.500
2054,Annual,London,0.363,12.167
2055,Annual,London,0.330,9.583
2056,Annual,London,0.360,10.417
2057,Annual,London,0.342,8.083
2058,Annual,London,0.331,11.583
2059,Annual,London,0.401,9.833
2060,Annual,London,0.337,7.000
2061,Annual,London,0.312,7.167
2062,Annual,London,0.356,11.083
2063,Annual,London,0.303,6.167
2064,Annual,London,0.335,9.750
2065,Annual,London,0.361,10.667
2066,Annual,London,0.322,5.833
2067,Annual,London,0.325,7.250
2068,Annual,London,0.349,7.167
2069,Annual,London,0.322,7.583
2070,Annual,London,0.343,9.083
2071,Annual,London,0.345,8.917
2072,Annual,London,0.284,5.917
2073,Annual,London,0.311,7.000
2074,Annual,London,0.333,7.417
2075,Annual,London,0.288,8.167
2076,Annual,London,0.329,7.083
2077,Annual,London,0.306,12.000
2078,Annual,London,0.269,6.167
2079,Annual,London,0.282,7.167
2080,Annual,London,0.311,8.833
1981,Annual,North East England,0.522,17.175
1982,Annual,North East England,0.437,13.667
1983,Annual,North East England,0.414,8.737
1984,Annual,North East England,0.421,10.228
1985,Annual,North East England,0.479,13.333
1986,Annual,North East England,0.451,10.158
1987,Annual,North East England,0.490,11.000
1988,Annual,North East England,0.539,12.632
1989,Annual,North East England,0.459,9.175
1990,Annual,North East England,0.417,9.404
1991,Annual,North East England,0.457,11.228
1992,Annual,North East England,0.458,12.211
1993,Annual,North East England,0.530,12.281
1994,Annual,North East England,0.429,12.263
1995,Annual,North East England,0.469,9.035
1996,Annual,North East England,0.424,11.421
1997,Annual,North East England,0.460,9.368
1998,Annual,North East England,0.503,11.807
1999,Annual,North East England,0.393,10.193
2000,Annual,North East England,0.436,10.509
2001,Annual,North East England,0.461,10.947
2002,Annual,North East England,0.477,13.579
2003,Annual,North East England,0.500,12.509
2004,Annual,North East England,0.457,13.965
2005,Annual,North East England,0.469,10.404
2006,Annual,North East England,0.424,12.439
2007,Annual,North East England,0.466,12.544
2008,Annual,North East England,0.481,11.158
2009,Annual,North East England,0.442,11.737
2010,Annual,North East England,0.439,9.860
2011,Annual,North East England,0.430,11.754
2012,Annual,North East England,0.462,9.193
2013,Annual,North East England,0.485,13.000
2014,Annual,North East England,0.434,10.526
2015,Annual,North East England,0.448,8.035
2016,Annual,North East England,0.455,11.877
2017,Annual,North East England,0.433,11.825
2018,Annual,North East England,0.442,11.333
2019,Annual,North East England,0.456,10.123
2020,Annual,North East England,0.521,11.596
2021,Annual,North East England,0.496,13.807
2022,Annual,North East England,0.458,13.263
2023,Annual,North East England,0.477,11.719
2024,Annual,North East England,0.415,10.088
2025,Annual,North East England,0.435,11.930
2026,Annual,North East England,0.409,10.263
2027,Annual,North East England,0.478,11.368
2028,Annual,North East England,0.456,10.649
2029,Annual,North East England,0.460,9.807
2030,Annual,North East England,0.468,13.088
2031,Annual,North East England,0.452,11.298
2032,Annual,North East England,0.398,9.140
2033,Annual,North East England,0.396,11.439
2034,Annual,North East England,0.515,11.579
2035,Annual,North East England,0.466,9.456
2036,Annual,North East England,0.397,8.298
2037,Annual,North East England,0.442,9.789
2038,Annual,North East England,0.404,9.877
2039,Annual,North East England,0.359,9.439
2040,Annual,North East England,0.451,8.263
2041,Annual,North East England,0.421,10.877
2042,Annual,North East England,0.494,9.719
2043,Annual,North East England,0.466,12.404
2044,Annual,North East England,0.463,9.684
2045,Annual,North East England,0.393,9.000
2046,Annual,North East England,0.470,9.667
2047,Annual,North East England,0.408,9.912
2048,Annual,North East England,0.368,9.912
2049,Annual,North East England,0.491,14.298
2050,Annual,North East England,0.419,10.298
2051,Annual,North East England,0.428,9.368
2052,Annual,North East England,0.446,11.895
2053,Annual,North East England,0.434,10.386
2054,Annual,North East England,0.435,11.018
2055,Annual,North East England,0.410,12.123
2056,Annual,North East England,0.408,14.825
2057,Annual,North East England,0.450,12.298
2058,Annual,North East England,0.377,9.175
2059,Annual,North East England,0.419,10.035
2060,Annual,North East England,0.400,8.421
2061,Annual,North East England,0.432,10.368
2062,Annual,North East England,0.400,8.860
2063,Annual,North East England,0.353,6.895
2064,Annual,North East England,0.463,11.754
2065,Annual,North East England,0.408,10.211
2066,Annual,North East England,0.412,10.316
2067,Annual,North East England,0.421,9.088
2068,Annual,North East England,0.351,9.754
2069,Annual,North East England,0.438,9.719
2070,Annual,North East England,0.431,11.614
2071,Annual,North East England,0.407,11.912
2072,Annual,North East England,0.335,7.123
2073,Annual,North East England,0.360,9.246
2074,Annual,North East England,0.421,9.561
2075,Annual,North East England,0.415,11.596
2076,Annual,North East England,0.420,11.158
2077,Annual,North East England,0.381,10.947
2078,Annual,North East England,0.376,8.614
2079,Annual,North East England,0.373,10.579
2080,Annual,North East England,0.441,8.860
1981,Annual,North Scotland,0.639,19.736
1982,Annual,North Scotland,0.564,17.774
1983,Annual,North Scotland,0.586,19.179
1984,Annual,North Scotland,0.526,17.788
1985,Annual,North Scotland,0.545,17.033
1986,Annual,North Scotland,0.597,18.830
1987,Annual,North Scotland,0.599,20.292
1988,Annual,North Scotland,0.628,16.193
1989,Annual,North Scotland,0.615,18.325
1990,Annual,North Scotland,0.566,14.420
1991,Annual,North Scotland,0.642,20.656
1992,Annual,North Scotland,0.605,17.292
1993,Annual,North Scotland,0.673,27.759
1994,Annual,North Scotland,0.573,16.882
1995,Annual,North Scotland,0.596,19.269
1996,Annual,North Scotland,0.582,17.943
1997,Annual,North Scotland,0.669,19.005
1998,Annual,North Scotland,0.660,20.259
1999,Annual,North Scotland,0.571,25.533
2000,Annual,North Scotland,0.603,21.264
2001,Annual,North Scotland,0.618,19.156
2002,Annual,North Scotland,0.539,21.467
2003,Annual,North Scotland,0.552,18.962
2004,Annual,North Scotland,0.635,25.325
2005,Annual,North Scotland,0.611,22.660
2006,Annual,North Scotland,0.575,18.198
2007,Annual,North Scotland,0.635,22.599
2008,Annual,North Scotland,0.599,17.877
2009,Annual,North Scotland,0.595,20.882
2010,Annual,North Scotland,0.587,17.972
2011,Annual,North Scotland,0.615,16.542
2012,Annual,North Scotland,0.575,14.250
2013,Annual,North Scotland,0.606,16.519
2014,Annual,North Scotland,0.579,19.575
2015,Annual,North Scotland,0.581,20.439
2016,Annual,North Scotland,0.590,17.533
2017,Annual,North Scotland,0.600,21.307
2018,Annual,North Scotland,0.612,25.321
2019,Annual,North Scotland,0.574,14.769
2020,Annual,North Scotland,0.610,18.344
2021,Annual,North Scotland,0.681,22.042
2022,Annual,North Scotland,0.601,24.642
2023,Annual,North Scotland,0.600,16.816
2024,Annual,North Scotland,0.657,25.066
2025,Annual,North Scotland,0.576,21.321
2026,Annual,North Scotland,0.609,17.745
2027,Annual,North Scotland,0.599,19.788
2028,Annual,North Scotland,0.634,17.675
2029,Annual,North Scotland,0.610,17.906
2030,Annual,North Scotland,0.656,23.415
2031,Annual,North Scotland,0.584,17.292
2032,Annual,North Scotland,0.604,14.443
2033,Annual,North Scotland,0.571,18.066
2034,Annual,North Scotland,0.619,19.731
2035,Annual,North Scotland,0.604,17.038
2036,Annual,North Scotland,0.601,16.462
2037,Annual,North Scotland,0.564,17.557
2038,Annual,North Scotland,0.577,16.061
2039,Annual,North Scotland,0.514,14.604
2040,Annual,North Scotland,0.611,19.146
2041,Annual,North Scotland,0.569,18.939
2042,Annual,North Scotland,0.664,21.708
2043,Annual,North Scotland,0.556,18.755
2044,Annual,North Scotland,0.663,20.646
2045,Annual,North Scotland,0.548,17.283
2046,Annual,North Scotland,0.656,19.099
2047,Annual,North Scotland,0.603,18.368
2048,Annual,North Scotland,0.554,17.958
2049,Annual,North Scotland,0.631,18.316
2050,Annual,North Scotland,0.579,18.425
2051,Annual,North Scotland,0.615,18.071
2052,Annual,North Scotland,0.583,21.198
2053,Annual,North Scotland,0.641,17.783
2054,Annual,North Scotland,0.577,17.660
2055,Annual,North Scotland,0.587,18.085
2056,Annual,North Scotland,0.595,19.726
2057,Annual,North Scotland,0.658,24.877
2058,Annual,North Scotland,0.588,16.028
2059,Annual,North Scotland,0.599,16.925
2060,Annual,North Scotland,0.598,18.825
2061,Annual,North Scotland,0.634,17.802
2062,Annual,North Scotland,0.571,19.774
2063,Annual,North Scotland,0.506,16.038
2064,Annual,North Scotland,0.654,18.505
2065,Annual,North Scotland,0.590,18.774
2066,Annual,North Scotland,0.586,16.283
2067,Annual,North Scotland,0.658,20.094
2068,Annual,North Scotland,0.615,23.292
2069,Annual,North Scotland,0.640,23.712
2070,Annual,North Scotland,0.577,18.481
2071,Annual,North Scotland,0.543,17.708
2072,Annual,North Scotland,0.517,14.118
2073,Annual,North Scotland,0.604,21.542
2074,Annual,North Scotland,0.619,21.939
2075,Annual,North Scotland,0.611,17.807
2076,Annual,North Scotland,0.590,18.208
2077,Annual,North Scotland,0.573,18.750
2078,Annual,North Scotland,0.623,21.142
2079,Annual,North Scotland,0.603,24.335
2080,Annual,North Scotland,0.649,16.165
1981,Annual,North West England,0.533,17.215
1982,Annual,North West England,0.455,11.290
1983,Annual,North West England,0.486,15.516
1984,Annual,North West England,0.461,13.505
1985,Annual,North West England,0.474,13.452
1986,Annual,North West England,0.512,12.398
1987,Annual,North West England,0.564,16.161
1988,Annual,North West England,0.609,17.785
1989,Annual,North West England,0.548,15.054
1990,Annual,North West England,0.501,13.989
1991,Annual,North West England,0.528,14.946
1992,Annual,North West England,0.512,18.312
1993,Annual,North West England,0.626,18.688
1994,Annual,North West England,0.464,11.054
1995,Annual,North West England,0.587,17.129
1996,Annual,North West England,0.499,16.022
1997,Annual,North West England,0.562,15.882
1998,Annual,North West England,0.609,16.022
1999,Annual,North West England,0.485,16.312
2000,Annual,North West England,0.513,18.806
2001,Annual,North West England,0.540,16.118
2002,Annual,North West England,0.526,14.140
2003,Annual,North West England,0.548,17.785
2004,Annual,North West England,0.548,24.570
2005,Annual,North West England,0.532,15.882
2006,Annual,North West England,0.494,25.634
2007,Annual,North West England,0.569,25.624
2008,Annual,North West England,0.538,12.688
2009,Annual,North West England,0.510,14.667
2010,Annual,North West England,0.519,18.785
2011,Annual,North West England,0.500,12.355
2012,Annual,North West England,0.508,13.344
2013,Annual,North West England,0.553,15.989
2014,Annual,North West England,0.459,13.720
2015,Annual,North West England,0.508,19.710
2016,Annual,North West England,0.500,15.516
2017,Annual,North West England,0.488,19.054
2018,Annual,North West England,0.505,15.613
2019,Annual,North West England,0.508,11.688
2020,Annual,North West England,0.593,14.882
2021,Annual,North West England,0.584,20.237
2022,Annual,North West England,0.517,24.355
2023,Annual,North West England,0.505,11.645
2024,Annual,North West England,0.554,19.247
2025,Annual,North West England,0.503,18.505
2026,Annual,North West England,0.469,14.774
2027,Annual,North West England,0.510,19.032
2028,Annual,North West England,0.544,14.430
2029,Annual,North West England,0.564,13.387
2030,Annual,North West England,0.560,20.043
2031,Annual,North West England,0.507,16.280
2032,Annual,North West England,0.496,13.559
2033,Annual,North West England,0.454,13.387
2034,Annual,North West England,0.568,16.075
2035,Annual,North West England,0.515,12.462
2036,Annual,North West England,0.464,10.849
2037,Annual,North West England,0.525,15.269
2038,Annual,North West England,0.502,13.484
2039,Annual,North West England,0.454,13.677
2040,Annual,North West England,0.562,15.796
2041,Annual,North West England,0.452,15.118
2042,Annual,North West England,0.617,16.333
2043,Annual,North West England,0.524,15.000
2044,Annual,North West England,0.574,20.839
2045,Annual,North West England,0.461,18.086
2046,Annual,North West England,0.578,14.398
2047,Annual,North West England,0.481,11.269
2048,Annual,North West England,0.431,14.624
2049,Annual,North West England,0.572,21.215
2050,Annual,North West England,0.500,14.882
2051,Annual,North West England,0.496,12.828
2052,Annual,North West England,0.507,14.065
2053,Annual,North West England,0.516,13.516
2054,Annual,North West England,0.491,19.935
2055,Annual,North West England,0.453,16.892
2056,Annual,North West England,0.477,17.323
2057,Annual,North West England,0.569,25.527
2058,Annual,North West England,0.450,13.925
2059,Annual,North West England,0.494,14.849
2060,Annual,North West England,0.499,18.333
2061,Annual,North West England,0.514,14.065
2062,Annual,North West England,0.486,12.839
2063,Annual,North West England,0.417,11.624
2064,Annual,North West England,0.547,12.785
2065,Annual,North West England,0.521,16.570
2066,Annual,North West England,0.512,13.366
2067,Annual,North West England,0.550,19.656
2068,Annual,North West England,0.489,17.516
2069,Annual,North West England,0.533,16.677
2070,Annual,North West England,0.508,21.172
2071,Annual,North West England,0.464,22.484
2072,Annual,North West England,0.435,11.677
2073,Annual,North West England,0.458,20.355
2074,Annual,North West England,0.517,15.376
2075,Annual,North West England,0.486,17.645
2076,Annual,North West England,0.487,13.613
2077,Annual,North West England,0.482,17.796
2078,Annual,North West England,0.462,15.290
2079,Annual,North West England,0.463,17.366
2080,Annual,North West England,0.537,13.538
1981,Annual,South East England,0.363,7.407
1982,Annual,South East England,0.343,8.466
1983,Annual,South East England,0.342,9.237
1984,Annual,South East England,0.316,9.907
1985,Annual,South East England,0.377,13.780
1986,Annual,South East England,0.362,7.500
1987,Annual,South East England,0.410,7.754
1988,Annual,South East England,0.492,9.475
1989,Annual,South East England,0.375,9.737
1990,Annual,South East England,0.366,9.847
1991,Annual,South East England,0.322,7.068
1992,Annual,South East England,0.371,9.398
1993,Annual,South East England,0.468,9.907
1994,Annual,South East England,0.363,7.356
1995,Annual,South East England,0.430,10.305
1996,Annual,South East England,0.344,8.432
1997,Annual,South East England,0.348,8.280
1998,Annual,South East England,0.387,8.678
1999,Annual,South East England,0.318,8.288
2000,Annual,South East England,0.340,8.661
2001,Annual,South East England,0.428,19.983
2002,Annual,South East England,0.408,11.992
2003,Annual,South East England,0.437,8.661
2004,Annual,South East England,0.394,17.161
2005,Annual,South East England,0.380,7.229
2006,Annual,South East England,0.350,9.297
2007,Annual,South East England,0.401,14.534
2008,Annual,South East England,0.403,11.568
2009,Annual,South East England,0.375,9.814
2010,Annual,South East England,0.355,9.339
2011,Annual,South East England,0.311,7.051
2012,Annual,South East England,0.361,6.695
2013,Annual,South East England,0.385,8.407
2014,Annual,South East England,0.349,8.754
2015,Annual,South East England,0.376,11.415
2016,Annual,South East England,0.389,14.186
2017,Annual,South East England,0.346,9.280
2018,Annual,South East England,0.340,15.839
2019,Annual,South East England,0.355,7.763
2020,Annual,South East England,0.417,11.864
2021,Annual,South East England,0.369,10.212
2022,Annual,South East England,0.362,10.983
2023,Annual,South East England,0.361,10.059
2024,Annual,South East England,0.332,9.237
2025,Annual,South East England,0.343,10.229
2026,Annual,South East England,0.333,9.831
2027,Annual,South East England,0.369,9.907
2028,Annual,South East England,0.353,6.559
2029,Annual,South East England,0.362,7.458
2030,Annual,South East England,0.328,8.839
2031,Annual,South East England,0.339,10.305
2032,Annual,South East England,0.337,7.619
2033,Annual,South East England,0.304,8.373
2034,Annual,South East England,0.412,10.364
2035,Annual,South East England,0.352,7.373
2036,Annual,South East England,0.285,6.585
2037,Annual,South East England,0.401,8.042
2038,Annual,South East England,0.383,8.678
2039,Annual,South East England,0.310,9.492
2040,Annual,South East England,0.337,9.924
2041,Annual,South East England,0.310,7.949
2042,Annual,South East England,0.443,8.712
2043,Annual,South East England,0.413,12.958
2044,Annual,South East England,0.369,10.271
2045,Annual,South East England,0.315,7.432
2046,Annual,South East England,0.360,9.475
2047,Annual,South East England,0.283,13.297
2048,Annual,South East England,0.266,10.771
2049,Annual,South East England,0.383,10.754
2050,Annual,South East England,0.337,8.966
2051,Annual,South East England,0.366,9.890
2052,Annual,South East England,0.337,8.254
2053,Annual,South East England,0.268,5.746
2054,Annual,South East England,0.350,10.076
2055,Annual,South East England,0.306,9.305
2056,Annual,South East England,0.328,8.297
2057,Annual,South East England,0.337,9.941
2058,Annual,South East England,0.306,13.669
2059,Annual,South East England,0.398,9.814
2060,Annual,South East England,0.340,9.746
2061,Annual,South East England,0.313,6.661
2062,Annual,South East England,0.339,8.644
2063,Annual,South East England,0.287,7.203
2064,Annual,South East England,0.332,11.347
2065,Annual,South East England,0.345,10.941
2066,Annual,South East England,0.309,5.949
2067,Annual,South East England,0.320,7.390
2068,Annual,South East England,0.330,7.898
2069,Annual,South East England,0.329,8.678
2070,Annual,South East England,0.334,10.331
2071,Annual,South East England,0.334,8.305
2072,Annual,South East England,0.277,5.788
2073,Annual,South East England,0.298,6.958
2074,Annual,South East England,0.320,6.780
2075,Annual,South East England,0.293,7.356
2076,Annual,South East England,0.310,7.559
2077,Annual,South East England,0.300,9.720
2078,Annual,South East England,0.254,7.339
2079,Annual,South East England,0.276,7.263
2080,Annual,South East England,0.286,7.364
1981,Annual,South West England,0.397,10.513
1982,Annual,South West England,0.342,9.718
1983,Annual,South West England,0.365,12.186
1984,Annual,South West England,0.372,9.090
1985,Annual,South West England,0.414,13.776
1986,Annual,South West England,0.401,9.417
1987,Annual,South West England,0.446,9.865
1988,Annual,South West England,0.531,11.654
1989,Annual,South West England,0.428,10.481
1990,Annual,South West England,0.428,13.654
1991,Annual,South West England,0.374,10.917
1992,Annual,South West England,0.389,9.974
1993,Annual,South West England,0.518,11.987
1994,Annual,South West England,0.383,10.103
1995,Annual,South West England,0.477,11.853
1996,Annual,South West England,0.386,12.071
1997,Annual,South West England,0.387,11.487
1998,Annual,South West England,0.475,11.045
1999,Annual,South West England,0.362,8.192
2000,Annual,South West England,0.381,10.218
2001,Annual,South West England,0.468,21.795
2002,Annual,South West England,0.458,16.096
2003,Annual,South West England,0.486,11.372
2004,Annual,South West England,0.444,18.981
2005,Annual,South West England,0.413,9.135
2006,Annual,South West England,0.403,11.417
2007,Annual,South West England,0.435,15.744
2008,Annual,South West England,0.434,15.058
2009,Annual,South West England,0.431,12.115
2010,Annual,South West England,0.428,13.231
2011,Annual,South West England,0.369,8.814
2012,Annual,South West England,0.397,9.276
2013,Annual,South West England,0.435,9.910
2014,Annual,South West England,0.366,9.603
2015,Annual,South West England,0.402,11.705
2016,Annual,South West England,0.421,12.718
2017,Annual,South West England,0.386,10.987
2018,Annual,South West England,0.383,14.513
2019,Annual,South West England,0.411,11.058
2020,Annual,South West England,0.448,13.244
2021,Annual,South West England,0.413,10.763
2022,Annual,South West England,0.398,10.615
2023,Annual,South West England,0.389,9.577
2024,Annual,South West England,0.383,12.590
2025,Annual,South West England,0.403,10.333
2026,Annual,South West England,0.366,10.865
2027,Annual,South West England,0.382,11.609
2028,Annual,South West England,0.432,8.782
2029,Annual,South West England,0.407,7.885
2030,Annual,South West England,0.399,11.442
2031,Annual,South West England,0.374,10.506
2032,Annual,South West England,0.392,8.942
2033,Annual,South West England,0.341,9.500
2034,Annual,South West England,0.463,12.404
2035,Annual,South West England,0.392,8.840
2036,Annual,South West England,0.315,7.910
2037,Annual,South West England,0.435,9.378
2038,Annual,South West England,0.423,11.160
2039,Annual,South West England,0.350,11.340
2040,Annual,South West England,0.406,12.391
2041,Annual,South West England,0.337,14.083
2042,Annual,South West England,0.472,11.782
2043,Annual,South West England,0.455,13.026
2044,Annual,South West England,0.416,12.404
2045,Annual,South West England,0.346,9.340
2046,Annual,South West England,0.395,8.853
2047,Annual,South West England,0.318,13.276
2048,Annual,South West England,0.292,9.731
2049,Annual,South West England,0.443,11.205
2050,Annual,South West England,0.373,11.949
2051,Annual,South West England,0.384,9.712
2052,Annual,South West England,0.377,9.487
2053,Annual,South West England,0.312,6.391
2054,Annual,South West England,0.394,13.397
2055,Annual,South West England,0.324,10.423
2056,Annual,South West England,0.367,12.564
2057,Annual,South West England,0.393,16.846
2058,Annual,South West England,0.316,15.423
2059,Annual,South West England,0.430,9.782
2060,Annual,South West England,0.368,12.288
2061,Annual,South West England,0.344,8.596
2062,Annual,South West England,0.360,10.109
2063,Annual,South West England,0.327,9.192
2064,Annual,South West England,0.363,12.199
2065,Annual,South West England,0.382,14.865
2066,Annual,South West England,0.372,8.500
2067,Annual,South West England,0.380,8.583
2068,Annual,South West England,0.360,9.917
2069,Annual,South West England,0.355,11.795
2070,Annual,South West England,0.377,12.936
2071,Annual,South West England,0.367,10.506
2072,Annual,South West England,0.312,7.353
2073,Annual,South West England,0.332,11.808
2074,Annual,South West England,0.385,9.276
2075,Annual,South West England,0.349,9.628
2076,Annual,South West England,0.346,8.782
2077,Annual,South West England,0.345,13.205
2078,Annual,South West England,0.314,12.141
2079,Annual,South West England,0.313,10.705
2080,Annual,South West England,0.335,8.442
1981,Annual,West Midlands,0.378,8.477
1982,Annual,West Midlands,0.351,9.233
1983,Annual,West Midlands,0.342,8.814
1984,Annual,West Midlands,0.351,8.128
1985,Annual,West Midlands,0.387,9.512
1986,Annual,West Midlands,0.388,7.791
1987,Annual,West Midlands,0.444,8.198
1988,Annual,West Midlands,0.508,10.256
1989,Annual,West Midlands,0.413,10.314
1990,Annual,West Midlands,0.392,9.337
1991,Annual,West Midlands,0.352,6.384
1992,Annual,West Midlands,0.393,8.093
1993,Annual,West Midlands,0.466,9.919
1994,Annual,West Midlands,0.364,7.884
1995,Annual,West Midlands,0.464,12.465
1996,Annual,West Midlands,0.374,7.953
1997,Annual,West Midlands,0.363,8.547
1998,Annual,West Midlands,0.435,12.977
1999,Annual,West Midlands,0.344,6.453
2000,Annual,West Midlands,0.360,9.895
2001,Annual,West Midlands,0.448,17.151
2002,Annual,West Midlands,0.437,12.628
2003,Annual,West Midlands,0.464,9.965
2004,Annual,West Midlands,0.420,17.000
2005,Annual,West Midlands,0.395,8.105
2006,Annual,West Midlands,0.374,10.453
2007,Annual,West Midlands,0.428,16.442
2008,Annual,West Midlands,0.420,10.930
2009,Annual,West Midlands,0.374,9.547
2010,Annual,West Midlands,0.385,8.558
2011,Annual,West Midlands,0.369,9.070
2012,Annual,West Midlands,0.376,8.023
2013,Annual,West Midlands,0.435,9.302
2014,Annual,West Midlands,0.367,8.628
2015,Annual,West Midlands,0.389,11.267
2016,Annual,West Midlands,0.395,9.326
2017,Annual,West Midlands,0.353,8.244
2018,Annual,West Midlands,0.375,10.419
2019,Annual,West Midlands,0.408,11.744
2020,Annual,West Midlands,0.432,10.209
2021,Annual,West Midlands,0.422,10.628
2022,Annual,West Midlands,0.383,8.640
2023,Annual,West Midlands,0.404,10.651
2024,Annual,West Midlands,0.359,9.512
2025,Annual,West Midlands,0.378,9.988
2026,Annual,West Midlands,0.337,7.895
2027,Annual,West Midlands,0.375,9.244
2028,Annual,West Midlands,0.393,6.721
2029,Annual,West Midlands,0.405,7.419
2030,Annual,West Midlands,0.383,10.279
2031,Annual,West Midlands,0.379,9.721
2032,Annual,West Midlands,0.374,8.488
2033,Annual,West Midlands,0.338,8.267
2034,Annual,West Midlands,0.453,10.605
2035,Annual,West Midlands,0.390,8.291
2036,Annual,West Midlands,0.310,7.733
2037,Annual,West Midlands,0.430,9.663
2038,Annual,West Midlands,0.380,9.558
2039,Annual,West Midlands,0.338,11.081
2040,Annual,West Midlands,0.395,14.128
2041,Annual,West Midlands,0.326,10.291
2042,Annual,West Midlands,0.475,8.919
2043,Annual,West Midlands,0.425,11.767
2044,Annual,West Midlands,0.392,8.523
2045,Annual,West Midlands,0.339,7.802
2046,Annual,West Midlands,0.385,6.337
2047,Annual,West Midlands,0.306,8.640
2048,Annual,West Midlands,0.295,10.907
2049,Annual,West Midlands,0.421,9.581
2050,Annual,West Midlands,0.350,10.593
2051,Annual,West Midlands,0.367,11.395
2052,Annual,West Midlands,0.377,8.733
2053,Annual,West Midlands,0.296,6.523
2054,Annual,West Midlands,0.353,9.233
2055,Annual,West Midlands,0.327,8.942
2056,Annual,West Midlands,0.361,10.907
2057,Annual,West Midlands,0.376,12.186
2058,Annual,West Midlands,0.319,12.105
2059,Annual,West Midlands,0.402,10.035
2060,Annual,West Midlands,0.342,7.488
2061,Annual,West Midlands,0.360,8.151
2062,Annual,West Midlands,0.356,9.512
2063,Annual,West Midlands,0.309,6.302
2064,Annual,West Midlands,0.358,8.628
2065,Annual,West Midlands,0.367,11.349
2066,Annual,West Midlands,0.352,8.372
2067,Annual,West Midlands,0.347,8.314
2068,Annual,West Midlands,0.318,6.779
2069,Annual,West Midlands,0.338,7.942
2070,Annual,West Midlands,0.376,9.791
2071,Annual,West Midlands,0.353,9.430
2072,Annual,West Midlands,0.283,5.709
2073,Annual,West Midlands,0.298,8.116
2074,Annual,West Midlands,0.343,8.384
2075,Annual,West Midlands,0.341,9.791
2076,Annual,West Midlands,0.345,6.779
2077,Annual,West Midlands,0.326,9.860
2078,Annual,West Midlands,0.280,6.616
2079,Annual,West Midlands,0.296,7.965
2080,Annual,West Midlands,0.337,7.988
1981,Annual,West Scotland,0.587,17.447
1982,Annual,West Scotland,0.492,12.212
1983,Annual,West Scotland,0.508,14.447
1984,Annual,West Scotland,0.518,22.477
1985,Annual,West Scotland,0.507,15.614
1986,Annual,West Scotland,0.547,13.341
1987,Annual,West Scotland,0.586,22.053
1988,Annual,West Scotland,0.598,17.424
1989,Annual,West Scotland,0.559,16.606
1990,Annual,West Scotland,0.554,14.576
1991,Annual,West Scotland,0.554,15.947
1992,Annual,West Scotland,0.565,17.705
1993,Annual,West Scotland,0.675,24.894
1994,Annual,West Scotland,0.508,12.568
1995,Annual,West Scotland,0.610,17.909
1996,Annual,West Scotland,0.553,15.485
1997,Annual,West Scotland,0.597,16.553
1998,Annual,West Scotland,0.652,18.962
1999,Annual,West Scotland,0.545,22.788
2000,Annual,West Scotland,0.578,15.742
2001,Annual,West Scotland,0.551,16.045
2002,Annual,West Scotland,0.552,16.523
2003,Annual,West Scotland,0.540,21.379
2004,Annual,West Scotland,0.582,28.795
2005,Annual,West Scotland,0.554,21.864
2006,Annual,West Scotland,0.531,21.076
2007,Annual,West Scotland,0.588,25.326
2008,Annual,West Scotland,0.593,16.008
2009,Annual,West Scotland,0.564,18.424
2010,Annual,West Scotland,0.570,21.962
2011,Annual,West Scotland,0.561,13.402
2012,Annual,West Scotland,0.534,10.962
2013,Annual,West Scotland,0.575,17.477
2014,Annual,West Scotland,0.503,15.303
2015,Annual,West Scotland,0.547,20.674
2016,Annual,West Scotland,0.518,16.500
2017,Annual,West Scotland,0.543,21.364
2018,Annual,West Scotland,0.538,19.424
2019,Annual,West Scotland,0.533,11.886
2020,Annual,West Scotland,0.602,15.833
2021,Annual,West Scotland,0.611,21.326
2022,Annual,West Scotland,0.547,24.902
2023,Annual,West Scotland,0.531,13.773
2024,Annual,West Scotland,0.599,18.864
2025,Annual,West Scotland,0.539,16.788
2026,Annual,West Scotland,0.531,15.061
2027,Annual,West Scotland,0.548,20.985
2028,Annual,West Scotland,0.583,17.114
2029,Annual,West Scotland,0.601,17.970
2030,Annual,West Scotland,0.592,19.159
2031,Annual,West Scotland,0.557,16.068
2032,Annual,West Scotland,0.548,14.144
2033,Annual,West Scotland,0.522,16.720
2034,Annual,West Scotland,0.574,20.864
2035,Annual,West Scotland,0.517,16.470
2036,Annual,West Scotland,0.524,13.303
2037,Annual,West Scotland,0.526,18.447
2038,Annual,West Scotland,0.552,15.856
2039,Annual,West Scotland,0.502,13.386
2040,Annual,West Scotland,0.564,14.992
2041,Annual,West Scotland,0.498,14.659
2042,Annual,West Scotland,0.622,15.886
2043,Annual,West Scotland,0.541,17.515
2044,Annual,West Scotland,0.632,19.386
2045,Annual,West Scotland,0.513,16.735
2046,Annual,West Scotland,0.624,19.697
2047,Annual,West Scotland,0.528,13.864
2048,Annual,West Scotland,0.493,16.720
2049,Annual,West Scotland,0.588,21.553
2050,Annual,West Scotland,0.536,14.530
2051,Annual,West Scotland,0.559,15.129
2052,Annual,West Scotland,0.546,15.326
2053,Annual,West Scotland,0.575,13.720
2054,Annual,West Scotland,0.514,19.212
2055,Annual,West Scotland,0.509,16.659
2056,Annual,West Scotland,0.527,19.500
2057,Annual,West Scotland,0.622,22.803
2058,Annual,West Scotland,0.520,19.114
2059,Annual,West Scotland,0.536,18.470
2060,Annual,West Scotland,0.551,16.947
2061,Annual,West Scotland,0.564,16.189
2062,Annual,West Scotland,0.518,14.508
2063,Annual,West Scotland,0.456,14.152
2064,Annual,West Scotland,0.584,12.015
2065,Annual,West Scotland,0.555,20.371
2066,Annual,West Scotland,0.531,12.053
2067,Annual,West Scotland,0.589,19.947
2068,Annual,West Scotland,0.544,24.038
2069,Annual,West Scotland,0.583,17.720
2070,Annual,West Scotland,0.546,19.288
2071,Annual,West Scotland,0.503,21.712
2072,Annual,West Scotland,0.486,15.985
2073,Annual,West Scotland,0.535,16.924
2074,Annual,West Scotland,0.581,19.508
2075,Annual,West Scotland,0.555,14.606
2076,Annual,West Scotland,0.529,13.856
2077,Annual,West Scotland,0.521,17.394
2078,Annual,West Scotland,0.552,17.000
2079,Annual,West Scotland,0.533,19.735
2080,Annual,West Scotland,0.568,10.394
1981,Annual,Yorkshire and Humber,0.457,13.673
1982,Annual,Yorkshire and Humber,0.407,11.703
1983,Annual,Yorkshire and Humber,0.396,10.099
1984,Annual,Yorkshire and Humber,0.405,8.455
1985,Annual,Yorkshire and Humber,0.462,12.198
1986,Annual,Yorkshire and Humber,0.421,8.416
1987,Annual,Yorkshire and Humber,0.479,10.050
1988,Annual,Yorkshire and Humber,0.508,10.099
1989,Annual,Yorkshire and Humber,0.435,8.574
1990,Annual,Yorkshire and Humber,0.401,9.198
1991,Annual,Yorkshire and Humber,0.418,11.990
1992,Annual,Yorkshire and Humber,0.421,8.970
1993,Annual,Yorkshire and Humber,0.501,11.673
1994,Annual,Yorkshire and Humber,0.402,10.911
1995,Annual,Yorkshire and Humber,0.486,12.208
1996,Annual,Yorkshire and Humber,0.387,10.139
1997,Annual,Yorkshire and Humber,0.428,13.188
1998,Annual,Yorkshire and Humber,0.461,9.812
1999,Annual,Yorkshire and Humber,0.359,8.248
2000,Annual,Yorkshire and Humber,0.386,9.614
2001,Annual,Yorkshire and Humber,0.455,12.485
2002,Annual,Yorkshire and Humber,0.439,10.822
2003,Annual,Yorkshire and Humber,0.492,10.792
2004,Annual,Yorkshire and Humber,0.440,13.861
2005,Annual,Yorkshire and Humber,0.436,11.109
2006,Annual,Yorkshire and Humber,0.401,13.683
2007,Annual,Yorkshire and Humber,0.455,12.861
2008,Annual,Yorkshire and Humber,0.458,10.396
2009,Annual,Yorkshire and Humber,0.403,9.129
2010,Annual,Yorkshire and Humber,0.417,9.921
2011,Annual,Yorkshire and Humber,0.398,7.960
2012,Annual,Yorkshire and Humber,0.429,10.634
2013,Annual,Yorkshire and Humber,0.464,10.842
2014,Annual,Yorkshire and Humber,0.408,9.248
2015,Annual,Yorkshire and Humber,0.419,10.020
2016,Annual,Yorkshire and Humber,0.417,9.198
2017,Annual,Yorkshire and Humber,0.382,9.624
2018,Annual,Yorkshire and Humber,0.424,11.624
2019,Annual,Yorkshire and Humber,0.429,8.861
2020,Annual,Yorkshire and Humber,0.491,11.465
2021,Annual,Yorkshire and Humber,0.459,11.723
2022,Annual,Yorkshire and Humber,0.415,12.960
2023,Annual,Yorkshire and Humber,0.422,10.040
2024,Annual,Yorkshire and Humber,0.404,11.168
2025,Annual,Yorkshire and Humber,0.418,11.366
2026,Annual,Yorkshire and Humber,0.383,9.782
2027,Annual,Yorkshire and Humber,0.434,10.109
2028,Annual,Yorkshire and Humber,0.413,9.000
2029,Annual,Yorkshire and Humber,0.434,9.119
2030,Annual,Yorkshire and Humber,0.435,12.495
2031,Annual,Yorkshire and Humber,0.429,11.624
2032,Annual,Yorkshire and Humber,0.391,8.505
2033,Annual,Yorkshire and Humber,0.371,11.158
2034,Annual,Yorkshire and Humber,0.477,11.584
2035,Annual,Yorkshire and Humber,0.420,9.475
2036,Annual,Yorkshire and Humber,0.349,7.673
2037,Annual,Yorkshire and Humber,0.440,8.970
2038,Annual,Yorkshire and Humber,0.389,9.950
2039,Annual,Yorkshire and Humber,0.347,10.525
2040,Annual,Yorkshire and Humber,0.432,9.604
2041,Annual,Yorkshire and Humber,0.372,9.089
2042,Annual,Yorkshire and Humber,0.488,10.485
2043,Annual,Yorkshire and Humber,0.442,12.366
2044,Annual,Yorkshire and Humber,0.428,10.535
2045,Annual,Yorkshire and Humber,0.366,8.802
2046,Annual,Yorkshire and Humber,0.430,9.307
2047,Annual,Yorkshire and Humber,0.372,9.386
2048,Annual,Yorkshire and Humber,0.331,9.129
2049,Annual,Yorkshire and Humber,0.467,17.208
2050,Annual,Yorkshire and Humber,0.398,12.545
2051,Annual,Yorkshire and Humber,0.395,10.485
2052,Annual,Yorkshire and Humber,0.400,10.198
2053,Annual,Yorkshire and Humber,0.368,8.050
2054,Annual,Yorkshire and Humber,0.403,10.436
2055,Annual,Yorkshire and Humber,0.366,9.970
2056,Annual,Yorkshire and Humber,0.376,12.020
2057,Annual,Yorkshire and Humber,0.412,14.218
2058,Annual,Yorkshire and Humber,0.342,11.386
2059,Annual,Yorkshire and Humber,0.426,9.554
2060,Annual,Yorkshire and Humber,0.372,7.891
2061,Annual,Yorkshire and Humber,0.427,11.040
2062,Annual,Yorkshire and Humber,0.373,9.089
2063,Annual,Yorkshire and Humber,0.329,5.980
2064,Annual,Yorkshire and Humber,0.411,9.267
2065,Annual,Yorkshire and Humber,0.402,9.663
2066,Annual,Yorkshire and Humber,0.393,8.832
2067,Annual,Yorkshire and Humber,0.389,8.713
2068,Annual,Yorkshire and Humber,0.338,8.040
2069,Annual,Yorkshire and Humber,0.400,9.723
2070,Annual,Yorkshire and Humber,0.411,11.198
2071,Annual,Yorkshire and Humber,0.372,11.198
2072,Annual,Yorkshire and Humber,0.326,6.851
2073,Annual,Yorkshire and Humber,0.332,10.505
2074,Annual,Yorkshire and Humber,0.387,10.347
2075,Annual,Yorkshire and Humber,0.361,11.366
2076,Annual,Yorkshire and Humber,0.367,8.554
2077,Annual,Yorkshire and Humber,0.346,10.634
2078,Annual,Yorkshire and Humber,0.345,9.109
2079,Annual,Yorkshire and Humber,0.344,8.337
2080,Annual,Yorkshire and Humber,0.400,8.752
1981,Annual,Channel Islands,0.328,8.000
1982,Annual,Channel Islands,0.310,7.000
1983,Annual,Channel Islands,0.350,6.000
1984,Annual,Channel Islands,0.319,10.000
1985,Annual,Channel Islands,0.372,10.000
1986,Annual,Channel Islands,0.356,8.500
1987,Annual,Channel Islands,0.375,12.000
1988,Annual,Channel Islands,0.475,10.000
1989,Annual,Channel Islands,0.371,11.000
1990,Annual,Channel Islands,0.414,14.500
1991,Annual,Channel Islands,0.315,6.500
1992,Annual,Channel Islands,0.285,9.000
1993,Annual,Channel Islands,0.444,12.000
1994,Annual,Channel Islands,0.351,8.000
1995,Annual,Channel Islands,0.407,9.500
1996,Annual,Channel Islands,0.351,15.000
1997,Annual,Channel Islands,0.338,9.000
1998,Annual,Channel Islands,0.369,12.000
1999,Annual,Channel Islands,0.346,7.500
2000,Annual,Channel Islands,0.329,16.000
2001,Annual,Channel Islands,0.431,9.000
2002,Annual,Channel Islands,0.422,21.000
2003,Annual,Channel Islands,0.450,12.000
2004,Annual,Channel Islands,0.400,13.500
2005,Annual,Channel Islands,0.369,7.000
2006,Annual,Channel Islands,0.381,10.500
2007,Annual,Channel Islands,0.385,12.000
2008,Annual,Channel Islands,0.358,8.500
2009,Annual,Channel Islands,0.351,10.000
2010,Annual,Channel Islands,0.344,8.000
2011,Annual,Channel Islands,0.306,14.000
2012,Annual,Channel Islands,0.321,7.000
2013,Annual,Channel Islands,0.376,10.000
2014,Annual,Channel Islands,0.343,9.000
2015,Annual,Channel Islands,0.356,9.000
2016,Annual,Channel Islands,0.375,11.500
2017,Annual,Channel Islands,0.351,8.000
2018,Annual,Channel Islands,0.339,19.000
2019,Annual,Channel Islands,0.314,7.500
2020,Annual,Channel Islands,0.422,12.000
2021,Annual,Channel Islands,0.376,15.000
2022,Annual,Channel Islands,0.417,11.500
2023,Annual,Channel Islands,0.342,7.000
2024,Annual,Channel Islands,0.328,10.500
2025,Annual,Channel Islands,0.340,10.500
2026,Annual,Channel Islands,0.339,13.000
2027,Annual,Channel Islands,0.335,8.000
2028,Annual,Channel Islands,0.357,7.500
2029,Annual,Channel Islands,0.374,10.000
2030,Annual,Channel Islands,0.326,11.500
2031,Annual,Channel Islands,0.321,8.500
2032,Annual,Channel Islands,0.357,6.500
2033,Annual,Channel Islands,0.335,11.000
2034,Annual,Channel Islands,0.417,8.500
2035,Annual,Channel Islands,0.343,8.000
2036,Annual,Channel Islands,0.293,8.000
2037,Annual,Channel Islands,0.389,11.500
2038,Annual,Channel Islands,0.367,8.000
2039,Annual,Channel Islands,0.289,9.000
2040,Annual,Channel Islands,0.381,15.500
2041,Annual,Channel Islands,0.297,7.500
2042,Annual,Channel Islands,0.414,15.000
2043,Annual,Channel Islands,0.400,12.500
2044,Annual,Channel Islands,0.340,9.000
2045,Annual,Channel Islands,0.308,12.500
2046,Annual,Channel Islands,0.382,16.000
2047,Annual,Channel Islands,0.261,9.000
2048,Annual,Channel Islands,0.231,6.500
2049,Annual,Channel Islands,0.354,14.500
2050,Annual,Channel Islands,0.339,10.000
2051,Annual,Channel Islands,0.357,8.500
2052,Annual,Channel Islands,0.318,8.500
2053,Annual,Channel Islands,0.274,8.000
2054,Annual,Channel Islands,0.376,11.000
2055,Annual,Channel Islands,0.282,11.000
2056,Annual,Channel Islands,0.336,13.000
2057,Annual,Channel Islands,0.328,10.000
2058,Annual,Channel Islands,0.285,9.000
2059,Annual,Channel Islands,0.429,11.500
2060,Annual,Channel Islands,0.356,18.000
2061,Annual,Channel Islands,0.315,9.000
2062,Annual,Channel Islands,0.364,9.000
2063,Annual,Channel Islands,0.306,7.500
2064,Annual,Channel Islands,0.340,16.000
2065,Annual,Channel Islands,0.314,9.000
2066,Annual,Channel Islands,0.354,10.000
2067,Annual,Channel Islands,0.358,11.000
2068,Annual,Channel Islands,0.342,13.500
2069,Annual,Channel Islands,0.332,15.000
2070,Annual,Channel Islands,0.351,8.000
2071,Annual,Channel Islands,0.339,8.500
2072,Annual,Channel Islands,0.271,11.000
2073,Annual,Channel Islands,0.278,13.000
2074,Annual,Channel Islands,0.310,8.000
2075,Annual,Channel Islands,0.312,8.000
2076,Annual,Channel Islands,0.264,6.000
2077,Annual,Channel Islands,0.304,17.000
2078,Annual,Channel Islands,0.261,8.000
2079,Annual,Channel Islands,0.263,7.500
2080,Annual,Channel Islands,0.265,11.500
1981,Annual,Isle of Man,0.478,11.667
1982,Annual,Isle of Man,0.426,12.000
1983,Annual,Isle of Man,0.456,8.333
1984,Annual,Isle of Man,0.419,8.667
1985,Annual,Isle of Man,0.470,11.000
1986,Annual,Isle of Man,0.473,10.333
1987,Annual,Isle of Man,0.489,10.667
1988,Annual,Isle of Man,0.562,17.333
1989,Annual,Isle of Man,0.450,9.667
1990,Annual,Isle of Man,0.469,12.667
1991,Annual,Isle of Man,0.478,12.000
1992,Annual,Isle of Man,0.446,8.667
1993,Annual,Isle of Man,0.565,11.000
1994,Annual,Isle of Man,0.409,8.000
1995,Annual,Isle of Man,0.571,10.667
1996,Annual,Isle of Man,0.448,11.000
1997,Annual,Isle of Man,0.484,11.333
1998,Annual,Isle of Man,0.581,10.333
1999,Annual,Isle of Man,0.469,17.667
2000,Annual,Isle of Man,0.490,9.000
2001,Annual,Isle of Man,0.505,12.000
2002,Annual,Isle of Man,0.503,19.667
2003,Annual,Isle of Man,0.521,8.667
2004,Annual,Isle of Man,0.491,13.000
2005,Annual,Isle of Man,0.502,11.667
2006,Annual,Isle of Man,0.431,7.000
2007,Annual,Isle of Man,0.481,10.000
2008,Annual,Isle of Man,0.508,12.000
2009,Annual,Isle of Man,0.482,11.000
2010,Annual,Isle of Man,0.485,13.000
2011,Annual,Isle of Man,0.480,8.667
2012,Annual,Isle of Man,0.440,9.000
2013,Annual,Isle of Man,0.525,10.333
2014,Annual,Isle of Man,0.442,8.667
2015,Annual,Isle of Man,0.482,12.000
2016,Annual,Isle of Man,0.449,10.333
2017,Annual,Isle of Man,0.409,7.000
2018,Annual,Isle of Man,0.440,11.667
2019,Annual,Isle of Man,0.439,11.333
2020,Annual,Isle of Man,0.530,8.000
2021,Annual,Isle of Man,0.501,7.667
2022,Annual,Isle of Man,0.469,13.000
2023,Annual,Isle of Man,0.517,11.000
2024,Annual,Isle of Man,0.478,15.333
2025,Annual,Isle of Man,0.478,7.333
2026,Annual,Isle of Man,0.394,7.667
2027,Annual,Isle of Man,0.447,17.333
2028,Annual,Isle of Man,0.513,12.333
2029,Annual,Isle of Man,0.506,11.333
2030,Annual,Isle of Man,0.484,10.000
2031,Annual,Isle of Man,0.482,9.000
2032,Annual,Isle of Man,0.434,9.667
2033,Annual,Isle of Man,0.441,9.333
2034,Annual,Isle of Man,0.506,11.000
2035,Annual,Isle of Man,0.456,13.333
2036,Annual,Isle of Man,0.392,6.333
2037,Annual,Isle of Man,0.471,7.000
2038,Annual,Isle of Man,0.453,12.000
2039,Annual,Isle of Man,0.401,9.333
2040,Annual,Isle of Man,0.518,8.667
2041,Annual,Isle of Man,0.382,11.333
2042,Annual,Isle of Man,0.516,6.667
2043,Annual,Isle of Man,0.462,10.000
2044,Annual,Isle of Man,0.527,16.333
2045,Annual,Isle of Man,0.423,9.667
2046,Annual,Isle of Man,0.512,7.667
2047,Annual,Isle of Man,0.481,11.000
2048,Annual,Isle of Man,0.371,8.667
2049,Annual,Isle of Man,0.489,14.000
2050,Annual,Isle of Man,0.423,8.000
2051,Annual,Isle of Man,0.456,10.000
2052,Annual,Isle of Man,0.469,11.000
2053,Annual,Isle of Man,0.451,7.000
2054,Annual,Isle of Man,0.443,16.333
2055,Annual,Isle of Man,0.399,13.000
2056,Annual,Isle of Man,0.426,8.000
2057,Annual,Isle of Man,0.490,9.333
2058,Annual,Isle of Man,0.392,8.333
2059,Annual,Isle of Man,0.466,10.333
2060,Annual,Isle of Man,0.435,12.333
2061,Annual,Isle of Man,0.457,11.333
2062,Annual,Isle of Man,0.452,14.000
2063,Annual,Isle of Man,0.377,9.333
2064,Annual,Isle of Man,0.455,9.333
2065,Annual,Isle of Man,0.455,10.000
2066,Annual,Isle of Man,0.403,9.667
2067,Annual,Isle of Man,0.423,7.000
2068,Annual,Isle of Man,0.397,11.333
2069,Annual,Isle of Man,0.461,7.667
2070,Annual,Isle of Man,0.436,9.667
2071,Annual,Isle of Man,0.416,8.000
2072,Annual,Isle of Man,0.406,11.000
2073,Annual,Isle of Man,0.402,18.333
2074,Annual,Isle of Man,0.444,10.333
2075,Annual,Isle of Man,0.418,9.000
2076,Annual,Isle of Man,0.406,7.000
2077,Annual,Isle of Man,0.403,9.667
2078,Annual,Isle of Man,0.430,13.000
2079,Annual,Isle of Man,0.411,9.000
2080,Annual,Isle of Man,0.442,6.000
1981,Annual,Northern Ireland,0.552,15.200
1982,Annual,Northern Ireland,0.450,10.435
1983,Annual,Northern Ireland,0.480,11.094
1984,Annual,Northern Ireland,0.480,11.741
1985,Annual,Northern Ireland,0.505,11.776
1986,Annual,Northern Ireland,0.535,15.318
1987,Annual,Northern Ireland,0.543,15.247
1988,Annual,Northern Ireland,0.591,16.965
1989,Annual,Northern Ireland,0.543,16.494
1990,Annual,Northern Ireland,0.505,12.600
1991,Annual,Northern Ireland,0.527,11.082
1992,Annual,Northern Ireland,0.526,14.800
1993,Annual,Northern Ireland,0.618,16.635
1994,Annual,Northern Ireland,0.468,12.824
1995,Annual,Northern Ireland,0.589,13.847
1996,Annual,Northern Ireland,0.530,14.118
1997,Annual,Northern Ireland,0.543,14.271
1998,Annual,Northern Ireland,0.633,17.035
1999,Annual,Northern Ireland,0.486,12.235
2000,Annual,Northern Ireland,0.528,11.588
2001,Annual,Northern Ireland,0.547,12.153
2002,Annual,Northern Ireland,0.527,18.953
2003,Annual,Northern Ireland,0.539,13.365
2004,Annual,Northern Ireland,0.533,16.812
2005,Annual,Northern Ireland,0.531,11.976
2006,Annual,Northern Ireland,0.475,12.694
2007,Annual,Northern Ireland,0.532,15.294
2008,Annual,Northern Ireland,0.550,15.353
2009,Annual,Northern Ireland,0.528,12.400
2010,Annual,Northern Ireland,0.540,14.824
2011,Annual,Northern Ireland,0.539,12.165
2012,Annual,Northern Ireland,0.474,9.682
2013,Annual,Northern Ireland,0.534,12.153
2014,Annual,Northern Ireland,0.468,15.224
2015,Annual,Northern Ireland,0.513,15.624
2016,Annual,Northern Ireland,0.514,15.494
2017,Annual,Northern Ireland,0.477,11.729
2018,Annual,Northern Ireland,0.501,12.976
2019,Annual,Northern Ireland,0.516,13.435
2020,Annual,Northern Ireland,0.559,15.682
2021,Annual,Northern Ireland,0.562,17.565
2022,Annual,Northern Ireland,0.513,12.494
2023,Annual,Northern Ireland,0.530,14.918
2024,Annual,Northern Ireland,0.540,14.224
2025,Annual,Northern Ireland,0.523,12.859
2026,Annual,Northern Ireland,0.486,12.541
2027,Annual,Northern Ireland,0.508,15.259
2028,Annual,Northern Ireland,0.545,13.424
2029,Annual,Northern Ireland,0.556,17.729
2030,Annual,Northern Ireland,0.524,15.976
2031,Annual,Northern Ireland,0.521,13.447
2032,Annual,Northern Ireland,0.504,11.847
2033,Annual,Northern Ireland,0.482,11.224
2034,Annual,Northern Ireland,0.543,13.741
2035,Annual,Northern Ireland,0.479,11.776
2036,Annual,Northern Ireland,0.488,9.247
2037,Annual,Northern Ireland,0.500,11.412
2038,Annual,Northern Ireland,0.499,14.306
2039,Annual,Northern Ireland,0.437,11.859
2040,Annual,Northern Ireland,0.522,11.694
2041,Annual,Northern Ireland,0.470,14.165
2042,Annual,Northern Ireland,0.589,14.882
2043,Annual,Northern Ireland,0.533,14.976
2044,Annual,Northern Ireland,0.556,14.753
2045,Annual,Northern Ireland,0.463,11.765
2046,Annual,Northern Ireland,0.568,11.635
2047,Annual,Northern Ireland,0.497,12.153
2048,Annual,Northern Ireland,0.421,15.671
2049,Annual,Northern Ireland,0.527,13.388
2050,Annual,Northern Ireland,0.481,12.353
2051,Annual,Northern Ireland,0.512,11.812
2052,Annual,Northern Ireland,0.494,13.600
2053,Annual,Northern Ireland,0.503,11.329
2054,Annual,Northern Ireland,0.457,14.482
2055,Annual,Northern Ireland,0.452,11.118
2056,Annual,Northern Ireland,0.492,14.376
2057,Annual,Northern Ireland,0.550,20.212
2058,Annual,Northern Ireland,0.453,10.000
2059,Annual,Northern Ireland,0.502,14.376
2060,Annual,Northern Ireland,0.478,11.059
2061,Annual,Northern Ireland,0.487,14.506
2062,Annual,Northern Ireland,0.478,12.988
2063,Annual,Northern Ireland,0.448,10.635
2064,Annual,Northern Ireland,0.515,10.765
2065,Annual,Northern Ireland,0.470,13.271
2066,Annual,Northern Ireland,0.483,12.565
2067,Annual,Northern Ireland,0.508,13.094
2068,Annual,Northern Ireland,0.470,14.400
2069,Annual,Northern Ireland,0.521,14.482
2070,Annual,Northern Ireland,0.495,14.247
2071,Annual,Northern Ireland,0.465,19.471
2072,Annual,Northern Ireland,0.435,10.459
2073,Annual,Northern Ireland,0.429,11.306
2074,Annual,Northern Ireland,0.499,13.259
2075,Annual,Northern Ireland,0.480,15.129
2076,Annual,Northern Ireland,0.483,11.012
2077,Annual,Northern Ireland,0.477,15.094
2078,Annual,Northern Ireland,0.467,14.165
2079,Annual,Northern Ireland,0.435,12.012
2080,Annual,Northern Ireland,0.483,11.635
1981,Annual,Wales,0.493,20.098
1982,Annual,Wales,0.429,11.955
1983,Annual,Wales,0.449,15.759
1984,Annual,Wales,0.468,11.075
1985,Annual,Wales,0.481,14.759
1986,Annual,Wales,0.502,12.045
1987,Annual,Wales,0.548,14.774
1988,Annual,Wales,0.615,23.361
1989,Annual,Wales,0.528,16.586
1990,Annual,Wales,0.507,13.556
1991,Annual,Wales,0.494,18.353
1992,Annual,Wales,0.477,15.880
1993,Annual,Wales,0.615,18.211
1994,Annual,Wales,0.451,11.654
1995,Annual,Wales,0.575,15.917
1996,Annual,Wales,0.473,15.662
1997,Annual,Wales,0.509,15.827
1998,Annual,Wales,0.585,16.211
1999,Annual,Wales,0.460,14.917
2000,Annual,Wales,0.487,14.008
2001,Annual,Wales,0.539,20.850
2002,Annual,Wales,0.535,23.579
2003,Annual,Wales,0.564,18.744
2004,Annual,Wales,0.515,18.955
2005,Annual,Wales,0.514,14.444
2006,Annual,Wales,0.486,18.880
2007,Annual,Wales,0.531,20.586
2008,Annual,Wales,0.525,17.120
2009,Annual,Wales,0.501,13.293
2010,Annual,Wales,0.517,21.639
2011,Annual,Wales,0.465,11.128
2012,Annual,Wales,0.489,11.865
2013,Annual,Wales,0.539,15.865
2014,Annual,Wales,0.449,11.737
2015,Annual,Wales,0.487,13.940
2016,Annual,Wales,0.493,14.692
2017,Annual,Wales,0.463,14.842
2018,Annual,Wales,0.462,16.526
2019,Annual,Wales,0.497,13.346
2020,Annual,Wales,0.553,14.797
2021,Annual,Wales,0.553,18.737
2022,Annual,Wales,0.491,21.774
2023,Annual,Wales,0.487,13.474
2024,Annual,Wales,0.497,19.421
2025,Annual,Wales,0.493,14.195
2026,Annual,Wales,0.439,12.865
2027,Annual,Wales,0.476,19.218
2028,Annual,Wales,0.524,14.526
2029,Annual,Wales,0.529,12.338
2030,Annual,Wales,0.517,17.985
2031,Annual,Wales,0.472,14.767
2032,Annual,Wales,0.483,14.165
2033,Annual,Wales,0.433,11.218
2034,Annual,Wales,0.538,12.113
2035,Annual,Wales,0.507,12.707
2036,Annual,Wales,0.432,9.602
2037,Annual,Wales,0.517,14.218
2038,Annual,Wales,0.479,13.594
2039,Annual,Wales,0.435,14.774
2040,Annual,Wales,0.509,16.226
2041,Annual,Wales,0.413,14.782
2042,Annual,Wales,0.568,14.150
2043,Annual,Wales,0.527,15.000
2044,Annual,Wales,0.524,16.241
2045,Annual,Wales,0.433,13.271
2046,Annual,Wales,0.522,10.714
2047,Annual,Wales,0.426,13.286
2048,Annual,Wales,0.372,12.812
2049,Annual,Wales,0.532,20.383
2050,Annual,Wales,0.461,16.045
2051,Annual,Wales,0.477,12.917
2052,Annual,Wales,0.484,14.451
2053,Annual,Wales,0.449,9.008
2054,Annual,Wales,0.466,20.316
2055,Annual,Wales,0.419,13.211
2056,Annual,Wales,0.457,15.835
2057,Annual,Wales,0.510,21.346
2058,Annual,Wales,0.411,16.120
2059,Annual,Wales,0.476,12.211
2060,Annual,Wales,0.452,14.398
2061,Annual,Wales,0.450,12.421
2062,Annual,Wales,0.458,16.602
2063,Annual,Wales,0.416,11.361
2064,Annual,Wales,0.483,12.549
2065,Annual,Wales,0.485,16.759
2066,Annual,Wales,0.472,15.624
2067,Annual,Wales,0.479,13.850
2068,Annual,Wales,0.462,14.729
2069,Annual,Wales,0.470,13.699
2070,Annual,Wales,0.485,20.985
2071,Annual,Wales,0.433,17.639
2072,Annual,Wales,0.402,10.248
2073,Annual,Wales,0.420,20.451
2074,Annual,Wales,0.482,14.233
2075,Annual,Wales,0.459,16.444
2076,Annual,Wales,0.446,13.489
2077,Annual,Wales,0.430,16.376
2078,Annual,Wales,0.416,15.962
2079,Annual,Wales,0.419,20.534
2080,Annual,Wales,0.464,12.331
1981,DJF,East Midlands,0.576,7.961
1982,DJF,East Midlands,0.440,6.845
1983,DJF,East Midlands,0.488,11.359
1984,DJF,East Midlands,0.491,8.883
1985,DJF,East Midlands,0.569,10.330
1986,DJF,East Midlands,0.464,6.340
1987,DJF,East Midlands,0.551,7.495
1988,DJF,East Midlands,0.596,8.612
1989,DJF,East Midlands,0.405,5.699
1990,DJF,East Midlands,0.407,7.602
1991,DJF,East Midlands,0.530,7.243
1992,DJF,East Midlands,0.474,7.359
1993,DJF,East Midlands,0.562,7.223
1994,DJF,East Midlands,0.563,8.748
1995,DJF,East Midlands,0.594,9.311
1996,DJF,East Midlands,0.564,6.631
1997,DJF,East Midlands,0.525,8.981
1998,DJF,East Midlands,0.419,7.816
1999,DJF,East Midlands,0.355,3.932
2000,DJF,East Midlands,0.430,6.816
2001,DJF,East Midlands,0.684,15.408
2002,DJF,East Midlands,0.557,12.612
2003,DJF,East Midlands,0.469,6.495
2004,DJF,East Midlands,0.591,14.165
2005,DJF,East Midlands,0.420,5.204
2006,DJF,East Midlands,0.546,9.320
2007,DJF,East Midlands,0.598,9.524
2008,DJF,East Midlands,0.543,8.573
2009,DJF,East Midlands,0.457,8.214
2010,DJF,East Midlands,0.567,8.718
2011,DJF,East Midlands,0.457,6.447
2012,DJF,East Midlands,0.490,8.126
2013,DJF,East Midlands,0.446,7.903
2014,DJF,East Midlands,0.496,6.650
2015,DJF,East Midlands,0.590,10.709
2016,DJF,East Midlands,0.546,8.097
2017,DJF,East Midlands,0.441,6.466
2018,DJF,East Midlands,0.475,10.058
2019,DJF,East Midlands,0.554,8.650
2020,DJF,East Midlands,0.544,7.573
2021,DJF,East Midlands,0.535,8.165
2022,DJF,East Midlands,0.497,5.903
2023,DJF,East Midlands,0.502,8.505
2024,DJF,East Midlands,0.416,6.117
2025,DJF,East Midlands,0.610,9.680
2026,DJF,East Midlands,0.542,5.981
2027,DJF,East Midlands,0.579,7.398
2028,DJF,East Midlands,0.400,5.806
2029,DJF,East Midlands,0.439,5.786
2030,DJF,East Midlands,0.344,6.340
2031,DJF,East Midlands,0.519,10.660
2032,DJF,East Midlands,0.468,7.961
2033,DJF,East Midlands,0.518,10.233
2034,DJF,East Midlands,0.529,9.874
2035,DJF,East Midlands,0.476,7.049
2036,DJF,East Midlands,0.385,6.359
2037,DJF,East Midlands,0.504,7.612
2038,DJF,East Midlands,0.438,8.709
2039,DJF,East Midlands,0.515,9.903
2040,DJF,East Midlands,0.432,9.515
2041,DJF,East Midlands,0.484,7.864
2042,DJF,East Midlands,0.623,8.942
2043,DJF,East Midlands,0.573,10.786
2044,DJF,East Midlands,0.550,8.893
2045,DJF,East Midlands,0.478,6.796
2046,DJF,East Midlands,0.521,5.553
2047,DJF,East Midlands,0.479,8.660
2048,DJF,East Midlands,0.406,7.204
2049,DJF,East Midlands,0.413,11.505
2050,DJF,East Midlands,0.539,9.650
2051,DJF,East Midlands,0.481,5.204
2052,DJF,East Midlands,0.492,6.320
2053,DJF,East Midlands,0.284,4.350
2054,DJF,East Midlands,0.439,7.718
2055,DJF,East Midlands,0.495,8.126
2056,DJF,East Midlands,0.444,9.466
2057,DJF,East Midlands,0.590,9.330
2058,DJF,East Midlands,0.539,12.981
2059,DJF,East Midlands,0.535,7.932
2060,DJF,East Midlands,0.591,7.165
2061,DJF,East Midlands,0.562,7.029
2062,DJF,East Midlands,0.516,7.019
2063,DJF,East Midlands,0.425,4.544
2064,DJF,East Midlands,0.429,6.621
2065,DJF,East Midlands,0.553,7.515
2066,DJF,East Midlands,0.613,7.146
2067,DJF,East Midlands,0.443,4.602
2068,DJF,East Midlands,0.455,5.689
2069,DJF,East Midlands,0.445,6.107
2070,DJF,East Midlands,0.585,7.583
2071,DJF,East Midlands,0.472,8.029
2072,DJF,East Midlands,0.440,5.864
2073,DJF,East Midlands,0.518,7.311
2074,DJF,East Midlands,0.508,7.019
2075,DJF,East Midlands,0.470,7.117
2076,DJF,East Midlands,0.531,6.214
2077,DJF,East Midlands,0.619,9.369
2078,DJF,East Midlands,0.501,7.932
2079,DJF,East Midlands,0.519,6.718
2080,DJF,East Midlands,0.536,8.165
1981,DJF,East of England,0.545,6.220
1982,DJF,East of England,0.387,6.323
1983,DJF,East of England,0.505,11.118
1984,DJF,East of England,0.399,8.449
1985,DJF,East of England,0.535,9.606
1986,DJF,East of England,0.397,4.780
1987,DJF,East of England,0.483,6.362
1988,DJF,East of England,0.594,7.024
1989,DJF,East of England,0.372,3.732
1990,DJF,East of England,0.376,7.331
1991,DJF,East of England,0.498,8.079
1992,DJF,East of England,0.478,8.496
1993,DJF,East of England,0.530,7.559
1994,DJF,East of England,0.518,7.520
1995,DJF,East of England,0.553,7.929
1996,DJF,East of England,0.591,6.535
1997,DJF,East of England,0.511,7.386
1998,DJF,East of England,0.386,6.173
1999,DJF,East of England,0.306,4.236
2000,DJF,East of England,0.427,5.890
2001,DJF,East of England,0.621,11.874
2002,DJF,East of England,0.510,7.701
2003,DJF,East of England,0.463,5.945
2004,DJF,East of England,0.565,11.984
2005,DJF,East of England,0.437,5.969
2006,DJF,East of England,0.532,7.331
2007,DJF,East of England,0.647,10.976
2008,DJF,East of England,0.523,7.866
2009,DJF,East of England,0.476,7.535
2010,DJF,East of England,0.493,6.614
2011,DJF,East of England,0.387,4.433
2012,DJF,East of England,0.417,7.472
2013,DJF,East of England,0.385,8.606
2014,DJF,East of England,0.451,6.268
2015,DJF,East of England,0.602,11.638
2016,DJF,East of England,0.577,8.961
2017,DJF,East of England,0.389,5.465
2018,DJF,East of England,0.465,10.480
2019,DJF,East of England,0.480,6.803
2020,DJF,East of England,0.546,6.583
2021,DJF,East of England,0.526,6.890
2022,DJF,East of England,0.452,5.299
2023,DJF,East of England,0.479,7.118
2024,DJF,East of England,0.430,6.433
2025,DJF,East of England,0.580,10.063
2026,DJF,East of England,0.541,8.819
2027,DJF,East of England,0.528,6.449
2028,DJF,East of England,0.358,5.189
2029,DJF,East of England,0.425,3.921
2030,DJF,East of England,0.298,4.157
2031,DJF,East of England,0.506,7.787
2032,DJF,East of England,0.499,7.866
2033,DJF,East of England,0.497,9.299
2034,DJF,East of England,0.500,8.630
2035,DJF,East of England,0.431,5.591
2036,DJF,East of England,0.340,4.173
2037,DJF,East of England,0.520,7.535
2038,DJF,East of England,0.388,7.724
2039,DJF,East of England,0.519,6.472
2040,DJF,East of England,0.409,5.780
2041,DJF,East of England,0.447,6.890
2042,DJF,East of England,0.594,8.102
2043,DJF,East of England,0.560,10.047
2044,DJF,East of England,0.512,4.953
2045,DJF,East of England,0.494,5.575
2046,DJF,East of England,0.469,5.236
2047,DJF,East of England,0.484,10.354
2048,DJF,East of England,0.370,7.189
2049,DJF,East of England,0.427,7.142
2050,DJF,East of England,0.523,8.835
2051,DJF,East of England,0.440,4.331
2052,DJF,East of England,0.458,4.488
2053,DJF,East of England,0.284,4.008
2054,DJF,East of England,0.434,6.669
2055,DJF,East of England,0.504,8.835
2056,DJF,East of England,0.454,6.551
2057,DJF,East of England,0.537,6.315
2058,DJF,East of England,0.525,13.031
2059,DJF,East of England,0.520,7.512
2060,DJF,East of England,0.615,7.134
2061,DJF,East of England,0.517,7.087
2062,DJF,East of England,0.538,6.512
2063,DJF,East of England,0.399,5.244
2064,DJF,East of England,0.445,6.362
2065,DJF,East of England,0.557,7.457
2066,DJF,East of England,0.592,6.339
2067,DJF,East of England,0.403,5.567
2068,DJF,East of England,0.423,5.803
2069,DJF,East of England,0.450,6.858
2070,DJF,East of England,0.518,7.118
2071,DJF,East of England,0.466,9.276
2072,DJF,East of England,0.422,5.740
2073,DJF,East of England,0.473,6.378
2074,DJF,East of England,0.454,5.441
2075,DJF,East of England,0.463,5.189
2076,DJF,East of England,0.515,5.984
2077,DJF,East of England,0.586,8.268
2078,DJF,East of England,0.501,7.291
2079,DJF,East of England,0.469,5.906
2080,DJF,East of England,0.533,9.244
1981,DJF,East Scotland,0.619,12.231
1982,DJF,East Scotland,0.471,9.300
1983,DJF,East Scotland,0.587,8.831
1984,DJF,East Scotland,0.589,15.300
1985,DJF,East Scotland,0.641,14.238
1986,DJF,East Scotland,0.524,9.012
1987,DJF,East Scotland,0.662,11.550
1988,DJF,East Scotland,0.662,10.312
1989,DJF,East Scotland,0.534,11.356
1990,DJF,East Scotland,0.473,9.581
1991,DJF,East Scotland,0.659,13.325
1992,DJF,East Scotland,0.526,10.412
1993,DJF,East Scotland,0.699,18.475
1994,DJF,East Scotland,0.604,10.944
1995,DJF,East Scotland,0.656,11.956
1996,DJF,East Scotland,0.614,9.544
1997,DJF,East Scotland,0.592,8.356
1998,DJF,East Scotland,0.613,16.519
1999,DJF,East Scotland,0.655,14.094
2000,DJF,East Scotland,0.520,10.719
2001,DJF,East Scotland,0.661,13.412
2002,DJF,East Scotland,0.624,14.900
2003,DJF,East Scotland,0.578,12.900
2004,DJF,East Scotland,0.646,17.413
2005,DJF,East Scotland,0.519,7.881
2006,DJF,East Scotland,0.607,11.044
2007,DJF,East Scotland,0.556,9.213
2008,DJF,East Scotland,0.639,13.819
2009,DJF,East Scotland,0.539,10.062
2010,DJF,East Scotland,0.583,11.600
2011,DJF,East Scotland,0.629,11.156
2012,DJF,East Scotland,0.578,8.556
2013,DJF,East Scotland,0.550,10.850
2014,DJF,East Scotland,0.620,9.988
2015,DJF,East Scotland,0.644,12.238
2016,DJF,East Scotland,0.579,10.450
2017,DJF,East Scotland,0.626,14.250
2018,DJF,East Scotland,0.569,12.562
2019,DJF,East Scotland,0.566,10.219
2020,DJF,East Scotland,0.618,10.938
2021,DJF,East Scotland,0.696,13.656
2022,DJF,East Scotland,0.676,18.531
2023,DJF,East Scotland,0.586,11.494
2024,DJF,East Scotland,0.542,9.425
2025,DJF,East Scotland,0.567,9.019
2026,DJF,East Scotland,0.606,10.406
2027,DJF,East Scotland,0.649,12.037
2028,DJF,East Scotland,0.568,13.594
2029,DJF,East Scotland,0.524,10.331
2030,DJF,East Scotland,0.526,9.950
2031,DJF,East Scotland,0.631,12.244
2032,DJF,East Scotland,0.590,7.975
2033,DJF,East Scotland,0.565,10.775
2034,DJF,East Scotland,0.575,12.844
2035,DJF,East Scotland,0.540,8.688
2036,DJF,East Scotland,0.552,8.137
2037,DJF,East Scotland,0.449,8.569
2038,DJF,East Scotland,0.512,8.281
2039,DJF,East Scotland,0.589,9.825
2040,DJF,East Scotland,0.513,8.681
2041,DJF,East Scotland,0.536,11.031
2042,DJF,East Scotland,0.625,11.481
2043,DJF,East Scotland,0.619,12.094
2044,DJF,East Scotland,0.604,11.500
2045,DJF,East Scotland,0.596,9.981
2046,DJF,East Scotland,0.622,10.431
2047,DJF,East Scotland,0.466,12.800
2048,DJF,East Scotland,0.457,6.781
2049,DJF,East Scotland,0.522,7.806
2050,DJF,East Scotland,0.531,8.875
2051,DJF,East Scotland,0.576,10.475
2052,DJF,East Scotland,0.539,8.000
2053,DJF,East Scotland,0.474,9.238
2054,DJF,East Scotland,0.526,11.194
2055,DJF,East Scotland,0.635,14.875
2056,DJF,East Scotland,0.527,11.131
2057,DJF,East Scotland,0.668,15.925
2058,DJF,East Scotland,0.496,10.019
2059,DJF,East Scotland,0.596,12.306
2060,DJF,East Scotland,0.650,12.375
2061,DJF,East Scotland,0.625,11.594
2062,DJF,East Scotland,0.591,11.887
2063,DJF,East Scotland,0.549,8.606
2064,DJF,East Scotland,0.509,9.287
2065,DJF,East Scotland,0.638,11.319
2066,DJF,East Scotland,0.640,9.175
2067,DJF,East Scotland,0.575,9.887
2068,DJF,East Scotland,0.610,10.800
2069,DJF,East Scotland,0.610,9.994
2070,DJF,East Scotland,0.645,12.231
2071,DJF,East Scotland,0.550,11.606
2072,DJF,East Scotland,0.492,8.094
2073,DJF,East Scotland,0.622,11.231
2074,DJF,East Scotland,0.627,16.069
2075,DJF,East Scotland,0.580,10.744
2076,DJF,East Scotland,0.635,11.881
2077,DJF,East Scotland,0.616,10.425
2078,DJF,East Scotland,0.614,10.988
2079,DJF,East Scotland,0.625,13.787
2080,DJF,East Scotland,0.542,6.912
1981,DJF,London,0.507,6.083
1982,DJF,London,0.406,6.167
1983,DJF,London,0.469,10.333
1984,DJF,London,0.429,9.500
1985,DJF,London,0.489,11.000
1986,DJF,London,0.428,4.917
1987,DJF,London,0.494,5.583
1988,DJF,London,0.635,9.000
1989,DJF,London,0.419,5.667
1990,DJF,London,0.411,7.583
1991,DJF,London,0.460,8.083
1992,DJF,London,0.500,10.000
1993,DJF,London,0.594,8.250
1994,DJF,London,0.498,6.250
1995,DJF,London,0.560,5.917
1996,DJF,London,0.647,8.667
1997,DJF,London,0.484,7.250
1998,DJF,London,0.386,8.250
1999,DJF,London,0.367,6.000
2000,DJF,London,0.497,7.083
2001,DJF,London,0.686,15.500
2002,DJF,London,0.480,8.417
2003,DJF,London,0.469,5.000
2004,DJF,London,0.594,15.000
2005,DJF,London,0.379,4.167
2006,DJF,London,0.589,8.333
2007,DJF,London,0.597,11.083
2008,DJF,London,0.548,9.833
2009,DJF,London,0.548,7.667
2010,DJF,London,0.531,8.000
2011,DJF,London,0.444,5.833
2012,DJF,London,0.447,5.917
2013,DJF,London,0.400,6.167
2014,DJF,London,0.488,7.500
2015,DJF,London,0.619,11.833
2016,DJF,London,0.618,12.333
2017,DJF,London,0.452,6.833
2018,DJF,London,0.503,17.667
2019,DJF,London,0.469,8.417
2020,DJF,London,0.585,8.333
2021,DJF,London,0.544,6.583
2022,DJF,London,0.517,8.167
2023,DJF,London,0.531,9.417
2024,DJF,London,0.439,5.833
2025,DJF,London,0.596,8.750
2026,DJF,London,0.556,7.667
2027,DJF,London,0.585,9.083
2028,DJF,London,0.438,4.250
2029,DJF,London,0.469,4.750
2030,DJF,London,0.304,4.167
2031,DJF,London,0.478,9.000
2032,DJF,London,0.544,7.250
2033,DJF,London,0.444,8.083
2034,DJF,London,0.556,10.000
2035,DJF,London,0.420,6.417
2036,DJF,London,0.374,5.250
2037,DJF,London,0.510,7.500
2038,DJF,London,0.425,9.750
2039,DJF,London,0.522,6.167
2040,DJF,London,0.407,7.083
2041,DJF,London,0.478,5.333
2042,DJF,London,0.646,8.417
2043,DJF,London,0.619,12.417
2044,DJF,London,0.585,6.500
2045,DJF,London,0.514,6.667
2046,DJF,London,0.482,6.000
2047,DJF,London,0.437,13.000
2048,DJF,London,0.382,11.250
2049,DJF,London,0.453,9.333
2050,DJF,London,0.553,8.167
2051,DJF,London,0.469,4.750
2052,DJF,London,0.469,4.583
2053,DJF,London,0.295,4.000
2054,DJF,London,0.444,8.667
2055,DJF,London,0.502,9.500
2056,DJF,London,0.469,9.667
2057,DJF,London,0.599,8.083
2058,DJF,London,0.536,11.583
2059,DJF,London,0.557,9.667
2060,DJF,London,0.649,7.000
2061,DJF,London,0.529,7.167
2062,DJF,London,0.559,7.000
2063,DJF,London,0.465,5.750
2064,DJF,London,0.425,8.583
2065,DJF,London,0.546,10.000
2066,DJF,London,0.605,5.500
2067,DJF,London,0.416,6.417
2068,DJF,London,0.462,7.167
2069,DJF,London,0.481,7.500
2070,DJF,London,0.554,7.750
2071,DJF,London,0.503,8.417
2072,DJF,London,0.435,5.083
2073,DJF,London,0.530,7.000
2074,DJF,London,0.468,5.833
2075,DJF,London,0.460,6.667
2076,DJF,London,0.569,7.083
2077,DJF,London,0.631,12.000
2078,DJF,London,0.505,6.000
2079,DJF,London,0.482,7.167
2080,DJF,London,0.506,5.417
1981,DJF,North East England,0.583,9.895
1982,DJF,North East England,0.572,13.316
1983,DJF,North East England,0.544,7.526
1984,DJF,North East England,0.524,9.228
1985,DJF,North East England,0.649,13.263
1986,DJF,North East England,0.459,7.982
1987,DJF,North East England,0.582,8.561
1988,DJF,North East England,0.671,12.491
1989,DJF,North East England,0.460,6.877
1990,DJF,North East England,0.415,8.368
1991,DJF,North East England,0.611,8.140
1992,DJF,North East England,0.496,9.561
1993,DJF,North East England,0.612,8.842
1994,DJF,North East England,0.633,11.982
1995,DJF,North East England,0.557,7.228
1996,DJF,North East England,0.590,10.965
1997,DJF,North East England,0.583,8.246
1998,DJF,North East England,0.465,8.211
1999,DJF,North East England,0.485,7.825
2000,DJF,North East England,0.467,7.789
2001,DJF,North East England,0.621,8.474
2002,DJF,North East England,0.601,13.474
2003,DJF,North East England,0.530,10.632
2004,DJF,North East England,0.571,11.982
2005,DJF,North East England,0.479,6.965
2006,DJF,North East England,0.554,10.140
2007,DJF,North East England,0.562,8.579
2008,DJF,North East England,0.560,8.579
2009,DJF,North East England,0.507,11.684
2010,DJF,North East England,0.563,9.649
2011,DJF,North East England,0.531,6.509
2012,DJF,North East England,0.561,8.789
2013,DJF,North East England,0.476,8.053
2014,DJF,North East England,0.547,9.912
2015,DJF,North East England,0.575,6.807
2016,DJF,North East England,0.544,9.053
2017,DJF,North East England,0.566,11.754
2018,DJF,North East England,0.561,10.561
2019,DJF,North East England,0.561,8.298
2020,DJF,North East England,0.540,8.123
2021,DJF,North East England,0.603,12.018
2022,DJF,North East England,0.581,12.333
2023,DJF,North East England,0.547,9.702
2024,DJF,North East England,0.475,8.860
2025,DJF,North East England,0.614,8.175
2026,DJF,North East England,0.554,10.053
2027,DJF,North East England,0.662,10.807
2028,DJF,North East England,0.494,9.719
2029,DJF,North East England,0.501,7.509
2030,DJF,North East England,0.445,8.000
2031,DJF,North East England,0.553,8.842
2032,DJF,North East England,0.495,8.228
2033,DJF,North East England,0.551,11.105
2034,DJF,North East England,0.489,8.754
2035,DJF,North East England,0.504,7.474
2036,DJF,North East England,0.463,6.263
2037,DJF,North East England,0.457,7.053
2038,DJF,North East England,0.424,7.281
2039,DJF,North East England,0.535,9.351
2040,DJF,North East England,0.473,6.105
2041,DJF,North East England,0.472,8.316
2042,DJF,North East England,0.599,9.193
2043,DJF,North East England,0.621,11.684
2044,DJF,North East England,0.564,8.105
2045,DJF,North East England,0.526,8.070
2046,DJF,North East England,0.582,8.947
2047,DJF,North East England,0.466,9.175
2048,DJF,North East England,0.395,5.509
2049,DJF,North East England,0.480,10.088
2050,DJF,North East England,0.524,8.421
2051,DJF,North East England,0.523,7.789
2052,DJF,North East England,0.575,9.000
2053,DJF,North East England,0.424,7.632
2054,DJF,North East England,0.459,8.947
2055,DJF,North East England,0.597,11.982
2056,DJF,North East England,0.476,10.211
2057,DJF,North East England,0.644,12.193
2058,DJF,North East England,0.513,8.877
2059,DJF,North East England,0.545,8.737
2060,DJF,North East England,0.567,7.561
2061,DJF,North East England,0.560,8.123
2062,DJF,North East England,0.548,8.228
2063,DJF,North East England,0.517,6.070
2064,DJF,North East England,0.514,9.333
2065,DJF,North East England,0.579,8.175
2066,DJF,North East England,0.653,10.211
2067,DJF,North East England,0.537,8.263
2068,DJF,North East England,0.501,8.088
2069,DJF,North East England,0.530,6.632
2070,DJF,North East England,0.586,9.754
2071,DJF,North East England,0.531,10.123
2072,DJF,North East England,0.426,6.474
2073,DJF,North East England,0.531,9.211
2074,DJF,North East England,0.534,8.965
2075,DJF,North East England,0.513,11.211
2076,DJF,North East England,0.605,10.807
2077,DJF,North East England,0.610,10.053
2078,DJF,North East England,0.545,7.281
2079,DJF,North East England,0.566,10.281
2080,DJF,North East England,0.566,8.368
1981,DJF,North Scotland,0.705,16.580
1982,DJF,North Scotland,0.512,8.670
1983,DJF,North Scotland,0.780,17.486
1984,DJF,North Scotland,0.518,16.410
1985,DJF,North Scotland,0.491,10.462
1986,DJF,North Scotland,0.504,8.250
1987,DJF,North Scotland,0.734,19.061
1988,DJF,North Scotland,0.675,12.259
1989,DJF,North Scotland,0.689,16.519
1990,DJF,North Scotland,0.488,8.981
1991,DJF,North Scotland,0.755,19.670
1992,DJF,North Scotland,0.563,11.792
1993,DJF,North Scotland,0.767,26.448
1994,DJF,North Scotland,0.608,15.075
1995,DJF,North Scotland,0.721,18.500
1996,DJF,North Scotland,0.682,15.132
1997,DJF,North Scotland,0.743,16.434
1998,DJF,North Scotland,0.677,14.670
1999,DJF,North Scotland,0.754,  NA
2000,DJF,North Scotland,0.601,19.920
2001,DJF,North Scotland,0.657,16.193
2002,DJF,North Scotland,0.680,21.198
2003,DJF,North Scotland,0.659,18.184
2004,DJF,North Scotland,0.794,23.151
2005,DJF,North Scotland,0.674,12.080
2006,DJF,North Scotland,0.706,16.514
2007,DJF,North Scotland,0.567,9.873
2008,DJF,North Scotland,0.562,11.509
2009,DJF,North Scotland,0.586,14.009
2010,DJF,North Scotland,0.693,15.340
2011,DJF,North Scotland,0.648,14.170
2012,DJF,North Scotland,0.591,10.976
2013,DJF,North Scotland,0.577,12.170
2014,DJF,North Scotland,0.679,16.410
2015,DJF,North Scotland,0.732,19.495
2016,DJF,North Scotland,0.660,14.764
2017,DJF,North Scotland,0.670,20.594
2018,DJF,North Scotland,0.552,10.561
2019,DJF,North Scotland,0.602,11.208
2020,DJF,North Scotland,0.643,13.057
2021,DJF,North Scotland,0.815,20.807
2022,DJF,North Scotland,0.716,24.335
2023,DJF,North Scotland,0.569,10.038
2024,DJF,North Scotland,0.718,17.774
2025,DJF,North Scotland,0.641,12.047
2026,DJF,North Scotland,0.651,14.458
2027,DJF,North Scotland,0.578,16.208
2028,DJF,North Scotland,0.654,15.519
2029,DJF,North Scotland,0.639,13.637
2030,DJF,North Scotland,0.687,20.453
2031,DJF,North Scotland,0.639,15.024
2032,DJF,North Scotland,0.683,9.943
2033,DJF,North Scotland,0.604,14.486
2034,DJF,North Scotland,0.636,12.373
2035,DJF,North Scotland,0.675,12.670
2036,DJF,North Scotland,0.621,12.316
2037,DJF,North Scotland,0.560,10.811
2038,DJF,North Scotland,0.620,12.189
2039,DJF,North Scotland,0.645,11.887
2040,DJF,North Scotland,0.587,12.995
2041,DJF,North Scotland,0.595,14.854
2042,DJF,North Scotland,0.630,10.542
2043,DJF,North Scotland,0.524,11.472
2044,DJF,North Scotland,0.727,17.670
2045,DJF,North Scotland,0.600,14.660
2046,DJF,North Scotland,0.644,13.627
2047,DJF,North Scotland,0.550,12.354
2048,DJF,North Scotland,0.521,9.434
2049,DJF,North Scotland,0.586,12.203
2050,DJF,North Scotland,0.618,9.868
2051,DJF,North Scotland,0.661,14.901
2052,DJF,North Scotland,0.621,18.090
2053,DJF,North Scotland,0.562,11.212
2054,DJF,North Scotland,0.619,16.330
2055,DJF,North Scotland,0.686,17.533
2056,DJF,North Scotland,0.564,11.557
2057,DJF,North Scotland,0.793,22.495
2058,DJF,North Scotland,0.626,14.080
2059,DJF,North Scotland,0.688,14.292
2060,DJF,North Scotland,0.689,16.005
2061,DJF,North Scotland,0.708,16.486
2062,DJF,North Scotland,0.709,18.349
2063,DJF,North Scotland,0.619,14.717
2064,DJF,North Scotland,0.599,10.877
2065,DJF,North Scotland,0.736,16.547
2066,DJF,North Scotland,0.713,13.943
2067,DJF,North Scotland,0.761,17.613
2068,DJF,North Scotland,0.763,20.953
2069,DJF,North Scotland,0.698,17.278
2070,DJF,North Scotland,0.733,13.382
2071,DJF,North Scotland,0.632,14.594
2072,DJF,North Scotland,0.528,10.090
2073,DJF,North Scotland,0.747,18.415
2074,DJF,North Scotland,0.698,17.788
2075,DJF,North Scotland,0.697,14.722
2076,DJF,North Scotland,0.737,15.991
2077,DJF,North Scotland,0.752,16.458
2078,DJF,North Scotland,0.736,19.660
2079,DJF,North Scotland,0.726,20.373
2080,DJF,North Scotland,0.697,12.476
1981,DJF,North West England,0.702,16.731
1982,DJF,North West England,0.464,10.258
1983,DJF,North West England,0.743,13.957
1984,DJF,North West England,0.576,13.129
1985,DJF,North West England,0.510,10.602
1986,DJF,North West England,0.526,10.387
1987,DJF,North West England,0.728,13.860
1988,DJF,North West England,0.716,16.323
1989,DJF,North West England,0.666,13.903
1990,DJF,North West England,0.473,9.355
1991,DJF,North West England,0.682,14.011
1992,DJF,North West England,0.486,16.839
1993,DJF,North West England,0.804,18.226
1994,DJF,North West England,0.600,9.839
1995,DJF,North West England,0.712,14.344
1996,DJF,North West England,0.739,15.839
1997,DJF,North West England,0.727,14.634
1998,DJF,North West England,0.614,11.075
1999,DJF,North West England,0.706,15.172
2000,DJF,North West England,0.614,17.333
2001,DJF,North West England,0.702,15.548
2002,DJF,North West England,0.637,12.688
2003,DJF,North West England,0.673,16.409
2004,DJF,North West England,0.781,24.129
2005,DJF,North West England,0.582,9.989
2006,DJF,North West England,0.759,24.054
2007,DJF,North West England,0.606,10.484
2008,DJF,North West England,0.569,8.710
2009,DJF,North West England,0.536,14.398
2010,DJF,North West England,0.732,18.667
2011,DJF,North West England,0.649,11.925
2012,DJF,North West England,0.632,12.839
2013,DJF,North West England,0.583,10.344
2014,DJF,North West England,0.631,11.086
2015,DJF,North West England,0.732,19.656
2016,DJF,North West England,0.657,15.151
2017,DJF,North West England,0.606,18.323
2018,DJF,North West England,0.575,14.957
2019,DJF,North West England,0.647,10.860
2020,DJF,North West England,0.618,13.796
2021,DJF,North West England,0.811,20.097
2022,DJF,North West England,0.740,22.559
2023,DJF,North West England,0.590,8.473
2024,DJF,North West England,0.700,17.871
2025,DJF,North West England,0.624,10.097
2026,DJF,North West England,0.656,14.602
2027,DJF,North West England,0.661,16.602
2028,DJF,North West England,0.625,13.538
2029,DJF,North West England,0.647,12.204
2030,DJF,North West England,0.627,16.108
2031,DJF,North West England,0.629,15.194
2032,DJF,North West England,0.655,13.000
2033,DJF,North West England,0.522,12.516
2034,DJF,North West England,0.617,12.398
2035,DJF,North West England,0.609,9.968
2036,DJF,North West England,0.536,9.785
2037,DJF,North West England,0.572,12.774
2038,DJF,North West England,0.595,10.527
2039,DJF,North West England,0.666,13.269
2040,DJF,North West England,0.532,12.796
2041,DJF,North West England,0.606,14.086
2042,DJF,North West England,0.697,13.892
2043,DJF,North West England,0.655,11.925
2044,DJF,North West England,0.755,19.774
2045,DJF,North West England,0.613,17.978
2046,DJF,North West England,0.709,14.054
2047,DJF,North West England,0.572,10.677
2048,DJF,North West England,0.489,8.387
2049,DJF,North West England,0.582,14.570
2050,DJF,North West England,0.676,14.720
2051,DJF,North West England,0.663,11.344
2052,DJF,North West England,0.670,12.903
2053,DJF,North West England,0.490,11.570
2054,DJF,North West England,0.587,19.763
2055,DJF,North West England,0.692,16.323
2056,DJF,North West England,0.550,9.140
2057,DJF,North West England,0.838,25.419
2058,DJF,North West England,0.666,13.817
2059,DJF,North West England,0.662,14.194
2060,DJF,North West England,0.703,18.118
2061,DJF,North West England,0.704,13.097
2062,DJF,North West England,0.756,12.398
2063,DJF,North West England,0.602,10.785
2064,DJF,North West England,0.556,8.677
2065,DJF,North West England,0.753,13.720
2066,DJF,North West England,0.782,13.269
2067,DJF,North West England,0.745,18.989
2068,DJF,North West England,0.736,16.118
2069,DJF,North West England,0.681,13.699
2070,DJF,North West England,0.803,19.097
2071,DJF,North West England,0.636,20.183
2072,DJF,North West England,0.552,10.204
2073,DJF,North West England,0.743,20.290
2074,DJF,North West England,0.703,14.151
2075,DJF,North West England,0.678,15.430
2076,DJF,North West England,0.743,12.366
2077,DJF,North West England,0.803,17.796
2078,DJF,North West England,0.717,15.097
2079,DJF,North West England,0.726,16.903
2080,DJF,North West England,0.735,13.032
1981,DJF,South East England,0.536,6.398
1982,DJF,South East England,0.361,5.517
1983,DJF,South East England,0.450,7.246
1984,DJF,South East England,0.483,9.907
1985,DJF,South East England,0.506,13.729
1986,DJF,South East England,0.454,6.585
1987,DJF,South East England,0.504,5.585
1988,DJF,South East England,0.672,9.331
1989,DJF,South East England,0.433,5.153
1990,DJF,South East England,0.441,8.517
1991,DJF,South East England,0.485,6.780
1992,DJF,South East England,0.465,9.212
1993,DJF,South East England,0.602,8.356
1994,DJF,South East England,0.488,5.229
1995,DJF,South East England,0.598,8.839
1996,DJF,South East England,0.656,8.186
1997,DJF,South East England,0.462,7.627
1998,DJF,South East England,0.403,8.042
1999,DJF,South East England,0.407,4.975
2000,DJF,South East England,0.463,7.305
2001,DJF,South East England,0.699,19.983
2002,DJF,South East England,0.510,11.178
2003,DJF,South East England,0.498,7.229
2004,DJF,South East England,0.592,17.161
2005,DJF,South East England,0.401,4.873
2006,DJF,South East England,0.595,8.627
2007,DJF,South East England,0.615,10.686
2008,DJF,South East England,0.562,10.805
2009,DJF,South East England,0.495,7.898
2010,DJF,South East England,0.562,8.178
2011,DJF,South East England,0.452,5.856
2012,DJF,South East England,0.457,5.983
2013,DJF,South East England,0.438,7.729
2014,DJF,South East England,0.485,7.508
2015,DJF,South East England,0.574,11.415
2016,DJF,South East England,0.603,14.186
2017,DJF,South East England,0.469,7.441
2018,DJF,South East England,0.521,15.839
2019,DJF,South East England,0.496,7.517
2020,DJF,South East England,0.562,7.551
2021,DJF,South East England,0.551,7.093
2022,DJF,South East England,0.511,7.644
2023,DJF,South East England,0.523,9.102
2024,DJF,South East England,0.426,6.398
2025,DJF,South East England,0.569,10.212
2026,DJF,South East England,0.585,9.831
2027,DJF,South East England,0.576,9.466
2028,DJF,South East England,0.429,5.559
2029,DJF,South East England,0.460,4.551
2030,DJF,South East England,0.352,5.542
2031,DJF,South East England,0.488,10.076
2032,DJF,South East England,0.540,7.475
2033,DJF,South East England,0.398,7.449
2034,DJF,South East England,0.562,10.136
2035,DJF,South East England,0.443,6.754
2036,DJF,South East England,0.403,6.288
2037,DJF,South East England,0.531,7.898
2038,DJF,South East England,0.420,7.864
2039,DJF,South East England,0.512,9.136
2040,DJF,South East England,0.390,9.475
2041,DJF,South East England,0.506,7.678
2042,DJF,South East England,0.656,8.636
2043,DJF,South East England,0.596,12.881
2044,DJF,South East England,0.593,7.356
2045,DJF,South East England,0.528,7.314
2046,DJF,South East England,0.490,9.161
2047,DJF,South East England,0.429,13.297
2048,DJF,South East England,0.406,10.458
2049,DJF,South East England,0.460,10.729
2050,DJF,South East England,0.529,8.966
2051,DJF,South East England,0.487,5.737
2052,DJF,South East England,0.471,5.831
2053,DJF,South East England,0.302,4.381
2054,DJF,South East England,0.453,9.000
2055,DJF,South East England,0.489,8.847
2056,DJF,South East England,0.458,7.932
2057,DJF,South East England,0.615,9.924
2058,DJF,South East England,0.540,13.669
2059,DJF,South East England,0.567,9.525
2060,DJF,South East England,0.665,9.746
2061,DJF,South East England,0.534,6.441
2062,DJF,South East England,0.560,7.085
2063,DJF,South East England,0.474,7.008
2064,DJF,South East England,0.435,10.695
2065,DJF,South East England,0.563,10.932
2066,DJF,South East England,0.591,5.568
2067,DJF,South East England,0.419,5.636
2068,DJF,South East England,0.489,7.839
2069,DJF,South East England,0.501,8.364
2070,DJF,South East England,0.584,9.415
2071,DJF,South East England,0.481,6.983
2072,DJF,South East England,0.437,4.958
2073,DJF,South East England,0.508,6.373
2074,DJF,South East England,0.505,6.636
2075,DJF,South East England,0.487,6.864
2076,DJF,South East England,0.566,7.559
2077,DJF,South East England,0.611,9.636
2078,DJF,South East England,0.477,5.686
2079,DJF,South East England,0.517,7.169
2080,DJF,South East England,0.480,5.941
1981,DJF,South West England,0.638,10.429
1982,DJF,South West England,0.304,5.462
1983,DJF,South West England,0.498,6.404
1984,DJF,South West England,0.527,8.436
1985,DJF,South West England,0.540,13.609
1986,DJF,South West England,0.510,8.981
1987,DJF,South West England,0.580,8.083
1988,DJF,South West England,0.681,10.821
1989,DJF,South West England,0.488,6.212
1990,DJF,South West England,0.494,12.423
1991,DJF,South West England,0.588,10.564
1992,DJF,South West England,0.448,9.731
1993,DJF,South West England,0.657,9.224
1994,DJF,South West England,0.492,6.064
1995,DJF,South West England,0.669,10.346
1996,DJF,South West England,0.720,11.968
1997,DJF,South West England,0.560,9.885
1998,DJF,South West England,0.535,10.218
1999,DJF,South West England,0.480,6.628
2000,DJF,South West England,0.515,8.308
2001,DJF,South West England,0.715,21.782
2002,DJF,South West England,0.527,15.365
2003,DJF,South West England,0.562,9.615
2004,DJF,South West England,0.664,18.712
2005,DJF,South West England,0.443,5.487
2006,DJF,South West England,0.660,10.519
2007,DJF,South West England,0.629,11.250
2008,DJF,South West England,0.608,14.814
2009,DJF,South West England,0.505,10.103
2010,DJF,South West England,0.634,12.878
2011,DJF,South West England,0.534,8.224
2012,DJF,South West England,0.496,8.577
2013,DJF,South West England,0.491,8.154
2014,DJF,South West England,0.542,8.853
2015,DJF,South West England,0.596,11.705
2016,DJF,South West England,0.650,12.506
2017,DJF,South West England,0.519,9.840
2018,DJF,South West England,0.569,13.731
2019,DJF,South West England,0.604,11.006
2020,DJF,South West England,0.605,10.853
2021,DJF,South West England,0.604,8.231
2022,DJF,South West England,0.602,10.205
2023,DJF,South West England,0.559,8.974
2024,DJF,South West England,0.505,10.115
2025,DJF,South West England,0.576,10.179
2026,DJF,South West England,0.648,10.827
2027,DJF,South West England,0.595,10.955
2028,DJF,South West England,0.534,7.987
2029,DJF,South West England,0.495,5.788
2030,DJF,South West England,0.444,7.936
2031,DJF,South West England,0.520,9.853
2032,DJF,South West England,0.556,8.833
2033,DJF,South West England,0.452,9.237
2034,DJF,South West England,0.607,11.878
2035,DJF,South West England,0.514,8.538
2036,DJF,South West England,0.436,7.378
2037,DJF,South West England,0.535,8.776
2038,DJF,South West England,0.470,9.538
2039,DJF,South West England,0.556,11.064
2040,DJF,South West England,0.430,11.955
2041,DJF,South West England,0.552,13.904
2042,DJF,South West England,0.702,11.051
2043,DJF,South West England,0.621,12.596
2044,DJF,South West England,0.675,10.135
2045,DJF,South West England,0.545,9.276
2046,DJF,South West England,0.542,8.724
2047,DJF,South West England,0.462,13.276
2048,DJF,South West England,0.460,9.481
2049,DJF,South West England,0.530,10.776
2050,DJF,South West England,0.572,11.917
2051,DJF,South West England,0.535,7.596
2052,DJF,South West England,0.561,8.583
2053,DJF,South West England,0.362,5.192
2054,DJF,South West England,0.497,12.929
2055,DJF,South West England,0.518,9.801
2056,DJF,South West England,0.495,12.295
2057,DJF,South West England,0.690,16.846
2058,DJF,South West England,0.557,15.423
2059,DJF,South West England,0.606,8.583
2060,DJF,South West England,0.639,12.256
2061,DJF,South West England,0.585,7.949
2062,DJF,South West England,0.636,9.917
2063,DJF,South West England,0.518,9.006
2064,DJF,South West England,0.441,9.109
2065,DJF,South West England,0.684,14.865
2066,DJF,South West England,0.672,8.494
2067,DJF,South West England,0.497,7.051
2068,DJF,South West England,0.591,9.840
2069,DJF,South West England,0.551,11.558
2070,DJF,South West England,0.661,12.577
2071,DJF,South West England,0.508,8.340
2072,DJF,South West England,0.476,7.000
2073,DJF,South West England,0.552,10.756
2074,DJF,South West England,0.610,8.705
2075,DJF,South West England,0.575,9.340
2076,DJF,South West England,0.624,8.763
2077,DJF,South West England,0.657,13.167
2078,DJF,South West England,0.585,11.968
2079,DJF,South West England,0.584,10.577
2080,DJF,South West England,0.540,6.596
1981,DJF,West Midlands,0.577,7.802
1982,DJF,West Midlands,0.354,8.267
1983,DJF,West Midlands,0.452,7.895
1984,DJF,West Midlands,0.469,7.407
1985,DJF,West Midlands,0.552,9.116
1986,DJF,West Midlands,0.469,6.372
1987,DJF,West Midlands,0.536,6.372
1988,DJF,West Midlands,0.644,9.023
1989,DJF,West Midlands,0.435,6.523
1990,DJF,West Midlands,0.433,6.965
1991,DJF,West Midlands,0.490,5.593
1992,DJF,West Midlands,0.444,7.302
1993,DJF,West Midlands,0.568,6.942
1994,DJF,West Midlands,0.503,6.267
1995,DJF,West Midlands,0.589,7.953
1996,DJF,West Midlands,0.633,7.605
1997,DJF,West Midlands,0.476,7.721
1998,DJF,West Midlands,0.454,11.407
1999,DJF,West Midlands,0.382,4.116
2000,DJF,West Midlands,0.463,7.500
2001,DJF,West Midlands,0.698,17.105
2002,DJF,West Midlands,0.557,12.047
2003,DJF,West Midlands,0.499,7.977
2004,DJF,West Midlands,0.621,16.977
2005,DJF,West Midlands,0.404,4.198
2006,DJF,West Midlands,0.560,8.837
2007,DJF,West Midlands,0.571,9.791
2008,DJF,West Midlands,0.545,9.895
2009,DJF,West Midlands,0.442,7.337
2010,DJF,West Midlands,0.555,8.233
2011,DJF,West Midlands,0.465,6.070
2012,DJF,West Midlands,0.455,6.988
2013,DJF,West Midlands,0.495,8.500
2014,DJF,West Midlands,0.503,7.174
2015,DJF,West Midlands,0.585,11.267
2016,DJF,West Midlands,0.580,9.186
2017,DJF,West Midlands,0.445,6.860
2018,DJF,West Midlands,0.504,10.337
2019,DJF,West Midlands,0.579,11.186
2020,DJF,West Midlands,0.563,8.384
2021,DJF,West Midlands,0.570,9.686
2022,DJF,West Midlands,0.539,7.233
2023,DJF,West Midlands,0.525,8.453
2024,DJF,West Midlands,0.449,7.256
2025,DJF,West Midlands,0.558,9.721
2026,DJF,West Midlands,0.564,7.279
2027,DJF,West Midlands,0.598,8.872
2028,DJF,West Midlands,0.429,6.093
2029,DJF,West Midlands,0.456,5.581
2030,DJF,West Midlands,0.376,6.616
2031,DJF,West Midlands,0.517,9.267
2032,DJF,West Midlands,0.491,8.349
2033,DJF,West Midlands,0.452,7.651
2034,DJF,West Midlands,0.563,9.221
2035,DJF,West Midlands,0.461,7.744
2036,DJF,West Midlands,0.385,7.407
2037,DJF,West Midlands,0.533,9.035
2038,DJF,West Midlands,0.442,9.151
2039,DJF,West Midlands,0.516,10.953
2040,DJF,West Midlands,0.456,13.837
2041,DJF,West Midlands,0.500,9.128
2042,DJF,West Midlands,0.658,8.349
2043,DJF,West Midlands,0.594,10.488
2044,DJF,West Midlands,0.589,7.686
2045,DJF,West Midlands,0.507,7.651
2046,DJF,West Midlands,0.492,5.640
2047,DJF,West Midlands,0.435,8.640
2048,DJF,West Midlands,0.420,10.209
2049,DJF,West Midlands,0.458,9.128
2050,DJF,West Midlands,0.553,10.593
2051,DJF,West Midlands,0.504,6.605
2052,DJF,West Midlands,0.499,6.093
2053,DJF,West Midlands,0.284,4.128
2054,DJF,West Midlands,0.456,8.233
2055,DJF,West Midlands,0.479,8.477
2056,DJF,West Midlands,0.456,10.314
2057,DJF,West Midlands,0.644,11.628
2058,DJF,West Midlands,0.534,12.047
2059,DJF,West Midlands,0.525,8.047
2060,DJF,West Midlands,0.568,7.279
2061,DJF,West Midlands,0.582,7.721
2062,DJF,West Midlands,0.582,9.058
2063,DJF,West Midlands,0.446,4.419
2064,DJF,West Midlands,0.437,6.953
2065,DJF,West Midlands,0.540,9.767
2066,DJF,West Midlands,0.640,8.372
2067,DJF,West Midlands,0.410,5.151
2068,DJF,West Midlands,0.482,6.733
2069,DJF,West Midlands,0.442,7.291
2070,DJF,West Midlands,0.604,8.826
2071,DJF,West Midlands,0.446,7.326
2072,DJF,West Midlands,0.445,5.663
2073,DJF,West Midlands,0.551,7.233
2074,DJF,West Midlands,0.504,7.895
2075,DJF,West Midlands,0.515,8.663
2076,DJF,West Midlands,0.552,6.081
2077,DJF,West Midlands,0.618,9.733
2078,DJF,West Midlands,0.488,6.453
2079,DJF,West Midlands,0.534,7.849
2080,DJF,West Midlands,0.517,6.291
1981,DJF,West Scotland,0.719,17.008
1982,DJF,West Scotland,0.431,7.614
1983,DJF,West Scotland,0.742,12.811
1984,DJF,West Scotland,0.623,22.258
1985,DJF,West Scotland,0.543,11.038
1986,DJF,West Scotland,0.591,12.356
1987,DJF,West Scotland,0.792,18.333
1988,DJF,West Scotland,0.706,15.326
1989,DJF,West Scotland,0.698,15.712
1990,DJF,West Scotland,0.524,8.492
1991,DJF,West Scotland,0.673,13.621
1992,DJF,West Scotland,0.485,16.182
1993,DJF,West Scotland,0.855,24.455
1994,DJF,West Scotland,0.612,12.227
1995,DJF,West Scotland,0.765,16.492
1996,DJF,West Scotland,0.734,13.515
1997,DJF,West Scotland,0.729,13.621
1998,DJF,West Scotland,0.756,16.780
1999,DJF,West Scotland,0.848,22.500
2000,DJF,West Scotland,0.624,14.477
2001,DJF,West Scotland,0.650,15.205
2002,DJF,West Scotland,0.648,15.485
2003,DJF,West Scotland,0.714,21.295
2004,DJF,West Scotland,0.785,27.258
2005,DJF,West Scotland,0.613,11.235
2006,DJF,West Scotland,0.765,18.273
2007,DJF,West Scotland,0.554,9.977
2008,DJF,West Scotland,0.616,11.447
2009,DJF,West Scotland,0.532,10.417
2010,DJF,West Scotland,0.747,21.045
2011,DJF,West Scotland,0.719,12.909
2012,DJF,West Scotland,0.619,9.500
2013,DJF,West Scotland,0.643,12.939
2014,DJF,West Scotland,0.713,12.879
2015,DJF,West Scotland,0.743,20.606
2016,DJF,West Scotland,0.617,15.667
2017,DJF,West Scotland,0.692,21.311
2018,DJF,West Scotland,0.556,15.500
2019,DJF,West Scotland,0.637,11.288
2020,DJF,West Scotland,0.646,10.795
2021,DJF,West Scotland,0.848,21.121
2022,DJF,West Scotland,0.798,24.227
2023,DJF,West Scotland,0.592,11.530
2024,DJF,West Scotland,0.695,13.977
2025,DJF,West Scotland,0.597,9.712
2026,DJF,West Scotland,0.676,14.955
2027,DJF,West Scotland,0.669,19.136
2028,DJF,West Scotland,0.678,16.455
2029,DJF,West Scotland,0.670,15.439
2030,DJF,West Scotland,0.714,16.129
2031,DJF,West Scotland,0.665,15.765
2032,DJF,West Scotland,0.675,11.076
2033,DJF,West Scotland,0.557,14.159
2034,DJF,West Scotland,0.628,11.538
2035,DJF,West Scotland,0.623,10.583
2036,DJF,West Scotland,0.598,10.788
2037,DJF,West Scotland,0.500,10.848
2038,DJF,West Scotland,0.645,12.795
2039,DJF,West Scotland,0.687,13.000
2040,DJF,West Scotland,0.556,12.576
2041,DJF,West Scotland,0.632,14.098
2042,DJF,West Scotland,0.645,12.356
2043,DJF,West Scotland,0.570,10.924
2044,DJF,West Scotland,0.748,15.152
2045,DJF,West Scotland,0.686,16.106
2046,DJF,West Scotland,0.692,18.364
2047,DJF,West Scotland,0.565,11.424
2048,DJF,West Scotland,0.536,9.538
2049,DJF,West Scotland,0.577,10.061
2050,DJF,West Scotland,0.678,12.500
2051,DJF,West Scotland,0.724,14.250
2052,DJF,West Scotland,0.684,12.924
2053,DJF,West Scotland,0.552,13.030
2054,DJF,West Scotland,0.601,19.121
2055,DJF,West Scotland,0.723,16.659
2056,DJF,West Scotland,0.602,10.038
2057,DJF,West Scotland,0.833,22.538
2058,DJF,West Scotland,0.660,18.652
2059,DJF,West Scotland,0.697,18.152
2060,DJF,West Scotland,0.766,16.750
2061,DJF,West Scotland,0.701,15.492
2062,DJF,West Scotland,0.749,14.106
2063,DJF,West Scotland,0.624,12.409
2064,DJF,West Scotland,0.518,8.197
2065,DJF,West Scotland,0.772,19.068
2066,DJF,West Scotland,0.725,11.598
2067,DJF,West Scotland,0.792,19.091
2068,DJF,West Scotland,0.817,23.742
2069,DJF,West Scotland,0.709,13.811
2070,DJF,West Scotland,0.805,18.833
2071,DJF,West Scotland,0.574,15.477
2072,DJF,West Scotland,0.599,10.583
2073,DJF,West Scotland,0.799,16.750
2074,DJF,West Scotland,0.786,16.826
2075,DJF,West Scotland,0.704,13.182
2076,DJF,West Scotland,0.753,12.750
2077,DJF,West Scotland,0.768,16.341
2078,DJF,West Scotland,0.758,16.303
2079,DJF,West Scotland,0.731,18.462
2080,DJF,West Scotland,0.656,9.932
1981,DJF,Yorkshire and Humber,0.586,10.545
1982,DJF,Yorkshire and Humber,0.548,10.921
1983,DJF,Yorkshire and Humber,0.519,9.396
1984,DJF,Yorkshire and Humber,0.555,7.574
1985,DJF,Yorkshire and Humber,0.642,12.089
1986,DJF,Yorkshire and Humber,0.466,6.515
1987,DJF,Yorkshire and Humber,0.602,8.713
1988,DJF,Yorkshire and Humber,0.653,9.554
1989,DJF,Yorkshire and Humber,0.448,6.554
1990,DJF,Yorkshire and Humber,0.427,7.941
1991,DJF,Yorkshire and Humber,0.611,10.139
1992,DJF,Yorkshire and Humber,0.475,7.663
1993,DJF,Yorkshire and Humber,0.595,9.178
1994,DJF,Yorkshire and Humber,0.605,10.703
1995,DJF,Yorkshire and Humber,0.592,8.802
1996,DJF,Yorkshire and Humber,0.598,9.772
1997,DJF,Yorkshire and Humber,0.568,11.099
1998,DJF,Yorkshire and Humber,0.455,7.762
1999,DJF,Yorkshire and Humber,0.431,6.158
2000,DJF,Yorkshire and Humber,0.461,7.188
2001,DJF,Yorkshire and Humber,0.669,12.119
2002,DJF,Yorkshire and Humber,0.581,10.663
2003,DJF,Yorkshire and Humber,0.536,9.703
2004,DJF,Yorkshire and Humber,0.577,12.228
2005,DJF,Yorkshire and Humber,0.447,5.941
2006,DJF,Yorkshire and Humber,0.549,10.851
2007,DJF,Yorkshire and Humber,0.590,8.891
2008,DJF,Yorkshire and Humber,0.538,8.158
2009,DJF,Yorkshire and Humber,0.474,9.010
2010,DJF,Yorkshire and Humber,0.581,9.822
2011,DJF,Yorkshire and Humber,0.518,6.713
2012,DJF,Yorkshire and Humber,0.546,10.624
2013,DJF,Yorkshire and Humber,0.479,8.752
2014,DJF,Yorkshire and Humber,0.532,8.337
2015,DJF,Yorkshire and Humber,0.596,9.584
2016,DJF,Yorkshire and Humber,0.530,8.406
2017,DJF,Yorkshire and Humber,0.502,9.366
2018,DJF,Yorkshire and Humber,0.553,11.416
2019,DJF,Yorkshire and Humber,0.572,7.980
2020,DJF,Yorkshire and Humber,0.535,8.990
2021,DJF,Yorkshire and Humber,0.593,10.149
2022,DJF,Yorkshire and Humber,0.574,10.663
2023,DJF,Yorkshire and Humber,0.499,8.693
2024,DJF,Yorkshire and Humber,0.489,8.851
2025,DJF,Yorkshire and Humber,0.606,8.851
2026,DJF,Yorkshire and Humber,0.588,9.535
2027,DJF,Yorkshire and Humber,0.627,9.208
2028,DJF,Yorkshire and Humber,0.463,8.327
2029,DJF,Yorkshire and Humber,0.490,6.535
2030,DJF,Yorkshire and Humber,0.405,7.208
2031,DJF,Yorkshire and Humber,0.587,10.832
2032,DJF,Yorkshire and Humber,0.502,8.198
2033,DJF,Yorkshire and Humber,0.551,11.149
2034,DJF,Yorkshire and Humber,0.485,8.386
2035,DJF,Yorkshire and Humber,0.495,7.455
2036,DJF,Yorkshire and Humber,0.443,6.842
2037,DJF,Yorkshire and Humber,0.474,7.257
2038,DJF,Yorkshire and Humber,0.436,6.881
2039,DJF,Yorkshire and Humber,0.572,10.525
2040,DJF,Yorkshire and Humber,0.457,7.871
2041,DJF,Yorkshire and Humber,0.474,8.059
2042,DJF,Yorkshire and Humber,0.639,9.762
2043,DJF,Yorkshire and Humber,0.598,12.188
2044,DJF,Yorkshire and Humber,0.578,9.257
2045,DJF,Yorkshire and Humber,0.495,8.663
2046,DJF,Yorkshire and Humber,0.603,9.228
2047,DJF,Yorkshire and Humber,0.504,9.347
2048,DJF,Yorkshire and Humber,0.396,6.198
2049,DJF,Yorkshire and Humber,0.469,17.050
2050,DJF,Yorkshire and Humber,0.580,12.317
2051,DJF,Yorkshire and Humber,0.528,7.584
2052,DJF,Yorkshire and Humber,0.510,8.248
2053,DJF,Yorkshire and Humber,0.342,6.030
2054,DJF,Yorkshire and Humber,0.478,8.881
2055,DJF,Yorkshire and Humber,0.550,9.832
2056,DJF,Yorkshire and Humber,0.472,8.980
2057,DJF,Yorkshire and Humber,0.650,13.980
2058,DJF,Yorkshire and Humber,0.545,11.218
2059,DJF,Yorkshire and Humber,0.555,8.327
2060,DJF,Yorkshire and Humber,0.578,7.356
2061,DJF,Yorkshire and Humber,0.595,8.149
2062,DJF,Yorkshire and Humber,0.510,7.188
2063,DJF,Yorkshire and Humber,0.483,5.257
2064,DJF,Yorkshire and Humber,0.443,8.010
2065,DJF,Yorkshire and Humber,0.578,8.564
2066,DJF,Yorkshire and Humber,0.651,8.634
2067,DJF,Yorkshire and Humber,0.492,6.564
2068,DJF,Yorkshire and Humber,0.466,6.812
2069,DJF,Yorkshire and Humber,0.500,6.505
2070,DJF,Yorkshire and Humber,0.603,9.545
2071,DJF,Yorkshire and Humber,0.524,10.881
2072,DJF,Yorkshire and Humber,0.471,6.129
2073,DJF,Yorkshire and Humber,0.542,10.465
2074,DJF,Yorkshire and Humber,0.547,10.069
2075,DJF,Yorkshire and Humber,0.498,10.931
2076,DJF,Yorkshire and Humber,0.546,7.713
2077,DJF,Yorkshire and Humber,0.623,10.426
2078,DJF,Yorkshire and Humber,0.547,8.861
2079,DJF,Yorkshire and Humber,0.567,8.158
2080,DJF,Yorkshire and Humber,0.556,8.267
1981,DJF,Channel Islands,0.578,8.000
1982,DJF,Channel Islands,0.333,6.500
1983,DJF,Channel Islands,0.422,5.000
1984,DJF,Channel Islands,0.478,10.000
1985,DJF,Channel Islands,0.456,10.000
1986,DJF,Channel Islands,0.422,8.500
1987,DJF,Channel Islands,0.478,11.000
1988,DJF,Channel Islands,0.583,10.000
1989,DJF,Channel Islands,0.494,4.000
1990,DJF,Channel Islands,0.461,10.000
1991,DJF,Channel Islands,0.522,5.500
1992,DJF,Channel Islands,0.350,7.000
1993,DJF,Channel Islands,0.550,6.500
1994,DJF,Channel Islands,0.511,5.000
1995,DJF,Channel Islands,0.556,9.500
1996,DJF,Channel Islands,0.750,15.000
1997,DJF,Channel Islands,0.544,9.000
1998,DJF,Channel Islands,0.411,12.000
1999,DJF,Channel Islands,0.400,6.500
2000,DJF,Channel Islands,0.394,5.500
2001,DJF,Channel Islands,0.667,9.000
2002,DJF,Channel Islands,0.511,21.000
2003,DJF,Channel Islands,0.500,12.000
2004,DJF,Channel Islands,0.633,13.500
2005,DJF,Channel Islands,0.383,6.000
2006,DJF,Channel Islands,0.678,10.500
2007,DJF,Channel Islands,0.600,12.000
2008,DJF,Channel Islands,0.528,8.500
2009,DJF,Channel Islands,0.506,9.500
2010,DJF,Channel Islands,0.539,8.000
2011,DJF,Channel Islands,0.456,6.000
2012,DJF,Channel Islands,0.456,6.000
2013,DJF,Channel Islands,0.389,7.000
2014,DJF,Channel Islands,0.522,9.000
2015,DJF,Channel Islands,0.539,9.000
2016,DJF,Channel Islands,0.628,11.500
2017,DJF,Channel Islands,0.433,6.000
2018,DJF,Channel Islands,0.583,19.000
2019,DJF,Channel Islands,0.444,7.500
2020,DJF,Channel Islands,0.561,6.000
2021,DJF,Channel Islands,0.561,9.000
2022,DJF,Channel Islands,0.506,8.000
2023,DJF,Channel Islands,0.533,7.000
2024,DJF,Channel Islands,0.439,7.000
2025,DJF,Channel Islands,0.611,10.500
2026,DJF,Channel Islands,0.567,13.000
2027,DJF,Channel Islands,0.522,8.000
2028,DJF,Channel Islands,0.428,7.000
2029,DJF,Channel Islands,0.494,8.000
2030,DJF,Channel Islands,0.344,10.000
2031,DJF,Channel Islands,0.478,6.000
2032,DJF,Channel Islands,0.567,6.500
2033,DJF,Channel Islands,0.533,10.000
2034,DJF,Channel Islands,0.606,7.000
2035,DJF,Channel Islands,0.478,8.000
2036,DJF,Channel Islands,0.433,7.500
2037,DJF,Channel Islands,0.567,11.500
2038,DJF,Channel Islands,0.411,8.000
2039,DJF,Channel Islands,0.522,9.000
2040,DJF,Channel Islands,0.411,15.500
2041,DJF,Channel Islands,0.533,7.000
2042,DJF,Channel Islands,0.600,13.000
2043,DJF,Channel Islands,0.633,12.000
2044,DJF,Channel Islands,0.589,7.000
2045,DJF,Channel Islands,0.506,12.500
2046,DJF,Channel Islands,0.528,16.000
2047,DJF,Channel Islands,0.428,9.000
2048,DJF,Channel Islands,0.411,6.500
2049,DJF,Channel Islands,0.439,14.500
2050,DJF,Channel Islands,0.594,10.000
2051,DJF,Channel Islands,0.478,7.000
2052,DJF,Channel Islands,0.522,8.000
2053,DJF,Channel Islands,0.417,8.000
2054,DJF,Channel Islands,0.467,9.000
2055,DJF,Channel Islands,0.489,10.000
2056,DJF,Channel Islands,0.517,13.000
2057,DJF,Channel Islands,0.650,10.000
2058,DJF,Channel Islands,0.528,9.000
2059,DJF,Channel Islands,0.600,10.000
2060,DJF,Channel Islands,0.656,18.000
2061,DJF,Channel Islands,0.528,7.500
2062,DJF,Channel Islands,0.694,7.000
2063,DJF,Channel Islands,0.511,7.000
2064,DJF,Channel Islands,0.472,16.000
2065,DJF,Channel Islands,0.556,9.000
2066,DJF,Channel Islands,0.689,10.000
2067,DJF,Channel Islands,0.494,11.000
2068,DJF,Channel Islands,0.517,13.500
2069,DJF,Channel Islands,0.556,15.000
2070,DJF,Channel Islands,0.600,8.000
2071,DJF,Channel Islands,0.533,6.000
2072,DJF,Channel Islands,0.394,11.000
2073,DJF,Channel Islands,0.417,13.000
2074,DJF,Channel Islands,0.483,8.000
2075,DJF,Channel Islands,0.561,7.000
2076,DJF,Channel Islands,0.556,6.000
2077,DJF,Channel Islands,0.661,17.000
2078,DJF,Channel Islands,0.517,8.000
2079,DJF,Channel Islands,0.506,7.000
2080,DJF,Channel Islands,0.528,6.500
1981,DJF,Isle of Man,0.607,11.667
1982,DJF,Isle of Man,0.367,11.000
1983,DJF,Isle of Man,0.596,7.000
1984,DJF,Isle of Man,0.504,8.333
1985,DJF,Isle of Man,0.581,7.333
1986,DJF,Isle of Man,0.515,7.667
1987,DJF,Isle of Man,0.656,10.333
1988,DJF,Isle of Man,0.704,17.333
1989,DJF,Isle of Man,0.548,6.333
1990,DJF,Isle of Man,0.441,6.000
1991,DJF,Isle of Man,0.607,12.000
1992,DJF,Isle of Man,0.393,8.000
1993,DJF,Isle of Man,0.670,7.000
1994,DJF,Isle of Man,0.533,7.667
1995,DJF,Isle of Man,0.644,9.333
1996,DJF,Isle of Man,0.656,11.000
1997,DJF,Isle of Man,0.593,10.000
1998,DJF,Isle of Man,0.652,9.667
1999,DJF,Isle of Man,0.715,17.333
2000,DJF,Isle of Man,0.585,6.000
2001,DJF,Isle of Man,0.656,7.667
2002,DJF,Isle of Man,0.493,19.667
2003,DJF,Isle of Man,0.611,7.333
2004,DJF,Isle of Man,0.652,13.000
2005,DJF,Isle of Man,0.530,6.667
2006,DJF,Isle of Man,0.611,6.000
2007,DJF,Isle of Man,0.544,7.000
2008,DJF,Isle of Man,0.578,9.333
2009,DJF,Isle of Man,0.452,6.333
2010,DJF,Isle of Man,0.641,8.333
2011,DJF,Isle of Man,0.663,8.333
2012,DJF,Isle of Man,0.500,9.000
2013,DJF,Isle of Man,0.567,8.667
2014,DJF,Isle of Man,0.626,8.667
2015,DJF,Isle of Man,0.704,12.000
2016,DJF,Isle of Man,0.544,8.000
2017,DJF,Isle of Man,0.533,6.000
2018,DJF,Isle of Man,0.522,11.667
2019,DJF,Isle of Man,0.567,11.333
2020,DJF,Isle of Man,0.567,6.667
2021,DJF,Isle of Man,0.611,7.333
2022,DJF,Isle of Man,0.704,8.333
2023,DJF,Isle of Man,0.656,11.000
2024,DJF,Isle of Man,0.511,8.000
2025,DJF,Isle of Man,0.578,7.333
2026,DJF,Isle of Man,0.589,7.333
2027,DJF,Isle of Man,0.593,17.333
2028,DJF,Isle of Man,0.567,11.333
2029,DJF,Isle of Man,0.589,8.000
2030,DJF,Isle of Man,0.519,8.000
2031,DJF,Isle of Man,0.593,7.333
2032,DJF,Isle of Man,0.500,8.667
2033,DJF,Isle of Man,0.478,6.333
2034,DJF,Isle of Man,0.559,10.333
2035,DJF,Isle of Man,0.615,13.333
2036,DJF,Isle of Man,0.478,5.000
2037,DJF,Isle of Man,0.467,6.000
2038,DJF,Isle of Man,0.559,12.000
2039,DJF,Isle of Man,0.585,6.667
2040,DJF,Isle of Man,0.530,8.667
2041,DJF,Isle of Man,0.511,11.333
2042,DJF,Isle of Man,0.600,6.667
2043,DJF,Isle of Man,0.567,9.333
2044,DJF,Isle of Man,0.681,8.000
2045,DJF,Isle of Man,0.570,9.667
2046,DJF,Isle of Man,0.578,7.667
2047,DJF,Isle of Man,0.563,10.667
2048,DJF,Isle of Man,0.459,8.667
2049,DJF,Isle of Man,0.585,13.333
2050,DJF,Isle of Man,0.585,6.333
2051,DJF,Isle of Man,0.589,10.000
2052,DJF,Isle of Man,0.578,9.000
2053,DJF,Isle of Man,0.419,7.000
2054,DJF,Isle of Man,0.530,16.333
2055,DJF,Isle of Man,0.626,13.000
2056,DJF,Isle of Man,0.500,6.000
2057,DJF,Isle of Man,0.685,9.333
2058,DJF,Isle of Man,0.604,8.333
2059,DJF,Isle of Man,0.589,6.667
2060,DJF,Isle of Man,0.744,12.333
2061,DJF,Isle of Man,0.637,7.333
2062,DJF,Isle of Man,0.693,14.000
2063,DJF,Isle of Man,0.522,9.333
2064,DJF,Isle of Man,0.470,7.000
2065,DJF,Isle of Man,0.633,5.000
2066,DJF,Isle of Man,0.644,9.000
2067,DJF,Isle of Man,0.537,6.333
2068,DJF,Isle of Man,0.637,11.333
2069,DJF,Isle of Man,0.544,7.000
2070,DJF,Isle of Man,0.641,7.333
2071,DJF,Isle of Man,0.544,7.667
2072,DJF,Isle of Man,0.611,9.000
2073,DJF,Isle of Man,0.719,18.333
2074,DJF,Isle of Man,0.641,7.667
2075,DJF,Isle of Man,0.570,9.000
2076,DJF,Isle of Man,0.641,7.000
2077,DJF,Isle of Man,0.604,6.000
2078,DJF,Isle of Man,0.593,10.000
2079,DJF,Isle of Man,0.622,9.000
2080,DJF,Isle of Man,0.474,5.000
1981,DJF,Northern Ireland,0.730,15.188
1982,DJF,Northern Ireland,0.397,9.306
1983,DJF,Northern Ireland,0.656,10.047
1984,DJF,Northern Ireland,0.625,11.694
1985,DJF,Northern Ireland,0.624,10.812
1986,DJF,Northern Ireland,0.598,12.153
1987,DJF,Northern Ireland,0.711,12.071
1988,DJF,Northern Ireland,0.691,14.082
1989,DJF,Northern Ireland,0.608,15.682
1990,DJF,Northern Ireland,0.508,9.494
1991,DJF,Northern Ireland,0.653,10.494
1992,DJF,Northern Ireland,0.499,12.424
1993,DJF,Northern Ireland,0.758,14.871
1994,DJF,Northern Ireland,0.588,9.388
1995,DJF,Northern Ireland,0.716,9.553
1996,DJF,Northern Ireland,0.743,13.718
1997,DJF,Northern Ireland,0.662,12.859
1998,DJF,Northern Ireland,0.693,10.706
1999,DJF,Northern Ireland,0.714,11.588
2000,DJF,Northern Ireland,0.590,9.835
2001,DJF,Northern Ireland,0.707,10.918
2002,DJF,Northern Ireland,0.604,18.918
2003,DJF,Northern Ireland,0.665,12.671
2004,DJF,Northern Ireland,0.717,16.600
2005,DJF,Northern Ireland,0.586,9.671
2006,DJF,Northern Ireland,0.664,10.788
2007,DJF,Northern Ireland,0.571,9.435
2008,DJF,Northern Ireland,0.613,13.176
2009,DJF,Northern Ireland,0.486,11.200
2010,DJF,Northern Ireland,0.716,12.918
2011,DJF,Northern Ireland,0.712,10.518
2012,DJF,Northern Ireland,0.542,7.671
2013,DJF,Northern Ireland,0.580,7.965
2014,DJF,Northern Ireland,0.649,8.871
2015,DJF,Northern Ireland,0.758,15.318
2016,DJF,Northern Ireland,0.647,13.741
2017,DJF,Northern Ireland,0.582,11.588
2018,DJF,Northern Ireland,0.595,12.271
2019,DJF,Northern Ireland,0.654,12.965
2020,DJF,Northern Ireland,0.581,9.953
2021,DJF,Northern Ireland,0.757,17.235
2022,DJF,Northern Ireland,0.690,11.741
2023,DJF,Northern Ireland,0.639,11.329
2024,DJF,Northern Ireland,0.633,11.024
2025,DJF,Northern Ireland,0.623,9.706
2026,DJF,Northern Ireland,0.658,12.471
2027,DJF,Northern Ireland,0.626,13.776
2028,DJF,Northern Ireland,0.635,11.541
2029,DJF,Northern Ireland,0.634,16.847
2030,DJF,Northern Ireland,0.574,8.847
2031,DJF,Northern Ireland,0.574,10.424
2032,DJF,Northern Ireland,0.592,9.259
2033,DJF,Northern Ireland,0.565,10.035
2034,DJF,Northern Ireland,0.605,9.271
2035,DJF,Northern Ireland,0.569,10.647
2036,DJF,Northern Ireland,0.588,6.859
2037,DJF,Northern Ireland,0.514,8.647
2038,DJF,Northern Ireland,0.601,12.871
2039,DJF,Northern Ireland,0.586,11.706
2040,DJF,Northern Ireland,0.599,9.459
2041,DJF,Northern Ireland,0.605,12.106
2042,DJF,Northern Ireland,0.668,11.741
2043,DJF,Northern Ireland,0.642,14.024
2044,DJF,Northern Ireland,0.708,12.165
2045,DJF,Northern Ireland,0.641,11.471
2046,DJF,Northern Ireland,0.651,10.482
2047,DJF,Northern Ireland,0.547,10.929
2048,DJF,Northern Ireland,0.481,7.129
2049,DJF,Northern Ireland,0.609,9.059
2050,DJF,Northern Ireland,0.658,11.847
2051,DJF,Northern Ireland,0.655,9.682
2052,DJF,Northern Ireland,0.662,13.188
2053,DJF,Northern Ireland,0.454,9.694
2054,DJF,Northern Ireland,0.569,14.400
2055,DJF,Northern Ireland,0.654,11.024
2056,DJF,Northern Ireland,0.565,11.200
2057,DJF,Northern Ireland,0.772,20.176
2058,DJF,Northern Ireland,0.572,9.047
2059,DJF,Northern Ireland,0.636,13.565
2060,DJF,Northern Ireland,0.687,10.600
2061,DJF,Northern Ireland,0.648,11.824
2062,DJF,Northern Ireland,0.733,12.706
2063,DJF,Northern Ireland,0.613,8.800
2064,DJF,Northern Ireland,0.464,7.012
2065,DJF,Northern Ireland,0.676,10.035
2066,DJF,Northern Ireland,0.743,12.282
2067,DJF,Northern Ireland,0.623,9.071
2068,DJF,Northern Ireland,0.693,14.247
2069,DJF,Northern Ireland,0.647,10.694
2070,DJF,Northern Ireland,0.711,10.906
2071,DJF,Northern Ireland,0.519,8.376
2072,DJF,Northern Ireland,0.592,8.094
2073,DJF,Northern Ireland,0.670,11.176
2074,DJF,Northern Ireland,0.713,10.294
2075,DJF,Northern Ireland,0.649,13.424
2076,DJF,Northern Ireland,0.689,10.776
2077,DJF,Northern Ireland,0.716,14.106
2078,DJF,Northern Ireland,0.655,11.929
2079,DJF,Northern Ireland,0.644,11.929
2080,DJF,Northern Ireland,0.599,11.165
1981,DJF,Wales,0.729,20.000
1982,DJF,Wales,0.413,8.947
1983,DJF,Wales,0.658,13.383
1984,DJF,Wales,0.627,10.278
1985,DJF,Wales,0.596,13.767
1986,DJF,Wales,0.584,10.850
1987,DJF,Wales,0.697,12.030
1988,DJF,Wales,0.776,22.805
1989,DJF,Wales,0.601,12.692
1990,DJF,Wales,0.534,11.662
1991,DJF,Wales,0.713,18.075
1992,DJF,Wales,0.519,13.707
1993,DJF,Wales,0.805,17.323
1994,DJF,Wales,0.612,10.744
1995,DJF,Wales,0.752,14.211
1996,DJF,Wales,0.754,15.203
1997,DJF,Wales,0.688,15.662
1998,DJF,Wales,0.653,12.684
1999,DJF,Wales,0.690,14.594
2000,DJF,Wales,0.637,12.789
2001,DJF,Wales,0.753,20.669
2002,DJF,Wales,0.669,23.218
2003,DJF,Wales,0.688,12.820
2004,DJF,Wales,0.760,18.414
2005,DJF,Wales,0.592,9.850
2006,DJF,Wales,0.749,18.218
2007,DJF,Wales,0.638,11.571
2008,DJF,Wales,0.622,16.286
2009,DJF,Wales,0.560,12.444
2010,DJF,Wales,0.743,21.436
2011,DJF,Wales,0.604,9.707
2012,DJF,Wales,0.585,11.203
2013,DJF,Wales,0.607,11.150
2014,DJF,Wales,0.644,9.820
2015,DJF,Wales,0.700,13.887
2016,DJF,Wales,0.701,13.218
2017,DJF,Wales,0.574,13.970
2018,DJF,Wales,0.593,15.692
2019,DJF,Wales,0.686,13.195
2020,DJF,Wales,0.671,14.323
2021,DJF,Wales,0.760,17.534
2022,DJF,Wales,0.747,21.271
2023,DJF,Wales,0.644,11.602
2024,DJF,Wales,0.667,15.135
2025,DJF,Wales,0.653,12.714
2026,DJF,Wales,0.691,12.797
2027,DJF,Wales,0.690,18.526
2028,DJF,Wales,0.621,12.316
2029,DJF,Wales,0.612,10.000
2030,DJF,Wales,0.579,11.865
2031,DJF,Wales,0.621,12.023
2032,DJF,Wales,0.626,13.857
2033,DJF,Wales,0.536,10.632
2034,DJF,Wales,0.623,11.150
2035,DJF,Wales,0.634,12.368
2036,DJF,Wales,0.540,8.880
2037,DJF,Wales,0.605,12.436
2038,DJF,Wales,0.551,13.323
2039,DJF,Wales,0.643,14.421
2040,DJF,Wales,0.535,16.008
2041,DJF,Wales,0.614,14.406
2042,DJF,Wales,0.743,13.722
2043,DJF,Wales,0.700,14.331
2044,DJF,Wales,0.754,15.053
2045,DJF,Wales,0.614,12.564
2046,DJF,Wales,0.645,9.586
2047,DJF,Wales,0.579,13.203
2048,DJF,Wales,0.542,10.699
2049,DJF,Wales,0.614,13.173
2050,DJF,Wales,0.669,16.008
2051,DJF,Wales,0.666,11.226
2052,DJF,Wales,0.674,14.015
2053,DJF,Wales,0.444,7.474
2054,DJF,Wales,0.592,20.263
2055,DJF,Wales,0.655,12.549
2056,DJF,Wales,0.564,15.143
2057,DJF,Wales,0.794,21.301
2058,DJF,Wales,0.647,16.060
2059,DJF,Wales,0.645,11.376
2060,DJF,Wales,0.707,14.391
2061,DJF,Wales,0.672,11.511
2062,DJF,Wales,0.762,16.308
2063,DJF,Wales,0.624,10.571
2064,DJF,Wales,0.548,7.699
2065,DJF,Wales,0.783,16.180
2066,DJF,Wales,0.792,15.609
2067,DJF,Wales,0.629,13.278
2068,DJF,Wales,0.702,13.421
2069,DJF,Wales,0.649,11.827
2070,DJF,Wales,0.802,20.511
2071,DJF,Wales,0.578,15.271
2072,DJF,Wales,0.570,8.985
2073,DJF,Wales,0.709,20.271
2074,DJF,Wales,0.701,13.308
2075,DJF,Wales,0.684,13.932
2076,DJF,Wales,0.713,10.511
2077,DJF,Wales,0.741,16.368
2078,DJF,Wales,0.703,15.714
2079,DJF,Wales,0.725,20.436
2080,DJF,Wales,0.661,11.429
1981,MAM,East Midlands,0.417,7.262
1982,MAM,East Midlands,0.365,5.806
1983,MAM,East Midlands,0.394,6.078
1984,MAM,East Midlands,0.348,6.058
1985,MAM,East Midlands,0.425,5.874
1986,MAM,East Midlands,0.396,6.019
1987,MAM,East Midlands,0.411,6.311
1988,MAM,East Midlands,0.514,6.146
1989,MAM,East Midlands,0.459,7.534
1990,MAM,East Midlands,0.404,7.146
1991,MAM,East Midlands,0.331,7.553
1992,MAM,East Midlands,0.286,4.864
1993,MAM,East Midlands,0.460,6.845
1994,MAM,East Midlands,0.361,6.010
1995,MAM,East Midlands,0.315,4.874
1996,MAM,East Midlands,0.312,4.340
1997,MAM,East Midlands,0.440,8.767
1998,MAM,East Midlands,0.504,8.107
1999,MAM,East Midlands,0.287,5.544
2000,MAM,East Midlands,0.307,3.845
2001,MAM,East Midlands,0.350,5.922
2002,MAM,East Midlands,0.473,8.447
2003,MAM,East Midlands,0.504,6.272
2004,MAM,East Midlands,0.471,9.563
2005,MAM,East Midlands,0.435,7.369
2006,MAM,East Midlands,0.349,10.641
2007,MAM,East Midlands,0.514,11.796
2008,MAM,East Midlands,0.519,9.592
2009,MAM,East Midlands,0.454,6.282
2010,MAM,East Midlands,0.329,3.728
2011,MAM,East Midlands,0.389,6.621
2012,MAM,East Midlands,0.361,4.029
2013,MAM,East Midlands,0.500,7.466
2014,MAM,East Midlands,0.415,6.816
2015,MAM,East Midlands,0.478,5.864
2016,MAM,East Midlands,0.472,6.777
2017,MAM,East Midlands,0.320,6.864
2018,MAM,East Midlands,0.410,7.039
2019,MAM,East Midlands,0.415,6.126
2020,MAM,East Midlands,0.504,8.835
2021,MAM,East Midlands,0.525,8.243
2022,MAM,East Midlands,0.463,10.311
2023,MAM,East Midlands,0.417,5.301
2024,MAM,East Midlands,0.468,6.796
2025,MAM,East Midlands,0.406,8.427
2026,MAM,East Midlands,0.377,5.175
2027,MAM,East Midlands,0.388,7.699
2028,MAM,East Midlands,0.450,5.922
2029,MAM,East Midlands,0.384,5.223
2030,MAM,East Midlands,0.456,7.097
2031,MAM,East Midlands,0.433,9.155
2032,MAM,East Midlands,0.273,3.825
2033,MAM,East Midlands,0.379,5.874
2034,MAM,East Midlands,0.453,8.175
2035,MAM,East Midlands,0.380,7.398
2036,MAM,East Midlands,0.330,4.553
2037,MAM,East Midlands,0.443,6.204
2038,MAM,East Midlands,0.560,7.233
2039,MAM,East Midlands,0.310,6.553
2040,MAM,East Midlands,0.551,9.223
2041,MAM,East Midlands,0.443,7.621
2042,MAM,East Midlands,0.444,6.388
2043,MAM,East Midlands,0.514,7.019
2044,MAM,East Midlands,0.426,7.767
2045,MAM,East Midlands,0.315,4.388
2046,MAM,East Midlands,0.348,4.757
2047,MAM,East Midlands,0.320,3.942
2048,MAM,East Midlands,0.316,8.932
2049,MAM,East Midlands,0.534,6.777
2050,MAM,East Midlands,0.379,5.029
2051,MAM,East Midlands,0.461,10.816
2052,MAM,East Midlands,0.377,5.854
2053,MAM,East Midlands,0.373,5.864
2054,MAM,East Midlands,0.378,6.825
2055,MAM,East Midlands,0.364,6.301
2056,MAM,East Midlands,0.503,8.466
2057,MAM,East Midlands,0.327,6.660
2058,MAM,East Midlands,0.299,3.951
2059,MAM,East Midlands,0.600,8.553
2060,MAM,East Midlands,0.274,3.816
2061,MAM,East Midlands,0.527,7.583
2062,MAM,East Midlands,0.396,9.107
2063,MAM,East Midlands,0.356,5.874
2064,MAM,East Midlands,0.585,8.728
2065,MAM,East Midlands,0.391,5.767
2066,MAM,East Midlands,0.235,3.864
2067,MAM,East Midlands,0.467,7.087
2068,MAM,East Midlands,0.415,5.029
2069,MAM,East Midlands,0.381,6.214
2070,MAM,East Midlands,0.483,8.350
2071,MAM,East Midlands,0.463,6.447
2072,MAM,East Midlands,0.297,4.515
2073,MAM,East Midlands,0.355,5.175
2074,MAM,East Midlands,0.319,5.641
2075,MAM,East Midlands,0.394,7.233
2076,MAM,East Midlands,0.246,3.087
2077,MAM,East Midlands,0.280,6.194
2078,MAM,East Midlands,0.235,5.029
2079,MAM,East Midlands,0.303,4.748
2080,MAM,East Midlands,0.394,8.117
1981,MAM,East of England,0.365,4.803
1982,MAM,East of England,0.379,6.504
1983,MAM,East of England,0.366,4.559
1984,MAM,East of England,0.333,5.756
1985,MAM,East of England,0.443,6.685
1986,MAM,East of England,0.407,5.425
1987,MAM,East of England,0.396,6.520
1988,MAM,East of England,0.501,5.268
1989,MAM,East of England,0.445,8.520
1990,MAM,East of England,0.351,7.047
1991,MAM,East of England,0.324,5.465
1992,MAM,East of England,0.276,4.882
1993,MAM,East of England,0.454,8.480
1994,MAM,East of England,0.370,7.394
1995,MAM,East of England,0.290,4.890
1996,MAM,East of England,0.275,3.055
1997,MAM,East of England,0.429,7.165
1998,MAM,East of England,0.473,6.598
1999,MAM,East of England,0.234,4.559
2000,MAM,East of England,0.284,4.323
2001,MAM,East of England,0.359,5.874
2002,MAM,East of England,0.448,7.331
2003,MAM,East of England,0.464,8.079
2004,MAM,East of England,0.441,8.362
2005,MAM,East of England,0.384,6.362
2006,MAM,East of England,0.310,6.748
2007,MAM,East of England,0.459,6.709
2008,MAM,East of England,0.536,9.480
2009,MAM,East of England,0.455,6.976
2010,MAM,East of England,0.274,3.835
2011,MAM,East of England,0.363,5.811
2012,MAM,East of England,0.376,4.354
2013,MAM,East of England,0.464,7.283
2014,MAM,East of England,0.405,7.756
2015,MAM,East of England,0.464,5.567
2016,MAM,East of England,0.420,7.000
2017,MAM,East of England,0.301,5.717
2018,MAM,East of England,0.371,6.394
2019,MAM,East of England,0.418,6.197
2020,MAM,East of England,0.514,11.598
2021,MAM,East of England,0.520,7.575
2022,MAM,East of England,0.423,11.614
2023,MAM,East of England,0.422,5.118
2024,MAM,East of England,0.464,7.677
2025,MAM,East of England,0.346,7.260
2026,MAM,East of England,0.344,4.882
2027,MAM,East of England,0.374,7.008
2028,MAM,East of England,0.416,5.646
2029,MAM,East of England,0.329,5.205
2030,MAM,East of England,0.408,6.575
2031,MAM,East of England,0.359,8.709
2032,MAM,East of England,0.209,3.291
2033,MAM,East of England,0.368,5.811
2034,MAM,East of England,0.427,7.457
2035,MAM,East of England,0.360,7.409
2036,MAM,East of England,0.283,4.252
2037,MAM,East of England,0.420,5.709
2038,MAM,East of England,0.583,7.614
2039,MAM,East of England,0.277,6.496
2040,MAM,East of England,0.490,7.504
2041,MAM,East of England,0.438,7.268
2042,MAM,East of England,0.440,6.362
2043,MAM,East of England,0.493,6.055
2044,MAM,East of England,0.396,8.063
2045,MAM,East of England,0.300,4.472
2046,MAM,East of England,0.355,4.118
2047,MAM,East of England,0.332,4.701
2048,MAM,East of England,0.293,9.976
2049,MAM,East of England,0.469,7.087
2050,MAM,East of England,0.366,5.087
2051,MAM,East of England,0.460,10.528
2052,MAM,East of England,0.356,5.244
2053,MAM,East of England,0.394,6.063
2054,MAM,East of England,0.335,6.772
2055,MAM,East of England,0.338,5.945
2056,MAM,East of England,0.492,7.291
2057,MAM,East of England,0.306,5.268
2058,MAM,East of England,0.291,3.488
2059,MAM,East of England,0.568,6.906
2060,MAM,East of England,0.258,3.787
2061,MAM,East of England,0.446,6.512
2062,MAM,East of England,0.394,11.654
2063,MAM,East of England,0.340,5.362
2064,MAM,East of England,0.549,8.984
2065,MAM,East of England,0.409,4.693
2066,MAM,East of England,0.229,4.614
2067,MAM,East of England,0.489,6.205
2068,MAM,East of England,0.452,4.756
2069,MAM,East of England,0.369,6.496
2070,MAM,East of England,0.434,6.283
2071,MAM,East of England,0.410,6.622
2072,MAM,East of England,0.307,4.409
2073,MAM,East of England,0.343,5.000
2074,MAM,East of England,0.302,4.465
2075,MAM,East of England,0.382,7.252
2076,MAM,East of England,0.233,3.488
2077,MAM,East of England,0.216,5.024
2078,MAM,East of England,0.222,4.465
2079,MAM,East of England,0.284,5.236
2080,MAM,East of England,0.373,8.575
1981,MAM,East Scotland,0.615,12.494
1982,MAM,East Scotland,0.441,10.463
1983,MAM,East Scotland,0.471,8.556
1984,MAM,East Scotland,0.475,7.231
1985,MAM,East Scotland,0.494,7.869
1986,MAM,East Scotland,0.556,7.356
1987,MAM,East Scotland,0.517,9.450
1988,MAM,East Scotland,0.535,8.750
1989,MAM,East Scotland,0.481,8.387
1990,MAM,East Scotland,0.497,9.125
1991,MAM,East Scotland,0.435,10.562
1992,MAM,East Scotland,0.348,7.350
1993,MAM,East Scotland,0.597,9.975
1994,MAM,East Scotland,0.421,7.763
1995,MAM,East Scotland,0.464,7.906
1996,MAM,East Scotland,0.435,6.838
1997,MAM,East Scotland,0.503,8.694
1998,MAM,East Scotland,0.557,9.894
1999,MAM,East Scotland,0.344,6.838
2000,MAM,East Scotland,0.509,7.625
2001,MAM,East Scotland,0.400,7.562
2002,MAM,East Scotland,0.555,9.825
2003,MAM,East Scotland,0.557,9.406
2004,MAM,East Scotland,0.513,9.256
2005,MAM,East Scotland,0.564,10.450
2006,MAM,East Scotland,0.465,7.381
2007,MAM,East Scotland,0.643,15.131
2008,MAM,East Scotland,0.632,11.287
2009,MAM,East Scotland,0.537,7.744
2010,MAM,East Scotland,0.463,7.119
2011,MAM,East Scotland,0.453,8.250
2012,MAM,East Scotland,0.456,6.044
2013,MAM,East Scotland,0.513,12.194
2014,MAM,East Scotland,0.516,12.025
2015,MAM,East Scotland,0.528,7.881
2016,MAM,East Scotland,0.588,8.094
2017,MAM,East Scotland,0.429,7.331
2018,MAM,East Scotland,0.580,11.469
2019,MAM,East Scotland,0.502,8.394
2020,MAM,East Scotland,0.616,10.775
2021,MAM,East Scotland,0.624,8.519
2022,MAM,East Scotland,0.507,8.150
2023,MAM,East Scotland,0.465,7.169
2024,MAM,East Scotland,0.600,12.981
2025,MAM,East Scotland,0.536,9.656
2026,MAM,East Scotland,0.468,6.375
2027,MAM,East Scotland,0.449,8.094
2028,MAM,East Scotland,0.561,9.650
2029,MAM,East Scotland,0.549,13.956
2030,MAM,East Scotland,0.507,10.750
2031,MAM,East Scotland,0.567,9.944
2032,MAM,East Scotland,0.418,10.450
2033,MAM,East Scotland,0.516,10.500
2034,MAM,East Scotland,0.635,11.000
2035,MAM,East Scotland,0.481,7.344
2036,MAM,East Scotland,0.544,7.694
2037,MAM,East Scotland,0.497,10.088
2038,MAM,East Scotland,0.637,9.488
2039,MAM,East Scotland,0.440,7.062
2040,MAM,East Scotland,0.566,10.488
2041,MAM,East Scotland,0.616,12.431
2042,MAM,East Scotland,0.553,9.925
2043,MAM,East Scotland,0.567,9.744
2044,MAM,East Scotland,0.576,10.581
2045,MAM,East Scotland,0.454,8.444
2046,MAM,East Scotland,0.509,9.287
2047,MAM,East Scotland,0.528,9.956
2048,MAM,East Scotland,0.484,11.113
2049,MAM,East Scotland,0.669,17.113
2050,MAM,East Scotland,0.495,7.419
2051,MAM,East Scotland,0.480,8.994
2052,MAM,East Scotland,0.500,7.894
2053,MAM,East Scotland,0.533,9.175
2054,MAM,East Scotland,0.460,7.581
2055,MAM,East Scotland,0.532,9.119
2056,MAM,East Scotland,0.615,13.844
2057,MAM,East Scotland,0.498,8.619
2058,MAM,East Scotland,0.527,8.037
2059,MAM,East Scotland,0.579,10.544
2060,MAM,East Scotland,0.455,9.044
2061,MAM,East Scotland,0.544,9.756
2062,MAM,East Scotland,0.540,7.606
2063,MAM,East Scotland,0.374,5.069
2064,MAM,East Scotland,0.656,10.600
2065,MAM,East Scotland,0.418,6.388
2066,MAM,East Scotland,0.353,6.175
2067,MAM,East Scotland,0.510,8.438
2068,MAM,East Scotland,0.392,7.906
2069,MAM,East Scotland,0.541,8.944
2070,MAM,East Scotland,0.586,12.137
2071,MAM,East Scotland,0.628,16.331
2072,MAM,East Scotland,0.406,6.356
2073,MAM,East Scotland,0.461,7.075
2074,MAM,East Scotland,0.402,7.369
2075,MAM,East Scotland,0.582,12.238
2076,MAM,East Scotland,0.461,6.619
2077,MAM,East Scotland,0.500,10.781
2078,MAM,East Scotland,0.416,8.481
2079,MAM,East Scotland,0.432,7.106
2080,MAM,East Scotland,0.509,7.912
1981,MAM,London,0.388,6.000
1982,MAM,London,0.411,6.000
1983,MAM,London,0.382,4.583
1984,MAM,London,0.319,5.250
1985,MAM,London,0.433,6.667
1986,MAM,London,0.437,5.750
1987,MAM,London,0.417,5.500
1988,MAM,London,0.547,6.000
1989,MAM,London,0.453,8.417
1990,MAM,London,0.359,7.750
1991,MAM,London,0.310,4.083
1992,MAM,London,0.253,4.333
1993,MAM,London,0.494,8.917
1994,MAM,London,0.368,6.667
1995,MAM,London,0.295,6.333
1996,MAM,London,0.305,4.750
1997,MAM,London,0.446,10.417
1998,MAM,London,0.497,6.250
1999,MAM,London,0.269,5.000
2000,MAM,London,0.269,3.833
2001,MAM,London,0.359,6.917
2002,MAM,London,0.474,10.250
2003,MAM,London,0.474,7.083
2004,MAM,London,0.414,9.167
2005,MAM,London,0.414,6.667
2006,MAM,London,0.289,6.000
2007,MAM,London,0.538,9.000
2008,MAM,London,0.525,8.833
2009,MAM,London,0.481,9.500
2010,MAM,London,0.274,5.667
2011,MAM,London,0.382,6.083
2012,MAM,London,0.427,5.667
2013,MAM,London,0.517,7.583
2014,MAM,London,0.415,8.417
2015,MAM,London,0.470,6.750
2016,MAM,London,0.411,5.917
2017,MAM,London,0.345,6.083
2018,MAM,London,0.341,6.000
2019,MAM,London,0.427,5.500
2020,MAM,London,0.507,12.750
2021,MAM,London,0.518,11.500
2022,MAM,London,0.409,13.333
2023,MAM,London,0.438,5.167
2024,MAM,London,0.466,7.833
2025,MAM,London,0.366,7.333
2026,MAM,London,0.331,4.833
2027,MAM,London,0.383,7.667
2028,MAM,London,0.422,5.833
2029,MAM,London,0.349,4.333
2030,MAM,London,0.393,5.667
2031,MAM,London,0.397,7.500
2032,MAM,London,0.179,3.000
2033,MAM,London,0.364,6.083
2034,MAM,London,0.417,8.583
2035,MAM,London,0.395,8.500
2036,MAM,London,0.311,4.667
2037,MAM,London,0.413,6.250
2038,MAM,London,0.604,7.750
2039,MAM,London,0.333,7.250
2040,MAM,London,0.467,6.083
2041,MAM,London,0.416,6.833
2042,MAM,London,0.422,5.083
2043,MAM,London,0.575,9.500
2044,MAM,London,0.403,8.000
2045,MAM,London,0.319,5.500
2046,MAM,London,0.352,4.833
2047,MAM,London,0.320,4.583
2048,MAM,London,0.294,10.333
2049,MAM,London,0.442,5.750
2050,MAM,London,0.348,5.000
2051,MAM,London,0.456,9.000
2052,MAM,London,0.338,6.583
2053,MAM,London,0.393,6.083
2054,MAM,London,0.377,8.667
2055,MAM,London,0.369,7.250
2056,MAM,London,0.485,9.250
2057,MAM,London,0.293,5.917
2058,MAM,London,0.301,3.250
2059,MAM,London,0.586,8.167
2060,MAM,London,0.230,3.083
2061,MAM,London,0.417,5.417
2062,MAM,London,0.420,10.833
2063,MAM,London,0.387,6.000
2064,MAM,London,0.539,8.833
2065,MAM,London,0.411,7.917
2066,MAM,London,0.229,4.833
2067,MAM,London,0.470,6.333
2068,MAM,London,0.458,5.000
2069,MAM,London,0.369,5.083
2070,MAM,London,0.430,8.417
2071,MAM,London,0.441,7.917
2072,MAM,London,0.353,5.333
2073,MAM,London,0.372,5.000
2074,MAM,London,0.302,6.917
2075,MAM,London,0.394,7.500
2076,MAM,London,0.224,3.083
2077,MAM,London,0.236,4.333
2078,MAM,London,0.215,5.333
2079,MAM,London,0.288,6.500
2080,MAM,London,0.374,8.750
1981,MAM,North East England,0.593,14.667
1982,MAM,North East England,0.397,6.737
1983,MAM,North East England,0.437,6.825
1984,MAM,North East England,0.448,6.088
1985,MAM,North East England,0.478,6.930
1986,MAM,North East England,0.560,8.351
1987,MAM,North East England,0.521,8.667
1988,MAM,North East England,0.568,7.860
1989,MAM,North East England,0.512,8.105
1990,MAM,North East England,0.411,6.158
1991,MAM,North East England,0.405,10.860
1992,MAM,North East England,0.342,5.456
1993,MAM,North East England,0.581,10.035
1994,MAM,North East England,0.389,7.632
1995,MAM,North East England,0.357,6.456
1996,MAM,North East England,0.375,4.561
1997,MAM,North East England,0.464,7.491
1998,MAM,North East England,0.550,8.509
1999,MAM,North East England,0.339,7.316
2000,MAM,North East England,0.415,6.491
2001,MAM,North East England,0.386,6.579
2002,MAM,North East England,0.533,7.860
2003,MAM,North East England,0.572,9.526
2004,MAM,North East England,0.555,10.965
2005,MAM,North East England,0.525,9.351
2006,MAM,North East England,0.437,8.053
2007,MAM,North East England,0.557,11.982
2008,MAM,North East England,0.577,10.316
2009,MAM,North East England,0.453,5.246
2010,MAM,North East England,0.416,6.140
2011,MAM,North East England,0.397,7.000
2012,MAM,North East England,0.409,4.807
2013,MAM,North East England,0.546,12.737
2014,MAM,North East England,0.458,7.912
2015,MAM,North East England,0.513,7.158
2016,MAM,North East England,0.543,7.702
2017,MAM,North East England,0.401,6.614
2018,MAM,North East England,0.537,10.246
2019,MAM,North East England,0.476,9.614
2020,MAM,North East England,0.610,10.439
2021,MAM,North East England,0.606,10.070
2022,MAM,North East England,0.557,9.719
2023,MAM,North East England,0.471,6.246
2024,MAM,North East England,0.488,7.561
2025,MAM,North East England,0.481,10.491
2026,MAM,North East England,0.449,5.421
2027,MAM,North East England,0.441,8.544
2028,MAM,North East England,0.532,7.825
2029,MAM,North East England,0.483,8.667
2030,MAM,North East England,0.554,8.456
2031,MAM,North East England,0.527,10.368
2032,MAM,North East England,0.344,6.491
2033,MAM,North East England,0.433,9.018
2034,MAM,North East England,0.585,9.263
2035,MAM,North East England,0.462,7.825
2036,MAM,North East England,0.464,6.316
2037,MAM,North East England,0.487,8.807
2038,MAM,North East England,0.603,8.982
2039,MAM,North East England,0.336,5.053
2040,MAM,North East England,0.568,8.053
2041,MAM,North East England,0.562,9.368
2042,MAM,North East England,0.486,7.000
2043,MAM,North East England,0.533,7.421
2044,MAM,North East England,0.476,7.070
2045,MAM,North East England,0.387,5.228
2046,MAM,North East England,0.438,5.860
2047,MAM,North East England,0.456,6.053
2048,MAM,North East England,0.432,9.632
2049,MAM,North East England,0.612,12.667
2050,MAM,North East England,0.473,6.807
2051,MAM,North East England,0.479,8.281
2052,MAM,North East England,0.478,9.474
2053,MAM,North East England,0.465,7.316
2054,MAM,North East England,0.466,7.596
2055,MAM,North East England,0.439,7.789
2056,MAM,North East England,0.570,14.491
2057,MAM,North East England,0.419,7.351
2058,MAM,North East England,0.453,5.965
2059,MAM,North East England,0.590,8.193
2060,MAM,North East England,0.358,6.158
2061,MAM,North East England,0.576,9.807
2062,MAM,North East England,0.479,6.754
2063,MAM,North East England,0.368,5.000
2064,MAM,North East England,0.649,10.860
2065,MAM,North East England,0.419,5.702
2066,MAM,North East England,0.295,4.561
2067,MAM,North East England,0.466,6.895
2068,MAM,North East England,0.393,6.175
2069,MAM,North East England,0.465,8.719
2070,MAM,North East England,0.573,10.018
2071,MAM,North East England,0.571,10.105
2072,MAM,North East England,0.366,5.140
2073,MAM,North East England,0.388,5.000
2074,MAM,North East England,0.394,6.193
2075,MAM,North East England,0.507,9.772
2076,MAM,North East England,0.402,5.018
2077,MAM,North East England,0.420,6.807
2078,MAM,North East England,0.379,7.368
2079,MAM,North East England,0.352,5.158
2080,MAM,North East England,0.473,6.211
1981,MAM,North Scotland,0.612,15.698
1982,MAM,North Scotland,0.584,16.500
1983,MAM,North Scotland,0.575,10.061
1984,MAM,North Scotland,0.564,12.495
1985,MAM,North Scotland,0.585,11.085
1986,MAM,North Scotland,0.585,10.307
1987,MAM,North Scotland,0.575,11.028
1988,MAM,North Scotland,0.542,9.505
1989,MAM,North Scotland,0.566,11.085
1990,MAM,North Scotland,0.545,11.698
1991,MAM,North Scotland,0.642,14.599
1992,MAM,North Scotland,0.571,10.491
1993,MAM,North Scotland,0.700,14.906
1994,MAM,North Scotland,0.472,10.132
1995,MAM,North Scotland,0.551,10.788
1996,MAM,North Scotland,0.542,14.486
1997,MAM,North Scotland,0.617,12.552
1998,MAM,North Scotland,0.626,15.241
1999,MAM,North Scotland,0.402,9.099
2000,MAM,North Scotland,0.582,9.321
2001,MAM,North Scotland,0.549,10.868
2002,MAM,North Scotland,0.523,8.703
2003,MAM,North Scotland,0.517,7.363
2004,MAM,North Scotland,0.552,9.009
2005,MAM,North Scotland,0.564,10.090
2006,MAM,North Scotland,0.550,10.009
2007,MAM,North Scotland,0.798,21.189
2008,MAM,North Scotland,0.581,9.481
2009,MAM,North Scotland,0.597,8.939
2010,MAM,North Scotland,0.534,10.722
2011,MAM,North Scotland,0.642,12.566
2012,MAM,North Scotland,0.559,10.571
2013,MAM,North Scotland,0.556,11.288
2014,MAM,North Scotland,0.590,15.071
2015,MAM,North Scotland,0.583,13.193
2016,MAM,North Scotland,0.678,15.514
2017,MAM,North Scotland,0.519,8.307
2018,MAM,North Scotland,0.736,24.962
2019,MAM,North Scotland,0.567,8.142
2020,MAM,North Scotland,0.588,9.943
2021,MAM,North Scotland,0.675,11.887
2022,MAM,North Scotland,0.523,8.618
2023,MAM,North Scotland,0.647,11.750
2024,MAM,North Scotland,0.722,19.108
2025,MAM,North Scotland,0.648,16.910
2026,MAM,North Scotland,0.602,13.142
2027,MAM,North Scotland,0.676,16.420
2028,MAM,North Scotland,0.722,14.453
2029,MAM,North Scotland,0.591,13.302
2030,MAM,North Scotland,0.617,15.807
2031,MAM,North Scotland,0.567,8.632
2032,MAM,North Scotland,0.532,11.981
2033,MAM,North Scotland,0.585,13.769
2034,MAM,North Scotland,0.648,13.075
2035,MAM,North Scotland,0.594,11.840
2036,MAM,North Scotland,0.644,12.736
2037,MAM,North Scotland,0.603,16.392
2038,MAM,North Scotland,0.629,10.759
2039,MAM,North Scotland,0.563,13.509
2040,MAM,North Scotland,0.684,15.986
2041,MAM,North Scotland,0.688,16.858
2042,MAM,North Scotland,0.698,13.925
2043,MAM,North Scotland,0.602,11.778
2044,MAM,North Scotland,0.651,14.085
2045,MAM,North Scotland,0.577,11.425
2046,MAM,North Scotland,0.625,14.302
2047,MAM,North Scotland,0.712,17.750
2048,MAM,North Scotland,0.563,17.071
2049,MAM,North Scotland,0.665,16.976
2050,MAM,North Scotland,0.597,16.486
2051,MAM,North Scotland,0.635,12.863
2052,MAM,North Scotland,0.608,13.250
2053,MAM,North Scotland,0.686,14.745
2054,MAM,North Scotland,0.533,9.373
2055,MAM,North Scotland,0.568,9.642
2056,MAM,North Scotland,0.706,15.104
2057,MAM,North Scotland,0.671,15.995
2058,MAM,North Scotland,0.678,13.236
2059,MAM,North Scotland,0.604,11.590
2060,MAM,North Scotland,0.669,14.363
2061,MAM,North Scotland,0.623,12.439
2062,MAM,North Scotland,0.593,11.439
2063,MAM,North Scotland,0.431,7.377
2064,MAM,North Scotland,0.711,16.123
2065,MAM,North Scotland,0.545,12.278
2066,MAM,North Scotland,0.525,9.552
2067,MAM,North Scotland,0.632,12.552
2068,MAM,North Scotland,0.574,11.575
2069,MAM,North Scotland,0.615,13.406
2070,MAM,North Scotland,0.665,17.198
2071,MAM,North Scotland,0.609,15.755
2072,MAM,North Scotland,0.546,9.995
2073,MAM,North Scotland,0.616,11.896
2074,MAM,North Scotland,0.558,12.278
2075,MAM,North Scotland,0.691,15.632
2076,MAM,North Scotland,0.633,15.146
2077,MAM,North Scotland,0.621,15.887
2078,MAM,North Scotland,0.569,12.443
2079,MAM,North Scotland,0.608,12.486
2080,MAM,North Scotland,0.690,11.783
1981,MAM,North West England,0.492,10.183
1982,MAM,North West England,0.450,7.774
1983,MAM,North West England,0.480,10.828
1984,MAM,North West England,0.372,5.613
1985,MAM,North West England,0.486,9.290
1986,MAM,North West England,0.561,8.624
1987,MAM,North West England,0.578,13.602
1988,MAM,North West England,0.522,7.785
1989,MAM,North West England,0.479,8.742
1990,MAM,North West England,0.427,8.301
1991,MAM,North West England,0.470,12.000
1992,MAM,North West England,0.386,6.796
1993,MAM,North West England,0.648,11.473
1994,MAM,North West England,0.360,5.538
1995,MAM,North West England,0.444,8.290
1996,MAM,North West England,0.449,11.011
1997,MAM,North West England,0.544,10.871
1998,MAM,North West England,0.614,12.387
1999,MAM,North West England,0.349,9.667
2000,MAM,North West England,0.499,7.581
2001,MAM,North West England,0.466,12.129
2002,MAM,North West England,0.554,10.785
2003,MAM,North West England,0.509,8.344
2004,MAM,North West England,0.488,7.785
2005,MAM,North West England,0.523,10.839
2006,MAM,North West England,0.440,7.892
2007,MAM,North West England,0.729,25.570
2008,MAM,North West England,0.584,10.731
2009,MAM,North West England,0.535,9.194
2010,MAM,North West England,0.438,9.140
2011,MAM,North West England,0.517,7.656
2012,MAM,North West England,0.428,7.581
2013,MAM,North West England,0.536,15.366
2014,MAM,North West England,0.481,10.086
2015,MAM,North West England,0.536,9.194
2016,MAM,North West England,0.630,11.484
2017,MAM,North West England,0.422,7.548
2018,MAM,North West England,0.635,11.624
2019,MAM,North West England,0.454,6.011
2020,MAM,North West England,0.617,11.806
2021,MAM,North West England,0.612,9.720
2022,MAM,North West England,0.439,8.441
2023,MAM,North West England,0.484,9.323
2024,MAM,North West England,0.641,14.688
2025,MAM,North West England,0.620,11.161
2026,MAM,North West England,0.455,6.925
2027,MAM,North West England,0.574,12.581
2028,MAM,North West England,0.608,10.978
2029,MAM,North West England,0.573,11.183
2030,MAM,North West England,0.508,10.613
2031,MAM,North West England,0.529,12.011
2032,MAM,North West England,0.405,7.645
2033,MAM,North West England,0.469,9.581
2034,MAM,North West England,0.585,9.785
2035,MAM,North West England,0.487,10.710
2036,MAM,North West England,0.472,6.591
2037,MAM,North West England,0.558,11.516
2038,MAM,North West England,0.610,10.161
2039,MAM,North West England,0.469,9.194
2040,MAM,North West England,0.698,10.258
2041,MAM,North West England,0.554,10.258
2042,MAM,North West England,0.615,11.731
2043,MAM,North West England,0.567,10.860
2044,MAM,North West England,0.601,12.753
2045,MAM,North West England,0.473,7.161
2046,MAM,North West England,0.548,7.871
2047,MAM,North West England,0.457,5.989
2048,MAM,North West England,0.444,14.376
2049,MAM,North West England,0.685,18.839
2050,MAM,North West England,0.535,8.634
2051,MAM,North West England,0.516,9.860
2052,MAM,North West England,0.483,10.409
2053,MAM,North West England,0.542,9.065
2054,MAM,North West England,0.484,8.086
2055,MAM,North West England,0.423,8.473
2056,MAM,North West England,0.617,12.645
2057,MAM,North West England,0.541,11.591
2058,MAM,North West England,0.525,9.441
2059,MAM,North West England,0.635,11.118
2060,MAM,North West England,0.475,7.387
2061,MAM,North West England,0.590,12.280
2062,MAM,North West England,0.481,7.935
2063,MAM,North West England,0.411,7.495
2064,MAM,North West England,0.678,10.613
2065,MAM,North West England,0.512,13.699
2066,MAM,North West England,0.408,8.258
2067,MAM,North West England,0.554,14.043
2068,MAM,North West England,0.452,8.989
2069,MAM,North West England,0.550,14.387
2070,MAM,North West England,0.627,16.613
2071,MAM,North West England,0.579,17.387
2072,MAM,North West England,0.422,10.376
2073,MAM,North West England,0.498,6.914
2074,MAM,North West England,0.442,10.183
2075,MAM,North West England,0.575,14.591
2076,MAM,North West England,0.458,6.366
2077,MAM,North West England,0.536,9.505
2078,MAM,North West England,0.421,8.215
2079,MAM,North West England,0.469,9.570
2080,MAM,North West England,0.569,9.753
1981,MAM,South East England,0.352,6.305
1982,MAM,South East England,0.386,5.958
1983,MAM,South East England,0.365,5.695
1984,MAM,South East England,0.288,5.525
1985,MAM,South East England,0.384,6.763
1986,MAM,South East England,0.410,6.161
1987,MAM,South East England,0.424,5.958
1988,MAM,South East England,0.520,5.763
1989,MAM,South East England,0.441,8.737
1990,MAM,South East England,0.345,7.347
1991,MAM,South East England,0.288,4.297
1992,MAM,South East England,0.259,5.127
1993,MAM,South East England,0.511,8.119
1994,MAM,South East England,0.377,6.339
1995,MAM,South East England,0.312,7.483
1996,MAM,South East England,0.274,4.924
1997,MAM,South East England,0.385,6.559
1998,MAM,South East England,0.487,5.771
1999,MAM,South East England,0.261,4.822
2000,MAM,South East England,0.287,4.525
2001,MAM,South East England,0.374,7.127
2002,MAM,South East England,0.485,9.610
2003,MAM,South East England,0.474,7.254
2004,MAM,South East England,0.403,8.017
2005,MAM,South East England,0.431,6.585
2006,MAM,South East England,0.302,8.492
2007,MAM,South East England,0.536,12.864
2008,MAM,South East England,0.507,9.966
2009,MAM,South East England,0.495,9.500
2010,MAM,South East England,0.303,5.873
2011,MAM,South East England,0.345,5.559
2012,MAM,South East England,0.395,5.127
2013,MAM,South East England,0.486,7.136
2014,MAM,South East England,0.413,8.492
2015,MAM,South East England,0.470,6.949
2016,MAM,South East England,0.407,6.898
2017,MAM,South East England,0.354,7.881
2018,MAM,South East England,0.315,5.280
2019,MAM,South East England,0.394,5.390
2020,MAM,South East England,0.492,11.780
2021,MAM,South East England,0.475,10.017
2022,MAM,South East England,0.399,10.025
2023,MAM,South East England,0.392,5.034
2024,MAM,South East England,0.446,8.814
2025,MAM,South East England,0.340,4.746
2026,MAM,South East England,0.317,4.449
2027,MAM,South East England,0.357,6.729
2028,MAM,South East England,0.414,6.051
2029,MAM,South East England,0.357,4.288
2030,MAM,South East England,0.396,6.924
2031,MAM,South East England,0.411,6.534
2032,MAM,South East England,0.204,3.381
2033,MAM,South East England,0.350,5.729
2034,MAM,South East England,0.421,8.797
2035,MAM,South East England,0.366,6.263
2036,MAM,South East England,0.264,4.881
2037,MAM,South East England,0.401,6.085
2038,MAM,South East England,0.562,7.203
2039,MAM,South East England,0.303,5.873
2040,MAM,South East England,0.477,6.839
2041,MAM,South East England,0.398,6.678
2042,MAM,South East England,0.383,5.890
2043,MAM,South East England,0.548,7.966
2044,MAM,South East England,0.411,9.805
2045,MAM,South East England,0.302,5.161
2046,MAM,South East England,0.334,3.949
2047,MAM,South East England,0.296,4.102
2048,MAM,South East England,0.258,7.542
2049,MAM,South East England,0.498,5.983
2050,MAM,South East England,0.368,4.958
2051,MAM,South East England,0.443,9.432
2052,MAM,South East England,0.305,6.025
2053,MAM,South East England,0.332,5.559
2054,MAM,South East England,0.358,7.568
2055,MAM,South East England,0.356,7.331
2056,MAM,South East England,0.424,6.958
2057,MAM,South East England,0.276,5.364
2058,MAM,South East England,0.261,2.271
2059,MAM,South East England,0.606,8.508
2060,MAM,South East England,0.248,4.347
2061,MAM,South East England,0.436,5.890
2062,MAM,South East England,0.385,8.314
2063,MAM,South East England,0.344,5.669
2064,MAM,South East England,0.511,8.458
2065,MAM,South East England,0.374,5.339
2066,MAM,South East England,0.179,3.229
2067,MAM,South East England,0.448,6.551
2068,MAM,South East England,0.387,4.915
2069,MAM,South East England,0.379,5.983
2070,MAM,South East England,0.393,8.525
2071,MAM,South East England,0.450,7.373
2072,MAM,South East England,0.325,5.619
2073,MAM,South East England,0.368,5.814
2074,MAM,South East England,0.265,5.195
2075,MAM,South East England,0.388,6.186
2076,MAM,South East England,0.190,3.492
2077,MAM,South East England,0.247,5.237
2078,MAM,South East England,0.205,5.144
2079,MAM,South East England,0.275,5.297
2080,MAM,South East England,0.332,6.839
1981,MAM,South West England,0.383,6.865
1982,MAM,South West England,0.396,7.218
1983,MAM,South West England,0.426,10.250
1984,MAM,South West England,0.329,7.981
1985,MAM,South West England,0.452,6.378
1986,MAM,South West England,0.441,7.942
1987,MAM,South West England,0.479,7.173
1988,MAM,South West England,0.550,7.410
1989,MAM,South West England,0.480,7.917
1990,MAM,South West England,0.432,8.231
1991,MAM,South West England,0.329,5.417
1992,MAM,South West England,0.262,6.115
1993,MAM,South West England,0.596,9.276
1994,MAM,South West England,0.386,7.308
1995,MAM,South West England,0.367,8.160
1996,MAM,South West England,0.331,6.346
1997,MAM,South West England,0.403,9.865
1998,MAM,South West England,0.580,8.147
1999,MAM,South West England,0.285,5.359
2000,MAM,South West England,0.340,5.269
2001,MAM,South West England,0.411,8.705
2002,MAM,South West England,0.561,11.827
2003,MAM,South West England,0.501,7.821
2004,MAM,South West England,0.411,6.776
2005,MAM,South West England,0.432,7.455
2006,MAM,South West England,0.335,9.917
2007,MAM,South West England,0.589,15.449
2008,MAM,South West England,0.521,9.641
2009,MAM,South West England,0.600,10.423
2010,MAM,South West England,0.377,7.718
2011,MAM,South West England,0.358,7.000
2012,MAM,South West England,0.421,7.321
2013,MAM,South West England,0.487,8.974
2014,MAM,South West England,0.452,8.500
2015,MAM,South West England,0.462,6.083
2016,MAM,South West England,0.477,8.891
2017,MAM,South West England,0.390,8.667
2018,MAM,South West England,0.352,4.506
2019,MAM,South West England,0.392,6.340
2020,MAM,South West England,0.529,12.353
2021,MAM,South West England,0.505,10.256
2022,MAM,South West England,0.393,6.635
2023,MAM,South West England,0.409,5.385
2024,MAM,South West England,0.503,10.814
2025,MAM,South West England,0.459,8.192
2026,MAM,South West England,0.355,5.917
2027,MAM,South West England,0.392,7.179
2028,MAM,South West England,0.495,7.827
2029,MAM,South West England,0.477,6.635
2030,MAM,South West England,0.396,7.827
2031,MAM,South West England,0.470,7.551
2032,MAM,South West England,0.304,4.615
2033,MAM,South West England,0.396,4.788
2034,MAM,South West England,0.500,10.853
2035,MAM,South West England,0.373,5.654
2036,MAM,South West England,0.285,5.397
2037,MAM,South West England,0.458,7.269
2038,MAM,South West England,0.602,9.865
2039,MAM,South West England,0.346,5.314
2040,MAM,South West England,0.574,8.712
2041,MAM,South West England,0.416,8.321
2042,MAM,South West England,0.388,6.045
2043,MAM,South West England,0.608,9.699
2044,MAM,South West England,0.451,11.942
2045,MAM,South West England,0.340,4.564
2046,MAM,South West England,0.407,4.808
2047,MAM,South West England,0.338,4.391
2048,MAM,South West England,0.280,6.212
2049,MAM,South West England,0.571,8.558
2050,MAM,South West England,0.380,6.397
2051,MAM,South West England,0.446,9.276
2052,MAM,South West England,0.332,5.436
2053,MAM,South West England,0.336,6.000
2054,MAM,South West England,0.437,9.064
2055,MAM,South West England,0.368,9.077
2056,MAM,South West England,0.474,7.615
2057,MAM,South West England,0.347,5.878
2058,MAM,South West England,0.279,2.679
2059,MAM,South West England,0.650,8.962
2060,MAM,South West England,0.290,4.506
2061,MAM,South West England,0.445,7.423
2062,MAM,South West England,0.386,6.167
2063,MAM,South West England,0.381,5.705
2064,MAM,South West England,0.543,11.494
2065,MAM,South West England,0.399,7.071
2066,MAM,South West England,0.270,3.724
2067,MAM,South West England,0.494,7.340
2068,MAM,South West England,0.368,5.436
2069,MAM,South West England,0.383,6.942
2070,MAM,South West England,0.487,10.801
2071,MAM,South West England,0.514,9.212
2072,MAM,South West England,0.361,5.853
2073,MAM,South West England,0.423,6.474
2074,MAM,South West England,0.301,7.494
2075,MAM,South West England,0.436,7.404
2076,MAM,South West England,0.232,4.654
2077,MAM,South West England,0.334,6.019
2078,MAM,South West England,0.284,5.122
2079,MAM,South West England,0.323,5.827
2080,MAM,South West England,0.379,8.160
1981,MAM,West Midlands,0.378,6.698
1982,MAM,West Midlands,0.364,5.140
1983,MAM,West Midlands,0.381,5.895
1984,MAM,West Midlands,0.344,7.093
1985,MAM,West Midlands,0.416,6.500
1986,MAM,West Midlands,0.406,6.488
1987,MAM,West Midlands,0.466,6.395
1988,MAM,West Midlands,0.524,7.198
1989,MAM,West Midlands,0.459,7.721
1990,MAM,West Midlands,0.432,8.453
1991,MAM,West Midlands,0.313,4.337
1992,MAM,West Midlands,0.296,5.407
1993,MAM,West Midlands,0.482,6.221
1994,MAM,West Midlands,0.389,6.547
1995,MAM,West Midlands,0.344,7.256
1996,MAM,West Midlands,0.331,5.384
1997,MAM,West Midlands,0.383,7.535
1998,MAM,West Midlands,0.526,9.407
1999,MAM,West Midlands,0.290,5.686
2000,MAM,West Midlands,0.327,4.128
2001,MAM,West Midlands,0.347,6.419
2002,MAM,West Midlands,0.518,9.523
2003,MAM,West Midlands,0.478,6.326
2004,MAM,West Midlands,0.410,8.233
2005,MAM,West Midlands,0.439,7.000
2006,MAM,West Midlands,0.353,9.163
2007,MAM,West Midlands,0.570,16.372
2008,MAM,West Midlands,0.510,9.163
2009,MAM,West Midlands,0.506,8.651
2010,MAM,West Midlands,0.330,5.302
2011,MAM,West Midlands,0.388,8.453
2012,MAM,West Midlands,0.354,4.814
2013,MAM,West Midlands,0.482,6.942
2014,MAM,West Midlands,0.402,7.779
2015,MAM,West Midlands,0.471,6.244
2016,MAM,West Midlands,0.467,6.442
2017,MAM,West Midlands,0.337,7.919
2018,MAM,West Midlands,0.397,6.337
2019,MAM,West Midlands,0.391,4.744
2020,MAM,West Midlands,0.493,8.709
2021,MAM,West Midlands,0.550,8.686
2022,MAM,West Midlands,0.423,7.395
2023,MAM,West Midlands,0.422,6.081
2024,MAM,West Midlands,0.460,7.209
2025,MAM,West Midlands,0.407,6.709
2026,MAM,West Midlands,0.387,6.360
2027,MAM,West Midlands,0.377,5.826
2028,MAM,West Midlands,0.466,6.326
2029,MAM,West Midlands,0.444,5.895
2030,MAM,West Midlands,0.406,6.919
2031,MAM,West Midlands,0.447,7.872
2032,MAM,West Midlands,0.302,5.477
2033,MAM,West Midlands,0.373,5.570
2034,MAM,West Midlands,0.441,8.453
2035,MAM,West Midlands,0.400,6.186
2036,MAM,West Midlands,0.340,6.605
2037,MAM,West Midlands,0.420,6.674
2038,MAM,West Midlands,0.550,7.186
2039,MAM,West Midlands,0.345,7.035
2040,MAM,West Midlands,0.557,9.221
2041,MAM,West Midlands,0.445,9.047
2042,MAM,West Midlands,0.433,8.256
2043,MAM,West Midlands,0.576,9.942
2044,MAM,West Midlands,0.414,8.151
2045,MAM,West Midlands,0.318,4.384
2046,MAM,West Midlands,0.377,5.570
2047,MAM,West Midlands,0.334,4.163
2048,MAM,West Midlands,0.301,8.128
2049,MAM,West Midlands,0.530,6.849
2050,MAM,West Midlands,0.379,5.244
2051,MAM,West Midlands,0.446,11.279
2052,MAM,West Midlands,0.372,6.093
2053,MAM,West Midlands,0.343,5.488
2054,MAM,West Midlands,0.373,6.698
2055,MAM,West Midlands,0.365,6.721
2056,MAM,West Midlands,0.488,7.058
2057,MAM,West Midlands,0.321,8.547
2058,MAM,West Midlands,0.274,3.977
2059,MAM,West Midlands,0.622,9.256
2060,MAM,West Midlands,0.286,5.000
2061,MAM,West Midlands,0.510,6.744
2062,MAM,West Midlands,0.386,7.198
2063,MAM,West Midlands,0.386,6.291
2064,MAM,West Midlands,0.548,8.500
2065,MAM,West Midlands,0.393,8.837
2066,MAM,West Midlands,0.237,3.849
2067,MAM,West Midlands,0.486,7.988
2068,MAM,West Midlands,0.362,5.174
2069,MAM,West Midlands,0.390,6.593
2070,MAM,West Midlands,0.486,8.860
2071,MAM,West Midlands,0.503,8.372
2072,MAM,West Midlands,0.301,4.256
2073,MAM,West Midlands,0.368,6.930
2074,MAM,West Midlands,0.284,5.302
2075,MAM,West Midlands,0.420,8.802
2076,MAM,West Midlands,0.243,4.279
2077,MAM,West Midlands,0.333,6.163
2078,MAM,West Midlands,0.227,5.116
2079,MAM,West Midlands,0.312,5.779
2080,MAM,West Midlands,0.374,7.616
1981,MAM,West Scotland,0.569,11.424
1982,MAM,West Scotland,0.494,10.008
1983,MAM,West Scotland,0.503,7.780
1984,MAM,West Scotland,0.441,8.765
1985,MAM,West Scotland,0.489,10.909
1986,MAM,West Scotland,0.576,8.591
1987,MAM,West Scotland,0.589,18.250
1988,MAM,West Scotland,0.455,7.394
1989,MAM,West Scotland,0.397,7.318
1990,MAM,West Scotland,0.490,9.742
1991,MAM,West Scotland,0.544,14.682
1992,MAM,West Scotland,0.465,9.659
1993,MAM,West Scotland,0.678,12.697
1994,MAM,West Scotland,0.389,7.795
1995,MAM,West Scotland,0.535,9.788
1996,MAM,West Scotland,0.506,12.530
1997,MAM,West Scotland,0.554,11.841
1998,MAM,West Scotland,0.565,12.955
1999,MAM,West Scotland,0.365,10.008
2000,MAM,West Scotland,0.592,9.333
2001,MAM,West Scotland,0.495,10.424
2002,MAM,West Scotland,0.585,12.136
2003,MAM,West Scotland,0.489,8.303
2004,MAM,West Scotland,0.477,8.265
2005,MAM,West Scotland,0.545,10.720
2006,MAM,West Scotland,0.480,7.273
2007,MAM,West Scotland,0.772,25.280
2008,MAM,West Scotland,0.629,11.288
2009,MAM,West Scotland,0.580,8.939
2010,MAM,West Scotland,0.482,10.235
2011,MAM,West Scotland,0.554,8.621
2012,MAM,West Scotland,0.509,8.697
2013,MAM,West Scotland,0.503,13.992
2014,MAM,West Scotland,0.534,12.902
2015,MAM,West Scotland,0.548,8.894
2016,MAM,West Scotland,0.672,12.606
2017,MAM,West Scotland,0.461,6.833
2018,MAM,West Scotland,0.684,14.803
2019,MAM,West Scotland,0.455,5.553
2020,MAM,West Scotland,0.632,13.583
2021,MAM,West Scotland,0.620,9.561
2022,MAM,West Scotland,0.391,7.727
2023,MAM,West Scotland,0.465,7.364
2024,MAM,West Scotland,0.671,18.508
2025,MAM,West Scotland,0.654,12.773
2026,MAM,West Scotland,0.469,7.795
2027,MAM,West Scotland,0.602,14.523
2028,MAM,West Scotland,0.630,13.386
2029,MAM,West Scotland,0.626,16.053
2030,MAM,West Scotland,0.482,14.417
2031,MAM,West Scotland,0.579,8.288
2032,MAM,West Scotland,0.515,13.417
2033,MAM,West Scotland,0.586,14.197
2034,MAM,West Scotland,0.635,11.189
2035,MAM,West Scotland,0.510,13.977
2036,MAM,West Scotland,0.549,8.985
2037,MAM,West Scotland,0.591,17.803
2038,MAM,West Scotland,0.609,11.318
2039,MAM,West Scotland,0.525,8.795
2040,MAM,West Scotland,0.631,11.856
2041,MAM,West Scotland,0.541,11.114
2042,MAM,West Scotland,0.644,9.788
2043,MAM,West Scotland,0.565,11.644
2044,MAM,West Scotland,0.684,18.227
2045,MAM,West Scotland,0.530,9.470
2046,MAM,West Scotland,0.628,10.242
2047,MAM,West Scotland,0.499,10.212
2048,MAM,West Scotland,0.470,16.402
2049,MAM,West Scotland,0.666,21.197
2050,MAM,West Scotland,0.538,11.750
2051,MAM,West Scotland,0.525,8.447
2052,MAM,West Scotland,0.542,12.970
2053,MAM,West Scotland,0.555,8.803
2054,MAM,West Scotland,0.474,8.379
2055,MAM,West Scotland,0.495,7.515
2056,MAM,West Scotland,0.637,12.856
2057,MAM,West Scotland,0.600,10.682
2058,MAM,West Scotland,0.612,10.621
2059,MAM,West Scotland,0.570,10.189
2060,MAM,West Scotland,0.580,9.811
2061,MAM,West Scotland,0.531,12.826
2062,MAM,West Scotland,0.512,8.295
2063,MAM,West Scotland,0.404,7.902
2064,MAM,West Scotland,0.655,11.326
2065,MAM,West Scotland,0.521,12.583
2066,MAM,West Scotland,0.441,8.932
2067,MAM,West Scotland,0.555,11.712
2068,MAM,West Scotland,0.475,9.394
2069,MAM,West Scotland,0.578,13.470
2070,MAM,West Scotland,0.607,11.508
2071,MAM,West Scotland,0.628,20.970
2072,MAM,West Scotland,0.455,9.098
2073,MAM,West Scotland,0.534,9.712
2074,MAM,West Scotland,0.464,10.386
2075,MAM,West Scotland,0.635,11.439
2076,MAM,West Scotland,0.548,8.909
2077,MAM,West Scotland,0.631,14.091
2078,MAM,West Scotland,0.518,10.106
2079,MAM,West Scotland,0.540,11.947
2080,MAM,West Scotland,0.565,8.091
1981,MAM,Yorkshire and Humber,0.485,10.525
1982,MAM,Yorkshire and Humber,0.385,8.267
1983,MAM,Yorkshire and Humber,0.415,7.307
1984,MAM,Yorkshire and Humber,0.381,6.475
1985,MAM,Yorkshire and Humber,0.457,6.307
1986,MAM,Yorkshire and Humber,0.485,7.050
1987,MAM,Yorkshire and Humber,0.495,8.337
1988,MAM,Yorkshire and Humber,0.519,7.871
1989,MAM,Yorkshire and Humber,0.450,6.436
1990,MAM,Yorkshire and Humber,0.394,6.337
1991,MAM,Yorkshire and Humber,0.372,10.485
1992,MAM,Yorkshire and Humber,0.326,5.327
1993,MAM,Yorkshire and Humber,0.540,8.228
1994,MAM,Yorkshire and Humber,0.378,6.248
1995,MAM,Yorkshire and Humber,0.339,5.653
1996,MAM,Yorkshire and Humber,0.334,5.188
1997,MAM,Yorkshire and Humber,0.454,10.693
1998,MAM,Yorkshire and Humber,0.531,7.970
1999,MAM,Yorkshire and Humber,0.306,6.416
2000,MAM,Yorkshire and Humber,0.350,4.842
2001,MAM,Yorkshire and Humber,0.359,6.109
2002,MAM,Yorkshire and Humber,0.486,7.139
2003,MAM,Yorkshire and Humber,0.555,8.337
2004,MAM,Yorkshire and Humber,0.498,11.792
2005,MAM,Yorkshire and Humber,0.479,10.277
2006,MAM,Yorkshire and Humber,0.396,8.119
2007,MAM,Yorkshire and Humber,0.526,11.891
2008,MAM,Yorkshire and Humber,0.526,8.931
2009,MAM,Yorkshire and Humber,0.450,6.040
2010,MAM,Yorkshire and Humber,0.363,4.733
2011,MAM,Yorkshire and Humber,0.382,6.624
2012,MAM,Yorkshire and Humber,0.387,4.406
2013,MAM,Yorkshire and Humber,0.512,9.673
2014,MAM,Yorkshire and Humber,0.418,6.812
2015,MAM,Yorkshire and Humber,0.501,6.535
2016,MAM,Yorkshire and Humber,0.502,7.317
2017,MAM,Yorkshire and Humber,0.348,6.158
2018,MAM,Yorkshire and Humber,0.507,8.693
2019,MAM,Yorkshire and Humber,0.425,7.188
2020,MAM,Yorkshire and Humber,0.556,9.881
2021,MAM,Yorkshire and Humber,0.552,8.980
2022,MAM,Yorkshire and Humber,0.489,8.851
2023,MAM,Yorkshire and Humber,0.441,6.178
2024,MAM,Yorkshire and Humber,0.500,8.535
2025,MAM,Yorkshire and Humber,0.479,10.139
2026,MAM,Yorkshire and Humber,0.402,5.168
2027,MAM,Yorkshire and Humber,0.419,8.475
2028,MAM,Yorkshire and Humber,0.504,6.554
2029,MAM,Yorkshire and Humber,0.454,7.960
2030,MAM,Yorkshire and Humber,0.526,7.713
2031,MAM,Yorkshire and Humber,0.495,9.881
2032,MAM,Yorkshire and Humber,0.319,5.505
2033,MAM,Yorkshire and Humber,0.403,6.475
2034,MAM,Yorkshire and Humber,0.506,8.139
2035,MAM,Yorkshire and Humber,0.412,8.921
2036,MAM,Yorkshire and Humber,0.392,5.178
2037,MAM,Yorkshire and Humber,0.481,7.515
2038,MAM,Yorkshire and Humber,0.576,8.762
2039,MAM,Yorkshire and Humber,0.297,6.228
2040,MAM,Yorkshire and Humber,0.582,8.832
2041,MAM,Yorkshire and Humber,0.489,7.109
2042,MAM,Yorkshire and Humber,0.463,6.653
2043,MAM,Yorkshire and Humber,0.519,6.782
2044,MAM,Yorkshire and Humber,0.437,6.653
2045,MAM,Yorkshire and Humber,0.364,4.772
2046,MAM,Yorkshire and Humber,0.408,5.119
2047,MAM,Yorkshire and Humber,0.392,4.653
2048,MAM,Yorkshire and Humber,0.359,8.960
2049,MAM,Yorkshire and Humber,0.577,8.386
2050,MAM,Yorkshire and Humber,0.424,5.040
2051,MAM,Yorkshire and Humber,0.464,9.842
2052,MAM,Yorkshire and Humber,0.423,7.851
2053,MAM,Yorkshire and Humber,0.405,6.584
2054,MAM,Yorkshire and Humber,0.419,7.079
2055,MAM,Yorkshire and Humber,0.396,7.307
2056,MAM,Yorkshire and Humber,0.537,11.366
2057,MAM,Yorkshire and Humber,0.355,6.475
2058,MAM,Yorkshire and Humber,0.355,4.079
2059,MAM,Yorkshire and Humber,0.620,8.337
2060,MAM,Yorkshire and Humber,0.314,4.624
2061,MAM,Yorkshire and Humber,0.582,10.713
2062,MAM,Yorkshire and Humber,0.446,8.297
2063,MAM,Yorkshire and Humber,0.332,4.723
2064,MAM,Yorkshire and Humber,0.607,8.079
2065,MAM,Yorkshire and Humber,0.413,5.614
2066,MAM,Yorkshire and Humber,0.258,4.287
2067,MAM,Yorkshire and Humber,0.471,7.554
2068,MAM,Yorkshire and Humber,0.393,5.960
2069,MAM,Yorkshire and Humber,0.447,9.198
2070,MAM,Yorkshire and Humber,0.537,9.762
2071,MAM,Yorkshire and Humber,0.504,7.980
2072,MAM,Yorkshire and Humber,0.315,4.465
2073,MAM,Yorkshire and Humber,0.384,5.545
2074,MAM,Yorkshire and Humber,0.345,6.089
2075,MAM,Yorkshire and Humber,0.437,8.297
2076,MAM,Yorkshire and Humber,0.328,3.713
2077,MAM,Yorkshire and Humber,0.331,5.624
2078,MAM,Yorkshire and Humber,0.335,6.347
2079,MAM,Yorkshire and Humber,0.353,5.772
2080,MAM,Yorkshire and Humber,0.443,6.455
1981,MAM,Channel Islands,0.289,6.500
1982,MAM,Channel Islands,0.356,6.000
1983,MAM,Channel Islands,0.433,6.000
1984,MAM,Channel Islands,0.294,5.000
1985,MAM,Channel Islands,0.456,7.500
1986,MAM,Channel Islands,0.394,7.000
1987,MAM,Channel Islands,0.389,6.000
1988,MAM,Channel Islands,0.528,5.000
1989,MAM,Channel Islands,0.461,11.000
1990,MAM,Channel Islands,0.467,14.500
1991,MAM,Channel Islands,0.289,5.000
1992,MAM,Channel Islands,0.156,3.000
1993,MAM,Channel Islands,0.572,12.000
1994,MAM,Channel Islands,0.361,8.000
1995,MAM,Channel Islands,0.294,5.000
1996,MAM,Channel Islands,0.283,4.000
1997,MAM,Channel Islands,0.361,6.000
1998,MAM,Channel Islands,0.517,6.500
1999,MAM,Channel Islands,0.361,7.500
2000,MAM,Channel Islands,0.261,5.000
2001,MAM,Channel Islands,0.367,5.000
2002,MAM,Channel Islands,0.472,8.000
2003,MAM,Channel Islands,0.478,8.000
2004,MAM,Channel Islands,0.372,5.000
2005,MAM,Channel Islands,0.428,6.500
2006,MAM,Channel Islands,0.289,10.000
2007,MAM,Channel Islands,0.511,11.000
2008,MAM,Channel Islands,0.428,8.000
2009,MAM,Channel Islands,0.456,9.500
2010,MAM,Channel Islands,0.294,4.000
2011,MAM,Channel Islands,0.339,14.000
2012,MAM,Channel Islands,0.356,4.500
2013,MAM,Channel Islands,0.472,5.500
2014,MAM,Channel Islands,0.361,8.000
2015,MAM,Channel Islands,0.439,7.000
2016,MAM,Channel Islands,0.389,7.500
2017,MAM,Channel Islands,0.394,8.000
2018,MAM,Channel Islands,0.256,3.000
2019,MAM,Channel Islands,0.361,6.000
2020,MAM,Channel Islands,0.522,12.000
2021,MAM,Channel Islands,0.550,15.000
2022,MAM,Channel Islands,0.544,11.500
2023,MAM,Channel Islands,0.328,4.000
2024,MAM,Channel Islands,0.411,10.500
2025,MAM,Channel Islands,0.344,5.000
2026,MAM,Channel Islands,0.339,6.500
2027,MAM,Channel Islands,0.356,7.000
2028,MAM,Channel Islands,0.478,7.000
2029,MAM,Channel Islands,0.400,10.000
2030,MAM,Channel Islands,0.372,7.500
2031,MAM,Channel Islands,0.456,8.500
2032,MAM,Channel Islands,0.211,4.000
2033,MAM,Channel Islands,0.339,5.000
2034,MAM,Channel Islands,0.472,8.500
2035,MAM,Channel Islands,0.317,5.000
2036,MAM,Channel Islands,0.244,6.000
2037,MAM,Channel Islands,0.417,6.500
2038,MAM,Channel Islands,0.578,8.000
2039,MAM,Channel Islands,0.317,5.000
2040,MAM,Channel Islands,0.556,7.500
2041,MAM,Channel Islands,0.417,7.000
2042,MAM,Channel Islands,0.300,6.000
2043,MAM,Channel Islands,0.539,12.500
2044,MAM,Channel Islands,0.361,8.500
2045,MAM,Channel Islands,0.350,6.500
2046,MAM,Channel Islands,0.372,4.500
2047,MAM,Channel Islands,0.222,4.000
2048,MAM,Channel Islands,0.200,5.000
2049,MAM,Channel Islands,0.506,5.500
2050,MAM,Channel Islands,0.367,6.000
2051,MAM,Channel Islands,0.467,8.000
2052,MAM,Channel Islands,0.261,3.000
2053,MAM,Channel Islands,0.317,7.000
2054,MAM,Channel Islands,0.467,10.000
2055,MAM,Channel Islands,0.367,11.000
2056,MAM,Channel Islands,0.444,7.000
2057,MAM,Channel Islands,0.244,5.000
2058,MAM,Channel Islands,0.206,3.500
2059,MAM,Channel Islands,0.644,9.000
2060,MAM,Channel Islands,0.206,5.000
2061,MAM,Channel Islands,0.467,7.000
2062,MAM,Channel Islands,0.394,9.000
2063,MAM,Channel Islands,0.378,7.000
2064,MAM,Channel Islands,0.539,8.000
2065,MAM,Channel Islands,0.356,6.000
2066,MAM,Channel Islands,0.261,6.500
2067,MAM,Channel Islands,0.511,5.500
2068,MAM,Channel Islands,0.339,8.500
2069,MAM,Channel Islands,0.400,5.000
2070,MAM,Channel Islands,0.461,6.000
2071,MAM,Channel Islands,0.406,7.000
2072,MAM,Channel Islands,0.339,5.000
2073,MAM,Channel Islands,0.406,4.000
2074,MAM,Channel Islands,0.317,6.000
2075,MAM,Channel Islands,0.406,7.500
2076,MAM,Channel Islands,0.150,5.000
2077,MAM,Channel Islands,0.222,4.000
2078,MAM,Channel Islands,0.211,5.000
2079,MAM,Channel Islands,0.250,7.500
2080,MAM,Channel Islands,0.278,11.500
1981,MAM,Isle of Man,0.481,7.000
1982,MAM,Isle of Man,0.470,10.000
1983,MAM,Isle of Man,0.463,8.333
1984,MAM,Isle of Man,0.370,4.667
1985,MAM,Isle of Man,0.493,10.333
1986,MAM,Isle of Man,0.507,9.667
1987,MAM,Isle of Man,0.467,7.667
1988,MAM,Isle of Man,0.496,7.000
1989,MAM,Isle of Man,0.404,6.667
1990,MAM,Isle of Man,0.381,6.333
1991,MAM,Isle of Man,0.415,5.000
1992,MAM,Isle of Man,0.326,5.000
1993,MAM,Isle of Man,0.578,9.333
1994,MAM,Isle of Man,0.348,7.333
1995,MAM,Isle of Man,0.456,8.000
1996,MAM,Isle of Man,0.352,5.667
1997,MAM,Isle of Man,0.485,9.667
1998,MAM,Isle of Man,0.530,9.000
1999,MAM,Isle of Man,0.341,5.000
2000,MAM,Isle of Man,0.448,7.333
2001,MAM,Isle of Man,0.393,7.000
2002,MAM,Isle of Man,0.607,7.000
2003,MAM,Isle of Man,0.552,8.667
2004,MAM,Isle of Man,0.415,4.000
2005,MAM,Isle of Man,0.489,10.000
2006,MAM,Isle of Man,0.422,7.000
2007,MAM,Isle of Man,0.619,8.667
2008,MAM,Isle of Man,0.604,12.000
2009,MAM,Isle of Man,0.622,11.000
2010,MAM,Isle of Man,0.430,8.333
2011,MAM,Isle of Man,0.367,6.000
2012,MAM,Isle of Man,0.415,5.667
2013,MAM,Isle of Man,0.437,9.333
2014,MAM,Isle of Man,0.426,7.000
2015,MAM,Isle of Man,0.444,5.667
2016,MAM,Isle of Man,0.585,10.333
2017,MAM,Isle of Man,0.333,6.000
2018,MAM,Isle of Man,0.537,7.000
2019,MAM,Isle of Man,0.415,5.333
2020,MAM,Isle of Man,0.604,8.000
2021,MAM,Isle of Man,0.548,7.000
2022,MAM,Isle of Man,0.333,4.000
2023,MAM,Isle of Man,0.459,7.000
2024,MAM,Isle of Man,0.607,15.333
2025,MAM,Isle of Man,0.570,6.667
2026,MAM,Isle of Man,0.363,6.667
2027,MAM,Isle of Man,0.496,7.333
2028,MAM,Isle of Man,0.593,10.667
2029,MAM,Isle of Man,0.559,11.333
2030,MAM,Isle of Man,0.430,8.667
2031,MAM,Isle of Man,0.526,6.000
2032,MAM,Isle of Man,0.400,9.000
2033,MAM,Isle of Man,0.596,9.333
2034,MAM,Isle of Man,0.600,10.000
2035,MAM,Isle of Man,0.437,5.333
2036,MAM,Isle of Man,0.359,6.000
2037,MAM,Isle of Man,0.444,5.333
2038,MAM,Isle of Man,0.578,8.333
2039,MAM,Isle of Man,0.378,5.333
2040,MAM,Isle of Man,0.611,8.000
2041,MAM,Isle of Man,0.452,6.000
2042,MAM,Isle of Man,0.526,6.000
2043,MAM,Isle of Man,0.496,8.000
2044,MAM,Isle of Man,0.563,16.333
2045,MAM,Isle of Man,0.419,8.000
2046,MAM,Isle of Man,0.500,6.000
2047,MAM,Isle of Man,0.448,5.000
2048,MAM,Isle of Man,0.363,6.667
2049,MAM,Isle of Man,0.574,12.667
2050,MAM,Isle of Man,0.407,3.333
2051,MAM,Isle of Man,0.478,8.000
2052,MAM,Isle of Man,0.467,10.000
2053,MAM,Isle of Man,0.526,7.000
2054,MAM,Isle of Man,0.422,9.333
2055,MAM,Isle of Man,0.370,5.000
2056,MAM,Isle of Man,0.574,8.000
2057,MAM,Isle of Man,0.493,7.667
2058,MAM,Isle of Man,0.474,5.000
2059,MAM,Isle of Man,0.600,7.000
2060,MAM,Isle of Man,0.400,8.000
2061,MAM,Isle of Man,0.544,11.333
2062,MAM,Isle of Man,0.485,7.333
2063,MAM,Isle of Man,0.378,7.333
2064,MAM,Isle of Man,0.637,8.667
2065,MAM,Isle of Man,0.456,10.000
2066,MAM,Isle of Man,0.370,8.667
2067,MAM,Isle of Man,0.470,7.000
2068,MAM,Isle of Man,0.381,7.333
2069,MAM,Isle of Man,0.489,5.000
2070,MAM,Isle of Man,0.570,9.333
2071,MAM,Isle of Man,0.552,7.000
2072,MAM,Isle of Man,0.337,11.000
2073,MAM,Isle of Man,0.404,5.667
2074,MAM,Isle of Man,0.363,8.000
2075,MAM,Isle of Man,0.515,6.000
2076,MAM,Isle of Man,0.411,5.667
2077,MAM,Isle of Man,0.496,9.667
2078,MAM,Isle of Man,0.474,12.667
2079,MAM,Isle of Man,0.419,6.000
2080,MAM,Isle of Man,0.507,5.667
1981,MAM,Northern Ireland,0.544,8.341
1982,MAM,Northern Ireland,0.495,8.894
1983,MAM,Northern Ireland,0.459,7.271
1984,MAM,Northern Ireland,0.396,4.906
1985,MAM,Northern Ireland,0.499,8.529
1986,MAM,Northern Ireland,0.565,9.471
1987,MAM,Northern Ireland,0.551,13.271
1988,MAM,Northern Ireland,0.571,12.588
1989,MAM,Northern Ireland,0.518,8.176
1990,MAM,Northern Ireland,0.430,8.553
1991,MAM,Northern Ireland,0.480,7.565
1992,MAM,Northern Ireland,0.366,7.976
1993,MAM,Northern Ireland,0.679,12.235
1994,MAM,Northern Ireland,0.421,7.800
1995,MAM,Northern Ireland,0.504,8.906
1996,MAM,Northern Ireland,0.408,6.318
1997,MAM,Northern Ireland,0.544,10.235
1998,MAM,Northern Ireland,0.571,12.259
1999,MAM,Northern Ireland,0.357,7.741
2000,MAM,Northern Ireland,0.485,7.176
2001,MAM,Northern Ireland,0.479,9.682
2002,MAM,Northern Ireland,0.604,13.141
2003,MAM,Northern Ireland,0.545,9.588
2004,MAM,Northern Ireland,0.483,5.835
2005,MAM,Northern Ireland,0.532,10.247
2006,MAM,Northern Ireland,0.485,8.518
2007,MAM,Northern Ireland,0.661,13.882
2008,MAM,Northern Ireland,0.663,13.612
2009,MAM,Northern Ireland,0.629,9.329
2010,MAM,Northern Ireland,0.413,8.012
2011,MAM,Northern Ireland,0.494,9.859
2012,MAM,Northern Ireland,0.471,9.024
2013,MAM,Northern Ireland,0.499,10.141
2014,MAM,Northern Ireland,0.562,15.212
2015,MAM,Northern Ireland,0.511,8.929
2016,MAM,Northern Ireland,0.651,11.871
2017,MAM,Northern Ireland,0.395,6.541
2018,MAM,Northern Ireland,0.607,8.600
2019,MAM,Northern Ireland,0.502,5.565
2020,MAM,Northern Ireland,0.689,15.141
2021,MAM,Northern Ireland,0.628,11.141
2022,MAM,Northern Ireland,0.417,7.212
2023,MAM,Northern Ireland,0.505,8.435
2024,MAM,Northern Ireland,0.663,13.247
2025,MAM,Northern Ireland,0.657,9.435
2026,MAM,Northern Ireland,0.454,8.212
2027,MAM,Northern Ireland,0.538,11.929
2028,MAM,Northern Ireland,0.608,10.447
2029,MAM,Northern Ireland,0.611,10.388
2030,MAM,Northern Ireland,0.481,14.988
2031,MAM,Northern Ireland,0.656,12.600
2032,MAM,Northern Ireland,0.486,11.188
2033,MAM,Northern Ireland,0.576,8.188
2034,MAM,Northern Ireland,0.625,10.471
2035,MAM,Northern Ireland,0.517,9.118
2036,MAM,Northern Ireland,0.483,6.565
2037,MAM,Northern Ireland,0.524,8.918
2038,MAM,Northern Ireland,0.592,9.776
2039,MAM,Northern Ireland,0.470,8.565
2040,MAM,Northern Ireland,0.601,10.729
2041,MAM,Northern Ireland,0.568,11.859
2042,MAM,Northern Ireland,0.628,12.459
2043,MAM,Northern Ireland,0.623,11.576
2044,MAM,Northern Ireland,0.632,13.435
2045,MAM,Northern Ireland,0.483,8.341
2046,MAM,Northern Ireland,0.598,9.424
2047,MAM,Northern Ireland,0.500,7.882
2048,MAM,Northern Ireland,0.418,15.035
2049,MAM,Northern Ireland,0.611,12.824
2050,MAM,Northern Ireland,0.469,6.941
2051,MAM,Northern Ireland,0.527,10.953
2052,MAM,Northern Ireland,0.468,7.671
2053,MAM,Northern Ireland,0.524,8.800
2054,MAM,Northern Ireland,0.446,7.106
2055,MAM,Northern Ireland,0.489,6.565
2056,MAM,Northern Ireland,0.635,10.706
2057,MAM,Northern Ireland,0.536,8.682
2058,MAM,Northern Ireland,0.521,8.624
2059,MAM,Northern Ireland,0.632,10.612
2060,MAM,Northern Ireland,0.485,7.353
2061,MAM,Northern Ireland,0.549,13.388
2062,MAM,Northern Ireland,0.533,8.612
2063,MAM,Northern Ireland,0.450,9.741
2064,MAM,Northern Ireland,0.636,9.694
2065,MAM,Northern Ireland,0.470,12.435
2066,MAM,Northern Ireland,0.421,6.318
2067,MAM,Northern Ireland,0.555,12.741
2068,MAM,Northern Ireland,0.442,7.576
2069,MAM,Northern Ireland,0.565,13.824
2070,MAM,Northern Ireland,0.636,13.176
2071,MAM,Northern Ireland,0.632,19.435
2072,MAM,Northern Ireland,0.404,9.306
2073,MAM,Northern Ireland,0.468,7.000
2074,MAM,Northern Ireland,0.419,12.471
2075,MAM,Northern Ireland,0.573,10.612
2076,MAM,Northern Ireland,0.505,7.235
2077,MAM,Northern Ireland,0.610,11.788
2078,MAM,Northern Ireland,0.475,11.047
2079,MAM,Northern Ireland,0.454,6.588
2080,MAM,Northern Ireland,0.503,6.447
1981,MAM,Wales,0.432,5.534
1982,MAM,Wales,0.479,9.278
1983,MAM,Wales,0.458,8.647
1984,MAM,Wales,0.415,8.677
1985,MAM,Wales,0.520,10.827
1986,MAM,Wales,0.548,9.143
1987,MAM,Wales,0.571,10.925
1988,MAM,Wales,0.579,8.451
1989,MAM,Wales,0.557,9.308
1990,MAM,Wales,0.497,9.000
1991,MAM,Wales,0.438,8.774
1992,MAM,Wales,0.356,6.346
1993,MAM,Wales,0.665,11.707
1994,MAM,Wales,0.399,7.489
1995,MAM,Wales,0.431,7.541
1996,MAM,Wales,0.414,11.030
1997,MAM,Wales,0.501,9.549
1998,MAM,Wales,0.611,14.045
1999,MAM,Wales,0.352,7.902
2000,MAM,Wales,0.441,6.406
2001,MAM,Wales,0.474,10.571
2002,MAM,Wales,0.619,15.767
2003,MAM,Wales,0.557,11.556
2004,MAM,Wales,0.454,6.278
2005,MAM,Wales,0.512,11.496
2006,MAM,Wales,0.443,9.925
2007,MAM,Wales,0.708,20.429
2008,MAM,Wales,0.615,12.368
2009,MAM,Wales,0.606,10.353
2010,MAM,Wales,0.419,7.241
2011,MAM,Wales,0.460,8.211
2012,MAM,Wales,0.449,7.684
2013,MAM,Wales,0.529,14.925
2014,MAM,Wales,0.512,10.008
2015,MAM,Wales,0.505,6.992
2016,MAM,Wales,0.596,12.038
2017,MAM,Wales,0.429,9.308
2018,MAM,Wales,0.526,9.353
2019,MAM,Wales,0.451,5.962
2020,MAM,Wales,0.579,9.917
2021,MAM,Wales,0.629,12.451
2022,MAM,Wales,0.447,10.158
2023,MAM,Wales,0.495,8.669
2024,MAM,Wales,0.605,17.917
2025,MAM,Wales,0.601,11.496
2026,MAM,Wales,0.433,7.098
2027,MAM,Wales,0.519,12.451
2028,MAM,Wales,0.591,12.391
2029,MAM,Wales,0.561,10.744
2030,MAM,Wales,0.461,10.880
2031,MAM,Wales,0.546,12.098
2032,MAM,Wales,0.401,7.308
2033,MAM,Wales,0.459,6.474
2034,MAM,Wales,0.571,10.361
2035,MAM,Wales,0.476,9.293
2036,MAM,Wales,0.422,7.714
2037,MAM,Wales,0.511,7.842
2038,MAM,Wales,0.637,8.586
2039,MAM,Wales,0.437,8.887
2040,MAM,Wales,0.663,10.669
2041,MAM,Wales,0.497,9.955
2042,MAM,Wales,0.542,9.038
2043,MAM,Wales,0.635,11.797
2044,MAM,Wales,0.559,12.075
2045,MAM,Wales,0.441,5.549
2046,MAM,Wales,0.544,7.767
2047,MAM,Wales,0.442,5.383
2048,MAM,Wales,0.354,10.662
2049,MAM,Wales,0.619,17.308
2050,MAM,Wales,0.480,7.932
2051,MAM,Wales,0.504,10.669
2052,MAM,Wales,0.451,8.579
2053,MAM,Wales,0.456,7.361
2054,MAM,Wales,0.448,8.481
2055,MAM,Wales,0.414,9.797
2056,MAM,Wales,0.609,9.602
2057,MAM,Wales,0.482,8.835
2058,MAM,Wales,0.436,6.692
2059,MAM,Wales,0.663,10.173
2060,MAM,Wales,0.391,6.150
2061,MAM,Wales,0.551,9.752
2062,MAM,Wales,0.484,9.586
2063,MAM,Wales,0.458,7.053
2064,MAM,Wales,0.632,12.338
2065,MAM,Wales,0.473,10.985
2066,MAM,Wales,0.381,7.564
2067,MAM,Wales,0.567,7.940
2068,MAM,Wales,0.452,8.654
2069,MAM,Wales,0.494,10.466
2070,MAM,Wales,0.601,11.150
2071,MAM,Wales,0.589,14.549
2072,MAM,Wales,0.421,7.820
2073,MAM,Wales,0.480,7.398
2074,MAM,Wales,0.363,8.812
2075,MAM,Wales,0.550,14.113
2076,MAM,Wales,0.376,5.541
2077,MAM,Wales,0.469,7.023
2078,MAM,Wales,0.387,9.466
2079,MAM,Wales,0.442,9.970
2080,MAM,Wales,0.496,9.406
1981,JJA,East Midlands,0.289,5.369
1982,JJA,East Midlands,0.266,4.320
1983,JJA,East Midlands,0.244,3.670
1984,JJA,East Midlands,0.202,3.524
1985,JJA,East Midlands,0.286,4.728
1986,JJA,East Midlands,0.288,5.592
1987,JJA,East Midlands,0.347,6.068
1988,JJA,East Midlands,0.372,6.155
1989,JJA,East Midlands,0.349,5.621
1990,JJA,East Midlands,0.358,5.214
1991,JJA,East Midlands,0.359,4.039
1992,JJA,East Midlands,0.347,4.320
1993,JJA,East Midlands,0.307,4.359
1994,JJA,East Midlands,0.333,4.777
1995,JJA,East Midlands,0.513,11.311
1996,JJA,East Midlands,0.259,5.427
1997,JJA,East Midlands,0.280,4.476
1998,JJA,East Midlands,0.437,4.942
1999,JJA,East Midlands,0.322,3.777
2000,JJA,East Midlands,0.242,4.311
2001,JJA,East Midlands,0.314,6.699
2002,JJA,East Midlands,0.359,4.951
2003,JJA,East Midlands,0.365,5.340
2004,JJA,East Midlands,0.298,5.165
2005,JJA,East Midlands,0.333,5.388
2006,JJA,East Midlands,0.123,2.262
2007,JJA,East Midlands,0.323,5.913
2008,JJA,East Midlands,0.363,5.777
2009,JJA,East Midlands,0.294,4.010
2010,JJA,East Midlands,0.277,4.078
2011,JJA,East Midlands,0.262,4.660
2012,JJA,East Midlands,0.366,5.621
2013,JJA,East Midlands,0.350,3.932
2014,JJA,East Midlands,0.312,6.194
2015,JJA,East Midlands,0.265,3.845
2016,JJA,East Midlands,0.253,4.184
2017,JJA,East Midlands,0.289,4.990
2018,JJA,East Midlands,0.305,5.010
2019,JJA,East Midlands,0.336,5.573
2020,JJA,East Midlands,0.355,6.612
2021,JJA,East Midlands,0.300,4.456
2022,JJA,East Midlands,0.248,4.689
2023,JJA,East Midlands,0.300,5.243
2024,JJA,East Midlands,0.292,8.136
2025,JJA,East Midlands,0.261,3.515
2026,JJA,East Midlands,0.158,3.311
2027,JJA,East Midlands,0.305,4.146
2028,JJA,East Midlands,0.362,4.330
2029,JJA,East Midlands,0.396,7.078
2030,JJA,East Midlands,0.381,5.573
2031,JJA,East Midlands,0.259,3.981
2032,JJA,East Midlands,0.290,3.456
2033,JJA,East Midlands,0.237,2.864
2034,JJA,East Midlands,0.413,8.097
2035,JJA,East Midlands,0.281,4.689
2036,JJA,East Midlands,0.183,3.515
2037,JJA,East Midlands,0.387,5.903
2038,JJA,East Midlands,0.260,7.340
2039,JJA,East Midlands,0.265,4.796
2040,JJA,East Midlands,0.253,4.097
2041,JJA,East Midlands,0.240,3.330
2042,JJA,East Midlands,0.425,7.204
2043,JJA,East Midlands,0.277,4.495
2044,JJA,East Midlands,0.302,6.010
2045,JJA,East Midlands,0.206,3.233
2046,JJA,East Midlands,0.321,4.272
2047,JJA,East Midlands,0.216,2.796
2048,JJA,East Midlands,0.231,3.146
2049,JJA,East Midlands,0.330,4.427
2050,JJA,East Midlands,0.168,2.738
2051,JJA,East Midlands,0.228,3.777
2052,JJA,East Midlands,0.341,8.757
2053,JJA,East Midlands,0.294,3.214
2054,JJA,East Midlands,0.377,8.573
2055,JJA,East Midlands,0.231,3.641
2056,JJA,East Midlands,0.185,4.214
2057,JJA,East Midlands,0.157,2.816
2058,JJA,East Midlands,0.164,3.388
2059,JJA,East Midlands,0.196,4.641
2060,JJA,East Midlands,0.305,4.631
2061,JJA,East Midlands,0.153,2.922
2062,JJA,East Midlands,0.327,6.718
2063,JJA,East Midlands,0.183,3.068
2064,JJA,East Midlands,0.200,2.515
2065,JJA,East Midlands,0.287,4.864
2066,JJA,East Midlands,0.214,3.495
2067,JJA,East Midlands,0.202,2.845
2068,JJA,East Midlands,0.143,3.505
2069,JJA,East Midlands,0.266,3.592
2070,JJA,East Midlands,0.157,2.388
2071,JJA,East Midlands,0.087,1.670
2072,JJA,East Midlands,0.133,3.544
2073,JJA,East Midlands,0.093,1.961
2074,JJA,East Midlands,0.224,6.505
2075,JJA,East Midlands,0.173,2.951
2076,JJA,East Midlands,0.266,5.379
2077,JJA,East Midlands,0.110,2.913
2078,JJA,East Midlands,0.175,3.544
2079,JJA,East Midlands,0.148,3.107
2080,JJA,East Midlands,0.244,3.670
1981,JJA,East of England,0.265,4.661
1982,JJA,East of England,0.270,4.961
1983,JJA,East of England,0.263,4.134
1984,JJA,East of England,0.157,2.472
1985,JJA,East of England,0.276,3.969
1986,JJA,East of England,0.281,5.724
1987,JJA,East of England,0.317,5.087
1988,JJA,East of England,0.336,5.709
1989,JJA,East of England,0.286,4.016
1990,JJA,East of England,0.340,5.976
1991,JJA,East of England,0.331,4.142
1992,JJA,East of England,0.357,5.126
1993,JJA,East of England,0.346,4.630
1994,JJA,East of England,0.343,5.346
1995,JJA,East of England,0.455,8.551
1996,JJA,East of England,0.240,4.787
1997,JJA,East of England,0.242,4.417
1998,JJA,East of England,0.375,4.409
1999,JJA,East of England,0.283,3.740
2000,JJA,East of England,0.212,3.701
2001,JJA,East of England,0.329,5.843
2002,JJA,East of England,0.357,4.299
2003,JJA,East of England,0.348,5.220
2004,JJA,East of England,0.334,6.780
2005,JJA,East of England,0.337,5.819
2006,JJA,East of England,0.118,2.189
2007,JJA,East of England,0.308,5.669
2008,JJA,East of England,0.347,5.630
2009,JJA,East of England,0.300,4.386
2010,JJA,East of England,0.285,4.079
2011,JJA,East of England,0.189,2.976
2012,JJA,East of England,0.338,5.520
2013,JJA,East of England,0.305,4.008
2014,JJA,East of England,0.271,4.520
2015,JJA,East of England,0.275,4.150
2016,JJA,East of England,0.266,4.110
2017,JJA,East of England,0.288,5.299
2018,JJA,East of England,0.279,5.181
2019,JJA,East of England,0.322,4.992
2020,JJA,East of England,0.344,7.087
2021,JJA,East of England,0.280,4.173
2022,JJA,East of England,0.275,5.362
2023,JJA,East of England,0.264,4.512
2024,JJA,East of England,0.261,7.425
2025,JJA,East of England,0.253,3.819
2026,JJA,East of England,0.157,3.244
2027,JJA,East of England,0.308,5.110
2028,JJA,East of England,0.351,4.520
2029,JJA,East of England,0.378,7.693
2030,JJA,East of England,0.309,3.142
2031,JJA,East of England,0.231,3.535
2032,JJA,East of England,0.245,3.063
2033,JJA,East of England,0.195,2.488
2034,JJA,East of England,0.403,7.969
2035,JJA,East of England,0.268,4.173
2036,JJA,East of England,0.198,3.378
2037,JJA,East of England,0.360,5.276
2038,JJA,East of England,0.239,5.441
2039,JJA,East of England,0.261,6.677
2040,JJA,East of England,0.203,4.268
2041,JJA,East of England,0.224,3.157
2042,JJA,East of England,0.435,7.677
2043,JJA,East of England,0.277,4.150
2044,JJA,East of England,0.278,5.496
2045,JJA,East of England,0.195,2.858
2046,JJA,East of England,0.306,3.315
2047,JJA,East of England,0.245,3.323
2048,JJA,East of England,0.213,3.244
2049,JJA,East of England,0.296,3.795
2050,JJA,East of England,0.157,2.606
2051,JJA,East of England,0.235,3.961
2052,JJA,East of England,0.331,7.323
2053,JJA,East of England,0.255,3.559
2054,JJA,East of England,0.355,9.803
2055,JJA,East of England,0.211,3.236
2056,JJA,East of England,0.210,5.394
2057,JJA,East of England,0.155,3.835
2058,JJA,East of England,0.176,3.189
2059,JJA,East of England,0.202,5.063
2060,JJA,East of England,0.294,4.850
2061,JJA,East of England,0.161,3.126
2062,JJA,East of England,0.311,6.850
2063,JJA,East of England,0.169,3.024
2064,JJA,East of England,0.189,3.063
2065,JJA,East of England,0.254,4.268
2066,JJA,East of England,0.185,2.850
2067,JJA,East of England,0.167,2.913
2068,JJA,East of England,0.155,2.906
2069,JJA,East of England,0.247,4.181
2070,JJA,East of England,0.144,2.472
2071,JJA,East of England,0.071,1.433
2072,JJA,East of England,0.145,4.008
2073,JJA,East of England,0.106,2.079
2074,JJA,East of England,0.191,4.173
2075,JJA,East of England,0.156,2.409
2076,JJA,East of England,0.228,4.118
2077,JJA,East of England,0.106,2.307
2078,JJA,East of England,0.151,2.709
2079,JJA,East of England,0.146,2.378
2080,JJA,East of England,0.173,2.291
1981,JJA,East Scotland,0.465,6.956
1982,JJA,East Scotland,0.429,7.175
1983,JJA,East Scotland,0.358,6.206
1984,JJA,East Scotland,0.384,8.181
1985,JJA,East Scotland,0.384,8.031
1986,JJA,East Scotland,0.377,6.800
1987,JJA,East Scotland,0.401,6.206
1988,JJA,East Scotland,0.455,6.556
1989,JJA,East Scotland,0.440,6.213
1990,JJA,East Scotland,0.506,10.875
1991,JJA,East Scotland,0.589,8.650
1992,JJA,East Scotland,0.631,14.019
1993,JJA,East Scotland,0.459,6.781
1994,JJA,East Scotland,0.459,6.169
1995,JJA,East Scotland,0.506,7.013
1996,JJA,East Scotland,0.400,5.950
1997,JJA,East Scotland,0.399,5.206
1998,JJA,East Scotland,0.678,12.800
1999,JJA,East Scotland,0.468,11.338
2000,JJA,East Scotland,0.437,5.963
2001,JJA,East Scotland,0.456,7.525
2002,JJA,East Scotland,0.494,7.312
2003,JJA,East Scotland,0.427,7.281
2004,JJA,East Scotland,0.355,5.562
2005,JJA,East Scotland,0.469,8.225
2006,JJA,East Scotland,0.247,4.069
2007,JJA,East Scotland,0.451,7.906
2008,JJA,East Scotland,0.516,7.700
2009,JJA,East Scotland,0.488,6.737
2010,JJA,East Scotland,0.355,5.944
2011,JJA,East Scotland,0.484,6.319
2012,JJA,East Scotland,0.500,9.025
2013,JJA,East Scotland,0.554,8.031
2014,JJA,East Scotland,0.389,7.144
2015,JJA,East Scotland,0.438,6.469
2016,JJA,East Scotland,0.378,5.031
2017,JJA,East Scotland,0.473,6.419
2018,JJA,East Scotland,0.372,6.581
2019,JJA,East Scotland,0.446,7.550
2020,JJA,East Scotland,0.524,7.544
2021,JJA,East Scotland,0.409,7.575
2022,JJA,East Scotland,0.440,7.606
2023,JJA,East Scotland,0.493,8.219
2024,JJA,East Scotland,0.472,6.475
2025,JJA,East Scotland,0.396,5.750
2026,JJA,East Scotland,0.407,6.531
2027,JJA,East Scotland,0.441,6.800
2028,JJA,East Scotland,0.468,6.444
2029,JJA,East Scotland,0.504,7.531
2030,JJA,East Scotland,0.582,8.681
2031,JJA,East Scotland,0.480,6.525
2032,JJA,East Scotland,0.424,7.894
2033,JJA,East Scotland,0.366,5.612
2034,JJA,East Scotland,0.536,8.775
2035,JJA,East Scotland,0.401,6.425
2036,JJA,East Scotland,0.367,7.456
2037,JJA,East Scotland,0.505,9.512
2038,JJA,East Scotland,0.343,5.831
2039,JJA,East Scotland,0.363,6.888
2040,JJA,East Scotland,0.396,6.050
2041,JJA,East Scotland,0.402,5.581
2042,JJA,East Scotland,0.464,6.119
2043,JJA,East Scotland,0.419,6.862
2044,JJA,East Scotland,0.408,6.325
2045,JJA,East Scotland,0.294,5.688
2046,JJA,East Scotland,0.523,10.056
2047,JJA,East Scotland,0.446,9.281
2048,JJA,East Scotland,0.397,6.213
2049,JJA,East Scotland,0.482,7.737
2050,JJA,East Scotland,0.360,8.162
2051,JJA,East Scotland,0.393,5.569
2052,JJA,East Scotland,0.421,8.206
2053,JJA,East Scotland,0.573,9.350
2054,JJA,East Scotland,0.418,6.713
2055,JJA,East Scotland,0.334,5.112
2056,JJA,East Scotland,0.294,9.037
2057,JJA,East Scotland,0.327,5.131
2058,JJA,East Scotland,0.280,3.962
2059,JJA,East Scotland,0.290,5.000
2060,JJA,East Scotland,0.407,7.463
2061,JJA,East Scotland,0.392,5.719
2062,JJA,East Scotland,0.382,4.994
2063,JJA,East Scotland,0.266,5.325
2064,JJA,East Scotland,0.406,5.744
2065,JJA,East Scotland,0.384,5.856
2066,JJA,East Scotland,0.373,7.194
2067,JJA,East Scotland,0.392,5.206
2068,JJA,East Scotland,0.269,6.669
2069,JJA,East Scotland,0.440,6.231
2070,JJA,East Scotland,0.265,3.956
2071,JJA,East Scotland,0.245,3.856
2072,JJA,East Scotland,0.278,4.506
2073,JJA,East Scotland,0.234,4.781
2074,JJA,East Scotland,0.370,6.900
2075,JJA,East Scotland,0.373,7.188
2076,JJA,East Scotland,0.319,5.769
2077,JJA,East Scotland,0.252,5.350
2078,JJA,East Scotland,0.357,5.519
2079,JJA,East Scotland,0.317,4.906
2080,JJA,East Scotland,0.420,5.750
1981,JJA,London,0.281,3.500
1982,JJA,London,0.274,5.083
1983,JJA,London,0.220,3.583
1984,JJA,London,0.156,2.417
1985,JJA,London,0.305,4.833
1986,JJA,London,0.263,5.250
1987,JJA,London,0.344,7.750
1988,JJA,London,0.331,5.417
1989,JJA,London,0.269,3.250
1990,JJA,London,0.341,6.667
1991,JJA,London,0.321,4.667
1992,JJA,London,0.392,4.750
1993,JJA,London,0.325,5.083
1994,JJA,London,0.355,6.833
1995,JJA,London,0.438,6.500
1996,JJA,London,0.222,4.250
1997,JJA,London,0.232,3.500
1998,JJA,London,0.395,4.000
1999,JJA,London,0.294,4.083
2000,JJA,London,0.236,4.917
2001,JJA,London,0.296,6.250
2002,JJA,London,0.351,4.417
2003,JJA,London,0.341,5.833
2004,JJA,London,0.287,4.083
2005,JJA,London,0.323,4.583
2006,JJA,London,0.123,1.750
2007,JJA,London,0.235,3.917
2008,JJA,London,0.272,5.500
2009,JJA,London,0.296,4.417
2010,JJA,London,0.298,3.833
2011,JJA,London,0.180,3.500
2012,JJA,London,0.369,6.750
2013,JJA,London,0.317,4.167
2014,JJA,London,0.251,5.333
2015,JJA,London,0.259,3.500
2016,JJA,London,0.286,4.167
2017,JJA,London,0.274,5.500
2018,JJA,London,0.304,7.667
2019,JJA,London,0.287,3.917
2020,JJA,London,0.336,7.417
2021,JJA,London,0.244,3.833
2022,JJA,London,0.266,5.417
2023,JJA,London,0.236,2.667
2024,JJA,London,0.257,5.333
2025,JJA,London,0.264,4.083
2026,JJA,London,0.190,3.083
2027,JJA,London,0.314,9.667
2028,JJA,London,0.354,4.500
2029,JJA,London,0.355,5.833
2030,JJA,London,0.278,3.083
2031,JJA,London,0.232,3.833
2032,JJA,London,0.234,3.750
2033,JJA,London,0.206,3.000
2034,JJA,London,0.340,7.500
2035,JJA,London,0.242,3.417
2036,JJA,London,0.233,3.500
2037,JJA,London,0.323,4.250
2038,JJA,London,0.255,6.500
2039,JJA,London,0.285,8.083
2040,JJA,London,0.251,3.833
2041,JJA,London,0.184,2.583
2042,JJA,London,0.381,6.750
2043,JJA,London,0.297,4.250
2044,JJA,London,0.294,4.667
2045,JJA,London,0.230,4.000
2046,JJA,London,0.280,3.167
2047,JJA,London,0.244,2.750
2048,JJA,London,0.192,2.250
2049,JJA,London,0.244,3.417
2050,JJA,London,0.168,3.417
2051,JJA,London,0.244,4.000
2052,JJA,London,0.302,7.667
2053,JJA,London,0.222,2.500
2054,JJA,London,0.375,11.583
2055,JJA,London,0.221,4.500
2056,JJA,London,0.220,5.583
2057,JJA,London,0.128,2.917
2058,JJA,London,0.147,3.333
2059,JJA,London,0.206,4.667
2060,JJA,London,0.294,4.667
2061,JJA,London,0.131,2.917
2062,JJA,London,0.308,7.500
2063,JJA,London,0.162,2.167
2064,JJA,London,0.160,3.167
2065,JJA,London,0.264,4.750
2066,JJA,London,0.168,2.083
2067,JJA,London,0.133,2.917
2068,JJA,London,0.171,3.667
2069,JJA,London,0.201,4.250
2070,JJA,London,0.144,2.583
2071,JJA,London,0.061,1.250
2072,JJA,London,0.125,3.833
2073,JJA,London,0.100,1.333
2074,JJA,London,0.227,3.750
2075,JJA,London,0.100,2.000
2076,JJA,London,0.242,4.000
2077,JJA,London,0.123,2.333
2078,JJA,London,0.137,2.917
2079,JJA,London,0.138,2.250
2080,JJA,London,0.128,2.333
1981,JJA,North East England,0.402,5.351
1982,JJA,North East England,0.364,5.298
1983,JJA,North East England,0.320,4.456
1984,JJA,North East England,0.308,7.000
1985,JJA,North East England,0.376,5.474
1986,JJA,North East England,0.335,5.772
1987,JJA,North East England,0.378,7.439
1988,JJA,North East England,0.429,7.947
1989,JJA,North East England,0.422,4.316
1990,JJA,North East England,0.422,7.263
1991,JJA,North East England,0.527,7.719
1992,JJA,North East England,0.513,9.088
1993,JJA,North East England,0.457,5.333
1994,JJA,North East England,0.390,6.018
1995,JJA,North East England,0.499,6.667
1996,JJA,North East England,0.362,6.614
1997,JJA,North East England,0.359,4.930
1998,JJA,North East England,0.614,10.596
1999,JJA,North East England,0.415,6.333
2000,JJA,North East England,0.361,4.667
2001,JJA,North East England,0.368,5.000
2002,JJA,North East England,0.457,6.123
2003,JJA,North East England,0.407,6.000
2004,JJA,North East England,0.318,3.737
2005,JJA,North East England,0.441,7.596
2006,JJA,North East England,0.228,3.842
2007,JJA,North East England,0.431,7.825
2008,JJA,North East England,0.467,7.281
2009,JJA,North East England,0.456,5.246
2010,JJA,North East England,0.331,4.193
2011,JJA,North East England,0.369,5.211
2012,JJA,North East England,0.483,7.298
2013,JJA,North East England,0.473,5.456
2014,JJA,North East England,0.398,4.842
2015,JJA,North East England,0.403,4.579
2016,JJA,North East England,0.332,5.053
2017,JJA,North East England,0.352,5.088
2018,JJA,North East England,0.328,5.018
2019,JJA,North East England,0.422,5.456
2020,JJA,North East England,0.512,8.947
2021,JJA,North East England,0.383,4.772
2022,JJA,North East England,0.340,5.754
2023,JJA,North East England,0.482,10.825
2024,JJA,North East England,0.379,4.842
2025,JJA,North East England,0.320,4.596
2026,JJA,North East England,0.314,5.912
2027,JJA,North East England,0.436,6.439
2028,JJA,North East England,0.430,5.596
2029,JJA,North East England,0.450,6.175
2030,JJA,North East England,0.469,6.842
2031,JJA,North East England,0.388,5.491
2032,JJA,North East England,0.359,4.702
2033,JJA,North East England,0.276,4.298
2034,JJA,North East England,0.551,9.088
2035,JJA,North East England,0.388,6.684
2036,JJA,North East England,0.257,4.772
2037,JJA,North East England,0.447,6.000
2038,JJA,North East England,0.316,6.211
2039,JJA,North East England,0.324,5.211
2040,JJA,North East England,0.365,5.246
2041,JJA,North East England,0.379,5.246
2042,JJA,North East England,0.480,6.754
2043,JJA,North East England,0.396,6.789
2044,JJA,North East England,0.425,5.947
2045,JJA,North East England,0.313,4.368
2046,JJA,North East England,0.463,7.158
2047,JJA,North East England,0.385,6.579
2048,JJA,North East England,0.354,4.772
2049,JJA,North East England,0.471,6.930
2050,JJA,North East England,0.315,6.842
2051,JJA,North East England,0.338,4.807
2052,JJA,North East England,0.380,8.246
2053,JJA,North East England,0.480,8.088
2054,JJA,North East England,0.422,7.842
2055,JJA,North East England,0.279,4.263
2056,JJA,North East England,0.212,7.930
2057,JJA,North East England,0.275,4.789
2058,JJA,North East England,0.228,3.912
2059,JJA,North East England,0.223,3.807
2060,JJA,North East England,0.395,6.246
2061,JJA,North East England,0.278,3.509
2062,JJA,North East England,0.381,4.614
2063,JJA,North East England,0.251,4.807
2064,JJA,North East England,0.314,4.228
2065,JJA,North East England,0.383,8.404
2066,JJA,North East England,0.291,5.632
2067,JJA,North East England,0.355,3.877
2068,JJA,North East England,0.204,5.158
2069,JJA,North East England,0.393,5.474
2070,JJA,North East England,0.224,3.474
2071,JJA,North East England,0.160,2.474
2072,JJA,North East England,0.209,3.000
2073,JJA,North East England,0.227,3.860
2074,JJA,North East England,0.317,6.351
2075,JJA,North East England,0.297,3.982
2076,JJA,North East England,0.312,5.719
2077,JJA,North East England,0.209,4.193
2078,JJA,North East England,0.284,4.386
2079,JJA,North East England,0.277,4.158
2080,JJA,North East England,0.370,5.140
1981,JJA,North Scotland,0.618,10.854
1982,JJA,North Scotland,0.686,10.651
1983,JJA,North Scotland,0.486,9.821
1984,JJA,North Scotland,0.509,8.778
1985,JJA,North Scotland,0.483,12.387
1986,JJA,North Scotland,0.541,14.972
1987,JJA,North Scotland,0.542,8.514
1988,JJA,North Scotland,0.602,11.000
1989,JJA,North Scotland,0.636,11.920
1990,JJA,North Scotland,0.564,12.580
1991,JJA,North Scotland,0.696,10.840
1992,JJA,North Scotland,0.692,14.250
1993,JJA,North Scotland,0.577,9.830
1994,JJA,North Scotland,0.615,8.250
1995,JJA,North Scotland,0.564,9.340
1996,JJA,North Scotland,0.573,9.896
1997,JJA,North Scotland,0.675,12.613
1998,JJA,North Scotland,0.748,14.745
1999,JJA,North Scotland,0.617,11.297
2000,JJA,North Scotland,0.613,11.552
2001,JJA,North Scotland,0.576,12.123
2002,JJA,North Scotland,0.579,11.382
2003,JJA,North Scotland,0.515,9.288
2004,JJA,North Scotland,0.521,11.684
2005,JJA,North Scotland,0.548,16.741
2006,JJA,North Scotland,0.451,7.660
2007,JJA,North Scotland,0.626,13.901
2008,JJA,North Scotland,0.694,16.476
2009,JJA,North Scotland,0.577,9.429
2010,JJA,North Scotland,0.506,10.877
2011,JJA,North Scotland,0.638,9.439
2012,JJA,North Scotland,0.576,12.429
2013,JJA,North Scotland,0.721,13.575
2014,JJA,North Scotland,0.508,10.962
2015,JJA,North Scotland,0.531,10.547
2016,JJA,North Scotland,0.543,8.915
2017,JJA,North Scotland,0.661,12.759
2018,JJA,North Scotland,0.566,10.528
2019,JJA,North Scotland,0.596,14.288
2020,JJA,North Scotland,0.578,9.972
2021,JJA,North Scotland,0.543,10.024
2022,JJA,North Scotland,0.539,9.670
2023,JJA,North Scotland,0.641,15.458
2024,JJA,North Scotland,0.671,18.632
2025,JJA,North Scotland,0.480,7.873
2026,JJA,North Scotland,0.584,11.939
2027,JJA,North Scotland,0.640,12.892
2028,JJA,North Scotland,0.572,9.892
2029,JJA,North Scotland,0.607,13.948
2030,JJA,North Scotland,0.701,13.637
2031,JJA,North Scotland,0.621,10.863
2032,JJA,North Scotland,0.600,10.986
2033,JJA,North Scotland,0.504,9.302
2034,JJA,North Scotland,0.616,12.325
2035,JJA,North Scotland,0.519,14.396
2036,JJA,North Scotland,0.517,11.509
2037,JJA,North Scotland,0.571,14.255
2038,JJA,North Scotland,0.505,11.462
2039,JJA,North Scotland,0.435,9.241
2040,JJA,North Scotland,0.550,12.769
2041,JJA,North Scotland,0.633,8.934
2042,JJA,North Scotland,0.594,9.981
2043,JJA,North Scotland,0.550,10.472
2044,JJA,North Scotland,0.600,14.552
2045,JJA,North Scotland,0.426,9.646
2046,JJA,North Scotland,0.697,15.217
2047,JJA,North Scotland,0.586,10.259
2048,JJA,North Scotland,0.558,11.613
2049,JJA,North Scotland,0.624,10.915
2050,JJA,North Scotland,0.537,14.358
2051,JJA,North Scotland,0.592,11.179
2052,JJA,North Scotland,0.594,11.910
2053,JJA,North Scotland,0.733,14.858
2054,JJA,North Scotland,0.538,9.000
2055,JJA,North Scotland,0.516,7.231
2056,JJA,North Scotland,0.477,10.311
2057,JJA,North Scotland,0.486,9.486
2058,JJA,North Scotland,0.524,8.316
2059,JJA,North Scotland,0.486,9.255
2060,JJA,North Scotland,0.487,8.943
2061,JJA,North Scotland,0.605,8.623
2062,JJA,North Scotland,0.506,9.363
2063,JJA,North Scotland,0.437,10.321
2064,JJA,North Scotland,0.620,11.297
2065,JJA,North Scotland,0.611,12.712
2066,JJA,North Scotland,0.539,9.750
2067,JJA,North Scotland,0.589,12.830
2068,JJA,North Scotland,0.473,12.613
2069,JJA,North Scotland,0.625,10.656
2070,JJA,North Scotland,0.453,7.325
2071,JJA,North Scotland,0.470,9.712
2072,JJA,North Scotland,0.444,8.047
2073,JJA,North Scotland,0.513,15.429
2074,JJA,North Scotland,0.502,9.623
2075,JJA,North Scotland,0.551,11.377
2076,JJA,North Scotland,0.413,6.571
2077,JJA,North Scotland,0.438,9.429
2078,JJA,North Scotland,0.612,12.769
2079,JJA,North Scotland,0.481,8.514
2080,JJA,North Scotland,0.591,10.524
1981,JJA,North West England,0.464,8.290
1982,JJA,North West England,0.440,7.086
1983,JJA,North West England,0.347,6.387
1984,JJA,North West England,0.393,9.806
1985,JJA,North West England,0.405,9.333
1986,JJA,North West England,0.358,9.194
1987,JJA,North West England,0.463,8.140
1988,JJA,North West England,0.516,9.086
1989,JJA,North West England,0.524,10.161
1990,JJA,North West England,0.520,12.237
1991,JJA,North West England,0.563,9.968
1992,JJA,North West England,0.615,12.366
1993,JJA,North West England,0.431,5.355
1994,JJA,North West England,0.461,8.247
1995,JJA,North West England,0.618,12.527
1996,JJA,North West England,0.413,9.366
1997,JJA,North West England,0.479,7.011
1998,JJA,North West England,0.688,14.247
1999,JJA,North West England,0.489,7.183
2000,JJA,North West England,0.409,7.839
2001,JJA,North West England,0.433,8.613
2002,JJA,North West England,0.576,10.204
2003,JJA,North West England,0.448,8.387
2004,JJA,North West England,0.367,5.892
2005,JJA,North West England,0.502,11.548
2006,JJA,North West England,0.222,3.419
2007,JJA,North West England,0.568,11.613
2008,JJA,North West England,0.582,11.516
2009,JJA,North West England,0.481,8.462
2010,JJA,North West England,0.371,6.462
2011,JJA,North West England,0.436,7.591
2012,JJA,North West England,0.469,9.312
2013,JJA,North West England,0.572,8.204
2014,JJA,North West England,0.372,7.785
2015,JJA,North West England,0.443,8.903
2016,JJA,North West England,0.381,5.656
2017,JJA,North West England,0.424,6.204
2018,JJA,North West England,0.408,8.075
2019,JJA,North West England,0.483,9.355
2020,JJA,North West England,0.595,9.409
2021,JJA,North West England,0.421,7.430
2022,JJA,North West England,0.447,7.978
2023,JJA,North West England,0.523,9.903
2024,JJA,North West England,0.529,8.355
2025,JJA,North West England,0.383,7.065
2026,JJA,North West England,0.311,6.129
2027,JJA,North West England,0.448,8.591
2028,JJA,North West England,0.481,7.108
2029,JJA,North West England,0.514,7.097
2030,JJA,North West England,0.573,10.129
2031,JJA,North West England,0.470,8.806
2032,JJA,North West England,0.478,8.237
2033,JJA,North West England,0.342,5.161
2034,JJA,North West England,0.562,9.086
2035,JJA,North West England,0.426,7.763
2036,JJA,North West England,0.333,7.559
2037,JJA,North West England,0.559,11.796
2038,JJA,North West England,0.373,11.344
2039,JJA,North West England,0.367,5.785
2040,JJA,North West England,0.411,7.527
2041,JJA,North West England,0.376,5.656
2042,JJA,North West England,0.513,6.946
2043,JJA,North West England,0.422,6.484
2044,JJA,North West England,0.427,9.075
2045,JJA,North West England,0.270,4.645
2046,JJA,North West England,0.546,8.602
2047,JJA,North West England,0.436,7.774
2048,JJA,North West England,0.377,5.892
2049,JJA,North West England,0.442,6.871
2050,JJA,North West England,0.335,6.333
2051,JJA,North West England,0.342,7.204
2052,JJA,North West England,0.419,7.817
2053,JJA,North West England,0.545,6.806
2054,JJA,North West England,0.403,6.742
2055,JJA,North West England,0.332,5.538
2056,JJA,North West England,0.240,5.774
2057,JJA,North West England,0.285,6.226
2058,JJA,North West England,0.233,4.452
2059,JJA,North West England,0.222,4.366
2060,JJA,North West England,0.413,7.280
2061,JJA,North West England,0.304,3.806
2062,JJA,North West England,0.438,7.398
2063,JJA,North West England,0.218,5.000
2064,JJA,North West England,0.381,7.065
2065,JJA,North West England,0.461,9.473
2066,JJA,North West England,0.346,7.731
2067,JJA,North West England,0.407,6.108
2068,JJA,North West England,0.276,7.946
2069,JJA,North West England,0.391,5.215
2070,JJA,North West England,0.226,3.624
2071,JJA,North West England,0.196,3.226
2072,JJA,North West England,0.258,5.409
2073,JJA,North West England,0.212,3.581
2074,JJA,North West England,0.298,7.806
2075,JJA,North West England,0.309,7.301
2076,JJA,North West England,0.315,5.419
2077,JJA,North West England,0.262,4.892
2078,JJA,North West England,0.304,5.333
2079,JJA,North West England,0.253,4.355
2080,JJA,North West England,0.386,5.570
1981,JJA,South East England,0.258,3.085
1982,JJA,South East England,0.248,5.475
1983,JJA,South East England,0.185,3.093
1984,JJA,South East England,0.174,2.653
1985,JJA,South East England,0.280,4.093
1986,JJA,South East England,0.241,5.314
1987,JJA,South East England,0.299,6.331
1988,JJA,South East England,0.303,4.229
1989,JJA,South East England,0.239,2.847
1990,JJA,South East England,0.366,8.780
1991,JJA,South East England,0.325,4.627
1992,JJA,South East England,0.387,5.907
1993,JJA,South East England,0.299,4.831
1994,JJA,South East England,0.315,5.424
1995,JJA,South East England,0.413,6.890
1996,JJA,South East England,0.205,3.822
1997,JJA,South East England,0.215,3.941
1998,JJA,South East England,0.381,4.636
1999,JJA,South East England,0.258,3.737
2000,JJA,South East England,0.213,4.585
2001,JJA,South East England,0.258,4.161
2002,JJA,South East England,0.338,4.822
2003,JJA,South East England,0.308,3.992
2004,JJA,South East England,0.277,4.847
2005,JJA,South East England,0.327,4.983
2006,JJA,South East England,0.090,1.492
2007,JJA,South East England,0.238,4.441
2008,JJA,South East England,0.242,4.008
2009,JJA,South East England,0.267,4.415
2010,JJA,South East England,0.261,4.534
2011,JJA,South East England,0.193,3.288
2012,JJA,South East England,0.336,5.449
2013,JJA,South East England,0.311,4.669
2014,JJA,South East England,0.223,4.424
2015,JJA,South East England,0.246,4.178
2016,JJA,South East England,0.222,3.280
2017,JJA,South East England,0.257,5.254
2018,JJA,South East England,0.274,5.042
2019,JJA,South East England,0.265,3.898
2020,JJA,South East England,0.306,6.025
2021,JJA,South East England,0.211,3.432
2022,JJA,South East England,0.232,4.958
2023,JJA,South East England,0.212,2.669
2024,JJA,South East England,0.269,6.627
2025,JJA,South East England,0.248,4.415
2026,JJA,South East England,0.176,2.720
2027,JJA,South East England,0.258,7.390
2028,JJA,South East England,0.327,4.712
2029,JJA,South East England,0.323,6.093
2030,JJA,South East England,0.271,3.178
2031,JJA,South East England,0.209,3.907
2032,JJA,South East England,0.223,3.661
2033,JJA,South East England,0.186,2.873
2034,JJA,South East England,0.308,6.034
2035,JJA,South East England,0.227,3.686
2036,JJA,South East England,0.187,4.364
2037,JJA,South East England,0.302,5.220
2038,JJA,South East England,0.231,5.754
2039,JJA,South East England,0.252,6.068
2040,JJA,South East England,0.201,3.178
2041,JJA,South East England,0.140,2.568
2042,JJA,South East England,0.333,6.127
2043,JJA,South East England,0.273,4.153
2044,JJA,South East England,0.227,4.627
2045,JJA,South East England,0.192,4.297
2046,JJA,South East England,0.267,3.678
2047,JJA,South East England,0.195,2.237
2048,JJA,South East England,0.153,2.585
2049,JJA,South East England,0.246,3.195
2050,JJA,South East England,0.177,3.034
2051,JJA,South East England,0.210,3.737
2052,JJA,South East England,0.281,6.873
2053,JJA,South East England,0.188,2.322
2054,JJA,South East England,0.325,6.983
2055,JJA,South East England,0.160,3.610
2056,JJA,South East England,0.189,4.822
2057,JJA,South East England,0.129,3.364
2058,JJA,South East England,0.129,3.237
2059,JJA,South East England,0.174,4.797
2060,JJA,South East England,0.258,4.042
2061,JJA,South East England,0.095,2.280
2062,JJA,South East England,0.276,5.856
2063,JJA,South East England,0.130,2.551
2064,JJA,South East England,0.141,2.254
2065,JJA,South East England,0.230,3.839
2066,JJA,South East England,0.142,2.424
2067,JJA,South East England,0.130,2.729
2068,JJA,South East England,0.143,3.314
2069,JJA,South East England,0.182,3.356
2070,JJA,South East England,0.091,1.797
2071,JJA,South East England,0.034,  NA
2072,JJA,South East England,0.106,2.271
2073,JJA,South East England,0.059,1.746
2074,JJA,South East England,0.189,3.653
2075,JJA,South East England,0.091,2.025
2076,JJA,South East England,0.199,4.017
2077,JJA,South East England,0.094,2.110
2078,JJA,South East England,0.113,2.305
2079,JJA,South East England,0.113,3.237
2080,JJA,South East England,0.111,1.898
1981,JJA,South West England,0.275,4.622
1982,JJA,South West England,0.253,5.468
1983,JJA,South West England,0.192,3.385
1984,JJA,South West England,0.255,4.128
1985,JJA,South West England,0.280,4.429
1986,JJA,South West England,0.247,4.756
1987,JJA,South West England,0.324,7.385
1988,JJA,South West England,0.355,6.346
1989,JJA,South West England,0.290,4.955
1990,JJA,South West England,0.402,10.545
1991,JJA,South West England,0.344,5.987
1992,JJA,South West England,0.412,6.199
1993,JJA,South West England,0.314,6.641
1994,JJA,South West England,0.327,4.712
1995,JJA,South West England,0.443,9.494
1996,JJA,South West England,0.215,3.756
1997,JJA,South West England,0.233,5.000
1998,JJA,South West England,0.421,4.891
1999,JJA,South West England,0.333,5.122
2000,JJA,South West England,0.219,4.519
2001,JJA,South West England,0.304,4.538
2002,JJA,South West England,0.409,5.795
2003,JJA,South West England,0.355,4.346
2004,JJA,South West England,0.300,5.250
2005,JJA,South West England,0.355,6.109
2006,JJA,South West England,0.104,1.994
2007,JJA,South West England,0.275,5.013
2008,JJA,South West England,0.262,3.551
2009,JJA,South West England,0.328,4.679
2010,JJA,South West England,0.339,5.949
2011,JJA,South West England,0.273,4.942
2012,JJA,South West England,0.352,5.538
2013,JJA,South West England,0.351,5.551
2014,JJA,South West England,0.212,4.795
2015,JJA,South West England,0.292,5.923
2016,JJA,South West England,0.222,3.692
2017,JJA,South West England,0.291,4.737
2018,JJA,South West England,0.311,5.109
2019,JJA,South West England,0.312,5.064
2020,JJA,South West England,0.306,5.224
2021,JJA,South West England,0.246,3.910
2022,JJA,South West England,0.258,4.442
2023,JJA,South West England,0.265,3.481
2024,JJA,South West England,0.325,8.192
2025,JJA,South West England,0.300,5.013
2026,JJA,South West England,0.170,2.936
2027,JJA,South West England,0.236,4.468
2028,JJA,South West England,0.406,5.365
2029,JJA,South West England,0.322,6.340
2030,JJA,South West England,0.378,6.045
2031,JJA,South West England,0.265,4.333
2032,JJA,South West England,0.284,3.936
2033,JJA,South West England,0.190,2.942
2034,JJA,South West England,0.352,5.846
2035,JJA,South West England,0.286,4.122
2036,JJA,South West England,0.192,6.147
2037,JJA,South West England,0.370,6.449
2038,JJA,South West England,0.263,6.923
2039,JJA,South West England,0.275,5.538
2040,JJA,South West England,0.256,4.487
2041,JJA,South West England,0.172,2.878
2042,JJA,South West England,0.329,5.994
2043,JJA,South West England,0.283,5.058
2044,JJA,South West England,0.223,5.436
2045,JJA,South West England,0.204,3.814
2046,JJA,South West England,0.269,3.865
2047,JJA,South West England,0.205,2.487
2048,JJA,South West England,0.173,3.019
2049,JJA,South West England,0.280,4.417
2050,JJA,South West England,0.222,3.199
2051,JJA,South West England,0.207,3.436
2052,JJA,South West England,0.294,7.308
2053,JJA,South West England,0.244,3.045
2054,JJA,South West England,0.317,5.744
2055,JJA,South West England,0.199,4.372
2056,JJA,South West England,0.183,3.846
2057,JJA,South West England,0.169,4.051
2058,JJA,South West England,0.129,4.090
2059,JJA,South West England,0.188,4.801
2060,JJA,South West England,0.325,5.551
2061,JJA,South West England,0.074,1.506
2062,JJA,South West England,0.278,4.955
2063,JJA,South West England,0.133,3.378
2064,JJA,South West England,0.148,2.256
2065,JJA,South West England,0.228,3.699
2066,JJA,South West England,0.172,2.827
2067,JJA,South West England,0.196,3.615
2068,JJA,South West England,0.138,3.872
2069,JJA,South West England,0.197,3.096
2070,JJA,South West England,0.091,1.801
2071,JJA,South West England,0.056,1.776
2072,JJA,South West England,0.115,2.449
2073,JJA,South West England,0.074,2.641
2074,JJA,South West England,0.229,5.442
2075,JJA,South West England,0.116,2.513
2076,JJA,South West England,0.187,3.814
2077,JJA,South West England,0.115,2.929
2078,JJA,South West England,0.145,2.647
2079,JJA,South West England,0.122,3.160
2080,JJA,South West England,0.147,2.423
1981,JJA,West Midlands,0.248,4.163
1982,JJA,West Midlands,0.291,5.174
1983,JJA,West Midlands,0.216,3.209
1984,JJA,West Midlands,0.249,4.163
1985,JJA,West Midlands,0.262,3.709
1986,JJA,West Midlands,0.260,5.895
1987,JJA,West Midlands,0.364,7.442
1988,JJA,West Midlands,0.365,6.105
1989,JJA,West Midlands,0.323,5.744
1990,JJA,West Midlands,0.373,7.500
1991,JJA,West Midlands,0.375,5.581
1992,JJA,West Midlands,0.385,4.419
1993,JJA,West Midlands,0.322,4.721
1994,JJA,West Midlands,0.304,4.465
1995,JJA,West Midlands,0.505,11.767
1996,JJA,West Midlands,0.241,5.198
1997,JJA,West Midlands,0.274,4.791
1998,JJA,West Midlands,0.439,4.640
1999,JJA,West Midlands,0.354,4.977
2000,JJA,West Midlands,0.240,5.047
2001,JJA,West Midlands,0.301,6.767
2002,JJA,West Midlands,0.352,5.267
2003,JJA,West Midlands,0.413,5.767
2004,JJA,West Midlands,0.292,4.779
2005,JJA,West Midlands,0.354,7.244
2006,JJA,West Midlands,0.131,2.337
2007,JJA,West Midlands,0.320,5.709
2008,JJA,West Midlands,0.314,4.384
2009,JJA,West Midlands,0.325,4.953
2010,JJA,West Midlands,0.311,5.093
2011,JJA,West Midlands,0.299,5.302
2012,JJA,West Midlands,0.375,7.279
2013,JJA,West Midlands,0.328,4.779
2014,JJA,West Midlands,0.280,5.884
2015,JJA,West Midlands,0.262,4.140
2016,JJA,West Midlands,0.244,3.628
2017,JJA,West Midlands,0.289,4.628
2018,JJA,West Midlands,0.292,4.698
2019,JJA,West Midlands,0.310,4.826
2020,JJA,West Midlands,0.329,4.779
2021,JJA,West Midlands,0.292,4.547
2022,JJA,West Midlands,0.260,4.744
2023,JJA,West Midlands,0.305,4.733
2024,JJA,West Midlands,0.300,7.872
2025,JJA,West Midlands,0.291,4.837
2026,JJA,West Midlands,0.132,2.942
2027,JJA,West Midlands,0.271,4.023
2028,JJA,West Midlands,0.393,5.291
2029,JJA,West Midlands,0.355,6.070
2030,JJA,West Midlands,0.393,5.512
2031,JJA,West Midlands,0.268,3.977
2032,JJA,West Midlands,0.297,4.233
2033,JJA,West Midlands,0.225,3.291
2034,JJA,West Midlands,0.416,9.035
2035,JJA,West Midlands,0.304,4.326
2036,JJA,West Midlands,0.196,3.942
2037,JJA,West Midlands,0.407,6.709
2038,JJA,West Midlands,0.251,7.000
2039,JJA,West Midlands,0.309,5.209
2040,JJA,West Midlands,0.240,3.767
2041,JJA,West Midlands,0.165,3.047
2042,JJA,West Midlands,0.408,6.023
2043,JJA,West Midlands,0.261,4.477
2044,JJA,West Midlands,0.262,5.058
2045,JJA,West Midlands,0.221,3.337
2046,JJA,West Midlands,0.329,4.221
2047,JJA,West Midlands,0.228,2.907
2048,JJA,West Midlands,0.202,3.430
2049,JJA,West Midlands,0.314,4.837
2050,JJA,West Midlands,0.167,2.686
2051,JJA,West Midlands,0.204,3.744
2052,JJA,West Midlands,0.308,7.767
2053,JJA,West Midlands,0.248,2.767
2054,JJA,West Midlands,0.302,4.477
2055,JJA,West Midlands,0.249,4.895
2056,JJA,West Midlands,0.192,4.558
2057,JJA,West Midlands,0.164,3.279
2058,JJA,West Midlands,0.159,4.209
2059,JJA,West Midlands,0.192,4.942
2060,JJA,West Midlands,0.311,5.023
2061,JJA,West Midlands,0.118,2.302
2062,JJA,West Midlands,0.305,6.698
2063,JJA,West Midlands,0.160,3.547
2064,JJA,West Midlands,0.161,2.488
2065,JJA,West Midlands,0.288,5.279
2066,JJA,West Midlands,0.179,3.081
2067,JJA,West Midlands,0.209,3.140
2068,JJA,West Midlands,0.137,2.895
2069,JJA,West Midlands,0.233,3.035
2070,JJA,West Midlands,0.139,2.035
2071,JJA,West Midlands,0.085,1.733
2072,JJA,West Midlands,0.103,2.023
2073,JJA,West Midlands,0.053,1.628
2074,JJA,West Midlands,0.228,6.291
2075,JJA,West Midlands,0.165,2.756
2076,JJA,West Midlands,0.260,4.163
2077,JJA,West Midlands,0.111,3.128
2078,JJA,West Midlands,0.138,3.012
2079,JJA,West Midlands,0.133,3.221
2080,JJA,West Midlands,0.213,3.221
1981,JJA,West Scotland,0.525,7.689
1982,JJA,West Scotland,0.507,8.295
1983,JJA,West Scotland,0.373,6.114
1984,JJA,West Scotland,0.474,11.697
1985,JJA,West Scotland,0.452,13.515
1986,JJA,West Scotland,0.414,7.735
1987,JJA,West Scotland,0.485,6.682
1988,JJA,West Scotland,0.548,8.462
1989,JJA,West Scotland,0.568,11.879
1990,JJA,West Scotland,0.566,13.955
1991,JJA,West Scotland,0.583,9.205
1992,JJA,West Scotland,0.676,11.220
1993,JJA,West Scotland,0.478,5.871
1994,JJA,West Scotland,0.527,5.977
1995,JJA,West Scotland,0.544,9.447
1996,JJA,West Scotland,0.472,8.197
1997,JJA,West Scotland,0.555,8.379
1998,JJA,West Scotland,0.708,12.644
1999,JJA,West Scotland,0.544,9.144
2000,JJA,West Scotland,0.517,8.189
2001,JJA,West Scotland,0.487,8.970
2002,JJA,West Scotland,0.575,11.568
2003,JJA,West Scotland,0.438,9.295
2004,JJA,West Scotland,0.419,7.977
2005,JJA,West Scotland,0.488,10.258
2006,JJA,West Scotland,0.289,4.273
2007,JJA,West Scotland,0.592,11.394
2008,JJA,West Scotland,0.636,13.379
2009,JJA,West Scotland,0.562,7.038
2010,JJA,West Scotland,0.389,5.879
2011,JJA,West Scotland,0.535,7.455
2012,JJA,West Scotland,0.464,9.333
2013,JJA,West Scotland,0.627,10.712
2014,JJA,West Scotland,0.367,7.189
2015,JJA,West Scotland,0.493,11.561
2016,JJA,West Scotland,0.390,6.121
2017,JJA,West Scotland,0.502,6.614
2018,JJA,West Scotland,0.422,7.614
2019,JJA,West Scotland,0.510,9.409
2020,JJA,West Scotland,0.554,9.379
2021,JJA,West Scotland,0.450,11.220
2022,JJA,West Scotland,0.484,8.038
2023,JJA,West Scotland,0.602,12.174
2024,JJA,West Scotland,0.592,8.735
2025,JJA,West Scotland,0.410,5.970
2026,JJA,West Scotland,0.397,6.833
2027,JJA,West Scotland,0.453,7.197
2028,JJA,West Scotland,0.518,8.659
2029,JJA,West Scotland,0.516,8.280
2030,JJA,West Scotland,0.586,9.417
2031,JJA,West Scotland,0.514,7.939
2032,JJA,West Scotland,0.512,8.402
2033,JJA,West Scotland,0.401,6.606
2034,JJA,West Scotland,0.514,8.530
2035,JJA,West Scotland,0.421,10.477
2036,JJA,West Scotland,0.406,10.348
2037,JJA,West Scotland,0.552,13.000
2038,JJA,West Scotland,0.431,11.841
2039,JJA,West Scotland,0.384,5.356
2040,JJA,West Scotland,0.425,7.705
2041,JJA,West Scotland,0.489,7.492
2042,JJA,West Scotland,0.501,6.894
2043,JJA,West Scotland,0.487,8.371
2044,JJA,West Scotland,0.484,8.727
2045,JJA,West Scotland,0.280,6.879
2046,JJA,West Scotland,0.541,9.909
2047,JJA,West Scotland,0.492,9.424
2048,JJA,West Scotland,0.445,7.545
2049,JJA,West Scotland,0.460,8.720
2050,JJA,West Scotland,0.398,8.705
2051,JJA,West Scotland,0.439,7.311
2052,JJA,West Scotland,0.499,7.871
2053,JJA,West Scotland,0.653,9.773
2054,JJA,West Scotland,0.448,7.500
2055,JJA,West Scotland,0.345,5.856
2056,JJA,West Scotland,0.321,7.750
2057,JJA,West Scotland,0.366,8.008
2058,JJA,West Scotland,0.334,4.152
2059,JJA,West Scotland,0.316,5.523
2060,JJA,West Scotland,0.404,7.500
2061,JJA,West Scotland,0.438,6.008
2062,JJA,West Scotland,0.448,7.197
2063,JJA,West Scotland,0.266,7.076
2064,JJA,West Scotland,0.494,7.311
2065,JJA,West Scotland,0.488,7.295
2066,JJA,West Scotland,0.416,8.311
2067,JJA,West Scotland,0.452,8.129
2068,JJA,West Scotland,0.329,6.629
2069,JJA,West Scotland,0.453,6.167
2070,JJA,West Scotland,0.323,5.720
2071,JJA,West Scotland,0.336,5.242
2072,JJA,West Scotland,0.338,6.182
2073,JJA,West Scotland,0.330,4.970
2074,JJA,West Scotland,0.364,5.682
2075,JJA,West Scotland,0.404,9.568
2076,JJA,West Scotland,0.311,5.341
2077,JJA,West Scotland,0.289,5.098
2078,JJA,West Scotland,0.416,8.583
2079,JJA,West Scotland,0.341,5.485
2080,JJA,West Scotland,0.485,6.697
1981,JJA,Yorkshire and Humber,0.317,4.842
1982,JJA,Yorkshire and Humber,0.320,4.436
1983,JJA,Yorkshire and Humber,0.291,4.228
1984,JJA,Yorkshire and Humber,0.283,5.891
1985,JJA,Yorkshire and Humber,0.357,7.178
1986,JJA,Yorkshire and Humber,0.309,5.406
1987,JJA,Yorkshire and Humber,0.357,7.089
1988,JJA,Yorkshire and Humber,0.393,6.693
1989,JJA,Yorkshire and Humber,0.386,6.228
1990,JJA,Yorkshire and Humber,0.405,6.584
1991,JJA,Yorkshire and Humber,0.421,5.960
1992,JJA,Yorkshire and Humber,0.425,5.802
1993,JJA,Yorkshire and Humber,0.378,4.446
1994,JJA,Yorkshire and Humber,0.347,5.554
1995,JJA,Yorkshire and Humber,0.544,11.366
1996,JJA,Yorkshire and Humber,0.311,5.990
1997,JJA,Yorkshire and Humber,0.314,4.376
1998,JJA,Yorkshire and Humber,0.534,7.604
1999,JJA,Yorkshire and Humber,0.344,4.525
2000,JJA,Yorkshire and Humber,0.313,4.614
2001,JJA,Yorkshire and Humber,0.353,5.040
2002,JJA,Yorkshire and Humber,0.401,5.020
2003,JJA,Yorkshire and Humber,0.372,5.554
2004,JJA,Yorkshire and Humber,0.310,4.782
2005,JJA,Yorkshire and Humber,0.384,7.960
2006,JJA,Yorkshire and Humber,0.180,3.297
2007,JJA,Yorkshire and Humber,0.421,8.020
2008,JJA,Yorkshire and Humber,0.451,7.485
2009,JJA,Yorkshire and Humber,0.367,4.743
2010,JJA,Yorkshire and Humber,0.303,4.079
2011,JJA,Yorkshire and Humber,0.326,4.624
2012,JJA,Yorkshire and Humber,0.417,6.079
2013,JJA,Yorkshire and Humber,0.402,5.218
2014,JJA,Yorkshire and Humber,0.378,6.059
2015,JJA,Yorkshire and Humber,0.318,4.525
2016,JJA,Yorkshire and Humber,0.278,4.931
2017,JJA,Yorkshire and Humber,0.286,4.901
2018,JJA,Yorkshire and Humber,0.301,4.574
2019,JJA,Yorkshire and Humber,0.375,5.475
2020,JJA,Yorkshire and Humber,0.464,8.485
2021,JJA,Yorkshire and Humber,0.362,5.931
2022,JJA,Yorkshire and Humber,0.281,4.376
2023,JJA,Yorkshire and Humber,0.419,7.812
2024,JJA,Yorkshire and Humber,0.336,7.525
2025,JJA,Yorkshire and Humber,0.288,4.545
2026,JJA,Yorkshire and Humber,0.240,5.515
2027,JJA,Yorkshire and Humber,0.365,5.040
2028,JJA,Yorkshire and Humber,0.365,4.525
2029,JJA,Yorkshire and Humber,0.429,6.376
2030,JJA,Yorkshire and Humber,0.467,7.525
2031,JJA,Yorkshire and Humber,0.310,4.198
2032,JJA,Yorkshire and Humber,0.334,4.564
2033,JJA,Yorkshire and Humber,0.248,3.921
2034,JJA,Yorkshire and Humber,0.489,9.307
2035,JJA,Yorkshire and Humber,0.326,4.970
2036,JJA,Yorkshire and Humber,0.206,4.129
2037,JJA,Yorkshire and Humber,0.438,6.327
2038,JJA,Yorkshire and Humber,0.281,8.426
2039,JJA,Yorkshire and Humber,0.304,4.208
2040,JJA,Yorkshire and Humber,0.312,4.693
2041,JJA,Yorkshire and Humber,0.294,3.545
2042,JJA,Yorkshire and Humber,0.441,6.604
2043,JJA,Yorkshire and Humber,0.328,5.842
2044,JJA,Yorkshire and Humber,0.362,6.356
2045,JJA,Yorkshire and Humber,0.274,4.000
2046,JJA,Yorkshire and Humber,0.360,4.208
2047,JJA,Yorkshire and Humber,0.282,3.960
2048,JJA,Yorkshire and Humber,0.306,4.010
2049,JJA,Yorkshire and Humber,0.430,5.792
2050,JJA,Yorkshire and Humber,0.251,4.901
2051,JJA,Yorkshire and Humber,0.257,4.406
2052,JJA,Yorkshire and Humber,0.359,7.554
2053,JJA,Yorkshire and Humber,0.373,4.436
2054,JJA,Yorkshire and Humber,0.390,5.772
2055,JJA,Yorkshire and Humber,0.254,4.158
2056,JJA,Yorkshire and Humber,0.173,4.347
2057,JJA,Yorkshire and Humber,0.206,4.119
2058,JJA,Yorkshire and Humber,0.177,2.931
2059,JJA,Yorkshire and Humber,0.208,3.762
2060,JJA,Yorkshire and Humber,0.357,5.584
2061,JJA,Yorkshire and Humber,0.230,3.455
2062,JJA,Yorkshire and Humber,0.352,5.812
2063,JJA,Yorkshire and Humber,0.235,3.911
2064,JJA,Yorkshire and Humber,0.257,3.792
2065,JJA,Yorkshire and Humber,0.370,7.020
2066,JJA,Yorkshire and Humber,0.269,4.515
2067,JJA,Yorkshire and Humber,0.269,3.495
2068,JJA,Yorkshire and Humber,0.174,3.931
2069,JJA,Yorkshire and Humber,0.334,4.347
2070,JJA,Yorkshire and Humber,0.196,2.604
2071,JJA,Yorkshire and Humber,0.127,2.208
2072,JJA,Yorkshire and Humber,0.181,3.158
2073,JJA,Yorkshire and Humber,0.145,2.574
2074,JJA,Yorkshire and Humber,0.280,5.683
2075,JJA,Yorkshire and Humber,0.215,3.109
2076,JJA,Yorkshire and Humber,0.289,5.327
2077,JJA,Yorkshire and Humber,0.178,3.663
2078,JJA,Yorkshire and Humber,0.241,4.663
2079,JJA,Yorkshire and Humber,0.201,3.871
2080,JJA,Yorkshire and Humber,0.320,4.832
1981,JJA,Channel Islands,0.189,3.000
1982,JJA,Channel Islands,0.211,6.000
1983,JJA,Channel Islands,0.194,5.000
1984,JJA,Channel Islands,0.167,4.000
1985,JJA,Channel Islands,0.289,5.000
1986,JJA,Channel Islands,0.228,5.000
1987,JJA,Channel Islands,0.233,5.500
1988,JJA,Channel Islands,0.300,4.000
1989,JJA,Channel Islands,0.183,3.000
1990,JJA,Channel Islands,0.389,8.000
1991,JJA,Channel Islands,0.272,5.000
1992,JJA,Channel Islands,0.233,4.500
1993,JJA,Channel Islands,0.239,4.000
1994,JJA,Channel Islands,0.272,4.000
1995,JJA,Channel Islands,0.378,7.000
1996,JJA,Channel Islands,0.144,3.000
1997,JJA,Channel Islands,0.189,4.000
1998,JJA,Channel Islands,0.283,4.500
1999,JJA,Channel Islands,0.283,4.000
2000,JJA,Channel Islands,0.178,5.000
2001,JJA,Channel Islands,0.278,7.500
2002,JJA,Channel Islands,0.333,3.000
2003,JJA,Channel Islands,0.311,5.000
2004,JJA,Channel Islands,0.233,4.000
2005,JJA,Channel Islands,0.311,4.000
2006,JJA,Channel Islands,0.089,2.500
2007,JJA,Channel Islands,0.183,4.500
2008,JJA,Channel Islands,0.144,3.500
2009,JJA,Channel Islands,0.178,4.500
2010,JJA,Channel Islands,0.289,6.500
2011,JJA,Channel Islands,0.200,3.000
2012,JJA,Channel Islands,0.211,4.500
2013,JJA,Channel Islands,0.356,10.000
2014,JJA,Channel Islands,0.200,4.500
2015,JJA,Channel Islands,0.206,5.500
2016,JJA,Channel Islands,0.150,3.000
2017,JJA,Channel Islands,0.200,3.500
2018,JJA,Channel Islands,0.228,4.000
2019,JJA,Channel Islands,0.183,3.000
2020,JJA,Channel Islands,0.272,4.000
2021,JJA,Channel Islands,0.111,2.000
2022,JJA,Channel Islands,0.300,5.000
2023,JJA,Channel Islands,0.183,3.000
2024,JJA,Channel Islands,0.311,6.000
2025,JJA,Channel Islands,0.217,3.000
2026,JJA,Channel Islands,0.144,2.000
2027,JJA,Channel Islands,0.178,7.000
2028,JJA,Channel Islands,0.278,4.000
2029,JJA,Channel Islands,0.306,4.500
2030,JJA,Channel Islands,0.256,5.000
2031,JJA,Channel Islands,0.111,3.000
2032,JJA,Channel Islands,0.206,5.000
2033,JJA,Channel Islands,0.139,2.000
2034,JJA,Channel Islands,0.261,5.000
2035,JJA,Channel Islands,0.167,2.500
2036,JJA,Channel Islands,0.178,6.000
2037,JJA,Channel Islands,0.250,4.000
2038,JJA,Channel Islands,0.194,4.000
2039,JJA,Channel Islands,0.111,7.000
2040,JJA,Channel Islands,0.183,4.000
2041,JJA,Channel Islands,0.078,2.000
2042,JJA,Channel Islands,0.294,5.500
2043,JJA,Channel Islands,0.217,4.500
2044,JJA,Channel Islands,0.194,5.000
2045,JJA,Channel Islands,0.111,3.000
2046,JJA,Channel Islands,0.233,2.000
2047,JJA,Channel Islands,0.128,2.000
2048,JJA,Channel Islands,0.100,2.000
2049,JJA,Channel Islands,0.167,4.000
2050,JJA,Channel Islands,0.161,3.000
2051,JJA,Channel Islands,0.139,2.500
2052,JJA,Channel Islands,0.233,6.500
2053,JJA,Channel Islands,0.117,2.000
2054,JJA,Channel Islands,0.300,8.000
2055,JJA,Channel Islands,0.133,2.000
2056,JJA,Channel Islands,0.183,4.000
2057,JJA,Channel Islands,0.133,4.500
2058,JJA,Channel Islands,0.094,3.000
2059,JJA,Channel Islands,0.200,5.000
2060,JJA,Channel Islands,0.322,5.500
2061,JJA,Channel Islands,0.061,2.500
2062,JJA,Channel Islands,0.244,5.000
2063,JJA,Channel Islands,0.111,2.000
2064,JJA,Channel Islands,0.083,2.000
2065,JJA,Channel Islands,0.183,3.500
2066,JJA,Channel Islands,0.167,3.500
2067,JJA,Channel Islands,0.117,3.000
2068,JJA,Channel Islands,0.150,3.000
2069,JJA,Channel Islands,0.111,2.500
2070,JJA,Channel Islands,0.056,2.500
2071,JJA,Channel Islands,0.056,3.500
2072,JJA,Channel Islands,0.083,2.000
2073,JJA,Channel Islands,0.044,2.000
2074,JJA,Channel Islands,0.133,6.000
2075,JJA,Channel Islands,0.078,2.000
2076,JJA,Channel Islands,0.111,3.500
2077,JJA,Channel Islands,0.106,3.000
2078,JJA,Channel Islands,0.089,1.500
2079,JJA,Channel Islands,0.072,2.500
2080,JJA,Channel Islands,0.056,2.000
1981,JJA,Isle of Man,0.422,9.667
1982,JJA,Isle of Man,0.367,4.333
1983,JJA,Isle of Man,0.363,5.667
1984,JJA,Isle of Man,0.319,5.333
1985,JJA,Isle of Man,0.393,8.000
1986,JJA,Isle of Man,0.337,7.000
1987,JJA,Isle of Man,0.393,5.333
1988,JJA,Isle of Man,0.500,10.000
1989,JJA,Isle of Man,0.407,7.000
1990,JJA,Isle of Man,0.511,12.667
1991,JJA,Isle of Man,0.530,8.667
1992,JJA,Isle of Man,0.500,7.000
1993,JJA,Isle of Man,0.396,5.667
1994,JJA,Isle of Man,0.359,3.333
1995,JJA,Isle of Man,0.593,7.000
1996,JJA,Isle of Man,0.356,7.667
1997,JJA,Isle of Man,0.396,8.000
1998,JJA,Isle of Man,0.667,9.667
1999,JJA,Isle of Man,0.459,10.667
2000,JJA,Isle of Man,0.356,8.333
2001,JJA,Isle of Man,0.378,4.333
2002,JJA,Isle of Man,0.526,6.000
2003,JJA,Isle of Man,0.441,6.667
2004,JJA,Isle of Man,0.363,4.000
2005,JJA,Isle of Man,0.437,8.667
2006,JJA,Isle of Man,0.174,3.333
2007,JJA,Isle of Man,0.459,8.333
2008,JJA,Isle of Man,0.474,9.000
2009,JJA,Isle of Man,0.437,5.000
2010,JJA,Isle of Man,0.319,7.000
2011,JJA,Isle of Man,0.467,6.000
2012,JJA,Isle of Man,0.385,6.667
2013,JJA,Isle of Man,0.556,7.000
2014,JJA,Isle of Man,0.363,6.333
2015,JJA,Isle of Man,0.422,5.667
2016,JJA,Isle of Man,0.296,5.000
2017,JJA,Isle of Man,0.359,5.000
2018,JJA,Isle of Man,0.304,4.333
2019,JJA,Isle of Man,0.393,5.000
2020,JJA,Isle of Man,0.511,8.000
2021,JJA,Isle of Man,0.374,5.000
2022,JJA,Isle of Man,0.426,7.000
2023,JJA,Isle of Man,0.489,7.667
2024,JJA,Isle of Man,0.481,6.333
2025,JJA,Isle of Man,0.296,3.333
2026,JJA,Isle of Man,0.211,4.667
2027,JJA,Isle of Man,0.396,6.000
2028,JJA,Isle of Man,0.485,7.667
2029,JJA,Isle of Man,0.411,6.333
2030,JJA,Isle of Man,0.504,9.333
2031,JJA,Isle of Man,0.419,7.667
2032,JJA,Isle of Man,0.422,7.333
2033,JJA,Isle of Man,0.241,3.000
2034,JJA,Isle of Man,0.396,5.000
2035,JJA,Isle of Man,0.363,8.667
2036,JJA,Isle of Man,0.267,5.667
2037,JJA,Isle of Man,0.493,6.000
2038,JJA,Isle of Man,0.296,9.000
2039,JJA,Isle of Man,0.270,4.667
2040,JJA,Isle of Man,0.356,6.000
2041,JJA,Isle of Man,0.293,5.333
2042,JJA,Isle of Man,0.459,5.667
2043,JJA,Isle of Man,0.356,5.000
2044,JJA,Isle of Man,0.341,4.000
2045,JJA,Isle of Man,0.241,4.667
2046,JJA,Isle of Man,0.433,4.000
2047,JJA,Isle of Man,0.459,6.000
2048,JJA,Isle of Man,0.274,4.000
2049,JJA,Isle of Man,0.304,4.667
2050,JJA,Isle of Man,0.281,8.000
2051,JJA,Isle of Man,0.311,7.333
2052,JJA,Isle of Man,0.389,8.000
2053,JJA,Isle of Man,0.478,4.667
2054,JJA,Isle of Man,0.344,5.333
2055,JJA,Isle of Man,0.237,3.000
2056,JJA,Isle of Man,0.207,5.000
2057,JJA,Isle of Man,0.207,4.000
2058,JJA,Isle of Man,0.178,2.000
2059,JJA,Isle of Man,0.207,3.000
2060,JJA,Isle of Man,0.289,5.000
2061,JJA,Isle of Man,0.233,3.000
2062,JJA,Isle of Man,0.359,6.667
2063,JJA,Isle of Man,0.207,3.333
2064,JJA,Isle of Man,0.267,2.667
2065,JJA,Isle of Man,0.381,6.000
2066,JJA,Isle of Man,0.207,3.333
2067,JJA,Isle of Man,0.289,4.667
2068,JJA,Isle of Man,0.185,4.000
2069,JJA,Isle of Man,0.359,5.000
2070,JJA,Isle of Man,0.189,2.667
2071,JJA,Isle of Man,0.137,2.333
2072,JJA,Isle of Man,0.252,6.667
2073,JJA,Isle of Man,0.148,2.000
2074,JJA,Isle of Man,0.230,6.000
2075,JJA,Isle of Man,0.222,6.667
2076,JJA,Isle of Man,0.230,4.000
2077,JJA,Isle of Man,0.219,3.000
2078,JJA,Isle of Man,0.263,5.667
2079,JJA,Isle of Man,0.241,4.000
2080,JJA,Isle of Man,0.381,5.667
1981,JJA,Northern Ireland,0.473,6.706
1982,JJA,Northern Ireland,0.395,7.553
1983,JJA,Northern Ireland,0.399,6.365
1984,JJA,Northern Ireland,0.406,6.412
1985,JJA,Northern Ireland,0.426,6.918
1986,JJA,Northern Ireland,0.395,7.776
1987,JJA,Northern Ireland,0.422,6.718
1988,JJA,Northern Ireland,0.477,7.729
1989,JJA,Northern Ireland,0.524,9.576
1990,JJA,Northern Ireland,0.517,10.365
1991,JJA,Northern Ireland,0.591,8.047
1992,JJA,Northern Ireland,0.642,12.153
1993,JJA,Northern Ireland,0.453,6.988
1994,JJA,Northern Ireland,0.441,4.376
1995,JJA,Northern Ireland,0.573,10.365
1996,JJA,Northern Ireland,0.506,9.541
1997,JJA,Northern Ireland,0.481,8.000
1998,JJA,Northern Ireland,0.697,15.447
1999,JJA,Northern Ireland,0.469,8.482
2000,JJA,Northern Ireland,0.455,7.212
2001,JJA,Northern Ireland,0.444,8.612
2002,JJA,Northern Ireland,0.530,8.094
2003,JJA,Northern Ireland,0.432,8.000
2004,JJA,Northern Ireland,0.378,6.494
2005,JJA,Northern Ireland,0.481,8.788
2006,JJA,Northern Ireland,0.239,4.188
2007,JJA,Northern Ireland,0.559,11.706
2008,JJA,Northern Ireland,0.536,9.176
2009,JJA,Northern Ireland,0.494,6.400
2010,JJA,Northern Ireland,0.430,9.212
2011,JJA,Northern Ireland,0.541,7.612
2012,JJA,Northern Ireland,0.401,5.741
2013,JJA,Northern Ireland,0.562,9.341
2014,JJA,Northern Ireland,0.349,7.718
2015,JJA,Northern Ireland,0.431,9.247
2016,JJA,Northern Ireland,0.345,5.235
2017,JJA,Northern Ireland,0.451,5.918
2018,JJA,Northern Ireland,0.358,8.435
2019,JJA,Northern Ireland,0.468,6.518
2020,JJA,Northern Ireland,0.519,6.518
2021,JJA,Northern Ireland,0.395,6.141
2022,JJA,Northern Ireland,0.474,6.859
2023,JJA,Northern Ireland,0.542,12.612
2024,JJA,Northern Ireland,0.459,6.176
2025,JJA,Northern Ireland,0.385,6.871
2026,JJA,Northern Ireland,0.351,7.447
2027,JJA,Northern Ireland,0.411,7.435
2028,JJA,Northern Ireland,0.502,8.435
2029,JJA,Northern Ireland,0.507,9.271
2030,JJA,Northern Ireland,0.540,8.576
2031,JJA,Northern Ireland,0.451,6.753
2032,JJA,Northern Ireland,0.461,7.706
2033,JJA,Northern Ireland,0.363,5.765
2034,JJA,Northern Ireland,0.504,7.871
2035,JJA,Northern Ireland,0.379,9.212
2036,JJA,Northern Ireland,0.332,7.071
2037,JJA,Northern Ireland,0.518,9.212
2038,JJA,Northern Ireland,0.405,10.247
2039,JJA,Northern Ireland,0.356,4.659
2040,JJA,Northern Ireland,0.388,4.976
2041,JJA,Northern Ireland,0.416,5.647
2042,JJA,Northern Ireland,0.472,6.847
2043,JJA,Northern Ireland,0.422,6.541
2044,JJA,Northern Ireland,0.381,5.600
2045,JJA,Northern Ireland,0.256,4.388
2046,JJA,Northern Ireland,0.529,7.400
2047,JJA,Northern Ireland,0.503,10.059
2048,JJA,Northern Ireland,0.362,5.659
2049,JJA,Northern Ireland,0.399,7.376
2050,JJA,Northern Ireland,0.358,8.306
2051,JJA,Northern Ireland,0.398,5.847
2052,JJA,Northern Ireland,0.440,8.482
2053,JJA,Northern Ireland,0.633,10.565
2054,JJA,Northern Ireland,0.364,5.482
2055,JJA,Northern Ireland,0.303,4.529
2056,JJA,Northern Ireland,0.297,4.153
2057,JJA,Northern Ireland,0.290,5.400
2058,JJA,Northern Ireland,0.310,4.412
2059,JJA,Northern Ireland,0.265,5.718
2060,JJA,Northern Ireland,0.372,6.447
2061,JJA,Northern Ireland,0.319,4.576
2062,JJA,Northern Ireland,0.383,6.576
2063,JJA,Northern Ireland,0.255,5.812
2064,JJA,Northern Ireland,0.399,5.565
2065,JJA,Northern Ireland,0.433,6.824
2066,JJA,Northern Ireland,0.348,7.541
2067,JJA,Northern Ireland,0.404,6.176
2068,JJA,Northern Ireland,0.294,6.965
2069,JJA,Northern Ireland,0.406,5.576
2070,JJA,Northern Ireland,0.264,4.459
2071,JJA,Northern Ireland,0.265,4.424
2072,JJA,Northern Ireland,0.276,4.506
2073,JJA,Northern Ireland,0.221,3.435
2074,JJA,Northern Ireland,0.328,6.671
2075,JJA,Northern Ireland,0.358,9.847
2076,JJA,Northern Ireland,0.335,6.659
2077,JJA,Northern Ireland,0.251,5.494
2078,JJA,Northern Ireland,0.334,5.529
2079,JJA,Northern Ireland,0.265,4.259
2080,JJA,Northern Ireland,0.429,5.871
1981,JJA,Wales,0.375,6.429
1982,JJA,Wales,0.336,6.617
1983,JJA,Wales,0.271,4.135
1984,JJA,Wales,0.336,6.383
1985,JJA,Wales,0.323,6.098
1986,JJA,Wales,0.322,6.782
1987,JJA,Wales,0.417,9.451
1988,JJA,Wales,0.451,10.248
1989,JJA,Wales,0.403,9.466
1990,JJA,Wales,0.496,11.188
1991,JJA,Wales,0.476,7.917
1992,JJA,Wales,0.503,8.827
1993,JJA,Wales,0.397,7.985
1994,JJA,Wales,0.378,4.549
1995,JJA,Wales,0.591,12.534
1996,JJA,Wales,0.332,7.797
1997,JJA,Wales,0.379,5.985
1998,JJA,Wales,0.599,10.301
1999,JJA,Wales,0.420,7.820
2000,JJA,Wales,0.309,4.940
2001,JJA,Wales,0.377,8.008
2002,JJA,Wales,0.496,7.256
2003,JJA,Wales,0.437,6.594
2004,JJA,Wales,0.344,5.977
2005,JJA,Wales,0.430,8.226
2006,JJA,Wales,0.161,2.880
2007,JJA,Wales,0.440,6.308
2008,JJA,Wales,0.441,7.218
2009,JJA,Wales,0.398,6.436
2010,JJA,Wales,0.389,8.203
2011,JJA,Wales,0.387,6.376
2012,JJA,Wales,0.458,8.226
2013,JJA,Wales,0.502,8.150
2014,JJA,Wales,0.307,6.008
2015,JJA,Wales,0.379,5.647
2016,JJA,Wales,0.310,5.128
2017,JJA,Wales,0.386,6.098
2018,JJA,Wales,0.356,6.120
2019,JJA,Wales,0.406,6.564
2020,JJA,Wales,0.481,7.579
2021,JJA,Wales,0.393,6.895
2022,JJA,Wales,0.366,6.850
2023,JJA,Wales,0.402,6.624
2024,JJA,Wales,0.435,10.241
2025,JJA,Wales,0.367,6.526
2026,JJA,Wales,0.226,5.617
2027,JJA,Wales,0.359,5.481
2028,JJA,Wales,0.480,7.256
2029,JJA,Wales,0.466,8.444
2030,JJA,Wales,0.540,9.556
2031,JJA,Wales,0.372,5.774
2032,JJA,Wales,0.421,7.992
2033,JJA,Wales,0.271,4.406
2034,JJA,Wales,0.481,7.917
2035,JJA,Wales,0.388,6.083
2036,JJA,Wales,0.283,7.805
2037,JJA,Wales,0.494,10.376
2038,JJA,Wales,0.301,8.962
2039,JJA,Wales,0.349,5.992
2040,JJA,Wales,0.330,5.338
2041,JJA,Wales,0.278,4.669
2042,JJA,Wales,0.436,6.248
2043,JJA,Wales,0.362,5.767
2044,JJA,Wales,0.331,6.797
2045,JJA,Wales,0.247,4.173
2046,JJA,Wales,0.409,5.451
2047,JJA,Wales,0.305,5.729
2048,JJA,Wales,0.257,3.782
2049,JJA,Wales,0.361,5.654
2050,JJA,Wales,0.290,5.158
2051,JJA,Wales,0.281,5.421
2052,JJA,Wales,0.389,6.526
2053,JJA,Wales,0.450,6.376
2054,JJA,Wales,0.361,5.504
2055,JJA,Wales,0.284,5.271
2056,JJA,Wales,0.208,3.887
2057,JJA,Wales,0.251,5.068
2058,JJA,Wales,0.196,5.158
2059,JJA,Wales,0.231,4.789
2060,JJA,Wales,0.373,7.278
2061,JJA,Wales,0.203,3.391
2062,JJA,Wales,0.355,6.316
2063,JJA,Wales,0.195,3.444
2064,JJA,Wales,0.278,4.962
2065,JJA,Wales,0.369,5.977
2066,JJA,Wales,0.247,3.594
2067,JJA,Wales,0.303,4.466
2068,JJA,Wales,0.254,7.812
2069,JJA,Wales,0.299,4.248
2070,JJA,Wales,0.190,2.789
2071,JJA,Wales,0.133,2.609
2072,JJA,Wales,0.204,4.925
2073,JJA,Wales,0.136,2.955
2074,JJA,Wales,0.292,10.271
2075,JJA,Wales,0.257,6.331
2076,JJA,Wales,0.267,4.579
2077,JJA,Wales,0.198,4.346
2078,JJA,Wales,0.230,3.962
2079,JJA,Wales,0.188,3.955
2080,JJA,Wales,0.310,4.932
1981,SON,East Midlands,0.363,7.602
1982,SON,East Midlands,0.365,5.883
1983,SON,East Midlands,0.328,5.796
1984,SON,East Midlands,0.328,5.223
1985,SON,East Midlands,0.357,5.029
1986,SON,East Midlands,0.384,5.670
1987,SON,East Midlands,0.409,5.757
1988,SON,East Midlands,0.443,6.301
1989,SON,East Midlands,0.433,8.049
1990,SON,East Midlands,0.325,5.485
1991,SON,East Midlands,0.228,3.165
1992,SON,East Midlands,0.428,5.252
1993,SON,East Midlands,0.468,10.301
1994,SON,East Midlands,0.272,6.408
1995,SON,East Midlands,0.400,6.194
1996,SON,East Midlands,0.287,5.534
1997,SON,East Midlands,0.320,4.388
1998,SON,East Midlands,0.287,3.718
1999,SON,East Midlands,0.336,6.592
2000,SON,East Midlands,0.375,7.777
2001,SON,East Midlands,0.414,5.417
2002,SON,East Midlands,0.292,5.184
2003,SON,East Midlands,0.494,7.796
2004,SON,East Midlands,0.356,4.864
2005,SON,East Midlands,0.372,5.204
2006,SON,East Midlands,0.436,7.311
2007,SON,East Midlands,0.237,3.621
2008,SON,East Midlands,0.287,5.971
2009,SON,East Midlands,0.219,3.214
2010,SON,East Midlands,0.345,5.621
2011,SON,East Midlands,0.298,4.874
2012,SON,East Midlands,0.285,4.146
2013,SON,East Midlands,0.440,6.184
2014,SON,East Midlands,0.292,5.301
2015,SON,East Midlands,0.223,3.971
2016,SON,East Midlands,0.304,5.058
2017,SON,East Midlands,0.336,4.282
2018,SON,East Midlands,0.286,3.631
2019,SON,East Midlands,0.309,5.107
2020,SON,East Midlands,0.374,5.058
2021,SON,East Midlands,0.283,6.612
2022,SON,East Midlands,0.281,4.670
2023,SON,East Midlands,0.303,7.359
2024,SON,East Midlands,0.231,6.893
2025,SON,East Midlands,0.261,4.689
2026,SON,East Midlands,0.279,4.029
2027,SON,East Midlands,0.295,3.854
2028,SON,East Midlands,0.262,3.437
2029,SON,East Midlands,0.357,5.699
2030,SON,East Midlands,0.318,7.165
2031,SON,East Midlands,0.305,4.641
2032,SON,East Midlands,0.400,4.738
2033,SON,East Midlands,0.221,5.738
2034,SON,East Midlands,0.388,6.825
2035,SON,East Midlands,0.400,6.155
2036,SON,East Midlands,0.311,3.932
2037,SON,East Midlands,0.336,5.029
2038,SON,East Midlands,0.284,5.621
2039,SON,East Midlands,0.160,2.961
2040,SON,East Midlands,0.325,5.320
2041,SON,East Midlands,0.194,4.175
2042,SON,East Midlands,0.359,5.660
2043,SON,East Midlands,0.284,4.010
2044,SON,East Midlands,0.283,4.107
2045,SON,East Midlands,0.268,4.223
2046,SON,East Midlands,0.330,3.854
2047,SON,East Midlands,0.235,5.146
2048,SON,East Midlands,0.250,4.825
2049,SON,East Midlands,0.343,5.786
2050,SON,East Midlands,0.299,4.738
2051,SON,East Midlands,0.305,5.495
2052,SON,East Midlands,0.296,5.816
2053,SON,East Midlands,0.322,6.699
2054,SON,East Midlands,0.260,4.631
2055,SON,East Midlands,0.248,4.350
2056,SON,East Midlands,0.322,5.650
2057,SON,East Midlands,0.396,4.340
2058,SON,East Midlands,0.304,4.515
2059,SON,East Midlands,0.276,3.903
2060,SON,East Midlands,0.226,3.864
2061,SON,East Midlands,0.248,3.777
2062,SON,East Midlands,0.164,4.039
2063,SON,East Midlands,0.236,3.214
2064,SON,East Midlands,0.288,5.544
2065,SON,East Midlands,0.263,5.563
2066,SON,East Midlands,0.352,4.544
2067,SON,East Midlands,0.301,6.553
2068,SON,East Midlands,0.274,4.039
2069,SON,East Midlands,0.257,5.816
2070,SON,East Midlands,0.284,5.058
2071,SON,East Midlands,0.333,6.107
2072,SON,East Midlands,0.281,5.252
2073,SON,East Midlands,0.215,3.680
2074,SON,East Midlands,0.352,3.485
2075,SON,East Midlands,0.275,4.136
2076,SON,East Midlands,0.278,5.738
2077,SON,East Midlands,0.235,5.476
2078,SON,East Midlands,0.236,4.786
2079,SON,East Midlands,0.216,2.961
2080,SON,East Midlands,0.266,4.369
1981,SON,East of England,0.375,7.126
1982,SON,East of England,0.307,5.772
1983,SON,East of England,0.369,5.331
1984,SON,East of England,0.283,3.465
1985,SON,East of England,0.362,4.457
1986,SON,East of England,0.399,6.575
1987,SON,East of England,0.383,4.827
1988,SON,East of England,0.410,4.764
1989,SON,East of England,0.330,5.913
1990,SON,East of England,0.286,4.488
1991,SON,East of England,0.196,3.094
1992,SON,East of England,0.379,4.945
1993,SON,East of England,0.442,9.496
1994,SON,East of England,0.301,5.858
1995,SON,East of England,0.352,6.189
1996,SON,East of England,0.269,5.811
1997,SON,East of England,0.280,4.591
1998,SON,East of England,0.250,4.299
1999,SON,East of England,0.309,7.291
2000,SON,East of England,0.354,6.165
2001,SON,East of England,0.411,5.150
2002,SON,East of England,0.246,5.252
2003,SON,East of England,0.475,7.055
2004,SON,East of England,0.333,4.827
2005,SON,East of England,0.356,4.394
2006,SON,East of England,0.392,6.150
2007,SON,East of England,0.256,3.866
2008,SON,East of England,0.283,4.803
2009,SON,East of England,0.228,2.772
2010,SON,East of England,0.319,5.157
2011,SON,East of England,0.273,4.220
2012,SON,East of England,0.240,4.000
2013,SON,East of England,0.313,4.937
2014,SON,East of England,0.298,4.449
2015,SON,East of England,0.207,5.039
2016,SON,East of England,0.300,5.606
2017,SON,East of England,0.314,5.386
2018,SON,East of England,0.282,4.591
2019,SON,East of England,0.260,3.835
2020,SON,East of England,0.365,6.874
2021,SON,East of England,0.289,6.898
2022,SON,East of England,0.295,4.299
2023,SON,East of England,0.286,6.717
2024,SON,East of England,0.207,4.394
2025,SON,East of England,0.220,3.984
2026,SON,East of England,0.256,3.976
2027,SON,East of England,0.257,3.094
2028,SON,East of England,0.249,3.921
2029,SON,East of England,0.292,4.630
2030,SON,East of England,0.289,5.921
2031,SON,East of England,0.262,4.276
2032,SON,East of England,0.371,3.992
2033,SON,East of England,0.229,5.213
2034,SON,East of England,0.410,5.150
2035,SON,East of England,0.380,4.551
2036,SON,East of England,0.309,4.724
2037,SON,East of England,0.337,4.386
2038,SON,East of England,0.309,5.890
2039,SON,East of England,0.138,2.945
2040,SON,East of England,0.306,4.370
2041,SON,East of England,0.194,3.488
2042,SON,East of England,0.322,3.843
2043,SON,East of England,0.234,2.756
2044,SON,East of England,0.227,3.685
2045,SON,East of England,0.203,2.701
2046,SON,East of England,0.360,4.394
2047,SON,East of England,0.185,3.417
2048,SON,East of England,0.240,3.488
2049,SON,East of England,0.305,7.110
2050,SON,East of England,0.263,3.528
2051,SON,East of England,0.309,4.780
2052,SON,East of England,0.268,4.386
2053,SON,East of England,0.277,5.528
2054,SON,East of England,0.267,3.890
2055,SON,East of England,0.217,5.504
2056,SON,East of England,0.290,3.961
2057,SON,East of England,0.337,4.614
2058,SON,East of England,0.278,4.394
2059,SON,East of England,0.236,3.803
2060,SON,East of England,0.173,2.992
2061,SON,East of England,0.186,3.024
2062,SON,East of England,0.123,3.520
2063,SON,East of England,0.224,3.252
2064,SON,East of England,0.238,5.276
2065,SON,East of England,0.272,5.118
2066,SON,East of England,0.310,4.370
2067,SON,East of England,0.256,4.630
2068,SON,East of England,0.275,3.685
2069,SON,East of England,0.251,3.039
2070,SON,East of England,0.268,4.480
2071,SON,East of England,0.315,4.583
2072,SON,East of England,0.238,4.528
2073,SON,East of England,0.228,3.197
2074,SON,East of England,0.330,3.898
2075,SON,East of England,0.223,3.780
2076,SON,East of England,0.259,5.346
2077,SON,East of England,0.224,6.165
2078,SON,East of England,0.219,3.512
2079,SON,East of England,0.235,3.835
2080,SON,East of England,0.256,3.772
1981,SON,East Scotland,0.500,8.412
1982,SON,East Scotland,0.464,10.637
1983,SON,East Scotland,0.377,10.125
1984,SON,East Scotland,0.452,6.013
1985,SON,East Scotland,0.464,9.481
1986,SON,East Scotland,0.511,8.713
1987,SON,East Scotland,0.488,9.200
1988,SON,East Scotland,0.537,9.044
1989,SON,East Scotland,0.504,9.794
1990,SON,East Scotland,0.503,7.719
1991,SON,East Scotland,0.342,7.075
1992,SON,East Scotland,0.545,7.675
1993,SON,East Scotland,0.584,9.338
1994,SON,East Scotland,0.406,6.912
1995,SON,East Scotland,0.470,10.438
1996,SON,East Scotland,0.449,7.744
1997,SON,East Scotland,0.493,9.025
1998,SON,East Scotland,0.452,7.775
1999,SON,East Scotland,0.392,9.206
2000,SON,East Scotland,0.547,12.688
2001,SON,East Scotland,0.508,8.594
2002,SON,East Scotland,0.339,7.369
2003,SON,East Scotland,0.481,7.600
2004,SON,East Scotland,0.513,14.269
2005,SON,East Scotland,0.456,11.812
2006,SON,East Scotland,0.538,13.731
2007,SON,East Scotland,0.371,8.675
2008,SON,East Scotland,0.368,5.487
2009,SON,East Scotland,0.442,11.000
2010,SON,East Scotland,0.527,8.919
2011,SON,East Scotland,0.465,10.506
2012,SON,East Scotland,0.434,6.688
2013,SON,East Scotland,0.487,10.756
2014,SON,East Scotland,0.361,8.525
2015,SON,East Scotland,0.332,4.944
2016,SON,East Scotland,0.429,8.656
2017,SON,East Scotland,0.402,5.062
2018,SON,East Scotland,0.404,10.188
2019,SON,East Scotland,0.448,7.231
2020,SON,East Scotland,0.468,6.506
2021,SON,East Scotland,0.423,7.425
2022,SON,East Scotland,0.406,8.631
2023,SON,East Scotland,0.439,8.081
2024,SON,East Scotland,0.386,9.188
2025,SON,East Scotland,0.390,8.512
2026,SON,East Scotland,0.447,6.450
2027,SON,East Scotland,0.479,12.175
2028,SON,East Scotland,0.439,7.306
2029,SON,East Scotland,0.469,6.744
2030,SON,East Scotland,0.468,12.287
2031,SON,East Scotland,0.415,8.519
2032,SON,East Scotland,0.433,8.006
2033,SON,East Scotland,0.406,6.319
2034,SON,East Scotland,0.468,9.925
2035,SON,East Scotland,0.451,8.387
2036,SON,East Scotland,0.429,7.781
2037,SON,East Scotland,0.412,9.006
2038,SON,East Scotland,0.364,8.037
2039,SON,East Scotland,0.353,7.431
2040,SON,East Scotland,0.440,7.787
2041,SON,East Scotland,0.307,5.856
2042,SON,East Scotland,0.511,9.119
2043,SON,East Scotland,0.419,9.681
2044,SON,East Scotland,0.500,10.450
2045,SON,East Scotland,0.427,8.456
2046,SON,East Scotland,0.512,8.475
2047,SON,East Scotland,0.415,9.300
2048,SON,East Scotland,0.363,6.950
2049,SON,East Scotland,0.507,11.006
2050,SON,East Scotland,0.434,8.431
2051,SON,East Scotland,0.476,9.881
2052,SON,East Scotland,0.417,6.994
2053,SON,East Scotland,0.424,6.550
2054,SON,East Scotland,0.443,7.562
2055,SON,East Scotland,0.410,6.638
2056,SON,East Scotland,0.471,9.475
2057,SON,East Scotland,0.551,8.244
2058,SON,East Scotland,0.399,6.169
2059,SON,East Scotland,0.431,8.956
2060,SON,East Scotland,0.355,6.181
2061,SON,East Scotland,0.442,7.106
2062,SON,East Scotland,0.244,4.675
2063,SON,East Scotland,0.398,8.150
2064,SON,East Scotland,0.479,6.800
2065,SON,East Scotland,0.321,5.056
2066,SON,East Scotland,0.442,6.588
2067,SON,East Scotland,0.432,7.025
2068,SON,East Scotland,0.399,7.831
2069,SON,East Scotland,0.449,9.925
2070,SON,East Scotland,0.404,9.350
2071,SON,East Scotland,0.425,8.144
2072,SON,East Scotland,0.367,7.269
2073,SON,East Scotland,0.357,6.050
2074,SON,East Scotland,0.531,7.975
2075,SON,East Scotland,0.412,6.013
2076,SON,East Scotland,0.424,7.513
2077,SON,East Scotland,0.371,7.862
2078,SON,East Scotland,0.410,6.706
2079,SON,East Scotland,0.403,9.188
2080,SON,East Scotland,0.409,4.794
1981,SON,London,0.342,7.167
1982,SON,London,0.375,9.500
1983,SON,London,0.387,5.417
1984,SON,London,0.303,3.583
1985,SON,London,0.325,6.500
1986,SON,London,0.347,5.417
1987,SON,London,0.426,5.083
1988,SON,London,0.462,6.083
1989,SON,London,0.420,9.000
1990,SON,London,0.312,5.750
1991,SON,London,0.208,2.417
1992,SON,London,0.375,5.000
1993,SON,London,0.470,7.417
1994,SON,London,0.299,5.333
1995,SON,London,0.393,9.167
1996,SON,London,0.250,3.917
1997,SON,London,0.299,4.333
1998,SON,London,0.268,5.417
1999,SON,London,0.345,7.667
2000,SON,London,0.392,7.750
2001,SON,London,0.416,5.250
2002,SON,London,0.295,8.167
2003,SON,London,0.493,8.917
2004,SON,London,0.314,6.500
2005,SON,London,0.369,3.583
2006,SON,London,0.387,4.833
2007,SON,London,0.231,4.250
2008,SON,London,0.271,4.083
2009,SON,London,0.256,3.083
2010,SON,London,0.303,6.167
2011,SON,London,0.269,5.250
2012,SON,London,0.260,5.250
2013,SON,London,0.290,5.583
2014,SON,London,0.302,5.667
2015,SON,London,0.236,6.000
2016,SON,London,0.348,7.083
2017,SON,London,0.294,3.917
2018,SON,London,0.250,4.083
2019,SON,London,0.292,5.417
2020,SON,London,0.315,5.000
2021,SON,London,0.256,5.750
2022,SON,London,0.290,4.000
2023,SON,London,0.294,7.083
2024,SON,London,0.192,5.250
2025,SON,London,0.217,4.000
2026,SON,London,0.256,5.000
2027,SON,London,0.274,3.000
2028,SON,London,0.240,3.833
2029,SON,London,0.306,5.333
2030,SON,London,0.263,7.333
2031,SON,London,0.276,5.500
2032,SON,London,0.367,5.750
2033,SON,London,0.248,6.333
2034,SON,London,0.395,6.417
2035,SON,London,0.399,4.083
2036,SON,London,0.324,5.250
2037,SON,London,0.366,4.667
2038,SON,London,0.354,6.000
2039,SON,London,0.185,4.167
2040,SON,London,0.301,5.000
2041,SON,London,0.207,4.000
2042,SON,London,0.406,4.500
2043,SON,London,0.250,3.583
2044,SON,London,0.237,4.000
2045,SON,London,0.231,4.750
2046,SON,London,0.371,5.667
2047,SON,London,0.204,2.333
2048,SON,London,0.251,5.000
2049,SON,London,0.335,8.500
2050,SON,London,0.265,5.000
2051,SON,London,0.321,5.417
2052,SON,London,0.263,5.000
2053,SON,London,0.279,5.667
2054,SON,London,0.256,4.000
2055,SON,London,0.227,6.333
2056,SON,London,0.267,4.833
2057,SON,London,0.349,5.083
2058,SON,London,0.339,6.167
2059,SON,London,0.253,4.083
2060,SON,London,0.173,4.000
2061,SON,London,0.172,2.667
2062,SON,London,0.137,3.833
2063,SON,London,0.200,2.583
2064,SON,London,0.216,4.917
2065,SON,London,0.222,4.333
2066,SON,London,0.287,3.583
2067,SON,London,0.280,4.583
2068,SON,London,0.303,4.417
2069,SON,London,0.239,3.417
2070,SON,London,0.244,4.167
2071,SON,London,0.375,6.917
2072,SON,London,0.222,3.083
2073,SON,London,0.242,4.000
2074,SON,London,0.337,4.333
2075,SON,London,0.199,4.000
2076,SON,London,0.281,5.000
2077,SON,London,0.236,6.500
2078,SON,London,0.221,3.833
2079,SON,London,0.219,5.000
2080,SON,London,0.237,3.750
1981,SON,North East England,0.510,11.123
1982,SON,North East England,0.416,7.702
1983,SON,North East England,0.355,6.404
1984,SON,North East England,0.404,5.491
1985,SON,North East England,0.413,6.333
1986,SON,North East England,0.451,7.947
1987,SON,North East England,0.477,8.316
1988,SON,North East England,0.487,6.246
1989,SON,North East England,0.442,7.281
1990,SON,North East England,0.419,6.807
1991,SON,North East England,0.286,5.772
1992,SON,North East England,0.479,5.667
1993,SON,North East England,0.471,9.386
1994,SON,North East England,0.302,4.649
1995,SON,North East England,0.464,6.912
1996,SON,North East England,0.369,7.140
1997,SON,North East England,0.436,6.877
1998,SON,North East England,0.381,6.912
1999,SON,North East England,0.332,5.912
2000,SON,North East England,0.503,9.351
2001,SON,North East England,0.469,9.491
2002,SON,North East England,0.318,6.140
2003,SON,North East England,0.491,7.596
2004,SON,North East England,0.384,7.088
2005,SON,North East England,0.430,6.982
2006,SON,North East England,0.477,10.842
2007,SON,North East England,0.312,6.491
2008,SON,North East England,0.321,5.439
2009,SON,North East England,0.351,4.596
2010,SON,North East England,0.448,6.070
2011,SON,North East England,0.424,11.474
2012,SON,North East England,0.397,5.088
2013,SON,North East England,0.444,7.175
2014,SON,North East England,0.334,5.842
2015,SON,North East England,0.304,4.491
2016,SON,North East England,0.399,10.404
2017,SON,North East England,0.411,4.947
2018,SON,North East England,0.343,4.526
2019,SON,North East England,0.364,6.368
2020,SON,North East England,0.423,5.579
2021,SON,North East England,0.391,6.807
2022,SON,North East England,0.356,6.649
2023,SON,North East England,0.410,7.333
2024,SON,North East England,0.319,6.509
2025,SON,North East England,0.327,5.842
2026,SON,North East England,0.318,4.298
2027,SON,North East England,0.372,4.807
2028,SON,North East England,0.368,5.263
2029,SON,North East England,0.404,6.544
2030,SON,North East England,0.403,11.193
2031,SON,North East England,0.342,6.684
2032,SON,North East England,0.396,5.491
2033,SON,North East England,0.325,4.614
2034,SON,North East England,0.437,8.526
2035,SON,North East England,0.509,7.456
2036,SON,North East England,0.405,7.667
2037,SON,North East England,0.377,6.912
2038,SON,North East England,0.273,7.789
2039,SON,North East England,0.240,4.789
2040,SON,North East England,0.398,5.825
2041,SON,North East England,0.273,5.316
2042,SON,North East England,0.412,6.404
2043,SON,North East England,0.313,8.614
2044,SON,North East England,0.388,7.088
2045,SON,North East England,0.345,6.526
2046,SON,North East England,0.398,4.474
2047,SON,North East England,0.324,4.719
2048,SON,North East England,0.292,4.649
2049,SON,North East England,0.401,7.123
2050,SON,North East England,0.366,7.333
2051,SON,North East England,0.372,6.228
2052,SON,North East England,0.351,7.158
2053,SON,North East England,0.365,5.596
2054,SON,North East England,0.394,6.421
2055,SON,North East England,0.323,4.684
2056,SON,North East England,0.373,8.158
2057,SON,North East England,0.464,6.298
2058,SON,North East England,0.316,3.807
2059,SON,North East England,0.320,4.596
2060,SON,North East England,0.282,4.070
2061,SON,North East England,0.312,4.544
2062,SON,North East England,0.192,2.930
2063,SON,North East England,0.277,5.632
2064,SON,North East England,0.376,6.982
2065,SON,North East England,0.250,4.053
2066,SON,North East England,0.408,5.912
2067,SON,North East England,0.326,4.614
2068,SON,North East England,0.306,4.860
2069,SON,North East England,0.363,7.947
2070,SON,North East England,0.342,6.474
2071,SON,North East England,0.367,5.947
2072,SON,North East England,0.339,5.842
2073,SON,North East England,0.294,4.351
2074,SON,North East England,0.439,6.193
2075,SON,North East England,0.345,5.298
2076,SON,North East England,0.360,8.088
2077,SON,North East England,0.286,7.123
2078,SON,North East England,0.297,5.737
2079,SON,North East England,0.298,5.982
2080,SON,North East England,0.354,5.877
1981,SON,North Scotland,0.619,12.769
1982,SON,North Scotland,0.473,10.585
1983,SON,North Scotland,0.504,13.410
1984,SON,North Scotland,0.515,8.948
1985,SON,North Scotland,0.622,15.203
1986,SON,North Scotland,0.758,16.816
1987,SON,North Scotland,0.546,13.986
1988,SON,North Scotland,0.694,14.189
1989,SON,North Scotland,0.570,10.811
1990,SON,North Scotland,0.665,11.755
1991,SON,North Scotland,0.474,10.571
1992,SON,North Scotland,0.593,9.425
1993,SON,North Scotland,0.648,9.797
1994,SON,North Scotland,0.599,10.708
1995,SON,North Scotland,0.548,13.604
1996,SON,North Scotland,0.530,13.132
1997,SON,North Scotland,0.639,13.406
1998,SON,North Scotland,0.591,13.165
1999,SON,North Scotland,0.511,9.552
2000,SON,North Scotland,0.615,13.542
2001,SON,North Scotland,0.689,12.368
2002,SON,North Scotland,0.376,7.401
2003,SON,North Scotland,0.517,12.080
2004,SON,North Scotland,0.671,17.863
2005,SON,North Scotland,0.657,19.892
2006,SON,North Scotland,0.595,13.613
2007,SON,North Scotland,0.549,15.467
2008,SON,North Scotland,0.559,9.750
2009,SON,North Scotland,0.621,17.967
2010,SON,North Scotland,0.617,14.236
2011,SON,North Scotland,0.531,12.972
2012,SON,North Scotland,0.575,11.377
2013,SON,North Scotland,0.570,12.198
2014,SON,North Scotland,0.537,10.670
2015,SON,North Scotland,0.479,11.972
2016,SON,North Scotland,0.480,9.854
2017,SON,North Scotland,0.550,9.698
2018,SON,North Scotland,0.595,14.033
2019,SON,North Scotland,0.533,7.533
2020,SON,North Scotland,0.632,14.892
2021,SON,North Scotland,0.691,14.759
2022,SON,North Scotland,0.628,11.877
2023,SON,North Scotland,0.544,9.703
2024,SON,North Scotland,0.518,8.967
2025,SON,North Scotland,0.534,17.392
2026,SON,North Scotland,0.598,9.873
2027,SON,North Scotland,0.501,12.599
2028,SON,North Scotland,0.587,12.264
2029,SON,North Scotland,0.601,10.241
2030,SON,North Scotland,0.620,13.340
2031,SON,North Scotland,0.508,14.349
2032,SON,North Scotland,0.601,9.410
2033,SON,North Scotland,0.593,12.915
2034,SON,North Scotland,0.578,17.943
2035,SON,North Scotland,0.627,12.066
2036,SON,North Scotland,0.621,14.151
2037,SON,North Scotland,0.523,9.519
2038,SON,North Scotland,0.555,11.896
2039,SON,North Scotland,0.411,7.028
2040,SON,North Scotland,0.621,11.708
2041,SON,North Scotland,0.358,7.915
2042,SON,North Scotland,0.733,20.458
2043,SON,North Scotland,0.547,15.146
2044,SON,North Scotland,0.675,13.613
2045,SON,North Scotland,0.588,13.000
2046,SON,North Scotland,0.660,15.377
2047,SON,North Scotland,0.565,11.986
2048,SON,North Scotland,0.573,12.255
2049,SON,North Scotland,0.650,12.184
2050,SON,North Scotland,0.564,11.269
2051,SON,North Scotland,0.572,11.448
2052,SON,North Scotland,0.510,8.939
2053,SON,North Scotland,0.585,8.283
2054,SON,North Scotland,0.617,11.198
2055,SON,North Scotland,0.576,10.165
2056,SON,North Scotland,0.634,16.844
2057,SON,North Scotland,0.683,11.193
2058,SON,North Scotland,0.524,11.759
2059,SON,North Scotland,0.620,14.278
2060,SON,North Scotland,0.545,10.797
2061,SON,North Scotland,0.601,10.939
2062,SON,North Scotland,0.474,13.712
2063,SON,North Scotland,0.534,12.618
2064,SON,North Scotland,0.686,11.830
2065,SON,North Scotland,0.468,8.981
2066,SON,North Scotland,0.568,11.764
2067,SON,North Scotland,0.651,10.608
2068,SON,North Scotland,0.649,17.462
2069,SON,North Scotland,0.624,20.542
2070,SON,North Scotland,0.456,8.175
2071,SON,North Scotland,0.463,9.901
2072,SON,North Scotland,0.549,12.821
2073,SON,North Scotland,0.539,9.910
2074,SON,North Scotland,0.717,18.094
2075,SON,North Scotland,0.506,7.618
2076,SON,North Scotland,0.578,10.991
2077,SON,North Scotland,0.481,7.849
2078,SON,North Scotland,0.576,9.358
2079,SON,North Scotland,0.595,18.137
2080,SON,North Scotland,0.617,10.472
1981,SON,North West England,0.476,8.226
1982,SON,North West England,0.465,8.892
1983,SON,North West England,0.375,11.032
1984,SON,North West England,0.505,7.473
1985,SON,North West England,0.494,10.538
1986,SON,North West England,0.603,10.161
1987,SON,North West England,0.485,11.043
1988,SON,North West England,0.681,12.849
1989,SON,North West England,0.524,10.796
1990,SON,North West England,0.583,11.871
1991,SON,North West England,0.395,7.667
1992,SON,North West England,0.559,11.527
1993,SON,North West England,0.619,11.366
1994,SON,North West England,0.433,6.591
1995,SON,North West England,0.576,11.774
1996,SON,North West England,0.394,6.215
1997,SON,North West England,0.497,10.882
1998,SON,North West England,0.521,11.215
1999,SON,North West England,0.395,6.312
2000,SON,North West England,0.528,12.430
2001,SON,North West England,0.558,7.462
2002,SON,North West England,0.335,9.323
2003,SON,North West England,0.560,13.742
2004,SON,North West England,0.557,13.129
2005,SON,North West England,0.522,12.462
2006,SON,North West England,0.556,19.968
2007,SON,North West England,0.374,8.108
2008,SON,North West England,0.417,7.914
2009,SON,North West England,0.487,10.581
2010,SON,North West England,0.536,11.000
2011,SON,North West England,0.397,8.753
2012,SON,North West England,0.504,8.204
2013,SON,North West England,0.521,11.774
2014,SON,North West England,0.352,11.613
2015,SON,North West England,0.320,5.441
2016,SON,North West England,0.332,7.731
2017,SON,North West England,0.500,8.538
2018,SON,North West England,0.405,9.989
2019,SON,North West England,0.447,6.505
2020,SON,North West England,0.541,9.269
2021,SON,North West England,0.492,7.226
2022,SON,North West England,0.442,15.591
2023,SON,North West England,0.423,9.215
2024,SON,North West England,0.345,6.043
2025,SON,North West England,0.386,15.204
2026,SON,North West England,0.452,6.559
2027,SON,North West England,0.356,12.000
2028,SON,North West England,0.463,8.656
2029,SON,North West England,0.524,9.839
2030,SON,North West England,0.531,16.344
2031,SON,North West England,0.398,9.419
2032,SON,North West England,0.445,6.720
2033,SON,North West England,0.483,9.581
2034,SON,North West England,0.510,14.011
2035,SON,North West England,0.536,10.602
2036,SON,North West England,0.515,8.581
2037,SON,North West England,0.411,8.935
2038,SON,North West England,0.430,10.710
2039,SON,North West England,0.312,9.290
2040,SON,North West England,0.606,11.774
2041,SON,North West England,0.270,6.118
2042,SON,North West England,0.643,13.387
2043,SON,North West England,0.450,13.247
2044,SON,North West England,0.512,12.602
2045,SON,North West England,0.489,9.032
2046,SON,North West England,0.508,6.828
2047,SON,North West England,0.458,7.914
2048,SON,North West England,0.413,8.505
2049,SON,North West England,0.580,13.667
2050,SON,North West England,0.455,9.376
2051,SON,North West England,0.464,9.387
2052,SON,North West England,0.457,7.602
2053,SON,North West England,0.489,9.677
2054,SON,North West England,0.491,9.269
2055,SON,North West England,0.365,7.258
2056,SON,North West England,0.500,16.409
2057,SON,North West England,0.611,9.581
2058,SON,North West England,0.377,7.430
2059,SON,North West England,0.456,8.602
2060,SON,North West England,0.405,7.269
2061,SON,North West England,0.457,6.720
2062,SON,North West England,0.269,5.086
2063,SON,North West England,0.436,8.280
2064,SON,North West England,0.572,11.774
2065,SON,North West England,0.356,8.806
2066,SON,North West England,0.512,7.151
2067,SON,North West England,0.493,9.495
2068,SON,North West England,0.492,11.538
2069,SON,North West England,0.511,13.505
2070,SON,North West England,0.377,6.796
2071,SON,North West England,0.445,11.505
2072,SON,North West England,0.510,9.376
2073,SON,North West England,0.378,7.570
2074,SON,North West England,0.623,12.581
2075,SON,North West England,0.381,9.043
2076,SON,North West England,0.432,11.344
2077,SON,North West England,0.326,5.645
2078,SON,North West England,0.407,7.043
2079,SON,North West England,0.405,9.978
2080,SON,North West England,0.460,6.817
1981,SON,South East England,0.306,6.661
1982,SON,South East England,0.377,8.212
1983,SON,South East England,0.368,7.881
1984,SON,South East England,0.317,4.263
1985,SON,South East England,0.339,6.780
1986,SON,South East England,0.345,5.203
1987,SON,South East England,0.415,5.636
1988,SON,South East England,0.472,7.153
1989,SON,South East England,0.387,8.458
1990,SON,South East England,0.311,6.025
1991,SON,South East England,0.189,2.703
1992,SON,South East England,0.372,5.178
1993,SON,South East England,0.458,8.788
1994,SON,South East England,0.273,5.441
1995,SON,South East England,0.398,7.780
1996,SON,South East England,0.240,4.763
1997,SON,South East England,0.328,4.636
1998,SON,South East England,0.276,4.661
1999,SON,South East England,0.346,8.246
2000,SON,South East England,0.397,7.729
2001,SON,South East England,0.381,4.856
2002,SON,South East England,0.302,7.746
2003,SON,South East England,0.469,8.051
2004,SON,South East England,0.304,5.042
2005,SON,South East England,0.362,4.331
2006,SON,South East England,0.415,5.534
2007,SON,South East England,0.214,4.314
2008,SON,South East England,0.302,6.737
2009,SON,South East England,0.242,3.322
2010,SON,South East England,0.293,6.305
2011,SON,South East England,0.255,5.441
2012,SON,South East England,0.256,5.686
2013,SON,South East England,0.306,6.407
2014,SON,South East England,0.276,5.246
2015,SON,South East England,0.211,6.085
2016,SON,South East England,0.322,6.466
2017,SON,South East England,0.304,5.161
2018,SON,South East England,0.249,5.144
2019,SON,South East England,0.266,5.068
2020,SON,South East England,0.306,5.686
2021,SON,South East England,0.241,5.534
2022,SON,South East England,0.305,3.890
2023,SON,South East England,0.317,8.941
2024,SON,South East England,0.187,5.975
2025,SON,South East England,0.215,3.703
2026,SON,South East England,0.252,4.271
2027,SON,South East England,0.286,4.000
2028,SON,South East England,0.243,4.178
2029,SON,South East England,0.309,6.839
2030,SON,South East England,0.294,8.525
2031,SON,South East England,0.248,5.271
2032,SON,South East England,0.381,5.398
2033,SON,South East England,0.281,7.475
2034,SON,South East England,0.357,5.890
2035,SON,South East England,0.370,4.847
2036,SON,South East England,0.285,5.525
2037,SON,South East England,0.369,4.890
2038,SON,South East England,0.319,5.644
2039,SON,South East England,0.175,4.915
2040,SON,South East England,0.279,5.161
2041,SON,South East England,0.195,3.924
2042,SON,South East England,0.401,5.441
2043,SON,South East England,0.234,3.958
2044,SON,South East England,0.244,5.610
2045,SON,South East England,0.239,3.831
2046,SON,South East England,0.351,5.576
2047,SON,South East England,0.211,3.068
2048,SON,South East England,0.245,4.890
2049,SON,South East England,0.331,7.729
2050,SON,South East England,0.273,4.280
2051,SON,South East England,0.325,6.161
2052,SON,South East England,0.290,5.305
2053,SON,South East England,0.253,4.186
2054,SON,South East England,0.264,5.254
2055,SON,South East England,0.222,5.127
2056,SON,South East England,0.242,3.720
2057,SON,South East England,0.330,5.229
2058,SON,South East England,0.296,5.076
2059,SON,South East England,0.246,3.983
2060,SON,South East England,0.187,3.746
2061,SON,South East England,0.187,3.212
2062,SON,South East England,0.137,3.627
2063,SON,South East England,0.201,3.203
2064,SON,South East England,0.241,5.517
2065,SON,South East England,0.212,3.593
2066,SON,South East England,0.324,4.737
2067,SON,South East England,0.283,4.678
2068,SON,South East England,0.301,4.356
2069,SON,South East England,0.254,5.814
2070,SON,South East England,0.268,5.102
2071,SON,South East England,0.372,7.085
2072,SON,South East England,0.241,3.949
2073,SON,South East England,0.256,4.051
2074,SON,South East England,0.322,4.042
2075,SON,South East England,0.207,4.331
2076,SON,South East England,0.283,4.771
2077,SON,South East England,0.249,6.839
2078,SON,South East England,0.220,6.212
2079,SON,South East England,0.200,4.347
2080,SON,South East England,0.222,2.924
1981,SON,South West England,0.292,5.551
1982,SON,South West England,0.415,8.923
1983,SON,South West England,0.345,10.378
1984,SON,South West England,0.375,5.224
1985,SON,South West England,0.385,8.013
1986,SON,South West England,0.407,5.167
1987,SON,South West England,0.402,7.263
1988,SON,South West England,0.539,8.224
1989,SON,South West England,0.454,10.218
1990,SON,South West England,0.383,8.423
1991,SON,South West England,0.233,2.840
1992,SON,South West England,0.432,6.244
1993,SON,South West England,0.504,11.308
1994,SON,South West England,0.326,8.821
1995,SON,South West England,0.431,6.622
1996,SON,South West England,0.278,4.436
1997,SON,South West England,0.353,6.224
1998,SON,South West England,0.364,5.115
1999,SON,South West England,0.350,7.308
2000,SON,South West England,0.453,9.250
2001,SON,South West England,0.443,5.353
2002,SON,South West England,0.335,6.821
2003,SON,South West England,0.525,10.455
2004,SON,South West England,0.402,8.333
2005,SON,South West England,0.421,6.974
2006,SON,South West England,0.510,8.718
2007,SON,South West England,0.247,5.385
2008,SON,South West England,0.346,9.179
2009,SON,South West England,0.289,4.654
2010,SON,South West England,0.361,6.731
2011,SON,South West England,0.310,4.949
2012,SON,South West England,0.321,6.731
2013,SON,South West England,0.410,8.429
2014,SON,South West England,0.259,7.410
2015,SON,South West England,0.259,4.846
2016,SON,South West England,0.334,6.558
2017,SON,South West England,0.343,5.532
2018,SON,South West England,0.300,8.936
2019,SON,South West England,0.338,5.538
2020,SON,South West England,0.352,5.859
2021,SON,South West England,0.297,5.558
2022,SON,South West England,0.339,5.788
2023,SON,South West England,0.324,7.885
2024,SON,South West England,0.198,6.564
2025,SON,South West England,0.278,4.571
2026,SON,South West England,0.291,4.660
2027,SON,South West England,0.304,5.647
2028,SON,South West England,0.294,6.263
2029,SON,South West England,0.335,6.449
2030,SON,South West England,0.378,10.468
2031,SON,South West England,0.241,4.385
2032,SON,South West England,0.423,5.929
2033,SON,South West England,0.324,5.756
2034,SON,South West England,0.394,6.609
2035,SON,South West England,0.393,5.981
2036,SON,South West England,0.346,5.558
2037,SON,South West England,0.376,5.654
2038,SON,South West England,0.357,7.487
2039,SON,South West England,0.224,6.865
2040,SON,South West England,0.363,5.654
2041,SON,South West England,0.206,4.115
2042,SON,South West England,0.470,8.154
2043,SON,South West England,0.306,5.673
2044,SON,South West England,0.316,5.436
2045,SON,South West England,0.296,4.756
2046,SON,South West England,0.362,6.019
2047,SON,South West England,0.269,5.372
2048,SON,South West England,0.256,6.109
2049,SON,South West England,0.390,6.494
2050,SON,South West England,0.316,5.269
2051,SON,South West England,0.349,6.058
2052,SON,South West England,0.323,6.500
2053,SON,South West England,0.305,5.295
2054,SON,South West England,0.324,6.686
2055,SON,South West England,0.209,5.173
2056,SON,South West England,0.317,6.987
2057,SON,South West England,0.366,5.417
2058,SON,South West England,0.300,5.179
2059,SON,South West England,0.274,4.410
2060,SON,South West England,0.218,4.250
2061,SON,South West England,0.270,4.487
2062,SON,South West England,0.140,3.891
2063,SON,South West England,0.275,3.404
2064,SON,South West England,0.321,6.462
2065,SON,South West England,0.218,4.244
2066,SON,South West England,0.374,4.551
2067,SON,South West England,0.331,5.474
2068,SON,South West England,0.342,6.090
2069,SON,South West England,0.289,6.481
2070,SON,South West England,0.266,4.724
2071,SON,South West England,0.389,7.519
2072,SON,South West England,0.294,4.724
2073,SON,South West England,0.279,4.455
2074,SON,South West England,0.399,4.782
2075,SON,South West England,0.267,4.628
2076,SON,South West England,0.340,5.987
2077,SON,South West England,0.273,6.397
2078,SON,South West England,0.243,5.244
2079,SON,South West England,0.223,3.596
2080,SON,South West England,0.272,3.333
1981,SON,West Midlands,0.309,6.558
1982,SON,West Midlands,0.396,6.640
1983,SON,West Midlands,0.319,6.814
1984,SON,West Midlands,0.340,4.988
1985,SON,West Midlands,0.317,5.047
1986,SON,West Midlands,0.417,6.779
1987,SON,West Midlands,0.409,5.174
1988,SON,West Midlands,0.498,7.512
1989,SON,West Midlands,0.434,9.116
1990,SON,West Midlands,0.329,6.267
1991,SON,West Midlands,0.227,2.674
1992,SON,West Midlands,0.447,6.058
1993,SON,West Midlands,0.493,9.128
1994,SON,West Midlands,0.259,5.035
1995,SON,West Midlands,0.417,6.884
1996,SON,West Midlands,0.292,4.384
1997,SON,West Midlands,0.317,5.291
1998,SON,West Midlands,0.322,5.849
1999,SON,West Midlands,0.349,5.442
2000,SON,West Midlands,0.412,9.140
2001,SON,West Midlands,0.444,6.128
2002,SON,West Midlands,0.319,6.756
2003,SON,West Midlands,0.466,9.500
2004,SON,West Midlands,0.357,5.407
2005,SON,West Midlands,0.381,4.384
2006,SON,West Midlands,0.451,7.698
2007,SON,West Midlands,0.253,4.081
2008,SON,West Midlands,0.311,5.988
2009,SON,West Midlands,0.223,3.314
2010,SON,West Midlands,0.343,5.686
2011,SON,West Midlands,0.325,5.012
2012,SON,West Midlands,0.320,5.070
2013,SON,West Midlands,0.435,8.012
2014,SON,West Midlands,0.282,6.814
2015,SON,West Midlands,0.237,4.767
2016,SON,West Midlands,0.289,5.814
2017,SON,West Midlands,0.339,5.023
2018,SON,West Midlands,0.308,4.000
2019,SON,West Midlands,0.352,7.000
2020,SON,West Midlands,0.342,4.093
2021,SON,West Midlands,0.278,5.744
2022,SON,West Midlands,0.309,4.814
2023,SON,West Midlands,0.364,9.872
2024,SON,West Midlands,0.226,8.081
2025,SON,West Midlands,0.258,5.663
2026,SON,West Midlands,0.266,4.047
2027,SON,West Midlands,0.255,4.128
2028,SON,West Midlands,0.284,4.151
2029,SON,West Midlands,0.363,6.360
2030,SON,West Midlands,0.356,9.965
2031,SON,West Midlands,0.285,5.512
2032,SON,West Midlands,0.406,5.756
2033,SON,West Midlands,0.302,6.965
2034,SON,West Midlands,0.392,6.105
2035,SON,West Midlands,0.395,5.791
2036,SON,West Midlands,0.320,5.535
2037,SON,West Midlands,0.361,6.000
2038,SON,West Midlands,0.278,4.151
2039,SON,West Midlands,0.183,4.686
2040,SON,West Midlands,0.327,5.605
2041,SON,West Midlands,0.193,3.767
2042,SON,West Midlands,0.399,5.570
2043,SON,West Midlands,0.269,4.105
2044,SON,West Midlands,0.301,4.791
2045,SON,West Midlands,0.308,5.000
2046,SON,West Midlands,0.341,3.686
2047,SON,West Midlands,0.229,5.453
2048,SON,West Midlands,0.255,6.233
2049,SON,West Midlands,0.384,6.651
2050,SON,West Midlands,0.301,4.581
2051,SON,West Midlands,0.315,5.326
2052,SON,West Midlands,0.327,5.605
2053,SON,West Midlands,0.308,5.965
2054,SON,West Midlands,0.281,4.849
2055,SON,West Midlands,0.217,4.477
2056,SON,West Midlands,0.309,5.256
2057,SON,West Midlands,0.374,5.372
2058,SON,West Midlands,0.307,5.151
2059,SON,West Midlands,0.271,4.116
2060,SON,West Midlands,0.203,3.547
2061,SON,West Midlands,0.230,3.512
2062,SON,West Midlands,0.149,3.535
2063,SON,West Midlands,0.242,3.372
2064,SON,West Midlands,0.286,4.802
2065,SON,West Midlands,0.246,5.372
2066,SON,West Midlands,0.353,4.151
2067,SON,West Midlands,0.283,5.151
2068,SON,West Midlands,0.293,4.128
2069,SON,West Midlands,0.288,6.523
2070,SON,West Midlands,0.277,5.244
2071,SON,West Midlands,0.378,7.547
2072,SON,West Midlands,0.282,4.977
2073,SON,West Midlands,0.221,3.233
2074,SON,West Midlands,0.357,3.721
2075,SON,West Midlands,0.262,3.814
2076,SON,West Midlands,0.326,6.372
2077,SON,West Midlands,0.242,5.756
2078,SON,West Midlands,0.267,5.151
2079,SON,West Midlands,0.205,3.105
2080,SON,West Midlands,0.244,3.709
1981,SON,West Scotland,0.537,9.530
1982,SON,West Scotland,0.536,11.288
1983,SON,West Scotland,0.415,11.500
1984,SON,West Scotland,0.532,8.561
1985,SON,West Scotland,0.545,11.091
1986,SON,West Scotland,0.607,9.356
1987,SON,West Scotland,0.479,12.530
1988,SON,West Scotland,0.685,14.864
1989,SON,West Scotland,0.573,12.833
1990,SON,West Scotland,0.634,11.568
1991,SON,West Scotland,0.418,7.750
1992,SON,West Scotland,0.634,11.379
1993,SON,West Scotland,0.689,12.621
1994,SON,West Scotland,0.503,7.273
1995,SON,West Scotland,0.595,13.000
1996,SON,West Scotland,0.500,10.152
1997,SON,West Scotland,0.549,14.674
1998,SON,West Scotland,0.579,10.818
1999,SON,West Scotland,0.424,8.348
2000,SON,West Scotland,0.578,10.780
2001,SON,West Scotland,0.572,9.197
2002,SON,West Scotland,0.401,9.045
2003,SON,West Scotland,0.518,10.038
2004,SON,West Scotland,0.648,22.682
2005,SON,West Scotland,0.570,20.326
2006,SON,West Scotland,0.589,16.886
2007,SON,West Scotland,0.433,10.788
2008,SON,West Scotland,0.491,8.136
2009,SON,West Scotland,0.582,17.606
2010,SON,West Scotland,0.662,14.477
2011,SON,West Scotland,0.437,9.568
2012,SON,West Scotland,0.545,8.674
2013,SON,West Scotland,0.528,12.447
2014,SON,West Scotland,0.397,9.780
2015,SON,West Scotland,0.406,7.068
2016,SON,West Scotland,0.392,7.311
2017,SON,West Scotland,0.520,8.689
2018,SON,West Scotland,0.491,15.348
2019,SON,West Scotland,0.531,7.106
2020,SON,West Scotland,0.575,10.568
2021,SON,West Scotland,0.526,9.788
2022,SON,West Scotland,0.513,14.121
2023,SON,West Scotland,0.465,7.697
2024,SON,West Scotland,0.436,8.273
2025,SON,West Scotland,0.496,13.970
2026,SON,West Scotland,0.582,8.962
2027,SON,West Scotland,0.467,15.477
2028,SON,West Scotland,0.504,7.364
2029,SON,West Scotland,0.592,10.061
2030,SON,West Scotland,0.585,14.924
2031,SON,West Scotland,0.471,10.280
2032,SON,West Scotland,0.489,8.682
2033,SON,West Scotland,0.543,9.583
2034,SON,West Scotland,0.520,20.182
2035,SON,West Scotland,0.511,10.924
2036,SON,West Scotland,0.542,11.841
2037,SON,West Scotland,0.462,9.364
2038,SON,West Scotland,0.524,12.000
2039,SON,West Scotland,0.412,8.439
2040,SON,West Scotland,0.645,12.129
2041,SON,West Scotland,0.328,5.667
2042,SON,West Scotland,0.697,14.773
2043,SON,West Scotland,0.544,15.773
2044,SON,West Scotland,0.613,15.030
2045,SON,West Scotland,0.555,10.697
2046,SON,West Scotland,0.635,10.136
2047,SON,West Scotland,0.555,10.515
2048,SON,West Scotland,0.523,11.523
2049,SON,West Scotland,0.650,12.129
2050,SON,West Scotland,0.529,11.795
2051,SON,West Scotland,0.548,12.659
2052,SON,West Scotland,0.459,6.553
2053,SON,West Scotland,0.539,8.583
2054,SON,West Scotland,0.531,9.311
2055,SON,West Scotland,0.473,8.129
2056,SON,West Scotland,0.550,18.705
2057,SON,West Scotland,0.687,12.030
2058,SON,West Scotland,0.473,8.614
2059,SON,West Scotland,0.560,11.788
2060,SON,West Scotland,0.456,9.545
2061,SON,West Scotland,0.585,9.530
2062,SON,West Scotland,0.364,8.242
2063,SON,West Scotland,0.532,12.144
2064,SON,West Scotland,0.670,9.591
2065,SON,West Scotland,0.439,8.462
2066,SON,West Scotland,0.541,8.083
2067,SON,West Scotland,0.559,9.712
2068,SON,West Scotland,0.555,12.576
2069,SON,West Scotland,0.590,16.727
2070,SON,West Scotland,0.451,10.273
2071,SON,West Scotland,0.475,10.780
2072,SON,West Scotland,0.554,15.258
2073,SON,West Scotland,0.476,9.545
2074,SON,West Scotland,0.710,15.955
2075,SON,West Scotland,0.475,7.265
2076,SON,West Scotland,0.506,11.129
2077,SON,West Scotland,0.395,7.356
2078,SON,West Scotland,0.517,8.788
2079,SON,West Scotland,0.521,13.917
2080,SON,West Scotland,0.565,6.621
1981,SON,Yorkshire and Humber,0.439,8.891
1982,SON,Yorkshire and Humber,0.375,6.713
1983,SON,Yorkshire and Humber,0.358,7.356
1984,SON,Yorkshire and Humber,0.401,6.554
1985,SON,Yorkshire and Humber,0.391,7.337
1986,SON,Yorkshire and Humber,0.423,6.277
1987,SON,Yorkshire and Humber,0.461,7.584
1988,SON,Yorkshire and Humber,0.466,6.782
1989,SON,Yorkshire and Humber,0.457,7.604
1990,SON,Yorkshire and Humber,0.378,6.713
1991,SON,Yorkshire and Humber,0.269,4.436
1992,SON,Yorkshire and Humber,0.460,6.634
1993,SON,Yorkshire and Humber,0.493,9.347
1994,SON,Yorkshire and Humber,0.277,4.970
1995,SON,Yorkshire and Humber,0.470,7.396
1996,SON,Yorkshire and Humber,0.306,5.356
1997,SON,Yorkshire and Humber,0.376,6.446
1998,SON,Yorkshire and Humber,0.326,5.505
1999,SON,Yorkshire and Humber,0.355,6.139
2000,SON,Yorkshire and Humber,0.421,8.376
2001,SON,Yorkshire and Humber,0.440,6.020
2002,SON,Yorkshire and Humber,0.288,4.673
2003,SON,Yorkshire and Humber,0.507,8.267
2004,SON,Yorkshire and Humber,0.373,5.752
2005,SON,Yorkshire and Humber,0.434,7.337
2006,SON,Yorkshire and Humber,0.479,11.970
2007,SON,Yorkshire and Humber,0.284,5.218
2008,SON,Yorkshire and Humber,0.317,7.406
2009,SON,Yorkshire and Humber,0.318,5.139
2010,SON,Yorkshire and Humber,0.418,6.317
2011,SON,Yorkshire and Humber,0.366,7.208
2012,SON,Yorkshire and Humber,0.365,5.099
2013,SON,Yorkshire and Humber,0.463,7.178
2014,SON,Yorkshire and Humber,0.302,5.564
2015,SON,Yorkshire and Humber,0.259,4.376
2016,SON,Yorkshire and Humber,0.360,6.545
2017,SON,Yorkshire and Humber,0.393,5.079
2018,SON,Yorkshire and Humber,0.336,4.515
2019,SON,Yorkshire and Humber,0.342,7.238
2020,SON,Yorkshire and Humber,0.408,5.347
2021,SON,Yorkshire and Humber,0.329,6.465
2022,SON,Yorkshire and Humber,0.316,6.386
2023,SON,Yorkshire and Humber,0.330,7.277
2024,SON,Yorkshire and Humber,0.289,5.772
2025,SON,Yorkshire and Humber,0.299,5.040
2026,SON,Yorkshire and Humber,0.302,4.356
2027,SON,Yorkshire and Humber,0.324,4.426
2028,SON,Yorkshire and Humber,0.320,5.238
2029,SON,Yorkshire and Humber,0.364,5.673
2030,SON,Yorkshire and Humber,0.341,9.505
2031,SON,Yorkshire and Humber,0.323,5.604
2032,SON,Yorkshire and Humber,0.409,5.644
2033,SON,Yorkshire and Humber,0.284,5.089
2034,SON,Yorkshire and Humber,0.426,7.782
2035,SON,Yorkshire and Humber,0.448,6.822
2036,SON,Yorkshire and Humber,0.354,6.535
2037,SON,Yorkshire and Humber,0.367,7.455
2038,SON,Yorkshire and Humber,0.264,6.911
2039,SON,Yorkshire and Humber,0.215,4.574
2040,SON,Yorkshire and Humber,0.377,5.812
2041,SON,Yorkshire and Humber,0.230,4.416
2042,SON,Yorkshire and Humber,0.408,6.861
2043,SON,Yorkshire and Humber,0.324,6.515
2044,SON,Yorkshire and Humber,0.335,5.525
2045,SON,Yorkshire and Humber,0.332,5.267
2046,SON,Yorkshire and Humber,0.350,4.396
2047,SON,Yorkshire and Humber,0.311,5.386
2048,SON,Yorkshire and Humber,0.263,5.446
2049,SON,Yorkshire and Humber,0.391,7.079
2050,SON,Yorkshire and Humber,0.337,7.782
2051,SON,Yorkshire and Humber,0.331,6.891
2052,SON,Yorkshire and Humber,0.308,6.703
2053,SON,Yorkshire and Humber,0.351,6.752
2054,SON,Yorkshire and Humber,0.324,5.713
2055,SON,Yorkshire and Humber,0.264,4.921
2056,SON,Yorkshire and Humber,0.322,7.366
2057,SON,Yorkshire and Humber,0.438,5.881
2058,SON,Yorkshire and Humber,0.293,5.010
2059,SON,Yorkshire and Humber,0.320,4.327
2060,SON,Yorkshire and Humber,0.240,3.713
2061,SON,Yorkshire and Humber,0.301,4.139
2062,SON,Yorkshire and Humber,0.184,3.208
2063,SON,Yorkshire and Humber,0.266,4.802
2064,SON,Yorkshire and Humber,0.338,5.614
2065,SON,Yorkshire and Humber,0.248,4.198
2066,SON,Yorkshire and Humber,0.395,6.505
2067,SON,Yorkshire and Humber,0.324,5.010
2068,SON,Yorkshire and Humber,0.318,5.317
2069,SON,Yorkshire and Humber,0.319,8.099
2070,SON,Yorkshire and Humber,0.305,5.653
2071,SON,Yorkshire and Humber,0.333,5.921
2072,SON,Yorkshire and Humber,0.337,6.218
2073,SON,Yorkshire and Humber,0.257,4.851
2074,SON,Yorkshire and Humber,0.377,5.495
2075,SON,Yorkshire and Humber,0.294,3.931
2076,SON,Yorkshire and Humber,0.305,6.802
2077,SON,Yorkshire and Humber,0.254,6.109
2078,SON,Yorkshire and Humber,0.258,5.604
2079,SON,Yorkshire and Humber,0.256,4.406
2080,SON,Yorkshire and Humber,0.283,4.634
1981,SON,Channel Islands,0.256,4.000
1982,SON,Channel Islands,0.339,5.000
1983,SON,Channel Islands,0.350,5.000
1984,SON,Channel Islands,0.339,5.500
1985,SON,Channel Islands,0.289,5.500
1986,SON,Channel Islands,0.378,4.000
1987,SON,Channel Islands,0.400,8.000
1988,SON,Channel Islands,0.489,6.000
1989,SON,Channel Islands,0.344,6.000
1990,SON,Channel Islands,0.339,10.500
1991,SON,Channel Islands,0.178,3.500
1992,SON,Channel Islands,0.400,9.000
1993,SON,Channel Islands,0.417,5.000
1994,SON,Channel Islands,0.261,4.000
1995,SON,Channel Islands,0.400,9.000
1996,SON,Channel Islands,0.228,3.500
1997,SON,Channel Islands,0.256,4.000
1998,SON,Channel Islands,0.267,5.000
1999,SON,Channel Islands,0.339,6.000
2000,SON,Channel Islands,0.483,16.000
2001,SON,Channel Islands,0.411,5.000
2002,SON,Channel Islands,0.372,5.000
2003,SON,Channel Islands,0.511,8.000
2004,SON,Channel Islands,0.361,7.500
2005,SON,Channel Islands,0.356,5.000
2006,SON,Channel Islands,0.467,9.000
2007,SON,Channel Islands,0.244,4.000
2008,SON,Channel Islands,0.333,6.000
2009,SON,Channel Islands,0.267,5.500
2010,SON,Channel Islands,0.256,4.000
2011,SON,Channel Islands,0.228,3.000
2012,SON,Channel Islands,0.261,7.000
2013,SON,Channel Islands,0.289,7.000
2014,SON,Channel Islands,0.289,6.500
2015,SON,Channel Islands,0.239,6.000
2016,SON,Channel Islands,0.333,7.000
2017,SON,Channel Islands,0.378,7.000
2018,SON,Channel Islands,0.289,4.500
2019,SON,Channel Islands,0.267,4.500
2020,SON,Channel Islands,0.333,4.500
2021,SON,Channel Islands,0.283,4.500
2022,SON,Channel Islands,0.317,4.000
2023,SON,Channel Islands,0.322,5.000
2024,SON,Channel Islands,0.150,7.500
2025,SON,Channel Islands,0.189,4.000
2026,SON,Channel Islands,0.306,5.500
2027,SON,Channel Islands,0.283,6.000
2028,SON,Channel Islands,0.244,4.500
2029,SON,Channel Islands,0.294,5.000
2030,SON,Channel Islands,0.333,8.000
2031,SON,Channel Islands,0.239,4.000
2032,SON,Channel Islands,0.444,5.500
2033,SON,Channel Islands,0.328,11.000
2034,SON,Channel Islands,0.328,6.000
2035,SON,Channel Islands,0.411,4.500
2036,SON,Channel Islands,0.317,7.500
2037,SON,Channel Islands,0.322,3.000
2038,SON,Channel Islands,0.283,7.000
2039,SON,Channel Islands,0.206,4.500
2040,SON,Channel Islands,0.372,5.500
2041,SON,Channel Islands,0.161,3.000
2042,SON,Channel Islands,0.461,15.000
2043,SON,Channel Islands,0.211,6.000
2044,SON,Channel Islands,0.217,4.000
2045,SON,Channel Islands,0.267,4.500
2046,SON,Channel Islands,0.394,4.000
2047,SON,Channel Islands,0.267,7.500
2048,SON,Channel Islands,0.211,5.000
2049,SON,Channel Islands,0.306,5.500
2050,SON,Channel Islands,0.233,5.000
2051,SON,Channel Islands,0.344,7.500
2052,SON,Channel Islands,0.256,3.000
2053,SON,Channel Islands,0.244,4.000
2054,SON,Channel Islands,0.272,7.000
2055,SON,Channel Islands,0.139,5.000
2056,SON,Channel Islands,0.200,5.000
2057,SON,Channel Islands,0.283,3.500
2058,SON,Channel Islands,0.311,6.000
2059,SON,Channel Islands,0.272,5.000
2060,SON,Channel Islands,0.239,3.000
2061,SON,Channel Islands,0.206,7.000
2062,SON,Channel Islands,0.122,3.500
2063,SON,Channel Islands,0.222,4.000
2064,SON,Channel Islands,0.267,5.000
2065,SON,Channel Islands,0.161,2.000
2066,SON,Channel Islands,0.300,3.000
2067,SON,Channel Islands,0.311,4.000
2068,SON,Channel Islands,0.361,6.000
2069,SON,Channel Islands,0.261,4.500
2070,SON,Channel Islands,0.289,4.000
2071,SON,Channel Islands,0.361,8.000
2072,SON,Channel Islands,0.267,4.500
2073,SON,Channel Islands,0.244,3.500
2074,SON,Channel Islands,0.306,2.500
2075,SON,Channel Islands,0.206,4.000
2076,SON,Channel Islands,0.239,4.000
2077,SON,Channel Islands,0.228,5.000
2078,SON,Channel Islands,0.228,4.500
2079,SON,Channel Islands,0.222,4.000
2080,SON,Channel Islands,0.200,4.000
1981,SON,Isle of Man,0.400,5.000
1982,SON,Isle of Man,0.500,9.000
1983,SON,Isle of Man,0.400,6.333
1984,SON,Isle of Man,0.485,7.000
1985,SON,Isle of Man,0.415,9.000
1986,SON,Isle of Man,0.533,8.000
1987,SON,Isle of Man,0.441,6.000
1988,SON,Isle of Man,0.548,9.667
1989,SON,Isle of Man,0.441,8.667
1990,SON,Isle of Man,0.544,7.333
1991,SON,Isle of Man,0.359,4.667
1992,SON,Isle of Man,0.567,7.333
1993,SON,Isle of Man,0.615,11.000
1994,SON,Isle of Man,0.396,7.000
1995,SON,Isle of Man,0.593,10.000
1996,SON,Isle of Man,0.430,7.000
1997,SON,Isle of Man,0.463,8.667
1998,SON,Isle of Man,0.478,7.000
1999,SON,Isle of Man,0.363,6.667
2000,SON,Isle of Man,0.570,9.000
2001,SON,Isle of Man,0.593,12.000
2002,SON,Isle of Man,0.385,6.333
2003,SON,Isle of Man,0.481,5.667
2004,SON,Isle of Man,0.533,10.667
2005,SON,Isle of Man,0.552,11.667
2006,SON,Isle of Man,0.515,7.000
2007,SON,Isle of Man,0.304,4.667
2008,SON,Isle of Man,0.378,5.333
2009,SON,Isle of Man,0.419,7.333
2010,SON,Isle of Man,0.552,13.000
2011,SON,Isle of Man,0.422,8.333
2012,SON,Isle of Man,0.459,8.000
2013,SON,Isle of Man,0.541,8.667
2014,SON,Isle of Man,0.352,6.667
2015,SON,Isle of Man,0.359,8.000
2016,SON,Isle of Man,0.370,6.000
2017,SON,Isle of Man,0.411,6.667
2018,SON,Isle of Man,0.396,6.667
2019,SON,Isle of Man,0.381,6.000
2020,SON,Isle of Man,0.437,7.000
2021,SON,Isle of Man,0.470,5.000
2022,SON,Isle of Man,0.415,13.000
2023,SON,Isle of Man,0.463,8.000
2024,SON,Isle of Man,0.311,9.000
2025,SON,Isle of Man,0.467,6.333
2026,SON,Isle of Man,0.415,6.333
2027,SON,Isle of Man,0.304,8.333
2028,SON,Isle of Man,0.407,8.000
2029,SON,Isle of Man,0.467,4.667
2030,SON,Isle of Man,0.485,10.000
2031,SON,Isle of Man,0.393,9.000
2032,SON,Isle of Man,0.415,9.000
2033,SON,Isle of Man,0.448,5.667
2034,SON,Isle of Man,0.467,6.000
2035,SON,Isle of Man,0.411,7.000
2036,SON,Isle of Man,0.463,5.000
2037,SON,Isle of Man,0.481,7.000
2038,SON,Isle of Man,0.378,4.667
2039,SON,Isle of Man,0.370,9.333
2040,SON,Isle of Man,0.574,7.000
2041,SON,Isle of Man,0.274,4.333
2042,SON,Isle of Man,0.478,4.667
2043,SON,Isle of Man,0.430,10.000
2044,SON,Isle of Man,0.522,8.000
2045,SON,Isle of Man,0.463,7.000
2046,SON,Isle of Man,0.537,6.000
2047,SON,Isle of Man,0.452,8.333
2048,SON,Isle of Man,0.389,5.333
2049,SON,Isle of Man,0.493,5.000
2050,SON,Isle of Man,0.419,7.000
2051,SON,Isle of Man,0.444,6.667
2052,SON,Isle of Man,0.444,8.000
2053,SON,Isle of Man,0.381,5.000
2054,SON,Isle of Man,0.474,8.333
2055,SON,Isle of Man,0.363,4.000
2056,SON,Isle of Man,0.422,6.000
2057,SON,Isle of Man,0.574,6.000
2058,SON,Isle of Man,0.311,6.000
2059,SON,Isle of Man,0.467,10.333
2060,SON,Isle of Man,0.307,4.333
2061,SON,Isle of Man,0.415,5.667
2062,SON,Isle of Man,0.270,4.000
2063,SON,Isle of Man,0.400,5.000
2064,SON,Isle of Man,0.444,6.667
2065,SON,Isle of Man,0.348,7.333
2066,SON,Isle of Man,0.389,5.333
2067,SON,Isle of Man,0.396,7.000
2068,SON,Isle of Man,0.385,6.000
2069,SON,Isle of Man,0.452,7.000
2070,SON,Isle of Man,0.344,8.333
2071,SON,Isle of Man,0.430,7.333
2072,SON,Isle of Man,0.426,5.333
2073,SON,Isle of Man,0.337,7.000
2074,SON,Isle of Man,0.541,8.667
2075,SON,Isle of Man,0.363,5.000
2076,SON,Isle of Man,0.344,5.667
2077,SON,Isle of Man,0.293,5.667
2078,SON,Isle of Man,0.389,10.333
2079,SON,Isle of Man,0.363,5.000
2080,SON,Isle of Man,0.404,3.000
1981,SON,Northern Ireland,0.462,5.988
1982,SON,Northern Ireland,0.512,6.376
1983,SON,Northern Ireland,0.405,6.318
1984,SON,Northern Ireland,0.491,7.400
1985,SON,Northern Ireland,0.469,7.894
1986,SON,Northern Ireland,0.581,13.624
1987,SON,Northern Ireland,0.487,10.200
1988,SON,Northern Ireland,0.624,11.835
1989,SON,Northern Ireland,0.523,8.659
1990,SON,Northern Ireland,0.564,9.529
1991,SON,Northern Ireland,0.384,6.671
1992,SON,Northern Ireland,0.597,9.729
1993,SON,Northern Ireland,0.584,8.282
1994,SON,Northern Ireland,0.423,12.412
1995,SON,Northern Ireland,0.561,11.447
1996,SON,Northern Ireland,0.461,6.459
1997,SON,Northern Ireland,0.484,12.118
1998,SON,Northern Ireland,0.569,8.129
1999,SON,Northern Ireland,0.402,5.835
2000,SON,Northern Ireland,0.582,10.824
2001,SON,Northern Ireland,0.558,8.506
2002,SON,Northern Ireland,0.368,7.388
2003,SON,Northern Ireland,0.515,8.176
2004,SON,Northern Ireland,0.554,9.988
2005,SON,Northern Ireland,0.526,9.471
2006,SON,Northern Ireland,0.513,9.471
2007,SON,Northern Ireland,0.336,4.812
2008,SON,Northern Ireland,0.388,6.553
2009,SON,Northern Ireland,0.505,11.447
2010,SON,Northern Ireland,0.602,13.565
2011,SON,Northern Ireland,0.407,7.882
2012,SON,Northern Ireland,0.482,7.365
2013,SON,Northern Ireland,0.494,10.565
2014,SON,Northern Ireland,0.311,6.024
2015,SON,Northern Ireland,0.353,6.576
2016,SON,Northern Ireland,0.415,8.294
2017,SON,Northern Ireland,0.482,6.918
2018,SON,Northern Ireland,0.444,6.412
2019,SON,Northern Ireland,0.438,9.471
2020,SON,Northern Ireland,0.447,6.859
2021,SON,Northern Ireland,0.466,7.388
2022,SON,Northern Ireland,0.470,8.718
2023,SON,Northern Ireland,0.432,7.106
2024,SON,Northern Ireland,0.405,9.212
2025,SON,Northern Ireland,0.428,8.694
2026,SON,Northern Ireland,0.480,6.424
2027,SON,Northern Ireland,0.459,7.765
2028,SON,Northern Ireland,0.433,10.518
2029,SON,Northern Ireland,0.470,5.765
2030,SON,Northern Ireland,0.500,9.000
2031,SON,Northern Ireland,0.404,6.965
2032,SON,Northern Ireland,0.478,8.294
2033,SON,Northern Ireland,0.424,5.471
2034,SON,Northern Ireland,0.437,12.082
2035,SON,Northern Ireland,0.453,6.224
2036,SON,Northern Ireland,0.548,8.529
2037,SON,Northern Ireland,0.445,7.718
2038,SON,Northern Ireland,0.399,8.000
2039,SON,Northern Ireland,0.338,4.365
2040,SON,Northern Ireland,0.502,6.965
2041,SON,Northern Ireland,0.294,5.294
2042,SON,Northern Ireland,0.589,8.976
2043,SON,Northern Ireland,0.444,7.694
2044,SON,Northern Ireland,0.503,11.753
2045,SON,Northern Ireland,0.474,7.353
2046,SON,Northern Ireland,0.494,6.741
2047,SON,Northern Ireland,0.440,5.153
2048,SON,Northern Ireland,0.424,9.059
2049,SON,Northern Ireland,0.487,7.847
2050,SON,Northern Ireland,0.439,7.600
2051,SON,Northern Ireland,0.468,7.412
2052,SON,Northern Ireland,0.408,5.576
2053,SON,Northern Ireland,0.402,5.647
2054,SON,Northern Ireland,0.449,8.612
2055,SON,Northern Ireland,0.361,5.306
2056,SON,Northern Ireland,0.468,11.435
2057,SON,Northern Ireland,0.603,7.882
2058,SON,Northern Ireland,0.408,5.565
2059,SON,Northern Ireland,0.476,7.235
2060,SON,Northern Ireland,0.366,5.282
2061,SON,Northern Ireland,0.432,6.835
2062,SON,Northern Ireland,0.264,4.671
2063,SON,Northern Ireland,0.474,7.918
2064,SON,Northern Ireland,0.562,9.541
2065,SON,Northern Ireland,0.302,6.365
2066,SON,Northern Ireland,0.419,6.365
2067,SON,Northern Ireland,0.449,5.494
2068,SON,Northern Ireland,0.450,7.753
2069,SON,Northern Ireland,0.467,8.271
2070,SON,Northern Ireland,0.368,6.388
2071,SON,Northern Ireland,0.444,8.859
2072,SON,Northern Ireland,0.468,8.435
2073,SON,Northern Ireland,0.358,6.729
2074,SON,Northern Ireland,0.536,7.271
2075,SON,Northern Ireland,0.340,4.729
2076,SON,Northern Ireland,0.402,6.012
2077,SON,Northern Ireland,0.331,4.212
2078,SON,Northern Ireland,0.405,4.388
2079,SON,Northern Ireland,0.375,6.259
2080,SON,Northern Ireland,0.403,4.118
1981,SON,Wales,0.437,7.692
1982,SON,Wales,0.490,10.774
1983,SON,Wales,0.408,12.023
1984,SON,Wales,0.493,8.624
1985,SON,Wales,0.486,10.068
1986,SON,Wales,0.555,9.226
1987,SON,Wales,0.505,11.398
1988,SON,Wales,0.655,16.278
1989,SON,Wales,0.553,14.233
1990,SON,Wales,0.500,10.211
1991,SON,Wales,0.350,5.248
1992,SON,Wales,0.528,12.812
1993,SON,Wales,0.593,11.850
1994,SON,Wales,0.415,8.692
1995,SON,Wales,0.528,9.910
1996,SON,Wales,0.392,5.263
1997,SON,Wales,0.466,10.278
1998,SON,Wales,0.476,9.030
1999,SON,Wales,0.377,6.459
2000,SON,Wales,0.562,11.459
2001,SON,Wales,0.551,8.090
2002,SON,Wales,0.357,9.211
2003,SON,Wales,0.575,17.180
2004,SON,Wales,0.502,13.992
2005,SON,Wales,0.523,11.579
2006,SON,Wales,0.590,13.692
2007,SON,Wales,0.336,7.301
2008,SON,Wales,0.420,6.992
2009,SON,Wales,0.439,8.211
2010,SON,Wales,0.514,9.669
2011,SON,Wales,0.408,9.586
2012,SON,Wales,0.465,7.872
2013,SON,Wales,0.518,10.361
2014,SON,Wales,0.331,9.361
2015,SON,Wales,0.363,5.812
2016,SON,Wales,0.364,7.030
2017,SON,Wales,0.462,10.135
2018,SON,Wales,0.372,10.684
2019,SON,Wales,0.445,7.338
2020,SON,Wales,0.481,7.609
2021,SON,Wales,0.430,7.474
2022,SON,Wales,0.404,11.474
2023,SON,Wales,0.406,11.586
2024,SON,Wales,0.283,6.316
2025,SON,Wales,0.352,7.045
2026,SON,Wales,0.406,7.233
2027,SON,Wales,0.337,7.759
2028,SON,Wales,0.403,9.248
2029,SON,Wales,0.477,8.579
2030,SON,Wales,0.488,17.000
2031,SON,Wales,0.349,8.744
2032,SON,Wales,0.483,7.075
2033,SON,Wales,0.467,8.060
2034,SON,Wales,0.476,7.624
2035,SON,Wales,0.529,9.316
2036,SON,Wales,0.484,7.195
2037,SON,Wales,0.457,9.977
2038,SON,Wales,0.425,8.639
2039,SON,Wales,0.311,10.015
2040,SON,Wales,0.509,7.519
2041,SON,Wales,0.263,4.910
2042,SON,Wales,0.549,9.346
2043,SON,Wales,0.410,9.932
2044,SON,Wales,0.450,10.391
2045,SON,Wales,0.432,10.083
2046,SON,Wales,0.488,7.090
2047,SON,Wales,0.378,5.970
2048,SON,Wales,0.336,8.353
2049,SON,Wales,0.535,14.008
2050,SON,Wales,0.405,6.549
2051,SON,Wales,0.456,9.308
2052,SON,Wales,0.420,7.767
2053,SON,Wales,0.445,7.474
2054,SON,Wales,0.463,8.316
2055,SON,Wales,0.322,6.451
2056,SON,Wales,0.447,12.068
2057,SON,Wales,0.512,10.226
2058,SON,Wales,0.364,7.316
2059,SON,Wales,0.364,6.534
2060,SON,Wales,0.336,5.008
2061,SON,Wales,0.373,6.647
2062,SON,Wales,0.230,5.173
2063,SON,Wales,0.386,7.008
2064,SON,Wales,0.475,7.992
2065,SON,Wales,0.316,8.421
2066,SON,Wales,0.468,6.444
2067,SON,Wales,0.417,7.398
2068,SON,Wales,0.440,11.105
2069,SON,Wales,0.438,11.571
2070,SON,Wales,0.347,7.662
2071,SON,Wales,0.430,8.338
2072,SON,Wales,0.414,7.677
2073,SON,Wales,0.357,5.541
2074,SON,Wales,0.572,9.098
2075,SON,Wales,0.345,8.218
2076,SON,Wales,0.430,12.316
2077,SON,Wales,0.313,5.977
2078,SON,Wales,0.343,7.940
2079,SON,Wales,0.322,6.353
2080,SON,Wales,0.387,5.820
